snapshot_date,calibration_set_id,quality_metric_set_id,qubit,qubit_index,metric,value,unit,uncertainty,source_value,source_unit,source_uncertainty,source_dut_field,observation_id,observation_invalid,set_invalid,quality_set_created_timestamp,quality_set_end_timestamp,observation_created_timestamp,observation_modified_timestamp,source_filename,source_sha256
2026-09-05,81888b1e-7319-46e1-864d-9ad50ea93e94,17f12c3b-bca2-4b6c-8900-3e4d4a9ee44a,QB1,1,prx_error,0.14342324390922423,%,0.0041841660980934,0.9985657675609078,,4.1841660980934e-05,metrics.rb.prx.drag_crf_sx.QB1.fidelity:par=d2,25542024,False,False,2026-09-05T16:29:09.513375Z,2026-09-05T16:29:09.575682Z,2026-09-05T16:29:09.039147,2026-09-05T16:29:09.039147,2026-09-05_calibration_set_ID_81888b1e-7319-46e1-864d-9ad50ea93e94_quality_metrics.json,ccd7d31c8879fbce42850622fede2ccbb63598b3c58453f10f02ce05821c6c5f
2026-09-05,81888b1e-7319-46e1-864d-9ad50ea93e94,17f12c3b-bca2-4b6c-8900-3e4d4a9ee44a,QB1,1,t1,26.400510412022058,us,1.169219566476975,2.6400510412022057e-05,s,1.1692195664769748e-06,characterization.model.QB1.t1_time,25542072,False,False,2026-09-05T16:29:09.513375Z,2026-09-05T16:29:09.575682Z,2026-09-05T16:29:09.039147,2026-09-05T16:29:09.039147,2026-09-05_calibration_set_ID_81888b1e-7319-46e1-864d-9ad50ea93e94_quality_metrics.json,ccd7d31c8879fbce42850622fede2ccbb63598b3c58453f10f02ce05821c6c5f
2026-09-05,81888b1e-7319-46e1-864d-9ad50ea93e94,17f12c3b-bca2-4b6c-8900-3e4d4a9ee44a,QB1,1,t2_ramsey,7.472596555917744,us,0.49206688962665135,7.472596555917744e-06,s,4.920668896266514e-07,characterization.model.QB1.t2_time,25542103,False,False,2026-09-05T16:29:09.513375Z,2026-09-05T16:29:09.575682Z,2026-09-05T16:29:09.039147,2026-09-05T16:29:09.039147,2026-09-05_calibration_set_ID_81888b1e-7319-46e1-864d-9ad50ea93e94_quality_metrics.json,ccd7d31c8879fbce42850622fede2ccbb63598b3c58453f10f02ce05821c6c5f
2026-09-05,81888b1e-7319-46e1-864d-9ad50ea93e94,17f12c3b-bca2-4b6c-8900-3e4d4a9ee44a,QB1,1,t2_echo,16.083933781360077,us,1.2326800706174048,1.6083933781360078e-05,s,1.2326800706174048e-06,characterization.model.QB1.t2_echo_time,25542083,False,False,2026-09-05T16:29:09.513375Z,2026-09-05T16:29:09.575682Z,2026-09-05T16:29:09.039147,2026-09-05T16:29:09.039147,2026-09-05_calibration_set_ID_81888b1e-7319-46e1-864d-9ad50ea93e94_quality_metrics.json,ccd7d31c8879fbce42850622fede2ccbb63598b3c58453f10f02ce05821c6c5f
2026-09-05,81888b1e-7319-46e1-864d-9ad50ea93e94,17f12c3b-bca2-4b6c-8900-3e4d4a9ee44a,QB1,1,readout_error,1.2499999999999956,%,0.07817644520051543,0.9875,,0.0007817644520051543,metrics.ssro.measure_fidelity.constant.QB1.fidelity,25541928,False,False,2026-09-05T16:29:09.513375Z,2026-09-05T16:29:09.575682Z,2026-09-05T16:29:09.039147,2026-09-05T16:29:09.039147,2026-09-05_calibration_set_ID_81888b1e-7319-46e1-864d-9ad50ea93e94_quality_metrics.json,ccd7d31c8879fbce42850622fede2ccbb63598b3c58453f10f02ce05821c6c5f
2026-09-05,81888b1e-7319-46e1-864d-9ad50ea93e94,17f12c3b-bca2-4b6c-8900-3e4d4a9ee44a,QB1,1,readout_0_to_1,0.58,%,0.07593312992373005,0.0058,,0.0007593312992373005,metrics.ssro.measure_fidelity.constant.QB1.error_0_to_1,25541930,False,False,2026-09-05T16:29:09.513375Z,2026-09-05T16:29:09.575682Z,2026-09-05T16:29:09.039147,2026-09-05T16:29:09.039147,2026-09-05_calibration_set_ID_81888b1e-7319-46e1-864d-9ad50ea93e94_quality_metrics.json,ccd7d31c8879fbce42850622fede2ccbb63598b3c58453f10f02ce05821c6c5f
2026-09-05,81888b1e-7319-46e1-864d-9ad50ea93e94,17f12c3b-bca2-4b6c-8900-3e4d4a9ee44a,QB1,1,readout_1_to_0,1.92,%,0.13667620903706212,0.0192,,0.0013667620903706212,metrics.ssro.measure_fidelity.constant.QB1.error_1_to_0,25541915,False,False,2026-09-05T16:29:09.513375Z,2026-09-05T16:29:09.575682Z,2026-09-05T16:29:09.039147,2026-09-05T16:29:09.039147,2026-09-05_calibration_set_ID_81888b1e-7319-46e1-864d-9ad50ea93e94_quality_metrics.json,ccd7d31c8879fbce42850622fede2ccbb63598b3c58453f10f02ce05821c6c5f
2026-09-05,81888b1e-7319-46e1-864d-9ad50ea93e94,17f12c3b-bca2-4b6c-8900-3e4d4a9ee44a,QB2,2,prx_error,0.061190846092362694,%,0.002157263736153622,0.9993880915390764,,2.157263736153622e-05,metrics.rb.prx.drag_crf_sx.QB2.fidelity:par=d2,25542046,False,False,2026-09-05T16:29:09.513375Z,2026-09-05T16:29:09.575682Z,2026-09-05T16:29:09.039147,2026-09-05T16:29:09.039147,2026-09-05_calibration_set_ID_81888b1e-7319-46e1-864d-9ad50ea93e94_quality_metrics.json,ccd7d31c8879fbce42850622fede2ccbb63598b3c58453f10f02ce05821c6c5f
2026-09-05,81888b1e-7319-46e1-864d-9ad50ea93e94,17f12c3b-bca2-4b6c-8900-3e4d4a9ee44a,QB2,2,t1,38.39981538270736,us,2.4400668804503263,3.839981538270736e-05,s,2.440066880450326e-06,characterization.model.QB2.t1_time,25542063,False,False,2026-09-05T16:29:09.513375Z,2026-09-05T16:29:09.575682Z,2026-09-05T16:29:09.039147,2026-09-05T16:29:09.039147,2026-09-05_calibration_set_ID_81888b1e-7319-46e1-864d-9ad50ea93e94_quality_metrics.json,ccd7d31c8879fbce42850622fede2ccbb63598b3c58453f10f02ce05821c6c5f
2026-09-05,81888b1e-7319-46e1-864d-9ad50ea93e94,17f12c3b-bca2-4b6c-8900-3e4d4a9ee44a,QB2,2,t2_ramsey,4.793308655979091,us,0.6059142832521531,4.793308655979091e-06,s,6.059142832521532e-07,characterization.model.QB2.t2_time,25542114,False,False,2026-09-05T16:29:09.513375Z,2026-09-05T16:29:09.575682Z,2026-09-05T16:29:09.039147,2026-09-05T16:29:09.039147,2026-09-05_calibration_set_ID_81888b1e-7319-46e1-864d-9ad50ea93e94_quality_metrics.json,ccd7d31c8879fbce42850622fede2ccbb63598b3c58453f10f02ce05821c6c5f
2026-09-05,81888b1e-7319-46e1-864d-9ad50ea93e94,17f12c3b-bca2-4b6c-8900-3e4d4a9ee44a,QB2,2,t2_echo,16.306371594927676,us,0.8922884688833882,1.6306371594927676e-05,s,8.922884688833882e-07,characterization.model.QB2.t2_echo_time,25542094,False,False,2026-09-05T16:29:09.513375Z,2026-09-05T16:29:09.575682Z,2026-09-05T16:29:09.039147,2026-09-05T16:29:09.039147,2026-09-05_calibration_set_ID_81888b1e-7319-46e1-864d-9ad50ea93e94_quality_metrics.json,ccd7d31c8879fbce42850622fede2ccbb63598b3c58453f10f02ce05821c6c5f
2026-09-05,81888b1e-7319-46e1-864d-9ad50ea93e94,17f12c3b-bca2-4b6c-8900-3e4d4a9ee44a,QB2,2,readout_error,2.5499999999999967,%,0.11059481416639994,0.9745,,0.0011059481416639994,metrics.ssro.measure_fidelity.constant.QB2.fidelity,25541943,False,False,2026-09-05T16:29:09.513375Z,2026-09-05T16:29:09.575682Z,2026-09-05T16:29:09.039147,2026-09-05T16:29:09.039147,2026-09-05_calibration_set_ID_81888b1e-7319-46e1-864d-9ad50ea93e94_quality_metrics.json,ccd7d31c8879fbce42850622fede2ccbb63598b3c58453f10f02ce05821c6c5f
2026-09-05,81888b1e-7319-46e1-864d-9ad50ea93e94,17f12c3b-bca2-4b6c-8900-3e4d4a9ee44a,QB2,2,readout_0_to_1,1.25,%,0.11075865795534032,0.0125,,0.0011075865795534031,metrics.ssro.measure_fidelity.constant.QB2.error_0_to_1,25541912,False,False,2026-09-05T16:29:09.513375Z,2026-09-05T16:29:09.575682Z,2026-09-05T16:29:09.039147,2026-09-05T16:29:09.039147,2026-09-05_calibration_set_ID_81888b1e-7319-46e1-864d-9ad50ea93e94_quality_metrics.json,ccd7d31c8879fbce42850622fede2ccbb63598b3c58453f10f02ce05821c6c5f
2026-09-05,81888b1e-7319-46e1-864d-9ad50ea93e94,17f12c3b-bca2-4b6c-8900-3e4d4a9ee44a,QB2,2,readout_1_to_0,3.85,%,0.19146114846081455,0.0385,,0.0019146114846081456,metrics.ssro.measure_fidelity.constant.QB2.error_1_to_0,25541913,False,False,2026-09-05T16:29:09.513375Z,2026-09-05T16:29:09.575682Z,2026-09-05T16:29:09.039147,2026-09-05T16:29:09.039147,2026-09-05_calibration_set_ID_81888b1e-7319-46e1-864d-9ad50ea93e94_quality_metrics.json,ccd7d31c8879fbce42850622fede2ccbb63598b3c58453f10f02ce05821c6c5f
2026-09-05,81888b1e-7319-46e1-864d-9ad50ea93e94,17f12c3b-bca2-4b6c-8900-3e4d4a9ee44a,QB3,3,prx_error,0.07064684501739693,%,0.0015948963547786628,0.999293531549826,,1.5948963547786627e-05,metrics.rb.prx.drag_crf_sx.QB3.fidelity:par=d2,25542026,False,False,2026-09-05T16:29:09.513375Z,2026-09-05T16:29:09.575682Z,2026-09-05T16:29:09.039147,2026-09-05T16:29:09.039147,2026-09-05_calibration_set_ID_81888b1e-7319-46e1-864d-9ad50ea93e94_quality_metrics.json,ccd7d31c8879fbce42850622fede2ccbb63598b3c58453f10f02ce05821c6c5f
2026-09-05,81888b1e-7319-46e1-864d-9ad50ea93e94,17f12c3b-bca2-4b6c-8900-3e4d4a9ee44a,QB3,3,t1,29.528115163918912,us,2.8674418237235844,2.952811516391891e-05,s,2.8674418237235843e-06,characterization.model.QB3.t1_time,25542073,False,False,2026-09-05T16:29:09.513375Z,2026-09-05T16:29:09.575682Z,2026-09-05T16:29:09.039147,2026-09-05T16:29:09.039147,2026-09-05_calibration_set_ID_81888b1e-7319-46e1-864d-9ad50ea93e94_quality_metrics.json,ccd7d31c8879fbce42850622fede2ccbb63598b3c58453f10f02ce05821c6c5f
2026-09-05,81888b1e-7319-46e1-864d-9ad50ea93e94,17f12c3b-bca2-4b6c-8900-3e4d4a9ee44a,QB3,3,t2_ramsey,10.783613013272824,us,1.0207907083272492,1.0783613013272823e-05,s,1.0207907083272493e-06,characterization.model.QB3.t2_time,25542104,False,False,2026-09-05T16:29:09.513375Z,2026-09-05T16:29:09.575682Z,2026-09-05T16:29:09.039147,2026-09-05T16:29:09.039147,2026-09-05_calibration_set_ID_81888b1e-7319-46e1-864d-9ad50ea93e94_quality_metrics.json,ccd7d31c8879fbce42850622fede2ccbb63598b3c58453f10f02ce05821c6c5f
2026-09-05,81888b1e-7319-46e1-864d-9ad50ea93e94,17f12c3b-bca2-4b6c-8900-3e4d4a9ee44a,QB3,3,t2_echo,20.12799726719301,us,1.176293101998748,2.012799726719301e-05,s,1.176293101998748e-06,characterization.model.QB3.t2_echo_time,25542084,False,False,2026-09-05T16:29:09.513375Z,2026-09-05T16:29:09.575682Z,2026-09-05T16:29:09.039147,2026-09-05T16:29:09.039147,2026-09-05_calibration_set_ID_81888b1e-7319-46e1-864d-9ad50ea93e94_quality_metrics.json,ccd7d31c8879fbce42850622fede2ccbb63598b3c58453f10f02ce05821c6c5f
2026-09-05,81888b1e-7319-46e1-864d-9ad50ea93e94,17f12c3b-bca2-4b6c-8900-3e4d4a9ee44a,QB3,3,readout_error,1.5199999999999991,%,0.08620317975371698,0.9848,,0.0008620317975371699,metrics.ssro.measure_fidelity.constant.QB3.fidelity,25541917,False,False,2026-09-05T16:29:09.513375Z,2026-09-05T16:29:09.575682Z,2026-09-05T16:29:09.039147,2026-09-05T16:29:09.039147,2026-09-05_calibration_set_ID_81888b1e-7319-46e1-864d-9ad50ea93e94_quality_metrics.json,ccd7d31c8879fbce42850622fede2ccbb63598b3c58453f10f02ce05821c6c5f
2026-09-05,81888b1e-7319-46e1-864d-9ad50ea93e94,17f12c3b-bca2-4b6c-8900-3e4d4a9ee44a,QB3,3,readout_0_to_1,1.4500000000000002,%,0.11912628515767147,0.0145,,0.0011912628515767147,metrics.ssro.measure_fidelity.constant.QB3.error_0_to_1,25541962,False,False,2026-09-05T16:29:09.513375Z,2026-09-05T16:29:09.575682Z,2026-09-05T16:29:09.039147,2026-09-05T16:29:09.039147,2026-09-05_calibration_set_ID_81888b1e-7319-46e1-864d-9ad50ea93e94_quality_metrics.json,ccd7d31c8879fbce42850622fede2ccbb63598b3c58453f10f02ce05821c6c5f
2026-09-05,81888b1e-7319-46e1-864d-9ad50ea93e94,17f12c3b-bca2-4b6c-8900-3e4d4a9ee44a,QB3,3,readout_1_to_0,1.59,%,0.1246309792272359,0.0159,,0.001246309792272359,metrics.ssro.measure_fidelity.constant.QB3.error_1_to_0,25541903,False,False,2026-09-05T16:29:09.513375Z,2026-09-05T16:29:09.575682Z,2026-09-05T16:29:09.039147,2026-09-05T16:29:09.039147,2026-09-05_calibration_set_ID_81888b1e-7319-46e1-864d-9ad50ea93e94_quality_metrics.json,ccd7d31c8879fbce42850622fede2ccbb63598b3c58453f10f02ce05821c6c5f
2026-09-05,81888b1e-7319-46e1-864d-9ad50ea93e94,17f12c3b-bca2-4b6c-8900-3e4d4a9ee44a,QB4,4,prx_error,0.1331881899112375,%,0.003986979301658715,0.9986681181008876,,3.986979301658715e-05,metrics.rb.prx.drag_crf_sx.QB4.fidelity:par=d2,25542048,False,False,2026-09-05T16:29:09.513375Z,2026-09-05T16:29:09.575682Z,2026-09-05T16:29:09.039147,2026-09-05T16:29:09.039147,2026-09-05_calibration_set_ID_81888b1e-7319-46e1-864d-9ad50ea93e94_quality_metrics.json,ccd7d31c8879fbce42850622fede2ccbb63598b3c58453f10f02ce05821c6c5f
2026-09-05,81888b1e-7319-46e1-864d-9ad50ea93e94,17f12c3b-bca2-4b6c-8900-3e4d4a9ee44a,QB4,4,t1,9.774326170346999,us,1.0660239884381757,9.774326170347e-06,s,1.0660239884381757e-06,characterization.model.QB4.t1_time,25542064,False,False,2026-09-05T16:29:09.513375Z,2026-09-05T16:29:09.575682Z,2026-09-05T16:29:09.039147,2026-09-05T16:29:09.039147,2026-09-05_calibration_set_ID_81888b1e-7319-46e1-864d-9ad50ea93e94_quality_metrics.json,ccd7d31c8879fbce42850622fede2ccbb63598b3c58453f10f02ce05821c6c5f
2026-09-05,81888b1e-7319-46e1-864d-9ad50ea93e94,17f12c3b-bca2-4b6c-8900-3e4d4a9ee44a,QB4,4,t2_ramsey,4.617752910797583,us,0.26991677069612297,4.617752910797584e-06,s,2.6991677069612297e-07,characterization.model.QB4.t2_time,25542115,False,False,2026-09-05T16:29:09.513375Z,2026-09-05T16:29:09.575682Z,2026-09-05T16:29:09.039147,2026-09-05T16:29:09.039147,2026-09-05_calibration_set_ID_81888b1e-7319-46e1-864d-9ad50ea93e94_quality_metrics.json,ccd7d31c8879fbce42850622fede2ccbb63598b3c58453f10f02ce05821c6c5f
2026-09-05,81888b1e-7319-46e1-864d-9ad50ea93e94,17f12c3b-bca2-4b6c-8900-3e4d4a9ee44a,QB4,4,t2_echo,8.6417023423219,us,0.6954314943463327,8.641702342321899e-06,s,6.954314943463327e-07,characterization.model.QB4.t2_echo_time,25542095,False,False,2026-09-05T16:29:09.513375Z,2026-09-05T16:29:09.575682Z,2026-09-05T16:29:09.039147,2026-09-05T16:29:09.039147,2026-09-05_calibration_set_ID_81888b1e-7319-46e1-864d-9ad50ea93e94_quality_metrics.json,ccd7d31c8879fbce42850622fede2ccbb63598b3c58453f10f02ce05821c6c5f
2026-09-05,81888b1e-7319-46e1-864d-9ad50ea93e94,17f12c3b-bca2-4b6c-8900-3e4d4a9ee44a,QB4,4,readout_error,3.8799999999999946,%,0.13423006982764077,0.9612,,0.0013423006982764077,metrics.ssro.measure_fidelity.constant.QB4.fidelity,25541907,False,False,2026-09-05T16:29:09.513375Z,2026-09-05T16:29:09.575682Z,2026-09-05T16:29:09.039147,2026-09-05T16:29:09.039147,2026-09-05_calibration_set_ID_81888b1e-7319-46e1-864d-9ad50ea93e94_quality_metrics.json,ccd7d31c8879fbce42850622fede2ccbb63598b3c58453f10f02ce05821c6c5f
2026-09-05,81888b1e-7319-46e1-864d-9ad50ea93e94,17f12c3b-bca2-4b6c-8900-3e4d4a9ee44a,QB4,4,readout_0_to_1,0.8699999999999999,%,0.09268696147391826,0.0087,,0.0009268696147391826,metrics.ssro.measure_fidelity.constant.QB4.error_0_to_1,25541920,False,False,2026-09-05T16:29:09.513375Z,2026-09-05T16:29:09.575682Z,2026-09-05T16:29:09.039147,2026-09-05T16:29:09.039147,2026-09-05_calibration_set_ID_81888b1e-7319-46e1-864d-9ad50ea93e94_quality_metrics.json,ccd7d31c8879fbce42850622fede2ccbb63598b3c58453f10f02ce05821c6c5f
2026-09-05,81888b1e-7319-46e1-864d-9ad50ea93e94,17f12c3b-bca2-4b6c-8900-3e4d4a9ee44a,QB4,4,readout_1_to_0,6.890000000000001,%,0.2519523243720241,0.0689,,0.002519523243720241,metrics.ssro.measure_fidelity.constant.QB4.error_1_to_0,25541929,False,False,2026-09-05T16:29:09.513375Z,2026-09-05T16:29:09.575682Z,2026-09-05T16:29:09.039147,2026-09-05T16:29:09.039147,2026-09-05_calibration_set_ID_81888b1e-7319-46e1-864d-9ad50ea93e94_quality_metrics.json,ccd7d31c8879fbce42850622fede2ccbb63598b3c58453f10f02ce05821c6c5f
2026-09-05,81888b1e-7319-46e1-864d-9ad50ea93e94,17f12c3b-bca2-4b6c-8900-3e4d4a9ee44a,QB5,5,prx_error,0.0627811085556429,%,0.001831977042483394,0.9993721889144436,,1.831977042483394e-05,metrics.rb.prx.drag_crf_sx.QB5.fidelity:par=d2,25542028,False,False,2026-09-05T16:29:09.513375Z,2026-09-05T16:29:09.575682Z,2026-09-05T16:29:09.039147,2026-09-05T16:29:09.039147,2026-09-05_calibration_set_ID_81888b1e-7319-46e1-864d-9ad50ea93e94_quality_metrics.json,ccd7d31c8879fbce42850622fede2ccbb63598b3c58453f10f02ce05821c6c5f
2026-09-05,81888b1e-7319-46e1-864d-9ad50ea93e94,17f12c3b-bca2-4b6c-8900-3e4d4a9ee44a,QB5,5,t1,24.25817349701921,us,2.3399059137415024,2.425817349701921e-05,s,2.3399059137415024e-06,characterization.model.QB5.t1_time,25542074,False,False,2026-09-05T16:29:09.513375Z,2026-09-05T16:29:09.575682Z,2026-09-05T16:29:09.039147,2026-09-05T16:29:09.039147,2026-09-05_calibration_set_ID_81888b1e-7319-46e1-864d-9ad50ea93e94_quality_metrics.json,ccd7d31c8879fbce42850622fede2ccbb63598b3c58453f10f02ce05821c6c5f
2026-09-05,81888b1e-7319-46e1-864d-9ad50ea93e94,17f12c3b-bca2-4b6c-8900-3e4d4a9ee44a,QB5,5,t2_ramsey,7.838054574072416,us,0.4400294630831199,7.838054574072416e-06,s,4.400294630831199e-07,characterization.model.QB5.t2_time,25542105,False,False,2026-09-05T16:29:09.513375Z,2026-09-05T16:29:09.575682Z,2026-09-05T16:29:09.039147,2026-09-05T16:29:09.039147,2026-09-05_calibration_set_ID_81888b1e-7319-46e1-864d-9ad50ea93e94_quality_metrics.json,ccd7d31c8879fbce42850622fede2ccbb63598b3c58453f10f02ce05821c6c5f
2026-09-05,81888b1e-7319-46e1-864d-9ad50ea93e94,17f12c3b-bca2-4b6c-8900-3e4d4a9ee44a,QB5,5,t2_echo,17.50736401099257,us,0.8701604547413736,1.7507364010992573e-05,s,8.701604547413736e-07,characterization.model.QB5.t2_echo_time,25542085,False,False,2026-09-05T16:29:09.513375Z,2026-09-05T16:29:09.575682Z,2026-09-05T16:29:09.039147,2026-09-05T16:29:09.039147,2026-09-05_calibration_set_ID_81888b1e-7319-46e1-864d-9ad50ea93e94_quality_metrics.json,ccd7d31c8879fbce42850622fede2ccbb63598b3c58453f10f02ce05821c6c5f
2026-09-05,81888b1e-7319-46e1-864d-9ad50ea93e94,17f12c3b-bca2-4b6c-8900-3e4d4a9ee44a,QB5,5,readout_error,0.8050000000000002,%,0.06306886543063919,0.99195,,0.000630688654306392,metrics.ssro.measure_fidelity.constant.QB5.fidelity,25541932,False,False,2026-09-05T16:29:09.513375Z,2026-09-05T16:29:09.575682Z,2026-09-05T16:29:09.039147,2026-09-05T16:29:09.039147,2026-09-05_calibration_set_ID_81888b1e-7319-46e1-864d-9ad50ea93e94_quality_metrics.json,ccd7d31c8879fbce42850622fede2ccbb63598b3c58453f10f02ce05821c6c5f
2026-09-05,81888b1e-7319-46e1-864d-9ad50ea93e94,17f12c3b-bca2-4b6c-8900-3e4d4a9ee44a,QB5,5,readout_0_to_1,0.61,%,0.07783865058244491,0.0061,,0.000778386505824449,metrics.ssro.measure_fidelity.constant.QB5.error_0_to_1,25541937,False,False,2026-09-05T16:29:09.513375Z,2026-09-05T16:29:09.575682Z,2026-09-05T16:29:09.039147,2026-09-05T16:29:09.039147,2026-09-05_calibration_set_ID_81888b1e-7319-46e1-864d-9ad50ea93e94_quality_metrics.json,ccd7d31c8879fbce42850622fede2ccbb63598b3c58453f10f02ce05821c6c5f
2026-09-05,81888b1e-7319-46e1-864d-9ad50ea93e94,17f12c3b-bca2-4b6c-8900-3e4d4a9ee44a,QB5,5,readout_1_to_0,1.0,%,0.09925659485563844,0.01,,0.0009925659485563844,metrics.ssro.measure_fidelity.constant.QB5.error_1_to_0,25541945,False,False,2026-09-05T16:29:09.513375Z,2026-09-05T16:29:09.575682Z,2026-09-05T16:29:09.039147,2026-09-05T16:29:09.039147,2026-09-05_calibration_set_ID_81888b1e-7319-46e1-864d-9ad50ea93e94_quality_metrics.json,ccd7d31c8879fbce42850622fede2ccbb63598b3c58453f10f02ce05821c6c5f
2026-09-05,81888b1e-7319-46e1-864d-9ad50ea93e94,17f12c3b-bca2-4b6c-8900-3e4d4a9ee44a,QB6,6,prx_error,0.07129377449781593,%,0.0014551766298921925,0.9992870622550218,,1.4551766298921926e-05,metrics.rb.prx.drag_crf_sx.QB6.fidelity:par=d2,25542050,False,False,2026-09-05T16:29:09.513375Z,2026-09-05T16:29:09.575682Z,2026-09-05T16:29:09.039147,2026-09-05T16:29:09.039147,2026-09-05_calibration_set_ID_81888b1e-7319-46e1-864d-9ad50ea93e94_quality_metrics.json,ccd7d31c8879fbce42850622fede2ccbb63598b3c58453f10f02ce05821c6c5f
2026-09-05,81888b1e-7319-46e1-864d-9ad50ea93e94,17f12c3b-bca2-4b6c-8900-3e4d4a9ee44a,QB6,6,t1,47.08411088555663,us,3.6352346784940464,4.7084110885556635e-05,s,3.6352346784940465e-06,characterization.model.QB6.t1_time,25542065,False,False,2026-09-05T16:29:09.513375Z,2026-09-05T16:29:09.575682Z,2026-09-05T16:29:09.039147,2026-09-05T16:29:09.039147,2026-09-05_calibration_set_ID_81888b1e-7319-46e1-864d-9ad50ea93e94_quality_metrics.json,ccd7d31c8879fbce42850622fede2ccbb63598b3c58453f10f02ce05821c6c5f
2026-09-05,81888b1e-7319-46e1-864d-9ad50ea93e94,17f12c3b-bca2-4b6c-8900-3e4d4a9ee44a,QB6,6,t2_ramsey,8.1955511052189,us,0.5649160523105213,8.1955511052189e-06,s,5.649160523105213e-07,characterization.model.QB6.t2_time,25542116,False,False,2026-09-05T16:29:09.513375Z,2026-09-05T16:29:09.575682Z,2026-09-05T16:29:09.039147,2026-09-05T16:29:09.039147,2026-09-05_calibration_set_ID_81888b1e-7319-46e1-864d-9ad50ea93e94_quality_metrics.json,ccd7d31c8879fbce42850622fede2ccbb63598b3c58453f10f02ce05821c6c5f
2026-09-05,81888b1e-7319-46e1-864d-9ad50ea93e94,17f12c3b-bca2-4b6c-8900-3e4d4a9ee44a,QB6,6,t2_echo,20.37113782328779,us,1.3122915208009467,2.0371137823287788e-05,s,1.3122915208009466e-06,characterization.model.QB6.t2_echo_time,25542096,False,False,2026-09-05T16:29:09.513375Z,2026-09-05T16:29:09.575682Z,2026-09-05T16:29:09.039147,2026-09-05T16:29:09.039147,2026-09-05_calibration_set_ID_81888b1e-7319-46e1-864d-9ad50ea93e94_quality_metrics.json,ccd7d31c8879fbce42850622fede2ccbb63598b3c58453f10f02ce05821c6c5f
2026-09-05,81888b1e-7319-46e1-864d-9ad50ea93e94,17f12c3b-bca2-4b6c-8900-3e4d4a9ee44a,QB6,6,readout_error,1.1750000000000038,%,0.07594757053305448,0.98825,,0.0007594757053305447,metrics.ssro.measure_fidelity.constant.QB6.fidelity,25541956,False,False,2026-09-05T16:29:09.513375Z,2026-09-05T16:29:09.575682Z,2026-09-05T16:29:09.039147,2026-09-05T16:29:09.039147,2026-09-05_calibration_set_ID_81888b1e-7319-46e1-864d-9ad50ea93e94_quality_metrics.json,ccd7d31c8879fbce42850622fede2ccbb63598b3c58453f10f02ce05821c6c5f
2026-09-05,81888b1e-7319-46e1-864d-9ad50ea93e94,17f12c3b-bca2-4b6c-8900-3e4d4a9ee44a,QB6,6,readout_0_to_1,1.46,%,0.11952842265921622,0.0146,,0.0011952842265921622,metrics.ssro.measure_fidelity.constant.QB6.error_0_to_1,25541959,False,False,2026-09-05T16:29:09.513375Z,2026-09-05T16:29:09.575682Z,2026-09-05T16:29:09.039147,2026-09-05T16:29:09.039147,2026-09-05_calibration_set_ID_81888b1e-7319-46e1-864d-9ad50ea93e94_quality_metrics.json,ccd7d31c8879fbce42850622fede2ccbb63598b3c58453f10f02ce05821c6c5f
2026-09-05,81888b1e-7319-46e1-864d-9ad50ea93e94,17f12c3b-bca2-4b6c-8900-3e4d4a9ee44a,QB6,6,readout_1_to_0,0.89,%,0.0937288112380228,0.0089,,0.000937288112380228,metrics.ssro.measure_fidelity.constant.QB6.error_1_to_0,25541958,False,False,2026-09-05T16:29:09.513375Z,2026-09-05T16:29:09.575682Z,2026-09-05T16:29:09.039147,2026-09-05T16:29:09.039147,2026-09-05_calibration_set_ID_81888b1e-7319-46e1-864d-9ad50ea93e94_quality_metrics.json,ccd7d31c8879fbce42850622fede2ccbb63598b3c58453f10f02ce05821c6c5f
2026-09-05,81888b1e-7319-46e1-864d-9ad50ea93e94,17f12c3b-bca2-4b6c-8900-3e4d4a9ee44a,QB7,7,prx_error,0.2970763022100753,%,0.02378284268451781,0.9970292369778992,,0.0002378284268451781,metrics.rb.prx.drag_crf_sx.QB7.fidelity:par=d2,25542030,False,False,2026-09-05T16:29:09.513375Z,2026-09-05T16:29:09.575682Z,2026-09-05T16:29:09.039147,2026-09-05T16:29:09.039147,2026-09-05_calibration_set_ID_81888b1e-7319-46e1-864d-9ad50ea93e94_quality_metrics.json,ccd7d31c8879fbce42850622fede2ccbb63598b3c58453f10f02ce05821c6c5f
2026-09-05,81888b1e-7319-46e1-864d-9ad50ea93e94,17f12c3b-bca2-4b6c-8900-3e4d4a9ee44a,QB7,7,t1,30.615403560917095,us,1.7639926157471522,3.0615403560917096e-05,s,1.763992615747152e-06,characterization.model.QB7.t1_time,25542075,False,False,2026-09-05T16:29:09.513375Z,2026-09-05T16:29:09.575682Z,2026-09-05T16:29:09.039147,2026-09-05T16:29:09.039147,2026-09-05_calibration_set_ID_81888b1e-7319-46e1-864d-9ad50ea93e94_quality_metrics.json,ccd7d31c8879fbce42850622fede2ccbb63598b3c58453f10f02ce05821c6c5f
2026-09-05,81888b1e-7319-46e1-864d-9ad50ea93e94,17f12c3b-bca2-4b6c-8900-3e4d4a9ee44a,QB7,7,t2_ramsey,10.199456651149276,us,0.7344674077868328,1.0199456651149276e-05,s,7.344674077868329e-07,characterization.model.QB7.t2_time,25542106,False,False,2026-09-05T16:29:09.513375Z,2026-09-05T16:29:09.575682Z,2026-09-05T16:29:09.039147,2026-09-05T16:29:09.039147,2026-09-05_calibration_set_ID_81888b1e-7319-46e1-864d-9ad50ea93e94_quality_metrics.json,ccd7d31c8879fbce42850622fede2ccbb63598b3c58453f10f02ce05821c6c5f
2026-09-05,81888b1e-7319-46e1-864d-9ad50ea93e94,17f12c3b-bca2-4b6c-8900-3e4d4a9ee44a,QB7,7,t2_echo,17.674918526123882,us,1.2920492863093525,1.767491852612388e-05,s,1.2920492863093525e-06,characterization.model.QB7.t2_echo_time,25542086,False,False,2026-09-05T16:29:09.513375Z,2026-09-05T16:29:09.575682Z,2026-09-05T16:29:09.039147,2026-09-05T16:29:09.039147,2026-09-05_calibration_set_ID_81888b1e-7319-46e1-864d-9ad50ea93e94_quality_metrics.json,ccd7d31c8879fbce42850622fede2ccbb63598b3c58453f10f02ce05821c6c5f
2026-09-05,81888b1e-7319-46e1-864d-9ad50ea93e94,17f12c3b-bca2-4b6c-8900-3e4d4a9ee44a,QB7,7,readout_error,1.649999999999996,%,0.08955977043216701,0.9835,,0.00089559770432167,metrics.ssro.measure_fidelity.constant.QB7.fidelity,25541946,False,False,2026-09-05T16:29:09.513375Z,2026-09-05T16:29:09.575682Z,2026-09-05T16:29:09.039147,2026-09-05T16:29:09.039147,2026-09-05_calibration_set_ID_81888b1e-7319-46e1-864d-9ad50ea93e94_quality_metrics.json,ccd7d31c8879fbce42850622fede2ccbb63598b3c58453f10f02ce05821c6c5f
2026-09-05,81888b1e-7319-46e1-864d-9ad50ea93e94,17f12c3b-bca2-4b6c-8900-3e4d4a9ee44a,QB7,7,readout_0_to_1,0.84,%,0.09110103596489576,0.0084,,0.0009110103596489576,metrics.ssro.measure_fidelity.constant.QB7.error_0_to_1,25541938,False,False,2026-09-05T16:29:09.513375Z,2026-09-05T16:29:09.575682Z,2026-09-05T16:29:09.039147,2026-09-05T16:29:09.039147,2026-09-05_calibration_set_ID_81888b1e-7319-46e1-864d-9ad50ea93e94_quality_metrics.json,ccd7d31c8879fbce42850622fede2ccbb63598b3c58453f10f02ce05821c6c5f
2026-09-05,81888b1e-7319-46e1-864d-9ad50ea93e94,17f12c3b-bca2-4b6c-8900-3e4d4a9ee44a,QB7,7,readout_1_to_0,2.46,%,0.15422195422692772,0.0246,,0.0015422195422692773,metrics.ssro.measure_fidelity.constant.QB7.error_1_to_0,25541949,False,False,2026-09-05T16:29:09.513375Z,2026-09-05T16:29:09.575682Z,2026-09-05T16:29:09.039147,2026-09-05T16:29:09.039147,2026-09-05_calibration_set_ID_81888b1e-7319-46e1-864d-9ad50ea93e94_quality_metrics.json,ccd7d31c8879fbce42850622fede2ccbb63598b3c58453f10f02ce05821c6c5f
2026-09-05,81888b1e-7319-46e1-864d-9ad50ea93e94,17f12c3b-bca2-4b6c-8900-3e4d4a9ee44a,QB8,8,prx_error,0.10425252360347637,%,0.0035748012646072305,0.9989574747639652,,3.5748012646072304e-05,metrics.rb.prx.drag_crf_sx.QB8.fidelity:par=d2,25542052,False,False,2026-09-05T16:29:09.513375Z,2026-09-05T16:29:09.575682Z,2026-09-05T16:29:09.039147,2026-09-05T16:29:09.039147,2026-09-05_calibration_set_ID_81888b1e-7319-46e1-864d-9ad50ea93e94_quality_metrics.json,ccd7d31c8879fbce42850622fede2ccbb63598b3c58453f10f02ce05821c6c5f
2026-09-05,81888b1e-7319-46e1-864d-9ad50ea93e94,17f12c3b-bca2-4b6c-8900-3e4d4a9ee44a,QB8,8,t1,28.606924514942385,us,1.7716658269068437,2.8606924514942385e-05,s,1.7716658269068437e-06,characterization.model.QB8.t1_time,25542066,False,False,2026-09-05T16:29:09.513375Z,2026-09-05T16:29:09.575682Z,2026-09-05T16:29:09.039147,2026-09-05T16:29:09.039147,2026-09-05_calibration_set_ID_81888b1e-7319-46e1-864d-9ad50ea93e94_quality_metrics.json,ccd7d31c8879fbce42850622fede2ccbb63598b3c58453f10f02ce05821c6c5f
2026-09-05,81888b1e-7319-46e1-864d-9ad50ea93e94,17f12c3b-bca2-4b6c-8900-3e4d4a9ee44a,QB8,8,t2_ramsey,7.6817670317755855,us,0.6568555855764994,7.681767031775585e-06,s,6.568555855764994e-07,characterization.model.QB8.t2_time,25542117,False,False,2026-09-05T16:29:09.513375Z,2026-09-05T16:29:09.575682Z,2026-09-05T16:29:09.039147,2026-09-05T16:29:09.039147,2026-09-05_calibration_set_ID_81888b1e-7319-46e1-864d-9ad50ea93e94_quality_metrics.json,ccd7d31c8879fbce42850622fede2ccbb63598b3c58453f10f02ce05821c6c5f
2026-09-05,81888b1e-7319-46e1-864d-9ad50ea93e94,17f12c3b-bca2-4b6c-8900-3e4d4a9ee44a,QB8,8,t2_echo,18.68273887111076,us,0.9479239054335008,1.868273887111076e-05,s,9.479239054335008e-07,characterization.model.QB8.t2_echo_time,25542097,False,False,2026-09-05T16:29:09.513375Z,2026-09-05T16:29:09.575682Z,2026-09-05T16:29:09.039147,2026-09-05T16:29:09.039147,2026-09-05_calibration_set_ID_81888b1e-7319-46e1-864d-9ad50ea93e94_quality_metrics.json,ccd7d31c8879fbce42850622fede2ccbb63598b3c58453f10f02ce05821c6c5f
2026-09-05,81888b1e-7319-46e1-864d-9ad50ea93e94,17f12c3b-bca2-4b6c-8900-3e4d4a9ee44a,QB8,8,readout_error,1.354999999999995,%,0.08127946190016075,0.98645,,0.0008127946190016075,metrics.ssro.measure_fidelity.constant.QB8.fidelity,25541954,False,False,2026-09-05T16:29:09.513375Z,2026-09-05T16:29:09.575682Z,2026-09-05T16:29:09.039147,2026-09-05T16:29:09.039147,2026-09-05_calibration_set_ID_81888b1e-7319-46e1-864d-9ad50ea93e94_quality_metrics.json,ccd7d31c8879fbce42850622fede2ccbb63598b3c58453f10f02ce05821c6c5f
2026-09-05,81888b1e-7319-46e1-864d-9ad50ea93e94,17f12c3b-bca2-4b6c-8900-3e4d4a9ee44a,QB8,8,readout_0_to_1,0.54,%,0.0733135501829026,0.0054,,0.000733135501829026,metrics.ssro.measure_fidelity.constant.QB8.error_0_to_1,25541957,False,False,2026-09-05T16:29:09.513375Z,2026-09-05T16:29:09.575682Z,2026-09-05T16:29:09.039147,2026-09-05T16:29:09.039147,2026-09-05_calibration_set_ID_81888b1e-7319-46e1-864d-9ad50ea93e94_quality_metrics.json,ccd7d31c8879fbce42850622fede2ccbb63598b3c58453f10f02ce05821c6c5f
2026-09-05,81888b1e-7319-46e1-864d-9ad50ea93e94,17f12c3b-bca2-4b6c-8900-3e4d4a9ee44a,QB8,8,readout_1_to_0,2.17,%,0.14508799766589156,0.0217,,0.0014508799766589156,metrics.ssro.measure_fidelity.constant.QB8.error_1_to_0,25541919,False,False,2026-09-05T16:29:09.513375Z,2026-09-05T16:29:09.575682Z,2026-09-05T16:29:09.039147,2026-09-05T16:29:09.039147,2026-09-05_calibration_set_ID_81888b1e-7319-46e1-864d-9ad50ea93e94_quality_metrics.json,ccd7d31c8879fbce42850622fede2ccbb63598b3c58453f10f02ce05821c6c5f
2026-09-05,81888b1e-7319-46e1-864d-9ad50ea93e94,17f12c3b-bca2-4b6c-8900-3e4d4a9ee44a,QB9,9,prx_error,0.11651824119596199,%,0.0030204573662930613,0.9988348175880404,,3.0204573662930612e-05,metrics.rb.prx.drag_crf_sx.QB9.fidelity:par=d2,25542032,False,False,2026-09-05T16:29:09.513375Z,2026-09-05T16:29:09.575682Z,2026-09-05T16:29:09.039147,2026-09-05T16:29:09.039147,2026-09-05_calibration_set_ID_81888b1e-7319-46e1-864d-9ad50ea93e94_quality_metrics.json,ccd7d31c8879fbce42850622fede2ccbb63598b3c58453f10f02ce05821c6c5f
2026-09-05,81888b1e-7319-46e1-864d-9ad50ea93e94,17f12c3b-bca2-4b6c-8900-3e4d4a9ee44a,QB9,9,t1,38.00413805815674,us,1.9232945782114859,3.800413805815674e-05,s,1.923294578211486e-06,characterization.model.QB9.t1_time,25542076,False,False,2026-09-05T16:29:09.513375Z,2026-09-05T16:29:09.575682Z,2026-09-05T16:29:09.039147,2026-09-05T16:29:09.039147,2026-09-05_calibration_set_ID_81888b1e-7319-46e1-864d-9ad50ea93e94_quality_metrics.json,ccd7d31c8879fbce42850622fede2ccbb63598b3c58453f10f02ce05821c6c5f
2026-09-05,81888b1e-7319-46e1-864d-9ad50ea93e94,17f12c3b-bca2-4b6c-8900-3e4d4a9ee44a,QB9,9,t2_ramsey,10.237182036415243,us,0.5706909383174008,1.0237182036415242e-05,s,5.706909383174008e-07,characterization.model.QB9.t2_time,25542107,False,False,2026-09-05T16:29:09.513375Z,2026-09-05T16:29:09.575682Z,2026-09-05T16:29:09.039147,2026-09-05T16:29:09.039147,2026-09-05_calibration_set_ID_81888b1e-7319-46e1-864d-9ad50ea93e94_quality_metrics.json,ccd7d31c8879fbce42850622fede2ccbb63598b3c58453f10f02ce05821c6c5f
2026-09-05,81888b1e-7319-46e1-864d-9ad50ea93e94,17f12c3b-bca2-4b6c-8900-3e4d4a9ee44a,QB9,9,t2_echo,23.118046691191804,us,1.8505776450467788,2.3118046691191804e-05,s,1.850577645046779e-06,characterization.model.QB9.t2_echo_time,25542087,False,False,2026-09-05T16:29:09.513375Z,2026-09-05T16:29:09.575682Z,2026-09-05T16:29:09.039147,2026-09-05T16:29:09.039147,2026-09-05_calibration_set_ID_81888b1e-7319-46e1-864d-9ad50ea93e94_quality_metrics.json,ccd7d31c8879fbce42850622fede2ccbb63598b3c58453f10f02ce05821c6c5f
2026-09-05,81888b1e-7319-46e1-864d-9ad50ea93e94,17f12c3b-bca2-4b6c-8900-3e4d4a9ee44a,QB9,9,readout_error,1.9499999999999962,%,0.09721675333656415,0.9805,,0.0009721675333656416,metrics.ssro.measure_fidelity.constant.QB9.fidelity,25541904,False,False,2026-09-05T16:29:09.513375Z,2026-09-05T16:29:09.575682Z,2026-09-05T16:29:09.039147,2026-09-05T16:29:09.039147,2026-09-05_calibration_set_ID_81888b1e-7319-46e1-864d-9ad50ea93e94_quality_metrics.json,ccd7d31c8879fbce42850622fede2ccbb63598b3c58453f10f02ce05821c6c5f
2026-09-05,81888b1e-7319-46e1-864d-9ad50ea93e94,17f12c3b-bca2-4b6c-8900-3e4d4a9ee44a,QB9,9,readout_0_to_1,1.15,%,0.10631424820258806,0.0115,,0.0010631424820258806,metrics.ssro.measure_fidelity.constant.QB9.error_0_to_1,25541939,False,False,2026-09-05T16:29:09.513375Z,2026-09-05T16:29:09.575682Z,2026-09-05T16:29:09.039147,2026-09-05T16:29:09.039147,2026-09-05_calibration_set_ID_81888b1e-7319-46e1-864d-9ad50ea93e94_quality_metrics.json,ccd7d31c8879fbce42850622fede2ccbb63598b3c58453f10f02ce05821c6c5f
2026-09-05,81888b1e-7319-46e1-864d-9ad50ea93e94,17f12c3b-bca2-4b6c-8900-3e4d4a9ee44a,QB9,9,readout_1_to_0,2.75,%,0.1627933326224632,0.0275,,0.0016279333262246322,metrics.ssro.measure_fidelity.constant.QB9.error_1_to_0,25541935,False,False,2026-09-05T16:29:09.513375Z,2026-09-05T16:29:09.575682Z,2026-09-05T16:29:09.039147,2026-09-05T16:29:09.039147,2026-09-05_calibration_set_ID_81888b1e-7319-46e1-864d-9ad50ea93e94_quality_metrics.json,ccd7d31c8879fbce42850622fede2ccbb63598b3c58453f10f02ce05821c6c5f
2026-09-05,81888b1e-7319-46e1-864d-9ad50ea93e94,17f12c3b-bca2-4b6c-8900-3e4d4a9ee44a,QB10,10,prx_error,0.04572056967864224,%,0.0009005750238188685,0.9995427943032136,,9.005750238188685e-06,metrics.rb.prx.drag_crf_sx.QB10.fidelity:par=d2,25542054,False,False,2026-09-05T16:29:09.513375Z,2026-09-05T16:29:09.575682Z,2026-09-05T16:29:09.039147,2026-09-05T16:29:09.039147,2026-09-05_calibration_set_ID_81888b1e-7319-46e1-864d-9ad50ea93e94_quality_metrics.json,ccd7d31c8879fbce42850622fede2ccbb63598b3c58453f10f02ce05821c6c5f
2026-09-05,81888b1e-7319-46e1-864d-9ad50ea93e94,17f12c3b-bca2-4b6c-8900-3e4d4a9ee44a,QB10,10,t1,46.339965740763404,us,1.6248579183664087,4.6339965740763405e-05,s,1.6248579183664086e-06,characterization.model.QB10.t1_time,25542067,False,False,2026-09-05T16:29:09.513375Z,2026-09-05T16:29:09.575682Z,2026-09-05T16:29:09.039147,2026-09-05T16:29:09.039147,2026-09-05_calibration_set_ID_81888b1e-7319-46e1-864d-9ad50ea93e94_quality_metrics.json,ccd7d31c8879fbce42850622fede2ccbb63598b3c58453f10f02ce05821c6c5f
2026-09-05,81888b1e-7319-46e1-864d-9ad50ea93e94,17f12c3b-bca2-4b6c-8900-3e4d4a9ee44a,QB10,10,t2_ramsey,10.451455378453055,us,0.8318499008329749,1.0451455378453055e-05,s,8.318499008329749e-07,characterization.model.QB10.t2_time,25542118,False,False,2026-09-05T16:29:09.513375Z,2026-09-05T16:29:09.575682Z,2026-09-05T16:29:09.039147,2026-09-05T16:29:09.039147,2026-09-05_calibration_set_ID_81888b1e-7319-46e1-864d-9ad50ea93e94_quality_metrics.json,ccd7d31c8879fbce42850622fede2ccbb63598b3c58453f10f02ce05821c6c5f
2026-09-05,81888b1e-7319-46e1-864d-9ad50ea93e94,17f12c3b-bca2-4b6c-8900-3e4d4a9ee44a,QB10,10,t2_echo,24.993803809049982,us,1.2935246736978745,2.4993803809049983e-05,s,1.2935246736978745e-06,characterization.model.QB10.t2_echo_time,25542098,False,False,2026-09-05T16:29:09.513375Z,2026-09-05T16:29:09.575682Z,2026-09-05T16:29:09.039147,2026-09-05T16:29:09.039147,2026-09-05_calibration_set_ID_81888b1e-7319-46e1-864d-9ad50ea93e94_quality_metrics.json,ccd7d31c8879fbce42850622fede2ccbb63598b3c58453f10f02ce05821c6c5f
2026-09-05,81888b1e-7319-46e1-864d-9ad50ea93e94,17f12c3b-bca2-4b6c-8900-3e4d4a9ee44a,QB10,10,readout_error,1.4050000000000007,%,0.08293718030295665,0.98595,,0.0008293718030295664,metrics.ssro.measure_fidelity.constant.QB10.fidelity,25541933,False,False,2026-09-05T16:29:09.513375Z,2026-09-05T16:29:09.575682Z,2026-09-05T16:29:09.039147,2026-09-05T16:29:09.039147,2026-09-05_calibration_set_ID_81888b1e-7319-46e1-864d-9ad50ea93e94_quality_metrics.json,ccd7d31c8879fbce42850622fede2ccbb63598b3c58453f10f02ce05821c6c5f
2026-09-05,81888b1e-7319-46e1-864d-9ad50ea93e94,17f12c3b-bca2-4b6c-8900-3e4d4a9ee44a,QB10,10,readout_0_to_1,1.27,%,0.11162524485158051,0.0127,,0.001116252448515805,metrics.ssro.measure_fidelity.constant.QB10.error_0_to_1,25541910,False,False,2026-09-05T16:29:09.513375Z,2026-09-05T16:29:09.575682Z,2026-09-05T16:29:09.039147,2026-09-05T16:29:09.039147,2026-09-05_calibration_set_ID_81888b1e-7319-46e1-864d-9ad50ea93e94_quality_metrics.json,ccd7d31c8879fbce42850622fede2ccbb63598b3c58453f10f02ce05821c6c5f
2026-09-05,81888b1e-7319-46e1-864d-9ad50ea93e94,17f12c3b-bca2-4b6c-8900-3e4d4a9ee44a,QB10,10,readout_1_to_0,1.54,%,0.12269518416892025,0.0154,,0.0012269518416892025,metrics.ssro.measure_fidelity.constant.QB10.error_1_to_0,25541923,False,False,2026-09-05T16:29:09.513375Z,2026-09-05T16:29:09.575682Z,2026-09-05T16:29:09.039147,2026-09-05T16:29:09.039147,2026-09-05_calibration_set_ID_81888b1e-7319-46e1-864d-9ad50ea93e94_quality_metrics.json,ccd7d31c8879fbce42850622fede2ccbb63598b3c58453f10f02ce05821c6c5f
2026-09-05,81888b1e-7319-46e1-864d-9ad50ea93e94,17f12c3b-bca2-4b6c-8900-3e4d4a9ee44a,QB11,11,prx_error,0.055573467915459585,%,0.001558161640791077,0.9994442653208454,,1.558161640791077e-05,metrics.rb.prx.drag_crf_sx.QB11.fidelity:par=d2,25542034,False,False,2026-09-05T16:29:09.513375Z,2026-09-05T16:29:09.575682Z,2026-09-05T16:29:09.039147,2026-09-05T16:29:09.039147,2026-09-05_calibration_set_ID_81888b1e-7319-46e1-864d-9ad50ea93e94_quality_metrics.json,ccd7d31c8879fbce42850622fede2ccbb63598b3c58453f10f02ce05821c6c5f
2026-09-05,81888b1e-7319-46e1-864d-9ad50ea93e94,17f12c3b-bca2-4b6c-8900-3e4d4a9ee44a,QB11,11,t1,33.33536022548447,us,2.247944028275327,3.333536022548447e-05,s,2.247944028275327e-06,characterization.model.QB11.t1_time,25542077,False,False,2026-09-05T16:29:09.513375Z,2026-09-05T16:29:09.575682Z,2026-09-05T16:29:09.039147,2026-09-05T16:29:09.039147,2026-09-05_calibration_set_ID_81888b1e-7319-46e1-864d-9ad50ea93e94_quality_metrics.json,ccd7d31c8879fbce42850622fede2ccbb63598b3c58453f10f02ce05821c6c5f
2026-09-05,81888b1e-7319-46e1-864d-9ad50ea93e94,17f12c3b-bca2-4b6c-8900-3e4d4a9ee44a,QB11,11,t2_ramsey,10.849436853278684,us,0.6919302291242256,1.0849436853278684e-05,s,6.919302291242256e-07,characterization.model.QB11.t2_time,25542108,False,False,2026-09-05T16:29:09.513375Z,2026-09-05T16:29:09.575682Z,2026-09-05T16:29:09.039147,2026-09-05T16:29:09.039147,2026-09-05_calibration_set_ID_81888b1e-7319-46e1-864d-9ad50ea93e94_quality_metrics.json,ccd7d31c8879fbce42850622fede2ccbb63598b3c58453f10f02ce05821c6c5f
2026-09-05,81888b1e-7319-46e1-864d-9ad50ea93e94,17f12c3b-bca2-4b6c-8900-3e4d4a9ee44a,QB11,11,t2_echo,22.657882556841418,us,1.6092556787149488,2.2657882556841417e-05,s,1.609255678714949e-06,characterization.model.QB11.t2_echo_time,25542088,False,False,2026-09-05T16:29:09.513375Z,2026-09-05T16:29:09.575682Z,2026-09-05T16:29:09.039147,2026-09-05T16:29:09.039147,2026-09-05_calibration_set_ID_81888b1e-7319-46e1-864d-9ad50ea93e94_quality_metrics.json,ccd7d31c8879fbce42850622fede2ccbb63598b3c58453f10f02ce05821c6c5f
2026-09-05,81888b1e-7319-46e1-864d-9ad50ea93e94,17f12c3b-bca2-4b6c-8900-3e4d4a9ee44a,QB11,11,readout_error,1.4349999999999974,%,0.08349621962317498,0.98565,,0.0008349621962317498,metrics.ssro.measure_fidelity.constant.QB11.fidelity,25541925,False,False,2026-09-05T16:29:09.513375Z,2026-09-05T16:29:09.575682Z,2026-09-05T16:29:09.039147,2026-09-05T16:29:09.039147,2026-09-05_calibration_set_ID_81888b1e-7319-46e1-864d-9ad50ea93e94_quality_metrics.json,ccd7d31c8879fbce42850622fede2ccbb63598b3c58453f10f02ce05821c6c5f
2026-09-05,81888b1e-7319-46e1-864d-9ad50ea93e94,17f12c3b-bca2-4b6c-8900-3e4d4a9ee44a,QB11,11,readout_0_to_1,0.41000000000000003,%,0.06404735435498712,0.0041,,0.0006404735435498713,metrics.ssro.measure_fidelity.constant.QB11.error_0_to_1,25541950,False,False,2026-09-05T16:29:09.513375Z,2026-09-05T16:29:09.575682Z,2026-09-05T16:29:09.039147,2026-09-05T16:29:09.039147,2026-09-05_calibration_set_ID_81888b1e-7319-46e1-864d-9ad50ea93e94_quality_metrics.json,ccd7d31c8879fbce42850622fede2ccbb63598b3c58453f10f02ce05821c6c5f
2026-09-05,81888b1e-7319-46e1-864d-9ad50ea93e94,17f12c3b-bca2-4b6c-8900-3e4d4a9ee44a,QB11,11,readout_1_to_0,2.46,%,0.15422195422692772,0.0246,,0.0015422195422692773,metrics.ssro.measure_fidelity.constant.QB11.error_1_to_0,25541944,False,False,2026-09-05T16:29:09.513375Z,2026-09-05T16:29:09.575682Z,2026-09-05T16:29:09.039147,2026-09-05T16:29:09.039147,2026-09-05_calibration_set_ID_81888b1e-7319-46e1-864d-9ad50ea93e94_quality_metrics.json,ccd7d31c8879fbce42850622fede2ccbb63598b3c58453f10f02ce05821c6c5f
2026-09-05,81888b1e-7319-46e1-864d-9ad50ea93e94,17f12c3b-bca2-4b6c-8900-3e4d4a9ee44a,QB12,12,prx_error,0.2105015377432351,%,0.0223718271588141,0.9978949846225676,,0.000223718271588141,metrics.rb.prx.drag_crf_sx.QB12.fidelity:par=d2,25542056,False,False,2026-09-05T16:29:09.513375Z,2026-09-05T16:29:09.575682Z,2026-09-05T16:29:09.039147,2026-09-05T16:29:09.039147,2026-09-05_calibration_set_ID_81888b1e-7319-46e1-864d-9ad50ea93e94_quality_metrics.json,ccd7d31c8879fbce42850622fede2ccbb63598b3c58453f10f02ce05821c6c5f
2026-09-05,81888b1e-7319-46e1-864d-9ad50ea93e94,17f12c3b-bca2-4b6c-8900-3e4d4a9ee44a,QB12,12,t1,53.17330521977353,us,2.8183602098663654,5.3173305219773535e-05,s,2.8183602098663656e-06,characterization.model.QB12.t1_time,25542068,False,False,2026-09-05T16:29:09.513375Z,2026-09-05T16:29:09.575682Z,2026-09-05T16:29:09.039147,2026-09-05T16:29:09.039147,2026-09-05_calibration_set_ID_81888b1e-7319-46e1-864d-9ad50ea93e94_quality_metrics.json,ccd7d31c8879fbce42850622fede2ccbb63598b3c58453f10f02ce05821c6c5f
2026-09-05,81888b1e-7319-46e1-864d-9ad50ea93e94,17f12c3b-bca2-4b6c-8900-3e4d4a9ee44a,QB12,12,t2_ramsey,3.682903790050821,us,0.3123119172265681,3.6829037900508206e-06,s,3.123119172265681e-07,characterization.model.QB12.t2_time,25542119,False,False,2026-09-05T16:29:09.513375Z,2026-09-05T16:29:09.575682Z,2026-09-05T16:29:09.039147,2026-09-05T16:29:09.039147,2026-09-05_calibration_set_ID_81888b1e-7319-46e1-864d-9ad50ea93e94_quality_metrics.json,ccd7d31c8879fbce42850622fede2ccbb63598b3c58453f10f02ce05821c6c5f
2026-09-05,81888b1e-7319-46e1-864d-9ad50ea93e94,17f12c3b-bca2-4b6c-8900-3e4d4a9ee44a,QB12,12,t2_echo,19.993428583503107,us,1.4696985641650884,1.999342858350311e-05,s,1.4696985641650884e-06,characterization.model.QB12.t2_echo_time,25542099,False,False,2026-09-05T16:29:09.513375Z,2026-09-05T16:29:09.575682Z,2026-09-05T16:29:09.039147,2026-09-05T16:29:09.039147,2026-09-05_calibration_set_ID_81888b1e-7319-46e1-864d-9ad50ea93e94_quality_metrics.json,ccd7d31c8879fbce42850622fede2ccbb63598b3c58453f10f02ce05821c6c5f
2026-09-05,81888b1e-7319-46e1-864d-9ad50ea93e94,17f12c3b-bca2-4b6c-8900-3e4d4a9ee44a,QB12,12,readout_error,1.1900000000000022,%,0.07644060021338524,0.9881,,0.0007644060021338524,metrics.ssro.measure_fidelity.constant.QB12.fidelity,25541955,False,False,2026-09-05T16:29:09.513375Z,2026-09-05T16:29:09.575682Z,2026-09-05T16:29:09.039147,2026-09-05T16:29:09.039147,2026-09-05_calibration_set_ID_81888b1e-7319-46e1-864d-9ad50ea93e94_quality_metrics.json,ccd7d31c8879fbce42850622fede2ccbb63598b3c58453f10f02ce05821c6c5f
2026-09-05,81888b1e-7319-46e1-864d-9ad50ea93e94,17f12c3b-bca2-4b6c-8900-3e4d4a9ee44a,QB12,12,readout_0_to_1,1.03,%,0.10070946812724456,0.0103,,0.0010070946812724456,metrics.ssro.measure_fidelity.constant.QB12.error_0_to_1,25541908,False,False,2026-09-05T16:29:09.513375Z,2026-09-05T16:29:09.575682Z,2026-09-05T16:29:09.039147,2026-09-05T16:29:09.039147,2026-09-05_calibration_set_ID_81888b1e-7319-46e1-864d-9ad50ea93e94_quality_metrics.json,ccd7d31c8879fbce42850622fede2ccbb63598b3c58453f10f02ce05821c6c5f
2026-09-05,81888b1e-7319-46e1-864d-9ad50ea93e94,17f12c3b-bca2-4b6c-8900-3e4d4a9ee44a,QB12,12,readout_1_to_0,1.35,%,0.1150228867376309,0.0135,,0.0011502288673763091,metrics.ssro.measure_fidelity.constant.QB12.error_1_to_0,25541927,False,False,2026-09-05T16:29:09.513375Z,2026-09-05T16:29:09.575682Z,2026-09-05T16:29:09.039147,2026-09-05T16:29:09.039147,2026-09-05_calibration_set_ID_81888b1e-7319-46e1-864d-9ad50ea93e94_quality_metrics.json,ccd7d31c8879fbce42850622fede2ccbb63598b3c58453f10f02ce05821c6c5f
2026-09-05,81888b1e-7319-46e1-864d-9ad50ea93e94,17f12c3b-bca2-4b6c-8900-3e4d4a9ee44a,QB13,13,prx_error,0.7194818959898375,%,0.05358037263576659,0.9928051810401016,,0.0005358037263576659,metrics.rb.prx.drag_crf_sx.QB13.fidelity:par=d2,25542036,False,False,2026-09-05T16:29:09.513375Z,2026-09-05T16:29:09.575682Z,2026-09-05T16:29:09.039147,2026-09-05T16:29:09.039147,2026-09-05_calibration_set_ID_81888b1e-7319-46e1-864d-9ad50ea93e94_quality_metrics.json,ccd7d31c8879fbce42850622fede2ccbb63598b3c58453f10f02ce05821c6c5f
2026-09-05,81888b1e-7319-46e1-864d-9ad50ea93e94,17f12c3b-bca2-4b6c-8900-3e4d4a9ee44a,QB13,13,t1,60.932685759936014,us,3.8297300379749633,6.093268575993601e-05,s,3.829730037974963e-06,characterization.model.QB13.t1_time,25542078,False,False,2026-09-05T16:29:09.513375Z,2026-09-05T16:29:09.575682Z,2026-09-05T16:29:09.039147,2026-09-05T16:29:09.039147,2026-09-05_calibration_set_ID_81888b1e-7319-46e1-864d-9ad50ea93e94_quality_metrics.json,ccd7d31c8879fbce42850622fede2ccbb63598b3c58453f10f02ce05821c6c5f
2026-09-05,81888b1e-7319-46e1-864d-9ad50ea93e94,17f12c3b-bca2-4b6c-8900-3e4d4a9ee44a,QB13,13,t2_ramsey,13.40465649744664,us,0.9336992276798286,1.340465649744664e-05,s,9.336992276798286e-07,characterization.model.QB13.t2_time,25542109,False,False,2026-09-05T16:29:09.513375Z,2026-09-05T16:29:09.575682Z,2026-09-05T16:29:09.039147,2026-09-05T16:29:09.039147,2026-09-05_calibration_set_ID_81888b1e-7319-46e1-864d-9ad50ea93e94_quality_metrics.json,ccd7d31c8879fbce42850622fede2ccbb63598b3c58453f10f02ce05821c6c5f
2026-09-05,81888b1e-7319-46e1-864d-9ad50ea93e94,17f12c3b-bca2-4b6c-8900-3e4d4a9ee44a,QB13,13,t2_echo,28.31643631747,us,2.0489650828938584,2.831643631747e-05,s,2.0489650828938586e-06,characterization.model.QB13.t2_echo_time,25542089,False,False,2026-09-05T16:29:09.513375Z,2026-09-05T16:29:09.575682Z,2026-09-05T16:29:09.039147,2026-09-05T16:29:09.039147,2026-09-05_calibration_set_ID_81888b1e-7319-46e1-864d-9ad50ea93e94_quality_metrics.json,ccd7d31c8879fbce42850622fede2ccbb63598b3c58453f10f02ce05821c6c5f
2026-09-05,81888b1e-7319-46e1-864d-9ad50ea93e94,17f12c3b-bca2-4b6c-8900-3e4d4a9ee44a,QB13,13,readout_error,2.015,%,0.09894473307937487,0.97985,,0.0009894473307937488,metrics.ssro.measure_fidelity.constant.QB13.fidelity,25541909,False,False,2026-09-05T16:29:09.513375Z,2026-09-05T16:29:09.575682Z,2026-09-05T16:29:09.039147,2026-09-05T16:29:09.039147,2026-09-05_calibration_set_ID_81888b1e-7319-46e1-864d-9ad50ea93e94_quality_metrics.json,ccd7d31c8879fbce42850622fede2ccbb63598b3c58453f10f02ce05821c6c5f
2026-09-05,81888b1e-7319-46e1-864d-9ad50ea93e94,17f12c3b-bca2-4b6c-8900-3e4d4a9ee44a,QB13,13,readout_0_to_1,1.8599999999999999,%,0.1345723364956454,0.0186,,0.001345723364956454,metrics.ssro.measure_fidelity.constant.QB13.error_0_to_1,25541942,False,False,2026-09-05T16:29:09.513375Z,2026-09-05T16:29:09.575682Z,2026-09-05T16:29:09.039147,2026-09-05T16:29:09.039147,2026-09-05_calibration_set_ID_81888b1e-7319-46e1-864d-9ad50ea93e94_quality_metrics.json,ccd7d31c8879fbce42850622fede2ccbb63598b3c58453f10f02ce05821c6c5f
2026-09-05,81888b1e-7319-46e1-864d-9ad50ea93e94,17f12c3b-bca2-4b6c-8900-3e4d4a9ee44a,QB13,13,readout_1_to_0,2.17,%,0.14508799766589156,0.0217,,0.0014508799766589156,metrics.ssro.measure_fidelity.constant.QB13.error_1_to_0,25541905,False,False,2026-09-05T16:29:09.513375Z,2026-09-05T16:29:09.575682Z,2026-09-05T16:29:09.039147,2026-09-05T16:29:09.039147,2026-09-05_calibration_set_ID_81888b1e-7319-46e1-864d-9ad50ea93e94_quality_metrics.json,ccd7d31c8879fbce42850622fede2ccbb63598b3c58453f10f02ce05821c6c5f
2026-09-05,81888b1e-7319-46e1-864d-9ad50ea93e94,17f12c3b-bca2-4b6c-8900-3e4d4a9ee44a,QB14,14,prx_error,0.04156780755943945,%,0.0012449418688678876,0.9995843219244056,,1.2449418688678876e-05,metrics.rb.prx.drag_crf_sx.QB14.fidelity:par=d2,25542058,False,False,2026-09-05T16:29:09.513375Z,2026-09-05T16:29:09.575682Z,2026-09-05T16:29:09.039147,2026-09-05T16:29:09.039147,2026-09-05_calibration_set_ID_81888b1e-7319-46e1-864d-9ad50ea93e94_quality_metrics.json,ccd7d31c8879fbce42850622fede2ccbb63598b3c58453f10f02ce05821c6c5f
2026-09-05,81888b1e-7319-46e1-864d-9ad50ea93e94,17f12c3b-bca2-4b6c-8900-3e4d4a9ee44a,QB14,14,t1,51.25458055441424,us,4.051638295479901,5.125458055441424e-05,s,4.051638295479901e-06,characterization.model.QB14.t1_time,25542069,False,False,2026-09-05T16:29:09.513375Z,2026-09-05T16:29:09.575682Z,2026-09-05T16:29:09.039147,2026-09-05T16:29:09.039147,2026-09-05_calibration_set_ID_81888b1e-7319-46e1-864d-9ad50ea93e94_quality_metrics.json,ccd7d31c8879fbce42850622fede2ccbb63598b3c58453f10f02ce05821c6c5f
2026-09-05,81888b1e-7319-46e1-864d-9ad50ea93e94,17f12c3b-bca2-4b6c-8900-3e4d4a9ee44a,QB14,14,t2_ramsey,8.771145257855649,us,0.6500348713792653,8.771145257855648e-06,s,6.500348713792653e-07,characterization.model.QB14.t2_time,25542120,False,False,2026-09-05T16:29:09.513375Z,2026-09-05T16:29:09.575682Z,2026-09-05T16:29:09.039147,2026-09-05T16:29:09.039147,2026-09-05_calibration_set_ID_81888b1e-7319-46e1-864d-9ad50ea93e94_quality_metrics.json,ccd7d31c8879fbce42850622fede2ccbb63598b3c58453f10f02ce05821c6c5f
2026-09-05,81888b1e-7319-46e1-864d-9ad50ea93e94,17f12c3b-bca2-4b6c-8900-3e4d4a9ee44a,QB14,14,t2_echo,24.276398660400258,us,1.1124960460784201,2.4276398660400257e-05,s,1.1124960460784202e-06,characterization.model.QB14.t2_echo_time,25542100,False,False,2026-09-05T16:29:09.513375Z,2026-09-05T16:29:09.575682Z,2026-09-05T16:29:09.039147,2026-09-05T16:29:09.039147,2026-09-05_calibration_set_ID_81888b1e-7319-46e1-864d-9ad50ea93e94_quality_metrics.json,ccd7d31c8879fbce42850622fede2ccbb63598b3c58453f10f02ce05821c6c5f
2026-09-05,81888b1e-7319-46e1-864d-9ad50ea93e94,17f12c3b-bca2-4b6c-8900-3e4d4a9ee44a,QB14,14,readout_error,1.7249999999999988,%,0.09171028939894192,0.98275,,0.0009171028939894192,metrics.ssro.measure_fidelity.constant.QB14.fidelity,25541960,False,False,2026-09-05T16:29:09.513375Z,2026-09-05T16:29:09.575682Z,2026-09-05T16:29:09.039147,2026-09-05T16:29:09.039147,2026-09-05_calibration_set_ID_81888b1e-7319-46e1-864d-9ad50ea93e94_quality_metrics.json,ccd7d31c8879fbce42850622fede2ccbb63598b3c58453f10f02ce05821c6c5f
2026-09-05,81888b1e-7319-46e1-864d-9ad50ea93e94,17f12c3b-bca2-4b6c-8900-3e4d4a9ee44a,QB14,14,readout_0_to_1,1.6,%,0.12501430410087194,0.016,,0.0012501430410087194,metrics.ssro.measure_fidelity.constant.QB14.error_0_to_1,25541940,False,False,2026-09-05T16:29:09.513375Z,2026-09-05T16:29:09.575682Z,2026-09-05T16:29:09.039147,2026-09-05T16:29:09.039147,2026-09-05_calibration_set_ID_81888b1e-7319-46e1-864d-9ad50ea93e94_quality_metrics.json,ccd7d31c8879fbce42850622fede2ccbb63598b3c58453f10f02ce05821c6c5f
2026-09-05,81888b1e-7319-46e1-864d-9ad50ea93e94,17f12c3b-bca2-4b6c-8900-3e4d4a9ee44a,QB14,14,readout_1_to_0,1.8499999999999999,%,0.13421822714045004,0.0185,,0.0013421822714045004,metrics.ssro.measure_fidelity.constant.QB14.error_1_to_0,25541911,False,False,2026-09-05T16:29:09.513375Z,2026-09-05T16:29:09.575682Z,2026-09-05T16:29:09.039147,2026-09-05T16:29:09.039147,2026-09-05_calibration_set_ID_81888b1e-7319-46e1-864d-9ad50ea93e94_quality_metrics.json,ccd7d31c8879fbce42850622fede2ccbb63598b3c58453f10f02ce05821c6c5f
2026-09-05,81888b1e-7319-46e1-864d-9ad50ea93e94,17f12c3b-bca2-4b6c-8900-3e4d4a9ee44a,QB15,15,prx_error,0.05858849754184492,%,0.0018414506409902532,0.9994141150245816,,1.841450640990253e-05,metrics.rb.prx.drag_crf_sx.QB15.fidelity:par=d2,25542038,False,False,2026-09-05T16:29:09.513375Z,2026-09-05T16:29:09.575682Z,2026-09-05T16:29:09.039147,2026-09-05T16:29:09.039147,2026-09-05_calibration_set_ID_81888b1e-7319-46e1-864d-9ad50ea93e94_quality_metrics.json,ccd7d31c8879fbce42850622fede2ccbb63598b3c58453f10f02ce05821c6c5f
2026-09-05,81888b1e-7319-46e1-864d-9ad50ea93e94,17f12c3b-bca2-4b6c-8900-3e4d4a9ee44a,QB15,15,t1,57.6043913281663,us,6.742650322525887,5.76043913281663e-05,s,6.742650322525887e-06,characterization.model.QB15.t1_time,25542079,False,False,2026-09-05T16:29:09.513375Z,2026-09-05T16:29:09.575682Z,2026-09-05T16:29:09.039147,2026-09-05T16:29:09.039147,2026-09-05_calibration_set_ID_81888b1e-7319-46e1-864d-9ad50ea93e94_quality_metrics.json,ccd7d31c8879fbce42850622fede2ccbb63598b3c58453f10f02ce05821c6c5f
2026-09-05,81888b1e-7319-46e1-864d-9ad50ea93e94,17f12c3b-bca2-4b6c-8900-3e4d4a9ee44a,QB15,15,t2_ramsey,14.362101142424356,us,1.3701586172982887,1.4362101142424355e-05,s,1.3701586172982887e-06,characterization.model.QB15.t2_time,25542110,False,False,2026-09-05T16:29:09.513375Z,2026-09-05T16:29:09.575682Z,2026-09-05T16:29:09.039147,2026-09-05T16:29:09.039147,2026-09-05_calibration_set_ID_81888b1e-7319-46e1-864d-9ad50ea93e94_quality_metrics.json,ccd7d31c8879fbce42850622fede2ccbb63598b3c58453f10f02ce05821c6c5f
2026-09-05,81888b1e-7319-46e1-864d-9ad50ea93e94,17f12c3b-bca2-4b6c-8900-3e4d4a9ee44a,QB15,15,t2_echo,33.65182934094746,us,1.6679546476483478,3.365182934094746e-05,s,1.6679546476483477e-06,characterization.model.QB15.t2_echo_time,25542090,False,False,2026-09-05T16:29:09.513375Z,2026-09-05T16:29:09.575682Z,2026-09-05T16:29:09.039147,2026-09-05T16:29:09.039147,2026-09-05_calibration_set_ID_81888b1e-7319-46e1-864d-9ad50ea93e94_quality_metrics.json,ccd7d31c8879fbce42850622fede2ccbb63598b3c58453f10f02ce05821c6c5f
2026-09-05,81888b1e-7319-46e1-864d-9ad50ea93e94,17f12c3b-bca2-4b6c-8900-3e4d4a9ee44a,QB15,15,readout_error,3.8250000000000006,%,0.13462490245246386,0.96175,,0.0013462490245246385,metrics.ssro.measure_fidelity.constant.QB15.fidelity,25541952,False,False,2026-09-05T16:29:09.513375Z,2026-09-05T16:29:09.575682Z,2026-09-05T16:29:09.039147,2026-09-05T16:29:09.039147,2026-09-05_calibration_set_ID_81888b1e-7319-46e1-864d-9ad50ea93e94_quality_metrics.json,ccd7d31c8879fbce42850622fede2ccbb63598b3c58453f10f02ce05821c6c5f
2026-09-05,81888b1e-7319-46e1-864d-9ad50ea93e94,17f12c3b-bca2-4b6c-8900-3e4d4a9ee44a,QB15,15,readout_0_to_1,2.4699999999999998,%,0.15452632943787906,0.0247,,0.0015452632943787905,metrics.ssro.measure_fidelity.constant.QB15.error_0_to_1,25541931,False,False,2026-09-05T16:29:09.513375Z,2026-09-05T16:29:09.575682Z,2026-09-05T16:29:09.039147,2026-09-05T16:29:09.039147,2026-09-05_calibration_set_ID_81888b1e-7319-46e1-864d-9ad50ea93e94_quality_metrics.json,ccd7d31c8879fbce42850622fede2ccbb63598b3c58453f10f02ce05821c6c5f
2026-09-05,81888b1e-7319-46e1-864d-9ad50ea93e94,17f12c3b-bca2-4b6c-8900-3e4d4a9ee44a,QB15,15,readout_1_to_0,5.18,%,0.22049279115607773,0.0518,,0.002204927911560777,metrics.ssro.measure_fidelity.constant.QB15.error_1_to_0,25541936,False,False,2026-09-05T16:29:09.513375Z,2026-09-05T16:29:09.575682Z,2026-09-05T16:29:09.039147,2026-09-05T16:29:09.039147,2026-09-05_calibration_set_ID_81888b1e-7319-46e1-864d-9ad50ea93e94_quality_metrics.json,ccd7d31c8879fbce42850622fede2ccbb63598b3c58453f10f02ce05821c6c5f
2026-09-05,81888b1e-7319-46e1-864d-9ad50ea93e94,17f12c3b-bca2-4b6c-8900-3e4d4a9ee44a,QB16,16,prx_error,0.03742870817428079,%,0.0010732660605910118,0.9996257129182572,,1.0732660605910118e-05,metrics.rb.prx.drag_crf_sx.QB16.fidelity:par=d2,25542060,False,False,2026-09-05T16:29:09.513375Z,2026-09-05T16:29:09.575682Z,2026-09-05T16:29:09.039147,2026-09-05T16:29:09.039147,2026-09-05_calibration_set_ID_81888b1e-7319-46e1-864d-9ad50ea93e94_quality_metrics.json,ccd7d31c8879fbce42850622fede2ccbb63598b3c58453f10f02ce05821c6c5f
2026-09-05,81888b1e-7319-46e1-864d-9ad50ea93e94,17f12c3b-bca2-4b6c-8900-3e4d4a9ee44a,QB16,16,t1,38.88869163802528,us,3.555782061583,3.888869163802528e-05,s,3.555782061583e-06,characterization.model.QB16.t1_time,25542070,False,False,2026-09-05T16:29:09.513375Z,2026-09-05T16:29:09.575682Z,2026-09-05T16:29:09.039147,2026-09-05T16:29:09.039147,2026-09-05_calibration_set_ID_81888b1e-7319-46e1-864d-9ad50ea93e94_quality_metrics.json,ccd7d31c8879fbce42850622fede2ccbb63598b3c58453f10f02ce05821c6c5f
2026-09-05,81888b1e-7319-46e1-864d-9ad50ea93e94,17f12c3b-bca2-4b6c-8900-3e4d4a9ee44a,QB16,16,t2_ramsey,8.206402575419128,us,0.4250096291523676,8.206402575419128e-06,s,4.250096291523676e-07,characterization.model.QB16.t2_time,25542121,False,False,2026-09-05T16:29:09.513375Z,2026-09-05T16:29:09.575682Z,2026-09-05T16:29:09.039147,2026-09-05T16:29:09.039147,2026-09-05_calibration_set_ID_81888b1e-7319-46e1-864d-9ad50ea93e94_quality_metrics.json,ccd7d31c8879fbce42850622fede2ccbb63598b3c58453f10f02ce05821c6c5f
2026-09-05,81888b1e-7319-46e1-864d-9ad50ea93e94,17f12c3b-bca2-4b6c-8900-3e4d4a9ee44a,QB16,16,t2_echo,21.406998690346146,us,1.1192319543751208,2.1406998690346145e-05,s,1.1192319543751207e-06,characterization.model.QB16.t2_echo_time,25542101,False,False,2026-09-05T16:29:09.513375Z,2026-09-05T16:29:09.575682Z,2026-09-05T16:29:09.039147,2026-09-05T16:29:09.039147,2026-09-05_calibration_set_ID_81888b1e-7319-46e1-864d-9ad50ea93e94_quality_metrics.json,ccd7d31c8879fbce42850622fede2ccbb63598b3c58453f10f02ce05821c6c5f
2026-09-05,81888b1e-7319-46e1-864d-9ad50ea93e94,17f12c3b-bca2-4b6c-8900-3e4d4a9ee44a,QB16,16,readout_error,2.4150000000000005,%,0.1079136188764403,0.97585,,0.001079136188764403,metrics.ssro.measure_fidelity.constant.QB16.fidelity,25541953,False,False,2026-09-05T16:29:09.513375Z,2026-09-05T16:29:09.575682Z,2026-09-05T16:29:09.039147,2026-09-05T16:29:09.039147,2026-09-05_calibration_set_ID_81888b1e-7319-46e1-864d-9ad50ea93e94_quality_metrics.json,ccd7d31c8879fbce42850622fede2ccbb63598b3c58453f10f02ce05821c6c5f
2026-09-05,81888b1e-7319-46e1-864d-9ad50ea93e94,17f12c3b-bca2-4b6c-8900-3e4d4a9ee44a,QB16,16,readout_0_to_1,1.5699999999999998,%,0.1238605311768881,0.0157,,0.001238605311768881,metrics.ssro.measure_fidelity.constant.QB16.error_0_to_1,25541947,False,False,2026-09-05T16:29:09.513375Z,2026-09-05T16:29:09.575682Z,2026-09-05T16:29:09.039147,2026-09-05T16:29:09.039147,2026-09-05_calibration_set_ID_81888b1e-7319-46e1-864d-9ad50ea93e94_quality_metrics.json,ccd7d31c8879fbce42850622fede2ccbb63598b3c58453f10f02ce05821c6c5f
2026-09-05,81888b1e-7319-46e1-864d-9ad50ea93e94,17f12c3b-bca2-4b6c-8900-3e4d4a9ee44a,QB16,16,readout_1_to_0,3.26,%,0.17674831080555647,0.0326,,0.0017674831080555647,metrics.ssro.measure_fidelity.constant.QB16.error_1_to_0,25541921,False,False,2026-09-05T16:29:09.513375Z,2026-09-05T16:29:09.575682Z,2026-09-05T16:29:09.039147,2026-09-05T16:29:09.039147,2026-09-05_calibration_set_ID_81888b1e-7319-46e1-864d-9ad50ea93e94_quality_metrics.json,ccd7d31c8879fbce42850622fede2ccbb63598b3c58453f10f02ce05821c6c5f
2026-09-05,81888b1e-7319-46e1-864d-9ad50ea93e94,17f12c3b-bca2-4b6c-8900-3e4d4a9ee44a,QB17,17,prx_error,0.05065041435210471,%,0.0037251087279779175,0.999493495856479,,3.7251087279779175e-05,metrics.rb.prx.drag_crf_sx.QB17.fidelity:par=d2,25542040,False,False,2026-09-05T16:29:09.513375Z,2026-09-05T16:29:09.575682Z,2026-09-05T16:29:09.039147,2026-09-05T16:29:09.039147,2026-09-05_calibration_set_ID_81888b1e-7319-46e1-864d-9ad50ea93e94_quality_metrics.json,ccd7d31c8879fbce42850622fede2ccbb63598b3c58453f10f02ce05821c6c5f
2026-09-05,81888b1e-7319-46e1-864d-9ad50ea93e94,17f12c3b-bca2-4b6c-8900-3e4d4a9ee44a,QB17,17,t1,42.79318411002627,us,4.702847955009718,4.2793184110026265e-05,s,4.702847955009718e-06,characterization.model.QB17.t1_time,25542080,False,False,2026-09-05T16:29:09.513375Z,2026-09-05T16:29:09.575682Z,2026-09-05T16:29:09.039147,2026-09-05T16:29:09.039147,2026-09-05_calibration_set_ID_81888b1e-7319-46e1-864d-9ad50ea93e94_quality_metrics.json,ccd7d31c8879fbce42850622fede2ccbb63598b3c58453f10f02ce05821c6c5f
2026-09-05,81888b1e-7319-46e1-864d-9ad50ea93e94,17f12c3b-bca2-4b6c-8900-3e4d4a9ee44a,QB17,17,t2_ramsey,11.54086570976391,us,0.8368417288212675,1.154086570976391e-05,s,8.368417288212675e-07,characterization.model.QB17.t2_time,25542111,False,False,2026-09-05T16:29:09.513375Z,2026-09-05T16:29:09.575682Z,2026-09-05T16:29:09.039147,2026-09-05T16:29:09.039147,2026-09-05_calibration_set_ID_81888b1e-7319-46e1-864d-9ad50ea93e94_quality_metrics.json,ccd7d31c8879fbce42850622fede2ccbb63598b3c58453f10f02ce05821c6c5f
2026-09-05,81888b1e-7319-46e1-864d-9ad50ea93e94,17f12c3b-bca2-4b6c-8900-3e4d4a9ee44a,QB17,17,t2_echo,30.280446506423758,us,1.8080736690322297,3.028044650642376e-05,s,1.8080736690322296e-06,characterization.model.QB17.t2_echo_time,25542091,False,False,2026-09-05T16:29:09.513375Z,2026-09-05T16:29:09.575682Z,2026-09-05T16:29:09.039147,2026-09-05T16:29:09.039147,2026-09-05_calibration_set_ID_81888b1e-7319-46e1-864d-9ad50ea93e94_quality_metrics.json,ccd7d31c8879fbce42850622fede2ccbb63598b3c58453f10f02ce05821c6c5f
2026-09-05,81888b1e-7319-46e1-864d-9ad50ea93e94,17f12c3b-bca2-4b6c-8900-3e4d4a9ee44a,QB17,17,readout_error,1.5149999999999997,%,0.08606427508428302,0.98485,,0.0008606427508428302,metrics.ssro.measure_fidelity.constant.QB17.fidelity,25541961,False,False,2026-09-05T16:29:09.513375Z,2026-09-05T16:29:09.575682Z,2026-09-05T16:29:09.039147,2026-09-05T16:29:09.039147,2026-09-05_calibration_set_ID_81888b1e-7319-46e1-864d-9ad50ea93e94_quality_metrics.json,ccd7d31c8879fbce42850622fede2ccbb63598b3c58453f10f02ce05821c6c5f
2026-09-05,81888b1e-7319-46e1-864d-9ad50ea93e94,17f12c3b-bca2-4b6c-8900-3e4d4a9ee44a,QB17,17,readout_0_to_1,1.4500000000000002,%,0.11912628515767147,0.0145,,0.0011912628515767147,metrics.ssro.measure_fidelity.constant.QB17.error_0_to_1,25541922,False,False,2026-09-05T16:29:09.513375Z,2026-09-05T16:29:09.575682Z,2026-09-05T16:29:09.039147,2026-09-05T16:29:09.039147,2026-09-05_calibration_set_ID_81888b1e-7319-46e1-864d-9ad50ea93e94_quality_metrics.json,ccd7d31c8879fbce42850622fede2ccbb63598b3c58453f10f02ce05821c6c5f
2026-09-05,81888b1e-7319-46e1-864d-9ad50ea93e94,17f12c3b-bca2-4b6c-8900-3e4d4a9ee44a,QB17,17,readout_1_to_0,1.58,%,0.12424639217162685,0.0158,,0.0012424639217162685,metrics.ssro.measure_fidelity.constant.QB17.error_1_to_0,25541906,False,False,2026-09-05T16:29:09.513375Z,2026-09-05T16:29:09.575682Z,2026-09-05T16:29:09.039147,2026-09-05T16:29:09.039147,2026-09-05_calibration_set_ID_81888b1e-7319-46e1-864d-9ad50ea93e94_quality_metrics.json,ccd7d31c8879fbce42850622fede2ccbb63598b3c58453f10f02ce05821c6c5f
2026-09-05,81888b1e-7319-46e1-864d-9ad50ea93e94,17f12c3b-bca2-4b6c-8900-3e4d4a9ee44a,QB18,18,prx_error,0.034297152284457066,%,0.0018608008032294917,0.9996570284771554,,1.8608008032294917e-05,metrics.rb.prx.drag_crf_sx.QB18.fidelity:par=d2,25542042,False,False,2026-09-05T16:29:09.513375Z,2026-09-05T16:29:09.575682Z,2026-09-05T16:29:09.039147,2026-09-05T16:29:09.039147,2026-09-05_calibration_set_ID_81888b1e-7319-46e1-864d-9ad50ea93e94_quality_metrics.json,ccd7d31c8879fbce42850622fede2ccbb63598b3c58453f10f02ce05821c6c5f
2026-09-05,81888b1e-7319-46e1-864d-9ad50ea93e94,17f12c3b-bca2-4b6c-8900-3e4d4a9ee44a,QB18,18,t1,38.6911422299758,us,2.4182767951223347,3.86911422299758e-05,s,2.418276795122335e-06,characterization.model.QB18.t1_time,25542081,False,False,2026-09-05T16:29:09.513375Z,2026-09-05T16:29:09.575682Z,2026-09-05T16:29:09.039147,2026-09-05T16:29:09.039147,2026-09-05_calibration_set_ID_81888b1e-7319-46e1-864d-9ad50ea93e94_quality_metrics.json,ccd7d31c8879fbce42850622fede2ccbb63598b3c58453f10f02ce05821c6c5f
2026-09-05,81888b1e-7319-46e1-864d-9ad50ea93e94,17f12c3b-bca2-4b6c-8900-3e4d4a9ee44a,QB18,18,t2_ramsey,11.879744240538503,us,0.5582924473066236,1.1879744240538503e-05,s,5.582924473066236e-07,characterization.model.QB18.t2_time,25542112,False,False,2026-09-05T16:29:09.513375Z,2026-09-05T16:29:09.575682Z,2026-09-05T16:29:09.039147,2026-09-05T16:29:09.039147,2026-09-05_calibration_set_ID_81888b1e-7319-46e1-864d-9ad50ea93e94_quality_metrics.json,ccd7d31c8879fbce42850622fede2ccbb63598b3c58453f10f02ce05821c6c5f
2026-09-05,81888b1e-7319-46e1-864d-9ad50ea93e94,17f12c3b-bca2-4b6c-8900-3e4d4a9ee44a,QB18,18,t2_echo,23.715981191183566,us,1.3700537003455295,2.3715981191183565e-05,s,1.3700537003455295e-06,characterization.model.QB18.t2_echo_time,25542092,False,False,2026-09-05T16:29:09.513375Z,2026-09-05T16:29:09.575682Z,2026-09-05T16:29:09.039147,2026-09-05T16:29:09.039147,2026-09-05_calibration_set_ID_81888b1e-7319-46e1-864d-9ad50ea93e94_quality_metrics.json,ccd7d31c8879fbce42850622fede2ccbb63598b3c58453f10f02ce05821c6c5f
2026-09-05,81888b1e-7319-46e1-864d-9ad50ea93e94,17f12c3b-bca2-4b6c-8900-3e4d4a9ee44a,QB18,18,readout_error,1.31,%,0.0800449632512534,0.9869,,0.0008004496325125341,metrics.ssro.measure_fidelity.constant.QB18.fidelity,25541914,False,False,2026-09-05T16:29:09.513375Z,2026-09-05T16:29:09.575682Z,2026-09-05T16:29:09.039147,2026-09-05T16:29:09.039147,2026-09-05_calibration_set_ID_81888b1e-7319-46e1-864d-9ad50ea93e94_quality_metrics.json,ccd7d31c8879fbce42850622fede2ccbb63598b3c58453f10f02ce05821c6c5f
2026-09-05,81888b1e-7319-46e1-864d-9ad50ea93e94,17f12c3b-bca2-4b6c-8900-3e4d4a9ee44a,QB18,18,readout_0_to_1,0.75,%,0.0861621107775662,0.0075,,0.000861621107775662,metrics.ssro.measure_fidelity.constant.QB18.error_0_to_1,25541926,False,False,2026-09-05T16:29:09.513375Z,2026-09-05T16:29:09.575682Z,2026-09-05T16:29:09.039147,2026-09-05T16:29:09.039147,2026-09-05_calibration_set_ID_81888b1e-7319-46e1-864d-9ad50ea93e94_quality_metrics.json,ccd7d31c8879fbce42850622fede2ccbb63598b3c58453f10f02ce05821c6c5f
2026-09-05,81888b1e-7319-46e1-864d-9ad50ea93e94,17f12c3b-bca2-4b6c-8900-3e4d4a9ee44a,QB18,18,readout_1_to_0,1.87,%,0.13492544324156375,0.0187,,0.0013492544324156374,metrics.ssro.measure_fidelity.constant.QB18.error_1_to_0,25541924,False,False,2026-09-05T16:29:09.513375Z,2026-09-05T16:29:09.575682Z,2026-09-05T16:29:09.039147,2026-09-05T16:29:09.039147,2026-09-05_calibration_set_ID_81888b1e-7319-46e1-864d-9ad50ea93e94_quality_metrics.json,ccd7d31c8879fbce42850622fede2ccbb63598b3c58453f10f02ce05821c6c5f
2026-09-05,81888b1e-7319-46e1-864d-9ad50ea93e94,17f12c3b-bca2-4b6c-8900-3e4d4a9ee44a,QB19,19,prx_error,0.033685376743097795,%,0.0017603331232748268,0.999663146232569,,1.760333123274827e-05,metrics.rb.prx.drag_crf_sx.QB19.fidelity:par=d2,25542062,False,False,2026-09-05T16:29:09.513375Z,2026-09-05T16:29:09.575682Z,2026-09-05T16:29:09.039147,2026-09-05T16:29:09.039147,2026-09-05_calibration_set_ID_81888b1e-7319-46e1-864d-9ad50ea93e94_quality_metrics.json,ccd7d31c8879fbce42850622fede2ccbb63598b3c58453f10f02ce05821c6c5f
2026-09-05,81888b1e-7319-46e1-864d-9ad50ea93e94,17f12c3b-bca2-4b6c-8900-3e4d4a9ee44a,QB19,19,t1,54.17678796471835,us,2.761828604148961,5.4176787964718354e-05,s,2.761828604148961e-06,characterization.model.QB19.t1_time,25542071,False,False,2026-09-05T16:29:09.513375Z,2026-09-05T16:29:09.575682Z,2026-09-05T16:29:09.039147,2026-09-05T16:29:09.039147,2026-09-05_calibration_set_ID_81888b1e-7319-46e1-864d-9ad50ea93e94_quality_metrics.json,ccd7d31c8879fbce42850622fede2ccbb63598b3c58453f10f02ce05821c6c5f
2026-09-05,81888b1e-7319-46e1-864d-9ad50ea93e94,17f12c3b-bca2-4b6c-8900-3e4d4a9ee44a,QB19,19,t2_ramsey,8.984730737665418,us,0.4383324377712437,8.984730737665418e-06,s,4.383324377712437e-07,characterization.model.QB19.t2_time,25542122,False,False,2026-09-05T16:29:09.513375Z,2026-09-05T16:29:09.575682Z,2026-09-05T16:29:09.039147,2026-09-05T16:29:09.039147,2026-09-05_calibration_set_ID_81888b1e-7319-46e1-864d-9ad50ea93e94_quality_metrics.json,ccd7d31c8879fbce42850622fede2ccbb63598b3c58453f10f02ce05821c6c5f
2026-09-05,81888b1e-7319-46e1-864d-9ad50ea93e94,17f12c3b-bca2-4b6c-8900-3e4d4a9ee44a,QB19,19,t2_echo,24.835978912056866,us,1.0837790577359063,2.4835978912056865e-05,s,1.0837790577359063e-06,characterization.model.QB19.t2_echo_time,25542102,False,False,2026-09-05T16:29:09.513375Z,2026-09-05T16:29:09.575682Z,2026-09-05T16:29:09.039147,2026-09-05T16:29:09.039147,2026-09-05_calibration_set_ID_81888b1e-7319-46e1-864d-9ad50ea93e94_quality_metrics.json,ccd7d31c8879fbce42850622fede2ccbb63598b3c58453f10f02ce05821c6c5f
2026-09-05,81888b1e-7319-46e1-864d-9ad50ea93e94,17f12c3b-bca2-4b6c-8900-3e4d4a9ee44a,QB19,19,readout_error,1.7199999999999993,%,0.09150850176142392,0.9828,,0.0009150850176142392,metrics.ssro.measure_fidelity.constant.QB19.fidelity,25541941,False,False,2026-09-05T16:29:09.513375Z,2026-09-05T16:29:09.575682Z,2026-09-05T16:29:09.039147,2026-09-05T16:29:09.039147,2026-09-05_calibration_set_ID_81888b1e-7319-46e1-864d-9ad50ea93e94_quality_metrics.json,ccd7d31c8879fbce42850622fede2ccbb63598b3c58453f10f02ce05821c6c5f
2026-09-05,81888b1e-7319-46e1-864d-9ad50ea93e94,17f12c3b-bca2-4b6c-8900-3e4d4a9ee44a,QB19,19,readout_0_to_1,2.25,%,0.14766977558266572,0.0225,,0.0014766977558266572,metrics.ssro.measure_fidelity.constant.QB19.error_0_to_1,25541916,False,False,2026-09-05T16:29:09.513375Z,2026-09-05T16:29:09.575682Z,2026-09-05T16:29:09.039147,2026-09-05T16:29:09.039147,2026-09-05_calibration_set_ID_81888b1e-7319-46e1-864d-9ad50ea93e94_quality_metrics.json,ccd7d31c8879fbce42850622fede2ccbb63598b3c58453f10f02ce05821c6c5f
2026-09-05,81888b1e-7319-46e1-864d-9ad50ea93e94,17f12c3b-bca2-4b6c-8900-3e4d4a9ee44a,QB19,19,readout_1_to_0,1.1900000000000002,%,0.10811503576213281,0.0119,,0.001081150357621328,metrics.ssro.measure_fidelity.constant.QB19.error_1_to_0,25541951,False,False,2026-09-05T16:29:09.513375Z,2026-09-05T16:29:09.575682Z,2026-09-05T16:29:09.039147,2026-09-05T16:29:09.039147,2026-09-05_calibration_set_ID_81888b1e-7319-46e1-864d-9ad50ea93e94_quality_metrics.json,ccd7d31c8879fbce42850622fede2ccbb63598b3c58453f10f02ce05821c6c5f
2026-09-05,81888b1e-7319-46e1-864d-9ad50ea93e94,17f12c3b-bca2-4b6c-8900-3e4d4a9ee44a,QB20,20,prx_error,0.037879357358716614,%,0.0010927545248380645,0.9996212064264128,,1.0927545248380645e-05,metrics.rb.prx.drag_crf_sx.QB20.fidelity:par=d2,25542044,False,False,2026-09-05T16:29:09.513375Z,2026-09-05T16:29:09.575682Z,2026-09-05T16:29:09.039147,2026-09-05T16:29:09.039147,2026-09-05_calibration_set_ID_81888b1e-7319-46e1-864d-9ad50ea93e94_quality_metrics.json,ccd7d31c8879fbce42850622fede2ccbb63598b3c58453f10f02ce05821c6c5f
2026-09-05,81888b1e-7319-46e1-864d-9ad50ea93e94,17f12c3b-bca2-4b6c-8900-3e4d4a9ee44a,QB20,20,t1,43.23976332825344,us,2.8261205513691383,4.323976332825344e-05,s,2.8261205513691383e-06,characterization.model.QB20.t1_time,25542082,False,False,2026-09-05T16:29:09.513375Z,2026-09-05T16:29:09.575682Z,2026-09-05T16:29:09.039147,2026-09-05T16:29:09.039147,2026-09-05_calibration_set_ID_81888b1e-7319-46e1-864d-9ad50ea93e94_quality_metrics.json,ccd7d31c8879fbce42850622fede2ccbb63598b3c58453f10f02ce05821c6c5f
2026-09-05,81888b1e-7319-46e1-864d-9ad50ea93e94,17f12c3b-bca2-4b6c-8900-3e4d4a9ee44a,QB20,20,t2_ramsey,31.065290083162164,us,1.8509174851904988,3.1065290083162164e-05,s,1.850917485190499e-06,characterization.model.QB20.t2_time,25542113,False,False,2026-09-05T16:29:09.513375Z,2026-09-05T16:29:09.575682Z,2026-09-05T16:29:09.039147,2026-09-05T16:29:09.039147,2026-09-05_calibration_set_ID_81888b1e-7319-46e1-864d-9ad50ea93e94_quality_metrics.json,ccd7d31c8879fbce42850622fede2ccbb63598b3c58453f10f02ce05821c6c5f
2026-09-05,81888b1e-7319-46e1-864d-9ad50ea93e94,17f12c3b-bca2-4b6c-8900-3e4d4a9ee44a,QB20,20,t2_echo,42.29728185772392,us,2.7299153111399144,4.229728185772392e-05,s,2.7299153111399142e-06,characterization.model.QB20.t2_echo_time,25542093,False,False,2026-09-05T16:29:09.513375Z,2026-09-05T16:29:09.575682Z,2026-09-05T16:29:09.039147,2026-09-05T16:29:09.039147,2026-09-05_calibration_set_ID_81888b1e-7319-46e1-864d-9ad50ea93e94_quality_metrics.json,ccd7d31c8879fbce42850622fede2ccbb63598b3c58453f10f02ce05821c6c5f
2026-09-05,81888b1e-7319-46e1-864d-9ad50ea93e94,17f12c3b-bca2-4b6c-8900-3e4d4a9ee44a,QB20,20,readout_error,1.4650000000000052,%,0.0846610895706436,0.98535,,0.0008466108957064359,metrics.ssro.measure_fidelity.constant.QB20.fidelity,25541918,False,False,2026-09-05T16:29:09.513375Z,2026-09-05T16:29:09.575682Z,2026-09-05T16:29:09.039147,2026-09-05T16:29:09.039147,2026-09-05_calibration_set_ID_81888b1e-7319-46e1-864d-9ad50ea93e94_quality_metrics.json,ccd7d31c8879fbce42850622fede2ccbb63598b3c58453f10f02ce05821c6c5f
2026-09-05,81888b1e-7319-46e1-864d-9ad50ea93e94,17f12c3b-bca2-4b6c-8900-3e4d4a9ee44a,QB20,20,readout_0_to_1,1.48,%,0.12032841947639504,0.0148,,0.0012032841947639504,metrics.ssro.measure_fidelity.constant.QB20.error_0_to_1,25541934,False,False,2026-09-05T16:29:09.513375Z,2026-09-05T16:29:09.575682Z,2026-09-05T16:29:09.039147,2026-09-05T16:29:09.039147,2026-09-05_calibration_set_ID_81888b1e-7319-46e1-864d-9ad50ea93e94_quality_metrics.json,ccd7d31c8879fbce42850622fede2ccbb63598b3c58453f10f02ce05821c6c5f
2026-09-05,81888b1e-7319-46e1-864d-9ad50ea93e94,17f12c3b-bca2-4b6c-8900-3e4d4a9ee44a,QB20,20,readout_1_to_0,1.4500000000000002,%,0.11912628515767147,0.0145,,0.0011912628515767147,metrics.ssro.measure_fidelity.constant.QB20.error_1_to_0,25541948,False,False,2026-09-05T16:29:09.513375Z,2026-09-05T16:29:09.575682Z,2026-09-05T16:29:09.039147,2026-09-05T16:29:09.039147,2026-09-05_calibration_set_ID_81888b1e-7319-46e1-864d-9ad50ea93e94_quality_metrics.json,ccd7d31c8879fbce42850622fede2ccbb63598b3c58453f10f02ce05821c6c5f
2026-09-15,bebc6c4d-7ae3-4784-8ce5-d72ea62dd621,c858ad5f-8303-4f04-bbc9-c1d7169ae78e,QB1,1,prx_error,0.126419887171203,%,0.002706998146031027,0.998735801128288,,2.706998146031027e-05,metrics.rb.prx.drag_crf_sx.QB1.fidelity:par=d2,25957559,False,False,2026-09-15T02:28:16.732049Z,2026-09-15T02:28:16.796964Z,2026-09-15T02:28:16.152294,2026-09-15T02:28:16.152294,2026-09-15_calibration_set_ID_bebc6c4d-7ae3-4784-8ce5-d72ea62dd621_quality_metrics.json,986ebb567153fad8fd2eafc10d963b3759bf91f096a422c29d7630d5a6ef81c2
2026-09-15,bebc6c4d-7ae3-4784-8ce5-d72ea62dd621,c858ad5f-8303-4f04-bbc9-c1d7169ae78e,QB1,1,t1,23.63647167179837,us,1.9669941573957836,2.363647167179837e-05,s,1.9669941573957836e-06,characterization.model.QB1.t1_time,25957598,False,False,2026-09-15T02:28:16.732049Z,2026-09-15T02:28:16.796964Z,2026-09-15T02:28:16.152294,2026-09-15T02:28:16.152294,2026-09-15_calibration_set_ID_bebc6c4d-7ae3-4784-8ce5-d72ea62dd621_quality_metrics.json,986ebb567153fad8fd2eafc10d963b3759bf91f096a422c29d7630d5a6ef81c2
2026-09-15,bebc6c4d-7ae3-4784-8ce5-d72ea62dd621,c858ad5f-8303-4f04-bbc9-c1d7169ae78e,QB1,1,t2_ramsey,9.168098070812777,us,0.5461290404336969,9.168098070812777e-06,s,5.461290404336969e-07,characterization.model.QB1.t2_time,25957638,False,False,2026-09-15T02:28:16.732049Z,2026-09-15T02:28:16.796964Z,2026-09-15T02:28:16.152294,2026-09-15T02:28:16.152294,2026-09-15_calibration_set_ID_bebc6c4d-7ae3-4784-8ce5-d72ea62dd621_quality_metrics.json,986ebb567153fad8fd2eafc10d963b3759bf91f096a422c29d7630d5a6ef81c2
2026-09-15,bebc6c4d-7ae3-4784-8ce5-d72ea62dd621,c858ad5f-8303-4f04-bbc9-c1d7169ae78e,QB1,1,t2_echo,18.26981917993685,us,1.0633474920132264,1.826981917993685e-05,s,1.0633474920132264e-06,characterization.model.QB1.t2_echo_time,25957627,False,False,2026-09-15T02:28:16.732049Z,2026-09-15T02:28:16.796964Z,2026-09-15T02:28:16.152294,2026-09-15T02:28:16.152294,2026-09-15_calibration_set_ID_bebc6c4d-7ae3-4784-8ce5-d72ea62dd621_quality_metrics.json,986ebb567153fad8fd2eafc10d963b3759bf91f096a422c29d7630d5a6ef81c2
2026-09-15,bebc6c4d-7ae3-4784-8ce5-d72ea62dd621,c858ad5f-8303-4f04-bbc9-c1d7169ae78e,QB1,1,readout_error,1.0650000000000048,%,0.07231465957627645,0.98935,,0.0007231465957627645,metrics.ssro.measure_fidelity.constant.QB1.fidelity,25957485,False,False,2026-09-15T02:28:16.732049Z,2026-09-15T02:28:16.796964Z,2026-09-15T02:28:16.152294,2026-09-15T02:28:16.152294,2026-09-15_calibration_set_ID_bebc6c4d-7ae3-4784-8ce5-d72ea62dd621_quality_metrics.json,986ebb567153fad8fd2eafc10d963b3759bf91f096a422c29d7630d5a6ef81c2
2026-09-15,bebc6c4d-7ae3-4784-8ce5-d72ea62dd621,c858ad5f-8303-4f04-bbc9-c1d7169ae78e,QB1,1,readout_0_to_1,0.59,%,0.07657370136205867,0.0059,,0.0007657370136205867,metrics.ssro.measure_fidelity.constant.QB1.error_0_to_1,25957483,False,False,2026-09-15T02:28:16.732049Z,2026-09-15T02:28:16.796964Z,2026-09-15T02:28:16.152294,2026-09-15T02:28:16.152294,2026-09-15_calibration_set_ID_bebc6c4d-7ae3-4784-8ce5-d72ea62dd621_quality_metrics.json,986ebb567153fad8fd2eafc10d963b3759bf91f096a422c29d7630d5a6ef81c2
2026-09-15,bebc6c4d-7ae3-4784-8ce5-d72ea62dd621,c858ad5f-8303-4f04-bbc9-c1d7169ae78e,QB1,1,readout_1_to_0,1.54,%,0.12269518416892025,0.0154,,0.0012269518416892025,metrics.ssro.measure_fidelity.constant.QB1.error_1_to_0,25957470,False,False,2026-09-15T02:28:16.732049Z,2026-09-15T02:28:16.796964Z,2026-09-15T02:28:16.152294,2026-09-15T02:28:16.152294,2026-09-15_calibration_set_ID_bebc6c4d-7ae3-4784-8ce5-d72ea62dd621_quality_metrics.json,986ebb567153fad8fd2eafc10d963b3759bf91f096a422c29d7630d5a6ef81c2
2026-09-15,bebc6c4d-7ae3-4784-8ce5-d72ea62dd621,c858ad5f-8303-4f04-bbc9-c1d7169ae78e,QB2,2,prx_error,0.18184811270631762,%,0.020507966120331712,0.9981815188729368,,0.0002050796612033171,metrics.rb.prx.drag_crf_sx.QB2.fidelity:par=d2,25957581,False,False,2026-09-15T02:28:16.732049Z,2026-09-15T02:28:16.796964Z,2026-09-15T02:28:16.152294,2026-09-15T02:28:16.152294,2026-09-15_calibration_set_ID_bebc6c4d-7ae3-4784-8ce5-d72ea62dd621_quality_metrics.json,986ebb567153fad8fd2eafc10d963b3759bf91f096a422c29d7630d5a6ef81c2
2026-09-15,bebc6c4d-7ae3-4784-8ce5-d72ea62dd621,c858ad5f-8303-4f04-bbc9-c1d7169ae78e,QB2,2,t1,43.3093892624058,us,3.041241275090724,4.33093892624058e-05,s,3.0412412750907237e-06,characterization.model.QB2.t1_time,25957609,False,False,2026-09-15T02:28:16.732049Z,2026-09-15T02:28:16.796964Z,2026-09-15T02:28:16.152294,2026-09-15T02:28:16.152294,2026-09-15_calibration_set_ID_bebc6c4d-7ae3-4784-8ce5-d72ea62dd621_quality_metrics.json,986ebb567153fad8fd2eafc10d963b3759bf91f096a422c29d7630d5a6ef81c2
2026-09-15,bebc6c4d-7ae3-4784-8ce5-d72ea62dd621,c858ad5f-8303-4f04-bbc9-c1d7169ae78e,QB2,2,t2_ramsey,6.85841459625868,us,0.6160640293706088,6.858414596258681e-06,s,6.160640293706088e-07,characterization.model.QB2.t2_time,25957649,False,False,2026-09-15T02:28:16.732049Z,2026-09-15T02:28:16.796964Z,2026-09-15T02:28:16.152294,2026-09-15T02:28:16.152294,2026-09-15_calibration_set_ID_bebc6c4d-7ae3-4784-8ce5-d72ea62dd621_quality_metrics.json,986ebb567153fad8fd2eafc10d963b3759bf91f096a422c29d7630d5a6ef81c2
2026-09-15,bebc6c4d-7ae3-4784-8ce5-d72ea62dd621,c858ad5f-8303-4f04-bbc9-c1d7169ae78e,QB2,2,t2_echo,16.705503365722684,us,0.9305408543413233,1.6705503365722683e-05,s,9.305408543413232e-07,characterization.model.QB2.t2_echo_time,25957618,False,False,2026-09-15T02:28:16.732049Z,2026-09-15T02:28:16.796964Z,2026-09-15T02:28:16.152294,2026-09-15T02:28:16.152294,2026-09-15_calibration_set_ID_bebc6c4d-7ae3-4784-8ce5-d72ea62dd621_quality_metrics.json,986ebb567153fad8fd2eafc10d963b3759bf91f096a422c29d7630d5a6ef81c2
2026-09-15,bebc6c4d-7ae3-4784-8ce5-d72ea62dd621,c858ad5f-8303-4f04-bbc9-c1d7169ae78e,QB2,2,readout_error,2.5449999999999973,%,0.11061296553208522,0.97455,,0.0011061296553208522,metrics.ssro.measure_fidelity.constant.QB2.fidelity,25957448,False,False,2026-09-15T02:28:16.732049Z,2026-09-15T02:28:16.796964Z,2026-09-15T02:28:16.152294,2026-09-15T02:28:16.152294,2026-09-15_calibration_set_ID_bebc6c4d-7ae3-4784-8ce5-d72ea62dd621_quality_metrics.json,986ebb567153fad8fd2eafc10d963b3759bf91f096a422c29d7630d5a6ef81c2
2026-09-15,bebc6c4d-7ae3-4784-8ce5-d72ea62dd621,c858ad5f-8303-4f04-bbc9-c1d7169ae78e,QB2,2,readout_0_to_1,1.48,%,0.12032841947639504,0.0148,,0.0012032841947639504,metrics.ssro.measure_fidelity.constant.QB2.error_0_to_1,25957454,False,False,2026-09-15T02:28:16.732049Z,2026-09-15T02:28:16.796964Z,2026-09-15T02:28:16.152294,2026-09-15T02:28:16.152294,2026-09-15_calibration_set_ID_bebc6c4d-7ae3-4784-8ce5-d72ea62dd621_quality_metrics.json,986ebb567153fad8fd2eafc10d963b3759bf91f096a422c29d7630d5a6ef81c2
2026-09-15,bebc6c4d-7ae3-4784-8ce5-d72ea62dd621,c858ad5f-8303-4f04-bbc9-c1d7169ae78e,QB2,2,readout_1_to_0,3.61,%,0.18563939248317368,0.0361,,0.0018563939248317368,metrics.ssro.measure_fidelity.constant.QB2.error_1_to_0,25957447,False,False,2026-09-15T02:28:16.732049Z,2026-09-15T02:28:16.796964Z,2026-09-15T02:28:16.152294,2026-09-15T02:28:16.152294,2026-09-15_calibration_set_ID_bebc6c4d-7ae3-4784-8ce5-d72ea62dd621_quality_metrics.json,986ebb567153fad8fd2eafc10d963b3759bf91f096a422c29d7630d5a6ef81c2
2026-09-15,bebc6c4d-7ae3-4784-8ce5-d72ea62dd621,c858ad5f-8303-4f04-bbc9-c1d7169ae78e,QB3,3,prx_error,0.07260641658779488,%,0.0019906743039287194,0.999273935834122,,1.9906743039287195e-05,metrics.rb.prx.drag_crf_sx.QB3.fidelity:par=d2,25957561,False,False,2026-09-15T02:28:16.732049Z,2026-09-15T02:28:16.796964Z,2026-09-15T02:28:16.152294,2026-09-15T02:28:16.152294,2026-09-15_calibration_set_ID_bebc6c4d-7ae3-4784-8ce5-d72ea62dd621_quality_metrics.json,986ebb567153fad8fd2eafc10d963b3759bf91f096a422c29d7630d5a6ef81c2
2026-09-15,bebc6c4d-7ae3-4784-8ce5-d72ea62dd621,c858ad5f-8303-4f04-bbc9-c1d7169ae78e,QB3,3,t1,36.37734940793616,us,1.8571596844147016,3.637734940793616e-05,s,1.8571596844147017e-06,characterization.model.QB3.t1_time,25957599,False,False,2026-09-15T02:28:16.732049Z,2026-09-15T02:28:16.796964Z,2026-09-15T02:28:16.152294,2026-09-15T02:28:16.152294,2026-09-15_calibration_set_ID_bebc6c4d-7ae3-4784-8ce5-d72ea62dd621_quality_metrics.json,986ebb567153fad8fd2eafc10d963b3759bf91f096a422c29d7630d5a6ef81c2
2026-09-15,bebc6c4d-7ae3-4784-8ce5-d72ea62dd621,c858ad5f-8303-4f04-bbc9-c1d7169ae78e,QB3,3,t2_ramsey,11.857839656704249,us,1.406313273903288,1.1857839656704248e-05,s,1.406313273903288e-06,characterization.model.QB3.t2_time,25957639,False,False,2026-09-15T02:28:16.732049Z,2026-09-15T02:28:16.796964Z,2026-09-15T02:28:16.152294,2026-09-15T02:28:16.152294,2026-09-15_calibration_set_ID_bebc6c4d-7ae3-4784-8ce5-d72ea62dd621_quality_metrics.json,986ebb567153fad8fd2eafc10d963b3759bf91f096a422c29d7630d5a6ef81c2
2026-09-15,bebc6c4d-7ae3-4784-8ce5-d72ea62dd621,c858ad5f-8303-4f04-bbc9-c1d7169ae78e,QB3,3,t2_echo,21.39889457913968,us,1.300546837983938,2.139889457913968e-05,s,1.300546837983938e-06,characterization.model.QB3.t2_echo_time,25957628,False,False,2026-09-15T02:28:16.732049Z,2026-09-15T02:28:16.796964Z,2026-09-15T02:28:16.152294,2026-09-15T02:28:16.152294,2026-09-15_calibration_set_ID_bebc6c4d-7ae3-4784-8ce5-d72ea62dd621_quality_metrics.json,986ebb567153fad8fd2eafc10d963b3759bf91f096a422c29d7630d5a6ef81c2
2026-09-15,bebc6c4d-7ae3-4784-8ce5-d72ea62dd621,c858ad5f-8303-4f04-bbc9-c1d7169ae78e,QB3,3,readout_error,2.044999999999997,%,0.09966555336629852,0.97955,,0.0009966555336629853,metrics.ssro.measure_fidelity.constant.QB3.fidelity,25957453,False,False,2026-09-15T02:28:16.732049Z,2026-09-15T02:28:16.796964Z,2026-09-15T02:28:16.152294,2026-09-15T02:28:16.152294,2026-09-15_calibration_set_ID_bebc6c4d-7ae3-4784-8ce5-d72ea62dd621_quality_metrics.json,986ebb567153fad8fd2eafc10d963b3759bf91f096a422c29d7630d5a6ef81c2
2026-09-15,bebc6c4d-7ae3-4784-8ce5-d72ea62dd621,c858ad5f-8303-4f04-bbc9-c1d7169ae78e,QB3,3,readout_0_to_1,2.12,%,0.14344855294290138,0.0212,,0.0014344855294290138,metrics.ssro.measure_fidelity.constant.QB3.error_0_to_1,25957450,False,False,2026-09-15T02:28:16.732049Z,2026-09-15T02:28:16.796964Z,2026-09-15T02:28:16.152294,2026-09-15T02:28:16.152294,2026-09-15_calibration_set_ID_bebc6c4d-7ae3-4784-8ce5-d72ea62dd621_quality_metrics.json,986ebb567153fad8fd2eafc10d963b3759bf91f096a422c29d7630d5a6ef81c2
2026-09-15,bebc6c4d-7ae3-4784-8ce5-d72ea62dd621,c858ad5f-8303-4f04-bbc9-c1d7169ae78e,QB3,3,readout_1_to_0,1.97,%,0.1384030446552012,0.0197,,0.001384030446552012,metrics.ssro.measure_fidelity.constant.QB3.error_1_to_0,25957471,False,False,2026-09-15T02:28:16.732049Z,2026-09-15T02:28:16.796964Z,2026-09-15T02:28:16.152294,2026-09-15T02:28:16.152294,2026-09-15_calibration_set_ID_bebc6c4d-7ae3-4784-8ce5-d72ea62dd621_quality_metrics.json,986ebb567153fad8fd2eafc10d963b3759bf91f096a422c29d7630d5a6ef81c2
2026-09-15,bebc6c4d-7ae3-4784-8ce5-d72ea62dd621,c858ad5f-8303-4f04-bbc9-c1d7169ae78e,QB4,4,prx_error,0.0647526999608794,%,0.002415266051076756,0.9993524730003912,,2.4152660510767556e-05,metrics.rb.prx.drag_crf_sx.QB4.fidelity:par=d2,25957583,False,False,2026-09-15T02:28:16.732049Z,2026-09-15T02:28:16.796964Z,2026-09-15T02:28:16.152294,2026-09-15T02:28:16.152294,2026-09-15_calibration_set_ID_bebc6c4d-7ae3-4784-8ce5-d72ea62dd621_quality_metrics.json,986ebb567153fad8fd2eafc10d963b3759bf91f096a422c29d7630d5a6ef81c2
2026-09-15,bebc6c4d-7ae3-4784-8ce5-d72ea62dd621,c858ad5f-8303-4f04-bbc9-c1d7169ae78e,QB4,4,t1,25.115230626587376,us,1.7905887718945537,2.5115230626587376e-05,s,1.7905887718945537e-06,characterization.model.QB4.t1_time,25957610,False,False,2026-09-15T02:28:16.732049Z,2026-09-15T02:28:16.796964Z,2026-09-15T02:28:16.152294,2026-09-15T02:28:16.152294,2026-09-15_calibration_set_ID_bebc6c4d-7ae3-4784-8ce5-d72ea62dd621_quality_metrics.json,986ebb567153fad8fd2eafc10d963b3759bf91f096a422c29d7630d5a6ef81c2
2026-09-15,bebc6c4d-7ae3-4784-8ce5-d72ea62dd621,c858ad5f-8303-4f04-bbc9-c1d7169ae78e,QB4,4,t2_ramsey,7.376914377512968,us,0.4099437486685349,7.376914377512968e-06,s,4.099437486685349e-07,characterization.model.QB4.t2_time,25957650,False,False,2026-09-15T02:28:16.732049Z,2026-09-15T02:28:16.796964Z,2026-09-15T02:28:16.152294,2026-09-15T02:28:16.152294,2026-09-15_calibration_set_ID_bebc6c4d-7ae3-4784-8ce5-d72ea62dd621_quality_metrics.json,986ebb567153fad8fd2eafc10d963b3759bf91f096a422c29d7630d5a6ef81c2
2026-09-15,bebc6c4d-7ae3-4784-8ce5-d72ea62dd621,c858ad5f-8303-4f04-bbc9-c1d7169ae78e,QB4,4,t2_echo,15.13261633480085,us,1.543293478932287,1.513261633480085e-05,s,1.543293478932287e-06,characterization.model.QB4.t2_echo_time,25957619,False,False,2026-09-15T02:28:16.732049Z,2026-09-15T02:28:16.796964Z,2026-09-15T02:28:16.152294,2026-09-15T02:28:16.152294,2026-09-15_calibration_set_ID_bebc6c4d-7ae3-4784-8ce5-d72ea62dd621_quality_metrics.json,986ebb567153fad8fd2eafc10d963b3759bf91f096a422c29d7630d5a6ef81c2
2026-09-15,bebc6c4d-7ae3-4784-8ce5-d72ea62dd621,c858ad5f-8303-4f04-bbc9-c1d7169ae78e,QB4,4,readout_error,0.9950000000000014,%,0.06996261836727354,0.99005,,0.0006996261836727353,metrics.ssro.measure_fidelity.constant.QB4.fidelity,25957452,False,False,2026-09-15T02:28:16.732049Z,2026-09-15T02:28:16.796964Z,2026-09-15T02:28:16.152294,2026-09-15T02:28:16.152294,2026-09-15_calibration_set_ID_bebc6c4d-7ae3-4784-8ce5-d72ea62dd621_quality_metrics.json,986ebb567153fad8fd2eafc10d963b3759bf91f096a422c29d7630d5a6ef81c2
2026-09-15,bebc6c4d-7ae3-4784-8ce5-d72ea62dd621,c858ad5f-8303-4f04-bbc9-c1d7169ae78e,QB4,4,readout_0_to_1,0.62,%,0.0784632894208803,0.0062,,0.0007846328942088029,metrics.ssro.measure_fidelity.constant.QB4.error_0_to_1,25957443,False,False,2026-09-15T02:28:16.732049Z,2026-09-15T02:28:16.796964Z,2026-09-15T02:28:16.152294,2026-09-15T02:28:16.152294,2026-09-15_calibration_set_ID_bebc6c4d-7ae3-4784-8ce5-d72ea62dd621_quality_metrics.json,986ebb567153fad8fd2eafc10d963b3759bf91f096a422c29d7630d5a6ef81c2
2026-09-15,bebc6c4d-7ae3-4784-8ce5-d72ea62dd621,c858ad5f-8303-4f04-bbc9-c1d7169ae78e,QB4,4,readout_1_to_0,1.37,%,0.11585587636574252,0.0137,,0.0011585587636574251,metrics.ssro.measure_fidelity.constant.QB4.error_1_to_0,25957495,False,False,2026-09-15T02:28:16.732049Z,2026-09-15T02:28:16.796964Z,2026-09-15T02:28:16.152294,2026-09-15T02:28:16.152294,2026-09-15_calibration_set_ID_bebc6c4d-7ae3-4784-8ce5-d72ea62dd621_quality_metrics.json,986ebb567153fad8fd2eafc10d963b3759bf91f096a422c29d7630d5a6ef81c2
2026-09-15,bebc6c4d-7ae3-4784-8ce5-d72ea62dd621,c858ad5f-8303-4f04-bbc9-c1d7169ae78e,QB5,5,prx_error,0.06172624004495697,%,0.0018674034149328998,0.9993827375995504,,1.8674034149329e-05,metrics.rb.prx.drag_crf_sx.QB5.fidelity:par=d2,25957563,False,False,2026-09-15T02:28:16.732049Z,2026-09-15T02:28:16.796964Z,2026-09-15T02:28:16.152294,2026-09-15T02:28:16.152294,2026-09-15_calibration_set_ID_bebc6c4d-7ae3-4784-8ce5-d72ea62dd621_quality_metrics.json,986ebb567153fad8fd2eafc10d963b3759bf91f096a422c29d7630d5a6ef81c2
2026-09-15,bebc6c4d-7ae3-4784-8ce5-d72ea62dd621,c858ad5f-8303-4f04-bbc9-c1d7169ae78e,QB5,5,t1,46.37110263733584,us,3.886347914329642,4.637110263733584e-05,s,3.886347914329642e-06,characterization.model.QB5.t1_time,25957600,False,False,2026-09-15T02:28:16.732049Z,2026-09-15T02:28:16.796964Z,2026-09-15T02:28:16.152294,2026-09-15T02:28:16.152294,2026-09-15_calibration_set_ID_bebc6c4d-7ae3-4784-8ce5-d72ea62dd621_quality_metrics.json,986ebb567153fad8fd2eafc10d963b3759bf91f096a422c29d7630d5a6ef81c2
2026-09-15,bebc6c4d-7ae3-4784-8ce5-d72ea62dd621,c858ad5f-8303-4f04-bbc9-c1d7169ae78e,QB5,5,t2_ramsey,8.89032774984369,us,0.4700458553280974,8.89032774984369e-06,s,4.700458553280974e-07,characterization.model.QB5.t2_time,25957640,False,False,2026-09-15T02:28:16.732049Z,2026-09-15T02:28:16.796964Z,2026-09-15T02:28:16.152294,2026-09-15T02:28:16.152294,2026-09-15_calibration_set_ID_bebc6c4d-7ae3-4784-8ce5-d72ea62dd621_quality_metrics.json,986ebb567153fad8fd2eafc10d963b3759bf91f096a422c29d7630d5a6ef81c2
2026-09-15,bebc6c4d-7ae3-4784-8ce5-d72ea62dd621,c858ad5f-8303-4f04-bbc9-c1d7169ae78e,QB5,5,t2_echo,19.822188006192523,us,1.4873547217972312,1.9822188006192524e-05,s,1.4873547217972311e-06,characterization.model.QB5.t2_echo_time,25957629,False,False,2026-09-15T02:28:16.732049Z,2026-09-15T02:28:16.796964Z,2026-09-15T02:28:16.152294,2026-09-15T02:28:16.152294,2026-09-15_calibration_set_ID_bebc6c4d-7ae3-4784-8ce5-d72ea62dd621_quality_metrics.json,986ebb567153fad8fd2eafc10d963b3759bf91f096a422c29d7630d5a6ef81c2
2026-09-15,bebc6c4d-7ae3-4784-8ce5-d72ea62dd621,c858ad5f-8303-4f04-bbc9-c1d7169ae78e,QB5,5,readout_error,0.9099999999999997,%,0.06699514293239071,0.9909,,0.0006699514293239072,metrics.ssro.measure_fidelity.constant.QB5.fidelity,25957442,False,False,2026-09-15T02:28:16.732049Z,2026-09-15T02:28:16.796964Z,2026-09-15T02:28:16.152294,2026-09-15T02:28:16.152294,2026-09-15_calibration_set_ID_bebc6c4d-7ae3-4784-8ce5-d72ea62dd621_quality_metrics.json,986ebb567153fad8fd2eafc10d963b3759bf91f096a422c29d7630d5a6ef81c2
2026-09-15,bebc6c4d-7ae3-4784-8ce5-d72ea62dd621,c858ad5f-8303-4f04-bbc9-c1d7169ae78e,QB5,5,readout_0_to_1,0.75,%,0.0861621107775662,0.0075,,0.000861621107775662,metrics.ssro.measure_fidelity.constant.QB5.error_0_to_1,25957492,False,False,2026-09-15T02:28:16.732049Z,2026-09-15T02:28:16.796964Z,2026-09-15T02:28:16.152294,2026-09-15T02:28:16.152294,2026-09-15_calibration_set_ID_bebc6c4d-7ae3-4784-8ce5-d72ea62dd621_quality_metrics.json,986ebb567153fad8fd2eafc10d963b3759bf91f096a422c29d7630d5a6ef81c2
2026-09-15,bebc6c4d-7ae3-4784-8ce5-d72ea62dd621,c858ad5f-8303-4f04-bbc9-c1d7169ae78e,QB5,5,readout_1_to_0,1.0699999999999998,%,0.10261329042809347,0.0107,,0.0010261329042809348,metrics.ssro.measure_fidelity.constant.QB5.error_1_to_0,25957445,False,False,2026-09-15T02:28:16.732049Z,2026-09-15T02:28:16.796964Z,2026-09-15T02:28:16.152294,2026-09-15T02:28:16.152294,2026-09-15_calibration_set_ID_bebc6c4d-7ae3-4784-8ce5-d72ea62dd621_quality_metrics.json,986ebb567153fad8fd2eafc10d963b3759bf91f096a422c29d7630d5a6ef81c2
2026-09-15,bebc6c4d-7ae3-4784-8ce5-d72ea62dd621,c858ad5f-8303-4f04-bbc9-c1d7169ae78e,QB6,6,prx_error,0.07107394269132428,%,0.0031789944493365195,0.9992892605730868,,3.1789944493365195e-05,metrics.rb.prx.drag_crf_sx.QB6.fidelity:par=d2,25957585,False,False,2026-09-15T02:28:16.732049Z,2026-09-15T02:28:16.796964Z,2026-09-15T02:28:16.152294,2026-09-15T02:28:16.152294,2026-09-15_calibration_set_ID_bebc6c4d-7ae3-4784-8ce5-d72ea62dd621_quality_metrics.json,986ebb567153fad8fd2eafc10d963b3759bf91f096a422c29d7630d5a6ef81c2
2026-09-15,bebc6c4d-7ae3-4784-8ce5-d72ea62dd621,c858ad5f-8303-4f04-bbc9-c1d7169ae78e,QB6,6,t1,46.99367414992545,us,2.7410441132338117,4.699367414992545e-05,s,2.7410441132338115e-06,characterization.model.QB6.t1_time,25957611,False,False,2026-09-15T02:28:16.732049Z,2026-09-15T02:28:16.796964Z,2026-09-15T02:28:16.152294,2026-09-15T02:28:16.152294,2026-09-15_calibration_set_ID_bebc6c4d-7ae3-4784-8ce5-d72ea62dd621_quality_metrics.json,986ebb567153fad8fd2eafc10d963b3759bf91f096a422c29d7630d5a6ef81c2
2026-09-15,bebc6c4d-7ae3-4784-8ce5-d72ea62dd621,c858ad5f-8303-4f04-bbc9-c1d7169ae78e,QB6,6,t2_ramsey,5.227372824876109,us,0.3938519398963315,5.227372824876109e-06,s,3.9385193989633147e-07,characterization.model.QB6.t2_time,25957651,False,False,2026-09-15T02:28:16.732049Z,2026-09-15T02:28:16.796964Z,2026-09-15T02:28:16.152294,2026-09-15T02:28:16.152294,2026-09-15_calibration_set_ID_bebc6c4d-7ae3-4784-8ce5-d72ea62dd621_quality_metrics.json,986ebb567153fad8fd2eafc10d963b3759bf91f096a422c29d7630d5a6ef81c2
2026-09-15,bebc6c4d-7ae3-4784-8ce5-d72ea62dd621,c858ad5f-8303-4f04-bbc9-c1d7169ae78e,QB6,6,t2_echo,18.318104487592322,us,0.900027931579118,1.831810448759232e-05,s,9.00027931579118e-07,characterization.model.QB6.t2_echo_time,25957620,False,False,2026-09-15T02:28:16.732049Z,2026-09-15T02:28:16.796964Z,2026-09-15T02:28:16.152294,2026-09-15T02:28:16.152294,2026-09-15_calibration_set_ID_bebc6c4d-7ae3-4784-8ce5-d72ea62dd621_quality_metrics.json,986ebb567153fad8fd2eafc10d963b3759bf91f096a422c29d7630d5a6ef81c2
2026-09-15,bebc6c4d-7ae3-4784-8ce5-d72ea62dd621,c858ad5f-8303-4f04-bbc9-c1d7169ae78e,QB6,6,readout_error,1.6000000000000014,%,0.08833403270742114,0.984,,0.0008833403270742114,metrics.ssro.measure_fidelity.constant.QB6.fidelity,25957458,False,False,2026-09-15T02:28:16.732049Z,2026-09-15T02:28:16.796964Z,2026-09-15T02:28:16.152294,2026-09-15T02:28:16.152294,2026-09-15_calibration_set_ID_bebc6c4d-7ae3-4784-8ce5-d72ea62dd621_quality_metrics.json,986ebb567153fad8fd2eafc10d963b3759bf91f096a422c29d7630d5a6ef81c2
2026-09-15,bebc6c4d-7ae3-4784-8ce5-d72ea62dd621,c858ad5f-8303-4f04-bbc9-c1d7169ae78e,QB6,6,readout_0_to_1,2.08,%,0.14212212956927014,0.0208,,0.0014212212956927015,metrics.ssro.measure_fidelity.constant.QB6.error_0_to_1,25957468,False,False,2026-09-15T02:28:16.732049Z,2026-09-15T02:28:16.796964Z,2026-09-15T02:28:16.152294,2026-09-15T02:28:16.152294,2026-09-15_calibration_set_ID_bebc6c4d-7ae3-4784-8ce5-d72ea62dd621_quality_metrics.json,986ebb567153fad8fd2eafc10d963b3759bf91f096a422c29d7630d5a6ef81c2
2026-09-15,bebc6c4d-7ae3-4784-8ce5-d72ea62dd621,c858ad5f-8303-4f04-bbc9-c1d7169ae78e,QB6,6,readout_1_to_0,1.1199999999999999,%,0.10494239193061389,0.0112,,0.0010494239193061389,metrics.ssro.measure_fidelity.constant.QB6.error_1_to_0,25957462,False,False,2026-09-15T02:28:16.732049Z,2026-09-15T02:28:16.796964Z,2026-09-15T02:28:16.152294,2026-09-15T02:28:16.152294,2026-09-15_calibration_set_ID_bebc6c4d-7ae3-4784-8ce5-d72ea62dd621_quality_metrics.json,986ebb567153fad8fd2eafc10d963b3759bf91f096a422c29d7630d5a6ef81c2
2026-09-15,bebc6c4d-7ae3-4784-8ce5-d72ea62dd621,c858ad5f-8303-4f04-bbc9-c1d7169ae78e,QB7,7,prx_error,0.20109110019843612,%,0.01113034980606996,0.9979890889980156,,0.0001113034980606996,metrics.rb.prx.drag_crf_sx.QB7.fidelity:par=d2,25957565,False,False,2026-09-15T02:28:16.732049Z,2026-09-15T02:28:16.796964Z,2026-09-15T02:28:16.152294,2026-09-15T02:28:16.152294,2026-09-15_calibration_set_ID_bebc6c4d-7ae3-4784-8ce5-d72ea62dd621_quality_metrics.json,986ebb567153fad8fd2eafc10d963b3759bf91f096a422c29d7630d5a6ef81c2
2026-09-15,bebc6c4d-7ae3-4784-8ce5-d72ea62dd621,c858ad5f-8303-4f04-bbc9-c1d7169ae78e,QB7,7,t1,27.447354107273917,us,2.155188091467546,2.7447354107273916e-05,s,2.155188091467546e-06,characterization.model.QB7.t1_time,25957601,False,False,2026-09-15T02:28:16.732049Z,2026-09-15T02:28:16.796964Z,2026-09-15T02:28:16.152294,2026-09-15T02:28:16.152294,2026-09-15_calibration_set_ID_bebc6c4d-7ae3-4784-8ce5-d72ea62dd621_quality_metrics.json,986ebb567153fad8fd2eafc10d963b3759bf91f096a422c29d7630d5a6ef81c2
2026-09-15,bebc6c4d-7ae3-4784-8ce5-d72ea62dd621,c858ad5f-8303-4f04-bbc9-c1d7169ae78e,QB7,7,t2_ramsey,9.66042570730431,us,0.5454012683850621,9.660425707304308e-06,s,5.454012683850621e-07,characterization.model.QB7.t2_time,25957641,False,False,2026-09-15T02:28:16.732049Z,2026-09-15T02:28:16.796964Z,2026-09-15T02:28:16.152294,2026-09-15T02:28:16.152294,2026-09-15_calibration_set_ID_bebc6c4d-7ae3-4784-8ce5-d72ea62dd621_quality_metrics.json,986ebb567153fad8fd2eafc10d963b3759bf91f096a422c29d7630d5a6ef81c2
2026-09-15,bebc6c4d-7ae3-4784-8ce5-d72ea62dd621,c858ad5f-8303-4f04-bbc9-c1d7169ae78e,QB7,7,t2_echo,17.692853940346623,us,1.2694497854354796,1.7692853940346623e-05,s,1.2694497854354797e-06,characterization.model.QB7.t2_echo_time,25957630,False,False,2026-09-15T02:28:16.732049Z,2026-09-15T02:28:16.796964Z,2026-09-15T02:28:16.152294,2026-09-15T02:28:16.152294,2026-09-15_calibration_set_ID_bebc6c4d-7ae3-4784-8ce5-d72ea62dd621_quality_metrics.json,986ebb567153fad8fd2eafc10d963b3759bf91f096a422c29d7630d5a6ef81c2
2026-09-15,bebc6c4d-7ae3-4784-8ce5-d72ea62dd621,c858ad5f-8303-4f04-bbc9-c1d7169ae78e,QB7,7,readout_error,1.8299999999999983,%,0.09427533246818792,0.9817,,0.0009427533246818792,metrics.ssro.measure_fidelity.constant.QB7.fidelity,25957464,False,False,2026-09-15T02:28:16.732049Z,2026-09-15T02:28:16.796964Z,2026-09-15T02:28:16.152294,2026-09-15T02:28:16.152294,2026-09-15_calibration_set_ID_bebc6c4d-7ae3-4784-8ce5-d72ea62dd621_quality_metrics.json,986ebb567153fad8fd2eafc10d963b3759bf91f096a422c29d7630d5a6ef81c2
2026-09-15,bebc6c4d-7ae3-4784-8ce5-d72ea62dd621,c858ad5f-8303-4f04-bbc9-c1d7169ae78e,QB7,7,readout_0_to_1,1.13,%,0.10540175507805324,0.0113,,0.0010540175507805325,metrics.ssro.measure_fidelity.constant.QB7.error_0_to_1,25957493,False,False,2026-09-15T02:28:16.732049Z,2026-09-15T02:28:16.796964Z,2026-09-15T02:28:16.152294,2026-09-15T02:28:16.152294,2026-09-15_calibration_set_ID_bebc6c4d-7ae3-4784-8ce5-d72ea62dd621_quality_metrics.json,986ebb567153fad8fd2eafc10d963b3759bf91f096a422c29d7630d5a6ef81c2
2026-09-15,bebc6c4d-7ae3-4784-8ce5-d72ea62dd621,c858ad5f-8303-4f04-bbc9-c1d7169ae78e,QB7,7,readout_1_to_0,2.53,%,0.15633880923947052,0.0253,,0.0015633880923947054,metrics.ssro.measure_fidelity.constant.QB7.error_1_to_0,25957474,False,False,2026-09-15T02:28:16.732049Z,2026-09-15T02:28:16.796964Z,2026-09-15T02:28:16.152294,2026-09-15T02:28:16.152294,2026-09-15_calibration_set_ID_bebc6c4d-7ae3-4784-8ce5-d72ea62dd621_quality_metrics.json,986ebb567153fad8fd2eafc10d963b3759bf91f096a422c29d7630d5a6ef81c2
2026-09-15,bebc6c4d-7ae3-4784-8ce5-d72ea62dd621,c858ad5f-8303-4f04-bbc9-c1d7169ae78e,QB8,8,prx_error,0.10562819206317853,%,0.003876660769233376,0.9989437180793682,,3.876660769233376e-05,metrics.rb.prx.drag_crf_sx.QB8.fidelity:par=d2,25957587,False,False,2026-09-15T02:28:16.732049Z,2026-09-15T02:28:16.796964Z,2026-09-15T02:28:16.152294,2026-09-15T02:28:16.152294,2026-09-15_calibration_set_ID_bebc6c4d-7ae3-4784-8ce5-d72ea62dd621_quality_metrics.json,986ebb567153fad8fd2eafc10d963b3759bf91f096a422c29d7630d5a6ef81c2
2026-09-15,bebc6c4d-7ae3-4784-8ce5-d72ea62dd621,c858ad5f-8303-4f04-bbc9-c1d7169ae78e,QB8,8,t1,30.500419047366982,us,1.5751452417376544,3.0500419047366983e-05,s,1.5751452417376544e-06,characterization.model.QB8.t1_time,25957612,False,False,2026-09-15T02:28:16.732049Z,2026-09-15T02:28:16.796964Z,2026-09-15T02:28:16.152294,2026-09-15T02:28:16.152294,2026-09-15_calibration_set_ID_bebc6c4d-7ae3-4784-8ce5-d72ea62dd621_quality_metrics.json,986ebb567153fad8fd2eafc10d963b3759bf91f096a422c29d7630d5a6ef81c2
2026-09-15,bebc6c4d-7ae3-4784-8ce5-d72ea62dd621,c858ad5f-8303-4f04-bbc9-c1d7169ae78e,QB8,8,t2_ramsey,6.3467858255988165,us,0.3821769636718093,6.346785825598816e-06,s,3.821769636718093e-07,characterization.model.QB8.t2_time,25957652,False,False,2026-09-15T02:28:16.732049Z,2026-09-15T02:28:16.796964Z,2026-09-15T02:28:16.152294,2026-09-15T02:28:16.152294,2026-09-15_calibration_set_ID_bebc6c4d-7ae3-4784-8ce5-d72ea62dd621_quality_metrics.json,986ebb567153fad8fd2eafc10d963b3759bf91f096a422c29d7630d5a6ef81c2
2026-09-15,bebc6c4d-7ae3-4784-8ce5-d72ea62dd621,c858ad5f-8303-4f04-bbc9-c1d7169ae78e,QB8,8,t2_echo,18.182848097398207,us,1.1119377050395594,1.8182848097398207e-05,s,1.1119377050395594e-06,characterization.model.QB8.t2_echo_time,25957621,False,False,2026-09-15T02:28:16.732049Z,2026-09-15T02:28:16.796964Z,2026-09-15T02:28:16.152294,2026-09-15T02:28:16.152294,2026-09-15_calibration_set_ID_bebc6c4d-7ae3-4784-8ce5-d72ea62dd621_quality_metrics.json,986ebb567153fad8fd2eafc10d963b3759bf91f096a422c29d7630d5a6ef81c2
2026-09-15,bebc6c4d-7ae3-4784-8ce5-d72ea62dd621,c858ad5f-8303-4f04-bbc9-c1d7169ae78e,QB8,8,readout_error,1.3149999999999995,%,0.0800768527653681,0.98685,,0.000800768527653681,metrics.ssro.measure_fidelity.constant.QB8.fidelity,25957440,False,False,2026-09-15T02:28:16.732049Z,2026-09-15T02:28:16.796964Z,2026-09-15T02:28:16.152294,2026-09-15T02:28:16.152294,2026-09-15_calibration_set_ID_bebc6c4d-7ae3-4784-8ce5-d72ea62dd621_quality_metrics.json,986ebb567153fad8fd2eafc10d963b3759bf91f096a422c29d7630d5a6ef81c2
2026-09-15,bebc6c4d-7ae3-4784-8ce5-d72ea62dd621,c858ad5f-8303-4f04-bbc9-c1d7169ae78e,QB8,8,readout_0_to_1,0.48,%,0.06919421153986768,0.0048,,0.0006919421153986768,metrics.ssro.measure_fidelity.constant.QB8.error_0_to_1,25957461,False,False,2026-09-15T02:28:16.732049Z,2026-09-15T02:28:16.796964Z,2026-09-15T02:28:16.152294,2026-09-15T02:28:16.152294,2026-09-15_calibration_set_ID_bebc6c4d-7ae3-4784-8ce5-d72ea62dd621_quality_metrics.json,986ebb567153fad8fd2eafc10d963b3759bf91f096a422c29d7630d5a6ef81c2
2026-09-15,bebc6c4d-7ae3-4784-8ce5-d72ea62dd621,c858ad5f-8303-4f04-bbc9-c1d7169ae78e,QB8,8,readout_1_to_0,2.15,%,0.14443465818355997,0.0215,,0.0014443465818355997,metrics.ssro.measure_fidelity.constant.QB8.error_1_to_0,25957451,False,False,2026-09-15T02:28:16.732049Z,2026-09-15T02:28:16.796964Z,2026-09-15T02:28:16.152294,2026-09-15T02:28:16.152294,2026-09-15_calibration_set_ID_bebc6c4d-7ae3-4784-8ce5-d72ea62dd621_quality_metrics.json,986ebb567153fad8fd2eafc10d963b3759bf91f096a422c29d7630d5a6ef81c2
2026-09-15,bebc6c4d-7ae3-4784-8ce5-d72ea62dd621,c858ad5f-8303-4f04-bbc9-c1d7169ae78e,QB9,9,prx_error,0.07627986028400091,%,0.0021683597634283946,0.99923720139716,,2.1683597634283948e-05,metrics.rb.prx.drag_crf_sx.QB9.fidelity:par=d2,25957567,False,False,2026-09-15T02:28:16.732049Z,2026-09-15T02:28:16.796964Z,2026-09-15T02:28:16.152294,2026-09-15T02:28:16.152294,2026-09-15_calibration_set_ID_bebc6c4d-7ae3-4784-8ce5-d72ea62dd621_quality_metrics.json,986ebb567153fad8fd2eafc10d963b3759bf91f096a422c29d7630d5a6ef81c2
2026-09-15,bebc6c4d-7ae3-4784-8ce5-d72ea62dd621,c858ad5f-8303-4f04-bbc9-c1d7169ae78e,QB9,9,t1,35.405014198564785,us,2.202299796055987,3.5405014198564786e-05,s,2.202299796055987e-06,characterization.model.QB9.t1_time,25957602,False,False,2026-09-15T02:28:16.732049Z,2026-09-15T02:28:16.796964Z,2026-09-15T02:28:16.152294,2026-09-15T02:28:16.152294,2026-09-15_calibration_set_ID_bebc6c4d-7ae3-4784-8ce5-d72ea62dd621_quality_metrics.json,986ebb567153fad8fd2eafc10d963b3759bf91f096a422c29d7630d5a6ef81c2
2026-09-15,bebc6c4d-7ae3-4784-8ce5-d72ea62dd621,c858ad5f-8303-4f04-bbc9-c1d7169ae78e,QB9,9,t2_ramsey,11.557429298393897,us,0.46429769659293574,1.1557429298393896e-05,s,4.642976965929357e-07,characterization.model.QB9.t2_time,25957642,False,False,2026-09-15T02:28:16.732049Z,2026-09-15T02:28:16.796964Z,2026-09-15T02:28:16.152294,2026-09-15T02:28:16.152294,2026-09-15_calibration_set_ID_bebc6c4d-7ae3-4784-8ce5-d72ea62dd621_quality_metrics.json,986ebb567153fad8fd2eafc10d963b3759bf91f096a422c29d7630d5a6ef81c2
2026-09-15,bebc6c4d-7ae3-4784-8ce5-d72ea62dd621,c858ad5f-8303-4f04-bbc9-c1d7169ae78e,QB9,9,t2_echo,22.097191111365973,us,1.330796379258974,2.2097191111365972e-05,s,1.330796379258974e-06,characterization.model.QB9.t2_echo_time,25957631,False,False,2026-09-15T02:28:16.732049Z,2026-09-15T02:28:16.796964Z,2026-09-15T02:28:16.152294,2026-09-15T02:28:16.152294,2026-09-15_calibration_set_ID_bebc6c4d-7ae3-4784-8ce5-d72ea62dd621_quality_metrics.json,986ebb567153fad8fd2eafc10d963b3759bf91f096a422c29d7630d5a6ef81c2
2026-09-15,bebc6c4d-7ae3-4784-8ce5-d72ea62dd621,c858ad5f-8303-4f04-bbc9-c1d7169ae78e,QB9,9,readout_error,2.0549999999999957,%,0.09975577024656124,0.97945,,0.0009975577024656124,metrics.ssro.measure_fidelity.constant.QB9.fidelity,25957460,False,False,2026-09-15T02:28:16.732049Z,2026-09-15T02:28:16.796964Z,2026-09-15T02:28:16.152294,2026-09-15T02:28:16.152294,2026-09-15_calibration_set_ID_bebc6c4d-7ae3-4784-8ce5-d72ea62dd621_quality_metrics.json,986ebb567153fad8fd2eafc10d963b3759bf91f096a422c29d7630d5a6ef81c2
2026-09-15,bebc6c4d-7ae3-4784-8ce5-d72ea62dd621,c858ad5f-8303-4f04-bbc9-c1d7169ae78e,QB9,9,readout_0_to_1,1.28,%,0.11205589285888985,0.0128,,0.0011205589285888985,metrics.ssro.measure_fidelity.constant.QB9.error_0_to_1,25957477,False,False,2026-09-15T02:28:16.732049Z,2026-09-15T02:28:16.796964Z,2026-09-15T02:28:16.152294,2026-09-15T02:28:16.152294,2026-09-15_calibration_set_ID_bebc6c4d-7ae3-4784-8ce5-d72ea62dd621_quality_metrics.json,986ebb567153fad8fd2eafc10d963b3759bf91f096a422c29d7630d5a6ef81c2
2026-09-15,bebc6c4d-7ae3-4784-8ce5-d72ea62dd621,c858ad5f-8303-4f04-bbc9-c1d7169ae78e,QB9,9,readout_1_to_0,2.83,%,0.1650706868754591,0.0283,,0.0016507068687545909,metrics.ssro.measure_fidelity.constant.QB9.error_1_to_0,25957490,False,False,2026-09-15T02:28:16.732049Z,2026-09-15T02:28:16.796964Z,2026-09-15T02:28:16.152294,2026-09-15T02:28:16.152294,2026-09-15_calibration_set_ID_bebc6c4d-7ae3-4784-8ce5-d72ea62dd621_quality_metrics.json,986ebb567153fad8fd2eafc10d963b3759bf91f096a422c29d7630d5a6ef81c2
2026-09-15,bebc6c4d-7ae3-4784-8ce5-d72ea62dd621,c858ad5f-8303-4f04-bbc9-c1d7169ae78e,QB10,10,prx_error,0.038713886761598815,%,0.0015963482495085191,0.999612861132384,,1.5963482495085192e-05,metrics.rb.prx.drag_crf_sx.QB10.fidelity:par=d2,25957589,False,False,2026-09-15T02:28:16.732049Z,2026-09-15T02:28:16.796964Z,2026-09-15T02:28:16.152294,2026-09-15T02:28:16.152294,2026-09-15_calibration_set_ID_bebc6c4d-7ae3-4784-8ce5-d72ea62dd621_quality_metrics.json,986ebb567153fad8fd2eafc10d963b3759bf91f096a422c29d7630d5a6ef81c2
2026-09-15,bebc6c4d-7ae3-4784-8ce5-d72ea62dd621,c858ad5f-8303-4f04-bbc9-c1d7169ae78e,QB10,10,t1,33.144811019483605,us,2.1823079157237766,3.3144811019483606e-05,s,2.1823079157237764e-06,characterization.model.QB10.t1_time,25957613,False,False,2026-09-15T02:28:16.732049Z,2026-09-15T02:28:16.796964Z,2026-09-15T02:28:16.152294,2026-09-15T02:28:16.152294,2026-09-15_calibration_set_ID_bebc6c4d-7ae3-4784-8ce5-d72ea62dd621_quality_metrics.json,986ebb567153fad8fd2eafc10d963b3759bf91f096a422c29d7630d5a6ef81c2
2026-09-15,bebc6c4d-7ae3-4784-8ce5-d72ea62dd621,c858ad5f-8303-4f04-bbc9-c1d7169ae78e,QB10,10,t2_ramsey,9.985047282340997,us,0.5990810948169362,9.985047282340996e-06,s,5.990810948169362e-07,characterization.model.QB10.t2_time,25957653,False,False,2026-09-15T02:28:16.732049Z,2026-09-15T02:28:16.796964Z,2026-09-15T02:28:16.152294,2026-09-15T02:28:16.152294,2026-09-15_calibration_set_ID_bebc6c4d-7ae3-4784-8ce5-d72ea62dd621_quality_metrics.json,986ebb567153fad8fd2eafc10d963b3759bf91f096a422c29d7630d5a6ef81c2
2026-09-15,bebc6c4d-7ae3-4784-8ce5-d72ea62dd621,c858ad5f-8303-4f04-bbc9-c1d7169ae78e,QB10,10,t2_echo,25.191764725436176,us,1.1425271778123025,2.5191764725436177e-05,s,1.1425271778123026e-06,characterization.model.QB10.t2_echo_time,25957622,False,False,2026-09-15T02:28:16.732049Z,2026-09-15T02:28:16.796964Z,2026-09-15T02:28:16.152294,2026-09-15T02:28:16.152294,2026-09-15_calibration_set_ID_bebc6c4d-7ae3-4784-8ce5-d72ea62dd621_quality_metrics.json,986ebb567153fad8fd2eafc10d963b3759bf91f096a422c29d7630d5a6ef81c2
2026-09-15,bebc6c4d-7ae3-4784-8ce5-d72ea62dd621,c858ad5f-8303-4f04-bbc9-c1d7169ae78e,QB10,10,readout_error,1.0050000000000003,%,0.07035625738361188,0.98995,,0.0007035625738361188,metrics.ssro.measure_fidelity.constant.QB10.fidelity,25957473,False,False,2026-09-15T02:28:16.732049Z,2026-09-15T02:28:16.796964Z,2026-09-15T02:28:16.152294,2026-09-15T02:28:16.152294,2026-09-15_calibration_set_ID_bebc6c4d-7ae3-4784-8ce5-d72ea62dd621_quality_metrics.json,986ebb567153fad8fd2eafc10d963b3759bf91f096a422c29d7630d5a6ef81c2
2026-09-15,bebc6c4d-7ae3-4784-8ce5-d72ea62dd621,c858ad5f-8303-4f04-bbc9-c1d7169ae78e,QB10,10,readout_0_to_1,0.95,%,0.09678464439328335,0.0095,,0.0009678464439328336,metrics.ssro.measure_fidelity.constant.QB10.error_0_to_1,25957467,False,False,2026-09-15T02:28:16.732049Z,2026-09-15T02:28:16.796964Z,2026-09-15T02:28:16.152294,2026-09-15T02:28:16.152294,2026-09-15_calibration_set_ID_bebc6c4d-7ae3-4784-8ce5-d72ea62dd621_quality_metrics.json,986ebb567153fad8fd2eafc10d963b3759bf91f096a422c29d7630d5a6ef81c2
2026-09-15,bebc6c4d-7ae3-4784-8ce5-d72ea62dd621,c858ad5f-8303-4f04-bbc9-c1d7169ae78e,QB10,10,readout_1_to_0,1.06,%,0.10214080683929343,0.0106,,0.0010214080683929342,metrics.ssro.measure_fidelity.constant.QB10.error_1_to_0,25957478,False,False,2026-09-15T02:28:16.732049Z,2026-09-15T02:28:16.796964Z,2026-09-15T02:28:16.152294,2026-09-15T02:28:16.152294,2026-09-15_calibration_set_ID_bebc6c4d-7ae3-4784-8ce5-d72ea62dd621_quality_metrics.json,986ebb567153fad8fd2eafc10d963b3759bf91f096a422c29d7630d5a6ef81c2
2026-09-15,bebc6c4d-7ae3-4784-8ce5-d72ea62dd621,c858ad5f-8303-4f04-bbc9-c1d7169ae78e,QB11,11,prx_error,0.04507979090557779,%,0.003264091658797991,0.9995492020909442,,3.264091658797991e-05,metrics.rb.prx.drag_crf_sx.QB11.fidelity:par=d2,25957569,False,False,2026-09-15T02:28:16.732049Z,2026-09-15T02:28:16.796964Z,2026-09-15T02:28:16.152294,2026-09-15T02:28:16.152294,2026-09-15_calibration_set_ID_bebc6c4d-7ae3-4784-8ce5-d72ea62dd621_quality_metrics.json,986ebb567153fad8fd2eafc10d963b3759bf91f096a422c29d7630d5a6ef81c2
2026-09-15,bebc6c4d-7ae3-4784-8ce5-d72ea62dd621,c858ad5f-8303-4f04-bbc9-c1d7169ae78e,QB11,11,t1,63.07031022112521,us,3.1663654663209386,6.307031022112521e-05,s,3.1663654663209384e-06,characterization.model.QB11.t1_time,25957603,False,False,2026-09-15T02:28:16.732049Z,2026-09-15T02:28:16.796964Z,2026-09-15T02:28:16.152294,2026-09-15T02:28:16.152294,2026-09-15_calibration_set_ID_bebc6c4d-7ae3-4784-8ce5-d72ea62dd621_quality_metrics.json,986ebb567153fad8fd2eafc10d963b3759bf91f096a422c29d7630d5a6ef81c2
2026-09-15,bebc6c4d-7ae3-4784-8ce5-d72ea62dd621,c858ad5f-8303-4f04-bbc9-c1d7169ae78e,QB11,11,t2_ramsey,12.366518250805038,us,0.6973023715640237,1.2366518250805038e-05,s,6.973023715640238e-07,characterization.model.QB11.t2_time,25957643,False,False,2026-09-15T02:28:16.732049Z,2026-09-15T02:28:16.796964Z,2026-09-15T02:28:16.152294,2026-09-15T02:28:16.152294,2026-09-15_calibration_set_ID_bebc6c4d-7ae3-4784-8ce5-d72ea62dd621_quality_metrics.json,986ebb567153fad8fd2eafc10d963b3759bf91f096a422c29d7630d5a6ef81c2
2026-09-15,bebc6c4d-7ae3-4784-8ce5-d72ea62dd621,c858ad5f-8303-4f04-bbc9-c1d7169ae78e,QB11,11,t2_echo,26.286190693862434,us,1.653391870578248,2.6286190693862433e-05,s,1.653391870578248e-06,characterization.model.QB11.t2_echo_time,25957632,False,False,2026-09-15T02:28:16.732049Z,2026-09-15T02:28:16.796964Z,2026-09-15T02:28:16.152294,2026-09-15T02:28:16.152294,2026-09-15_calibration_set_ID_bebc6c4d-7ae3-4784-8ce5-d72ea62dd621_quality_metrics.json,986ebb567153fad8fd2eafc10d963b3759bf91f096a422c29d7630d5a6ef81c2
2026-09-15,bebc6c4d-7ae3-4784-8ce5-d72ea62dd621,c858ad5f-8303-4f04-bbc9-c1d7169ae78e,QB11,11,readout_error,2.2399999999999975,%,0.10415406105907109,0.9776,,0.001041540610590711,metrics.ssro.measure_fidelity.constant.QB11.fidelity,25957456,False,False,2026-09-15T02:28:16.732049Z,2026-09-15T02:28:16.796964Z,2026-09-15T02:28:16.152294,2026-09-15T02:28:16.152294,2026-09-15_calibration_set_ID_bebc6c4d-7ae3-4784-8ce5-d72ea62dd621_quality_metrics.json,986ebb567153fad8fd2eafc10d963b3759bf91f096a422c29d7630d5a6ef81c2
2026-09-15,bebc6c4d-7ae3-4784-8ce5-d72ea62dd621,c858ad5f-8303-4f04-bbc9-c1d7169ae78e,QB11,11,readout_0_to_1,1.8399999999999999,%,0.13386310721937716,0.0184,,0.0013386310721937716,metrics.ssro.measure_fidelity.constant.QB11.error_0_to_1,25957487,False,False,2026-09-15T02:28:16.732049Z,2026-09-15T02:28:16.796964Z,2026-09-15T02:28:16.152294,2026-09-15T02:28:16.152294,2026-09-15_calibration_set_ID_bebc6c4d-7ae3-4784-8ce5-d72ea62dd621_quality_metrics.json,986ebb567153fad8fd2eafc10d963b3759bf91f096a422c29d7630d5a6ef81c2
2026-09-15,bebc6c4d-7ae3-4784-8ce5-d72ea62dd621,c858ad5f-8303-4f04-bbc9-c1d7169ae78e,QB11,11,readout_1_to_0,2.64,%,0.15960245068908052,0.0264,,0.001596024506890805,metrics.ssro.measure_fidelity.constant.QB11.error_1_to_0,25957496,False,False,2026-09-15T02:28:16.732049Z,2026-09-15T02:28:16.796964Z,2026-09-15T02:28:16.152294,2026-09-15T02:28:16.152294,2026-09-15_calibration_set_ID_bebc6c4d-7ae3-4784-8ce5-d72ea62dd621_quality_metrics.json,986ebb567153fad8fd2eafc10d963b3759bf91f096a422c29d7630d5a6ef81c2
2026-09-15,bebc6c4d-7ae3-4784-8ce5-d72ea62dd621,c858ad5f-8303-4f04-bbc9-c1d7169ae78e,QB12,12,prx_error,0.3668611629691232,%,0.017866490464154106,0.9963313883703088,,0.00017866490464154105,metrics.rb.prx.drag_crf_sx.QB12.fidelity:par=d2,25957591,False,False,2026-09-15T02:28:16.732049Z,2026-09-15T02:28:16.796964Z,2026-09-15T02:28:16.152294,2026-09-15T02:28:16.152294,2026-09-15_calibration_set_ID_bebc6c4d-7ae3-4784-8ce5-d72ea62dd621_quality_metrics.json,986ebb567153fad8fd2eafc10d963b3759bf91f096a422c29d7630d5a6ef81c2
2026-09-15,bebc6c4d-7ae3-4784-8ce5-d72ea62dd621,c858ad5f-8303-4f04-bbc9-c1d7169ae78e,QB12,12,t1,21.14940962424195,us,1.6808878927967543,2.114940962424195e-05,s,1.6808878927967543e-06,characterization.model.QB12.t1_time,25957614,False,False,2026-09-15T02:28:16.732049Z,2026-09-15T02:28:16.796964Z,2026-09-15T02:28:16.152294,2026-09-15T02:28:16.152294,2026-09-15_calibration_set_ID_bebc6c4d-7ae3-4784-8ce5-d72ea62dd621_quality_metrics.json,986ebb567153fad8fd2eafc10d963b3759bf91f096a422c29d7630d5a6ef81c2
2026-09-15,bebc6c4d-7ae3-4784-8ce5-d72ea62dd621,c858ad5f-8303-4f04-bbc9-c1d7169ae78e,QB12,12,t2_ramsey,5.016318943913321,us,0.5978870606446424,5.016318943913321e-06,s,5.978870606446424e-07,characterization.model.QB12.t2_time,25957654,False,False,2026-09-15T02:28:16.732049Z,2026-09-15T02:28:16.796964Z,2026-09-15T02:28:16.152294,2026-09-15T02:28:16.152294,2026-09-15_calibration_set_ID_bebc6c4d-7ae3-4784-8ce5-d72ea62dd621_quality_metrics.json,986ebb567153fad8fd2eafc10d963b3759bf91f096a422c29d7630d5a6ef81c2
2026-09-15,bebc6c4d-7ae3-4784-8ce5-d72ea62dd621,c858ad5f-8303-4f04-bbc9-c1d7169ae78e,QB12,12,t2_echo,13.204222707967828,us,1.178216253634429,1.3204222707967828e-05,s,1.178216253634429e-06,characterization.model.QB12.t2_echo_time,25957623,False,False,2026-09-15T02:28:16.732049Z,2026-09-15T02:28:16.796964Z,2026-09-15T02:28:16.152294,2026-09-15T02:28:16.152294,2026-09-15_calibration_set_ID_bebc6c4d-7ae3-4784-8ce5-d72ea62dd621_quality_metrics.json,986ebb567153fad8fd2eafc10d963b3759bf91f096a422c29d7630d5a6ef81c2
2026-09-15,bebc6c4d-7ae3-4784-8ce5-d72ea62dd621,c858ad5f-8303-4f04-bbc9-c1d7169ae78e,QB12,12,readout_error,3.1299999999999994,%,0.12169136812942875,0.9687,,0.0012169136812942875,metrics.ssro.measure_fidelity.constant.QB12.fidelity,25957469,False,False,2026-09-15T02:28:16.732049Z,2026-09-15T02:28:16.796964Z,2026-09-15T02:28:16.152294,2026-09-15T02:28:16.152294,2026-09-15_calibration_set_ID_bebc6c4d-7ae3-4784-8ce5-d72ea62dd621_quality_metrics.json,986ebb567153fad8fd2eafc10d963b3759bf91f096a422c29d7630d5a6ef81c2
2026-09-15,bebc6c4d-7ae3-4784-8ce5-d72ea62dd621,c858ad5f-8303-4f04-bbc9-c1d7169ae78e,QB12,12,readout_0_to_1,1.0699999999999998,%,0.10261329042809347,0.0107,,0.0010261329042809348,metrics.ssro.measure_fidelity.constant.QB12.error_0_to_1,25957438,False,False,2026-09-15T02:28:16.732049Z,2026-09-15T02:28:16.796964Z,2026-09-15T02:28:16.152294,2026-09-15T02:28:16.152294,2026-09-15_calibration_set_ID_bebc6c4d-7ae3-4784-8ce5-d72ea62dd621_quality_metrics.json,986ebb567153fad8fd2eafc10d963b3759bf91f096a422c29d7630d5a6ef81c2
2026-09-15,bebc6c4d-7ae3-4784-8ce5-d72ea62dd621,c858ad5f-8303-4f04-bbc9-c1d7169ae78e,QB12,12,readout_1_to_0,5.19,%,0.22069360873475316,0.0519,,0.0022069360873475316,metrics.ssro.measure_fidelity.constant.QB12.error_1_to_0,25957455,False,False,2026-09-15T02:28:16.732049Z,2026-09-15T02:28:16.796964Z,2026-09-15T02:28:16.152294,2026-09-15T02:28:16.152294,2026-09-15_calibration_set_ID_bebc6c4d-7ae3-4784-8ce5-d72ea62dd621_quality_metrics.json,986ebb567153fad8fd2eafc10d963b3759bf91f096a422c29d7630d5a6ef81c2
2026-09-15,bebc6c4d-7ae3-4784-8ce5-d72ea62dd621,c858ad5f-8303-4f04-bbc9-c1d7169ae78e,QB13,13,prx_error,0.061186705605542624,%,0.002593551603881413,0.9993881329439446,,2.593551603881413e-05,metrics.rb.prx.drag_crf_sx.QB13.fidelity:par=d2,25957571,False,False,2026-09-15T02:28:16.732049Z,2026-09-15T02:28:16.796964Z,2026-09-15T02:28:16.152294,2026-09-15T02:28:16.152294,2026-09-15_calibration_set_ID_bebc6c4d-7ae3-4784-8ce5-d72ea62dd621_quality_metrics.json,986ebb567153fad8fd2eafc10d963b3759bf91f096a422c29d7630d5a6ef81c2
2026-09-15,bebc6c4d-7ae3-4784-8ce5-d72ea62dd621,c858ad5f-8303-4f04-bbc9-c1d7169ae78e,QB13,13,t1,42.089179251774496,us,5.470886810038949,4.20891792517745e-05,s,5.470886810038949e-06,characterization.model.QB13.t1_time,25957604,False,False,2026-09-15T02:28:16.732049Z,2026-09-15T02:28:16.796964Z,2026-09-15T02:28:16.152294,2026-09-15T02:28:16.152294,2026-09-15_calibration_set_ID_bebc6c4d-7ae3-4784-8ce5-d72ea62dd621_quality_metrics.json,986ebb567153fad8fd2eafc10d963b3759bf91f096a422c29d7630d5a6ef81c2
2026-09-15,bebc6c4d-7ae3-4784-8ce5-d72ea62dd621,c858ad5f-8303-4f04-bbc9-c1d7169ae78e,QB13,13,t2_ramsey,14.668878650328228,us,0.730785268701944,1.4668878650328228e-05,s,7.30785268701944e-07,characterization.model.QB13.t2_time,25957644,False,False,2026-09-15T02:28:16.732049Z,2026-09-15T02:28:16.796964Z,2026-09-15T02:28:16.152294,2026-09-15T02:28:16.152294,2026-09-15_calibration_set_ID_bebc6c4d-7ae3-4784-8ce5-d72ea62dd621_quality_metrics.json,986ebb567153fad8fd2eafc10d963b3759bf91f096a422c29d7630d5a6ef81c2
2026-09-15,bebc6c4d-7ae3-4784-8ce5-d72ea62dd621,c858ad5f-8303-4f04-bbc9-c1d7169ae78e,QB13,13,t2_echo,27.617692699842944,us,1.9661294374688685,2.7617692699842944e-05,s,1.9661294374688684e-06,characterization.model.QB13.t2_echo_time,25957633,False,False,2026-09-15T02:28:16.732049Z,2026-09-15T02:28:16.796964Z,2026-09-15T02:28:16.152294,2026-09-15T02:28:16.152294,2026-09-15_calibration_set_ID_bebc6c4d-7ae3-4784-8ce5-d72ea62dd621_quality_metrics.json,986ebb567153fad8fd2eafc10d963b3759bf91f096a422c29d7630d5a6ef81c2
2026-09-15,bebc6c4d-7ae3-4784-8ce5-d72ea62dd621,c858ad5f-8303-4f04-bbc9-c1d7169ae78e,QB13,13,readout_error,1.3349999999999973,%,0.08087827288921282,0.98665,,0.0008087827288921282,metrics.ssro.measure_fidelity.constant.QB13.fidelity,25957441,False,False,2026-09-15T02:28:16.732049Z,2026-09-15T02:28:16.796964Z,2026-09-15T02:28:16.152294,2026-09-15T02:28:16.152294,2026-09-15_calibration_set_ID_bebc6c4d-7ae3-4784-8ce5-d72ea62dd621_quality_metrics.json,986ebb567153fad8fd2eafc10d963b3759bf91f096a422c29d7630d5a6ef81c2
2026-09-15,bebc6c4d-7ae3-4784-8ce5-d72ea62dd621,c858ad5f-8303-4f04-bbc9-c1d7169ae78e,QB13,13,readout_0_to_1,1.15,%,0.10631424820258806,0.0115,,0.0010631424820258806,metrics.ssro.measure_fidelity.constant.QB13.error_0_to_1,25957444,False,False,2026-09-15T02:28:16.732049Z,2026-09-15T02:28:16.796964Z,2026-09-15T02:28:16.152294,2026-09-15T02:28:16.152294,2026-09-15_calibration_set_ID_bebc6c4d-7ae3-4784-8ce5-d72ea62dd621_quality_metrics.json,986ebb567153fad8fd2eafc10d963b3759bf91f096a422c29d7630d5a6ef81c2
2026-09-15,bebc6c4d-7ae3-4784-8ce5-d72ea62dd621,c858ad5f-8303-4f04-bbc9-c1d7169ae78e,QB13,13,readout_1_to_0,1.52,%,0.12191169234854549,0.0152,,0.001219116923485455,metrics.ssro.measure_fidelity.constant.QB13.error_1_to_0,25957480,False,False,2026-09-15T02:28:16.732049Z,2026-09-15T02:28:16.796964Z,2026-09-15T02:28:16.152294,2026-09-15T02:28:16.152294,2026-09-15_calibration_set_ID_bebc6c4d-7ae3-4784-8ce5-d72ea62dd621_quality_metrics.json,986ebb567153fad8fd2eafc10d963b3759bf91f096a422c29d7630d5a6ef81c2
2026-09-15,bebc6c4d-7ae3-4784-8ce5-d72ea62dd621,c858ad5f-8303-4f04-bbc9-c1d7169ae78e,QB14,14,prx_error,0.036727668999603225,%,0.002288844007754871,0.999632723310004,,2.288844007754871e-05,metrics.rb.prx.drag_crf_sx.QB14.fidelity:par=d2,25957593,False,False,2026-09-15T02:28:16.732049Z,2026-09-15T02:28:16.796964Z,2026-09-15T02:28:16.152294,2026-09-15T02:28:16.152294,2026-09-15_calibration_set_ID_bebc6c4d-7ae3-4784-8ce5-d72ea62dd621_quality_metrics.json,986ebb567153fad8fd2eafc10d963b3759bf91f096a422c29d7630d5a6ef81c2
2026-09-15,bebc6c4d-7ae3-4784-8ce5-d72ea62dd621,c858ad5f-8303-4f04-bbc9-c1d7169ae78e,QB14,14,t1,59.332225969262694,us,8.300144399531085,5.93322259692627e-05,s,8.300144399531085e-06,characterization.model.QB14.t1_time,25957615,False,False,2026-09-15T02:28:16.732049Z,2026-09-15T02:28:16.796964Z,2026-09-15T02:28:16.152294,2026-09-15T02:28:16.152294,2026-09-15_calibration_set_ID_bebc6c4d-7ae3-4784-8ce5-d72ea62dd621_quality_metrics.json,986ebb567153fad8fd2eafc10d963b3759bf91f096a422c29d7630d5a6ef81c2
2026-09-15,bebc6c4d-7ae3-4784-8ce5-d72ea62dd621,c858ad5f-8303-4f04-bbc9-c1d7169ae78e,QB14,14,t2_ramsey,8.706014706770684,us,0.3614183959844738,8.706014706770684e-06,s,3.614183959844738e-07,characterization.model.QB14.t2_time,25957655,False,False,2026-09-15T02:28:16.732049Z,2026-09-15T02:28:16.796964Z,2026-09-15T02:28:16.152294,2026-09-15T02:28:16.152294,2026-09-15_calibration_set_ID_bebc6c4d-7ae3-4784-8ce5-d72ea62dd621_quality_metrics.json,986ebb567153fad8fd2eafc10d963b3759bf91f096a422c29d7630d5a6ef81c2
2026-09-15,bebc6c4d-7ae3-4784-8ce5-d72ea62dd621,c858ad5f-8303-4f04-bbc9-c1d7169ae78e,QB14,14,t2_echo,25.095320207207607,us,1.685220193502616,2.5095320207207608e-05,s,1.685220193502616e-06,characterization.model.QB14.t2_echo_time,25957624,False,False,2026-09-15T02:28:16.732049Z,2026-09-15T02:28:16.796964Z,2026-09-15T02:28:16.152294,2026-09-15T02:28:16.152294,2026-09-15_calibration_set_ID_bebc6c4d-7ae3-4784-8ce5-d72ea62dd621_quality_metrics.json,986ebb567153fad8fd2eafc10d963b3759bf91f096a422c29d7630d5a6ef81c2
2026-09-15,bebc6c4d-7ae3-4784-8ce5-d72ea62dd621,c858ad5f-8303-4f04-bbc9-c1d7169ae78e,QB14,14,readout_error,1.8950000000000022,%,0.09602315082519022,0.98105,,0.0009602315082519022,metrics.ssro.measure_fidelity.constant.QB14.fidelity,25957475,False,False,2026-09-15T02:28:16.732049Z,2026-09-15T02:28:16.796964Z,2026-09-15T02:28:16.152294,2026-09-15T02:28:16.152294,2026-09-15_calibration_set_ID_bebc6c4d-7ae3-4784-8ce5-d72ea62dd621_quality_metrics.json,986ebb567153fad8fd2eafc10d963b3759bf91f096a422c29d7630d5a6ef81c2
2026-09-15,bebc6c4d-7ae3-4784-8ce5-d72ea62dd621,c858ad5f-8303-4f04-bbc9-c1d7169ae78e,QB14,14,readout_0_to_1,2.03,%,0.14044490154123054,0.0203,,0.0014044490154123054,metrics.ssro.measure_fidelity.constant.QB14.error_0_to_1,25957459,False,False,2026-09-15T02:28:16.732049Z,2026-09-15T02:28:16.796964Z,2026-09-15T02:28:16.152294,2026-09-15T02:28:16.152294,2026-09-15_calibration_set_ID_bebc6c4d-7ae3-4784-8ce5-d72ea62dd621_quality_metrics.json,986ebb567153fad8fd2eafc10d963b3759bf91f096a422c29d7630d5a6ef81c2
2026-09-15,bebc6c4d-7ae3-4784-8ce5-d72ea62dd621,c858ad5f-8303-4f04-bbc9-c1d7169ae78e,QB14,14,readout_1_to_0,1.76,%,0.1309847762477112,0.0176,,0.001309847762477112,metrics.ssro.measure_fidelity.constant.QB14.error_1_to_0,25957481,False,False,2026-09-15T02:28:16.732049Z,2026-09-15T02:28:16.796964Z,2026-09-15T02:28:16.152294,2026-09-15T02:28:16.152294,2026-09-15_calibration_set_ID_bebc6c4d-7ae3-4784-8ce5-d72ea62dd621_quality_metrics.json,986ebb567153fad8fd2eafc10d963b3759bf91f096a422c29d7630d5a6ef81c2
2026-09-15,bebc6c4d-7ae3-4784-8ce5-d72ea62dd621,c858ad5f-8303-4f04-bbc9-c1d7169ae78e,QB15,15,prx_error,0.05383474515575637,%,0.001928324840312303,0.9994616525484424,,1.928324840312303e-05,metrics.rb.prx.drag_crf_sx.QB15.fidelity:par=d2,25957573,False,False,2026-09-15T02:28:16.732049Z,2026-09-15T02:28:16.796964Z,2026-09-15T02:28:16.152294,2026-09-15T02:28:16.152294,2026-09-15_calibration_set_ID_bebc6c4d-7ae3-4784-8ce5-d72ea62dd621_quality_metrics.json,986ebb567153fad8fd2eafc10d963b3759bf91f096a422c29d7630d5a6ef81c2
2026-09-15,bebc6c4d-7ae3-4784-8ce5-d72ea62dd621,c858ad5f-8303-4f04-bbc9-c1d7169ae78e,QB15,15,t1,49.639441464180905,us,8.148155234931368,4.96394414641809e-05,s,8.148155234931367e-06,characterization.model.QB15.t1_time,25957605,False,False,2026-09-15T02:28:16.732049Z,2026-09-15T02:28:16.796964Z,2026-09-15T02:28:16.152294,2026-09-15T02:28:16.152294,2026-09-15_calibration_set_ID_bebc6c4d-7ae3-4784-8ce5-d72ea62dd621_quality_metrics.json,986ebb567153fad8fd2eafc10d963b3759bf91f096a422c29d7630d5a6ef81c2
2026-09-15,bebc6c4d-7ae3-4784-8ce5-d72ea62dd621,c858ad5f-8303-4f04-bbc9-c1d7169ae78e,QB15,15,t2_ramsey,14.427654257359219,us,1.1397475627076399,1.442765425735922e-05,s,1.13974756270764e-06,characterization.model.QB15.t2_time,25957645,False,False,2026-09-15T02:28:16.732049Z,2026-09-15T02:28:16.796964Z,2026-09-15T02:28:16.152294,2026-09-15T02:28:16.152294,2026-09-15_calibration_set_ID_bebc6c4d-7ae3-4784-8ce5-d72ea62dd621_quality_metrics.json,986ebb567153fad8fd2eafc10d963b3759bf91f096a422c29d7630d5a6ef81c2
2026-09-15,bebc6c4d-7ae3-4784-8ce5-d72ea62dd621,c858ad5f-8303-4f04-bbc9-c1d7169ae78e,QB15,15,t2_echo,25.3394995390852,us,3.8719045728425616,2.53394995390852e-05,s,3.871904572842562e-06,characterization.model.QB15.t2_echo_time,25957634,False,False,2026-09-15T02:28:16.732049Z,2026-09-15T02:28:16.796964Z,2026-09-15T02:28:16.152294,2026-09-15T02:28:16.152294,2026-09-15_calibration_set_ID_bebc6c4d-7ae3-4784-8ce5-d72ea62dd621_quality_metrics.json,986ebb567153fad8fd2eafc10d963b3759bf91f096a422c29d7630d5a6ef81c2
2026-09-15,bebc6c4d-7ae3-4784-8ce5-d72ea62dd621,c858ad5f-8303-4f04-bbc9-c1d7169ae78e,QB15,15,readout_error,3.4050000000000025,%,0.1272172870189279,0.96595,,0.001272172870189279,metrics.ssro.measure_fidelity.constant.QB15.fidelity,25957497,False,False,2026-09-15T02:28:16.732049Z,2026-09-15T02:28:16.796964Z,2026-09-15T02:28:16.152294,2026-09-15T02:28:16.152294,2026-09-15_calibration_set_ID_bebc6c4d-7ae3-4784-8ce5-d72ea62dd621_quality_metrics.json,986ebb567153fad8fd2eafc10d963b3759bf91f096a422c29d7630d5a6ef81c2
2026-09-15,bebc6c4d-7ae3-4784-8ce5-d72ea62dd621,c858ad5f-8303-4f04-bbc9-c1d7169ae78e,QB15,15,readout_0_to_1,1.95,%,0.13771512413757095,0.0195,,0.0013771512413757094,metrics.ssro.measure_fidelity.constant.QB15.error_0_to_1,25957466,False,False,2026-09-15T02:28:16.732049Z,2026-09-15T02:28:16.796964Z,2026-09-15T02:28:16.152294,2026-09-15T02:28:16.152294,2026-09-15_calibration_set_ID_bebc6c4d-7ae3-4784-8ce5-d72ea62dd621_quality_metrics.json,986ebb567153fad8fd2eafc10d963b3759bf91f096a422c29d7630d5a6ef81c2
2026-09-15,bebc6c4d-7ae3-4784-8ce5-d72ea62dd621,c858ad5f-8303-4f04-bbc9-c1d7169ae78e,QB15,15,readout_1_to_0,4.859999999999999,%,0.2139427424560098,0.0486,,0.002139427424560098,metrics.ssro.measure_fidelity.constant.QB15.error_1_to_0,25957491,False,False,2026-09-15T02:28:16.732049Z,2026-09-15T02:28:16.796964Z,2026-09-15T02:28:16.152294,2026-09-15T02:28:16.152294,2026-09-15_calibration_set_ID_bebc6c4d-7ae3-4784-8ce5-d72ea62dd621_quality_metrics.json,986ebb567153fad8fd2eafc10d963b3759bf91f096a422c29d7630d5a6ef81c2
2026-09-15,bebc6c4d-7ae3-4784-8ce5-d72ea62dd621,c858ad5f-8303-4f04-bbc9-c1d7169ae78e,QB16,16,prx_error,0.05193192431688365,%,0.002736786957476164,0.9994806807568312,,2.736786957476164e-05,metrics.rb.prx.drag_crf_sx.QB16.fidelity:par=d2,25957595,False,False,2026-09-15T02:28:16.732049Z,2026-09-15T02:28:16.796964Z,2026-09-15T02:28:16.152294,2026-09-15T02:28:16.152294,2026-09-15_calibration_set_ID_bebc6c4d-7ae3-4784-8ce5-d72ea62dd621_quality_metrics.json,986ebb567153fad8fd2eafc10d963b3759bf91f096a422c29d7630d5a6ef81c2
2026-09-15,bebc6c4d-7ae3-4784-8ce5-d72ea62dd621,c858ad5f-8303-4f04-bbc9-c1d7169ae78e,QB16,16,t1,41.816154028222975,us,5.545362304152826,4.181615402822298e-05,s,5.545362304152827e-06,characterization.model.QB16.t1_time,25957616,False,False,2026-09-15T02:28:16.732049Z,2026-09-15T02:28:16.796964Z,2026-09-15T02:28:16.152294,2026-09-15T02:28:16.152294,2026-09-15_calibration_set_ID_bebc6c4d-7ae3-4784-8ce5-d72ea62dd621_quality_metrics.json,986ebb567153fad8fd2eafc10d963b3759bf91f096a422c29d7630d5a6ef81c2
2026-09-15,bebc6c4d-7ae3-4784-8ce5-d72ea62dd621,c858ad5f-8303-4f04-bbc9-c1d7169ae78e,QB16,16,t2_ramsey,8.084560154078682,us,0.31861573936580356,8.084560154078682e-06,s,3.1861573936580354e-07,characterization.model.QB16.t2_time,25957656,False,False,2026-09-15T02:28:16.732049Z,2026-09-15T02:28:16.796964Z,2026-09-15T02:28:16.152294,2026-09-15T02:28:16.152294,2026-09-15_calibration_set_ID_bebc6c4d-7ae3-4784-8ce5-d72ea62dd621_quality_metrics.json,986ebb567153fad8fd2eafc10d963b3759bf91f096a422c29d7630d5a6ef81c2
2026-09-15,bebc6c4d-7ae3-4784-8ce5-d72ea62dd621,c858ad5f-8303-4f04-bbc9-c1d7169ae78e,QB16,16,t2_echo,21.49434964135519,us,1.0060450404072692,2.149434964135519e-05,s,1.0060450404072692e-06,characterization.model.QB16.t2_echo_time,25957625,False,False,2026-09-15T02:28:16.732049Z,2026-09-15T02:28:16.796964Z,2026-09-15T02:28:16.152294,2026-09-15T02:28:16.152294,2026-09-15_calibration_set_ID_bebc6c4d-7ae3-4784-8ce5-d72ea62dd621_quality_metrics.json,986ebb567153fad8fd2eafc10d963b3759bf91f096a422c29d7630d5a6ef81c2
2026-09-15,bebc6c4d-7ae3-4784-8ce5-d72ea62dd621,c858ad5f-8303-4f04-bbc9-c1d7169ae78e,QB16,16,readout_error,1.9349999999999978,%,0.09701166265575392,0.98065,,0.0009701166265575392,metrics.ssro.measure_fidelity.constant.QB16.fidelity,25957494,False,False,2026-09-15T02:28:16.732049Z,2026-09-15T02:28:16.796964Z,2026-09-15T02:28:16.152294,2026-09-15T02:28:16.152294,2026-09-15_calibration_set_ID_bebc6c4d-7ae3-4784-8ce5-d72ea62dd621_quality_metrics.json,986ebb567153fad8fd2eafc10d963b3759bf91f096a422c29d7630d5a6ef81c2
2026-09-15,bebc6c4d-7ae3-4784-8ce5-d72ea62dd621,c858ad5f-8303-4f04-bbc9-c1d7169ae78e,QB16,16,readout_0_to_1,2.0,%,0.13942802993301867,0.02,,0.0013942802993301869,metrics.ssro.measure_fidelity.constant.QB16.error_0_to_1,25957472,False,False,2026-09-15T02:28:16.732049Z,2026-09-15T02:28:16.796964Z,2026-09-15T02:28:16.152294,2026-09-15T02:28:16.152294,2026-09-15_calibration_set_ID_bebc6c4d-7ae3-4784-8ce5-d72ea62dd621_quality_metrics.json,986ebb567153fad8fd2eafc10d963b3759bf91f096a422c29d7630d5a6ef81c2
2026-09-15,bebc6c4d-7ae3-4784-8ce5-d72ea62dd621,c858ad5f-8303-4f04-bbc9-c1d7169ae78e,QB16,16,readout_1_to_0,1.87,%,0.13492544324156375,0.0187,,0.0013492544324156374,metrics.ssro.measure_fidelity.constant.QB16.error_1_to_0,25957465,False,False,2026-09-15T02:28:16.732049Z,2026-09-15T02:28:16.796964Z,2026-09-15T02:28:16.152294,2026-09-15T02:28:16.152294,2026-09-15_calibration_set_ID_bebc6c4d-7ae3-4784-8ce5-d72ea62dd621_quality_metrics.json,986ebb567153fad8fd2eafc10d963b3759bf91f096a422c29d7630d5a6ef81c2
2026-09-15,bebc6c4d-7ae3-4784-8ce5-d72ea62dd621,c858ad5f-8303-4f04-bbc9-c1d7169ae78e,QB17,17,prx_error,0.05749961062392339,%,0.0023120544700539133,0.9994250038937608,,2.3120544700539135e-05,metrics.rb.prx.drag_crf_sx.QB17.fidelity:par=d2,25957575,False,False,2026-09-15T02:28:16.732049Z,2026-09-15T02:28:16.796964Z,2026-09-15T02:28:16.152294,2026-09-15T02:28:16.152294,2026-09-15_calibration_set_ID_bebc6c4d-7ae3-4784-8ce5-d72ea62dd621_quality_metrics.json,986ebb567153fad8fd2eafc10d963b3759bf91f096a422c29d7630d5a6ef81c2
2026-09-15,bebc6c4d-7ae3-4784-8ce5-d72ea62dd621,c858ad5f-8303-4f04-bbc9-c1d7169ae78e,QB17,17,t1,49.84727017233393,us,4.197795094147671,4.9847270172333926e-05,s,4.197795094147671e-06,characterization.model.QB17.t1_time,25957606,False,False,2026-09-15T02:28:16.732049Z,2026-09-15T02:28:16.796964Z,2026-09-15T02:28:16.152294,2026-09-15T02:28:16.152294,2026-09-15_calibration_set_ID_bebc6c4d-7ae3-4784-8ce5-d72ea62dd621_quality_metrics.json,986ebb567153fad8fd2eafc10d963b3759bf91f096a422c29d7630d5a6ef81c2
2026-09-15,bebc6c4d-7ae3-4784-8ce5-d72ea62dd621,c858ad5f-8303-4f04-bbc9-c1d7169ae78e,QB17,17,t2_ramsey,14.695408192707864,us,0.8970190868060454,1.4695408192707865e-05,s,8.970190868060454e-07,characterization.model.QB17.t2_time,25957646,False,False,2026-09-15T02:28:16.732049Z,2026-09-15T02:28:16.796964Z,2026-09-15T02:28:16.152294,2026-09-15T02:28:16.152294,2026-09-15_calibration_set_ID_bebc6c4d-7ae3-4784-8ce5-d72ea62dd621_quality_metrics.json,986ebb567153fad8fd2eafc10d963b3759bf91f096a422c29d7630d5a6ef81c2
2026-09-15,bebc6c4d-7ae3-4784-8ce5-d72ea62dd621,c858ad5f-8303-4f04-bbc9-c1d7169ae78e,QB17,17,t2_echo,30.613605014050226,us,2.200268183916054,3.0613605014050225e-05,s,2.2002681839160537e-06,characterization.model.QB17.t2_echo_time,25957635,False,False,2026-09-15T02:28:16.732049Z,2026-09-15T02:28:16.796964Z,2026-09-15T02:28:16.152294,2026-09-15T02:28:16.152294,2026-09-15_calibration_set_ID_bebc6c4d-7ae3-4784-8ce5-d72ea62dd621_quality_metrics.json,986ebb567153fad8fd2eafc10d963b3759bf91f096a422c29d7630d5a6ef81c2
2026-09-15,bebc6c4d-7ae3-4784-8ce5-d72ea62dd621,c858ad5f-8303-4f04-bbc9-c1d7169ae78e,QB17,17,readout_error,2.070000000000005,%,0.10015535642816302,0.9793,,0.0010015535642816302,metrics.ssro.measure_fidelity.constant.QB17.fidelity,25957439,False,False,2026-09-15T02:28:16.732049Z,2026-09-15T02:28:16.796964Z,2026-09-15T02:28:16.152294,2026-09-15T02:28:16.152294,2026-09-15_calibration_set_ID_bebc6c4d-7ae3-4784-8ce5-d72ea62dd621_quality_metrics.json,986ebb567153fad8fd2eafc10d963b3759bf91f096a422c29d7630d5a6ef81c2
2026-09-15,bebc6c4d-7ae3-4784-8ce5-d72ea62dd621,c858ad5f-8303-4f04-bbc9-c1d7169ae78e,QB17,17,readout_0_to_1,1.4200000000000002,%,0.1179111410376821,0.0142,,0.0011791114103768211,metrics.ssro.measure_fidelity.constant.QB17.error_0_to_1,25957446,False,False,2026-09-15T02:28:16.732049Z,2026-09-15T02:28:16.796964Z,2026-09-15T02:28:16.152294,2026-09-15T02:28:16.152294,2026-09-15_calibration_set_ID_bebc6c4d-7ae3-4784-8ce5-d72ea62dd621_quality_metrics.json,986ebb567153fad8fd2eafc10d963b3759bf91f096a422c29d7630d5a6ef81c2
2026-09-15,bebc6c4d-7ae3-4784-8ce5-d72ea62dd621,c858ad5f-8303-4f04-bbc9-c1d7169ae78e,QB17,17,readout_1_to_0,2.7199999999999998,%,0.16193006053293912,0.0272,,0.0016193006053293914,metrics.ssro.measure_fidelity.constant.QB17.error_1_to_0,25957489,False,False,2026-09-15T02:28:16.732049Z,2026-09-15T02:28:16.796964Z,2026-09-15T02:28:16.152294,2026-09-15T02:28:16.152294,2026-09-15_calibration_set_ID_bebc6c4d-7ae3-4784-8ce5-d72ea62dd621_quality_metrics.json,986ebb567153fad8fd2eafc10d963b3759bf91f096a422c29d7630d5a6ef81c2
2026-09-15,bebc6c4d-7ae3-4784-8ce5-d72ea62dd621,c858ad5f-8303-4f04-bbc9-c1d7169ae78e,QB18,18,prx_error,0.028689620063804266,%,0.0008793436903132007,0.999713103799362,,8.793436903132007e-06,metrics.rb.prx.drag_crf_sx.QB18.fidelity:par=d2,25957577,False,False,2026-09-15T02:28:16.732049Z,2026-09-15T02:28:16.796964Z,2026-09-15T02:28:16.152294,2026-09-15T02:28:16.152294,2026-09-15_calibration_set_ID_bebc6c4d-7ae3-4784-8ce5-d72ea62dd621_quality_metrics.json,986ebb567153fad8fd2eafc10d963b3759bf91f096a422c29d7630d5a6ef81c2
2026-09-15,bebc6c4d-7ae3-4784-8ce5-d72ea62dd621,c858ad5f-8303-4f04-bbc9-c1d7169ae78e,QB18,18,t1,46.1787938855024,us,4.875948952994608,4.61787938855024e-05,s,4.875948952994608e-06,characterization.model.QB18.t1_time,25957607,False,False,2026-09-15T02:28:16.732049Z,2026-09-15T02:28:16.796964Z,2026-09-15T02:28:16.152294,2026-09-15T02:28:16.152294,2026-09-15_calibration_set_ID_bebc6c4d-7ae3-4784-8ce5-d72ea62dd621_quality_metrics.json,986ebb567153fad8fd2eafc10d963b3759bf91f096a422c29d7630d5a6ef81c2
2026-09-15,bebc6c4d-7ae3-4784-8ce5-d72ea62dd621,c858ad5f-8303-4f04-bbc9-c1d7169ae78e,QB18,18,t2_ramsey,12.187651553864356,us,0.7987178248672125,1.2187651553864356e-05,s,7.987178248672125e-07,characterization.model.QB18.t2_time,25957647,False,False,2026-09-15T02:28:16.732049Z,2026-09-15T02:28:16.796964Z,2026-09-15T02:28:16.152294,2026-09-15T02:28:16.152294,2026-09-15_calibration_set_ID_bebc6c4d-7ae3-4784-8ce5-d72ea62dd621_quality_metrics.json,986ebb567153fad8fd2eafc10d963b3759bf91f096a422c29d7630d5a6ef81c2
2026-09-15,bebc6c4d-7ae3-4784-8ce5-d72ea62dd621,c858ad5f-8303-4f04-bbc9-c1d7169ae78e,QB18,18,t2_echo,25.639421948631526,us,1.23330978361832,2.5639421948631525e-05,s,1.23330978361832e-06,characterization.model.QB18.t2_echo_time,25957636,False,False,2026-09-15T02:28:16.732049Z,2026-09-15T02:28:16.796964Z,2026-09-15T02:28:16.152294,2026-09-15T02:28:16.152294,2026-09-15_calibration_set_ID_bebc6c4d-7ae3-4784-8ce5-d72ea62dd621_quality_metrics.json,986ebb567153fad8fd2eafc10d963b3759bf91f096a422c29d7630d5a6ef81c2
2026-09-15,bebc6c4d-7ae3-4784-8ce5-d72ea62dd621,c858ad5f-8303-4f04-bbc9-c1d7169ae78e,QB18,18,readout_error,1.9649999999999945,%,0.09768488189815004,0.98035,,0.0009768488189815005,metrics.ssro.measure_fidelity.constant.QB18.fidelity,25957482,False,False,2026-09-15T02:28:16.732049Z,2026-09-15T02:28:16.796964Z,2026-09-15T02:28:16.152294,2026-09-15T02:28:16.152294,2026-09-15_calibration_set_ID_bebc6c4d-7ae3-4784-8ce5-d72ea62dd621_quality_metrics.json,986ebb567153fad8fd2eafc10d963b3759bf91f096a422c29d7630d5a6ef81c2
2026-09-15,bebc6c4d-7ae3-4784-8ce5-d72ea62dd621,c858ad5f-8303-4f04-bbc9-c1d7169ae78e,QB18,18,readout_0_to_1,1.48,%,0.12032841947639504,0.0148,,0.0012032841947639504,metrics.ssro.measure_fidelity.constant.QB18.error_0_to_1,25957484,False,False,2026-09-15T02:28:16.732049Z,2026-09-15T02:28:16.796964Z,2026-09-15T02:28:16.152294,2026-09-15T02:28:16.152294,2026-09-15_calibration_set_ID_bebc6c4d-7ae3-4784-8ce5-d72ea62dd621_quality_metrics.json,986ebb567153fad8fd2eafc10d963b3759bf91f096a422c29d7630d5a6ef81c2
2026-09-15,bebc6c4d-7ae3-4784-8ce5-d72ea62dd621,c858ad5f-8303-4f04-bbc9-c1d7169ae78e,QB18,18,readout_1_to_0,2.45,%,0.1539169128852798,0.0245,,0.0015391691288527982,metrics.ssro.measure_fidelity.constant.QB18.error_1_to_0,25957457,False,False,2026-09-15T02:28:16.732049Z,2026-09-15T02:28:16.796964Z,2026-09-15T02:28:16.152294,2026-09-15T02:28:16.152294,2026-09-15_calibration_set_ID_bebc6c4d-7ae3-4784-8ce5-d72ea62dd621_quality_metrics.json,986ebb567153fad8fd2eafc10d963b3759bf91f096a422c29d7630d5a6ef81c2
2026-09-15,bebc6c4d-7ae3-4784-8ce5-d72ea62dd621,c858ad5f-8303-4f04-bbc9-c1d7169ae78e,QB19,19,prx_error,0.036407630911361455,%,0.0017737860630326228,0.9996359236908864,,1.7737860630326228e-05,metrics.rb.prx.drag_crf_sx.QB19.fidelity:par=d2,25957597,False,False,2026-09-15T02:28:16.732049Z,2026-09-15T02:28:16.796964Z,2026-09-15T02:28:16.152294,2026-09-15T02:28:16.152294,2026-09-15_calibration_set_ID_bebc6c4d-7ae3-4784-8ce5-d72ea62dd621_quality_metrics.json,986ebb567153fad8fd2eafc10d963b3759bf91f096a422c29d7630d5a6ef81c2
2026-09-15,bebc6c4d-7ae3-4784-8ce5-d72ea62dd621,c858ad5f-8303-4f04-bbc9-c1d7169ae78e,QB19,19,t1,58.20547832770298,us,2.868913026567724,5.8205478327702977e-05,s,2.868913026567724e-06,characterization.model.QB19.t1_time,25957617,False,False,2026-09-15T02:28:16.732049Z,2026-09-15T02:28:16.796964Z,2026-09-15T02:28:16.152294,2026-09-15T02:28:16.152294,2026-09-15_calibration_set_ID_bebc6c4d-7ae3-4784-8ce5-d72ea62dd621_quality_metrics.json,986ebb567153fad8fd2eafc10d963b3759bf91f096a422c29d7630d5a6ef81c2
2026-09-15,bebc6c4d-7ae3-4784-8ce5-d72ea62dd621,c858ad5f-8303-4f04-bbc9-c1d7169ae78e,QB19,19,t2_ramsey,7.982419687713741,us,0.3059322007521001,7.982419687713741e-06,s,3.059322007521001e-07,characterization.model.QB19.t2_time,25957657,False,False,2026-09-15T02:28:16.732049Z,2026-09-15T02:28:16.796964Z,2026-09-15T02:28:16.152294,2026-09-15T02:28:16.152294,2026-09-15_calibration_set_ID_bebc6c4d-7ae3-4784-8ce5-d72ea62dd621_quality_metrics.json,986ebb567153fad8fd2eafc10d963b3759bf91f096a422c29d7630d5a6ef81c2
2026-09-15,bebc6c4d-7ae3-4784-8ce5-d72ea62dd621,c858ad5f-8303-4f04-bbc9-c1d7169ae78e,QB19,19,t2_echo,25.459903868638204,us,1.207939207925886,2.5459903868638205e-05,s,1.207939207925886e-06,characterization.model.QB19.t2_echo_time,25957626,False,False,2026-09-15T02:28:16.732049Z,2026-09-15T02:28:16.796964Z,2026-09-15T02:28:16.152294,2026-09-15T02:28:16.152294,2026-09-15_calibration_set_ID_bebc6c4d-7ae3-4784-8ce5-d72ea62dd621_quality_metrics.json,986ebb567153fad8fd2eafc10d963b3759bf91f096a422c29d7630d5a6ef81c2
2026-09-15,bebc6c4d-7ae3-4784-8ce5-d72ea62dd621,c858ad5f-8303-4f04-bbc9-c1d7169ae78e,QB19,19,readout_error,1.7149999999999999,%,0.091385017514793,0.98285,,0.00091385017514793,metrics.ssro.measure_fidelity.constant.QB19.fidelity,25957488,False,False,2026-09-15T02:28:16.732049Z,2026-09-15T02:28:16.796964Z,2026-09-15T02:28:16.152294,2026-09-15T02:28:16.152294,2026-09-15_calibration_set_ID_bebc6c4d-7ae3-4784-8ce5-d72ea62dd621_quality_metrics.json,986ebb567153fad8fd2eafc10d963b3759bf91f096a422c29d7630d5a6ef81c2
2026-09-15,bebc6c4d-7ae3-4784-8ce5-d72ea62dd621,c858ad5f-8303-4f04-bbc9-c1d7169ae78e,QB19,19,readout_0_to_1,2.22,%,0.14670743866008126,0.0222,,0.0014670743866008126,metrics.ssro.measure_fidelity.constant.QB19.error_0_to_1,25957479,False,False,2026-09-15T02:28:16.732049Z,2026-09-15T02:28:16.796964Z,2026-09-15T02:28:16.152294,2026-09-15T02:28:16.152294,2026-09-15_calibration_set_ID_bebc6c4d-7ae3-4784-8ce5-d72ea62dd621_quality_metrics.json,986ebb567153fad8fd2eafc10d963b3759bf91f096a422c29d7630d5a6ef81c2
2026-09-15,bebc6c4d-7ae3-4784-8ce5-d72ea62dd621,c858ad5f-8303-4f04-bbc9-c1d7169ae78e,QB19,19,readout_1_to_0,1.21,%,0.10900372996606397,0.0121,,0.0010900372996606397,metrics.ssro.measure_fidelity.constant.QB19.error_1_to_0,25957476,False,False,2026-09-15T02:28:16.732049Z,2026-09-15T02:28:16.796964Z,2026-09-15T02:28:16.152294,2026-09-15T02:28:16.152294,2026-09-15_calibration_set_ID_bebc6c4d-7ae3-4784-8ce5-d72ea62dd621_quality_metrics.json,986ebb567153fad8fd2eafc10d963b3759bf91f096a422c29d7630d5a6ef81c2
2026-09-15,bebc6c4d-7ae3-4784-8ce5-d72ea62dd621,c858ad5f-8303-4f04-bbc9-c1d7169ae78e,QB20,20,prx_error,0.05388111491679837,%,0.0015447032996543444,0.999461188850832,,1.5447032996543445e-05,metrics.rb.prx.drag_crf_sx.QB20.fidelity:par=d2,25957579,False,False,2026-09-15T02:28:16.732049Z,2026-09-15T02:28:16.796964Z,2026-09-15T02:28:16.152294,2026-09-15T02:28:16.152294,2026-09-15_calibration_set_ID_bebc6c4d-7ae3-4784-8ce5-d72ea62dd621_quality_metrics.json,986ebb567153fad8fd2eafc10d963b3759bf91f096a422c29d7630d5a6ef81c2
2026-09-15,bebc6c4d-7ae3-4784-8ce5-d72ea62dd621,c858ad5f-8303-4f04-bbc9-c1d7169ae78e,QB20,20,t1,42.50711387419814,us,2.8704406367300237,4.250711387419814e-05,s,2.8704406367300235e-06,characterization.model.QB20.t1_time,25957608,False,False,2026-09-15T02:28:16.732049Z,2026-09-15T02:28:16.796964Z,2026-09-15T02:28:16.152294,2026-09-15T02:28:16.152294,2026-09-15_calibration_set_ID_bebc6c4d-7ae3-4784-8ce5-d72ea62dd621_quality_metrics.json,986ebb567153fad8fd2eafc10d963b3759bf91f096a422c29d7630d5a6ef81c2
2026-09-15,bebc6c4d-7ae3-4784-8ce5-d72ea62dd621,c858ad5f-8303-4f04-bbc9-c1d7169ae78e,QB20,20,t2_ramsey,23.287126526942302,us,2.271541301816159,2.32871265269423e-05,s,2.271541301816159e-06,characterization.model.QB20.t2_time,25957648,False,False,2026-09-15T02:28:16.732049Z,2026-09-15T02:28:16.796964Z,2026-09-15T02:28:16.152294,2026-09-15T02:28:16.152294,2026-09-15_calibration_set_ID_bebc6c4d-7ae3-4784-8ce5-d72ea62dd621_quality_metrics.json,986ebb567153fad8fd2eafc10d963b3759bf91f096a422c29d7630d5a6ef81c2
2026-09-15,bebc6c4d-7ae3-4784-8ce5-d72ea62dd621,c858ad5f-8303-4f04-bbc9-c1d7169ae78e,QB20,20,t2_echo,33.06166170351209,us,2.3505055717387267,3.306166170351209e-05,s,2.350505571738727e-06,characterization.model.QB20.t2_echo_time,25957637,False,False,2026-09-15T02:28:16.732049Z,2026-09-15T02:28:16.796964Z,2026-09-15T02:28:16.152294,2026-09-15T02:28:16.152294,2026-09-15_calibration_set_ID_bebc6c4d-7ae3-4784-8ce5-d72ea62dd621_quality_metrics.json,986ebb567153fad8fd2eafc10d963b3759bf91f096a422c29d7630d5a6ef81c2
2026-09-15,bebc6c4d-7ae3-4784-8ce5-d72ea62dd621,c858ad5f-8303-4f04-bbc9-c1d7169ae78e,QB20,20,readout_error,1.354999999999995,%,0.08148022090061605,0.98645,,0.0008148022090061605,metrics.ssro.measure_fidelity.constant.QB20.fidelity,25957463,False,False,2026-09-15T02:28:16.732049Z,2026-09-15T02:28:16.796964Z,2026-09-15T02:28:16.152294,2026-09-15T02:28:16.152294,2026-09-15_calibration_set_ID_bebc6c4d-7ae3-4784-8ce5-d72ea62dd621_quality_metrics.json,986ebb567153fad8fd2eafc10d963b3759bf91f096a422c29d7630d5a6ef81c2
2026-09-15,bebc6c4d-7ae3-4784-8ce5-d72ea62dd621,c858ad5f-8303-4f04-bbc9-c1d7169ae78e,QB20,20,readout_0_to_1,1.41,%,0.11750313229466225,0.0141,,0.0011750313229466226,metrics.ssro.measure_fidelity.constant.QB20.error_0_to_1,25957449,False,False,2026-09-15T02:28:16.732049Z,2026-09-15T02:28:16.796964Z,2026-09-15T02:28:16.152294,2026-09-15T02:28:16.152294,2026-09-15_calibration_set_ID_bebc6c4d-7ae3-4784-8ce5-d72ea62dd621_quality_metrics.json,986ebb567153fad8fd2eafc10d963b3759bf91f096a422c29d7630d5a6ef81c2
2026-09-15,bebc6c4d-7ae3-4784-8ce5-d72ea62dd621,c858ad5f-8303-4f04-bbc9-c1d7169ae78e,QB20,20,readout_1_to_0,1.3,%,0.11291199888849655,0.013,,0.0011291199888849655,metrics.ssro.measure_fidelity.constant.QB20.error_1_to_0,25957486,False,False,2026-09-15T02:28:16.732049Z,2026-09-15T02:28:16.796964Z,2026-09-15T02:28:16.152294,2026-09-15T02:28:16.152294,2026-09-15_calibration_set_ID_bebc6c4d-7ae3-4784-8ce5-d72ea62dd621_quality_metrics.json,986ebb567153fad8fd2eafc10d963b3759bf91f096a422c29d7630d5a6ef81c2
