job_id,family,panel,qubit,logical_q,circuit_idx,circuit,sweep_idx,epsilon,detuning_Hz,detuning_MHz,n1,shots,p1_raw
01a072a3-8b43-7750-ac81-2431b9de5abb,a,B,QB18,0,0,standard_pi_2,0,-0.2,2500000.0,2.5,355,1024,0.3466796875
01a072a3-8b43-7750-ac81-2431b9de5abb,a,B,QB18,0,0,standard_pi_2,1,-0.18666666666666668,2500000.0,2.5,340,1024,0.33203125
01a072a3-8b43-7750-ac81-2431b9de5abb,a,B,QB18,0,0,standard_pi_2,2,-0.17333333333333334,2500000.0,2.5,356,1024,0.34765625
01a072a3-8b43-7750-ac81-2431b9de5abb,a,B,QB18,0,0,standard_pi_2,3,-0.16,2500000.0,2.5,379,1024,0.3701171875
01a072a3-8b43-7750-ac81-2431b9de5abb,a,B,QB18,0,0,standard_pi_2,4,-0.14666666666666667,2500000.0,2.5,360,1024,0.3515625
01a072a3-8b43-7750-ac81-2431b9de5abb,a,B,QB18,0,0,standard_pi_2,5,-0.13333333333333336,2500000.0,2.5,372,1024,0.36328125
01a072a3-8b43-7750-ac81-2431b9de5abb,a,B,QB18,0,0,standard_pi_2,6,-0.12000000000000001,2500000.0,2.5,395,1024,0.3857421875
01a072a3-8b43-7750-ac81-2431b9de5abb,a,B,QB18,0,0,standard_pi_2,7,-0.10666666666666667,2500000.0,2.5,408,1024,0.3984375
01a072a3-8b43-7750-ac81-2431b9de5abb,a,B,QB18,0,0,standard_pi_2,8,-0.09333333333333334,2500000.0,2.5,412,1024,0.40234375
01a072a3-8b43-7750-ac81-2431b9de5abb,a,B,QB18,0,0,standard_pi_2,9,-0.08,2500000.0,2.5,430,1024,0.419921875
01a072a3-8b43-7750-ac81-2431b9de5abb,a,B,QB18,0,0,standard_pi_2,10,-0.06666666666666668,2500000.0,2.5,442,1024,0.431640625
01a072a3-8b43-7750-ac81-2431b9de5abb,a,B,QB18,0,0,standard_pi_2,11,-0.053333333333333344,2500000.0,2.5,461,1024,0.4501953125
01a072a3-8b43-7750-ac81-2431b9de5abb,a,B,QB18,0,0,standard_pi_2,12,-0.04000000000000001,2500000.0,2.5,462,1024,0.451171875
01a072a3-8b43-7750-ac81-2431b9de5abb,a,B,QB18,0,0,standard_pi_2,13,-0.026666666666666672,2500000.0,2.5,498,1024,0.486328125
01a072a3-8b43-7750-ac81-2431b9de5abb,a,B,QB18,0,0,standard_pi_2,14,-0.013333333333333336,2500000.0,2.5,457,1024,0.4462890625
01a072a3-8b43-7750-ac81-2431b9de5abb,a,B,QB18,0,0,standard_pi_2,15,0.0,2500000.0,2.5,517,1024,0.5048828125
01a072a3-8b43-7750-ac81-2431b9de5abb,a,B,QB18,0,0,standard_pi_2,16,0.013333333333333336,2500000.0,2.5,487,1024,0.4755859375
01a072a3-8b43-7750-ac81-2431b9de5abb,a,B,QB18,0,0,standard_pi_2,17,0.026666666666666672,2500000.0,2.5,544,1024,0.53125
01a072a3-8b43-7750-ac81-2431b9de5abb,a,B,QB18,0,0,standard_pi_2,18,0.04000000000000001,2500000.0,2.5,519,1024,0.5068359375
01a072a3-8b43-7750-ac81-2431b9de5abb,a,B,QB18,0,0,standard_pi_2,19,0.053333333333333344,2500000.0,2.5,530,1024,0.517578125
01a072a3-8b43-7750-ac81-2431b9de5abb,a,B,QB18,0,0,standard_pi_2,20,0.06666666666666665,2500000.0,2.5,524,1024,0.51171875
01a072a3-8b43-7750-ac81-2431b9de5abb,a,B,QB18,0,0,standard_pi_2,21,0.08000000000000002,2500000.0,2.5,556,1024,0.54296875
01a072a3-8b43-7750-ac81-2431b9de5abb,a,B,QB18,0,0,standard_pi_2,22,0.09333333333333332,2500000.0,2.5,580,1024,0.56640625
01a072a3-8b43-7750-ac81-2431b9de5abb,a,B,QB18,0,0,standard_pi_2,23,0.10666666666666669,2500000.0,2.5,575,1024,0.5615234375
01a072a3-8b43-7750-ac81-2431b9de5abb,a,B,QB18,0,0,standard_pi_2,24,0.12,2500000.0,2.5,580,1024,0.56640625
01a072a3-8b43-7750-ac81-2431b9de5abb,a,B,QB18,0,0,standard_pi_2,25,0.13333333333333336,2500000.0,2.5,591,1024,0.5771484375
01a072a3-8b43-7750-ac81-2431b9de5abb,a,B,QB18,0,0,standard_pi_2,26,0.14666666666666667,2500000.0,2.5,617,1024,0.6025390625
01a072a3-8b43-7750-ac81-2431b9de5abb,a,B,QB18,0,0,standard_pi_2,27,0.16000000000000003,2500000.0,2.5,589,1024,0.5751953125
01a072a3-8b43-7750-ac81-2431b9de5abb,a,B,QB18,0,0,standard_pi_2,28,0.17333333333333334,2500000.0,2.5,602,1024,0.587890625
01a072a3-8b43-7750-ac81-2431b9de5abb,a,B,QB18,0,0,standard_pi_2,29,0.1866666666666667,2500000.0,2.5,632,1024,0.6171875
01a072a3-8b43-7750-ac81-2431b9de5abb,a,B,QB18,0,0,standard_pi_2,30,0.2,2500000.0,2.5,634,1024,0.619140625
01a072a3-8b43-7750-ac81-2431b9de5abb,a,B,QB18,0,1,UVH4a,0,-0.2,2500000.0,2.5,451,1024,0.4404296875
01a072a3-8b43-7750-ac81-2431b9de5abb,a,B,QB18,0,1,UVH4a,1,-0.18666666666666668,2500000.0,2.5,444,1024,0.43359375
01a072a3-8b43-7750-ac81-2431b9de5abb,a,B,QB18,0,1,UVH4a,2,-0.17333333333333334,2500000.0,2.5,458,1024,0.447265625
01a072a3-8b43-7750-ac81-2431b9de5abb,a,B,QB18,0,1,UVH4a,3,-0.16,2500000.0,2.5,432,1024,0.421875
01a072a3-8b43-7750-ac81-2431b9de5abb,a,B,QB18,0,1,UVH4a,4,-0.14666666666666667,2500000.0,2.5,477,1024,0.4658203125
01a072a3-8b43-7750-ac81-2431b9de5abb,a,B,QB18,0,1,UVH4a,5,-0.13333333333333336,2500000.0,2.5,496,1024,0.484375
01a072a3-8b43-7750-ac81-2431b9de5abb,a,B,QB18,0,1,UVH4a,6,-0.12000000000000001,2500000.0,2.5,485,1024,0.4736328125
01a072a3-8b43-7750-ac81-2431b9de5abb,a,B,QB18,0,1,UVH4a,7,-0.10666666666666667,2500000.0,2.5,448,1024,0.4375
01a072a3-8b43-7750-ac81-2431b9de5abb,a,B,QB18,0,1,UVH4a,8,-0.09333333333333334,2500000.0,2.5,483,1024,0.4716796875
01a072a3-8b43-7750-ac81-2431b9de5abb,a,B,QB18,0,1,UVH4a,9,-0.08,2500000.0,2.5,497,1024,0.4853515625
01a072a3-8b43-7750-ac81-2431b9de5abb,a,B,QB18,0,1,UVH4a,10,-0.06666666666666668,2500000.0,2.5,495,1024,0.4833984375
01a072a3-8b43-7750-ac81-2431b9de5abb,a,B,QB18,0,1,UVH4a,11,-0.053333333333333344,2500000.0,2.5,481,1024,0.4697265625
01a072a3-8b43-7750-ac81-2431b9de5abb,a,B,QB18,0,1,UVH4a,12,-0.04000000000000001,2500000.0,2.5,499,1024,0.4873046875
01a072a3-8b43-7750-ac81-2431b9de5abb,a,B,QB18,0,1,UVH4a,13,-0.026666666666666672,2500000.0,2.5,498,1024,0.486328125
01a072a3-8b43-7750-ac81-2431b9de5abb,a,B,QB18,0,1,UVH4a,14,-0.013333333333333336,2500000.0,2.5,516,1024,0.50390625
01a072a3-8b43-7750-ac81-2431b9de5abb,a,B,QB18,0,1,UVH4a,15,0.0,2500000.0,2.5,525,1024,0.5126953125
01a072a3-8b43-7750-ac81-2431b9de5abb,a,B,QB18,0,1,UVH4a,16,0.013333333333333336,2500000.0,2.5,479,1024,0.4677734375
01a072a3-8b43-7750-ac81-2431b9de5abb,a,B,QB18,0,1,UVH4a,17,0.026666666666666672,2500000.0,2.5,486,1024,0.474609375
01a072a3-8b43-7750-ac81-2431b9de5abb,a,B,QB18,0,1,UVH4a,18,0.04000000000000001,2500000.0,2.5,490,1024,0.478515625
01a072a3-8b43-7750-ac81-2431b9de5abb,a,B,QB18,0,1,UVH4a,19,0.053333333333333344,2500000.0,2.5,484,1024,0.47265625
01a072a3-8b43-7750-ac81-2431b9de5abb,a,B,QB18,0,1,UVH4a,20,0.06666666666666665,2500000.0,2.5,507,1024,0.4951171875
01a072a3-8b43-7750-ac81-2431b9de5abb,a,B,QB18,0,1,UVH4a,21,0.08000000000000002,2500000.0,2.5,533,1024,0.5205078125
01a072a3-8b43-7750-ac81-2431b9de5abb,a,B,QB18,0,1,UVH4a,22,0.09333333333333332,2500000.0,2.5,523,1024,0.5107421875
01a072a3-8b43-7750-ac81-2431b9de5abb,a,B,QB18,0,1,UVH4a,23,0.10666666666666669,2500000.0,2.5,484,1024,0.47265625
01a072a3-8b43-7750-ac81-2431b9de5abb,a,B,QB18,0,1,UVH4a,24,0.12,2500000.0,2.5,478,1024,0.466796875
01a072a3-8b43-7750-ac81-2431b9de5abb,a,B,QB18,0,1,UVH4a,25,0.13333333333333336,2500000.0,2.5,472,1024,0.4609375
01a072a3-8b43-7750-ac81-2431b9de5abb,a,B,QB18,0,1,UVH4a,26,0.14666666666666667,2500000.0,2.5,504,1024,0.4921875
01a072a3-8b43-7750-ac81-2431b9de5abb,a,B,QB18,0,1,UVH4a,27,0.16000000000000003,2500000.0,2.5,481,1024,0.4697265625
01a072a3-8b43-7750-ac81-2431b9de5abb,a,B,QB18,0,1,UVH4a,28,0.17333333333333334,2500000.0,2.5,473,1024,0.4619140625
01a072a3-8b43-7750-ac81-2431b9de5abb,a,B,QB18,0,1,UVH4a,29,0.1866666666666667,2500000.0,2.5,455,1024,0.4443359375
01a072a3-8b43-7750-ac81-2431b9de5abb,a,B,QB18,0,1,UVH4a,30,0.2,2500000.0,2.5,456,1024,0.4453125
01a072a3-8b43-7750-ac81-2431b9de5abb,a,B,QB18,0,2,UVH5a,0,-0.2,2500000.0,2.5,581,1024,0.5673828125
01a072a3-8b43-7750-ac81-2431b9de5abb,a,B,QB18,0,2,UVH5a,1,-0.18666666666666668,2500000.0,2.5,564,1024,0.55078125
01a072a3-8b43-7750-ac81-2431b9de5abb,a,B,QB18,0,2,UVH5a,2,-0.17333333333333334,2500000.0,2.5,578,1024,0.564453125
01a072a3-8b43-7750-ac81-2431b9de5abb,a,B,QB18,0,2,UVH5a,3,-0.16,2500000.0,2.5,571,1024,0.5576171875
01a072a3-8b43-7750-ac81-2431b9de5abb,a,B,QB18,0,2,UVH5a,4,-0.14666666666666667,2500000.0,2.5,531,1024,0.5185546875
01a072a3-8b43-7750-ac81-2431b9de5abb,a,B,QB18,0,2,UVH5a,5,-0.13333333333333336,2500000.0,2.5,571,1024,0.5576171875
01a072a3-8b43-7750-ac81-2431b9de5abb,a,B,QB18,0,2,UVH5a,6,-0.12000000000000001,2500000.0,2.5,534,1024,0.521484375
01a072a3-8b43-7750-ac81-2431b9de5abb,a,B,QB18,0,2,UVH5a,7,-0.10666666666666667,2500000.0,2.5,527,1024,0.5146484375
01a072a3-8b43-7750-ac81-2431b9de5abb,a,B,QB18,0,2,UVH5a,8,-0.09333333333333334,2500000.0,2.5,513,1024,0.5009765625
01a072a3-8b43-7750-ac81-2431b9de5abb,a,B,QB18,0,2,UVH5a,9,-0.08,2500000.0,2.5,524,1024,0.51171875
01a072a3-8b43-7750-ac81-2431b9de5abb,a,B,QB18,0,2,UVH5a,10,-0.06666666666666668,2500000.0,2.5,500,1024,0.48828125
01a072a3-8b43-7750-ac81-2431b9de5abb,a,B,QB18,0,2,UVH5a,11,-0.053333333333333344,2500000.0,2.5,511,1024,0.4990234375
01a072a3-8b43-7750-ac81-2431b9de5abb,a,B,QB18,0,2,UVH5a,12,-0.04000000000000001,2500000.0,2.5,508,1024,0.49609375
01a072a3-8b43-7750-ac81-2431b9de5abb,a,B,QB18,0,2,UVH5a,13,-0.026666666666666672,2500000.0,2.5,493,1024,0.4814453125
01a072a3-8b43-7750-ac81-2431b9de5abb,a,B,QB18,0,2,UVH5a,14,-0.013333333333333336,2500000.0,2.5,510,1024,0.498046875
01a072a3-8b43-7750-ac81-2431b9de5abb,a,B,QB18,0,2,UVH5a,15,0.0,2500000.0,2.5,492,1024,0.48046875
01a072a3-8b43-7750-ac81-2431b9de5abb,a,B,QB18,0,2,UVH5a,16,0.013333333333333336,2500000.0,2.5,526,1024,0.513671875
01a072a3-8b43-7750-ac81-2431b9de5abb,a,B,QB18,0,2,UVH5a,17,0.026666666666666672,2500000.0,2.5,523,1024,0.5107421875
01a072a3-8b43-7750-ac81-2431b9de5abb,a,B,QB18,0,2,UVH5a,18,0.04000000000000001,2500000.0,2.5,486,1024,0.474609375
01a072a3-8b43-7750-ac81-2431b9de5abb,a,B,QB18,0,2,UVH5a,19,0.053333333333333344,2500000.0,2.5,530,1024,0.517578125
01a072a3-8b43-7750-ac81-2431b9de5abb,a,B,QB18,0,2,UVH5a,20,0.06666666666666665,2500000.0,2.5,471,1024,0.4599609375
01a072a3-8b43-7750-ac81-2431b9de5abb,a,B,QB18,0,2,UVH5a,21,0.08000000000000002,2500000.0,2.5,487,1024,0.4755859375
01a072a3-8b43-7750-ac81-2431b9de5abb,a,B,QB18,0,2,UVH5a,22,0.09333333333333332,2500000.0,2.5,508,1024,0.49609375
01a072a3-8b43-7750-ac81-2431b9de5abb,a,B,QB18,0,2,UVH5a,23,0.10666666666666669,2500000.0,2.5,491,1024,0.4794921875
01a072a3-8b43-7750-ac81-2431b9de5abb,a,B,QB18,0,2,UVH5a,24,0.12,2500000.0,2.5,472,1024,0.4609375
01a072a3-8b43-7750-ac81-2431b9de5abb,a,B,QB18,0,2,UVH5a,25,0.13333333333333336,2500000.0,2.5,482,1024,0.470703125
01a072a3-8b43-7750-ac81-2431b9de5abb,a,B,QB18,0,2,UVH5a,26,0.14666666666666667,2500000.0,2.5,479,1024,0.4677734375
01a072a3-8b43-7750-ac81-2431b9de5abb,a,B,QB18,0,2,UVH5a,27,0.16000000000000003,2500000.0,2.5,488,1024,0.4765625
01a072a3-8b43-7750-ac81-2431b9de5abb,a,B,QB18,0,2,UVH5a,28,0.17333333333333334,2500000.0,2.5,494,1024,0.482421875
01a072a3-8b43-7750-ac81-2431b9de5abb,a,B,QB18,0,2,UVH5a,29,0.1866666666666667,2500000.0,2.5,514,1024,0.501953125
01a072a3-8b43-7750-ac81-2431b9de5abb,a,B,QB18,0,2,UVH5a,30,0.2,2500000.0,2.5,502,1024,0.490234375
01a072a3-8b43-7750-ac81-2431b9de5abb,a,B,QB18,0,3,UVH6a,0,-0.2,2500000.0,2.5,565,1024,0.5517578125
01a072a3-8b43-7750-ac81-2431b9de5abb,a,B,QB18,0,3,UVH6a,1,-0.18666666666666668,2500000.0,2.5,562,1024,0.548828125
01a072a3-8b43-7750-ac81-2431b9de5abb,a,B,QB18,0,3,UVH6a,2,-0.17333333333333334,2500000.0,2.5,507,1024,0.4951171875
01a072a3-8b43-7750-ac81-2431b9de5abb,a,B,QB18,0,3,UVH6a,3,-0.16,2500000.0,2.5,551,1024,0.5380859375
01a072a3-8b43-7750-ac81-2431b9de5abb,a,B,QB18,0,3,UVH6a,4,-0.14666666666666667,2500000.0,2.5,555,1024,0.5419921875
01a072a3-8b43-7750-ac81-2431b9de5abb,a,B,QB18,0,3,UVH6a,5,-0.13333333333333336,2500000.0,2.5,530,1024,0.517578125
01a072a3-8b43-7750-ac81-2431b9de5abb,a,B,QB18,0,3,UVH6a,6,-0.12000000000000001,2500000.0,2.5,482,1024,0.470703125
01a072a3-8b43-7750-ac81-2431b9de5abb,a,B,QB18,0,3,UVH6a,7,-0.10666666666666667,2500000.0,2.5,525,1024,0.5126953125
01a072a3-8b43-7750-ac81-2431b9de5abb,a,B,QB18,0,3,UVH6a,8,-0.09333333333333334,2500000.0,2.5,498,1024,0.486328125
01a072a3-8b43-7750-ac81-2431b9de5abb,a,B,QB18,0,3,UVH6a,9,-0.08,2500000.0,2.5,520,1024,0.5078125
01a072a3-8b43-7750-ac81-2431b9de5abb,a,B,QB18,0,3,UVH6a,10,-0.06666666666666668,2500000.0,2.5,528,1024,0.515625
01a072a3-8b43-7750-ac81-2431b9de5abb,a,B,QB18,0,3,UVH6a,11,-0.053333333333333344,2500000.0,2.5,498,1024,0.486328125
01a072a3-8b43-7750-ac81-2431b9de5abb,a,B,QB18,0,3,UVH6a,12,-0.04000000000000001,2500000.0,2.5,502,1024,0.490234375
01a072a3-8b43-7750-ac81-2431b9de5abb,a,B,QB18,0,3,UVH6a,13,-0.026666666666666672,2500000.0,2.5,512,1024,0.5
01a072a3-8b43-7750-ac81-2431b9de5abb,a,B,QB18,0,3,UVH6a,14,-0.013333333333333336,2500000.0,2.5,499,1024,0.4873046875
01a072a3-8b43-7750-ac81-2431b9de5abb,a,B,QB18,0,3,UVH6a,15,0.0,2500000.0,2.5,507,1024,0.4951171875
01a072a3-8b43-7750-ac81-2431b9de5abb,a,B,QB18,0,3,UVH6a,16,0.013333333333333336,2500000.0,2.5,499,1024,0.4873046875
01a072a3-8b43-7750-ac81-2431b9de5abb,a,B,QB18,0,3,UVH6a,17,0.026666666666666672,2500000.0,2.5,514,1024,0.501953125
01a072a3-8b43-7750-ac81-2431b9de5abb,a,B,QB18,0,3,UVH6a,18,0.04000000000000001,2500000.0,2.5,525,1024,0.5126953125
01a072a3-8b43-7750-ac81-2431b9de5abb,a,B,QB18,0,3,UVH6a,19,0.053333333333333344,2500000.0,2.5,527,1024,0.5146484375
01a072a3-8b43-7750-ac81-2431b9de5abb,a,B,QB18,0,3,UVH6a,20,0.06666666666666665,2500000.0,2.5,530,1024,0.517578125
01a072a3-8b43-7750-ac81-2431b9de5abb,a,B,QB18,0,3,UVH6a,21,0.08000000000000002,2500000.0,2.5,558,1024,0.544921875
01a072a3-8b43-7750-ac81-2431b9de5abb,a,B,QB18,0,3,UVH6a,22,0.09333333333333332,2500000.0,2.5,521,1024,0.5087890625
01a072a3-8b43-7750-ac81-2431b9de5abb,a,B,QB18,0,3,UVH6a,23,0.10666666666666669,2500000.0,2.5,513,1024,0.5009765625
01a072a3-8b43-7750-ac81-2431b9de5abb,a,B,QB18,0,3,UVH6a,24,0.12,2500000.0,2.5,509,1024,0.4970703125
01a072a3-8b43-7750-ac81-2431b9de5abb,a,B,QB18,0,3,UVH6a,25,0.13333333333333336,2500000.0,2.5,542,1024,0.529296875
01a072a3-8b43-7750-ac81-2431b9de5abb,a,B,QB18,0,3,UVH6a,26,0.14666666666666667,2500000.0,2.5,514,1024,0.501953125
01a072a3-8b43-7750-ac81-2431b9de5abb,a,B,QB18,0,3,UVH6a,27,0.16000000000000003,2500000.0,2.5,523,1024,0.5107421875
01a072a3-8b43-7750-ac81-2431b9de5abb,a,B,QB18,0,3,UVH6a,28,0.17333333333333334,2500000.0,2.5,525,1024,0.5126953125
01a072a3-8b43-7750-ac81-2431b9de5abb,a,B,QB18,0,3,UVH6a,29,0.1866666666666667,2500000.0,2.5,494,1024,0.482421875
01a072a3-8b43-7750-ac81-2431b9de5abb,a,B,QB18,0,3,UVH6a,30,0.2,2500000.0,2.5,519,1024,0.5068359375
01a072a3-8b43-7750-ac81-2431b9de5abb,a,B,QB18,0,4,UVH7a,0,-0.2,2500000.0,2.5,467,1024,0.4560546875
01a072a3-8b43-7750-ac81-2431b9de5abb,a,B,QB18,0,4,UVH7a,1,-0.18666666666666668,2500000.0,2.5,480,1024,0.46875
01a072a3-8b43-7750-ac81-2431b9de5abb,a,B,QB18,0,4,UVH7a,2,-0.17333333333333334,2500000.0,2.5,458,1024,0.447265625
01a072a3-8b43-7750-ac81-2431b9de5abb,a,B,QB18,0,4,UVH7a,3,-0.16,2500000.0,2.5,449,1024,0.4384765625
01a072a3-8b43-7750-ac81-2431b9de5abb,a,B,QB18,0,4,UVH7a,4,-0.14666666666666667,2500000.0,2.5,461,1024,0.4501953125
01a072a3-8b43-7750-ac81-2431b9de5abb,a,B,QB18,0,4,UVH7a,5,-0.13333333333333336,2500000.0,2.5,476,1024,0.46484375
01a072a3-8b43-7750-ac81-2431b9de5abb,a,B,QB18,0,4,UVH7a,6,-0.12000000000000001,2500000.0,2.5,457,1024,0.4462890625
01a072a3-8b43-7750-ac81-2431b9de5abb,a,B,QB18,0,4,UVH7a,7,-0.10666666666666667,2500000.0,2.5,487,1024,0.4755859375
01a072a3-8b43-7750-ac81-2431b9de5abb,a,B,QB18,0,4,UVH7a,8,-0.09333333333333334,2500000.0,2.5,488,1024,0.4765625
01a072a3-8b43-7750-ac81-2431b9de5abb,a,B,QB18,0,4,UVH7a,9,-0.08,2500000.0,2.5,478,1024,0.466796875
01a072a3-8b43-7750-ac81-2431b9de5abb,a,B,QB18,0,4,UVH7a,10,-0.06666666666666668,2500000.0,2.5,488,1024,0.4765625
01a072a3-8b43-7750-ac81-2431b9de5abb,a,B,QB18,0,4,UVH7a,11,-0.053333333333333344,2500000.0,2.5,489,1024,0.4775390625
01a072a3-8b43-7750-ac81-2431b9de5abb,a,B,QB18,0,4,UVH7a,12,-0.04000000000000001,2500000.0,2.5,483,1024,0.4716796875
01a072a3-8b43-7750-ac81-2431b9de5abb,a,B,QB18,0,4,UVH7a,13,-0.026666666666666672,2500000.0,2.5,471,1024,0.4599609375
01a072a3-8b43-7750-ac81-2431b9de5abb,a,B,QB18,0,4,UVH7a,14,-0.013333333333333336,2500000.0,2.5,476,1024,0.46484375
01a072a3-8b43-7750-ac81-2431b9de5abb,a,B,QB18,0,4,UVH7a,15,0.0,2500000.0,2.5,483,1024,0.4716796875
01a072a3-8b43-7750-ac81-2431b9de5abb,a,B,QB18,0,4,UVH7a,16,0.013333333333333336,2500000.0,2.5,490,1024,0.478515625
01a072a3-8b43-7750-ac81-2431b9de5abb,a,B,QB18,0,4,UVH7a,17,0.026666666666666672,2500000.0,2.5,477,1024,0.4658203125
01a072a3-8b43-7750-ac81-2431b9de5abb,a,B,QB18,0,4,UVH7a,18,0.04000000000000001,2500000.0,2.5,483,1024,0.4716796875
01a072a3-8b43-7750-ac81-2431b9de5abb,a,B,QB18,0,4,UVH7a,19,0.053333333333333344,2500000.0,2.5,497,1024,0.4853515625
01a072a3-8b43-7750-ac81-2431b9de5abb,a,B,QB18,0,4,UVH7a,20,0.06666666666666665,2500000.0,2.5,470,1024,0.458984375
01a072a3-8b43-7750-ac81-2431b9de5abb,a,B,QB18,0,4,UVH7a,21,0.08000000000000002,2500000.0,2.5,472,1024,0.4609375
01a072a3-8b43-7750-ac81-2431b9de5abb,a,B,QB18,0,4,UVH7a,22,0.09333333333333332,2500000.0,2.5,477,1024,0.4658203125
01a072a3-8b43-7750-ac81-2431b9de5abb,a,B,QB18,0,4,UVH7a,23,0.10666666666666669,2500000.0,2.5,477,1024,0.4658203125
01a072a3-8b43-7750-ac81-2431b9de5abb,a,B,QB18,0,4,UVH7a,24,0.12,2500000.0,2.5,462,1024,0.451171875
01a072a3-8b43-7750-ac81-2431b9de5abb,a,B,QB18,0,4,UVH7a,25,0.13333333333333336,2500000.0,2.5,492,1024,0.48046875
01a072a3-8b43-7750-ac81-2431b9de5abb,a,B,QB18,0,4,UVH7a,26,0.14666666666666667,2500000.0,2.5,477,1024,0.4658203125
01a072a3-8b43-7750-ac81-2431b9de5abb,a,B,QB18,0,4,UVH7a,27,0.16000000000000003,2500000.0,2.5,469,1024,0.4580078125
01a072a3-8b43-7750-ac81-2431b9de5abb,a,B,QB18,0,4,UVH7a,28,0.17333333333333334,2500000.0,2.5,481,1024,0.4697265625
01a072a3-8b43-7750-ac81-2431b9de5abb,a,B,QB18,0,4,UVH7a,29,0.1866666666666667,2500000.0,2.5,462,1024,0.451171875
01a072a3-8b43-7750-ac81-2431b9de5abb,a,B,QB18,0,4,UVH7a,30,0.2,2500000.0,2.5,483,1024,0.4716796875
01a072a3-8b43-7750-ac81-2431b9de5abb,a,B,QB18,0,5,UVH8a,0,-0.2,2500000.0,2.5,513,1024,0.5009765625
01a072a3-8b43-7750-ac81-2431b9de5abb,a,B,QB18,0,5,UVH8a,1,-0.18666666666666668,2500000.0,2.5,512,1024,0.5
01a072a3-8b43-7750-ac81-2431b9de5abb,a,B,QB18,0,5,UVH8a,2,-0.17333333333333334,2500000.0,2.5,507,1024,0.4951171875
01a072a3-8b43-7750-ac81-2431b9de5abb,a,B,QB18,0,5,UVH8a,3,-0.16,2500000.0,2.5,459,1024,0.4482421875
01a072a3-8b43-7750-ac81-2431b9de5abb,a,B,QB18,0,5,UVH8a,4,-0.14666666666666667,2500000.0,2.5,515,1024,0.5029296875
01a072a3-8b43-7750-ac81-2431b9de5abb,a,B,QB18,0,5,UVH8a,5,-0.13333333333333336,2500000.0,2.5,510,1024,0.498046875
01a072a3-8b43-7750-ac81-2431b9de5abb,a,B,QB18,0,5,UVH8a,6,-0.12000000000000001,2500000.0,2.5,486,1024,0.474609375
01a072a3-8b43-7750-ac81-2431b9de5abb,a,B,QB18,0,5,UVH8a,7,-0.10666666666666667,2500000.0,2.5,490,1024,0.478515625
01a072a3-8b43-7750-ac81-2431b9de5abb,a,B,QB18,0,5,UVH8a,8,-0.09333333333333334,2500000.0,2.5,483,1024,0.4716796875
01a072a3-8b43-7750-ac81-2431b9de5abb,a,B,QB18,0,5,UVH8a,9,-0.08,2500000.0,2.5,500,1024,0.48828125
01a072a3-8b43-7750-ac81-2431b9de5abb,a,B,QB18,0,5,UVH8a,10,-0.06666666666666668,2500000.0,2.5,489,1024,0.4775390625
01a072a3-8b43-7750-ac81-2431b9de5abb,a,B,QB18,0,5,UVH8a,11,-0.053333333333333344,2500000.0,2.5,471,1024,0.4599609375
01a072a3-8b43-7750-ac81-2431b9de5abb,a,B,QB18,0,5,UVH8a,12,-0.04000000000000001,2500000.0,2.5,502,1024,0.490234375
01a072a3-8b43-7750-ac81-2431b9de5abb,a,B,QB18,0,5,UVH8a,13,-0.026666666666666672,2500000.0,2.5,498,1024,0.486328125
01a072a3-8b43-7750-ac81-2431b9de5abb,a,B,QB18,0,5,UVH8a,14,-0.013333333333333336,2500000.0,2.5,521,1024,0.5087890625
01a072a3-8b43-7750-ac81-2431b9de5abb,a,B,QB18,0,5,UVH8a,15,0.0,2500000.0,2.5,489,1024,0.4775390625
01a072a3-8b43-7750-ac81-2431b9de5abb,a,B,QB18,0,5,UVH8a,16,0.013333333333333336,2500000.0,2.5,511,1024,0.4990234375
01a072a3-8b43-7750-ac81-2431b9de5abb,a,B,QB18,0,5,UVH8a,17,0.026666666666666672,2500000.0,2.5,498,1024,0.486328125
01a072a3-8b43-7750-ac81-2431b9de5abb,a,B,QB18,0,5,UVH8a,18,0.04000000000000001,2500000.0,2.5,500,1024,0.48828125
01a072a3-8b43-7750-ac81-2431b9de5abb,a,B,QB18,0,5,UVH8a,19,0.053333333333333344,2500000.0,2.5,475,1024,0.4638671875
01a072a3-8b43-7750-ac81-2431b9de5abb,a,B,QB18,0,5,UVH8a,20,0.06666666666666665,2500000.0,2.5,510,1024,0.498046875
01a072a3-8b43-7750-ac81-2431b9de5abb,a,B,QB18,0,5,UVH8a,21,0.08000000000000002,2500000.0,2.5,510,1024,0.498046875
01a072a3-8b43-7750-ac81-2431b9de5abb,a,B,QB18,0,5,UVH8a,22,0.09333333333333332,2500000.0,2.5,490,1024,0.478515625
01a072a3-8b43-7750-ac81-2431b9de5abb,a,B,QB18,0,5,UVH8a,23,0.10666666666666669,2500000.0,2.5,487,1024,0.4755859375
01a072a3-8b43-7750-ac81-2431b9de5abb,a,B,QB18,0,5,UVH8a,24,0.12,2500000.0,2.5,483,1024,0.4716796875
01a072a3-8b43-7750-ac81-2431b9de5abb,a,B,QB18,0,5,UVH8a,25,0.13333333333333336,2500000.0,2.5,508,1024,0.49609375
01a072a3-8b43-7750-ac81-2431b9de5abb,a,B,QB18,0,5,UVH8a,26,0.14666666666666667,2500000.0,2.5,483,1024,0.4716796875
01a072a3-8b43-7750-ac81-2431b9de5abb,a,B,QB18,0,5,UVH8a,27,0.16000000000000003,2500000.0,2.5,479,1024,0.4677734375
01a072a3-8b43-7750-ac81-2431b9de5abb,a,B,QB18,0,5,UVH8a,28,0.17333333333333334,2500000.0,2.5,472,1024,0.4609375
01a072a3-8b43-7750-ac81-2431b9de5abb,a,B,QB18,0,5,UVH8a,29,0.1866666666666667,2500000.0,2.5,455,1024,0.4443359375
01a072a3-8b43-7750-ac81-2431b9de5abb,a,B,QB18,0,5,UVH8a,30,0.2,2500000.0,2.5,433,1024,0.4228515625
01a072a3-8b43-7750-ac81-2431b9de5abb,a,B,QB1,1,0,standard_pi_2,0,-0.2,2500000.0,2.5,362,1024,0.353515625
01a072a3-8b43-7750-ac81-2431b9de5abb,a,B,QB1,1,0,standard_pi_2,1,-0.18666666666666668,2500000.0,2.5,362,1024,0.353515625
01a072a3-8b43-7750-ac81-2431b9de5abb,a,B,QB1,1,0,standard_pi_2,2,-0.17333333333333334,2500000.0,2.5,359,1024,0.3505859375
01a072a3-8b43-7750-ac81-2431b9de5abb,a,B,QB1,1,0,standard_pi_2,3,-0.16,2500000.0,2.5,368,1024,0.359375
01a072a3-8b43-7750-ac81-2431b9de5abb,a,B,QB1,1,0,standard_pi_2,4,-0.14666666666666667,2500000.0,2.5,417,1024,0.4072265625
01a072a3-8b43-7750-ac81-2431b9de5abb,a,B,QB1,1,0,standard_pi_2,5,-0.13333333333333336,2500000.0,2.5,408,1024,0.3984375
01a072a3-8b43-7750-ac81-2431b9de5abb,a,B,QB1,1,0,standard_pi_2,6,-0.12000000000000001,2500000.0,2.5,404,1024,0.39453125
01a072a3-8b43-7750-ac81-2431b9de5abb,a,B,QB1,1,0,standard_pi_2,7,-0.10666666666666667,2500000.0,2.5,381,1024,0.3720703125
01a072a3-8b43-7750-ac81-2431b9de5abb,a,B,QB1,1,0,standard_pi_2,8,-0.09333333333333334,2500000.0,2.5,400,1024,0.390625
01a072a3-8b43-7750-ac81-2431b9de5abb,a,B,QB1,1,0,standard_pi_2,9,-0.08,2500000.0,2.5,431,1024,0.4208984375
01a072a3-8b43-7750-ac81-2431b9de5abb,a,B,QB1,1,0,standard_pi_2,10,-0.06666666666666668,2500000.0,2.5,438,1024,0.427734375
01a072a3-8b43-7750-ac81-2431b9de5abb,a,B,QB1,1,0,standard_pi_2,11,-0.053333333333333344,2500000.0,2.5,461,1024,0.4501953125
01a072a3-8b43-7750-ac81-2431b9de5abb,a,B,QB1,1,0,standard_pi_2,12,-0.04000000000000001,2500000.0,2.5,480,1024,0.46875
01a072a3-8b43-7750-ac81-2431b9de5abb,a,B,QB1,1,0,standard_pi_2,13,-0.026666666666666672,2500000.0,2.5,462,1024,0.451171875
01a072a3-8b43-7750-ac81-2431b9de5abb,a,B,QB1,1,0,standard_pi_2,14,-0.013333333333333336,2500000.0,2.5,517,1024,0.5048828125
01a072a3-8b43-7750-ac81-2431b9de5abb,a,B,QB1,1,0,standard_pi_2,15,0.0,2500000.0,2.5,492,1024,0.48046875
01a072a3-8b43-7750-ac81-2431b9de5abb,a,B,QB1,1,0,standard_pi_2,16,0.013333333333333336,2500000.0,2.5,503,1024,0.4912109375
01a072a3-8b43-7750-ac81-2431b9de5abb,a,B,QB1,1,0,standard_pi_2,17,0.026666666666666672,2500000.0,2.5,513,1024,0.5009765625
01a072a3-8b43-7750-ac81-2431b9de5abb,a,B,QB1,1,0,standard_pi_2,18,0.04000000000000001,2500000.0,2.5,528,1024,0.515625
01a072a3-8b43-7750-ac81-2431b9de5abb,a,B,QB1,1,0,standard_pi_2,19,0.053333333333333344,2500000.0,2.5,531,1024,0.5185546875
01a072a3-8b43-7750-ac81-2431b9de5abb,a,B,QB1,1,0,standard_pi_2,20,0.06666666666666665,2500000.0,2.5,551,1024,0.5380859375
01a072a3-8b43-7750-ac81-2431b9de5abb,a,B,QB1,1,0,standard_pi_2,21,0.08000000000000002,2500000.0,2.5,562,1024,0.548828125
01a072a3-8b43-7750-ac81-2431b9de5abb,a,B,QB1,1,0,standard_pi_2,22,0.09333333333333332,2500000.0,2.5,547,1024,0.5341796875
01a072a3-8b43-7750-ac81-2431b9de5abb,a,B,QB1,1,0,standard_pi_2,23,0.10666666666666669,2500000.0,2.5,561,1024,0.5478515625
01a072a3-8b43-7750-ac81-2431b9de5abb,a,B,QB1,1,0,standard_pi_2,24,0.12,2500000.0,2.5,597,1024,0.5830078125
01a072a3-8b43-7750-ac81-2431b9de5abb,a,B,QB1,1,0,standard_pi_2,25,0.13333333333333336,2500000.0,2.5,583,1024,0.5693359375
01a072a3-8b43-7750-ac81-2431b9de5abb,a,B,QB1,1,0,standard_pi_2,26,0.14666666666666667,2500000.0,2.5,586,1024,0.572265625
01a072a3-8b43-7750-ac81-2431b9de5abb,a,B,QB1,1,0,standard_pi_2,27,0.16000000000000003,2500000.0,2.5,644,1024,0.62890625
01a072a3-8b43-7750-ac81-2431b9de5abb,a,B,QB1,1,0,standard_pi_2,28,0.17333333333333334,2500000.0,2.5,622,1024,0.607421875
01a072a3-8b43-7750-ac81-2431b9de5abb,a,B,QB1,1,0,standard_pi_2,29,0.1866666666666667,2500000.0,2.5,647,1024,0.6318359375
01a072a3-8b43-7750-ac81-2431b9de5abb,a,B,QB1,1,0,standard_pi_2,30,0.2,2500000.0,2.5,648,1024,0.6328125
01a072a3-8b43-7750-ac81-2431b9de5abb,a,B,QB1,1,1,UVH4a,0,-0.2,2500000.0,2.5,435,1024,0.4248046875
01a072a3-8b43-7750-ac81-2431b9de5abb,a,B,QB1,1,1,UVH4a,1,-0.18666666666666668,2500000.0,2.5,457,1024,0.4462890625
01a072a3-8b43-7750-ac81-2431b9de5abb,a,B,QB1,1,1,UVH4a,2,-0.17333333333333334,2500000.0,2.5,488,1024,0.4765625
01a072a3-8b43-7750-ac81-2431b9de5abb,a,B,QB1,1,1,UVH4a,3,-0.16,2500000.0,2.5,465,1024,0.4541015625
01a072a3-8b43-7750-ac81-2431b9de5abb,a,B,QB1,1,1,UVH4a,4,-0.14666666666666667,2500000.0,2.5,503,1024,0.4912109375
01a072a3-8b43-7750-ac81-2431b9de5abb,a,B,QB1,1,1,UVH4a,5,-0.13333333333333336,2500000.0,2.5,475,1024,0.4638671875
01a072a3-8b43-7750-ac81-2431b9de5abb,a,B,QB1,1,1,UVH4a,6,-0.12000000000000001,2500000.0,2.5,494,1024,0.482421875
01a072a3-8b43-7750-ac81-2431b9de5abb,a,B,QB1,1,1,UVH4a,7,-0.10666666666666667,2500000.0,2.5,496,1024,0.484375
01a072a3-8b43-7750-ac81-2431b9de5abb,a,B,QB1,1,1,UVH4a,8,-0.09333333333333334,2500000.0,2.5,488,1024,0.4765625
01a072a3-8b43-7750-ac81-2431b9de5abb,a,B,QB1,1,1,UVH4a,9,-0.08,2500000.0,2.5,477,1024,0.4658203125
01a072a3-8b43-7750-ac81-2431b9de5abb,a,B,QB1,1,1,UVH4a,10,-0.06666666666666668,2500000.0,2.5,473,1024,0.4619140625
01a072a3-8b43-7750-ac81-2431b9de5abb,a,B,QB1,1,1,UVH4a,11,-0.053333333333333344,2500000.0,2.5,507,1024,0.4951171875
01a072a3-8b43-7750-ac81-2431b9de5abb,a,B,QB1,1,1,UVH4a,12,-0.04000000000000001,2500000.0,2.5,492,1024,0.48046875
01a072a3-8b43-7750-ac81-2431b9de5abb,a,B,QB1,1,1,UVH4a,13,-0.026666666666666672,2500000.0,2.5,527,1024,0.5146484375
01a072a3-8b43-7750-ac81-2431b9de5abb,a,B,QB1,1,1,UVH4a,14,-0.013333333333333336,2500000.0,2.5,492,1024,0.48046875
01a072a3-8b43-7750-ac81-2431b9de5abb,a,B,QB1,1,1,UVH4a,15,0.0,2500000.0,2.5,477,1024,0.4658203125
01a072a3-8b43-7750-ac81-2431b9de5abb,a,B,QB1,1,1,UVH4a,16,0.013333333333333336,2500000.0,2.5,501,1024,0.4892578125
01a072a3-8b43-7750-ac81-2431b9de5abb,a,B,QB1,1,1,UVH4a,17,0.026666666666666672,2500000.0,2.5,491,1024,0.4794921875
01a072a3-8b43-7750-ac81-2431b9de5abb,a,B,QB1,1,1,UVH4a,18,0.04000000000000001,2500000.0,2.5,514,1024,0.501953125
01a072a3-8b43-7750-ac81-2431b9de5abb,a,B,QB1,1,1,UVH4a,19,0.053333333333333344,2500000.0,2.5,506,1024,0.494140625
01a072a3-8b43-7750-ac81-2431b9de5abb,a,B,QB1,1,1,UVH4a,20,0.06666666666666665,2500000.0,2.5,499,1024,0.4873046875
01a072a3-8b43-7750-ac81-2431b9de5abb,a,B,QB1,1,1,UVH4a,21,0.08000000000000002,2500000.0,2.5,496,1024,0.484375
01a072a3-8b43-7750-ac81-2431b9de5abb,a,B,QB1,1,1,UVH4a,22,0.09333333333333332,2500000.0,2.5,491,1024,0.4794921875
01a072a3-8b43-7750-ac81-2431b9de5abb,a,B,QB1,1,1,UVH4a,23,0.10666666666666669,2500000.0,2.5,489,1024,0.4775390625
01a072a3-8b43-7750-ac81-2431b9de5abb,a,B,QB1,1,1,UVH4a,24,0.12,2500000.0,2.5,480,1024,0.46875
01a072a3-8b43-7750-ac81-2431b9de5abb,a,B,QB1,1,1,UVH4a,25,0.13333333333333336,2500000.0,2.5,497,1024,0.4853515625
01a072a3-8b43-7750-ac81-2431b9de5abb,a,B,QB1,1,1,UVH4a,26,0.14666666666666667,2500000.0,2.5,507,1024,0.4951171875
01a072a3-8b43-7750-ac81-2431b9de5abb,a,B,QB1,1,1,UVH4a,27,0.16000000000000003,2500000.0,2.5,474,1024,0.462890625
01a072a3-8b43-7750-ac81-2431b9de5abb,a,B,QB1,1,1,UVH4a,28,0.17333333333333334,2500000.0,2.5,479,1024,0.4677734375
01a072a3-8b43-7750-ac81-2431b9de5abb,a,B,QB1,1,1,UVH4a,29,0.1866666666666667,2500000.0,2.5,448,1024,0.4375
01a072a3-8b43-7750-ac81-2431b9de5abb,a,B,QB1,1,1,UVH4a,30,0.2,2500000.0,2.5,479,1024,0.4677734375
01a072a3-8b43-7750-ac81-2431b9de5abb,a,B,QB1,1,2,UVH5a,0,-0.2,2500000.0,2.5,581,1024,0.5673828125
01a072a3-8b43-7750-ac81-2431b9de5abb,a,B,QB1,1,2,UVH5a,1,-0.18666666666666668,2500000.0,2.5,557,1024,0.5439453125
01a072a3-8b43-7750-ac81-2431b9de5abb,a,B,QB1,1,2,UVH5a,2,-0.17333333333333334,2500000.0,2.5,586,1024,0.572265625
01a072a3-8b43-7750-ac81-2431b9de5abb,a,B,QB1,1,2,UVH5a,3,-0.16,2500000.0,2.5,560,1024,0.546875
01a072a3-8b43-7750-ac81-2431b9de5abb,a,B,QB1,1,2,UVH5a,4,-0.14666666666666667,2500000.0,2.5,565,1024,0.5517578125
01a072a3-8b43-7750-ac81-2431b9de5abb,a,B,QB1,1,2,UVH5a,5,-0.13333333333333336,2500000.0,2.5,572,1024,0.55859375
01a072a3-8b43-7750-ac81-2431b9de5abb,a,B,QB1,1,2,UVH5a,6,-0.12000000000000001,2500000.0,2.5,510,1024,0.498046875
01a072a3-8b43-7750-ac81-2431b9de5abb,a,B,QB1,1,2,UVH5a,7,-0.10666666666666667,2500000.0,2.5,490,1024,0.478515625
01a072a3-8b43-7750-ac81-2431b9de5abb,a,B,QB1,1,2,UVH5a,8,-0.09333333333333334,2500000.0,2.5,510,1024,0.498046875
01a072a3-8b43-7750-ac81-2431b9de5abb,a,B,QB1,1,2,UVH5a,9,-0.08,2500000.0,2.5,500,1024,0.48828125
01a072a3-8b43-7750-ac81-2431b9de5abb,a,B,QB1,1,2,UVH5a,10,-0.06666666666666668,2500000.0,2.5,496,1024,0.484375
01a072a3-8b43-7750-ac81-2431b9de5abb,a,B,QB1,1,2,UVH5a,11,-0.053333333333333344,2500000.0,2.5,532,1024,0.51953125
01a072a3-8b43-7750-ac81-2431b9de5abb,a,B,QB1,1,2,UVH5a,12,-0.04000000000000001,2500000.0,2.5,509,1024,0.4970703125
01a072a3-8b43-7750-ac81-2431b9de5abb,a,B,QB1,1,2,UVH5a,13,-0.026666666666666672,2500000.0,2.5,506,1024,0.494140625
01a072a3-8b43-7750-ac81-2431b9de5abb,a,B,QB1,1,2,UVH5a,14,-0.013333333333333336,2500000.0,2.5,493,1024,0.4814453125
01a072a3-8b43-7750-ac81-2431b9de5abb,a,B,QB1,1,2,UVH5a,15,0.0,2500000.0,2.5,487,1024,0.4755859375
01a072a3-8b43-7750-ac81-2431b9de5abb,a,B,QB1,1,2,UVH5a,16,0.013333333333333336,2500000.0,2.5,486,1024,0.474609375
01a072a3-8b43-7750-ac81-2431b9de5abb,a,B,QB1,1,2,UVH5a,17,0.026666666666666672,2500000.0,2.5,500,1024,0.48828125
01a072a3-8b43-7750-ac81-2431b9de5abb,a,B,QB1,1,2,UVH5a,18,0.04000000000000001,2500000.0,2.5,471,1024,0.4599609375
01a072a3-8b43-7750-ac81-2431b9de5abb,a,B,QB1,1,2,UVH5a,19,0.053333333333333344,2500000.0,2.5,488,1024,0.4765625
01a072a3-8b43-7750-ac81-2431b9de5abb,a,B,QB1,1,2,UVH5a,20,0.06666666666666665,2500000.0,2.5,501,1024,0.4892578125
01a072a3-8b43-7750-ac81-2431b9de5abb,a,B,QB1,1,2,UVH5a,21,0.08000000000000002,2500000.0,2.5,507,1024,0.4951171875
01a072a3-8b43-7750-ac81-2431b9de5abb,a,B,QB1,1,2,UVH5a,22,0.09333333333333332,2500000.0,2.5,470,1024,0.458984375
01a072a3-8b43-7750-ac81-2431b9de5abb,a,B,QB1,1,2,UVH5a,23,0.10666666666666669,2500000.0,2.5,472,1024,0.4609375
01a072a3-8b43-7750-ac81-2431b9de5abb,a,B,QB1,1,2,UVH5a,24,0.12,2500000.0,2.5,477,1024,0.4658203125
01a072a3-8b43-7750-ac81-2431b9de5abb,a,B,QB1,1,2,UVH5a,25,0.13333333333333336,2500000.0,2.5,466,1024,0.455078125
01a072a3-8b43-7750-ac81-2431b9de5abb,a,B,QB1,1,2,UVH5a,26,0.14666666666666667,2500000.0,2.5,498,1024,0.486328125
01a072a3-8b43-7750-ac81-2431b9de5abb,a,B,QB1,1,2,UVH5a,27,0.16000000000000003,2500000.0,2.5,462,1024,0.451171875
01a072a3-8b43-7750-ac81-2431b9de5abb,a,B,QB1,1,2,UVH5a,28,0.17333333333333334,2500000.0,2.5,459,1024,0.4482421875
01a072a3-8b43-7750-ac81-2431b9de5abb,a,B,QB1,1,2,UVH5a,29,0.1866666666666667,2500000.0,2.5,497,1024,0.4853515625
01a072a3-8b43-7750-ac81-2431b9de5abb,a,B,QB1,1,2,UVH5a,30,0.2,2500000.0,2.5,454,1024,0.443359375
01a072a3-8b43-7750-ac81-2431b9de5abb,a,B,QB1,1,3,UVH6a,0,-0.2,2500000.0,2.5,551,1024,0.5380859375
01a072a3-8b43-7750-ac81-2431b9de5abb,a,B,QB1,1,3,UVH6a,1,-0.18666666666666668,2500000.0,2.5,566,1024,0.552734375
01a072a3-8b43-7750-ac81-2431b9de5abb,a,B,QB1,1,3,UVH6a,2,-0.17333333333333334,2500000.0,2.5,534,1024,0.521484375
01a072a3-8b43-7750-ac81-2431b9de5abb,a,B,QB1,1,3,UVH6a,3,-0.16,2500000.0,2.5,496,1024,0.484375
01a072a3-8b43-7750-ac81-2431b9de5abb,a,B,QB1,1,3,UVH6a,4,-0.14666666666666667,2500000.0,2.5,511,1024,0.4990234375
01a072a3-8b43-7750-ac81-2431b9de5abb,a,B,QB1,1,3,UVH6a,5,-0.13333333333333336,2500000.0,2.5,473,1024,0.4619140625
01a072a3-8b43-7750-ac81-2431b9de5abb,a,B,QB1,1,3,UVH6a,6,-0.12000000000000001,2500000.0,2.5,495,1024,0.4833984375
01a072a3-8b43-7750-ac81-2431b9de5abb,a,B,QB1,1,3,UVH6a,7,-0.10666666666666667,2500000.0,2.5,500,1024,0.48828125
01a072a3-8b43-7750-ac81-2431b9de5abb,a,B,QB1,1,3,UVH6a,8,-0.09333333333333334,2500000.0,2.5,518,1024,0.505859375
01a072a3-8b43-7750-ac81-2431b9de5abb,a,B,QB1,1,3,UVH6a,9,-0.08,2500000.0,2.5,510,1024,0.498046875
01a072a3-8b43-7750-ac81-2431b9de5abb,a,B,QB1,1,3,UVH6a,10,-0.06666666666666668,2500000.0,2.5,486,1024,0.474609375
01a072a3-8b43-7750-ac81-2431b9de5abb,a,B,QB1,1,3,UVH6a,11,-0.053333333333333344,2500000.0,2.5,482,1024,0.470703125
01a072a3-8b43-7750-ac81-2431b9de5abb,a,B,QB1,1,3,UVH6a,12,-0.04000000000000001,2500000.0,2.5,482,1024,0.470703125
01a072a3-8b43-7750-ac81-2431b9de5abb,a,B,QB1,1,3,UVH6a,13,-0.026666666666666672,2500000.0,2.5,498,1024,0.486328125
01a072a3-8b43-7750-ac81-2431b9de5abb,a,B,QB1,1,3,UVH6a,14,-0.013333333333333336,2500000.0,2.5,486,1024,0.474609375
01a072a3-8b43-7750-ac81-2431b9de5abb,a,B,QB1,1,3,UVH6a,15,0.0,2500000.0,2.5,467,1024,0.4560546875
01a072a3-8b43-7750-ac81-2431b9de5abb,a,B,QB1,1,3,UVH6a,16,0.013333333333333336,2500000.0,2.5,498,1024,0.486328125
01a072a3-8b43-7750-ac81-2431b9de5abb,a,B,QB1,1,3,UVH6a,17,0.026666666666666672,2500000.0,2.5,506,1024,0.494140625
01a072a3-8b43-7750-ac81-2431b9de5abb,a,B,QB1,1,3,UVH6a,18,0.04000000000000001,2500000.0,2.5,494,1024,0.482421875
01a072a3-8b43-7750-ac81-2431b9de5abb,a,B,QB1,1,3,UVH6a,19,0.053333333333333344,2500000.0,2.5,506,1024,0.494140625
01a072a3-8b43-7750-ac81-2431b9de5abb,a,B,QB1,1,3,UVH6a,20,0.06666666666666665,2500000.0,2.5,464,1024,0.453125
01a072a3-8b43-7750-ac81-2431b9de5abb,a,B,QB1,1,3,UVH6a,21,0.08000000000000002,2500000.0,2.5,486,1024,0.474609375
01a072a3-8b43-7750-ac81-2431b9de5abb,a,B,QB1,1,3,UVH6a,22,0.09333333333333332,2500000.0,2.5,516,1024,0.50390625
01a072a3-8b43-7750-ac81-2431b9de5abb,a,B,QB1,1,3,UVH6a,23,0.10666666666666669,2500000.0,2.5,530,1024,0.517578125
01a072a3-8b43-7750-ac81-2431b9de5abb,a,B,QB1,1,3,UVH6a,24,0.12,2500000.0,2.5,519,1024,0.5068359375
01a072a3-8b43-7750-ac81-2431b9de5abb,a,B,QB1,1,3,UVH6a,25,0.13333333333333336,2500000.0,2.5,527,1024,0.5146484375
01a072a3-8b43-7750-ac81-2431b9de5abb,a,B,QB1,1,3,UVH6a,26,0.14666666666666667,2500000.0,2.5,516,1024,0.50390625
01a072a3-8b43-7750-ac81-2431b9de5abb,a,B,QB1,1,3,UVH6a,27,0.16000000000000003,2500000.0,2.5,475,1024,0.4638671875
01a072a3-8b43-7750-ac81-2431b9de5abb,a,B,QB1,1,3,UVH6a,28,0.17333333333333334,2500000.0,2.5,528,1024,0.515625
01a072a3-8b43-7750-ac81-2431b9de5abb,a,B,QB1,1,3,UVH6a,29,0.1866666666666667,2500000.0,2.5,538,1024,0.525390625
01a072a3-8b43-7750-ac81-2431b9de5abb,a,B,QB1,1,3,UVH6a,30,0.2,2500000.0,2.5,512,1024,0.5
01a072a3-8b43-7750-ac81-2431b9de5abb,a,B,QB1,1,4,UVH7a,0,-0.2,2500000.0,2.5,485,1024,0.4736328125
01a072a3-8b43-7750-ac81-2431b9de5abb,a,B,QB1,1,4,UVH7a,1,-0.18666666666666668,2500000.0,2.5,463,1024,0.4521484375
01a072a3-8b43-7750-ac81-2431b9de5abb,a,B,QB1,1,4,UVH7a,2,-0.17333333333333334,2500000.0,2.5,474,1024,0.462890625
01a072a3-8b43-7750-ac81-2431b9de5abb,a,B,QB1,1,4,UVH7a,3,-0.16,2500000.0,2.5,475,1024,0.4638671875
01a072a3-8b43-7750-ac81-2431b9de5abb,a,B,QB1,1,4,UVH7a,4,-0.14666666666666667,2500000.0,2.5,492,1024,0.48046875
01a072a3-8b43-7750-ac81-2431b9de5abb,a,B,QB1,1,4,UVH7a,5,-0.13333333333333336,2500000.0,2.5,469,1024,0.4580078125
01a072a3-8b43-7750-ac81-2431b9de5abb,a,B,QB1,1,4,UVH7a,6,-0.12000000000000001,2500000.0,2.5,483,1024,0.4716796875
01a072a3-8b43-7750-ac81-2431b9de5abb,a,B,QB1,1,4,UVH7a,7,-0.10666666666666667,2500000.0,2.5,485,1024,0.4736328125
01a072a3-8b43-7750-ac81-2431b9de5abb,a,B,QB1,1,4,UVH7a,8,-0.09333333333333334,2500000.0,2.5,499,1024,0.4873046875
01a072a3-8b43-7750-ac81-2431b9de5abb,a,B,QB1,1,4,UVH7a,9,-0.08,2500000.0,2.5,474,1024,0.462890625
01a072a3-8b43-7750-ac81-2431b9de5abb,a,B,QB1,1,4,UVH7a,10,-0.06666666666666668,2500000.0,2.5,477,1024,0.4658203125
01a072a3-8b43-7750-ac81-2431b9de5abb,a,B,QB1,1,4,UVH7a,11,-0.053333333333333344,2500000.0,2.5,471,1024,0.4599609375
01a072a3-8b43-7750-ac81-2431b9de5abb,a,B,QB1,1,4,UVH7a,12,-0.04000000000000001,2500000.0,2.5,474,1024,0.462890625
01a072a3-8b43-7750-ac81-2431b9de5abb,a,B,QB1,1,4,UVH7a,13,-0.026666666666666672,2500000.0,2.5,486,1024,0.474609375
01a072a3-8b43-7750-ac81-2431b9de5abb,a,B,QB1,1,4,UVH7a,14,-0.013333333333333336,2500000.0,2.5,480,1024,0.46875
01a072a3-8b43-7750-ac81-2431b9de5abb,a,B,QB1,1,4,UVH7a,15,0.0,2500000.0,2.5,509,1024,0.4970703125
01a072a3-8b43-7750-ac81-2431b9de5abb,a,B,QB1,1,4,UVH7a,16,0.013333333333333336,2500000.0,2.5,494,1024,0.482421875
01a072a3-8b43-7750-ac81-2431b9de5abb,a,B,QB1,1,4,UVH7a,17,0.026666666666666672,2500000.0,2.5,456,1024,0.4453125
01a072a3-8b43-7750-ac81-2431b9de5abb,a,B,QB1,1,4,UVH7a,18,0.04000000000000001,2500000.0,2.5,467,1024,0.4560546875
01a072a3-8b43-7750-ac81-2431b9de5abb,a,B,QB1,1,4,UVH7a,19,0.053333333333333344,2500000.0,2.5,471,1024,0.4599609375
01a072a3-8b43-7750-ac81-2431b9de5abb,a,B,QB1,1,4,UVH7a,20,0.06666666666666665,2500000.0,2.5,482,1024,0.470703125
01a072a3-8b43-7750-ac81-2431b9de5abb,a,B,QB1,1,4,UVH7a,21,0.08000000000000002,2500000.0,2.5,487,1024,0.4755859375
01a072a3-8b43-7750-ac81-2431b9de5abb,a,B,QB1,1,4,UVH7a,22,0.09333333333333332,2500000.0,2.5,487,1024,0.4755859375
01a072a3-8b43-7750-ac81-2431b9de5abb,a,B,QB1,1,4,UVH7a,23,0.10666666666666669,2500000.0,2.5,452,1024,0.44140625
01a072a3-8b43-7750-ac81-2431b9de5abb,a,B,QB1,1,4,UVH7a,24,0.12,2500000.0,2.5,502,1024,0.490234375
01a072a3-8b43-7750-ac81-2431b9de5abb,a,B,QB1,1,4,UVH7a,25,0.13333333333333336,2500000.0,2.5,426,1024,0.416015625
01a072a3-8b43-7750-ac81-2431b9de5abb,a,B,QB1,1,4,UVH7a,26,0.14666666666666667,2500000.0,2.5,503,1024,0.4912109375
01a072a3-8b43-7750-ac81-2431b9de5abb,a,B,QB1,1,4,UVH7a,27,0.16000000000000003,2500000.0,2.5,444,1024,0.43359375
01a072a3-8b43-7750-ac81-2431b9de5abb,a,B,QB1,1,4,UVH7a,28,0.17333333333333334,2500000.0,2.5,477,1024,0.4658203125
01a072a3-8b43-7750-ac81-2431b9de5abb,a,B,QB1,1,4,UVH7a,29,0.1866666666666667,2500000.0,2.5,465,1024,0.4541015625
01a072a3-8b43-7750-ac81-2431b9de5abb,a,B,QB1,1,4,UVH7a,30,0.2,2500000.0,2.5,485,1024,0.4736328125
01a072a3-8b43-7750-ac81-2431b9de5abb,a,B,QB1,1,5,UVH8a,0,-0.2,2500000.0,2.5,546,1024,0.533203125
01a072a3-8b43-7750-ac81-2431b9de5abb,a,B,QB1,1,5,UVH8a,1,-0.18666666666666668,2500000.0,2.5,492,1024,0.48046875
01a072a3-8b43-7750-ac81-2431b9de5abb,a,B,QB1,1,5,UVH8a,2,-0.17333333333333334,2500000.0,2.5,539,1024,0.5263671875
01a072a3-8b43-7750-ac81-2431b9de5abb,a,B,QB1,1,5,UVH8a,3,-0.16,2500000.0,2.5,516,1024,0.50390625
01a072a3-8b43-7750-ac81-2431b9de5abb,a,B,QB1,1,5,UVH8a,4,-0.14666666666666667,2500000.0,2.5,525,1024,0.5126953125
01a072a3-8b43-7750-ac81-2431b9de5abb,a,B,QB1,1,5,UVH8a,5,-0.13333333333333336,2500000.0,2.5,530,1024,0.517578125
01a072a3-8b43-7750-ac81-2431b9de5abb,a,B,QB1,1,5,UVH8a,6,-0.12000000000000001,2500000.0,2.5,540,1024,0.52734375
01a072a3-8b43-7750-ac81-2431b9de5abb,a,B,QB1,1,5,UVH8a,7,-0.10666666666666667,2500000.0,2.5,550,1024,0.537109375
01a072a3-8b43-7750-ac81-2431b9de5abb,a,B,QB1,1,5,UVH8a,8,-0.09333333333333334,2500000.0,2.5,516,1024,0.50390625
01a072a3-8b43-7750-ac81-2431b9de5abb,a,B,QB1,1,5,UVH8a,9,-0.08,2500000.0,2.5,514,1024,0.501953125
01a072a3-8b43-7750-ac81-2431b9de5abb,a,B,QB1,1,5,UVH8a,10,-0.06666666666666668,2500000.0,2.5,496,1024,0.484375
01a072a3-8b43-7750-ac81-2431b9de5abb,a,B,QB1,1,5,UVH8a,11,-0.053333333333333344,2500000.0,2.5,482,1024,0.470703125
01a072a3-8b43-7750-ac81-2431b9de5abb,a,B,QB1,1,5,UVH8a,12,-0.04000000000000001,2500000.0,2.5,515,1024,0.5029296875
01a072a3-8b43-7750-ac81-2431b9de5abb,a,B,QB1,1,5,UVH8a,13,-0.026666666666666672,2500000.0,2.5,534,1024,0.521484375
01a072a3-8b43-7750-ac81-2431b9de5abb,a,B,QB1,1,5,UVH8a,14,-0.013333333333333336,2500000.0,2.5,546,1024,0.533203125
01a072a3-8b43-7750-ac81-2431b9de5abb,a,B,QB1,1,5,UVH8a,15,0.0,2500000.0,2.5,552,1024,0.5390625
01a072a3-8b43-7750-ac81-2431b9de5abb,a,B,QB1,1,5,UVH8a,16,0.013333333333333336,2500000.0,2.5,515,1024,0.5029296875
01a072a3-8b43-7750-ac81-2431b9de5abb,a,B,QB1,1,5,UVH8a,17,0.026666666666666672,2500000.0,2.5,510,1024,0.498046875
01a072a3-8b43-7750-ac81-2431b9de5abb,a,B,QB1,1,5,UVH8a,18,0.04000000000000001,2500000.0,2.5,515,1024,0.5029296875
01a072a3-8b43-7750-ac81-2431b9de5abb,a,B,QB1,1,5,UVH8a,19,0.053333333333333344,2500000.0,2.5,507,1024,0.4951171875
01a072a3-8b43-7750-ac81-2431b9de5abb,a,B,QB1,1,5,UVH8a,20,0.06666666666666665,2500000.0,2.5,517,1024,0.5048828125
01a072a3-8b43-7750-ac81-2431b9de5abb,a,B,QB1,1,5,UVH8a,21,0.08000000000000002,2500000.0,2.5,527,1024,0.5146484375
01a072a3-8b43-7750-ac81-2431b9de5abb,a,B,QB1,1,5,UVH8a,22,0.09333333333333332,2500000.0,2.5,511,1024,0.4990234375
01a072a3-8b43-7750-ac81-2431b9de5abb,a,B,QB1,1,5,UVH8a,23,0.10666666666666669,2500000.0,2.5,510,1024,0.498046875
01a072a3-8b43-7750-ac81-2431b9de5abb,a,B,QB1,1,5,UVH8a,24,0.12,2500000.0,2.5,521,1024,0.5087890625
01a072a3-8b43-7750-ac81-2431b9de5abb,a,B,QB1,1,5,UVH8a,25,0.13333333333333336,2500000.0,2.5,500,1024,0.48828125
01a072a3-8b43-7750-ac81-2431b9de5abb,a,B,QB1,1,5,UVH8a,26,0.14666666666666667,2500000.0,2.5,479,1024,0.4677734375
01a072a3-8b43-7750-ac81-2431b9de5abb,a,B,QB1,1,5,UVH8a,27,0.16000000000000003,2500000.0,2.5,481,1024,0.4697265625
01a072a3-8b43-7750-ac81-2431b9de5abb,a,B,QB1,1,5,UVH8a,28,0.17333333333333334,2500000.0,2.5,482,1024,0.470703125
01a072a3-8b43-7750-ac81-2431b9de5abb,a,B,QB1,1,5,UVH8a,29,0.1866666666666667,2500000.0,2.5,505,1024,0.4931640625
01a072a3-8b43-7750-ac81-2431b9de5abb,a,B,QB1,1,5,UVH8a,30,0.2,2500000.0,2.5,477,1024,0.4658203125
01a072a3-8b43-7750-ac81-2431b9de5abb,a,B,QB11,2,0,standard_pi_2,0,-0.2,2500000.0,2.5,347,1024,0.3388671875
01a072a3-8b43-7750-ac81-2431b9de5abb,a,B,QB11,2,0,standard_pi_2,1,-0.18666666666666668,2500000.0,2.5,341,1024,0.3330078125
01a072a3-8b43-7750-ac81-2431b9de5abb,a,B,QB11,2,0,standard_pi_2,2,-0.17333333333333334,2500000.0,2.5,361,1024,0.3525390625
01a072a3-8b43-7750-ac81-2431b9de5abb,a,B,QB11,2,0,standard_pi_2,3,-0.16,2500000.0,2.5,336,1024,0.328125
01a072a3-8b43-7750-ac81-2431b9de5abb,a,B,QB11,2,0,standard_pi_2,4,-0.14666666666666667,2500000.0,2.5,350,1024,0.341796875
01a072a3-8b43-7750-ac81-2431b9de5abb,a,B,QB11,2,0,standard_pi_2,5,-0.13333333333333336,2500000.0,2.5,366,1024,0.357421875
01a072a3-8b43-7750-ac81-2431b9de5abb,a,B,QB11,2,0,standard_pi_2,6,-0.12000000000000001,2500000.0,2.5,392,1024,0.3828125
01a072a3-8b43-7750-ac81-2431b9de5abb,a,B,QB11,2,0,standard_pi_2,7,-0.10666666666666667,2500000.0,2.5,389,1024,0.3798828125
01a072a3-8b43-7750-ac81-2431b9de5abb,a,B,QB11,2,0,standard_pi_2,8,-0.09333333333333334,2500000.0,2.5,417,1024,0.4072265625
01a072a3-8b43-7750-ac81-2431b9de5abb,a,B,QB11,2,0,standard_pi_2,9,-0.08,2500000.0,2.5,414,1024,0.404296875
01a072a3-8b43-7750-ac81-2431b9de5abb,a,B,QB11,2,0,standard_pi_2,10,-0.06666666666666668,2500000.0,2.5,432,1024,0.421875
01a072a3-8b43-7750-ac81-2431b9de5abb,a,B,QB11,2,0,standard_pi_2,11,-0.053333333333333344,2500000.0,2.5,452,1024,0.44140625
01a072a3-8b43-7750-ac81-2431b9de5abb,a,B,QB11,2,0,standard_pi_2,12,-0.04000000000000001,2500000.0,2.5,434,1024,0.423828125
01a072a3-8b43-7750-ac81-2431b9de5abb,a,B,QB11,2,0,standard_pi_2,13,-0.026666666666666672,2500000.0,2.5,446,1024,0.435546875
01a072a3-8b43-7750-ac81-2431b9de5abb,a,B,QB11,2,0,standard_pi_2,14,-0.013333333333333336,2500000.0,2.5,489,1024,0.4775390625
01a072a3-8b43-7750-ac81-2431b9de5abb,a,B,QB11,2,0,standard_pi_2,15,0.0,2500000.0,2.5,464,1024,0.453125
01a072a3-8b43-7750-ac81-2431b9de5abb,a,B,QB11,2,0,standard_pi_2,16,0.013333333333333336,2500000.0,2.5,470,1024,0.458984375
01a072a3-8b43-7750-ac81-2431b9de5abb,a,B,QB11,2,0,standard_pi_2,17,0.026666666666666672,2500000.0,2.5,516,1024,0.50390625
01a072a3-8b43-7750-ac81-2431b9de5abb,a,B,QB11,2,0,standard_pi_2,18,0.04000000000000001,2500000.0,2.5,485,1024,0.4736328125
01a072a3-8b43-7750-ac81-2431b9de5abb,a,B,QB11,2,0,standard_pi_2,19,0.053333333333333344,2500000.0,2.5,507,1024,0.4951171875
01a072a3-8b43-7750-ac81-2431b9de5abb,a,B,QB11,2,0,standard_pi_2,20,0.06666666666666665,2500000.0,2.5,516,1024,0.50390625
01a072a3-8b43-7750-ac81-2431b9de5abb,a,B,QB11,2,0,standard_pi_2,21,0.08000000000000002,2500000.0,2.5,585,1024,0.5712890625
01a072a3-8b43-7750-ac81-2431b9de5abb,a,B,QB11,2,0,standard_pi_2,22,0.09333333333333332,2500000.0,2.5,537,1024,0.5244140625
01a072a3-8b43-7750-ac81-2431b9de5abb,a,B,QB11,2,0,standard_pi_2,23,0.10666666666666669,2500000.0,2.5,558,1024,0.544921875
01a072a3-8b43-7750-ac81-2431b9de5abb,a,B,QB11,2,0,standard_pi_2,24,0.12,2500000.0,2.5,537,1024,0.5244140625
01a072a3-8b43-7750-ac81-2431b9de5abb,a,B,QB11,2,0,standard_pi_2,25,0.13333333333333336,2500000.0,2.5,580,1024,0.56640625
01a072a3-8b43-7750-ac81-2431b9de5abb,a,B,QB11,2,0,standard_pi_2,26,0.14666666666666667,2500000.0,2.5,580,1024,0.56640625
01a072a3-8b43-7750-ac81-2431b9de5abb,a,B,QB11,2,0,standard_pi_2,27,0.16000000000000003,2500000.0,2.5,621,1024,0.6064453125
01a072a3-8b43-7750-ac81-2431b9de5abb,a,B,QB11,2,0,standard_pi_2,28,0.17333333333333334,2500000.0,2.5,609,1024,0.5947265625
01a072a3-8b43-7750-ac81-2431b9de5abb,a,B,QB11,2,0,standard_pi_2,29,0.1866666666666667,2500000.0,2.5,600,1024,0.5859375
01a072a3-8b43-7750-ac81-2431b9de5abb,a,B,QB11,2,0,standard_pi_2,30,0.2,2500000.0,2.5,647,1024,0.6318359375
01a072a3-8b43-7750-ac81-2431b9de5abb,a,B,QB11,2,1,UVH4a,0,-0.2,2500000.0,2.5,421,1024,0.4111328125
01a072a3-8b43-7750-ac81-2431b9de5abb,a,B,QB11,2,1,UVH4a,1,-0.18666666666666668,2500000.0,2.5,443,1024,0.4326171875
01a072a3-8b43-7750-ac81-2431b9de5abb,a,B,QB11,2,1,UVH4a,2,-0.17333333333333334,2500000.0,2.5,418,1024,0.408203125
01a072a3-8b43-7750-ac81-2431b9de5abb,a,B,QB11,2,1,UVH4a,3,-0.16,2500000.0,2.5,465,1024,0.4541015625
01a072a3-8b43-7750-ac81-2431b9de5abb,a,B,QB11,2,1,UVH4a,4,-0.14666666666666667,2500000.0,2.5,425,1024,0.4150390625
01a072a3-8b43-7750-ac81-2431b9de5abb,a,B,QB11,2,1,UVH4a,5,-0.13333333333333336,2500000.0,2.5,490,1024,0.478515625
01a072a3-8b43-7750-ac81-2431b9de5abb,a,B,QB11,2,1,UVH4a,6,-0.12000000000000001,2500000.0,2.5,458,1024,0.447265625
01a072a3-8b43-7750-ac81-2431b9de5abb,a,B,QB11,2,1,UVH4a,7,-0.10666666666666667,2500000.0,2.5,464,1024,0.453125
01a072a3-8b43-7750-ac81-2431b9de5abb,a,B,QB11,2,1,UVH4a,8,-0.09333333333333334,2500000.0,2.5,444,1024,0.43359375
01a072a3-8b43-7750-ac81-2431b9de5abb,a,B,QB11,2,1,UVH4a,9,-0.08,2500000.0,2.5,448,1024,0.4375
01a072a3-8b43-7750-ac81-2431b9de5abb,a,B,QB11,2,1,UVH4a,10,-0.06666666666666668,2500000.0,2.5,460,1024,0.44921875
01a072a3-8b43-7750-ac81-2431b9de5abb,a,B,QB11,2,1,UVH4a,11,-0.053333333333333344,2500000.0,2.5,452,1024,0.44140625
01a072a3-8b43-7750-ac81-2431b9de5abb,a,B,QB11,2,1,UVH4a,12,-0.04000000000000001,2500000.0,2.5,431,1024,0.4208984375
01a072a3-8b43-7750-ac81-2431b9de5abb,a,B,QB11,2,1,UVH4a,13,-0.026666666666666672,2500000.0,2.5,487,1024,0.4755859375
01a072a3-8b43-7750-ac81-2431b9de5abb,a,B,QB11,2,1,UVH4a,14,-0.013333333333333336,2500000.0,2.5,466,1024,0.455078125
01a072a3-8b43-7750-ac81-2431b9de5abb,a,B,QB11,2,1,UVH4a,15,0.0,2500000.0,2.5,487,1024,0.4755859375
01a072a3-8b43-7750-ac81-2431b9de5abb,a,B,QB11,2,1,UVH4a,16,0.013333333333333336,2500000.0,2.5,458,1024,0.447265625
01a072a3-8b43-7750-ac81-2431b9de5abb,a,B,QB11,2,1,UVH4a,17,0.026666666666666672,2500000.0,2.5,457,1024,0.4462890625
01a072a3-8b43-7750-ac81-2431b9de5abb,a,B,QB11,2,1,UVH4a,18,0.04000000000000001,2500000.0,2.5,448,1024,0.4375
01a072a3-8b43-7750-ac81-2431b9de5abb,a,B,QB11,2,1,UVH4a,19,0.053333333333333344,2500000.0,2.5,461,1024,0.4501953125
01a072a3-8b43-7750-ac81-2431b9de5abb,a,B,QB11,2,1,UVH4a,20,0.06666666666666665,2500000.0,2.5,471,1024,0.4599609375
01a072a3-8b43-7750-ac81-2431b9de5abb,a,B,QB11,2,1,UVH4a,21,0.08000000000000002,2500000.0,2.5,468,1024,0.45703125
01a072a3-8b43-7750-ac81-2431b9de5abb,a,B,QB11,2,1,UVH4a,22,0.09333333333333332,2500000.0,2.5,423,1024,0.4130859375
01a072a3-8b43-7750-ac81-2431b9de5abb,a,B,QB11,2,1,UVH4a,23,0.10666666666666669,2500000.0,2.5,459,1024,0.4482421875
01a072a3-8b43-7750-ac81-2431b9de5abb,a,B,QB11,2,1,UVH4a,24,0.12,2500000.0,2.5,458,1024,0.447265625
01a072a3-8b43-7750-ac81-2431b9de5abb,a,B,QB11,2,1,UVH4a,25,0.13333333333333336,2500000.0,2.5,425,1024,0.4150390625
01a072a3-8b43-7750-ac81-2431b9de5abb,a,B,QB11,2,1,UVH4a,26,0.14666666666666667,2500000.0,2.5,462,1024,0.451171875
01a072a3-8b43-7750-ac81-2431b9de5abb,a,B,QB11,2,1,UVH4a,27,0.16000000000000003,2500000.0,2.5,437,1024,0.4267578125
01a072a3-8b43-7750-ac81-2431b9de5abb,a,B,QB11,2,1,UVH4a,28,0.17333333333333334,2500000.0,2.5,442,1024,0.431640625
01a072a3-8b43-7750-ac81-2431b9de5abb,a,B,QB11,2,1,UVH4a,29,0.1866666666666667,2500000.0,2.5,415,1024,0.4052734375
01a072a3-8b43-7750-ac81-2431b9de5abb,a,B,QB11,2,1,UVH4a,30,0.2,2500000.0,2.5,447,1024,0.4365234375
01a072a3-8b43-7750-ac81-2431b9de5abb,a,B,QB11,2,2,UVH5a,0,-0.2,2500000.0,2.5,558,1024,0.544921875
01a072a3-8b43-7750-ac81-2431b9de5abb,a,B,QB11,2,2,UVH5a,1,-0.18666666666666668,2500000.0,2.5,551,1024,0.5380859375
01a072a3-8b43-7750-ac81-2431b9de5abb,a,B,QB11,2,2,UVH5a,2,-0.17333333333333334,2500000.0,2.5,550,1024,0.537109375
01a072a3-8b43-7750-ac81-2431b9de5abb,a,B,QB11,2,2,UVH5a,3,-0.16,2500000.0,2.5,548,1024,0.53515625
01a072a3-8b43-7750-ac81-2431b9de5abb,a,B,QB11,2,2,UVH5a,4,-0.14666666666666667,2500000.0,2.5,545,1024,0.5322265625
01a072a3-8b43-7750-ac81-2431b9de5abb,a,B,QB11,2,2,UVH5a,5,-0.13333333333333336,2500000.0,2.5,537,1024,0.5244140625
01a072a3-8b43-7750-ac81-2431b9de5abb,a,B,QB11,2,2,UVH5a,6,-0.12000000000000001,2500000.0,2.5,511,1024,0.4990234375
01a072a3-8b43-7750-ac81-2431b9de5abb,a,B,QB11,2,2,UVH5a,7,-0.10666666666666667,2500000.0,2.5,513,1024,0.5009765625
01a072a3-8b43-7750-ac81-2431b9de5abb,a,B,QB11,2,2,UVH5a,8,-0.09333333333333334,2500000.0,2.5,520,1024,0.5078125
01a072a3-8b43-7750-ac81-2431b9de5abb,a,B,QB11,2,2,UVH5a,9,-0.08,2500000.0,2.5,513,1024,0.5009765625
01a072a3-8b43-7750-ac81-2431b9de5abb,a,B,QB11,2,2,UVH5a,10,-0.06666666666666668,2500000.0,2.5,511,1024,0.4990234375
01a072a3-8b43-7750-ac81-2431b9de5abb,a,B,QB11,2,2,UVH5a,11,-0.053333333333333344,2500000.0,2.5,510,1024,0.498046875
01a072a3-8b43-7750-ac81-2431b9de5abb,a,B,QB11,2,2,UVH5a,12,-0.04000000000000001,2500000.0,2.5,514,1024,0.501953125
01a072a3-8b43-7750-ac81-2431b9de5abb,a,B,QB11,2,2,UVH5a,13,-0.026666666666666672,2500000.0,2.5,492,1024,0.48046875
01a072a3-8b43-7750-ac81-2431b9de5abb,a,B,QB11,2,2,UVH5a,14,-0.013333333333333336,2500000.0,2.5,518,1024,0.505859375
01a072a3-8b43-7750-ac81-2431b9de5abb,a,B,QB11,2,2,UVH5a,15,0.0,2500000.0,2.5,488,1024,0.4765625
01a072a3-8b43-7750-ac81-2431b9de5abb,a,B,QB11,2,2,UVH5a,16,0.013333333333333336,2500000.0,2.5,468,1024,0.45703125
01a072a3-8b43-7750-ac81-2431b9de5abb,a,B,QB11,2,2,UVH5a,17,0.026666666666666672,2500000.0,2.5,508,1024,0.49609375
01a072a3-8b43-7750-ac81-2431b9de5abb,a,B,QB11,2,2,UVH5a,18,0.04000000000000001,2500000.0,2.5,448,1024,0.4375
01a072a3-8b43-7750-ac81-2431b9de5abb,a,B,QB11,2,2,UVH5a,19,0.053333333333333344,2500000.0,2.5,474,1024,0.462890625
01a072a3-8b43-7750-ac81-2431b9de5abb,a,B,QB11,2,2,UVH5a,20,0.06666666666666665,2500000.0,2.5,480,1024,0.46875
01a072a3-8b43-7750-ac81-2431b9de5abb,a,B,QB11,2,2,UVH5a,21,0.08000000000000002,2500000.0,2.5,474,1024,0.462890625
01a072a3-8b43-7750-ac81-2431b9de5abb,a,B,QB11,2,2,UVH5a,22,0.09333333333333332,2500000.0,2.5,457,1024,0.4462890625
01a072a3-8b43-7750-ac81-2431b9de5abb,a,B,QB11,2,2,UVH5a,23,0.10666666666666669,2500000.0,2.5,490,1024,0.478515625
01a072a3-8b43-7750-ac81-2431b9de5abb,a,B,QB11,2,2,UVH5a,24,0.12,2500000.0,2.5,449,1024,0.4384765625
01a072a3-8b43-7750-ac81-2431b9de5abb,a,B,QB11,2,2,UVH5a,25,0.13333333333333336,2500000.0,2.5,494,1024,0.482421875
01a072a3-8b43-7750-ac81-2431b9de5abb,a,B,QB11,2,2,UVH5a,26,0.14666666666666667,2500000.0,2.5,479,1024,0.4677734375
01a072a3-8b43-7750-ac81-2431b9de5abb,a,B,QB11,2,2,UVH5a,27,0.16000000000000003,2500000.0,2.5,492,1024,0.48046875
01a072a3-8b43-7750-ac81-2431b9de5abb,a,B,QB11,2,2,UVH5a,28,0.17333333333333334,2500000.0,2.5,436,1024,0.42578125
01a072a3-8b43-7750-ac81-2431b9de5abb,a,B,QB11,2,2,UVH5a,29,0.1866666666666667,2500000.0,2.5,461,1024,0.4501953125
01a072a3-8b43-7750-ac81-2431b9de5abb,a,B,QB11,2,2,UVH5a,30,0.2,2500000.0,2.5,502,1024,0.490234375
01a072a3-8b43-7750-ac81-2431b9de5abb,a,B,QB11,2,3,UVH6a,0,-0.2,2500000.0,2.5,581,1024,0.5673828125
01a072a3-8b43-7750-ac81-2431b9de5abb,a,B,QB11,2,3,UVH6a,1,-0.18666666666666668,2500000.0,2.5,580,1024,0.56640625
01a072a3-8b43-7750-ac81-2431b9de5abb,a,B,QB11,2,3,UVH6a,2,-0.17333333333333334,2500000.0,2.5,549,1024,0.5361328125
01a072a3-8b43-7750-ac81-2431b9de5abb,a,B,QB11,2,3,UVH6a,3,-0.16,2500000.0,2.5,559,1024,0.5458984375
01a072a3-8b43-7750-ac81-2431b9de5abb,a,B,QB11,2,3,UVH6a,4,-0.14666666666666667,2500000.0,2.5,557,1024,0.5439453125
01a072a3-8b43-7750-ac81-2431b9de5abb,a,B,QB11,2,3,UVH6a,5,-0.13333333333333336,2500000.0,2.5,545,1024,0.5322265625
01a072a3-8b43-7750-ac81-2431b9de5abb,a,B,QB11,2,3,UVH6a,6,-0.12000000000000001,2500000.0,2.5,519,1024,0.5068359375
01a072a3-8b43-7750-ac81-2431b9de5abb,a,B,QB11,2,3,UVH6a,7,-0.10666666666666667,2500000.0,2.5,561,1024,0.5478515625
01a072a3-8b43-7750-ac81-2431b9de5abb,a,B,QB11,2,3,UVH6a,8,-0.09333333333333334,2500000.0,2.5,539,1024,0.5263671875
01a072a3-8b43-7750-ac81-2431b9de5abb,a,B,QB11,2,3,UVH6a,9,-0.08,2500000.0,2.5,527,1024,0.5146484375
01a072a3-8b43-7750-ac81-2431b9de5abb,a,B,QB11,2,3,UVH6a,10,-0.06666666666666668,2500000.0,2.5,505,1024,0.4931640625
01a072a3-8b43-7750-ac81-2431b9de5abb,a,B,QB11,2,3,UVH6a,11,-0.053333333333333344,2500000.0,2.5,522,1024,0.509765625
01a072a3-8b43-7750-ac81-2431b9de5abb,a,B,QB11,2,3,UVH6a,12,-0.04000000000000001,2500000.0,2.5,529,1024,0.5166015625
01a072a3-8b43-7750-ac81-2431b9de5abb,a,B,QB11,2,3,UVH6a,13,-0.026666666666666672,2500000.0,2.5,497,1024,0.4853515625
01a072a3-8b43-7750-ac81-2431b9de5abb,a,B,QB11,2,3,UVH6a,14,-0.013333333333333336,2500000.0,2.5,518,1024,0.505859375
01a072a3-8b43-7750-ac81-2431b9de5abb,a,B,QB11,2,3,UVH6a,15,0.0,2500000.0,2.5,508,1024,0.49609375
01a072a3-8b43-7750-ac81-2431b9de5abb,a,B,QB11,2,3,UVH6a,16,0.013333333333333336,2500000.0,2.5,515,1024,0.5029296875
01a072a3-8b43-7750-ac81-2431b9de5abb,a,B,QB11,2,3,UVH6a,17,0.026666666666666672,2500000.0,2.5,508,1024,0.49609375
01a072a3-8b43-7750-ac81-2431b9de5abb,a,B,QB11,2,3,UVH6a,18,0.04000000000000001,2500000.0,2.5,471,1024,0.4599609375
01a072a3-8b43-7750-ac81-2431b9de5abb,a,B,QB11,2,3,UVH6a,19,0.053333333333333344,2500000.0,2.5,508,1024,0.49609375
01a072a3-8b43-7750-ac81-2431b9de5abb,a,B,QB11,2,3,UVH6a,20,0.06666666666666665,2500000.0,2.5,472,1024,0.4609375
01a072a3-8b43-7750-ac81-2431b9de5abb,a,B,QB11,2,3,UVH6a,21,0.08000000000000002,2500000.0,2.5,532,1024,0.51953125
01a072a3-8b43-7750-ac81-2431b9de5abb,a,B,QB11,2,3,UVH6a,22,0.09333333333333332,2500000.0,2.5,527,1024,0.5146484375
01a072a3-8b43-7750-ac81-2431b9de5abb,a,B,QB11,2,3,UVH6a,23,0.10666666666666669,2500000.0,2.5,511,1024,0.4990234375
01a072a3-8b43-7750-ac81-2431b9de5abb,a,B,QB11,2,3,UVH6a,24,0.12,2500000.0,2.5,512,1024,0.5
01a072a3-8b43-7750-ac81-2431b9de5abb,a,B,QB11,2,3,UVH6a,25,0.13333333333333336,2500000.0,2.5,519,1024,0.5068359375
01a072a3-8b43-7750-ac81-2431b9de5abb,a,B,QB11,2,3,UVH6a,26,0.14666666666666667,2500000.0,2.5,514,1024,0.501953125
01a072a3-8b43-7750-ac81-2431b9de5abb,a,B,QB11,2,3,UVH6a,27,0.16000000000000003,2500000.0,2.5,512,1024,0.5
01a072a3-8b43-7750-ac81-2431b9de5abb,a,B,QB11,2,3,UVH6a,28,0.17333333333333334,2500000.0,2.5,500,1024,0.48828125
01a072a3-8b43-7750-ac81-2431b9de5abb,a,B,QB11,2,3,UVH6a,29,0.1866666666666667,2500000.0,2.5,476,1024,0.46484375
01a072a3-8b43-7750-ac81-2431b9de5abb,a,B,QB11,2,3,UVH6a,30,0.2,2500000.0,2.5,488,1024,0.4765625
01a072a3-8b43-7750-ac81-2431b9de5abb,a,B,QB11,2,4,UVH7a,0,-0.2,2500000.0,2.5,478,1024,0.466796875
01a072a3-8b43-7750-ac81-2431b9de5abb,a,B,QB11,2,4,UVH7a,1,-0.18666666666666668,2500000.0,2.5,509,1024,0.4970703125
01a072a3-8b43-7750-ac81-2431b9de5abb,a,B,QB11,2,4,UVH7a,2,-0.17333333333333334,2500000.0,2.5,491,1024,0.4794921875
01a072a3-8b43-7750-ac81-2431b9de5abb,a,B,QB11,2,4,UVH7a,3,-0.16,2500000.0,2.5,452,1024,0.44140625
01a072a3-8b43-7750-ac81-2431b9de5abb,a,B,QB11,2,4,UVH7a,4,-0.14666666666666667,2500000.0,2.5,494,1024,0.482421875
01a072a3-8b43-7750-ac81-2431b9de5abb,a,B,QB11,2,4,UVH7a,5,-0.13333333333333336,2500000.0,2.5,460,1024,0.44921875
01a072a3-8b43-7750-ac81-2431b9de5abb,a,B,QB11,2,4,UVH7a,6,-0.12000000000000001,2500000.0,2.5,484,1024,0.47265625
01a072a3-8b43-7750-ac81-2431b9de5abb,a,B,QB11,2,4,UVH7a,7,-0.10666666666666667,2500000.0,2.5,477,1024,0.4658203125
01a072a3-8b43-7750-ac81-2431b9de5abb,a,B,QB11,2,4,UVH7a,8,-0.09333333333333334,2500000.0,2.5,462,1024,0.451171875
01a072a3-8b43-7750-ac81-2431b9de5abb,a,B,QB11,2,4,UVH7a,9,-0.08,2500000.0,2.5,509,1024,0.4970703125
01a072a3-8b43-7750-ac81-2431b9de5abb,a,B,QB11,2,4,UVH7a,10,-0.06666666666666668,2500000.0,2.5,506,1024,0.494140625
01a072a3-8b43-7750-ac81-2431b9de5abb,a,B,QB11,2,4,UVH7a,11,-0.053333333333333344,2500000.0,2.5,482,1024,0.470703125
01a072a3-8b43-7750-ac81-2431b9de5abb,a,B,QB11,2,4,UVH7a,12,-0.04000000000000001,2500000.0,2.5,506,1024,0.494140625
01a072a3-8b43-7750-ac81-2431b9de5abb,a,B,QB11,2,4,UVH7a,13,-0.026666666666666672,2500000.0,2.5,498,1024,0.486328125
01a072a3-8b43-7750-ac81-2431b9de5abb,a,B,QB11,2,4,UVH7a,14,-0.013333333333333336,2500000.0,2.5,516,1024,0.50390625
01a072a3-8b43-7750-ac81-2431b9de5abb,a,B,QB11,2,4,UVH7a,15,0.0,2500000.0,2.5,501,1024,0.4892578125
01a072a3-8b43-7750-ac81-2431b9de5abb,a,B,QB11,2,4,UVH7a,16,0.013333333333333336,2500000.0,2.5,511,1024,0.4990234375
01a072a3-8b43-7750-ac81-2431b9de5abb,a,B,QB11,2,4,UVH7a,17,0.026666666666666672,2500000.0,2.5,497,1024,0.4853515625
01a072a3-8b43-7750-ac81-2431b9de5abb,a,B,QB11,2,4,UVH7a,18,0.04000000000000001,2500000.0,2.5,517,1024,0.5048828125
01a072a3-8b43-7750-ac81-2431b9de5abb,a,B,QB11,2,4,UVH7a,19,0.053333333333333344,2500000.0,2.5,492,1024,0.48046875
01a072a3-8b43-7750-ac81-2431b9de5abb,a,B,QB11,2,4,UVH7a,20,0.06666666666666665,2500000.0,2.5,507,1024,0.4951171875
01a072a3-8b43-7750-ac81-2431b9de5abb,a,B,QB11,2,4,UVH7a,21,0.08000000000000002,2500000.0,2.5,531,1024,0.5185546875
01a072a3-8b43-7750-ac81-2431b9de5abb,a,B,QB11,2,4,UVH7a,22,0.09333333333333332,2500000.0,2.5,489,1024,0.4775390625
01a072a3-8b43-7750-ac81-2431b9de5abb,a,B,QB11,2,4,UVH7a,23,0.10666666666666669,2500000.0,2.5,477,1024,0.4658203125
01a072a3-8b43-7750-ac81-2431b9de5abb,a,B,QB11,2,4,UVH7a,24,0.12,2500000.0,2.5,484,1024,0.47265625
01a072a3-8b43-7750-ac81-2431b9de5abb,a,B,QB11,2,4,UVH7a,25,0.13333333333333336,2500000.0,2.5,513,1024,0.5009765625
01a072a3-8b43-7750-ac81-2431b9de5abb,a,B,QB11,2,4,UVH7a,26,0.14666666666666667,2500000.0,2.5,456,1024,0.4453125
01a072a3-8b43-7750-ac81-2431b9de5abb,a,B,QB11,2,4,UVH7a,27,0.16000000000000003,2500000.0,2.5,505,1024,0.4931640625
01a072a3-8b43-7750-ac81-2431b9de5abb,a,B,QB11,2,4,UVH7a,28,0.17333333333333334,2500000.0,2.5,528,1024,0.515625
01a072a3-8b43-7750-ac81-2431b9de5abb,a,B,QB11,2,4,UVH7a,29,0.1866666666666667,2500000.0,2.5,516,1024,0.50390625
01a072a3-8b43-7750-ac81-2431b9de5abb,a,B,QB11,2,4,UVH7a,30,0.2,2500000.0,2.5,527,1024,0.5146484375
01a072a3-8b43-7750-ac81-2431b9de5abb,a,B,QB11,2,5,UVH8a,0,-0.2,2500000.0,2.5,522,1024,0.509765625
01a072a3-8b43-7750-ac81-2431b9de5abb,a,B,QB11,2,5,UVH8a,1,-0.18666666666666668,2500000.0,2.5,525,1024,0.5126953125
01a072a3-8b43-7750-ac81-2431b9de5abb,a,B,QB11,2,5,UVH8a,2,-0.17333333333333334,2500000.0,2.5,523,1024,0.5107421875
01a072a3-8b43-7750-ac81-2431b9de5abb,a,B,QB11,2,5,UVH8a,3,-0.16,2500000.0,2.5,534,1024,0.521484375
01a072a3-8b43-7750-ac81-2431b9de5abb,a,B,QB11,2,5,UVH8a,4,-0.14666666666666667,2500000.0,2.5,538,1024,0.525390625
01a072a3-8b43-7750-ac81-2431b9de5abb,a,B,QB11,2,5,UVH8a,5,-0.13333333333333336,2500000.0,2.5,536,1024,0.5234375
01a072a3-8b43-7750-ac81-2431b9de5abb,a,B,QB11,2,5,UVH8a,6,-0.12000000000000001,2500000.0,2.5,552,1024,0.5390625
01a072a3-8b43-7750-ac81-2431b9de5abb,a,B,QB11,2,5,UVH8a,7,-0.10666666666666667,2500000.0,2.5,540,1024,0.52734375
01a072a3-8b43-7750-ac81-2431b9de5abb,a,B,QB11,2,5,UVH8a,8,-0.09333333333333334,2500000.0,2.5,512,1024,0.5
01a072a3-8b43-7750-ac81-2431b9de5abb,a,B,QB11,2,5,UVH8a,9,-0.08,2500000.0,2.5,529,1024,0.5166015625
01a072a3-8b43-7750-ac81-2431b9de5abb,a,B,QB11,2,5,UVH8a,10,-0.06666666666666668,2500000.0,2.5,518,1024,0.505859375
01a072a3-8b43-7750-ac81-2431b9de5abb,a,B,QB11,2,5,UVH8a,11,-0.053333333333333344,2500000.0,2.5,512,1024,0.5
01a072a3-8b43-7750-ac81-2431b9de5abb,a,B,QB11,2,5,UVH8a,12,-0.04000000000000001,2500000.0,2.5,527,1024,0.5146484375
01a072a3-8b43-7750-ac81-2431b9de5abb,a,B,QB11,2,5,UVH8a,13,-0.026666666666666672,2500000.0,2.5,473,1024,0.4619140625
01a072a3-8b43-7750-ac81-2431b9de5abb,a,B,QB11,2,5,UVH8a,14,-0.013333333333333336,2500000.0,2.5,500,1024,0.48828125
01a072a3-8b43-7750-ac81-2431b9de5abb,a,B,QB11,2,5,UVH8a,15,0.0,2500000.0,2.5,517,1024,0.5048828125
01a072a3-8b43-7750-ac81-2431b9de5abb,a,B,QB11,2,5,UVH8a,16,0.013333333333333336,2500000.0,2.5,507,1024,0.4951171875
01a072a3-8b43-7750-ac81-2431b9de5abb,a,B,QB11,2,5,UVH8a,17,0.026666666666666672,2500000.0,2.5,472,1024,0.4609375
01a072a3-8b43-7750-ac81-2431b9de5abb,a,B,QB11,2,5,UVH8a,18,0.04000000000000001,2500000.0,2.5,491,1024,0.4794921875
01a072a3-8b43-7750-ac81-2431b9de5abb,a,B,QB11,2,5,UVH8a,19,0.053333333333333344,2500000.0,2.5,497,1024,0.4853515625
01a072a3-8b43-7750-ac81-2431b9de5abb,a,B,QB11,2,5,UVH8a,20,0.06666666666666665,2500000.0,2.5,492,1024,0.48046875
01a072a3-8b43-7750-ac81-2431b9de5abb,a,B,QB11,2,5,UVH8a,21,0.08000000000000002,2500000.0,2.5,481,1024,0.4697265625
01a072a3-8b43-7750-ac81-2431b9de5abb,a,B,QB11,2,5,UVH8a,22,0.09333333333333332,2500000.0,2.5,466,1024,0.455078125
01a072a3-8b43-7750-ac81-2431b9de5abb,a,B,QB11,2,5,UVH8a,23,0.10666666666666669,2500000.0,2.5,479,1024,0.4677734375
01a072a3-8b43-7750-ac81-2431b9de5abb,a,B,QB11,2,5,UVH8a,24,0.12,2500000.0,2.5,469,1024,0.4580078125
01a072a3-8b43-7750-ac81-2431b9de5abb,a,B,QB11,2,5,UVH8a,25,0.13333333333333336,2500000.0,2.5,469,1024,0.4580078125
01a072a3-8b43-7750-ac81-2431b9de5abb,a,B,QB11,2,5,UVH8a,26,0.14666666666666667,2500000.0,2.5,435,1024,0.4248046875
01a072a3-8b43-7750-ac81-2431b9de5abb,a,B,QB11,2,5,UVH8a,27,0.16000000000000003,2500000.0,2.5,430,1024,0.419921875
01a072a3-8b43-7750-ac81-2431b9de5abb,a,B,QB11,2,5,UVH8a,28,0.17333333333333334,2500000.0,2.5,437,1024,0.4267578125
01a072a3-8b43-7750-ac81-2431b9de5abb,a,B,QB11,2,5,UVH8a,29,0.1866666666666667,2500000.0,2.5,436,1024,0.42578125
01a072a3-8b43-7750-ac81-2431b9de5abb,a,B,QB11,2,5,UVH8a,30,0.2,2500000.0,2.5,421,1024,0.4111328125
01a072a3-8b43-7750-ac81-2431b9de5abb,a,B,QB10,3,0,standard_pi_2,0,-0.2,2500000.0,2.5,338,1024,0.330078125
01a072a3-8b43-7750-ac81-2431b9de5abb,a,B,QB10,3,0,standard_pi_2,1,-0.18666666666666668,2500000.0,2.5,346,1024,0.337890625
01a072a3-8b43-7750-ac81-2431b9de5abb,a,B,QB10,3,0,standard_pi_2,2,-0.17333333333333334,2500000.0,2.5,406,1024,0.396484375
01a072a3-8b43-7750-ac81-2431b9de5abb,a,B,QB10,3,0,standard_pi_2,3,-0.16,2500000.0,2.5,385,1024,0.3759765625
01a072a3-8b43-7750-ac81-2431b9de5abb,a,B,QB10,3,0,standard_pi_2,4,-0.14666666666666667,2500000.0,2.5,417,1024,0.4072265625
01a072a3-8b43-7750-ac81-2431b9de5abb,a,B,QB10,3,0,standard_pi_2,5,-0.13333333333333336,2500000.0,2.5,392,1024,0.3828125
01a072a3-8b43-7750-ac81-2431b9de5abb,a,B,QB10,3,0,standard_pi_2,6,-0.12000000000000001,2500000.0,2.5,399,1024,0.3896484375
01a072a3-8b43-7750-ac81-2431b9de5abb,a,B,QB10,3,0,standard_pi_2,7,-0.10666666666666667,2500000.0,2.5,457,1024,0.4462890625
01a072a3-8b43-7750-ac81-2431b9de5abb,a,B,QB10,3,0,standard_pi_2,8,-0.09333333333333334,2500000.0,2.5,435,1024,0.4248046875
01a072a3-8b43-7750-ac81-2431b9de5abb,a,B,QB10,3,0,standard_pi_2,9,-0.08,2500000.0,2.5,448,1024,0.4375
01a072a3-8b43-7750-ac81-2431b9de5abb,a,B,QB10,3,0,standard_pi_2,10,-0.06666666666666668,2500000.0,2.5,437,1024,0.4267578125
01a072a3-8b43-7750-ac81-2431b9de5abb,a,B,QB10,3,0,standard_pi_2,11,-0.053333333333333344,2500000.0,2.5,451,1024,0.4404296875
01a072a3-8b43-7750-ac81-2431b9de5abb,a,B,QB10,3,0,standard_pi_2,12,-0.04000000000000001,2500000.0,2.5,473,1024,0.4619140625
01a072a3-8b43-7750-ac81-2431b9de5abb,a,B,QB10,3,0,standard_pi_2,13,-0.026666666666666672,2500000.0,2.5,469,1024,0.4580078125
01a072a3-8b43-7750-ac81-2431b9de5abb,a,B,QB10,3,0,standard_pi_2,14,-0.013333333333333336,2500000.0,2.5,472,1024,0.4609375
01a072a3-8b43-7750-ac81-2431b9de5abb,a,B,QB10,3,0,standard_pi_2,15,0.0,2500000.0,2.5,518,1024,0.505859375
01a072a3-8b43-7750-ac81-2431b9de5abb,a,B,QB10,3,0,standard_pi_2,16,0.013333333333333336,2500000.0,2.5,504,1024,0.4921875
01a072a3-8b43-7750-ac81-2431b9de5abb,a,B,QB10,3,0,standard_pi_2,17,0.026666666666666672,2500000.0,2.5,521,1024,0.5087890625
01a072a3-8b43-7750-ac81-2431b9de5abb,a,B,QB10,3,0,standard_pi_2,18,0.04000000000000001,2500000.0,2.5,539,1024,0.5263671875
01a072a3-8b43-7750-ac81-2431b9de5abb,a,B,QB10,3,0,standard_pi_2,19,0.053333333333333344,2500000.0,2.5,512,1024,0.5
01a072a3-8b43-7750-ac81-2431b9de5abb,a,B,QB10,3,0,standard_pi_2,20,0.06666666666666665,2500000.0,2.5,554,1024,0.541015625
01a072a3-8b43-7750-ac81-2431b9de5abb,a,B,QB10,3,0,standard_pi_2,21,0.08000000000000002,2500000.0,2.5,569,1024,0.5556640625
01a072a3-8b43-7750-ac81-2431b9de5abb,a,B,QB10,3,0,standard_pi_2,22,0.09333333333333332,2500000.0,2.5,566,1024,0.552734375
01a072a3-8b43-7750-ac81-2431b9de5abb,a,B,QB10,3,0,standard_pi_2,23,0.10666666666666669,2500000.0,2.5,599,1024,0.5849609375
01a072a3-8b43-7750-ac81-2431b9de5abb,a,B,QB10,3,0,standard_pi_2,24,0.12,2500000.0,2.5,597,1024,0.5830078125
01a072a3-8b43-7750-ac81-2431b9de5abb,a,B,QB10,3,0,standard_pi_2,25,0.13333333333333336,2500000.0,2.5,612,1024,0.59765625
01a072a3-8b43-7750-ac81-2431b9de5abb,a,B,QB10,3,0,standard_pi_2,26,0.14666666666666667,2500000.0,2.5,610,1024,0.595703125
01a072a3-8b43-7750-ac81-2431b9de5abb,a,B,QB10,3,0,standard_pi_2,27,0.16000000000000003,2500000.0,2.5,637,1024,0.6220703125
01a072a3-8b43-7750-ac81-2431b9de5abb,a,B,QB10,3,0,standard_pi_2,28,0.17333333333333334,2500000.0,2.5,630,1024,0.615234375
01a072a3-8b43-7750-ac81-2431b9de5abb,a,B,QB10,3,0,standard_pi_2,29,0.1866666666666667,2500000.0,2.5,622,1024,0.607421875
01a072a3-8b43-7750-ac81-2431b9de5abb,a,B,QB10,3,0,standard_pi_2,30,0.2,2500000.0,2.5,637,1024,0.6220703125
01a072a3-8b43-7750-ac81-2431b9de5abb,a,B,QB10,3,1,UVH4a,0,-0.2,2500000.0,2.5,430,1024,0.419921875
01a072a3-8b43-7750-ac81-2431b9de5abb,a,B,QB10,3,1,UVH4a,1,-0.18666666666666668,2500000.0,2.5,437,1024,0.4267578125
01a072a3-8b43-7750-ac81-2431b9de5abb,a,B,QB10,3,1,UVH4a,2,-0.17333333333333334,2500000.0,2.5,460,1024,0.44921875
01a072a3-8b43-7750-ac81-2431b9de5abb,a,B,QB10,3,1,UVH4a,3,-0.16,2500000.0,2.5,457,1024,0.4462890625
01a072a3-8b43-7750-ac81-2431b9de5abb,a,B,QB10,3,1,UVH4a,4,-0.14666666666666667,2500000.0,2.5,497,1024,0.4853515625
01a072a3-8b43-7750-ac81-2431b9de5abb,a,B,QB10,3,1,UVH4a,5,-0.13333333333333336,2500000.0,2.5,465,1024,0.4541015625
01a072a3-8b43-7750-ac81-2431b9de5abb,a,B,QB10,3,1,UVH4a,6,-0.12000000000000001,2500000.0,2.5,481,1024,0.4697265625
01a072a3-8b43-7750-ac81-2431b9de5abb,a,B,QB10,3,1,UVH4a,7,-0.10666666666666667,2500000.0,2.5,441,1024,0.4306640625
01a072a3-8b43-7750-ac81-2431b9de5abb,a,B,QB10,3,1,UVH4a,8,-0.09333333333333334,2500000.0,2.5,481,1024,0.4697265625
01a072a3-8b43-7750-ac81-2431b9de5abb,a,B,QB10,3,1,UVH4a,9,-0.08,2500000.0,2.5,470,1024,0.458984375
01a072a3-8b43-7750-ac81-2431b9de5abb,a,B,QB10,3,1,UVH4a,10,-0.06666666666666668,2500000.0,2.5,515,1024,0.5029296875
01a072a3-8b43-7750-ac81-2431b9de5abb,a,B,QB10,3,1,UVH4a,11,-0.053333333333333344,2500000.0,2.5,499,1024,0.4873046875
01a072a3-8b43-7750-ac81-2431b9de5abb,a,B,QB10,3,1,UVH4a,12,-0.04000000000000001,2500000.0,2.5,454,1024,0.443359375
01a072a3-8b43-7750-ac81-2431b9de5abb,a,B,QB10,3,1,UVH4a,13,-0.026666666666666672,2500000.0,2.5,484,1024,0.47265625
01a072a3-8b43-7750-ac81-2431b9de5abb,a,B,QB10,3,1,UVH4a,14,-0.013333333333333336,2500000.0,2.5,458,1024,0.447265625
01a072a3-8b43-7750-ac81-2431b9de5abb,a,B,QB10,3,1,UVH4a,15,0.0,2500000.0,2.5,507,1024,0.4951171875
01a072a3-8b43-7750-ac81-2431b9de5abb,a,B,QB10,3,1,UVH4a,16,0.013333333333333336,2500000.0,2.5,489,1024,0.4775390625
01a072a3-8b43-7750-ac81-2431b9de5abb,a,B,QB10,3,1,UVH4a,17,0.026666666666666672,2500000.0,2.5,494,1024,0.482421875
01a072a3-8b43-7750-ac81-2431b9de5abb,a,B,QB10,3,1,UVH4a,18,0.04000000000000001,2500000.0,2.5,506,1024,0.494140625
01a072a3-8b43-7750-ac81-2431b9de5abb,a,B,QB10,3,1,UVH4a,19,0.053333333333333344,2500000.0,2.5,491,1024,0.4794921875
01a072a3-8b43-7750-ac81-2431b9de5abb,a,B,QB10,3,1,UVH4a,20,0.06666666666666665,2500000.0,2.5,482,1024,0.470703125
01a072a3-8b43-7750-ac81-2431b9de5abb,a,B,QB10,3,1,UVH4a,21,0.08000000000000002,2500000.0,2.5,505,1024,0.4931640625
01a072a3-8b43-7750-ac81-2431b9de5abb,a,B,QB10,3,1,UVH4a,22,0.09333333333333332,2500000.0,2.5,476,1024,0.46484375
01a072a3-8b43-7750-ac81-2431b9de5abb,a,B,QB10,3,1,UVH4a,23,0.10666666666666669,2500000.0,2.5,450,1024,0.439453125
01a072a3-8b43-7750-ac81-2431b9de5abb,a,B,QB10,3,1,UVH4a,24,0.12,2500000.0,2.5,491,1024,0.4794921875
01a072a3-8b43-7750-ac81-2431b9de5abb,a,B,QB10,3,1,UVH4a,25,0.13333333333333336,2500000.0,2.5,466,1024,0.455078125
01a072a3-8b43-7750-ac81-2431b9de5abb,a,B,QB10,3,1,UVH4a,26,0.14666666666666667,2500000.0,2.5,463,1024,0.4521484375
01a072a3-8b43-7750-ac81-2431b9de5abb,a,B,QB10,3,1,UVH4a,27,0.16000000000000003,2500000.0,2.5,440,1024,0.4296875
01a072a3-8b43-7750-ac81-2431b9de5abb,a,B,QB10,3,1,UVH4a,28,0.17333333333333334,2500000.0,2.5,479,1024,0.4677734375
01a072a3-8b43-7750-ac81-2431b9de5abb,a,B,QB10,3,1,UVH4a,29,0.1866666666666667,2500000.0,2.5,445,1024,0.4345703125
01a072a3-8b43-7750-ac81-2431b9de5abb,a,B,QB10,3,1,UVH4a,30,0.2,2500000.0,2.5,464,1024,0.453125
01a072a3-8b43-7750-ac81-2431b9de5abb,a,B,QB10,3,2,UVH5a,0,-0.2,2500000.0,2.5,616,1024,0.6015625
01a072a3-8b43-7750-ac81-2431b9de5abb,a,B,QB10,3,2,UVH5a,1,-0.18666666666666668,2500000.0,2.5,568,1024,0.5546875
01a072a3-8b43-7750-ac81-2431b9de5abb,a,B,QB10,3,2,UVH5a,2,-0.17333333333333334,2500000.0,2.5,586,1024,0.572265625
01a072a3-8b43-7750-ac81-2431b9de5abb,a,B,QB10,3,2,UVH5a,3,-0.16,2500000.0,2.5,568,1024,0.5546875
01a072a3-8b43-7750-ac81-2431b9de5abb,a,B,QB10,3,2,UVH5a,4,-0.14666666666666667,2500000.0,2.5,568,1024,0.5546875
01a072a3-8b43-7750-ac81-2431b9de5abb,a,B,QB10,3,2,UVH5a,5,-0.13333333333333336,2500000.0,2.5,558,1024,0.544921875
01a072a3-8b43-7750-ac81-2431b9de5abb,a,B,QB10,3,2,UVH5a,6,-0.12000000000000001,2500000.0,2.5,544,1024,0.53125
01a072a3-8b43-7750-ac81-2431b9de5abb,a,B,QB10,3,2,UVH5a,7,-0.10666666666666667,2500000.0,2.5,517,1024,0.5048828125
01a072a3-8b43-7750-ac81-2431b9de5abb,a,B,QB10,3,2,UVH5a,8,-0.09333333333333334,2500000.0,2.5,514,1024,0.501953125
01a072a3-8b43-7750-ac81-2431b9de5abb,a,B,QB10,3,2,UVH5a,9,-0.08,2500000.0,2.5,548,1024,0.53515625
01a072a3-8b43-7750-ac81-2431b9de5abb,a,B,QB10,3,2,UVH5a,10,-0.06666666666666668,2500000.0,2.5,510,1024,0.498046875
01a072a3-8b43-7750-ac81-2431b9de5abb,a,B,QB10,3,2,UVH5a,11,-0.053333333333333344,2500000.0,2.5,527,1024,0.5146484375
01a072a3-8b43-7750-ac81-2431b9de5abb,a,B,QB10,3,2,UVH5a,12,-0.04000000000000001,2500000.0,2.5,501,1024,0.4892578125
01a072a3-8b43-7750-ac81-2431b9de5abb,a,B,QB10,3,2,UVH5a,13,-0.026666666666666672,2500000.0,2.5,507,1024,0.4951171875
01a072a3-8b43-7750-ac81-2431b9de5abb,a,B,QB10,3,2,UVH5a,14,-0.013333333333333336,2500000.0,2.5,490,1024,0.478515625
01a072a3-8b43-7750-ac81-2431b9de5abb,a,B,QB10,3,2,UVH5a,15,0.0,2500000.0,2.5,511,1024,0.4990234375
01a072a3-8b43-7750-ac81-2431b9de5abb,a,B,QB10,3,2,UVH5a,16,0.013333333333333336,2500000.0,2.5,525,1024,0.5126953125
01a072a3-8b43-7750-ac81-2431b9de5abb,a,B,QB10,3,2,UVH5a,17,0.026666666666666672,2500000.0,2.5,514,1024,0.501953125
01a072a3-8b43-7750-ac81-2431b9de5abb,a,B,QB10,3,2,UVH5a,18,0.04000000000000001,2500000.0,2.5,459,1024,0.4482421875
01a072a3-8b43-7750-ac81-2431b9de5abb,a,B,QB10,3,2,UVH5a,19,0.053333333333333344,2500000.0,2.5,475,1024,0.4638671875
01a072a3-8b43-7750-ac81-2431b9de5abb,a,B,QB10,3,2,UVH5a,20,0.06666666666666665,2500000.0,2.5,502,1024,0.490234375
01a072a3-8b43-7750-ac81-2431b9de5abb,a,B,QB10,3,2,UVH5a,21,0.08000000000000002,2500000.0,2.5,467,1024,0.4560546875
01a072a3-8b43-7750-ac81-2431b9de5abb,a,B,QB10,3,2,UVH5a,22,0.09333333333333332,2500000.0,2.5,512,1024,0.5
01a072a3-8b43-7750-ac81-2431b9de5abb,a,B,QB10,3,2,UVH5a,23,0.10666666666666669,2500000.0,2.5,481,1024,0.4697265625
01a072a3-8b43-7750-ac81-2431b9de5abb,a,B,QB10,3,2,UVH5a,24,0.12,2500000.0,2.5,482,1024,0.470703125
01a072a3-8b43-7750-ac81-2431b9de5abb,a,B,QB10,3,2,UVH5a,25,0.13333333333333336,2500000.0,2.5,456,1024,0.4453125
01a072a3-8b43-7750-ac81-2431b9de5abb,a,B,QB10,3,2,UVH5a,26,0.14666666666666667,2500000.0,2.5,504,1024,0.4921875
01a072a3-8b43-7750-ac81-2431b9de5abb,a,B,QB10,3,2,UVH5a,27,0.16000000000000003,2500000.0,2.5,469,1024,0.4580078125
01a072a3-8b43-7750-ac81-2431b9de5abb,a,B,QB10,3,2,UVH5a,28,0.17333333333333334,2500000.0,2.5,450,1024,0.439453125
01a072a3-8b43-7750-ac81-2431b9de5abb,a,B,QB10,3,2,UVH5a,29,0.1866666666666667,2500000.0,2.5,446,1024,0.435546875
01a072a3-8b43-7750-ac81-2431b9de5abb,a,B,QB10,3,2,UVH5a,30,0.2,2500000.0,2.5,460,1024,0.44921875
01a072a3-8b43-7750-ac81-2431b9de5abb,a,B,QB10,3,3,UVH6a,0,-0.2,2500000.0,2.5,619,1024,0.6044921875
01a072a3-8b43-7750-ac81-2431b9de5abb,a,B,QB10,3,3,UVH6a,1,-0.18666666666666668,2500000.0,2.5,557,1024,0.5439453125
01a072a3-8b43-7750-ac81-2431b9de5abb,a,B,QB10,3,3,UVH6a,2,-0.17333333333333334,2500000.0,2.5,578,1024,0.564453125
01a072a3-8b43-7750-ac81-2431b9de5abb,a,B,QB10,3,3,UVH6a,3,-0.16,2500000.0,2.5,532,1024,0.51953125
01a072a3-8b43-7750-ac81-2431b9de5abb,a,B,QB10,3,3,UVH6a,4,-0.14666666666666667,2500000.0,2.5,562,1024,0.548828125
01a072a3-8b43-7750-ac81-2431b9de5abb,a,B,QB10,3,3,UVH6a,5,-0.13333333333333336,2500000.0,2.5,515,1024,0.5029296875
01a072a3-8b43-7750-ac81-2431b9de5abb,a,B,QB10,3,3,UVH6a,6,-0.12000000000000001,2500000.0,2.5,517,1024,0.5048828125
01a072a3-8b43-7750-ac81-2431b9de5abb,a,B,QB10,3,3,UVH6a,7,-0.10666666666666667,2500000.0,2.5,536,1024,0.5234375
01a072a3-8b43-7750-ac81-2431b9de5abb,a,B,QB10,3,3,UVH6a,8,-0.09333333333333334,2500000.0,2.5,538,1024,0.525390625
01a072a3-8b43-7750-ac81-2431b9de5abb,a,B,QB10,3,3,UVH6a,9,-0.08,2500000.0,2.5,490,1024,0.478515625
01a072a3-8b43-7750-ac81-2431b9de5abb,a,B,QB10,3,3,UVH6a,10,-0.06666666666666668,2500000.0,2.5,505,1024,0.4931640625
01a072a3-8b43-7750-ac81-2431b9de5abb,a,B,QB10,3,3,UVH6a,11,-0.053333333333333344,2500000.0,2.5,510,1024,0.498046875
01a072a3-8b43-7750-ac81-2431b9de5abb,a,B,QB10,3,3,UVH6a,12,-0.04000000000000001,2500000.0,2.5,531,1024,0.5185546875
01a072a3-8b43-7750-ac81-2431b9de5abb,a,B,QB10,3,3,UVH6a,13,-0.026666666666666672,2500000.0,2.5,496,1024,0.484375
01a072a3-8b43-7750-ac81-2431b9de5abb,a,B,QB10,3,3,UVH6a,14,-0.013333333333333336,2500000.0,2.5,510,1024,0.498046875
01a072a3-8b43-7750-ac81-2431b9de5abb,a,B,QB10,3,3,UVH6a,15,0.0,2500000.0,2.5,515,1024,0.5029296875
01a072a3-8b43-7750-ac81-2431b9de5abb,a,B,QB10,3,3,UVH6a,16,0.013333333333333336,2500000.0,2.5,505,1024,0.4931640625
01a072a3-8b43-7750-ac81-2431b9de5abb,a,B,QB10,3,3,UVH6a,17,0.026666666666666672,2500000.0,2.5,518,1024,0.505859375
01a072a3-8b43-7750-ac81-2431b9de5abb,a,B,QB10,3,3,UVH6a,18,0.04000000000000001,2500000.0,2.5,517,1024,0.5048828125
01a072a3-8b43-7750-ac81-2431b9de5abb,a,B,QB10,3,3,UVH6a,19,0.053333333333333344,2500000.0,2.5,526,1024,0.513671875
01a072a3-8b43-7750-ac81-2431b9de5abb,a,B,QB10,3,3,UVH6a,20,0.06666666666666665,2500000.0,2.5,525,1024,0.5126953125
01a072a3-8b43-7750-ac81-2431b9de5abb,a,B,QB10,3,3,UVH6a,21,0.08000000000000002,2500000.0,2.5,497,1024,0.4853515625
01a072a3-8b43-7750-ac81-2431b9de5abb,a,B,QB10,3,3,UVH6a,22,0.09333333333333332,2500000.0,2.5,543,1024,0.5302734375
01a072a3-8b43-7750-ac81-2431b9de5abb,a,B,QB10,3,3,UVH6a,23,0.10666666666666669,2500000.0,2.5,513,1024,0.5009765625
01a072a3-8b43-7750-ac81-2431b9de5abb,a,B,QB10,3,3,UVH6a,24,0.12,2500000.0,2.5,528,1024,0.515625
01a072a3-8b43-7750-ac81-2431b9de5abb,a,B,QB10,3,3,UVH6a,25,0.13333333333333336,2500000.0,2.5,494,1024,0.482421875
01a072a3-8b43-7750-ac81-2431b9de5abb,a,B,QB10,3,3,UVH6a,26,0.14666666666666667,2500000.0,2.5,486,1024,0.474609375
01a072a3-8b43-7750-ac81-2431b9de5abb,a,B,QB10,3,3,UVH6a,27,0.16000000000000003,2500000.0,2.5,512,1024,0.5
01a072a3-8b43-7750-ac81-2431b9de5abb,a,B,QB10,3,3,UVH6a,28,0.17333333333333334,2500000.0,2.5,487,1024,0.4755859375
01a072a3-8b43-7750-ac81-2431b9de5abb,a,B,QB10,3,3,UVH6a,29,0.1866666666666667,2500000.0,2.5,491,1024,0.4794921875
01a072a3-8b43-7750-ac81-2431b9de5abb,a,B,QB10,3,3,UVH6a,30,0.2,2500000.0,2.5,510,1024,0.498046875
01a072a3-8b43-7750-ac81-2431b9de5abb,a,B,QB10,3,4,UVH7a,0,-0.2,2500000.0,2.5,460,1024,0.44921875
01a072a3-8b43-7750-ac81-2431b9de5abb,a,B,QB10,3,4,UVH7a,1,-0.18666666666666668,2500000.0,2.5,469,1024,0.4580078125
01a072a3-8b43-7750-ac81-2431b9de5abb,a,B,QB10,3,4,UVH7a,2,-0.17333333333333334,2500000.0,2.5,469,1024,0.4580078125
01a072a3-8b43-7750-ac81-2431b9de5abb,a,B,QB10,3,4,UVH7a,3,-0.16,2500000.0,2.5,468,1024,0.45703125
01a072a3-8b43-7750-ac81-2431b9de5abb,a,B,QB10,3,4,UVH7a,4,-0.14666666666666667,2500000.0,2.5,463,1024,0.4521484375
01a072a3-8b43-7750-ac81-2431b9de5abb,a,B,QB10,3,4,UVH7a,5,-0.13333333333333336,2500000.0,2.5,463,1024,0.4521484375
01a072a3-8b43-7750-ac81-2431b9de5abb,a,B,QB10,3,4,UVH7a,6,-0.12000000000000001,2500000.0,2.5,468,1024,0.45703125
01a072a3-8b43-7750-ac81-2431b9de5abb,a,B,QB10,3,4,UVH7a,7,-0.10666666666666667,2500000.0,2.5,490,1024,0.478515625
01a072a3-8b43-7750-ac81-2431b9de5abb,a,B,QB10,3,4,UVH7a,8,-0.09333333333333334,2500000.0,2.5,485,1024,0.4736328125
01a072a3-8b43-7750-ac81-2431b9de5abb,a,B,QB10,3,4,UVH7a,9,-0.08,2500000.0,2.5,474,1024,0.462890625
01a072a3-8b43-7750-ac81-2431b9de5abb,a,B,QB10,3,4,UVH7a,10,-0.06666666666666668,2500000.0,2.5,477,1024,0.4658203125
01a072a3-8b43-7750-ac81-2431b9de5abb,a,B,QB10,3,4,UVH7a,11,-0.053333333333333344,2500000.0,2.5,485,1024,0.4736328125
01a072a3-8b43-7750-ac81-2431b9de5abb,a,B,QB10,3,4,UVH7a,12,-0.04000000000000001,2500000.0,2.5,474,1024,0.462890625
01a072a3-8b43-7750-ac81-2431b9de5abb,a,B,QB10,3,4,UVH7a,13,-0.026666666666666672,2500000.0,2.5,470,1024,0.458984375
01a072a3-8b43-7750-ac81-2431b9de5abb,a,B,QB10,3,4,UVH7a,14,-0.013333333333333336,2500000.0,2.5,479,1024,0.4677734375
01a072a3-8b43-7750-ac81-2431b9de5abb,a,B,QB10,3,4,UVH7a,15,0.0,2500000.0,2.5,485,1024,0.4736328125
01a072a3-8b43-7750-ac81-2431b9de5abb,a,B,QB10,3,4,UVH7a,16,0.013333333333333336,2500000.0,2.5,486,1024,0.474609375
01a072a3-8b43-7750-ac81-2431b9de5abb,a,B,QB10,3,4,UVH7a,17,0.026666666666666672,2500000.0,2.5,475,1024,0.4638671875
01a072a3-8b43-7750-ac81-2431b9de5abb,a,B,QB10,3,4,UVH7a,18,0.04000000000000001,2500000.0,2.5,488,1024,0.4765625
01a072a3-8b43-7750-ac81-2431b9de5abb,a,B,QB10,3,4,UVH7a,19,0.053333333333333344,2500000.0,2.5,495,1024,0.4833984375
01a072a3-8b43-7750-ac81-2431b9de5abb,a,B,QB10,3,4,UVH7a,20,0.06666666666666665,2500000.0,2.5,474,1024,0.462890625
01a072a3-8b43-7750-ac81-2431b9de5abb,a,B,QB10,3,4,UVH7a,21,0.08000000000000002,2500000.0,2.5,471,1024,0.4599609375
01a072a3-8b43-7750-ac81-2431b9de5abb,a,B,QB10,3,4,UVH7a,22,0.09333333333333332,2500000.0,2.5,474,1024,0.462890625
01a072a3-8b43-7750-ac81-2431b9de5abb,a,B,QB10,3,4,UVH7a,23,0.10666666666666669,2500000.0,2.5,474,1024,0.462890625
01a072a3-8b43-7750-ac81-2431b9de5abb,a,B,QB10,3,4,UVH7a,24,0.12,2500000.0,2.5,462,1024,0.451171875
01a072a3-8b43-7750-ac81-2431b9de5abb,a,B,QB10,3,4,UVH7a,25,0.13333333333333336,2500000.0,2.5,469,1024,0.4580078125
01a072a3-8b43-7750-ac81-2431b9de5abb,a,B,QB10,3,4,UVH7a,26,0.14666666666666667,2500000.0,2.5,469,1024,0.4580078125
01a072a3-8b43-7750-ac81-2431b9de5abb,a,B,QB10,3,4,UVH7a,27,0.16000000000000003,2500000.0,2.5,491,1024,0.4794921875
01a072a3-8b43-7750-ac81-2431b9de5abb,a,B,QB10,3,4,UVH7a,28,0.17333333333333334,2500000.0,2.5,470,1024,0.458984375
01a072a3-8b43-7750-ac81-2431b9de5abb,a,B,QB10,3,4,UVH7a,29,0.1866666666666667,2500000.0,2.5,448,1024,0.4375
01a072a3-8b43-7750-ac81-2431b9de5abb,a,B,QB10,3,4,UVH7a,30,0.2,2500000.0,2.5,477,1024,0.4658203125
01a072a3-8b43-7750-ac81-2431b9de5abb,a,B,QB10,3,5,UVH8a,0,-0.2,2500000.0,2.5,555,1024,0.5419921875
01a072a3-8b43-7750-ac81-2431b9de5abb,a,B,QB10,3,5,UVH8a,1,-0.18666666666666668,2500000.0,2.5,554,1024,0.541015625
01a072a3-8b43-7750-ac81-2431b9de5abb,a,B,QB10,3,5,UVH8a,2,-0.17333333333333334,2500000.0,2.5,529,1024,0.5166015625
01a072a3-8b43-7750-ac81-2431b9de5abb,a,B,QB10,3,5,UVH8a,3,-0.16,2500000.0,2.5,532,1024,0.51953125
01a072a3-8b43-7750-ac81-2431b9de5abb,a,B,QB10,3,5,UVH8a,4,-0.14666666666666667,2500000.0,2.5,562,1024,0.548828125
01a072a3-8b43-7750-ac81-2431b9de5abb,a,B,QB10,3,5,UVH8a,5,-0.13333333333333336,2500000.0,2.5,517,1024,0.5048828125
01a072a3-8b43-7750-ac81-2431b9de5abb,a,B,QB10,3,5,UVH8a,6,-0.12000000000000001,2500000.0,2.5,523,1024,0.5107421875
01a072a3-8b43-7750-ac81-2431b9de5abb,a,B,QB10,3,5,UVH8a,7,-0.10666666666666667,2500000.0,2.5,518,1024,0.505859375
01a072a3-8b43-7750-ac81-2431b9de5abb,a,B,QB10,3,5,UVH8a,8,-0.09333333333333334,2500000.0,2.5,528,1024,0.515625
01a072a3-8b43-7750-ac81-2431b9de5abb,a,B,QB10,3,5,UVH8a,9,-0.08,2500000.0,2.5,535,1024,0.5224609375
01a072a3-8b43-7750-ac81-2431b9de5abb,a,B,QB10,3,5,UVH8a,10,-0.06666666666666668,2500000.0,2.5,525,1024,0.5126953125
01a072a3-8b43-7750-ac81-2431b9de5abb,a,B,QB10,3,5,UVH8a,11,-0.053333333333333344,2500000.0,2.5,525,1024,0.5126953125
01a072a3-8b43-7750-ac81-2431b9de5abb,a,B,QB10,3,5,UVH8a,12,-0.04000000000000001,2500000.0,2.5,542,1024,0.529296875
01a072a3-8b43-7750-ac81-2431b9de5abb,a,B,QB10,3,5,UVH8a,13,-0.026666666666666672,2500000.0,2.5,550,1024,0.537109375
01a072a3-8b43-7750-ac81-2431b9de5abb,a,B,QB10,3,5,UVH8a,14,-0.013333333333333336,2500000.0,2.5,544,1024,0.53125
01a072a3-8b43-7750-ac81-2431b9de5abb,a,B,QB10,3,5,UVH8a,15,0.0,2500000.0,2.5,510,1024,0.498046875
01a072a3-8b43-7750-ac81-2431b9de5abb,a,B,QB10,3,5,UVH8a,16,0.013333333333333336,2500000.0,2.5,539,1024,0.5263671875
01a072a3-8b43-7750-ac81-2431b9de5abb,a,B,QB10,3,5,UVH8a,17,0.026666666666666672,2500000.0,2.5,523,1024,0.5107421875
01a072a3-8b43-7750-ac81-2431b9de5abb,a,B,QB10,3,5,UVH8a,18,0.04000000000000001,2500000.0,2.5,540,1024,0.52734375
01a072a3-8b43-7750-ac81-2431b9de5abb,a,B,QB10,3,5,UVH8a,19,0.053333333333333344,2500000.0,2.5,542,1024,0.529296875
01a072a3-8b43-7750-ac81-2431b9de5abb,a,B,QB10,3,5,UVH8a,20,0.06666666666666665,2500000.0,2.5,507,1024,0.4951171875
01a072a3-8b43-7750-ac81-2431b9de5abb,a,B,QB10,3,5,UVH8a,21,0.08000000000000002,2500000.0,2.5,506,1024,0.494140625
01a072a3-8b43-7750-ac81-2431b9de5abb,a,B,QB10,3,5,UVH8a,22,0.09333333333333332,2500000.0,2.5,554,1024,0.541015625
01a072a3-8b43-7750-ac81-2431b9de5abb,a,B,QB10,3,5,UVH8a,23,0.10666666666666669,2500000.0,2.5,500,1024,0.48828125
01a072a3-8b43-7750-ac81-2431b9de5abb,a,B,QB10,3,5,UVH8a,24,0.12,2500000.0,2.5,542,1024,0.529296875
01a072a3-8b43-7750-ac81-2431b9de5abb,a,B,QB10,3,5,UVH8a,25,0.13333333333333336,2500000.0,2.5,509,1024,0.4970703125
01a072a3-8b43-7750-ac81-2431b9de5abb,a,B,QB10,3,5,UVH8a,26,0.14666666666666667,2500000.0,2.5,510,1024,0.498046875
01a072a3-8b43-7750-ac81-2431b9de5abb,a,B,QB10,3,5,UVH8a,27,0.16000000000000003,2500000.0,2.5,528,1024,0.515625
01a072a3-8b43-7750-ac81-2431b9de5abb,a,B,QB10,3,5,UVH8a,28,0.17333333333333334,2500000.0,2.5,505,1024,0.4931640625
01a072a3-8b43-7750-ac81-2431b9de5abb,a,B,QB10,3,5,UVH8a,29,0.1866666666666667,2500000.0,2.5,503,1024,0.4912109375
01a072a3-8b43-7750-ac81-2431b9de5abb,a,B,QB10,3,5,UVH8a,30,0.2,2500000.0,2.5,537,1024,0.5244140625
01a072a3-8b43-7750-ac81-2431b9de5abb,a,B,QB14,4,0,standard_pi_2,0,-0.2,2500000.0,2.5,389,1024,0.3798828125
01a072a3-8b43-7750-ac81-2431b9de5abb,a,B,QB14,4,0,standard_pi_2,1,-0.18666666666666668,2500000.0,2.5,370,1024,0.361328125
01a072a3-8b43-7750-ac81-2431b9de5abb,a,B,QB14,4,0,standard_pi_2,2,-0.17333333333333334,2500000.0,2.5,387,1024,0.3779296875
01a072a3-8b43-7750-ac81-2431b9de5abb,a,B,QB14,4,0,standard_pi_2,3,-0.16,2500000.0,2.5,402,1024,0.392578125
01a072a3-8b43-7750-ac81-2431b9de5abb,a,B,QB14,4,0,standard_pi_2,4,-0.14666666666666667,2500000.0,2.5,433,1024,0.4228515625
01a072a3-8b43-7750-ac81-2431b9de5abb,a,B,QB14,4,0,standard_pi_2,5,-0.13333333333333336,2500000.0,2.5,407,1024,0.3974609375
01a072a3-8b43-7750-ac81-2431b9de5abb,a,B,QB14,4,0,standard_pi_2,6,-0.12000000000000001,2500000.0,2.5,391,1024,0.3818359375
01a072a3-8b43-7750-ac81-2431b9de5abb,a,B,QB14,4,0,standard_pi_2,7,-0.10666666666666667,2500000.0,2.5,418,1024,0.408203125
01a072a3-8b43-7750-ac81-2431b9de5abb,a,B,QB14,4,0,standard_pi_2,8,-0.09333333333333334,2500000.0,2.5,429,1024,0.4189453125
01a072a3-8b43-7750-ac81-2431b9de5abb,a,B,QB14,4,0,standard_pi_2,9,-0.08,2500000.0,2.5,427,1024,0.4169921875
01a072a3-8b43-7750-ac81-2431b9de5abb,a,B,QB14,4,0,standard_pi_2,10,-0.06666666666666668,2500000.0,2.5,482,1024,0.470703125
01a072a3-8b43-7750-ac81-2431b9de5abb,a,B,QB14,4,0,standard_pi_2,11,-0.053333333333333344,2500000.0,2.5,467,1024,0.4560546875
01a072a3-8b43-7750-ac81-2431b9de5abb,a,B,QB14,4,0,standard_pi_2,12,-0.04000000000000001,2500000.0,2.5,486,1024,0.474609375
01a072a3-8b43-7750-ac81-2431b9de5abb,a,B,QB14,4,0,standard_pi_2,13,-0.026666666666666672,2500000.0,2.5,491,1024,0.4794921875
01a072a3-8b43-7750-ac81-2431b9de5abb,a,B,QB14,4,0,standard_pi_2,14,-0.013333333333333336,2500000.0,2.5,516,1024,0.50390625
01a072a3-8b43-7750-ac81-2431b9de5abb,a,B,QB14,4,0,standard_pi_2,15,0.0,2500000.0,2.5,522,1024,0.509765625
01a072a3-8b43-7750-ac81-2431b9de5abb,a,B,QB14,4,0,standard_pi_2,16,0.013333333333333336,2500000.0,2.5,536,1024,0.5234375
01a072a3-8b43-7750-ac81-2431b9de5abb,a,B,QB14,4,0,standard_pi_2,17,0.026666666666666672,2500000.0,2.5,536,1024,0.5234375
01a072a3-8b43-7750-ac81-2431b9de5abb,a,B,QB14,4,0,standard_pi_2,18,0.04000000000000001,2500000.0,2.5,563,1024,0.5498046875
01a072a3-8b43-7750-ac81-2431b9de5abb,a,B,QB14,4,0,standard_pi_2,19,0.053333333333333344,2500000.0,2.5,535,1024,0.5224609375
01a072a3-8b43-7750-ac81-2431b9de5abb,a,B,QB14,4,0,standard_pi_2,20,0.06666666666666665,2500000.0,2.5,577,1024,0.5634765625
01a072a3-8b43-7750-ac81-2431b9de5abb,a,B,QB14,4,0,standard_pi_2,21,0.08000000000000002,2500000.0,2.5,575,1024,0.5615234375
01a072a3-8b43-7750-ac81-2431b9de5abb,a,B,QB14,4,0,standard_pi_2,22,0.09333333333333332,2500000.0,2.5,575,1024,0.5615234375
01a072a3-8b43-7750-ac81-2431b9de5abb,a,B,QB14,4,0,standard_pi_2,23,0.10666666666666669,2500000.0,2.5,573,1024,0.5595703125
01a072a3-8b43-7750-ac81-2431b9de5abb,a,B,QB14,4,0,standard_pi_2,24,0.12,2500000.0,2.5,603,1024,0.5888671875
01a072a3-8b43-7750-ac81-2431b9de5abb,a,B,QB14,4,0,standard_pi_2,25,0.13333333333333336,2500000.0,2.5,605,1024,0.5908203125
01a072a3-8b43-7750-ac81-2431b9de5abb,a,B,QB14,4,0,standard_pi_2,26,0.14666666666666667,2500000.0,2.5,641,1024,0.6259765625
01a072a3-8b43-7750-ac81-2431b9de5abb,a,B,QB14,4,0,standard_pi_2,27,0.16000000000000003,2500000.0,2.5,616,1024,0.6015625
01a072a3-8b43-7750-ac81-2431b9de5abb,a,B,QB14,4,0,standard_pi_2,28,0.17333333333333334,2500000.0,2.5,610,1024,0.595703125
01a072a3-8b43-7750-ac81-2431b9de5abb,a,B,QB14,4,0,standard_pi_2,29,0.1866666666666667,2500000.0,2.5,674,1024,0.658203125
01a072a3-8b43-7750-ac81-2431b9de5abb,a,B,QB14,4,0,standard_pi_2,30,0.2,2500000.0,2.5,673,1024,0.6572265625
01a072a3-8b43-7750-ac81-2431b9de5abb,a,B,QB14,4,1,UVH4a,0,-0.2,2500000.0,2.5,462,1024,0.451171875
01a072a3-8b43-7750-ac81-2431b9de5abb,a,B,QB14,4,1,UVH4a,1,-0.18666666666666668,2500000.0,2.5,466,1024,0.455078125
01a072a3-8b43-7750-ac81-2431b9de5abb,a,B,QB14,4,1,UVH4a,2,-0.17333333333333334,2500000.0,2.5,446,1024,0.435546875
01a072a3-8b43-7750-ac81-2431b9de5abb,a,B,QB14,4,1,UVH4a,3,-0.16,2500000.0,2.5,467,1024,0.4560546875
01a072a3-8b43-7750-ac81-2431b9de5abb,a,B,QB14,4,1,UVH4a,4,-0.14666666666666667,2500000.0,2.5,454,1024,0.443359375
01a072a3-8b43-7750-ac81-2431b9de5abb,a,B,QB14,4,1,UVH4a,5,-0.13333333333333336,2500000.0,2.5,449,1024,0.4384765625
01a072a3-8b43-7750-ac81-2431b9de5abb,a,B,QB14,4,1,UVH4a,6,-0.12000000000000001,2500000.0,2.5,457,1024,0.4462890625
01a072a3-8b43-7750-ac81-2431b9de5abb,a,B,QB14,4,1,UVH4a,7,-0.10666666666666667,2500000.0,2.5,449,1024,0.4384765625
01a072a3-8b43-7750-ac81-2431b9de5abb,a,B,QB14,4,1,UVH4a,8,-0.09333333333333334,2500000.0,2.5,451,1024,0.4404296875
01a072a3-8b43-7750-ac81-2431b9de5abb,a,B,QB14,4,1,UVH4a,9,-0.08,2500000.0,2.5,504,1024,0.4921875
01a072a3-8b43-7750-ac81-2431b9de5abb,a,B,QB14,4,1,UVH4a,10,-0.06666666666666668,2500000.0,2.5,496,1024,0.484375
01a072a3-8b43-7750-ac81-2431b9de5abb,a,B,QB14,4,1,UVH4a,11,-0.053333333333333344,2500000.0,2.5,483,1024,0.4716796875
01a072a3-8b43-7750-ac81-2431b9de5abb,a,B,QB14,4,1,UVH4a,12,-0.04000000000000001,2500000.0,2.5,481,1024,0.4697265625
01a072a3-8b43-7750-ac81-2431b9de5abb,a,B,QB14,4,1,UVH4a,13,-0.026666666666666672,2500000.0,2.5,473,1024,0.4619140625
01a072a3-8b43-7750-ac81-2431b9de5abb,a,B,QB14,4,1,UVH4a,14,-0.013333333333333336,2500000.0,2.5,476,1024,0.46484375
01a072a3-8b43-7750-ac81-2431b9de5abb,a,B,QB14,4,1,UVH4a,15,0.0,2500000.0,2.5,482,1024,0.470703125
01a072a3-8b43-7750-ac81-2431b9de5abb,a,B,QB14,4,1,UVH4a,16,0.013333333333333336,2500000.0,2.5,476,1024,0.46484375
01a072a3-8b43-7750-ac81-2431b9de5abb,a,B,QB14,4,1,UVH4a,17,0.026666666666666672,2500000.0,2.5,494,1024,0.482421875
01a072a3-8b43-7750-ac81-2431b9de5abb,a,B,QB14,4,1,UVH4a,18,0.04000000000000001,2500000.0,2.5,509,1024,0.4970703125
01a072a3-8b43-7750-ac81-2431b9de5abb,a,B,QB14,4,1,UVH4a,19,0.053333333333333344,2500000.0,2.5,453,1024,0.4423828125
01a072a3-8b43-7750-ac81-2431b9de5abb,a,B,QB14,4,1,UVH4a,20,0.06666666666666665,2500000.0,2.5,463,1024,0.4521484375
01a072a3-8b43-7750-ac81-2431b9de5abb,a,B,QB14,4,1,UVH4a,21,0.08000000000000002,2500000.0,2.5,484,1024,0.47265625
01a072a3-8b43-7750-ac81-2431b9de5abb,a,B,QB14,4,1,UVH4a,22,0.09333333333333332,2500000.0,2.5,487,1024,0.4755859375
01a072a3-8b43-7750-ac81-2431b9de5abb,a,B,QB14,4,1,UVH4a,23,0.10666666666666669,2500000.0,2.5,494,1024,0.482421875
01a072a3-8b43-7750-ac81-2431b9de5abb,a,B,QB14,4,1,UVH4a,24,0.12,2500000.0,2.5,464,1024,0.453125
01a072a3-8b43-7750-ac81-2431b9de5abb,a,B,QB14,4,1,UVH4a,25,0.13333333333333336,2500000.0,2.5,470,1024,0.458984375
01a072a3-8b43-7750-ac81-2431b9de5abb,a,B,QB14,4,1,UVH4a,26,0.14666666666666667,2500000.0,2.5,497,1024,0.4853515625
01a072a3-8b43-7750-ac81-2431b9de5abb,a,B,QB14,4,1,UVH4a,27,0.16000000000000003,2500000.0,2.5,463,1024,0.4521484375
01a072a3-8b43-7750-ac81-2431b9de5abb,a,B,QB14,4,1,UVH4a,28,0.17333333333333334,2500000.0,2.5,451,1024,0.4404296875
01a072a3-8b43-7750-ac81-2431b9de5abb,a,B,QB14,4,1,UVH4a,29,0.1866666666666667,2500000.0,2.5,433,1024,0.4228515625
01a072a3-8b43-7750-ac81-2431b9de5abb,a,B,QB14,4,1,UVH4a,30,0.2,2500000.0,2.5,459,1024,0.4482421875
01a072a3-8b43-7750-ac81-2431b9de5abb,a,B,QB14,4,2,UVH5a,0,-0.2,2500000.0,2.5,656,1024,0.640625
01a072a3-8b43-7750-ac81-2431b9de5abb,a,B,QB14,4,2,UVH5a,1,-0.18666666666666668,2500000.0,2.5,596,1024,0.58203125
01a072a3-8b43-7750-ac81-2431b9de5abb,a,B,QB14,4,2,UVH5a,2,-0.17333333333333334,2500000.0,2.5,601,1024,0.5869140625
01a072a3-8b43-7750-ac81-2431b9de5abb,a,B,QB14,4,2,UVH5a,3,-0.16,2500000.0,2.5,599,1024,0.5849609375
01a072a3-8b43-7750-ac81-2431b9de5abb,a,B,QB14,4,2,UVH5a,4,-0.14666666666666667,2500000.0,2.5,570,1024,0.556640625
01a072a3-8b43-7750-ac81-2431b9de5abb,a,B,QB14,4,2,UVH5a,5,-0.13333333333333336,2500000.0,2.5,578,1024,0.564453125
01a072a3-8b43-7750-ac81-2431b9de5abb,a,B,QB14,4,2,UVH5a,6,-0.12000000000000001,2500000.0,2.5,525,1024,0.5126953125
01a072a3-8b43-7750-ac81-2431b9de5abb,a,B,QB14,4,2,UVH5a,7,-0.10666666666666667,2500000.0,2.5,516,1024,0.50390625
01a072a3-8b43-7750-ac81-2431b9de5abb,a,B,QB14,4,2,UVH5a,8,-0.09333333333333334,2500000.0,2.5,531,1024,0.5185546875
01a072a3-8b43-7750-ac81-2431b9de5abb,a,B,QB14,4,2,UVH5a,9,-0.08,2500000.0,2.5,543,1024,0.5302734375
01a072a3-8b43-7750-ac81-2431b9de5abb,a,B,QB14,4,2,UVH5a,10,-0.06666666666666668,2500000.0,2.5,541,1024,0.5283203125
01a072a3-8b43-7750-ac81-2431b9de5abb,a,B,QB14,4,2,UVH5a,11,-0.053333333333333344,2500000.0,2.5,517,1024,0.5048828125
01a072a3-8b43-7750-ac81-2431b9de5abb,a,B,QB14,4,2,UVH5a,12,-0.04000000000000001,2500000.0,2.5,517,1024,0.5048828125
01a072a3-8b43-7750-ac81-2431b9de5abb,a,B,QB14,4,2,UVH5a,13,-0.026666666666666672,2500000.0,2.5,497,1024,0.4853515625
01a072a3-8b43-7750-ac81-2431b9de5abb,a,B,QB14,4,2,UVH5a,14,-0.013333333333333336,2500000.0,2.5,502,1024,0.490234375
01a072a3-8b43-7750-ac81-2431b9de5abb,a,B,QB14,4,2,UVH5a,15,0.0,2500000.0,2.5,479,1024,0.4677734375
01a072a3-8b43-7750-ac81-2431b9de5abb,a,B,QB14,4,2,UVH5a,16,0.013333333333333336,2500000.0,2.5,482,1024,0.470703125
01a072a3-8b43-7750-ac81-2431b9de5abb,a,B,QB14,4,2,UVH5a,17,0.026666666666666672,2500000.0,2.5,489,1024,0.4775390625
01a072a3-8b43-7750-ac81-2431b9de5abb,a,B,QB14,4,2,UVH5a,18,0.04000000000000001,2500000.0,2.5,477,1024,0.4658203125
01a072a3-8b43-7750-ac81-2431b9de5abb,a,B,QB14,4,2,UVH5a,19,0.053333333333333344,2500000.0,2.5,492,1024,0.48046875
01a072a3-8b43-7750-ac81-2431b9de5abb,a,B,QB14,4,2,UVH5a,20,0.06666666666666665,2500000.0,2.5,480,1024,0.46875
01a072a3-8b43-7750-ac81-2431b9de5abb,a,B,QB14,4,2,UVH5a,21,0.08000000000000002,2500000.0,2.5,485,1024,0.4736328125
01a072a3-8b43-7750-ac81-2431b9de5abb,a,B,QB14,4,2,UVH5a,22,0.09333333333333332,2500000.0,2.5,496,1024,0.484375
01a072a3-8b43-7750-ac81-2431b9de5abb,a,B,QB14,4,2,UVH5a,23,0.10666666666666669,2500000.0,2.5,479,1024,0.4677734375
01a072a3-8b43-7750-ac81-2431b9de5abb,a,B,QB14,4,2,UVH5a,24,0.12,2500000.0,2.5,469,1024,0.4580078125
01a072a3-8b43-7750-ac81-2431b9de5abb,a,B,QB14,4,2,UVH5a,25,0.13333333333333336,2500000.0,2.5,447,1024,0.4365234375
01a072a3-8b43-7750-ac81-2431b9de5abb,a,B,QB14,4,2,UVH5a,26,0.14666666666666667,2500000.0,2.5,433,1024,0.4228515625
01a072a3-8b43-7750-ac81-2431b9de5abb,a,B,QB14,4,2,UVH5a,27,0.16000000000000003,2500000.0,2.5,439,1024,0.4287109375
01a072a3-8b43-7750-ac81-2431b9de5abb,a,B,QB14,4,2,UVH5a,28,0.17333333333333334,2500000.0,2.5,430,1024,0.419921875
01a072a3-8b43-7750-ac81-2431b9de5abb,a,B,QB14,4,2,UVH5a,29,0.1866666666666667,2500000.0,2.5,453,1024,0.4423828125
01a072a3-8b43-7750-ac81-2431b9de5abb,a,B,QB14,4,2,UVH5a,30,0.2,2500000.0,2.5,443,1024,0.4326171875
01a072a3-8b43-7750-ac81-2431b9de5abb,a,B,QB14,4,3,UVH6a,0,-0.2,2500000.0,2.5,523,1024,0.5107421875
01a072a3-8b43-7750-ac81-2431b9de5abb,a,B,QB14,4,3,UVH6a,1,-0.18666666666666668,2500000.0,2.5,538,1024,0.525390625
01a072a3-8b43-7750-ac81-2431b9de5abb,a,B,QB14,4,3,UVH6a,2,-0.17333333333333334,2500000.0,2.5,524,1024,0.51171875
01a072a3-8b43-7750-ac81-2431b9de5abb,a,B,QB14,4,3,UVH6a,3,-0.16,2500000.0,2.5,550,1024,0.537109375
01a072a3-8b43-7750-ac81-2431b9de5abb,a,B,QB14,4,3,UVH6a,4,-0.14666666666666667,2500000.0,2.5,501,1024,0.4892578125
01a072a3-8b43-7750-ac81-2431b9de5abb,a,B,QB14,4,3,UVH6a,5,-0.13333333333333336,2500000.0,2.5,488,1024,0.4765625
01a072a3-8b43-7750-ac81-2431b9de5abb,a,B,QB14,4,3,UVH6a,6,-0.12000000000000001,2500000.0,2.5,508,1024,0.49609375
01a072a3-8b43-7750-ac81-2431b9de5abb,a,B,QB14,4,3,UVH6a,7,-0.10666666666666667,2500000.0,2.5,502,1024,0.490234375
01a072a3-8b43-7750-ac81-2431b9de5abb,a,B,QB14,4,3,UVH6a,8,-0.09333333333333334,2500000.0,2.5,487,1024,0.4755859375
01a072a3-8b43-7750-ac81-2431b9de5abb,a,B,QB14,4,3,UVH6a,9,-0.08,2500000.0,2.5,508,1024,0.49609375
01a072a3-8b43-7750-ac81-2431b9de5abb,a,B,QB14,4,3,UVH6a,10,-0.06666666666666668,2500000.0,2.5,478,1024,0.466796875
01a072a3-8b43-7750-ac81-2431b9de5abb,a,B,QB14,4,3,UVH6a,11,-0.053333333333333344,2500000.0,2.5,482,1024,0.470703125
01a072a3-8b43-7750-ac81-2431b9de5abb,a,B,QB14,4,3,UVH6a,12,-0.04000000000000001,2500000.0,2.5,478,1024,0.466796875
01a072a3-8b43-7750-ac81-2431b9de5abb,a,B,QB14,4,3,UVH6a,13,-0.026666666666666672,2500000.0,2.5,466,1024,0.455078125
01a072a3-8b43-7750-ac81-2431b9de5abb,a,B,QB14,4,3,UVH6a,14,-0.013333333333333336,2500000.0,2.5,472,1024,0.4609375
01a072a3-8b43-7750-ac81-2431b9de5abb,a,B,QB14,4,3,UVH6a,15,0.0,2500000.0,2.5,479,1024,0.4677734375
01a072a3-8b43-7750-ac81-2431b9de5abb,a,B,QB14,4,3,UVH6a,16,0.013333333333333336,2500000.0,2.5,467,1024,0.4560546875
01a072a3-8b43-7750-ac81-2431b9de5abb,a,B,QB14,4,3,UVH6a,17,0.026666666666666672,2500000.0,2.5,472,1024,0.4609375
01a072a3-8b43-7750-ac81-2431b9de5abb,a,B,QB14,4,3,UVH6a,18,0.04000000000000001,2500000.0,2.5,504,1024,0.4921875
01a072a3-8b43-7750-ac81-2431b9de5abb,a,B,QB14,4,3,UVH6a,19,0.053333333333333344,2500000.0,2.5,495,1024,0.4833984375
01a072a3-8b43-7750-ac81-2431b9de5abb,a,B,QB14,4,3,UVH6a,20,0.06666666666666665,2500000.0,2.5,486,1024,0.474609375
01a072a3-8b43-7750-ac81-2431b9de5abb,a,B,QB14,4,3,UVH6a,21,0.08000000000000002,2500000.0,2.5,489,1024,0.4775390625
01a072a3-8b43-7750-ac81-2431b9de5abb,a,B,QB14,4,3,UVH6a,22,0.09333333333333332,2500000.0,2.5,483,1024,0.4716796875
01a072a3-8b43-7750-ac81-2431b9de5abb,a,B,QB14,4,3,UVH6a,23,0.10666666666666669,2500000.0,2.5,450,1024,0.439453125
01a072a3-8b43-7750-ac81-2431b9de5abb,a,B,QB14,4,3,UVH6a,24,0.12,2500000.0,2.5,510,1024,0.498046875
01a072a3-8b43-7750-ac81-2431b9de5abb,a,B,QB14,4,3,UVH6a,25,0.13333333333333336,2500000.0,2.5,491,1024,0.4794921875
01a072a3-8b43-7750-ac81-2431b9de5abb,a,B,QB14,4,3,UVH6a,26,0.14666666666666667,2500000.0,2.5,489,1024,0.4775390625
01a072a3-8b43-7750-ac81-2431b9de5abb,a,B,QB14,4,3,UVH6a,27,0.16000000000000003,2500000.0,2.5,489,1024,0.4775390625
01a072a3-8b43-7750-ac81-2431b9de5abb,a,B,QB14,4,3,UVH6a,28,0.17333333333333334,2500000.0,2.5,464,1024,0.453125
01a072a3-8b43-7750-ac81-2431b9de5abb,a,B,QB14,4,3,UVH6a,29,0.1866666666666667,2500000.0,2.5,476,1024,0.46484375
01a072a3-8b43-7750-ac81-2431b9de5abb,a,B,QB14,4,3,UVH6a,30,0.2,2500000.0,2.5,464,1024,0.453125
01a072a3-8b43-7750-ac81-2431b9de5abb,a,B,QB14,4,4,UVH7a,0,-0.2,2500000.0,2.5,429,1024,0.4189453125
01a072a3-8b43-7750-ac81-2431b9de5abb,a,B,QB14,4,4,UVH7a,1,-0.18666666666666668,2500000.0,2.5,490,1024,0.478515625
01a072a3-8b43-7750-ac81-2431b9de5abb,a,B,QB14,4,4,UVH7a,2,-0.17333333333333334,2500000.0,2.5,493,1024,0.4814453125
01a072a3-8b43-7750-ac81-2431b9de5abb,a,B,QB14,4,4,UVH7a,3,-0.16,2500000.0,2.5,472,1024,0.4609375
01a072a3-8b43-7750-ac81-2431b9de5abb,a,B,QB14,4,4,UVH7a,4,-0.14666666666666667,2500000.0,2.5,480,1024,0.46875
01a072a3-8b43-7750-ac81-2431b9de5abb,a,B,QB14,4,4,UVH7a,5,-0.13333333333333336,2500000.0,2.5,468,1024,0.45703125
01a072a3-8b43-7750-ac81-2431b9de5abb,a,B,QB14,4,4,UVH7a,6,-0.12000000000000001,2500000.0,2.5,500,1024,0.48828125
01a072a3-8b43-7750-ac81-2431b9de5abb,a,B,QB14,4,4,UVH7a,7,-0.10666666666666667,2500000.0,2.5,476,1024,0.46484375
01a072a3-8b43-7750-ac81-2431b9de5abb,a,B,QB14,4,4,UVH7a,8,-0.09333333333333334,2500000.0,2.5,470,1024,0.458984375
01a072a3-8b43-7750-ac81-2431b9de5abb,a,B,QB14,4,4,UVH7a,9,-0.08,2500000.0,2.5,444,1024,0.43359375
01a072a3-8b43-7750-ac81-2431b9de5abb,a,B,QB14,4,4,UVH7a,10,-0.06666666666666668,2500000.0,2.5,486,1024,0.474609375
01a072a3-8b43-7750-ac81-2431b9de5abb,a,B,QB14,4,4,UVH7a,11,-0.053333333333333344,2500000.0,2.5,497,1024,0.4853515625
01a072a3-8b43-7750-ac81-2431b9de5abb,a,B,QB14,4,4,UVH7a,12,-0.04000000000000001,2500000.0,2.5,479,1024,0.4677734375
01a072a3-8b43-7750-ac81-2431b9de5abb,a,B,QB14,4,4,UVH7a,13,-0.026666666666666672,2500000.0,2.5,485,1024,0.4736328125
01a072a3-8b43-7750-ac81-2431b9de5abb,a,B,QB14,4,4,UVH7a,14,-0.013333333333333336,2500000.0,2.5,482,1024,0.470703125
01a072a3-8b43-7750-ac81-2431b9de5abb,a,B,QB14,4,4,UVH7a,15,0.0,2500000.0,2.5,499,1024,0.4873046875
01a072a3-8b43-7750-ac81-2431b9de5abb,a,B,QB14,4,4,UVH7a,16,0.013333333333333336,2500000.0,2.5,478,1024,0.466796875
01a072a3-8b43-7750-ac81-2431b9de5abb,a,B,QB14,4,4,UVH7a,17,0.026666666666666672,2500000.0,2.5,482,1024,0.470703125
01a072a3-8b43-7750-ac81-2431b9de5abb,a,B,QB14,4,4,UVH7a,18,0.04000000000000001,2500000.0,2.5,447,1024,0.4365234375
01a072a3-8b43-7750-ac81-2431b9de5abb,a,B,QB14,4,4,UVH7a,19,0.053333333333333344,2500000.0,2.5,475,1024,0.4638671875
01a072a3-8b43-7750-ac81-2431b9de5abb,a,B,QB14,4,4,UVH7a,20,0.06666666666666665,2500000.0,2.5,480,1024,0.46875
01a072a3-8b43-7750-ac81-2431b9de5abb,a,B,QB14,4,4,UVH7a,21,0.08000000000000002,2500000.0,2.5,474,1024,0.462890625
01a072a3-8b43-7750-ac81-2431b9de5abb,a,B,QB14,4,4,UVH7a,22,0.09333333333333332,2500000.0,2.5,488,1024,0.4765625
01a072a3-8b43-7750-ac81-2431b9de5abb,a,B,QB14,4,4,UVH7a,23,0.10666666666666669,2500000.0,2.5,483,1024,0.4716796875
01a072a3-8b43-7750-ac81-2431b9de5abb,a,B,QB14,4,4,UVH7a,24,0.12,2500000.0,2.5,487,1024,0.4755859375
01a072a3-8b43-7750-ac81-2431b9de5abb,a,B,QB14,4,4,UVH7a,25,0.13333333333333336,2500000.0,2.5,482,1024,0.470703125
01a072a3-8b43-7750-ac81-2431b9de5abb,a,B,QB14,4,4,UVH7a,26,0.14666666666666667,2500000.0,2.5,517,1024,0.5048828125
01a072a3-8b43-7750-ac81-2431b9de5abb,a,B,QB14,4,4,UVH7a,27,0.16000000000000003,2500000.0,2.5,448,1024,0.4375
01a072a3-8b43-7750-ac81-2431b9de5abb,a,B,QB14,4,4,UVH7a,28,0.17333333333333334,2500000.0,2.5,482,1024,0.470703125
01a072a3-8b43-7750-ac81-2431b9de5abb,a,B,QB14,4,4,UVH7a,29,0.1866666666666667,2500000.0,2.5,501,1024,0.4892578125
01a072a3-8b43-7750-ac81-2431b9de5abb,a,B,QB14,4,4,UVH7a,30,0.2,2500000.0,2.5,494,1024,0.482421875
01a072a3-8b43-7750-ac81-2431b9de5abb,a,B,QB14,4,5,UVH8a,0,-0.2,2500000.0,2.5,527,1024,0.5146484375
01a072a3-8b43-7750-ac81-2431b9de5abb,a,B,QB14,4,5,UVH8a,1,-0.18666666666666668,2500000.0,2.5,518,1024,0.505859375
01a072a3-8b43-7750-ac81-2431b9de5abb,a,B,QB14,4,5,UVH8a,2,-0.17333333333333334,2500000.0,2.5,541,1024,0.5283203125
01a072a3-8b43-7750-ac81-2431b9de5abb,a,B,QB14,4,5,UVH8a,3,-0.16,2500000.0,2.5,497,1024,0.4853515625
01a072a3-8b43-7750-ac81-2431b9de5abb,a,B,QB14,4,5,UVH8a,4,-0.14666666666666667,2500000.0,2.5,526,1024,0.513671875
01a072a3-8b43-7750-ac81-2431b9de5abb,a,B,QB14,4,5,UVH8a,5,-0.13333333333333336,2500000.0,2.5,474,1024,0.462890625
01a072a3-8b43-7750-ac81-2431b9de5abb,a,B,QB14,4,5,UVH8a,6,-0.12000000000000001,2500000.0,2.5,548,1024,0.53515625
01a072a3-8b43-7750-ac81-2431b9de5abb,a,B,QB14,4,5,UVH8a,7,-0.10666666666666667,2500000.0,2.5,506,1024,0.494140625
01a072a3-8b43-7750-ac81-2431b9de5abb,a,B,QB14,4,5,UVH8a,8,-0.09333333333333334,2500000.0,2.5,510,1024,0.498046875
01a072a3-8b43-7750-ac81-2431b9de5abb,a,B,QB14,4,5,UVH8a,9,-0.08,2500000.0,2.5,528,1024,0.515625
01a072a3-8b43-7750-ac81-2431b9de5abb,a,B,QB14,4,5,UVH8a,10,-0.06666666666666668,2500000.0,2.5,565,1024,0.5517578125
01a072a3-8b43-7750-ac81-2431b9de5abb,a,B,QB14,4,5,UVH8a,11,-0.053333333333333344,2500000.0,2.5,525,1024,0.5126953125
01a072a3-8b43-7750-ac81-2431b9de5abb,a,B,QB14,4,5,UVH8a,12,-0.04000000000000001,2500000.0,2.5,532,1024,0.51953125
01a072a3-8b43-7750-ac81-2431b9de5abb,a,B,QB14,4,5,UVH8a,13,-0.026666666666666672,2500000.0,2.5,511,1024,0.4990234375
01a072a3-8b43-7750-ac81-2431b9de5abb,a,B,QB14,4,5,UVH8a,14,-0.013333333333333336,2500000.0,2.5,516,1024,0.50390625
01a072a3-8b43-7750-ac81-2431b9de5abb,a,B,QB14,4,5,UVH8a,15,0.0,2500000.0,2.5,516,1024,0.50390625
01a072a3-8b43-7750-ac81-2431b9de5abb,a,B,QB14,4,5,UVH8a,16,0.013333333333333336,2500000.0,2.5,545,1024,0.5322265625
01a072a3-8b43-7750-ac81-2431b9de5abb,a,B,QB14,4,5,UVH8a,17,0.026666666666666672,2500000.0,2.5,504,1024,0.4921875
01a072a3-8b43-7750-ac81-2431b9de5abb,a,B,QB14,4,5,UVH8a,18,0.04000000000000001,2500000.0,2.5,547,1024,0.5341796875
01a072a3-8b43-7750-ac81-2431b9de5abb,a,B,QB14,4,5,UVH8a,19,0.053333333333333344,2500000.0,2.5,513,1024,0.5009765625
01a072a3-8b43-7750-ac81-2431b9de5abb,a,B,QB14,4,5,UVH8a,20,0.06666666666666665,2500000.0,2.5,556,1024,0.54296875
01a072a3-8b43-7750-ac81-2431b9de5abb,a,B,QB14,4,5,UVH8a,21,0.08000000000000002,2500000.0,2.5,530,1024,0.517578125
01a072a3-8b43-7750-ac81-2431b9de5abb,a,B,QB14,4,5,UVH8a,22,0.09333333333333332,2500000.0,2.5,522,1024,0.509765625
01a072a3-8b43-7750-ac81-2431b9de5abb,a,B,QB14,4,5,UVH8a,23,0.10666666666666669,2500000.0,2.5,537,1024,0.5244140625
01a072a3-8b43-7750-ac81-2431b9de5abb,a,B,QB14,4,5,UVH8a,24,0.12,2500000.0,2.5,528,1024,0.515625
01a072a3-8b43-7750-ac81-2431b9de5abb,a,B,QB14,4,5,UVH8a,25,0.13333333333333336,2500000.0,2.5,480,1024,0.46875
01a072a3-8b43-7750-ac81-2431b9de5abb,a,B,QB14,4,5,UVH8a,26,0.14666666666666667,2500000.0,2.5,520,1024,0.5078125
01a072a3-8b43-7750-ac81-2431b9de5abb,a,B,QB14,4,5,UVH8a,27,0.16000000000000003,2500000.0,2.5,477,1024,0.4658203125
01a072a3-8b43-7750-ac81-2431b9de5abb,a,B,QB14,4,5,UVH8a,28,0.17333333333333334,2500000.0,2.5,510,1024,0.498046875
01a072a3-8b43-7750-ac81-2431b9de5abb,a,B,QB14,4,5,UVH8a,29,0.1866666666666667,2500000.0,2.5,490,1024,0.478515625
01a072a3-8b43-7750-ac81-2431b9de5abb,a,B,QB14,4,5,UVH8a,30,0.2,2500000.0,2.5,498,1024,0.486328125
01a072a3-8b43-7750-ac81-2431b9de5abb,a,B,QB4,5,0,standard_pi_2,0,-0.2,2500000.0,2.5,350,1024,0.341796875
01a072a3-8b43-7750-ac81-2431b9de5abb,a,B,QB4,5,0,standard_pi_2,1,-0.18666666666666668,2500000.0,2.5,320,1024,0.3125
01a072a3-8b43-7750-ac81-2431b9de5abb,a,B,QB4,5,0,standard_pi_2,2,-0.17333333333333334,2500000.0,2.5,357,1024,0.3486328125
01a072a3-8b43-7750-ac81-2431b9de5abb,a,B,QB4,5,0,standard_pi_2,3,-0.16,2500000.0,2.5,346,1024,0.337890625
01a072a3-8b43-7750-ac81-2431b9de5abb,a,B,QB4,5,0,standard_pi_2,4,-0.14666666666666667,2500000.0,2.5,397,1024,0.3876953125
01a072a3-8b43-7750-ac81-2431b9de5abb,a,B,QB4,5,0,standard_pi_2,5,-0.13333333333333336,2500000.0,2.5,368,1024,0.359375
01a072a3-8b43-7750-ac81-2431b9de5abb,a,B,QB4,5,0,standard_pi_2,6,-0.12000000000000001,2500000.0,2.5,398,1024,0.388671875
01a072a3-8b43-7750-ac81-2431b9de5abb,a,B,QB4,5,0,standard_pi_2,7,-0.10666666666666667,2500000.0,2.5,399,1024,0.3896484375
01a072a3-8b43-7750-ac81-2431b9de5abb,a,B,QB4,5,0,standard_pi_2,8,-0.09333333333333334,2500000.0,2.5,413,1024,0.4033203125
01a072a3-8b43-7750-ac81-2431b9de5abb,a,B,QB4,5,0,standard_pi_2,9,-0.08,2500000.0,2.5,438,1024,0.427734375
01a072a3-8b43-7750-ac81-2431b9de5abb,a,B,QB4,5,0,standard_pi_2,10,-0.06666666666666668,2500000.0,2.5,461,1024,0.4501953125
01a072a3-8b43-7750-ac81-2431b9de5abb,a,B,QB4,5,0,standard_pi_2,11,-0.053333333333333344,2500000.0,2.5,447,1024,0.4365234375
01a072a3-8b43-7750-ac81-2431b9de5abb,a,B,QB4,5,0,standard_pi_2,12,-0.04000000000000001,2500000.0,2.5,423,1024,0.4130859375
01a072a3-8b43-7750-ac81-2431b9de5abb,a,B,QB4,5,0,standard_pi_2,13,-0.026666666666666672,2500000.0,2.5,475,1024,0.4638671875
01a072a3-8b43-7750-ac81-2431b9de5abb,a,B,QB4,5,0,standard_pi_2,14,-0.013333333333333336,2500000.0,2.5,478,1024,0.466796875
01a072a3-8b43-7750-ac81-2431b9de5abb,a,B,QB4,5,0,standard_pi_2,15,0.0,2500000.0,2.5,487,1024,0.4755859375
01a072a3-8b43-7750-ac81-2431b9de5abb,a,B,QB4,5,0,standard_pi_2,16,0.013333333333333336,2500000.0,2.5,499,1024,0.4873046875
01a072a3-8b43-7750-ac81-2431b9de5abb,a,B,QB4,5,0,standard_pi_2,17,0.026666666666666672,2500000.0,2.5,495,1024,0.4833984375
01a072a3-8b43-7750-ac81-2431b9de5abb,a,B,QB4,5,0,standard_pi_2,18,0.04000000000000001,2500000.0,2.5,525,1024,0.5126953125
01a072a3-8b43-7750-ac81-2431b9de5abb,a,B,QB4,5,0,standard_pi_2,19,0.053333333333333344,2500000.0,2.5,514,1024,0.501953125
01a072a3-8b43-7750-ac81-2431b9de5abb,a,B,QB4,5,0,standard_pi_2,20,0.06666666666666665,2500000.0,2.5,543,1024,0.5302734375
01a072a3-8b43-7750-ac81-2431b9de5abb,a,B,QB4,5,0,standard_pi_2,21,0.08000000000000002,2500000.0,2.5,532,1024,0.51953125
01a072a3-8b43-7750-ac81-2431b9de5abb,a,B,QB4,5,0,standard_pi_2,22,0.09333333333333332,2500000.0,2.5,551,1024,0.5380859375
01a072a3-8b43-7750-ac81-2431b9de5abb,a,B,QB4,5,0,standard_pi_2,23,0.10666666666666669,2500000.0,2.5,541,1024,0.5283203125
01a072a3-8b43-7750-ac81-2431b9de5abb,a,B,QB4,5,0,standard_pi_2,24,0.12,2500000.0,2.5,555,1024,0.5419921875
01a072a3-8b43-7750-ac81-2431b9de5abb,a,B,QB4,5,0,standard_pi_2,25,0.13333333333333336,2500000.0,2.5,582,1024,0.568359375
01a072a3-8b43-7750-ac81-2431b9de5abb,a,B,QB4,5,0,standard_pi_2,26,0.14666666666666667,2500000.0,2.5,585,1024,0.5712890625
01a072a3-8b43-7750-ac81-2431b9de5abb,a,B,QB4,5,0,standard_pi_2,27,0.16000000000000003,2500000.0,2.5,598,1024,0.583984375
01a072a3-8b43-7750-ac81-2431b9de5abb,a,B,QB4,5,0,standard_pi_2,28,0.17333333333333334,2500000.0,2.5,601,1024,0.5869140625
01a072a3-8b43-7750-ac81-2431b9de5abb,a,B,QB4,5,0,standard_pi_2,29,0.1866666666666667,2500000.0,2.5,626,1024,0.611328125
01a072a3-8b43-7750-ac81-2431b9de5abb,a,B,QB4,5,0,standard_pi_2,30,0.2,2500000.0,2.5,659,1024,0.6435546875
01a072a3-8b43-7750-ac81-2431b9de5abb,a,B,QB4,5,1,UVH4a,0,-0.2,2500000.0,2.5,468,1024,0.45703125
01a072a3-8b43-7750-ac81-2431b9de5abb,a,B,QB4,5,1,UVH4a,1,-0.18666666666666668,2500000.0,2.5,462,1024,0.451171875
01a072a3-8b43-7750-ac81-2431b9de5abb,a,B,QB4,5,1,UVH4a,2,-0.17333333333333334,2500000.0,2.5,481,1024,0.4697265625
01a072a3-8b43-7750-ac81-2431b9de5abb,a,B,QB4,5,1,UVH4a,3,-0.16,2500000.0,2.5,467,1024,0.4560546875
01a072a3-8b43-7750-ac81-2431b9de5abb,a,B,QB4,5,1,UVH4a,4,-0.14666666666666667,2500000.0,2.5,456,1024,0.4453125
01a072a3-8b43-7750-ac81-2431b9de5abb,a,B,QB4,5,1,UVH4a,5,-0.13333333333333336,2500000.0,2.5,479,1024,0.4677734375
01a072a3-8b43-7750-ac81-2431b9de5abb,a,B,QB4,5,1,UVH4a,6,-0.12000000000000001,2500000.0,2.5,502,1024,0.490234375
01a072a3-8b43-7750-ac81-2431b9de5abb,a,B,QB4,5,1,UVH4a,7,-0.10666666666666667,2500000.0,2.5,518,1024,0.505859375
01a072a3-8b43-7750-ac81-2431b9de5abb,a,B,QB4,5,1,UVH4a,8,-0.09333333333333334,2500000.0,2.5,495,1024,0.4833984375
01a072a3-8b43-7750-ac81-2431b9de5abb,a,B,QB4,5,1,UVH4a,9,-0.08,2500000.0,2.5,517,1024,0.5048828125
01a072a3-8b43-7750-ac81-2431b9de5abb,a,B,QB4,5,1,UVH4a,10,-0.06666666666666668,2500000.0,2.5,521,1024,0.5087890625
01a072a3-8b43-7750-ac81-2431b9de5abb,a,B,QB4,5,1,UVH4a,11,-0.053333333333333344,2500000.0,2.5,463,1024,0.4521484375
01a072a3-8b43-7750-ac81-2431b9de5abb,a,B,QB4,5,1,UVH4a,12,-0.04000000000000001,2500000.0,2.5,525,1024,0.5126953125
01a072a3-8b43-7750-ac81-2431b9de5abb,a,B,QB4,5,1,UVH4a,13,-0.026666666666666672,2500000.0,2.5,505,1024,0.4931640625
01a072a3-8b43-7750-ac81-2431b9de5abb,a,B,QB4,5,1,UVH4a,14,-0.013333333333333336,2500000.0,2.5,499,1024,0.4873046875
01a072a3-8b43-7750-ac81-2431b9de5abb,a,B,QB4,5,1,UVH4a,15,0.0,2500000.0,2.5,487,1024,0.4755859375
01a072a3-8b43-7750-ac81-2431b9de5abb,a,B,QB4,5,1,UVH4a,16,0.013333333333333336,2500000.0,2.5,497,1024,0.4853515625
01a072a3-8b43-7750-ac81-2431b9de5abb,a,B,QB4,5,1,UVH4a,17,0.026666666666666672,2500000.0,2.5,537,1024,0.5244140625
01a072a3-8b43-7750-ac81-2431b9de5abb,a,B,QB4,5,1,UVH4a,18,0.04000000000000001,2500000.0,2.5,477,1024,0.4658203125
01a072a3-8b43-7750-ac81-2431b9de5abb,a,B,QB4,5,1,UVH4a,19,0.053333333333333344,2500000.0,2.5,502,1024,0.490234375
01a072a3-8b43-7750-ac81-2431b9de5abb,a,B,QB4,5,1,UVH4a,20,0.06666666666666665,2500000.0,2.5,529,1024,0.5166015625
01a072a3-8b43-7750-ac81-2431b9de5abb,a,B,QB4,5,1,UVH4a,21,0.08000000000000002,2500000.0,2.5,497,1024,0.4853515625
01a072a3-8b43-7750-ac81-2431b9de5abb,a,B,QB4,5,1,UVH4a,22,0.09333333333333332,2500000.0,2.5,529,1024,0.5166015625
01a072a3-8b43-7750-ac81-2431b9de5abb,a,B,QB4,5,1,UVH4a,23,0.10666666666666669,2500000.0,2.5,486,1024,0.474609375
01a072a3-8b43-7750-ac81-2431b9de5abb,a,B,QB4,5,1,UVH4a,24,0.12,2500000.0,2.5,519,1024,0.5068359375
01a072a3-8b43-7750-ac81-2431b9de5abb,a,B,QB4,5,1,UVH4a,25,0.13333333333333336,2500000.0,2.5,490,1024,0.478515625
01a072a3-8b43-7750-ac81-2431b9de5abb,a,B,QB4,5,1,UVH4a,26,0.14666666666666667,2500000.0,2.5,510,1024,0.498046875
01a072a3-8b43-7750-ac81-2431b9de5abb,a,B,QB4,5,1,UVH4a,27,0.16000000000000003,2500000.0,2.5,511,1024,0.4990234375
01a072a3-8b43-7750-ac81-2431b9de5abb,a,B,QB4,5,1,UVH4a,28,0.17333333333333334,2500000.0,2.5,494,1024,0.482421875
01a072a3-8b43-7750-ac81-2431b9de5abb,a,B,QB4,5,1,UVH4a,29,0.1866666666666667,2500000.0,2.5,481,1024,0.4697265625
01a072a3-8b43-7750-ac81-2431b9de5abb,a,B,QB4,5,1,UVH4a,30,0.2,2500000.0,2.5,480,1024,0.46875
01a072a3-8b43-7750-ac81-2431b9de5abb,a,B,QB4,5,2,UVH5a,0,-0.2,2500000.0,2.5,602,1024,0.587890625
01a072a3-8b43-7750-ac81-2431b9de5abb,a,B,QB4,5,2,UVH5a,1,-0.18666666666666668,2500000.0,2.5,557,1024,0.5439453125
01a072a3-8b43-7750-ac81-2431b9de5abb,a,B,QB4,5,2,UVH5a,2,-0.17333333333333334,2500000.0,2.5,566,1024,0.552734375
01a072a3-8b43-7750-ac81-2431b9de5abb,a,B,QB4,5,2,UVH5a,3,-0.16,2500000.0,2.5,588,1024,0.57421875
01a072a3-8b43-7750-ac81-2431b9de5abb,a,B,QB4,5,2,UVH5a,4,-0.14666666666666667,2500000.0,2.5,567,1024,0.5537109375
01a072a3-8b43-7750-ac81-2431b9de5abb,a,B,QB4,5,2,UVH5a,5,-0.13333333333333336,2500000.0,2.5,529,1024,0.5166015625
01a072a3-8b43-7750-ac81-2431b9de5abb,a,B,QB4,5,2,UVH5a,6,-0.12000000000000001,2500000.0,2.5,523,1024,0.5107421875
01a072a3-8b43-7750-ac81-2431b9de5abb,a,B,QB4,5,2,UVH5a,7,-0.10666666666666667,2500000.0,2.5,539,1024,0.5263671875
01a072a3-8b43-7750-ac81-2431b9de5abb,a,B,QB4,5,2,UVH5a,8,-0.09333333333333334,2500000.0,2.5,560,1024,0.546875
01a072a3-8b43-7750-ac81-2431b9de5abb,a,B,QB4,5,2,UVH5a,9,-0.08,2500000.0,2.5,535,1024,0.5224609375
01a072a3-8b43-7750-ac81-2431b9de5abb,a,B,QB4,5,2,UVH5a,10,-0.06666666666666668,2500000.0,2.5,545,1024,0.5322265625
01a072a3-8b43-7750-ac81-2431b9de5abb,a,B,QB4,5,2,UVH5a,11,-0.053333333333333344,2500000.0,2.5,514,1024,0.501953125
01a072a3-8b43-7750-ac81-2431b9de5abb,a,B,QB4,5,2,UVH5a,12,-0.04000000000000001,2500000.0,2.5,513,1024,0.5009765625
01a072a3-8b43-7750-ac81-2431b9de5abb,a,B,QB4,5,2,UVH5a,13,-0.026666666666666672,2500000.0,2.5,495,1024,0.4833984375
01a072a3-8b43-7750-ac81-2431b9de5abb,a,B,QB4,5,2,UVH5a,14,-0.013333333333333336,2500000.0,2.5,490,1024,0.478515625
01a072a3-8b43-7750-ac81-2431b9de5abb,a,B,QB4,5,2,UVH5a,15,0.0,2500000.0,2.5,498,1024,0.486328125
01a072a3-8b43-7750-ac81-2431b9de5abb,a,B,QB4,5,2,UVH5a,16,0.013333333333333336,2500000.0,2.5,481,1024,0.4697265625
01a072a3-8b43-7750-ac81-2431b9de5abb,a,B,QB4,5,2,UVH5a,17,0.026666666666666672,2500000.0,2.5,508,1024,0.49609375
01a072a3-8b43-7750-ac81-2431b9de5abb,a,B,QB4,5,2,UVH5a,18,0.04000000000000001,2500000.0,2.5,466,1024,0.455078125
01a072a3-8b43-7750-ac81-2431b9de5abb,a,B,QB4,5,2,UVH5a,19,0.053333333333333344,2500000.0,2.5,502,1024,0.490234375
01a072a3-8b43-7750-ac81-2431b9de5abb,a,B,QB4,5,2,UVH5a,20,0.06666666666666665,2500000.0,2.5,489,1024,0.4775390625
01a072a3-8b43-7750-ac81-2431b9de5abb,a,B,QB4,5,2,UVH5a,21,0.08000000000000002,2500000.0,2.5,487,1024,0.4755859375
01a072a3-8b43-7750-ac81-2431b9de5abb,a,B,QB4,5,2,UVH5a,22,0.09333333333333332,2500000.0,2.5,508,1024,0.49609375
01a072a3-8b43-7750-ac81-2431b9de5abb,a,B,QB4,5,2,UVH5a,23,0.10666666666666669,2500000.0,2.5,470,1024,0.458984375
01a072a3-8b43-7750-ac81-2431b9de5abb,a,B,QB4,5,2,UVH5a,24,0.12,2500000.0,2.5,491,1024,0.4794921875
01a072a3-8b43-7750-ac81-2431b9de5abb,a,B,QB4,5,2,UVH5a,25,0.13333333333333336,2500000.0,2.5,477,1024,0.4658203125
01a072a3-8b43-7750-ac81-2431b9de5abb,a,B,QB4,5,2,UVH5a,26,0.14666666666666667,2500000.0,2.5,492,1024,0.48046875
01a072a3-8b43-7750-ac81-2431b9de5abb,a,B,QB4,5,2,UVH5a,27,0.16000000000000003,2500000.0,2.5,498,1024,0.486328125
01a072a3-8b43-7750-ac81-2431b9de5abb,a,B,QB4,5,2,UVH5a,28,0.17333333333333334,2500000.0,2.5,489,1024,0.4775390625
01a072a3-8b43-7750-ac81-2431b9de5abb,a,B,QB4,5,2,UVH5a,29,0.1866666666666667,2500000.0,2.5,473,1024,0.4619140625
01a072a3-8b43-7750-ac81-2431b9de5abb,a,B,QB4,5,2,UVH5a,30,0.2,2500000.0,2.5,481,1024,0.4697265625
01a072a3-8b43-7750-ac81-2431b9de5abb,a,B,QB4,5,3,UVH6a,0,-0.2,2500000.0,2.5,553,1024,0.5400390625
01a072a3-8b43-7750-ac81-2431b9de5abb,a,B,QB4,5,3,UVH6a,1,-0.18666666666666668,2500000.0,2.5,598,1024,0.583984375
01a072a3-8b43-7750-ac81-2431b9de5abb,a,B,QB4,5,3,UVH6a,2,-0.17333333333333334,2500000.0,2.5,524,1024,0.51171875
01a072a3-8b43-7750-ac81-2431b9de5abb,a,B,QB4,5,3,UVH6a,3,-0.16,2500000.0,2.5,568,1024,0.5546875
01a072a3-8b43-7750-ac81-2431b9de5abb,a,B,QB4,5,3,UVH6a,4,-0.14666666666666667,2500000.0,2.5,533,1024,0.5205078125
01a072a3-8b43-7750-ac81-2431b9de5abb,a,B,QB4,5,3,UVH6a,5,-0.13333333333333336,2500000.0,2.5,519,1024,0.5068359375
01a072a3-8b43-7750-ac81-2431b9de5abb,a,B,QB4,5,3,UVH6a,6,-0.12000000000000001,2500000.0,2.5,519,1024,0.5068359375
01a072a3-8b43-7750-ac81-2431b9de5abb,a,B,QB4,5,3,UVH6a,7,-0.10666666666666667,2500000.0,2.5,509,1024,0.4970703125
01a072a3-8b43-7750-ac81-2431b9de5abb,a,B,QB4,5,3,UVH6a,8,-0.09333333333333334,2500000.0,2.5,490,1024,0.478515625
01a072a3-8b43-7750-ac81-2431b9de5abb,a,B,QB4,5,3,UVH6a,9,-0.08,2500000.0,2.5,501,1024,0.4892578125
01a072a3-8b43-7750-ac81-2431b9de5abb,a,B,QB4,5,3,UVH6a,10,-0.06666666666666668,2500000.0,2.5,471,1024,0.4599609375
01a072a3-8b43-7750-ac81-2431b9de5abb,a,B,QB4,5,3,UVH6a,11,-0.053333333333333344,2500000.0,2.5,477,1024,0.4658203125
01a072a3-8b43-7750-ac81-2431b9de5abb,a,B,QB4,5,3,UVH6a,12,-0.04000000000000001,2500000.0,2.5,505,1024,0.4931640625
01a072a3-8b43-7750-ac81-2431b9de5abb,a,B,QB4,5,3,UVH6a,13,-0.026666666666666672,2500000.0,2.5,484,1024,0.47265625
01a072a3-8b43-7750-ac81-2431b9de5abb,a,B,QB4,5,3,UVH6a,14,-0.013333333333333336,2500000.0,2.5,488,1024,0.4765625
01a072a3-8b43-7750-ac81-2431b9de5abb,a,B,QB4,5,3,UVH6a,15,0.0,2500000.0,2.5,517,1024,0.5048828125
01a072a3-8b43-7750-ac81-2431b9de5abb,a,B,QB4,5,3,UVH6a,16,0.013333333333333336,2500000.0,2.5,505,1024,0.4931640625
01a072a3-8b43-7750-ac81-2431b9de5abb,a,B,QB4,5,3,UVH6a,17,0.026666666666666672,2500000.0,2.5,526,1024,0.513671875
01a072a3-8b43-7750-ac81-2431b9de5abb,a,B,QB4,5,3,UVH6a,18,0.04000000000000001,2500000.0,2.5,470,1024,0.458984375
01a072a3-8b43-7750-ac81-2431b9de5abb,a,B,QB4,5,3,UVH6a,19,0.053333333333333344,2500000.0,2.5,503,1024,0.4912109375
01a072a3-8b43-7750-ac81-2431b9de5abb,a,B,QB4,5,3,UVH6a,20,0.06666666666666665,2500000.0,2.5,522,1024,0.509765625
01a072a3-8b43-7750-ac81-2431b9de5abb,a,B,QB4,5,3,UVH6a,21,0.08000000000000002,2500000.0,2.5,507,1024,0.4951171875
01a072a3-8b43-7750-ac81-2431b9de5abb,a,B,QB4,5,3,UVH6a,22,0.09333333333333332,2500000.0,2.5,520,1024,0.5078125
01a072a3-8b43-7750-ac81-2431b9de5abb,a,B,QB4,5,3,UVH6a,23,0.10666666666666669,2500000.0,2.5,519,1024,0.5068359375
01a072a3-8b43-7750-ac81-2431b9de5abb,a,B,QB4,5,3,UVH6a,24,0.12,2500000.0,2.5,520,1024,0.5078125
01a072a3-8b43-7750-ac81-2431b9de5abb,a,B,QB4,5,3,UVH6a,25,0.13333333333333336,2500000.0,2.5,523,1024,0.5107421875
01a072a3-8b43-7750-ac81-2431b9de5abb,a,B,QB4,5,3,UVH6a,26,0.14666666666666667,2500000.0,2.5,519,1024,0.5068359375
01a072a3-8b43-7750-ac81-2431b9de5abb,a,B,QB4,5,3,UVH6a,27,0.16000000000000003,2500000.0,2.5,520,1024,0.5078125
01a072a3-8b43-7750-ac81-2431b9de5abb,a,B,QB4,5,3,UVH6a,28,0.17333333333333334,2500000.0,2.5,525,1024,0.5126953125
01a072a3-8b43-7750-ac81-2431b9de5abb,a,B,QB4,5,3,UVH6a,29,0.1866666666666667,2500000.0,2.5,503,1024,0.4912109375
01a072a3-8b43-7750-ac81-2431b9de5abb,a,B,QB4,5,3,UVH6a,30,0.2,2500000.0,2.5,534,1024,0.521484375
01a072a3-8b43-7750-ac81-2431b9de5abb,a,B,QB4,5,4,UVH7a,0,-0.2,2500000.0,2.5,461,1024,0.4501953125
01a072a3-8b43-7750-ac81-2431b9de5abb,a,B,QB4,5,4,UVH7a,1,-0.18666666666666668,2500000.0,2.5,445,1024,0.4345703125
01a072a3-8b43-7750-ac81-2431b9de5abb,a,B,QB4,5,4,UVH7a,2,-0.17333333333333334,2500000.0,2.5,483,1024,0.4716796875
01a072a3-8b43-7750-ac81-2431b9de5abb,a,B,QB4,5,4,UVH7a,3,-0.16,2500000.0,2.5,499,1024,0.4873046875
01a072a3-8b43-7750-ac81-2431b9de5abb,a,B,QB4,5,4,UVH7a,4,-0.14666666666666667,2500000.0,2.5,501,1024,0.4892578125
01a072a3-8b43-7750-ac81-2431b9de5abb,a,B,QB4,5,4,UVH7a,5,-0.13333333333333336,2500000.0,2.5,470,1024,0.458984375
01a072a3-8b43-7750-ac81-2431b9de5abb,a,B,QB4,5,4,UVH7a,6,-0.12000000000000001,2500000.0,2.5,488,1024,0.4765625
01a072a3-8b43-7750-ac81-2431b9de5abb,a,B,QB4,5,4,UVH7a,7,-0.10666666666666667,2500000.0,2.5,458,1024,0.447265625
01a072a3-8b43-7750-ac81-2431b9de5abb,a,B,QB4,5,4,UVH7a,8,-0.09333333333333334,2500000.0,2.5,491,1024,0.4794921875
01a072a3-8b43-7750-ac81-2431b9de5abb,a,B,QB4,5,4,UVH7a,9,-0.08,2500000.0,2.5,515,1024,0.5029296875
01a072a3-8b43-7750-ac81-2431b9de5abb,a,B,QB4,5,4,UVH7a,10,-0.06666666666666668,2500000.0,2.5,517,1024,0.5048828125
01a072a3-8b43-7750-ac81-2431b9de5abb,a,B,QB4,5,4,UVH7a,11,-0.053333333333333344,2500000.0,2.5,496,1024,0.484375
01a072a3-8b43-7750-ac81-2431b9de5abb,a,B,QB4,5,4,UVH7a,12,-0.04000000000000001,2500000.0,2.5,496,1024,0.484375
01a072a3-8b43-7750-ac81-2431b9de5abb,a,B,QB4,5,4,UVH7a,13,-0.026666666666666672,2500000.0,2.5,513,1024,0.5009765625
01a072a3-8b43-7750-ac81-2431b9de5abb,a,B,QB4,5,4,UVH7a,14,-0.013333333333333336,2500000.0,2.5,486,1024,0.474609375
01a072a3-8b43-7750-ac81-2431b9de5abb,a,B,QB4,5,4,UVH7a,15,0.0,2500000.0,2.5,497,1024,0.4853515625
01a072a3-8b43-7750-ac81-2431b9de5abb,a,B,QB4,5,4,UVH7a,16,0.013333333333333336,2500000.0,2.5,522,1024,0.509765625
01a072a3-8b43-7750-ac81-2431b9de5abb,a,B,QB4,5,4,UVH7a,17,0.026666666666666672,2500000.0,2.5,485,1024,0.4736328125
01a072a3-8b43-7750-ac81-2431b9de5abb,a,B,QB4,5,4,UVH7a,18,0.04000000000000001,2500000.0,2.5,523,1024,0.5107421875
01a072a3-8b43-7750-ac81-2431b9de5abb,a,B,QB4,5,4,UVH7a,19,0.053333333333333344,2500000.0,2.5,498,1024,0.486328125
01a072a3-8b43-7750-ac81-2431b9de5abb,a,B,QB4,5,4,UVH7a,20,0.06666666666666665,2500000.0,2.5,487,1024,0.4755859375
01a072a3-8b43-7750-ac81-2431b9de5abb,a,B,QB4,5,4,UVH7a,21,0.08000000000000002,2500000.0,2.5,460,1024,0.44921875
01a072a3-8b43-7750-ac81-2431b9de5abb,a,B,QB4,5,4,UVH7a,22,0.09333333333333332,2500000.0,2.5,487,1024,0.4755859375
01a072a3-8b43-7750-ac81-2431b9de5abb,a,B,QB4,5,4,UVH7a,23,0.10666666666666669,2500000.0,2.5,480,1024,0.46875
01a072a3-8b43-7750-ac81-2431b9de5abb,a,B,QB4,5,4,UVH7a,24,0.12,2500000.0,2.5,489,1024,0.4775390625
01a072a3-8b43-7750-ac81-2431b9de5abb,a,B,QB4,5,4,UVH7a,25,0.13333333333333336,2500000.0,2.5,468,1024,0.45703125
01a072a3-8b43-7750-ac81-2431b9de5abb,a,B,QB4,5,4,UVH7a,26,0.14666666666666667,2500000.0,2.5,492,1024,0.48046875
01a072a3-8b43-7750-ac81-2431b9de5abb,a,B,QB4,5,4,UVH7a,27,0.16000000000000003,2500000.0,2.5,476,1024,0.46484375
01a072a3-8b43-7750-ac81-2431b9de5abb,a,B,QB4,5,4,UVH7a,28,0.17333333333333334,2500000.0,2.5,482,1024,0.470703125
01a072a3-8b43-7750-ac81-2431b9de5abb,a,B,QB4,5,4,UVH7a,29,0.1866666666666667,2500000.0,2.5,475,1024,0.4638671875
01a072a3-8b43-7750-ac81-2431b9de5abb,a,B,QB4,5,4,UVH7a,30,0.2,2500000.0,2.5,481,1024,0.4697265625
01a072a3-8b43-7750-ac81-2431b9de5abb,a,B,QB4,5,5,UVH8a,0,-0.2,2500000.0,2.5,538,1024,0.525390625
01a072a3-8b43-7750-ac81-2431b9de5abb,a,B,QB4,5,5,UVH8a,1,-0.18666666666666668,2500000.0,2.5,524,1024,0.51171875
01a072a3-8b43-7750-ac81-2431b9de5abb,a,B,QB4,5,5,UVH8a,2,-0.17333333333333334,2500000.0,2.5,513,1024,0.5009765625
01a072a3-8b43-7750-ac81-2431b9de5abb,a,B,QB4,5,5,UVH8a,3,-0.16,2500000.0,2.5,530,1024,0.517578125
01a072a3-8b43-7750-ac81-2431b9de5abb,a,B,QB4,5,5,UVH8a,4,-0.14666666666666667,2500000.0,2.5,509,1024,0.4970703125
01a072a3-8b43-7750-ac81-2431b9de5abb,a,B,QB4,5,5,UVH8a,5,-0.13333333333333336,2500000.0,2.5,532,1024,0.51953125
01a072a3-8b43-7750-ac81-2431b9de5abb,a,B,QB4,5,5,UVH8a,6,-0.12000000000000001,2500000.0,2.5,535,1024,0.5224609375
01a072a3-8b43-7750-ac81-2431b9de5abb,a,B,QB4,5,5,UVH8a,7,-0.10666666666666667,2500000.0,2.5,493,1024,0.4814453125
01a072a3-8b43-7750-ac81-2431b9de5abb,a,B,QB4,5,5,UVH8a,8,-0.09333333333333334,2500000.0,2.5,511,1024,0.4990234375
01a072a3-8b43-7750-ac81-2431b9de5abb,a,B,QB4,5,5,UVH8a,9,-0.08,2500000.0,2.5,481,1024,0.4697265625
01a072a3-8b43-7750-ac81-2431b9de5abb,a,B,QB4,5,5,UVH8a,10,-0.06666666666666668,2500000.0,2.5,512,1024,0.5
01a072a3-8b43-7750-ac81-2431b9de5abb,a,B,QB4,5,5,UVH8a,11,-0.053333333333333344,2500000.0,2.5,539,1024,0.5263671875
01a072a3-8b43-7750-ac81-2431b9de5abb,a,B,QB4,5,5,UVH8a,12,-0.04000000000000001,2500000.0,2.5,497,1024,0.4853515625
01a072a3-8b43-7750-ac81-2431b9de5abb,a,B,QB4,5,5,UVH8a,13,-0.026666666666666672,2500000.0,2.5,531,1024,0.5185546875
01a072a3-8b43-7750-ac81-2431b9de5abb,a,B,QB4,5,5,UVH8a,14,-0.013333333333333336,2500000.0,2.5,520,1024,0.5078125
01a072a3-8b43-7750-ac81-2431b9de5abb,a,B,QB4,5,5,UVH8a,15,0.0,2500000.0,2.5,502,1024,0.490234375
01a072a3-8b43-7750-ac81-2431b9de5abb,a,B,QB4,5,5,UVH8a,16,0.013333333333333336,2500000.0,2.5,498,1024,0.486328125
01a072a3-8b43-7750-ac81-2431b9de5abb,a,B,QB4,5,5,UVH8a,17,0.026666666666666672,2500000.0,2.5,501,1024,0.4892578125
01a072a3-8b43-7750-ac81-2431b9de5abb,a,B,QB4,5,5,UVH8a,18,0.04000000000000001,2500000.0,2.5,486,1024,0.474609375
01a072a3-8b43-7750-ac81-2431b9de5abb,a,B,QB4,5,5,UVH8a,19,0.053333333333333344,2500000.0,2.5,537,1024,0.5244140625
01a072a3-8b43-7750-ac81-2431b9de5abb,a,B,QB4,5,5,UVH8a,20,0.06666666666666665,2500000.0,2.5,509,1024,0.4970703125
01a072a3-8b43-7750-ac81-2431b9de5abb,a,B,QB4,5,5,UVH8a,21,0.08000000000000002,2500000.0,2.5,511,1024,0.4990234375
01a072a3-8b43-7750-ac81-2431b9de5abb,a,B,QB4,5,5,UVH8a,22,0.09333333333333332,2500000.0,2.5,501,1024,0.4892578125
01a072a3-8b43-7750-ac81-2431b9de5abb,a,B,QB4,5,5,UVH8a,23,0.10666666666666669,2500000.0,2.5,513,1024,0.5009765625
01a072a3-8b43-7750-ac81-2431b9de5abb,a,B,QB4,5,5,UVH8a,24,0.12,2500000.0,2.5,463,1024,0.4521484375
01a072a3-8b43-7750-ac81-2431b9de5abb,a,B,QB4,5,5,UVH8a,25,0.13333333333333336,2500000.0,2.5,491,1024,0.4794921875
01a072a3-8b43-7750-ac81-2431b9de5abb,a,B,QB4,5,5,UVH8a,26,0.14666666666666667,2500000.0,2.5,493,1024,0.4814453125
01a072a3-8b43-7750-ac81-2431b9de5abb,a,B,QB4,5,5,UVH8a,27,0.16000000000000003,2500000.0,2.5,490,1024,0.478515625
01a072a3-8b43-7750-ac81-2431b9de5abb,a,B,QB4,5,5,UVH8a,28,0.17333333333333334,2500000.0,2.5,475,1024,0.4638671875
01a072a3-8b43-7750-ac81-2431b9de5abb,a,B,QB4,5,5,UVH8a,29,0.1866666666666667,2500000.0,2.5,485,1024,0.4736328125
01a072a3-8b43-7750-ac81-2431b9de5abb,a,B,QB4,5,5,UVH8a,30,0.2,2500000.0,2.5,468,1024,0.45703125
01a072a3-8b43-7750-ac81-2431b9de5abb,a,B,QB6,6,0,standard_pi_2,0,-0.2,2500000.0,2.5,339,1024,0.3310546875
01a072a3-8b43-7750-ac81-2431b9de5abb,a,B,QB6,6,0,standard_pi_2,1,-0.18666666666666668,2500000.0,2.5,358,1024,0.349609375
01a072a3-8b43-7750-ac81-2431b9de5abb,a,B,QB6,6,0,standard_pi_2,2,-0.17333333333333334,2500000.0,2.5,353,1024,0.3447265625
01a072a3-8b43-7750-ac81-2431b9de5abb,a,B,QB6,6,0,standard_pi_2,3,-0.16,2500000.0,2.5,393,1024,0.3837890625
01a072a3-8b43-7750-ac81-2431b9de5abb,a,B,QB6,6,0,standard_pi_2,4,-0.14666666666666667,2500000.0,2.5,399,1024,0.3896484375
01a072a3-8b43-7750-ac81-2431b9de5abb,a,B,QB6,6,0,standard_pi_2,5,-0.13333333333333336,2500000.0,2.5,383,1024,0.3740234375
01a072a3-8b43-7750-ac81-2431b9de5abb,a,B,QB6,6,0,standard_pi_2,6,-0.12000000000000001,2500000.0,2.5,435,1024,0.4248046875
01a072a3-8b43-7750-ac81-2431b9de5abb,a,B,QB6,6,0,standard_pi_2,7,-0.10666666666666667,2500000.0,2.5,430,1024,0.419921875
01a072a3-8b43-7750-ac81-2431b9de5abb,a,B,QB6,6,0,standard_pi_2,8,-0.09333333333333334,2500000.0,2.5,414,1024,0.404296875
01a072a3-8b43-7750-ac81-2431b9de5abb,a,B,QB6,6,0,standard_pi_2,9,-0.08,2500000.0,2.5,446,1024,0.435546875
01a072a3-8b43-7750-ac81-2431b9de5abb,a,B,QB6,6,0,standard_pi_2,10,-0.06666666666666668,2500000.0,2.5,466,1024,0.455078125
01a072a3-8b43-7750-ac81-2431b9de5abb,a,B,QB6,6,0,standard_pi_2,11,-0.053333333333333344,2500000.0,2.5,462,1024,0.451171875
01a072a3-8b43-7750-ac81-2431b9de5abb,a,B,QB6,6,0,standard_pi_2,12,-0.04000000000000001,2500000.0,2.5,503,1024,0.4912109375
01a072a3-8b43-7750-ac81-2431b9de5abb,a,B,QB6,6,0,standard_pi_2,13,-0.026666666666666672,2500000.0,2.5,528,1024,0.515625
01a072a3-8b43-7750-ac81-2431b9de5abb,a,B,QB6,6,0,standard_pi_2,14,-0.013333333333333336,2500000.0,2.5,471,1024,0.4599609375
01a072a3-8b43-7750-ac81-2431b9de5abb,a,B,QB6,6,0,standard_pi_2,15,0.0,2500000.0,2.5,507,1024,0.4951171875
01a072a3-8b43-7750-ac81-2431b9de5abb,a,B,QB6,6,0,standard_pi_2,16,0.013333333333333336,2500000.0,2.5,528,1024,0.515625
01a072a3-8b43-7750-ac81-2431b9de5abb,a,B,QB6,6,0,standard_pi_2,17,0.026666666666666672,2500000.0,2.5,502,1024,0.490234375
01a072a3-8b43-7750-ac81-2431b9de5abb,a,B,QB6,6,0,standard_pi_2,18,0.04000000000000001,2500000.0,2.5,542,1024,0.529296875
01a072a3-8b43-7750-ac81-2431b9de5abb,a,B,QB6,6,0,standard_pi_2,19,0.053333333333333344,2500000.0,2.5,543,1024,0.5302734375
01a072a3-8b43-7750-ac81-2431b9de5abb,a,B,QB6,6,0,standard_pi_2,20,0.06666666666666665,2500000.0,2.5,551,1024,0.5380859375
01a072a3-8b43-7750-ac81-2431b9de5abb,a,B,QB6,6,0,standard_pi_2,21,0.08000000000000002,2500000.0,2.5,574,1024,0.560546875
01a072a3-8b43-7750-ac81-2431b9de5abb,a,B,QB6,6,0,standard_pi_2,22,0.09333333333333332,2500000.0,2.5,598,1024,0.583984375
01a072a3-8b43-7750-ac81-2431b9de5abb,a,B,QB6,6,0,standard_pi_2,23,0.10666666666666669,2500000.0,2.5,582,1024,0.568359375
01a072a3-8b43-7750-ac81-2431b9de5abb,a,B,QB6,6,0,standard_pi_2,24,0.12,2500000.0,2.5,584,1024,0.5703125
01a072a3-8b43-7750-ac81-2431b9de5abb,a,B,QB6,6,0,standard_pi_2,25,0.13333333333333336,2500000.0,2.5,605,1024,0.5908203125
01a072a3-8b43-7750-ac81-2431b9de5abb,a,B,QB6,6,0,standard_pi_2,26,0.14666666666666667,2500000.0,2.5,633,1024,0.6181640625
01a072a3-8b43-7750-ac81-2431b9de5abb,a,B,QB6,6,0,standard_pi_2,27,0.16000000000000003,2500000.0,2.5,640,1024,0.625
01a072a3-8b43-7750-ac81-2431b9de5abb,a,B,QB6,6,0,standard_pi_2,28,0.17333333333333334,2500000.0,2.5,636,1024,0.62109375
01a072a3-8b43-7750-ac81-2431b9de5abb,a,B,QB6,6,0,standard_pi_2,29,0.1866666666666667,2500000.0,2.5,631,1024,0.6162109375
01a072a3-8b43-7750-ac81-2431b9de5abb,a,B,QB6,6,0,standard_pi_2,30,0.2,2500000.0,2.5,650,1024,0.634765625
01a072a3-8b43-7750-ac81-2431b9de5abb,a,B,QB6,6,1,UVH4a,0,-0.2,2500000.0,2.5,479,1024,0.4677734375
01a072a3-8b43-7750-ac81-2431b9de5abb,a,B,QB6,6,1,UVH4a,1,-0.18666666666666668,2500000.0,2.5,490,1024,0.478515625
01a072a3-8b43-7750-ac81-2431b9de5abb,a,B,QB6,6,1,UVH4a,2,-0.17333333333333334,2500000.0,2.5,502,1024,0.490234375
01a072a3-8b43-7750-ac81-2431b9de5abb,a,B,QB6,6,1,UVH4a,3,-0.16,2500000.0,2.5,469,1024,0.4580078125
01a072a3-8b43-7750-ac81-2431b9de5abb,a,B,QB6,6,1,UVH4a,4,-0.14666666666666667,2500000.0,2.5,484,1024,0.47265625
01a072a3-8b43-7750-ac81-2431b9de5abb,a,B,QB6,6,1,UVH4a,5,-0.13333333333333336,2500000.0,2.5,502,1024,0.490234375
01a072a3-8b43-7750-ac81-2431b9de5abb,a,B,QB6,6,1,UVH4a,6,-0.12000000000000001,2500000.0,2.5,500,1024,0.48828125
01a072a3-8b43-7750-ac81-2431b9de5abb,a,B,QB6,6,1,UVH4a,7,-0.10666666666666667,2500000.0,2.5,512,1024,0.5
01a072a3-8b43-7750-ac81-2431b9de5abb,a,B,QB6,6,1,UVH4a,8,-0.09333333333333334,2500000.0,2.5,498,1024,0.486328125
01a072a3-8b43-7750-ac81-2431b9de5abb,a,B,QB6,6,1,UVH4a,9,-0.08,2500000.0,2.5,507,1024,0.4951171875
01a072a3-8b43-7750-ac81-2431b9de5abb,a,B,QB6,6,1,UVH4a,10,-0.06666666666666668,2500000.0,2.5,531,1024,0.5185546875
01a072a3-8b43-7750-ac81-2431b9de5abb,a,B,QB6,6,1,UVH4a,11,-0.053333333333333344,2500000.0,2.5,518,1024,0.505859375
01a072a3-8b43-7750-ac81-2431b9de5abb,a,B,QB6,6,1,UVH4a,12,-0.04000000000000001,2500000.0,2.5,509,1024,0.4970703125
01a072a3-8b43-7750-ac81-2431b9de5abb,a,B,QB6,6,1,UVH4a,13,-0.026666666666666672,2500000.0,2.5,503,1024,0.4912109375
01a072a3-8b43-7750-ac81-2431b9de5abb,a,B,QB6,6,1,UVH4a,14,-0.013333333333333336,2500000.0,2.5,509,1024,0.4970703125
01a072a3-8b43-7750-ac81-2431b9de5abb,a,B,QB6,6,1,UVH4a,15,0.0,2500000.0,2.5,529,1024,0.5166015625
01a072a3-8b43-7750-ac81-2431b9de5abb,a,B,QB6,6,1,UVH4a,16,0.013333333333333336,2500000.0,2.5,549,1024,0.5361328125
01a072a3-8b43-7750-ac81-2431b9de5abb,a,B,QB6,6,1,UVH4a,17,0.026666666666666672,2500000.0,2.5,542,1024,0.529296875
01a072a3-8b43-7750-ac81-2431b9de5abb,a,B,QB6,6,1,UVH4a,18,0.04000000000000001,2500000.0,2.5,534,1024,0.521484375
01a072a3-8b43-7750-ac81-2431b9de5abb,a,B,QB6,6,1,UVH4a,19,0.053333333333333344,2500000.0,2.5,507,1024,0.4951171875
01a072a3-8b43-7750-ac81-2431b9de5abb,a,B,QB6,6,1,UVH4a,20,0.06666666666666665,2500000.0,2.5,515,1024,0.5029296875
01a072a3-8b43-7750-ac81-2431b9de5abb,a,B,QB6,6,1,UVH4a,21,0.08000000000000002,2500000.0,2.5,530,1024,0.517578125
01a072a3-8b43-7750-ac81-2431b9de5abb,a,B,QB6,6,1,UVH4a,22,0.09333333333333332,2500000.0,2.5,532,1024,0.51953125
01a072a3-8b43-7750-ac81-2431b9de5abb,a,B,QB6,6,1,UVH4a,23,0.10666666666666669,2500000.0,2.5,535,1024,0.5224609375
01a072a3-8b43-7750-ac81-2431b9de5abb,a,B,QB6,6,1,UVH4a,24,0.12,2500000.0,2.5,544,1024,0.53125
01a072a3-8b43-7750-ac81-2431b9de5abb,a,B,QB6,6,1,UVH4a,25,0.13333333333333336,2500000.0,2.5,538,1024,0.525390625
01a072a3-8b43-7750-ac81-2431b9de5abb,a,B,QB6,6,1,UVH4a,26,0.14666666666666667,2500000.0,2.5,514,1024,0.501953125
01a072a3-8b43-7750-ac81-2431b9de5abb,a,B,QB6,6,1,UVH4a,27,0.16000000000000003,2500000.0,2.5,519,1024,0.5068359375
01a072a3-8b43-7750-ac81-2431b9de5abb,a,B,QB6,6,1,UVH4a,28,0.17333333333333334,2500000.0,2.5,513,1024,0.5009765625
01a072a3-8b43-7750-ac81-2431b9de5abb,a,B,QB6,6,1,UVH4a,29,0.1866666666666667,2500000.0,2.5,522,1024,0.509765625
01a072a3-8b43-7750-ac81-2431b9de5abb,a,B,QB6,6,1,UVH4a,30,0.2,2500000.0,2.5,487,1024,0.4755859375
01a072a3-8b43-7750-ac81-2431b9de5abb,a,B,QB6,6,2,UVH5a,0,-0.2,2500000.0,2.5,554,1024,0.541015625
01a072a3-8b43-7750-ac81-2431b9de5abb,a,B,QB6,6,2,UVH5a,1,-0.18666666666666668,2500000.0,2.5,570,1024,0.556640625
01a072a3-8b43-7750-ac81-2431b9de5abb,a,B,QB6,6,2,UVH5a,2,-0.17333333333333334,2500000.0,2.5,541,1024,0.5283203125
01a072a3-8b43-7750-ac81-2431b9de5abb,a,B,QB6,6,2,UVH5a,3,-0.16,2500000.0,2.5,554,1024,0.541015625
01a072a3-8b43-7750-ac81-2431b9de5abb,a,B,QB6,6,2,UVH5a,4,-0.14666666666666667,2500000.0,2.5,527,1024,0.5146484375
01a072a3-8b43-7750-ac81-2431b9de5abb,a,B,QB6,6,2,UVH5a,5,-0.13333333333333336,2500000.0,2.5,537,1024,0.5244140625
01a072a3-8b43-7750-ac81-2431b9de5abb,a,B,QB6,6,2,UVH5a,6,-0.12000000000000001,2500000.0,2.5,524,1024,0.51171875
01a072a3-8b43-7750-ac81-2431b9de5abb,a,B,QB6,6,2,UVH5a,7,-0.10666666666666667,2500000.0,2.5,546,1024,0.533203125
01a072a3-8b43-7750-ac81-2431b9de5abb,a,B,QB6,6,2,UVH5a,8,-0.09333333333333334,2500000.0,2.5,522,1024,0.509765625
01a072a3-8b43-7750-ac81-2431b9de5abb,a,B,QB6,6,2,UVH5a,9,-0.08,2500000.0,2.5,526,1024,0.513671875
01a072a3-8b43-7750-ac81-2431b9de5abb,a,B,QB6,6,2,UVH5a,10,-0.06666666666666668,2500000.0,2.5,512,1024,0.5
01a072a3-8b43-7750-ac81-2431b9de5abb,a,B,QB6,6,2,UVH5a,11,-0.053333333333333344,2500000.0,2.5,536,1024,0.5234375
01a072a3-8b43-7750-ac81-2431b9de5abb,a,B,QB6,6,2,UVH5a,12,-0.04000000000000001,2500000.0,2.5,507,1024,0.4951171875
01a072a3-8b43-7750-ac81-2431b9de5abb,a,B,QB6,6,2,UVH5a,13,-0.026666666666666672,2500000.0,2.5,505,1024,0.4931640625
01a072a3-8b43-7750-ac81-2431b9de5abb,a,B,QB6,6,2,UVH5a,14,-0.013333333333333336,2500000.0,2.5,526,1024,0.513671875
01a072a3-8b43-7750-ac81-2431b9de5abb,a,B,QB6,6,2,UVH5a,15,0.0,2500000.0,2.5,529,1024,0.5166015625
01a072a3-8b43-7750-ac81-2431b9de5abb,a,B,QB6,6,2,UVH5a,16,0.013333333333333336,2500000.0,2.5,473,1024,0.4619140625
01a072a3-8b43-7750-ac81-2431b9de5abb,a,B,QB6,6,2,UVH5a,17,0.026666666666666672,2500000.0,2.5,519,1024,0.5068359375
01a072a3-8b43-7750-ac81-2431b9de5abb,a,B,QB6,6,2,UVH5a,18,0.04000000000000001,2500000.0,2.5,508,1024,0.49609375
01a072a3-8b43-7750-ac81-2431b9de5abb,a,B,QB6,6,2,UVH5a,19,0.053333333333333344,2500000.0,2.5,519,1024,0.5068359375
01a072a3-8b43-7750-ac81-2431b9de5abb,a,B,QB6,6,2,UVH5a,20,0.06666666666666665,2500000.0,2.5,498,1024,0.486328125
01a072a3-8b43-7750-ac81-2431b9de5abb,a,B,QB6,6,2,UVH5a,21,0.08000000000000002,2500000.0,2.5,494,1024,0.482421875
01a072a3-8b43-7750-ac81-2431b9de5abb,a,B,QB6,6,2,UVH5a,22,0.09333333333333332,2500000.0,2.5,488,1024,0.4765625
01a072a3-8b43-7750-ac81-2431b9de5abb,a,B,QB6,6,2,UVH5a,23,0.10666666666666669,2500000.0,2.5,535,1024,0.5224609375
01a072a3-8b43-7750-ac81-2431b9de5abb,a,B,QB6,6,2,UVH5a,24,0.12,2500000.0,2.5,514,1024,0.501953125
01a072a3-8b43-7750-ac81-2431b9de5abb,a,B,QB6,6,2,UVH5a,25,0.13333333333333336,2500000.0,2.5,495,1024,0.4833984375
01a072a3-8b43-7750-ac81-2431b9de5abb,a,B,QB6,6,2,UVH5a,26,0.14666666666666667,2500000.0,2.5,508,1024,0.49609375
01a072a3-8b43-7750-ac81-2431b9de5abb,a,B,QB6,6,2,UVH5a,27,0.16000000000000003,2500000.0,2.5,512,1024,0.5
01a072a3-8b43-7750-ac81-2431b9de5abb,a,B,QB6,6,2,UVH5a,28,0.17333333333333334,2500000.0,2.5,488,1024,0.4765625
01a072a3-8b43-7750-ac81-2431b9de5abb,a,B,QB6,6,2,UVH5a,29,0.1866666666666667,2500000.0,2.5,531,1024,0.5185546875
01a072a3-8b43-7750-ac81-2431b9de5abb,a,B,QB6,6,2,UVH5a,30,0.2,2500000.0,2.5,503,1024,0.4912109375
01a072a3-8b43-7750-ac81-2431b9de5abb,a,B,QB6,6,3,UVH6a,0,-0.2,2500000.0,2.5,539,1024,0.5263671875
01a072a3-8b43-7750-ac81-2431b9de5abb,a,B,QB6,6,3,UVH6a,1,-0.18666666666666668,2500000.0,2.5,508,1024,0.49609375
01a072a3-8b43-7750-ac81-2431b9de5abb,a,B,QB6,6,3,UVH6a,2,-0.17333333333333334,2500000.0,2.5,534,1024,0.521484375
01a072a3-8b43-7750-ac81-2431b9de5abb,a,B,QB6,6,3,UVH6a,3,-0.16,2500000.0,2.5,507,1024,0.4951171875
01a072a3-8b43-7750-ac81-2431b9de5abb,a,B,QB6,6,3,UVH6a,4,-0.14666666666666667,2500000.0,2.5,499,1024,0.4873046875
01a072a3-8b43-7750-ac81-2431b9de5abb,a,B,QB6,6,3,UVH6a,5,-0.13333333333333336,2500000.0,2.5,478,1024,0.466796875
01a072a3-8b43-7750-ac81-2431b9de5abb,a,B,QB6,6,3,UVH6a,6,-0.12000000000000001,2500000.0,2.5,486,1024,0.474609375
01a072a3-8b43-7750-ac81-2431b9de5abb,a,B,QB6,6,3,UVH6a,7,-0.10666666666666667,2500000.0,2.5,475,1024,0.4638671875
01a072a3-8b43-7750-ac81-2431b9de5abb,a,B,QB6,6,3,UVH6a,8,-0.09333333333333334,2500000.0,2.5,505,1024,0.4931640625
01a072a3-8b43-7750-ac81-2431b9de5abb,a,B,QB6,6,3,UVH6a,9,-0.08,2500000.0,2.5,472,1024,0.4609375
01a072a3-8b43-7750-ac81-2431b9de5abb,a,B,QB6,6,3,UVH6a,10,-0.06666666666666668,2500000.0,2.5,496,1024,0.484375
01a072a3-8b43-7750-ac81-2431b9de5abb,a,B,QB6,6,3,UVH6a,11,-0.053333333333333344,2500000.0,2.5,491,1024,0.4794921875
01a072a3-8b43-7750-ac81-2431b9de5abb,a,B,QB6,6,3,UVH6a,12,-0.04000000000000001,2500000.0,2.5,486,1024,0.474609375
01a072a3-8b43-7750-ac81-2431b9de5abb,a,B,QB6,6,3,UVH6a,13,-0.026666666666666672,2500000.0,2.5,475,1024,0.4638671875
01a072a3-8b43-7750-ac81-2431b9de5abb,a,B,QB6,6,3,UVH6a,14,-0.013333333333333336,2500000.0,2.5,508,1024,0.49609375
01a072a3-8b43-7750-ac81-2431b9de5abb,a,B,QB6,6,3,UVH6a,15,0.0,2500000.0,2.5,511,1024,0.4990234375
01a072a3-8b43-7750-ac81-2431b9de5abb,a,B,QB6,6,3,UVH6a,16,0.013333333333333336,2500000.0,2.5,494,1024,0.482421875
01a072a3-8b43-7750-ac81-2431b9de5abb,a,B,QB6,6,3,UVH6a,17,0.026666666666666672,2500000.0,2.5,483,1024,0.4716796875
01a072a3-8b43-7750-ac81-2431b9de5abb,a,B,QB6,6,3,UVH6a,18,0.04000000000000001,2500000.0,2.5,511,1024,0.4990234375
01a072a3-8b43-7750-ac81-2431b9de5abb,a,B,QB6,6,3,UVH6a,19,0.053333333333333344,2500000.0,2.5,551,1024,0.5380859375
01a072a3-8b43-7750-ac81-2431b9de5abb,a,B,QB6,6,3,UVH6a,20,0.06666666666666665,2500000.0,2.5,512,1024,0.5
01a072a3-8b43-7750-ac81-2431b9de5abb,a,B,QB6,6,3,UVH6a,21,0.08000000000000002,2500000.0,2.5,506,1024,0.494140625
01a072a3-8b43-7750-ac81-2431b9de5abb,a,B,QB6,6,3,UVH6a,22,0.09333333333333332,2500000.0,2.5,543,1024,0.5302734375
01a072a3-8b43-7750-ac81-2431b9de5abb,a,B,QB6,6,3,UVH6a,23,0.10666666666666669,2500000.0,2.5,533,1024,0.5205078125
01a072a3-8b43-7750-ac81-2431b9de5abb,a,B,QB6,6,3,UVH6a,24,0.12,2500000.0,2.5,515,1024,0.5029296875
01a072a3-8b43-7750-ac81-2431b9de5abb,a,B,QB6,6,3,UVH6a,25,0.13333333333333336,2500000.0,2.5,569,1024,0.5556640625
01a072a3-8b43-7750-ac81-2431b9de5abb,a,B,QB6,6,3,UVH6a,26,0.14666666666666667,2500000.0,2.5,541,1024,0.5283203125
01a072a3-8b43-7750-ac81-2431b9de5abb,a,B,QB6,6,3,UVH6a,27,0.16000000000000003,2500000.0,2.5,564,1024,0.55078125
01a072a3-8b43-7750-ac81-2431b9de5abb,a,B,QB6,6,3,UVH6a,28,0.17333333333333334,2500000.0,2.5,529,1024,0.5166015625
01a072a3-8b43-7750-ac81-2431b9de5abb,a,B,QB6,6,3,UVH6a,29,0.1866666666666667,2500000.0,2.5,541,1024,0.5283203125
01a072a3-8b43-7750-ac81-2431b9de5abb,a,B,QB6,6,3,UVH6a,30,0.2,2500000.0,2.5,522,1024,0.509765625
01a072a3-8b43-7750-ac81-2431b9de5abb,a,B,QB6,6,4,UVH7a,0,-0.2,2500000.0,2.5,476,1024,0.46484375
01a072a3-8b43-7750-ac81-2431b9de5abb,a,B,QB6,6,4,UVH7a,1,-0.18666666666666668,2500000.0,2.5,486,1024,0.474609375
01a072a3-8b43-7750-ac81-2431b9de5abb,a,B,QB6,6,4,UVH7a,2,-0.17333333333333334,2500000.0,2.5,520,1024,0.5078125
01a072a3-8b43-7750-ac81-2431b9de5abb,a,B,QB6,6,4,UVH7a,3,-0.16,2500000.0,2.5,493,1024,0.4814453125
01a072a3-8b43-7750-ac81-2431b9de5abb,a,B,QB6,6,4,UVH7a,4,-0.14666666666666667,2500000.0,2.5,500,1024,0.48828125
01a072a3-8b43-7750-ac81-2431b9de5abb,a,B,QB6,6,4,UVH7a,5,-0.13333333333333336,2500000.0,2.5,493,1024,0.4814453125
01a072a3-8b43-7750-ac81-2431b9de5abb,a,B,QB6,6,4,UVH7a,6,-0.12000000000000001,2500000.0,2.5,491,1024,0.4794921875
01a072a3-8b43-7750-ac81-2431b9de5abb,a,B,QB6,6,4,UVH7a,7,-0.10666666666666667,2500000.0,2.5,517,1024,0.5048828125
01a072a3-8b43-7750-ac81-2431b9de5abb,a,B,QB6,6,4,UVH7a,8,-0.09333333333333334,2500000.0,2.5,496,1024,0.484375
01a072a3-8b43-7750-ac81-2431b9de5abb,a,B,QB6,6,4,UVH7a,9,-0.08,2500000.0,2.5,481,1024,0.4697265625
01a072a3-8b43-7750-ac81-2431b9de5abb,a,B,QB6,6,4,UVH7a,10,-0.06666666666666668,2500000.0,2.5,498,1024,0.486328125
01a072a3-8b43-7750-ac81-2431b9de5abb,a,B,QB6,6,4,UVH7a,11,-0.053333333333333344,2500000.0,2.5,499,1024,0.4873046875
01a072a3-8b43-7750-ac81-2431b9de5abb,a,B,QB6,6,4,UVH7a,12,-0.04000000000000001,2500000.0,2.5,509,1024,0.4970703125
01a072a3-8b43-7750-ac81-2431b9de5abb,a,B,QB6,6,4,UVH7a,13,-0.026666666666666672,2500000.0,2.5,501,1024,0.4892578125
01a072a3-8b43-7750-ac81-2431b9de5abb,a,B,QB6,6,4,UVH7a,14,-0.013333333333333336,2500000.0,2.5,506,1024,0.494140625
01a072a3-8b43-7750-ac81-2431b9de5abb,a,B,QB6,6,4,UVH7a,15,0.0,2500000.0,2.5,501,1024,0.4892578125
01a072a3-8b43-7750-ac81-2431b9de5abb,a,B,QB6,6,4,UVH7a,16,0.013333333333333336,2500000.0,2.5,530,1024,0.517578125
01a072a3-8b43-7750-ac81-2431b9de5abb,a,B,QB6,6,4,UVH7a,17,0.026666666666666672,2500000.0,2.5,502,1024,0.490234375
01a072a3-8b43-7750-ac81-2431b9de5abb,a,B,QB6,6,4,UVH7a,18,0.04000000000000001,2500000.0,2.5,525,1024,0.5126953125
01a072a3-8b43-7750-ac81-2431b9de5abb,a,B,QB6,6,4,UVH7a,19,0.053333333333333344,2500000.0,2.5,511,1024,0.4990234375
01a072a3-8b43-7750-ac81-2431b9de5abb,a,B,QB6,6,4,UVH7a,20,0.06666666666666665,2500000.0,2.5,510,1024,0.498046875
01a072a3-8b43-7750-ac81-2431b9de5abb,a,B,QB6,6,4,UVH7a,21,0.08000000000000002,2500000.0,2.5,519,1024,0.5068359375
01a072a3-8b43-7750-ac81-2431b9de5abb,a,B,QB6,6,4,UVH7a,22,0.09333333333333332,2500000.0,2.5,492,1024,0.48046875
01a072a3-8b43-7750-ac81-2431b9de5abb,a,B,QB6,6,4,UVH7a,23,0.10666666666666669,2500000.0,2.5,499,1024,0.4873046875
01a072a3-8b43-7750-ac81-2431b9de5abb,a,B,QB6,6,4,UVH7a,24,0.12,2500000.0,2.5,484,1024,0.47265625
01a072a3-8b43-7750-ac81-2431b9de5abb,a,B,QB6,6,4,UVH7a,25,0.13333333333333336,2500000.0,2.5,486,1024,0.474609375
01a072a3-8b43-7750-ac81-2431b9de5abb,a,B,QB6,6,4,UVH7a,26,0.14666666666666667,2500000.0,2.5,473,1024,0.4619140625
01a072a3-8b43-7750-ac81-2431b9de5abb,a,B,QB6,6,4,UVH7a,27,0.16000000000000003,2500000.0,2.5,482,1024,0.470703125
01a072a3-8b43-7750-ac81-2431b9de5abb,a,B,QB6,6,4,UVH7a,28,0.17333333333333334,2500000.0,2.5,488,1024,0.4765625
01a072a3-8b43-7750-ac81-2431b9de5abb,a,B,QB6,6,4,UVH7a,29,0.1866666666666667,2500000.0,2.5,496,1024,0.484375
01a072a3-8b43-7750-ac81-2431b9de5abb,a,B,QB6,6,4,UVH7a,30,0.2,2500000.0,2.5,495,1024,0.4833984375
01a072a3-8b43-7750-ac81-2431b9de5abb,a,B,QB6,6,5,UVH8a,0,-0.2,2500000.0,2.5,524,1024,0.51171875
01a072a3-8b43-7750-ac81-2431b9de5abb,a,B,QB6,6,5,UVH8a,1,-0.18666666666666668,2500000.0,2.5,543,1024,0.5302734375
01a072a3-8b43-7750-ac81-2431b9de5abb,a,B,QB6,6,5,UVH8a,2,-0.17333333333333334,2500000.0,2.5,530,1024,0.517578125
01a072a3-8b43-7750-ac81-2431b9de5abb,a,B,QB6,6,5,UVH8a,3,-0.16,2500000.0,2.5,517,1024,0.5048828125
01a072a3-8b43-7750-ac81-2431b9de5abb,a,B,QB6,6,5,UVH8a,4,-0.14666666666666667,2500000.0,2.5,490,1024,0.478515625
01a072a3-8b43-7750-ac81-2431b9de5abb,a,B,QB6,6,5,UVH8a,5,-0.13333333333333336,2500000.0,2.5,502,1024,0.490234375
01a072a3-8b43-7750-ac81-2431b9de5abb,a,B,QB6,6,5,UVH8a,6,-0.12000000000000001,2500000.0,2.5,505,1024,0.4931640625
01a072a3-8b43-7750-ac81-2431b9de5abb,a,B,QB6,6,5,UVH8a,7,-0.10666666666666667,2500000.0,2.5,500,1024,0.48828125
01a072a3-8b43-7750-ac81-2431b9de5abb,a,B,QB6,6,5,UVH8a,8,-0.09333333333333334,2500000.0,2.5,483,1024,0.4716796875
01a072a3-8b43-7750-ac81-2431b9de5abb,a,B,QB6,6,5,UVH8a,9,-0.08,2500000.0,2.5,517,1024,0.5048828125
01a072a3-8b43-7750-ac81-2431b9de5abb,a,B,QB6,6,5,UVH8a,10,-0.06666666666666668,2500000.0,2.5,518,1024,0.505859375
01a072a3-8b43-7750-ac81-2431b9de5abb,a,B,QB6,6,5,UVH8a,11,-0.053333333333333344,2500000.0,2.5,522,1024,0.509765625
01a072a3-8b43-7750-ac81-2431b9de5abb,a,B,QB6,6,5,UVH8a,12,-0.04000000000000001,2500000.0,2.5,514,1024,0.501953125
01a072a3-8b43-7750-ac81-2431b9de5abb,a,B,QB6,6,5,UVH8a,13,-0.026666666666666672,2500000.0,2.5,502,1024,0.490234375
01a072a3-8b43-7750-ac81-2431b9de5abb,a,B,QB6,6,5,UVH8a,14,-0.013333333333333336,2500000.0,2.5,528,1024,0.515625
01a072a3-8b43-7750-ac81-2431b9de5abb,a,B,QB6,6,5,UVH8a,15,0.0,2500000.0,2.5,507,1024,0.4951171875
01a072a3-8b43-7750-ac81-2431b9de5abb,a,B,QB6,6,5,UVH8a,16,0.013333333333333336,2500000.0,2.5,497,1024,0.4853515625
01a072a3-8b43-7750-ac81-2431b9de5abb,a,B,QB6,6,5,UVH8a,17,0.026666666666666672,2500000.0,2.5,515,1024,0.5029296875
01a072a3-8b43-7750-ac81-2431b9de5abb,a,B,QB6,6,5,UVH8a,18,0.04000000000000001,2500000.0,2.5,516,1024,0.50390625
01a072a3-8b43-7750-ac81-2431b9de5abb,a,B,QB6,6,5,UVH8a,19,0.053333333333333344,2500000.0,2.5,484,1024,0.47265625
01a072a3-8b43-7750-ac81-2431b9de5abb,a,B,QB6,6,5,UVH8a,20,0.06666666666666665,2500000.0,2.5,484,1024,0.47265625
01a072a3-8b43-7750-ac81-2431b9de5abb,a,B,QB6,6,5,UVH8a,21,0.08000000000000002,2500000.0,2.5,512,1024,0.5
01a072a3-8b43-7750-ac81-2431b9de5abb,a,B,QB6,6,5,UVH8a,22,0.09333333333333332,2500000.0,2.5,494,1024,0.482421875
01a072a3-8b43-7750-ac81-2431b9de5abb,a,B,QB6,6,5,UVH8a,23,0.10666666666666669,2500000.0,2.5,477,1024,0.4658203125
01a072a3-8b43-7750-ac81-2431b9de5abb,a,B,QB6,6,5,UVH8a,24,0.12,2500000.0,2.5,509,1024,0.4970703125
01a072a3-8b43-7750-ac81-2431b9de5abb,a,B,QB6,6,5,UVH8a,25,0.13333333333333336,2500000.0,2.5,483,1024,0.4716796875
01a072a3-8b43-7750-ac81-2431b9de5abb,a,B,QB6,6,5,UVH8a,26,0.14666666666666667,2500000.0,2.5,452,1024,0.44140625
01a072a3-8b43-7750-ac81-2431b9de5abb,a,B,QB6,6,5,UVH8a,27,0.16000000000000003,2500000.0,2.5,489,1024,0.4775390625
01a072a3-8b43-7750-ac81-2431b9de5abb,a,B,QB6,6,5,UVH8a,28,0.17333333333333334,2500000.0,2.5,482,1024,0.470703125
01a072a3-8b43-7750-ac81-2431b9de5abb,a,B,QB6,6,5,UVH8a,29,0.1866666666666667,2500000.0,2.5,489,1024,0.4775390625
01a072a3-8b43-7750-ac81-2431b9de5abb,a,B,QB6,6,5,UVH8a,30,0.2,2500000.0,2.5,463,1024,0.4521484375
01a072a3-8b43-7750-ac81-2431b9de5abb,a,B,QB13,7,0,standard_pi_2,0,-0.2,2500000.0,2.5,331,1024,0.3232421875
01a072a3-8b43-7750-ac81-2431b9de5abb,a,B,QB13,7,0,standard_pi_2,1,-0.18666666666666668,2500000.0,2.5,342,1024,0.333984375
01a072a3-8b43-7750-ac81-2431b9de5abb,a,B,QB13,7,0,standard_pi_2,2,-0.17333333333333334,2500000.0,2.5,375,1024,0.3662109375
01a072a3-8b43-7750-ac81-2431b9de5abb,a,B,QB13,7,0,standard_pi_2,3,-0.16,2500000.0,2.5,369,1024,0.3603515625
01a072a3-8b43-7750-ac81-2431b9de5abb,a,B,QB13,7,0,standard_pi_2,4,-0.14666666666666667,2500000.0,2.5,382,1024,0.373046875
01a072a3-8b43-7750-ac81-2431b9de5abb,a,B,QB13,7,0,standard_pi_2,5,-0.13333333333333336,2500000.0,2.5,411,1024,0.4013671875
01a072a3-8b43-7750-ac81-2431b9de5abb,a,B,QB13,7,0,standard_pi_2,6,-0.12000000000000001,2500000.0,2.5,427,1024,0.4169921875
01a072a3-8b43-7750-ac81-2431b9de5abb,a,B,QB13,7,0,standard_pi_2,7,-0.10666666666666667,2500000.0,2.5,381,1024,0.3720703125
01a072a3-8b43-7750-ac81-2431b9de5abb,a,B,QB13,7,0,standard_pi_2,8,-0.09333333333333334,2500000.0,2.5,427,1024,0.4169921875
01a072a3-8b43-7750-ac81-2431b9de5abb,a,B,QB13,7,0,standard_pi_2,9,-0.08,2500000.0,2.5,395,1024,0.3857421875
01a072a3-8b43-7750-ac81-2431b9de5abb,a,B,QB13,7,0,standard_pi_2,10,-0.06666666666666668,2500000.0,2.5,462,1024,0.451171875
01a072a3-8b43-7750-ac81-2431b9de5abb,a,B,QB13,7,0,standard_pi_2,11,-0.053333333333333344,2500000.0,2.5,465,1024,0.4541015625
01a072a3-8b43-7750-ac81-2431b9de5abb,a,B,QB13,7,0,standard_pi_2,12,-0.04000000000000001,2500000.0,2.5,477,1024,0.4658203125
01a072a3-8b43-7750-ac81-2431b9de5abb,a,B,QB13,7,0,standard_pi_2,13,-0.026666666666666672,2500000.0,2.5,492,1024,0.48046875
01a072a3-8b43-7750-ac81-2431b9de5abb,a,B,QB13,7,0,standard_pi_2,14,-0.013333333333333336,2500000.0,2.5,492,1024,0.48046875
01a072a3-8b43-7750-ac81-2431b9de5abb,a,B,QB13,7,0,standard_pi_2,15,0.0,2500000.0,2.5,480,1024,0.46875
01a072a3-8b43-7750-ac81-2431b9de5abb,a,B,QB13,7,0,standard_pi_2,16,0.013333333333333336,2500000.0,2.5,491,1024,0.4794921875
01a072a3-8b43-7750-ac81-2431b9de5abb,a,B,QB13,7,0,standard_pi_2,17,0.026666666666666672,2500000.0,2.5,480,1024,0.46875
01a072a3-8b43-7750-ac81-2431b9de5abb,a,B,QB13,7,0,standard_pi_2,18,0.04000000000000001,2500000.0,2.5,521,1024,0.5087890625
01a072a3-8b43-7750-ac81-2431b9de5abb,a,B,QB13,7,0,standard_pi_2,19,0.053333333333333344,2500000.0,2.5,504,1024,0.4921875
01a072a3-8b43-7750-ac81-2431b9de5abb,a,B,QB13,7,0,standard_pi_2,20,0.06666666666666665,2500000.0,2.5,548,1024,0.53515625
01a072a3-8b43-7750-ac81-2431b9de5abb,a,B,QB13,7,0,standard_pi_2,21,0.08000000000000002,2500000.0,2.5,523,1024,0.5107421875
01a072a3-8b43-7750-ac81-2431b9de5abb,a,B,QB13,7,0,standard_pi_2,22,0.09333333333333332,2500000.0,2.5,534,1024,0.521484375
01a072a3-8b43-7750-ac81-2431b9de5abb,a,B,QB13,7,0,standard_pi_2,23,0.10666666666666669,2500000.0,2.5,591,1024,0.5771484375
01a072a3-8b43-7750-ac81-2431b9de5abb,a,B,QB13,7,0,standard_pi_2,24,0.12,2500000.0,2.5,579,1024,0.5654296875
01a072a3-8b43-7750-ac81-2431b9de5abb,a,B,QB13,7,0,standard_pi_2,25,0.13333333333333336,2500000.0,2.5,586,1024,0.572265625
01a072a3-8b43-7750-ac81-2431b9de5abb,a,B,QB13,7,0,standard_pi_2,26,0.14666666666666667,2500000.0,2.5,590,1024,0.576171875
01a072a3-8b43-7750-ac81-2431b9de5abb,a,B,QB13,7,0,standard_pi_2,27,0.16000000000000003,2500000.0,2.5,596,1024,0.58203125
01a072a3-8b43-7750-ac81-2431b9de5abb,a,B,QB13,7,0,standard_pi_2,28,0.17333333333333334,2500000.0,2.5,601,1024,0.5869140625
01a072a3-8b43-7750-ac81-2431b9de5abb,a,B,QB13,7,0,standard_pi_2,29,0.1866666666666667,2500000.0,2.5,639,1024,0.6240234375
01a072a3-8b43-7750-ac81-2431b9de5abb,a,B,QB13,7,0,standard_pi_2,30,0.2,2500000.0,2.5,650,1024,0.634765625
01a072a3-8b43-7750-ac81-2431b9de5abb,a,B,QB13,7,1,UVH4a,0,-0.2,2500000.0,2.5,425,1024,0.4150390625
01a072a3-8b43-7750-ac81-2431b9de5abb,a,B,QB13,7,1,UVH4a,1,-0.18666666666666668,2500000.0,2.5,430,1024,0.419921875
01a072a3-8b43-7750-ac81-2431b9de5abb,a,B,QB13,7,1,UVH4a,2,-0.17333333333333334,2500000.0,2.5,461,1024,0.4501953125
01a072a3-8b43-7750-ac81-2431b9de5abb,a,B,QB13,7,1,UVH4a,3,-0.16,2500000.0,2.5,455,1024,0.4443359375
01a072a3-8b43-7750-ac81-2431b9de5abb,a,B,QB13,7,1,UVH4a,4,-0.14666666666666667,2500000.0,2.5,447,1024,0.4365234375
01a072a3-8b43-7750-ac81-2431b9de5abb,a,B,QB13,7,1,UVH4a,5,-0.13333333333333336,2500000.0,2.5,437,1024,0.4267578125
01a072a3-8b43-7750-ac81-2431b9de5abb,a,B,QB13,7,1,UVH4a,6,-0.12000000000000001,2500000.0,2.5,437,1024,0.4267578125
01a072a3-8b43-7750-ac81-2431b9de5abb,a,B,QB13,7,1,UVH4a,7,-0.10666666666666667,2500000.0,2.5,487,1024,0.4755859375
01a072a3-8b43-7750-ac81-2431b9de5abb,a,B,QB13,7,1,UVH4a,8,-0.09333333333333334,2500000.0,2.5,505,1024,0.4931640625
01a072a3-8b43-7750-ac81-2431b9de5abb,a,B,QB13,7,1,UVH4a,9,-0.08,2500000.0,2.5,461,1024,0.4501953125
01a072a3-8b43-7750-ac81-2431b9de5abb,a,B,QB13,7,1,UVH4a,10,-0.06666666666666668,2500000.0,2.5,456,1024,0.4453125
01a072a3-8b43-7750-ac81-2431b9de5abb,a,B,QB13,7,1,UVH4a,11,-0.053333333333333344,2500000.0,2.5,462,1024,0.451171875
01a072a3-8b43-7750-ac81-2431b9de5abb,a,B,QB13,7,1,UVH4a,12,-0.04000000000000001,2500000.0,2.5,468,1024,0.45703125
01a072a3-8b43-7750-ac81-2431b9de5abb,a,B,QB13,7,1,UVH4a,13,-0.026666666666666672,2500000.0,2.5,478,1024,0.466796875
01a072a3-8b43-7750-ac81-2431b9de5abb,a,B,QB13,7,1,UVH4a,14,-0.013333333333333336,2500000.0,2.5,510,1024,0.498046875
01a072a3-8b43-7750-ac81-2431b9de5abb,a,B,QB13,7,1,UVH4a,15,0.0,2500000.0,2.5,469,1024,0.4580078125
01a072a3-8b43-7750-ac81-2431b9de5abb,a,B,QB13,7,1,UVH4a,16,0.013333333333333336,2500000.0,2.5,473,1024,0.4619140625
01a072a3-8b43-7750-ac81-2431b9de5abb,a,B,QB13,7,1,UVH4a,17,0.026666666666666672,2500000.0,2.5,496,1024,0.484375
01a072a3-8b43-7750-ac81-2431b9de5abb,a,B,QB13,7,1,UVH4a,18,0.04000000000000001,2500000.0,2.5,458,1024,0.447265625
01a072a3-8b43-7750-ac81-2431b9de5abb,a,B,QB13,7,1,UVH4a,19,0.053333333333333344,2500000.0,2.5,457,1024,0.4462890625
01a072a3-8b43-7750-ac81-2431b9de5abb,a,B,QB13,7,1,UVH4a,20,0.06666666666666665,2500000.0,2.5,459,1024,0.4482421875
01a072a3-8b43-7750-ac81-2431b9de5abb,a,B,QB13,7,1,UVH4a,21,0.08000000000000002,2500000.0,2.5,467,1024,0.4560546875
01a072a3-8b43-7750-ac81-2431b9de5abb,a,B,QB13,7,1,UVH4a,22,0.09333333333333332,2500000.0,2.5,495,1024,0.4833984375
01a072a3-8b43-7750-ac81-2431b9de5abb,a,B,QB13,7,1,UVH4a,23,0.10666666666666669,2500000.0,2.5,440,1024,0.4296875
01a072a3-8b43-7750-ac81-2431b9de5abb,a,B,QB13,7,1,UVH4a,24,0.12,2500000.0,2.5,469,1024,0.4580078125
01a072a3-8b43-7750-ac81-2431b9de5abb,a,B,QB13,7,1,UVH4a,25,0.13333333333333336,2500000.0,2.5,460,1024,0.44921875
01a072a3-8b43-7750-ac81-2431b9de5abb,a,B,QB13,7,1,UVH4a,26,0.14666666666666667,2500000.0,2.5,464,1024,0.453125
01a072a3-8b43-7750-ac81-2431b9de5abb,a,B,QB13,7,1,UVH4a,27,0.16000000000000003,2500000.0,2.5,465,1024,0.4541015625
01a072a3-8b43-7750-ac81-2431b9de5abb,a,B,QB13,7,1,UVH4a,28,0.17333333333333334,2500000.0,2.5,471,1024,0.4599609375
01a072a3-8b43-7750-ac81-2431b9de5abb,a,B,QB13,7,1,UVH4a,29,0.1866666666666667,2500000.0,2.5,463,1024,0.4521484375
01a072a3-8b43-7750-ac81-2431b9de5abb,a,B,QB13,7,1,UVH4a,30,0.2,2500000.0,2.5,443,1024,0.4326171875
01a072a3-8b43-7750-ac81-2431b9de5abb,a,B,QB13,7,2,UVH5a,0,-0.2,2500000.0,2.5,577,1024,0.5634765625
01a072a3-8b43-7750-ac81-2431b9de5abb,a,B,QB13,7,2,UVH5a,1,-0.18666666666666668,2500000.0,2.5,544,1024,0.53125
01a072a3-8b43-7750-ac81-2431b9de5abb,a,B,QB13,7,2,UVH5a,2,-0.17333333333333334,2500000.0,2.5,583,1024,0.5693359375
01a072a3-8b43-7750-ac81-2431b9de5abb,a,B,QB13,7,2,UVH5a,3,-0.16,2500000.0,2.5,524,1024,0.51171875
01a072a3-8b43-7750-ac81-2431b9de5abb,a,B,QB13,7,2,UVH5a,4,-0.14666666666666667,2500000.0,2.5,563,1024,0.5498046875
01a072a3-8b43-7750-ac81-2431b9de5abb,a,B,QB13,7,2,UVH5a,5,-0.13333333333333336,2500000.0,2.5,539,1024,0.5263671875
01a072a3-8b43-7750-ac81-2431b9de5abb,a,B,QB13,7,2,UVH5a,6,-0.12000000000000001,2500000.0,2.5,509,1024,0.4970703125
01a072a3-8b43-7750-ac81-2431b9de5abb,a,B,QB13,7,2,UVH5a,7,-0.10666666666666667,2500000.0,2.5,519,1024,0.5068359375
01a072a3-8b43-7750-ac81-2431b9de5abb,a,B,QB13,7,2,UVH5a,8,-0.09333333333333334,2500000.0,2.5,521,1024,0.5087890625
01a072a3-8b43-7750-ac81-2431b9de5abb,a,B,QB13,7,2,UVH5a,9,-0.08,2500000.0,2.5,495,1024,0.4833984375
01a072a3-8b43-7750-ac81-2431b9de5abb,a,B,QB13,7,2,UVH5a,10,-0.06666666666666668,2500000.0,2.5,505,1024,0.4931640625
01a072a3-8b43-7750-ac81-2431b9de5abb,a,B,QB13,7,2,UVH5a,11,-0.053333333333333344,2500000.0,2.5,502,1024,0.490234375
01a072a3-8b43-7750-ac81-2431b9de5abb,a,B,QB13,7,2,UVH5a,12,-0.04000000000000001,2500000.0,2.5,513,1024,0.5009765625
01a072a3-8b43-7750-ac81-2431b9de5abb,a,B,QB13,7,2,UVH5a,13,-0.026666666666666672,2500000.0,2.5,528,1024,0.515625
01a072a3-8b43-7750-ac81-2431b9de5abb,a,B,QB13,7,2,UVH5a,14,-0.013333333333333336,2500000.0,2.5,480,1024,0.46875
01a072a3-8b43-7750-ac81-2431b9de5abb,a,B,QB13,7,2,UVH5a,15,0.0,2500000.0,2.5,484,1024,0.47265625
01a072a3-8b43-7750-ac81-2431b9de5abb,a,B,QB13,7,2,UVH5a,16,0.013333333333333336,2500000.0,2.5,500,1024,0.48828125
01a072a3-8b43-7750-ac81-2431b9de5abb,a,B,QB13,7,2,UVH5a,17,0.026666666666666672,2500000.0,2.5,491,1024,0.4794921875
01a072a3-8b43-7750-ac81-2431b9de5abb,a,B,QB13,7,2,UVH5a,18,0.04000000000000001,2500000.0,2.5,461,1024,0.4501953125
01a072a3-8b43-7750-ac81-2431b9de5abb,a,B,QB13,7,2,UVH5a,19,0.053333333333333344,2500000.0,2.5,485,1024,0.4736328125
01a072a3-8b43-7750-ac81-2431b9de5abb,a,B,QB13,7,2,UVH5a,20,0.06666666666666665,2500000.0,2.5,471,1024,0.4599609375
01a072a3-8b43-7750-ac81-2431b9de5abb,a,B,QB13,7,2,UVH5a,21,0.08000000000000002,2500000.0,2.5,471,1024,0.4599609375
01a072a3-8b43-7750-ac81-2431b9de5abb,a,B,QB13,7,2,UVH5a,22,0.09333333333333332,2500000.0,2.5,456,1024,0.4453125
01a072a3-8b43-7750-ac81-2431b9de5abb,a,B,QB13,7,2,UVH5a,23,0.10666666666666669,2500000.0,2.5,447,1024,0.4365234375
01a072a3-8b43-7750-ac81-2431b9de5abb,a,B,QB13,7,2,UVH5a,24,0.12,2500000.0,2.5,475,1024,0.4638671875
01a072a3-8b43-7750-ac81-2431b9de5abb,a,B,QB13,7,2,UVH5a,25,0.13333333333333336,2500000.0,2.5,440,1024,0.4296875
01a072a3-8b43-7750-ac81-2431b9de5abb,a,B,QB13,7,2,UVH5a,26,0.14666666666666667,2500000.0,2.5,436,1024,0.42578125
01a072a3-8b43-7750-ac81-2431b9de5abb,a,B,QB13,7,2,UVH5a,27,0.16000000000000003,2500000.0,2.5,465,1024,0.4541015625
01a072a3-8b43-7750-ac81-2431b9de5abb,a,B,QB13,7,2,UVH5a,28,0.17333333333333334,2500000.0,2.5,430,1024,0.419921875
01a072a3-8b43-7750-ac81-2431b9de5abb,a,B,QB13,7,2,UVH5a,29,0.1866666666666667,2500000.0,2.5,445,1024,0.4345703125
01a072a3-8b43-7750-ac81-2431b9de5abb,a,B,QB13,7,2,UVH5a,30,0.2,2500000.0,2.5,451,1024,0.4404296875
01a072a3-8b43-7750-ac81-2431b9de5abb,a,B,QB13,7,3,UVH6a,0,-0.2,2500000.0,2.5,587,1024,0.5732421875
01a072a3-8b43-7750-ac81-2431b9de5abb,a,B,QB13,7,3,UVH6a,1,-0.18666666666666668,2500000.0,2.5,610,1024,0.595703125
01a072a3-8b43-7750-ac81-2431b9de5abb,a,B,QB13,7,3,UVH6a,2,-0.17333333333333334,2500000.0,2.5,576,1024,0.5625
01a072a3-8b43-7750-ac81-2431b9de5abb,a,B,QB13,7,3,UVH6a,3,-0.16,2500000.0,2.5,548,1024,0.53515625
01a072a3-8b43-7750-ac81-2431b9de5abb,a,B,QB13,7,3,UVH6a,4,-0.14666666666666667,2500000.0,2.5,550,1024,0.537109375
01a072a3-8b43-7750-ac81-2431b9de5abb,a,B,QB13,7,3,UVH6a,5,-0.13333333333333336,2500000.0,2.5,552,1024,0.5390625
01a072a3-8b43-7750-ac81-2431b9de5abb,a,B,QB13,7,3,UVH6a,6,-0.12000000000000001,2500000.0,2.5,535,1024,0.5224609375
01a072a3-8b43-7750-ac81-2431b9de5abb,a,B,QB13,7,3,UVH6a,7,-0.10666666666666667,2500000.0,2.5,564,1024,0.55078125
01a072a3-8b43-7750-ac81-2431b9de5abb,a,B,QB13,7,3,UVH6a,8,-0.09333333333333334,2500000.0,2.5,532,1024,0.51953125
01a072a3-8b43-7750-ac81-2431b9de5abb,a,B,QB13,7,3,UVH6a,9,-0.08,2500000.0,2.5,557,1024,0.5439453125
01a072a3-8b43-7750-ac81-2431b9de5abb,a,B,QB13,7,3,UVH6a,10,-0.06666666666666668,2500000.0,2.5,504,1024,0.4921875
01a072a3-8b43-7750-ac81-2431b9de5abb,a,B,QB13,7,3,UVH6a,11,-0.053333333333333344,2500000.0,2.5,517,1024,0.5048828125
01a072a3-8b43-7750-ac81-2431b9de5abb,a,B,QB13,7,3,UVH6a,12,-0.04000000000000001,2500000.0,2.5,531,1024,0.5185546875
01a072a3-8b43-7750-ac81-2431b9de5abb,a,B,QB13,7,3,UVH6a,13,-0.026666666666666672,2500000.0,2.5,523,1024,0.5107421875
01a072a3-8b43-7750-ac81-2431b9de5abb,a,B,QB13,7,3,UVH6a,14,-0.013333333333333336,2500000.0,2.5,512,1024,0.5
01a072a3-8b43-7750-ac81-2431b9de5abb,a,B,QB13,7,3,UVH6a,15,0.0,2500000.0,2.5,493,1024,0.4814453125
01a072a3-8b43-7750-ac81-2431b9de5abb,a,B,QB13,7,3,UVH6a,16,0.013333333333333336,2500000.0,2.5,530,1024,0.517578125
01a072a3-8b43-7750-ac81-2431b9de5abb,a,B,QB13,7,3,UVH6a,17,0.026666666666666672,2500000.0,2.5,522,1024,0.509765625
01a072a3-8b43-7750-ac81-2431b9de5abb,a,B,QB13,7,3,UVH6a,18,0.04000000000000001,2500000.0,2.5,517,1024,0.5048828125
01a072a3-8b43-7750-ac81-2431b9de5abb,a,B,QB13,7,3,UVH6a,19,0.053333333333333344,2500000.0,2.5,525,1024,0.5126953125
01a072a3-8b43-7750-ac81-2431b9de5abb,a,B,QB13,7,3,UVH6a,20,0.06666666666666665,2500000.0,2.5,533,1024,0.5205078125
01a072a3-8b43-7750-ac81-2431b9de5abb,a,B,QB13,7,3,UVH6a,21,0.08000000000000002,2500000.0,2.5,524,1024,0.51171875
01a072a3-8b43-7750-ac81-2431b9de5abb,a,B,QB13,7,3,UVH6a,22,0.09333333333333332,2500000.0,2.5,532,1024,0.51953125
01a072a3-8b43-7750-ac81-2431b9de5abb,a,B,QB13,7,3,UVH6a,23,0.10666666666666669,2500000.0,2.5,516,1024,0.50390625
01a072a3-8b43-7750-ac81-2431b9de5abb,a,B,QB13,7,3,UVH6a,24,0.12,2500000.0,2.5,527,1024,0.5146484375
01a072a3-8b43-7750-ac81-2431b9de5abb,a,B,QB13,7,3,UVH6a,25,0.13333333333333336,2500000.0,2.5,517,1024,0.5048828125
01a072a3-8b43-7750-ac81-2431b9de5abb,a,B,QB13,7,3,UVH6a,26,0.14666666666666667,2500000.0,2.5,498,1024,0.486328125
01a072a3-8b43-7750-ac81-2431b9de5abb,a,B,QB13,7,3,UVH6a,27,0.16000000000000003,2500000.0,2.5,514,1024,0.501953125
01a072a3-8b43-7750-ac81-2431b9de5abb,a,B,QB13,7,3,UVH6a,28,0.17333333333333334,2500000.0,2.5,518,1024,0.505859375
01a072a3-8b43-7750-ac81-2431b9de5abb,a,B,QB13,7,3,UVH6a,29,0.1866666666666667,2500000.0,2.5,519,1024,0.5068359375
01a072a3-8b43-7750-ac81-2431b9de5abb,a,B,QB13,7,3,UVH6a,30,0.2,2500000.0,2.5,528,1024,0.515625
01a072a3-8b43-7750-ac81-2431b9de5abb,a,B,QB13,7,4,UVH7a,0,-0.2,2500000.0,2.5,472,1024,0.4609375
01a072a3-8b43-7750-ac81-2431b9de5abb,a,B,QB13,7,4,UVH7a,1,-0.18666666666666668,2500000.0,2.5,487,1024,0.4755859375
01a072a3-8b43-7750-ac81-2431b9de5abb,a,B,QB13,7,4,UVH7a,2,-0.17333333333333334,2500000.0,2.5,465,1024,0.4541015625
01a072a3-8b43-7750-ac81-2431b9de5abb,a,B,QB13,7,4,UVH7a,3,-0.16,2500000.0,2.5,475,1024,0.4638671875
01a072a3-8b43-7750-ac81-2431b9de5abb,a,B,QB13,7,4,UVH7a,4,-0.14666666666666667,2500000.0,2.5,460,1024,0.44921875
01a072a3-8b43-7750-ac81-2431b9de5abb,a,B,QB13,7,4,UVH7a,5,-0.13333333333333336,2500000.0,2.5,437,1024,0.4267578125
01a072a3-8b43-7750-ac81-2431b9de5abb,a,B,QB13,7,4,UVH7a,6,-0.12000000000000001,2500000.0,2.5,468,1024,0.45703125
01a072a3-8b43-7750-ac81-2431b9de5abb,a,B,QB13,7,4,UVH7a,7,-0.10666666666666667,2500000.0,2.5,466,1024,0.455078125
01a072a3-8b43-7750-ac81-2431b9de5abb,a,B,QB13,7,4,UVH7a,8,-0.09333333333333334,2500000.0,2.5,481,1024,0.4697265625
01a072a3-8b43-7750-ac81-2431b9de5abb,a,B,QB13,7,4,UVH7a,9,-0.08,2500000.0,2.5,434,1024,0.423828125
01a072a3-8b43-7750-ac81-2431b9de5abb,a,B,QB13,7,4,UVH7a,10,-0.06666666666666668,2500000.0,2.5,447,1024,0.4365234375
01a072a3-8b43-7750-ac81-2431b9de5abb,a,B,QB13,7,4,UVH7a,11,-0.053333333333333344,2500000.0,2.5,469,1024,0.4580078125
01a072a3-8b43-7750-ac81-2431b9de5abb,a,B,QB13,7,4,UVH7a,12,-0.04000000000000001,2500000.0,2.5,439,1024,0.4287109375
01a072a3-8b43-7750-ac81-2431b9de5abb,a,B,QB13,7,4,UVH7a,13,-0.026666666666666672,2500000.0,2.5,445,1024,0.4345703125
01a072a3-8b43-7750-ac81-2431b9de5abb,a,B,QB13,7,4,UVH7a,14,-0.013333333333333336,2500000.0,2.5,453,1024,0.4423828125
01a072a3-8b43-7750-ac81-2431b9de5abb,a,B,QB13,7,4,UVH7a,15,0.0,2500000.0,2.5,455,1024,0.4443359375
01a072a3-8b43-7750-ac81-2431b9de5abb,a,B,QB13,7,4,UVH7a,16,0.013333333333333336,2500000.0,2.5,435,1024,0.4248046875
01a072a3-8b43-7750-ac81-2431b9de5abb,a,B,QB13,7,4,UVH7a,17,0.026666666666666672,2500000.0,2.5,442,1024,0.431640625
01a072a3-8b43-7750-ac81-2431b9de5abb,a,B,QB13,7,4,UVH7a,18,0.04000000000000001,2500000.0,2.5,431,1024,0.4208984375
01a072a3-8b43-7750-ac81-2431b9de5abb,a,B,QB13,7,4,UVH7a,19,0.053333333333333344,2500000.0,2.5,472,1024,0.4609375
01a072a3-8b43-7750-ac81-2431b9de5abb,a,B,QB13,7,4,UVH7a,20,0.06666666666666665,2500000.0,2.5,420,1024,0.41015625
01a072a3-8b43-7750-ac81-2431b9de5abb,a,B,QB13,7,4,UVH7a,21,0.08000000000000002,2500000.0,2.5,446,1024,0.435546875
01a072a3-8b43-7750-ac81-2431b9de5abb,a,B,QB13,7,4,UVH7a,22,0.09333333333333332,2500000.0,2.5,437,1024,0.4267578125
01a072a3-8b43-7750-ac81-2431b9de5abb,a,B,QB13,7,4,UVH7a,23,0.10666666666666669,2500000.0,2.5,445,1024,0.4345703125
01a072a3-8b43-7750-ac81-2431b9de5abb,a,B,QB13,7,4,UVH7a,24,0.12,2500000.0,2.5,421,1024,0.4111328125
01a072a3-8b43-7750-ac81-2431b9de5abb,a,B,QB13,7,4,UVH7a,25,0.13333333333333336,2500000.0,2.5,456,1024,0.4453125
01a072a3-8b43-7750-ac81-2431b9de5abb,a,B,QB13,7,4,UVH7a,26,0.14666666666666667,2500000.0,2.5,453,1024,0.4423828125
01a072a3-8b43-7750-ac81-2431b9de5abb,a,B,QB13,7,4,UVH7a,27,0.16000000000000003,2500000.0,2.5,450,1024,0.439453125
01a072a3-8b43-7750-ac81-2431b9de5abb,a,B,QB13,7,4,UVH7a,28,0.17333333333333334,2500000.0,2.5,432,1024,0.421875
01a072a3-8b43-7750-ac81-2431b9de5abb,a,B,QB13,7,4,UVH7a,29,0.1866666666666667,2500000.0,2.5,453,1024,0.4423828125
01a072a3-8b43-7750-ac81-2431b9de5abb,a,B,QB13,7,4,UVH7a,30,0.2,2500000.0,2.5,430,1024,0.419921875
01a072a3-8b43-7750-ac81-2431b9de5abb,a,B,QB13,7,5,UVH8a,0,-0.2,2500000.0,2.5,536,1024,0.5234375
01a072a3-8b43-7750-ac81-2431b9de5abb,a,B,QB13,7,5,UVH8a,1,-0.18666666666666668,2500000.0,2.5,534,1024,0.521484375
01a072a3-8b43-7750-ac81-2431b9de5abb,a,B,QB13,7,5,UVH8a,2,-0.17333333333333334,2500000.0,2.5,534,1024,0.521484375
01a072a3-8b43-7750-ac81-2431b9de5abb,a,B,QB13,7,5,UVH8a,3,-0.16,2500000.0,2.5,553,1024,0.5400390625
01a072a3-8b43-7750-ac81-2431b9de5abb,a,B,QB13,7,5,UVH8a,4,-0.14666666666666667,2500000.0,2.5,563,1024,0.5498046875
01a072a3-8b43-7750-ac81-2431b9de5abb,a,B,QB13,7,5,UVH8a,5,-0.13333333333333336,2500000.0,2.5,543,1024,0.5302734375
01a072a3-8b43-7750-ac81-2431b9de5abb,a,B,QB13,7,5,UVH8a,6,-0.12000000000000001,2500000.0,2.5,566,1024,0.552734375
01a072a3-8b43-7750-ac81-2431b9de5abb,a,B,QB13,7,5,UVH8a,7,-0.10666666666666667,2500000.0,2.5,540,1024,0.52734375
01a072a3-8b43-7750-ac81-2431b9de5abb,a,B,QB13,7,5,UVH8a,8,-0.09333333333333334,2500000.0,2.5,556,1024,0.54296875
01a072a3-8b43-7750-ac81-2431b9de5abb,a,B,QB13,7,5,UVH8a,9,-0.08,2500000.0,2.5,554,1024,0.541015625
01a072a3-8b43-7750-ac81-2431b9de5abb,a,B,QB13,7,5,UVH8a,10,-0.06666666666666668,2500000.0,2.5,556,1024,0.54296875
01a072a3-8b43-7750-ac81-2431b9de5abb,a,B,QB13,7,5,UVH8a,11,-0.053333333333333344,2500000.0,2.5,550,1024,0.537109375
01a072a3-8b43-7750-ac81-2431b9de5abb,a,B,QB13,7,5,UVH8a,12,-0.04000000000000001,2500000.0,2.5,541,1024,0.5283203125
01a072a3-8b43-7750-ac81-2431b9de5abb,a,B,QB13,7,5,UVH8a,13,-0.026666666666666672,2500000.0,2.5,559,1024,0.5458984375
01a072a3-8b43-7750-ac81-2431b9de5abb,a,B,QB13,7,5,UVH8a,14,-0.013333333333333336,2500000.0,2.5,574,1024,0.560546875
01a072a3-8b43-7750-ac81-2431b9de5abb,a,B,QB13,7,5,UVH8a,15,0.0,2500000.0,2.5,564,1024,0.55078125
01a072a3-8b43-7750-ac81-2431b9de5abb,a,B,QB13,7,5,UVH8a,16,0.013333333333333336,2500000.0,2.5,570,1024,0.556640625
01a072a3-8b43-7750-ac81-2431b9de5abb,a,B,QB13,7,5,UVH8a,17,0.026666666666666672,2500000.0,2.5,545,1024,0.5322265625
01a072a3-8b43-7750-ac81-2431b9de5abb,a,B,QB13,7,5,UVH8a,18,0.04000000000000001,2500000.0,2.5,537,1024,0.5244140625
01a072a3-8b43-7750-ac81-2431b9de5abb,a,B,QB13,7,5,UVH8a,19,0.053333333333333344,2500000.0,2.5,547,1024,0.5341796875
01a072a3-8b43-7750-ac81-2431b9de5abb,a,B,QB13,7,5,UVH8a,20,0.06666666666666665,2500000.0,2.5,568,1024,0.5546875
01a072a3-8b43-7750-ac81-2431b9de5abb,a,B,QB13,7,5,UVH8a,21,0.08000000000000002,2500000.0,2.5,573,1024,0.5595703125
01a072a3-8b43-7750-ac81-2431b9de5abb,a,B,QB13,7,5,UVH8a,22,0.09333333333333332,2500000.0,2.5,542,1024,0.529296875
01a072a3-8b43-7750-ac81-2431b9de5abb,a,B,QB13,7,5,UVH8a,23,0.10666666666666669,2500000.0,2.5,551,1024,0.5380859375
01a072a3-8b43-7750-ac81-2431b9de5abb,a,B,QB13,7,5,UVH8a,24,0.12,2500000.0,2.5,558,1024,0.544921875
01a072a3-8b43-7750-ac81-2431b9de5abb,a,B,QB13,7,5,UVH8a,25,0.13333333333333336,2500000.0,2.5,558,1024,0.544921875
01a072a3-8b43-7750-ac81-2431b9de5abb,a,B,QB13,7,5,UVH8a,26,0.14666666666666667,2500000.0,2.5,517,1024,0.5048828125
01a072a3-8b43-7750-ac81-2431b9de5abb,a,B,QB13,7,5,UVH8a,27,0.16000000000000003,2500000.0,2.5,533,1024,0.5205078125
01a072a3-8b43-7750-ac81-2431b9de5abb,a,B,QB13,7,5,UVH8a,28,0.17333333333333334,2500000.0,2.5,538,1024,0.525390625
01a072a3-8b43-7750-ac81-2431b9de5abb,a,B,QB13,7,5,UVH8a,29,0.1866666666666667,2500000.0,2.5,503,1024,0.4912109375
01a072a3-8b43-7750-ac81-2431b9de5abb,a,B,QB13,7,5,UVH8a,30,0.2,2500000.0,2.5,520,1024,0.5078125
01a072a3-8b43-7750-ac81-2431b9de5abb,a,B,QB16,8,0,standard_pi_2,0,-0.2,2500000.0,2.5,338,1024,0.330078125
01a072a3-8b43-7750-ac81-2431b9de5abb,a,B,QB16,8,0,standard_pi_2,1,-0.18666666666666668,2500000.0,2.5,357,1024,0.3486328125
01a072a3-8b43-7750-ac81-2431b9de5abb,a,B,QB16,8,0,standard_pi_2,2,-0.17333333333333334,2500000.0,2.5,386,1024,0.376953125
01a072a3-8b43-7750-ac81-2431b9de5abb,a,B,QB16,8,0,standard_pi_2,3,-0.16,2500000.0,2.5,386,1024,0.376953125
01a072a3-8b43-7750-ac81-2431b9de5abb,a,B,QB16,8,0,standard_pi_2,4,-0.14666666666666667,2500000.0,2.5,399,1024,0.3896484375
01a072a3-8b43-7750-ac81-2431b9de5abb,a,B,QB16,8,0,standard_pi_2,5,-0.13333333333333336,2500000.0,2.5,405,1024,0.3955078125
01a072a3-8b43-7750-ac81-2431b9de5abb,a,B,QB16,8,0,standard_pi_2,6,-0.12000000000000001,2500000.0,2.5,436,1024,0.42578125
01a072a3-8b43-7750-ac81-2431b9de5abb,a,B,QB16,8,0,standard_pi_2,7,-0.10666666666666667,2500000.0,2.5,400,1024,0.390625
01a072a3-8b43-7750-ac81-2431b9de5abb,a,B,QB16,8,0,standard_pi_2,8,-0.09333333333333334,2500000.0,2.5,431,1024,0.4208984375
01a072a3-8b43-7750-ac81-2431b9de5abb,a,B,QB16,8,0,standard_pi_2,9,-0.08,2500000.0,2.5,441,1024,0.4306640625
01a072a3-8b43-7750-ac81-2431b9de5abb,a,B,QB16,8,0,standard_pi_2,10,-0.06666666666666668,2500000.0,2.5,470,1024,0.458984375
01a072a3-8b43-7750-ac81-2431b9de5abb,a,B,QB16,8,0,standard_pi_2,11,-0.053333333333333344,2500000.0,2.5,460,1024,0.44921875
01a072a3-8b43-7750-ac81-2431b9de5abb,a,B,QB16,8,0,standard_pi_2,12,-0.04000000000000001,2500000.0,2.5,482,1024,0.470703125
01a072a3-8b43-7750-ac81-2431b9de5abb,a,B,QB16,8,0,standard_pi_2,13,-0.026666666666666672,2500000.0,2.5,483,1024,0.4716796875
01a072a3-8b43-7750-ac81-2431b9de5abb,a,B,QB16,8,0,standard_pi_2,14,-0.013333333333333336,2500000.0,2.5,467,1024,0.4560546875
01a072a3-8b43-7750-ac81-2431b9de5abb,a,B,QB16,8,0,standard_pi_2,15,0.0,2500000.0,2.5,519,1024,0.5068359375
01a072a3-8b43-7750-ac81-2431b9de5abb,a,B,QB16,8,0,standard_pi_2,16,0.013333333333333336,2500000.0,2.5,509,1024,0.4970703125
01a072a3-8b43-7750-ac81-2431b9de5abb,a,B,QB16,8,0,standard_pi_2,17,0.026666666666666672,2500000.0,2.5,500,1024,0.48828125
01a072a3-8b43-7750-ac81-2431b9de5abb,a,B,QB16,8,0,standard_pi_2,18,0.04000000000000001,2500000.0,2.5,520,1024,0.5078125
01a072a3-8b43-7750-ac81-2431b9de5abb,a,B,QB16,8,0,standard_pi_2,19,0.053333333333333344,2500000.0,2.5,561,1024,0.5478515625
01a072a3-8b43-7750-ac81-2431b9de5abb,a,B,QB16,8,0,standard_pi_2,20,0.06666666666666665,2500000.0,2.5,555,1024,0.5419921875
01a072a3-8b43-7750-ac81-2431b9de5abb,a,B,QB16,8,0,standard_pi_2,21,0.08000000000000002,2500000.0,2.5,565,1024,0.5517578125
01a072a3-8b43-7750-ac81-2431b9de5abb,a,B,QB16,8,0,standard_pi_2,22,0.09333333333333332,2500000.0,2.5,583,1024,0.5693359375
01a072a3-8b43-7750-ac81-2431b9de5abb,a,B,QB16,8,0,standard_pi_2,23,0.10666666666666669,2500000.0,2.5,604,1024,0.58984375
01a072a3-8b43-7750-ac81-2431b9de5abb,a,B,QB16,8,0,standard_pi_2,24,0.12,2500000.0,2.5,566,1024,0.552734375
01a072a3-8b43-7750-ac81-2431b9de5abb,a,B,QB16,8,0,standard_pi_2,25,0.13333333333333336,2500000.0,2.5,613,1024,0.5986328125
01a072a3-8b43-7750-ac81-2431b9de5abb,a,B,QB16,8,0,standard_pi_2,26,0.14666666666666667,2500000.0,2.5,632,1024,0.6171875
01a072a3-8b43-7750-ac81-2431b9de5abb,a,B,QB16,8,0,standard_pi_2,27,0.16000000000000003,2500000.0,2.5,626,1024,0.611328125
01a072a3-8b43-7750-ac81-2431b9de5abb,a,B,QB16,8,0,standard_pi_2,28,0.17333333333333334,2500000.0,2.5,615,1024,0.6005859375
01a072a3-8b43-7750-ac81-2431b9de5abb,a,B,QB16,8,0,standard_pi_2,29,0.1866666666666667,2500000.0,2.5,646,1024,0.630859375
01a072a3-8b43-7750-ac81-2431b9de5abb,a,B,QB16,8,0,standard_pi_2,30,0.2,2500000.0,2.5,651,1024,0.6357421875
01a072a3-8b43-7750-ac81-2431b9de5abb,a,B,QB16,8,1,UVH4a,0,-0.2,2500000.0,2.5,506,1024,0.494140625
01a072a3-8b43-7750-ac81-2431b9de5abb,a,B,QB16,8,1,UVH4a,1,-0.18666666666666668,2500000.0,2.5,447,1024,0.4365234375
01a072a3-8b43-7750-ac81-2431b9de5abb,a,B,QB16,8,1,UVH4a,2,-0.17333333333333334,2500000.0,2.5,492,1024,0.48046875
01a072a3-8b43-7750-ac81-2431b9de5abb,a,B,QB16,8,1,UVH4a,3,-0.16,2500000.0,2.5,491,1024,0.4794921875
01a072a3-8b43-7750-ac81-2431b9de5abb,a,B,QB16,8,1,UVH4a,4,-0.14666666666666667,2500000.0,2.5,502,1024,0.490234375
01a072a3-8b43-7750-ac81-2431b9de5abb,a,B,QB16,8,1,UVH4a,5,-0.13333333333333336,2500000.0,2.5,488,1024,0.4765625
01a072a3-8b43-7750-ac81-2431b9de5abb,a,B,QB16,8,1,UVH4a,6,-0.12000000000000001,2500000.0,2.5,496,1024,0.484375
01a072a3-8b43-7750-ac81-2431b9de5abb,a,B,QB16,8,1,UVH4a,7,-0.10666666666666667,2500000.0,2.5,512,1024,0.5
01a072a3-8b43-7750-ac81-2431b9de5abb,a,B,QB16,8,1,UVH4a,8,-0.09333333333333334,2500000.0,2.5,510,1024,0.498046875
01a072a3-8b43-7750-ac81-2431b9de5abb,a,B,QB16,8,1,UVH4a,9,-0.08,2500000.0,2.5,546,1024,0.533203125
01a072a3-8b43-7750-ac81-2431b9de5abb,a,B,QB16,8,1,UVH4a,10,-0.06666666666666668,2500000.0,2.5,498,1024,0.486328125
01a072a3-8b43-7750-ac81-2431b9de5abb,a,B,QB16,8,1,UVH4a,11,-0.053333333333333344,2500000.0,2.5,511,1024,0.4990234375
01a072a3-8b43-7750-ac81-2431b9de5abb,a,B,QB16,8,1,UVH4a,12,-0.04000000000000001,2500000.0,2.5,489,1024,0.4775390625
01a072a3-8b43-7750-ac81-2431b9de5abb,a,B,QB16,8,1,UVH4a,13,-0.026666666666666672,2500000.0,2.5,519,1024,0.5068359375
01a072a3-8b43-7750-ac81-2431b9de5abb,a,B,QB16,8,1,UVH4a,14,-0.013333333333333336,2500000.0,2.5,500,1024,0.48828125
01a072a3-8b43-7750-ac81-2431b9de5abb,a,B,QB16,8,1,UVH4a,15,0.0,2500000.0,2.5,531,1024,0.5185546875
01a072a3-8b43-7750-ac81-2431b9de5abb,a,B,QB16,8,1,UVH4a,16,0.013333333333333336,2500000.0,2.5,513,1024,0.5009765625
01a072a3-8b43-7750-ac81-2431b9de5abb,a,B,QB16,8,1,UVH4a,17,0.026666666666666672,2500000.0,2.5,519,1024,0.5068359375
01a072a3-8b43-7750-ac81-2431b9de5abb,a,B,QB16,8,1,UVH4a,18,0.04000000000000001,2500000.0,2.5,540,1024,0.52734375
01a072a3-8b43-7750-ac81-2431b9de5abb,a,B,QB16,8,1,UVH4a,19,0.053333333333333344,2500000.0,2.5,528,1024,0.515625
01a072a3-8b43-7750-ac81-2431b9de5abb,a,B,QB16,8,1,UVH4a,20,0.06666666666666665,2500000.0,2.5,529,1024,0.5166015625
01a072a3-8b43-7750-ac81-2431b9de5abb,a,B,QB16,8,1,UVH4a,21,0.08000000000000002,2500000.0,2.5,527,1024,0.5146484375
01a072a3-8b43-7750-ac81-2431b9de5abb,a,B,QB16,8,1,UVH4a,22,0.09333333333333332,2500000.0,2.5,500,1024,0.48828125
01a072a3-8b43-7750-ac81-2431b9de5abb,a,B,QB16,8,1,UVH4a,23,0.10666666666666669,2500000.0,2.5,513,1024,0.5009765625
01a072a3-8b43-7750-ac81-2431b9de5abb,a,B,QB16,8,1,UVH4a,24,0.12,2500000.0,2.5,492,1024,0.48046875
01a072a3-8b43-7750-ac81-2431b9de5abb,a,B,QB16,8,1,UVH4a,25,0.13333333333333336,2500000.0,2.5,528,1024,0.515625
01a072a3-8b43-7750-ac81-2431b9de5abb,a,B,QB16,8,1,UVH4a,26,0.14666666666666667,2500000.0,2.5,532,1024,0.51953125
01a072a3-8b43-7750-ac81-2431b9de5abb,a,B,QB16,8,1,UVH4a,27,0.16000000000000003,2500000.0,2.5,502,1024,0.490234375
01a072a3-8b43-7750-ac81-2431b9de5abb,a,B,QB16,8,1,UVH4a,28,0.17333333333333334,2500000.0,2.5,525,1024,0.5126953125
01a072a3-8b43-7750-ac81-2431b9de5abb,a,B,QB16,8,1,UVH4a,29,0.1866666666666667,2500000.0,2.5,487,1024,0.4755859375
01a072a3-8b43-7750-ac81-2431b9de5abb,a,B,QB16,8,1,UVH4a,30,0.2,2500000.0,2.5,502,1024,0.490234375
01a072a3-8b43-7750-ac81-2431b9de5abb,a,B,QB16,8,2,UVH5a,0,-0.2,2500000.0,2.5,579,1024,0.5654296875
01a072a3-8b43-7750-ac81-2431b9de5abb,a,B,QB16,8,2,UVH5a,1,-0.18666666666666668,2500000.0,2.5,569,1024,0.5556640625
01a072a3-8b43-7750-ac81-2431b9de5abb,a,B,QB16,8,2,UVH5a,2,-0.17333333333333334,2500000.0,2.5,554,1024,0.541015625
01a072a3-8b43-7750-ac81-2431b9de5abb,a,B,QB16,8,2,UVH5a,3,-0.16,2500000.0,2.5,532,1024,0.51953125
01a072a3-8b43-7750-ac81-2431b9de5abb,a,B,QB16,8,2,UVH5a,4,-0.14666666666666667,2500000.0,2.5,519,1024,0.5068359375
01a072a3-8b43-7750-ac81-2431b9de5abb,a,B,QB16,8,2,UVH5a,5,-0.13333333333333336,2500000.0,2.5,539,1024,0.5263671875
01a072a3-8b43-7750-ac81-2431b9de5abb,a,B,QB16,8,2,UVH5a,6,-0.12000000000000001,2500000.0,2.5,493,1024,0.4814453125
01a072a3-8b43-7750-ac81-2431b9de5abb,a,B,QB16,8,2,UVH5a,7,-0.10666666666666667,2500000.0,2.5,546,1024,0.533203125
01a072a3-8b43-7750-ac81-2431b9de5abb,a,B,QB16,8,2,UVH5a,8,-0.09333333333333334,2500000.0,2.5,510,1024,0.498046875
01a072a3-8b43-7750-ac81-2431b9de5abb,a,B,QB16,8,2,UVH5a,9,-0.08,2500000.0,2.5,508,1024,0.49609375
01a072a3-8b43-7750-ac81-2431b9de5abb,a,B,QB16,8,2,UVH5a,10,-0.06666666666666668,2500000.0,2.5,509,1024,0.4970703125
01a072a3-8b43-7750-ac81-2431b9de5abb,a,B,QB16,8,2,UVH5a,11,-0.053333333333333344,2500000.0,2.5,514,1024,0.501953125
01a072a3-8b43-7750-ac81-2431b9de5abb,a,B,QB16,8,2,UVH5a,12,-0.04000000000000001,2500000.0,2.5,516,1024,0.50390625
01a072a3-8b43-7750-ac81-2431b9de5abb,a,B,QB16,8,2,UVH5a,13,-0.026666666666666672,2500000.0,2.5,498,1024,0.486328125
01a072a3-8b43-7750-ac81-2431b9de5abb,a,B,QB16,8,2,UVH5a,14,-0.013333333333333336,2500000.0,2.5,470,1024,0.458984375
01a072a3-8b43-7750-ac81-2431b9de5abb,a,B,QB16,8,2,UVH5a,15,0.0,2500000.0,2.5,480,1024,0.46875
01a072a3-8b43-7750-ac81-2431b9de5abb,a,B,QB16,8,2,UVH5a,16,0.013333333333333336,2500000.0,2.5,509,1024,0.4970703125
01a072a3-8b43-7750-ac81-2431b9de5abb,a,B,QB16,8,2,UVH5a,17,0.026666666666666672,2500000.0,2.5,468,1024,0.45703125
01a072a3-8b43-7750-ac81-2431b9de5abb,a,B,QB16,8,2,UVH5a,18,0.04000000000000001,2500000.0,2.5,481,1024,0.4697265625
01a072a3-8b43-7750-ac81-2431b9de5abb,a,B,QB16,8,2,UVH5a,19,0.053333333333333344,2500000.0,2.5,483,1024,0.4716796875
01a072a3-8b43-7750-ac81-2431b9de5abb,a,B,QB16,8,2,UVH5a,20,0.06666666666666665,2500000.0,2.5,512,1024,0.5
01a072a3-8b43-7750-ac81-2431b9de5abb,a,B,QB16,8,2,UVH5a,21,0.08000000000000002,2500000.0,2.5,464,1024,0.453125
01a072a3-8b43-7750-ac81-2431b9de5abb,a,B,QB16,8,2,UVH5a,22,0.09333333333333332,2500000.0,2.5,468,1024,0.45703125
01a072a3-8b43-7750-ac81-2431b9de5abb,a,B,QB16,8,2,UVH5a,23,0.10666666666666669,2500000.0,2.5,474,1024,0.462890625
01a072a3-8b43-7750-ac81-2431b9de5abb,a,B,QB16,8,2,UVH5a,24,0.12,2500000.0,2.5,481,1024,0.4697265625
01a072a3-8b43-7750-ac81-2431b9de5abb,a,B,QB16,8,2,UVH5a,25,0.13333333333333336,2500000.0,2.5,472,1024,0.4609375
01a072a3-8b43-7750-ac81-2431b9de5abb,a,B,QB16,8,2,UVH5a,26,0.14666666666666667,2500000.0,2.5,500,1024,0.48828125
01a072a3-8b43-7750-ac81-2431b9de5abb,a,B,QB16,8,2,UVH5a,27,0.16000000000000003,2500000.0,2.5,503,1024,0.4912109375
01a072a3-8b43-7750-ac81-2431b9de5abb,a,B,QB16,8,2,UVH5a,28,0.17333333333333334,2500000.0,2.5,475,1024,0.4638671875
01a072a3-8b43-7750-ac81-2431b9de5abb,a,B,QB16,8,2,UVH5a,29,0.1866666666666667,2500000.0,2.5,446,1024,0.435546875
01a072a3-8b43-7750-ac81-2431b9de5abb,a,B,QB16,8,2,UVH5a,30,0.2,2500000.0,2.5,483,1024,0.4716796875
01a072a3-8b43-7750-ac81-2431b9de5abb,a,B,QB16,8,3,UVH6a,0,-0.2,2500000.0,2.5,571,1024,0.5576171875
01a072a3-8b43-7750-ac81-2431b9de5abb,a,B,QB16,8,3,UVH6a,1,-0.18666666666666668,2500000.0,2.5,540,1024,0.52734375
01a072a3-8b43-7750-ac81-2431b9de5abb,a,B,QB16,8,3,UVH6a,2,-0.17333333333333334,2500000.0,2.5,530,1024,0.517578125
01a072a3-8b43-7750-ac81-2431b9de5abb,a,B,QB16,8,3,UVH6a,3,-0.16,2500000.0,2.5,518,1024,0.505859375
01a072a3-8b43-7750-ac81-2431b9de5abb,a,B,QB16,8,3,UVH6a,4,-0.14666666666666667,2500000.0,2.5,540,1024,0.52734375
01a072a3-8b43-7750-ac81-2431b9de5abb,a,B,QB16,8,3,UVH6a,5,-0.13333333333333336,2500000.0,2.5,526,1024,0.513671875
01a072a3-8b43-7750-ac81-2431b9de5abb,a,B,QB16,8,3,UVH6a,6,-0.12000000000000001,2500000.0,2.5,484,1024,0.47265625
01a072a3-8b43-7750-ac81-2431b9de5abb,a,B,QB16,8,3,UVH6a,7,-0.10666666666666667,2500000.0,2.5,478,1024,0.466796875
01a072a3-8b43-7750-ac81-2431b9de5abb,a,B,QB16,8,3,UVH6a,8,-0.09333333333333334,2500000.0,2.5,486,1024,0.474609375
01a072a3-8b43-7750-ac81-2431b9de5abb,a,B,QB16,8,3,UVH6a,9,-0.08,2500000.0,2.5,527,1024,0.5146484375
01a072a3-8b43-7750-ac81-2431b9de5abb,a,B,QB16,8,3,UVH6a,10,-0.06666666666666668,2500000.0,2.5,491,1024,0.4794921875
01a072a3-8b43-7750-ac81-2431b9de5abb,a,B,QB16,8,3,UVH6a,11,-0.053333333333333344,2500000.0,2.5,493,1024,0.4814453125
01a072a3-8b43-7750-ac81-2431b9de5abb,a,B,QB16,8,3,UVH6a,12,-0.04000000000000001,2500000.0,2.5,501,1024,0.4892578125
01a072a3-8b43-7750-ac81-2431b9de5abb,a,B,QB16,8,3,UVH6a,13,-0.026666666666666672,2500000.0,2.5,508,1024,0.49609375
01a072a3-8b43-7750-ac81-2431b9de5abb,a,B,QB16,8,3,UVH6a,14,-0.013333333333333336,2500000.0,2.5,498,1024,0.486328125
01a072a3-8b43-7750-ac81-2431b9de5abb,a,B,QB16,8,3,UVH6a,15,0.0,2500000.0,2.5,476,1024,0.46484375
01a072a3-8b43-7750-ac81-2431b9de5abb,a,B,QB16,8,3,UVH6a,16,0.013333333333333336,2500000.0,2.5,505,1024,0.4931640625
01a072a3-8b43-7750-ac81-2431b9de5abb,a,B,QB16,8,3,UVH6a,17,0.026666666666666672,2500000.0,2.5,484,1024,0.47265625
01a072a3-8b43-7750-ac81-2431b9de5abb,a,B,QB16,8,3,UVH6a,18,0.04000000000000001,2500000.0,2.5,524,1024,0.51171875
01a072a3-8b43-7750-ac81-2431b9de5abb,a,B,QB16,8,3,UVH6a,19,0.053333333333333344,2500000.0,2.5,514,1024,0.501953125
01a072a3-8b43-7750-ac81-2431b9de5abb,a,B,QB16,8,3,UVH6a,20,0.06666666666666665,2500000.0,2.5,521,1024,0.5087890625
01a072a3-8b43-7750-ac81-2431b9de5abb,a,B,QB16,8,3,UVH6a,21,0.08000000000000002,2500000.0,2.5,512,1024,0.5
01a072a3-8b43-7750-ac81-2431b9de5abb,a,B,QB16,8,3,UVH6a,22,0.09333333333333332,2500000.0,2.5,503,1024,0.4912109375
01a072a3-8b43-7750-ac81-2431b9de5abb,a,B,QB16,8,3,UVH6a,23,0.10666666666666669,2500000.0,2.5,514,1024,0.501953125
01a072a3-8b43-7750-ac81-2431b9de5abb,a,B,QB16,8,3,UVH6a,24,0.12,2500000.0,2.5,528,1024,0.515625
01a072a3-8b43-7750-ac81-2431b9de5abb,a,B,QB16,8,3,UVH6a,25,0.13333333333333336,2500000.0,2.5,507,1024,0.4951171875
01a072a3-8b43-7750-ac81-2431b9de5abb,a,B,QB16,8,3,UVH6a,26,0.14666666666666667,2500000.0,2.5,514,1024,0.501953125
01a072a3-8b43-7750-ac81-2431b9de5abb,a,B,QB16,8,3,UVH6a,27,0.16000000000000003,2500000.0,2.5,491,1024,0.4794921875
01a072a3-8b43-7750-ac81-2431b9de5abb,a,B,QB16,8,3,UVH6a,28,0.17333333333333334,2500000.0,2.5,514,1024,0.501953125
01a072a3-8b43-7750-ac81-2431b9de5abb,a,B,QB16,8,3,UVH6a,29,0.1866666666666667,2500000.0,2.5,476,1024,0.46484375
01a072a3-8b43-7750-ac81-2431b9de5abb,a,B,QB16,8,3,UVH6a,30,0.2,2500000.0,2.5,472,1024,0.4609375
01a072a3-8b43-7750-ac81-2431b9de5abb,a,B,QB16,8,4,UVH7a,0,-0.2,2500000.0,2.5,472,1024,0.4609375
01a072a3-8b43-7750-ac81-2431b9de5abb,a,B,QB16,8,4,UVH7a,1,-0.18666666666666668,2500000.0,2.5,494,1024,0.482421875
01a072a3-8b43-7750-ac81-2431b9de5abb,a,B,QB16,8,4,UVH7a,2,-0.17333333333333334,2500000.0,2.5,503,1024,0.4912109375
01a072a3-8b43-7750-ac81-2431b9de5abb,a,B,QB16,8,4,UVH7a,3,-0.16,2500000.0,2.5,471,1024,0.4599609375
01a072a3-8b43-7750-ac81-2431b9de5abb,a,B,QB16,8,4,UVH7a,4,-0.14666666666666667,2500000.0,2.5,489,1024,0.4775390625
01a072a3-8b43-7750-ac81-2431b9de5abb,a,B,QB16,8,4,UVH7a,5,-0.13333333333333336,2500000.0,2.5,518,1024,0.505859375
01a072a3-8b43-7750-ac81-2431b9de5abb,a,B,QB16,8,4,UVH7a,6,-0.12000000000000001,2500000.0,2.5,481,1024,0.4697265625
01a072a3-8b43-7750-ac81-2431b9de5abb,a,B,QB16,8,4,UVH7a,7,-0.10666666666666667,2500000.0,2.5,474,1024,0.462890625
01a072a3-8b43-7750-ac81-2431b9de5abb,a,B,QB16,8,4,UVH7a,8,-0.09333333333333334,2500000.0,2.5,509,1024,0.4970703125
01a072a3-8b43-7750-ac81-2431b9de5abb,a,B,QB16,8,4,UVH7a,9,-0.08,2500000.0,2.5,498,1024,0.486328125
01a072a3-8b43-7750-ac81-2431b9de5abb,a,B,QB16,8,4,UVH7a,10,-0.06666666666666668,2500000.0,2.5,509,1024,0.4970703125
01a072a3-8b43-7750-ac81-2431b9de5abb,a,B,QB16,8,4,UVH7a,11,-0.053333333333333344,2500000.0,2.5,478,1024,0.466796875
01a072a3-8b43-7750-ac81-2431b9de5abb,a,B,QB16,8,4,UVH7a,12,-0.04000000000000001,2500000.0,2.5,495,1024,0.4833984375
01a072a3-8b43-7750-ac81-2431b9de5abb,a,B,QB16,8,4,UVH7a,13,-0.026666666666666672,2500000.0,2.5,495,1024,0.4833984375
01a072a3-8b43-7750-ac81-2431b9de5abb,a,B,QB16,8,4,UVH7a,14,-0.013333333333333336,2500000.0,2.5,514,1024,0.501953125
01a072a3-8b43-7750-ac81-2431b9de5abb,a,B,QB16,8,4,UVH7a,15,0.0,2500000.0,2.5,488,1024,0.4765625
01a072a3-8b43-7750-ac81-2431b9de5abb,a,B,QB16,8,4,UVH7a,16,0.013333333333333336,2500000.0,2.5,485,1024,0.4736328125
01a072a3-8b43-7750-ac81-2431b9de5abb,a,B,QB16,8,4,UVH7a,17,0.026666666666666672,2500000.0,2.5,499,1024,0.4873046875
01a072a3-8b43-7750-ac81-2431b9de5abb,a,B,QB16,8,4,UVH7a,18,0.04000000000000001,2500000.0,2.5,513,1024,0.5009765625
01a072a3-8b43-7750-ac81-2431b9de5abb,a,B,QB16,8,4,UVH7a,19,0.053333333333333344,2500000.0,2.5,525,1024,0.5126953125
01a072a3-8b43-7750-ac81-2431b9de5abb,a,B,QB16,8,4,UVH7a,20,0.06666666666666665,2500000.0,2.5,503,1024,0.4912109375
01a072a3-8b43-7750-ac81-2431b9de5abb,a,B,QB16,8,4,UVH7a,21,0.08000000000000002,2500000.0,2.5,512,1024,0.5
01a072a3-8b43-7750-ac81-2431b9de5abb,a,B,QB16,8,4,UVH7a,22,0.09333333333333332,2500000.0,2.5,504,1024,0.4921875
01a072a3-8b43-7750-ac81-2431b9de5abb,a,B,QB16,8,4,UVH7a,23,0.10666666666666669,2500000.0,2.5,514,1024,0.501953125
01a072a3-8b43-7750-ac81-2431b9de5abb,a,B,QB16,8,4,UVH7a,24,0.12,2500000.0,2.5,477,1024,0.4658203125
01a072a3-8b43-7750-ac81-2431b9de5abb,a,B,QB16,8,4,UVH7a,25,0.13333333333333336,2500000.0,2.5,486,1024,0.474609375
01a072a3-8b43-7750-ac81-2431b9de5abb,a,B,QB16,8,4,UVH7a,26,0.14666666666666667,2500000.0,2.5,502,1024,0.490234375
01a072a3-8b43-7750-ac81-2431b9de5abb,a,B,QB16,8,4,UVH7a,27,0.16000000000000003,2500000.0,2.5,490,1024,0.478515625
01a072a3-8b43-7750-ac81-2431b9de5abb,a,B,QB16,8,4,UVH7a,28,0.17333333333333334,2500000.0,2.5,513,1024,0.5009765625
01a072a3-8b43-7750-ac81-2431b9de5abb,a,B,QB16,8,4,UVH7a,29,0.1866666666666667,2500000.0,2.5,490,1024,0.478515625
01a072a3-8b43-7750-ac81-2431b9de5abb,a,B,QB16,8,4,UVH7a,30,0.2,2500000.0,2.5,508,1024,0.49609375
01a072a3-8b43-7750-ac81-2431b9de5abb,a,B,QB16,8,5,UVH8a,0,-0.2,2500000.0,2.5,519,1024,0.5068359375
01a072a3-8b43-7750-ac81-2431b9de5abb,a,B,QB16,8,5,UVH8a,1,-0.18666666666666668,2500000.0,2.5,527,1024,0.5146484375
01a072a3-8b43-7750-ac81-2431b9de5abb,a,B,QB16,8,5,UVH8a,2,-0.17333333333333334,2500000.0,2.5,530,1024,0.517578125
01a072a3-8b43-7750-ac81-2431b9de5abb,a,B,QB16,8,5,UVH8a,3,-0.16,2500000.0,2.5,553,1024,0.5400390625
01a072a3-8b43-7750-ac81-2431b9de5abb,a,B,QB16,8,5,UVH8a,4,-0.14666666666666667,2500000.0,2.5,523,1024,0.5107421875
01a072a3-8b43-7750-ac81-2431b9de5abb,a,B,QB16,8,5,UVH8a,5,-0.13333333333333336,2500000.0,2.5,494,1024,0.482421875
01a072a3-8b43-7750-ac81-2431b9de5abb,a,B,QB16,8,5,UVH8a,6,-0.12000000000000001,2500000.0,2.5,536,1024,0.5234375
01a072a3-8b43-7750-ac81-2431b9de5abb,a,B,QB16,8,5,UVH8a,7,-0.10666666666666667,2500000.0,2.5,533,1024,0.5205078125
01a072a3-8b43-7750-ac81-2431b9de5abb,a,B,QB16,8,5,UVH8a,8,-0.09333333333333334,2500000.0,2.5,519,1024,0.5068359375
01a072a3-8b43-7750-ac81-2431b9de5abb,a,B,QB16,8,5,UVH8a,9,-0.08,2500000.0,2.5,511,1024,0.4990234375
01a072a3-8b43-7750-ac81-2431b9de5abb,a,B,QB16,8,5,UVH8a,10,-0.06666666666666668,2500000.0,2.5,517,1024,0.5048828125
01a072a3-8b43-7750-ac81-2431b9de5abb,a,B,QB16,8,5,UVH8a,11,-0.053333333333333344,2500000.0,2.5,483,1024,0.4716796875
01a072a3-8b43-7750-ac81-2431b9de5abb,a,B,QB16,8,5,UVH8a,12,-0.04000000000000001,2500000.0,2.5,510,1024,0.498046875
01a072a3-8b43-7750-ac81-2431b9de5abb,a,B,QB16,8,5,UVH8a,13,-0.026666666666666672,2500000.0,2.5,506,1024,0.494140625
01a072a3-8b43-7750-ac81-2431b9de5abb,a,B,QB16,8,5,UVH8a,14,-0.013333333333333336,2500000.0,2.5,498,1024,0.486328125
01a072a3-8b43-7750-ac81-2431b9de5abb,a,B,QB16,8,5,UVH8a,15,0.0,2500000.0,2.5,516,1024,0.50390625
01a072a3-8b43-7750-ac81-2431b9de5abb,a,B,QB16,8,5,UVH8a,16,0.013333333333333336,2500000.0,2.5,508,1024,0.49609375
01a072a3-8b43-7750-ac81-2431b9de5abb,a,B,QB16,8,5,UVH8a,17,0.026666666666666672,2500000.0,2.5,511,1024,0.4990234375
01a072a3-8b43-7750-ac81-2431b9de5abb,a,B,QB16,8,5,UVH8a,18,0.04000000000000001,2500000.0,2.5,532,1024,0.51953125
01a072a3-8b43-7750-ac81-2431b9de5abb,a,B,QB16,8,5,UVH8a,19,0.053333333333333344,2500000.0,2.5,511,1024,0.4990234375
01a072a3-8b43-7750-ac81-2431b9de5abb,a,B,QB16,8,5,UVH8a,20,0.06666666666666665,2500000.0,2.5,512,1024,0.5
01a072a3-8b43-7750-ac81-2431b9de5abb,a,B,QB16,8,5,UVH8a,21,0.08000000000000002,2500000.0,2.5,505,1024,0.4931640625
01a072a3-8b43-7750-ac81-2431b9de5abb,a,B,QB16,8,5,UVH8a,22,0.09333333333333332,2500000.0,2.5,506,1024,0.494140625
01a072a3-8b43-7750-ac81-2431b9de5abb,a,B,QB16,8,5,UVH8a,23,0.10666666666666669,2500000.0,2.5,518,1024,0.505859375
01a072a3-8b43-7750-ac81-2431b9de5abb,a,B,QB16,8,5,UVH8a,24,0.12,2500000.0,2.5,480,1024,0.46875
01a072a3-8b43-7750-ac81-2431b9de5abb,a,B,QB16,8,5,UVH8a,25,0.13333333333333336,2500000.0,2.5,500,1024,0.48828125
01a072a3-8b43-7750-ac81-2431b9de5abb,a,B,QB16,8,5,UVH8a,26,0.14666666666666667,2500000.0,2.5,468,1024,0.45703125
01a072a3-8b43-7750-ac81-2431b9de5abb,a,B,QB16,8,5,UVH8a,27,0.16000000000000003,2500000.0,2.5,488,1024,0.4765625
01a072a3-8b43-7750-ac81-2431b9de5abb,a,B,QB16,8,5,UVH8a,28,0.17333333333333334,2500000.0,2.5,542,1024,0.529296875
01a072a3-8b43-7750-ac81-2431b9de5abb,a,B,QB16,8,5,UVH8a,29,0.1866666666666667,2500000.0,2.5,491,1024,0.4794921875
01a072a3-8b43-7750-ac81-2431b9de5abb,a,B,QB16,8,5,UVH8a,30,0.2,2500000.0,2.5,509,1024,0.4970703125
01a072a3-8b43-7750-ac81-2431b9de5abb,a,B,QB17,9,0,standard_pi_2,0,-0.2,2500000.0,2.5,344,1024,0.3359375
01a072a3-8b43-7750-ac81-2431b9de5abb,a,B,QB17,9,0,standard_pi_2,1,-0.18666666666666668,2500000.0,2.5,381,1024,0.3720703125
01a072a3-8b43-7750-ac81-2431b9de5abb,a,B,QB17,9,0,standard_pi_2,2,-0.17333333333333334,2500000.0,2.5,385,1024,0.3759765625
01a072a3-8b43-7750-ac81-2431b9de5abb,a,B,QB17,9,0,standard_pi_2,3,-0.16,2500000.0,2.5,371,1024,0.3623046875
01a072a3-8b43-7750-ac81-2431b9de5abb,a,B,QB17,9,0,standard_pi_2,4,-0.14666666666666667,2500000.0,2.5,388,1024,0.37890625
01a072a3-8b43-7750-ac81-2431b9de5abb,a,B,QB17,9,0,standard_pi_2,5,-0.13333333333333336,2500000.0,2.5,405,1024,0.3955078125
01a072a3-8b43-7750-ac81-2431b9de5abb,a,B,QB17,9,0,standard_pi_2,6,-0.12000000000000001,2500000.0,2.5,430,1024,0.419921875
01a072a3-8b43-7750-ac81-2431b9de5abb,a,B,QB17,9,0,standard_pi_2,7,-0.10666666666666667,2500000.0,2.5,469,1024,0.4580078125
01a072a3-8b43-7750-ac81-2431b9de5abb,a,B,QB17,9,0,standard_pi_2,8,-0.09333333333333334,2500000.0,2.5,421,1024,0.4111328125
01a072a3-8b43-7750-ac81-2431b9de5abb,a,B,QB17,9,0,standard_pi_2,9,-0.08,2500000.0,2.5,446,1024,0.435546875
01a072a3-8b43-7750-ac81-2431b9de5abb,a,B,QB17,9,0,standard_pi_2,10,-0.06666666666666668,2500000.0,2.5,435,1024,0.4248046875
01a072a3-8b43-7750-ac81-2431b9de5abb,a,B,QB17,9,0,standard_pi_2,11,-0.053333333333333344,2500000.0,2.5,460,1024,0.44921875
01a072a3-8b43-7750-ac81-2431b9de5abb,a,B,QB17,9,0,standard_pi_2,12,-0.04000000000000001,2500000.0,2.5,497,1024,0.4853515625
01a072a3-8b43-7750-ac81-2431b9de5abb,a,B,QB17,9,0,standard_pi_2,13,-0.026666666666666672,2500000.0,2.5,486,1024,0.474609375
01a072a3-8b43-7750-ac81-2431b9de5abb,a,B,QB17,9,0,standard_pi_2,14,-0.013333333333333336,2500000.0,2.5,488,1024,0.4765625
01a072a3-8b43-7750-ac81-2431b9de5abb,a,B,QB17,9,0,standard_pi_2,15,0.0,2500000.0,2.5,489,1024,0.4775390625
01a072a3-8b43-7750-ac81-2431b9de5abb,a,B,QB17,9,0,standard_pi_2,16,0.013333333333333336,2500000.0,2.5,503,1024,0.4912109375
01a072a3-8b43-7750-ac81-2431b9de5abb,a,B,QB17,9,0,standard_pi_2,17,0.026666666666666672,2500000.0,2.5,535,1024,0.5224609375
01a072a3-8b43-7750-ac81-2431b9de5abb,a,B,QB17,9,0,standard_pi_2,18,0.04000000000000001,2500000.0,2.5,540,1024,0.52734375
01a072a3-8b43-7750-ac81-2431b9de5abb,a,B,QB17,9,0,standard_pi_2,19,0.053333333333333344,2500000.0,2.5,562,1024,0.548828125
01a072a3-8b43-7750-ac81-2431b9de5abb,a,B,QB17,9,0,standard_pi_2,20,0.06666666666666665,2500000.0,2.5,591,1024,0.5771484375
01a072a3-8b43-7750-ac81-2431b9de5abb,a,B,QB17,9,0,standard_pi_2,21,0.08000000000000002,2500000.0,2.5,546,1024,0.533203125
01a072a3-8b43-7750-ac81-2431b9de5abb,a,B,QB17,9,0,standard_pi_2,22,0.09333333333333332,2500000.0,2.5,562,1024,0.548828125
01a072a3-8b43-7750-ac81-2431b9de5abb,a,B,QB17,9,0,standard_pi_2,23,0.10666666666666669,2500000.0,2.5,605,1024,0.5908203125
01a072a3-8b43-7750-ac81-2431b9de5abb,a,B,QB17,9,0,standard_pi_2,24,0.12,2500000.0,2.5,599,1024,0.5849609375
01a072a3-8b43-7750-ac81-2431b9de5abb,a,B,QB17,9,0,standard_pi_2,25,0.13333333333333336,2500000.0,2.5,586,1024,0.572265625
01a072a3-8b43-7750-ac81-2431b9de5abb,a,B,QB17,9,0,standard_pi_2,26,0.14666666666666667,2500000.0,2.5,623,1024,0.6083984375
01a072a3-8b43-7750-ac81-2431b9de5abb,a,B,QB17,9,0,standard_pi_2,27,0.16000000000000003,2500000.0,2.5,613,1024,0.5986328125
01a072a3-8b43-7750-ac81-2431b9de5abb,a,B,QB17,9,0,standard_pi_2,28,0.17333333333333334,2500000.0,2.5,628,1024,0.61328125
01a072a3-8b43-7750-ac81-2431b9de5abb,a,B,QB17,9,0,standard_pi_2,29,0.1866666666666667,2500000.0,2.5,631,1024,0.6162109375
01a072a3-8b43-7750-ac81-2431b9de5abb,a,B,QB17,9,0,standard_pi_2,30,0.2,2500000.0,2.5,627,1024,0.6123046875
01a072a3-8b43-7750-ac81-2431b9de5abb,a,B,QB17,9,1,UVH4a,0,-0.2,2500000.0,2.5,482,1024,0.470703125
01a072a3-8b43-7750-ac81-2431b9de5abb,a,B,QB17,9,1,UVH4a,1,-0.18666666666666668,2500000.0,2.5,499,1024,0.4873046875
01a072a3-8b43-7750-ac81-2431b9de5abb,a,B,QB17,9,1,UVH4a,2,-0.17333333333333334,2500000.0,2.5,472,1024,0.4609375
01a072a3-8b43-7750-ac81-2431b9de5abb,a,B,QB17,9,1,UVH4a,3,-0.16,2500000.0,2.5,479,1024,0.4677734375
01a072a3-8b43-7750-ac81-2431b9de5abb,a,B,QB17,9,1,UVH4a,4,-0.14666666666666667,2500000.0,2.5,485,1024,0.4736328125
01a072a3-8b43-7750-ac81-2431b9de5abb,a,B,QB17,9,1,UVH4a,5,-0.13333333333333336,2500000.0,2.5,504,1024,0.4921875
01a072a3-8b43-7750-ac81-2431b9de5abb,a,B,QB17,9,1,UVH4a,6,-0.12000000000000001,2500000.0,2.5,500,1024,0.48828125
01a072a3-8b43-7750-ac81-2431b9de5abb,a,B,QB17,9,1,UVH4a,7,-0.10666666666666667,2500000.0,2.5,506,1024,0.494140625
01a072a3-8b43-7750-ac81-2431b9de5abb,a,B,QB17,9,1,UVH4a,8,-0.09333333333333334,2500000.0,2.5,518,1024,0.505859375
01a072a3-8b43-7750-ac81-2431b9de5abb,a,B,QB17,9,1,UVH4a,9,-0.08,2500000.0,2.5,493,1024,0.4814453125
01a072a3-8b43-7750-ac81-2431b9de5abb,a,B,QB17,9,1,UVH4a,10,-0.06666666666666668,2500000.0,2.5,495,1024,0.4833984375
01a072a3-8b43-7750-ac81-2431b9de5abb,a,B,QB17,9,1,UVH4a,11,-0.053333333333333344,2500000.0,2.5,530,1024,0.517578125
01a072a3-8b43-7750-ac81-2431b9de5abb,a,B,QB17,9,1,UVH4a,12,-0.04000000000000001,2500000.0,2.5,532,1024,0.51953125
01a072a3-8b43-7750-ac81-2431b9de5abb,a,B,QB17,9,1,UVH4a,13,-0.026666666666666672,2500000.0,2.5,512,1024,0.5
01a072a3-8b43-7750-ac81-2431b9de5abb,a,B,QB17,9,1,UVH4a,14,-0.013333333333333336,2500000.0,2.5,555,1024,0.5419921875
01a072a3-8b43-7750-ac81-2431b9de5abb,a,B,QB17,9,1,UVH4a,15,0.0,2500000.0,2.5,539,1024,0.5263671875
01a072a3-8b43-7750-ac81-2431b9de5abb,a,B,QB17,9,1,UVH4a,16,0.013333333333333336,2500000.0,2.5,522,1024,0.509765625
01a072a3-8b43-7750-ac81-2431b9de5abb,a,B,QB17,9,1,UVH4a,17,0.026666666666666672,2500000.0,2.5,528,1024,0.515625
01a072a3-8b43-7750-ac81-2431b9de5abb,a,B,QB17,9,1,UVH4a,18,0.04000000000000001,2500000.0,2.5,497,1024,0.4853515625
01a072a3-8b43-7750-ac81-2431b9de5abb,a,B,QB17,9,1,UVH4a,19,0.053333333333333344,2500000.0,2.5,524,1024,0.51171875
01a072a3-8b43-7750-ac81-2431b9de5abb,a,B,QB17,9,1,UVH4a,20,0.06666666666666665,2500000.0,2.5,509,1024,0.4970703125
01a072a3-8b43-7750-ac81-2431b9de5abb,a,B,QB17,9,1,UVH4a,21,0.08000000000000002,2500000.0,2.5,508,1024,0.49609375
01a072a3-8b43-7750-ac81-2431b9de5abb,a,B,QB17,9,1,UVH4a,22,0.09333333333333332,2500000.0,2.5,537,1024,0.5244140625
01a072a3-8b43-7750-ac81-2431b9de5abb,a,B,QB17,9,1,UVH4a,23,0.10666666666666669,2500000.0,2.5,531,1024,0.5185546875
01a072a3-8b43-7750-ac81-2431b9de5abb,a,B,QB17,9,1,UVH4a,24,0.12,2500000.0,2.5,497,1024,0.4853515625
01a072a3-8b43-7750-ac81-2431b9de5abb,a,B,QB17,9,1,UVH4a,25,0.13333333333333336,2500000.0,2.5,537,1024,0.5244140625
01a072a3-8b43-7750-ac81-2431b9de5abb,a,B,QB17,9,1,UVH4a,26,0.14666666666666667,2500000.0,2.5,534,1024,0.521484375
01a072a3-8b43-7750-ac81-2431b9de5abb,a,B,QB17,9,1,UVH4a,27,0.16000000000000003,2500000.0,2.5,528,1024,0.515625
01a072a3-8b43-7750-ac81-2431b9de5abb,a,B,QB17,9,1,UVH4a,28,0.17333333333333334,2500000.0,2.5,484,1024,0.47265625
01a072a3-8b43-7750-ac81-2431b9de5abb,a,B,QB17,9,1,UVH4a,29,0.1866666666666667,2500000.0,2.5,516,1024,0.50390625
01a072a3-8b43-7750-ac81-2431b9de5abb,a,B,QB17,9,1,UVH4a,30,0.2,2500000.0,2.5,482,1024,0.470703125
01a072a3-8b43-7750-ac81-2431b9de5abb,a,B,QB17,9,2,UVH5a,0,-0.2,2500000.0,2.5,581,1024,0.5673828125
01a072a3-8b43-7750-ac81-2431b9de5abb,a,B,QB17,9,2,UVH5a,1,-0.18666666666666668,2500000.0,2.5,574,1024,0.560546875
01a072a3-8b43-7750-ac81-2431b9de5abb,a,B,QB17,9,2,UVH5a,2,-0.17333333333333334,2500000.0,2.5,564,1024,0.55078125
01a072a3-8b43-7750-ac81-2431b9de5abb,a,B,QB17,9,2,UVH5a,3,-0.16,2500000.0,2.5,575,1024,0.5615234375
01a072a3-8b43-7750-ac81-2431b9de5abb,a,B,QB17,9,2,UVH5a,4,-0.14666666666666667,2500000.0,2.5,522,1024,0.509765625
01a072a3-8b43-7750-ac81-2431b9de5abb,a,B,QB17,9,2,UVH5a,5,-0.13333333333333336,2500000.0,2.5,541,1024,0.5283203125
01a072a3-8b43-7750-ac81-2431b9de5abb,a,B,QB17,9,2,UVH5a,6,-0.12000000000000001,2500000.0,2.5,561,1024,0.5478515625
01a072a3-8b43-7750-ac81-2431b9de5abb,a,B,QB17,9,2,UVH5a,7,-0.10666666666666667,2500000.0,2.5,525,1024,0.5126953125
01a072a3-8b43-7750-ac81-2431b9de5abb,a,B,QB17,9,2,UVH5a,8,-0.09333333333333334,2500000.0,2.5,512,1024,0.5
01a072a3-8b43-7750-ac81-2431b9de5abb,a,B,QB17,9,2,UVH5a,9,-0.08,2500000.0,2.5,491,1024,0.4794921875
01a072a3-8b43-7750-ac81-2431b9de5abb,a,B,QB17,9,2,UVH5a,10,-0.06666666666666668,2500000.0,2.5,543,1024,0.5302734375
01a072a3-8b43-7750-ac81-2431b9de5abb,a,B,QB17,9,2,UVH5a,11,-0.053333333333333344,2500000.0,2.5,516,1024,0.50390625
01a072a3-8b43-7750-ac81-2431b9de5abb,a,B,QB17,9,2,UVH5a,12,-0.04000000000000001,2500000.0,2.5,527,1024,0.5146484375
01a072a3-8b43-7750-ac81-2431b9de5abb,a,B,QB17,9,2,UVH5a,13,-0.026666666666666672,2500000.0,2.5,516,1024,0.50390625
01a072a3-8b43-7750-ac81-2431b9de5abb,a,B,QB17,9,2,UVH5a,14,-0.013333333333333336,2500000.0,2.5,521,1024,0.5087890625
01a072a3-8b43-7750-ac81-2431b9de5abb,a,B,QB17,9,2,UVH5a,15,0.0,2500000.0,2.5,529,1024,0.5166015625
01a072a3-8b43-7750-ac81-2431b9de5abb,a,B,QB17,9,2,UVH5a,16,0.013333333333333336,2500000.0,2.5,501,1024,0.4892578125
01a072a3-8b43-7750-ac81-2431b9de5abb,a,B,QB17,9,2,UVH5a,17,0.026666666666666672,2500000.0,2.5,528,1024,0.515625
01a072a3-8b43-7750-ac81-2431b9de5abb,a,B,QB17,9,2,UVH5a,18,0.04000000000000001,2500000.0,2.5,536,1024,0.5234375
01a072a3-8b43-7750-ac81-2431b9de5abb,a,B,QB17,9,2,UVH5a,19,0.053333333333333344,2500000.0,2.5,510,1024,0.498046875
01a072a3-8b43-7750-ac81-2431b9de5abb,a,B,QB17,9,2,UVH5a,20,0.06666666666666665,2500000.0,2.5,499,1024,0.4873046875
01a072a3-8b43-7750-ac81-2431b9de5abb,a,B,QB17,9,2,UVH5a,21,0.08000000000000002,2500000.0,2.5,538,1024,0.525390625
01a072a3-8b43-7750-ac81-2431b9de5abb,a,B,QB17,9,2,UVH5a,22,0.09333333333333332,2500000.0,2.5,511,1024,0.4990234375
01a072a3-8b43-7750-ac81-2431b9de5abb,a,B,QB17,9,2,UVH5a,23,0.10666666666666669,2500000.0,2.5,494,1024,0.482421875
01a072a3-8b43-7750-ac81-2431b9de5abb,a,B,QB17,9,2,UVH5a,24,0.12,2500000.0,2.5,511,1024,0.4990234375
01a072a3-8b43-7750-ac81-2431b9de5abb,a,B,QB17,9,2,UVH5a,25,0.13333333333333336,2500000.0,2.5,490,1024,0.478515625
01a072a3-8b43-7750-ac81-2431b9de5abb,a,B,QB17,9,2,UVH5a,26,0.14666666666666667,2500000.0,2.5,519,1024,0.5068359375
01a072a3-8b43-7750-ac81-2431b9de5abb,a,B,QB17,9,2,UVH5a,27,0.16000000000000003,2500000.0,2.5,524,1024,0.51171875
01a072a3-8b43-7750-ac81-2431b9de5abb,a,B,QB17,9,2,UVH5a,28,0.17333333333333334,2500000.0,2.5,513,1024,0.5009765625
01a072a3-8b43-7750-ac81-2431b9de5abb,a,B,QB17,9,2,UVH5a,29,0.1866666666666667,2500000.0,2.5,536,1024,0.5234375
01a072a3-8b43-7750-ac81-2431b9de5abb,a,B,QB17,9,2,UVH5a,30,0.2,2500000.0,2.5,512,1024,0.5
01a072a3-8b43-7750-ac81-2431b9de5abb,a,B,QB17,9,3,UVH6a,0,-0.2,2500000.0,2.5,542,1024,0.529296875
01a072a3-8b43-7750-ac81-2431b9de5abb,a,B,QB17,9,3,UVH6a,1,-0.18666666666666668,2500000.0,2.5,484,1024,0.47265625
01a072a3-8b43-7750-ac81-2431b9de5abb,a,B,QB17,9,3,UVH6a,2,-0.17333333333333334,2500000.0,2.5,475,1024,0.4638671875
01a072a3-8b43-7750-ac81-2431b9de5abb,a,B,QB17,9,3,UVH6a,3,-0.16,2500000.0,2.5,500,1024,0.48828125
01a072a3-8b43-7750-ac81-2431b9de5abb,a,B,QB17,9,3,UVH6a,4,-0.14666666666666667,2500000.0,2.5,467,1024,0.4560546875
01a072a3-8b43-7750-ac81-2431b9de5abb,a,B,QB17,9,3,UVH6a,5,-0.13333333333333336,2500000.0,2.5,467,1024,0.4560546875
01a072a3-8b43-7750-ac81-2431b9de5abb,a,B,QB17,9,3,UVH6a,6,-0.12000000000000001,2500000.0,2.5,451,1024,0.4404296875
01a072a3-8b43-7750-ac81-2431b9de5abb,a,B,QB17,9,3,UVH6a,7,-0.10666666666666667,2500000.0,2.5,449,1024,0.4384765625
01a072a3-8b43-7750-ac81-2431b9de5abb,a,B,QB17,9,3,UVH6a,8,-0.09333333333333334,2500000.0,2.5,479,1024,0.4677734375
01a072a3-8b43-7750-ac81-2431b9de5abb,a,B,QB17,9,3,UVH6a,9,-0.08,2500000.0,2.5,451,1024,0.4404296875
01a072a3-8b43-7750-ac81-2431b9de5abb,a,B,QB17,9,3,UVH6a,10,-0.06666666666666668,2500000.0,2.5,447,1024,0.4365234375
01a072a3-8b43-7750-ac81-2431b9de5abb,a,B,QB17,9,3,UVH6a,11,-0.053333333333333344,2500000.0,2.5,469,1024,0.4580078125
01a072a3-8b43-7750-ac81-2431b9de5abb,a,B,QB17,9,3,UVH6a,12,-0.04000000000000001,2500000.0,2.5,471,1024,0.4599609375
01a072a3-8b43-7750-ac81-2431b9de5abb,a,B,QB17,9,3,UVH6a,13,-0.026666666666666672,2500000.0,2.5,469,1024,0.4580078125
01a072a3-8b43-7750-ac81-2431b9de5abb,a,B,QB17,9,3,UVH6a,14,-0.013333333333333336,2500000.0,2.5,471,1024,0.4599609375
01a072a3-8b43-7750-ac81-2431b9de5abb,a,B,QB17,9,3,UVH6a,15,0.0,2500000.0,2.5,481,1024,0.4697265625
01a072a3-8b43-7750-ac81-2431b9de5abb,a,B,QB17,9,3,UVH6a,16,0.013333333333333336,2500000.0,2.5,505,1024,0.4931640625
01a072a3-8b43-7750-ac81-2431b9de5abb,a,B,QB17,9,3,UVH6a,17,0.026666666666666672,2500000.0,2.5,497,1024,0.4853515625
01a072a3-8b43-7750-ac81-2431b9de5abb,a,B,QB17,9,3,UVH6a,18,0.04000000000000001,2500000.0,2.5,486,1024,0.474609375
01a072a3-8b43-7750-ac81-2431b9de5abb,a,B,QB17,9,3,UVH6a,19,0.053333333333333344,2500000.0,2.5,474,1024,0.462890625
01a072a3-8b43-7750-ac81-2431b9de5abb,a,B,QB17,9,3,UVH6a,20,0.06666666666666665,2500000.0,2.5,458,1024,0.447265625
01a072a3-8b43-7750-ac81-2431b9de5abb,a,B,QB17,9,3,UVH6a,21,0.08000000000000002,2500000.0,2.5,477,1024,0.4658203125
01a072a3-8b43-7750-ac81-2431b9de5abb,a,B,QB17,9,3,UVH6a,22,0.09333333333333332,2500000.0,2.5,475,1024,0.4638671875
01a072a3-8b43-7750-ac81-2431b9de5abb,a,B,QB17,9,3,UVH6a,23,0.10666666666666669,2500000.0,2.5,497,1024,0.4853515625
01a072a3-8b43-7750-ac81-2431b9de5abb,a,B,QB17,9,3,UVH6a,24,0.12,2500000.0,2.5,485,1024,0.4736328125
01a072a3-8b43-7750-ac81-2431b9de5abb,a,B,QB17,9,3,UVH6a,25,0.13333333333333336,2500000.0,2.5,470,1024,0.458984375
01a072a3-8b43-7750-ac81-2431b9de5abb,a,B,QB17,9,3,UVH6a,26,0.14666666666666667,2500000.0,2.5,485,1024,0.4736328125
01a072a3-8b43-7750-ac81-2431b9de5abb,a,B,QB17,9,3,UVH6a,27,0.16000000000000003,2500000.0,2.5,493,1024,0.4814453125
01a072a3-8b43-7750-ac81-2431b9de5abb,a,B,QB17,9,3,UVH6a,28,0.17333333333333334,2500000.0,2.5,506,1024,0.494140625
01a072a3-8b43-7750-ac81-2431b9de5abb,a,B,QB17,9,3,UVH6a,29,0.1866666666666667,2500000.0,2.5,470,1024,0.458984375
01a072a3-8b43-7750-ac81-2431b9de5abb,a,B,QB17,9,3,UVH6a,30,0.2,2500000.0,2.5,454,1024,0.443359375
01a072a3-8b43-7750-ac81-2431b9de5abb,a,B,QB17,9,4,UVH7a,0,-0.2,2500000.0,2.5,451,1024,0.4404296875
01a072a3-8b43-7750-ac81-2431b9de5abb,a,B,QB17,9,4,UVH7a,1,-0.18666666666666668,2500000.0,2.5,474,1024,0.462890625
01a072a3-8b43-7750-ac81-2431b9de5abb,a,B,QB17,9,4,UVH7a,2,-0.17333333333333334,2500000.0,2.5,456,1024,0.4453125
01a072a3-8b43-7750-ac81-2431b9de5abb,a,B,QB17,9,4,UVH7a,3,-0.16,2500000.0,2.5,479,1024,0.4677734375
01a072a3-8b43-7750-ac81-2431b9de5abb,a,B,QB17,9,4,UVH7a,4,-0.14666666666666667,2500000.0,2.5,478,1024,0.466796875
01a072a3-8b43-7750-ac81-2431b9de5abb,a,B,QB17,9,4,UVH7a,5,-0.13333333333333336,2500000.0,2.5,468,1024,0.45703125
01a072a3-8b43-7750-ac81-2431b9de5abb,a,B,QB17,9,4,UVH7a,6,-0.12000000000000001,2500000.0,2.5,467,1024,0.4560546875
01a072a3-8b43-7750-ac81-2431b9de5abb,a,B,QB17,9,4,UVH7a,7,-0.10666666666666667,2500000.0,2.5,456,1024,0.4453125
01a072a3-8b43-7750-ac81-2431b9de5abb,a,B,QB17,9,4,UVH7a,8,-0.09333333333333334,2500000.0,2.5,487,1024,0.4755859375
01a072a3-8b43-7750-ac81-2431b9de5abb,a,B,QB17,9,4,UVH7a,9,-0.08,2500000.0,2.5,473,1024,0.4619140625
01a072a3-8b43-7750-ac81-2431b9de5abb,a,B,QB17,9,4,UVH7a,10,-0.06666666666666668,2500000.0,2.5,502,1024,0.490234375
01a072a3-8b43-7750-ac81-2431b9de5abb,a,B,QB17,9,4,UVH7a,11,-0.053333333333333344,2500000.0,2.5,486,1024,0.474609375
01a072a3-8b43-7750-ac81-2431b9de5abb,a,B,QB17,9,4,UVH7a,12,-0.04000000000000001,2500000.0,2.5,480,1024,0.46875
01a072a3-8b43-7750-ac81-2431b9de5abb,a,B,QB17,9,4,UVH7a,13,-0.026666666666666672,2500000.0,2.5,485,1024,0.4736328125
01a072a3-8b43-7750-ac81-2431b9de5abb,a,B,QB17,9,4,UVH7a,14,-0.013333333333333336,2500000.0,2.5,468,1024,0.45703125
01a072a3-8b43-7750-ac81-2431b9de5abb,a,B,QB17,9,4,UVH7a,15,0.0,2500000.0,2.5,474,1024,0.462890625
01a072a3-8b43-7750-ac81-2431b9de5abb,a,B,QB17,9,4,UVH7a,16,0.013333333333333336,2500000.0,2.5,461,1024,0.4501953125
01a072a3-8b43-7750-ac81-2431b9de5abb,a,B,QB17,9,4,UVH7a,17,0.026666666666666672,2500000.0,2.5,459,1024,0.4482421875
01a072a3-8b43-7750-ac81-2431b9de5abb,a,B,QB17,9,4,UVH7a,18,0.04000000000000001,2500000.0,2.5,475,1024,0.4638671875
01a072a3-8b43-7750-ac81-2431b9de5abb,a,B,QB17,9,4,UVH7a,19,0.053333333333333344,2500000.0,2.5,473,1024,0.4619140625
01a072a3-8b43-7750-ac81-2431b9de5abb,a,B,QB17,9,4,UVH7a,20,0.06666666666666665,2500000.0,2.5,465,1024,0.4541015625
01a072a3-8b43-7750-ac81-2431b9de5abb,a,B,QB17,9,4,UVH7a,21,0.08000000000000002,2500000.0,2.5,480,1024,0.46875
01a072a3-8b43-7750-ac81-2431b9de5abb,a,B,QB17,9,4,UVH7a,22,0.09333333333333332,2500000.0,2.5,449,1024,0.4384765625
01a072a3-8b43-7750-ac81-2431b9de5abb,a,B,QB17,9,4,UVH7a,23,0.10666666666666669,2500000.0,2.5,486,1024,0.474609375
01a072a3-8b43-7750-ac81-2431b9de5abb,a,B,QB17,9,4,UVH7a,24,0.12,2500000.0,2.5,472,1024,0.4609375
01a072a3-8b43-7750-ac81-2431b9de5abb,a,B,QB17,9,4,UVH7a,25,0.13333333333333336,2500000.0,2.5,464,1024,0.453125
01a072a3-8b43-7750-ac81-2431b9de5abb,a,B,QB17,9,4,UVH7a,26,0.14666666666666667,2500000.0,2.5,489,1024,0.4775390625
01a072a3-8b43-7750-ac81-2431b9de5abb,a,B,QB17,9,4,UVH7a,27,0.16000000000000003,2500000.0,2.5,469,1024,0.4580078125
01a072a3-8b43-7750-ac81-2431b9de5abb,a,B,QB17,9,4,UVH7a,28,0.17333333333333334,2500000.0,2.5,469,1024,0.4580078125
01a072a3-8b43-7750-ac81-2431b9de5abb,a,B,QB17,9,4,UVH7a,29,0.1866666666666667,2500000.0,2.5,472,1024,0.4609375
01a072a3-8b43-7750-ac81-2431b9de5abb,a,B,QB17,9,4,UVH7a,30,0.2,2500000.0,2.5,467,1024,0.4560546875
01a072a3-8b43-7750-ac81-2431b9de5abb,a,B,QB17,9,5,UVH8a,0,-0.2,2500000.0,2.5,513,1024,0.5009765625
01a072a3-8b43-7750-ac81-2431b9de5abb,a,B,QB17,9,5,UVH8a,1,-0.18666666666666668,2500000.0,2.5,494,1024,0.482421875
01a072a3-8b43-7750-ac81-2431b9de5abb,a,B,QB17,9,5,UVH8a,2,-0.17333333333333334,2500000.0,2.5,491,1024,0.4794921875
01a072a3-8b43-7750-ac81-2431b9de5abb,a,B,QB17,9,5,UVH8a,3,-0.16,2500000.0,2.5,498,1024,0.486328125
01a072a3-8b43-7750-ac81-2431b9de5abb,a,B,QB17,9,5,UVH8a,4,-0.14666666666666667,2500000.0,2.5,474,1024,0.462890625
01a072a3-8b43-7750-ac81-2431b9de5abb,a,B,QB17,9,5,UVH8a,5,-0.13333333333333336,2500000.0,2.5,508,1024,0.49609375
01a072a3-8b43-7750-ac81-2431b9de5abb,a,B,QB17,9,5,UVH8a,6,-0.12000000000000001,2500000.0,2.5,514,1024,0.501953125
01a072a3-8b43-7750-ac81-2431b9de5abb,a,B,QB17,9,5,UVH8a,7,-0.10666666666666667,2500000.0,2.5,480,1024,0.46875
01a072a3-8b43-7750-ac81-2431b9de5abb,a,B,QB17,9,5,UVH8a,8,-0.09333333333333334,2500000.0,2.5,465,1024,0.4541015625
01a072a3-8b43-7750-ac81-2431b9de5abb,a,B,QB17,9,5,UVH8a,9,-0.08,2500000.0,2.5,490,1024,0.478515625
01a072a3-8b43-7750-ac81-2431b9de5abb,a,B,QB17,9,5,UVH8a,10,-0.06666666666666668,2500000.0,2.5,493,1024,0.4814453125
01a072a3-8b43-7750-ac81-2431b9de5abb,a,B,QB17,9,5,UVH8a,11,-0.053333333333333344,2500000.0,2.5,510,1024,0.498046875
01a072a3-8b43-7750-ac81-2431b9de5abb,a,B,QB17,9,5,UVH8a,12,-0.04000000000000001,2500000.0,2.5,499,1024,0.4873046875
01a072a3-8b43-7750-ac81-2431b9de5abb,a,B,QB17,9,5,UVH8a,13,-0.026666666666666672,2500000.0,2.5,497,1024,0.4853515625
01a072a3-8b43-7750-ac81-2431b9de5abb,a,B,QB17,9,5,UVH8a,14,-0.013333333333333336,2500000.0,2.5,484,1024,0.47265625
01a072a3-8b43-7750-ac81-2431b9de5abb,a,B,QB17,9,5,UVH8a,15,0.0,2500000.0,2.5,445,1024,0.4345703125
01a072a3-8b43-7750-ac81-2431b9de5abb,a,B,QB17,9,5,UVH8a,16,0.013333333333333336,2500000.0,2.5,470,1024,0.458984375
01a072a3-8b43-7750-ac81-2431b9de5abb,a,B,QB17,9,5,UVH8a,17,0.026666666666666672,2500000.0,2.5,489,1024,0.4775390625
01a072a3-8b43-7750-ac81-2431b9de5abb,a,B,QB17,9,5,UVH8a,18,0.04000000000000001,2500000.0,2.5,491,1024,0.4794921875
01a072a3-8b43-7750-ac81-2431b9de5abb,a,B,QB17,9,5,UVH8a,19,0.053333333333333344,2500000.0,2.5,467,1024,0.4560546875
01a072a3-8b43-7750-ac81-2431b9de5abb,a,B,QB17,9,5,UVH8a,20,0.06666666666666665,2500000.0,2.5,468,1024,0.45703125
01a072a3-8b43-7750-ac81-2431b9de5abb,a,B,QB17,9,5,UVH8a,21,0.08000000000000002,2500000.0,2.5,475,1024,0.4638671875
01a072a3-8b43-7750-ac81-2431b9de5abb,a,B,QB17,9,5,UVH8a,22,0.09333333333333332,2500000.0,2.5,476,1024,0.46484375
01a072a3-8b43-7750-ac81-2431b9de5abb,a,B,QB17,9,5,UVH8a,23,0.10666666666666669,2500000.0,2.5,459,1024,0.4482421875
01a072a3-8b43-7750-ac81-2431b9de5abb,a,B,QB17,9,5,UVH8a,24,0.12,2500000.0,2.5,463,1024,0.4521484375
01a072a3-8b43-7750-ac81-2431b9de5abb,a,B,QB17,9,5,UVH8a,25,0.13333333333333336,2500000.0,2.5,445,1024,0.4345703125
01a072a3-8b43-7750-ac81-2431b9de5abb,a,B,QB17,9,5,UVH8a,26,0.14666666666666667,2500000.0,2.5,465,1024,0.4541015625
01a072a3-8b43-7750-ac81-2431b9de5abb,a,B,QB17,9,5,UVH8a,27,0.16000000000000003,2500000.0,2.5,421,1024,0.4111328125
01a072a3-8b43-7750-ac81-2431b9de5abb,a,B,QB17,9,5,UVH8a,28,0.17333333333333334,2500000.0,2.5,452,1024,0.44140625
01a072a3-8b43-7750-ac81-2431b9de5abb,a,B,QB17,9,5,UVH8a,29,0.1866666666666667,2500000.0,2.5,420,1024,0.41015625
01a072a3-8b43-7750-ac81-2431b9de5abb,a,B,QB17,9,5,UVH8a,30,0.2,2500000.0,2.5,428,1024,0.41796875
01a072a3-8b43-7750-ac81-2431b9de5abb,a,B,QB20,10,0,standard_pi_2,0,-0.2,2500000.0,2.5,357,1024,0.3486328125
01a072a3-8b43-7750-ac81-2431b9de5abb,a,B,QB20,10,0,standard_pi_2,1,-0.18666666666666668,2500000.0,2.5,330,1024,0.322265625
01a072a3-8b43-7750-ac81-2431b9de5abb,a,B,QB20,10,0,standard_pi_2,2,-0.17333333333333334,2500000.0,2.5,360,1024,0.3515625
01a072a3-8b43-7750-ac81-2431b9de5abb,a,B,QB20,10,0,standard_pi_2,3,-0.16,2500000.0,2.5,357,1024,0.3486328125
01a072a3-8b43-7750-ac81-2431b9de5abb,a,B,QB20,10,0,standard_pi_2,4,-0.14666666666666667,2500000.0,2.5,382,1024,0.373046875
01a072a3-8b43-7750-ac81-2431b9de5abb,a,B,QB20,10,0,standard_pi_2,5,-0.13333333333333336,2500000.0,2.5,378,1024,0.369140625
01a072a3-8b43-7750-ac81-2431b9de5abb,a,B,QB20,10,0,standard_pi_2,6,-0.12000000000000001,2500000.0,2.5,412,1024,0.40234375
01a072a3-8b43-7750-ac81-2431b9de5abb,a,B,QB20,10,0,standard_pi_2,7,-0.10666666666666667,2500000.0,2.5,406,1024,0.396484375
01a072a3-8b43-7750-ac81-2431b9de5abb,a,B,QB20,10,0,standard_pi_2,8,-0.09333333333333334,2500000.0,2.5,432,1024,0.421875
01a072a3-8b43-7750-ac81-2431b9de5abb,a,B,QB20,10,0,standard_pi_2,9,-0.08,2500000.0,2.5,394,1024,0.384765625
01a072a3-8b43-7750-ac81-2431b9de5abb,a,B,QB20,10,0,standard_pi_2,10,-0.06666666666666668,2500000.0,2.5,453,1024,0.4423828125
01a072a3-8b43-7750-ac81-2431b9de5abb,a,B,QB20,10,0,standard_pi_2,11,-0.053333333333333344,2500000.0,2.5,455,1024,0.4443359375
01a072a3-8b43-7750-ac81-2431b9de5abb,a,B,QB20,10,0,standard_pi_2,12,-0.04000000000000001,2500000.0,2.5,491,1024,0.4794921875
01a072a3-8b43-7750-ac81-2431b9de5abb,a,B,QB20,10,0,standard_pi_2,13,-0.026666666666666672,2500000.0,2.5,470,1024,0.458984375
01a072a3-8b43-7750-ac81-2431b9de5abb,a,B,QB20,10,0,standard_pi_2,14,-0.013333333333333336,2500000.0,2.5,458,1024,0.447265625
01a072a3-8b43-7750-ac81-2431b9de5abb,a,B,QB20,10,0,standard_pi_2,15,0.0,2500000.0,2.5,481,1024,0.4697265625
01a072a3-8b43-7750-ac81-2431b9de5abb,a,B,QB20,10,0,standard_pi_2,16,0.013333333333333336,2500000.0,2.5,514,1024,0.501953125
01a072a3-8b43-7750-ac81-2431b9de5abb,a,B,QB20,10,0,standard_pi_2,17,0.026666666666666672,2500000.0,2.5,512,1024,0.5
01a072a3-8b43-7750-ac81-2431b9de5abb,a,B,QB20,10,0,standard_pi_2,18,0.04000000000000001,2500000.0,2.5,502,1024,0.490234375
01a072a3-8b43-7750-ac81-2431b9de5abb,a,B,QB20,10,0,standard_pi_2,19,0.053333333333333344,2500000.0,2.5,538,1024,0.525390625
01a072a3-8b43-7750-ac81-2431b9de5abb,a,B,QB20,10,0,standard_pi_2,20,0.06666666666666665,2500000.0,2.5,518,1024,0.505859375
01a072a3-8b43-7750-ac81-2431b9de5abb,a,B,QB20,10,0,standard_pi_2,21,0.08000000000000002,2500000.0,2.5,552,1024,0.5390625
01a072a3-8b43-7750-ac81-2431b9de5abb,a,B,QB20,10,0,standard_pi_2,22,0.09333333333333332,2500000.0,2.5,540,1024,0.52734375
01a072a3-8b43-7750-ac81-2431b9de5abb,a,B,QB20,10,0,standard_pi_2,23,0.10666666666666669,2500000.0,2.5,534,1024,0.521484375
01a072a3-8b43-7750-ac81-2431b9de5abb,a,B,QB20,10,0,standard_pi_2,24,0.12,2500000.0,2.5,568,1024,0.5546875
01a072a3-8b43-7750-ac81-2431b9de5abb,a,B,QB20,10,0,standard_pi_2,25,0.13333333333333336,2500000.0,2.5,601,1024,0.5869140625
01a072a3-8b43-7750-ac81-2431b9de5abb,a,B,QB20,10,0,standard_pi_2,26,0.14666666666666667,2500000.0,2.5,592,1024,0.578125
01a072a3-8b43-7750-ac81-2431b9de5abb,a,B,QB20,10,0,standard_pi_2,27,0.16000000000000003,2500000.0,2.5,618,1024,0.603515625
01a072a3-8b43-7750-ac81-2431b9de5abb,a,B,QB20,10,0,standard_pi_2,28,0.17333333333333334,2500000.0,2.5,600,1024,0.5859375
01a072a3-8b43-7750-ac81-2431b9de5abb,a,B,QB20,10,0,standard_pi_2,29,0.1866666666666667,2500000.0,2.5,643,1024,0.6279296875
01a072a3-8b43-7750-ac81-2431b9de5abb,a,B,QB20,10,0,standard_pi_2,30,0.2,2500000.0,2.5,646,1024,0.630859375
01a072a3-8b43-7750-ac81-2431b9de5abb,a,B,QB20,10,1,UVH4a,0,-0.2,2500000.0,2.5,452,1024,0.44140625
01a072a3-8b43-7750-ac81-2431b9de5abb,a,B,QB20,10,1,UVH4a,1,-0.18666666666666668,2500000.0,2.5,450,1024,0.439453125
01a072a3-8b43-7750-ac81-2431b9de5abb,a,B,QB20,10,1,UVH4a,2,-0.17333333333333334,2500000.0,2.5,468,1024,0.45703125
01a072a3-8b43-7750-ac81-2431b9de5abb,a,B,QB20,10,1,UVH4a,3,-0.16,2500000.0,2.5,475,1024,0.4638671875
01a072a3-8b43-7750-ac81-2431b9de5abb,a,B,QB20,10,1,UVH4a,4,-0.14666666666666667,2500000.0,2.5,486,1024,0.474609375
01a072a3-8b43-7750-ac81-2431b9de5abb,a,B,QB20,10,1,UVH4a,5,-0.13333333333333336,2500000.0,2.5,482,1024,0.470703125
01a072a3-8b43-7750-ac81-2431b9de5abb,a,B,QB20,10,1,UVH4a,6,-0.12000000000000001,2500000.0,2.5,501,1024,0.4892578125
01a072a3-8b43-7750-ac81-2431b9de5abb,a,B,QB20,10,1,UVH4a,7,-0.10666666666666667,2500000.0,2.5,450,1024,0.439453125
01a072a3-8b43-7750-ac81-2431b9de5abb,a,B,QB20,10,1,UVH4a,8,-0.09333333333333334,2500000.0,2.5,480,1024,0.46875
01a072a3-8b43-7750-ac81-2431b9de5abb,a,B,QB20,10,1,UVH4a,9,-0.08,2500000.0,2.5,488,1024,0.4765625
01a072a3-8b43-7750-ac81-2431b9de5abb,a,B,QB20,10,1,UVH4a,10,-0.06666666666666668,2500000.0,2.5,469,1024,0.4580078125
01a072a3-8b43-7750-ac81-2431b9de5abb,a,B,QB20,10,1,UVH4a,11,-0.053333333333333344,2500000.0,2.5,495,1024,0.4833984375
01a072a3-8b43-7750-ac81-2431b9de5abb,a,B,QB20,10,1,UVH4a,12,-0.04000000000000001,2500000.0,2.5,486,1024,0.474609375
01a072a3-8b43-7750-ac81-2431b9de5abb,a,B,QB20,10,1,UVH4a,13,-0.026666666666666672,2500000.0,2.5,495,1024,0.4833984375
01a072a3-8b43-7750-ac81-2431b9de5abb,a,B,QB20,10,1,UVH4a,14,-0.013333333333333336,2500000.0,2.5,490,1024,0.478515625
01a072a3-8b43-7750-ac81-2431b9de5abb,a,B,QB20,10,1,UVH4a,15,0.0,2500000.0,2.5,515,1024,0.5029296875
01a072a3-8b43-7750-ac81-2431b9de5abb,a,B,QB20,10,1,UVH4a,16,0.013333333333333336,2500000.0,2.5,515,1024,0.5029296875
01a072a3-8b43-7750-ac81-2431b9de5abb,a,B,QB20,10,1,UVH4a,17,0.026666666666666672,2500000.0,2.5,509,1024,0.4970703125
01a072a3-8b43-7750-ac81-2431b9de5abb,a,B,QB20,10,1,UVH4a,18,0.04000000000000001,2500000.0,2.5,494,1024,0.482421875
01a072a3-8b43-7750-ac81-2431b9de5abb,a,B,QB20,10,1,UVH4a,19,0.053333333333333344,2500000.0,2.5,488,1024,0.4765625
01a072a3-8b43-7750-ac81-2431b9de5abb,a,B,QB20,10,1,UVH4a,20,0.06666666666666665,2500000.0,2.5,512,1024,0.5
01a072a3-8b43-7750-ac81-2431b9de5abb,a,B,QB20,10,1,UVH4a,21,0.08000000000000002,2500000.0,2.5,504,1024,0.4921875
01a072a3-8b43-7750-ac81-2431b9de5abb,a,B,QB20,10,1,UVH4a,22,0.09333333333333332,2500000.0,2.5,493,1024,0.4814453125
01a072a3-8b43-7750-ac81-2431b9de5abb,a,B,QB20,10,1,UVH4a,23,0.10666666666666669,2500000.0,2.5,514,1024,0.501953125
01a072a3-8b43-7750-ac81-2431b9de5abb,a,B,QB20,10,1,UVH4a,24,0.12,2500000.0,2.5,517,1024,0.5048828125
01a072a3-8b43-7750-ac81-2431b9de5abb,a,B,QB20,10,1,UVH4a,25,0.13333333333333336,2500000.0,2.5,502,1024,0.490234375
01a072a3-8b43-7750-ac81-2431b9de5abb,a,B,QB20,10,1,UVH4a,26,0.14666666666666667,2500000.0,2.5,489,1024,0.4775390625
01a072a3-8b43-7750-ac81-2431b9de5abb,a,B,QB20,10,1,UVH4a,27,0.16000000000000003,2500000.0,2.5,491,1024,0.4794921875
01a072a3-8b43-7750-ac81-2431b9de5abb,a,B,QB20,10,1,UVH4a,28,0.17333333333333334,2500000.0,2.5,495,1024,0.4833984375
01a072a3-8b43-7750-ac81-2431b9de5abb,a,B,QB20,10,1,UVH4a,29,0.1866666666666667,2500000.0,2.5,490,1024,0.478515625
01a072a3-8b43-7750-ac81-2431b9de5abb,a,B,QB20,10,1,UVH4a,30,0.2,2500000.0,2.5,507,1024,0.4951171875
01a072a3-8b43-7750-ac81-2431b9de5abb,a,B,QB20,10,2,UVH5a,0,-0.2,2500000.0,2.5,599,1024,0.5849609375
01a072a3-8b43-7750-ac81-2431b9de5abb,a,B,QB20,10,2,UVH5a,1,-0.18666666666666668,2500000.0,2.5,581,1024,0.5673828125
01a072a3-8b43-7750-ac81-2431b9de5abb,a,B,QB20,10,2,UVH5a,2,-0.17333333333333334,2500000.0,2.5,567,1024,0.5537109375
01a072a3-8b43-7750-ac81-2431b9de5abb,a,B,QB20,10,2,UVH5a,3,-0.16,2500000.0,2.5,578,1024,0.564453125
01a072a3-8b43-7750-ac81-2431b9de5abb,a,B,QB20,10,2,UVH5a,4,-0.14666666666666667,2500000.0,2.5,562,1024,0.548828125
01a072a3-8b43-7750-ac81-2431b9de5abb,a,B,QB20,10,2,UVH5a,5,-0.13333333333333336,2500000.0,2.5,553,1024,0.5400390625
01a072a3-8b43-7750-ac81-2431b9de5abb,a,B,QB20,10,2,UVH5a,6,-0.12000000000000001,2500000.0,2.5,566,1024,0.552734375
01a072a3-8b43-7750-ac81-2431b9de5abb,a,B,QB20,10,2,UVH5a,7,-0.10666666666666667,2500000.0,2.5,551,1024,0.5380859375
01a072a3-8b43-7750-ac81-2431b9de5abb,a,B,QB20,10,2,UVH5a,8,-0.09333333333333334,2500000.0,2.5,547,1024,0.5341796875
01a072a3-8b43-7750-ac81-2431b9de5abb,a,B,QB20,10,2,UVH5a,9,-0.08,2500000.0,2.5,511,1024,0.4990234375
01a072a3-8b43-7750-ac81-2431b9de5abb,a,B,QB20,10,2,UVH5a,10,-0.06666666666666668,2500000.0,2.5,555,1024,0.5419921875
01a072a3-8b43-7750-ac81-2431b9de5abb,a,B,QB20,10,2,UVH5a,11,-0.053333333333333344,2500000.0,2.5,514,1024,0.501953125
01a072a3-8b43-7750-ac81-2431b9de5abb,a,B,QB20,10,2,UVH5a,12,-0.04000000000000001,2500000.0,2.5,501,1024,0.4892578125
01a072a3-8b43-7750-ac81-2431b9de5abb,a,B,QB20,10,2,UVH5a,13,-0.026666666666666672,2500000.0,2.5,494,1024,0.482421875
01a072a3-8b43-7750-ac81-2431b9de5abb,a,B,QB20,10,2,UVH5a,14,-0.013333333333333336,2500000.0,2.5,513,1024,0.5009765625
01a072a3-8b43-7750-ac81-2431b9de5abb,a,B,QB20,10,2,UVH5a,15,0.0,2500000.0,2.5,508,1024,0.49609375
01a072a3-8b43-7750-ac81-2431b9de5abb,a,B,QB20,10,2,UVH5a,16,0.013333333333333336,2500000.0,2.5,471,1024,0.4599609375
01a072a3-8b43-7750-ac81-2431b9de5abb,a,B,QB20,10,2,UVH5a,17,0.026666666666666672,2500000.0,2.5,516,1024,0.50390625
01a072a3-8b43-7750-ac81-2431b9de5abb,a,B,QB20,10,2,UVH5a,18,0.04000000000000001,2500000.0,2.5,509,1024,0.4970703125
01a072a3-8b43-7750-ac81-2431b9de5abb,a,B,QB20,10,2,UVH5a,19,0.053333333333333344,2500000.0,2.5,488,1024,0.4765625
01a072a3-8b43-7750-ac81-2431b9de5abb,a,B,QB20,10,2,UVH5a,20,0.06666666666666665,2500000.0,2.5,492,1024,0.48046875
01a072a3-8b43-7750-ac81-2431b9de5abb,a,B,QB20,10,2,UVH5a,21,0.08000000000000002,2500000.0,2.5,503,1024,0.4912109375
01a072a3-8b43-7750-ac81-2431b9de5abb,a,B,QB20,10,2,UVH5a,22,0.09333333333333332,2500000.0,2.5,503,1024,0.4912109375
01a072a3-8b43-7750-ac81-2431b9de5abb,a,B,QB20,10,2,UVH5a,23,0.10666666666666669,2500000.0,2.5,489,1024,0.4775390625
01a072a3-8b43-7750-ac81-2431b9de5abb,a,B,QB20,10,2,UVH5a,24,0.12,2500000.0,2.5,519,1024,0.5068359375
01a072a3-8b43-7750-ac81-2431b9de5abb,a,B,QB20,10,2,UVH5a,25,0.13333333333333336,2500000.0,2.5,520,1024,0.5078125
01a072a3-8b43-7750-ac81-2431b9de5abb,a,B,QB20,10,2,UVH5a,26,0.14666666666666667,2500000.0,2.5,510,1024,0.498046875
01a072a3-8b43-7750-ac81-2431b9de5abb,a,B,QB20,10,2,UVH5a,27,0.16000000000000003,2500000.0,2.5,544,1024,0.53125
01a072a3-8b43-7750-ac81-2431b9de5abb,a,B,QB20,10,2,UVH5a,28,0.17333333333333334,2500000.0,2.5,511,1024,0.4990234375
01a072a3-8b43-7750-ac81-2431b9de5abb,a,B,QB20,10,2,UVH5a,29,0.1866666666666667,2500000.0,2.5,500,1024,0.48828125
01a072a3-8b43-7750-ac81-2431b9de5abb,a,B,QB20,10,2,UVH5a,30,0.2,2500000.0,2.5,469,1024,0.4580078125
01a072a3-8b43-7750-ac81-2431b9de5abb,a,B,QB20,10,3,UVH6a,0,-0.2,2500000.0,2.5,580,1024,0.56640625
01a072a3-8b43-7750-ac81-2431b9de5abb,a,B,QB20,10,3,UVH6a,1,-0.18666666666666668,2500000.0,2.5,572,1024,0.55859375
01a072a3-8b43-7750-ac81-2431b9de5abb,a,B,QB20,10,3,UVH6a,2,-0.17333333333333334,2500000.0,2.5,516,1024,0.50390625
01a072a3-8b43-7750-ac81-2431b9de5abb,a,B,QB20,10,3,UVH6a,3,-0.16,2500000.0,2.5,520,1024,0.5078125
01a072a3-8b43-7750-ac81-2431b9de5abb,a,B,QB20,10,3,UVH6a,4,-0.14666666666666667,2500000.0,2.5,527,1024,0.5146484375
01a072a3-8b43-7750-ac81-2431b9de5abb,a,B,QB20,10,3,UVH6a,5,-0.13333333333333336,2500000.0,2.5,516,1024,0.50390625
01a072a3-8b43-7750-ac81-2431b9de5abb,a,B,QB20,10,3,UVH6a,6,-0.12000000000000001,2500000.0,2.5,492,1024,0.48046875
01a072a3-8b43-7750-ac81-2431b9de5abb,a,B,QB20,10,3,UVH6a,7,-0.10666666666666667,2500000.0,2.5,480,1024,0.46875
01a072a3-8b43-7750-ac81-2431b9de5abb,a,B,QB20,10,3,UVH6a,8,-0.09333333333333334,2500000.0,2.5,491,1024,0.4794921875
01a072a3-8b43-7750-ac81-2431b9de5abb,a,B,QB20,10,3,UVH6a,9,-0.08,2500000.0,2.5,502,1024,0.490234375
01a072a3-8b43-7750-ac81-2431b9de5abb,a,B,QB20,10,3,UVH6a,10,-0.06666666666666668,2500000.0,2.5,473,1024,0.4619140625
01a072a3-8b43-7750-ac81-2431b9de5abb,a,B,QB20,10,3,UVH6a,11,-0.053333333333333344,2500000.0,2.5,495,1024,0.4833984375
01a072a3-8b43-7750-ac81-2431b9de5abb,a,B,QB20,10,3,UVH6a,12,-0.04000000000000001,2500000.0,2.5,480,1024,0.46875
01a072a3-8b43-7750-ac81-2431b9de5abb,a,B,QB20,10,3,UVH6a,13,-0.026666666666666672,2500000.0,2.5,501,1024,0.4892578125
01a072a3-8b43-7750-ac81-2431b9de5abb,a,B,QB20,10,3,UVH6a,14,-0.013333333333333336,2500000.0,2.5,499,1024,0.4873046875
01a072a3-8b43-7750-ac81-2431b9de5abb,a,B,QB20,10,3,UVH6a,15,0.0,2500000.0,2.5,492,1024,0.48046875
01a072a3-8b43-7750-ac81-2431b9de5abb,a,B,QB20,10,3,UVH6a,16,0.013333333333333336,2500000.0,2.5,482,1024,0.470703125
01a072a3-8b43-7750-ac81-2431b9de5abb,a,B,QB20,10,3,UVH6a,17,0.026666666666666672,2500000.0,2.5,487,1024,0.4755859375
01a072a3-8b43-7750-ac81-2431b9de5abb,a,B,QB20,10,3,UVH6a,18,0.04000000000000001,2500000.0,2.5,529,1024,0.5166015625
01a072a3-8b43-7750-ac81-2431b9de5abb,a,B,QB20,10,3,UVH6a,19,0.053333333333333344,2500000.0,2.5,551,1024,0.5380859375
01a072a3-8b43-7750-ac81-2431b9de5abb,a,B,QB20,10,3,UVH6a,20,0.06666666666666665,2500000.0,2.5,525,1024,0.5126953125
01a072a3-8b43-7750-ac81-2431b9de5abb,a,B,QB20,10,3,UVH6a,21,0.08000000000000002,2500000.0,2.5,517,1024,0.5048828125
01a072a3-8b43-7750-ac81-2431b9de5abb,a,B,QB20,10,3,UVH6a,22,0.09333333333333332,2500000.0,2.5,543,1024,0.5302734375
01a072a3-8b43-7750-ac81-2431b9de5abb,a,B,QB20,10,3,UVH6a,23,0.10666666666666669,2500000.0,2.5,521,1024,0.5087890625
01a072a3-8b43-7750-ac81-2431b9de5abb,a,B,QB20,10,3,UVH6a,24,0.12,2500000.0,2.5,529,1024,0.5166015625
01a072a3-8b43-7750-ac81-2431b9de5abb,a,B,QB20,10,3,UVH6a,25,0.13333333333333336,2500000.0,2.5,553,1024,0.5400390625
01a072a3-8b43-7750-ac81-2431b9de5abb,a,B,QB20,10,3,UVH6a,26,0.14666666666666667,2500000.0,2.5,509,1024,0.4970703125
01a072a3-8b43-7750-ac81-2431b9de5abb,a,B,QB20,10,3,UVH6a,27,0.16000000000000003,2500000.0,2.5,533,1024,0.5205078125
01a072a3-8b43-7750-ac81-2431b9de5abb,a,B,QB20,10,3,UVH6a,28,0.17333333333333334,2500000.0,2.5,512,1024,0.5
01a072a3-8b43-7750-ac81-2431b9de5abb,a,B,QB20,10,3,UVH6a,29,0.1866666666666667,2500000.0,2.5,532,1024,0.51953125
01a072a3-8b43-7750-ac81-2431b9de5abb,a,B,QB20,10,3,UVH6a,30,0.2,2500000.0,2.5,519,1024,0.5068359375
01a072a3-8b43-7750-ac81-2431b9de5abb,a,B,QB20,10,4,UVH7a,0,-0.2,2500000.0,2.5,511,1024,0.4990234375
01a072a3-8b43-7750-ac81-2431b9de5abb,a,B,QB20,10,4,UVH7a,1,-0.18666666666666668,2500000.0,2.5,528,1024,0.515625
01a072a3-8b43-7750-ac81-2431b9de5abb,a,B,QB20,10,4,UVH7a,2,-0.17333333333333334,2500000.0,2.5,512,1024,0.5
01a072a3-8b43-7750-ac81-2431b9de5abb,a,B,QB20,10,4,UVH7a,3,-0.16,2500000.0,2.5,519,1024,0.5068359375
01a072a3-8b43-7750-ac81-2431b9de5abb,a,B,QB20,10,4,UVH7a,4,-0.14666666666666667,2500000.0,2.5,534,1024,0.521484375
01a072a3-8b43-7750-ac81-2431b9de5abb,a,B,QB20,10,4,UVH7a,5,-0.13333333333333336,2500000.0,2.5,512,1024,0.5
01a072a3-8b43-7750-ac81-2431b9de5abb,a,B,QB20,10,4,UVH7a,6,-0.12000000000000001,2500000.0,2.5,533,1024,0.5205078125
01a072a3-8b43-7750-ac81-2431b9de5abb,a,B,QB20,10,4,UVH7a,7,-0.10666666666666667,2500000.0,2.5,549,1024,0.5361328125
01a072a3-8b43-7750-ac81-2431b9de5abb,a,B,QB20,10,4,UVH7a,8,-0.09333333333333334,2500000.0,2.5,538,1024,0.525390625
01a072a3-8b43-7750-ac81-2431b9de5abb,a,B,QB20,10,4,UVH7a,9,-0.08,2500000.0,2.5,531,1024,0.5185546875
01a072a3-8b43-7750-ac81-2431b9de5abb,a,B,QB20,10,4,UVH7a,10,-0.06666666666666668,2500000.0,2.5,532,1024,0.51953125
01a072a3-8b43-7750-ac81-2431b9de5abb,a,B,QB20,10,4,UVH7a,11,-0.053333333333333344,2500000.0,2.5,498,1024,0.486328125
01a072a3-8b43-7750-ac81-2431b9de5abb,a,B,QB20,10,4,UVH7a,12,-0.04000000000000001,2500000.0,2.5,500,1024,0.48828125
01a072a3-8b43-7750-ac81-2431b9de5abb,a,B,QB20,10,4,UVH7a,13,-0.026666666666666672,2500000.0,2.5,535,1024,0.5224609375
01a072a3-8b43-7750-ac81-2431b9de5abb,a,B,QB20,10,4,UVH7a,14,-0.013333333333333336,2500000.0,2.5,495,1024,0.4833984375
01a072a3-8b43-7750-ac81-2431b9de5abb,a,B,QB20,10,4,UVH7a,15,0.0,2500000.0,2.5,511,1024,0.4990234375
01a072a3-8b43-7750-ac81-2431b9de5abb,a,B,QB20,10,4,UVH7a,16,0.013333333333333336,2500000.0,2.5,500,1024,0.48828125
01a072a3-8b43-7750-ac81-2431b9de5abb,a,B,QB20,10,4,UVH7a,17,0.026666666666666672,2500000.0,2.5,540,1024,0.52734375
01a072a3-8b43-7750-ac81-2431b9de5abb,a,B,QB20,10,4,UVH7a,18,0.04000000000000001,2500000.0,2.5,524,1024,0.51171875
01a072a3-8b43-7750-ac81-2431b9de5abb,a,B,QB20,10,4,UVH7a,19,0.053333333333333344,2500000.0,2.5,492,1024,0.48046875
01a072a3-8b43-7750-ac81-2431b9de5abb,a,B,QB20,10,4,UVH7a,20,0.06666666666666665,2500000.0,2.5,532,1024,0.51953125
01a072a3-8b43-7750-ac81-2431b9de5abb,a,B,QB20,10,4,UVH7a,21,0.08000000000000002,2500000.0,2.5,490,1024,0.478515625
01a072a3-8b43-7750-ac81-2431b9de5abb,a,B,QB20,10,4,UVH7a,22,0.09333333333333332,2500000.0,2.5,531,1024,0.5185546875
01a072a3-8b43-7750-ac81-2431b9de5abb,a,B,QB20,10,4,UVH7a,23,0.10666666666666669,2500000.0,2.5,496,1024,0.484375
01a072a3-8b43-7750-ac81-2431b9de5abb,a,B,QB20,10,4,UVH7a,24,0.12,2500000.0,2.5,478,1024,0.466796875
01a072a3-8b43-7750-ac81-2431b9de5abb,a,B,QB20,10,4,UVH7a,25,0.13333333333333336,2500000.0,2.5,510,1024,0.498046875
01a072a3-8b43-7750-ac81-2431b9de5abb,a,B,QB20,10,4,UVH7a,26,0.14666666666666667,2500000.0,2.5,536,1024,0.5234375
01a072a3-8b43-7750-ac81-2431b9de5abb,a,B,QB20,10,4,UVH7a,27,0.16000000000000003,2500000.0,2.5,511,1024,0.4990234375
01a072a3-8b43-7750-ac81-2431b9de5abb,a,B,QB20,10,4,UVH7a,28,0.17333333333333334,2500000.0,2.5,516,1024,0.50390625
01a072a3-8b43-7750-ac81-2431b9de5abb,a,B,QB20,10,4,UVH7a,29,0.1866666666666667,2500000.0,2.5,502,1024,0.490234375
01a072a3-8b43-7750-ac81-2431b9de5abb,a,B,QB20,10,4,UVH7a,30,0.2,2500000.0,2.5,468,1024,0.45703125
01a072a3-8b43-7750-ac81-2431b9de5abb,a,B,QB20,10,5,UVH8a,0,-0.2,2500000.0,2.5,531,1024,0.5185546875
01a072a3-8b43-7750-ac81-2431b9de5abb,a,B,QB20,10,5,UVH8a,1,-0.18666666666666668,2500000.0,2.5,503,1024,0.4912109375
01a072a3-8b43-7750-ac81-2431b9de5abb,a,B,QB20,10,5,UVH8a,2,-0.17333333333333334,2500000.0,2.5,496,1024,0.484375
01a072a3-8b43-7750-ac81-2431b9de5abb,a,B,QB20,10,5,UVH8a,3,-0.16,2500000.0,2.5,544,1024,0.53125
01a072a3-8b43-7750-ac81-2431b9de5abb,a,B,QB20,10,5,UVH8a,4,-0.14666666666666667,2500000.0,2.5,506,1024,0.494140625
01a072a3-8b43-7750-ac81-2431b9de5abb,a,B,QB20,10,5,UVH8a,5,-0.13333333333333336,2500000.0,2.5,492,1024,0.48046875
01a072a3-8b43-7750-ac81-2431b9de5abb,a,B,QB20,10,5,UVH8a,6,-0.12000000000000001,2500000.0,2.5,500,1024,0.48828125
01a072a3-8b43-7750-ac81-2431b9de5abb,a,B,QB20,10,5,UVH8a,7,-0.10666666666666667,2500000.0,2.5,482,1024,0.470703125
01a072a3-8b43-7750-ac81-2431b9de5abb,a,B,QB20,10,5,UVH8a,8,-0.09333333333333334,2500000.0,2.5,507,1024,0.4951171875
01a072a3-8b43-7750-ac81-2431b9de5abb,a,B,QB20,10,5,UVH8a,9,-0.08,2500000.0,2.5,487,1024,0.4755859375
01a072a3-8b43-7750-ac81-2431b9de5abb,a,B,QB20,10,5,UVH8a,10,-0.06666666666666668,2500000.0,2.5,477,1024,0.4658203125
01a072a3-8b43-7750-ac81-2431b9de5abb,a,B,QB20,10,5,UVH8a,11,-0.053333333333333344,2500000.0,2.5,484,1024,0.47265625
01a072a3-8b43-7750-ac81-2431b9de5abb,a,B,QB20,10,5,UVH8a,12,-0.04000000000000001,2500000.0,2.5,488,1024,0.4765625
01a072a3-8b43-7750-ac81-2431b9de5abb,a,B,QB20,10,5,UVH8a,13,-0.026666666666666672,2500000.0,2.5,500,1024,0.48828125
01a072a3-8b43-7750-ac81-2431b9de5abb,a,B,QB20,10,5,UVH8a,14,-0.013333333333333336,2500000.0,2.5,492,1024,0.48046875
01a072a3-8b43-7750-ac81-2431b9de5abb,a,B,QB20,10,5,UVH8a,15,0.0,2500000.0,2.5,477,1024,0.4658203125
01a072a3-8b43-7750-ac81-2431b9de5abb,a,B,QB20,10,5,UVH8a,16,0.013333333333333336,2500000.0,2.5,487,1024,0.4755859375
01a072a3-8b43-7750-ac81-2431b9de5abb,a,B,QB20,10,5,UVH8a,17,0.026666666666666672,2500000.0,2.5,501,1024,0.4892578125
01a072a3-8b43-7750-ac81-2431b9de5abb,a,B,QB20,10,5,UVH8a,18,0.04000000000000001,2500000.0,2.5,484,1024,0.47265625
01a072a3-8b43-7750-ac81-2431b9de5abb,a,B,QB20,10,5,UVH8a,19,0.053333333333333344,2500000.0,2.5,445,1024,0.4345703125
01a072a3-8b43-7750-ac81-2431b9de5abb,a,B,QB20,10,5,UVH8a,20,0.06666666666666665,2500000.0,2.5,496,1024,0.484375
01a072a3-8b43-7750-ac81-2431b9de5abb,a,B,QB20,10,5,UVH8a,21,0.08000000000000002,2500000.0,2.5,495,1024,0.4833984375
01a072a3-8b43-7750-ac81-2431b9de5abb,a,B,QB20,10,5,UVH8a,22,0.09333333333333332,2500000.0,2.5,464,1024,0.453125
01a072a3-8b43-7750-ac81-2431b9de5abb,a,B,QB20,10,5,UVH8a,23,0.10666666666666669,2500000.0,2.5,485,1024,0.4736328125
01a072a3-8b43-7750-ac81-2431b9de5abb,a,B,QB20,10,5,UVH8a,24,0.12,2500000.0,2.5,485,1024,0.4736328125
01a072a3-8b43-7750-ac81-2431b9de5abb,a,B,QB20,10,5,UVH8a,25,0.13333333333333336,2500000.0,2.5,504,1024,0.4921875
01a072a3-8b43-7750-ac81-2431b9de5abb,a,B,QB20,10,5,UVH8a,26,0.14666666666666667,2500000.0,2.5,464,1024,0.453125
01a072a3-8b43-7750-ac81-2431b9de5abb,a,B,QB20,10,5,UVH8a,27,0.16000000000000003,2500000.0,2.5,477,1024,0.4658203125
01a072a3-8b43-7750-ac81-2431b9de5abb,a,B,QB20,10,5,UVH8a,28,0.17333333333333334,2500000.0,2.5,457,1024,0.4462890625
01a072a3-8b43-7750-ac81-2431b9de5abb,a,B,QB20,10,5,UVH8a,29,0.1866666666666667,2500000.0,2.5,476,1024,0.46484375
01a072a3-8b43-7750-ac81-2431b9de5abb,a,B,QB20,10,5,UVH8a,30,0.2,2500000.0,2.5,483,1024,0.4716796875
01a072a3-8b43-7750-ac81-2431b9de5abb,a,B,QB9,11,0,standard_pi_2,0,-0.2,2500000.0,2.5,335,1024,0.3271484375
01a072a3-8b43-7750-ac81-2431b9de5abb,a,B,QB9,11,0,standard_pi_2,1,-0.18666666666666668,2500000.0,2.5,358,1024,0.349609375
01a072a3-8b43-7750-ac81-2431b9de5abb,a,B,QB9,11,0,standard_pi_2,2,-0.17333333333333334,2500000.0,2.5,369,1024,0.3603515625
01a072a3-8b43-7750-ac81-2431b9de5abb,a,B,QB9,11,0,standard_pi_2,3,-0.16,2500000.0,2.5,355,1024,0.3466796875
01a072a3-8b43-7750-ac81-2431b9de5abb,a,B,QB9,11,0,standard_pi_2,4,-0.14666666666666667,2500000.0,2.5,361,1024,0.3525390625
01a072a3-8b43-7750-ac81-2431b9de5abb,a,B,QB9,11,0,standard_pi_2,5,-0.13333333333333336,2500000.0,2.5,392,1024,0.3828125
01a072a3-8b43-7750-ac81-2431b9de5abb,a,B,QB9,11,0,standard_pi_2,6,-0.12000000000000001,2500000.0,2.5,388,1024,0.37890625
01a072a3-8b43-7750-ac81-2431b9de5abb,a,B,QB9,11,0,standard_pi_2,7,-0.10666666666666667,2500000.0,2.5,418,1024,0.408203125
01a072a3-8b43-7750-ac81-2431b9de5abb,a,B,QB9,11,0,standard_pi_2,8,-0.09333333333333334,2500000.0,2.5,458,1024,0.447265625
01a072a3-8b43-7750-ac81-2431b9de5abb,a,B,QB9,11,0,standard_pi_2,9,-0.08,2500000.0,2.5,438,1024,0.427734375
01a072a3-8b43-7750-ac81-2431b9de5abb,a,B,QB9,11,0,standard_pi_2,10,-0.06666666666666668,2500000.0,2.5,449,1024,0.4384765625
01a072a3-8b43-7750-ac81-2431b9de5abb,a,B,QB9,11,0,standard_pi_2,11,-0.053333333333333344,2500000.0,2.5,455,1024,0.4443359375
01a072a3-8b43-7750-ac81-2431b9de5abb,a,B,QB9,11,0,standard_pi_2,12,-0.04000000000000001,2500000.0,2.5,458,1024,0.447265625
01a072a3-8b43-7750-ac81-2431b9de5abb,a,B,QB9,11,0,standard_pi_2,13,-0.026666666666666672,2500000.0,2.5,464,1024,0.453125
01a072a3-8b43-7750-ac81-2431b9de5abb,a,B,QB9,11,0,standard_pi_2,14,-0.013333333333333336,2500000.0,2.5,499,1024,0.4873046875
01a072a3-8b43-7750-ac81-2431b9de5abb,a,B,QB9,11,0,standard_pi_2,15,0.0,2500000.0,2.5,517,1024,0.5048828125
01a072a3-8b43-7750-ac81-2431b9de5abb,a,B,QB9,11,0,standard_pi_2,16,0.013333333333333336,2500000.0,2.5,508,1024,0.49609375
01a072a3-8b43-7750-ac81-2431b9de5abb,a,B,QB9,11,0,standard_pi_2,17,0.026666666666666672,2500000.0,2.5,474,1024,0.462890625
01a072a3-8b43-7750-ac81-2431b9de5abb,a,B,QB9,11,0,standard_pi_2,18,0.04000000000000001,2500000.0,2.5,520,1024,0.5078125
01a072a3-8b43-7750-ac81-2431b9de5abb,a,B,QB9,11,0,standard_pi_2,19,0.053333333333333344,2500000.0,2.5,529,1024,0.5166015625
01a072a3-8b43-7750-ac81-2431b9de5abb,a,B,QB9,11,0,standard_pi_2,20,0.06666666666666665,2500000.0,2.5,523,1024,0.5107421875
01a072a3-8b43-7750-ac81-2431b9de5abb,a,B,QB9,11,0,standard_pi_2,21,0.08000000000000002,2500000.0,2.5,555,1024,0.5419921875
01a072a3-8b43-7750-ac81-2431b9de5abb,a,B,QB9,11,0,standard_pi_2,22,0.09333333333333332,2500000.0,2.5,541,1024,0.5283203125
01a072a3-8b43-7750-ac81-2431b9de5abb,a,B,QB9,11,0,standard_pi_2,23,0.10666666666666669,2500000.0,2.5,532,1024,0.51953125
01a072a3-8b43-7750-ac81-2431b9de5abb,a,B,QB9,11,0,standard_pi_2,24,0.12,2500000.0,2.5,582,1024,0.568359375
01a072a3-8b43-7750-ac81-2431b9de5abb,a,B,QB9,11,0,standard_pi_2,25,0.13333333333333336,2500000.0,2.5,605,1024,0.5908203125
01a072a3-8b43-7750-ac81-2431b9de5abb,a,B,QB9,11,0,standard_pi_2,26,0.14666666666666667,2500000.0,2.5,591,1024,0.5771484375
01a072a3-8b43-7750-ac81-2431b9de5abb,a,B,QB9,11,0,standard_pi_2,27,0.16000000000000003,2500000.0,2.5,631,1024,0.6162109375
01a072a3-8b43-7750-ac81-2431b9de5abb,a,B,QB9,11,0,standard_pi_2,28,0.17333333333333334,2500000.0,2.5,602,1024,0.587890625
01a072a3-8b43-7750-ac81-2431b9de5abb,a,B,QB9,11,0,standard_pi_2,29,0.1866666666666667,2500000.0,2.5,641,1024,0.6259765625
01a072a3-8b43-7750-ac81-2431b9de5abb,a,B,QB9,11,0,standard_pi_2,30,0.2,2500000.0,2.5,644,1024,0.62890625
01a072a3-8b43-7750-ac81-2431b9de5abb,a,B,QB9,11,1,UVH4a,0,-0.2,2500000.0,2.5,437,1024,0.4267578125
01a072a3-8b43-7750-ac81-2431b9de5abb,a,B,QB9,11,1,UVH4a,1,-0.18666666666666668,2500000.0,2.5,447,1024,0.4365234375
01a072a3-8b43-7750-ac81-2431b9de5abb,a,B,QB9,11,1,UVH4a,2,-0.17333333333333334,2500000.0,2.5,428,1024,0.41796875
01a072a3-8b43-7750-ac81-2431b9de5abb,a,B,QB9,11,1,UVH4a,3,-0.16,2500000.0,2.5,429,1024,0.4189453125
01a072a3-8b43-7750-ac81-2431b9de5abb,a,B,QB9,11,1,UVH4a,4,-0.14666666666666667,2500000.0,2.5,431,1024,0.4208984375
01a072a3-8b43-7750-ac81-2431b9de5abb,a,B,QB9,11,1,UVH4a,5,-0.13333333333333336,2500000.0,2.5,452,1024,0.44140625
01a072a3-8b43-7750-ac81-2431b9de5abb,a,B,QB9,11,1,UVH4a,6,-0.12000000000000001,2500000.0,2.5,451,1024,0.4404296875
01a072a3-8b43-7750-ac81-2431b9de5abb,a,B,QB9,11,1,UVH4a,7,-0.10666666666666667,2500000.0,2.5,439,1024,0.4287109375
01a072a3-8b43-7750-ac81-2431b9de5abb,a,B,QB9,11,1,UVH4a,8,-0.09333333333333334,2500000.0,2.5,473,1024,0.4619140625
01a072a3-8b43-7750-ac81-2431b9de5abb,a,B,QB9,11,1,UVH4a,9,-0.08,2500000.0,2.5,443,1024,0.4326171875
01a072a3-8b43-7750-ac81-2431b9de5abb,a,B,QB9,11,1,UVH4a,10,-0.06666666666666668,2500000.0,2.5,468,1024,0.45703125
01a072a3-8b43-7750-ac81-2431b9de5abb,a,B,QB9,11,1,UVH4a,11,-0.053333333333333344,2500000.0,2.5,462,1024,0.451171875
01a072a3-8b43-7750-ac81-2431b9de5abb,a,B,QB9,11,1,UVH4a,12,-0.04000000000000001,2500000.0,2.5,451,1024,0.4404296875
01a072a3-8b43-7750-ac81-2431b9de5abb,a,B,QB9,11,1,UVH4a,13,-0.026666666666666672,2500000.0,2.5,456,1024,0.4453125
01a072a3-8b43-7750-ac81-2431b9de5abb,a,B,QB9,11,1,UVH4a,14,-0.013333333333333336,2500000.0,2.5,460,1024,0.44921875
01a072a3-8b43-7750-ac81-2431b9de5abb,a,B,QB9,11,1,UVH4a,15,0.0,2500000.0,2.5,483,1024,0.4716796875
01a072a3-8b43-7750-ac81-2431b9de5abb,a,B,QB9,11,1,UVH4a,16,0.013333333333333336,2500000.0,2.5,473,1024,0.4619140625
01a072a3-8b43-7750-ac81-2431b9de5abb,a,B,QB9,11,1,UVH4a,17,0.026666666666666672,2500000.0,2.5,507,1024,0.4951171875
01a072a3-8b43-7750-ac81-2431b9de5abb,a,B,QB9,11,1,UVH4a,18,0.04000000000000001,2500000.0,2.5,474,1024,0.462890625
01a072a3-8b43-7750-ac81-2431b9de5abb,a,B,QB9,11,1,UVH4a,19,0.053333333333333344,2500000.0,2.5,457,1024,0.4462890625
01a072a3-8b43-7750-ac81-2431b9de5abb,a,B,QB9,11,1,UVH4a,20,0.06666666666666665,2500000.0,2.5,463,1024,0.4521484375
01a072a3-8b43-7750-ac81-2431b9de5abb,a,B,QB9,11,1,UVH4a,21,0.08000000000000002,2500000.0,2.5,505,1024,0.4931640625
01a072a3-8b43-7750-ac81-2431b9de5abb,a,B,QB9,11,1,UVH4a,22,0.09333333333333332,2500000.0,2.5,480,1024,0.46875
01a072a3-8b43-7750-ac81-2431b9de5abb,a,B,QB9,11,1,UVH4a,23,0.10666666666666669,2500000.0,2.5,459,1024,0.4482421875
01a072a3-8b43-7750-ac81-2431b9de5abb,a,B,QB9,11,1,UVH4a,24,0.12,2500000.0,2.5,442,1024,0.431640625
01a072a3-8b43-7750-ac81-2431b9de5abb,a,B,QB9,11,1,UVH4a,25,0.13333333333333336,2500000.0,2.5,479,1024,0.4677734375
01a072a3-8b43-7750-ac81-2431b9de5abb,a,B,QB9,11,1,UVH4a,26,0.14666666666666667,2500000.0,2.5,475,1024,0.4638671875
01a072a3-8b43-7750-ac81-2431b9de5abb,a,B,QB9,11,1,UVH4a,27,0.16000000000000003,2500000.0,2.5,486,1024,0.474609375
01a072a3-8b43-7750-ac81-2431b9de5abb,a,B,QB9,11,1,UVH4a,28,0.17333333333333334,2500000.0,2.5,451,1024,0.4404296875
01a072a3-8b43-7750-ac81-2431b9de5abb,a,B,QB9,11,1,UVH4a,29,0.1866666666666667,2500000.0,2.5,457,1024,0.4462890625
01a072a3-8b43-7750-ac81-2431b9de5abb,a,B,QB9,11,1,UVH4a,30,0.2,2500000.0,2.5,446,1024,0.435546875
01a072a3-8b43-7750-ac81-2431b9de5abb,a,B,QB9,11,2,UVH5a,0,-0.2,2500000.0,2.5,607,1024,0.5927734375
01a072a3-8b43-7750-ac81-2431b9de5abb,a,B,QB9,11,2,UVH5a,1,-0.18666666666666668,2500000.0,2.5,555,1024,0.5419921875
01a072a3-8b43-7750-ac81-2431b9de5abb,a,B,QB9,11,2,UVH5a,2,-0.17333333333333334,2500000.0,2.5,568,1024,0.5546875
01a072a3-8b43-7750-ac81-2431b9de5abb,a,B,QB9,11,2,UVH5a,3,-0.16,2500000.0,2.5,561,1024,0.5478515625
01a072a3-8b43-7750-ac81-2431b9de5abb,a,B,QB9,11,2,UVH5a,4,-0.14666666666666667,2500000.0,2.5,536,1024,0.5234375
01a072a3-8b43-7750-ac81-2431b9de5abb,a,B,QB9,11,2,UVH5a,5,-0.13333333333333336,2500000.0,2.5,521,1024,0.5087890625
01a072a3-8b43-7750-ac81-2431b9de5abb,a,B,QB9,11,2,UVH5a,6,-0.12000000000000001,2500000.0,2.5,539,1024,0.5263671875
01a072a3-8b43-7750-ac81-2431b9de5abb,a,B,QB9,11,2,UVH5a,7,-0.10666666666666667,2500000.0,2.5,528,1024,0.515625
01a072a3-8b43-7750-ac81-2431b9de5abb,a,B,QB9,11,2,UVH5a,8,-0.09333333333333334,2500000.0,2.5,538,1024,0.525390625
01a072a3-8b43-7750-ac81-2431b9de5abb,a,B,QB9,11,2,UVH5a,9,-0.08,2500000.0,2.5,515,1024,0.5029296875
01a072a3-8b43-7750-ac81-2431b9de5abb,a,B,QB9,11,2,UVH5a,10,-0.06666666666666668,2500000.0,2.5,502,1024,0.490234375
01a072a3-8b43-7750-ac81-2431b9de5abb,a,B,QB9,11,2,UVH5a,11,-0.053333333333333344,2500000.0,2.5,545,1024,0.5322265625
01a072a3-8b43-7750-ac81-2431b9de5abb,a,B,QB9,11,2,UVH5a,12,-0.04000000000000001,2500000.0,2.5,505,1024,0.4931640625
01a072a3-8b43-7750-ac81-2431b9de5abb,a,B,QB9,11,2,UVH5a,13,-0.026666666666666672,2500000.0,2.5,491,1024,0.4794921875
01a072a3-8b43-7750-ac81-2431b9de5abb,a,B,QB9,11,2,UVH5a,14,-0.013333333333333336,2500000.0,2.5,471,1024,0.4599609375
01a072a3-8b43-7750-ac81-2431b9de5abb,a,B,QB9,11,2,UVH5a,15,0.0,2500000.0,2.5,470,1024,0.458984375
01a072a3-8b43-7750-ac81-2431b9de5abb,a,B,QB9,11,2,UVH5a,16,0.013333333333333336,2500000.0,2.5,487,1024,0.4755859375
01a072a3-8b43-7750-ac81-2431b9de5abb,a,B,QB9,11,2,UVH5a,17,0.026666666666666672,2500000.0,2.5,488,1024,0.4765625
01a072a3-8b43-7750-ac81-2431b9de5abb,a,B,QB9,11,2,UVH5a,18,0.04000000000000001,2500000.0,2.5,497,1024,0.4853515625
01a072a3-8b43-7750-ac81-2431b9de5abb,a,B,QB9,11,2,UVH5a,19,0.053333333333333344,2500000.0,2.5,461,1024,0.4501953125
01a072a3-8b43-7750-ac81-2431b9de5abb,a,B,QB9,11,2,UVH5a,20,0.06666666666666665,2500000.0,2.5,469,1024,0.4580078125
01a072a3-8b43-7750-ac81-2431b9de5abb,a,B,QB9,11,2,UVH5a,21,0.08000000000000002,2500000.0,2.5,493,1024,0.4814453125
01a072a3-8b43-7750-ac81-2431b9de5abb,a,B,QB9,11,2,UVH5a,22,0.09333333333333332,2500000.0,2.5,482,1024,0.470703125
01a072a3-8b43-7750-ac81-2431b9de5abb,a,B,QB9,11,2,UVH5a,23,0.10666666666666669,2500000.0,2.5,458,1024,0.447265625
01a072a3-8b43-7750-ac81-2431b9de5abb,a,B,QB9,11,2,UVH5a,24,0.12,2500000.0,2.5,486,1024,0.474609375
01a072a3-8b43-7750-ac81-2431b9de5abb,a,B,QB9,11,2,UVH5a,25,0.13333333333333336,2500000.0,2.5,475,1024,0.4638671875
01a072a3-8b43-7750-ac81-2431b9de5abb,a,B,QB9,11,2,UVH5a,26,0.14666666666666667,2500000.0,2.5,475,1024,0.4638671875
01a072a3-8b43-7750-ac81-2431b9de5abb,a,B,QB9,11,2,UVH5a,27,0.16000000000000003,2500000.0,2.5,463,1024,0.4521484375
01a072a3-8b43-7750-ac81-2431b9de5abb,a,B,QB9,11,2,UVH5a,28,0.17333333333333334,2500000.0,2.5,457,1024,0.4462890625
01a072a3-8b43-7750-ac81-2431b9de5abb,a,B,QB9,11,2,UVH5a,29,0.1866666666666667,2500000.0,2.5,445,1024,0.4345703125
01a072a3-8b43-7750-ac81-2431b9de5abb,a,B,QB9,11,2,UVH5a,30,0.2,2500000.0,2.5,462,1024,0.451171875
01a072a3-8b43-7750-ac81-2431b9de5abb,a,B,QB9,11,3,UVH6a,0,-0.2,2500000.0,2.5,573,1024,0.5595703125
01a072a3-8b43-7750-ac81-2431b9de5abb,a,B,QB9,11,3,UVH6a,1,-0.18666666666666668,2500000.0,2.5,563,1024,0.5498046875
01a072a3-8b43-7750-ac81-2431b9de5abb,a,B,QB9,11,3,UVH6a,2,-0.17333333333333334,2500000.0,2.5,560,1024,0.546875
01a072a3-8b43-7750-ac81-2431b9de5abb,a,B,QB9,11,3,UVH6a,3,-0.16,2500000.0,2.5,547,1024,0.5341796875
01a072a3-8b43-7750-ac81-2431b9de5abb,a,B,QB9,11,3,UVH6a,4,-0.14666666666666667,2500000.0,2.5,542,1024,0.529296875
01a072a3-8b43-7750-ac81-2431b9de5abb,a,B,QB9,11,3,UVH6a,5,-0.13333333333333336,2500000.0,2.5,558,1024,0.544921875
01a072a3-8b43-7750-ac81-2431b9de5abb,a,B,QB9,11,3,UVH6a,6,-0.12000000000000001,2500000.0,2.5,518,1024,0.505859375
01a072a3-8b43-7750-ac81-2431b9de5abb,a,B,QB9,11,3,UVH6a,7,-0.10666666666666667,2500000.0,2.5,532,1024,0.51953125
01a072a3-8b43-7750-ac81-2431b9de5abb,a,B,QB9,11,3,UVH6a,8,-0.09333333333333334,2500000.0,2.5,480,1024,0.46875
01a072a3-8b43-7750-ac81-2431b9de5abb,a,B,QB9,11,3,UVH6a,9,-0.08,2500000.0,2.5,536,1024,0.5234375
01a072a3-8b43-7750-ac81-2431b9de5abb,a,B,QB9,11,3,UVH6a,10,-0.06666666666666668,2500000.0,2.5,536,1024,0.5234375
01a072a3-8b43-7750-ac81-2431b9de5abb,a,B,QB9,11,3,UVH6a,11,-0.053333333333333344,2500000.0,2.5,559,1024,0.5458984375
01a072a3-8b43-7750-ac81-2431b9de5abb,a,B,QB9,11,3,UVH6a,12,-0.04000000000000001,2500000.0,2.5,505,1024,0.4931640625
01a072a3-8b43-7750-ac81-2431b9de5abb,a,B,QB9,11,3,UVH6a,13,-0.026666666666666672,2500000.0,2.5,511,1024,0.4990234375
01a072a3-8b43-7750-ac81-2431b9de5abb,a,B,QB9,11,3,UVH6a,14,-0.013333333333333336,2500000.0,2.5,521,1024,0.5087890625
01a072a3-8b43-7750-ac81-2431b9de5abb,a,B,QB9,11,3,UVH6a,15,0.0,2500000.0,2.5,535,1024,0.5224609375
01a072a3-8b43-7750-ac81-2431b9de5abb,a,B,QB9,11,3,UVH6a,16,0.013333333333333336,2500000.0,2.5,523,1024,0.5107421875
01a072a3-8b43-7750-ac81-2431b9de5abb,a,B,QB9,11,3,UVH6a,17,0.026666666666666672,2500000.0,2.5,485,1024,0.4736328125
01a072a3-8b43-7750-ac81-2431b9de5abb,a,B,QB9,11,3,UVH6a,18,0.04000000000000001,2500000.0,2.5,499,1024,0.4873046875
01a072a3-8b43-7750-ac81-2431b9de5abb,a,B,QB9,11,3,UVH6a,19,0.053333333333333344,2500000.0,2.5,533,1024,0.5205078125
01a072a3-8b43-7750-ac81-2431b9de5abb,a,B,QB9,11,3,UVH6a,20,0.06666666666666665,2500000.0,2.5,523,1024,0.5107421875
01a072a3-8b43-7750-ac81-2431b9de5abb,a,B,QB9,11,3,UVH6a,21,0.08000000000000002,2500000.0,2.5,516,1024,0.50390625
01a072a3-8b43-7750-ac81-2431b9de5abb,a,B,QB9,11,3,UVH6a,22,0.09333333333333332,2500000.0,2.5,525,1024,0.5126953125
01a072a3-8b43-7750-ac81-2431b9de5abb,a,B,QB9,11,3,UVH6a,23,0.10666666666666669,2500000.0,2.5,527,1024,0.5146484375
01a072a3-8b43-7750-ac81-2431b9de5abb,a,B,QB9,11,3,UVH6a,24,0.12,2500000.0,2.5,537,1024,0.5244140625
01a072a3-8b43-7750-ac81-2431b9de5abb,a,B,QB9,11,3,UVH6a,25,0.13333333333333336,2500000.0,2.5,547,1024,0.5341796875
01a072a3-8b43-7750-ac81-2431b9de5abb,a,B,QB9,11,3,UVH6a,26,0.14666666666666667,2500000.0,2.5,510,1024,0.498046875
01a072a3-8b43-7750-ac81-2431b9de5abb,a,B,QB9,11,3,UVH6a,27,0.16000000000000003,2500000.0,2.5,500,1024,0.48828125
01a072a3-8b43-7750-ac81-2431b9de5abb,a,B,QB9,11,3,UVH6a,28,0.17333333333333334,2500000.0,2.5,511,1024,0.4990234375
01a072a3-8b43-7750-ac81-2431b9de5abb,a,B,QB9,11,3,UVH6a,29,0.1866666666666667,2500000.0,2.5,491,1024,0.4794921875
01a072a3-8b43-7750-ac81-2431b9de5abb,a,B,QB9,11,3,UVH6a,30,0.2,2500000.0,2.5,527,1024,0.5146484375
01a072a3-8b43-7750-ac81-2431b9de5abb,a,B,QB9,11,4,UVH7a,0,-0.2,2500000.0,2.5,470,1024,0.458984375
01a072a3-8b43-7750-ac81-2431b9de5abb,a,B,QB9,11,4,UVH7a,1,-0.18666666666666668,2500000.0,2.5,479,1024,0.4677734375
01a072a3-8b43-7750-ac81-2431b9de5abb,a,B,QB9,11,4,UVH7a,2,-0.17333333333333334,2500000.0,2.5,477,1024,0.4658203125
01a072a3-8b43-7750-ac81-2431b9de5abb,a,B,QB9,11,4,UVH7a,3,-0.16,2500000.0,2.5,477,1024,0.4658203125
01a072a3-8b43-7750-ac81-2431b9de5abb,a,B,QB9,11,4,UVH7a,4,-0.14666666666666667,2500000.0,2.5,478,1024,0.466796875
01a072a3-8b43-7750-ac81-2431b9de5abb,a,B,QB9,11,4,UVH7a,5,-0.13333333333333336,2500000.0,2.5,489,1024,0.4775390625
01a072a3-8b43-7750-ac81-2431b9de5abb,a,B,QB9,11,4,UVH7a,6,-0.12000000000000001,2500000.0,2.5,461,1024,0.4501953125
01a072a3-8b43-7750-ac81-2431b9de5abb,a,B,QB9,11,4,UVH7a,7,-0.10666666666666667,2500000.0,2.5,494,1024,0.482421875
01a072a3-8b43-7750-ac81-2431b9de5abb,a,B,QB9,11,4,UVH7a,8,-0.09333333333333334,2500000.0,2.5,510,1024,0.498046875
01a072a3-8b43-7750-ac81-2431b9de5abb,a,B,QB9,11,4,UVH7a,9,-0.08,2500000.0,2.5,504,1024,0.4921875
01a072a3-8b43-7750-ac81-2431b9de5abb,a,B,QB9,11,4,UVH7a,10,-0.06666666666666668,2500000.0,2.5,488,1024,0.4765625
01a072a3-8b43-7750-ac81-2431b9de5abb,a,B,QB9,11,4,UVH7a,11,-0.053333333333333344,2500000.0,2.5,486,1024,0.474609375
01a072a3-8b43-7750-ac81-2431b9de5abb,a,B,QB9,11,4,UVH7a,12,-0.04000000000000001,2500000.0,2.5,479,1024,0.4677734375
01a072a3-8b43-7750-ac81-2431b9de5abb,a,B,QB9,11,4,UVH7a,13,-0.026666666666666672,2500000.0,2.5,473,1024,0.4619140625
01a072a3-8b43-7750-ac81-2431b9de5abb,a,B,QB9,11,4,UVH7a,14,-0.013333333333333336,2500000.0,2.5,481,1024,0.4697265625
01a072a3-8b43-7750-ac81-2431b9de5abb,a,B,QB9,11,4,UVH7a,15,0.0,2500000.0,2.5,481,1024,0.4697265625
01a072a3-8b43-7750-ac81-2431b9de5abb,a,B,QB9,11,4,UVH7a,16,0.013333333333333336,2500000.0,2.5,467,1024,0.4560546875
01a072a3-8b43-7750-ac81-2431b9de5abb,a,B,QB9,11,4,UVH7a,17,0.026666666666666672,2500000.0,2.5,467,1024,0.4560546875
01a072a3-8b43-7750-ac81-2431b9de5abb,a,B,QB9,11,4,UVH7a,18,0.04000000000000001,2500000.0,2.5,487,1024,0.4755859375
01a072a3-8b43-7750-ac81-2431b9de5abb,a,B,QB9,11,4,UVH7a,19,0.053333333333333344,2500000.0,2.5,491,1024,0.4794921875
01a072a3-8b43-7750-ac81-2431b9de5abb,a,B,QB9,11,4,UVH7a,20,0.06666666666666665,2500000.0,2.5,468,1024,0.45703125
01a072a3-8b43-7750-ac81-2431b9de5abb,a,B,QB9,11,4,UVH7a,21,0.08000000000000002,2500000.0,2.5,476,1024,0.46484375
01a072a3-8b43-7750-ac81-2431b9de5abb,a,B,QB9,11,4,UVH7a,22,0.09333333333333332,2500000.0,2.5,472,1024,0.4609375
01a072a3-8b43-7750-ac81-2431b9de5abb,a,B,QB9,11,4,UVH7a,23,0.10666666666666669,2500000.0,2.5,429,1024,0.4189453125
01a072a3-8b43-7750-ac81-2431b9de5abb,a,B,QB9,11,4,UVH7a,24,0.12,2500000.0,2.5,477,1024,0.4658203125
01a072a3-8b43-7750-ac81-2431b9de5abb,a,B,QB9,11,4,UVH7a,25,0.13333333333333336,2500000.0,2.5,487,1024,0.4755859375
01a072a3-8b43-7750-ac81-2431b9de5abb,a,B,QB9,11,4,UVH7a,26,0.14666666666666667,2500000.0,2.5,468,1024,0.45703125
01a072a3-8b43-7750-ac81-2431b9de5abb,a,B,QB9,11,4,UVH7a,27,0.16000000000000003,2500000.0,2.5,443,1024,0.4326171875
01a072a3-8b43-7750-ac81-2431b9de5abb,a,B,QB9,11,4,UVH7a,28,0.17333333333333334,2500000.0,2.5,477,1024,0.4658203125
01a072a3-8b43-7750-ac81-2431b9de5abb,a,B,QB9,11,4,UVH7a,29,0.1866666666666667,2500000.0,2.5,487,1024,0.4755859375
01a072a3-8b43-7750-ac81-2431b9de5abb,a,B,QB9,11,4,UVH7a,30,0.2,2500000.0,2.5,440,1024,0.4296875
01a072a3-8b43-7750-ac81-2431b9de5abb,a,B,QB9,11,5,UVH8a,0,-0.2,2500000.0,2.5,499,1024,0.4873046875
01a072a3-8b43-7750-ac81-2431b9de5abb,a,B,QB9,11,5,UVH8a,1,-0.18666666666666668,2500000.0,2.5,527,1024,0.5146484375
01a072a3-8b43-7750-ac81-2431b9de5abb,a,B,QB9,11,5,UVH8a,2,-0.17333333333333334,2500000.0,2.5,502,1024,0.490234375
01a072a3-8b43-7750-ac81-2431b9de5abb,a,B,QB9,11,5,UVH8a,3,-0.16,2500000.0,2.5,526,1024,0.513671875
01a072a3-8b43-7750-ac81-2431b9de5abb,a,B,QB9,11,5,UVH8a,4,-0.14666666666666667,2500000.0,2.5,522,1024,0.509765625
01a072a3-8b43-7750-ac81-2431b9de5abb,a,B,QB9,11,5,UVH8a,5,-0.13333333333333336,2500000.0,2.5,527,1024,0.5146484375
01a072a3-8b43-7750-ac81-2431b9de5abb,a,B,QB9,11,5,UVH8a,6,-0.12000000000000001,2500000.0,2.5,534,1024,0.521484375
01a072a3-8b43-7750-ac81-2431b9de5abb,a,B,QB9,11,5,UVH8a,7,-0.10666666666666667,2500000.0,2.5,507,1024,0.4951171875
01a072a3-8b43-7750-ac81-2431b9de5abb,a,B,QB9,11,5,UVH8a,8,-0.09333333333333334,2500000.0,2.5,535,1024,0.5224609375
01a072a3-8b43-7750-ac81-2431b9de5abb,a,B,QB9,11,5,UVH8a,9,-0.08,2500000.0,2.5,494,1024,0.482421875
01a072a3-8b43-7750-ac81-2431b9de5abb,a,B,QB9,11,5,UVH8a,10,-0.06666666666666668,2500000.0,2.5,537,1024,0.5244140625
01a072a3-8b43-7750-ac81-2431b9de5abb,a,B,QB9,11,5,UVH8a,11,-0.053333333333333344,2500000.0,2.5,497,1024,0.4853515625
01a072a3-8b43-7750-ac81-2431b9de5abb,a,B,QB9,11,5,UVH8a,12,-0.04000000000000001,2500000.0,2.5,535,1024,0.5224609375
01a072a3-8b43-7750-ac81-2431b9de5abb,a,B,QB9,11,5,UVH8a,13,-0.026666666666666672,2500000.0,2.5,556,1024,0.54296875
01a072a3-8b43-7750-ac81-2431b9de5abb,a,B,QB9,11,5,UVH8a,14,-0.013333333333333336,2500000.0,2.5,526,1024,0.513671875
01a072a3-8b43-7750-ac81-2431b9de5abb,a,B,QB9,11,5,UVH8a,15,0.0,2500000.0,2.5,521,1024,0.5087890625
01a072a3-8b43-7750-ac81-2431b9de5abb,a,B,QB9,11,5,UVH8a,16,0.013333333333333336,2500000.0,2.5,536,1024,0.5234375
01a072a3-8b43-7750-ac81-2431b9de5abb,a,B,QB9,11,5,UVH8a,17,0.026666666666666672,2500000.0,2.5,556,1024,0.54296875
01a072a3-8b43-7750-ac81-2431b9de5abb,a,B,QB9,11,5,UVH8a,18,0.04000000000000001,2500000.0,2.5,519,1024,0.5068359375
01a072a3-8b43-7750-ac81-2431b9de5abb,a,B,QB9,11,5,UVH8a,19,0.053333333333333344,2500000.0,2.5,531,1024,0.5185546875
01a072a3-8b43-7750-ac81-2431b9de5abb,a,B,QB9,11,5,UVH8a,20,0.06666666666666665,2500000.0,2.5,528,1024,0.515625
01a072a3-8b43-7750-ac81-2431b9de5abb,a,B,QB9,11,5,UVH8a,21,0.08000000000000002,2500000.0,2.5,540,1024,0.52734375
01a072a3-8b43-7750-ac81-2431b9de5abb,a,B,QB9,11,5,UVH8a,22,0.09333333333333332,2500000.0,2.5,521,1024,0.5087890625
01a072a3-8b43-7750-ac81-2431b9de5abb,a,B,QB9,11,5,UVH8a,23,0.10666666666666669,2500000.0,2.5,514,1024,0.501953125
01a072a3-8b43-7750-ac81-2431b9de5abb,a,B,QB9,11,5,UVH8a,24,0.12,2500000.0,2.5,541,1024,0.5283203125
01a072a3-8b43-7750-ac81-2431b9de5abb,a,B,QB9,11,5,UVH8a,25,0.13333333333333336,2500000.0,2.5,537,1024,0.5244140625
01a072a3-8b43-7750-ac81-2431b9de5abb,a,B,QB9,11,5,UVH8a,26,0.14666666666666667,2500000.0,2.5,520,1024,0.5078125
01a072a3-8b43-7750-ac81-2431b9de5abb,a,B,QB9,11,5,UVH8a,27,0.16000000000000003,2500000.0,2.5,497,1024,0.4853515625
01a072a3-8b43-7750-ac81-2431b9de5abb,a,B,QB9,11,5,UVH8a,28,0.17333333333333334,2500000.0,2.5,504,1024,0.4921875
01a072a3-8b43-7750-ac81-2431b9de5abb,a,B,QB9,11,5,UVH8a,29,0.1866666666666667,2500000.0,2.5,515,1024,0.5029296875
01a072a3-8b43-7750-ac81-2431b9de5abb,a,B,QB9,11,5,UVH8a,30,0.2,2500000.0,2.5,508,1024,0.49609375
01a072a3-8b43-7750-ac81-2431b9de5abb,a,B,QB5,12,0,standard_pi_2,0,-0.2,2500000.0,2.5,324,1024,0.31640625
01a072a3-8b43-7750-ac81-2431b9de5abb,a,B,QB5,12,0,standard_pi_2,1,-0.18666666666666668,2500000.0,2.5,330,1024,0.322265625
01a072a3-8b43-7750-ac81-2431b9de5abb,a,B,QB5,12,0,standard_pi_2,2,-0.17333333333333334,2500000.0,2.5,362,1024,0.353515625
01a072a3-8b43-7750-ac81-2431b9de5abb,a,B,QB5,12,0,standard_pi_2,3,-0.16,2500000.0,2.5,367,1024,0.3583984375
01a072a3-8b43-7750-ac81-2431b9de5abb,a,B,QB5,12,0,standard_pi_2,4,-0.14666666666666667,2500000.0,2.5,361,1024,0.3525390625
01a072a3-8b43-7750-ac81-2431b9de5abb,a,B,QB5,12,0,standard_pi_2,5,-0.13333333333333336,2500000.0,2.5,379,1024,0.3701171875
01a072a3-8b43-7750-ac81-2431b9de5abb,a,B,QB5,12,0,standard_pi_2,6,-0.12000000000000001,2500000.0,2.5,413,1024,0.4033203125
01a072a3-8b43-7750-ac81-2431b9de5abb,a,B,QB5,12,0,standard_pi_2,7,-0.10666666666666667,2500000.0,2.5,399,1024,0.3896484375
01a072a3-8b43-7750-ac81-2431b9de5abb,a,B,QB5,12,0,standard_pi_2,8,-0.09333333333333334,2500000.0,2.5,429,1024,0.4189453125
01a072a3-8b43-7750-ac81-2431b9de5abb,a,B,QB5,12,0,standard_pi_2,9,-0.08,2500000.0,2.5,396,1024,0.38671875
01a072a3-8b43-7750-ac81-2431b9de5abb,a,B,QB5,12,0,standard_pi_2,10,-0.06666666666666668,2500000.0,2.5,418,1024,0.408203125
01a072a3-8b43-7750-ac81-2431b9de5abb,a,B,QB5,12,0,standard_pi_2,11,-0.053333333333333344,2500000.0,2.5,426,1024,0.416015625
01a072a3-8b43-7750-ac81-2431b9de5abb,a,B,QB5,12,0,standard_pi_2,12,-0.04000000000000001,2500000.0,2.5,470,1024,0.458984375
01a072a3-8b43-7750-ac81-2431b9de5abb,a,B,QB5,12,0,standard_pi_2,13,-0.026666666666666672,2500000.0,2.5,468,1024,0.45703125
01a072a3-8b43-7750-ac81-2431b9de5abb,a,B,QB5,12,0,standard_pi_2,14,-0.013333333333333336,2500000.0,2.5,489,1024,0.4775390625
01a072a3-8b43-7750-ac81-2431b9de5abb,a,B,QB5,12,0,standard_pi_2,15,0.0,2500000.0,2.5,486,1024,0.474609375
01a072a3-8b43-7750-ac81-2431b9de5abb,a,B,QB5,12,0,standard_pi_2,16,0.013333333333333336,2500000.0,2.5,510,1024,0.498046875
01a072a3-8b43-7750-ac81-2431b9de5abb,a,B,QB5,12,0,standard_pi_2,17,0.026666666666666672,2500000.0,2.5,488,1024,0.4765625
01a072a3-8b43-7750-ac81-2431b9de5abb,a,B,QB5,12,0,standard_pi_2,18,0.04000000000000001,2500000.0,2.5,541,1024,0.5283203125
01a072a3-8b43-7750-ac81-2431b9de5abb,a,B,QB5,12,0,standard_pi_2,19,0.053333333333333344,2500000.0,2.5,508,1024,0.49609375
01a072a3-8b43-7750-ac81-2431b9de5abb,a,B,QB5,12,0,standard_pi_2,20,0.06666666666666665,2500000.0,2.5,513,1024,0.5009765625
01a072a3-8b43-7750-ac81-2431b9de5abb,a,B,QB5,12,0,standard_pi_2,21,0.08000000000000002,2500000.0,2.5,556,1024,0.54296875
01a072a3-8b43-7750-ac81-2431b9de5abb,a,B,QB5,12,0,standard_pi_2,22,0.09333333333333332,2500000.0,2.5,569,1024,0.5556640625
01a072a3-8b43-7750-ac81-2431b9de5abb,a,B,QB5,12,0,standard_pi_2,23,0.10666666666666669,2500000.0,2.5,558,1024,0.544921875
01a072a3-8b43-7750-ac81-2431b9de5abb,a,B,QB5,12,0,standard_pi_2,24,0.12,2500000.0,2.5,574,1024,0.560546875
01a072a3-8b43-7750-ac81-2431b9de5abb,a,B,QB5,12,0,standard_pi_2,25,0.13333333333333336,2500000.0,2.5,576,1024,0.5625
01a072a3-8b43-7750-ac81-2431b9de5abb,a,B,QB5,12,0,standard_pi_2,26,0.14666666666666667,2500000.0,2.5,597,1024,0.5830078125
01a072a3-8b43-7750-ac81-2431b9de5abb,a,B,QB5,12,0,standard_pi_2,27,0.16000000000000003,2500000.0,2.5,592,1024,0.578125
01a072a3-8b43-7750-ac81-2431b9de5abb,a,B,QB5,12,0,standard_pi_2,28,0.17333333333333334,2500000.0,2.5,632,1024,0.6171875
01a072a3-8b43-7750-ac81-2431b9de5abb,a,B,QB5,12,0,standard_pi_2,29,0.1866666666666667,2500000.0,2.5,617,1024,0.6025390625
01a072a3-8b43-7750-ac81-2431b9de5abb,a,B,QB5,12,0,standard_pi_2,30,0.2,2500000.0,2.5,628,1024,0.61328125
01a072a3-8b43-7750-ac81-2431b9de5abb,a,B,QB5,12,1,UVH4a,0,-0.2,2500000.0,2.5,454,1024,0.443359375
01a072a3-8b43-7750-ac81-2431b9de5abb,a,B,QB5,12,1,UVH4a,1,-0.18666666666666668,2500000.0,2.5,475,1024,0.4638671875
01a072a3-8b43-7750-ac81-2431b9de5abb,a,B,QB5,12,1,UVH4a,2,-0.17333333333333334,2500000.0,2.5,450,1024,0.439453125
01a072a3-8b43-7750-ac81-2431b9de5abb,a,B,QB5,12,1,UVH4a,3,-0.16,2500000.0,2.5,486,1024,0.474609375
01a072a3-8b43-7750-ac81-2431b9de5abb,a,B,QB5,12,1,UVH4a,4,-0.14666666666666667,2500000.0,2.5,482,1024,0.470703125
01a072a3-8b43-7750-ac81-2431b9de5abb,a,B,QB5,12,1,UVH4a,5,-0.13333333333333336,2500000.0,2.5,494,1024,0.482421875
01a072a3-8b43-7750-ac81-2431b9de5abb,a,B,QB5,12,1,UVH4a,6,-0.12000000000000001,2500000.0,2.5,481,1024,0.4697265625
01a072a3-8b43-7750-ac81-2431b9de5abb,a,B,QB5,12,1,UVH4a,7,-0.10666666666666667,2500000.0,2.5,492,1024,0.48046875
01a072a3-8b43-7750-ac81-2431b9de5abb,a,B,QB5,12,1,UVH4a,8,-0.09333333333333334,2500000.0,2.5,466,1024,0.455078125
01a072a3-8b43-7750-ac81-2431b9de5abb,a,B,QB5,12,1,UVH4a,9,-0.08,2500000.0,2.5,466,1024,0.455078125
01a072a3-8b43-7750-ac81-2431b9de5abb,a,B,QB5,12,1,UVH4a,10,-0.06666666666666668,2500000.0,2.5,475,1024,0.4638671875
01a072a3-8b43-7750-ac81-2431b9de5abb,a,B,QB5,12,1,UVH4a,11,-0.053333333333333344,2500000.0,2.5,499,1024,0.4873046875
01a072a3-8b43-7750-ac81-2431b9de5abb,a,B,QB5,12,1,UVH4a,12,-0.04000000000000001,2500000.0,2.5,502,1024,0.490234375
01a072a3-8b43-7750-ac81-2431b9de5abb,a,B,QB5,12,1,UVH4a,13,-0.026666666666666672,2500000.0,2.5,519,1024,0.5068359375
01a072a3-8b43-7750-ac81-2431b9de5abb,a,B,QB5,12,1,UVH4a,14,-0.013333333333333336,2500000.0,2.5,490,1024,0.478515625
01a072a3-8b43-7750-ac81-2431b9de5abb,a,B,QB5,12,1,UVH4a,15,0.0,2500000.0,2.5,501,1024,0.4892578125
01a072a3-8b43-7750-ac81-2431b9de5abb,a,B,QB5,12,1,UVH4a,16,0.013333333333333336,2500000.0,2.5,510,1024,0.498046875
01a072a3-8b43-7750-ac81-2431b9de5abb,a,B,QB5,12,1,UVH4a,17,0.026666666666666672,2500000.0,2.5,495,1024,0.4833984375
01a072a3-8b43-7750-ac81-2431b9de5abb,a,B,QB5,12,1,UVH4a,18,0.04000000000000001,2500000.0,2.5,517,1024,0.5048828125
01a072a3-8b43-7750-ac81-2431b9de5abb,a,B,QB5,12,1,UVH4a,19,0.053333333333333344,2500000.0,2.5,483,1024,0.4716796875
01a072a3-8b43-7750-ac81-2431b9de5abb,a,B,QB5,12,1,UVH4a,20,0.06666666666666665,2500000.0,2.5,492,1024,0.48046875
01a072a3-8b43-7750-ac81-2431b9de5abb,a,B,QB5,12,1,UVH4a,21,0.08000000000000002,2500000.0,2.5,512,1024,0.5
01a072a3-8b43-7750-ac81-2431b9de5abb,a,B,QB5,12,1,UVH4a,22,0.09333333333333332,2500000.0,2.5,482,1024,0.470703125
01a072a3-8b43-7750-ac81-2431b9de5abb,a,B,QB5,12,1,UVH4a,23,0.10666666666666669,2500000.0,2.5,519,1024,0.5068359375
01a072a3-8b43-7750-ac81-2431b9de5abb,a,B,QB5,12,1,UVH4a,24,0.12,2500000.0,2.5,499,1024,0.4873046875
01a072a3-8b43-7750-ac81-2431b9de5abb,a,B,QB5,12,1,UVH4a,25,0.13333333333333336,2500000.0,2.5,493,1024,0.4814453125
01a072a3-8b43-7750-ac81-2431b9de5abb,a,B,QB5,12,1,UVH4a,26,0.14666666666666667,2500000.0,2.5,522,1024,0.509765625
01a072a3-8b43-7750-ac81-2431b9de5abb,a,B,QB5,12,1,UVH4a,27,0.16000000000000003,2500000.0,2.5,464,1024,0.453125
01a072a3-8b43-7750-ac81-2431b9de5abb,a,B,QB5,12,1,UVH4a,28,0.17333333333333334,2500000.0,2.5,530,1024,0.517578125
01a072a3-8b43-7750-ac81-2431b9de5abb,a,B,QB5,12,1,UVH4a,29,0.1866666666666667,2500000.0,2.5,480,1024,0.46875
01a072a3-8b43-7750-ac81-2431b9de5abb,a,B,QB5,12,1,UVH4a,30,0.2,2500000.0,2.5,485,1024,0.4736328125
01a072a3-8b43-7750-ac81-2431b9de5abb,a,B,QB5,12,2,UVH5a,0,-0.2,2500000.0,2.5,584,1024,0.5703125
01a072a3-8b43-7750-ac81-2431b9de5abb,a,B,QB5,12,2,UVH5a,1,-0.18666666666666668,2500000.0,2.5,574,1024,0.560546875
01a072a3-8b43-7750-ac81-2431b9de5abb,a,B,QB5,12,2,UVH5a,2,-0.17333333333333334,2500000.0,2.5,575,1024,0.5615234375
01a072a3-8b43-7750-ac81-2431b9de5abb,a,B,QB5,12,2,UVH5a,3,-0.16,2500000.0,2.5,565,1024,0.5517578125
01a072a3-8b43-7750-ac81-2431b9de5abb,a,B,QB5,12,2,UVH5a,4,-0.14666666666666667,2500000.0,2.5,546,1024,0.533203125
01a072a3-8b43-7750-ac81-2431b9de5abb,a,B,QB5,12,2,UVH5a,5,-0.13333333333333336,2500000.0,2.5,564,1024,0.55078125
01a072a3-8b43-7750-ac81-2431b9de5abb,a,B,QB5,12,2,UVH5a,6,-0.12000000000000001,2500000.0,2.5,554,1024,0.541015625
01a072a3-8b43-7750-ac81-2431b9de5abb,a,B,QB5,12,2,UVH5a,7,-0.10666666666666667,2500000.0,2.5,503,1024,0.4912109375
01a072a3-8b43-7750-ac81-2431b9de5abb,a,B,QB5,12,2,UVH5a,8,-0.09333333333333334,2500000.0,2.5,521,1024,0.5087890625
01a072a3-8b43-7750-ac81-2431b9de5abb,a,B,QB5,12,2,UVH5a,9,-0.08,2500000.0,2.5,515,1024,0.5029296875
01a072a3-8b43-7750-ac81-2431b9de5abb,a,B,QB5,12,2,UVH5a,10,-0.06666666666666668,2500000.0,2.5,526,1024,0.513671875
01a072a3-8b43-7750-ac81-2431b9de5abb,a,B,QB5,12,2,UVH5a,11,-0.053333333333333344,2500000.0,2.5,521,1024,0.5087890625
01a072a3-8b43-7750-ac81-2431b9de5abb,a,B,QB5,12,2,UVH5a,12,-0.04000000000000001,2500000.0,2.5,529,1024,0.5166015625
01a072a3-8b43-7750-ac81-2431b9de5abb,a,B,QB5,12,2,UVH5a,13,-0.026666666666666672,2500000.0,2.5,503,1024,0.4912109375
01a072a3-8b43-7750-ac81-2431b9de5abb,a,B,QB5,12,2,UVH5a,14,-0.013333333333333336,2500000.0,2.5,489,1024,0.4775390625
01a072a3-8b43-7750-ac81-2431b9de5abb,a,B,QB5,12,2,UVH5a,15,0.0,2500000.0,2.5,536,1024,0.5234375
01a072a3-8b43-7750-ac81-2431b9de5abb,a,B,QB5,12,2,UVH5a,16,0.013333333333333336,2500000.0,2.5,506,1024,0.494140625
01a072a3-8b43-7750-ac81-2431b9de5abb,a,B,QB5,12,2,UVH5a,17,0.026666666666666672,2500000.0,2.5,469,1024,0.4580078125
01a072a3-8b43-7750-ac81-2431b9de5abb,a,B,QB5,12,2,UVH5a,18,0.04000000000000001,2500000.0,2.5,520,1024,0.5078125
01a072a3-8b43-7750-ac81-2431b9de5abb,a,B,QB5,12,2,UVH5a,19,0.053333333333333344,2500000.0,2.5,523,1024,0.5107421875
01a072a3-8b43-7750-ac81-2431b9de5abb,a,B,QB5,12,2,UVH5a,20,0.06666666666666665,2500000.0,2.5,516,1024,0.50390625
01a072a3-8b43-7750-ac81-2431b9de5abb,a,B,QB5,12,2,UVH5a,21,0.08000000000000002,2500000.0,2.5,494,1024,0.482421875
01a072a3-8b43-7750-ac81-2431b9de5abb,a,B,QB5,12,2,UVH5a,22,0.09333333333333332,2500000.0,2.5,506,1024,0.494140625
01a072a3-8b43-7750-ac81-2431b9de5abb,a,B,QB5,12,2,UVH5a,23,0.10666666666666669,2500000.0,2.5,468,1024,0.45703125
01a072a3-8b43-7750-ac81-2431b9de5abb,a,B,QB5,12,2,UVH5a,24,0.12,2500000.0,2.5,487,1024,0.4755859375
01a072a3-8b43-7750-ac81-2431b9de5abb,a,B,QB5,12,2,UVH5a,25,0.13333333333333336,2500000.0,2.5,501,1024,0.4892578125
01a072a3-8b43-7750-ac81-2431b9de5abb,a,B,QB5,12,2,UVH5a,26,0.14666666666666667,2500000.0,2.5,477,1024,0.4658203125
01a072a3-8b43-7750-ac81-2431b9de5abb,a,B,QB5,12,2,UVH5a,27,0.16000000000000003,2500000.0,2.5,495,1024,0.4833984375
01a072a3-8b43-7750-ac81-2431b9de5abb,a,B,QB5,12,2,UVH5a,28,0.17333333333333334,2500000.0,2.5,479,1024,0.4677734375
01a072a3-8b43-7750-ac81-2431b9de5abb,a,B,QB5,12,2,UVH5a,29,0.1866666666666667,2500000.0,2.5,505,1024,0.4931640625
01a072a3-8b43-7750-ac81-2431b9de5abb,a,B,QB5,12,2,UVH5a,30,0.2,2500000.0,2.5,492,1024,0.48046875
01a072a3-8b43-7750-ac81-2431b9de5abb,a,B,QB5,12,3,UVH6a,0,-0.2,2500000.0,2.5,568,1024,0.5546875
01a072a3-8b43-7750-ac81-2431b9de5abb,a,B,QB5,12,3,UVH6a,1,-0.18666666666666668,2500000.0,2.5,568,1024,0.5546875
01a072a3-8b43-7750-ac81-2431b9de5abb,a,B,QB5,12,3,UVH6a,2,-0.17333333333333334,2500000.0,2.5,552,1024,0.5390625
01a072a3-8b43-7750-ac81-2431b9de5abb,a,B,QB5,12,3,UVH6a,3,-0.16,2500000.0,2.5,526,1024,0.513671875
01a072a3-8b43-7750-ac81-2431b9de5abb,a,B,QB5,12,3,UVH6a,4,-0.14666666666666667,2500000.0,2.5,550,1024,0.537109375
01a072a3-8b43-7750-ac81-2431b9de5abb,a,B,QB5,12,3,UVH6a,5,-0.13333333333333336,2500000.0,2.5,525,1024,0.5126953125
01a072a3-8b43-7750-ac81-2431b9de5abb,a,B,QB5,12,3,UVH6a,6,-0.12000000000000001,2500000.0,2.5,531,1024,0.5185546875
01a072a3-8b43-7750-ac81-2431b9de5abb,a,B,QB5,12,3,UVH6a,7,-0.10666666666666667,2500000.0,2.5,537,1024,0.5244140625
01a072a3-8b43-7750-ac81-2431b9de5abb,a,B,QB5,12,3,UVH6a,8,-0.09333333333333334,2500000.0,2.5,508,1024,0.49609375
01a072a3-8b43-7750-ac81-2431b9de5abb,a,B,QB5,12,3,UVH6a,9,-0.08,2500000.0,2.5,543,1024,0.5302734375
01a072a3-8b43-7750-ac81-2431b9de5abb,a,B,QB5,12,3,UVH6a,10,-0.06666666666666668,2500000.0,2.5,525,1024,0.5126953125
01a072a3-8b43-7750-ac81-2431b9de5abb,a,B,QB5,12,3,UVH6a,11,-0.053333333333333344,2500000.0,2.5,521,1024,0.5087890625
01a072a3-8b43-7750-ac81-2431b9de5abb,a,B,QB5,12,3,UVH6a,12,-0.04000000000000001,2500000.0,2.5,474,1024,0.462890625
01a072a3-8b43-7750-ac81-2431b9de5abb,a,B,QB5,12,3,UVH6a,13,-0.026666666666666672,2500000.0,2.5,472,1024,0.4609375
01a072a3-8b43-7750-ac81-2431b9de5abb,a,B,QB5,12,3,UVH6a,14,-0.013333333333333336,2500000.0,2.5,503,1024,0.4912109375
01a072a3-8b43-7750-ac81-2431b9de5abb,a,B,QB5,12,3,UVH6a,15,0.0,2500000.0,2.5,503,1024,0.4912109375
01a072a3-8b43-7750-ac81-2431b9de5abb,a,B,QB5,12,3,UVH6a,16,0.013333333333333336,2500000.0,2.5,536,1024,0.5234375
01a072a3-8b43-7750-ac81-2431b9de5abb,a,B,QB5,12,3,UVH6a,17,0.026666666666666672,2500000.0,2.5,515,1024,0.5029296875
01a072a3-8b43-7750-ac81-2431b9de5abb,a,B,QB5,12,3,UVH6a,18,0.04000000000000001,2500000.0,2.5,515,1024,0.5029296875
01a072a3-8b43-7750-ac81-2431b9de5abb,a,B,QB5,12,3,UVH6a,19,0.053333333333333344,2500000.0,2.5,519,1024,0.5068359375
01a072a3-8b43-7750-ac81-2431b9de5abb,a,B,QB5,12,3,UVH6a,20,0.06666666666666665,2500000.0,2.5,532,1024,0.51953125
01a072a3-8b43-7750-ac81-2431b9de5abb,a,B,QB5,12,3,UVH6a,21,0.08000000000000002,2500000.0,2.5,479,1024,0.4677734375
01a072a3-8b43-7750-ac81-2431b9de5abb,a,B,QB5,12,3,UVH6a,22,0.09333333333333332,2500000.0,2.5,532,1024,0.51953125
01a072a3-8b43-7750-ac81-2431b9de5abb,a,B,QB5,12,3,UVH6a,23,0.10666666666666669,2500000.0,2.5,498,1024,0.486328125
01a072a3-8b43-7750-ac81-2431b9de5abb,a,B,QB5,12,3,UVH6a,24,0.12,2500000.0,2.5,524,1024,0.51171875
01a072a3-8b43-7750-ac81-2431b9de5abb,a,B,QB5,12,3,UVH6a,25,0.13333333333333336,2500000.0,2.5,490,1024,0.478515625
01a072a3-8b43-7750-ac81-2431b9de5abb,a,B,QB5,12,3,UVH6a,26,0.14666666666666667,2500000.0,2.5,530,1024,0.517578125
01a072a3-8b43-7750-ac81-2431b9de5abb,a,B,QB5,12,3,UVH6a,27,0.16000000000000003,2500000.0,2.5,511,1024,0.4990234375
01a072a3-8b43-7750-ac81-2431b9de5abb,a,B,QB5,12,3,UVH6a,28,0.17333333333333334,2500000.0,2.5,517,1024,0.5048828125
01a072a3-8b43-7750-ac81-2431b9de5abb,a,B,QB5,12,3,UVH6a,29,0.1866666666666667,2500000.0,2.5,484,1024,0.47265625
01a072a3-8b43-7750-ac81-2431b9de5abb,a,B,QB5,12,3,UVH6a,30,0.2,2500000.0,2.5,524,1024,0.51171875
01a072a3-8b43-7750-ac81-2431b9de5abb,a,B,QB5,12,4,UVH7a,0,-0.2,2500000.0,2.5,499,1024,0.4873046875
01a072a3-8b43-7750-ac81-2431b9de5abb,a,B,QB5,12,4,UVH7a,1,-0.18666666666666668,2500000.0,2.5,513,1024,0.5009765625
01a072a3-8b43-7750-ac81-2431b9de5abb,a,B,QB5,12,4,UVH7a,2,-0.17333333333333334,2500000.0,2.5,518,1024,0.505859375
01a072a3-8b43-7750-ac81-2431b9de5abb,a,B,QB5,12,4,UVH7a,3,-0.16,2500000.0,2.5,514,1024,0.501953125
01a072a3-8b43-7750-ac81-2431b9de5abb,a,B,QB5,12,4,UVH7a,4,-0.14666666666666667,2500000.0,2.5,553,1024,0.5400390625
01a072a3-8b43-7750-ac81-2431b9de5abb,a,B,QB5,12,4,UVH7a,5,-0.13333333333333336,2500000.0,2.5,493,1024,0.4814453125
01a072a3-8b43-7750-ac81-2431b9de5abb,a,B,QB5,12,4,UVH7a,6,-0.12000000000000001,2500000.0,2.5,526,1024,0.513671875
01a072a3-8b43-7750-ac81-2431b9de5abb,a,B,QB5,12,4,UVH7a,7,-0.10666666666666667,2500000.0,2.5,524,1024,0.51171875
01a072a3-8b43-7750-ac81-2431b9de5abb,a,B,QB5,12,4,UVH7a,8,-0.09333333333333334,2500000.0,2.5,513,1024,0.5009765625
01a072a3-8b43-7750-ac81-2431b9de5abb,a,B,QB5,12,4,UVH7a,9,-0.08,2500000.0,2.5,500,1024,0.48828125
01a072a3-8b43-7750-ac81-2431b9de5abb,a,B,QB5,12,4,UVH7a,10,-0.06666666666666668,2500000.0,2.5,521,1024,0.5087890625
01a072a3-8b43-7750-ac81-2431b9de5abb,a,B,QB5,12,4,UVH7a,11,-0.053333333333333344,2500000.0,2.5,528,1024,0.515625
01a072a3-8b43-7750-ac81-2431b9de5abb,a,B,QB5,12,4,UVH7a,12,-0.04000000000000001,2500000.0,2.5,545,1024,0.5322265625
01a072a3-8b43-7750-ac81-2431b9de5abb,a,B,QB5,12,4,UVH7a,13,-0.026666666666666672,2500000.0,2.5,514,1024,0.501953125
01a072a3-8b43-7750-ac81-2431b9de5abb,a,B,QB5,12,4,UVH7a,14,-0.013333333333333336,2500000.0,2.5,533,1024,0.5205078125
01a072a3-8b43-7750-ac81-2431b9de5abb,a,B,QB5,12,4,UVH7a,15,0.0,2500000.0,2.5,552,1024,0.5390625
01a072a3-8b43-7750-ac81-2431b9de5abb,a,B,QB5,12,4,UVH7a,16,0.013333333333333336,2500000.0,2.5,529,1024,0.5166015625
01a072a3-8b43-7750-ac81-2431b9de5abb,a,B,QB5,12,4,UVH7a,17,0.026666666666666672,2500000.0,2.5,517,1024,0.5048828125
01a072a3-8b43-7750-ac81-2431b9de5abb,a,B,QB5,12,4,UVH7a,18,0.04000000000000001,2500000.0,2.5,528,1024,0.515625
01a072a3-8b43-7750-ac81-2431b9de5abb,a,B,QB5,12,4,UVH7a,19,0.053333333333333344,2500000.0,2.5,509,1024,0.4970703125
01a072a3-8b43-7750-ac81-2431b9de5abb,a,B,QB5,12,4,UVH7a,20,0.06666666666666665,2500000.0,2.5,516,1024,0.50390625
01a072a3-8b43-7750-ac81-2431b9de5abb,a,B,QB5,12,4,UVH7a,21,0.08000000000000002,2500000.0,2.5,556,1024,0.54296875
01a072a3-8b43-7750-ac81-2431b9de5abb,a,B,QB5,12,4,UVH7a,22,0.09333333333333332,2500000.0,2.5,508,1024,0.49609375
01a072a3-8b43-7750-ac81-2431b9de5abb,a,B,QB5,12,4,UVH7a,23,0.10666666666666669,2500000.0,2.5,519,1024,0.5068359375
01a072a3-8b43-7750-ac81-2431b9de5abb,a,B,QB5,12,4,UVH7a,24,0.12,2500000.0,2.5,503,1024,0.4912109375
01a072a3-8b43-7750-ac81-2431b9de5abb,a,B,QB5,12,4,UVH7a,25,0.13333333333333336,2500000.0,2.5,495,1024,0.4833984375
01a072a3-8b43-7750-ac81-2431b9de5abb,a,B,QB5,12,4,UVH7a,26,0.14666666666666667,2500000.0,2.5,499,1024,0.4873046875
01a072a3-8b43-7750-ac81-2431b9de5abb,a,B,QB5,12,4,UVH7a,27,0.16000000000000003,2500000.0,2.5,504,1024,0.4921875
01a072a3-8b43-7750-ac81-2431b9de5abb,a,B,QB5,12,4,UVH7a,28,0.17333333333333334,2500000.0,2.5,534,1024,0.521484375
01a072a3-8b43-7750-ac81-2431b9de5abb,a,B,QB5,12,4,UVH7a,29,0.1866666666666667,2500000.0,2.5,496,1024,0.484375
01a072a3-8b43-7750-ac81-2431b9de5abb,a,B,QB5,12,4,UVH7a,30,0.2,2500000.0,2.5,502,1024,0.490234375
01a072a3-8b43-7750-ac81-2431b9de5abb,a,B,QB5,12,5,UVH8a,0,-0.2,2500000.0,2.5,486,1024,0.474609375
01a072a3-8b43-7750-ac81-2431b9de5abb,a,B,QB5,12,5,UVH8a,1,-0.18666666666666668,2500000.0,2.5,533,1024,0.5205078125
01a072a3-8b43-7750-ac81-2431b9de5abb,a,B,QB5,12,5,UVH8a,2,-0.17333333333333334,2500000.0,2.5,520,1024,0.5078125
01a072a3-8b43-7750-ac81-2431b9de5abb,a,B,QB5,12,5,UVH8a,3,-0.16,2500000.0,2.5,547,1024,0.5341796875
01a072a3-8b43-7750-ac81-2431b9de5abb,a,B,QB5,12,5,UVH8a,4,-0.14666666666666667,2500000.0,2.5,539,1024,0.5263671875
01a072a3-8b43-7750-ac81-2431b9de5abb,a,B,QB5,12,5,UVH8a,5,-0.13333333333333336,2500000.0,2.5,535,1024,0.5224609375
01a072a3-8b43-7750-ac81-2431b9de5abb,a,B,QB5,12,5,UVH8a,6,-0.12000000000000001,2500000.0,2.5,544,1024,0.53125
01a072a3-8b43-7750-ac81-2431b9de5abb,a,B,QB5,12,5,UVH8a,7,-0.10666666666666667,2500000.0,2.5,530,1024,0.517578125
01a072a3-8b43-7750-ac81-2431b9de5abb,a,B,QB5,12,5,UVH8a,8,-0.09333333333333334,2500000.0,2.5,515,1024,0.5029296875
01a072a3-8b43-7750-ac81-2431b9de5abb,a,B,QB5,12,5,UVH8a,9,-0.08,2500000.0,2.5,525,1024,0.5126953125
01a072a3-8b43-7750-ac81-2431b9de5abb,a,B,QB5,12,5,UVH8a,10,-0.06666666666666668,2500000.0,2.5,558,1024,0.544921875
01a072a3-8b43-7750-ac81-2431b9de5abb,a,B,QB5,12,5,UVH8a,11,-0.053333333333333344,2500000.0,2.5,518,1024,0.505859375
01a072a3-8b43-7750-ac81-2431b9de5abb,a,B,QB5,12,5,UVH8a,12,-0.04000000000000001,2500000.0,2.5,492,1024,0.48046875
01a072a3-8b43-7750-ac81-2431b9de5abb,a,B,QB5,12,5,UVH8a,13,-0.026666666666666672,2500000.0,2.5,496,1024,0.484375
01a072a3-8b43-7750-ac81-2431b9de5abb,a,B,QB5,12,5,UVH8a,14,-0.013333333333333336,2500000.0,2.5,511,1024,0.4990234375
01a072a3-8b43-7750-ac81-2431b9de5abb,a,B,QB5,12,5,UVH8a,15,0.0,2500000.0,2.5,522,1024,0.509765625
01a072a3-8b43-7750-ac81-2431b9de5abb,a,B,QB5,12,5,UVH8a,16,0.013333333333333336,2500000.0,2.5,507,1024,0.4951171875
01a072a3-8b43-7750-ac81-2431b9de5abb,a,B,QB5,12,5,UVH8a,17,0.026666666666666672,2500000.0,2.5,524,1024,0.51171875
01a072a3-8b43-7750-ac81-2431b9de5abb,a,B,QB5,12,5,UVH8a,18,0.04000000000000001,2500000.0,2.5,502,1024,0.490234375
01a072a3-8b43-7750-ac81-2431b9de5abb,a,B,QB5,12,5,UVH8a,19,0.053333333333333344,2500000.0,2.5,514,1024,0.501953125
01a072a3-8b43-7750-ac81-2431b9de5abb,a,B,QB5,12,5,UVH8a,20,0.06666666666666665,2500000.0,2.5,518,1024,0.505859375
01a072a3-8b43-7750-ac81-2431b9de5abb,a,B,QB5,12,5,UVH8a,21,0.08000000000000002,2500000.0,2.5,496,1024,0.484375
01a072a3-8b43-7750-ac81-2431b9de5abb,a,B,QB5,12,5,UVH8a,22,0.09333333333333332,2500000.0,2.5,466,1024,0.455078125
01a072a3-8b43-7750-ac81-2431b9de5abb,a,B,QB5,12,5,UVH8a,23,0.10666666666666669,2500000.0,2.5,482,1024,0.470703125
01a072a3-8b43-7750-ac81-2431b9de5abb,a,B,QB5,12,5,UVH8a,24,0.12,2500000.0,2.5,510,1024,0.498046875
01a072a3-8b43-7750-ac81-2431b9de5abb,a,B,QB5,12,5,UVH8a,25,0.13333333333333336,2500000.0,2.5,492,1024,0.48046875
01a072a3-8b43-7750-ac81-2431b9de5abb,a,B,QB5,12,5,UVH8a,26,0.14666666666666667,2500000.0,2.5,473,1024,0.4619140625
01a072a3-8b43-7750-ac81-2431b9de5abb,a,B,QB5,12,5,UVH8a,27,0.16000000000000003,2500000.0,2.5,490,1024,0.478515625
01a072a3-8b43-7750-ac81-2431b9de5abb,a,B,QB5,12,5,UVH8a,28,0.17333333333333334,2500000.0,2.5,464,1024,0.453125
01a072a3-8b43-7750-ac81-2431b9de5abb,a,B,QB5,12,5,UVH8a,29,0.1866666666666667,2500000.0,2.5,470,1024,0.458984375
01a072a3-8b43-7750-ac81-2431b9de5abb,a,B,QB5,12,5,UVH8a,30,0.2,2500000.0,2.5,464,1024,0.453125
01a072a3-8b43-7750-ac81-2431b9de5abb,a,B,QB8,13,0,standard_pi_2,0,-0.2,2500000.0,2.5,361,1024,0.3525390625
01a072a3-8b43-7750-ac81-2431b9de5abb,a,B,QB8,13,0,standard_pi_2,1,-0.18666666666666668,2500000.0,2.5,351,1024,0.3427734375
01a072a3-8b43-7750-ac81-2431b9de5abb,a,B,QB8,13,0,standard_pi_2,2,-0.17333333333333334,2500000.0,2.5,358,1024,0.349609375
01a072a3-8b43-7750-ac81-2431b9de5abb,a,B,QB8,13,0,standard_pi_2,3,-0.16,2500000.0,2.5,411,1024,0.4013671875
01a072a3-8b43-7750-ac81-2431b9de5abb,a,B,QB8,13,0,standard_pi_2,4,-0.14666666666666667,2500000.0,2.5,396,1024,0.38671875
01a072a3-8b43-7750-ac81-2431b9de5abb,a,B,QB8,13,0,standard_pi_2,5,-0.13333333333333336,2500000.0,2.5,373,1024,0.3642578125
01a072a3-8b43-7750-ac81-2431b9de5abb,a,B,QB8,13,0,standard_pi_2,6,-0.12000000000000001,2500000.0,2.5,413,1024,0.4033203125
01a072a3-8b43-7750-ac81-2431b9de5abb,a,B,QB8,13,0,standard_pi_2,7,-0.10666666666666667,2500000.0,2.5,422,1024,0.412109375
01a072a3-8b43-7750-ac81-2431b9de5abb,a,B,QB8,13,0,standard_pi_2,8,-0.09333333333333334,2500000.0,2.5,441,1024,0.4306640625
01a072a3-8b43-7750-ac81-2431b9de5abb,a,B,QB8,13,0,standard_pi_2,9,-0.08,2500000.0,2.5,409,1024,0.3994140625
01a072a3-8b43-7750-ac81-2431b9de5abb,a,B,QB8,13,0,standard_pi_2,10,-0.06666666666666668,2500000.0,2.5,429,1024,0.4189453125
01a072a3-8b43-7750-ac81-2431b9de5abb,a,B,QB8,13,0,standard_pi_2,11,-0.053333333333333344,2500000.0,2.5,473,1024,0.4619140625
01a072a3-8b43-7750-ac81-2431b9de5abb,a,B,QB8,13,0,standard_pi_2,12,-0.04000000000000001,2500000.0,2.5,461,1024,0.4501953125
01a072a3-8b43-7750-ac81-2431b9de5abb,a,B,QB8,13,0,standard_pi_2,13,-0.026666666666666672,2500000.0,2.5,469,1024,0.4580078125
01a072a3-8b43-7750-ac81-2431b9de5abb,a,B,QB8,13,0,standard_pi_2,14,-0.013333333333333336,2500000.0,2.5,484,1024,0.47265625
01a072a3-8b43-7750-ac81-2431b9de5abb,a,B,QB8,13,0,standard_pi_2,15,0.0,2500000.0,2.5,479,1024,0.4677734375
01a072a3-8b43-7750-ac81-2431b9de5abb,a,B,QB8,13,0,standard_pi_2,16,0.013333333333333336,2500000.0,2.5,478,1024,0.466796875
01a072a3-8b43-7750-ac81-2431b9de5abb,a,B,QB8,13,0,standard_pi_2,17,0.026666666666666672,2500000.0,2.5,524,1024,0.51171875
01a072a3-8b43-7750-ac81-2431b9de5abb,a,B,QB8,13,0,standard_pi_2,18,0.04000000000000001,2500000.0,2.5,526,1024,0.513671875
01a072a3-8b43-7750-ac81-2431b9de5abb,a,B,QB8,13,0,standard_pi_2,19,0.053333333333333344,2500000.0,2.5,506,1024,0.494140625
01a072a3-8b43-7750-ac81-2431b9de5abb,a,B,QB8,13,0,standard_pi_2,20,0.06666666666666665,2500000.0,2.5,549,1024,0.5361328125
01a072a3-8b43-7750-ac81-2431b9de5abb,a,B,QB8,13,0,standard_pi_2,21,0.08000000000000002,2500000.0,2.5,559,1024,0.5458984375
01a072a3-8b43-7750-ac81-2431b9de5abb,a,B,QB8,13,0,standard_pi_2,22,0.09333333333333332,2500000.0,2.5,579,1024,0.5654296875
01a072a3-8b43-7750-ac81-2431b9de5abb,a,B,QB8,13,0,standard_pi_2,23,0.10666666666666669,2500000.0,2.5,576,1024,0.5625
01a072a3-8b43-7750-ac81-2431b9de5abb,a,B,QB8,13,0,standard_pi_2,24,0.12,2500000.0,2.5,570,1024,0.556640625
01a072a3-8b43-7750-ac81-2431b9de5abb,a,B,QB8,13,0,standard_pi_2,25,0.13333333333333336,2500000.0,2.5,615,1024,0.6005859375
01a072a3-8b43-7750-ac81-2431b9de5abb,a,B,QB8,13,0,standard_pi_2,26,0.14666666666666667,2500000.0,2.5,606,1024,0.591796875
01a072a3-8b43-7750-ac81-2431b9de5abb,a,B,QB8,13,0,standard_pi_2,27,0.16000000000000003,2500000.0,2.5,625,1024,0.6103515625
01a072a3-8b43-7750-ac81-2431b9de5abb,a,B,QB8,13,0,standard_pi_2,28,0.17333333333333334,2500000.0,2.5,623,1024,0.6083984375
01a072a3-8b43-7750-ac81-2431b9de5abb,a,B,QB8,13,0,standard_pi_2,29,0.1866666666666667,2500000.0,2.5,640,1024,0.625
01a072a3-8b43-7750-ac81-2431b9de5abb,a,B,QB8,13,0,standard_pi_2,30,0.2,2500000.0,2.5,603,1024,0.5888671875
01a072a3-8b43-7750-ac81-2431b9de5abb,a,B,QB8,13,1,UVH4a,0,-0.2,2500000.0,2.5,453,1024,0.4423828125
01a072a3-8b43-7750-ac81-2431b9de5abb,a,B,QB8,13,1,UVH4a,1,-0.18666666666666668,2500000.0,2.5,439,1024,0.4287109375
01a072a3-8b43-7750-ac81-2431b9de5abb,a,B,QB8,13,1,UVH4a,2,-0.17333333333333334,2500000.0,2.5,453,1024,0.4423828125
01a072a3-8b43-7750-ac81-2431b9de5abb,a,B,QB8,13,1,UVH4a,3,-0.16,2500000.0,2.5,439,1024,0.4287109375
01a072a3-8b43-7750-ac81-2431b9de5abb,a,B,QB8,13,1,UVH4a,4,-0.14666666666666667,2500000.0,2.5,481,1024,0.4697265625
01a072a3-8b43-7750-ac81-2431b9de5abb,a,B,QB8,13,1,UVH4a,5,-0.13333333333333336,2500000.0,2.5,491,1024,0.4794921875
01a072a3-8b43-7750-ac81-2431b9de5abb,a,B,QB8,13,1,UVH4a,6,-0.12000000000000001,2500000.0,2.5,478,1024,0.466796875
01a072a3-8b43-7750-ac81-2431b9de5abb,a,B,QB8,13,1,UVH4a,7,-0.10666666666666667,2500000.0,2.5,518,1024,0.505859375
01a072a3-8b43-7750-ac81-2431b9de5abb,a,B,QB8,13,1,UVH4a,8,-0.09333333333333334,2500000.0,2.5,442,1024,0.431640625
01a072a3-8b43-7750-ac81-2431b9de5abb,a,B,QB8,13,1,UVH4a,9,-0.08,2500000.0,2.5,468,1024,0.45703125
01a072a3-8b43-7750-ac81-2431b9de5abb,a,B,QB8,13,1,UVH4a,10,-0.06666666666666668,2500000.0,2.5,498,1024,0.486328125
01a072a3-8b43-7750-ac81-2431b9de5abb,a,B,QB8,13,1,UVH4a,11,-0.053333333333333344,2500000.0,2.5,486,1024,0.474609375
01a072a3-8b43-7750-ac81-2431b9de5abb,a,B,QB8,13,1,UVH4a,12,-0.04000000000000001,2500000.0,2.5,538,1024,0.525390625
01a072a3-8b43-7750-ac81-2431b9de5abb,a,B,QB8,13,1,UVH4a,13,-0.026666666666666672,2500000.0,2.5,508,1024,0.49609375
01a072a3-8b43-7750-ac81-2431b9de5abb,a,B,QB8,13,1,UVH4a,14,-0.013333333333333336,2500000.0,2.5,490,1024,0.478515625
01a072a3-8b43-7750-ac81-2431b9de5abb,a,B,QB8,13,1,UVH4a,15,0.0,2500000.0,2.5,490,1024,0.478515625
01a072a3-8b43-7750-ac81-2431b9de5abb,a,B,QB8,13,1,UVH4a,16,0.013333333333333336,2500000.0,2.5,507,1024,0.4951171875
01a072a3-8b43-7750-ac81-2431b9de5abb,a,B,QB8,13,1,UVH4a,17,0.026666666666666672,2500000.0,2.5,486,1024,0.474609375
01a072a3-8b43-7750-ac81-2431b9de5abb,a,B,QB8,13,1,UVH4a,18,0.04000000000000001,2500000.0,2.5,504,1024,0.4921875
01a072a3-8b43-7750-ac81-2431b9de5abb,a,B,QB8,13,1,UVH4a,19,0.053333333333333344,2500000.0,2.5,501,1024,0.4892578125
01a072a3-8b43-7750-ac81-2431b9de5abb,a,B,QB8,13,1,UVH4a,20,0.06666666666666665,2500000.0,2.5,487,1024,0.4755859375
01a072a3-8b43-7750-ac81-2431b9de5abb,a,B,QB8,13,1,UVH4a,21,0.08000000000000002,2500000.0,2.5,496,1024,0.484375
01a072a3-8b43-7750-ac81-2431b9de5abb,a,B,QB8,13,1,UVH4a,22,0.09333333333333332,2500000.0,2.5,485,1024,0.4736328125
01a072a3-8b43-7750-ac81-2431b9de5abb,a,B,QB8,13,1,UVH4a,23,0.10666666666666669,2500000.0,2.5,499,1024,0.4873046875
01a072a3-8b43-7750-ac81-2431b9de5abb,a,B,QB8,13,1,UVH4a,24,0.12,2500000.0,2.5,488,1024,0.4765625
01a072a3-8b43-7750-ac81-2431b9de5abb,a,B,QB8,13,1,UVH4a,25,0.13333333333333336,2500000.0,2.5,506,1024,0.494140625
01a072a3-8b43-7750-ac81-2431b9de5abb,a,B,QB8,13,1,UVH4a,26,0.14666666666666667,2500000.0,2.5,513,1024,0.5009765625
01a072a3-8b43-7750-ac81-2431b9de5abb,a,B,QB8,13,1,UVH4a,27,0.16000000000000003,2500000.0,2.5,464,1024,0.453125
01a072a3-8b43-7750-ac81-2431b9de5abb,a,B,QB8,13,1,UVH4a,28,0.17333333333333334,2500000.0,2.5,471,1024,0.4599609375
01a072a3-8b43-7750-ac81-2431b9de5abb,a,B,QB8,13,1,UVH4a,29,0.1866666666666667,2500000.0,2.5,485,1024,0.4736328125
01a072a3-8b43-7750-ac81-2431b9de5abb,a,B,QB8,13,1,UVH4a,30,0.2,2500000.0,2.5,468,1024,0.45703125
01a072a3-8b43-7750-ac81-2431b9de5abb,a,B,QB8,13,2,UVH5a,0,-0.2,2500000.0,2.5,582,1024,0.568359375
01a072a3-8b43-7750-ac81-2431b9de5abb,a,B,QB8,13,2,UVH5a,1,-0.18666666666666668,2500000.0,2.5,528,1024,0.515625
01a072a3-8b43-7750-ac81-2431b9de5abb,a,B,QB8,13,2,UVH5a,2,-0.17333333333333334,2500000.0,2.5,556,1024,0.54296875
01a072a3-8b43-7750-ac81-2431b9de5abb,a,B,QB8,13,2,UVH5a,3,-0.16,2500000.0,2.5,541,1024,0.5283203125
01a072a3-8b43-7750-ac81-2431b9de5abb,a,B,QB8,13,2,UVH5a,4,-0.14666666666666667,2500000.0,2.5,517,1024,0.5048828125
01a072a3-8b43-7750-ac81-2431b9de5abb,a,B,QB8,13,2,UVH5a,5,-0.13333333333333336,2500000.0,2.5,530,1024,0.517578125
01a072a3-8b43-7750-ac81-2431b9de5abb,a,B,QB8,13,2,UVH5a,6,-0.12000000000000001,2500000.0,2.5,528,1024,0.515625
01a072a3-8b43-7750-ac81-2431b9de5abb,a,B,QB8,13,2,UVH5a,7,-0.10666666666666667,2500000.0,2.5,499,1024,0.4873046875
01a072a3-8b43-7750-ac81-2431b9de5abb,a,B,QB8,13,2,UVH5a,8,-0.09333333333333334,2500000.0,2.5,487,1024,0.4755859375
01a072a3-8b43-7750-ac81-2431b9de5abb,a,B,QB8,13,2,UVH5a,9,-0.08,2500000.0,2.5,506,1024,0.494140625
01a072a3-8b43-7750-ac81-2431b9de5abb,a,B,QB8,13,2,UVH5a,10,-0.06666666666666668,2500000.0,2.5,520,1024,0.5078125
01a072a3-8b43-7750-ac81-2431b9de5abb,a,B,QB8,13,2,UVH5a,11,-0.053333333333333344,2500000.0,2.5,490,1024,0.478515625
01a072a3-8b43-7750-ac81-2431b9de5abb,a,B,QB8,13,2,UVH5a,12,-0.04000000000000001,2500000.0,2.5,471,1024,0.4599609375
01a072a3-8b43-7750-ac81-2431b9de5abb,a,B,QB8,13,2,UVH5a,13,-0.026666666666666672,2500000.0,2.5,494,1024,0.482421875
01a072a3-8b43-7750-ac81-2431b9de5abb,a,B,QB8,13,2,UVH5a,14,-0.013333333333333336,2500000.0,2.5,498,1024,0.486328125
01a072a3-8b43-7750-ac81-2431b9de5abb,a,B,QB8,13,2,UVH5a,15,0.0,2500000.0,2.5,462,1024,0.451171875
01a072a3-8b43-7750-ac81-2431b9de5abb,a,B,QB8,13,2,UVH5a,16,0.013333333333333336,2500000.0,2.5,492,1024,0.48046875
01a072a3-8b43-7750-ac81-2431b9de5abb,a,B,QB8,13,2,UVH5a,17,0.026666666666666672,2500000.0,2.5,477,1024,0.4658203125
01a072a3-8b43-7750-ac81-2431b9de5abb,a,B,QB8,13,2,UVH5a,18,0.04000000000000001,2500000.0,2.5,472,1024,0.4609375
01a072a3-8b43-7750-ac81-2431b9de5abb,a,B,QB8,13,2,UVH5a,19,0.053333333333333344,2500000.0,2.5,497,1024,0.4853515625
01a072a3-8b43-7750-ac81-2431b9de5abb,a,B,QB8,13,2,UVH5a,20,0.06666666666666665,2500000.0,2.5,464,1024,0.453125
01a072a3-8b43-7750-ac81-2431b9de5abb,a,B,QB8,13,2,UVH5a,21,0.08000000000000002,2500000.0,2.5,478,1024,0.466796875
01a072a3-8b43-7750-ac81-2431b9de5abb,a,B,QB8,13,2,UVH5a,22,0.09333333333333332,2500000.0,2.5,453,1024,0.4423828125
01a072a3-8b43-7750-ac81-2431b9de5abb,a,B,QB8,13,2,UVH5a,23,0.10666666666666669,2500000.0,2.5,463,1024,0.4521484375
01a072a3-8b43-7750-ac81-2431b9de5abb,a,B,QB8,13,2,UVH5a,24,0.12,2500000.0,2.5,477,1024,0.4658203125
01a072a3-8b43-7750-ac81-2431b9de5abb,a,B,QB8,13,2,UVH5a,25,0.13333333333333336,2500000.0,2.5,487,1024,0.4755859375
01a072a3-8b43-7750-ac81-2431b9de5abb,a,B,QB8,13,2,UVH5a,26,0.14666666666666667,2500000.0,2.5,496,1024,0.484375
01a072a3-8b43-7750-ac81-2431b9de5abb,a,B,QB8,13,2,UVH5a,27,0.16000000000000003,2500000.0,2.5,484,1024,0.47265625
01a072a3-8b43-7750-ac81-2431b9de5abb,a,B,QB8,13,2,UVH5a,28,0.17333333333333334,2500000.0,2.5,488,1024,0.4765625
01a072a3-8b43-7750-ac81-2431b9de5abb,a,B,QB8,13,2,UVH5a,29,0.1866666666666667,2500000.0,2.5,466,1024,0.455078125
01a072a3-8b43-7750-ac81-2431b9de5abb,a,B,QB8,13,2,UVH5a,30,0.2,2500000.0,2.5,447,1024,0.4365234375
01a072a3-8b43-7750-ac81-2431b9de5abb,a,B,QB8,13,3,UVH6a,0,-0.2,2500000.0,2.5,506,1024,0.494140625
01a072a3-8b43-7750-ac81-2431b9de5abb,a,B,QB8,13,3,UVH6a,1,-0.18666666666666668,2500000.0,2.5,506,1024,0.494140625
01a072a3-8b43-7750-ac81-2431b9de5abb,a,B,QB8,13,3,UVH6a,2,-0.17333333333333334,2500000.0,2.5,513,1024,0.5009765625
01a072a3-8b43-7750-ac81-2431b9de5abb,a,B,QB8,13,3,UVH6a,3,-0.16,2500000.0,2.5,508,1024,0.49609375
01a072a3-8b43-7750-ac81-2431b9de5abb,a,B,QB8,13,3,UVH6a,4,-0.14666666666666667,2500000.0,2.5,515,1024,0.5029296875
01a072a3-8b43-7750-ac81-2431b9de5abb,a,B,QB8,13,3,UVH6a,5,-0.13333333333333336,2500000.0,2.5,481,1024,0.4697265625
01a072a3-8b43-7750-ac81-2431b9de5abb,a,B,QB8,13,3,UVH6a,6,-0.12000000000000001,2500000.0,2.5,472,1024,0.4609375
01a072a3-8b43-7750-ac81-2431b9de5abb,a,B,QB8,13,3,UVH6a,7,-0.10666666666666667,2500000.0,2.5,443,1024,0.4326171875
01a072a3-8b43-7750-ac81-2431b9de5abb,a,B,QB8,13,3,UVH6a,8,-0.09333333333333334,2500000.0,2.5,481,1024,0.4697265625
01a072a3-8b43-7750-ac81-2431b9de5abb,a,B,QB8,13,3,UVH6a,9,-0.08,2500000.0,2.5,449,1024,0.4384765625
01a072a3-8b43-7750-ac81-2431b9de5abb,a,B,QB8,13,3,UVH6a,10,-0.06666666666666668,2500000.0,2.5,459,1024,0.4482421875
01a072a3-8b43-7750-ac81-2431b9de5abb,a,B,QB8,13,3,UVH6a,11,-0.053333333333333344,2500000.0,2.5,466,1024,0.455078125
01a072a3-8b43-7750-ac81-2431b9de5abb,a,B,QB8,13,3,UVH6a,12,-0.04000000000000001,2500000.0,2.5,452,1024,0.44140625
01a072a3-8b43-7750-ac81-2431b9de5abb,a,B,QB8,13,3,UVH6a,13,-0.026666666666666672,2500000.0,2.5,468,1024,0.45703125
01a072a3-8b43-7750-ac81-2431b9de5abb,a,B,QB8,13,3,UVH6a,14,-0.013333333333333336,2500000.0,2.5,457,1024,0.4462890625
01a072a3-8b43-7750-ac81-2431b9de5abb,a,B,QB8,13,3,UVH6a,15,0.0,2500000.0,2.5,456,1024,0.4453125
01a072a3-8b43-7750-ac81-2431b9de5abb,a,B,QB8,13,3,UVH6a,16,0.013333333333333336,2500000.0,2.5,463,1024,0.4521484375
01a072a3-8b43-7750-ac81-2431b9de5abb,a,B,QB8,13,3,UVH6a,17,0.026666666666666672,2500000.0,2.5,479,1024,0.4677734375
01a072a3-8b43-7750-ac81-2431b9de5abb,a,B,QB8,13,3,UVH6a,18,0.04000000000000001,2500000.0,2.5,508,1024,0.49609375
01a072a3-8b43-7750-ac81-2431b9de5abb,a,B,QB8,13,3,UVH6a,19,0.053333333333333344,2500000.0,2.5,493,1024,0.4814453125
01a072a3-8b43-7750-ac81-2431b9de5abb,a,B,QB8,13,3,UVH6a,20,0.06666666666666665,2500000.0,2.5,504,1024,0.4921875
01a072a3-8b43-7750-ac81-2431b9de5abb,a,B,QB8,13,3,UVH6a,21,0.08000000000000002,2500000.0,2.5,483,1024,0.4716796875
01a072a3-8b43-7750-ac81-2431b9de5abb,a,B,QB8,13,3,UVH6a,22,0.09333333333333332,2500000.0,2.5,481,1024,0.4697265625
01a072a3-8b43-7750-ac81-2431b9de5abb,a,B,QB8,13,3,UVH6a,23,0.10666666666666669,2500000.0,2.5,494,1024,0.482421875
01a072a3-8b43-7750-ac81-2431b9de5abb,a,B,QB8,13,3,UVH6a,24,0.12,2500000.0,2.5,470,1024,0.458984375
01a072a3-8b43-7750-ac81-2431b9de5abb,a,B,QB8,13,3,UVH6a,25,0.13333333333333336,2500000.0,2.5,487,1024,0.4755859375
01a072a3-8b43-7750-ac81-2431b9de5abb,a,B,QB8,13,3,UVH6a,26,0.14666666666666667,2500000.0,2.5,498,1024,0.486328125
01a072a3-8b43-7750-ac81-2431b9de5abb,a,B,QB8,13,3,UVH6a,27,0.16000000000000003,2500000.0,2.5,486,1024,0.474609375
01a072a3-8b43-7750-ac81-2431b9de5abb,a,B,QB8,13,3,UVH6a,28,0.17333333333333334,2500000.0,2.5,500,1024,0.48828125
01a072a3-8b43-7750-ac81-2431b9de5abb,a,B,QB8,13,3,UVH6a,29,0.1866666666666667,2500000.0,2.5,495,1024,0.4833984375
01a072a3-8b43-7750-ac81-2431b9de5abb,a,B,QB8,13,3,UVH6a,30,0.2,2500000.0,2.5,510,1024,0.498046875
01a072a3-8b43-7750-ac81-2431b9de5abb,a,B,QB8,13,4,UVH7a,0,-0.2,2500000.0,2.5,454,1024,0.443359375
01a072a3-8b43-7750-ac81-2431b9de5abb,a,B,QB8,13,4,UVH7a,1,-0.18666666666666668,2500000.0,2.5,462,1024,0.451171875
01a072a3-8b43-7750-ac81-2431b9de5abb,a,B,QB8,13,4,UVH7a,2,-0.17333333333333334,2500000.0,2.5,429,1024,0.4189453125
01a072a3-8b43-7750-ac81-2431b9de5abb,a,B,QB8,13,4,UVH7a,3,-0.16,2500000.0,2.5,489,1024,0.4775390625
01a072a3-8b43-7750-ac81-2431b9de5abb,a,B,QB8,13,4,UVH7a,4,-0.14666666666666667,2500000.0,2.5,488,1024,0.4765625
01a072a3-8b43-7750-ac81-2431b9de5abb,a,B,QB8,13,4,UVH7a,5,-0.13333333333333336,2500000.0,2.5,474,1024,0.462890625
01a072a3-8b43-7750-ac81-2431b9de5abb,a,B,QB8,13,4,UVH7a,6,-0.12000000000000001,2500000.0,2.5,470,1024,0.458984375
01a072a3-8b43-7750-ac81-2431b9de5abb,a,B,QB8,13,4,UVH7a,7,-0.10666666666666667,2500000.0,2.5,496,1024,0.484375
01a072a3-8b43-7750-ac81-2431b9de5abb,a,B,QB8,13,4,UVH7a,8,-0.09333333333333334,2500000.0,2.5,474,1024,0.462890625
01a072a3-8b43-7750-ac81-2431b9de5abb,a,B,QB8,13,4,UVH7a,9,-0.08,2500000.0,2.5,449,1024,0.4384765625
01a072a3-8b43-7750-ac81-2431b9de5abb,a,B,QB8,13,4,UVH7a,10,-0.06666666666666668,2500000.0,2.5,468,1024,0.45703125
01a072a3-8b43-7750-ac81-2431b9de5abb,a,B,QB8,13,4,UVH7a,11,-0.053333333333333344,2500000.0,2.5,461,1024,0.4501953125
01a072a3-8b43-7750-ac81-2431b9de5abb,a,B,QB8,13,4,UVH7a,12,-0.04000000000000001,2500000.0,2.5,456,1024,0.4453125
01a072a3-8b43-7750-ac81-2431b9de5abb,a,B,QB8,13,4,UVH7a,13,-0.026666666666666672,2500000.0,2.5,462,1024,0.451171875
01a072a3-8b43-7750-ac81-2431b9de5abb,a,B,QB8,13,4,UVH7a,14,-0.013333333333333336,2500000.0,2.5,460,1024,0.44921875
01a072a3-8b43-7750-ac81-2431b9de5abb,a,B,QB8,13,4,UVH7a,15,0.0,2500000.0,2.5,447,1024,0.4365234375
01a072a3-8b43-7750-ac81-2431b9de5abb,a,B,QB8,13,4,UVH7a,16,0.013333333333333336,2500000.0,2.5,460,1024,0.44921875
01a072a3-8b43-7750-ac81-2431b9de5abb,a,B,QB8,13,4,UVH7a,17,0.026666666666666672,2500000.0,2.5,472,1024,0.4609375
01a072a3-8b43-7750-ac81-2431b9de5abb,a,B,QB8,13,4,UVH7a,18,0.04000000000000001,2500000.0,2.5,487,1024,0.4755859375
01a072a3-8b43-7750-ac81-2431b9de5abb,a,B,QB8,13,4,UVH7a,19,0.053333333333333344,2500000.0,2.5,470,1024,0.458984375
01a072a3-8b43-7750-ac81-2431b9de5abb,a,B,QB8,13,4,UVH7a,20,0.06666666666666665,2500000.0,2.5,485,1024,0.4736328125
01a072a3-8b43-7750-ac81-2431b9de5abb,a,B,QB8,13,4,UVH7a,21,0.08000000000000002,2500000.0,2.5,449,1024,0.4384765625
01a072a3-8b43-7750-ac81-2431b9de5abb,a,B,QB8,13,4,UVH7a,22,0.09333333333333332,2500000.0,2.5,470,1024,0.458984375
01a072a3-8b43-7750-ac81-2431b9de5abb,a,B,QB8,13,4,UVH7a,23,0.10666666666666669,2500000.0,2.5,442,1024,0.431640625
01a072a3-8b43-7750-ac81-2431b9de5abb,a,B,QB8,13,4,UVH7a,24,0.12,2500000.0,2.5,488,1024,0.4765625
01a072a3-8b43-7750-ac81-2431b9de5abb,a,B,QB8,13,4,UVH7a,25,0.13333333333333336,2500000.0,2.5,447,1024,0.4365234375
01a072a3-8b43-7750-ac81-2431b9de5abb,a,B,QB8,13,4,UVH7a,26,0.14666666666666667,2500000.0,2.5,460,1024,0.44921875
01a072a3-8b43-7750-ac81-2431b9de5abb,a,B,QB8,13,4,UVH7a,27,0.16000000000000003,2500000.0,2.5,476,1024,0.46484375
01a072a3-8b43-7750-ac81-2431b9de5abb,a,B,QB8,13,4,UVH7a,28,0.17333333333333334,2500000.0,2.5,478,1024,0.466796875
01a072a3-8b43-7750-ac81-2431b9de5abb,a,B,QB8,13,4,UVH7a,29,0.1866666666666667,2500000.0,2.5,477,1024,0.4658203125
01a072a3-8b43-7750-ac81-2431b9de5abb,a,B,QB8,13,4,UVH7a,30,0.2,2500000.0,2.5,467,1024,0.4560546875
01a072a3-8b43-7750-ac81-2431b9de5abb,a,B,QB8,13,5,UVH8a,0,-0.2,2500000.0,2.5,538,1024,0.525390625
01a072a3-8b43-7750-ac81-2431b9de5abb,a,B,QB8,13,5,UVH8a,1,-0.18666666666666668,2500000.0,2.5,521,1024,0.5087890625
01a072a3-8b43-7750-ac81-2431b9de5abb,a,B,QB8,13,5,UVH8a,2,-0.17333333333333334,2500000.0,2.5,506,1024,0.494140625
01a072a3-8b43-7750-ac81-2431b9de5abb,a,B,QB8,13,5,UVH8a,3,-0.16,2500000.0,2.5,504,1024,0.4921875
01a072a3-8b43-7750-ac81-2431b9de5abb,a,B,QB8,13,5,UVH8a,4,-0.14666666666666667,2500000.0,2.5,497,1024,0.4853515625
01a072a3-8b43-7750-ac81-2431b9de5abb,a,B,QB8,13,5,UVH8a,5,-0.13333333333333336,2500000.0,2.5,488,1024,0.4765625
01a072a3-8b43-7750-ac81-2431b9de5abb,a,B,QB8,13,5,UVH8a,6,-0.12000000000000001,2500000.0,2.5,519,1024,0.5068359375
01a072a3-8b43-7750-ac81-2431b9de5abb,a,B,QB8,13,5,UVH8a,7,-0.10666666666666667,2500000.0,2.5,462,1024,0.451171875
01a072a3-8b43-7750-ac81-2431b9de5abb,a,B,QB8,13,5,UVH8a,8,-0.09333333333333334,2500000.0,2.5,490,1024,0.478515625
01a072a3-8b43-7750-ac81-2431b9de5abb,a,B,QB8,13,5,UVH8a,9,-0.08,2500000.0,2.5,496,1024,0.484375
01a072a3-8b43-7750-ac81-2431b9de5abb,a,B,QB8,13,5,UVH8a,10,-0.06666666666666668,2500000.0,2.5,491,1024,0.4794921875
01a072a3-8b43-7750-ac81-2431b9de5abb,a,B,QB8,13,5,UVH8a,11,-0.053333333333333344,2500000.0,2.5,471,1024,0.4599609375
01a072a3-8b43-7750-ac81-2431b9de5abb,a,B,QB8,13,5,UVH8a,12,-0.04000000000000001,2500000.0,2.5,493,1024,0.4814453125
01a072a3-8b43-7750-ac81-2431b9de5abb,a,B,QB8,13,5,UVH8a,13,-0.026666666666666672,2500000.0,2.5,482,1024,0.470703125
01a072a3-8b43-7750-ac81-2431b9de5abb,a,B,QB8,13,5,UVH8a,14,-0.013333333333333336,2500000.0,2.5,474,1024,0.462890625
01a072a3-8b43-7750-ac81-2431b9de5abb,a,B,QB8,13,5,UVH8a,15,0.0,2500000.0,2.5,503,1024,0.4912109375
01a072a3-8b43-7750-ac81-2431b9de5abb,a,B,QB8,13,5,UVH8a,16,0.013333333333333336,2500000.0,2.5,467,1024,0.4560546875
01a072a3-8b43-7750-ac81-2431b9de5abb,a,B,QB8,13,5,UVH8a,17,0.026666666666666672,2500000.0,2.5,474,1024,0.462890625
01a072a3-8b43-7750-ac81-2431b9de5abb,a,B,QB8,13,5,UVH8a,18,0.04000000000000001,2500000.0,2.5,475,1024,0.4638671875
01a072a3-8b43-7750-ac81-2431b9de5abb,a,B,QB8,13,5,UVH8a,19,0.053333333333333344,2500000.0,2.5,489,1024,0.4775390625
01a072a3-8b43-7750-ac81-2431b9de5abb,a,B,QB8,13,5,UVH8a,20,0.06666666666666665,2500000.0,2.5,465,1024,0.4541015625
01a072a3-8b43-7750-ac81-2431b9de5abb,a,B,QB8,13,5,UVH8a,21,0.08000000000000002,2500000.0,2.5,459,1024,0.4482421875
01a072a3-8b43-7750-ac81-2431b9de5abb,a,B,QB8,13,5,UVH8a,22,0.09333333333333332,2500000.0,2.5,472,1024,0.4609375
01a072a3-8b43-7750-ac81-2431b9de5abb,a,B,QB8,13,5,UVH8a,23,0.10666666666666669,2500000.0,2.5,462,1024,0.451171875
01a072a3-8b43-7750-ac81-2431b9de5abb,a,B,QB8,13,5,UVH8a,24,0.12,2500000.0,2.5,414,1024,0.404296875
01a072a3-8b43-7750-ac81-2431b9de5abb,a,B,QB8,13,5,UVH8a,25,0.13333333333333336,2500000.0,2.5,442,1024,0.431640625
01a072a3-8b43-7750-ac81-2431b9de5abb,a,B,QB8,13,5,UVH8a,26,0.14666666666666667,2500000.0,2.5,471,1024,0.4599609375
01a072a3-8b43-7750-ac81-2431b9de5abb,a,B,QB8,13,5,UVH8a,27,0.16000000000000003,2500000.0,2.5,451,1024,0.4404296875
01a072a3-8b43-7750-ac81-2431b9de5abb,a,B,QB8,13,5,UVH8a,28,0.17333333333333334,2500000.0,2.5,458,1024,0.447265625
01a072a3-8b43-7750-ac81-2431b9de5abb,a,B,QB8,13,5,UVH8a,29,0.1866666666666667,2500000.0,2.5,450,1024,0.439453125
01a072a3-8b43-7750-ac81-2431b9de5abb,a,B,QB8,13,5,UVH8a,30,0.2,2500000.0,2.5,456,1024,0.4453125
01a072a3-8b43-7750-ac81-2431b9de5abb,a,B,QB19,14,0,standard_pi_2,0,-0.2,2500000.0,2.5,350,1024,0.341796875
01a072a3-8b43-7750-ac81-2431b9de5abb,a,B,QB19,14,0,standard_pi_2,1,-0.18666666666666668,2500000.0,2.5,344,1024,0.3359375
01a072a3-8b43-7750-ac81-2431b9de5abb,a,B,QB19,14,0,standard_pi_2,2,-0.17333333333333334,2500000.0,2.5,344,1024,0.3359375
01a072a3-8b43-7750-ac81-2431b9de5abb,a,B,QB19,14,0,standard_pi_2,3,-0.16,2500000.0,2.5,385,1024,0.3759765625
01a072a3-8b43-7750-ac81-2431b9de5abb,a,B,QB19,14,0,standard_pi_2,4,-0.14666666666666667,2500000.0,2.5,357,1024,0.3486328125
01a072a3-8b43-7750-ac81-2431b9de5abb,a,B,QB19,14,0,standard_pi_2,5,-0.13333333333333336,2500000.0,2.5,379,1024,0.3701171875
01a072a3-8b43-7750-ac81-2431b9de5abb,a,B,QB19,14,0,standard_pi_2,6,-0.12000000000000001,2500000.0,2.5,411,1024,0.4013671875
01a072a3-8b43-7750-ac81-2431b9de5abb,a,B,QB19,14,0,standard_pi_2,7,-0.10666666666666667,2500000.0,2.5,403,1024,0.3935546875
01a072a3-8b43-7750-ac81-2431b9de5abb,a,B,QB19,14,0,standard_pi_2,8,-0.09333333333333334,2500000.0,2.5,424,1024,0.4140625
01a072a3-8b43-7750-ac81-2431b9de5abb,a,B,QB19,14,0,standard_pi_2,9,-0.08,2500000.0,2.5,447,1024,0.4365234375
01a072a3-8b43-7750-ac81-2431b9de5abb,a,B,QB19,14,0,standard_pi_2,10,-0.06666666666666668,2500000.0,2.5,448,1024,0.4375
01a072a3-8b43-7750-ac81-2431b9de5abb,a,B,QB19,14,0,standard_pi_2,11,-0.053333333333333344,2500000.0,2.5,441,1024,0.4306640625
01a072a3-8b43-7750-ac81-2431b9de5abb,a,B,QB19,14,0,standard_pi_2,12,-0.04000000000000001,2500000.0,2.5,442,1024,0.431640625
01a072a3-8b43-7750-ac81-2431b9de5abb,a,B,QB19,14,0,standard_pi_2,13,-0.026666666666666672,2500000.0,2.5,473,1024,0.4619140625
01a072a3-8b43-7750-ac81-2431b9de5abb,a,B,QB19,14,0,standard_pi_2,14,-0.013333333333333336,2500000.0,2.5,484,1024,0.47265625
01a072a3-8b43-7750-ac81-2431b9de5abb,a,B,QB19,14,0,standard_pi_2,15,0.0,2500000.0,2.5,476,1024,0.46484375
01a072a3-8b43-7750-ac81-2431b9de5abb,a,B,QB19,14,0,standard_pi_2,16,0.013333333333333336,2500000.0,2.5,489,1024,0.4775390625
01a072a3-8b43-7750-ac81-2431b9de5abb,a,B,QB19,14,0,standard_pi_2,17,0.026666666666666672,2500000.0,2.5,513,1024,0.5009765625
01a072a3-8b43-7750-ac81-2431b9de5abb,a,B,QB19,14,0,standard_pi_2,18,0.04000000000000001,2500000.0,2.5,531,1024,0.5185546875
01a072a3-8b43-7750-ac81-2431b9de5abb,a,B,QB19,14,0,standard_pi_2,19,0.053333333333333344,2500000.0,2.5,522,1024,0.509765625
01a072a3-8b43-7750-ac81-2431b9de5abb,a,B,QB19,14,0,standard_pi_2,20,0.06666666666666665,2500000.0,2.5,554,1024,0.541015625
01a072a3-8b43-7750-ac81-2431b9de5abb,a,B,QB19,14,0,standard_pi_2,21,0.08000000000000002,2500000.0,2.5,550,1024,0.537109375
01a072a3-8b43-7750-ac81-2431b9de5abb,a,B,QB19,14,0,standard_pi_2,22,0.09333333333333332,2500000.0,2.5,563,1024,0.5498046875
01a072a3-8b43-7750-ac81-2431b9de5abb,a,B,QB19,14,0,standard_pi_2,23,0.10666666666666669,2500000.0,2.5,544,1024,0.53125
01a072a3-8b43-7750-ac81-2431b9de5abb,a,B,QB19,14,0,standard_pi_2,24,0.12,2500000.0,2.5,572,1024,0.55859375
01a072a3-8b43-7750-ac81-2431b9de5abb,a,B,QB19,14,0,standard_pi_2,25,0.13333333333333336,2500000.0,2.5,575,1024,0.5615234375
01a072a3-8b43-7750-ac81-2431b9de5abb,a,B,QB19,14,0,standard_pi_2,26,0.14666666666666667,2500000.0,2.5,611,1024,0.5966796875
01a072a3-8b43-7750-ac81-2431b9de5abb,a,B,QB19,14,0,standard_pi_2,27,0.16000000000000003,2500000.0,2.5,597,1024,0.5830078125
01a072a3-8b43-7750-ac81-2431b9de5abb,a,B,QB19,14,0,standard_pi_2,28,0.17333333333333334,2500000.0,2.5,621,1024,0.6064453125
01a072a3-8b43-7750-ac81-2431b9de5abb,a,B,QB19,14,0,standard_pi_2,29,0.1866666666666667,2500000.0,2.5,605,1024,0.5908203125
01a072a3-8b43-7750-ac81-2431b9de5abb,a,B,QB19,14,0,standard_pi_2,30,0.2,2500000.0,2.5,612,1024,0.59765625
01a072a3-8b43-7750-ac81-2431b9de5abb,a,B,QB19,14,1,UVH4a,0,-0.2,2500000.0,2.5,439,1024,0.4287109375
01a072a3-8b43-7750-ac81-2431b9de5abb,a,B,QB19,14,1,UVH4a,1,-0.18666666666666668,2500000.0,2.5,479,1024,0.4677734375
01a072a3-8b43-7750-ac81-2431b9de5abb,a,B,QB19,14,1,UVH4a,2,-0.17333333333333334,2500000.0,2.5,464,1024,0.453125
01a072a3-8b43-7750-ac81-2431b9de5abb,a,B,QB19,14,1,UVH4a,3,-0.16,2500000.0,2.5,465,1024,0.4541015625
01a072a3-8b43-7750-ac81-2431b9de5abb,a,B,QB19,14,1,UVH4a,4,-0.14666666666666667,2500000.0,2.5,453,1024,0.4423828125
01a072a3-8b43-7750-ac81-2431b9de5abb,a,B,QB19,14,1,UVH4a,5,-0.13333333333333336,2500000.0,2.5,483,1024,0.4716796875
01a072a3-8b43-7750-ac81-2431b9de5abb,a,B,QB19,14,1,UVH4a,6,-0.12000000000000001,2500000.0,2.5,475,1024,0.4638671875
01a072a3-8b43-7750-ac81-2431b9de5abb,a,B,QB19,14,1,UVH4a,7,-0.10666666666666667,2500000.0,2.5,455,1024,0.4443359375
01a072a3-8b43-7750-ac81-2431b9de5abb,a,B,QB19,14,1,UVH4a,8,-0.09333333333333334,2500000.0,2.5,480,1024,0.46875
01a072a3-8b43-7750-ac81-2431b9de5abb,a,B,QB19,14,1,UVH4a,9,-0.08,2500000.0,2.5,480,1024,0.46875
01a072a3-8b43-7750-ac81-2431b9de5abb,a,B,QB19,14,1,UVH4a,10,-0.06666666666666668,2500000.0,2.5,488,1024,0.4765625
01a072a3-8b43-7750-ac81-2431b9de5abb,a,B,QB19,14,1,UVH4a,11,-0.053333333333333344,2500000.0,2.5,506,1024,0.494140625
01a072a3-8b43-7750-ac81-2431b9de5abb,a,B,QB19,14,1,UVH4a,12,-0.04000000000000001,2500000.0,2.5,487,1024,0.4755859375
01a072a3-8b43-7750-ac81-2431b9de5abb,a,B,QB19,14,1,UVH4a,13,-0.026666666666666672,2500000.0,2.5,501,1024,0.4892578125
01a072a3-8b43-7750-ac81-2431b9de5abb,a,B,QB19,14,1,UVH4a,14,-0.013333333333333336,2500000.0,2.5,485,1024,0.4736328125
01a072a3-8b43-7750-ac81-2431b9de5abb,a,B,QB19,14,1,UVH4a,15,0.0,2500000.0,2.5,475,1024,0.4638671875
01a072a3-8b43-7750-ac81-2431b9de5abb,a,B,QB19,14,1,UVH4a,16,0.013333333333333336,2500000.0,2.5,506,1024,0.494140625
01a072a3-8b43-7750-ac81-2431b9de5abb,a,B,QB19,14,1,UVH4a,17,0.026666666666666672,2500000.0,2.5,489,1024,0.4775390625
01a072a3-8b43-7750-ac81-2431b9de5abb,a,B,QB19,14,1,UVH4a,18,0.04000000000000001,2500000.0,2.5,461,1024,0.4501953125
01a072a3-8b43-7750-ac81-2431b9de5abb,a,B,QB19,14,1,UVH4a,19,0.053333333333333344,2500000.0,2.5,475,1024,0.4638671875
01a072a3-8b43-7750-ac81-2431b9de5abb,a,B,QB19,14,1,UVH4a,20,0.06666666666666665,2500000.0,2.5,453,1024,0.4423828125
01a072a3-8b43-7750-ac81-2431b9de5abb,a,B,QB19,14,1,UVH4a,21,0.08000000000000002,2500000.0,2.5,473,1024,0.4619140625
01a072a3-8b43-7750-ac81-2431b9de5abb,a,B,QB19,14,1,UVH4a,22,0.09333333333333332,2500000.0,2.5,450,1024,0.439453125
01a072a3-8b43-7750-ac81-2431b9de5abb,a,B,QB19,14,1,UVH4a,23,0.10666666666666669,2500000.0,2.5,464,1024,0.453125
01a072a3-8b43-7750-ac81-2431b9de5abb,a,B,QB19,14,1,UVH4a,24,0.12,2500000.0,2.5,481,1024,0.4697265625
01a072a3-8b43-7750-ac81-2431b9de5abb,a,B,QB19,14,1,UVH4a,25,0.13333333333333336,2500000.0,2.5,485,1024,0.4736328125
01a072a3-8b43-7750-ac81-2431b9de5abb,a,B,QB19,14,1,UVH4a,26,0.14666666666666667,2500000.0,2.5,476,1024,0.46484375
01a072a3-8b43-7750-ac81-2431b9de5abb,a,B,QB19,14,1,UVH4a,27,0.16000000000000003,2500000.0,2.5,460,1024,0.44921875
01a072a3-8b43-7750-ac81-2431b9de5abb,a,B,QB19,14,1,UVH4a,28,0.17333333333333334,2500000.0,2.5,479,1024,0.4677734375
01a072a3-8b43-7750-ac81-2431b9de5abb,a,B,QB19,14,1,UVH4a,29,0.1866666666666667,2500000.0,2.5,458,1024,0.447265625
01a072a3-8b43-7750-ac81-2431b9de5abb,a,B,QB19,14,1,UVH4a,30,0.2,2500000.0,2.5,453,1024,0.4423828125
01a072a3-8b43-7750-ac81-2431b9de5abb,a,B,QB19,14,2,UVH5a,0,-0.2,2500000.0,2.5,549,1024,0.5361328125
01a072a3-8b43-7750-ac81-2431b9de5abb,a,B,QB19,14,2,UVH5a,1,-0.18666666666666668,2500000.0,2.5,591,1024,0.5771484375
01a072a3-8b43-7750-ac81-2431b9de5abb,a,B,QB19,14,2,UVH5a,2,-0.17333333333333334,2500000.0,2.5,519,1024,0.5068359375
01a072a3-8b43-7750-ac81-2431b9de5abb,a,B,QB19,14,2,UVH5a,3,-0.16,2500000.0,2.5,529,1024,0.5166015625
01a072a3-8b43-7750-ac81-2431b9de5abb,a,B,QB19,14,2,UVH5a,4,-0.14666666666666667,2500000.0,2.5,560,1024,0.546875
01a072a3-8b43-7750-ac81-2431b9de5abb,a,B,QB19,14,2,UVH5a,5,-0.13333333333333336,2500000.0,2.5,530,1024,0.517578125
01a072a3-8b43-7750-ac81-2431b9de5abb,a,B,QB19,14,2,UVH5a,6,-0.12000000000000001,2500000.0,2.5,523,1024,0.5107421875
01a072a3-8b43-7750-ac81-2431b9de5abb,a,B,QB19,14,2,UVH5a,7,-0.10666666666666667,2500000.0,2.5,506,1024,0.494140625
01a072a3-8b43-7750-ac81-2431b9de5abb,a,B,QB19,14,2,UVH5a,8,-0.09333333333333334,2500000.0,2.5,538,1024,0.525390625
01a072a3-8b43-7750-ac81-2431b9de5abb,a,B,QB19,14,2,UVH5a,9,-0.08,2500000.0,2.5,522,1024,0.509765625
01a072a3-8b43-7750-ac81-2431b9de5abb,a,B,QB19,14,2,UVH5a,10,-0.06666666666666668,2500000.0,2.5,517,1024,0.5048828125
01a072a3-8b43-7750-ac81-2431b9de5abb,a,B,QB19,14,2,UVH5a,11,-0.053333333333333344,2500000.0,2.5,464,1024,0.453125
01a072a3-8b43-7750-ac81-2431b9de5abb,a,B,QB19,14,2,UVH5a,12,-0.04000000000000001,2500000.0,2.5,497,1024,0.4853515625
01a072a3-8b43-7750-ac81-2431b9de5abb,a,B,QB19,14,2,UVH5a,13,-0.026666666666666672,2500000.0,2.5,507,1024,0.4951171875
01a072a3-8b43-7750-ac81-2431b9de5abb,a,B,QB19,14,2,UVH5a,14,-0.013333333333333336,2500000.0,2.5,490,1024,0.478515625
01a072a3-8b43-7750-ac81-2431b9de5abb,a,B,QB19,14,2,UVH5a,15,0.0,2500000.0,2.5,492,1024,0.48046875
01a072a3-8b43-7750-ac81-2431b9de5abb,a,B,QB19,14,2,UVH5a,16,0.013333333333333336,2500000.0,2.5,502,1024,0.490234375
01a072a3-8b43-7750-ac81-2431b9de5abb,a,B,QB19,14,2,UVH5a,17,0.026666666666666672,2500000.0,2.5,472,1024,0.4609375
01a072a3-8b43-7750-ac81-2431b9de5abb,a,B,QB19,14,2,UVH5a,18,0.04000000000000001,2500000.0,2.5,481,1024,0.4697265625
01a072a3-8b43-7750-ac81-2431b9de5abb,a,B,QB19,14,2,UVH5a,19,0.053333333333333344,2500000.0,2.5,491,1024,0.4794921875
01a072a3-8b43-7750-ac81-2431b9de5abb,a,B,QB19,14,2,UVH5a,20,0.06666666666666665,2500000.0,2.5,451,1024,0.4404296875
01a072a3-8b43-7750-ac81-2431b9de5abb,a,B,QB19,14,2,UVH5a,21,0.08000000000000002,2500000.0,2.5,471,1024,0.4599609375
01a072a3-8b43-7750-ac81-2431b9de5abb,a,B,QB19,14,2,UVH5a,22,0.09333333333333332,2500000.0,2.5,471,1024,0.4599609375
01a072a3-8b43-7750-ac81-2431b9de5abb,a,B,QB19,14,2,UVH5a,23,0.10666666666666669,2500000.0,2.5,456,1024,0.4453125
01a072a3-8b43-7750-ac81-2431b9de5abb,a,B,QB19,14,2,UVH5a,24,0.12,2500000.0,2.5,427,1024,0.4169921875
01a072a3-8b43-7750-ac81-2431b9de5abb,a,B,QB19,14,2,UVH5a,25,0.13333333333333336,2500000.0,2.5,452,1024,0.44140625
01a072a3-8b43-7750-ac81-2431b9de5abb,a,B,QB19,14,2,UVH5a,26,0.14666666666666667,2500000.0,2.5,454,1024,0.443359375
01a072a3-8b43-7750-ac81-2431b9de5abb,a,B,QB19,14,2,UVH5a,27,0.16000000000000003,2500000.0,2.5,468,1024,0.45703125
01a072a3-8b43-7750-ac81-2431b9de5abb,a,B,QB19,14,2,UVH5a,28,0.17333333333333334,2500000.0,2.5,450,1024,0.439453125
01a072a3-8b43-7750-ac81-2431b9de5abb,a,B,QB19,14,2,UVH5a,29,0.1866666666666667,2500000.0,2.5,462,1024,0.451171875
01a072a3-8b43-7750-ac81-2431b9de5abb,a,B,QB19,14,2,UVH5a,30,0.2,2500000.0,2.5,465,1024,0.4541015625
01a072a3-8b43-7750-ac81-2431b9de5abb,a,B,QB19,14,3,UVH6a,0,-0.2,2500000.0,2.5,584,1024,0.5703125
01a072a3-8b43-7750-ac81-2431b9de5abb,a,B,QB19,14,3,UVH6a,1,-0.18666666666666668,2500000.0,2.5,571,1024,0.5576171875
01a072a3-8b43-7750-ac81-2431b9de5abb,a,B,QB19,14,3,UVH6a,2,-0.17333333333333334,2500000.0,2.5,543,1024,0.5302734375
01a072a3-8b43-7750-ac81-2431b9de5abb,a,B,QB19,14,3,UVH6a,3,-0.16,2500000.0,2.5,534,1024,0.521484375
01a072a3-8b43-7750-ac81-2431b9de5abb,a,B,QB19,14,3,UVH6a,4,-0.14666666666666667,2500000.0,2.5,527,1024,0.5146484375
01a072a3-8b43-7750-ac81-2431b9de5abb,a,B,QB19,14,3,UVH6a,5,-0.13333333333333336,2500000.0,2.5,518,1024,0.505859375
01a072a3-8b43-7750-ac81-2431b9de5abb,a,B,QB19,14,3,UVH6a,6,-0.12000000000000001,2500000.0,2.5,496,1024,0.484375
01a072a3-8b43-7750-ac81-2431b9de5abb,a,B,QB19,14,3,UVH6a,7,-0.10666666666666667,2500000.0,2.5,514,1024,0.501953125
01a072a3-8b43-7750-ac81-2431b9de5abb,a,B,QB19,14,3,UVH6a,8,-0.09333333333333334,2500000.0,2.5,515,1024,0.5029296875
01a072a3-8b43-7750-ac81-2431b9de5abb,a,B,QB19,14,3,UVH6a,9,-0.08,2500000.0,2.5,520,1024,0.5078125
01a072a3-8b43-7750-ac81-2431b9de5abb,a,B,QB19,14,3,UVH6a,10,-0.06666666666666668,2500000.0,2.5,490,1024,0.478515625
01a072a3-8b43-7750-ac81-2431b9de5abb,a,B,QB19,14,3,UVH6a,11,-0.053333333333333344,2500000.0,2.5,496,1024,0.484375
01a072a3-8b43-7750-ac81-2431b9de5abb,a,B,QB19,14,3,UVH6a,12,-0.04000000000000001,2500000.0,2.5,524,1024,0.51171875
01a072a3-8b43-7750-ac81-2431b9de5abb,a,B,QB19,14,3,UVH6a,13,-0.026666666666666672,2500000.0,2.5,466,1024,0.455078125
01a072a3-8b43-7750-ac81-2431b9de5abb,a,B,QB19,14,3,UVH6a,14,-0.013333333333333336,2500000.0,2.5,472,1024,0.4609375
01a072a3-8b43-7750-ac81-2431b9de5abb,a,B,QB19,14,3,UVH6a,15,0.0,2500000.0,2.5,494,1024,0.482421875
01a072a3-8b43-7750-ac81-2431b9de5abb,a,B,QB19,14,3,UVH6a,16,0.013333333333333336,2500000.0,2.5,495,1024,0.4833984375
01a072a3-8b43-7750-ac81-2431b9de5abb,a,B,QB19,14,3,UVH6a,17,0.026666666666666672,2500000.0,2.5,477,1024,0.4658203125
01a072a3-8b43-7750-ac81-2431b9de5abb,a,B,QB19,14,3,UVH6a,18,0.04000000000000001,2500000.0,2.5,509,1024,0.4970703125
01a072a3-8b43-7750-ac81-2431b9de5abb,a,B,QB19,14,3,UVH6a,19,0.053333333333333344,2500000.0,2.5,483,1024,0.4716796875
01a072a3-8b43-7750-ac81-2431b9de5abb,a,B,QB19,14,3,UVH6a,20,0.06666666666666665,2500000.0,2.5,499,1024,0.4873046875
01a072a3-8b43-7750-ac81-2431b9de5abb,a,B,QB19,14,3,UVH6a,21,0.08000000000000002,2500000.0,2.5,500,1024,0.48828125
01a072a3-8b43-7750-ac81-2431b9de5abb,a,B,QB19,14,3,UVH6a,22,0.09333333333333332,2500000.0,2.5,506,1024,0.494140625
01a072a3-8b43-7750-ac81-2431b9de5abb,a,B,QB19,14,3,UVH6a,23,0.10666666666666669,2500000.0,2.5,497,1024,0.4853515625
01a072a3-8b43-7750-ac81-2431b9de5abb,a,B,QB19,14,3,UVH6a,24,0.12,2500000.0,2.5,492,1024,0.48046875
01a072a3-8b43-7750-ac81-2431b9de5abb,a,B,QB19,14,3,UVH6a,25,0.13333333333333336,2500000.0,2.5,505,1024,0.4931640625
01a072a3-8b43-7750-ac81-2431b9de5abb,a,B,QB19,14,3,UVH6a,26,0.14666666666666667,2500000.0,2.5,526,1024,0.513671875
01a072a3-8b43-7750-ac81-2431b9de5abb,a,B,QB19,14,3,UVH6a,27,0.16000000000000003,2500000.0,2.5,500,1024,0.48828125
01a072a3-8b43-7750-ac81-2431b9de5abb,a,B,QB19,14,3,UVH6a,28,0.17333333333333334,2500000.0,2.5,486,1024,0.474609375
01a072a3-8b43-7750-ac81-2431b9de5abb,a,B,QB19,14,3,UVH6a,29,0.1866666666666667,2500000.0,2.5,507,1024,0.4951171875
01a072a3-8b43-7750-ac81-2431b9de5abb,a,B,QB19,14,3,UVH6a,30,0.2,2500000.0,2.5,503,1024,0.4912109375
01a072a3-8b43-7750-ac81-2431b9de5abb,a,B,QB19,14,4,UVH7a,0,-0.2,2500000.0,2.5,467,1024,0.4560546875
01a072a3-8b43-7750-ac81-2431b9de5abb,a,B,QB19,14,4,UVH7a,1,-0.18666666666666668,2500000.0,2.5,495,1024,0.4833984375
01a072a3-8b43-7750-ac81-2431b9de5abb,a,B,QB19,14,4,UVH7a,2,-0.17333333333333334,2500000.0,2.5,502,1024,0.490234375
01a072a3-8b43-7750-ac81-2431b9de5abb,a,B,QB19,14,4,UVH7a,3,-0.16,2500000.0,2.5,508,1024,0.49609375
01a072a3-8b43-7750-ac81-2431b9de5abb,a,B,QB19,14,4,UVH7a,4,-0.14666666666666667,2500000.0,2.5,512,1024,0.5
01a072a3-8b43-7750-ac81-2431b9de5abb,a,B,QB19,14,4,UVH7a,5,-0.13333333333333336,2500000.0,2.5,496,1024,0.484375
01a072a3-8b43-7750-ac81-2431b9de5abb,a,B,QB19,14,4,UVH7a,6,-0.12000000000000001,2500000.0,2.5,487,1024,0.4755859375
01a072a3-8b43-7750-ac81-2431b9de5abb,a,B,QB19,14,4,UVH7a,7,-0.10666666666666667,2500000.0,2.5,505,1024,0.4931640625
01a072a3-8b43-7750-ac81-2431b9de5abb,a,B,QB19,14,4,UVH7a,8,-0.09333333333333334,2500000.0,2.5,517,1024,0.5048828125
01a072a3-8b43-7750-ac81-2431b9de5abb,a,B,QB19,14,4,UVH7a,9,-0.08,2500000.0,2.5,486,1024,0.474609375
01a072a3-8b43-7750-ac81-2431b9de5abb,a,B,QB19,14,4,UVH7a,10,-0.06666666666666668,2500000.0,2.5,505,1024,0.4931640625
01a072a3-8b43-7750-ac81-2431b9de5abb,a,B,QB19,14,4,UVH7a,11,-0.053333333333333344,2500000.0,2.5,513,1024,0.5009765625
01a072a3-8b43-7750-ac81-2431b9de5abb,a,B,QB19,14,4,UVH7a,12,-0.04000000000000001,2500000.0,2.5,527,1024,0.5146484375
01a072a3-8b43-7750-ac81-2431b9de5abb,a,B,QB19,14,4,UVH7a,13,-0.026666666666666672,2500000.0,2.5,506,1024,0.494140625
01a072a3-8b43-7750-ac81-2431b9de5abb,a,B,QB19,14,4,UVH7a,14,-0.013333333333333336,2500000.0,2.5,493,1024,0.4814453125
01a072a3-8b43-7750-ac81-2431b9de5abb,a,B,QB19,14,4,UVH7a,15,0.0,2500000.0,2.5,524,1024,0.51171875
01a072a3-8b43-7750-ac81-2431b9de5abb,a,B,QB19,14,4,UVH7a,16,0.013333333333333336,2500000.0,2.5,512,1024,0.5
01a072a3-8b43-7750-ac81-2431b9de5abb,a,B,QB19,14,4,UVH7a,17,0.026666666666666672,2500000.0,2.5,497,1024,0.4853515625
01a072a3-8b43-7750-ac81-2431b9de5abb,a,B,QB19,14,4,UVH7a,18,0.04000000000000001,2500000.0,2.5,515,1024,0.5029296875
01a072a3-8b43-7750-ac81-2431b9de5abb,a,B,QB19,14,4,UVH7a,19,0.053333333333333344,2500000.0,2.5,472,1024,0.4609375
01a072a3-8b43-7750-ac81-2431b9de5abb,a,B,QB19,14,4,UVH7a,20,0.06666666666666665,2500000.0,2.5,477,1024,0.4658203125
01a072a3-8b43-7750-ac81-2431b9de5abb,a,B,QB19,14,4,UVH7a,21,0.08000000000000002,2500000.0,2.5,482,1024,0.470703125
01a072a3-8b43-7750-ac81-2431b9de5abb,a,B,QB19,14,4,UVH7a,22,0.09333333333333332,2500000.0,2.5,472,1024,0.4609375
01a072a3-8b43-7750-ac81-2431b9de5abb,a,B,QB19,14,4,UVH7a,23,0.10666666666666669,2500000.0,2.5,505,1024,0.4931640625
01a072a3-8b43-7750-ac81-2431b9de5abb,a,B,QB19,14,4,UVH7a,24,0.12,2500000.0,2.5,512,1024,0.5
01a072a3-8b43-7750-ac81-2431b9de5abb,a,B,QB19,14,4,UVH7a,25,0.13333333333333336,2500000.0,2.5,483,1024,0.4716796875
01a072a3-8b43-7750-ac81-2431b9de5abb,a,B,QB19,14,4,UVH7a,26,0.14666666666666667,2500000.0,2.5,495,1024,0.4833984375
01a072a3-8b43-7750-ac81-2431b9de5abb,a,B,QB19,14,4,UVH7a,27,0.16000000000000003,2500000.0,2.5,482,1024,0.470703125
01a072a3-8b43-7750-ac81-2431b9de5abb,a,B,QB19,14,4,UVH7a,28,0.17333333333333334,2500000.0,2.5,517,1024,0.5048828125
01a072a3-8b43-7750-ac81-2431b9de5abb,a,B,QB19,14,4,UVH7a,29,0.1866666666666667,2500000.0,2.5,479,1024,0.4677734375
01a072a3-8b43-7750-ac81-2431b9de5abb,a,B,QB19,14,4,UVH7a,30,0.2,2500000.0,2.5,490,1024,0.478515625
01a072a3-8b43-7750-ac81-2431b9de5abb,a,B,QB19,14,5,UVH8a,0,-0.2,2500000.0,2.5,511,1024,0.4990234375
01a072a3-8b43-7750-ac81-2431b9de5abb,a,B,QB19,14,5,UVH8a,1,-0.18666666666666668,2500000.0,2.5,526,1024,0.513671875
01a072a3-8b43-7750-ac81-2431b9de5abb,a,B,QB19,14,5,UVH8a,2,-0.17333333333333334,2500000.0,2.5,518,1024,0.505859375
01a072a3-8b43-7750-ac81-2431b9de5abb,a,B,QB19,14,5,UVH8a,3,-0.16,2500000.0,2.5,498,1024,0.486328125
01a072a3-8b43-7750-ac81-2431b9de5abb,a,B,QB19,14,5,UVH8a,4,-0.14666666666666667,2500000.0,2.5,516,1024,0.50390625
01a072a3-8b43-7750-ac81-2431b9de5abb,a,B,QB19,14,5,UVH8a,5,-0.13333333333333336,2500000.0,2.5,482,1024,0.470703125
01a072a3-8b43-7750-ac81-2431b9de5abb,a,B,QB19,14,5,UVH8a,6,-0.12000000000000001,2500000.0,2.5,497,1024,0.4853515625
01a072a3-8b43-7750-ac81-2431b9de5abb,a,B,QB19,14,5,UVH8a,7,-0.10666666666666667,2500000.0,2.5,513,1024,0.5009765625
01a072a3-8b43-7750-ac81-2431b9de5abb,a,B,QB19,14,5,UVH8a,8,-0.09333333333333334,2500000.0,2.5,502,1024,0.490234375
01a072a3-8b43-7750-ac81-2431b9de5abb,a,B,QB19,14,5,UVH8a,9,-0.08,2500000.0,2.5,504,1024,0.4921875
01a072a3-8b43-7750-ac81-2431b9de5abb,a,B,QB19,14,5,UVH8a,10,-0.06666666666666668,2500000.0,2.5,502,1024,0.490234375
01a072a3-8b43-7750-ac81-2431b9de5abb,a,B,QB19,14,5,UVH8a,11,-0.053333333333333344,2500000.0,2.5,503,1024,0.4912109375
01a072a3-8b43-7750-ac81-2431b9de5abb,a,B,QB19,14,5,UVH8a,12,-0.04000000000000001,2500000.0,2.5,507,1024,0.4951171875
01a072a3-8b43-7750-ac81-2431b9de5abb,a,B,QB19,14,5,UVH8a,13,-0.026666666666666672,2500000.0,2.5,515,1024,0.5029296875
01a072a3-8b43-7750-ac81-2431b9de5abb,a,B,QB19,14,5,UVH8a,14,-0.013333333333333336,2500000.0,2.5,499,1024,0.4873046875
01a072a3-8b43-7750-ac81-2431b9de5abb,a,B,QB19,14,5,UVH8a,15,0.0,2500000.0,2.5,507,1024,0.4951171875
01a072a3-8b43-7750-ac81-2431b9de5abb,a,B,QB19,14,5,UVH8a,16,0.013333333333333336,2500000.0,2.5,491,1024,0.4794921875
01a072a3-8b43-7750-ac81-2431b9de5abb,a,B,QB19,14,5,UVH8a,17,0.026666666666666672,2500000.0,2.5,469,1024,0.4580078125
01a072a3-8b43-7750-ac81-2431b9de5abb,a,B,QB19,14,5,UVH8a,18,0.04000000000000001,2500000.0,2.5,490,1024,0.478515625
01a072a3-8b43-7750-ac81-2431b9de5abb,a,B,QB19,14,5,UVH8a,19,0.053333333333333344,2500000.0,2.5,502,1024,0.490234375
01a072a3-8b43-7750-ac81-2431b9de5abb,a,B,QB19,14,5,UVH8a,20,0.06666666666666665,2500000.0,2.5,498,1024,0.486328125
01a072a3-8b43-7750-ac81-2431b9de5abb,a,B,QB19,14,5,UVH8a,21,0.08000000000000002,2500000.0,2.5,486,1024,0.474609375
01a072a3-8b43-7750-ac81-2431b9de5abb,a,B,QB19,14,5,UVH8a,22,0.09333333333333332,2500000.0,2.5,510,1024,0.498046875
01a072a3-8b43-7750-ac81-2431b9de5abb,a,B,QB19,14,5,UVH8a,23,0.10666666666666669,2500000.0,2.5,482,1024,0.470703125
01a072a3-8b43-7750-ac81-2431b9de5abb,a,B,QB19,14,5,UVH8a,24,0.12,2500000.0,2.5,490,1024,0.478515625
01a072a3-8b43-7750-ac81-2431b9de5abb,a,B,QB19,14,5,UVH8a,25,0.13333333333333336,2500000.0,2.5,503,1024,0.4912109375
01a072a3-8b43-7750-ac81-2431b9de5abb,a,B,QB19,14,5,UVH8a,26,0.14666666666666667,2500000.0,2.5,496,1024,0.484375
01a072a3-8b43-7750-ac81-2431b9de5abb,a,B,QB19,14,5,UVH8a,27,0.16000000000000003,2500000.0,2.5,500,1024,0.48828125
01a072a3-8b43-7750-ac81-2431b9de5abb,a,B,QB19,14,5,UVH8a,28,0.17333333333333334,2500000.0,2.5,466,1024,0.455078125
01a072a3-8b43-7750-ac81-2431b9de5abb,a,B,QB19,14,5,UVH8a,29,0.1866666666666667,2500000.0,2.5,498,1024,0.486328125
01a072a3-8b43-7750-ac81-2431b9de5abb,a,B,QB19,14,5,UVH8a,30,0.2,2500000.0,2.5,507,1024,0.4951171875
01a072a3-8b43-7750-ac81-2431b9de5abb,a,B,QB2,15,0,standard_pi_2,0,-0.2,2500000.0,2.5,319,1024,0.3115234375
01a072a3-8b43-7750-ac81-2431b9de5abb,a,B,QB2,15,0,standard_pi_2,1,-0.18666666666666668,2500000.0,2.5,377,1024,0.3681640625
01a072a3-8b43-7750-ac81-2431b9de5abb,a,B,QB2,15,0,standard_pi_2,2,-0.17333333333333334,2500000.0,2.5,361,1024,0.3525390625
01a072a3-8b43-7750-ac81-2431b9de5abb,a,B,QB2,15,0,standard_pi_2,3,-0.16,2500000.0,2.5,357,1024,0.3486328125
01a072a3-8b43-7750-ac81-2431b9de5abb,a,B,QB2,15,0,standard_pi_2,4,-0.14666666666666667,2500000.0,2.5,388,1024,0.37890625
01a072a3-8b43-7750-ac81-2431b9de5abb,a,B,QB2,15,0,standard_pi_2,5,-0.13333333333333336,2500000.0,2.5,406,1024,0.396484375
01a072a3-8b43-7750-ac81-2431b9de5abb,a,B,QB2,15,0,standard_pi_2,6,-0.12000000000000001,2500000.0,2.5,376,1024,0.3671875
01a072a3-8b43-7750-ac81-2431b9de5abb,a,B,QB2,15,0,standard_pi_2,7,-0.10666666666666667,2500000.0,2.5,415,1024,0.4052734375
01a072a3-8b43-7750-ac81-2431b9de5abb,a,B,QB2,15,0,standard_pi_2,8,-0.09333333333333334,2500000.0,2.5,414,1024,0.404296875
01a072a3-8b43-7750-ac81-2431b9de5abb,a,B,QB2,15,0,standard_pi_2,9,-0.08,2500000.0,2.5,421,1024,0.4111328125
01a072a3-8b43-7750-ac81-2431b9de5abb,a,B,QB2,15,0,standard_pi_2,10,-0.06666666666666668,2500000.0,2.5,427,1024,0.4169921875
01a072a3-8b43-7750-ac81-2431b9de5abb,a,B,QB2,15,0,standard_pi_2,11,-0.053333333333333344,2500000.0,2.5,463,1024,0.4521484375
01a072a3-8b43-7750-ac81-2431b9de5abb,a,B,QB2,15,0,standard_pi_2,12,-0.04000000000000001,2500000.0,2.5,477,1024,0.4658203125
01a072a3-8b43-7750-ac81-2431b9de5abb,a,B,QB2,15,0,standard_pi_2,13,-0.026666666666666672,2500000.0,2.5,479,1024,0.4677734375
01a072a3-8b43-7750-ac81-2431b9de5abb,a,B,QB2,15,0,standard_pi_2,14,-0.013333333333333336,2500000.0,2.5,476,1024,0.46484375
01a072a3-8b43-7750-ac81-2431b9de5abb,a,B,QB2,15,0,standard_pi_2,15,0.0,2500000.0,2.5,487,1024,0.4755859375
01a072a3-8b43-7750-ac81-2431b9de5abb,a,B,QB2,15,0,standard_pi_2,16,0.013333333333333336,2500000.0,2.5,526,1024,0.513671875
01a072a3-8b43-7750-ac81-2431b9de5abb,a,B,QB2,15,0,standard_pi_2,17,0.026666666666666672,2500000.0,2.5,502,1024,0.490234375
01a072a3-8b43-7750-ac81-2431b9de5abb,a,B,QB2,15,0,standard_pi_2,18,0.04000000000000001,2500000.0,2.5,518,1024,0.505859375
01a072a3-8b43-7750-ac81-2431b9de5abb,a,B,QB2,15,0,standard_pi_2,19,0.053333333333333344,2500000.0,2.5,535,1024,0.5224609375
01a072a3-8b43-7750-ac81-2431b9de5abb,a,B,QB2,15,0,standard_pi_2,20,0.06666666666666665,2500000.0,2.5,570,1024,0.556640625
01a072a3-8b43-7750-ac81-2431b9de5abb,a,B,QB2,15,0,standard_pi_2,21,0.08000000000000002,2500000.0,2.5,559,1024,0.5458984375
01a072a3-8b43-7750-ac81-2431b9de5abb,a,B,QB2,15,0,standard_pi_2,22,0.09333333333333332,2500000.0,2.5,552,1024,0.5390625
01a072a3-8b43-7750-ac81-2431b9de5abb,a,B,QB2,15,0,standard_pi_2,23,0.10666666666666669,2500000.0,2.5,556,1024,0.54296875
01a072a3-8b43-7750-ac81-2431b9de5abb,a,B,QB2,15,0,standard_pi_2,24,0.12,2500000.0,2.5,580,1024,0.56640625
01a072a3-8b43-7750-ac81-2431b9de5abb,a,B,QB2,15,0,standard_pi_2,25,0.13333333333333336,2500000.0,2.5,590,1024,0.576171875
01a072a3-8b43-7750-ac81-2431b9de5abb,a,B,QB2,15,0,standard_pi_2,26,0.14666666666666667,2500000.0,2.5,586,1024,0.572265625
01a072a3-8b43-7750-ac81-2431b9de5abb,a,B,QB2,15,0,standard_pi_2,27,0.16000000000000003,2500000.0,2.5,627,1024,0.6123046875
01a072a3-8b43-7750-ac81-2431b9de5abb,a,B,QB2,15,0,standard_pi_2,28,0.17333333333333334,2500000.0,2.5,610,1024,0.595703125
01a072a3-8b43-7750-ac81-2431b9de5abb,a,B,QB2,15,0,standard_pi_2,29,0.1866666666666667,2500000.0,2.5,629,1024,0.6142578125
01a072a3-8b43-7750-ac81-2431b9de5abb,a,B,QB2,15,0,standard_pi_2,30,0.2,2500000.0,2.5,617,1024,0.6025390625
01a072a3-8b43-7750-ac81-2431b9de5abb,a,B,QB2,15,1,UVH4a,0,-0.2,2500000.0,2.5,418,1024,0.408203125
01a072a3-8b43-7750-ac81-2431b9de5abb,a,B,QB2,15,1,UVH4a,1,-0.18666666666666668,2500000.0,2.5,450,1024,0.439453125
01a072a3-8b43-7750-ac81-2431b9de5abb,a,B,QB2,15,1,UVH4a,2,-0.17333333333333334,2500000.0,2.5,460,1024,0.44921875
01a072a3-8b43-7750-ac81-2431b9de5abb,a,B,QB2,15,1,UVH4a,3,-0.16,2500000.0,2.5,500,1024,0.48828125
01a072a3-8b43-7750-ac81-2431b9de5abb,a,B,QB2,15,1,UVH4a,4,-0.14666666666666667,2500000.0,2.5,448,1024,0.4375
01a072a3-8b43-7750-ac81-2431b9de5abb,a,B,QB2,15,1,UVH4a,5,-0.13333333333333336,2500000.0,2.5,476,1024,0.46484375
01a072a3-8b43-7750-ac81-2431b9de5abb,a,B,QB2,15,1,UVH4a,6,-0.12000000000000001,2500000.0,2.5,483,1024,0.4716796875
01a072a3-8b43-7750-ac81-2431b9de5abb,a,B,QB2,15,1,UVH4a,7,-0.10666666666666667,2500000.0,2.5,475,1024,0.4638671875
01a072a3-8b43-7750-ac81-2431b9de5abb,a,B,QB2,15,1,UVH4a,8,-0.09333333333333334,2500000.0,2.5,479,1024,0.4677734375
01a072a3-8b43-7750-ac81-2431b9de5abb,a,B,QB2,15,1,UVH4a,9,-0.08,2500000.0,2.5,507,1024,0.4951171875
01a072a3-8b43-7750-ac81-2431b9de5abb,a,B,QB2,15,1,UVH4a,10,-0.06666666666666668,2500000.0,2.5,493,1024,0.4814453125
01a072a3-8b43-7750-ac81-2431b9de5abb,a,B,QB2,15,1,UVH4a,11,-0.053333333333333344,2500000.0,2.5,488,1024,0.4765625
01a072a3-8b43-7750-ac81-2431b9de5abb,a,B,QB2,15,1,UVH4a,12,-0.04000000000000001,2500000.0,2.5,485,1024,0.4736328125
01a072a3-8b43-7750-ac81-2431b9de5abb,a,B,QB2,15,1,UVH4a,13,-0.026666666666666672,2500000.0,2.5,459,1024,0.4482421875
01a072a3-8b43-7750-ac81-2431b9de5abb,a,B,QB2,15,1,UVH4a,14,-0.013333333333333336,2500000.0,2.5,458,1024,0.447265625
01a072a3-8b43-7750-ac81-2431b9de5abb,a,B,QB2,15,1,UVH4a,15,0.0,2500000.0,2.5,472,1024,0.4609375
01a072a3-8b43-7750-ac81-2431b9de5abb,a,B,QB2,15,1,UVH4a,16,0.013333333333333336,2500000.0,2.5,484,1024,0.47265625
01a072a3-8b43-7750-ac81-2431b9de5abb,a,B,QB2,15,1,UVH4a,17,0.026666666666666672,2500000.0,2.5,484,1024,0.47265625
01a072a3-8b43-7750-ac81-2431b9de5abb,a,B,QB2,15,1,UVH4a,18,0.04000000000000001,2500000.0,2.5,479,1024,0.4677734375
01a072a3-8b43-7750-ac81-2431b9de5abb,a,B,QB2,15,1,UVH4a,19,0.053333333333333344,2500000.0,2.5,471,1024,0.4599609375
01a072a3-8b43-7750-ac81-2431b9de5abb,a,B,QB2,15,1,UVH4a,20,0.06666666666666665,2500000.0,2.5,487,1024,0.4755859375
01a072a3-8b43-7750-ac81-2431b9de5abb,a,B,QB2,15,1,UVH4a,21,0.08000000000000002,2500000.0,2.5,484,1024,0.47265625
01a072a3-8b43-7750-ac81-2431b9de5abb,a,B,QB2,15,1,UVH4a,22,0.09333333333333332,2500000.0,2.5,491,1024,0.4794921875
01a072a3-8b43-7750-ac81-2431b9de5abb,a,B,QB2,15,1,UVH4a,23,0.10666666666666669,2500000.0,2.5,464,1024,0.453125
01a072a3-8b43-7750-ac81-2431b9de5abb,a,B,QB2,15,1,UVH4a,24,0.12,2500000.0,2.5,456,1024,0.4453125
01a072a3-8b43-7750-ac81-2431b9de5abb,a,B,QB2,15,1,UVH4a,25,0.13333333333333336,2500000.0,2.5,470,1024,0.458984375
01a072a3-8b43-7750-ac81-2431b9de5abb,a,B,QB2,15,1,UVH4a,26,0.14666666666666667,2500000.0,2.5,468,1024,0.45703125
01a072a3-8b43-7750-ac81-2431b9de5abb,a,B,QB2,15,1,UVH4a,27,0.16000000000000003,2500000.0,2.5,471,1024,0.4599609375
01a072a3-8b43-7750-ac81-2431b9de5abb,a,B,QB2,15,1,UVH4a,28,0.17333333333333334,2500000.0,2.5,462,1024,0.451171875
01a072a3-8b43-7750-ac81-2431b9de5abb,a,B,QB2,15,1,UVH4a,29,0.1866666666666667,2500000.0,2.5,438,1024,0.427734375
01a072a3-8b43-7750-ac81-2431b9de5abb,a,B,QB2,15,1,UVH4a,30,0.2,2500000.0,2.5,482,1024,0.470703125
01a072a3-8b43-7750-ac81-2431b9de5abb,a,B,QB2,15,2,UVH5a,0,-0.2,2500000.0,2.5,562,1024,0.548828125
01a072a3-8b43-7750-ac81-2431b9de5abb,a,B,QB2,15,2,UVH5a,1,-0.18666666666666668,2500000.0,2.5,520,1024,0.5078125
01a072a3-8b43-7750-ac81-2431b9de5abb,a,B,QB2,15,2,UVH5a,2,-0.17333333333333334,2500000.0,2.5,553,1024,0.5400390625
01a072a3-8b43-7750-ac81-2431b9de5abb,a,B,QB2,15,2,UVH5a,3,-0.16,2500000.0,2.5,539,1024,0.5263671875
01a072a3-8b43-7750-ac81-2431b9de5abb,a,B,QB2,15,2,UVH5a,4,-0.14666666666666667,2500000.0,2.5,507,1024,0.4951171875
01a072a3-8b43-7750-ac81-2431b9de5abb,a,B,QB2,15,2,UVH5a,5,-0.13333333333333336,2500000.0,2.5,550,1024,0.537109375
01a072a3-8b43-7750-ac81-2431b9de5abb,a,B,QB2,15,2,UVH5a,6,-0.12000000000000001,2500000.0,2.5,534,1024,0.521484375
01a072a3-8b43-7750-ac81-2431b9de5abb,a,B,QB2,15,2,UVH5a,7,-0.10666666666666667,2500000.0,2.5,548,1024,0.53515625
01a072a3-8b43-7750-ac81-2431b9de5abb,a,B,QB2,15,2,UVH5a,8,-0.09333333333333334,2500000.0,2.5,506,1024,0.494140625
01a072a3-8b43-7750-ac81-2431b9de5abb,a,B,QB2,15,2,UVH5a,9,-0.08,2500000.0,2.5,487,1024,0.4755859375
01a072a3-8b43-7750-ac81-2431b9de5abb,a,B,QB2,15,2,UVH5a,10,-0.06666666666666668,2500000.0,2.5,521,1024,0.5087890625
01a072a3-8b43-7750-ac81-2431b9de5abb,a,B,QB2,15,2,UVH5a,11,-0.053333333333333344,2500000.0,2.5,533,1024,0.5205078125
01a072a3-8b43-7750-ac81-2431b9de5abb,a,B,QB2,15,2,UVH5a,12,-0.04000000000000001,2500000.0,2.5,512,1024,0.5
01a072a3-8b43-7750-ac81-2431b9de5abb,a,B,QB2,15,2,UVH5a,13,-0.026666666666666672,2500000.0,2.5,516,1024,0.50390625
01a072a3-8b43-7750-ac81-2431b9de5abb,a,B,QB2,15,2,UVH5a,14,-0.013333333333333336,2500000.0,2.5,492,1024,0.48046875
01a072a3-8b43-7750-ac81-2431b9de5abb,a,B,QB2,15,2,UVH5a,15,0.0,2500000.0,2.5,512,1024,0.5
01a072a3-8b43-7750-ac81-2431b9de5abb,a,B,QB2,15,2,UVH5a,16,0.013333333333333336,2500000.0,2.5,485,1024,0.4736328125
01a072a3-8b43-7750-ac81-2431b9de5abb,a,B,QB2,15,2,UVH5a,17,0.026666666666666672,2500000.0,2.5,466,1024,0.455078125
01a072a3-8b43-7750-ac81-2431b9de5abb,a,B,QB2,15,2,UVH5a,18,0.04000000000000001,2500000.0,2.5,496,1024,0.484375
01a072a3-8b43-7750-ac81-2431b9de5abb,a,B,QB2,15,2,UVH5a,19,0.053333333333333344,2500000.0,2.5,515,1024,0.5029296875
01a072a3-8b43-7750-ac81-2431b9de5abb,a,B,QB2,15,2,UVH5a,20,0.06666666666666665,2500000.0,2.5,479,1024,0.4677734375
01a072a3-8b43-7750-ac81-2431b9de5abb,a,B,QB2,15,2,UVH5a,21,0.08000000000000002,2500000.0,2.5,521,1024,0.5087890625
01a072a3-8b43-7750-ac81-2431b9de5abb,a,B,QB2,15,2,UVH5a,22,0.09333333333333332,2500000.0,2.5,480,1024,0.46875
01a072a3-8b43-7750-ac81-2431b9de5abb,a,B,QB2,15,2,UVH5a,23,0.10666666666666669,2500000.0,2.5,464,1024,0.453125
01a072a3-8b43-7750-ac81-2431b9de5abb,a,B,QB2,15,2,UVH5a,24,0.12,2500000.0,2.5,488,1024,0.4765625
01a072a3-8b43-7750-ac81-2431b9de5abb,a,B,QB2,15,2,UVH5a,25,0.13333333333333336,2500000.0,2.5,475,1024,0.4638671875
01a072a3-8b43-7750-ac81-2431b9de5abb,a,B,QB2,15,2,UVH5a,26,0.14666666666666667,2500000.0,2.5,496,1024,0.484375
01a072a3-8b43-7750-ac81-2431b9de5abb,a,B,QB2,15,2,UVH5a,27,0.16000000000000003,2500000.0,2.5,475,1024,0.4638671875
01a072a3-8b43-7750-ac81-2431b9de5abb,a,B,QB2,15,2,UVH5a,28,0.17333333333333334,2500000.0,2.5,482,1024,0.470703125
01a072a3-8b43-7750-ac81-2431b9de5abb,a,B,QB2,15,2,UVH5a,29,0.1866666666666667,2500000.0,2.5,476,1024,0.46484375
01a072a3-8b43-7750-ac81-2431b9de5abb,a,B,QB2,15,2,UVH5a,30,0.2,2500000.0,2.5,482,1024,0.470703125
01a072a3-8b43-7750-ac81-2431b9de5abb,a,B,QB2,15,3,UVH6a,0,-0.2,2500000.0,2.5,566,1024,0.552734375
01a072a3-8b43-7750-ac81-2431b9de5abb,a,B,QB2,15,3,UVH6a,1,-0.18666666666666668,2500000.0,2.5,518,1024,0.505859375
01a072a3-8b43-7750-ac81-2431b9de5abb,a,B,QB2,15,3,UVH6a,2,-0.17333333333333334,2500000.0,2.5,551,1024,0.5380859375
01a072a3-8b43-7750-ac81-2431b9de5abb,a,B,QB2,15,3,UVH6a,3,-0.16,2500000.0,2.5,502,1024,0.490234375
01a072a3-8b43-7750-ac81-2431b9de5abb,a,B,QB2,15,3,UVH6a,4,-0.14666666666666667,2500000.0,2.5,529,1024,0.5166015625
01a072a3-8b43-7750-ac81-2431b9de5abb,a,B,QB2,15,3,UVH6a,5,-0.13333333333333336,2500000.0,2.5,480,1024,0.46875
01a072a3-8b43-7750-ac81-2431b9de5abb,a,B,QB2,15,3,UVH6a,6,-0.12000000000000001,2500000.0,2.5,499,1024,0.4873046875
01a072a3-8b43-7750-ac81-2431b9de5abb,a,B,QB2,15,3,UVH6a,7,-0.10666666666666667,2500000.0,2.5,504,1024,0.4921875
01a072a3-8b43-7750-ac81-2431b9de5abb,a,B,QB2,15,3,UVH6a,8,-0.09333333333333334,2500000.0,2.5,490,1024,0.478515625
01a072a3-8b43-7750-ac81-2431b9de5abb,a,B,QB2,15,3,UVH6a,9,-0.08,2500000.0,2.5,483,1024,0.4716796875
01a072a3-8b43-7750-ac81-2431b9de5abb,a,B,QB2,15,3,UVH6a,10,-0.06666666666666668,2500000.0,2.5,483,1024,0.4716796875
01a072a3-8b43-7750-ac81-2431b9de5abb,a,B,QB2,15,3,UVH6a,11,-0.053333333333333344,2500000.0,2.5,478,1024,0.466796875
01a072a3-8b43-7750-ac81-2431b9de5abb,a,B,QB2,15,3,UVH6a,12,-0.04000000000000001,2500000.0,2.5,479,1024,0.4677734375
01a072a3-8b43-7750-ac81-2431b9de5abb,a,B,QB2,15,3,UVH6a,13,-0.026666666666666672,2500000.0,2.5,504,1024,0.4921875
01a072a3-8b43-7750-ac81-2431b9de5abb,a,B,QB2,15,3,UVH6a,14,-0.013333333333333336,2500000.0,2.5,481,1024,0.4697265625
01a072a3-8b43-7750-ac81-2431b9de5abb,a,B,QB2,15,3,UVH6a,15,0.0,2500000.0,2.5,505,1024,0.4931640625
01a072a3-8b43-7750-ac81-2431b9de5abb,a,B,QB2,15,3,UVH6a,16,0.013333333333333336,2500000.0,2.5,481,1024,0.4697265625
01a072a3-8b43-7750-ac81-2431b9de5abb,a,B,QB2,15,3,UVH6a,17,0.026666666666666672,2500000.0,2.5,493,1024,0.4814453125
01a072a3-8b43-7750-ac81-2431b9de5abb,a,B,QB2,15,3,UVH6a,18,0.04000000000000001,2500000.0,2.5,504,1024,0.4921875
01a072a3-8b43-7750-ac81-2431b9de5abb,a,B,QB2,15,3,UVH6a,19,0.053333333333333344,2500000.0,2.5,481,1024,0.4697265625
01a072a3-8b43-7750-ac81-2431b9de5abb,a,B,QB2,15,3,UVH6a,20,0.06666666666666665,2500000.0,2.5,493,1024,0.4814453125
01a072a3-8b43-7750-ac81-2431b9de5abb,a,B,QB2,15,3,UVH6a,21,0.08000000000000002,2500000.0,2.5,511,1024,0.4990234375
01a072a3-8b43-7750-ac81-2431b9de5abb,a,B,QB2,15,3,UVH6a,22,0.09333333333333332,2500000.0,2.5,484,1024,0.47265625
01a072a3-8b43-7750-ac81-2431b9de5abb,a,B,QB2,15,3,UVH6a,23,0.10666666666666669,2500000.0,2.5,503,1024,0.4912109375
01a072a3-8b43-7750-ac81-2431b9de5abb,a,B,QB2,15,3,UVH6a,24,0.12,2500000.0,2.5,496,1024,0.484375
01a072a3-8b43-7750-ac81-2431b9de5abb,a,B,QB2,15,3,UVH6a,25,0.13333333333333336,2500000.0,2.5,473,1024,0.4619140625
01a072a3-8b43-7750-ac81-2431b9de5abb,a,B,QB2,15,3,UVH6a,26,0.14666666666666667,2500000.0,2.5,546,1024,0.533203125
01a072a3-8b43-7750-ac81-2431b9de5abb,a,B,QB2,15,3,UVH6a,27,0.16000000000000003,2500000.0,2.5,528,1024,0.515625
01a072a3-8b43-7750-ac81-2431b9de5abb,a,B,QB2,15,3,UVH6a,28,0.17333333333333334,2500000.0,2.5,517,1024,0.5048828125
01a072a3-8b43-7750-ac81-2431b9de5abb,a,B,QB2,15,3,UVH6a,29,0.1866666666666667,2500000.0,2.5,522,1024,0.509765625
01a072a3-8b43-7750-ac81-2431b9de5abb,a,B,QB2,15,3,UVH6a,30,0.2,2500000.0,2.5,490,1024,0.478515625
01a072a3-8b43-7750-ac81-2431b9de5abb,a,B,QB2,15,4,UVH7a,0,-0.2,2500000.0,2.5,504,1024,0.4921875
01a072a3-8b43-7750-ac81-2431b9de5abb,a,B,QB2,15,4,UVH7a,1,-0.18666666666666668,2500000.0,2.5,508,1024,0.49609375
01a072a3-8b43-7750-ac81-2431b9de5abb,a,B,QB2,15,4,UVH7a,2,-0.17333333333333334,2500000.0,2.5,479,1024,0.4677734375
01a072a3-8b43-7750-ac81-2431b9de5abb,a,B,QB2,15,4,UVH7a,3,-0.16,2500000.0,2.5,499,1024,0.4873046875
01a072a3-8b43-7750-ac81-2431b9de5abb,a,B,QB2,15,4,UVH7a,4,-0.14666666666666667,2500000.0,2.5,523,1024,0.5107421875
01a072a3-8b43-7750-ac81-2431b9de5abb,a,B,QB2,15,4,UVH7a,5,-0.13333333333333336,2500000.0,2.5,504,1024,0.4921875
01a072a3-8b43-7750-ac81-2431b9de5abb,a,B,QB2,15,4,UVH7a,6,-0.12000000000000001,2500000.0,2.5,487,1024,0.4755859375
01a072a3-8b43-7750-ac81-2431b9de5abb,a,B,QB2,15,4,UVH7a,7,-0.10666666666666667,2500000.0,2.5,513,1024,0.5009765625
01a072a3-8b43-7750-ac81-2431b9de5abb,a,B,QB2,15,4,UVH7a,8,-0.09333333333333334,2500000.0,2.5,476,1024,0.46484375
01a072a3-8b43-7750-ac81-2431b9de5abb,a,B,QB2,15,4,UVH7a,9,-0.08,2500000.0,2.5,528,1024,0.515625
01a072a3-8b43-7750-ac81-2431b9de5abb,a,B,QB2,15,4,UVH7a,10,-0.06666666666666668,2500000.0,2.5,527,1024,0.5146484375
01a072a3-8b43-7750-ac81-2431b9de5abb,a,B,QB2,15,4,UVH7a,11,-0.053333333333333344,2500000.0,2.5,515,1024,0.5029296875
01a072a3-8b43-7750-ac81-2431b9de5abb,a,B,QB2,15,4,UVH7a,12,-0.04000000000000001,2500000.0,2.5,526,1024,0.513671875
01a072a3-8b43-7750-ac81-2431b9de5abb,a,B,QB2,15,4,UVH7a,13,-0.026666666666666672,2500000.0,2.5,499,1024,0.4873046875
01a072a3-8b43-7750-ac81-2431b9de5abb,a,B,QB2,15,4,UVH7a,14,-0.013333333333333336,2500000.0,2.5,538,1024,0.525390625
01a072a3-8b43-7750-ac81-2431b9de5abb,a,B,QB2,15,4,UVH7a,15,0.0,2500000.0,2.5,514,1024,0.501953125
01a072a3-8b43-7750-ac81-2431b9de5abb,a,B,QB2,15,4,UVH7a,16,0.013333333333333336,2500000.0,2.5,515,1024,0.5029296875
01a072a3-8b43-7750-ac81-2431b9de5abb,a,B,QB2,15,4,UVH7a,17,0.026666666666666672,2500000.0,2.5,496,1024,0.484375
01a072a3-8b43-7750-ac81-2431b9de5abb,a,B,QB2,15,4,UVH7a,18,0.04000000000000001,2500000.0,2.5,514,1024,0.501953125
01a072a3-8b43-7750-ac81-2431b9de5abb,a,B,QB2,15,4,UVH7a,19,0.053333333333333344,2500000.0,2.5,519,1024,0.5068359375
01a072a3-8b43-7750-ac81-2431b9de5abb,a,B,QB2,15,4,UVH7a,20,0.06666666666666665,2500000.0,2.5,510,1024,0.498046875
01a072a3-8b43-7750-ac81-2431b9de5abb,a,B,QB2,15,4,UVH7a,21,0.08000000000000002,2500000.0,2.5,534,1024,0.521484375
01a072a3-8b43-7750-ac81-2431b9de5abb,a,B,QB2,15,4,UVH7a,22,0.09333333333333332,2500000.0,2.5,512,1024,0.5
01a072a3-8b43-7750-ac81-2431b9de5abb,a,B,QB2,15,4,UVH7a,23,0.10666666666666669,2500000.0,2.5,539,1024,0.5263671875
01a072a3-8b43-7750-ac81-2431b9de5abb,a,B,QB2,15,4,UVH7a,24,0.12,2500000.0,2.5,489,1024,0.4775390625
01a072a3-8b43-7750-ac81-2431b9de5abb,a,B,QB2,15,4,UVH7a,25,0.13333333333333336,2500000.0,2.5,529,1024,0.5166015625
01a072a3-8b43-7750-ac81-2431b9de5abb,a,B,QB2,15,4,UVH7a,26,0.14666666666666667,2500000.0,2.5,524,1024,0.51171875
01a072a3-8b43-7750-ac81-2431b9de5abb,a,B,QB2,15,4,UVH7a,27,0.16000000000000003,2500000.0,2.5,485,1024,0.4736328125
01a072a3-8b43-7750-ac81-2431b9de5abb,a,B,QB2,15,4,UVH7a,28,0.17333333333333334,2500000.0,2.5,541,1024,0.5283203125
01a072a3-8b43-7750-ac81-2431b9de5abb,a,B,QB2,15,4,UVH7a,29,0.1866666666666667,2500000.0,2.5,539,1024,0.5263671875
01a072a3-8b43-7750-ac81-2431b9de5abb,a,B,QB2,15,4,UVH7a,30,0.2,2500000.0,2.5,528,1024,0.515625
01a072a3-8b43-7750-ac81-2431b9de5abb,a,B,QB2,15,5,UVH8a,0,-0.2,2500000.0,2.5,501,1024,0.4892578125
01a072a3-8b43-7750-ac81-2431b9de5abb,a,B,QB2,15,5,UVH8a,1,-0.18666666666666668,2500000.0,2.5,491,1024,0.4794921875
01a072a3-8b43-7750-ac81-2431b9de5abb,a,B,QB2,15,5,UVH8a,2,-0.17333333333333334,2500000.0,2.5,498,1024,0.486328125
01a072a3-8b43-7750-ac81-2431b9de5abb,a,B,QB2,15,5,UVH8a,3,-0.16,2500000.0,2.5,488,1024,0.4765625
01a072a3-8b43-7750-ac81-2431b9de5abb,a,B,QB2,15,5,UVH8a,4,-0.14666666666666667,2500000.0,2.5,484,1024,0.47265625
01a072a3-8b43-7750-ac81-2431b9de5abb,a,B,QB2,15,5,UVH8a,5,-0.13333333333333336,2500000.0,2.5,562,1024,0.548828125
01a072a3-8b43-7750-ac81-2431b9de5abb,a,B,QB2,15,5,UVH8a,6,-0.12000000000000001,2500000.0,2.5,493,1024,0.4814453125
01a072a3-8b43-7750-ac81-2431b9de5abb,a,B,QB2,15,5,UVH8a,7,-0.10666666666666667,2500000.0,2.5,485,1024,0.4736328125
01a072a3-8b43-7750-ac81-2431b9de5abb,a,B,QB2,15,5,UVH8a,8,-0.09333333333333334,2500000.0,2.5,500,1024,0.48828125
01a072a3-8b43-7750-ac81-2431b9de5abb,a,B,QB2,15,5,UVH8a,9,-0.08,2500000.0,2.5,491,1024,0.4794921875
01a072a3-8b43-7750-ac81-2431b9de5abb,a,B,QB2,15,5,UVH8a,10,-0.06666666666666668,2500000.0,2.5,476,1024,0.46484375
01a072a3-8b43-7750-ac81-2431b9de5abb,a,B,QB2,15,5,UVH8a,11,-0.053333333333333344,2500000.0,2.5,497,1024,0.4853515625
01a072a3-8b43-7750-ac81-2431b9de5abb,a,B,QB2,15,5,UVH8a,12,-0.04000000000000001,2500000.0,2.5,479,1024,0.4677734375
01a072a3-8b43-7750-ac81-2431b9de5abb,a,B,QB2,15,5,UVH8a,13,-0.026666666666666672,2500000.0,2.5,486,1024,0.474609375
01a072a3-8b43-7750-ac81-2431b9de5abb,a,B,QB2,15,5,UVH8a,14,-0.013333333333333336,2500000.0,2.5,497,1024,0.4853515625
01a072a3-8b43-7750-ac81-2431b9de5abb,a,B,QB2,15,5,UVH8a,15,0.0,2500000.0,2.5,494,1024,0.482421875
01a072a3-8b43-7750-ac81-2431b9de5abb,a,B,QB2,15,5,UVH8a,16,0.013333333333333336,2500000.0,2.5,490,1024,0.478515625
01a072a3-8b43-7750-ac81-2431b9de5abb,a,B,QB2,15,5,UVH8a,17,0.026666666666666672,2500000.0,2.5,481,1024,0.4697265625
01a072a3-8b43-7750-ac81-2431b9de5abb,a,B,QB2,15,5,UVH8a,18,0.04000000000000001,2500000.0,2.5,509,1024,0.4970703125
01a072a3-8b43-7750-ac81-2431b9de5abb,a,B,QB2,15,5,UVH8a,19,0.053333333333333344,2500000.0,2.5,506,1024,0.494140625
01a072a3-8b43-7750-ac81-2431b9de5abb,a,B,QB2,15,5,UVH8a,20,0.06666666666666665,2500000.0,2.5,514,1024,0.501953125
01a072a3-8b43-7750-ac81-2431b9de5abb,a,B,QB2,15,5,UVH8a,21,0.08000000000000002,2500000.0,2.5,506,1024,0.494140625
01a072a3-8b43-7750-ac81-2431b9de5abb,a,B,QB2,15,5,UVH8a,22,0.09333333333333332,2500000.0,2.5,498,1024,0.486328125
01a072a3-8b43-7750-ac81-2431b9de5abb,a,B,QB2,15,5,UVH8a,23,0.10666666666666669,2500000.0,2.5,502,1024,0.490234375
01a072a3-8b43-7750-ac81-2431b9de5abb,a,B,QB2,15,5,UVH8a,24,0.12,2500000.0,2.5,503,1024,0.4912109375
01a072a3-8b43-7750-ac81-2431b9de5abb,a,B,QB2,15,5,UVH8a,25,0.13333333333333336,2500000.0,2.5,532,1024,0.51953125
01a072a3-8b43-7750-ac81-2431b9de5abb,a,B,QB2,15,5,UVH8a,26,0.14666666666666667,2500000.0,2.5,509,1024,0.4970703125
01a072a3-8b43-7750-ac81-2431b9de5abb,a,B,QB2,15,5,UVH8a,27,0.16000000000000003,2500000.0,2.5,515,1024,0.5029296875
01a072a3-8b43-7750-ac81-2431b9de5abb,a,B,QB2,15,5,UVH8a,28,0.17333333333333334,2500000.0,2.5,524,1024,0.51171875
01a072a3-8b43-7750-ac81-2431b9de5abb,a,B,QB2,15,5,UVH8a,29,0.1866666666666667,2500000.0,2.5,458,1024,0.447265625
01a072a3-8b43-7750-ac81-2431b9de5abb,a,B,QB2,15,5,UVH8a,30,0.2,2500000.0,2.5,490,1024,0.478515625
01a072a3-8b43-7750-ac81-2431b9de5abb,a,B,QB3,16,0,standard_pi_2,0,-0.2,2500000.0,2.5,345,1024,0.3369140625
01a072a3-8b43-7750-ac81-2431b9de5abb,a,B,QB3,16,0,standard_pi_2,1,-0.18666666666666668,2500000.0,2.5,358,1024,0.349609375
01a072a3-8b43-7750-ac81-2431b9de5abb,a,B,QB3,16,0,standard_pi_2,2,-0.17333333333333334,2500000.0,2.5,339,1024,0.3310546875
01a072a3-8b43-7750-ac81-2431b9de5abb,a,B,QB3,16,0,standard_pi_2,3,-0.16,2500000.0,2.5,366,1024,0.357421875
01a072a3-8b43-7750-ac81-2431b9de5abb,a,B,QB3,16,0,standard_pi_2,4,-0.14666666666666667,2500000.0,2.5,367,1024,0.3583984375
01a072a3-8b43-7750-ac81-2431b9de5abb,a,B,QB3,16,0,standard_pi_2,5,-0.13333333333333336,2500000.0,2.5,399,1024,0.3896484375
01a072a3-8b43-7750-ac81-2431b9de5abb,a,B,QB3,16,0,standard_pi_2,6,-0.12000000000000001,2500000.0,2.5,407,1024,0.3974609375
01a072a3-8b43-7750-ac81-2431b9de5abb,a,B,QB3,16,0,standard_pi_2,7,-0.10666666666666667,2500000.0,2.5,412,1024,0.40234375
01a072a3-8b43-7750-ac81-2431b9de5abb,a,B,QB3,16,0,standard_pi_2,8,-0.09333333333333334,2500000.0,2.5,423,1024,0.4130859375
01a072a3-8b43-7750-ac81-2431b9de5abb,a,B,QB3,16,0,standard_pi_2,9,-0.08,2500000.0,2.5,439,1024,0.4287109375
01a072a3-8b43-7750-ac81-2431b9de5abb,a,B,QB3,16,0,standard_pi_2,10,-0.06666666666666668,2500000.0,2.5,458,1024,0.447265625
01a072a3-8b43-7750-ac81-2431b9de5abb,a,B,QB3,16,0,standard_pi_2,11,-0.053333333333333344,2500000.0,2.5,453,1024,0.4423828125
01a072a3-8b43-7750-ac81-2431b9de5abb,a,B,QB3,16,0,standard_pi_2,12,-0.04000000000000001,2500000.0,2.5,451,1024,0.4404296875
01a072a3-8b43-7750-ac81-2431b9de5abb,a,B,QB3,16,0,standard_pi_2,13,-0.026666666666666672,2500000.0,2.5,484,1024,0.47265625
01a072a3-8b43-7750-ac81-2431b9de5abb,a,B,QB3,16,0,standard_pi_2,14,-0.013333333333333336,2500000.0,2.5,471,1024,0.4599609375
01a072a3-8b43-7750-ac81-2431b9de5abb,a,B,QB3,16,0,standard_pi_2,15,0.0,2500000.0,2.5,498,1024,0.486328125
01a072a3-8b43-7750-ac81-2431b9de5abb,a,B,QB3,16,0,standard_pi_2,16,0.013333333333333336,2500000.0,2.5,529,1024,0.5166015625
01a072a3-8b43-7750-ac81-2431b9de5abb,a,B,QB3,16,0,standard_pi_2,17,0.026666666666666672,2500000.0,2.5,518,1024,0.505859375
01a072a3-8b43-7750-ac81-2431b9de5abb,a,B,QB3,16,0,standard_pi_2,18,0.04000000000000001,2500000.0,2.5,532,1024,0.51953125
01a072a3-8b43-7750-ac81-2431b9de5abb,a,B,QB3,16,0,standard_pi_2,19,0.053333333333333344,2500000.0,2.5,534,1024,0.521484375
01a072a3-8b43-7750-ac81-2431b9de5abb,a,B,QB3,16,0,standard_pi_2,20,0.06666666666666665,2500000.0,2.5,537,1024,0.5244140625
01a072a3-8b43-7750-ac81-2431b9de5abb,a,B,QB3,16,0,standard_pi_2,21,0.08000000000000002,2500000.0,2.5,574,1024,0.560546875
01a072a3-8b43-7750-ac81-2431b9de5abb,a,B,QB3,16,0,standard_pi_2,22,0.09333333333333332,2500000.0,2.5,573,1024,0.5595703125
01a072a3-8b43-7750-ac81-2431b9de5abb,a,B,QB3,16,0,standard_pi_2,23,0.10666666666666669,2500000.0,2.5,586,1024,0.572265625
01a072a3-8b43-7750-ac81-2431b9de5abb,a,B,QB3,16,0,standard_pi_2,24,0.12,2500000.0,2.5,586,1024,0.572265625
01a072a3-8b43-7750-ac81-2431b9de5abb,a,B,QB3,16,0,standard_pi_2,25,0.13333333333333336,2500000.0,2.5,584,1024,0.5703125
01a072a3-8b43-7750-ac81-2431b9de5abb,a,B,QB3,16,0,standard_pi_2,26,0.14666666666666667,2500000.0,2.5,594,1024,0.580078125
01a072a3-8b43-7750-ac81-2431b9de5abb,a,B,QB3,16,0,standard_pi_2,27,0.16000000000000003,2500000.0,2.5,606,1024,0.591796875
01a072a3-8b43-7750-ac81-2431b9de5abb,a,B,QB3,16,0,standard_pi_2,28,0.17333333333333334,2500000.0,2.5,647,1024,0.6318359375
01a072a3-8b43-7750-ac81-2431b9de5abb,a,B,QB3,16,0,standard_pi_2,29,0.1866666666666667,2500000.0,2.5,616,1024,0.6015625
01a072a3-8b43-7750-ac81-2431b9de5abb,a,B,QB3,16,0,standard_pi_2,30,0.2,2500000.0,2.5,619,1024,0.6044921875
01a072a3-8b43-7750-ac81-2431b9de5abb,a,B,QB3,16,1,UVH4a,0,-0.2,2500000.0,2.5,480,1024,0.46875
01a072a3-8b43-7750-ac81-2431b9de5abb,a,B,QB3,16,1,UVH4a,1,-0.18666666666666668,2500000.0,2.5,464,1024,0.453125
01a072a3-8b43-7750-ac81-2431b9de5abb,a,B,QB3,16,1,UVH4a,2,-0.17333333333333334,2500000.0,2.5,485,1024,0.4736328125
01a072a3-8b43-7750-ac81-2431b9de5abb,a,B,QB3,16,1,UVH4a,3,-0.16,2500000.0,2.5,487,1024,0.4755859375
01a072a3-8b43-7750-ac81-2431b9de5abb,a,B,QB3,16,1,UVH4a,4,-0.14666666666666667,2500000.0,2.5,475,1024,0.4638671875
01a072a3-8b43-7750-ac81-2431b9de5abb,a,B,QB3,16,1,UVH4a,5,-0.13333333333333336,2500000.0,2.5,525,1024,0.5126953125
01a072a3-8b43-7750-ac81-2431b9de5abb,a,B,QB3,16,1,UVH4a,6,-0.12000000000000001,2500000.0,2.5,480,1024,0.46875
01a072a3-8b43-7750-ac81-2431b9de5abb,a,B,QB3,16,1,UVH4a,7,-0.10666666666666667,2500000.0,2.5,503,1024,0.4912109375
01a072a3-8b43-7750-ac81-2431b9de5abb,a,B,QB3,16,1,UVH4a,8,-0.09333333333333334,2500000.0,2.5,506,1024,0.494140625
01a072a3-8b43-7750-ac81-2431b9de5abb,a,B,QB3,16,1,UVH4a,9,-0.08,2500000.0,2.5,542,1024,0.529296875
01a072a3-8b43-7750-ac81-2431b9de5abb,a,B,QB3,16,1,UVH4a,10,-0.06666666666666668,2500000.0,2.5,500,1024,0.48828125
01a072a3-8b43-7750-ac81-2431b9de5abb,a,B,QB3,16,1,UVH4a,11,-0.053333333333333344,2500000.0,2.5,523,1024,0.5107421875
01a072a3-8b43-7750-ac81-2431b9de5abb,a,B,QB3,16,1,UVH4a,12,-0.04000000000000001,2500000.0,2.5,544,1024,0.53125
01a072a3-8b43-7750-ac81-2431b9de5abb,a,B,QB3,16,1,UVH4a,13,-0.026666666666666672,2500000.0,2.5,513,1024,0.5009765625
01a072a3-8b43-7750-ac81-2431b9de5abb,a,B,QB3,16,1,UVH4a,14,-0.013333333333333336,2500000.0,2.5,516,1024,0.50390625
01a072a3-8b43-7750-ac81-2431b9de5abb,a,B,QB3,16,1,UVH4a,15,0.0,2500000.0,2.5,521,1024,0.5087890625
01a072a3-8b43-7750-ac81-2431b9de5abb,a,B,QB3,16,1,UVH4a,16,0.013333333333333336,2500000.0,2.5,515,1024,0.5029296875
01a072a3-8b43-7750-ac81-2431b9de5abb,a,B,QB3,16,1,UVH4a,17,0.026666666666666672,2500000.0,2.5,530,1024,0.517578125
01a072a3-8b43-7750-ac81-2431b9de5abb,a,B,QB3,16,1,UVH4a,18,0.04000000000000001,2500000.0,2.5,525,1024,0.5126953125
01a072a3-8b43-7750-ac81-2431b9de5abb,a,B,QB3,16,1,UVH4a,19,0.053333333333333344,2500000.0,2.5,521,1024,0.5087890625
01a072a3-8b43-7750-ac81-2431b9de5abb,a,B,QB3,16,1,UVH4a,20,0.06666666666666665,2500000.0,2.5,521,1024,0.5087890625
01a072a3-8b43-7750-ac81-2431b9de5abb,a,B,QB3,16,1,UVH4a,21,0.08000000000000002,2500000.0,2.5,528,1024,0.515625
01a072a3-8b43-7750-ac81-2431b9de5abb,a,B,QB3,16,1,UVH4a,22,0.09333333333333332,2500000.0,2.5,496,1024,0.484375
01a072a3-8b43-7750-ac81-2431b9de5abb,a,B,QB3,16,1,UVH4a,23,0.10666666666666669,2500000.0,2.5,536,1024,0.5234375
01a072a3-8b43-7750-ac81-2431b9de5abb,a,B,QB3,16,1,UVH4a,24,0.12,2500000.0,2.5,505,1024,0.4931640625
01a072a3-8b43-7750-ac81-2431b9de5abb,a,B,QB3,16,1,UVH4a,25,0.13333333333333336,2500000.0,2.5,497,1024,0.4853515625
01a072a3-8b43-7750-ac81-2431b9de5abb,a,B,QB3,16,1,UVH4a,26,0.14666666666666667,2500000.0,2.5,523,1024,0.5107421875
01a072a3-8b43-7750-ac81-2431b9de5abb,a,B,QB3,16,1,UVH4a,27,0.16000000000000003,2500000.0,2.5,482,1024,0.470703125
01a072a3-8b43-7750-ac81-2431b9de5abb,a,B,QB3,16,1,UVH4a,28,0.17333333333333334,2500000.0,2.5,502,1024,0.490234375
01a072a3-8b43-7750-ac81-2431b9de5abb,a,B,QB3,16,1,UVH4a,29,0.1866666666666667,2500000.0,2.5,492,1024,0.48046875
01a072a3-8b43-7750-ac81-2431b9de5abb,a,B,QB3,16,1,UVH4a,30,0.2,2500000.0,2.5,513,1024,0.5009765625
01a072a3-8b43-7750-ac81-2431b9de5abb,a,B,QB3,16,2,UVH5a,0,-0.2,2500000.0,2.5,566,1024,0.552734375
01a072a3-8b43-7750-ac81-2431b9de5abb,a,B,QB3,16,2,UVH5a,1,-0.18666666666666668,2500000.0,2.5,595,1024,0.5810546875
01a072a3-8b43-7750-ac81-2431b9de5abb,a,B,QB3,16,2,UVH5a,2,-0.17333333333333334,2500000.0,2.5,597,1024,0.5830078125
01a072a3-8b43-7750-ac81-2431b9de5abb,a,B,QB3,16,2,UVH5a,3,-0.16,2500000.0,2.5,563,1024,0.5498046875
01a072a3-8b43-7750-ac81-2431b9de5abb,a,B,QB3,16,2,UVH5a,4,-0.14666666666666667,2500000.0,2.5,562,1024,0.548828125
01a072a3-8b43-7750-ac81-2431b9de5abb,a,B,QB3,16,2,UVH5a,5,-0.13333333333333336,2500000.0,2.5,525,1024,0.5126953125
01a072a3-8b43-7750-ac81-2431b9de5abb,a,B,QB3,16,2,UVH5a,6,-0.12000000000000001,2500000.0,2.5,510,1024,0.498046875
01a072a3-8b43-7750-ac81-2431b9de5abb,a,B,QB3,16,2,UVH5a,7,-0.10666666666666667,2500000.0,2.5,532,1024,0.51953125
01a072a3-8b43-7750-ac81-2431b9de5abb,a,B,QB3,16,2,UVH5a,8,-0.09333333333333334,2500000.0,2.5,502,1024,0.490234375
01a072a3-8b43-7750-ac81-2431b9de5abb,a,B,QB3,16,2,UVH5a,9,-0.08,2500000.0,2.5,504,1024,0.4921875
01a072a3-8b43-7750-ac81-2431b9de5abb,a,B,QB3,16,2,UVH5a,10,-0.06666666666666668,2500000.0,2.5,492,1024,0.48046875
01a072a3-8b43-7750-ac81-2431b9de5abb,a,B,QB3,16,2,UVH5a,11,-0.053333333333333344,2500000.0,2.5,511,1024,0.4990234375
01a072a3-8b43-7750-ac81-2431b9de5abb,a,B,QB3,16,2,UVH5a,12,-0.04000000000000001,2500000.0,2.5,507,1024,0.4951171875
01a072a3-8b43-7750-ac81-2431b9de5abb,a,B,QB3,16,2,UVH5a,13,-0.026666666666666672,2500000.0,2.5,490,1024,0.478515625
01a072a3-8b43-7750-ac81-2431b9de5abb,a,B,QB3,16,2,UVH5a,14,-0.013333333333333336,2500000.0,2.5,501,1024,0.4892578125
01a072a3-8b43-7750-ac81-2431b9de5abb,a,B,QB3,16,2,UVH5a,15,0.0,2500000.0,2.5,528,1024,0.515625
01a072a3-8b43-7750-ac81-2431b9de5abb,a,B,QB3,16,2,UVH5a,16,0.013333333333333336,2500000.0,2.5,489,1024,0.4775390625
01a072a3-8b43-7750-ac81-2431b9de5abb,a,B,QB3,16,2,UVH5a,17,0.026666666666666672,2500000.0,2.5,513,1024,0.5009765625
01a072a3-8b43-7750-ac81-2431b9de5abb,a,B,QB3,16,2,UVH5a,18,0.04000000000000001,2500000.0,2.5,477,1024,0.4658203125
01a072a3-8b43-7750-ac81-2431b9de5abb,a,B,QB3,16,2,UVH5a,19,0.053333333333333344,2500000.0,2.5,501,1024,0.4892578125
01a072a3-8b43-7750-ac81-2431b9de5abb,a,B,QB3,16,2,UVH5a,20,0.06666666666666665,2500000.0,2.5,497,1024,0.4853515625
01a072a3-8b43-7750-ac81-2431b9de5abb,a,B,QB3,16,2,UVH5a,21,0.08000000000000002,2500000.0,2.5,494,1024,0.482421875
01a072a3-8b43-7750-ac81-2431b9de5abb,a,B,QB3,16,2,UVH5a,22,0.09333333333333332,2500000.0,2.5,502,1024,0.490234375
01a072a3-8b43-7750-ac81-2431b9de5abb,a,B,QB3,16,2,UVH5a,23,0.10666666666666669,2500000.0,2.5,506,1024,0.494140625
01a072a3-8b43-7750-ac81-2431b9de5abb,a,B,QB3,16,2,UVH5a,24,0.12,2500000.0,2.5,479,1024,0.4677734375
01a072a3-8b43-7750-ac81-2431b9de5abb,a,B,QB3,16,2,UVH5a,25,0.13333333333333336,2500000.0,2.5,482,1024,0.470703125
01a072a3-8b43-7750-ac81-2431b9de5abb,a,B,QB3,16,2,UVH5a,26,0.14666666666666667,2500000.0,2.5,469,1024,0.4580078125
01a072a3-8b43-7750-ac81-2431b9de5abb,a,B,QB3,16,2,UVH5a,27,0.16000000000000003,2500000.0,2.5,484,1024,0.47265625
01a072a3-8b43-7750-ac81-2431b9de5abb,a,B,QB3,16,2,UVH5a,28,0.17333333333333334,2500000.0,2.5,481,1024,0.4697265625
01a072a3-8b43-7750-ac81-2431b9de5abb,a,B,QB3,16,2,UVH5a,29,0.1866666666666667,2500000.0,2.5,475,1024,0.4638671875
01a072a3-8b43-7750-ac81-2431b9de5abb,a,B,QB3,16,2,UVH5a,30,0.2,2500000.0,2.5,474,1024,0.462890625
01a072a3-8b43-7750-ac81-2431b9de5abb,a,B,QB3,16,3,UVH6a,0,-0.2,2500000.0,2.5,571,1024,0.5576171875
01a072a3-8b43-7750-ac81-2431b9de5abb,a,B,QB3,16,3,UVH6a,1,-0.18666666666666668,2500000.0,2.5,544,1024,0.53125
01a072a3-8b43-7750-ac81-2431b9de5abb,a,B,QB3,16,3,UVH6a,2,-0.17333333333333334,2500000.0,2.5,556,1024,0.54296875
01a072a3-8b43-7750-ac81-2431b9de5abb,a,B,QB3,16,3,UVH6a,3,-0.16,2500000.0,2.5,557,1024,0.5439453125
01a072a3-8b43-7750-ac81-2431b9de5abb,a,B,QB3,16,3,UVH6a,4,-0.14666666666666667,2500000.0,2.5,531,1024,0.5185546875
01a072a3-8b43-7750-ac81-2431b9de5abb,a,B,QB3,16,3,UVH6a,5,-0.13333333333333336,2500000.0,2.5,529,1024,0.5166015625
01a072a3-8b43-7750-ac81-2431b9de5abb,a,B,QB3,16,3,UVH6a,6,-0.12000000000000001,2500000.0,2.5,533,1024,0.5205078125
01a072a3-8b43-7750-ac81-2431b9de5abb,a,B,QB3,16,3,UVH6a,7,-0.10666666666666667,2500000.0,2.5,535,1024,0.5224609375
01a072a3-8b43-7750-ac81-2431b9de5abb,a,B,QB3,16,3,UVH6a,8,-0.09333333333333334,2500000.0,2.5,501,1024,0.4892578125
01a072a3-8b43-7750-ac81-2431b9de5abb,a,B,QB3,16,3,UVH6a,9,-0.08,2500000.0,2.5,532,1024,0.51953125
01a072a3-8b43-7750-ac81-2431b9de5abb,a,B,QB3,16,3,UVH6a,10,-0.06666666666666668,2500000.0,2.5,491,1024,0.4794921875
01a072a3-8b43-7750-ac81-2431b9de5abb,a,B,QB3,16,3,UVH6a,11,-0.053333333333333344,2500000.0,2.5,503,1024,0.4912109375
01a072a3-8b43-7750-ac81-2431b9de5abb,a,B,QB3,16,3,UVH6a,12,-0.04000000000000001,2500000.0,2.5,517,1024,0.5048828125
01a072a3-8b43-7750-ac81-2431b9de5abb,a,B,QB3,16,3,UVH6a,13,-0.026666666666666672,2500000.0,2.5,486,1024,0.474609375
01a072a3-8b43-7750-ac81-2431b9de5abb,a,B,QB3,16,3,UVH6a,14,-0.013333333333333336,2500000.0,2.5,498,1024,0.486328125
01a072a3-8b43-7750-ac81-2431b9de5abb,a,B,QB3,16,3,UVH6a,15,0.0,2500000.0,2.5,504,1024,0.4921875
01a072a3-8b43-7750-ac81-2431b9de5abb,a,B,QB3,16,3,UVH6a,16,0.013333333333333336,2500000.0,2.5,487,1024,0.4755859375
01a072a3-8b43-7750-ac81-2431b9de5abb,a,B,QB3,16,3,UVH6a,17,0.026666666666666672,2500000.0,2.5,512,1024,0.5
01a072a3-8b43-7750-ac81-2431b9de5abb,a,B,QB3,16,3,UVH6a,18,0.04000000000000001,2500000.0,2.5,508,1024,0.49609375
01a072a3-8b43-7750-ac81-2431b9de5abb,a,B,QB3,16,3,UVH6a,19,0.053333333333333344,2500000.0,2.5,484,1024,0.47265625
01a072a3-8b43-7750-ac81-2431b9de5abb,a,B,QB3,16,3,UVH6a,20,0.06666666666666665,2500000.0,2.5,525,1024,0.5126953125
01a072a3-8b43-7750-ac81-2431b9de5abb,a,B,QB3,16,3,UVH6a,21,0.08000000000000002,2500000.0,2.5,521,1024,0.5087890625
01a072a3-8b43-7750-ac81-2431b9de5abb,a,B,QB3,16,3,UVH6a,22,0.09333333333333332,2500000.0,2.5,489,1024,0.4775390625
01a072a3-8b43-7750-ac81-2431b9de5abb,a,B,QB3,16,3,UVH6a,23,0.10666666666666669,2500000.0,2.5,498,1024,0.486328125
01a072a3-8b43-7750-ac81-2431b9de5abb,a,B,QB3,16,3,UVH6a,24,0.12,2500000.0,2.5,496,1024,0.484375
01a072a3-8b43-7750-ac81-2431b9de5abb,a,B,QB3,16,3,UVH6a,25,0.13333333333333336,2500000.0,2.5,482,1024,0.470703125
01a072a3-8b43-7750-ac81-2431b9de5abb,a,B,QB3,16,3,UVH6a,26,0.14666666666666667,2500000.0,2.5,512,1024,0.5
01a072a3-8b43-7750-ac81-2431b9de5abb,a,B,QB3,16,3,UVH6a,27,0.16000000000000003,2500000.0,2.5,523,1024,0.5107421875
01a072a3-8b43-7750-ac81-2431b9de5abb,a,B,QB3,16,3,UVH6a,28,0.17333333333333334,2500000.0,2.5,526,1024,0.513671875
01a072a3-8b43-7750-ac81-2431b9de5abb,a,B,QB3,16,3,UVH6a,29,0.1866666666666667,2500000.0,2.5,485,1024,0.4736328125
01a072a3-8b43-7750-ac81-2431b9de5abb,a,B,QB3,16,3,UVH6a,30,0.2,2500000.0,2.5,515,1024,0.5029296875
01a072a3-8b43-7750-ac81-2431b9de5abb,a,B,QB3,16,4,UVH7a,0,-0.2,2500000.0,2.5,467,1024,0.4560546875
01a072a3-8b43-7750-ac81-2431b9de5abb,a,B,QB3,16,4,UVH7a,1,-0.18666666666666668,2500000.0,2.5,483,1024,0.4716796875
01a072a3-8b43-7750-ac81-2431b9de5abb,a,B,QB3,16,4,UVH7a,2,-0.17333333333333334,2500000.0,2.5,467,1024,0.4560546875
01a072a3-8b43-7750-ac81-2431b9de5abb,a,B,QB3,16,4,UVH7a,3,-0.16,2500000.0,2.5,504,1024,0.4921875
01a072a3-8b43-7750-ac81-2431b9de5abb,a,B,QB3,16,4,UVH7a,4,-0.14666666666666667,2500000.0,2.5,471,1024,0.4599609375
01a072a3-8b43-7750-ac81-2431b9de5abb,a,B,QB3,16,4,UVH7a,5,-0.13333333333333336,2500000.0,2.5,490,1024,0.478515625
01a072a3-8b43-7750-ac81-2431b9de5abb,a,B,QB3,16,4,UVH7a,6,-0.12000000000000001,2500000.0,2.5,506,1024,0.494140625
01a072a3-8b43-7750-ac81-2431b9de5abb,a,B,QB3,16,4,UVH7a,7,-0.10666666666666667,2500000.0,2.5,476,1024,0.46484375
01a072a3-8b43-7750-ac81-2431b9de5abb,a,B,QB3,16,4,UVH7a,8,-0.09333333333333334,2500000.0,2.5,510,1024,0.498046875
01a072a3-8b43-7750-ac81-2431b9de5abb,a,B,QB3,16,4,UVH7a,9,-0.08,2500000.0,2.5,480,1024,0.46875
01a072a3-8b43-7750-ac81-2431b9de5abb,a,B,QB3,16,4,UVH7a,10,-0.06666666666666668,2500000.0,2.5,526,1024,0.513671875
01a072a3-8b43-7750-ac81-2431b9de5abb,a,B,QB3,16,4,UVH7a,11,-0.053333333333333344,2500000.0,2.5,512,1024,0.5
01a072a3-8b43-7750-ac81-2431b9de5abb,a,B,QB3,16,4,UVH7a,12,-0.04000000000000001,2500000.0,2.5,495,1024,0.4833984375
01a072a3-8b43-7750-ac81-2431b9de5abb,a,B,QB3,16,4,UVH7a,13,-0.026666666666666672,2500000.0,2.5,495,1024,0.4833984375
01a072a3-8b43-7750-ac81-2431b9de5abb,a,B,QB3,16,4,UVH7a,14,-0.013333333333333336,2500000.0,2.5,508,1024,0.49609375
01a072a3-8b43-7750-ac81-2431b9de5abb,a,B,QB3,16,4,UVH7a,15,0.0,2500000.0,2.5,473,1024,0.4619140625
01a072a3-8b43-7750-ac81-2431b9de5abb,a,B,QB3,16,4,UVH7a,16,0.013333333333333336,2500000.0,2.5,527,1024,0.5146484375
01a072a3-8b43-7750-ac81-2431b9de5abb,a,B,QB3,16,4,UVH7a,17,0.026666666666666672,2500000.0,2.5,519,1024,0.5068359375
01a072a3-8b43-7750-ac81-2431b9de5abb,a,B,QB3,16,4,UVH7a,18,0.04000000000000001,2500000.0,2.5,482,1024,0.470703125
01a072a3-8b43-7750-ac81-2431b9de5abb,a,B,QB3,16,4,UVH7a,19,0.053333333333333344,2500000.0,2.5,466,1024,0.455078125
01a072a3-8b43-7750-ac81-2431b9de5abb,a,B,QB3,16,4,UVH7a,20,0.06666666666666665,2500000.0,2.5,493,1024,0.4814453125
01a072a3-8b43-7750-ac81-2431b9de5abb,a,B,QB3,16,4,UVH7a,21,0.08000000000000002,2500000.0,2.5,485,1024,0.4736328125
01a072a3-8b43-7750-ac81-2431b9de5abb,a,B,QB3,16,4,UVH7a,22,0.09333333333333332,2500000.0,2.5,537,1024,0.5244140625
01a072a3-8b43-7750-ac81-2431b9de5abb,a,B,QB3,16,4,UVH7a,23,0.10666666666666669,2500000.0,2.5,503,1024,0.4912109375
01a072a3-8b43-7750-ac81-2431b9de5abb,a,B,QB3,16,4,UVH7a,24,0.12,2500000.0,2.5,517,1024,0.5048828125
01a072a3-8b43-7750-ac81-2431b9de5abb,a,B,QB3,16,4,UVH7a,25,0.13333333333333336,2500000.0,2.5,480,1024,0.46875
01a072a3-8b43-7750-ac81-2431b9de5abb,a,B,QB3,16,4,UVH7a,26,0.14666666666666667,2500000.0,2.5,494,1024,0.482421875
01a072a3-8b43-7750-ac81-2431b9de5abb,a,B,QB3,16,4,UVH7a,27,0.16000000000000003,2500000.0,2.5,463,1024,0.4521484375
01a072a3-8b43-7750-ac81-2431b9de5abb,a,B,QB3,16,4,UVH7a,28,0.17333333333333334,2500000.0,2.5,496,1024,0.484375
01a072a3-8b43-7750-ac81-2431b9de5abb,a,B,QB3,16,4,UVH7a,29,0.1866666666666667,2500000.0,2.5,496,1024,0.484375
01a072a3-8b43-7750-ac81-2431b9de5abb,a,B,QB3,16,4,UVH7a,30,0.2,2500000.0,2.5,481,1024,0.4697265625
01a072a3-8b43-7750-ac81-2431b9de5abb,a,B,QB3,16,5,UVH8a,0,-0.2,2500000.0,2.5,516,1024,0.50390625
01a072a3-8b43-7750-ac81-2431b9de5abb,a,B,QB3,16,5,UVH8a,1,-0.18666666666666668,2500000.0,2.5,544,1024,0.53125
01a072a3-8b43-7750-ac81-2431b9de5abb,a,B,QB3,16,5,UVH8a,2,-0.17333333333333334,2500000.0,2.5,538,1024,0.525390625
01a072a3-8b43-7750-ac81-2431b9de5abb,a,B,QB3,16,5,UVH8a,3,-0.16,2500000.0,2.5,509,1024,0.4970703125
01a072a3-8b43-7750-ac81-2431b9de5abb,a,B,QB3,16,5,UVH8a,4,-0.14666666666666667,2500000.0,2.5,510,1024,0.498046875
01a072a3-8b43-7750-ac81-2431b9de5abb,a,B,QB3,16,5,UVH8a,5,-0.13333333333333336,2500000.0,2.5,525,1024,0.5126953125
01a072a3-8b43-7750-ac81-2431b9de5abb,a,B,QB3,16,5,UVH8a,6,-0.12000000000000001,2500000.0,2.5,505,1024,0.4931640625
01a072a3-8b43-7750-ac81-2431b9de5abb,a,B,QB3,16,5,UVH8a,7,-0.10666666666666667,2500000.0,2.5,510,1024,0.498046875
01a072a3-8b43-7750-ac81-2431b9de5abb,a,B,QB3,16,5,UVH8a,8,-0.09333333333333334,2500000.0,2.5,542,1024,0.529296875
01a072a3-8b43-7750-ac81-2431b9de5abb,a,B,QB3,16,5,UVH8a,9,-0.08,2500000.0,2.5,517,1024,0.5048828125
01a072a3-8b43-7750-ac81-2431b9de5abb,a,B,QB3,16,5,UVH8a,10,-0.06666666666666668,2500000.0,2.5,537,1024,0.5244140625
01a072a3-8b43-7750-ac81-2431b9de5abb,a,B,QB3,16,5,UVH8a,11,-0.053333333333333344,2500000.0,2.5,518,1024,0.505859375
01a072a3-8b43-7750-ac81-2431b9de5abb,a,B,QB3,16,5,UVH8a,12,-0.04000000000000001,2500000.0,2.5,511,1024,0.4990234375
01a072a3-8b43-7750-ac81-2431b9de5abb,a,B,QB3,16,5,UVH8a,13,-0.026666666666666672,2500000.0,2.5,521,1024,0.5087890625
01a072a3-8b43-7750-ac81-2431b9de5abb,a,B,QB3,16,5,UVH8a,14,-0.013333333333333336,2500000.0,2.5,519,1024,0.5068359375
01a072a3-8b43-7750-ac81-2431b9de5abb,a,B,QB3,16,5,UVH8a,15,0.0,2500000.0,2.5,519,1024,0.5068359375
01a072a3-8b43-7750-ac81-2431b9de5abb,a,B,QB3,16,5,UVH8a,16,0.013333333333333336,2500000.0,2.5,518,1024,0.505859375
01a072a3-8b43-7750-ac81-2431b9de5abb,a,B,QB3,16,5,UVH8a,17,0.026666666666666672,2500000.0,2.5,508,1024,0.49609375
01a072a3-8b43-7750-ac81-2431b9de5abb,a,B,QB3,16,5,UVH8a,18,0.04000000000000001,2500000.0,2.5,535,1024,0.5224609375
01a072a3-8b43-7750-ac81-2431b9de5abb,a,B,QB3,16,5,UVH8a,19,0.053333333333333344,2500000.0,2.5,534,1024,0.521484375
01a072a3-8b43-7750-ac81-2431b9de5abb,a,B,QB3,16,5,UVH8a,20,0.06666666666666665,2500000.0,2.5,547,1024,0.5341796875
01a072a3-8b43-7750-ac81-2431b9de5abb,a,B,QB3,16,5,UVH8a,21,0.08000000000000002,2500000.0,2.5,514,1024,0.501953125
01a072a3-8b43-7750-ac81-2431b9de5abb,a,B,QB3,16,5,UVH8a,22,0.09333333333333332,2500000.0,2.5,527,1024,0.5146484375
01a072a3-8b43-7750-ac81-2431b9de5abb,a,B,QB3,16,5,UVH8a,23,0.10666666666666669,2500000.0,2.5,504,1024,0.4921875
01a072a3-8b43-7750-ac81-2431b9de5abb,a,B,QB3,16,5,UVH8a,24,0.12,2500000.0,2.5,491,1024,0.4794921875
01a072a3-8b43-7750-ac81-2431b9de5abb,a,B,QB3,16,5,UVH8a,25,0.13333333333333336,2500000.0,2.5,524,1024,0.51171875
01a072a3-8b43-7750-ac81-2431b9de5abb,a,B,QB3,16,5,UVH8a,26,0.14666666666666667,2500000.0,2.5,512,1024,0.5
01a072a3-8b43-7750-ac81-2431b9de5abb,a,B,QB3,16,5,UVH8a,27,0.16000000000000003,2500000.0,2.5,493,1024,0.4814453125
01a072a3-8b43-7750-ac81-2431b9de5abb,a,B,QB3,16,5,UVH8a,28,0.17333333333333334,2500000.0,2.5,515,1024,0.5029296875
01a072a3-8b43-7750-ac81-2431b9de5abb,a,B,QB3,16,5,UVH8a,29,0.1866666666666667,2500000.0,2.5,500,1024,0.48828125
01a072a3-8b43-7750-ac81-2431b9de5abb,a,B,QB3,16,5,UVH8a,30,0.2,2500000.0,2.5,495,1024,0.4833984375
01a072a3-8b43-7750-ac81-2431b9de5abb,a,B,QB12,17,0,standard_pi_2,0,-0.2,2500000.0,2.5,338,1024,0.330078125
01a072a3-8b43-7750-ac81-2431b9de5abb,a,B,QB12,17,0,standard_pi_2,1,-0.18666666666666668,2500000.0,2.5,327,1024,0.3193359375
01a072a3-8b43-7750-ac81-2431b9de5abb,a,B,QB12,17,0,standard_pi_2,2,-0.17333333333333334,2500000.0,2.5,306,1024,0.298828125
01a072a3-8b43-7750-ac81-2431b9de5abb,a,B,QB12,17,0,standard_pi_2,3,-0.16,2500000.0,2.5,370,1024,0.361328125
01a072a3-8b43-7750-ac81-2431b9de5abb,a,B,QB12,17,0,standard_pi_2,4,-0.14666666666666667,2500000.0,2.5,357,1024,0.3486328125
01a072a3-8b43-7750-ac81-2431b9de5abb,a,B,QB12,17,0,standard_pi_2,5,-0.13333333333333336,2500000.0,2.5,359,1024,0.3505859375
01a072a3-8b43-7750-ac81-2431b9de5abb,a,B,QB12,17,0,standard_pi_2,6,-0.12000000000000001,2500000.0,2.5,398,1024,0.388671875
01a072a3-8b43-7750-ac81-2431b9de5abb,a,B,QB12,17,0,standard_pi_2,7,-0.10666666666666667,2500000.0,2.5,390,1024,0.380859375
01a072a3-8b43-7750-ac81-2431b9de5abb,a,B,QB12,17,0,standard_pi_2,8,-0.09333333333333334,2500000.0,2.5,399,1024,0.3896484375
01a072a3-8b43-7750-ac81-2431b9de5abb,a,B,QB12,17,0,standard_pi_2,9,-0.08,2500000.0,2.5,402,1024,0.392578125
01a072a3-8b43-7750-ac81-2431b9de5abb,a,B,QB12,17,0,standard_pi_2,10,-0.06666666666666668,2500000.0,2.5,456,1024,0.4453125
01a072a3-8b43-7750-ac81-2431b9de5abb,a,B,QB12,17,0,standard_pi_2,11,-0.053333333333333344,2500000.0,2.5,446,1024,0.435546875
01a072a3-8b43-7750-ac81-2431b9de5abb,a,B,QB12,17,0,standard_pi_2,12,-0.04000000000000001,2500000.0,2.5,438,1024,0.427734375
01a072a3-8b43-7750-ac81-2431b9de5abb,a,B,QB12,17,0,standard_pi_2,13,-0.026666666666666672,2500000.0,2.5,489,1024,0.4775390625
01a072a3-8b43-7750-ac81-2431b9de5abb,a,B,QB12,17,0,standard_pi_2,14,-0.013333333333333336,2500000.0,2.5,461,1024,0.4501953125
01a072a3-8b43-7750-ac81-2431b9de5abb,a,B,QB12,17,0,standard_pi_2,15,0.0,2500000.0,2.5,504,1024,0.4921875
01a072a3-8b43-7750-ac81-2431b9de5abb,a,B,QB12,17,0,standard_pi_2,16,0.013333333333333336,2500000.0,2.5,485,1024,0.4736328125
01a072a3-8b43-7750-ac81-2431b9de5abb,a,B,QB12,17,0,standard_pi_2,17,0.026666666666666672,2500000.0,2.5,523,1024,0.5107421875
01a072a3-8b43-7750-ac81-2431b9de5abb,a,B,QB12,17,0,standard_pi_2,18,0.04000000000000001,2500000.0,2.5,513,1024,0.5009765625
01a072a3-8b43-7750-ac81-2431b9de5abb,a,B,QB12,17,0,standard_pi_2,19,0.053333333333333344,2500000.0,2.5,532,1024,0.51953125
01a072a3-8b43-7750-ac81-2431b9de5abb,a,B,QB12,17,0,standard_pi_2,20,0.06666666666666665,2500000.0,2.5,527,1024,0.5146484375
01a072a3-8b43-7750-ac81-2431b9de5abb,a,B,QB12,17,0,standard_pi_2,21,0.08000000000000002,2500000.0,2.5,556,1024,0.54296875
01a072a3-8b43-7750-ac81-2431b9de5abb,a,B,QB12,17,0,standard_pi_2,22,0.09333333333333332,2500000.0,2.5,575,1024,0.5615234375
01a072a3-8b43-7750-ac81-2431b9de5abb,a,B,QB12,17,0,standard_pi_2,23,0.10666666666666669,2500000.0,2.5,524,1024,0.51171875
01a072a3-8b43-7750-ac81-2431b9de5abb,a,B,QB12,17,0,standard_pi_2,24,0.12,2500000.0,2.5,564,1024,0.55078125
01a072a3-8b43-7750-ac81-2431b9de5abb,a,B,QB12,17,0,standard_pi_2,25,0.13333333333333336,2500000.0,2.5,595,1024,0.5810546875
01a072a3-8b43-7750-ac81-2431b9de5abb,a,B,QB12,17,0,standard_pi_2,26,0.14666666666666667,2500000.0,2.5,567,1024,0.5537109375
01a072a3-8b43-7750-ac81-2431b9de5abb,a,B,QB12,17,0,standard_pi_2,27,0.16000000000000003,2500000.0,2.5,599,1024,0.5849609375
01a072a3-8b43-7750-ac81-2431b9de5abb,a,B,QB12,17,0,standard_pi_2,28,0.17333333333333334,2500000.0,2.5,626,1024,0.611328125
01a072a3-8b43-7750-ac81-2431b9de5abb,a,B,QB12,17,0,standard_pi_2,29,0.1866666666666667,2500000.0,2.5,626,1024,0.611328125
01a072a3-8b43-7750-ac81-2431b9de5abb,a,B,QB12,17,0,standard_pi_2,30,0.2,2500000.0,2.5,631,1024,0.6162109375
01a072a3-8b43-7750-ac81-2431b9de5abb,a,B,QB12,17,1,UVH4a,0,-0.2,2500000.0,2.5,387,1024,0.3779296875
01a072a3-8b43-7750-ac81-2431b9de5abb,a,B,QB12,17,1,UVH4a,1,-0.18666666666666668,2500000.0,2.5,430,1024,0.419921875
01a072a3-8b43-7750-ac81-2431b9de5abb,a,B,QB12,17,1,UVH4a,2,-0.17333333333333334,2500000.0,2.5,432,1024,0.421875
01a072a3-8b43-7750-ac81-2431b9de5abb,a,B,QB12,17,1,UVH4a,3,-0.16,2500000.0,2.5,435,1024,0.4248046875
01a072a3-8b43-7750-ac81-2431b9de5abb,a,B,QB12,17,1,UVH4a,4,-0.14666666666666667,2500000.0,2.5,425,1024,0.4150390625
01a072a3-8b43-7750-ac81-2431b9de5abb,a,B,QB12,17,1,UVH4a,5,-0.13333333333333336,2500000.0,2.5,444,1024,0.43359375
01a072a3-8b43-7750-ac81-2431b9de5abb,a,B,QB12,17,1,UVH4a,6,-0.12000000000000001,2500000.0,2.5,466,1024,0.455078125
01a072a3-8b43-7750-ac81-2431b9de5abb,a,B,QB12,17,1,UVH4a,7,-0.10666666666666667,2500000.0,2.5,463,1024,0.4521484375
01a072a3-8b43-7750-ac81-2431b9de5abb,a,B,QB12,17,1,UVH4a,8,-0.09333333333333334,2500000.0,2.5,437,1024,0.4267578125
01a072a3-8b43-7750-ac81-2431b9de5abb,a,B,QB12,17,1,UVH4a,9,-0.08,2500000.0,2.5,475,1024,0.4638671875
01a072a3-8b43-7750-ac81-2431b9de5abb,a,B,QB12,17,1,UVH4a,10,-0.06666666666666668,2500000.0,2.5,450,1024,0.439453125
01a072a3-8b43-7750-ac81-2431b9de5abb,a,B,QB12,17,1,UVH4a,11,-0.053333333333333344,2500000.0,2.5,447,1024,0.4365234375
01a072a3-8b43-7750-ac81-2431b9de5abb,a,B,QB12,17,1,UVH4a,12,-0.04000000000000001,2500000.0,2.5,464,1024,0.453125
01a072a3-8b43-7750-ac81-2431b9de5abb,a,B,QB12,17,1,UVH4a,13,-0.026666666666666672,2500000.0,2.5,456,1024,0.4453125
01a072a3-8b43-7750-ac81-2431b9de5abb,a,B,QB12,17,1,UVH4a,14,-0.013333333333333336,2500000.0,2.5,439,1024,0.4287109375
01a072a3-8b43-7750-ac81-2431b9de5abb,a,B,QB12,17,1,UVH4a,15,0.0,2500000.0,2.5,478,1024,0.466796875
01a072a3-8b43-7750-ac81-2431b9de5abb,a,B,QB12,17,1,UVH4a,16,0.013333333333333336,2500000.0,2.5,481,1024,0.4697265625
01a072a3-8b43-7750-ac81-2431b9de5abb,a,B,QB12,17,1,UVH4a,17,0.026666666666666672,2500000.0,2.5,483,1024,0.4716796875
01a072a3-8b43-7750-ac81-2431b9de5abb,a,B,QB12,17,1,UVH4a,18,0.04000000000000001,2500000.0,2.5,455,1024,0.4443359375
01a072a3-8b43-7750-ac81-2431b9de5abb,a,B,QB12,17,1,UVH4a,19,0.053333333333333344,2500000.0,2.5,475,1024,0.4638671875
01a072a3-8b43-7750-ac81-2431b9de5abb,a,B,QB12,17,1,UVH4a,20,0.06666666666666665,2500000.0,2.5,475,1024,0.4638671875
01a072a3-8b43-7750-ac81-2431b9de5abb,a,B,QB12,17,1,UVH4a,21,0.08000000000000002,2500000.0,2.5,445,1024,0.4345703125
01a072a3-8b43-7750-ac81-2431b9de5abb,a,B,QB12,17,1,UVH4a,22,0.09333333333333332,2500000.0,2.5,473,1024,0.4619140625
01a072a3-8b43-7750-ac81-2431b9de5abb,a,B,QB12,17,1,UVH4a,23,0.10666666666666669,2500000.0,2.5,423,1024,0.4130859375
01a072a3-8b43-7750-ac81-2431b9de5abb,a,B,QB12,17,1,UVH4a,24,0.12,2500000.0,2.5,454,1024,0.443359375
01a072a3-8b43-7750-ac81-2431b9de5abb,a,B,QB12,17,1,UVH4a,25,0.13333333333333336,2500000.0,2.5,458,1024,0.447265625
01a072a3-8b43-7750-ac81-2431b9de5abb,a,B,QB12,17,1,UVH4a,26,0.14666666666666667,2500000.0,2.5,469,1024,0.4580078125
01a072a3-8b43-7750-ac81-2431b9de5abb,a,B,QB12,17,1,UVH4a,27,0.16000000000000003,2500000.0,2.5,449,1024,0.4384765625
01a072a3-8b43-7750-ac81-2431b9de5abb,a,B,QB12,17,1,UVH4a,28,0.17333333333333334,2500000.0,2.5,440,1024,0.4296875
01a072a3-8b43-7750-ac81-2431b9de5abb,a,B,QB12,17,1,UVH4a,29,0.1866666666666667,2500000.0,2.5,436,1024,0.42578125
01a072a3-8b43-7750-ac81-2431b9de5abb,a,B,QB12,17,1,UVH4a,30,0.2,2500000.0,2.5,445,1024,0.4345703125
01a072a3-8b43-7750-ac81-2431b9de5abb,a,B,QB12,17,2,UVH5a,0,-0.2,2500000.0,2.5,567,1024,0.5537109375
01a072a3-8b43-7750-ac81-2431b9de5abb,a,B,QB12,17,2,UVH5a,1,-0.18666666666666668,2500000.0,2.5,571,1024,0.5576171875
01a072a3-8b43-7750-ac81-2431b9de5abb,a,B,QB12,17,2,UVH5a,2,-0.17333333333333334,2500000.0,2.5,567,1024,0.5537109375
01a072a3-8b43-7750-ac81-2431b9de5abb,a,B,QB12,17,2,UVH5a,3,-0.16,2500000.0,2.5,547,1024,0.5341796875
01a072a3-8b43-7750-ac81-2431b9de5abb,a,B,QB12,17,2,UVH5a,4,-0.14666666666666667,2500000.0,2.5,531,1024,0.5185546875
01a072a3-8b43-7750-ac81-2431b9de5abb,a,B,QB12,17,2,UVH5a,5,-0.13333333333333336,2500000.0,2.5,534,1024,0.521484375
01a072a3-8b43-7750-ac81-2431b9de5abb,a,B,QB12,17,2,UVH5a,6,-0.12000000000000001,2500000.0,2.5,520,1024,0.5078125
01a072a3-8b43-7750-ac81-2431b9de5abb,a,B,QB12,17,2,UVH5a,7,-0.10666666666666667,2500000.0,2.5,519,1024,0.5068359375
01a072a3-8b43-7750-ac81-2431b9de5abb,a,B,QB12,17,2,UVH5a,8,-0.09333333333333334,2500000.0,2.5,495,1024,0.4833984375
01a072a3-8b43-7750-ac81-2431b9de5abb,a,B,QB12,17,2,UVH5a,9,-0.08,2500000.0,2.5,497,1024,0.4853515625
01a072a3-8b43-7750-ac81-2431b9de5abb,a,B,QB12,17,2,UVH5a,10,-0.06666666666666668,2500000.0,2.5,522,1024,0.509765625
01a072a3-8b43-7750-ac81-2431b9de5abb,a,B,QB12,17,2,UVH5a,11,-0.053333333333333344,2500000.0,2.5,489,1024,0.4775390625
01a072a3-8b43-7750-ac81-2431b9de5abb,a,B,QB12,17,2,UVH5a,12,-0.04000000000000001,2500000.0,2.5,511,1024,0.4990234375
01a072a3-8b43-7750-ac81-2431b9de5abb,a,B,QB12,17,2,UVH5a,13,-0.026666666666666672,2500000.0,2.5,519,1024,0.5068359375
01a072a3-8b43-7750-ac81-2431b9de5abb,a,B,QB12,17,2,UVH5a,14,-0.013333333333333336,2500000.0,2.5,504,1024,0.4921875
01a072a3-8b43-7750-ac81-2431b9de5abb,a,B,QB12,17,2,UVH5a,15,0.0,2500000.0,2.5,468,1024,0.45703125
01a072a3-8b43-7750-ac81-2431b9de5abb,a,B,QB12,17,2,UVH5a,16,0.013333333333333336,2500000.0,2.5,470,1024,0.458984375
01a072a3-8b43-7750-ac81-2431b9de5abb,a,B,QB12,17,2,UVH5a,17,0.026666666666666672,2500000.0,2.5,461,1024,0.4501953125
01a072a3-8b43-7750-ac81-2431b9de5abb,a,B,QB12,17,2,UVH5a,18,0.04000000000000001,2500000.0,2.5,498,1024,0.486328125
01a072a3-8b43-7750-ac81-2431b9de5abb,a,B,QB12,17,2,UVH5a,19,0.053333333333333344,2500000.0,2.5,496,1024,0.484375
01a072a3-8b43-7750-ac81-2431b9de5abb,a,B,QB12,17,2,UVH5a,20,0.06666666666666665,2500000.0,2.5,520,1024,0.5078125
01a072a3-8b43-7750-ac81-2431b9de5abb,a,B,QB12,17,2,UVH5a,21,0.08000000000000002,2500000.0,2.5,536,1024,0.5234375
01a072a3-8b43-7750-ac81-2431b9de5abb,a,B,QB12,17,2,UVH5a,22,0.09333333333333332,2500000.0,2.5,534,1024,0.521484375
01a072a3-8b43-7750-ac81-2431b9de5abb,a,B,QB12,17,2,UVH5a,23,0.10666666666666669,2500000.0,2.5,500,1024,0.48828125
01a072a3-8b43-7750-ac81-2431b9de5abb,a,B,QB12,17,2,UVH5a,24,0.12,2500000.0,2.5,509,1024,0.4970703125
01a072a3-8b43-7750-ac81-2431b9de5abb,a,B,QB12,17,2,UVH5a,25,0.13333333333333336,2500000.0,2.5,490,1024,0.478515625
01a072a3-8b43-7750-ac81-2431b9de5abb,a,B,QB12,17,2,UVH5a,26,0.14666666666666667,2500000.0,2.5,493,1024,0.4814453125
01a072a3-8b43-7750-ac81-2431b9de5abb,a,B,QB12,17,2,UVH5a,27,0.16000000000000003,2500000.0,2.5,522,1024,0.509765625
01a072a3-8b43-7750-ac81-2431b9de5abb,a,B,QB12,17,2,UVH5a,28,0.17333333333333334,2500000.0,2.5,543,1024,0.5302734375
01a072a3-8b43-7750-ac81-2431b9de5abb,a,B,QB12,17,2,UVH5a,29,0.1866666666666667,2500000.0,2.5,497,1024,0.4853515625
01a072a3-8b43-7750-ac81-2431b9de5abb,a,B,QB12,17,2,UVH5a,30,0.2,2500000.0,2.5,500,1024,0.48828125
01a072a3-8b43-7750-ac81-2431b9de5abb,a,B,QB12,17,3,UVH6a,0,-0.2,2500000.0,2.5,628,1024,0.61328125
01a072a3-8b43-7750-ac81-2431b9de5abb,a,B,QB12,17,3,UVH6a,1,-0.18666666666666668,2500000.0,2.5,612,1024,0.59765625
01a072a3-8b43-7750-ac81-2431b9de5abb,a,B,QB12,17,3,UVH6a,2,-0.17333333333333334,2500000.0,2.5,605,1024,0.5908203125
01a072a3-8b43-7750-ac81-2431b9de5abb,a,B,QB12,17,3,UVH6a,3,-0.16,2500000.0,2.5,598,1024,0.583984375
01a072a3-8b43-7750-ac81-2431b9de5abb,a,B,QB12,17,3,UVH6a,4,-0.14666666666666667,2500000.0,2.5,608,1024,0.59375
01a072a3-8b43-7750-ac81-2431b9de5abb,a,B,QB12,17,3,UVH6a,5,-0.13333333333333336,2500000.0,2.5,615,1024,0.6005859375
01a072a3-8b43-7750-ac81-2431b9de5abb,a,B,QB12,17,3,UVH6a,6,-0.12000000000000001,2500000.0,2.5,589,1024,0.5751953125
01a072a3-8b43-7750-ac81-2431b9de5abb,a,B,QB12,17,3,UVH6a,7,-0.10666666666666667,2500000.0,2.5,598,1024,0.583984375
01a072a3-8b43-7750-ac81-2431b9de5abb,a,B,QB12,17,3,UVH6a,8,-0.09333333333333334,2500000.0,2.5,572,1024,0.55859375
01a072a3-8b43-7750-ac81-2431b9de5abb,a,B,QB12,17,3,UVH6a,9,-0.08,2500000.0,2.5,592,1024,0.578125
01a072a3-8b43-7750-ac81-2431b9de5abb,a,B,QB12,17,3,UVH6a,10,-0.06666666666666668,2500000.0,2.5,618,1024,0.603515625
01a072a3-8b43-7750-ac81-2431b9de5abb,a,B,QB12,17,3,UVH6a,11,-0.053333333333333344,2500000.0,2.5,620,1024,0.60546875
01a072a3-8b43-7750-ac81-2431b9de5abb,a,B,QB12,17,3,UVH6a,12,-0.04000000000000001,2500000.0,2.5,613,1024,0.5986328125
01a072a3-8b43-7750-ac81-2431b9de5abb,a,B,QB12,17,3,UVH6a,13,-0.026666666666666672,2500000.0,2.5,621,1024,0.6064453125
01a072a3-8b43-7750-ac81-2431b9de5abb,a,B,QB12,17,3,UVH6a,14,-0.013333333333333336,2500000.0,2.5,640,1024,0.625
01a072a3-8b43-7750-ac81-2431b9de5abb,a,B,QB12,17,3,UVH6a,15,0.0,2500000.0,2.5,581,1024,0.5673828125
01a072a3-8b43-7750-ac81-2431b9de5abb,a,B,QB12,17,3,UVH6a,16,0.013333333333333336,2500000.0,2.5,609,1024,0.5947265625
01a072a3-8b43-7750-ac81-2431b9de5abb,a,B,QB12,17,3,UVH6a,17,0.026666666666666672,2500000.0,2.5,634,1024,0.619140625
01a072a3-8b43-7750-ac81-2431b9de5abb,a,B,QB12,17,3,UVH6a,18,0.04000000000000001,2500000.0,2.5,643,1024,0.6279296875
01a072a3-8b43-7750-ac81-2431b9de5abb,a,B,QB12,17,3,UVH6a,19,0.053333333333333344,2500000.0,2.5,615,1024,0.6005859375
01a072a3-8b43-7750-ac81-2431b9de5abb,a,B,QB12,17,3,UVH6a,20,0.06666666666666665,2500000.0,2.5,662,1024,0.646484375
01a072a3-8b43-7750-ac81-2431b9de5abb,a,B,QB12,17,3,UVH6a,21,0.08000000000000002,2500000.0,2.5,628,1024,0.61328125
01a072a3-8b43-7750-ac81-2431b9de5abb,a,B,QB12,17,3,UVH6a,22,0.09333333333333332,2500000.0,2.5,632,1024,0.6171875
01a072a3-8b43-7750-ac81-2431b9de5abb,a,B,QB12,17,3,UVH6a,23,0.10666666666666669,2500000.0,2.5,621,1024,0.6064453125
01a072a3-8b43-7750-ac81-2431b9de5abb,a,B,QB12,17,3,UVH6a,24,0.12,2500000.0,2.5,673,1024,0.6572265625
01a072a3-8b43-7750-ac81-2431b9de5abb,a,B,QB12,17,3,UVH6a,25,0.13333333333333336,2500000.0,2.5,663,1024,0.6474609375
01a072a3-8b43-7750-ac81-2431b9de5abb,a,B,QB12,17,3,UVH6a,26,0.14666666666666667,2500000.0,2.5,655,1024,0.6396484375
01a072a3-8b43-7750-ac81-2431b9de5abb,a,B,QB12,17,3,UVH6a,27,0.16000000000000003,2500000.0,2.5,639,1024,0.6240234375
01a072a3-8b43-7750-ac81-2431b9de5abb,a,B,QB12,17,3,UVH6a,28,0.17333333333333334,2500000.0,2.5,654,1024,0.638671875
01a072a3-8b43-7750-ac81-2431b9de5abb,a,B,QB12,17,3,UVH6a,29,0.1866666666666667,2500000.0,2.5,633,1024,0.6181640625
01a072a3-8b43-7750-ac81-2431b9de5abb,a,B,QB12,17,3,UVH6a,30,0.2,2500000.0,2.5,663,1024,0.6474609375
01a072a3-8b43-7750-ac81-2431b9de5abb,a,B,QB12,17,4,UVH7a,0,-0.2,2500000.0,2.5,556,1024,0.54296875
01a072a3-8b43-7750-ac81-2431b9de5abb,a,B,QB12,17,4,UVH7a,1,-0.18666666666666668,2500000.0,2.5,551,1024,0.5380859375
01a072a3-8b43-7750-ac81-2431b9de5abb,a,B,QB12,17,4,UVH7a,2,-0.17333333333333334,2500000.0,2.5,577,1024,0.5634765625
01a072a3-8b43-7750-ac81-2431b9de5abb,a,B,QB12,17,4,UVH7a,3,-0.16,2500000.0,2.5,558,1024,0.544921875
01a072a3-8b43-7750-ac81-2431b9de5abb,a,B,QB12,17,4,UVH7a,4,-0.14666666666666667,2500000.0,2.5,526,1024,0.513671875
01a072a3-8b43-7750-ac81-2431b9de5abb,a,B,QB12,17,4,UVH7a,5,-0.13333333333333336,2500000.0,2.5,582,1024,0.568359375
01a072a3-8b43-7750-ac81-2431b9de5abb,a,B,QB12,17,4,UVH7a,6,-0.12000000000000001,2500000.0,2.5,572,1024,0.55859375
01a072a3-8b43-7750-ac81-2431b9de5abb,a,B,QB12,17,4,UVH7a,7,-0.10666666666666667,2500000.0,2.5,582,1024,0.568359375
01a072a3-8b43-7750-ac81-2431b9de5abb,a,B,QB12,17,4,UVH7a,8,-0.09333333333333334,2500000.0,2.5,566,1024,0.552734375
01a072a3-8b43-7750-ac81-2431b9de5abb,a,B,QB12,17,4,UVH7a,9,-0.08,2500000.0,2.5,582,1024,0.568359375
01a072a3-8b43-7750-ac81-2431b9de5abb,a,B,QB12,17,4,UVH7a,10,-0.06666666666666668,2500000.0,2.5,604,1024,0.58984375
01a072a3-8b43-7750-ac81-2431b9de5abb,a,B,QB12,17,4,UVH7a,11,-0.053333333333333344,2500000.0,2.5,594,1024,0.580078125
01a072a3-8b43-7750-ac81-2431b9de5abb,a,B,QB12,17,4,UVH7a,12,-0.04000000000000001,2500000.0,2.5,609,1024,0.5947265625
01a072a3-8b43-7750-ac81-2431b9de5abb,a,B,QB12,17,4,UVH7a,13,-0.026666666666666672,2500000.0,2.5,586,1024,0.572265625
01a072a3-8b43-7750-ac81-2431b9de5abb,a,B,QB12,17,4,UVH7a,14,-0.013333333333333336,2500000.0,2.5,604,1024,0.58984375
01a072a3-8b43-7750-ac81-2431b9de5abb,a,B,QB12,17,4,UVH7a,15,0.0,2500000.0,2.5,589,1024,0.5751953125
01a072a3-8b43-7750-ac81-2431b9de5abb,a,B,QB12,17,4,UVH7a,16,0.013333333333333336,2500000.0,2.5,629,1024,0.6142578125
01a072a3-8b43-7750-ac81-2431b9de5abb,a,B,QB12,17,4,UVH7a,17,0.026666666666666672,2500000.0,2.5,592,1024,0.578125
01a072a3-8b43-7750-ac81-2431b9de5abb,a,B,QB12,17,4,UVH7a,18,0.04000000000000001,2500000.0,2.5,613,1024,0.5986328125
01a072a3-8b43-7750-ac81-2431b9de5abb,a,B,QB12,17,4,UVH7a,19,0.053333333333333344,2500000.0,2.5,619,1024,0.6044921875
01a072a3-8b43-7750-ac81-2431b9de5abb,a,B,QB12,17,4,UVH7a,20,0.06666666666666665,2500000.0,2.5,636,1024,0.62109375
01a072a3-8b43-7750-ac81-2431b9de5abb,a,B,QB12,17,4,UVH7a,21,0.08000000000000002,2500000.0,2.5,596,1024,0.58203125
01a072a3-8b43-7750-ac81-2431b9de5abb,a,B,QB12,17,4,UVH7a,22,0.09333333333333332,2500000.0,2.5,619,1024,0.6044921875
01a072a3-8b43-7750-ac81-2431b9de5abb,a,B,QB12,17,4,UVH7a,23,0.10666666666666669,2500000.0,2.5,629,1024,0.6142578125
01a072a3-8b43-7750-ac81-2431b9de5abb,a,B,QB12,17,4,UVH7a,24,0.12,2500000.0,2.5,628,1024,0.61328125
01a072a3-8b43-7750-ac81-2431b9de5abb,a,B,QB12,17,4,UVH7a,25,0.13333333333333336,2500000.0,2.5,636,1024,0.62109375
01a072a3-8b43-7750-ac81-2431b9de5abb,a,B,QB12,17,4,UVH7a,26,0.14666666666666667,2500000.0,2.5,641,1024,0.6259765625
01a072a3-8b43-7750-ac81-2431b9de5abb,a,B,QB12,17,4,UVH7a,27,0.16000000000000003,2500000.0,2.5,648,1024,0.6328125
01a072a3-8b43-7750-ac81-2431b9de5abb,a,B,QB12,17,4,UVH7a,28,0.17333333333333334,2500000.0,2.5,636,1024,0.62109375
01a072a3-8b43-7750-ac81-2431b9de5abb,a,B,QB12,17,4,UVH7a,29,0.1866666666666667,2500000.0,2.5,658,1024,0.642578125
01a072a3-8b43-7750-ac81-2431b9de5abb,a,B,QB12,17,4,UVH7a,30,0.2,2500000.0,2.5,626,1024,0.611328125
01a072a3-8b43-7750-ac81-2431b9de5abb,a,B,QB12,17,5,UVH8a,0,-0.2,2500000.0,2.5,441,1024,0.4306640625
01a072a3-8b43-7750-ac81-2431b9de5abb,a,B,QB12,17,5,UVH8a,1,-0.18666666666666668,2500000.0,2.5,436,1024,0.42578125
01a072a3-8b43-7750-ac81-2431b9de5abb,a,B,QB12,17,5,UVH8a,2,-0.17333333333333334,2500000.0,2.5,449,1024,0.4384765625
01a072a3-8b43-7750-ac81-2431b9de5abb,a,B,QB12,17,5,UVH8a,3,-0.16,2500000.0,2.5,455,1024,0.4443359375
01a072a3-8b43-7750-ac81-2431b9de5abb,a,B,QB12,17,5,UVH8a,4,-0.14666666666666667,2500000.0,2.5,428,1024,0.41796875
01a072a3-8b43-7750-ac81-2431b9de5abb,a,B,QB12,17,5,UVH8a,5,-0.13333333333333336,2500000.0,2.5,429,1024,0.4189453125
01a072a3-8b43-7750-ac81-2431b9de5abb,a,B,QB12,17,5,UVH8a,6,-0.12000000000000001,2500000.0,2.5,435,1024,0.4248046875
01a072a3-8b43-7750-ac81-2431b9de5abb,a,B,QB12,17,5,UVH8a,7,-0.10666666666666667,2500000.0,2.5,437,1024,0.4267578125
01a072a3-8b43-7750-ac81-2431b9de5abb,a,B,QB12,17,5,UVH8a,8,-0.09333333333333334,2500000.0,2.5,429,1024,0.4189453125
01a072a3-8b43-7750-ac81-2431b9de5abb,a,B,QB12,17,5,UVH8a,9,-0.08,2500000.0,2.5,418,1024,0.408203125
01a072a3-8b43-7750-ac81-2431b9de5abb,a,B,QB12,17,5,UVH8a,10,-0.06666666666666668,2500000.0,2.5,431,1024,0.4208984375
01a072a3-8b43-7750-ac81-2431b9de5abb,a,B,QB12,17,5,UVH8a,11,-0.053333333333333344,2500000.0,2.5,432,1024,0.421875
01a072a3-8b43-7750-ac81-2431b9de5abb,a,B,QB12,17,5,UVH8a,12,-0.04000000000000001,2500000.0,2.5,413,1024,0.4033203125
01a072a3-8b43-7750-ac81-2431b9de5abb,a,B,QB12,17,5,UVH8a,13,-0.026666666666666672,2500000.0,2.5,412,1024,0.40234375
01a072a3-8b43-7750-ac81-2431b9de5abb,a,B,QB12,17,5,UVH8a,14,-0.013333333333333336,2500000.0,2.5,432,1024,0.421875
01a072a3-8b43-7750-ac81-2431b9de5abb,a,B,QB12,17,5,UVH8a,15,0.0,2500000.0,2.5,462,1024,0.451171875
01a072a3-8b43-7750-ac81-2431b9de5abb,a,B,QB12,17,5,UVH8a,16,0.013333333333333336,2500000.0,2.5,417,1024,0.4072265625
01a072a3-8b43-7750-ac81-2431b9de5abb,a,B,QB12,17,5,UVH8a,17,0.026666666666666672,2500000.0,2.5,434,1024,0.423828125
01a072a3-8b43-7750-ac81-2431b9de5abb,a,B,QB12,17,5,UVH8a,18,0.04000000000000001,2500000.0,2.5,449,1024,0.4384765625
01a072a3-8b43-7750-ac81-2431b9de5abb,a,B,QB12,17,5,UVH8a,19,0.053333333333333344,2500000.0,2.5,453,1024,0.4423828125
01a072a3-8b43-7750-ac81-2431b9de5abb,a,B,QB12,17,5,UVH8a,20,0.06666666666666665,2500000.0,2.5,440,1024,0.4296875
01a072a3-8b43-7750-ac81-2431b9de5abb,a,B,QB12,17,5,UVH8a,21,0.08000000000000002,2500000.0,2.5,457,1024,0.4462890625
01a072a3-8b43-7750-ac81-2431b9de5abb,a,B,QB12,17,5,UVH8a,22,0.09333333333333332,2500000.0,2.5,435,1024,0.4248046875
01a072a3-8b43-7750-ac81-2431b9de5abb,a,B,QB12,17,5,UVH8a,23,0.10666666666666669,2500000.0,2.5,421,1024,0.4111328125
01a072a3-8b43-7750-ac81-2431b9de5abb,a,B,QB12,17,5,UVH8a,24,0.12,2500000.0,2.5,448,1024,0.4375
01a072a3-8b43-7750-ac81-2431b9de5abb,a,B,QB12,17,5,UVH8a,25,0.13333333333333336,2500000.0,2.5,442,1024,0.431640625
01a072a3-8b43-7750-ac81-2431b9de5abb,a,B,QB12,17,5,UVH8a,26,0.14666666666666667,2500000.0,2.5,436,1024,0.42578125
01a072a3-8b43-7750-ac81-2431b9de5abb,a,B,QB12,17,5,UVH8a,27,0.16000000000000003,2500000.0,2.5,428,1024,0.41796875
01a072a3-8b43-7750-ac81-2431b9de5abb,a,B,QB12,17,5,UVH8a,28,0.17333333333333334,2500000.0,2.5,436,1024,0.42578125
01a072a3-8b43-7750-ac81-2431b9de5abb,a,B,QB12,17,5,UVH8a,29,0.1866666666666667,2500000.0,2.5,399,1024,0.3896484375
01a072a3-8b43-7750-ac81-2431b9de5abb,a,B,QB12,17,5,UVH8a,30,0.2,2500000.0,2.5,417,1024,0.4072265625
01a072a3-8b43-7750-ac81-2431b9de5abb,a,B,QB7,18,0,standard_pi_2,0,-0.2,2500000.0,2.5,403,1024,0.3935546875
01a072a3-8b43-7750-ac81-2431b9de5abb,a,B,QB7,18,0,standard_pi_2,1,-0.18666666666666668,2500000.0,2.5,378,1024,0.369140625
01a072a3-8b43-7750-ac81-2431b9de5abb,a,B,QB7,18,0,standard_pi_2,2,-0.17333333333333334,2500000.0,2.5,428,1024,0.41796875
01a072a3-8b43-7750-ac81-2431b9de5abb,a,B,QB7,18,0,standard_pi_2,3,-0.16,2500000.0,2.5,400,1024,0.390625
01a072a3-8b43-7750-ac81-2431b9de5abb,a,B,QB7,18,0,standard_pi_2,4,-0.14666666666666667,2500000.0,2.5,426,1024,0.416015625
01a072a3-8b43-7750-ac81-2431b9de5abb,a,B,QB7,18,0,standard_pi_2,5,-0.13333333333333336,2500000.0,2.5,440,1024,0.4296875
01a072a3-8b43-7750-ac81-2431b9de5abb,a,B,QB7,18,0,standard_pi_2,6,-0.12000000000000001,2500000.0,2.5,435,1024,0.4248046875
01a072a3-8b43-7750-ac81-2431b9de5abb,a,B,QB7,18,0,standard_pi_2,7,-0.10666666666666667,2500000.0,2.5,467,1024,0.4560546875
01a072a3-8b43-7750-ac81-2431b9de5abb,a,B,QB7,18,0,standard_pi_2,8,-0.09333333333333334,2500000.0,2.5,496,1024,0.484375
01a072a3-8b43-7750-ac81-2431b9de5abb,a,B,QB7,18,0,standard_pi_2,9,-0.08,2500000.0,2.5,480,1024,0.46875
01a072a3-8b43-7750-ac81-2431b9de5abb,a,B,QB7,18,0,standard_pi_2,10,-0.06666666666666668,2500000.0,2.5,469,1024,0.4580078125
01a072a3-8b43-7750-ac81-2431b9de5abb,a,B,QB7,18,0,standard_pi_2,11,-0.053333333333333344,2500000.0,2.5,466,1024,0.455078125
01a072a3-8b43-7750-ac81-2431b9de5abb,a,B,QB7,18,0,standard_pi_2,12,-0.04000000000000001,2500000.0,2.5,529,1024,0.5166015625
01a072a3-8b43-7750-ac81-2431b9de5abb,a,B,QB7,18,0,standard_pi_2,13,-0.026666666666666672,2500000.0,2.5,555,1024,0.5419921875
01a072a3-8b43-7750-ac81-2431b9de5abb,a,B,QB7,18,0,standard_pi_2,14,-0.013333333333333336,2500000.0,2.5,550,1024,0.537109375
01a072a3-8b43-7750-ac81-2431b9de5abb,a,B,QB7,18,0,standard_pi_2,15,0.0,2500000.0,2.5,567,1024,0.5537109375
01a072a3-8b43-7750-ac81-2431b9de5abb,a,B,QB7,18,0,standard_pi_2,16,0.013333333333333336,2500000.0,2.5,577,1024,0.5634765625
01a072a3-8b43-7750-ac81-2431b9de5abb,a,B,QB7,18,0,standard_pi_2,17,0.026666666666666672,2500000.0,2.5,571,1024,0.5576171875
01a072a3-8b43-7750-ac81-2431b9de5abb,a,B,QB7,18,0,standard_pi_2,18,0.04000000000000001,2500000.0,2.5,569,1024,0.5556640625
01a072a3-8b43-7750-ac81-2431b9de5abb,a,B,QB7,18,0,standard_pi_2,19,0.053333333333333344,2500000.0,2.5,596,1024,0.58203125
01a072a3-8b43-7750-ac81-2431b9de5abb,a,B,QB7,18,0,standard_pi_2,20,0.06666666666666665,2500000.0,2.5,627,1024,0.6123046875
01a072a3-8b43-7750-ac81-2431b9de5abb,a,B,QB7,18,0,standard_pi_2,21,0.08000000000000002,2500000.0,2.5,631,1024,0.6162109375
01a072a3-8b43-7750-ac81-2431b9de5abb,a,B,QB7,18,0,standard_pi_2,22,0.09333333333333332,2500000.0,2.5,635,1024,0.6201171875
01a072a3-8b43-7750-ac81-2431b9de5abb,a,B,QB7,18,0,standard_pi_2,23,0.10666666666666669,2500000.0,2.5,614,1024,0.599609375
01a072a3-8b43-7750-ac81-2431b9de5abb,a,B,QB7,18,0,standard_pi_2,24,0.12,2500000.0,2.5,621,1024,0.6064453125
01a072a3-8b43-7750-ac81-2431b9de5abb,a,B,QB7,18,0,standard_pi_2,25,0.13333333333333336,2500000.0,2.5,638,1024,0.623046875
01a072a3-8b43-7750-ac81-2431b9de5abb,a,B,QB7,18,0,standard_pi_2,26,0.14666666666666667,2500000.0,2.5,664,1024,0.6484375
01a072a3-8b43-7750-ac81-2431b9de5abb,a,B,QB7,18,0,standard_pi_2,27,0.16000000000000003,2500000.0,2.5,683,1024,0.6669921875
01a072a3-8b43-7750-ac81-2431b9de5abb,a,B,QB7,18,0,standard_pi_2,28,0.17333333333333334,2500000.0,2.5,701,1024,0.6845703125
01a072a3-8b43-7750-ac81-2431b9de5abb,a,B,QB7,18,0,standard_pi_2,29,0.1866666666666667,2500000.0,2.5,690,1024,0.673828125
01a072a3-8b43-7750-ac81-2431b9de5abb,a,B,QB7,18,0,standard_pi_2,30,0.2,2500000.0,2.5,712,1024,0.6953125
01a072a3-8b43-7750-ac81-2431b9de5abb,a,B,QB7,18,1,UVH4a,0,-0.2,2500000.0,2.5,435,1024,0.4248046875
01a072a3-8b43-7750-ac81-2431b9de5abb,a,B,QB7,18,1,UVH4a,1,-0.18666666666666668,2500000.0,2.5,433,1024,0.4228515625
01a072a3-8b43-7750-ac81-2431b9de5abb,a,B,QB7,18,1,UVH4a,2,-0.17333333333333334,2500000.0,2.5,439,1024,0.4287109375
01a072a3-8b43-7750-ac81-2431b9de5abb,a,B,QB7,18,1,UVH4a,3,-0.16,2500000.0,2.5,455,1024,0.4443359375
01a072a3-8b43-7750-ac81-2431b9de5abb,a,B,QB7,18,1,UVH4a,4,-0.14666666666666667,2500000.0,2.5,442,1024,0.431640625
01a072a3-8b43-7750-ac81-2431b9de5abb,a,B,QB7,18,1,UVH4a,5,-0.13333333333333336,2500000.0,2.5,487,1024,0.4755859375
01a072a3-8b43-7750-ac81-2431b9de5abb,a,B,QB7,18,1,UVH4a,6,-0.12000000000000001,2500000.0,2.5,436,1024,0.42578125
01a072a3-8b43-7750-ac81-2431b9de5abb,a,B,QB7,18,1,UVH4a,7,-0.10666666666666667,2500000.0,2.5,446,1024,0.435546875
01a072a3-8b43-7750-ac81-2431b9de5abb,a,B,QB7,18,1,UVH4a,8,-0.09333333333333334,2500000.0,2.5,475,1024,0.4638671875
01a072a3-8b43-7750-ac81-2431b9de5abb,a,B,QB7,18,1,UVH4a,9,-0.08,2500000.0,2.5,471,1024,0.4599609375
01a072a3-8b43-7750-ac81-2431b9de5abb,a,B,QB7,18,1,UVH4a,10,-0.06666666666666668,2500000.0,2.5,441,1024,0.4306640625
01a072a3-8b43-7750-ac81-2431b9de5abb,a,B,QB7,18,1,UVH4a,11,-0.053333333333333344,2500000.0,2.5,461,1024,0.4501953125
01a072a3-8b43-7750-ac81-2431b9de5abb,a,B,QB7,18,1,UVH4a,12,-0.04000000000000001,2500000.0,2.5,483,1024,0.4716796875
01a072a3-8b43-7750-ac81-2431b9de5abb,a,B,QB7,18,1,UVH4a,13,-0.026666666666666672,2500000.0,2.5,467,1024,0.4560546875
01a072a3-8b43-7750-ac81-2431b9de5abb,a,B,QB7,18,1,UVH4a,14,-0.013333333333333336,2500000.0,2.5,465,1024,0.4541015625
01a072a3-8b43-7750-ac81-2431b9de5abb,a,B,QB7,18,1,UVH4a,15,0.0,2500000.0,2.5,483,1024,0.4716796875
01a072a3-8b43-7750-ac81-2431b9de5abb,a,B,QB7,18,1,UVH4a,16,0.013333333333333336,2500000.0,2.5,500,1024,0.48828125
01a072a3-8b43-7750-ac81-2431b9de5abb,a,B,QB7,18,1,UVH4a,17,0.026666666666666672,2500000.0,2.5,462,1024,0.451171875
01a072a3-8b43-7750-ac81-2431b9de5abb,a,B,QB7,18,1,UVH4a,18,0.04000000000000001,2500000.0,2.5,489,1024,0.4775390625
01a072a3-8b43-7750-ac81-2431b9de5abb,a,B,QB7,18,1,UVH4a,19,0.053333333333333344,2500000.0,2.5,477,1024,0.4658203125
01a072a3-8b43-7750-ac81-2431b9de5abb,a,B,QB7,18,1,UVH4a,20,0.06666666666666665,2500000.0,2.5,466,1024,0.455078125
01a072a3-8b43-7750-ac81-2431b9de5abb,a,B,QB7,18,1,UVH4a,21,0.08000000000000002,2500000.0,2.5,487,1024,0.4755859375
01a072a3-8b43-7750-ac81-2431b9de5abb,a,B,QB7,18,1,UVH4a,22,0.09333333333333332,2500000.0,2.5,477,1024,0.4658203125
01a072a3-8b43-7750-ac81-2431b9de5abb,a,B,QB7,18,1,UVH4a,23,0.10666666666666669,2500000.0,2.5,500,1024,0.48828125
01a072a3-8b43-7750-ac81-2431b9de5abb,a,B,QB7,18,1,UVH4a,24,0.12,2500000.0,2.5,442,1024,0.431640625
01a072a3-8b43-7750-ac81-2431b9de5abb,a,B,QB7,18,1,UVH4a,25,0.13333333333333336,2500000.0,2.5,471,1024,0.4599609375
01a072a3-8b43-7750-ac81-2431b9de5abb,a,B,QB7,18,1,UVH4a,26,0.14666666666666667,2500000.0,2.5,493,1024,0.4814453125
01a072a3-8b43-7750-ac81-2431b9de5abb,a,B,QB7,18,1,UVH4a,27,0.16000000000000003,2500000.0,2.5,495,1024,0.4833984375
01a072a3-8b43-7750-ac81-2431b9de5abb,a,B,QB7,18,1,UVH4a,28,0.17333333333333334,2500000.0,2.5,469,1024,0.4580078125
01a072a3-8b43-7750-ac81-2431b9de5abb,a,B,QB7,18,1,UVH4a,29,0.1866666666666667,2500000.0,2.5,475,1024,0.4638671875
01a072a3-8b43-7750-ac81-2431b9de5abb,a,B,QB7,18,1,UVH4a,30,0.2,2500000.0,2.5,442,1024,0.431640625
01a072a3-8b43-7750-ac81-2431b9de5abb,a,B,QB7,18,2,UVH5a,0,-0.2,2500000.0,2.5,542,1024,0.529296875
01a072a3-8b43-7750-ac81-2431b9de5abb,a,B,QB7,18,2,UVH5a,1,-0.18666666666666668,2500000.0,2.5,501,1024,0.4892578125
01a072a3-8b43-7750-ac81-2431b9de5abb,a,B,QB7,18,2,UVH5a,2,-0.17333333333333334,2500000.0,2.5,479,1024,0.4677734375
01a072a3-8b43-7750-ac81-2431b9de5abb,a,B,QB7,18,2,UVH5a,3,-0.16,2500000.0,2.5,493,1024,0.4814453125
01a072a3-8b43-7750-ac81-2431b9de5abb,a,B,QB7,18,2,UVH5a,4,-0.14666666666666667,2500000.0,2.5,466,1024,0.455078125
01a072a3-8b43-7750-ac81-2431b9de5abb,a,B,QB7,18,2,UVH5a,5,-0.13333333333333336,2500000.0,2.5,458,1024,0.447265625
01a072a3-8b43-7750-ac81-2431b9de5abb,a,B,QB7,18,2,UVH5a,6,-0.12000000000000001,2500000.0,2.5,460,1024,0.44921875
01a072a3-8b43-7750-ac81-2431b9de5abb,a,B,QB7,18,2,UVH5a,7,-0.10666666666666667,2500000.0,2.5,413,1024,0.4033203125
01a072a3-8b43-7750-ac81-2431b9de5abb,a,B,QB7,18,2,UVH5a,8,-0.09333333333333334,2500000.0,2.5,398,1024,0.388671875
01a072a3-8b43-7750-ac81-2431b9de5abb,a,B,QB7,18,2,UVH5a,9,-0.08,2500000.0,2.5,417,1024,0.4072265625
01a072a3-8b43-7750-ac81-2431b9de5abb,a,B,QB7,18,2,UVH5a,10,-0.06666666666666668,2500000.0,2.5,409,1024,0.3994140625
01a072a3-8b43-7750-ac81-2431b9de5abb,a,B,QB7,18,2,UVH5a,11,-0.053333333333333344,2500000.0,2.5,404,1024,0.39453125
01a072a3-8b43-7750-ac81-2431b9de5abb,a,B,QB7,18,2,UVH5a,12,-0.04000000000000001,2500000.0,2.5,367,1024,0.3583984375
01a072a3-8b43-7750-ac81-2431b9de5abb,a,B,QB7,18,2,UVH5a,13,-0.026666666666666672,2500000.0,2.5,382,1024,0.373046875
01a072a3-8b43-7750-ac81-2431b9de5abb,a,B,QB7,18,2,UVH5a,14,-0.013333333333333336,2500000.0,2.5,339,1024,0.3310546875
01a072a3-8b43-7750-ac81-2431b9de5abb,a,B,QB7,18,2,UVH5a,15,0.0,2500000.0,2.5,361,1024,0.3525390625
01a072a3-8b43-7750-ac81-2431b9de5abb,a,B,QB7,18,2,UVH5a,16,0.013333333333333336,2500000.0,2.5,357,1024,0.3486328125
01a072a3-8b43-7750-ac81-2431b9de5abb,a,B,QB7,18,2,UVH5a,17,0.026666666666666672,2500000.0,2.5,352,1024,0.34375
01a072a3-8b43-7750-ac81-2431b9de5abb,a,B,QB7,18,2,UVH5a,18,0.04000000000000001,2500000.0,2.5,350,1024,0.341796875
01a072a3-8b43-7750-ac81-2431b9de5abb,a,B,QB7,18,2,UVH5a,19,0.053333333333333344,2500000.0,2.5,363,1024,0.3544921875
01a072a3-8b43-7750-ac81-2431b9de5abb,a,B,QB7,18,2,UVH5a,20,0.06666666666666665,2500000.0,2.5,345,1024,0.3369140625
01a072a3-8b43-7750-ac81-2431b9de5abb,a,B,QB7,18,2,UVH5a,21,0.08000000000000002,2500000.0,2.5,324,1024,0.31640625
01a072a3-8b43-7750-ac81-2431b9de5abb,a,B,QB7,18,2,UVH5a,22,0.09333333333333332,2500000.0,2.5,300,1024,0.29296875
01a072a3-8b43-7750-ac81-2431b9de5abb,a,B,QB7,18,2,UVH5a,23,0.10666666666666669,2500000.0,2.5,321,1024,0.3134765625
01a072a3-8b43-7750-ac81-2431b9de5abb,a,B,QB7,18,2,UVH5a,24,0.12,2500000.0,2.5,319,1024,0.3115234375
01a072a3-8b43-7750-ac81-2431b9de5abb,a,B,QB7,18,2,UVH5a,25,0.13333333333333336,2500000.0,2.5,317,1024,0.3095703125
01a072a3-8b43-7750-ac81-2431b9de5abb,a,B,QB7,18,2,UVH5a,26,0.14666666666666667,2500000.0,2.5,291,1024,0.2841796875
01a072a3-8b43-7750-ac81-2431b9de5abb,a,B,QB7,18,2,UVH5a,27,0.16000000000000003,2500000.0,2.5,331,1024,0.3232421875
01a072a3-8b43-7750-ac81-2431b9de5abb,a,B,QB7,18,2,UVH5a,28,0.17333333333333334,2500000.0,2.5,310,1024,0.302734375
01a072a3-8b43-7750-ac81-2431b9de5abb,a,B,QB7,18,2,UVH5a,29,0.1866666666666667,2500000.0,2.5,293,1024,0.2861328125
01a072a3-8b43-7750-ac81-2431b9de5abb,a,B,QB7,18,2,UVH5a,30,0.2,2500000.0,2.5,293,1024,0.2861328125
01a072a3-8b43-7750-ac81-2431b9de5abb,a,B,QB7,18,3,UVH6a,0,-0.2,2500000.0,2.5,546,1024,0.533203125
01a072a3-8b43-7750-ac81-2431b9de5abb,a,B,QB7,18,3,UVH6a,1,-0.18666666666666668,2500000.0,2.5,540,1024,0.52734375
01a072a3-8b43-7750-ac81-2431b9de5abb,a,B,QB7,18,3,UVH6a,2,-0.17333333333333334,2500000.0,2.5,515,1024,0.5029296875
01a072a3-8b43-7750-ac81-2431b9de5abb,a,B,QB7,18,3,UVH6a,3,-0.16,2500000.0,2.5,471,1024,0.4599609375
01a072a3-8b43-7750-ac81-2431b9de5abb,a,B,QB7,18,3,UVH6a,4,-0.14666666666666667,2500000.0,2.5,481,1024,0.4697265625
01a072a3-8b43-7750-ac81-2431b9de5abb,a,B,QB7,18,3,UVH6a,5,-0.13333333333333336,2500000.0,2.5,487,1024,0.4755859375
01a072a3-8b43-7750-ac81-2431b9de5abb,a,B,QB7,18,3,UVH6a,6,-0.12000000000000001,2500000.0,2.5,489,1024,0.4775390625
01a072a3-8b43-7750-ac81-2431b9de5abb,a,B,QB7,18,3,UVH6a,7,-0.10666666666666667,2500000.0,2.5,441,1024,0.4306640625
01a072a3-8b43-7750-ac81-2431b9de5abb,a,B,QB7,18,3,UVH6a,8,-0.09333333333333334,2500000.0,2.5,442,1024,0.431640625
01a072a3-8b43-7750-ac81-2431b9de5abb,a,B,QB7,18,3,UVH6a,9,-0.08,2500000.0,2.5,436,1024,0.42578125
01a072a3-8b43-7750-ac81-2431b9de5abb,a,B,QB7,18,3,UVH6a,10,-0.06666666666666668,2500000.0,2.5,454,1024,0.443359375
01a072a3-8b43-7750-ac81-2431b9de5abb,a,B,QB7,18,3,UVH6a,11,-0.053333333333333344,2500000.0,2.5,432,1024,0.421875
01a072a3-8b43-7750-ac81-2431b9de5abb,a,B,QB7,18,3,UVH6a,12,-0.04000000000000001,2500000.0,2.5,408,1024,0.3984375
01a072a3-8b43-7750-ac81-2431b9de5abb,a,B,QB7,18,3,UVH6a,13,-0.026666666666666672,2500000.0,2.5,418,1024,0.408203125
01a072a3-8b43-7750-ac81-2431b9de5abb,a,B,QB7,18,3,UVH6a,14,-0.013333333333333336,2500000.0,2.5,436,1024,0.42578125
01a072a3-8b43-7750-ac81-2431b9de5abb,a,B,QB7,18,3,UVH6a,15,0.0,2500000.0,2.5,428,1024,0.41796875
01a072a3-8b43-7750-ac81-2431b9de5abb,a,B,QB7,18,3,UVH6a,16,0.013333333333333336,2500000.0,2.5,419,1024,0.4091796875
01a072a3-8b43-7750-ac81-2431b9de5abb,a,B,QB7,18,3,UVH6a,17,0.026666666666666672,2500000.0,2.5,432,1024,0.421875
01a072a3-8b43-7750-ac81-2431b9de5abb,a,B,QB7,18,3,UVH6a,18,0.04000000000000001,2500000.0,2.5,414,1024,0.404296875
01a072a3-8b43-7750-ac81-2431b9de5abb,a,B,QB7,18,3,UVH6a,19,0.053333333333333344,2500000.0,2.5,435,1024,0.4248046875
01a072a3-8b43-7750-ac81-2431b9de5abb,a,B,QB7,18,3,UVH6a,20,0.06666666666666665,2500000.0,2.5,393,1024,0.3837890625
01a072a3-8b43-7750-ac81-2431b9de5abb,a,B,QB7,18,3,UVH6a,21,0.08000000000000002,2500000.0,2.5,400,1024,0.390625
01a072a3-8b43-7750-ac81-2431b9de5abb,a,B,QB7,18,3,UVH6a,22,0.09333333333333332,2500000.0,2.5,418,1024,0.408203125
01a072a3-8b43-7750-ac81-2431b9de5abb,a,B,QB7,18,3,UVH6a,23,0.10666666666666669,2500000.0,2.5,436,1024,0.42578125
01a072a3-8b43-7750-ac81-2431b9de5abb,a,B,QB7,18,3,UVH6a,24,0.12,2500000.0,2.5,425,1024,0.4150390625
01a072a3-8b43-7750-ac81-2431b9de5abb,a,B,QB7,18,3,UVH6a,25,0.13333333333333336,2500000.0,2.5,446,1024,0.435546875
01a072a3-8b43-7750-ac81-2431b9de5abb,a,B,QB7,18,3,UVH6a,26,0.14666666666666667,2500000.0,2.5,440,1024,0.4296875
01a072a3-8b43-7750-ac81-2431b9de5abb,a,B,QB7,18,3,UVH6a,27,0.16000000000000003,2500000.0,2.5,427,1024,0.4169921875
01a072a3-8b43-7750-ac81-2431b9de5abb,a,B,QB7,18,3,UVH6a,28,0.17333333333333334,2500000.0,2.5,419,1024,0.4091796875
01a072a3-8b43-7750-ac81-2431b9de5abb,a,B,QB7,18,3,UVH6a,29,0.1866666666666667,2500000.0,2.5,447,1024,0.4365234375
01a072a3-8b43-7750-ac81-2431b9de5abb,a,B,QB7,18,3,UVH6a,30,0.2,2500000.0,2.5,425,1024,0.4150390625
01a072a3-8b43-7750-ac81-2431b9de5abb,a,B,QB7,18,4,UVH7a,0,-0.2,2500000.0,2.5,408,1024,0.3984375
01a072a3-8b43-7750-ac81-2431b9de5abb,a,B,QB7,18,4,UVH7a,1,-0.18666666666666668,2500000.0,2.5,424,1024,0.4140625
01a072a3-8b43-7750-ac81-2431b9de5abb,a,B,QB7,18,4,UVH7a,2,-0.17333333333333334,2500000.0,2.5,420,1024,0.41015625
01a072a3-8b43-7750-ac81-2431b9de5abb,a,B,QB7,18,4,UVH7a,3,-0.16,2500000.0,2.5,408,1024,0.3984375
01a072a3-8b43-7750-ac81-2431b9de5abb,a,B,QB7,18,4,UVH7a,4,-0.14666666666666667,2500000.0,2.5,425,1024,0.4150390625
01a072a3-8b43-7750-ac81-2431b9de5abb,a,B,QB7,18,4,UVH7a,5,-0.13333333333333336,2500000.0,2.5,447,1024,0.4365234375
01a072a3-8b43-7750-ac81-2431b9de5abb,a,B,QB7,18,4,UVH7a,6,-0.12000000000000001,2500000.0,2.5,449,1024,0.4384765625
01a072a3-8b43-7750-ac81-2431b9de5abb,a,B,QB7,18,4,UVH7a,7,-0.10666666666666667,2500000.0,2.5,463,1024,0.4521484375
01a072a3-8b43-7750-ac81-2431b9de5abb,a,B,QB7,18,4,UVH7a,8,-0.09333333333333334,2500000.0,2.5,450,1024,0.439453125
01a072a3-8b43-7750-ac81-2431b9de5abb,a,B,QB7,18,4,UVH7a,9,-0.08,2500000.0,2.5,461,1024,0.4501953125
01a072a3-8b43-7750-ac81-2431b9de5abb,a,B,QB7,18,4,UVH7a,10,-0.06666666666666668,2500000.0,2.5,488,1024,0.4765625
01a072a3-8b43-7750-ac81-2431b9de5abb,a,B,QB7,18,4,UVH7a,11,-0.053333333333333344,2500000.0,2.5,447,1024,0.4365234375
01a072a3-8b43-7750-ac81-2431b9de5abb,a,B,QB7,18,4,UVH7a,12,-0.04000000000000001,2500000.0,2.5,458,1024,0.447265625
01a072a3-8b43-7750-ac81-2431b9de5abb,a,B,QB7,18,4,UVH7a,13,-0.026666666666666672,2500000.0,2.5,493,1024,0.4814453125
01a072a3-8b43-7750-ac81-2431b9de5abb,a,B,QB7,18,4,UVH7a,14,-0.013333333333333336,2500000.0,2.5,470,1024,0.458984375
01a072a3-8b43-7750-ac81-2431b9de5abb,a,B,QB7,18,4,UVH7a,15,0.0,2500000.0,2.5,460,1024,0.44921875
01a072a3-8b43-7750-ac81-2431b9de5abb,a,B,QB7,18,4,UVH7a,16,0.013333333333333336,2500000.0,2.5,466,1024,0.455078125
01a072a3-8b43-7750-ac81-2431b9de5abb,a,B,QB7,18,4,UVH7a,17,0.026666666666666672,2500000.0,2.5,487,1024,0.4755859375
01a072a3-8b43-7750-ac81-2431b9de5abb,a,B,QB7,18,4,UVH7a,18,0.04000000000000001,2500000.0,2.5,458,1024,0.447265625
01a072a3-8b43-7750-ac81-2431b9de5abb,a,B,QB7,18,4,UVH7a,19,0.053333333333333344,2500000.0,2.5,476,1024,0.46484375
01a072a3-8b43-7750-ac81-2431b9de5abb,a,B,QB7,18,4,UVH7a,20,0.06666666666666665,2500000.0,2.5,469,1024,0.4580078125
01a072a3-8b43-7750-ac81-2431b9de5abb,a,B,QB7,18,4,UVH7a,21,0.08000000000000002,2500000.0,2.5,499,1024,0.4873046875
01a072a3-8b43-7750-ac81-2431b9de5abb,a,B,QB7,18,4,UVH7a,22,0.09333333333333332,2500000.0,2.5,488,1024,0.4765625
01a072a3-8b43-7750-ac81-2431b9de5abb,a,B,QB7,18,4,UVH7a,23,0.10666666666666669,2500000.0,2.5,491,1024,0.4794921875
01a072a3-8b43-7750-ac81-2431b9de5abb,a,B,QB7,18,4,UVH7a,24,0.12,2500000.0,2.5,501,1024,0.4892578125
01a072a3-8b43-7750-ac81-2431b9de5abb,a,B,QB7,18,4,UVH7a,25,0.13333333333333336,2500000.0,2.5,489,1024,0.4775390625
01a072a3-8b43-7750-ac81-2431b9de5abb,a,B,QB7,18,4,UVH7a,26,0.14666666666666667,2500000.0,2.5,497,1024,0.4853515625
01a072a3-8b43-7750-ac81-2431b9de5abb,a,B,QB7,18,4,UVH7a,27,0.16000000000000003,2500000.0,2.5,500,1024,0.48828125
01a072a3-8b43-7750-ac81-2431b9de5abb,a,B,QB7,18,4,UVH7a,28,0.17333333333333334,2500000.0,2.5,499,1024,0.4873046875
01a072a3-8b43-7750-ac81-2431b9de5abb,a,B,QB7,18,4,UVH7a,29,0.1866666666666667,2500000.0,2.5,516,1024,0.50390625
01a072a3-8b43-7750-ac81-2431b9de5abb,a,B,QB7,18,4,UVH7a,30,0.2,2500000.0,2.5,513,1024,0.5009765625
01a072a3-8b43-7750-ac81-2431b9de5abb,a,B,QB7,18,5,UVH8a,0,-0.2,2500000.0,2.5,506,1024,0.494140625
01a072a3-8b43-7750-ac81-2431b9de5abb,a,B,QB7,18,5,UVH8a,1,-0.18666666666666668,2500000.0,2.5,510,1024,0.498046875
01a072a3-8b43-7750-ac81-2431b9de5abb,a,B,QB7,18,5,UVH8a,2,-0.17333333333333334,2500000.0,2.5,520,1024,0.5078125
01a072a3-8b43-7750-ac81-2431b9de5abb,a,B,QB7,18,5,UVH8a,3,-0.16,2500000.0,2.5,531,1024,0.5185546875
01a072a3-8b43-7750-ac81-2431b9de5abb,a,B,QB7,18,5,UVH8a,4,-0.14666666666666667,2500000.0,2.5,549,1024,0.5361328125
01a072a3-8b43-7750-ac81-2431b9de5abb,a,B,QB7,18,5,UVH8a,5,-0.13333333333333336,2500000.0,2.5,534,1024,0.521484375
01a072a3-8b43-7750-ac81-2431b9de5abb,a,B,QB7,18,5,UVH8a,6,-0.12000000000000001,2500000.0,2.5,510,1024,0.498046875
01a072a3-8b43-7750-ac81-2431b9de5abb,a,B,QB7,18,5,UVH8a,7,-0.10666666666666667,2500000.0,2.5,525,1024,0.5126953125
01a072a3-8b43-7750-ac81-2431b9de5abb,a,B,QB7,18,5,UVH8a,8,-0.09333333333333334,2500000.0,2.5,519,1024,0.5068359375
01a072a3-8b43-7750-ac81-2431b9de5abb,a,B,QB7,18,5,UVH8a,9,-0.08,2500000.0,2.5,514,1024,0.501953125
01a072a3-8b43-7750-ac81-2431b9de5abb,a,B,QB7,18,5,UVH8a,10,-0.06666666666666668,2500000.0,2.5,548,1024,0.53515625
01a072a3-8b43-7750-ac81-2431b9de5abb,a,B,QB7,18,5,UVH8a,11,-0.053333333333333344,2500000.0,2.5,539,1024,0.5263671875
01a072a3-8b43-7750-ac81-2431b9de5abb,a,B,QB7,18,5,UVH8a,12,-0.04000000000000001,2500000.0,2.5,546,1024,0.533203125
01a072a3-8b43-7750-ac81-2431b9de5abb,a,B,QB7,18,5,UVH8a,13,-0.026666666666666672,2500000.0,2.5,566,1024,0.552734375
01a072a3-8b43-7750-ac81-2431b9de5abb,a,B,QB7,18,5,UVH8a,14,-0.013333333333333336,2500000.0,2.5,576,1024,0.5625
01a072a3-8b43-7750-ac81-2431b9de5abb,a,B,QB7,18,5,UVH8a,15,0.0,2500000.0,2.5,577,1024,0.5634765625
01a072a3-8b43-7750-ac81-2431b9de5abb,a,B,QB7,18,5,UVH8a,16,0.013333333333333336,2500000.0,2.5,576,1024,0.5625
01a072a3-8b43-7750-ac81-2431b9de5abb,a,B,QB7,18,5,UVH8a,17,0.026666666666666672,2500000.0,2.5,601,1024,0.5869140625
01a072a3-8b43-7750-ac81-2431b9de5abb,a,B,QB7,18,5,UVH8a,18,0.04000000000000001,2500000.0,2.5,568,1024,0.5546875
01a072a3-8b43-7750-ac81-2431b9de5abb,a,B,QB7,18,5,UVH8a,19,0.053333333333333344,2500000.0,2.5,625,1024,0.6103515625
01a072a3-8b43-7750-ac81-2431b9de5abb,a,B,QB7,18,5,UVH8a,20,0.06666666666666665,2500000.0,2.5,648,1024,0.6328125
01a072a3-8b43-7750-ac81-2431b9de5abb,a,B,QB7,18,5,UVH8a,21,0.08000000000000002,2500000.0,2.5,650,1024,0.634765625
01a072a3-8b43-7750-ac81-2431b9de5abb,a,B,QB7,18,5,UVH8a,22,0.09333333333333332,2500000.0,2.5,622,1024,0.607421875
01a072a3-8b43-7750-ac81-2431b9de5abb,a,B,QB7,18,5,UVH8a,23,0.10666666666666669,2500000.0,2.5,637,1024,0.6220703125
01a072a3-8b43-7750-ac81-2431b9de5abb,a,B,QB7,18,5,UVH8a,24,0.12,2500000.0,2.5,665,1024,0.6494140625
01a072a3-8b43-7750-ac81-2431b9de5abb,a,B,QB7,18,5,UVH8a,25,0.13333333333333336,2500000.0,2.5,651,1024,0.6357421875
01a072a3-8b43-7750-ac81-2431b9de5abb,a,B,QB7,18,5,UVH8a,26,0.14666666666666667,2500000.0,2.5,688,1024,0.671875
01a072a3-8b43-7750-ac81-2431b9de5abb,a,B,QB7,18,5,UVH8a,27,0.16000000000000003,2500000.0,2.5,681,1024,0.6650390625
01a072a3-8b43-7750-ac81-2431b9de5abb,a,B,QB7,18,5,UVH8a,28,0.17333333333333334,2500000.0,2.5,670,1024,0.654296875
01a072a3-8b43-7750-ac81-2431b9de5abb,a,B,QB7,18,5,UVH8a,29,0.1866666666666667,2500000.0,2.5,692,1024,0.67578125
01a072a3-8b43-7750-ac81-2431b9de5abb,a,B,QB7,18,5,UVH8a,30,0.2,2500000.0,2.5,679,1024,0.6630859375
01a072a3-8b43-7750-ac81-2431b9de5abb,a,B,QB15,19,0,standard_pi_2,0,-0.2,2500000.0,2.5,316,1024,0.30859375
01a072a3-8b43-7750-ac81-2431b9de5abb,a,B,QB15,19,0,standard_pi_2,1,-0.18666666666666668,2500000.0,2.5,343,1024,0.3349609375
01a072a3-8b43-7750-ac81-2431b9de5abb,a,B,QB15,19,0,standard_pi_2,2,-0.17333333333333334,2500000.0,2.5,346,1024,0.337890625
01a072a3-8b43-7750-ac81-2431b9de5abb,a,B,QB15,19,0,standard_pi_2,3,-0.16,2500000.0,2.5,353,1024,0.3447265625
01a072a3-8b43-7750-ac81-2431b9de5abb,a,B,QB15,19,0,standard_pi_2,4,-0.14666666666666667,2500000.0,2.5,353,1024,0.3447265625
01a072a3-8b43-7750-ac81-2431b9de5abb,a,B,QB15,19,0,standard_pi_2,5,-0.13333333333333336,2500000.0,2.5,374,1024,0.365234375
01a072a3-8b43-7750-ac81-2431b9de5abb,a,B,QB15,19,0,standard_pi_2,6,-0.12000000000000001,2500000.0,2.5,386,1024,0.376953125
01a072a3-8b43-7750-ac81-2431b9de5abb,a,B,QB15,19,0,standard_pi_2,7,-0.10666666666666667,2500000.0,2.5,361,1024,0.3525390625
01a072a3-8b43-7750-ac81-2431b9de5abb,a,B,QB15,19,0,standard_pi_2,8,-0.09333333333333334,2500000.0,2.5,383,1024,0.3740234375
01a072a3-8b43-7750-ac81-2431b9de5abb,a,B,QB15,19,0,standard_pi_2,9,-0.08,2500000.0,2.5,403,1024,0.3935546875
01a072a3-8b43-7750-ac81-2431b9de5abb,a,B,QB15,19,0,standard_pi_2,10,-0.06666666666666668,2500000.0,2.5,401,1024,0.3916015625
01a072a3-8b43-7750-ac81-2431b9de5abb,a,B,QB15,19,0,standard_pi_2,11,-0.053333333333333344,2500000.0,2.5,426,1024,0.416015625
01a072a3-8b43-7750-ac81-2431b9de5abb,a,B,QB15,19,0,standard_pi_2,12,-0.04000000000000001,2500000.0,2.5,433,1024,0.4228515625
01a072a3-8b43-7750-ac81-2431b9de5abb,a,B,QB15,19,0,standard_pi_2,13,-0.026666666666666672,2500000.0,2.5,447,1024,0.4365234375
01a072a3-8b43-7750-ac81-2431b9de5abb,a,B,QB15,19,0,standard_pi_2,14,-0.013333333333333336,2500000.0,2.5,445,1024,0.4345703125
01a072a3-8b43-7750-ac81-2431b9de5abb,a,B,QB15,19,0,standard_pi_2,15,0.0,2500000.0,2.5,482,1024,0.470703125
01a072a3-8b43-7750-ac81-2431b9de5abb,a,B,QB15,19,0,standard_pi_2,16,0.013333333333333336,2500000.0,2.5,465,1024,0.4541015625
01a072a3-8b43-7750-ac81-2431b9de5abb,a,B,QB15,19,0,standard_pi_2,17,0.026666666666666672,2500000.0,2.5,468,1024,0.45703125
01a072a3-8b43-7750-ac81-2431b9de5abb,a,B,QB15,19,0,standard_pi_2,18,0.04000000000000001,2500000.0,2.5,495,1024,0.4833984375
01a072a3-8b43-7750-ac81-2431b9de5abb,a,B,QB15,19,0,standard_pi_2,19,0.053333333333333344,2500000.0,2.5,503,1024,0.4912109375
01a072a3-8b43-7750-ac81-2431b9de5abb,a,B,QB15,19,0,standard_pi_2,20,0.06666666666666665,2500000.0,2.5,519,1024,0.5068359375
01a072a3-8b43-7750-ac81-2431b9de5abb,a,B,QB15,19,0,standard_pi_2,21,0.08000000000000002,2500000.0,2.5,525,1024,0.5126953125
01a072a3-8b43-7750-ac81-2431b9de5abb,a,B,QB15,19,0,standard_pi_2,22,0.09333333333333332,2500000.0,2.5,529,1024,0.5166015625
01a072a3-8b43-7750-ac81-2431b9de5abb,a,B,QB15,19,0,standard_pi_2,23,0.10666666666666669,2500000.0,2.5,530,1024,0.517578125
01a072a3-8b43-7750-ac81-2431b9de5abb,a,B,QB15,19,0,standard_pi_2,24,0.12,2500000.0,2.5,533,1024,0.5205078125
01a072a3-8b43-7750-ac81-2431b9de5abb,a,B,QB15,19,0,standard_pi_2,25,0.13333333333333336,2500000.0,2.5,528,1024,0.515625
01a072a3-8b43-7750-ac81-2431b9de5abb,a,B,QB15,19,0,standard_pi_2,26,0.14666666666666667,2500000.0,2.5,558,1024,0.544921875
01a072a3-8b43-7750-ac81-2431b9de5abb,a,B,QB15,19,0,standard_pi_2,27,0.16000000000000003,2500000.0,2.5,574,1024,0.560546875
01a072a3-8b43-7750-ac81-2431b9de5abb,a,B,QB15,19,0,standard_pi_2,28,0.17333333333333334,2500000.0,2.5,577,1024,0.5634765625
01a072a3-8b43-7750-ac81-2431b9de5abb,a,B,QB15,19,0,standard_pi_2,29,0.1866666666666667,2500000.0,2.5,599,1024,0.5849609375
01a072a3-8b43-7750-ac81-2431b9de5abb,a,B,QB15,19,0,standard_pi_2,30,0.2,2500000.0,2.5,581,1024,0.5673828125
01a072a3-8b43-7750-ac81-2431b9de5abb,a,B,QB15,19,1,UVH4a,0,-0.2,2500000.0,2.5,434,1024,0.423828125
01a072a3-8b43-7750-ac81-2431b9de5abb,a,B,QB15,19,1,UVH4a,1,-0.18666666666666668,2500000.0,2.5,436,1024,0.42578125
01a072a3-8b43-7750-ac81-2431b9de5abb,a,B,QB15,19,1,UVH4a,2,-0.17333333333333334,2500000.0,2.5,462,1024,0.451171875
01a072a3-8b43-7750-ac81-2431b9de5abb,a,B,QB15,19,1,UVH4a,3,-0.16,2500000.0,2.5,491,1024,0.4794921875
01a072a3-8b43-7750-ac81-2431b9de5abb,a,B,QB15,19,1,UVH4a,4,-0.14666666666666667,2500000.0,2.5,461,1024,0.4501953125
01a072a3-8b43-7750-ac81-2431b9de5abb,a,B,QB15,19,1,UVH4a,5,-0.13333333333333336,2500000.0,2.5,446,1024,0.435546875
01a072a3-8b43-7750-ac81-2431b9de5abb,a,B,QB15,19,1,UVH4a,6,-0.12000000000000001,2500000.0,2.5,504,1024,0.4921875
01a072a3-8b43-7750-ac81-2431b9de5abb,a,B,QB15,19,1,UVH4a,7,-0.10666666666666667,2500000.0,2.5,485,1024,0.4736328125
01a072a3-8b43-7750-ac81-2431b9de5abb,a,B,QB15,19,1,UVH4a,8,-0.09333333333333334,2500000.0,2.5,466,1024,0.455078125
01a072a3-8b43-7750-ac81-2431b9de5abb,a,B,QB15,19,1,UVH4a,9,-0.08,2500000.0,2.5,474,1024,0.462890625
01a072a3-8b43-7750-ac81-2431b9de5abb,a,B,QB15,19,1,UVH4a,10,-0.06666666666666668,2500000.0,2.5,488,1024,0.4765625
01a072a3-8b43-7750-ac81-2431b9de5abb,a,B,QB15,19,1,UVH4a,11,-0.053333333333333344,2500000.0,2.5,466,1024,0.455078125
01a072a3-8b43-7750-ac81-2431b9de5abb,a,B,QB15,19,1,UVH4a,12,-0.04000000000000001,2500000.0,2.5,504,1024,0.4921875
01a072a3-8b43-7750-ac81-2431b9de5abb,a,B,QB15,19,1,UVH4a,13,-0.026666666666666672,2500000.0,2.5,492,1024,0.48046875
01a072a3-8b43-7750-ac81-2431b9de5abb,a,B,QB15,19,1,UVH4a,14,-0.013333333333333336,2500000.0,2.5,484,1024,0.47265625
01a072a3-8b43-7750-ac81-2431b9de5abb,a,B,QB15,19,1,UVH4a,15,0.0,2500000.0,2.5,497,1024,0.4853515625
01a072a3-8b43-7750-ac81-2431b9de5abb,a,B,QB15,19,1,UVH4a,16,0.013333333333333336,2500000.0,2.5,476,1024,0.46484375
01a072a3-8b43-7750-ac81-2431b9de5abb,a,B,QB15,19,1,UVH4a,17,0.026666666666666672,2500000.0,2.5,490,1024,0.478515625
01a072a3-8b43-7750-ac81-2431b9de5abb,a,B,QB15,19,1,UVH4a,18,0.04000000000000001,2500000.0,2.5,500,1024,0.48828125
01a072a3-8b43-7750-ac81-2431b9de5abb,a,B,QB15,19,1,UVH4a,19,0.053333333333333344,2500000.0,2.5,475,1024,0.4638671875
01a072a3-8b43-7750-ac81-2431b9de5abb,a,B,QB15,19,1,UVH4a,20,0.06666666666666665,2500000.0,2.5,484,1024,0.47265625
01a072a3-8b43-7750-ac81-2431b9de5abb,a,B,QB15,19,1,UVH4a,21,0.08000000000000002,2500000.0,2.5,494,1024,0.482421875
01a072a3-8b43-7750-ac81-2431b9de5abb,a,B,QB15,19,1,UVH4a,22,0.09333333333333332,2500000.0,2.5,505,1024,0.4931640625
01a072a3-8b43-7750-ac81-2431b9de5abb,a,B,QB15,19,1,UVH4a,23,0.10666666666666669,2500000.0,2.5,478,1024,0.466796875
01a072a3-8b43-7750-ac81-2431b9de5abb,a,B,QB15,19,1,UVH4a,24,0.12,2500000.0,2.5,493,1024,0.4814453125
01a072a3-8b43-7750-ac81-2431b9de5abb,a,B,QB15,19,1,UVH4a,25,0.13333333333333336,2500000.0,2.5,464,1024,0.453125
01a072a3-8b43-7750-ac81-2431b9de5abb,a,B,QB15,19,1,UVH4a,26,0.14666666666666667,2500000.0,2.5,508,1024,0.49609375
01a072a3-8b43-7750-ac81-2431b9de5abb,a,B,QB15,19,1,UVH4a,27,0.16000000000000003,2500000.0,2.5,438,1024,0.427734375
01a072a3-8b43-7750-ac81-2431b9de5abb,a,B,QB15,19,1,UVH4a,28,0.17333333333333334,2500000.0,2.5,465,1024,0.4541015625
01a072a3-8b43-7750-ac81-2431b9de5abb,a,B,QB15,19,1,UVH4a,29,0.1866666666666667,2500000.0,2.5,461,1024,0.4501953125
01a072a3-8b43-7750-ac81-2431b9de5abb,a,B,QB15,19,1,UVH4a,30,0.2,2500000.0,2.5,453,1024,0.4423828125
01a072a3-8b43-7750-ac81-2431b9de5abb,a,B,QB15,19,2,UVH5a,0,-0.2,2500000.0,2.5,552,1024,0.5390625
01a072a3-8b43-7750-ac81-2431b9de5abb,a,B,QB15,19,2,UVH5a,1,-0.18666666666666668,2500000.0,2.5,540,1024,0.52734375
01a072a3-8b43-7750-ac81-2431b9de5abb,a,B,QB15,19,2,UVH5a,2,-0.17333333333333334,2500000.0,2.5,575,1024,0.5615234375
01a072a3-8b43-7750-ac81-2431b9de5abb,a,B,QB15,19,2,UVH5a,3,-0.16,2500000.0,2.5,589,1024,0.5751953125
01a072a3-8b43-7750-ac81-2431b9de5abb,a,B,QB15,19,2,UVH5a,4,-0.14666666666666667,2500000.0,2.5,541,1024,0.5283203125
01a072a3-8b43-7750-ac81-2431b9de5abb,a,B,QB15,19,2,UVH5a,5,-0.13333333333333336,2500000.0,2.5,545,1024,0.5322265625
01a072a3-8b43-7750-ac81-2431b9de5abb,a,B,QB15,19,2,UVH5a,6,-0.12000000000000001,2500000.0,2.5,542,1024,0.529296875
01a072a3-8b43-7750-ac81-2431b9de5abb,a,B,QB15,19,2,UVH5a,7,-0.10666666666666667,2500000.0,2.5,534,1024,0.521484375
01a072a3-8b43-7750-ac81-2431b9de5abb,a,B,QB15,19,2,UVH5a,8,-0.09333333333333334,2500000.0,2.5,547,1024,0.5341796875
01a072a3-8b43-7750-ac81-2431b9de5abb,a,B,QB15,19,2,UVH5a,9,-0.08,2500000.0,2.5,514,1024,0.501953125
01a072a3-8b43-7750-ac81-2431b9de5abb,a,B,QB15,19,2,UVH5a,10,-0.06666666666666668,2500000.0,2.5,533,1024,0.5205078125
01a072a3-8b43-7750-ac81-2431b9de5abb,a,B,QB15,19,2,UVH5a,11,-0.053333333333333344,2500000.0,2.5,546,1024,0.533203125
01a072a3-8b43-7750-ac81-2431b9de5abb,a,B,QB15,19,2,UVH5a,12,-0.04000000000000001,2500000.0,2.5,506,1024,0.494140625
01a072a3-8b43-7750-ac81-2431b9de5abb,a,B,QB15,19,2,UVH5a,13,-0.026666666666666672,2500000.0,2.5,503,1024,0.4912109375
01a072a3-8b43-7750-ac81-2431b9de5abb,a,B,QB15,19,2,UVH5a,14,-0.013333333333333336,2500000.0,2.5,514,1024,0.501953125
01a072a3-8b43-7750-ac81-2431b9de5abb,a,B,QB15,19,2,UVH5a,15,0.0,2500000.0,2.5,515,1024,0.5029296875
01a072a3-8b43-7750-ac81-2431b9de5abb,a,B,QB15,19,2,UVH5a,16,0.013333333333333336,2500000.0,2.5,494,1024,0.482421875
01a072a3-8b43-7750-ac81-2431b9de5abb,a,B,QB15,19,2,UVH5a,17,0.026666666666666672,2500000.0,2.5,464,1024,0.453125
01a072a3-8b43-7750-ac81-2431b9de5abb,a,B,QB15,19,2,UVH5a,18,0.04000000000000001,2500000.0,2.5,486,1024,0.474609375
01a072a3-8b43-7750-ac81-2431b9de5abb,a,B,QB15,19,2,UVH5a,19,0.053333333333333344,2500000.0,2.5,486,1024,0.474609375
01a072a3-8b43-7750-ac81-2431b9de5abb,a,B,QB15,19,2,UVH5a,20,0.06666666666666665,2500000.0,2.5,473,1024,0.4619140625
01a072a3-8b43-7750-ac81-2431b9de5abb,a,B,QB15,19,2,UVH5a,21,0.08000000000000002,2500000.0,2.5,467,1024,0.4560546875
01a072a3-8b43-7750-ac81-2431b9de5abb,a,B,QB15,19,2,UVH5a,22,0.09333333333333332,2500000.0,2.5,492,1024,0.48046875
01a072a3-8b43-7750-ac81-2431b9de5abb,a,B,QB15,19,2,UVH5a,23,0.10666666666666669,2500000.0,2.5,478,1024,0.466796875
01a072a3-8b43-7750-ac81-2431b9de5abb,a,B,QB15,19,2,UVH5a,24,0.12,2500000.0,2.5,488,1024,0.4765625
01a072a3-8b43-7750-ac81-2431b9de5abb,a,B,QB15,19,2,UVH5a,25,0.13333333333333336,2500000.0,2.5,468,1024,0.45703125
01a072a3-8b43-7750-ac81-2431b9de5abb,a,B,QB15,19,2,UVH5a,26,0.14666666666666667,2500000.0,2.5,459,1024,0.4482421875
01a072a3-8b43-7750-ac81-2431b9de5abb,a,B,QB15,19,2,UVH5a,27,0.16000000000000003,2500000.0,2.5,418,1024,0.408203125
01a072a3-8b43-7750-ac81-2431b9de5abb,a,B,QB15,19,2,UVH5a,28,0.17333333333333334,2500000.0,2.5,473,1024,0.4619140625
01a072a3-8b43-7750-ac81-2431b9de5abb,a,B,QB15,19,2,UVH5a,29,0.1866666666666667,2500000.0,2.5,451,1024,0.4404296875
01a072a3-8b43-7750-ac81-2431b9de5abb,a,B,QB15,19,2,UVH5a,30,0.2,2500000.0,2.5,447,1024,0.4365234375
01a072a3-8b43-7750-ac81-2431b9de5abb,a,B,QB15,19,3,UVH6a,0,-0.2,2500000.0,2.5,546,1024,0.533203125
01a072a3-8b43-7750-ac81-2431b9de5abb,a,B,QB15,19,3,UVH6a,1,-0.18666666666666668,2500000.0,2.5,517,1024,0.5048828125
01a072a3-8b43-7750-ac81-2431b9de5abb,a,B,QB15,19,3,UVH6a,2,-0.17333333333333334,2500000.0,2.5,524,1024,0.51171875
01a072a3-8b43-7750-ac81-2431b9de5abb,a,B,QB15,19,3,UVH6a,3,-0.16,2500000.0,2.5,538,1024,0.525390625
01a072a3-8b43-7750-ac81-2431b9de5abb,a,B,QB15,19,3,UVH6a,4,-0.14666666666666667,2500000.0,2.5,483,1024,0.4716796875
01a072a3-8b43-7750-ac81-2431b9de5abb,a,B,QB15,19,3,UVH6a,5,-0.13333333333333336,2500000.0,2.5,517,1024,0.5048828125
01a072a3-8b43-7750-ac81-2431b9de5abb,a,B,QB15,19,3,UVH6a,6,-0.12000000000000001,2500000.0,2.5,491,1024,0.4794921875
01a072a3-8b43-7750-ac81-2431b9de5abb,a,B,QB15,19,3,UVH6a,7,-0.10666666666666667,2500000.0,2.5,486,1024,0.474609375
01a072a3-8b43-7750-ac81-2431b9de5abb,a,B,QB15,19,3,UVH6a,8,-0.09333333333333334,2500000.0,2.5,479,1024,0.4677734375
01a072a3-8b43-7750-ac81-2431b9de5abb,a,B,QB15,19,3,UVH6a,9,-0.08,2500000.0,2.5,455,1024,0.4443359375
01a072a3-8b43-7750-ac81-2431b9de5abb,a,B,QB15,19,3,UVH6a,10,-0.06666666666666668,2500000.0,2.5,478,1024,0.466796875
01a072a3-8b43-7750-ac81-2431b9de5abb,a,B,QB15,19,3,UVH6a,11,-0.053333333333333344,2500000.0,2.5,486,1024,0.474609375
01a072a3-8b43-7750-ac81-2431b9de5abb,a,B,QB15,19,3,UVH6a,12,-0.04000000000000001,2500000.0,2.5,475,1024,0.4638671875
01a072a3-8b43-7750-ac81-2431b9de5abb,a,B,QB15,19,3,UVH6a,13,-0.026666666666666672,2500000.0,2.5,466,1024,0.455078125
01a072a3-8b43-7750-ac81-2431b9de5abb,a,B,QB15,19,3,UVH6a,14,-0.013333333333333336,2500000.0,2.5,517,1024,0.5048828125
01a072a3-8b43-7750-ac81-2431b9de5abb,a,B,QB15,19,3,UVH6a,15,0.0,2500000.0,2.5,466,1024,0.455078125
01a072a3-8b43-7750-ac81-2431b9de5abb,a,B,QB15,19,3,UVH6a,16,0.013333333333333336,2500000.0,2.5,505,1024,0.4931640625
01a072a3-8b43-7750-ac81-2431b9de5abb,a,B,QB15,19,3,UVH6a,17,0.026666666666666672,2500000.0,2.5,476,1024,0.46484375
01a072a3-8b43-7750-ac81-2431b9de5abb,a,B,QB15,19,3,UVH6a,18,0.04000000000000001,2500000.0,2.5,495,1024,0.4833984375
01a072a3-8b43-7750-ac81-2431b9de5abb,a,B,QB15,19,3,UVH6a,19,0.053333333333333344,2500000.0,2.5,477,1024,0.4658203125
01a072a3-8b43-7750-ac81-2431b9de5abb,a,B,QB15,19,3,UVH6a,20,0.06666666666666665,2500000.0,2.5,494,1024,0.482421875
01a072a3-8b43-7750-ac81-2431b9de5abb,a,B,QB15,19,3,UVH6a,21,0.08000000000000002,2500000.0,2.5,490,1024,0.478515625
01a072a3-8b43-7750-ac81-2431b9de5abb,a,B,QB15,19,3,UVH6a,22,0.09333333333333332,2500000.0,2.5,485,1024,0.4736328125
01a072a3-8b43-7750-ac81-2431b9de5abb,a,B,QB15,19,3,UVH6a,23,0.10666666666666669,2500000.0,2.5,502,1024,0.490234375
01a072a3-8b43-7750-ac81-2431b9de5abb,a,B,QB15,19,3,UVH6a,24,0.12,2500000.0,2.5,490,1024,0.478515625
01a072a3-8b43-7750-ac81-2431b9de5abb,a,B,QB15,19,3,UVH6a,25,0.13333333333333336,2500000.0,2.5,493,1024,0.4814453125
01a072a3-8b43-7750-ac81-2431b9de5abb,a,B,QB15,19,3,UVH6a,26,0.14666666666666667,2500000.0,2.5,492,1024,0.48046875
01a072a3-8b43-7750-ac81-2431b9de5abb,a,B,QB15,19,3,UVH6a,27,0.16000000000000003,2500000.0,2.5,483,1024,0.4716796875
01a072a3-8b43-7750-ac81-2431b9de5abb,a,B,QB15,19,3,UVH6a,28,0.17333333333333334,2500000.0,2.5,520,1024,0.5078125
01a072a3-8b43-7750-ac81-2431b9de5abb,a,B,QB15,19,3,UVH6a,29,0.1866666666666667,2500000.0,2.5,498,1024,0.486328125
01a072a3-8b43-7750-ac81-2431b9de5abb,a,B,QB15,19,3,UVH6a,30,0.2,2500000.0,2.5,493,1024,0.4814453125
01a072a3-8b43-7750-ac81-2431b9de5abb,a,B,QB15,19,4,UVH7a,0,-0.2,2500000.0,2.5,548,1024,0.53515625
01a072a3-8b43-7750-ac81-2431b9de5abb,a,B,QB15,19,4,UVH7a,1,-0.18666666666666668,2500000.0,2.5,508,1024,0.49609375
01a072a3-8b43-7750-ac81-2431b9de5abb,a,B,QB15,19,4,UVH7a,2,-0.17333333333333334,2500000.0,2.5,504,1024,0.4921875
01a072a3-8b43-7750-ac81-2431b9de5abb,a,B,QB15,19,4,UVH7a,3,-0.16,2500000.0,2.5,518,1024,0.505859375
01a072a3-8b43-7750-ac81-2431b9de5abb,a,B,QB15,19,4,UVH7a,4,-0.14666666666666667,2500000.0,2.5,549,1024,0.5361328125
01a072a3-8b43-7750-ac81-2431b9de5abb,a,B,QB15,19,4,UVH7a,5,-0.13333333333333336,2500000.0,2.5,532,1024,0.51953125
01a072a3-8b43-7750-ac81-2431b9de5abb,a,B,QB15,19,4,UVH7a,6,-0.12000000000000001,2500000.0,2.5,543,1024,0.5302734375
01a072a3-8b43-7750-ac81-2431b9de5abb,a,B,QB15,19,4,UVH7a,7,-0.10666666666666667,2500000.0,2.5,541,1024,0.5283203125
01a072a3-8b43-7750-ac81-2431b9de5abb,a,B,QB15,19,4,UVH7a,8,-0.09333333333333334,2500000.0,2.5,537,1024,0.5244140625
01a072a3-8b43-7750-ac81-2431b9de5abb,a,B,QB15,19,4,UVH7a,9,-0.08,2500000.0,2.5,544,1024,0.53125
01a072a3-8b43-7750-ac81-2431b9de5abb,a,B,QB15,19,4,UVH7a,10,-0.06666666666666668,2500000.0,2.5,570,1024,0.556640625
01a072a3-8b43-7750-ac81-2431b9de5abb,a,B,QB15,19,4,UVH7a,11,-0.053333333333333344,2500000.0,2.5,520,1024,0.5078125
01a072a3-8b43-7750-ac81-2431b9de5abb,a,B,QB15,19,4,UVH7a,12,-0.04000000000000001,2500000.0,2.5,548,1024,0.53515625
01a072a3-8b43-7750-ac81-2431b9de5abb,a,B,QB15,19,4,UVH7a,13,-0.026666666666666672,2500000.0,2.5,502,1024,0.490234375
01a072a3-8b43-7750-ac81-2431b9de5abb,a,B,QB15,19,4,UVH7a,14,-0.013333333333333336,2500000.0,2.5,541,1024,0.5283203125
01a072a3-8b43-7750-ac81-2431b9de5abb,a,B,QB15,19,4,UVH7a,15,0.0,2500000.0,2.5,519,1024,0.5068359375
01a072a3-8b43-7750-ac81-2431b9de5abb,a,B,QB15,19,4,UVH7a,16,0.013333333333333336,2500000.0,2.5,540,1024,0.52734375
01a072a3-8b43-7750-ac81-2431b9de5abb,a,B,QB15,19,4,UVH7a,17,0.026666666666666672,2500000.0,2.5,550,1024,0.537109375
01a072a3-8b43-7750-ac81-2431b9de5abb,a,B,QB15,19,4,UVH7a,18,0.04000000000000001,2500000.0,2.5,511,1024,0.4990234375
01a072a3-8b43-7750-ac81-2431b9de5abb,a,B,QB15,19,4,UVH7a,19,0.053333333333333344,2500000.0,2.5,503,1024,0.4912109375
01a072a3-8b43-7750-ac81-2431b9de5abb,a,B,QB15,19,4,UVH7a,20,0.06666666666666665,2500000.0,2.5,540,1024,0.52734375
01a072a3-8b43-7750-ac81-2431b9de5abb,a,B,QB15,19,4,UVH7a,21,0.08000000000000002,2500000.0,2.5,542,1024,0.529296875
01a072a3-8b43-7750-ac81-2431b9de5abb,a,B,QB15,19,4,UVH7a,22,0.09333333333333332,2500000.0,2.5,524,1024,0.51171875
01a072a3-8b43-7750-ac81-2431b9de5abb,a,B,QB15,19,4,UVH7a,23,0.10666666666666669,2500000.0,2.5,524,1024,0.51171875
01a072a3-8b43-7750-ac81-2431b9de5abb,a,B,QB15,19,4,UVH7a,24,0.12,2500000.0,2.5,515,1024,0.5029296875
01a072a3-8b43-7750-ac81-2431b9de5abb,a,B,QB15,19,4,UVH7a,25,0.13333333333333336,2500000.0,2.5,521,1024,0.5087890625
01a072a3-8b43-7750-ac81-2431b9de5abb,a,B,QB15,19,4,UVH7a,26,0.14666666666666667,2500000.0,2.5,534,1024,0.521484375
01a072a3-8b43-7750-ac81-2431b9de5abb,a,B,QB15,19,4,UVH7a,27,0.16000000000000003,2500000.0,2.5,532,1024,0.51953125
01a072a3-8b43-7750-ac81-2431b9de5abb,a,B,QB15,19,4,UVH7a,28,0.17333333333333334,2500000.0,2.5,498,1024,0.486328125
01a072a3-8b43-7750-ac81-2431b9de5abb,a,B,QB15,19,4,UVH7a,29,0.1866666666666667,2500000.0,2.5,519,1024,0.5068359375
01a072a3-8b43-7750-ac81-2431b9de5abb,a,B,QB15,19,4,UVH7a,30,0.2,2500000.0,2.5,544,1024,0.53125
01a072a3-8b43-7750-ac81-2431b9de5abb,a,B,QB15,19,5,UVH8a,0,-0.2,2500000.0,2.5,429,1024,0.4189453125
01a072a3-8b43-7750-ac81-2431b9de5abb,a,B,QB15,19,5,UVH8a,1,-0.18666666666666668,2500000.0,2.5,435,1024,0.4248046875
01a072a3-8b43-7750-ac81-2431b9de5abb,a,B,QB15,19,5,UVH8a,2,-0.17333333333333334,2500000.0,2.5,472,1024,0.4609375
01a072a3-8b43-7750-ac81-2431b9de5abb,a,B,QB15,19,5,UVH8a,3,-0.16,2500000.0,2.5,446,1024,0.435546875
01a072a3-8b43-7750-ac81-2431b9de5abb,a,B,QB15,19,5,UVH8a,4,-0.14666666666666667,2500000.0,2.5,417,1024,0.4072265625
01a072a3-8b43-7750-ac81-2431b9de5abb,a,B,QB15,19,5,UVH8a,5,-0.13333333333333336,2500000.0,2.5,453,1024,0.4423828125
01a072a3-8b43-7750-ac81-2431b9de5abb,a,B,QB15,19,5,UVH8a,6,-0.12000000000000001,2500000.0,2.5,423,1024,0.4130859375
01a072a3-8b43-7750-ac81-2431b9de5abb,a,B,QB15,19,5,UVH8a,7,-0.10666666666666667,2500000.0,2.5,425,1024,0.4150390625
01a072a3-8b43-7750-ac81-2431b9de5abb,a,B,QB15,19,5,UVH8a,8,-0.09333333333333334,2500000.0,2.5,427,1024,0.4169921875
01a072a3-8b43-7750-ac81-2431b9de5abb,a,B,QB15,19,5,UVH8a,9,-0.08,2500000.0,2.5,456,1024,0.4453125
01a072a3-8b43-7750-ac81-2431b9de5abb,a,B,QB15,19,5,UVH8a,10,-0.06666666666666668,2500000.0,2.5,461,1024,0.4501953125
01a072a3-8b43-7750-ac81-2431b9de5abb,a,B,QB15,19,5,UVH8a,11,-0.053333333333333344,2500000.0,2.5,422,1024,0.412109375
01a072a3-8b43-7750-ac81-2431b9de5abb,a,B,QB15,19,5,UVH8a,12,-0.04000000000000001,2500000.0,2.5,435,1024,0.4248046875
01a072a3-8b43-7750-ac81-2431b9de5abb,a,B,QB15,19,5,UVH8a,13,-0.026666666666666672,2500000.0,2.5,458,1024,0.447265625
01a072a3-8b43-7750-ac81-2431b9de5abb,a,B,QB15,19,5,UVH8a,14,-0.013333333333333336,2500000.0,2.5,433,1024,0.4228515625
01a072a3-8b43-7750-ac81-2431b9de5abb,a,B,QB15,19,5,UVH8a,15,0.0,2500000.0,2.5,451,1024,0.4404296875
01a072a3-8b43-7750-ac81-2431b9de5abb,a,B,QB15,19,5,UVH8a,16,0.013333333333333336,2500000.0,2.5,451,1024,0.4404296875
01a072a3-8b43-7750-ac81-2431b9de5abb,a,B,QB15,19,5,UVH8a,17,0.026666666666666672,2500000.0,2.5,455,1024,0.4443359375
01a072a3-8b43-7750-ac81-2431b9de5abb,a,B,QB15,19,5,UVH8a,18,0.04000000000000001,2500000.0,2.5,445,1024,0.4345703125
01a072a3-8b43-7750-ac81-2431b9de5abb,a,B,QB15,19,5,UVH8a,19,0.053333333333333344,2500000.0,2.5,456,1024,0.4453125
01a072a3-8b43-7750-ac81-2431b9de5abb,a,B,QB15,19,5,UVH8a,20,0.06666666666666665,2500000.0,2.5,466,1024,0.455078125
01a072a3-8b43-7750-ac81-2431b9de5abb,a,B,QB15,19,5,UVH8a,21,0.08000000000000002,2500000.0,2.5,440,1024,0.4296875
01a072a3-8b43-7750-ac81-2431b9de5abb,a,B,QB15,19,5,UVH8a,22,0.09333333333333332,2500000.0,2.5,414,1024,0.404296875
01a072a3-8b43-7750-ac81-2431b9de5abb,a,B,QB15,19,5,UVH8a,23,0.10666666666666669,2500000.0,2.5,449,1024,0.4384765625
01a072a3-8b43-7750-ac81-2431b9de5abb,a,B,QB15,19,5,UVH8a,24,0.12,2500000.0,2.5,441,1024,0.4306640625
01a072a3-8b43-7750-ac81-2431b9de5abb,a,B,QB15,19,5,UVH8a,25,0.13333333333333336,2500000.0,2.5,469,1024,0.4580078125
01a072a3-8b43-7750-ac81-2431b9de5abb,a,B,QB15,19,5,UVH8a,26,0.14666666666666667,2500000.0,2.5,438,1024,0.427734375
01a072a3-8b43-7750-ac81-2431b9de5abb,a,B,QB15,19,5,UVH8a,27,0.16000000000000003,2500000.0,2.5,423,1024,0.4130859375
01a072a3-8b43-7750-ac81-2431b9de5abb,a,B,QB15,19,5,UVH8a,28,0.17333333333333334,2500000.0,2.5,432,1024,0.421875
01a072a3-8b43-7750-ac81-2431b9de5abb,a,B,QB15,19,5,UVH8a,29,0.1866666666666667,2500000.0,2.5,443,1024,0.4326171875
01a072a3-8b43-7750-ac81-2431b9de5abb,a,B,QB15,19,5,UVH8a,30,0.2,2500000.0,2.5,406,1024,0.396484375
