job_id,family,panel,qubit,logical_q,circuit_idx,circuit,sweep_idx,epsilon,detuning_Hz,detuning_MHz,n1,shots,p1_raw
01a0a57e-4c4f-7f82-af6d-66730fad5648,d,C,QB8,0,0,standard_pi_2,0,0.0,-9000000.0,-9.0,553,1024,0.5400390625
01a0a57e-4c4f-7f82-af6d-66730fad5648,d,C,QB8,0,0,standard_pi_2,1,0.0,-8550000.0,-8.55,548,1024,0.53515625
01a0a57e-4c4f-7f82-af6d-66730fad5648,d,C,QB8,0,0,standard_pi_2,2,0.0,-8100000.0,-8.1,519,1024,0.5068359375
01a0a57e-4c4f-7f82-af6d-66730fad5648,d,C,QB8,0,0,standard_pi_2,3,0.0,-7650000.0,-7.65,550,1024,0.537109375
01a0a57e-4c4f-7f82-af6d-66730fad5648,d,C,QB8,0,0,standard_pi_2,4,0.0,-7200000.0,-7.2,517,1024,0.5048828125
01a0a57e-4c4f-7f82-af6d-66730fad5648,d,C,QB8,0,0,standard_pi_2,5,0.0,-6750000.0,-6.75,532,1024,0.51953125
01a0a57e-4c4f-7f82-af6d-66730fad5648,d,C,QB8,0,0,standard_pi_2,6,0.0,-6300000.0,-6.3,539,1024,0.5263671875
01a0a57e-4c4f-7f82-af6d-66730fad5648,d,C,QB8,0,0,standard_pi_2,7,0.0,-5850000.0,-5.85,531,1024,0.5185546875
01a0a57e-4c4f-7f82-af6d-66730fad5648,d,C,QB8,0,0,standard_pi_2,8,0.0,-5400000.0,-5.4,518,1024,0.505859375
01a0a57e-4c4f-7f82-af6d-66730fad5648,d,C,QB8,0,0,standard_pi_2,9,0.0,-4950000.0,-4.95,526,1024,0.513671875
01a0a57e-4c4f-7f82-af6d-66730fad5648,d,C,QB8,0,0,standard_pi_2,10,0.0,-4500000.0,-4.5,524,1024,0.51171875
01a0a57e-4c4f-7f82-af6d-66730fad5648,d,C,QB8,0,0,standard_pi_2,11,0.0,-4050000.0,-4.05,506,1024,0.494140625
01a0a57e-4c4f-7f82-af6d-66730fad5648,d,C,QB8,0,0,standard_pi_2,12,0.0,-3600000.0,-3.6,496,1024,0.484375
01a0a57e-4c4f-7f82-af6d-66730fad5648,d,C,QB8,0,0,standard_pi_2,13,0.0,-3150000.0,-3.15,485,1024,0.4736328125
01a0a57e-4c4f-7f82-af6d-66730fad5648,d,C,QB8,0,0,standard_pi_2,14,0.0,-2700000.0,-2.7,506,1024,0.494140625
01a0a57e-4c4f-7f82-af6d-66730fad5648,d,C,QB8,0,0,standard_pi_2,15,0.0,-2250000.0,-2.25,496,1024,0.484375
01a0a57e-4c4f-7f82-af6d-66730fad5648,d,C,QB8,0,0,standard_pi_2,16,0.0,-1800000.0,-1.8,538,1024,0.525390625
01a0a57e-4c4f-7f82-af6d-66730fad5648,d,C,QB8,0,0,standard_pi_2,17,0.0,-1350000.0,-1.35,493,1024,0.4814453125
01a0a57e-4c4f-7f82-af6d-66730fad5648,d,C,QB8,0,0,standard_pi_2,18,0.0,-900000.0,-0.9,521,1024,0.5087890625
01a0a57e-4c4f-7f82-af6d-66730fad5648,d,C,QB8,0,0,standard_pi_2,19,0.0,-450000.0,-0.45,512,1024,0.5
01a0a57e-4c4f-7f82-af6d-66730fad5648,d,C,QB8,0,0,standard_pi_2,20,0.0,0.0,0.0,478,1024,0.466796875
01a0a57e-4c4f-7f82-af6d-66730fad5648,d,C,QB8,0,0,standard_pi_2,21,0.0,450000.0,0.45,479,1024,0.4677734375
01a0a57e-4c4f-7f82-af6d-66730fad5648,d,C,QB8,0,0,standard_pi_2,22,0.0,900000.0,0.9,510,1024,0.498046875
01a0a57e-4c4f-7f82-af6d-66730fad5648,d,C,QB8,0,0,standard_pi_2,23,0.0,1350000.0,1.35,494,1024,0.482421875
01a0a57e-4c4f-7f82-af6d-66730fad5648,d,C,QB8,0,0,standard_pi_2,24,0.0,1800000.0,1.8,491,1024,0.4794921875
01a0a57e-4c4f-7f82-af6d-66730fad5648,d,C,QB8,0,0,standard_pi_2,25,0.0,2250000.0,2.25,479,1024,0.4677734375
01a0a57e-4c4f-7f82-af6d-66730fad5648,d,C,QB8,0,0,standard_pi_2,26,0.0,2700000.0,2.7,503,1024,0.4912109375
01a0a57e-4c4f-7f82-af6d-66730fad5648,d,C,QB8,0,0,standard_pi_2,27,0.0,3150000.0,3.15,470,1024,0.458984375
01a0a57e-4c4f-7f82-af6d-66730fad5648,d,C,QB8,0,0,standard_pi_2,28,0.0,3600000.0,3.6,472,1024,0.4609375
01a0a57e-4c4f-7f82-af6d-66730fad5648,d,C,QB8,0,0,standard_pi_2,29,0.0,4050000.0,4.05,445,1024,0.4345703125
01a0a57e-4c4f-7f82-af6d-66730fad5648,d,C,QB8,0,0,standard_pi_2,30,0.0,4500000.0,4.5,475,1024,0.4638671875
01a0a57e-4c4f-7f82-af6d-66730fad5648,d,C,QB8,0,0,standard_pi_2,31,0.0,4950000.0,4.95,469,1024,0.4580078125
01a0a57e-4c4f-7f82-af6d-66730fad5648,d,C,QB8,0,0,standard_pi_2,32,0.0,5400000.0,5.4,458,1024,0.447265625
01a0a57e-4c4f-7f82-af6d-66730fad5648,d,C,QB8,0,0,standard_pi_2,33,0.0,5850000.0,5.85,446,1024,0.435546875
01a0a57e-4c4f-7f82-af6d-66730fad5648,d,C,QB8,0,0,standard_pi_2,34,0.0,6300000.0,6.3,452,1024,0.44140625
01a0a57e-4c4f-7f82-af6d-66730fad5648,d,C,QB8,0,0,standard_pi_2,35,0.0,6750000.0,6.75,474,1024,0.462890625
01a0a57e-4c4f-7f82-af6d-66730fad5648,d,C,QB8,0,0,standard_pi_2,36,0.0,7200000.0,7.2,467,1024,0.4560546875
01a0a57e-4c4f-7f82-af6d-66730fad5648,d,C,QB8,0,0,standard_pi_2,37,0.0,7650000.0,7.65,431,1024,0.4208984375
01a0a57e-4c4f-7f82-af6d-66730fad5648,d,C,QB8,0,0,standard_pi_2,38,0.0,8100000.0,8.1,456,1024,0.4453125
01a0a57e-4c4f-7f82-af6d-66730fad5648,d,C,QB8,0,0,standard_pi_2,39,0.0,8550000.0,8.55,434,1024,0.423828125
01a0a57e-4c4f-7f82-af6d-66730fad5648,d,C,QB8,0,0,standard_pi_2,40,0.0,9000000.0,9.0,430,1024,0.419921875
01a0a57e-4c4f-7f82-af6d-66730fad5648,d,C,QB8,0,1,UVH4d,0,0.0,-9000000.0,-9.0,401,1024,0.3916015625
01a0a57e-4c4f-7f82-af6d-66730fad5648,d,C,QB8,0,1,UVH4d,1,0.0,-8550000.0,-8.55,396,1024,0.38671875
01a0a57e-4c4f-7f82-af6d-66730fad5648,d,C,QB8,0,1,UVH4d,2,0.0,-8100000.0,-8.1,395,1024,0.3857421875
01a0a57e-4c4f-7f82-af6d-66730fad5648,d,C,QB8,0,1,UVH4d,3,0.0,-7650000.0,-7.65,383,1024,0.3740234375
01a0a57e-4c4f-7f82-af6d-66730fad5648,d,C,QB8,0,1,UVH4d,4,0.0,-7200000.0,-7.2,428,1024,0.41796875
01a0a57e-4c4f-7f82-af6d-66730fad5648,d,C,QB8,0,1,UVH4d,5,0.0,-6750000.0,-6.75,416,1024,0.40625
01a0a57e-4c4f-7f82-af6d-66730fad5648,d,C,QB8,0,1,UVH4d,6,0.0,-6300000.0,-6.3,455,1024,0.4443359375
01a0a57e-4c4f-7f82-af6d-66730fad5648,d,C,QB8,0,1,UVH4d,7,0.0,-5850000.0,-5.85,428,1024,0.41796875
01a0a57e-4c4f-7f82-af6d-66730fad5648,d,C,QB8,0,1,UVH4d,8,0.0,-5400000.0,-5.4,453,1024,0.4423828125
01a0a57e-4c4f-7f82-af6d-66730fad5648,d,C,QB8,0,1,UVH4d,9,0.0,-4950000.0,-4.95,486,1024,0.474609375
01a0a57e-4c4f-7f82-af6d-66730fad5648,d,C,QB8,0,1,UVH4d,10,0.0,-4500000.0,-4.5,493,1024,0.4814453125
01a0a57e-4c4f-7f82-af6d-66730fad5648,d,C,QB8,0,1,UVH4d,11,0.0,-4050000.0,-4.05,515,1024,0.5029296875
01a0a57e-4c4f-7f82-af6d-66730fad5648,d,C,QB8,0,1,UVH4d,12,0.0,-3600000.0,-3.6,481,1024,0.4697265625
01a0a57e-4c4f-7f82-af6d-66730fad5648,d,C,QB8,0,1,UVH4d,13,0.0,-3150000.0,-3.15,511,1024,0.4990234375
01a0a57e-4c4f-7f82-af6d-66730fad5648,d,C,QB8,0,1,UVH4d,14,0.0,-2700000.0,-2.7,487,1024,0.4755859375
01a0a57e-4c4f-7f82-af6d-66730fad5648,d,C,QB8,0,1,UVH4d,15,0.0,-2250000.0,-2.25,509,1024,0.4970703125
01a0a57e-4c4f-7f82-af6d-66730fad5648,d,C,QB8,0,1,UVH4d,16,0.0,-1800000.0,-1.8,521,1024,0.5087890625
01a0a57e-4c4f-7f82-af6d-66730fad5648,d,C,QB8,0,1,UVH4d,17,0.0,-1350000.0,-1.35,499,1024,0.4873046875
01a0a57e-4c4f-7f82-af6d-66730fad5648,d,C,QB8,0,1,UVH4d,18,0.0,-900000.0,-0.9,518,1024,0.505859375
01a0a57e-4c4f-7f82-af6d-66730fad5648,d,C,QB8,0,1,UVH4d,19,0.0,-450000.0,-0.45,527,1024,0.5146484375
01a0a57e-4c4f-7f82-af6d-66730fad5648,d,C,QB8,0,1,UVH4d,20,0.0,0.0,0.0,517,1024,0.5048828125
01a0a57e-4c4f-7f82-af6d-66730fad5648,d,C,QB8,0,1,UVH4d,21,0.0,450000.0,0.45,503,1024,0.4912109375
01a0a57e-4c4f-7f82-af6d-66730fad5648,d,C,QB8,0,1,UVH4d,22,0.0,900000.0,0.9,541,1024,0.5283203125
01a0a57e-4c4f-7f82-af6d-66730fad5648,d,C,QB8,0,1,UVH4d,23,0.0,1350000.0,1.35,525,1024,0.5126953125
01a0a57e-4c4f-7f82-af6d-66730fad5648,d,C,QB8,0,1,UVH4d,24,0.0,1800000.0,1.8,513,1024,0.5009765625
01a0a57e-4c4f-7f82-af6d-66730fad5648,d,C,QB8,0,1,UVH4d,25,0.0,2250000.0,2.25,500,1024,0.48828125
01a0a57e-4c4f-7f82-af6d-66730fad5648,d,C,QB8,0,1,UVH4d,26,0.0,2700000.0,2.7,553,1024,0.5400390625
01a0a57e-4c4f-7f82-af6d-66730fad5648,d,C,QB8,0,1,UVH4d,27,0.0,3150000.0,3.15,528,1024,0.515625
01a0a57e-4c4f-7f82-af6d-66730fad5648,d,C,QB8,0,1,UVH4d,28,0.0,3600000.0,3.6,553,1024,0.5400390625
01a0a57e-4c4f-7f82-af6d-66730fad5648,d,C,QB8,0,1,UVH4d,29,0.0,4050000.0,4.05,526,1024,0.513671875
01a0a57e-4c4f-7f82-af6d-66730fad5648,d,C,QB8,0,1,UVH4d,30,0.0,4500000.0,4.5,570,1024,0.556640625
01a0a57e-4c4f-7f82-af6d-66730fad5648,d,C,QB8,0,1,UVH4d,31,0.0,4950000.0,4.95,552,1024,0.5390625
01a0a57e-4c4f-7f82-af6d-66730fad5648,d,C,QB8,0,1,UVH4d,32,0.0,5400000.0,5.4,611,1024,0.5966796875
01a0a57e-4c4f-7f82-af6d-66730fad5648,d,C,QB8,0,1,UVH4d,33,0.0,5850000.0,5.85,584,1024,0.5703125
01a0a57e-4c4f-7f82-af6d-66730fad5648,d,C,QB8,0,1,UVH4d,34,0.0,6300000.0,6.3,618,1024,0.603515625
01a0a57e-4c4f-7f82-af6d-66730fad5648,d,C,QB8,0,1,UVH4d,35,0.0,6750000.0,6.75,597,1024,0.5830078125
01a0a57e-4c4f-7f82-af6d-66730fad5648,d,C,QB8,0,1,UVH4d,36,0.0,7200000.0,7.2,642,1024,0.626953125
01a0a57e-4c4f-7f82-af6d-66730fad5648,d,C,QB8,0,1,UVH4d,37,0.0,7650000.0,7.65,632,1024,0.6171875
01a0a57e-4c4f-7f82-af6d-66730fad5648,d,C,QB8,0,1,UVH4d,38,0.0,8100000.0,8.1,666,1024,0.650390625
01a0a57e-4c4f-7f82-af6d-66730fad5648,d,C,QB8,0,1,UVH4d,39,0.0,8550000.0,8.55,679,1024,0.6630859375
01a0a57e-4c4f-7f82-af6d-66730fad5648,d,C,QB8,0,1,UVH4d,40,0.0,9000000.0,9.0,710,1024,0.693359375
01a0a57e-4c4f-7f82-af6d-66730fad5648,d,C,QB8,0,2,UVH5d,0,0.0,-9000000.0,-9.0,81,1024,0.0791015625
01a0a57e-4c4f-7f82-af6d-66730fad5648,d,C,QB8,0,2,UVH5d,1,0.0,-8550000.0,-8.55,103,1024,0.1005859375
01a0a57e-4c4f-7f82-af6d-66730fad5648,d,C,QB8,0,2,UVH5d,2,0.0,-8100000.0,-8.1,126,1024,0.123046875
01a0a57e-4c4f-7f82-af6d-66730fad5648,d,C,QB8,0,2,UVH5d,3,0.0,-7650000.0,-7.65,143,1024,0.1396484375
01a0a57e-4c4f-7f82-af6d-66730fad5648,d,C,QB8,0,2,UVH5d,4,0.0,-7200000.0,-7.2,172,1024,0.16796875
01a0a57e-4c4f-7f82-af6d-66730fad5648,d,C,QB8,0,2,UVH5d,5,0.0,-6750000.0,-6.75,220,1024,0.21484375
01a0a57e-4c4f-7f82-af6d-66730fad5648,d,C,QB8,0,2,UVH5d,6,0.0,-6300000.0,-6.3,223,1024,0.2177734375
01a0a57e-4c4f-7f82-af6d-66730fad5648,d,C,QB8,0,2,UVH5d,7,0.0,-5850000.0,-5.85,277,1024,0.2705078125
01a0a57e-4c4f-7f82-af6d-66730fad5648,d,C,QB8,0,2,UVH5d,8,0.0,-5400000.0,-5.4,294,1024,0.287109375
01a0a57e-4c4f-7f82-af6d-66730fad5648,d,C,QB8,0,2,UVH5d,9,0.0,-4950000.0,-4.95,339,1024,0.3310546875
01a0a57e-4c4f-7f82-af6d-66730fad5648,d,C,QB8,0,2,UVH5d,10,0.0,-4500000.0,-4.5,381,1024,0.3720703125
01a0a57e-4c4f-7f82-af6d-66730fad5648,d,C,QB8,0,2,UVH5d,11,0.0,-4050000.0,-4.05,402,1024,0.392578125
01a0a57e-4c4f-7f82-af6d-66730fad5648,d,C,QB8,0,2,UVH5d,12,0.0,-3600000.0,-3.6,431,1024,0.4208984375
01a0a57e-4c4f-7f82-af6d-66730fad5648,d,C,QB8,0,2,UVH5d,13,0.0,-3150000.0,-3.15,400,1024,0.390625
01a0a57e-4c4f-7f82-af6d-66730fad5648,d,C,QB8,0,2,UVH5d,14,0.0,-2700000.0,-2.7,437,1024,0.4267578125
01a0a57e-4c4f-7f82-af6d-66730fad5648,d,C,QB8,0,2,UVH5d,15,0.0,-2250000.0,-2.25,470,1024,0.458984375
01a0a57e-4c4f-7f82-af6d-66730fad5648,d,C,QB8,0,2,UVH5d,16,0.0,-1800000.0,-1.8,499,1024,0.4873046875
01a0a57e-4c4f-7f82-af6d-66730fad5648,d,C,QB8,0,2,UVH5d,17,0.0,-1350000.0,-1.35,493,1024,0.4814453125
01a0a57e-4c4f-7f82-af6d-66730fad5648,d,C,QB8,0,2,UVH5d,18,0.0,-900000.0,-0.9,494,1024,0.482421875
01a0a57e-4c4f-7f82-af6d-66730fad5648,d,C,QB8,0,2,UVH5d,19,0.0,-450000.0,-0.45,494,1024,0.482421875
01a0a57e-4c4f-7f82-af6d-66730fad5648,d,C,QB8,0,2,UVH5d,20,0.0,0.0,0.0,485,1024,0.4736328125
01a0a57e-4c4f-7f82-af6d-66730fad5648,d,C,QB8,0,2,UVH5d,21,0.0,450000.0,0.45,499,1024,0.4873046875
01a0a57e-4c4f-7f82-af6d-66730fad5648,d,C,QB8,0,2,UVH5d,22,0.0,900000.0,0.9,486,1024,0.474609375
01a0a57e-4c4f-7f82-af6d-66730fad5648,d,C,QB8,0,2,UVH5d,23,0.0,1350000.0,1.35,470,1024,0.458984375
01a0a57e-4c4f-7f82-af6d-66730fad5648,d,C,QB8,0,2,UVH5d,24,0.0,1800000.0,1.8,469,1024,0.4580078125
01a0a57e-4c4f-7f82-af6d-66730fad5648,d,C,QB8,0,2,UVH5d,25,0.0,2250000.0,2.25,503,1024,0.4912109375
01a0a57e-4c4f-7f82-af6d-66730fad5648,d,C,QB8,0,2,UVH5d,26,0.0,2700000.0,2.7,502,1024,0.490234375
01a0a57e-4c4f-7f82-af6d-66730fad5648,d,C,QB8,0,2,UVH5d,27,0.0,3150000.0,3.15,492,1024,0.48046875
01a0a57e-4c4f-7f82-af6d-66730fad5648,d,C,QB8,0,2,UVH5d,28,0.0,3600000.0,3.6,513,1024,0.5009765625
01a0a57e-4c4f-7f82-af6d-66730fad5648,d,C,QB8,0,2,UVH5d,29,0.0,4050000.0,4.05,489,1024,0.4775390625
01a0a57e-4c4f-7f82-af6d-66730fad5648,d,C,QB8,0,2,UVH5d,30,0.0,4500000.0,4.5,519,1024,0.5068359375
01a0a57e-4c4f-7f82-af6d-66730fad5648,d,C,QB8,0,2,UVH5d,31,0.0,4950000.0,4.95,564,1024,0.55078125
01a0a57e-4c4f-7f82-af6d-66730fad5648,d,C,QB8,0,2,UVH5d,32,0.0,5400000.0,5.4,535,1024,0.5224609375
01a0a57e-4c4f-7f82-af6d-66730fad5648,d,C,QB8,0,2,UVH5d,33,0.0,5850000.0,5.85,565,1024,0.5517578125
01a0a57e-4c4f-7f82-af6d-66730fad5648,d,C,QB8,0,2,UVH5d,34,0.0,6300000.0,6.3,579,1024,0.5654296875
01a0a57e-4c4f-7f82-af6d-66730fad5648,d,C,QB8,0,2,UVH5d,35,0.0,6750000.0,6.75,584,1024,0.5703125
01a0a57e-4c4f-7f82-af6d-66730fad5648,d,C,QB8,0,2,UVH5d,36,0.0,7200000.0,7.2,620,1024,0.60546875
01a0a57e-4c4f-7f82-af6d-66730fad5648,d,C,QB8,0,2,UVH5d,37,0.0,7650000.0,7.65,603,1024,0.5888671875
01a0a57e-4c4f-7f82-af6d-66730fad5648,d,C,QB8,0,2,UVH5d,38,0.0,8100000.0,8.1,598,1024,0.583984375
01a0a57e-4c4f-7f82-af6d-66730fad5648,d,C,QB8,0,2,UVH5d,39,0.0,8550000.0,8.55,635,1024,0.6201171875
01a0a57e-4c4f-7f82-af6d-66730fad5648,d,C,QB8,0,2,UVH5d,40,0.0,9000000.0,9.0,635,1024,0.6201171875
01a0a57e-4c4f-7f82-af6d-66730fad5648,d,C,QB8,0,3,UVH6d,0,0.0,-9000000.0,-9.0,581,1024,0.5673828125
01a0a57e-4c4f-7f82-af6d-66730fad5648,d,C,QB8,0,3,UVH6d,1,0.0,-8550000.0,-8.55,555,1024,0.5419921875
01a0a57e-4c4f-7f82-af6d-66730fad5648,d,C,QB8,0,3,UVH6d,2,0.0,-8100000.0,-8.1,554,1024,0.541015625
01a0a57e-4c4f-7f82-af6d-66730fad5648,d,C,QB8,0,3,UVH6d,3,0.0,-7650000.0,-7.65,539,1024,0.5263671875
01a0a57e-4c4f-7f82-af6d-66730fad5648,d,C,QB8,0,3,UVH6d,4,0.0,-7200000.0,-7.2,529,1024,0.5166015625
01a0a57e-4c4f-7f82-af6d-66730fad5648,d,C,QB8,0,3,UVH6d,5,0.0,-6750000.0,-6.75,549,1024,0.5361328125
01a0a57e-4c4f-7f82-af6d-66730fad5648,d,C,QB8,0,3,UVH6d,6,0.0,-6300000.0,-6.3,513,1024,0.5009765625
01a0a57e-4c4f-7f82-af6d-66730fad5648,d,C,QB8,0,3,UVH6d,7,0.0,-5850000.0,-5.85,512,1024,0.5
01a0a57e-4c4f-7f82-af6d-66730fad5648,d,C,QB8,0,3,UVH6d,8,0.0,-5400000.0,-5.4,519,1024,0.5068359375
01a0a57e-4c4f-7f82-af6d-66730fad5648,d,C,QB8,0,3,UVH6d,9,0.0,-4950000.0,-4.95,509,1024,0.4970703125
01a0a57e-4c4f-7f82-af6d-66730fad5648,d,C,QB8,0,3,UVH6d,10,0.0,-4500000.0,-4.5,497,1024,0.4853515625
01a0a57e-4c4f-7f82-af6d-66730fad5648,d,C,QB8,0,3,UVH6d,11,0.0,-4050000.0,-4.05,480,1024,0.46875
01a0a57e-4c4f-7f82-af6d-66730fad5648,d,C,QB8,0,3,UVH6d,12,0.0,-3600000.0,-3.6,491,1024,0.4794921875
01a0a57e-4c4f-7f82-af6d-66730fad5648,d,C,QB8,0,3,UVH6d,13,0.0,-3150000.0,-3.15,485,1024,0.4736328125
01a0a57e-4c4f-7f82-af6d-66730fad5648,d,C,QB8,0,3,UVH6d,14,0.0,-2700000.0,-2.7,452,1024,0.44140625
01a0a57e-4c4f-7f82-af6d-66730fad5648,d,C,QB8,0,3,UVH6d,15,0.0,-2250000.0,-2.25,492,1024,0.48046875
01a0a57e-4c4f-7f82-af6d-66730fad5648,d,C,QB8,0,3,UVH6d,16,0.0,-1800000.0,-1.8,468,1024,0.45703125
01a0a57e-4c4f-7f82-af6d-66730fad5648,d,C,QB8,0,3,UVH6d,17,0.0,-1350000.0,-1.35,517,1024,0.5048828125
01a0a57e-4c4f-7f82-af6d-66730fad5648,d,C,QB8,0,3,UVH6d,18,0.0,-900000.0,-0.9,490,1024,0.478515625
01a0a57e-4c4f-7f82-af6d-66730fad5648,d,C,QB8,0,3,UVH6d,19,0.0,-450000.0,-0.45,509,1024,0.4970703125
01a0a57e-4c4f-7f82-af6d-66730fad5648,d,C,QB8,0,3,UVH6d,20,0.0,0.0,0.0,483,1024,0.4716796875
01a0a57e-4c4f-7f82-af6d-66730fad5648,d,C,QB8,0,3,UVH6d,21,0.0,450000.0,0.45,495,1024,0.4833984375
01a0a57e-4c4f-7f82-af6d-66730fad5648,d,C,QB8,0,3,UVH6d,22,0.0,900000.0,0.9,496,1024,0.484375
01a0a57e-4c4f-7f82-af6d-66730fad5648,d,C,QB8,0,3,UVH6d,23,0.0,1350000.0,1.35,452,1024,0.44140625
01a0a57e-4c4f-7f82-af6d-66730fad5648,d,C,QB8,0,3,UVH6d,24,0.0,1800000.0,1.8,501,1024,0.4892578125
01a0a57e-4c4f-7f82-af6d-66730fad5648,d,C,QB8,0,3,UVH6d,25,0.0,2250000.0,2.25,482,1024,0.470703125
01a0a57e-4c4f-7f82-af6d-66730fad5648,d,C,QB8,0,3,UVH6d,26,0.0,2700000.0,2.7,483,1024,0.4716796875
01a0a57e-4c4f-7f82-af6d-66730fad5648,d,C,QB8,0,3,UVH6d,27,0.0,3150000.0,3.15,480,1024,0.46875
01a0a57e-4c4f-7f82-af6d-66730fad5648,d,C,QB8,0,3,UVH6d,28,0.0,3600000.0,3.6,474,1024,0.462890625
01a0a57e-4c4f-7f82-af6d-66730fad5648,d,C,QB8,0,3,UVH6d,29,0.0,4050000.0,4.05,498,1024,0.486328125
01a0a57e-4c4f-7f82-af6d-66730fad5648,d,C,QB8,0,3,UVH6d,30,0.0,4500000.0,4.5,485,1024,0.4736328125
01a0a57e-4c4f-7f82-af6d-66730fad5648,d,C,QB8,0,3,UVH6d,31,0.0,4950000.0,4.95,476,1024,0.46484375
01a0a57e-4c4f-7f82-af6d-66730fad5648,d,C,QB8,0,3,UVH6d,32,0.0,5400000.0,5.4,459,1024,0.4482421875
01a0a57e-4c4f-7f82-af6d-66730fad5648,d,C,QB8,0,3,UVH6d,33,0.0,5850000.0,5.85,463,1024,0.4521484375
01a0a57e-4c4f-7f82-af6d-66730fad5648,d,C,QB8,0,3,UVH6d,34,0.0,6300000.0,6.3,479,1024,0.4677734375
01a0a57e-4c4f-7f82-af6d-66730fad5648,d,C,QB8,0,3,UVH6d,35,0.0,6750000.0,6.75,517,1024,0.5048828125
01a0a57e-4c4f-7f82-af6d-66730fad5648,d,C,QB8,0,3,UVH6d,36,0.0,7200000.0,7.2,506,1024,0.494140625
01a0a57e-4c4f-7f82-af6d-66730fad5648,d,C,QB8,0,3,UVH6d,37,0.0,7650000.0,7.65,554,1024,0.541015625
01a0a57e-4c4f-7f82-af6d-66730fad5648,d,C,QB8,0,3,UVH6d,38,0.0,8100000.0,8.1,562,1024,0.548828125
01a0a57e-4c4f-7f82-af6d-66730fad5648,d,C,QB8,0,3,UVH6d,39,0.0,8550000.0,8.55,552,1024,0.5390625
01a0a57e-4c4f-7f82-af6d-66730fad5648,d,C,QB8,0,3,UVH6d,40,0.0,9000000.0,9.0,587,1024,0.5732421875
01a0a57e-4c4f-7f82-af6d-66730fad5648,d,C,QB8,0,4,UVH7d,0,0.0,-9000000.0,-9.0,484,1024,0.47265625
01a0a57e-4c4f-7f82-af6d-66730fad5648,d,C,QB8,0,4,UVH7d,1,0.0,-8550000.0,-8.55,528,1024,0.515625
01a0a57e-4c4f-7f82-af6d-66730fad5648,d,C,QB8,0,4,UVH7d,2,0.0,-8100000.0,-8.1,543,1024,0.5302734375
01a0a57e-4c4f-7f82-af6d-66730fad5648,d,C,QB8,0,4,UVH7d,3,0.0,-7650000.0,-7.65,516,1024,0.50390625
01a0a57e-4c4f-7f82-af6d-66730fad5648,d,C,QB8,0,4,UVH7d,4,0.0,-7200000.0,-7.2,529,1024,0.5166015625
01a0a57e-4c4f-7f82-af6d-66730fad5648,d,C,QB8,0,4,UVH7d,5,0.0,-6750000.0,-6.75,544,1024,0.53125
01a0a57e-4c4f-7f82-af6d-66730fad5648,d,C,QB8,0,4,UVH7d,6,0.0,-6300000.0,-6.3,489,1024,0.4775390625
01a0a57e-4c4f-7f82-af6d-66730fad5648,d,C,QB8,0,4,UVH7d,7,0.0,-5850000.0,-5.85,514,1024,0.501953125
01a0a57e-4c4f-7f82-af6d-66730fad5648,d,C,QB8,0,4,UVH7d,8,0.0,-5400000.0,-5.4,538,1024,0.525390625
01a0a57e-4c4f-7f82-af6d-66730fad5648,d,C,QB8,0,4,UVH7d,9,0.0,-4950000.0,-4.95,524,1024,0.51171875
01a0a57e-4c4f-7f82-af6d-66730fad5648,d,C,QB8,0,4,UVH7d,10,0.0,-4500000.0,-4.5,489,1024,0.4775390625
01a0a57e-4c4f-7f82-af6d-66730fad5648,d,C,QB8,0,4,UVH7d,11,0.0,-4050000.0,-4.05,480,1024,0.46875
01a0a57e-4c4f-7f82-af6d-66730fad5648,d,C,QB8,0,4,UVH7d,12,0.0,-3600000.0,-3.6,545,1024,0.5322265625
01a0a57e-4c4f-7f82-af6d-66730fad5648,d,C,QB8,0,4,UVH7d,13,0.0,-3150000.0,-3.15,525,1024,0.5126953125
01a0a57e-4c4f-7f82-af6d-66730fad5648,d,C,QB8,0,4,UVH7d,14,0.0,-2700000.0,-2.7,531,1024,0.5185546875
01a0a57e-4c4f-7f82-af6d-66730fad5648,d,C,QB8,0,4,UVH7d,15,0.0,-2250000.0,-2.25,547,1024,0.5341796875
01a0a57e-4c4f-7f82-af6d-66730fad5648,d,C,QB8,0,4,UVH7d,16,0.0,-1800000.0,-1.8,531,1024,0.5185546875
01a0a57e-4c4f-7f82-af6d-66730fad5648,d,C,QB8,0,4,UVH7d,17,0.0,-1350000.0,-1.35,533,1024,0.5205078125
01a0a57e-4c4f-7f82-af6d-66730fad5648,d,C,QB8,0,4,UVH7d,18,0.0,-900000.0,-0.9,517,1024,0.5048828125
01a0a57e-4c4f-7f82-af6d-66730fad5648,d,C,QB8,0,4,UVH7d,19,0.0,-450000.0,-0.45,534,1024,0.521484375
01a0a57e-4c4f-7f82-af6d-66730fad5648,d,C,QB8,0,4,UVH7d,20,0.0,0.0,0.0,529,1024,0.5166015625
01a0a57e-4c4f-7f82-af6d-66730fad5648,d,C,QB8,0,4,UVH7d,21,0.0,450000.0,0.45,527,1024,0.5146484375
01a0a57e-4c4f-7f82-af6d-66730fad5648,d,C,QB8,0,4,UVH7d,22,0.0,900000.0,0.9,530,1024,0.517578125
01a0a57e-4c4f-7f82-af6d-66730fad5648,d,C,QB8,0,4,UVH7d,23,0.0,1350000.0,1.35,511,1024,0.4990234375
01a0a57e-4c4f-7f82-af6d-66730fad5648,d,C,QB8,0,4,UVH7d,24,0.0,1800000.0,1.8,550,1024,0.537109375
01a0a57e-4c4f-7f82-af6d-66730fad5648,d,C,QB8,0,4,UVH7d,25,0.0,2250000.0,2.25,546,1024,0.533203125
01a0a57e-4c4f-7f82-af6d-66730fad5648,d,C,QB8,0,4,UVH7d,26,0.0,2700000.0,2.7,528,1024,0.515625
01a0a57e-4c4f-7f82-af6d-66730fad5648,d,C,QB8,0,4,UVH7d,27,0.0,3150000.0,3.15,512,1024,0.5
01a0a57e-4c4f-7f82-af6d-66730fad5648,d,C,QB8,0,4,UVH7d,28,0.0,3600000.0,3.6,511,1024,0.4990234375
01a0a57e-4c4f-7f82-af6d-66730fad5648,d,C,QB8,0,4,UVH7d,29,0.0,4050000.0,4.05,506,1024,0.494140625
01a0a57e-4c4f-7f82-af6d-66730fad5648,d,C,QB8,0,4,UVH7d,30,0.0,4500000.0,4.5,514,1024,0.501953125
01a0a57e-4c4f-7f82-af6d-66730fad5648,d,C,QB8,0,4,UVH7d,31,0.0,4950000.0,4.95,495,1024,0.4833984375
01a0a57e-4c4f-7f82-af6d-66730fad5648,d,C,QB8,0,4,UVH7d,32,0.0,5400000.0,5.4,468,1024,0.45703125
01a0a57e-4c4f-7f82-af6d-66730fad5648,d,C,QB8,0,4,UVH7d,33,0.0,5850000.0,5.85,432,1024,0.421875
01a0a57e-4c4f-7f82-af6d-66730fad5648,d,C,QB8,0,4,UVH7d,34,0.0,6300000.0,6.3,436,1024,0.42578125
01a0a57e-4c4f-7f82-af6d-66730fad5648,d,C,QB8,0,4,UVH7d,35,0.0,6750000.0,6.75,428,1024,0.41796875
01a0a57e-4c4f-7f82-af6d-66730fad5648,d,C,QB8,0,4,UVH7d,36,0.0,7200000.0,7.2,397,1024,0.3876953125
01a0a57e-4c4f-7f82-af6d-66730fad5648,d,C,QB8,0,4,UVH7d,37,0.0,7650000.0,7.65,405,1024,0.3955078125
01a0a57e-4c4f-7f82-af6d-66730fad5648,d,C,QB8,0,4,UVH7d,38,0.0,8100000.0,8.1,370,1024,0.361328125
01a0a57e-4c4f-7f82-af6d-66730fad5648,d,C,QB8,0,4,UVH7d,39,0.0,8550000.0,8.55,364,1024,0.35546875
01a0a57e-4c4f-7f82-af6d-66730fad5648,d,C,QB8,0,4,UVH7d,40,0.0,9000000.0,9.0,359,1024,0.3505859375
01a0a57e-4c4f-7f82-af6d-66730fad5648,d,C,QB8,0,5,UVH8d,0,0.0,-9000000.0,-9.0,543,1024,0.5302734375
01a0a57e-4c4f-7f82-af6d-66730fad5648,d,C,QB8,0,5,UVH8d,1,0.0,-8550000.0,-8.55,570,1024,0.556640625
01a0a57e-4c4f-7f82-af6d-66730fad5648,d,C,QB8,0,5,UVH8d,2,0.0,-8100000.0,-8.1,535,1024,0.5224609375
01a0a57e-4c4f-7f82-af6d-66730fad5648,d,C,QB8,0,5,UVH8d,3,0.0,-7650000.0,-7.65,529,1024,0.5166015625
01a0a57e-4c4f-7f82-af6d-66730fad5648,d,C,QB8,0,5,UVH8d,4,0.0,-7200000.0,-7.2,538,1024,0.525390625
01a0a57e-4c4f-7f82-af6d-66730fad5648,d,C,QB8,0,5,UVH8d,5,0.0,-6750000.0,-6.75,541,1024,0.5283203125
01a0a57e-4c4f-7f82-af6d-66730fad5648,d,C,QB8,0,5,UVH8d,6,0.0,-6300000.0,-6.3,538,1024,0.525390625
01a0a57e-4c4f-7f82-af6d-66730fad5648,d,C,QB8,0,5,UVH8d,7,0.0,-5850000.0,-5.85,562,1024,0.548828125
01a0a57e-4c4f-7f82-af6d-66730fad5648,d,C,QB8,0,5,UVH8d,8,0.0,-5400000.0,-5.4,502,1024,0.490234375
01a0a57e-4c4f-7f82-af6d-66730fad5648,d,C,QB8,0,5,UVH8d,9,0.0,-4950000.0,-4.95,538,1024,0.525390625
01a0a57e-4c4f-7f82-af6d-66730fad5648,d,C,QB8,0,5,UVH8d,10,0.0,-4500000.0,-4.5,503,1024,0.4912109375
01a0a57e-4c4f-7f82-af6d-66730fad5648,d,C,QB8,0,5,UVH8d,11,0.0,-4050000.0,-4.05,529,1024,0.5166015625
01a0a57e-4c4f-7f82-af6d-66730fad5648,d,C,QB8,0,5,UVH8d,12,0.0,-3600000.0,-3.6,525,1024,0.5126953125
01a0a57e-4c4f-7f82-af6d-66730fad5648,d,C,QB8,0,5,UVH8d,13,0.0,-3150000.0,-3.15,513,1024,0.5009765625
01a0a57e-4c4f-7f82-af6d-66730fad5648,d,C,QB8,0,5,UVH8d,14,0.0,-2700000.0,-2.7,526,1024,0.513671875
01a0a57e-4c4f-7f82-af6d-66730fad5648,d,C,QB8,0,5,UVH8d,15,0.0,-2250000.0,-2.25,507,1024,0.4951171875
01a0a57e-4c4f-7f82-af6d-66730fad5648,d,C,QB8,0,5,UVH8d,16,0.0,-1800000.0,-1.8,551,1024,0.5380859375
01a0a57e-4c4f-7f82-af6d-66730fad5648,d,C,QB8,0,5,UVH8d,17,0.0,-1350000.0,-1.35,512,1024,0.5
01a0a57e-4c4f-7f82-af6d-66730fad5648,d,C,QB8,0,5,UVH8d,18,0.0,-900000.0,-0.9,497,1024,0.4853515625
01a0a57e-4c4f-7f82-af6d-66730fad5648,d,C,QB8,0,5,UVH8d,19,0.0,-450000.0,-0.45,500,1024,0.48828125
01a0a57e-4c4f-7f82-af6d-66730fad5648,d,C,QB8,0,5,UVH8d,20,0.0,0.0,0.0,512,1024,0.5
01a0a57e-4c4f-7f82-af6d-66730fad5648,d,C,QB8,0,5,UVH8d,21,0.0,450000.0,0.45,474,1024,0.462890625
01a0a57e-4c4f-7f82-af6d-66730fad5648,d,C,QB8,0,5,UVH8d,22,0.0,900000.0,0.9,521,1024,0.5087890625
01a0a57e-4c4f-7f82-af6d-66730fad5648,d,C,QB8,0,5,UVH8d,23,0.0,1350000.0,1.35,489,1024,0.4775390625
01a0a57e-4c4f-7f82-af6d-66730fad5648,d,C,QB8,0,5,UVH8d,24,0.0,1800000.0,1.8,498,1024,0.486328125
01a0a57e-4c4f-7f82-af6d-66730fad5648,d,C,QB8,0,5,UVH8d,25,0.0,2250000.0,2.25,472,1024,0.4609375
01a0a57e-4c4f-7f82-af6d-66730fad5648,d,C,QB8,0,5,UVH8d,26,0.0,2700000.0,2.7,487,1024,0.4755859375
01a0a57e-4c4f-7f82-af6d-66730fad5648,d,C,QB8,0,5,UVH8d,27,0.0,3150000.0,3.15,494,1024,0.482421875
01a0a57e-4c4f-7f82-af6d-66730fad5648,d,C,QB8,0,5,UVH8d,28,0.0,3600000.0,3.6,481,1024,0.4697265625
01a0a57e-4c4f-7f82-af6d-66730fad5648,d,C,QB8,0,5,UVH8d,29,0.0,4050000.0,4.05,501,1024,0.4892578125
01a0a57e-4c4f-7f82-af6d-66730fad5648,d,C,QB8,0,5,UVH8d,30,0.0,4500000.0,4.5,473,1024,0.4619140625
01a0a57e-4c4f-7f82-af6d-66730fad5648,d,C,QB8,0,5,UVH8d,31,0.0,4950000.0,4.95,459,1024,0.4482421875
01a0a57e-4c4f-7f82-af6d-66730fad5648,d,C,QB8,0,5,UVH8d,32,0.0,5400000.0,5.4,481,1024,0.4697265625
01a0a57e-4c4f-7f82-af6d-66730fad5648,d,C,QB8,0,5,UVH8d,33,0.0,5850000.0,5.85,494,1024,0.482421875
01a0a57e-4c4f-7f82-af6d-66730fad5648,d,C,QB8,0,5,UVH8d,34,0.0,6300000.0,6.3,474,1024,0.462890625
01a0a57e-4c4f-7f82-af6d-66730fad5648,d,C,QB8,0,5,UVH8d,35,0.0,6750000.0,6.75,460,1024,0.44921875
01a0a57e-4c4f-7f82-af6d-66730fad5648,d,C,QB8,0,5,UVH8d,36,0.0,7200000.0,7.2,427,1024,0.4169921875
01a0a57e-4c4f-7f82-af6d-66730fad5648,d,C,QB8,0,5,UVH8d,37,0.0,7650000.0,7.65,476,1024,0.46484375
01a0a57e-4c4f-7f82-af6d-66730fad5648,d,C,QB8,0,5,UVH8d,38,0.0,8100000.0,8.1,474,1024,0.462890625
01a0a57e-4c4f-7f82-af6d-66730fad5648,d,C,QB8,0,5,UVH8d,39,0.0,8550000.0,8.55,445,1024,0.4345703125
01a0a57e-4c4f-7f82-af6d-66730fad5648,d,C,QB8,0,5,UVH8d,40,0.0,9000000.0,9.0,477,1024,0.4658203125
01a0a57e-4c4f-7f82-af6d-66730fad5648,d,C,QB9,1,0,standard_pi_2,0,0.0,-9000000.0,-9.0,556,1024,0.54296875
01a0a57e-4c4f-7f82-af6d-66730fad5648,d,C,QB9,1,0,standard_pi_2,1,0.0,-8550000.0,-8.55,537,1024,0.5244140625
01a0a57e-4c4f-7f82-af6d-66730fad5648,d,C,QB9,1,0,standard_pi_2,2,0.0,-8100000.0,-8.1,558,1024,0.544921875
01a0a57e-4c4f-7f82-af6d-66730fad5648,d,C,QB9,1,0,standard_pi_2,3,0.0,-7650000.0,-7.65,581,1024,0.5673828125
01a0a57e-4c4f-7f82-af6d-66730fad5648,d,C,QB9,1,0,standard_pi_2,4,0.0,-7200000.0,-7.2,577,1024,0.5634765625
01a0a57e-4c4f-7f82-af6d-66730fad5648,d,C,QB9,1,0,standard_pi_2,5,0.0,-6750000.0,-6.75,549,1024,0.5361328125
01a0a57e-4c4f-7f82-af6d-66730fad5648,d,C,QB9,1,0,standard_pi_2,6,0.0,-6300000.0,-6.3,545,1024,0.5322265625
01a0a57e-4c4f-7f82-af6d-66730fad5648,d,C,QB9,1,0,standard_pi_2,7,0.0,-5850000.0,-5.85,548,1024,0.53515625
01a0a57e-4c4f-7f82-af6d-66730fad5648,d,C,QB9,1,0,standard_pi_2,8,0.0,-5400000.0,-5.4,561,1024,0.5478515625
01a0a57e-4c4f-7f82-af6d-66730fad5648,d,C,QB9,1,0,standard_pi_2,9,0.0,-4950000.0,-4.95,541,1024,0.5283203125
01a0a57e-4c4f-7f82-af6d-66730fad5648,d,C,QB9,1,0,standard_pi_2,10,0.0,-4500000.0,-4.5,542,1024,0.529296875
01a0a57e-4c4f-7f82-af6d-66730fad5648,d,C,QB9,1,0,standard_pi_2,11,0.0,-4050000.0,-4.05,536,1024,0.5234375
01a0a57e-4c4f-7f82-af6d-66730fad5648,d,C,QB9,1,0,standard_pi_2,12,0.0,-3600000.0,-3.6,510,1024,0.498046875
01a0a57e-4c4f-7f82-af6d-66730fad5648,d,C,QB9,1,0,standard_pi_2,13,0.0,-3150000.0,-3.15,556,1024,0.54296875
01a0a57e-4c4f-7f82-af6d-66730fad5648,d,C,QB9,1,0,standard_pi_2,14,0.0,-2700000.0,-2.7,556,1024,0.54296875
01a0a57e-4c4f-7f82-af6d-66730fad5648,d,C,QB9,1,0,standard_pi_2,15,0.0,-2250000.0,-2.25,523,1024,0.5107421875
01a0a57e-4c4f-7f82-af6d-66730fad5648,d,C,QB9,1,0,standard_pi_2,16,0.0,-1800000.0,-1.8,517,1024,0.5048828125
01a0a57e-4c4f-7f82-af6d-66730fad5648,d,C,QB9,1,0,standard_pi_2,17,0.0,-1350000.0,-1.35,514,1024,0.501953125
01a0a57e-4c4f-7f82-af6d-66730fad5648,d,C,QB9,1,0,standard_pi_2,18,0.0,-900000.0,-0.9,529,1024,0.5166015625
01a0a57e-4c4f-7f82-af6d-66730fad5648,d,C,QB9,1,0,standard_pi_2,19,0.0,-450000.0,-0.45,483,1024,0.4716796875
01a0a57e-4c4f-7f82-af6d-66730fad5648,d,C,QB9,1,0,standard_pi_2,20,0.0,0.0,0.0,513,1024,0.5009765625
01a0a57e-4c4f-7f82-af6d-66730fad5648,d,C,QB9,1,0,standard_pi_2,21,0.0,450000.0,0.45,479,1024,0.4677734375
01a0a57e-4c4f-7f82-af6d-66730fad5648,d,C,QB9,1,0,standard_pi_2,22,0.0,900000.0,0.9,505,1024,0.4931640625
01a0a57e-4c4f-7f82-af6d-66730fad5648,d,C,QB9,1,0,standard_pi_2,23,0.0,1350000.0,1.35,515,1024,0.5029296875
01a0a57e-4c4f-7f82-af6d-66730fad5648,d,C,QB9,1,0,standard_pi_2,24,0.0,1800000.0,1.8,479,1024,0.4677734375
01a0a57e-4c4f-7f82-af6d-66730fad5648,d,C,QB9,1,0,standard_pi_2,25,0.0,2250000.0,2.25,521,1024,0.5087890625
01a0a57e-4c4f-7f82-af6d-66730fad5648,d,C,QB9,1,0,standard_pi_2,26,0.0,2700000.0,2.7,496,1024,0.484375
01a0a57e-4c4f-7f82-af6d-66730fad5648,d,C,QB9,1,0,standard_pi_2,27,0.0,3150000.0,3.15,484,1024,0.47265625
01a0a57e-4c4f-7f82-af6d-66730fad5648,d,C,QB9,1,0,standard_pi_2,28,0.0,3600000.0,3.6,469,1024,0.4580078125
01a0a57e-4c4f-7f82-af6d-66730fad5648,d,C,QB9,1,0,standard_pi_2,29,0.0,4050000.0,4.05,456,1024,0.4453125
01a0a57e-4c4f-7f82-af6d-66730fad5648,d,C,QB9,1,0,standard_pi_2,30,0.0,4500000.0,4.5,472,1024,0.4609375
01a0a57e-4c4f-7f82-af6d-66730fad5648,d,C,QB9,1,0,standard_pi_2,31,0.0,4950000.0,4.95,443,1024,0.4326171875
01a0a57e-4c4f-7f82-af6d-66730fad5648,d,C,QB9,1,0,standard_pi_2,32,0.0,5400000.0,5.4,463,1024,0.4521484375
01a0a57e-4c4f-7f82-af6d-66730fad5648,d,C,QB9,1,0,standard_pi_2,33,0.0,5850000.0,5.85,433,1024,0.4228515625
01a0a57e-4c4f-7f82-af6d-66730fad5648,d,C,QB9,1,0,standard_pi_2,34,0.0,6300000.0,6.3,443,1024,0.4326171875
01a0a57e-4c4f-7f82-af6d-66730fad5648,d,C,QB9,1,0,standard_pi_2,35,0.0,6750000.0,6.75,435,1024,0.4248046875
01a0a57e-4c4f-7f82-af6d-66730fad5648,d,C,QB9,1,0,standard_pi_2,36,0.0,7200000.0,7.2,445,1024,0.4345703125
01a0a57e-4c4f-7f82-af6d-66730fad5648,d,C,QB9,1,0,standard_pi_2,37,0.0,7650000.0,7.65,436,1024,0.42578125
01a0a57e-4c4f-7f82-af6d-66730fad5648,d,C,QB9,1,0,standard_pi_2,38,0.0,8100000.0,8.1,460,1024,0.44921875
01a0a57e-4c4f-7f82-af6d-66730fad5648,d,C,QB9,1,0,standard_pi_2,39,0.0,8550000.0,8.55,429,1024,0.4189453125
01a0a57e-4c4f-7f82-af6d-66730fad5648,d,C,QB9,1,0,standard_pi_2,40,0.0,9000000.0,9.0,442,1024,0.431640625
01a0a57e-4c4f-7f82-af6d-66730fad5648,d,C,QB9,1,1,UVH4d,0,0.0,-9000000.0,-9.0,358,1024,0.349609375
01a0a57e-4c4f-7f82-af6d-66730fad5648,d,C,QB9,1,1,UVH4d,1,0.0,-8550000.0,-8.55,380,1024,0.37109375
01a0a57e-4c4f-7f82-af6d-66730fad5648,d,C,QB9,1,1,UVH4d,2,0.0,-8100000.0,-8.1,379,1024,0.3701171875
01a0a57e-4c4f-7f82-af6d-66730fad5648,d,C,QB9,1,1,UVH4d,3,0.0,-7650000.0,-7.65,393,1024,0.3837890625
01a0a57e-4c4f-7f82-af6d-66730fad5648,d,C,QB9,1,1,UVH4d,4,0.0,-7200000.0,-7.2,402,1024,0.392578125
01a0a57e-4c4f-7f82-af6d-66730fad5648,d,C,QB9,1,1,UVH4d,5,0.0,-6750000.0,-6.75,419,1024,0.4091796875
01a0a57e-4c4f-7f82-af6d-66730fad5648,d,C,QB9,1,1,UVH4d,6,0.0,-6300000.0,-6.3,426,1024,0.416015625
01a0a57e-4c4f-7f82-af6d-66730fad5648,d,C,QB9,1,1,UVH4d,7,0.0,-5850000.0,-5.85,456,1024,0.4453125
01a0a57e-4c4f-7f82-af6d-66730fad5648,d,C,QB9,1,1,UVH4d,8,0.0,-5400000.0,-5.4,444,1024,0.43359375
01a0a57e-4c4f-7f82-af6d-66730fad5648,d,C,QB9,1,1,UVH4d,9,0.0,-4950000.0,-4.95,416,1024,0.40625
01a0a57e-4c4f-7f82-af6d-66730fad5648,d,C,QB9,1,1,UVH4d,10,0.0,-4500000.0,-4.5,451,1024,0.4404296875
01a0a57e-4c4f-7f82-af6d-66730fad5648,d,C,QB9,1,1,UVH4d,11,0.0,-4050000.0,-4.05,455,1024,0.4443359375
01a0a57e-4c4f-7f82-af6d-66730fad5648,d,C,QB9,1,1,UVH4d,12,0.0,-3600000.0,-3.6,454,1024,0.443359375
01a0a57e-4c4f-7f82-af6d-66730fad5648,d,C,QB9,1,1,UVH4d,13,0.0,-3150000.0,-3.15,485,1024,0.4736328125
01a0a57e-4c4f-7f82-af6d-66730fad5648,d,C,QB9,1,1,UVH4d,14,0.0,-2700000.0,-2.7,504,1024,0.4921875
01a0a57e-4c4f-7f82-af6d-66730fad5648,d,C,QB9,1,1,UVH4d,15,0.0,-2250000.0,-2.25,483,1024,0.4716796875
01a0a57e-4c4f-7f82-af6d-66730fad5648,d,C,QB9,1,1,UVH4d,16,0.0,-1800000.0,-1.8,502,1024,0.490234375
01a0a57e-4c4f-7f82-af6d-66730fad5648,d,C,QB9,1,1,UVH4d,17,0.0,-1350000.0,-1.35,492,1024,0.48046875
01a0a57e-4c4f-7f82-af6d-66730fad5648,d,C,QB9,1,1,UVH4d,18,0.0,-900000.0,-0.9,500,1024,0.48828125
01a0a57e-4c4f-7f82-af6d-66730fad5648,d,C,QB9,1,1,UVH4d,19,0.0,-450000.0,-0.45,481,1024,0.4697265625
01a0a57e-4c4f-7f82-af6d-66730fad5648,d,C,QB9,1,1,UVH4d,20,0.0,0.0,0.0,506,1024,0.494140625
01a0a57e-4c4f-7f82-af6d-66730fad5648,d,C,QB9,1,1,UVH4d,21,0.0,450000.0,0.45,494,1024,0.482421875
01a0a57e-4c4f-7f82-af6d-66730fad5648,d,C,QB9,1,1,UVH4d,22,0.0,900000.0,0.9,515,1024,0.5029296875
01a0a57e-4c4f-7f82-af6d-66730fad5648,d,C,QB9,1,1,UVH4d,23,0.0,1350000.0,1.35,485,1024,0.4736328125
01a0a57e-4c4f-7f82-af6d-66730fad5648,d,C,QB9,1,1,UVH4d,24,0.0,1800000.0,1.8,514,1024,0.501953125
01a0a57e-4c4f-7f82-af6d-66730fad5648,d,C,QB9,1,1,UVH4d,25,0.0,2250000.0,2.25,484,1024,0.47265625
01a0a57e-4c4f-7f82-af6d-66730fad5648,d,C,QB9,1,1,UVH4d,26,0.0,2700000.0,2.7,506,1024,0.494140625
01a0a57e-4c4f-7f82-af6d-66730fad5648,d,C,QB9,1,1,UVH4d,27,0.0,3150000.0,3.15,524,1024,0.51171875
01a0a57e-4c4f-7f82-af6d-66730fad5648,d,C,QB9,1,1,UVH4d,28,0.0,3600000.0,3.6,518,1024,0.505859375
01a0a57e-4c4f-7f82-af6d-66730fad5648,d,C,QB9,1,1,UVH4d,29,0.0,4050000.0,4.05,518,1024,0.505859375
01a0a57e-4c4f-7f82-af6d-66730fad5648,d,C,QB9,1,1,UVH4d,30,0.0,4500000.0,4.5,553,1024,0.5400390625
01a0a57e-4c4f-7f82-af6d-66730fad5648,d,C,QB9,1,1,UVH4d,31,0.0,4950000.0,4.95,556,1024,0.54296875
01a0a57e-4c4f-7f82-af6d-66730fad5648,d,C,QB9,1,1,UVH4d,32,0.0,5400000.0,5.4,547,1024,0.5341796875
01a0a57e-4c4f-7f82-af6d-66730fad5648,d,C,QB9,1,1,UVH4d,33,0.0,5850000.0,5.85,578,1024,0.564453125
01a0a57e-4c4f-7f82-af6d-66730fad5648,d,C,QB9,1,1,UVH4d,34,0.0,6300000.0,6.3,606,1024,0.591796875
01a0a57e-4c4f-7f82-af6d-66730fad5648,d,C,QB9,1,1,UVH4d,35,0.0,6750000.0,6.75,615,1024,0.6005859375
01a0a57e-4c4f-7f82-af6d-66730fad5648,d,C,QB9,1,1,UVH4d,36,0.0,7200000.0,7.2,626,1024,0.611328125
01a0a57e-4c4f-7f82-af6d-66730fad5648,d,C,QB9,1,1,UVH4d,37,0.0,7650000.0,7.65,650,1024,0.634765625
01a0a57e-4c4f-7f82-af6d-66730fad5648,d,C,QB9,1,1,UVH4d,38,0.0,8100000.0,8.1,681,1024,0.6650390625
01a0a57e-4c4f-7f82-af6d-66730fad5648,d,C,QB9,1,1,UVH4d,39,0.0,8550000.0,8.55,686,1024,0.669921875
01a0a57e-4c4f-7f82-af6d-66730fad5648,d,C,QB9,1,1,UVH4d,40,0.0,9000000.0,9.0,689,1024,0.6728515625
01a0a57e-4c4f-7f82-af6d-66730fad5648,d,C,QB9,1,2,UVH5d,0,0.0,-9000000.0,-9.0,95,1024,0.0927734375
01a0a57e-4c4f-7f82-af6d-66730fad5648,d,C,QB9,1,2,UVH5d,1,0.0,-8550000.0,-8.55,118,1024,0.115234375
01a0a57e-4c4f-7f82-af6d-66730fad5648,d,C,QB9,1,2,UVH5d,2,0.0,-8100000.0,-8.1,122,1024,0.119140625
01a0a57e-4c4f-7f82-af6d-66730fad5648,d,C,QB9,1,2,UVH5d,3,0.0,-7650000.0,-7.65,180,1024,0.17578125
01a0a57e-4c4f-7f82-af6d-66730fad5648,d,C,QB9,1,2,UVH5d,4,0.0,-7200000.0,-7.2,204,1024,0.19921875
01a0a57e-4c4f-7f82-af6d-66730fad5648,d,C,QB9,1,2,UVH5d,5,0.0,-6750000.0,-6.75,227,1024,0.2216796875
01a0a57e-4c4f-7f82-af6d-66730fad5648,d,C,QB9,1,2,UVH5d,6,0.0,-6300000.0,-6.3,235,1024,0.2294921875
01a0a57e-4c4f-7f82-af6d-66730fad5648,d,C,QB9,1,2,UVH5d,7,0.0,-5850000.0,-5.85,262,1024,0.255859375
01a0a57e-4c4f-7f82-af6d-66730fad5648,d,C,QB9,1,2,UVH5d,8,0.0,-5400000.0,-5.4,327,1024,0.3193359375
01a0a57e-4c4f-7f82-af6d-66730fad5648,d,C,QB9,1,2,UVH5d,9,0.0,-4950000.0,-4.95,324,1024,0.31640625
01a0a57e-4c4f-7f82-af6d-66730fad5648,d,C,QB9,1,2,UVH5d,10,0.0,-4500000.0,-4.5,359,1024,0.3505859375
01a0a57e-4c4f-7f82-af6d-66730fad5648,d,C,QB9,1,2,UVH5d,11,0.0,-4050000.0,-4.05,413,1024,0.4033203125
01a0a57e-4c4f-7f82-af6d-66730fad5648,d,C,QB9,1,2,UVH5d,12,0.0,-3600000.0,-3.6,406,1024,0.396484375
01a0a57e-4c4f-7f82-af6d-66730fad5648,d,C,QB9,1,2,UVH5d,13,0.0,-3150000.0,-3.15,398,1024,0.388671875
01a0a57e-4c4f-7f82-af6d-66730fad5648,d,C,QB9,1,2,UVH5d,14,0.0,-2700000.0,-2.7,418,1024,0.408203125
01a0a57e-4c4f-7f82-af6d-66730fad5648,d,C,QB9,1,2,UVH5d,15,0.0,-2250000.0,-2.25,452,1024,0.44140625
01a0a57e-4c4f-7f82-af6d-66730fad5648,d,C,QB9,1,2,UVH5d,16,0.0,-1800000.0,-1.8,449,1024,0.4384765625
01a0a57e-4c4f-7f82-af6d-66730fad5648,d,C,QB9,1,2,UVH5d,17,0.0,-1350000.0,-1.35,469,1024,0.4580078125
01a0a57e-4c4f-7f82-af6d-66730fad5648,d,C,QB9,1,2,UVH5d,18,0.0,-900000.0,-0.9,471,1024,0.4599609375
01a0a57e-4c4f-7f82-af6d-66730fad5648,d,C,QB9,1,2,UVH5d,19,0.0,-450000.0,-0.45,484,1024,0.47265625
01a0a57e-4c4f-7f82-af6d-66730fad5648,d,C,QB9,1,2,UVH5d,20,0.0,0.0,0.0,499,1024,0.4873046875
01a0a57e-4c4f-7f82-af6d-66730fad5648,d,C,QB9,1,2,UVH5d,21,0.0,450000.0,0.45,494,1024,0.482421875
01a0a57e-4c4f-7f82-af6d-66730fad5648,d,C,QB9,1,2,UVH5d,22,0.0,900000.0,0.9,489,1024,0.4775390625
01a0a57e-4c4f-7f82-af6d-66730fad5648,d,C,QB9,1,2,UVH5d,23,0.0,1350000.0,1.35,443,1024,0.4326171875
01a0a57e-4c4f-7f82-af6d-66730fad5648,d,C,QB9,1,2,UVH5d,24,0.0,1800000.0,1.8,481,1024,0.4697265625
01a0a57e-4c4f-7f82-af6d-66730fad5648,d,C,QB9,1,2,UVH5d,25,0.0,2250000.0,2.25,512,1024,0.5
01a0a57e-4c4f-7f82-af6d-66730fad5648,d,C,QB9,1,2,UVH5d,26,0.0,2700000.0,2.7,496,1024,0.484375
01a0a57e-4c4f-7f82-af6d-66730fad5648,d,C,QB9,1,2,UVH5d,27,0.0,3150000.0,3.15,493,1024,0.4814453125
01a0a57e-4c4f-7f82-af6d-66730fad5648,d,C,QB9,1,2,UVH5d,28,0.0,3600000.0,3.6,547,1024,0.5341796875
01a0a57e-4c4f-7f82-af6d-66730fad5648,d,C,QB9,1,2,UVH5d,29,0.0,4050000.0,4.05,504,1024,0.4921875
01a0a57e-4c4f-7f82-af6d-66730fad5648,d,C,QB9,1,2,UVH5d,30,0.0,4500000.0,4.5,537,1024,0.5244140625
01a0a57e-4c4f-7f82-af6d-66730fad5648,d,C,QB9,1,2,UVH5d,31,0.0,4950000.0,4.95,528,1024,0.515625
01a0a57e-4c4f-7f82-af6d-66730fad5648,d,C,QB9,1,2,UVH5d,32,0.0,5400000.0,5.4,541,1024,0.5283203125
01a0a57e-4c4f-7f82-af6d-66730fad5648,d,C,QB9,1,2,UVH5d,33,0.0,5850000.0,5.85,583,1024,0.5693359375
01a0a57e-4c4f-7f82-af6d-66730fad5648,d,C,QB9,1,2,UVH5d,34,0.0,6300000.0,6.3,562,1024,0.548828125
01a0a57e-4c4f-7f82-af6d-66730fad5648,d,C,QB9,1,2,UVH5d,35,0.0,6750000.0,6.75,592,1024,0.578125
01a0a57e-4c4f-7f82-af6d-66730fad5648,d,C,QB9,1,2,UVH5d,36,0.0,7200000.0,7.2,614,1024,0.599609375
01a0a57e-4c4f-7f82-af6d-66730fad5648,d,C,QB9,1,2,UVH5d,37,0.0,7650000.0,7.65,625,1024,0.6103515625
01a0a57e-4c4f-7f82-af6d-66730fad5648,d,C,QB9,1,2,UVH5d,38,0.0,8100000.0,8.1,610,1024,0.595703125
01a0a57e-4c4f-7f82-af6d-66730fad5648,d,C,QB9,1,2,UVH5d,39,0.0,8550000.0,8.55,648,1024,0.6328125
01a0a57e-4c4f-7f82-af6d-66730fad5648,d,C,QB9,1,2,UVH5d,40,0.0,9000000.0,9.0,617,1024,0.6025390625
01a0a57e-4c4f-7f82-af6d-66730fad5648,d,C,QB9,1,3,UVH6d,0,0.0,-9000000.0,-9.0,566,1024,0.552734375
01a0a57e-4c4f-7f82-af6d-66730fad5648,d,C,QB9,1,3,UVH6d,1,0.0,-8550000.0,-8.55,558,1024,0.544921875
01a0a57e-4c4f-7f82-af6d-66730fad5648,d,C,QB9,1,3,UVH6d,2,0.0,-8100000.0,-8.1,520,1024,0.5078125
01a0a57e-4c4f-7f82-af6d-66730fad5648,d,C,QB9,1,3,UVH6d,3,0.0,-7650000.0,-7.65,533,1024,0.5205078125
01a0a57e-4c4f-7f82-af6d-66730fad5648,d,C,QB9,1,3,UVH6d,4,0.0,-7200000.0,-7.2,540,1024,0.52734375
01a0a57e-4c4f-7f82-af6d-66730fad5648,d,C,QB9,1,3,UVH6d,5,0.0,-6750000.0,-6.75,516,1024,0.50390625
01a0a57e-4c4f-7f82-af6d-66730fad5648,d,C,QB9,1,3,UVH6d,6,0.0,-6300000.0,-6.3,496,1024,0.484375
01a0a57e-4c4f-7f82-af6d-66730fad5648,d,C,QB9,1,3,UVH6d,7,0.0,-5850000.0,-5.85,508,1024,0.49609375
01a0a57e-4c4f-7f82-af6d-66730fad5648,d,C,QB9,1,3,UVH6d,8,0.0,-5400000.0,-5.4,509,1024,0.4970703125
01a0a57e-4c4f-7f82-af6d-66730fad5648,d,C,QB9,1,3,UVH6d,9,0.0,-4950000.0,-4.95,502,1024,0.490234375
01a0a57e-4c4f-7f82-af6d-66730fad5648,d,C,QB9,1,3,UVH6d,10,0.0,-4500000.0,-4.5,489,1024,0.4775390625
01a0a57e-4c4f-7f82-af6d-66730fad5648,d,C,QB9,1,3,UVH6d,11,0.0,-4050000.0,-4.05,507,1024,0.4951171875
01a0a57e-4c4f-7f82-af6d-66730fad5648,d,C,QB9,1,3,UVH6d,12,0.0,-3600000.0,-3.6,463,1024,0.4521484375
01a0a57e-4c4f-7f82-af6d-66730fad5648,d,C,QB9,1,3,UVH6d,13,0.0,-3150000.0,-3.15,470,1024,0.458984375
01a0a57e-4c4f-7f82-af6d-66730fad5648,d,C,QB9,1,3,UVH6d,14,0.0,-2700000.0,-2.7,479,1024,0.4677734375
01a0a57e-4c4f-7f82-af6d-66730fad5648,d,C,QB9,1,3,UVH6d,15,0.0,-2250000.0,-2.25,475,1024,0.4638671875
01a0a57e-4c4f-7f82-af6d-66730fad5648,d,C,QB9,1,3,UVH6d,16,0.0,-1800000.0,-1.8,520,1024,0.5078125
01a0a57e-4c4f-7f82-af6d-66730fad5648,d,C,QB9,1,3,UVH6d,17,0.0,-1350000.0,-1.35,491,1024,0.4794921875
01a0a57e-4c4f-7f82-af6d-66730fad5648,d,C,QB9,1,3,UVH6d,18,0.0,-900000.0,-0.9,509,1024,0.4970703125
01a0a57e-4c4f-7f82-af6d-66730fad5648,d,C,QB9,1,3,UVH6d,19,0.0,-450000.0,-0.45,469,1024,0.4580078125
01a0a57e-4c4f-7f82-af6d-66730fad5648,d,C,QB9,1,3,UVH6d,20,0.0,0.0,0.0,496,1024,0.484375
01a0a57e-4c4f-7f82-af6d-66730fad5648,d,C,QB9,1,3,UVH6d,21,0.0,450000.0,0.45,487,1024,0.4755859375
01a0a57e-4c4f-7f82-af6d-66730fad5648,d,C,QB9,1,3,UVH6d,22,0.0,900000.0,0.9,481,1024,0.4697265625
01a0a57e-4c4f-7f82-af6d-66730fad5648,d,C,QB9,1,3,UVH6d,23,0.0,1350000.0,1.35,521,1024,0.5087890625
01a0a57e-4c4f-7f82-af6d-66730fad5648,d,C,QB9,1,3,UVH6d,24,0.0,1800000.0,1.8,510,1024,0.498046875
01a0a57e-4c4f-7f82-af6d-66730fad5648,d,C,QB9,1,3,UVH6d,25,0.0,2250000.0,2.25,514,1024,0.501953125
01a0a57e-4c4f-7f82-af6d-66730fad5648,d,C,QB9,1,3,UVH6d,26,0.0,2700000.0,2.7,501,1024,0.4892578125
01a0a57e-4c4f-7f82-af6d-66730fad5648,d,C,QB9,1,3,UVH6d,27,0.0,3150000.0,3.15,481,1024,0.4697265625
01a0a57e-4c4f-7f82-af6d-66730fad5648,d,C,QB9,1,3,UVH6d,28,0.0,3600000.0,3.6,478,1024,0.466796875
01a0a57e-4c4f-7f82-af6d-66730fad5648,d,C,QB9,1,3,UVH6d,29,0.0,4050000.0,4.05,461,1024,0.4501953125
01a0a57e-4c4f-7f82-af6d-66730fad5648,d,C,QB9,1,3,UVH6d,30,0.0,4500000.0,4.5,492,1024,0.48046875
01a0a57e-4c4f-7f82-af6d-66730fad5648,d,C,QB9,1,3,UVH6d,31,0.0,4950000.0,4.95,472,1024,0.4609375
01a0a57e-4c4f-7f82-af6d-66730fad5648,d,C,QB9,1,3,UVH6d,32,0.0,5400000.0,5.4,505,1024,0.4931640625
01a0a57e-4c4f-7f82-af6d-66730fad5648,d,C,QB9,1,3,UVH6d,33,0.0,5850000.0,5.85,494,1024,0.482421875
01a0a57e-4c4f-7f82-af6d-66730fad5648,d,C,QB9,1,3,UVH6d,34,0.0,6300000.0,6.3,508,1024,0.49609375
01a0a57e-4c4f-7f82-af6d-66730fad5648,d,C,QB9,1,3,UVH6d,35,0.0,6750000.0,6.75,500,1024,0.48828125
01a0a57e-4c4f-7f82-af6d-66730fad5648,d,C,QB9,1,3,UVH6d,36,0.0,7200000.0,7.2,519,1024,0.5068359375
01a0a57e-4c4f-7f82-af6d-66730fad5648,d,C,QB9,1,3,UVH6d,37,0.0,7650000.0,7.65,509,1024,0.4970703125
01a0a57e-4c4f-7f82-af6d-66730fad5648,d,C,QB9,1,3,UVH6d,38,0.0,8100000.0,8.1,476,1024,0.46484375
01a0a57e-4c4f-7f82-af6d-66730fad5648,d,C,QB9,1,3,UVH6d,39,0.0,8550000.0,8.55,543,1024,0.5302734375
01a0a57e-4c4f-7f82-af6d-66730fad5648,d,C,QB9,1,3,UVH6d,40,0.0,9000000.0,9.0,572,1024,0.55859375
01a0a57e-4c4f-7f82-af6d-66730fad5648,d,C,QB9,1,4,UVH7d,0,0.0,-9000000.0,-9.0,547,1024,0.5341796875
01a0a57e-4c4f-7f82-af6d-66730fad5648,d,C,QB9,1,4,UVH7d,1,0.0,-8550000.0,-8.55,576,1024,0.5625
01a0a57e-4c4f-7f82-af6d-66730fad5648,d,C,QB9,1,4,UVH7d,2,0.0,-8100000.0,-8.1,519,1024,0.5068359375
01a0a57e-4c4f-7f82-af6d-66730fad5648,d,C,QB9,1,4,UVH7d,3,0.0,-7650000.0,-7.65,550,1024,0.537109375
01a0a57e-4c4f-7f82-af6d-66730fad5648,d,C,QB9,1,4,UVH7d,4,0.0,-7200000.0,-7.2,523,1024,0.5107421875
01a0a57e-4c4f-7f82-af6d-66730fad5648,d,C,QB9,1,4,UVH7d,5,0.0,-6750000.0,-6.75,505,1024,0.4931640625
01a0a57e-4c4f-7f82-af6d-66730fad5648,d,C,QB9,1,4,UVH7d,6,0.0,-6300000.0,-6.3,552,1024,0.5390625
01a0a57e-4c4f-7f82-af6d-66730fad5648,d,C,QB9,1,4,UVH7d,7,0.0,-5850000.0,-5.85,533,1024,0.5205078125
01a0a57e-4c4f-7f82-af6d-66730fad5648,d,C,QB9,1,4,UVH7d,8,0.0,-5400000.0,-5.4,552,1024,0.5390625
01a0a57e-4c4f-7f82-af6d-66730fad5648,d,C,QB9,1,4,UVH7d,9,0.0,-4950000.0,-4.95,534,1024,0.521484375
01a0a57e-4c4f-7f82-af6d-66730fad5648,d,C,QB9,1,4,UVH7d,10,0.0,-4500000.0,-4.5,510,1024,0.498046875
01a0a57e-4c4f-7f82-af6d-66730fad5648,d,C,QB9,1,4,UVH7d,11,0.0,-4050000.0,-4.05,526,1024,0.513671875
01a0a57e-4c4f-7f82-af6d-66730fad5648,d,C,QB9,1,4,UVH7d,12,0.0,-3600000.0,-3.6,539,1024,0.5263671875
01a0a57e-4c4f-7f82-af6d-66730fad5648,d,C,QB9,1,4,UVH7d,13,0.0,-3150000.0,-3.15,550,1024,0.537109375
01a0a57e-4c4f-7f82-af6d-66730fad5648,d,C,QB9,1,4,UVH7d,14,0.0,-2700000.0,-2.7,542,1024,0.529296875
01a0a57e-4c4f-7f82-af6d-66730fad5648,d,C,QB9,1,4,UVH7d,15,0.0,-2250000.0,-2.25,552,1024,0.5390625
01a0a57e-4c4f-7f82-af6d-66730fad5648,d,C,QB9,1,4,UVH7d,16,0.0,-1800000.0,-1.8,548,1024,0.53515625
01a0a57e-4c4f-7f82-af6d-66730fad5648,d,C,QB9,1,4,UVH7d,17,0.0,-1350000.0,-1.35,551,1024,0.5380859375
01a0a57e-4c4f-7f82-af6d-66730fad5648,d,C,QB9,1,4,UVH7d,18,0.0,-900000.0,-0.9,550,1024,0.537109375
01a0a57e-4c4f-7f82-af6d-66730fad5648,d,C,QB9,1,4,UVH7d,19,0.0,-450000.0,-0.45,552,1024,0.5390625
01a0a57e-4c4f-7f82-af6d-66730fad5648,d,C,QB9,1,4,UVH7d,20,0.0,0.0,0.0,559,1024,0.5458984375
01a0a57e-4c4f-7f82-af6d-66730fad5648,d,C,QB9,1,4,UVH7d,21,0.0,450000.0,0.45,568,1024,0.5546875
01a0a57e-4c4f-7f82-af6d-66730fad5648,d,C,QB9,1,4,UVH7d,22,0.0,900000.0,0.9,551,1024,0.5380859375
01a0a57e-4c4f-7f82-af6d-66730fad5648,d,C,QB9,1,4,UVH7d,23,0.0,1350000.0,1.35,558,1024,0.544921875
01a0a57e-4c4f-7f82-af6d-66730fad5648,d,C,QB9,1,4,UVH7d,24,0.0,1800000.0,1.8,519,1024,0.5068359375
01a0a57e-4c4f-7f82-af6d-66730fad5648,d,C,QB9,1,4,UVH7d,25,0.0,2250000.0,2.25,547,1024,0.5341796875
01a0a57e-4c4f-7f82-af6d-66730fad5648,d,C,QB9,1,4,UVH7d,26,0.0,2700000.0,2.7,530,1024,0.517578125
01a0a57e-4c4f-7f82-af6d-66730fad5648,d,C,QB9,1,4,UVH7d,27,0.0,3150000.0,3.15,551,1024,0.5380859375
01a0a57e-4c4f-7f82-af6d-66730fad5648,d,C,QB9,1,4,UVH7d,28,0.0,3600000.0,3.6,508,1024,0.49609375
01a0a57e-4c4f-7f82-af6d-66730fad5648,d,C,QB9,1,4,UVH7d,29,0.0,4050000.0,4.05,538,1024,0.525390625
01a0a57e-4c4f-7f82-af6d-66730fad5648,d,C,QB9,1,4,UVH7d,30,0.0,4500000.0,4.5,530,1024,0.517578125
01a0a57e-4c4f-7f82-af6d-66730fad5648,d,C,QB9,1,4,UVH7d,31,0.0,4950000.0,4.95,500,1024,0.48828125
01a0a57e-4c4f-7f82-af6d-66730fad5648,d,C,QB9,1,4,UVH7d,32,0.0,5400000.0,5.4,516,1024,0.50390625
01a0a57e-4c4f-7f82-af6d-66730fad5648,d,C,QB9,1,4,UVH7d,33,0.0,5850000.0,5.85,509,1024,0.4970703125
01a0a57e-4c4f-7f82-af6d-66730fad5648,d,C,QB9,1,4,UVH7d,34,0.0,6300000.0,6.3,462,1024,0.451171875
01a0a57e-4c4f-7f82-af6d-66730fad5648,d,C,QB9,1,4,UVH7d,35,0.0,6750000.0,6.75,466,1024,0.455078125
01a0a57e-4c4f-7f82-af6d-66730fad5648,d,C,QB9,1,4,UVH7d,36,0.0,7200000.0,7.2,440,1024,0.4296875
01a0a57e-4c4f-7f82-af6d-66730fad5648,d,C,QB9,1,4,UVH7d,37,0.0,7650000.0,7.65,403,1024,0.3935546875
01a0a57e-4c4f-7f82-af6d-66730fad5648,d,C,QB9,1,4,UVH7d,38,0.0,8100000.0,8.1,384,1024,0.375
01a0a57e-4c4f-7f82-af6d-66730fad5648,d,C,QB9,1,4,UVH7d,39,0.0,8550000.0,8.55,385,1024,0.3759765625
01a0a57e-4c4f-7f82-af6d-66730fad5648,d,C,QB9,1,4,UVH7d,40,0.0,9000000.0,9.0,376,1024,0.3671875
01a0a57e-4c4f-7f82-af6d-66730fad5648,d,C,QB9,1,5,UVH8d,0,0.0,-9000000.0,-9.0,451,1024,0.4404296875
01a0a57e-4c4f-7f82-af6d-66730fad5648,d,C,QB9,1,5,UVH8d,1,0.0,-8550000.0,-8.55,467,1024,0.4560546875
01a0a57e-4c4f-7f82-af6d-66730fad5648,d,C,QB9,1,5,UVH8d,2,0.0,-8100000.0,-8.1,456,1024,0.4453125
01a0a57e-4c4f-7f82-af6d-66730fad5648,d,C,QB9,1,5,UVH8d,3,0.0,-7650000.0,-7.65,468,1024,0.45703125
01a0a57e-4c4f-7f82-af6d-66730fad5648,d,C,QB9,1,5,UVH8d,4,0.0,-7200000.0,-7.2,448,1024,0.4375
01a0a57e-4c4f-7f82-af6d-66730fad5648,d,C,QB9,1,5,UVH8d,5,0.0,-6750000.0,-6.75,458,1024,0.447265625
01a0a57e-4c4f-7f82-af6d-66730fad5648,d,C,QB9,1,5,UVH8d,6,0.0,-6300000.0,-6.3,457,1024,0.4462890625
01a0a57e-4c4f-7f82-af6d-66730fad5648,d,C,QB9,1,5,UVH8d,7,0.0,-5850000.0,-5.85,455,1024,0.4443359375
01a0a57e-4c4f-7f82-af6d-66730fad5648,d,C,QB9,1,5,UVH8d,8,0.0,-5400000.0,-5.4,459,1024,0.4482421875
01a0a57e-4c4f-7f82-af6d-66730fad5648,d,C,QB9,1,5,UVH8d,9,0.0,-4950000.0,-4.95,455,1024,0.4443359375
01a0a57e-4c4f-7f82-af6d-66730fad5648,d,C,QB9,1,5,UVH8d,10,0.0,-4500000.0,-4.5,486,1024,0.474609375
01a0a57e-4c4f-7f82-af6d-66730fad5648,d,C,QB9,1,5,UVH8d,11,0.0,-4050000.0,-4.05,450,1024,0.439453125
01a0a57e-4c4f-7f82-af6d-66730fad5648,d,C,QB9,1,5,UVH8d,12,0.0,-3600000.0,-3.6,443,1024,0.4326171875
01a0a57e-4c4f-7f82-af6d-66730fad5648,d,C,QB9,1,5,UVH8d,13,0.0,-3150000.0,-3.15,461,1024,0.4501953125
01a0a57e-4c4f-7f82-af6d-66730fad5648,d,C,QB9,1,5,UVH8d,14,0.0,-2700000.0,-2.7,456,1024,0.4453125
01a0a57e-4c4f-7f82-af6d-66730fad5648,d,C,QB9,1,5,UVH8d,15,0.0,-2250000.0,-2.25,452,1024,0.44140625
01a0a57e-4c4f-7f82-af6d-66730fad5648,d,C,QB9,1,5,UVH8d,16,0.0,-1800000.0,-1.8,438,1024,0.427734375
01a0a57e-4c4f-7f82-af6d-66730fad5648,d,C,QB9,1,5,UVH8d,17,0.0,-1350000.0,-1.35,460,1024,0.44921875
01a0a57e-4c4f-7f82-af6d-66730fad5648,d,C,QB9,1,5,UVH8d,18,0.0,-900000.0,-0.9,483,1024,0.4716796875
01a0a57e-4c4f-7f82-af6d-66730fad5648,d,C,QB9,1,5,UVH8d,19,0.0,-450000.0,-0.45,446,1024,0.435546875
01a0a57e-4c4f-7f82-af6d-66730fad5648,d,C,QB9,1,5,UVH8d,20,0.0,0.0,0.0,442,1024,0.431640625
01a0a57e-4c4f-7f82-af6d-66730fad5648,d,C,QB9,1,5,UVH8d,21,0.0,450000.0,0.45,456,1024,0.4453125
01a0a57e-4c4f-7f82-af6d-66730fad5648,d,C,QB9,1,5,UVH8d,22,0.0,900000.0,0.9,463,1024,0.4521484375
01a0a57e-4c4f-7f82-af6d-66730fad5648,d,C,QB9,1,5,UVH8d,23,0.0,1350000.0,1.35,472,1024,0.4609375
01a0a57e-4c4f-7f82-af6d-66730fad5648,d,C,QB9,1,5,UVH8d,24,0.0,1800000.0,1.8,475,1024,0.4638671875
01a0a57e-4c4f-7f82-af6d-66730fad5648,d,C,QB9,1,5,UVH8d,25,0.0,2250000.0,2.25,494,1024,0.482421875
01a0a57e-4c4f-7f82-af6d-66730fad5648,d,C,QB9,1,5,UVH8d,26,0.0,2700000.0,2.7,475,1024,0.4638671875
01a0a57e-4c4f-7f82-af6d-66730fad5648,d,C,QB9,1,5,UVH8d,27,0.0,3150000.0,3.15,508,1024,0.49609375
01a0a57e-4c4f-7f82-af6d-66730fad5648,d,C,QB9,1,5,UVH8d,28,0.0,3600000.0,3.6,482,1024,0.470703125
01a0a57e-4c4f-7f82-af6d-66730fad5648,d,C,QB9,1,5,UVH8d,29,0.0,4050000.0,4.05,480,1024,0.46875
01a0a57e-4c4f-7f82-af6d-66730fad5648,d,C,QB9,1,5,UVH8d,30,0.0,4500000.0,4.5,480,1024,0.46875
01a0a57e-4c4f-7f82-af6d-66730fad5648,d,C,QB9,1,5,UVH8d,31,0.0,4950000.0,4.95,477,1024,0.4658203125
01a0a57e-4c4f-7f82-af6d-66730fad5648,d,C,QB9,1,5,UVH8d,32,0.0,5400000.0,5.4,489,1024,0.4775390625
01a0a57e-4c4f-7f82-af6d-66730fad5648,d,C,QB9,1,5,UVH8d,33,0.0,5850000.0,5.85,489,1024,0.4775390625
01a0a57e-4c4f-7f82-af6d-66730fad5648,d,C,QB9,1,5,UVH8d,34,0.0,6300000.0,6.3,491,1024,0.4794921875
01a0a57e-4c4f-7f82-af6d-66730fad5648,d,C,QB9,1,5,UVH8d,35,0.0,6750000.0,6.75,486,1024,0.474609375
01a0a57e-4c4f-7f82-af6d-66730fad5648,d,C,QB9,1,5,UVH8d,36,0.0,7200000.0,7.2,455,1024,0.4443359375
01a0a57e-4c4f-7f82-af6d-66730fad5648,d,C,QB9,1,5,UVH8d,37,0.0,7650000.0,7.65,479,1024,0.4677734375
01a0a57e-4c4f-7f82-af6d-66730fad5648,d,C,QB9,1,5,UVH8d,38,0.0,8100000.0,8.1,461,1024,0.4501953125
01a0a57e-4c4f-7f82-af6d-66730fad5648,d,C,QB9,1,5,UVH8d,39,0.0,8550000.0,8.55,470,1024,0.458984375
01a0a57e-4c4f-7f82-af6d-66730fad5648,d,C,QB9,1,5,UVH8d,40,0.0,9000000.0,9.0,468,1024,0.45703125
01a0a57e-4c4f-7f82-af6d-66730fad5648,d,C,QB2,2,0,standard_pi_2,0,0.0,-9000000.0,-9.0,535,1024,0.5224609375
01a0a57e-4c4f-7f82-af6d-66730fad5648,d,C,QB2,2,0,standard_pi_2,1,0.0,-8550000.0,-8.55,524,1024,0.51171875
01a0a57e-4c4f-7f82-af6d-66730fad5648,d,C,QB2,2,0,standard_pi_2,2,0.0,-8100000.0,-8.1,516,1024,0.50390625
01a0a57e-4c4f-7f82-af6d-66730fad5648,d,C,QB2,2,0,standard_pi_2,3,0.0,-7650000.0,-7.65,499,1024,0.4873046875
01a0a57e-4c4f-7f82-af6d-66730fad5648,d,C,QB2,2,0,standard_pi_2,4,0.0,-7200000.0,-7.2,533,1024,0.5205078125
01a0a57e-4c4f-7f82-af6d-66730fad5648,d,C,QB2,2,0,standard_pi_2,5,0.0,-6750000.0,-6.75,496,1024,0.484375
01a0a57e-4c4f-7f82-af6d-66730fad5648,d,C,QB2,2,0,standard_pi_2,6,0.0,-6300000.0,-6.3,514,1024,0.501953125
01a0a57e-4c4f-7f82-af6d-66730fad5648,d,C,QB2,2,0,standard_pi_2,7,0.0,-5850000.0,-5.85,530,1024,0.517578125
01a0a57e-4c4f-7f82-af6d-66730fad5648,d,C,QB2,2,0,standard_pi_2,8,0.0,-5400000.0,-5.4,507,1024,0.4951171875
01a0a57e-4c4f-7f82-af6d-66730fad5648,d,C,QB2,2,0,standard_pi_2,9,0.0,-4950000.0,-4.95,480,1024,0.46875
01a0a57e-4c4f-7f82-af6d-66730fad5648,d,C,QB2,2,0,standard_pi_2,10,0.0,-4500000.0,-4.5,502,1024,0.490234375
01a0a57e-4c4f-7f82-af6d-66730fad5648,d,C,QB2,2,0,standard_pi_2,11,0.0,-4050000.0,-4.05,519,1024,0.5068359375
01a0a57e-4c4f-7f82-af6d-66730fad5648,d,C,QB2,2,0,standard_pi_2,12,0.0,-3600000.0,-3.6,485,1024,0.4736328125
01a0a57e-4c4f-7f82-af6d-66730fad5648,d,C,QB2,2,0,standard_pi_2,13,0.0,-3150000.0,-3.15,512,1024,0.5
01a0a57e-4c4f-7f82-af6d-66730fad5648,d,C,QB2,2,0,standard_pi_2,14,0.0,-2700000.0,-2.7,528,1024,0.515625
01a0a57e-4c4f-7f82-af6d-66730fad5648,d,C,QB2,2,0,standard_pi_2,15,0.0,-2250000.0,-2.25,505,1024,0.4931640625
01a0a57e-4c4f-7f82-af6d-66730fad5648,d,C,QB2,2,0,standard_pi_2,16,0.0,-1800000.0,-1.8,495,1024,0.4833984375
01a0a57e-4c4f-7f82-af6d-66730fad5648,d,C,QB2,2,0,standard_pi_2,17,0.0,-1350000.0,-1.35,511,1024,0.4990234375
01a0a57e-4c4f-7f82-af6d-66730fad5648,d,C,QB2,2,0,standard_pi_2,18,0.0,-900000.0,-0.9,533,1024,0.5205078125
01a0a57e-4c4f-7f82-af6d-66730fad5648,d,C,QB2,2,0,standard_pi_2,19,0.0,-450000.0,-0.45,495,1024,0.4833984375
01a0a57e-4c4f-7f82-af6d-66730fad5648,d,C,QB2,2,0,standard_pi_2,20,0.0,0.0,0.0,535,1024,0.5224609375
01a0a57e-4c4f-7f82-af6d-66730fad5648,d,C,QB2,2,0,standard_pi_2,21,0.0,450000.0,0.45,502,1024,0.490234375
01a0a57e-4c4f-7f82-af6d-66730fad5648,d,C,QB2,2,0,standard_pi_2,22,0.0,900000.0,0.9,485,1024,0.4736328125
01a0a57e-4c4f-7f82-af6d-66730fad5648,d,C,QB2,2,0,standard_pi_2,23,0.0,1350000.0,1.35,474,1024,0.462890625
01a0a57e-4c4f-7f82-af6d-66730fad5648,d,C,QB2,2,0,standard_pi_2,24,0.0,1800000.0,1.8,517,1024,0.5048828125
01a0a57e-4c4f-7f82-af6d-66730fad5648,d,C,QB2,2,0,standard_pi_2,25,0.0,2250000.0,2.25,492,1024,0.48046875
01a0a57e-4c4f-7f82-af6d-66730fad5648,d,C,QB2,2,0,standard_pi_2,26,0.0,2700000.0,2.7,506,1024,0.494140625
01a0a57e-4c4f-7f82-af6d-66730fad5648,d,C,QB2,2,0,standard_pi_2,27,0.0,3150000.0,3.15,468,1024,0.45703125
01a0a57e-4c4f-7f82-af6d-66730fad5648,d,C,QB2,2,0,standard_pi_2,28,0.0,3600000.0,3.6,465,1024,0.4541015625
01a0a57e-4c4f-7f82-af6d-66730fad5648,d,C,QB2,2,0,standard_pi_2,29,0.0,4050000.0,4.05,473,1024,0.4619140625
01a0a57e-4c4f-7f82-af6d-66730fad5648,d,C,QB2,2,0,standard_pi_2,30,0.0,4500000.0,4.5,502,1024,0.490234375
01a0a57e-4c4f-7f82-af6d-66730fad5648,d,C,QB2,2,0,standard_pi_2,31,0.0,4950000.0,4.95,487,1024,0.4755859375
01a0a57e-4c4f-7f82-af6d-66730fad5648,d,C,QB2,2,0,standard_pi_2,32,0.0,5400000.0,5.4,454,1024,0.443359375
01a0a57e-4c4f-7f82-af6d-66730fad5648,d,C,QB2,2,0,standard_pi_2,33,0.0,5850000.0,5.85,467,1024,0.4560546875
01a0a57e-4c4f-7f82-af6d-66730fad5648,d,C,QB2,2,0,standard_pi_2,34,0.0,6300000.0,6.3,464,1024,0.453125
01a0a57e-4c4f-7f82-af6d-66730fad5648,d,C,QB2,2,0,standard_pi_2,35,0.0,6750000.0,6.75,467,1024,0.4560546875
01a0a57e-4c4f-7f82-af6d-66730fad5648,d,C,QB2,2,0,standard_pi_2,36,0.0,7200000.0,7.2,493,1024,0.4814453125
01a0a57e-4c4f-7f82-af6d-66730fad5648,d,C,QB2,2,0,standard_pi_2,37,0.0,7650000.0,7.65,447,1024,0.4365234375
01a0a57e-4c4f-7f82-af6d-66730fad5648,d,C,QB2,2,0,standard_pi_2,38,0.0,8100000.0,8.1,471,1024,0.4599609375
01a0a57e-4c4f-7f82-af6d-66730fad5648,d,C,QB2,2,0,standard_pi_2,39,0.0,8550000.0,8.55,447,1024,0.4365234375
01a0a57e-4c4f-7f82-af6d-66730fad5648,d,C,QB2,2,0,standard_pi_2,40,0.0,9000000.0,9.0,448,1024,0.4375
01a0a57e-4c4f-7f82-af6d-66730fad5648,d,C,QB2,2,1,UVH4d,0,0.0,-9000000.0,-9.0,427,1024,0.4169921875
01a0a57e-4c4f-7f82-af6d-66730fad5648,d,C,QB2,2,1,UVH4d,1,0.0,-8550000.0,-8.55,421,1024,0.4111328125
01a0a57e-4c4f-7f82-af6d-66730fad5648,d,C,QB2,2,1,UVH4d,2,0.0,-8100000.0,-8.1,433,1024,0.4228515625
01a0a57e-4c4f-7f82-af6d-66730fad5648,d,C,QB2,2,1,UVH4d,3,0.0,-7650000.0,-7.65,441,1024,0.4306640625
01a0a57e-4c4f-7f82-af6d-66730fad5648,d,C,QB2,2,1,UVH4d,4,0.0,-7200000.0,-7.2,465,1024,0.4541015625
01a0a57e-4c4f-7f82-af6d-66730fad5648,d,C,QB2,2,1,UVH4d,5,0.0,-6750000.0,-6.75,459,1024,0.4482421875
01a0a57e-4c4f-7f82-af6d-66730fad5648,d,C,QB2,2,1,UVH4d,6,0.0,-6300000.0,-6.3,484,1024,0.47265625
01a0a57e-4c4f-7f82-af6d-66730fad5648,d,C,QB2,2,1,UVH4d,7,0.0,-5850000.0,-5.85,472,1024,0.4609375
01a0a57e-4c4f-7f82-af6d-66730fad5648,d,C,QB2,2,1,UVH4d,8,0.0,-5400000.0,-5.4,505,1024,0.4931640625
01a0a57e-4c4f-7f82-af6d-66730fad5648,d,C,QB2,2,1,UVH4d,9,0.0,-4950000.0,-4.95,522,1024,0.509765625
01a0a57e-4c4f-7f82-af6d-66730fad5648,d,C,QB2,2,1,UVH4d,10,0.0,-4500000.0,-4.5,508,1024,0.49609375
01a0a57e-4c4f-7f82-af6d-66730fad5648,d,C,QB2,2,1,UVH4d,11,0.0,-4050000.0,-4.05,545,1024,0.5322265625
01a0a57e-4c4f-7f82-af6d-66730fad5648,d,C,QB2,2,1,UVH4d,12,0.0,-3600000.0,-3.6,524,1024,0.51171875
01a0a57e-4c4f-7f82-af6d-66730fad5648,d,C,QB2,2,1,UVH4d,13,0.0,-3150000.0,-3.15,536,1024,0.5234375
01a0a57e-4c4f-7f82-af6d-66730fad5648,d,C,QB2,2,1,UVH4d,14,0.0,-2700000.0,-2.7,549,1024,0.5361328125
01a0a57e-4c4f-7f82-af6d-66730fad5648,d,C,QB2,2,1,UVH4d,15,0.0,-2250000.0,-2.25,548,1024,0.53515625
01a0a57e-4c4f-7f82-af6d-66730fad5648,d,C,QB2,2,1,UVH4d,16,0.0,-1800000.0,-1.8,526,1024,0.513671875
01a0a57e-4c4f-7f82-af6d-66730fad5648,d,C,QB2,2,1,UVH4d,17,0.0,-1350000.0,-1.35,570,1024,0.556640625
01a0a57e-4c4f-7f82-af6d-66730fad5648,d,C,QB2,2,1,UVH4d,18,0.0,-900000.0,-0.9,532,1024,0.51953125
01a0a57e-4c4f-7f82-af6d-66730fad5648,d,C,QB2,2,1,UVH4d,19,0.0,-450000.0,-0.45,532,1024,0.51953125
01a0a57e-4c4f-7f82-af6d-66730fad5648,d,C,QB2,2,1,UVH4d,20,0.0,0.0,0.0,547,1024,0.5341796875
01a0a57e-4c4f-7f82-af6d-66730fad5648,d,C,QB2,2,1,UVH4d,21,0.0,450000.0,0.45,510,1024,0.498046875
01a0a57e-4c4f-7f82-af6d-66730fad5648,d,C,QB2,2,1,UVH4d,22,0.0,900000.0,0.9,567,1024,0.5537109375
01a0a57e-4c4f-7f82-af6d-66730fad5648,d,C,QB2,2,1,UVH4d,23,0.0,1350000.0,1.35,541,1024,0.5283203125
01a0a57e-4c4f-7f82-af6d-66730fad5648,d,C,QB2,2,1,UVH4d,24,0.0,1800000.0,1.8,541,1024,0.5283203125
01a0a57e-4c4f-7f82-af6d-66730fad5648,d,C,QB2,2,1,UVH4d,25,0.0,2250000.0,2.25,543,1024,0.5302734375
01a0a57e-4c4f-7f82-af6d-66730fad5648,d,C,QB2,2,1,UVH4d,26,0.0,2700000.0,2.7,532,1024,0.51953125
01a0a57e-4c4f-7f82-af6d-66730fad5648,d,C,QB2,2,1,UVH4d,27,0.0,3150000.0,3.15,547,1024,0.5341796875
01a0a57e-4c4f-7f82-af6d-66730fad5648,d,C,QB2,2,1,UVH4d,28,0.0,3600000.0,3.6,555,1024,0.5419921875
01a0a57e-4c4f-7f82-af6d-66730fad5648,d,C,QB2,2,1,UVH4d,29,0.0,4050000.0,4.05,566,1024,0.552734375
01a0a57e-4c4f-7f82-af6d-66730fad5648,d,C,QB2,2,1,UVH4d,30,0.0,4500000.0,4.5,583,1024,0.5693359375
01a0a57e-4c4f-7f82-af6d-66730fad5648,d,C,QB2,2,1,UVH4d,31,0.0,4950000.0,4.95,582,1024,0.568359375
01a0a57e-4c4f-7f82-af6d-66730fad5648,d,C,QB2,2,1,UVH4d,32,0.0,5400000.0,5.4,582,1024,0.568359375
01a0a57e-4c4f-7f82-af6d-66730fad5648,d,C,QB2,2,1,UVH4d,33,0.0,5850000.0,5.85,604,1024,0.58984375
01a0a57e-4c4f-7f82-af6d-66730fad5648,d,C,QB2,2,1,UVH4d,34,0.0,6300000.0,6.3,621,1024,0.6064453125
01a0a57e-4c4f-7f82-af6d-66730fad5648,d,C,QB2,2,1,UVH4d,35,0.0,6750000.0,6.75,641,1024,0.6259765625
01a0a57e-4c4f-7f82-af6d-66730fad5648,d,C,QB2,2,1,UVH4d,36,0.0,7200000.0,7.2,646,1024,0.630859375
01a0a57e-4c4f-7f82-af6d-66730fad5648,d,C,QB2,2,1,UVH4d,37,0.0,7650000.0,7.65,655,1024,0.6396484375
01a0a57e-4c4f-7f82-af6d-66730fad5648,d,C,QB2,2,1,UVH4d,38,0.0,8100000.0,8.1,684,1024,0.66796875
01a0a57e-4c4f-7f82-af6d-66730fad5648,d,C,QB2,2,1,UVH4d,39,0.0,8550000.0,8.55,677,1024,0.6611328125
01a0a57e-4c4f-7f82-af6d-66730fad5648,d,C,QB2,2,1,UVH4d,40,0.0,9000000.0,9.0,674,1024,0.658203125
01a0a57e-4c4f-7f82-af6d-66730fad5648,d,C,QB2,2,2,UVH5d,0,0.0,-9000000.0,-9.0,105,1024,0.1025390625
01a0a57e-4c4f-7f82-af6d-66730fad5648,d,C,QB2,2,2,UVH5d,1,0.0,-8550000.0,-8.55,108,1024,0.10546875
01a0a57e-4c4f-7f82-af6d-66730fad5648,d,C,QB2,2,2,UVH5d,2,0.0,-8100000.0,-8.1,115,1024,0.1123046875
01a0a57e-4c4f-7f82-af6d-66730fad5648,d,C,QB2,2,2,UVH5d,3,0.0,-7650000.0,-7.65,155,1024,0.1513671875
01a0a57e-4c4f-7f82-af6d-66730fad5648,d,C,QB2,2,2,UVH5d,4,0.0,-7200000.0,-7.2,176,1024,0.171875
01a0a57e-4c4f-7f82-af6d-66730fad5648,d,C,QB2,2,2,UVH5d,5,0.0,-6750000.0,-6.75,199,1024,0.1943359375
01a0a57e-4c4f-7f82-af6d-66730fad5648,d,C,QB2,2,2,UVH5d,6,0.0,-6300000.0,-6.3,237,1024,0.2314453125
01a0a57e-4c4f-7f82-af6d-66730fad5648,d,C,QB2,2,2,UVH5d,7,0.0,-5850000.0,-5.85,267,1024,0.2607421875
01a0a57e-4c4f-7f82-af6d-66730fad5648,d,C,QB2,2,2,UVH5d,8,0.0,-5400000.0,-5.4,315,1024,0.3076171875
01a0a57e-4c4f-7f82-af6d-66730fad5648,d,C,QB2,2,2,UVH5d,9,0.0,-4950000.0,-4.95,325,1024,0.3173828125
01a0a57e-4c4f-7f82-af6d-66730fad5648,d,C,QB2,2,2,UVH5d,10,0.0,-4500000.0,-4.5,335,1024,0.3271484375
01a0a57e-4c4f-7f82-af6d-66730fad5648,d,C,QB2,2,2,UVH5d,11,0.0,-4050000.0,-4.05,356,1024,0.34765625
01a0a57e-4c4f-7f82-af6d-66730fad5648,d,C,QB2,2,2,UVH5d,12,0.0,-3600000.0,-3.6,423,1024,0.4130859375
01a0a57e-4c4f-7f82-af6d-66730fad5648,d,C,QB2,2,2,UVH5d,13,0.0,-3150000.0,-3.15,431,1024,0.4208984375
01a0a57e-4c4f-7f82-af6d-66730fad5648,d,C,QB2,2,2,UVH5d,14,0.0,-2700000.0,-2.7,432,1024,0.421875
01a0a57e-4c4f-7f82-af6d-66730fad5648,d,C,QB2,2,2,UVH5d,15,0.0,-2250000.0,-2.25,438,1024,0.427734375
01a0a57e-4c4f-7f82-af6d-66730fad5648,d,C,QB2,2,2,UVH5d,16,0.0,-1800000.0,-1.8,442,1024,0.431640625
01a0a57e-4c4f-7f82-af6d-66730fad5648,d,C,QB2,2,2,UVH5d,17,0.0,-1350000.0,-1.35,478,1024,0.466796875
01a0a57e-4c4f-7f82-af6d-66730fad5648,d,C,QB2,2,2,UVH5d,18,0.0,-900000.0,-0.9,473,1024,0.4619140625
01a0a57e-4c4f-7f82-af6d-66730fad5648,d,C,QB2,2,2,UVH5d,19,0.0,-450000.0,-0.45,465,1024,0.4541015625
01a0a57e-4c4f-7f82-af6d-66730fad5648,d,C,QB2,2,2,UVH5d,20,0.0,0.0,0.0,454,1024,0.443359375
01a0a57e-4c4f-7f82-af6d-66730fad5648,d,C,QB2,2,2,UVH5d,21,0.0,450000.0,0.45,480,1024,0.46875
01a0a57e-4c4f-7f82-af6d-66730fad5648,d,C,QB2,2,2,UVH5d,22,0.0,900000.0,0.9,441,1024,0.4306640625
01a0a57e-4c4f-7f82-af6d-66730fad5648,d,C,QB2,2,2,UVH5d,23,0.0,1350000.0,1.35,456,1024,0.4453125
01a0a57e-4c4f-7f82-af6d-66730fad5648,d,C,QB2,2,2,UVH5d,24,0.0,1800000.0,1.8,453,1024,0.4423828125
01a0a57e-4c4f-7f82-af6d-66730fad5648,d,C,QB2,2,2,UVH5d,25,0.0,2250000.0,2.25,431,1024,0.4208984375
01a0a57e-4c4f-7f82-af6d-66730fad5648,d,C,QB2,2,2,UVH5d,26,0.0,2700000.0,2.7,453,1024,0.4423828125
01a0a57e-4c4f-7f82-af6d-66730fad5648,d,C,QB2,2,2,UVH5d,27,0.0,3150000.0,3.15,468,1024,0.45703125
01a0a57e-4c4f-7f82-af6d-66730fad5648,d,C,QB2,2,2,UVH5d,28,0.0,3600000.0,3.6,434,1024,0.423828125
01a0a57e-4c4f-7f82-af6d-66730fad5648,d,C,QB2,2,2,UVH5d,29,0.0,4050000.0,4.05,456,1024,0.4453125
01a0a57e-4c4f-7f82-af6d-66730fad5648,d,C,QB2,2,2,UVH5d,30,0.0,4500000.0,4.5,473,1024,0.4619140625
01a0a57e-4c4f-7f82-af6d-66730fad5648,d,C,QB2,2,2,UVH5d,31,0.0,4950000.0,4.95,479,1024,0.4677734375
01a0a57e-4c4f-7f82-af6d-66730fad5648,d,C,QB2,2,2,UVH5d,32,0.0,5400000.0,5.4,512,1024,0.5
01a0a57e-4c4f-7f82-af6d-66730fad5648,d,C,QB2,2,2,UVH5d,33,0.0,5850000.0,5.85,498,1024,0.486328125
01a0a57e-4c4f-7f82-af6d-66730fad5648,d,C,QB2,2,2,UVH5d,34,0.0,6300000.0,6.3,509,1024,0.4970703125
01a0a57e-4c4f-7f82-af6d-66730fad5648,d,C,QB2,2,2,UVH5d,35,0.0,6750000.0,6.75,525,1024,0.5126953125
01a0a57e-4c4f-7f82-af6d-66730fad5648,d,C,QB2,2,2,UVH5d,36,0.0,7200000.0,7.2,531,1024,0.5185546875
01a0a57e-4c4f-7f82-af6d-66730fad5648,d,C,QB2,2,2,UVH5d,37,0.0,7650000.0,7.65,545,1024,0.5322265625
01a0a57e-4c4f-7f82-af6d-66730fad5648,d,C,QB2,2,2,UVH5d,38,0.0,8100000.0,8.1,530,1024,0.517578125
01a0a57e-4c4f-7f82-af6d-66730fad5648,d,C,QB2,2,2,UVH5d,39,0.0,8550000.0,8.55,566,1024,0.552734375
01a0a57e-4c4f-7f82-af6d-66730fad5648,d,C,QB2,2,2,UVH5d,40,0.0,9000000.0,9.0,538,1024,0.525390625
01a0a57e-4c4f-7f82-af6d-66730fad5648,d,C,QB2,2,3,UVH6d,0,0.0,-9000000.0,-9.0,546,1024,0.533203125
01a0a57e-4c4f-7f82-af6d-66730fad5648,d,C,QB2,2,3,UVH6d,1,0.0,-8550000.0,-8.55,584,1024,0.5703125
01a0a57e-4c4f-7f82-af6d-66730fad5648,d,C,QB2,2,3,UVH6d,2,0.0,-8100000.0,-8.1,557,1024,0.5439453125
01a0a57e-4c4f-7f82-af6d-66730fad5648,d,C,QB2,2,3,UVH6d,3,0.0,-7650000.0,-7.65,522,1024,0.509765625
01a0a57e-4c4f-7f82-af6d-66730fad5648,d,C,QB2,2,3,UVH6d,4,0.0,-7200000.0,-7.2,518,1024,0.505859375
01a0a57e-4c4f-7f82-af6d-66730fad5648,d,C,QB2,2,3,UVH6d,5,0.0,-6750000.0,-6.75,519,1024,0.5068359375
01a0a57e-4c4f-7f82-af6d-66730fad5648,d,C,QB2,2,3,UVH6d,6,0.0,-6300000.0,-6.3,513,1024,0.5009765625
01a0a57e-4c4f-7f82-af6d-66730fad5648,d,C,QB2,2,3,UVH6d,7,0.0,-5850000.0,-5.85,501,1024,0.4892578125
01a0a57e-4c4f-7f82-af6d-66730fad5648,d,C,QB2,2,3,UVH6d,8,0.0,-5400000.0,-5.4,499,1024,0.4873046875
01a0a57e-4c4f-7f82-af6d-66730fad5648,d,C,QB2,2,3,UVH6d,9,0.0,-4950000.0,-4.95,503,1024,0.4912109375
01a0a57e-4c4f-7f82-af6d-66730fad5648,d,C,QB2,2,3,UVH6d,10,0.0,-4500000.0,-4.5,478,1024,0.466796875
01a0a57e-4c4f-7f82-af6d-66730fad5648,d,C,QB2,2,3,UVH6d,11,0.0,-4050000.0,-4.05,455,1024,0.4443359375
01a0a57e-4c4f-7f82-af6d-66730fad5648,d,C,QB2,2,3,UVH6d,12,0.0,-3600000.0,-3.6,498,1024,0.486328125
01a0a57e-4c4f-7f82-af6d-66730fad5648,d,C,QB2,2,3,UVH6d,13,0.0,-3150000.0,-3.15,465,1024,0.4541015625
01a0a57e-4c4f-7f82-af6d-66730fad5648,d,C,QB2,2,3,UVH6d,14,0.0,-2700000.0,-2.7,481,1024,0.4697265625
01a0a57e-4c4f-7f82-af6d-66730fad5648,d,C,QB2,2,3,UVH6d,15,0.0,-2250000.0,-2.25,470,1024,0.458984375
01a0a57e-4c4f-7f82-af6d-66730fad5648,d,C,QB2,2,3,UVH6d,16,0.0,-1800000.0,-1.8,494,1024,0.482421875
01a0a57e-4c4f-7f82-af6d-66730fad5648,d,C,QB2,2,3,UVH6d,17,0.0,-1350000.0,-1.35,471,1024,0.4599609375
01a0a57e-4c4f-7f82-af6d-66730fad5648,d,C,QB2,2,3,UVH6d,18,0.0,-900000.0,-0.9,487,1024,0.4755859375
01a0a57e-4c4f-7f82-af6d-66730fad5648,d,C,QB2,2,3,UVH6d,19,0.0,-450000.0,-0.45,511,1024,0.4990234375
01a0a57e-4c4f-7f82-af6d-66730fad5648,d,C,QB2,2,3,UVH6d,20,0.0,0.0,0.0,462,1024,0.451171875
01a0a57e-4c4f-7f82-af6d-66730fad5648,d,C,QB2,2,3,UVH6d,21,0.0,450000.0,0.45,485,1024,0.4736328125
01a0a57e-4c4f-7f82-af6d-66730fad5648,d,C,QB2,2,3,UVH6d,22,0.0,900000.0,0.9,509,1024,0.4970703125
01a0a57e-4c4f-7f82-af6d-66730fad5648,d,C,QB2,2,3,UVH6d,23,0.0,1350000.0,1.35,500,1024,0.48828125
01a0a57e-4c4f-7f82-af6d-66730fad5648,d,C,QB2,2,3,UVH6d,24,0.0,1800000.0,1.8,497,1024,0.4853515625
01a0a57e-4c4f-7f82-af6d-66730fad5648,d,C,QB2,2,3,UVH6d,25,0.0,2250000.0,2.25,469,1024,0.4580078125
01a0a57e-4c4f-7f82-af6d-66730fad5648,d,C,QB2,2,3,UVH6d,26,0.0,2700000.0,2.7,467,1024,0.4560546875
01a0a57e-4c4f-7f82-af6d-66730fad5648,d,C,QB2,2,3,UVH6d,27,0.0,3150000.0,3.15,491,1024,0.4794921875
01a0a57e-4c4f-7f82-af6d-66730fad5648,d,C,QB2,2,3,UVH6d,28,0.0,3600000.0,3.6,468,1024,0.45703125
01a0a57e-4c4f-7f82-af6d-66730fad5648,d,C,QB2,2,3,UVH6d,29,0.0,4050000.0,4.05,494,1024,0.482421875
01a0a57e-4c4f-7f82-af6d-66730fad5648,d,C,QB2,2,3,UVH6d,30,0.0,4500000.0,4.5,505,1024,0.4931640625
01a0a57e-4c4f-7f82-af6d-66730fad5648,d,C,QB2,2,3,UVH6d,31,0.0,4950000.0,4.95,481,1024,0.4697265625
01a0a57e-4c4f-7f82-af6d-66730fad5648,d,C,QB2,2,3,UVH6d,32,0.0,5400000.0,5.4,465,1024,0.4541015625
01a0a57e-4c4f-7f82-af6d-66730fad5648,d,C,QB2,2,3,UVH6d,33,0.0,5850000.0,5.85,526,1024,0.513671875
01a0a57e-4c4f-7f82-af6d-66730fad5648,d,C,QB2,2,3,UVH6d,34,0.0,6300000.0,6.3,507,1024,0.4951171875
01a0a57e-4c4f-7f82-af6d-66730fad5648,d,C,QB2,2,3,UVH6d,35,0.0,6750000.0,6.75,520,1024,0.5078125
01a0a57e-4c4f-7f82-af6d-66730fad5648,d,C,QB2,2,3,UVH6d,36,0.0,7200000.0,7.2,524,1024,0.51171875
01a0a57e-4c4f-7f82-af6d-66730fad5648,d,C,QB2,2,3,UVH6d,37,0.0,7650000.0,7.65,543,1024,0.5302734375
01a0a57e-4c4f-7f82-af6d-66730fad5648,d,C,QB2,2,3,UVH6d,38,0.0,8100000.0,8.1,572,1024,0.55859375
01a0a57e-4c4f-7f82-af6d-66730fad5648,d,C,QB2,2,3,UVH6d,39,0.0,8550000.0,8.55,591,1024,0.5771484375
01a0a57e-4c4f-7f82-af6d-66730fad5648,d,C,QB2,2,3,UVH6d,40,0.0,9000000.0,9.0,621,1024,0.6064453125
01a0a57e-4c4f-7f82-af6d-66730fad5648,d,C,QB2,2,4,UVH7d,0,0.0,-9000000.0,-9.0,489,1024,0.4775390625
01a0a57e-4c4f-7f82-af6d-66730fad5648,d,C,QB2,2,4,UVH7d,1,0.0,-8550000.0,-8.55,461,1024,0.4501953125
01a0a57e-4c4f-7f82-af6d-66730fad5648,d,C,QB2,2,4,UVH7d,2,0.0,-8100000.0,-8.1,511,1024,0.4990234375
01a0a57e-4c4f-7f82-af6d-66730fad5648,d,C,QB2,2,4,UVH7d,3,0.0,-7650000.0,-7.65,456,1024,0.4453125
01a0a57e-4c4f-7f82-af6d-66730fad5648,d,C,QB2,2,4,UVH7d,4,0.0,-7200000.0,-7.2,478,1024,0.466796875
01a0a57e-4c4f-7f82-af6d-66730fad5648,d,C,QB2,2,4,UVH7d,5,0.0,-6750000.0,-6.75,454,1024,0.443359375
01a0a57e-4c4f-7f82-af6d-66730fad5648,d,C,QB2,2,4,UVH7d,6,0.0,-6300000.0,-6.3,472,1024,0.4609375
01a0a57e-4c4f-7f82-af6d-66730fad5648,d,C,QB2,2,4,UVH7d,7,0.0,-5850000.0,-5.85,485,1024,0.4736328125
01a0a57e-4c4f-7f82-af6d-66730fad5648,d,C,QB2,2,4,UVH7d,8,0.0,-5400000.0,-5.4,488,1024,0.4765625
01a0a57e-4c4f-7f82-af6d-66730fad5648,d,C,QB2,2,4,UVH7d,9,0.0,-4950000.0,-4.95,475,1024,0.4638671875
01a0a57e-4c4f-7f82-af6d-66730fad5648,d,C,QB2,2,4,UVH7d,10,0.0,-4500000.0,-4.5,483,1024,0.4716796875
01a0a57e-4c4f-7f82-af6d-66730fad5648,d,C,QB2,2,4,UVH7d,11,0.0,-4050000.0,-4.05,482,1024,0.470703125
01a0a57e-4c4f-7f82-af6d-66730fad5648,d,C,QB2,2,4,UVH7d,12,0.0,-3600000.0,-3.6,498,1024,0.486328125
01a0a57e-4c4f-7f82-af6d-66730fad5648,d,C,QB2,2,4,UVH7d,13,0.0,-3150000.0,-3.15,484,1024,0.47265625
01a0a57e-4c4f-7f82-af6d-66730fad5648,d,C,QB2,2,4,UVH7d,14,0.0,-2700000.0,-2.7,475,1024,0.4638671875
01a0a57e-4c4f-7f82-af6d-66730fad5648,d,C,QB2,2,4,UVH7d,15,0.0,-2250000.0,-2.25,485,1024,0.4736328125
01a0a57e-4c4f-7f82-af6d-66730fad5648,d,C,QB2,2,4,UVH7d,16,0.0,-1800000.0,-1.8,450,1024,0.439453125
01a0a57e-4c4f-7f82-af6d-66730fad5648,d,C,QB2,2,4,UVH7d,17,0.0,-1350000.0,-1.35,467,1024,0.4560546875
01a0a57e-4c4f-7f82-af6d-66730fad5648,d,C,QB2,2,4,UVH7d,18,0.0,-900000.0,-0.9,466,1024,0.455078125
01a0a57e-4c4f-7f82-af6d-66730fad5648,d,C,QB2,2,4,UVH7d,19,0.0,-450000.0,-0.45,486,1024,0.474609375
01a0a57e-4c4f-7f82-af6d-66730fad5648,d,C,QB2,2,4,UVH7d,20,0.0,0.0,0.0,488,1024,0.4765625
01a0a57e-4c4f-7f82-af6d-66730fad5648,d,C,QB2,2,4,UVH7d,21,0.0,450000.0,0.45,464,1024,0.453125
01a0a57e-4c4f-7f82-af6d-66730fad5648,d,C,QB2,2,4,UVH7d,22,0.0,900000.0,0.9,492,1024,0.48046875
01a0a57e-4c4f-7f82-af6d-66730fad5648,d,C,QB2,2,4,UVH7d,23,0.0,1350000.0,1.35,493,1024,0.4814453125
01a0a57e-4c4f-7f82-af6d-66730fad5648,d,C,QB2,2,4,UVH7d,24,0.0,1800000.0,1.8,458,1024,0.447265625
01a0a57e-4c4f-7f82-af6d-66730fad5648,d,C,QB2,2,4,UVH7d,25,0.0,2250000.0,2.25,465,1024,0.4541015625
01a0a57e-4c4f-7f82-af6d-66730fad5648,d,C,QB2,2,4,UVH7d,26,0.0,2700000.0,2.7,453,1024,0.4423828125
01a0a57e-4c4f-7f82-af6d-66730fad5648,d,C,QB2,2,4,UVH7d,27,0.0,3150000.0,3.15,460,1024,0.44921875
01a0a57e-4c4f-7f82-af6d-66730fad5648,d,C,QB2,2,4,UVH7d,28,0.0,3600000.0,3.6,460,1024,0.44921875
01a0a57e-4c4f-7f82-af6d-66730fad5648,d,C,QB2,2,4,UVH7d,29,0.0,4050000.0,4.05,477,1024,0.4658203125
01a0a57e-4c4f-7f82-af6d-66730fad5648,d,C,QB2,2,4,UVH7d,30,0.0,4500000.0,4.5,448,1024,0.4375
01a0a57e-4c4f-7f82-af6d-66730fad5648,d,C,QB2,2,4,UVH7d,31,0.0,4950000.0,4.95,451,1024,0.4404296875
01a0a57e-4c4f-7f82-af6d-66730fad5648,d,C,QB2,2,4,UVH7d,32,0.0,5400000.0,5.4,422,1024,0.412109375
01a0a57e-4c4f-7f82-af6d-66730fad5648,d,C,QB2,2,4,UVH7d,33,0.0,5850000.0,5.85,432,1024,0.421875
01a0a57e-4c4f-7f82-af6d-66730fad5648,d,C,QB2,2,4,UVH7d,34,0.0,6300000.0,6.3,412,1024,0.40234375
01a0a57e-4c4f-7f82-af6d-66730fad5648,d,C,QB2,2,4,UVH7d,35,0.0,6750000.0,6.75,409,1024,0.3994140625
01a0a57e-4c4f-7f82-af6d-66730fad5648,d,C,QB2,2,4,UVH7d,36,0.0,7200000.0,7.2,413,1024,0.4033203125
01a0a57e-4c4f-7f82-af6d-66730fad5648,d,C,QB2,2,4,UVH7d,37,0.0,7650000.0,7.65,370,1024,0.361328125
01a0a57e-4c4f-7f82-af6d-66730fad5648,d,C,QB2,2,4,UVH7d,38,0.0,8100000.0,8.1,342,1024,0.333984375
01a0a57e-4c4f-7f82-af6d-66730fad5648,d,C,QB2,2,4,UVH7d,39,0.0,8550000.0,8.55,327,1024,0.3193359375
01a0a57e-4c4f-7f82-af6d-66730fad5648,d,C,QB2,2,4,UVH7d,40,0.0,9000000.0,9.0,332,1024,0.32421875
01a0a57e-4c4f-7f82-af6d-66730fad5648,d,C,QB2,2,5,UVH8d,0,0.0,-9000000.0,-9.0,501,1024,0.4892578125
01a0a57e-4c4f-7f82-af6d-66730fad5648,d,C,QB2,2,5,UVH8d,1,0.0,-8550000.0,-8.55,531,1024,0.5185546875
01a0a57e-4c4f-7f82-af6d-66730fad5648,d,C,QB2,2,5,UVH8d,2,0.0,-8100000.0,-8.1,496,1024,0.484375
01a0a57e-4c4f-7f82-af6d-66730fad5648,d,C,QB2,2,5,UVH8d,3,0.0,-7650000.0,-7.65,515,1024,0.5029296875
01a0a57e-4c4f-7f82-af6d-66730fad5648,d,C,QB2,2,5,UVH8d,4,0.0,-7200000.0,-7.2,537,1024,0.5244140625
01a0a57e-4c4f-7f82-af6d-66730fad5648,d,C,QB2,2,5,UVH8d,5,0.0,-6750000.0,-6.75,484,1024,0.47265625
01a0a57e-4c4f-7f82-af6d-66730fad5648,d,C,QB2,2,5,UVH8d,6,0.0,-6300000.0,-6.3,537,1024,0.5244140625
01a0a57e-4c4f-7f82-af6d-66730fad5648,d,C,QB2,2,5,UVH8d,7,0.0,-5850000.0,-5.85,521,1024,0.5087890625
01a0a57e-4c4f-7f82-af6d-66730fad5648,d,C,QB2,2,5,UVH8d,8,0.0,-5400000.0,-5.4,484,1024,0.47265625
01a0a57e-4c4f-7f82-af6d-66730fad5648,d,C,QB2,2,5,UVH8d,9,0.0,-4950000.0,-4.95,504,1024,0.4921875
01a0a57e-4c4f-7f82-af6d-66730fad5648,d,C,QB2,2,5,UVH8d,10,0.0,-4500000.0,-4.5,493,1024,0.4814453125
01a0a57e-4c4f-7f82-af6d-66730fad5648,d,C,QB2,2,5,UVH8d,11,0.0,-4050000.0,-4.05,513,1024,0.5009765625
01a0a57e-4c4f-7f82-af6d-66730fad5648,d,C,QB2,2,5,UVH8d,12,0.0,-3600000.0,-3.6,498,1024,0.486328125
01a0a57e-4c4f-7f82-af6d-66730fad5648,d,C,QB2,2,5,UVH8d,13,0.0,-3150000.0,-3.15,516,1024,0.50390625
01a0a57e-4c4f-7f82-af6d-66730fad5648,d,C,QB2,2,5,UVH8d,14,0.0,-2700000.0,-2.7,488,1024,0.4765625
01a0a57e-4c4f-7f82-af6d-66730fad5648,d,C,QB2,2,5,UVH8d,15,0.0,-2250000.0,-2.25,510,1024,0.498046875
01a0a57e-4c4f-7f82-af6d-66730fad5648,d,C,QB2,2,5,UVH8d,16,0.0,-1800000.0,-1.8,529,1024,0.5166015625
01a0a57e-4c4f-7f82-af6d-66730fad5648,d,C,QB2,2,5,UVH8d,17,0.0,-1350000.0,-1.35,494,1024,0.482421875
01a0a57e-4c4f-7f82-af6d-66730fad5648,d,C,QB2,2,5,UVH8d,18,0.0,-900000.0,-0.9,522,1024,0.509765625
01a0a57e-4c4f-7f82-af6d-66730fad5648,d,C,QB2,2,5,UVH8d,19,0.0,-450000.0,-0.45,535,1024,0.5224609375
01a0a57e-4c4f-7f82-af6d-66730fad5648,d,C,QB2,2,5,UVH8d,20,0.0,0.0,0.0,516,1024,0.50390625
01a0a57e-4c4f-7f82-af6d-66730fad5648,d,C,QB2,2,5,UVH8d,21,0.0,450000.0,0.45,538,1024,0.525390625
01a0a57e-4c4f-7f82-af6d-66730fad5648,d,C,QB2,2,5,UVH8d,22,0.0,900000.0,0.9,510,1024,0.498046875
01a0a57e-4c4f-7f82-af6d-66730fad5648,d,C,QB2,2,5,UVH8d,23,0.0,1350000.0,1.35,496,1024,0.484375
01a0a57e-4c4f-7f82-af6d-66730fad5648,d,C,QB2,2,5,UVH8d,24,0.0,1800000.0,1.8,470,1024,0.458984375
01a0a57e-4c4f-7f82-af6d-66730fad5648,d,C,QB2,2,5,UVH8d,25,0.0,2250000.0,2.25,535,1024,0.5224609375
01a0a57e-4c4f-7f82-af6d-66730fad5648,d,C,QB2,2,5,UVH8d,26,0.0,2700000.0,2.7,514,1024,0.501953125
01a0a57e-4c4f-7f82-af6d-66730fad5648,d,C,QB2,2,5,UVH8d,27,0.0,3150000.0,3.15,499,1024,0.4873046875
01a0a57e-4c4f-7f82-af6d-66730fad5648,d,C,QB2,2,5,UVH8d,28,0.0,3600000.0,3.6,523,1024,0.5107421875
01a0a57e-4c4f-7f82-af6d-66730fad5648,d,C,QB2,2,5,UVH8d,29,0.0,4050000.0,4.05,505,1024,0.4931640625
01a0a57e-4c4f-7f82-af6d-66730fad5648,d,C,QB2,2,5,UVH8d,30,0.0,4500000.0,4.5,487,1024,0.4755859375
01a0a57e-4c4f-7f82-af6d-66730fad5648,d,C,QB2,2,5,UVH8d,31,0.0,4950000.0,4.95,520,1024,0.5078125
01a0a57e-4c4f-7f82-af6d-66730fad5648,d,C,QB2,2,5,UVH8d,32,0.0,5400000.0,5.4,528,1024,0.515625
01a0a57e-4c4f-7f82-af6d-66730fad5648,d,C,QB2,2,5,UVH8d,33,0.0,5850000.0,5.85,513,1024,0.5009765625
01a0a57e-4c4f-7f82-af6d-66730fad5648,d,C,QB2,2,5,UVH8d,34,0.0,6300000.0,6.3,503,1024,0.4912109375
01a0a57e-4c4f-7f82-af6d-66730fad5648,d,C,QB2,2,5,UVH8d,35,0.0,6750000.0,6.75,491,1024,0.4794921875
01a0a57e-4c4f-7f82-af6d-66730fad5648,d,C,QB2,2,5,UVH8d,36,0.0,7200000.0,7.2,510,1024,0.498046875
01a0a57e-4c4f-7f82-af6d-66730fad5648,d,C,QB2,2,5,UVH8d,37,0.0,7650000.0,7.65,504,1024,0.4921875
01a0a57e-4c4f-7f82-af6d-66730fad5648,d,C,QB2,2,5,UVH8d,38,0.0,8100000.0,8.1,484,1024,0.47265625
01a0a57e-4c4f-7f82-af6d-66730fad5648,d,C,QB2,2,5,UVH8d,39,0.0,8550000.0,8.55,521,1024,0.5087890625
01a0a57e-4c4f-7f82-af6d-66730fad5648,d,C,QB2,2,5,UVH8d,40,0.0,9000000.0,9.0,480,1024,0.46875
01a0a57e-4c4f-7f82-af6d-66730fad5648,d,C,QB4,3,0,standard_pi_2,0,0.0,-9000000.0,-9.0,536,1024,0.5234375
01a0a57e-4c4f-7f82-af6d-66730fad5648,d,C,QB4,3,0,standard_pi_2,1,0.0,-8550000.0,-8.55,528,1024,0.515625
01a0a57e-4c4f-7f82-af6d-66730fad5648,d,C,QB4,3,0,standard_pi_2,2,0.0,-8100000.0,-8.1,543,1024,0.5302734375
01a0a57e-4c4f-7f82-af6d-66730fad5648,d,C,QB4,3,0,standard_pi_2,3,0.0,-7650000.0,-7.65,563,1024,0.5498046875
01a0a57e-4c4f-7f82-af6d-66730fad5648,d,C,QB4,3,0,standard_pi_2,4,0.0,-7200000.0,-7.2,548,1024,0.53515625
01a0a57e-4c4f-7f82-af6d-66730fad5648,d,C,QB4,3,0,standard_pi_2,5,0.0,-6750000.0,-6.75,532,1024,0.51953125
01a0a57e-4c4f-7f82-af6d-66730fad5648,d,C,QB4,3,0,standard_pi_2,6,0.0,-6300000.0,-6.3,552,1024,0.5390625
01a0a57e-4c4f-7f82-af6d-66730fad5648,d,C,QB4,3,0,standard_pi_2,7,0.0,-5850000.0,-5.85,519,1024,0.5068359375
01a0a57e-4c4f-7f82-af6d-66730fad5648,d,C,QB4,3,0,standard_pi_2,8,0.0,-5400000.0,-5.4,529,1024,0.5166015625
01a0a57e-4c4f-7f82-af6d-66730fad5648,d,C,QB4,3,0,standard_pi_2,9,0.0,-4950000.0,-4.95,523,1024,0.5107421875
01a0a57e-4c4f-7f82-af6d-66730fad5648,d,C,QB4,3,0,standard_pi_2,10,0.0,-4500000.0,-4.5,525,1024,0.5126953125
01a0a57e-4c4f-7f82-af6d-66730fad5648,d,C,QB4,3,0,standard_pi_2,11,0.0,-4050000.0,-4.05,523,1024,0.5107421875
01a0a57e-4c4f-7f82-af6d-66730fad5648,d,C,QB4,3,0,standard_pi_2,12,0.0,-3600000.0,-3.6,536,1024,0.5234375
01a0a57e-4c4f-7f82-af6d-66730fad5648,d,C,QB4,3,0,standard_pi_2,13,0.0,-3150000.0,-3.15,547,1024,0.5341796875
01a0a57e-4c4f-7f82-af6d-66730fad5648,d,C,QB4,3,0,standard_pi_2,14,0.0,-2700000.0,-2.7,515,1024,0.5029296875
01a0a57e-4c4f-7f82-af6d-66730fad5648,d,C,QB4,3,0,standard_pi_2,15,0.0,-2250000.0,-2.25,507,1024,0.4951171875
01a0a57e-4c4f-7f82-af6d-66730fad5648,d,C,QB4,3,0,standard_pi_2,16,0.0,-1800000.0,-1.8,513,1024,0.5009765625
01a0a57e-4c4f-7f82-af6d-66730fad5648,d,C,QB4,3,0,standard_pi_2,17,0.0,-1350000.0,-1.35,474,1024,0.462890625
01a0a57e-4c4f-7f82-af6d-66730fad5648,d,C,QB4,3,0,standard_pi_2,18,0.0,-900000.0,-0.9,504,1024,0.4921875
01a0a57e-4c4f-7f82-af6d-66730fad5648,d,C,QB4,3,0,standard_pi_2,19,0.0,-450000.0,-0.45,501,1024,0.4892578125
01a0a57e-4c4f-7f82-af6d-66730fad5648,d,C,QB4,3,0,standard_pi_2,20,0.0,0.0,0.0,506,1024,0.494140625
01a0a57e-4c4f-7f82-af6d-66730fad5648,d,C,QB4,3,0,standard_pi_2,21,0.0,450000.0,0.45,511,1024,0.4990234375
01a0a57e-4c4f-7f82-af6d-66730fad5648,d,C,QB4,3,0,standard_pi_2,22,0.0,900000.0,0.9,512,1024,0.5
01a0a57e-4c4f-7f82-af6d-66730fad5648,d,C,QB4,3,0,standard_pi_2,23,0.0,1350000.0,1.35,486,1024,0.474609375
01a0a57e-4c4f-7f82-af6d-66730fad5648,d,C,QB4,3,0,standard_pi_2,24,0.0,1800000.0,1.8,520,1024,0.5078125
01a0a57e-4c4f-7f82-af6d-66730fad5648,d,C,QB4,3,0,standard_pi_2,25,0.0,2250000.0,2.25,510,1024,0.498046875
01a0a57e-4c4f-7f82-af6d-66730fad5648,d,C,QB4,3,0,standard_pi_2,26,0.0,2700000.0,2.7,488,1024,0.4765625
01a0a57e-4c4f-7f82-af6d-66730fad5648,d,C,QB4,3,0,standard_pi_2,27,0.0,3150000.0,3.15,452,1024,0.44140625
01a0a57e-4c4f-7f82-af6d-66730fad5648,d,C,QB4,3,0,standard_pi_2,28,0.0,3600000.0,3.6,488,1024,0.4765625
01a0a57e-4c4f-7f82-af6d-66730fad5648,d,C,QB4,3,0,standard_pi_2,29,0.0,4050000.0,4.05,483,1024,0.4716796875
01a0a57e-4c4f-7f82-af6d-66730fad5648,d,C,QB4,3,0,standard_pi_2,30,0.0,4500000.0,4.5,498,1024,0.486328125
01a0a57e-4c4f-7f82-af6d-66730fad5648,d,C,QB4,3,0,standard_pi_2,31,0.0,4950000.0,4.95,448,1024,0.4375
01a0a57e-4c4f-7f82-af6d-66730fad5648,d,C,QB4,3,0,standard_pi_2,32,0.0,5400000.0,5.4,466,1024,0.455078125
01a0a57e-4c4f-7f82-af6d-66730fad5648,d,C,QB4,3,0,standard_pi_2,33,0.0,5850000.0,5.85,470,1024,0.458984375
01a0a57e-4c4f-7f82-af6d-66730fad5648,d,C,QB4,3,0,standard_pi_2,34,0.0,6300000.0,6.3,442,1024,0.431640625
01a0a57e-4c4f-7f82-af6d-66730fad5648,d,C,QB4,3,0,standard_pi_2,35,0.0,6750000.0,6.75,464,1024,0.453125
01a0a57e-4c4f-7f82-af6d-66730fad5648,d,C,QB4,3,0,standard_pi_2,36,0.0,7200000.0,7.2,447,1024,0.4365234375
01a0a57e-4c4f-7f82-af6d-66730fad5648,d,C,QB4,3,0,standard_pi_2,37,0.0,7650000.0,7.65,464,1024,0.453125
01a0a57e-4c4f-7f82-af6d-66730fad5648,d,C,QB4,3,0,standard_pi_2,38,0.0,8100000.0,8.1,452,1024,0.44140625
01a0a57e-4c4f-7f82-af6d-66730fad5648,d,C,QB4,3,0,standard_pi_2,39,0.0,8550000.0,8.55,413,1024,0.4033203125
01a0a57e-4c4f-7f82-af6d-66730fad5648,d,C,QB4,3,0,standard_pi_2,40,0.0,9000000.0,9.0,440,1024,0.4296875
01a0a57e-4c4f-7f82-af6d-66730fad5648,d,C,QB4,3,1,UVH4d,0,0.0,-9000000.0,-9.0,411,1024,0.4013671875
01a0a57e-4c4f-7f82-af6d-66730fad5648,d,C,QB4,3,1,UVH4d,1,0.0,-8550000.0,-8.55,412,1024,0.40234375
01a0a57e-4c4f-7f82-af6d-66730fad5648,d,C,QB4,3,1,UVH4d,2,0.0,-8100000.0,-8.1,455,1024,0.4443359375
01a0a57e-4c4f-7f82-af6d-66730fad5648,d,C,QB4,3,1,UVH4d,3,0.0,-7650000.0,-7.65,410,1024,0.400390625
01a0a57e-4c4f-7f82-af6d-66730fad5648,d,C,QB4,3,1,UVH4d,4,0.0,-7200000.0,-7.2,431,1024,0.4208984375
01a0a57e-4c4f-7f82-af6d-66730fad5648,d,C,QB4,3,1,UVH4d,5,0.0,-6750000.0,-6.75,473,1024,0.4619140625
01a0a57e-4c4f-7f82-af6d-66730fad5648,d,C,QB4,3,1,UVH4d,6,0.0,-6300000.0,-6.3,464,1024,0.453125
01a0a57e-4c4f-7f82-af6d-66730fad5648,d,C,QB4,3,1,UVH4d,7,0.0,-5850000.0,-5.85,502,1024,0.490234375
01a0a57e-4c4f-7f82-af6d-66730fad5648,d,C,QB4,3,1,UVH4d,8,0.0,-5400000.0,-5.4,497,1024,0.4853515625
01a0a57e-4c4f-7f82-af6d-66730fad5648,d,C,QB4,3,1,UVH4d,9,0.0,-4950000.0,-4.95,486,1024,0.474609375
01a0a57e-4c4f-7f82-af6d-66730fad5648,d,C,QB4,3,1,UVH4d,10,0.0,-4500000.0,-4.5,483,1024,0.4716796875
01a0a57e-4c4f-7f82-af6d-66730fad5648,d,C,QB4,3,1,UVH4d,11,0.0,-4050000.0,-4.05,501,1024,0.4892578125
01a0a57e-4c4f-7f82-af6d-66730fad5648,d,C,QB4,3,1,UVH4d,12,0.0,-3600000.0,-3.6,503,1024,0.4912109375
01a0a57e-4c4f-7f82-af6d-66730fad5648,d,C,QB4,3,1,UVH4d,13,0.0,-3150000.0,-3.15,522,1024,0.509765625
01a0a57e-4c4f-7f82-af6d-66730fad5648,d,C,QB4,3,1,UVH4d,14,0.0,-2700000.0,-2.7,498,1024,0.486328125
01a0a57e-4c4f-7f82-af6d-66730fad5648,d,C,QB4,3,1,UVH4d,15,0.0,-2250000.0,-2.25,536,1024,0.5234375
01a0a57e-4c4f-7f82-af6d-66730fad5648,d,C,QB4,3,1,UVH4d,16,0.0,-1800000.0,-1.8,550,1024,0.537109375
01a0a57e-4c4f-7f82-af6d-66730fad5648,d,C,QB4,3,1,UVH4d,17,0.0,-1350000.0,-1.35,526,1024,0.513671875
01a0a57e-4c4f-7f82-af6d-66730fad5648,d,C,QB4,3,1,UVH4d,18,0.0,-900000.0,-0.9,532,1024,0.51953125
01a0a57e-4c4f-7f82-af6d-66730fad5648,d,C,QB4,3,1,UVH4d,19,0.0,-450000.0,-0.45,513,1024,0.5009765625
01a0a57e-4c4f-7f82-af6d-66730fad5648,d,C,QB4,3,1,UVH4d,20,0.0,0.0,0.0,545,1024,0.5322265625
01a0a57e-4c4f-7f82-af6d-66730fad5648,d,C,QB4,3,1,UVH4d,21,0.0,450000.0,0.45,513,1024,0.5009765625
01a0a57e-4c4f-7f82-af6d-66730fad5648,d,C,QB4,3,1,UVH4d,22,0.0,900000.0,0.9,536,1024,0.5234375
01a0a57e-4c4f-7f82-af6d-66730fad5648,d,C,QB4,3,1,UVH4d,23,0.0,1350000.0,1.35,498,1024,0.486328125
01a0a57e-4c4f-7f82-af6d-66730fad5648,d,C,QB4,3,1,UVH4d,24,0.0,1800000.0,1.8,494,1024,0.482421875
01a0a57e-4c4f-7f82-af6d-66730fad5648,d,C,QB4,3,1,UVH4d,25,0.0,2250000.0,2.25,548,1024,0.53515625
01a0a57e-4c4f-7f82-af6d-66730fad5648,d,C,QB4,3,1,UVH4d,26,0.0,2700000.0,2.7,519,1024,0.5068359375
01a0a57e-4c4f-7f82-af6d-66730fad5648,d,C,QB4,3,1,UVH4d,27,0.0,3150000.0,3.15,531,1024,0.5185546875
01a0a57e-4c4f-7f82-af6d-66730fad5648,d,C,QB4,3,1,UVH4d,28,0.0,3600000.0,3.6,561,1024,0.5478515625
01a0a57e-4c4f-7f82-af6d-66730fad5648,d,C,QB4,3,1,UVH4d,29,0.0,4050000.0,4.05,538,1024,0.525390625
01a0a57e-4c4f-7f82-af6d-66730fad5648,d,C,QB4,3,1,UVH4d,30,0.0,4500000.0,4.5,592,1024,0.578125
01a0a57e-4c4f-7f82-af6d-66730fad5648,d,C,QB4,3,1,UVH4d,31,0.0,4950000.0,4.95,593,1024,0.5791015625
01a0a57e-4c4f-7f82-af6d-66730fad5648,d,C,QB4,3,1,UVH4d,32,0.0,5400000.0,5.4,613,1024,0.5986328125
01a0a57e-4c4f-7f82-af6d-66730fad5648,d,C,QB4,3,1,UVH4d,33,0.0,5850000.0,5.85,619,1024,0.6044921875
01a0a57e-4c4f-7f82-af6d-66730fad5648,d,C,QB4,3,1,UVH4d,34,0.0,6300000.0,6.3,602,1024,0.587890625
01a0a57e-4c4f-7f82-af6d-66730fad5648,d,C,QB4,3,1,UVH4d,35,0.0,6750000.0,6.75,631,1024,0.6162109375
01a0a57e-4c4f-7f82-af6d-66730fad5648,d,C,QB4,3,1,UVH4d,36,0.0,7200000.0,7.2,698,1024,0.681640625
01a0a57e-4c4f-7f82-af6d-66730fad5648,d,C,QB4,3,1,UVH4d,37,0.0,7650000.0,7.65,679,1024,0.6630859375
01a0a57e-4c4f-7f82-af6d-66730fad5648,d,C,QB4,3,1,UVH4d,38,0.0,8100000.0,8.1,692,1024,0.67578125
01a0a57e-4c4f-7f82-af6d-66730fad5648,d,C,QB4,3,1,UVH4d,39,0.0,8550000.0,8.55,696,1024,0.6796875
01a0a57e-4c4f-7f82-af6d-66730fad5648,d,C,QB4,3,1,UVH4d,40,0.0,9000000.0,9.0,716,1024,0.69921875
01a0a57e-4c4f-7f82-af6d-66730fad5648,d,C,QB4,3,2,UVH5d,0,0.0,-9000000.0,-9.0,109,1024,0.1064453125
01a0a57e-4c4f-7f82-af6d-66730fad5648,d,C,QB4,3,2,UVH5d,1,0.0,-8550000.0,-8.55,129,1024,0.1259765625
01a0a57e-4c4f-7f82-af6d-66730fad5648,d,C,QB4,3,2,UVH5d,2,0.0,-8100000.0,-8.1,171,1024,0.1669921875
01a0a57e-4c4f-7f82-af6d-66730fad5648,d,C,QB4,3,2,UVH5d,3,0.0,-7650000.0,-7.65,191,1024,0.1865234375
01a0a57e-4c4f-7f82-af6d-66730fad5648,d,C,QB4,3,2,UVH5d,4,0.0,-7200000.0,-7.2,227,1024,0.2216796875
01a0a57e-4c4f-7f82-af6d-66730fad5648,d,C,QB4,3,2,UVH5d,5,0.0,-6750000.0,-6.75,242,1024,0.236328125
01a0a57e-4c4f-7f82-af6d-66730fad5648,d,C,QB4,3,2,UVH5d,6,0.0,-6300000.0,-6.3,290,1024,0.283203125
01a0a57e-4c4f-7f82-af6d-66730fad5648,d,C,QB4,3,2,UVH5d,7,0.0,-5850000.0,-5.85,322,1024,0.314453125
01a0a57e-4c4f-7f82-af6d-66730fad5648,d,C,QB4,3,2,UVH5d,8,0.0,-5400000.0,-5.4,329,1024,0.3212890625
01a0a57e-4c4f-7f82-af6d-66730fad5648,d,C,QB4,3,2,UVH5d,9,0.0,-4950000.0,-4.95,387,1024,0.3779296875
01a0a57e-4c4f-7f82-af6d-66730fad5648,d,C,QB4,3,2,UVH5d,10,0.0,-4500000.0,-4.5,407,1024,0.3974609375
01a0a57e-4c4f-7f82-af6d-66730fad5648,d,C,QB4,3,2,UVH5d,11,0.0,-4050000.0,-4.05,456,1024,0.4453125
01a0a57e-4c4f-7f82-af6d-66730fad5648,d,C,QB4,3,2,UVH5d,12,0.0,-3600000.0,-3.6,457,1024,0.4462890625
01a0a57e-4c4f-7f82-af6d-66730fad5648,d,C,QB4,3,2,UVH5d,13,0.0,-3150000.0,-3.15,468,1024,0.45703125
01a0a57e-4c4f-7f82-af6d-66730fad5648,d,C,QB4,3,2,UVH5d,14,0.0,-2700000.0,-2.7,502,1024,0.490234375
01a0a57e-4c4f-7f82-af6d-66730fad5648,d,C,QB4,3,2,UVH5d,15,0.0,-2250000.0,-2.25,516,1024,0.50390625
01a0a57e-4c4f-7f82-af6d-66730fad5648,d,C,QB4,3,2,UVH5d,16,0.0,-1800000.0,-1.8,538,1024,0.525390625
01a0a57e-4c4f-7f82-af6d-66730fad5648,d,C,QB4,3,2,UVH5d,17,0.0,-1350000.0,-1.35,510,1024,0.498046875
01a0a57e-4c4f-7f82-af6d-66730fad5648,d,C,QB4,3,2,UVH5d,18,0.0,-900000.0,-0.9,519,1024,0.5068359375
01a0a57e-4c4f-7f82-af6d-66730fad5648,d,C,QB4,3,2,UVH5d,19,0.0,-450000.0,-0.45,543,1024,0.5302734375
01a0a57e-4c4f-7f82-af6d-66730fad5648,d,C,QB4,3,2,UVH5d,20,0.0,0.0,0.0,501,1024,0.4892578125
01a0a57e-4c4f-7f82-af6d-66730fad5648,d,C,QB4,3,2,UVH5d,21,0.0,450000.0,0.45,511,1024,0.4990234375
01a0a57e-4c4f-7f82-af6d-66730fad5648,d,C,QB4,3,2,UVH5d,22,0.0,900000.0,0.9,525,1024,0.5126953125
01a0a57e-4c4f-7f82-af6d-66730fad5648,d,C,QB4,3,2,UVH5d,23,0.0,1350000.0,1.35,530,1024,0.517578125
01a0a57e-4c4f-7f82-af6d-66730fad5648,d,C,QB4,3,2,UVH5d,24,0.0,1800000.0,1.8,503,1024,0.4912109375
01a0a57e-4c4f-7f82-af6d-66730fad5648,d,C,QB4,3,2,UVH5d,25,0.0,2250000.0,2.25,511,1024,0.4990234375
01a0a57e-4c4f-7f82-af6d-66730fad5648,d,C,QB4,3,2,UVH5d,26,0.0,2700000.0,2.7,512,1024,0.5
01a0a57e-4c4f-7f82-af6d-66730fad5648,d,C,QB4,3,2,UVH5d,27,0.0,3150000.0,3.15,523,1024,0.5107421875
01a0a57e-4c4f-7f82-af6d-66730fad5648,d,C,QB4,3,2,UVH5d,28,0.0,3600000.0,3.6,516,1024,0.50390625
01a0a57e-4c4f-7f82-af6d-66730fad5648,d,C,QB4,3,2,UVH5d,29,0.0,4050000.0,4.05,528,1024,0.515625
01a0a57e-4c4f-7f82-af6d-66730fad5648,d,C,QB4,3,2,UVH5d,30,0.0,4500000.0,4.5,534,1024,0.521484375
01a0a57e-4c4f-7f82-af6d-66730fad5648,d,C,QB4,3,2,UVH5d,31,0.0,4950000.0,4.95,577,1024,0.5634765625
01a0a57e-4c4f-7f82-af6d-66730fad5648,d,C,QB4,3,2,UVH5d,32,0.0,5400000.0,5.4,561,1024,0.5478515625
01a0a57e-4c4f-7f82-af6d-66730fad5648,d,C,QB4,3,2,UVH5d,33,0.0,5850000.0,5.85,548,1024,0.53515625
01a0a57e-4c4f-7f82-af6d-66730fad5648,d,C,QB4,3,2,UVH5d,34,0.0,6300000.0,6.3,555,1024,0.5419921875
01a0a57e-4c4f-7f82-af6d-66730fad5648,d,C,QB4,3,2,UVH5d,35,0.0,6750000.0,6.75,576,1024,0.5625
01a0a57e-4c4f-7f82-af6d-66730fad5648,d,C,QB4,3,2,UVH5d,36,0.0,7200000.0,7.2,590,1024,0.576171875
01a0a57e-4c4f-7f82-af6d-66730fad5648,d,C,QB4,3,2,UVH5d,37,0.0,7650000.0,7.65,610,1024,0.595703125
01a0a57e-4c4f-7f82-af6d-66730fad5648,d,C,QB4,3,2,UVH5d,38,0.0,8100000.0,8.1,620,1024,0.60546875
01a0a57e-4c4f-7f82-af6d-66730fad5648,d,C,QB4,3,2,UVH5d,39,0.0,8550000.0,8.55,633,1024,0.6181640625
01a0a57e-4c4f-7f82-af6d-66730fad5648,d,C,QB4,3,2,UVH5d,40,0.0,9000000.0,9.0,617,1024,0.6025390625
01a0a57e-4c4f-7f82-af6d-66730fad5648,d,C,QB4,3,3,UVH6d,0,0.0,-9000000.0,-9.0,566,1024,0.552734375
01a0a57e-4c4f-7f82-af6d-66730fad5648,d,C,QB4,3,3,UVH6d,1,0.0,-8550000.0,-8.55,564,1024,0.55078125
01a0a57e-4c4f-7f82-af6d-66730fad5648,d,C,QB4,3,3,UVH6d,2,0.0,-8100000.0,-8.1,559,1024,0.5458984375
01a0a57e-4c4f-7f82-af6d-66730fad5648,d,C,QB4,3,3,UVH6d,3,0.0,-7650000.0,-7.65,557,1024,0.5439453125
01a0a57e-4c4f-7f82-af6d-66730fad5648,d,C,QB4,3,3,UVH6d,4,0.0,-7200000.0,-7.2,556,1024,0.54296875
01a0a57e-4c4f-7f82-af6d-66730fad5648,d,C,QB4,3,3,UVH6d,5,0.0,-6750000.0,-6.75,536,1024,0.5234375
01a0a57e-4c4f-7f82-af6d-66730fad5648,d,C,QB4,3,3,UVH6d,6,0.0,-6300000.0,-6.3,519,1024,0.5068359375
01a0a57e-4c4f-7f82-af6d-66730fad5648,d,C,QB4,3,3,UVH6d,7,0.0,-5850000.0,-5.85,527,1024,0.5146484375
01a0a57e-4c4f-7f82-af6d-66730fad5648,d,C,QB4,3,3,UVH6d,8,0.0,-5400000.0,-5.4,498,1024,0.486328125
01a0a57e-4c4f-7f82-af6d-66730fad5648,d,C,QB4,3,3,UVH6d,9,0.0,-4950000.0,-4.95,515,1024,0.5029296875
01a0a57e-4c4f-7f82-af6d-66730fad5648,d,C,QB4,3,3,UVH6d,10,0.0,-4500000.0,-4.5,490,1024,0.478515625
01a0a57e-4c4f-7f82-af6d-66730fad5648,d,C,QB4,3,3,UVH6d,11,0.0,-4050000.0,-4.05,518,1024,0.505859375
01a0a57e-4c4f-7f82-af6d-66730fad5648,d,C,QB4,3,3,UVH6d,12,0.0,-3600000.0,-3.6,495,1024,0.4833984375
01a0a57e-4c4f-7f82-af6d-66730fad5648,d,C,QB4,3,3,UVH6d,13,0.0,-3150000.0,-3.15,478,1024,0.466796875
01a0a57e-4c4f-7f82-af6d-66730fad5648,d,C,QB4,3,3,UVH6d,14,0.0,-2700000.0,-2.7,477,1024,0.4658203125
01a0a57e-4c4f-7f82-af6d-66730fad5648,d,C,QB4,3,3,UVH6d,15,0.0,-2250000.0,-2.25,459,1024,0.4482421875
01a0a57e-4c4f-7f82-af6d-66730fad5648,d,C,QB4,3,3,UVH6d,16,0.0,-1800000.0,-1.8,483,1024,0.4716796875
01a0a57e-4c4f-7f82-af6d-66730fad5648,d,C,QB4,3,3,UVH6d,17,0.0,-1350000.0,-1.35,474,1024,0.462890625
01a0a57e-4c4f-7f82-af6d-66730fad5648,d,C,QB4,3,3,UVH6d,18,0.0,-900000.0,-0.9,473,1024,0.4619140625
01a0a57e-4c4f-7f82-af6d-66730fad5648,d,C,QB4,3,3,UVH6d,19,0.0,-450000.0,-0.45,481,1024,0.4697265625
01a0a57e-4c4f-7f82-af6d-66730fad5648,d,C,QB4,3,3,UVH6d,20,0.0,0.0,0.0,486,1024,0.474609375
01a0a57e-4c4f-7f82-af6d-66730fad5648,d,C,QB4,3,3,UVH6d,21,0.0,450000.0,0.45,479,1024,0.4677734375
01a0a57e-4c4f-7f82-af6d-66730fad5648,d,C,QB4,3,3,UVH6d,22,0.0,900000.0,0.9,480,1024,0.46875
01a0a57e-4c4f-7f82-af6d-66730fad5648,d,C,QB4,3,3,UVH6d,23,0.0,1350000.0,1.35,478,1024,0.466796875
01a0a57e-4c4f-7f82-af6d-66730fad5648,d,C,QB4,3,3,UVH6d,24,0.0,1800000.0,1.8,484,1024,0.47265625
01a0a57e-4c4f-7f82-af6d-66730fad5648,d,C,QB4,3,3,UVH6d,25,0.0,2250000.0,2.25,489,1024,0.4775390625
01a0a57e-4c4f-7f82-af6d-66730fad5648,d,C,QB4,3,3,UVH6d,26,0.0,2700000.0,2.7,474,1024,0.462890625
01a0a57e-4c4f-7f82-af6d-66730fad5648,d,C,QB4,3,3,UVH6d,27,0.0,3150000.0,3.15,467,1024,0.4560546875
01a0a57e-4c4f-7f82-af6d-66730fad5648,d,C,QB4,3,3,UVH6d,28,0.0,3600000.0,3.6,472,1024,0.4609375
01a0a57e-4c4f-7f82-af6d-66730fad5648,d,C,QB4,3,3,UVH6d,29,0.0,4050000.0,4.05,464,1024,0.453125
01a0a57e-4c4f-7f82-af6d-66730fad5648,d,C,QB4,3,3,UVH6d,30,0.0,4500000.0,4.5,413,1024,0.4033203125
01a0a57e-4c4f-7f82-af6d-66730fad5648,d,C,QB4,3,3,UVH6d,31,0.0,4950000.0,4.95,448,1024,0.4375
01a0a57e-4c4f-7f82-af6d-66730fad5648,d,C,QB4,3,3,UVH6d,32,0.0,5400000.0,5.4,477,1024,0.4658203125
01a0a57e-4c4f-7f82-af6d-66730fad5648,d,C,QB4,3,3,UVH6d,33,0.0,5850000.0,5.85,478,1024,0.466796875
01a0a57e-4c4f-7f82-af6d-66730fad5648,d,C,QB4,3,3,UVH6d,34,0.0,6300000.0,6.3,460,1024,0.44921875
01a0a57e-4c4f-7f82-af6d-66730fad5648,d,C,QB4,3,3,UVH6d,35,0.0,6750000.0,6.75,463,1024,0.4521484375
01a0a57e-4c4f-7f82-af6d-66730fad5648,d,C,QB4,3,3,UVH6d,36,0.0,7200000.0,7.2,481,1024,0.4697265625
01a0a57e-4c4f-7f82-af6d-66730fad5648,d,C,QB4,3,3,UVH6d,37,0.0,7650000.0,7.65,473,1024,0.4619140625
01a0a57e-4c4f-7f82-af6d-66730fad5648,d,C,QB4,3,3,UVH6d,38,0.0,8100000.0,8.1,516,1024,0.50390625
01a0a57e-4c4f-7f82-af6d-66730fad5648,d,C,QB4,3,3,UVH6d,39,0.0,8550000.0,8.55,516,1024,0.50390625
01a0a57e-4c4f-7f82-af6d-66730fad5648,d,C,QB4,3,3,UVH6d,40,0.0,9000000.0,9.0,539,1024,0.5263671875
01a0a57e-4c4f-7f82-af6d-66730fad5648,d,C,QB4,3,4,UVH7d,0,0.0,-9000000.0,-9.0,507,1024,0.4951171875
01a0a57e-4c4f-7f82-af6d-66730fad5648,d,C,QB4,3,4,UVH7d,1,0.0,-8550000.0,-8.55,462,1024,0.451171875
01a0a57e-4c4f-7f82-af6d-66730fad5648,d,C,QB4,3,4,UVH7d,2,0.0,-8100000.0,-8.1,491,1024,0.4794921875
01a0a57e-4c4f-7f82-af6d-66730fad5648,d,C,QB4,3,4,UVH7d,3,0.0,-7650000.0,-7.65,496,1024,0.484375
01a0a57e-4c4f-7f82-af6d-66730fad5648,d,C,QB4,3,4,UVH7d,4,0.0,-7200000.0,-7.2,491,1024,0.4794921875
01a0a57e-4c4f-7f82-af6d-66730fad5648,d,C,QB4,3,4,UVH7d,5,0.0,-6750000.0,-6.75,504,1024,0.4921875
01a0a57e-4c4f-7f82-af6d-66730fad5648,d,C,QB4,3,4,UVH7d,6,0.0,-6300000.0,-6.3,509,1024,0.4970703125
01a0a57e-4c4f-7f82-af6d-66730fad5648,d,C,QB4,3,4,UVH7d,7,0.0,-5850000.0,-5.85,470,1024,0.458984375
01a0a57e-4c4f-7f82-af6d-66730fad5648,d,C,QB4,3,4,UVH7d,8,0.0,-5400000.0,-5.4,471,1024,0.4599609375
01a0a57e-4c4f-7f82-af6d-66730fad5648,d,C,QB4,3,4,UVH7d,9,0.0,-4950000.0,-4.95,491,1024,0.4794921875
01a0a57e-4c4f-7f82-af6d-66730fad5648,d,C,QB4,3,4,UVH7d,10,0.0,-4500000.0,-4.5,465,1024,0.4541015625
01a0a57e-4c4f-7f82-af6d-66730fad5648,d,C,QB4,3,4,UVH7d,11,0.0,-4050000.0,-4.05,503,1024,0.4912109375
01a0a57e-4c4f-7f82-af6d-66730fad5648,d,C,QB4,3,4,UVH7d,12,0.0,-3600000.0,-3.6,478,1024,0.466796875
01a0a57e-4c4f-7f82-af6d-66730fad5648,d,C,QB4,3,4,UVH7d,13,0.0,-3150000.0,-3.15,510,1024,0.498046875
01a0a57e-4c4f-7f82-af6d-66730fad5648,d,C,QB4,3,4,UVH7d,14,0.0,-2700000.0,-2.7,477,1024,0.4658203125
01a0a57e-4c4f-7f82-af6d-66730fad5648,d,C,QB4,3,4,UVH7d,15,0.0,-2250000.0,-2.25,504,1024,0.4921875
01a0a57e-4c4f-7f82-af6d-66730fad5648,d,C,QB4,3,4,UVH7d,16,0.0,-1800000.0,-1.8,504,1024,0.4921875
01a0a57e-4c4f-7f82-af6d-66730fad5648,d,C,QB4,3,4,UVH7d,17,0.0,-1350000.0,-1.35,463,1024,0.4521484375
01a0a57e-4c4f-7f82-af6d-66730fad5648,d,C,QB4,3,4,UVH7d,18,0.0,-900000.0,-0.9,483,1024,0.4716796875
01a0a57e-4c4f-7f82-af6d-66730fad5648,d,C,QB4,3,4,UVH7d,19,0.0,-450000.0,-0.45,484,1024,0.47265625
01a0a57e-4c4f-7f82-af6d-66730fad5648,d,C,QB4,3,4,UVH7d,20,0.0,0.0,0.0,469,1024,0.4580078125
01a0a57e-4c4f-7f82-af6d-66730fad5648,d,C,QB4,3,4,UVH7d,21,0.0,450000.0,0.45,502,1024,0.490234375
01a0a57e-4c4f-7f82-af6d-66730fad5648,d,C,QB4,3,4,UVH7d,22,0.0,900000.0,0.9,480,1024,0.46875
01a0a57e-4c4f-7f82-af6d-66730fad5648,d,C,QB4,3,4,UVH7d,23,0.0,1350000.0,1.35,457,1024,0.4462890625
01a0a57e-4c4f-7f82-af6d-66730fad5648,d,C,QB4,3,4,UVH7d,24,0.0,1800000.0,1.8,441,1024,0.4306640625
01a0a57e-4c4f-7f82-af6d-66730fad5648,d,C,QB4,3,4,UVH7d,25,0.0,2250000.0,2.25,507,1024,0.4951171875
01a0a57e-4c4f-7f82-af6d-66730fad5648,d,C,QB4,3,4,UVH7d,26,0.0,2700000.0,2.7,485,1024,0.4736328125
01a0a57e-4c4f-7f82-af6d-66730fad5648,d,C,QB4,3,4,UVH7d,27,0.0,3150000.0,3.15,475,1024,0.4638671875
01a0a57e-4c4f-7f82-af6d-66730fad5648,d,C,QB4,3,4,UVH7d,28,0.0,3600000.0,3.6,485,1024,0.4736328125
01a0a57e-4c4f-7f82-af6d-66730fad5648,d,C,QB4,3,4,UVH7d,29,0.0,4050000.0,4.05,476,1024,0.46484375
01a0a57e-4c4f-7f82-af6d-66730fad5648,d,C,QB4,3,4,UVH7d,30,0.0,4500000.0,4.5,463,1024,0.4521484375
01a0a57e-4c4f-7f82-af6d-66730fad5648,d,C,QB4,3,4,UVH7d,31,0.0,4950000.0,4.95,452,1024,0.44140625
01a0a57e-4c4f-7f82-af6d-66730fad5648,d,C,QB4,3,4,UVH7d,32,0.0,5400000.0,5.4,441,1024,0.4306640625
01a0a57e-4c4f-7f82-af6d-66730fad5648,d,C,QB4,3,4,UVH7d,33,0.0,5850000.0,5.85,431,1024,0.4208984375
01a0a57e-4c4f-7f82-af6d-66730fad5648,d,C,QB4,3,4,UVH7d,34,0.0,6300000.0,6.3,409,1024,0.3994140625
01a0a57e-4c4f-7f82-af6d-66730fad5648,d,C,QB4,3,4,UVH7d,35,0.0,6750000.0,6.75,417,1024,0.4072265625
01a0a57e-4c4f-7f82-af6d-66730fad5648,d,C,QB4,3,4,UVH7d,36,0.0,7200000.0,7.2,412,1024,0.40234375
01a0a57e-4c4f-7f82-af6d-66730fad5648,d,C,QB4,3,4,UVH7d,37,0.0,7650000.0,7.65,370,1024,0.361328125
01a0a57e-4c4f-7f82-af6d-66730fad5648,d,C,QB4,3,4,UVH7d,38,0.0,8100000.0,8.1,360,1024,0.3515625
01a0a57e-4c4f-7f82-af6d-66730fad5648,d,C,QB4,3,4,UVH7d,39,0.0,8550000.0,8.55,338,1024,0.330078125
01a0a57e-4c4f-7f82-af6d-66730fad5648,d,C,QB4,3,4,UVH7d,40,0.0,9000000.0,9.0,339,1024,0.3310546875
01a0a57e-4c4f-7f82-af6d-66730fad5648,d,C,QB4,3,5,UVH8d,0,0.0,-9000000.0,-9.0,548,1024,0.53515625
01a0a57e-4c4f-7f82-af6d-66730fad5648,d,C,QB4,3,5,UVH8d,1,0.0,-8550000.0,-8.55,545,1024,0.5322265625
01a0a57e-4c4f-7f82-af6d-66730fad5648,d,C,QB4,3,5,UVH8d,2,0.0,-8100000.0,-8.1,536,1024,0.5234375
01a0a57e-4c4f-7f82-af6d-66730fad5648,d,C,QB4,3,5,UVH8d,3,0.0,-7650000.0,-7.65,536,1024,0.5234375
01a0a57e-4c4f-7f82-af6d-66730fad5648,d,C,QB4,3,5,UVH8d,4,0.0,-7200000.0,-7.2,549,1024,0.5361328125
01a0a57e-4c4f-7f82-af6d-66730fad5648,d,C,QB4,3,5,UVH8d,5,0.0,-6750000.0,-6.75,514,1024,0.501953125
01a0a57e-4c4f-7f82-af6d-66730fad5648,d,C,QB4,3,5,UVH8d,6,0.0,-6300000.0,-6.3,508,1024,0.49609375
01a0a57e-4c4f-7f82-af6d-66730fad5648,d,C,QB4,3,5,UVH8d,7,0.0,-5850000.0,-5.85,531,1024,0.5185546875
01a0a57e-4c4f-7f82-af6d-66730fad5648,d,C,QB4,3,5,UVH8d,8,0.0,-5400000.0,-5.4,523,1024,0.5107421875
01a0a57e-4c4f-7f82-af6d-66730fad5648,d,C,QB4,3,5,UVH8d,9,0.0,-4950000.0,-4.95,523,1024,0.5107421875
01a0a57e-4c4f-7f82-af6d-66730fad5648,d,C,QB4,3,5,UVH8d,10,0.0,-4500000.0,-4.5,511,1024,0.4990234375
01a0a57e-4c4f-7f82-af6d-66730fad5648,d,C,QB4,3,5,UVH8d,11,0.0,-4050000.0,-4.05,535,1024,0.5224609375
01a0a57e-4c4f-7f82-af6d-66730fad5648,d,C,QB4,3,5,UVH8d,12,0.0,-3600000.0,-3.6,520,1024,0.5078125
01a0a57e-4c4f-7f82-af6d-66730fad5648,d,C,QB4,3,5,UVH8d,13,0.0,-3150000.0,-3.15,544,1024,0.53125
01a0a57e-4c4f-7f82-af6d-66730fad5648,d,C,QB4,3,5,UVH8d,14,0.0,-2700000.0,-2.7,535,1024,0.5224609375
01a0a57e-4c4f-7f82-af6d-66730fad5648,d,C,QB4,3,5,UVH8d,15,0.0,-2250000.0,-2.25,511,1024,0.4990234375
01a0a57e-4c4f-7f82-af6d-66730fad5648,d,C,QB4,3,5,UVH8d,16,0.0,-1800000.0,-1.8,523,1024,0.5107421875
01a0a57e-4c4f-7f82-af6d-66730fad5648,d,C,QB4,3,5,UVH8d,17,0.0,-1350000.0,-1.35,526,1024,0.513671875
01a0a57e-4c4f-7f82-af6d-66730fad5648,d,C,QB4,3,5,UVH8d,18,0.0,-900000.0,-0.9,537,1024,0.5244140625
01a0a57e-4c4f-7f82-af6d-66730fad5648,d,C,QB4,3,5,UVH8d,19,0.0,-450000.0,-0.45,512,1024,0.5
01a0a57e-4c4f-7f82-af6d-66730fad5648,d,C,QB4,3,5,UVH8d,20,0.0,0.0,0.0,515,1024,0.5029296875
01a0a57e-4c4f-7f82-af6d-66730fad5648,d,C,QB4,3,5,UVH8d,21,0.0,450000.0,0.45,519,1024,0.5068359375
01a0a57e-4c4f-7f82-af6d-66730fad5648,d,C,QB4,3,5,UVH8d,22,0.0,900000.0,0.9,524,1024,0.51171875
01a0a57e-4c4f-7f82-af6d-66730fad5648,d,C,QB4,3,5,UVH8d,23,0.0,1350000.0,1.35,505,1024,0.4931640625
01a0a57e-4c4f-7f82-af6d-66730fad5648,d,C,QB4,3,5,UVH8d,24,0.0,1800000.0,1.8,509,1024,0.4970703125
01a0a57e-4c4f-7f82-af6d-66730fad5648,d,C,QB4,3,5,UVH8d,25,0.0,2250000.0,2.25,489,1024,0.4775390625
01a0a57e-4c4f-7f82-af6d-66730fad5648,d,C,QB4,3,5,UVH8d,26,0.0,2700000.0,2.7,499,1024,0.4873046875
01a0a57e-4c4f-7f82-af6d-66730fad5648,d,C,QB4,3,5,UVH8d,27,0.0,3150000.0,3.15,479,1024,0.4677734375
01a0a57e-4c4f-7f82-af6d-66730fad5648,d,C,QB4,3,5,UVH8d,28,0.0,3600000.0,3.6,512,1024,0.5
01a0a57e-4c4f-7f82-af6d-66730fad5648,d,C,QB4,3,5,UVH8d,29,0.0,4050000.0,4.05,527,1024,0.5146484375
01a0a57e-4c4f-7f82-af6d-66730fad5648,d,C,QB4,3,5,UVH8d,30,0.0,4500000.0,4.5,479,1024,0.4677734375
01a0a57e-4c4f-7f82-af6d-66730fad5648,d,C,QB4,3,5,UVH8d,31,0.0,4950000.0,4.95,461,1024,0.4501953125
01a0a57e-4c4f-7f82-af6d-66730fad5648,d,C,QB4,3,5,UVH8d,32,0.0,5400000.0,5.4,484,1024,0.47265625
01a0a57e-4c4f-7f82-af6d-66730fad5648,d,C,QB4,3,5,UVH8d,33,0.0,5850000.0,5.85,468,1024,0.45703125
01a0a57e-4c4f-7f82-af6d-66730fad5648,d,C,QB4,3,5,UVH8d,34,0.0,6300000.0,6.3,463,1024,0.4521484375
01a0a57e-4c4f-7f82-af6d-66730fad5648,d,C,QB4,3,5,UVH8d,35,0.0,6750000.0,6.75,469,1024,0.4580078125
01a0a57e-4c4f-7f82-af6d-66730fad5648,d,C,QB4,3,5,UVH8d,36,0.0,7200000.0,7.2,495,1024,0.4833984375
01a0a57e-4c4f-7f82-af6d-66730fad5648,d,C,QB4,3,5,UVH8d,37,0.0,7650000.0,7.65,435,1024,0.4248046875
01a0a57e-4c4f-7f82-af6d-66730fad5648,d,C,QB4,3,5,UVH8d,38,0.0,8100000.0,8.1,447,1024,0.4365234375
01a0a57e-4c4f-7f82-af6d-66730fad5648,d,C,QB4,3,5,UVH8d,39,0.0,8550000.0,8.55,460,1024,0.44921875
01a0a57e-4c4f-7f82-af6d-66730fad5648,d,C,QB4,3,5,UVH8d,40,0.0,9000000.0,9.0,455,1024,0.4443359375
01a0a57e-4c4f-7f82-af6d-66730fad5648,d,C,QB11,4,0,standard_pi_2,0,0.0,-9000000.0,-9.0,511,1024,0.4990234375
01a0a57e-4c4f-7f82-af6d-66730fad5648,d,C,QB11,4,0,standard_pi_2,1,0.0,-8550000.0,-8.55,544,1024,0.53125
01a0a57e-4c4f-7f82-af6d-66730fad5648,d,C,QB11,4,0,standard_pi_2,2,0.0,-8100000.0,-8.1,529,1024,0.5166015625
01a0a57e-4c4f-7f82-af6d-66730fad5648,d,C,QB11,4,0,standard_pi_2,3,0.0,-7650000.0,-7.65,535,1024,0.5224609375
01a0a57e-4c4f-7f82-af6d-66730fad5648,d,C,QB11,4,0,standard_pi_2,4,0.0,-7200000.0,-7.2,550,1024,0.537109375
01a0a57e-4c4f-7f82-af6d-66730fad5648,d,C,QB11,4,0,standard_pi_2,5,0.0,-6750000.0,-6.75,569,1024,0.5556640625
01a0a57e-4c4f-7f82-af6d-66730fad5648,d,C,QB11,4,0,standard_pi_2,6,0.0,-6300000.0,-6.3,511,1024,0.4990234375
01a0a57e-4c4f-7f82-af6d-66730fad5648,d,C,QB11,4,0,standard_pi_2,7,0.0,-5850000.0,-5.85,503,1024,0.4912109375
01a0a57e-4c4f-7f82-af6d-66730fad5648,d,C,QB11,4,0,standard_pi_2,8,0.0,-5400000.0,-5.4,538,1024,0.525390625
01a0a57e-4c4f-7f82-af6d-66730fad5648,d,C,QB11,4,0,standard_pi_2,9,0.0,-4950000.0,-4.95,512,1024,0.5
01a0a57e-4c4f-7f82-af6d-66730fad5648,d,C,QB11,4,0,standard_pi_2,10,0.0,-4500000.0,-4.5,536,1024,0.5234375
01a0a57e-4c4f-7f82-af6d-66730fad5648,d,C,QB11,4,0,standard_pi_2,11,0.0,-4050000.0,-4.05,543,1024,0.5302734375
01a0a57e-4c4f-7f82-af6d-66730fad5648,d,C,QB11,4,0,standard_pi_2,12,0.0,-3600000.0,-3.6,510,1024,0.498046875
01a0a57e-4c4f-7f82-af6d-66730fad5648,d,C,QB11,4,0,standard_pi_2,13,0.0,-3150000.0,-3.15,500,1024,0.48828125
01a0a57e-4c4f-7f82-af6d-66730fad5648,d,C,QB11,4,0,standard_pi_2,14,0.0,-2700000.0,-2.7,540,1024,0.52734375
01a0a57e-4c4f-7f82-af6d-66730fad5648,d,C,QB11,4,0,standard_pi_2,15,0.0,-2250000.0,-2.25,498,1024,0.486328125
01a0a57e-4c4f-7f82-af6d-66730fad5648,d,C,QB11,4,0,standard_pi_2,16,0.0,-1800000.0,-1.8,495,1024,0.4833984375
01a0a57e-4c4f-7f82-af6d-66730fad5648,d,C,QB11,4,0,standard_pi_2,17,0.0,-1350000.0,-1.35,499,1024,0.4873046875
01a0a57e-4c4f-7f82-af6d-66730fad5648,d,C,QB11,4,0,standard_pi_2,18,0.0,-900000.0,-0.9,546,1024,0.533203125
01a0a57e-4c4f-7f82-af6d-66730fad5648,d,C,QB11,4,0,standard_pi_2,19,0.0,-450000.0,-0.45,491,1024,0.4794921875
01a0a57e-4c4f-7f82-af6d-66730fad5648,d,C,QB11,4,0,standard_pi_2,20,0.0,0.0,0.0,490,1024,0.478515625
01a0a57e-4c4f-7f82-af6d-66730fad5648,d,C,QB11,4,0,standard_pi_2,21,0.0,450000.0,0.45,504,1024,0.4921875
01a0a57e-4c4f-7f82-af6d-66730fad5648,d,C,QB11,4,0,standard_pi_2,22,0.0,900000.0,0.9,510,1024,0.498046875
01a0a57e-4c4f-7f82-af6d-66730fad5648,d,C,QB11,4,0,standard_pi_2,23,0.0,1350000.0,1.35,530,1024,0.517578125
01a0a57e-4c4f-7f82-af6d-66730fad5648,d,C,QB11,4,0,standard_pi_2,24,0.0,1800000.0,1.8,490,1024,0.478515625
01a0a57e-4c4f-7f82-af6d-66730fad5648,d,C,QB11,4,0,standard_pi_2,25,0.0,2250000.0,2.25,500,1024,0.48828125
01a0a57e-4c4f-7f82-af6d-66730fad5648,d,C,QB11,4,0,standard_pi_2,26,0.0,2700000.0,2.7,463,1024,0.4521484375
01a0a57e-4c4f-7f82-af6d-66730fad5648,d,C,QB11,4,0,standard_pi_2,27,0.0,3150000.0,3.15,497,1024,0.4853515625
01a0a57e-4c4f-7f82-af6d-66730fad5648,d,C,QB11,4,0,standard_pi_2,28,0.0,3600000.0,3.6,475,1024,0.4638671875
01a0a57e-4c4f-7f82-af6d-66730fad5648,d,C,QB11,4,0,standard_pi_2,29,0.0,4050000.0,4.05,502,1024,0.490234375
01a0a57e-4c4f-7f82-af6d-66730fad5648,d,C,QB11,4,0,standard_pi_2,30,0.0,4500000.0,4.5,495,1024,0.4833984375
01a0a57e-4c4f-7f82-af6d-66730fad5648,d,C,QB11,4,0,standard_pi_2,31,0.0,4950000.0,4.95,482,1024,0.470703125
01a0a57e-4c4f-7f82-af6d-66730fad5648,d,C,QB11,4,0,standard_pi_2,32,0.0,5400000.0,5.4,449,1024,0.4384765625
01a0a57e-4c4f-7f82-af6d-66730fad5648,d,C,QB11,4,0,standard_pi_2,33,0.0,5850000.0,5.85,474,1024,0.462890625
01a0a57e-4c4f-7f82-af6d-66730fad5648,d,C,QB11,4,0,standard_pi_2,34,0.0,6300000.0,6.3,474,1024,0.462890625
01a0a57e-4c4f-7f82-af6d-66730fad5648,d,C,QB11,4,0,standard_pi_2,35,0.0,6750000.0,6.75,447,1024,0.4365234375
01a0a57e-4c4f-7f82-af6d-66730fad5648,d,C,QB11,4,0,standard_pi_2,36,0.0,7200000.0,7.2,440,1024,0.4296875
01a0a57e-4c4f-7f82-af6d-66730fad5648,d,C,QB11,4,0,standard_pi_2,37,0.0,7650000.0,7.65,459,1024,0.4482421875
01a0a57e-4c4f-7f82-af6d-66730fad5648,d,C,QB11,4,0,standard_pi_2,38,0.0,8100000.0,8.1,430,1024,0.419921875
01a0a57e-4c4f-7f82-af6d-66730fad5648,d,C,QB11,4,0,standard_pi_2,39,0.0,8550000.0,8.55,455,1024,0.4443359375
01a0a57e-4c4f-7f82-af6d-66730fad5648,d,C,QB11,4,0,standard_pi_2,40,0.0,9000000.0,9.0,441,1024,0.4306640625
01a0a57e-4c4f-7f82-af6d-66730fad5648,d,C,QB11,4,1,UVH4d,0,0.0,-9000000.0,-9.0,399,1024,0.3896484375
01a0a57e-4c4f-7f82-af6d-66730fad5648,d,C,QB11,4,1,UVH4d,1,0.0,-8550000.0,-8.55,423,1024,0.4130859375
01a0a57e-4c4f-7f82-af6d-66730fad5648,d,C,QB11,4,1,UVH4d,2,0.0,-8100000.0,-8.1,416,1024,0.40625
01a0a57e-4c4f-7f82-af6d-66730fad5648,d,C,QB11,4,1,UVH4d,3,0.0,-7650000.0,-7.65,440,1024,0.4296875
01a0a57e-4c4f-7f82-af6d-66730fad5648,d,C,QB11,4,1,UVH4d,4,0.0,-7200000.0,-7.2,435,1024,0.4248046875
01a0a57e-4c4f-7f82-af6d-66730fad5648,d,C,QB11,4,1,UVH4d,5,0.0,-6750000.0,-6.75,444,1024,0.43359375
01a0a57e-4c4f-7f82-af6d-66730fad5648,d,C,QB11,4,1,UVH4d,6,0.0,-6300000.0,-6.3,462,1024,0.451171875
01a0a57e-4c4f-7f82-af6d-66730fad5648,d,C,QB11,4,1,UVH4d,7,0.0,-5850000.0,-5.85,444,1024,0.43359375
01a0a57e-4c4f-7f82-af6d-66730fad5648,d,C,QB11,4,1,UVH4d,8,0.0,-5400000.0,-5.4,445,1024,0.4345703125
01a0a57e-4c4f-7f82-af6d-66730fad5648,d,C,QB11,4,1,UVH4d,9,0.0,-4950000.0,-4.95,511,1024,0.4990234375
01a0a57e-4c4f-7f82-af6d-66730fad5648,d,C,QB11,4,1,UVH4d,10,0.0,-4500000.0,-4.5,481,1024,0.4697265625
01a0a57e-4c4f-7f82-af6d-66730fad5648,d,C,QB11,4,1,UVH4d,11,0.0,-4050000.0,-4.05,498,1024,0.486328125
01a0a57e-4c4f-7f82-af6d-66730fad5648,d,C,QB11,4,1,UVH4d,12,0.0,-3600000.0,-3.6,527,1024,0.5146484375
01a0a57e-4c4f-7f82-af6d-66730fad5648,d,C,QB11,4,1,UVH4d,13,0.0,-3150000.0,-3.15,519,1024,0.5068359375
01a0a57e-4c4f-7f82-af6d-66730fad5648,d,C,QB11,4,1,UVH4d,14,0.0,-2700000.0,-2.7,511,1024,0.4990234375
01a0a57e-4c4f-7f82-af6d-66730fad5648,d,C,QB11,4,1,UVH4d,15,0.0,-2250000.0,-2.25,513,1024,0.5009765625
01a0a57e-4c4f-7f82-af6d-66730fad5648,d,C,QB11,4,1,UVH4d,16,0.0,-1800000.0,-1.8,514,1024,0.501953125
01a0a57e-4c4f-7f82-af6d-66730fad5648,d,C,QB11,4,1,UVH4d,17,0.0,-1350000.0,-1.35,522,1024,0.509765625
01a0a57e-4c4f-7f82-af6d-66730fad5648,d,C,QB11,4,1,UVH4d,18,0.0,-900000.0,-0.9,521,1024,0.5087890625
01a0a57e-4c4f-7f82-af6d-66730fad5648,d,C,QB11,4,1,UVH4d,19,0.0,-450000.0,-0.45,515,1024,0.5029296875
01a0a57e-4c4f-7f82-af6d-66730fad5648,d,C,QB11,4,1,UVH4d,20,0.0,0.0,0.0,523,1024,0.5107421875
01a0a57e-4c4f-7f82-af6d-66730fad5648,d,C,QB11,4,1,UVH4d,21,0.0,450000.0,0.45,503,1024,0.4912109375
01a0a57e-4c4f-7f82-af6d-66730fad5648,d,C,QB11,4,1,UVH4d,22,0.0,900000.0,0.9,525,1024,0.5126953125
01a0a57e-4c4f-7f82-af6d-66730fad5648,d,C,QB11,4,1,UVH4d,23,0.0,1350000.0,1.35,494,1024,0.482421875
01a0a57e-4c4f-7f82-af6d-66730fad5648,d,C,QB11,4,1,UVH4d,24,0.0,1800000.0,1.8,539,1024,0.5263671875
01a0a57e-4c4f-7f82-af6d-66730fad5648,d,C,QB11,4,1,UVH4d,25,0.0,2250000.0,2.25,520,1024,0.5078125
01a0a57e-4c4f-7f82-af6d-66730fad5648,d,C,QB11,4,1,UVH4d,26,0.0,2700000.0,2.7,542,1024,0.529296875
01a0a57e-4c4f-7f82-af6d-66730fad5648,d,C,QB11,4,1,UVH4d,27,0.0,3150000.0,3.15,551,1024,0.5380859375
01a0a57e-4c4f-7f82-af6d-66730fad5648,d,C,QB11,4,1,UVH4d,28,0.0,3600000.0,3.6,581,1024,0.5673828125
01a0a57e-4c4f-7f82-af6d-66730fad5648,d,C,QB11,4,1,UVH4d,29,0.0,4050000.0,4.05,564,1024,0.55078125
01a0a57e-4c4f-7f82-af6d-66730fad5648,d,C,QB11,4,1,UVH4d,30,0.0,4500000.0,4.5,584,1024,0.5703125
01a0a57e-4c4f-7f82-af6d-66730fad5648,d,C,QB11,4,1,UVH4d,31,0.0,4950000.0,4.95,553,1024,0.5400390625
01a0a57e-4c4f-7f82-af6d-66730fad5648,d,C,QB11,4,1,UVH4d,32,0.0,5400000.0,5.4,608,1024,0.59375
01a0a57e-4c4f-7f82-af6d-66730fad5648,d,C,QB11,4,1,UVH4d,33,0.0,5850000.0,5.85,639,1024,0.6240234375
01a0a57e-4c4f-7f82-af6d-66730fad5648,d,C,QB11,4,1,UVH4d,34,0.0,6300000.0,6.3,638,1024,0.623046875
01a0a57e-4c4f-7f82-af6d-66730fad5648,d,C,QB11,4,1,UVH4d,35,0.0,6750000.0,6.75,636,1024,0.62109375
01a0a57e-4c4f-7f82-af6d-66730fad5648,d,C,QB11,4,1,UVH4d,36,0.0,7200000.0,7.2,652,1024,0.63671875
01a0a57e-4c4f-7f82-af6d-66730fad5648,d,C,QB11,4,1,UVH4d,37,0.0,7650000.0,7.65,652,1024,0.63671875
01a0a57e-4c4f-7f82-af6d-66730fad5648,d,C,QB11,4,1,UVH4d,38,0.0,8100000.0,8.1,672,1024,0.65625
01a0a57e-4c4f-7f82-af6d-66730fad5648,d,C,QB11,4,1,UVH4d,39,0.0,8550000.0,8.55,706,1024,0.689453125
01a0a57e-4c4f-7f82-af6d-66730fad5648,d,C,QB11,4,1,UVH4d,40,0.0,9000000.0,9.0,707,1024,0.6904296875
01a0a57e-4c4f-7f82-af6d-66730fad5648,d,C,QB11,4,2,UVH5d,0,0.0,-9000000.0,-9.0,78,1024,0.076171875
01a0a57e-4c4f-7f82-af6d-66730fad5648,d,C,QB11,4,2,UVH5d,1,0.0,-8550000.0,-8.55,108,1024,0.10546875
01a0a57e-4c4f-7f82-af6d-66730fad5648,d,C,QB11,4,2,UVH5d,2,0.0,-8100000.0,-8.1,105,1024,0.1025390625
01a0a57e-4c4f-7f82-af6d-66730fad5648,d,C,QB11,4,2,UVH5d,3,0.0,-7650000.0,-7.65,150,1024,0.146484375
01a0a57e-4c4f-7f82-af6d-66730fad5648,d,C,QB11,4,2,UVH5d,4,0.0,-7200000.0,-7.2,195,1024,0.1904296875
01a0a57e-4c4f-7f82-af6d-66730fad5648,d,C,QB11,4,2,UVH5d,5,0.0,-6750000.0,-6.75,206,1024,0.201171875
01a0a57e-4c4f-7f82-af6d-66730fad5648,d,C,QB11,4,2,UVH5d,6,0.0,-6300000.0,-6.3,232,1024,0.2265625
01a0a57e-4c4f-7f82-af6d-66730fad5648,d,C,QB11,4,2,UVH5d,7,0.0,-5850000.0,-5.85,263,1024,0.2568359375
01a0a57e-4c4f-7f82-af6d-66730fad5648,d,C,QB11,4,2,UVH5d,8,0.0,-5400000.0,-5.4,303,1024,0.2958984375
01a0a57e-4c4f-7f82-af6d-66730fad5648,d,C,QB11,4,2,UVH5d,9,0.0,-4950000.0,-4.95,343,1024,0.3349609375
01a0a57e-4c4f-7f82-af6d-66730fad5648,d,C,QB11,4,2,UVH5d,10,0.0,-4500000.0,-4.5,355,1024,0.3466796875
01a0a57e-4c4f-7f82-af6d-66730fad5648,d,C,QB11,4,2,UVH5d,11,0.0,-4050000.0,-4.05,378,1024,0.369140625
01a0a57e-4c4f-7f82-af6d-66730fad5648,d,C,QB11,4,2,UVH5d,12,0.0,-3600000.0,-3.6,422,1024,0.412109375
01a0a57e-4c4f-7f82-af6d-66730fad5648,d,C,QB11,4,2,UVH5d,13,0.0,-3150000.0,-3.15,415,1024,0.4052734375
01a0a57e-4c4f-7f82-af6d-66730fad5648,d,C,QB11,4,2,UVH5d,14,0.0,-2700000.0,-2.7,416,1024,0.40625
01a0a57e-4c4f-7f82-af6d-66730fad5648,d,C,QB11,4,2,UVH5d,15,0.0,-2250000.0,-2.25,445,1024,0.4345703125
01a0a57e-4c4f-7f82-af6d-66730fad5648,d,C,QB11,4,2,UVH5d,16,0.0,-1800000.0,-1.8,460,1024,0.44921875
01a0a57e-4c4f-7f82-af6d-66730fad5648,d,C,QB11,4,2,UVH5d,17,0.0,-1350000.0,-1.35,465,1024,0.4541015625
01a0a57e-4c4f-7f82-af6d-66730fad5648,d,C,QB11,4,2,UVH5d,18,0.0,-900000.0,-0.9,484,1024,0.47265625
01a0a57e-4c4f-7f82-af6d-66730fad5648,d,C,QB11,4,2,UVH5d,19,0.0,-450000.0,-0.45,485,1024,0.4736328125
01a0a57e-4c4f-7f82-af6d-66730fad5648,d,C,QB11,4,2,UVH5d,20,0.0,0.0,0.0,480,1024,0.46875
01a0a57e-4c4f-7f82-af6d-66730fad5648,d,C,QB11,4,2,UVH5d,21,0.0,450000.0,0.45,468,1024,0.45703125
01a0a57e-4c4f-7f82-af6d-66730fad5648,d,C,QB11,4,2,UVH5d,22,0.0,900000.0,0.9,510,1024,0.498046875
01a0a57e-4c4f-7f82-af6d-66730fad5648,d,C,QB11,4,2,UVH5d,23,0.0,1350000.0,1.35,479,1024,0.4677734375
01a0a57e-4c4f-7f82-af6d-66730fad5648,d,C,QB11,4,2,UVH5d,24,0.0,1800000.0,1.8,486,1024,0.474609375
01a0a57e-4c4f-7f82-af6d-66730fad5648,d,C,QB11,4,2,UVH5d,25,0.0,2250000.0,2.25,483,1024,0.4716796875
01a0a57e-4c4f-7f82-af6d-66730fad5648,d,C,QB11,4,2,UVH5d,26,0.0,2700000.0,2.7,467,1024,0.4560546875
01a0a57e-4c4f-7f82-af6d-66730fad5648,d,C,QB11,4,2,UVH5d,27,0.0,3150000.0,3.15,497,1024,0.4853515625
01a0a57e-4c4f-7f82-af6d-66730fad5648,d,C,QB11,4,2,UVH5d,28,0.0,3600000.0,3.6,507,1024,0.4951171875
01a0a57e-4c4f-7f82-af6d-66730fad5648,d,C,QB11,4,2,UVH5d,29,0.0,4050000.0,4.05,502,1024,0.490234375
01a0a57e-4c4f-7f82-af6d-66730fad5648,d,C,QB11,4,2,UVH5d,30,0.0,4500000.0,4.5,530,1024,0.517578125
01a0a57e-4c4f-7f82-af6d-66730fad5648,d,C,QB11,4,2,UVH5d,31,0.0,4950000.0,4.95,523,1024,0.5107421875
01a0a57e-4c4f-7f82-af6d-66730fad5648,d,C,QB11,4,2,UVH5d,32,0.0,5400000.0,5.4,544,1024,0.53125
01a0a57e-4c4f-7f82-af6d-66730fad5648,d,C,QB11,4,2,UVH5d,33,0.0,5850000.0,5.85,556,1024,0.54296875
01a0a57e-4c4f-7f82-af6d-66730fad5648,d,C,QB11,4,2,UVH5d,34,0.0,6300000.0,6.3,588,1024,0.57421875
01a0a57e-4c4f-7f82-af6d-66730fad5648,d,C,QB11,4,2,UVH5d,35,0.0,6750000.0,6.75,566,1024,0.552734375
01a0a57e-4c4f-7f82-af6d-66730fad5648,d,C,QB11,4,2,UVH5d,36,0.0,7200000.0,7.2,596,1024,0.58203125
01a0a57e-4c4f-7f82-af6d-66730fad5648,d,C,QB11,4,2,UVH5d,37,0.0,7650000.0,7.65,587,1024,0.5732421875
01a0a57e-4c4f-7f82-af6d-66730fad5648,d,C,QB11,4,2,UVH5d,38,0.0,8100000.0,8.1,643,1024,0.6279296875
01a0a57e-4c4f-7f82-af6d-66730fad5648,d,C,QB11,4,2,UVH5d,39,0.0,8550000.0,8.55,583,1024,0.5693359375
01a0a57e-4c4f-7f82-af6d-66730fad5648,d,C,QB11,4,2,UVH5d,40,0.0,9000000.0,9.0,616,1024,0.6015625
01a0a57e-4c4f-7f82-af6d-66730fad5648,d,C,QB11,4,3,UVH6d,0,0.0,-9000000.0,-9.0,593,1024,0.5791015625
01a0a57e-4c4f-7f82-af6d-66730fad5648,d,C,QB11,4,3,UVH6d,1,0.0,-8550000.0,-8.55,603,1024,0.5888671875
01a0a57e-4c4f-7f82-af6d-66730fad5648,d,C,QB11,4,3,UVH6d,2,0.0,-8100000.0,-8.1,611,1024,0.5966796875
01a0a57e-4c4f-7f82-af6d-66730fad5648,d,C,QB11,4,3,UVH6d,3,0.0,-7650000.0,-7.65,581,1024,0.5673828125
01a0a57e-4c4f-7f82-af6d-66730fad5648,d,C,QB11,4,3,UVH6d,4,0.0,-7200000.0,-7.2,601,1024,0.5869140625
01a0a57e-4c4f-7f82-af6d-66730fad5648,d,C,QB11,4,3,UVH6d,5,0.0,-6750000.0,-6.75,583,1024,0.5693359375
01a0a57e-4c4f-7f82-af6d-66730fad5648,d,C,QB11,4,3,UVH6d,6,0.0,-6300000.0,-6.3,555,1024,0.5419921875
01a0a57e-4c4f-7f82-af6d-66730fad5648,d,C,QB11,4,3,UVH6d,7,0.0,-5850000.0,-5.85,555,1024,0.5419921875
01a0a57e-4c4f-7f82-af6d-66730fad5648,d,C,QB11,4,3,UVH6d,8,0.0,-5400000.0,-5.4,570,1024,0.556640625
01a0a57e-4c4f-7f82-af6d-66730fad5648,d,C,QB11,4,3,UVH6d,9,0.0,-4950000.0,-4.95,543,1024,0.5302734375
01a0a57e-4c4f-7f82-af6d-66730fad5648,d,C,QB11,4,3,UVH6d,10,0.0,-4500000.0,-4.5,565,1024,0.5517578125
01a0a57e-4c4f-7f82-af6d-66730fad5648,d,C,QB11,4,3,UVH6d,11,0.0,-4050000.0,-4.05,550,1024,0.537109375
01a0a57e-4c4f-7f82-af6d-66730fad5648,d,C,QB11,4,3,UVH6d,12,0.0,-3600000.0,-3.6,564,1024,0.55078125
01a0a57e-4c4f-7f82-af6d-66730fad5648,d,C,QB11,4,3,UVH6d,13,0.0,-3150000.0,-3.15,551,1024,0.5380859375
01a0a57e-4c4f-7f82-af6d-66730fad5648,d,C,QB11,4,3,UVH6d,14,0.0,-2700000.0,-2.7,522,1024,0.509765625
01a0a57e-4c4f-7f82-af6d-66730fad5648,d,C,QB11,4,3,UVH6d,15,0.0,-2250000.0,-2.25,534,1024,0.521484375
01a0a57e-4c4f-7f82-af6d-66730fad5648,d,C,QB11,4,3,UVH6d,16,0.0,-1800000.0,-1.8,530,1024,0.517578125
01a0a57e-4c4f-7f82-af6d-66730fad5648,d,C,QB11,4,3,UVH6d,17,0.0,-1350000.0,-1.35,552,1024,0.5390625
01a0a57e-4c4f-7f82-af6d-66730fad5648,d,C,QB11,4,3,UVH6d,18,0.0,-900000.0,-0.9,513,1024,0.5009765625
01a0a57e-4c4f-7f82-af6d-66730fad5648,d,C,QB11,4,3,UVH6d,19,0.0,-450000.0,-0.45,541,1024,0.5283203125
01a0a57e-4c4f-7f82-af6d-66730fad5648,d,C,QB11,4,3,UVH6d,20,0.0,0.0,0.0,550,1024,0.537109375
01a0a57e-4c4f-7f82-af6d-66730fad5648,d,C,QB11,4,3,UVH6d,21,0.0,450000.0,0.45,544,1024,0.53125
01a0a57e-4c4f-7f82-af6d-66730fad5648,d,C,QB11,4,3,UVH6d,22,0.0,900000.0,0.9,505,1024,0.4931640625
01a0a57e-4c4f-7f82-af6d-66730fad5648,d,C,QB11,4,3,UVH6d,23,0.0,1350000.0,1.35,526,1024,0.513671875
01a0a57e-4c4f-7f82-af6d-66730fad5648,d,C,QB11,4,3,UVH6d,24,0.0,1800000.0,1.8,528,1024,0.515625
01a0a57e-4c4f-7f82-af6d-66730fad5648,d,C,QB11,4,3,UVH6d,25,0.0,2250000.0,2.25,515,1024,0.5029296875
01a0a57e-4c4f-7f82-af6d-66730fad5648,d,C,QB11,4,3,UVH6d,26,0.0,2700000.0,2.7,530,1024,0.517578125
01a0a57e-4c4f-7f82-af6d-66730fad5648,d,C,QB11,4,3,UVH6d,27,0.0,3150000.0,3.15,484,1024,0.47265625
01a0a57e-4c4f-7f82-af6d-66730fad5648,d,C,QB11,4,3,UVH6d,28,0.0,3600000.0,3.6,539,1024,0.5263671875
01a0a57e-4c4f-7f82-af6d-66730fad5648,d,C,QB11,4,3,UVH6d,29,0.0,4050000.0,4.05,512,1024,0.5
01a0a57e-4c4f-7f82-af6d-66730fad5648,d,C,QB11,4,3,UVH6d,30,0.0,4500000.0,4.5,489,1024,0.4775390625
01a0a57e-4c4f-7f82-af6d-66730fad5648,d,C,QB11,4,3,UVH6d,31,0.0,4950000.0,4.95,493,1024,0.4814453125
01a0a57e-4c4f-7f82-af6d-66730fad5648,d,C,QB11,4,3,UVH6d,32,0.0,5400000.0,5.4,479,1024,0.4677734375
01a0a57e-4c4f-7f82-af6d-66730fad5648,d,C,QB11,4,3,UVH6d,33,0.0,5850000.0,5.85,481,1024,0.4697265625
01a0a57e-4c4f-7f82-af6d-66730fad5648,d,C,QB11,4,3,UVH6d,34,0.0,6300000.0,6.3,506,1024,0.494140625
01a0a57e-4c4f-7f82-af6d-66730fad5648,d,C,QB11,4,3,UVH6d,35,0.0,6750000.0,6.75,469,1024,0.4580078125
01a0a57e-4c4f-7f82-af6d-66730fad5648,d,C,QB11,4,3,UVH6d,36,0.0,7200000.0,7.2,499,1024,0.4873046875
01a0a57e-4c4f-7f82-af6d-66730fad5648,d,C,QB11,4,3,UVH6d,37,0.0,7650000.0,7.65,519,1024,0.5068359375
01a0a57e-4c4f-7f82-af6d-66730fad5648,d,C,QB11,4,3,UVH6d,38,0.0,8100000.0,8.1,536,1024,0.5234375
01a0a57e-4c4f-7f82-af6d-66730fad5648,d,C,QB11,4,3,UVH6d,39,0.0,8550000.0,8.55,520,1024,0.5078125
01a0a57e-4c4f-7f82-af6d-66730fad5648,d,C,QB11,4,3,UVH6d,40,0.0,9000000.0,9.0,572,1024,0.55859375
01a0a57e-4c4f-7f82-af6d-66730fad5648,d,C,QB11,4,4,UVH7d,0,0.0,-9000000.0,-9.0,492,1024,0.48046875
01a0a57e-4c4f-7f82-af6d-66730fad5648,d,C,QB11,4,4,UVH7d,1,0.0,-8550000.0,-8.55,456,1024,0.4453125
01a0a57e-4c4f-7f82-af6d-66730fad5648,d,C,QB11,4,4,UVH7d,2,0.0,-8100000.0,-8.1,462,1024,0.451171875
01a0a57e-4c4f-7f82-af6d-66730fad5648,d,C,QB11,4,4,UVH7d,3,0.0,-7650000.0,-7.65,468,1024,0.45703125
01a0a57e-4c4f-7f82-af6d-66730fad5648,d,C,QB11,4,4,UVH7d,4,0.0,-7200000.0,-7.2,468,1024,0.45703125
01a0a57e-4c4f-7f82-af6d-66730fad5648,d,C,QB11,4,4,UVH7d,5,0.0,-6750000.0,-6.75,434,1024,0.423828125
01a0a57e-4c4f-7f82-af6d-66730fad5648,d,C,QB11,4,4,UVH7d,6,0.0,-6300000.0,-6.3,482,1024,0.470703125
01a0a57e-4c4f-7f82-af6d-66730fad5648,d,C,QB11,4,4,UVH7d,7,0.0,-5850000.0,-5.85,461,1024,0.4501953125
01a0a57e-4c4f-7f82-af6d-66730fad5648,d,C,QB11,4,4,UVH7d,8,0.0,-5400000.0,-5.4,433,1024,0.4228515625
01a0a57e-4c4f-7f82-af6d-66730fad5648,d,C,QB11,4,4,UVH7d,9,0.0,-4950000.0,-4.95,518,1024,0.505859375
01a0a57e-4c4f-7f82-af6d-66730fad5648,d,C,QB11,4,4,UVH7d,10,0.0,-4500000.0,-4.5,496,1024,0.484375
01a0a57e-4c4f-7f82-af6d-66730fad5648,d,C,QB11,4,4,UVH7d,11,0.0,-4050000.0,-4.05,513,1024,0.5009765625
01a0a57e-4c4f-7f82-af6d-66730fad5648,d,C,QB11,4,4,UVH7d,12,0.0,-3600000.0,-3.6,507,1024,0.4951171875
01a0a57e-4c4f-7f82-af6d-66730fad5648,d,C,QB11,4,4,UVH7d,13,0.0,-3150000.0,-3.15,532,1024,0.51953125
01a0a57e-4c4f-7f82-af6d-66730fad5648,d,C,QB11,4,4,UVH7d,14,0.0,-2700000.0,-2.7,533,1024,0.5205078125
01a0a57e-4c4f-7f82-af6d-66730fad5648,d,C,QB11,4,4,UVH7d,15,0.0,-2250000.0,-2.25,529,1024,0.5166015625
01a0a57e-4c4f-7f82-af6d-66730fad5648,d,C,QB11,4,4,UVH7d,16,0.0,-1800000.0,-1.8,496,1024,0.484375
01a0a57e-4c4f-7f82-af6d-66730fad5648,d,C,QB11,4,4,UVH7d,17,0.0,-1350000.0,-1.35,509,1024,0.4970703125
01a0a57e-4c4f-7f82-af6d-66730fad5648,d,C,QB11,4,4,UVH7d,18,0.0,-900000.0,-0.9,527,1024,0.5146484375
01a0a57e-4c4f-7f82-af6d-66730fad5648,d,C,QB11,4,4,UVH7d,19,0.0,-450000.0,-0.45,521,1024,0.5087890625
01a0a57e-4c4f-7f82-af6d-66730fad5648,d,C,QB11,4,4,UVH7d,20,0.0,0.0,0.0,550,1024,0.537109375
01a0a57e-4c4f-7f82-af6d-66730fad5648,d,C,QB11,4,4,UVH7d,21,0.0,450000.0,0.45,548,1024,0.53515625
01a0a57e-4c4f-7f82-af6d-66730fad5648,d,C,QB11,4,4,UVH7d,22,0.0,900000.0,0.9,545,1024,0.5322265625
01a0a57e-4c4f-7f82-af6d-66730fad5648,d,C,QB11,4,4,UVH7d,23,0.0,1350000.0,1.35,553,1024,0.5400390625
01a0a57e-4c4f-7f82-af6d-66730fad5648,d,C,QB11,4,4,UVH7d,24,0.0,1800000.0,1.8,567,1024,0.5537109375
01a0a57e-4c4f-7f82-af6d-66730fad5648,d,C,QB11,4,4,UVH7d,25,0.0,2250000.0,2.25,520,1024,0.5078125
01a0a57e-4c4f-7f82-af6d-66730fad5648,d,C,QB11,4,4,UVH7d,26,0.0,2700000.0,2.7,542,1024,0.529296875
01a0a57e-4c4f-7f82-af6d-66730fad5648,d,C,QB11,4,4,UVH7d,27,0.0,3150000.0,3.15,528,1024,0.515625
01a0a57e-4c4f-7f82-af6d-66730fad5648,d,C,QB11,4,4,UVH7d,28,0.0,3600000.0,3.6,530,1024,0.517578125
01a0a57e-4c4f-7f82-af6d-66730fad5648,d,C,QB11,4,4,UVH7d,29,0.0,4050000.0,4.05,511,1024,0.4990234375
01a0a57e-4c4f-7f82-af6d-66730fad5648,d,C,QB11,4,4,UVH7d,30,0.0,4500000.0,4.5,527,1024,0.5146484375
01a0a57e-4c4f-7f82-af6d-66730fad5648,d,C,QB11,4,4,UVH7d,31,0.0,4950000.0,4.95,513,1024,0.5009765625
01a0a57e-4c4f-7f82-af6d-66730fad5648,d,C,QB11,4,4,UVH7d,32,0.0,5400000.0,5.4,496,1024,0.484375
01a0a57e-4c4f-7f82-af6d-66730fad5648,d,C,QB11,4,4,UVH7d,33,0.0,5850000.0,5.85,500,1024,0.48828125
01a0a57e-4c4f-7f82-af6d-66730fad5648,d,C,QB11,4,4,UVH7d,34,0.0,6300000.0,6.3,469,1024,0.4580078125
01a0a57e-4c4f-7f82-af6d-66730fad5648,d,C,QB11,4,4,UVH7d,35,0.0,6750000.0,6.75,442,1024,0.431640625
01a0a57e-4c4f-7f82-af6d-66730fad5648,d,C,QB11,4,4,UVH7d,36,0.0,7200000.0,7.2,448,1024,0.4375
01a0a57e-4c4f-7f82-af6d-66730fad5648,d,C,QB11,4,4,UVH7d,37,0.0,7650000.0,7.65,437,1024,0.4267578125
01a0a57e-4c4f-7f82-af6d-66730fad5648,d,C,QB11,4,4,UVH7d,38,0.0,8100000.0,8.1,412,1024,0.40234375
01a0a57e-4c4f-7f82-af6d-66730fad5648,d,C,QB11,4,4,UVH7d,39,0.0,8550000.0,8.55,364,1024,0.35546875
01a0a57e-4c4f-7f82-af6d-66730fad5648,d,C,QB11,4,4,UVH7d,40,0.0,9000000.0,9.0,394,1024,0.384765625
01a0a57e-4c4f-7f82-af6d-66730fad5648,d,C,QB11,4,5,UVH8d,0,0.0,-9000000.0,-9.0,502,1024,0.490234375
01a0a57e-4c4f-7f82-af6d-66730fad5648,d,C,QB11,4,5,UVH8d,1,0.0,-8550000.0,-8.55,517,1024,0.5048828125
01a0a57e-4c4f-7f82-af6d-66730fad5648,d,C,QB11,4,5,UVH8d,2,0.0,-8100000.0,-8.1,509,1024,0.4970703125
01a0a57e-4c4f-7f82-af6d-66730fad5648,d,C,QB11,4,5,UVH8d,3,0.0,-7650000.0,-7.65,526,1024,0.513671875
01a0a57e-4c4f-7f82-af6d-66730fad5648,d,C,QB11,4,5,UVH8d,4,0.0,-7200000.0,-7.2,509,1024,0.4970703125
01a0a57e-4c4f-7f82-af6d-66730fad5648,d,C,QB11,4,5,UVH8d,5,0.0,-6750000.0,-6.75,514,1024,0.501953125
01a0a57e-4c4f-7f82-af6d-66730fad5648,d,C,QB11,4,5,UVH8d,6,0.0,-6300000.0,-6.3,496,1024,0.484375
01a0a57e-4c4f-7f82-af6d-66730fad5648,d,C,QB11,4,5,UVH8d,7,0.0,-5850000.0,-5.85,533,1024,0.5205078125
01a0a57e-4c4f-7f82-af6d-66730fad5648,d,C,QB11,4,5,UVH8d,8,0.0,-5400000.0,-5.4,516,1024,0.50390625
01a0a57e-4c4f-7f82-af6d-66730fad5648,d,C,QB11,4,5,UVH8d,9,0.0,-4950000.0,-4.95,548,1024,0.53515625
01a0a57e-4c4f-7f82-af6d-66730fad5648,d,C,QB11,4,5,UVH8d,10,0.0,-4500000.0,-4.5,525,1024,0.5126953125
01a0a57e-4c4f-7f82-af6d-66730fad5648,d,C,QB11,4,5,UVH8d,11,0.0,-4050000.0,-4.05,537,1024,0.5244140625
01a0a57e-4c4f-7f82-af6d-66730fad5648,d,C,QB11,4,5,UVH8d,12,0.0,-3600000.0,-3.6,503,1024,0.4912109375
01a0a57e-4c4f-7f82-af6d-66730fad5648,d,C,QB11,4,5,UVH8d,13,0.0,-3150000.0,-3.15,543,1024,0.5302734375
01a0a57e-4c4f-7f82-af6d-66730fad5648,d,C,QB11,4,5,UVH8d,14,0.0,-2700000.0,-2.7,561,1024,0.5478515625
01a0a57e-4c4f-7f82-af6d-66730fad5648,d,C,QB11,4,5,UVH8d,15,0.0,-2250000.0,-2.25,563,1024,0.5498046875
01a0a57e-4c4f-7f82-af6d-66730fad5648,d,C,QB11,4,5,UVH8d,16,0.0,-1800000.0,-1.8,541,1024,0.5283203125
01a0a57e-4c4f-7f82-af6d-66730fad5648,d,C,QB11,4,5,UVH8d,17,0.0,-1350000.0,-1.35,566,1024,0.552734375
01a0a57e-4c4f-7f82-af6d-66730fad5648,d,C,QB11,4,5,UVH8d,18,0.0,-900000.0,-0.9,560,1024,0.546875
01a0a57e-4c4f-7f82-af6d-66730fad5648,d,C,QB11,4,5,UVH8d,19,0.0,-450000.0,-0.45,568,1024,0.5546875
01a0a57e-4c4f-7f82-af6d-66730fad5648,d,C,QB11,4,5,UVH8d,20,0.0,0.0,0.0,556,1024,0.54296875
01a0a57e-4c4f-7f82-af6d-66730fad5648,d,C,QB11,4,5,UVH8d,21,0.0,450000.0,0.45,592,1024,0.578125
01a0a57e-4c4f-7f82-af6d-66730fad5648,d,C,QB11,4,5,UVH8d,22,0.0,900000.0,0.9,563,1024,0.5498046875
01a0a57e-4c4f-7f82-af6d-66730fad5648,d,C,QB11,4,5,UVH8d,23,0.0,1350000.0,1.35,547,1024,0.5341796875
01a0a57e-4c4f-7f82-af6d-66730fad5648,d,C,QB11,4,5,UVH8d,24,0.0,1800000.0,1.8,587,1024,0.5732421875
01a0a57e-4c4f-7f82-af6d-66730fad5648,d,C,QB11,4,5,UVH8d,25,0.0,2250000.0,2.25,566,1024,0.552734375
01a0a57e-4c4f-7f82-af6d-66730fad5648,d,C,QB11,4,5,UVH8d,26,0.0,2700000.0,2.7,568,1024,0.5546875
01a0a57e-4c4f-7f82-af6d-66730fad5648,d,C,QB11,4,5,UVH8d,27,0.0,3150000.0,3.15,575,1024,0.5615234375
01a0a57e-4c4f-7f82-af6d-66730fad5648,d,C,QB11,4,5,UVH8d,28,0.0,3600000.0,3.6,572,1024,0.55859375
01a0a57e-4c4f-7f82-af6d-66730fad5648,d,C,QB11,4,5,UVH8d,29,0.0,4050000.0,4.05,576,1024,0.5625
01a0a57e-4c4f-7f82-af6d-66730fad5648,d,C,QB11,4,5,UVH8d,30,0.0,4500000.0,4.5,555,1024,0.5419921875
01a0a57e-4c4f-7f82-af6d-66730fad5648,d,C,QB11,4,5,UVH8d,31,0.0,4950000.0,4.95,563,1024,0.5498046875
01a0a57e-4c4f-7f82-af6d-66730fad5648,d,C,QB11,4,5,UVH8d,32,0.0,5400000.0,5.4,546,1024,0.533203125
01a0a57e-4c4f-7f82-af6d-66730fad5648,d,C,QB11,4,5,UVH8d,33,0.0,5850000.0,5.85,528,1024,0.515625
01a0a57e-4c4f-7f82-af6d-66730fad5648,d,C,QB11,4,5,UVH8d,34,0.0,6300000.0,6.3,492,1024,0.48046875
01a0a57e-4c4f-7f82-af6d-66730fad5648,d,C,QB11,4,5,UVH8d,35,0.0,6750000.0,6.75,534,1024,0.521484375
01a0a57e-4c4f-7f82-af6d-66730fad5648,d,C,QB11,4,5,UVH8d,36,0.0,7200000.0,7.2,508,1024,0.49609375
01a0a57e-4c4f-7f82-af6d-66730fad5648,d,C,QB11,4,5,UVH8d,37,0.0,7650000.0,7.65,513,1024,0.5009765625
01a0a57e-4c4f-7f82-af6d-66730fad5648,d,C,QB11,4,5,UVH8d,38,0.0,8100000.0,8.1,496,1024,0.484375
01a0a57e-4c4f-7f82-af6d-66730fad5648,d,C,QB11,4,5,UVH8d,39,0.0,8550000.0,8.55,508,1024,0.49609375
01a0a57e-4c4f-7f82-af6d-66730fad5648,d,C,QB11,4,5,UVH8d,40,0.0,9000000.0,9.0,466,1024,0.455078125
01a0a57e-4c4f-7f82-af6d-66730fad5648,d,C,QB6,5,0,standard_pi_2,0,0.0,-9000000.0,-9.0,578,1024,0.564453125
01a0a57e-4c4f-7f82-af6d-66730fad5648,d,C,QB6,5,0,standard_pi_2,1,0.0,-8550000.0,-8.55,534,1024,0.521484375
01a0a57e-4c4f-7f82-af6d-66730fad5648,d,C,QB6,5,0,standard_pi_2,2,0.0,-8100000.0,-8.1,538,1024,0.525390625
01a0a57e-4c4f-7f82-af6d-66730fad5648,d,C,QB6,5,0,standard_pi_2,3,0.0,-7650000.0,-7.65,556,1024,0.54296875
01a0a57e-4c4f-7f82-af6d-66730fad5648,d,C,QB6,5,0,standard_pi_2,4,0.0,-7200000.0,-7.2,533,1024,0.5205078125
01a0a57e-4c4f-7f82-af6d-66730fad5648,d,C,QB6,5,0,standard_pi_2,5,0.0,-6750000.0,-6.75,569,1024,0.5556640625
01a0a57e-4c4f-7f82-af6d-66730fad5648,d,C,QB6,5,0,standard_pi_2,6,0.0,-6300000.0,-6.3,539,1024,0.5263671875
01a0a57e-4c4f-7f82-af6d-66730fad5648,d,C,QB6,5,0,standard_pi_2,7,0.0,-5850000.0,-5.85,541,1024,0.5283203125
01a0a57e-4c4f-7f82-af6d-66730fad5648,d,C,QB6,5,0,standard_pi_2,8,0.0,-5400000.0,-5.4,540,1024,0.52734375
01a0a57e-4c4f-7f82-af6d-66730fad5648,d,C,QB6,5,0,standard_pi_2,9,0.0,-4950000.0,-4.95,539,1024,0.5263671875
01a0a57e-4c4f-7f82-af6d-66730fad5648,d,C,QB6,5,0,standard_pi_2,10,0.0,-4500000.0,-4.5,517,1024,0.5048828125
01a0a57e-4c4f-7f82-af6d-66730fad5648,d,C,QB6,5,0,standard_pi_2,11,0.0,-4050000.0,-4.05,537,1024,0.5244140625
01a0a57e-4c4f-7f82-af6d-66730fad5648,d,C,QB6,5,0,standard_pi_2,12,0.0,-3600000.0,-3.6,528,1024,0.515625
01a0a57e-4c4f-7f82-af6d-66730fad5648,d,C,QB6,5,0,standard_pi_2,13,0.0,-3150000.0,-3.15,539,1024,0.5263671875
01a0a57e-4c4f-7f82-af6d-66730fad5648,d,C,QB6,5,0,standard_pi_2,14,0.0,-2700000.0,-2.7,530,1024,0.517578125
01a0a57e-4c4f-7f82-af6d-66730fad5648,d,C,QB6,5,0,standard_pi_2,15,0.0,-2250000.0,-2.25,511,1024,0.4990234375
01a0a57e-4c4f-7f82-af6d-66730fad5648,d,C,QB6,5,0,standard_pi_2,16,0.0,-1800000.0,-1.8,509,1024,0.4970703125
01a0a57e-4c4f-7f82-af6d-66730fad5648,d,C,QB6,5,0,standard_pi_2,17,0.0,-1350000.0,-1.35,540,1024,0.52734375
01a0a57e-4c4f-7f82-af6d-66730fad5648,d,C,QB6,5,0,standard_pi_2,18,0.0,-900000.0,-0.9,537,1024,0.5244140625
01a0a57e-4c4f-7f82-af6d-66730fad5648,d,C,QB6,5,0,standard_pi_2,19,0.0,-450000.0,-0.45,509,1024,0.4970703125
01a0a57e-4c4f-7f82-af6d-66730fad5648,d,C,QB6,5,0,standard_pi_2,20,0.0,0.0,0.0,519,1024,0.5068359375
01a0a57e-4c4f-7f82-af6d-66730fad5648,d,C,QB6,5,0,standard_pi_2,21,0.0,450000.0,0.45,506,1024,0.494140625
01a0a57e-4c4f-7f82-af6d-66730fad5648,d,C,QB6,5,0,standard_pi_2,22,0.0,900000.0,0.9,477,1024,0.4658203125
01a0a57e-4c4f-7f82-af6d-66730fad5648,d,C,QB6,5,0,standard_pi_2,23,0.0,1350000.0,1.35,486,1024,0.474609375
01a0a57e-4c4f-7f82-af6d-66730fad5648,d,C,QB6,5,0,standard_pi_2,24,0.0,1800000.0,1.8,494,1024,0.482421875
01a0a57e-4c4f-7f82-af6d-66730fad5648,d,C,QB6,5,0,standard_pi_2,25,0.0,2250000.0,2.25,498,1024,0.486328125
01a0a57e-4c4f-7f82-af6d-66730fad5648,d,C,QB6,5,0,standard_pi_2,26,0.0,2700000.0,2.7,487,1024,0.4755859375
01a0a57e-4c4f-7f82-af6d-66730fad5648,d,C,QB6,5,0,standard_pi_2,27,0.0,3150000.0,3.15,505,1024,0.4931640625
01a0a57e-4c4f-7f82-af6d-66730fad5648,d,C,QB6,5,0,standard_pi_2,28,0.0,3600000.0,3.6,493,1024,0.4814453125
01a0a57e-4c4f-7f82-af6d-66730fad5648,d,C,QB6,5,0,standard_pi_2,29,0.0,4050000.0,4.05,492,1024,0.48046875
01a0a57e-4c4f-7f82-af6d-66730fad5648,d,C,QB6,5,0,standard_pi_2,30,0.0,4500000.0,4.5,488,1024,0.4765625
01a0a57e-4c4f-7f82-af6d-66730fad5648,d,C,QB6,5,0,standard_pi_2,31,0.0,4950000.0,4.95,487,1024,0.4755859375
01a0a57e-4c4f-7f82-af6d-66730fad5648,d,C,QB6,5,0,standard_pi_2,32,0.0,5400000.0,5.4,432,1024,0.421875
01a0a57e-4c4f-7f82-af6d-66730fad5648,d,C,QB6,5,0,standard_pi_2,33,0.0,5850000.0,5.85,465,1024,0.4541015625
01a0a57e-4c4f-7f82-af6d-66730fad5648,d,C,QB6,5,0,standard_pi_2,34,0.0,6300000.0,6.3,433,1024,0.4228515625
01a0a57e-4c4f-7f82-af6d-66730fad5648,d,C,QB6,5,0,standard_pi_2,35,0.0,6750000.0,6.75,485,1024,0.4736328125
01a0a57e-4c4f-7f82-af6d-66730fad5648,d,C,QB6,5,0,standard_pi_2,36,0.0,7200000.0,7.2,450,1024,0.439453125
01a0a57e-4c4f-7f82-af6d-66730fad5648,d,C,QB6,5,0,standard_pi_2,37,0.0,7650000.0,7.65,449,1024,0.4384765625
01a0a57e-4c4f-7f82-af6d-66730fad5648,d,C,QB6,5,0,standard_pi_2,38,0.0,8100000.0,8.1,454,1024,0.443359375
01a0a57e-4c4f-7f82-af6d-66730fad5648,d,C,QB6,5,0,standard_pi_2,39,0.0,8550000.0,8.55,427,1024,0.4169921875
01a0a57e-4c4f-7f82-af6d-66730fad5648,d,C,QB6,5,0,standard_pi_2,40,0.0,9000000.0,9.0,417,1024,0.4072265625
01a0a57e-4c4f-7f82-af6d-66730fad5648,d,C,QB6,5,1,UVH4d,0,0.0,-9000000.0,-9.0,393,1024,0.3837890625
01a0a57e-4c4f-7f82-af6d-66730fad5648,d,C,QB6,5,1,UVH4d,1,0.0,-8550000.0,-8.55,425,1024,0.4150390625
01a0a57e-4c4f-7f82-af6d-66730fad5648,d,C,QB6,5,1,UVH4d,2,0.0,-8100000.0,-8.1,440,1024,0.4296875
01a0a57e-4c4f-7f82-af6d-66730fad5648,d,C,QB6,5,1,UVH4d,3,0.0,-7650000.0,-7.65,430,1024,0.419921875
01a0a57e-4c4f-7f82-af6d-66730fad5648,d,C,QB6,5,1,UVH4d,4,0.0,-7200000.0,-7.2,437,1024,0.4267578125
01a0a57e-4c4f-7f82-af6d-66730fad5648,d,C,QB6,5,1,UVH4d,5,0.0,-6750000.0,-6.75,468,1024,0.45703125
01a0a57e-4c4f-7f82-af6d-66730fad5648,d,C,QB6,5,1,UVH4d,6,0.0,-6300000.0,-6.3,481,1024,0.4697265625
01a0a57e-4c4f-7f82-af6d-66730fad5648,d,C,QB6,5,1,UVH4d,7,0.0,-5850000.0,-5.85,479,1024,0.4677734375
01a0a57e-4c4f-7f82-af6d-66730fad5648,d,C,QB6,5,1,UVH4d,8,0.0,-5400000.0,-5.4,507,1024,0.4951171875
01a0a57e-4c4f-7f82-af6d-66730fad5648,d,C,QB6,5,1,UVH4d,9,0.0,-4950000.0,-4.95,521,1024,0.5087890625
01a0a57e-4c4f-7f82-af6d-66730fad5648,d,C,QB6,5,1,UVH4d,10,0.0,-4500000.0,-4.5,518,1024,0.505859375
01a0a57e-4c4f-7f82-af6d-66730fad5648,d,C,QB6,5,1,UVH4d,11,0.0,-4050000.0,-4.05,497,1024,0.4853515625
01a0a57e-4c4f-7f82-af6d-66730fad5648,d,C,QB6,5,1,UVH4d,12,0.0,-3600000.0,-3.6,512,1024,0.5
01a0a57e-4c4f-7f82-af6d-66730fad5648,d,C,QB6,5,1,UVH4d,13,0.0,-3150000.0,-3.15,544,1024,0.53125
01a0a57e-4c4f-7f82-af6d-66730fad5648,d,C,QB6,5,1,UVH4d,14,0.0,-2700000.0,-2.7,530,1024,0.517578125
01a0a57e-4c4f-7f82-af6d-66730fad5648,d,C,QB6,5,1,UVH4d,15,0.0,-2250000.0,-2.25,535,1024,0.5224609375
01a0a57e-4c4f-7f82-af6d-66730fad5648,d,C,QB6,5,1,UVH4d,16,0.0,-1800000.0,-1.8,531,1024,0.5185546875
01a0a57e-4c4f-7f82-af6d-66730fad5648,d,C,QB6,5,1,UVH4d,17,0.0,-1350000.0,-1.35,524,1024,0.51171875
01a0a57e-4c4f-7f82-af6d-66730fad5648,d,C,QB6,5,1,UVH4d,18,0.0,-900000.0,-0.9,546,1024,0.533203125
01a0a57e-4c4f-7f82-af6d-66730fad5648,d,C,QB6,5,1,UVH4d,19,0.0,-450000.0,-0.45,532,1024,0.51953125
01a0a57e-4c4f-7f82-af6d-66730fad5648,d,C,QB6,5,1,UVH4d,20,0.0,0.0,0.0,535,1024,0.5224609375
01a0a57e-4c4f-7f82-af6d-66730fad5648,d,C,QB6,5,1,UVH4d,21,0.0,450000.0,0.45,531,1024,0.5185546875
01a0a57e-4c4f-7f82-af6d-66730fad5648,d,C,QB6,5,1,UVH4d,22,0.0,900000.0,0.9,534,1024,0.521484375
01a0a57e-4c4f-7f82-af6d-66730fad5648,d,C,QB6,5,1,UVH4d,23,0.0,1350000.0,1.35,509,1024,0.4970703125
01a0a57e-4c4f-7f82-af6d-66730fad5648,d,C,QB6,5,1,UVH4d,24,0.0,1800000.0,1.8,534,1024,0.521484375
01a0a57e-4c4f-7f82-af6d-66730fad5648,d,C,QB6,5,1,UVH4d,25,0.0,2250000.0,2.25,556,1024,0.54296875
01a0a57e-4c4f-7f82-af6d-66730fad5648,d,C,QB6,5,1,UVH4d,26,0.0,2700000.0,2.7,544,1024,0.53125
01a0a57e-4c4f-7f82-af6d-66730fad5648,d,C,QB6,5,1,UVH4d,27,0.0,3150000.0,3.15,582,1024,0.568359375
01a0a57e-4c4f-7f82-af6d-66730fad5648,d,C,QB6,5,1,UVH4d,28,0.0,3600000.0,3.6,577,1024,0.5634765625
01a0a57e-4c4f-7f82-af6d-66730fad5648,d,C,QB6,5,1,UVH4d,29,0.0,4050000.0,4.05,572,1024,0.55859375
01a0a57e-4c4f-7f82-af6d-66730fad5648,d,C,QB6,5,1,UVH4d,30,0.0,4500000.0,4.5,570,1024,0.556640625
01a0a57e-4c4f-7f82-af6d-66730fad5648,d,C,QB6,5,1,UVH4d,31,0.0,4950000.0,4.95,608,1024,0.59375
01a0a57e-4c4f-7f82-af6d-66730fad5648,d,C,QB6,5,1,UVH4d,32,0.0,5400000.0,5.4,597,1024,0.5830078125
01a0a57e-4c4f-7f82-af6d-66730fad5648,d,C,QB6,5,1,UVH4d,33,0.0,5850000.0,5.85,616,1024,0.6015625
01a0a57e-4c4f-7f82-af6d-66730fad5648,d,C,QB6,5,1,UVH4d,34,0.0,6300000.0,6.3,647,1024,0.6318359375
01a0a57e-4c4f-7f82-af6d-66730fad5648,d,C,QB6,5,1,UVH4d,35,0.0,6750000.0,6.75,645,1024,0.6298828125
01a0a57e-4c4f-7f82-af6d-66730fad5648,d,C,QB6,5,1,UVH4d,36,0.0,7200000.0,7.2,654,1024,0.638671875
01a0a57e-4c4f-7f82-af6d-66730fad5648,d,C,QB6,5,1,UVH4d,37,0.0,7650000.0,7.65,669,1024,0.6533203125
01a0a57e-4c4f-7f82-af6d-66730fad5648,d,C,QB6,5,1,UVH4d,38,0.0,8100000.0,8.1,680,1024,0.6640625
01a0a57e-4c4f-7f82-af6d-66730fad5648,d,C,QB6,5,1,UVH4d,39,0.0,8550000.0,8.55,694,1024,0.677734375
01a0a57e-4c4f-7f82-af6d-66730fad5648,d,C,QB6,5,1,UVH4d,40,0.0,9000000.0,9.0,723,1024,0.7060546875
01a0a57e-4c4f-7f82-af6d-66730fad5648,d,C,QB6,5,2,UVH5d,0,0.0,-9000000.0,-9.0,82,1024,0.080078125
01a0a57e-4c4f-7f82-af6d-66730fad5648,d,C,QB6,5,2,UVH5d,1,0.0,-8550000.0,-8.55,114,1024,0.111328125
01a0a57e-4c4f-7f82-af6d-66730fad5648,d,C,QB6,5,2,UVH5d,2,0.0,-8100000.0,-8.1,137,1024,0.1337890625
01a0a57e-4c4f-7f82-af6d-66730fad5648,d,C,QB6,5,2,UVH5d,3,0.0,-7650000.0,-7.65,145,1024,0.1416015625
01a0a57e-4c4f-7f82-af6d-66730fad5648,d,C,QB6,5,2,UVH5d,4,0.0,-7200000.0,-7.2,186,1024,0.181640625
01a0a57e-4c4f-7f82-af6d-66730fad5648,d,C,QB6,5,2,UVH5d,5,0.0,-6750000.0,-6.75,204,1024,0.19921875
01a0a57e-4c4f-7f82-af6d-66730fad5648,d,C,QB6,5,2,UVH5d,6,0.0,-6300000.0,-6.3,224,1024,0.21875
01a0a57e-4c4f-7f82-af6d-66730fad5648,d,C,QB6,5,2,UVH5d,7,0.0,-5850000.0,-5.85,264,1024,0.2578125
01a0a57e-4c4f-7f82-af6d-66730fad5648,d,C,QB6,5,2,UVH5d,8,0.0,-5400000.0,-5.4,306,1024,0.298828125
01a0a57e-4c4f-7f82-af6d-66730fad5648,d,C,QB6,5,2,UVH5d,9,0.0,-4950000.0,-4.95,316,1024,0.30859375
01a0a57e-4c4f-7f82-af6d-66730fad5648,d,C,QB6,5,2,UVH5d,10,0.0,-4500000.0,-4.5,342,1024,0.333984375
01a0a57e-4c4f-7f82-af6d-66730fad5648,d,C,QB6,5,2,UVH5d,11,0.0,-4050000.0,-4.05,363,1024,0.3544921875
01a0a57e-4c4f-7f82-af6d-66730fad5648,d,C,QB6,5,2,UVH5d,12,0.0,-3600000.0,-3.6,362,1024,0.353515625
01a0a57e-4c4f-7f82-af6d-66730fad5648,d,C,QB6,5,2,UVH5d,13,0.0,-3150000.0,-3.15,420,1024,0.41015625
01a0a57e-4c4f-7f82-af6d-66730fad5648,d,C,QB6,5,2,UVH5d,14,0.0,-2700000.0,-2.7,444,1024,0.43359375
01a0a57e-4c4f-7f82-af6d-66730fad5648,d,C,QB6,5,2,UVH5d,15,0.0,-2250000.0,-2.25,448,1024,0.4375
01a0a57e-4c4f-7f82-af6d-66730fad5648,d,C,QB6,5,2,UVH5d,16,0.0,-1800000.0,-1.8,466,1024,0.455078125
01a0a57e-4c4f-7f82-af6d-66730fad5648,d,C,QB6,5,2,UVH5d,17,0.0,-1350000.0,-1.35,452,1024,0.44140625
01a0a57e-4c4f-7f82-af6d-66730fad5648,d,C,QB6,5,2,UVH5d,18,0.0,-900000.0,-0.9,491,1024,0.4794921875
01a0a57e-4c4f-7f82-af6d-66730fad5648,d,C,QB6,5,2,UVH5d,19,0.0,-450000.0,-0.45,462,1024,0.451171875
01a0a57e-4c4f-7f82-af6d-66730fad5648,d,C,QB6,5,2,UVH5d,20,0.0,0.0,0.0,468,1024,0.45703125
01a0a57e-4c4f-7f82-af6d-66730fad5648,d,C,QB6,5,2,UVH5d,21,0.0,450000.0,0.45,476,1024,0.46484375
01a0a57e-4c4f-7f82-af6d-66730fad5648,d,C,QB6,5,2,UVH5d,22,0.0,900000.0,0.9,457,1024,0.4462890625
01a0a57e-4c4f-7f82-af6d-66730fad5648,d,C,QB6,5,2,UVH5d,23,0.0,1350000.0,1.35,462,1024,0.451171875
01a0a57e-4c4f-7f82-af6d-66730fad5648,d,C,QB6,5,2,UVH5d,24,0.0,1800000.0,1.8,493,1024,0.4814453125
01a0a57e-4c4f-7f82-af6d-66730fad5648,d,C,QB6,5,2,UVH5d,25,0.0,2250000.0,2.25,495,1024,0.4833984375
01a0a57e-4c4f-7f82-af6d-66730fad5648,d,C,QB6,5,2,UVH5d,26,0.0,2700000.0,2.7,493,1024,0.4814453125
01a0a57e-4c4f-7f82-af6d-66730fad5648,d,C,QB6,5,2,UVH5d,27,0.0,3150000.0,3.15,517,1024,0.5048828125
01a0a57e-4c4f-7f82-af6d-66730fad5648,d,C,QB6,5,2,UVH5d,28,0.0,3600000.0,3.6,478,1024,0.466796875
01a0a57e-4c4f-7f82-af6d-66730fad5648,d,C,QB6,5,2,UVH5d,29,0.0,4050000.0,4.05,482,1024,0.470703125
01a0a57e-4c4f-7f82-af6d-66730fad5648,d,C,QB6,5,2,UVH5d,30,0.0,4500000.0,4.5,479,1024,0.4677734375
01a0a57e-4c4f-7f82-af6d-66730fad5648,d,C,QB6,5,2,UVH5d,31,0.0,4950000.0,4.95,524,1024,0.51171875
01a0a57e-4c4f-7f82-af6d-66730fad5648,d,C,QB6,5,2,UVH5d,32,0.0,5400000.0,5.4,547,1024,0.5341796875
01a0a57e-4c4f-7f82-af6d-66730fad5648,d,C,QB6,5,2,UVH5d,33,0.0,5850000.0,5.85,572,1024,0.55859375
01a0a57e-4c4f-7f82-af6d-66730fad5648,d,C,QB6,5,2,UVH5d,34,0.0,6300000.0,6.3,545,1024,0.5322265625
01a0a57e-4c4f-7f82-af6d-66730fad5648,d,C,QB6,5,2,UVH5d,35,0.0,6750000.0,6.75,582,1024,0.568359375
01a0a57e-4c4f-7f82-af6d-66730fad5648,d,C,QB6,5,2,UVH5d,36,0.0,7200000.0,7.2,609,1024,0.5947265625
01a0a57e-4c4f-7f82-af6d-66730fad5648,d,C,QB6,5,2,UVH5d,37,0.0,7650000.0,7.65,595,1024,0.5810546875
01a0a57e-4c4f-7f82-af6d-66730fad5648,d,C,QB6,5,2,UVH5d,38,0.0,8100000.0,8.1,615,1024,0.6005859375
01a0a57e-4c4f-7f82-af6d-66730fad5648,d,C,QB6,5,2,UVH5d,39,0.0,8550000.0,8.55,620,1024,0.60546875
01a0a57e-4c4f-7f82-af6d-66730fad5648,d,C,QB6,5,2,UVH5d,40,0.0,9000000.0,9.0,618,1024,0.603515625
01a0a57e-4c4f-7f82-af6d-66730fad5648,d,C,QB6,5,3,UVH6d,0,0.0,-9000000.0,-9.0,522,1024,0.509765625
01a0a57e-4c4f-7f82-af6d-66730fad5648,d,C,QB6,5,3,UVH6d,1,0.0,-8550000.0,-8.55,543,1024,0.5302734375
01a0a57e-4c4f-7f82-af6d-66730fad5648,d,C,QB6,5,3,UVH6d,2,0.0,-8100000.0,-8.1,488,1024,0.4765625
01a0a57e-4c4f-7f82-af6d-66730fad5648,d,C,QB6,5,3,UVH6d,3,0.0,-7650000.0,-7.65,483,1024,0.4716796875
01a0a57e-4c4f-7f82-af6d-66730fad5648,d,C,QB6,5,3,UVH6d,4,0.0,-7200000.0,-7.2,493,1024,0.4814453125
01a0a57e-4c4f-7f82-af6d-66730fad5648,d,C,QB6,5,3,UVH6d,5,0.0,-6750000.0,-6.75,494,1024,0.482421875
01a0a57e-4c4f-7f82-af6d-66730fad5648,d,C,QB6,5,3,UVH6d,6,0.0,-6300000.0,-6.3,496,1024,0.484375
01a0a57e-4c4f-7f82-af6d-66730fad5648,d,C,QB6,5,3,UVH6d,7,0.0,-5850000.0,-5.85,464,1024,0.453125
01a0a57e-4c4f-7f82-af6d-66730fad5648,d,C,QB6,5,3,UVH6d,8,0.0,-5400000.0,-5.4,496,1024,0.484375
01a0a57e-4c4f-7f82-af6d-66730fad5648,d,C,QB6,5,3,UVH6d,9,0.0,-4950000.0,-4.95,451,1024,0.4404296875
01a0a57e-4c4f-7f82-af6d-66730fad5648,d,C,QB6,5,3,UVH6d,10,0.0,-4500000.0,-4.5,457,1024,0.4462890625
01a0a57e-4c4f-7f82-af6d-66730fad5648,d,C,QB6,5,3,UVH6d,11,0.0,-4050000.0,-4.05,468,1024,0.45703125
01a0a57e-4c4f-7f82-af6d-66730fad5648,d,C,QB6,5,3,UVH6d,12,0.0,-3600000.0,-3.6,477,1024,0.4658203125
01a0a57e-4c4f-7f82-af6d-66730fad5648,d,C,QB6,5,3,UVH6d,13,0.0,-3150000.0,-3.15,462,1024,0.451171875
01a0a57e-4c4f-7f82-af6d-66730fad5648,d,C,QB6,5,3,UVH6d,14,0.0,-2700000.0,-2.7,497,1024,0.4853515625
01a0a57e-4c4f-7f82-af6d-66730fad5648,d,C,QB6,5,3,UVH6d,15,0.0,-2250000.0,-2.25,475,1024,0.4638671875
01a0a57e-4c4f-7f82-af6d-66730fad5648,d,C,QB6,5,3,UVH6d,16,0.0,-1800000.0,-1.8,496,1024,0.484375
01a0a57e-4c4f-7f82-af6d-66730fad5648,d,C,QB6,5,3,UVH6d,17,0.0,-1350000.0,-1.35,490,1024,0.478515625
01a0a57e-4c4f-7f82-af6d-66730fad5648,d,C,QB6,5,3,UVH6d,18,0.0,-900000.0,-0.9,503,1024,0.4912109375
01a0a57e-4c4f-7f82-af6d-66730fad5648,d,C,QB6,5,3,UVH6d,19,0.0,-450000.0,-0.45,530,1024,0.517578125
01a0a57e-4c4f-7f82-af6d-66730fad5648,d,C,QB6,5,3,UVH6d,20,0.0,0.0,0.0,492,1024,0.48046875
01a0a57e-4c4f-7f82-af6d-66730fad5648,d,C,QB6,5,3,UVH6d,21,0.0,450000.0,0.45,472,1024,0.4609375
01a0a57e-4c4f-7f82-af6d-66730fad5648,d,C,QB6,5,3,UVH6d,22,0.0,900000.0,0.9,504,1024,0.4921875
01a0a57e-4c4f-7f82-af6d-66730fad5648,d,C,QB6,5,3,UVH6d,23,0.0,1350000.0,1.35,502,1024,0.490234375
01a0a57e-4c4f-7f82-af6d-66730fad5648,d,C,QB6,5,3,UVH6d,24,0.0,1800000.0,1.8,535,1024,0.5224609375
01a0a57e-4c4f-7f82-af6d-66730fad5648,d,C,QB6,5,3,UVH6d,25,0.0,2250000.0,2.25,513,1024,0.5009765625
01a0a57e-4c4f-7f82-af6d-66730fad5648,d,C,QB6,5,3,UVH6d,26,0.0,2700000.0,2.7,495,1024,0.4833984375
01a0a57e-4c4f-7f82-af6d-66730fad5648,d,C,QB6,5,3,UVH6d,27,0.0,3150000.0,3.15,494,1024,0.482421875
01a0a57e-4c4f-7f82-af6d-66730fad5648,d,C,QB6,5,3,UVH6d,28,0.0,3600000.0,3.6,519,1024,0.5068359375
01a0a57e-4c4f-7f82-af6d-66730fad5648,d,C,QB6,5,3,UVH6d,29,0.0,4050000.0,4.05,517,1024,0.5048828125
01a0a57e-4c4f-7f82-af6d-66730fad5648,d,C,QB6,5,3,UVH6d,30,0.0,4500000.0,4.5,477,1024,0.4658203125
01a0a57e-4c4f-7f82-af6d-66730fad5648,d,C,QB6,5,3,UVH6d,31,0.0,4950000.0,4.95,523,1024,0.5107421875
01a0a57e-4c4f-7f82-af6d-66730fad5648,d,C,QB6,5,3,UVH6d,32,0.0,5400000.0,5.4,525,1024,0.5126953125
01a0a57e-4c4f-7f82-af6d-66730fad5648,d,C,QB6,5,3,UVH6d,33,0.0,5850000.0,5.85,491,1024,0.4794921875
01a0a57e-4c4f-7f82-af6d-66730fad5648,d,C,QB6,5,3,UVH6d,34,0.0,6300000.0,6.3,530,1024,0.517578125
01a0a57e-4c4f-7f82-af6d-66730fad5648,d,C,QB6,5,3,UVH6d,35,0.0,6750000.0,6.75,507,1024,0.4951171875
01a0a57e-4c4f-7f82-af6d-66730fad5648,d,C,QB6,5,3,UVH6d,36,0.0,7200000.0,7.2,518,1024,0.505859375
01a0a57e-4c4f-7f82-af6d-66730fad5648,d,C,QB6,5,3,UVH6d,37,0.0,7650000.0,7.65,530,1024,0.517578125
01a0a57e-4c4f-7f82-af6d-66730fad5648,d,C,QB6,5,3,UVH6d,38,0.0,8100000.0,8.1,523,1024,0.5107421875
01a0a57e-4c4f-7f82-af6d-66730fad5648,d,C,QB6,5,3,UVH6d,39,0.0,8550000.0,8.55,572,1024,0.55859375
01a0a57e-4c4f-7f82-af6d-66730fad5648,d,C,QB6,5,3,UVH6d,40,0.0,9000000.0,9.0,575,1024,0.5615234375
01a0a57e-4c4f-7f82-af6d-66730fad5648,d,C,QB6,5,4,UVH7d,0,0.0,-9000000.0,-9.0,465,1024,0.4541015625
01a0a57e-4c4f-7f82-af6d-66730fad5648,d,C,QB6,5,4,UVH7d,1,0.0,-8550000.0,-8.55,458,1024,0.447265625
01a0a57e-4c4f-7f82-af6d-66730fad5648,d,C,QB6,5,4,UVH7d,2,0.0,-8100000.0,-8.1,460,1024,0.44921875
01a0a57e-4c4f-7f82-af6d-66730fad5648,d,C,QB6,5,4,UVH7d,3,0.0,-7650000.0,-7.65,438,1024,0.427734375
01a0a57e-4c4f-7f82-af6d-66730fad5648,d,C,QB6,5,4,UVH7d,4,0.0,-7200000.0,-7.2,436,1024,0.42578125
01a0a57e-4c4f-7f82-af6d-66730fad5648,d,C,QB6,5,4,UVH7d,5,0.0,-6750000.0,-6.75,459,1024,0.4482421875
01a0a57e-4c4f-7f82-af6d-66730fad5648,d,C,QB6,5,4,UVH7d,6,0.0,-6300000.0,-6.3,452,1024,0.44140625
01a0a57e-4c4f-7f82-af6d-66730fad5648,d,C,QB6,5,4,UVH7d,7,0.0,-5850000.0,-5.85,458,1024,0.447265625
01a0a57e-4c4f-7f82-af6d-66730fad5648,d,C,QB6,5,4,UVH7d,8,0.0,-5400000.0,-5.4,481,1024,0.4697265625
01a0a57e-4c4f-7f82-af6d-66730fad5648,d,C,QB6,5,4,UVH7d,9,0.0,-4950000.0,-4.95,482,1024,0.470703125
01a0a57e-4c4f-7f82-af6d-66730fad5648,d,C,QB6,5,4,UVH7d,10,0.0,-4500000.0,-4.5,473,1024,0.4619140625
01a0a57e-4c4f-7f82-af6d-66730fad5648,d,C,QB6,5,4,UVH7d,11,0.0,-4050000.0,-4.05,501,1024,0.4892578125
01a0a57e-4c4f-7f82-af6d-66730fad5648,d,C,QB6,5,4,UVH7d,12,0.0,-3600000.0,-3.6,501,1024,0.4892578125
01a0a57e-4c4f-7f82-af6d-66730fad5648,d,C,QB6,5,4,UVH7d,13,0.0,-3150000.0,-3.15,466,1024,0.455078125
01a0a57e-4c4f-7f82-af6d-66730fad5648,d,C,QB6,5,4,UVH7d,14,0.0,-2700000.0,-2.7,527,1024,0.5146484375
01a0a57e-4c4f-7f82-af6d-66730fad5648,d,C,QB6,5,4,UVH7d,15,0.0,-2250000.0,-2.25,523,1024,0.5107421875
01a0a57e-4c4f-7f82-af6d-66730fad5648,d,C,QB6,5,4,UVH7d,16,0.0,-1800000.0,-1.8,527,1024,0.5146484375
01a0a57e-4c4f-7f82-af6d-66730fad5648,d,C,QB6,5,4,UVH7d,17,0.0,-1350000.0,-1.35,521,1024,0.5087890625
01a0a57e-4c4f-7f82-af6d-66730fad5648,d,C,QB6,5,4,UVH7d,18,0.0,-900000.0,-0.9,530,1024,0.517578125
01a0a57e-4c4f-7f82-af6d-66730fad5648,d,C,QB6,5,4,UVH7d,19,0.0,-450000.0,-0.45,538,1024,0.525390625
01a0a57e-4c4f-7f82-af6d-66730fad5648,d,C,QB6,5,4,UVH7d,20,0.0,0.0,0.0,540,1024,0.52734375
01a0a57e-4c4f-7f82-af6d-66730fad5648,d,C,QB6,5,4,UVH7d,21,0.0,450000.0,0.45,522,1024,0.509765625
01a0a57e-4c4f-7f82-af6d-66730fad5648,d,C,QB6,5,4,UVH7d,22,0.0,900000.0,0.9,509,1024,0.4970703125
01a0a57e-4c4f-7f82-af6d-66730fad5648,d,C,QB6,5,4,UVH7d,23,0.0,1350000.0,1.35,516,1024,0.50390625
01a0a57e-4c4f-7f82-af6d-66730fad5648,d,C,QB6,5,4,UVH7d,24,0.0,1800000.0,1.8,516,1024,0.50390625
01a0a57e-4c4f-7f82-af6d-66730fad5648,d,C,QB6,5,4,UVH7d,25,0.0,2250000.0,2.25,498,1024,0.486328125
01a0a57e-4c4f-7f82-af6d-66730fad5648,d,C,QB6,5,4,UVH7d,26,0.0,2700000.0,2.7,494,1024,0.482421875
01a0a57e-4c4f-7f82-af6d-66730fad5648,d,C,QB6,5,4,UVH7d,27,0.0,3150000.0,3.15,517,1024,0.5048828125
01a0a57e-4c4f-7f82-af6d-66730fad5648,d,C,QB6,5,4,UVH7d,28,0.0,3600000.0,3.6,504,1024,0.4921875
01a0a57e-4c4f-7f82-af6d-66730fad5648,d,C,QB6,5,4,UVH7d,29,0.0,4050000.0,4.05,488,1024,0.4765625
01a0a57e-4c4f-7f82-af6d-66730fad5648,d,C,QB6,5,4,UVH7d,30,0.0,4500000.0,4.5,501,1024,0.4892578125
01a0a57e-4c4f-7f82-af6d-66730fad5648,d,C,QB6,5,4,UVH7d,31,0.0,4950000.0,4.95,480,1024,0.46875
01a0a57e-4c4f-7f82-af6d-66730fad5648,d,C,QB6,5,4,UVH7d,32,0.0,5400000.0,5.4,484,1024,0.47265625
01a0a57e-4c4f-7f82-af6d-66730fad5648,d,C,QB6,5,4,UVH7d,33,0.0,5850000.0,5.85,452,1024,0.44140625
01a0a57e-4c4f-7f82-af6d-66730fad5648,d,C,QB6,5,4,UVH7d,34,0.0,6300000.0,6.3,446,1024,0.435546875
01a0a57e-4c4f-7f82-af6d-66730fad5648,d,C,QB6,5,4,UVH7d,35,0.0,6750000.0,6.75,426,1024,0.416015625
01a0a57e-4c4f-7f82-af6d-66730fad5648,d,C,QB6,5,4,UVH7d,36,0.0,7200000.0,7.2,429,1024,0.4189453125
01a0a57e-4c4f-7f82-af6d-66730fad5648,d,C,QB6,5,4,UVH7d,37,0.0,7650000.0,7.65,391,1024,0.3818359375
01a0a57e-4c4f-7f82-af6d-66730fad5648,d,C,QB6,5,4,UVH7d,38,0.0,8100000.0,8.1,366,1024,0.357421875
01a0a57e-4c4f-7f82-af6d-66730fad5648,d,C,QB6,5,4,UVH7d,39,0.0,8550000.0,8.55,356,1024,0.34765625
01a0a57e-4c4f-7f82-af6d-66730fad5648,d,C,QB6,5,4,UVH7d,40,0.0,9000000.0,9.0,370,1024,0.361328125
01a0a57e-4c4f-7f82-af6d-66730fad5648,d,C,QB6,5,5,UVH8d,0,0.0,-9000000.0,-9.0,516,1024,0.50390625
01a0a57e-4c4f-7f82-af6d-66730fad5648,d,C,QB6,5,5,UVH8d,1,0.0,-8550000.0,-8.55,520,1024,0.5078125
01a0a57e-4c4f-7f82-af6d-66730fad5648,d,C,QB6,5,5,UVH8d,2,0.0,-8100000.0,-8.1,524,1024,0.51171875
01a0a57e-4c4f-7f82-af6d-66730fad5648,d,C,QB6,5,5,UVH8d,3,0.0,-7650000.0,-7.65,548,1024,0.53515625
01a0a57e-4c4f-7f82-af6d-66730fad5648,d,C,QB6,5,5,UVH8d,4,0.0,-7200000.0,-7.2,526,1024,0.513671875
01a0a57e-4c4f-7f82-af6d-66730fad5648,d,C,QB6,5,5,UVH8d,5,0.0,-6750000.0,-6.75,522,1024,0.509765625
01a0a57e-4c4f-7f82-af6d-66730fad5648,d,C,QB6,5,5,UVH8d,6,0.0,-6300000.0,-6.3,531,1024,0.5185546875
01a0a57e-4c4f-7f82-af6d-66730fad5648,d,C,QB6,5,5,UVH8d,7,0.0,-5850000.0,-5.85,531,1024,0.5185546875
01a0a57e-4c4f-7f82-af6d-66730fad5648,d,C,QB6,5,5,UVH8d,8,0.0,-5400000.0,-5.4,508,1024,0.49609375
01a0a57e-4c4f-7f82-af6d-66730fad5648,d,C,QB6,5,5,UVH8d,9,0.0,-4950000.0,-4.95,480,1024,0.46875
01a0a57e-4c4f-7f82-af6d-66730fad5648,d,C,QB6,5,5,UVH8d,10,0.0,-4500000.0,-4.5,505,1024,0.4931640625
01a0a57e-4c4f-7f82-af6d-66730fad5648,d,C,QB6,5,5,UVH8d,11,0.0,-4050000.0,-4.05,514,1024,0.501953125
01a0a57e-4c4f-7f82-af6d-66730fad5648,d,C,QB6,5,5,UVH8d,12,0.0,-3600000.0,-3.6,498,1024,0.486328125
01a0a57e-4c4f-7f82-af6d-66730fad5648,d,C,QB6,5,5,UVH8d,13,0.0,-3150000.0,-3.15,471,1024,0.4599609375
01a0a57e-4c4f-7f82-af6d-66730fad5648,d,C,QB6,5,5,UVH8d,14,0.0,-2700000.0,-2.7,467,1024,0.4560546875
01a0a57e-4c4f-7f82-af6d-66730fad5648,d,C,QB6,5,5,UVH8d,15,0.0,-2250000.0,-2.25,461,1024,0.4501953125
01a0a57e-4c4f-7f82-af6d-66730fad5648,d,C,QB6,5,5,UVH8d,16,0.0,-1800000.0,-1.8,491,1024,0.4794921875
01a0a57e-4c4f-7f82-af6d-66730fad5648,d,C,QB6,5,5,UVH8d,17,0.0,-1350000.0,-1.35,458,1024,0.447265625
01a0a57e-4c4f-7f82-af6d-66730fad5648,d,C,QB6,5,5,UVH8d,18,0.0,-900000.0,-0.9,469,1024,0.4580078125
01a0a57e-4c4f-7f82-af6d-66730fad5648,d,C,QB6,5,5,UVH8d,19,0.0,-450000.0,-0.45,498,1024,0.486328125
01a0a57e-4c4f-7f82-af6d-66730fad5648,d,C,QB6,5,5,UVH8d,20,0.0,0.0,0.0,456,1024,0.4453125
01a0a57e-4c4f-7f82-af6d-66730fad5648,d,C,QB6,5,5,UVH8d,21,0.0,450000.0,0.45,470,1024,0.458984375
01a0a57e-4c4f-7f82-af6d-66730fad5648,d,C,QB6,5,5,UVH8d,22,0.0,900000.0,0.9,483,1024,0.4716796875
01a0a57e-4c4f-7f82-af6d-66730fad5648,d,C,QB6,5,5,UVH8d,23,0.0,1350000.0,1.35,481,1024,0.4697265625
01a0a57e-4c4f-7f82-af6d-66730fad5648,d,C,QB6,5,5,UVH8d,24,0.0,1800000.0,1.8,491,1024,0.4794921875
01a0a57e-4c4f-7f82-af6d-66730fad5648,d,C,QB6,5,5,UVH8d,25,0.0,2250000.0,2.25,499,1024,0.4873046875
01a0a57e-4c4f-7f82-af6d-66730fad5648,d,C,QB6,5,5,UVH8d,26,0.0,2700000.0,2.7,486,1024,0.474609375
01a0a57e-4c4f-7f82-af6d-66730fad5648,d,C,QB6,5,5,UVH8d,27,0.0,3150000.0,3.15,506,1024,0.494140625
01a0a57e-4c4f-7f82-af6d-66730fad5648,d,C,QB6,5,5,UVH8d,28,0.0,3600000.0,3.6,528,1024,0.515625
01a0a57e-4c4f-7f82-af6d-66730fad5648,d,C,QB6,5,5,UVH8d,29,0.0,4050000.0,4.05,514,1024,0.501953125
01a0a57e-4c4f-7f82-af6d-66730fad5648,d,C,QB6,5,5,UVH8d,30,0.0,4500000.0,4.5,533,1024,0.5205078125
01a0a57e-4c4f-7f82-af6d-66730fad5648,d,C,QB6,5,5,UVH8d,31,0.0,4950000.0,4.95,539,1024,0.5263671875
01a0a57e-4c4f-7f82-af6d-66730fad5648,d,C,QB6,5,5,UVH8d,32,0.0,5400000.0,5.4,495,1024,0.4833984375
01a0a57e-4c4f-7f82-af6d-66730fad5648,d,C,QB6,5,5,UVH8d,33,0.0,5850000.0,5.85,537,1024,0.5244140625
01a0a57e-4c4f-7f82-af6d-66730fad5648,d,C,QB6,5,5,UVH8d,34,0.0,6300000.0,6.3,546,1024,0.533203125
01a0a57e-4c4f-7f82-af6d-66730fad5648,d,C,QB6,5,5,UVH8d,35,0.0,6750000.0,6.75,519,1024,0.5068359375
01a0a57e-4c4f-7f82-af6d-66730fad5648,d,C,QB6,5,5,UVH8d,36,0.0,7200000.0,7.2,512,1024,0.5
01a0a57e-4c4f-7f82-af6d-66730fad5648,d,C,QB6,5,5,UVH8d,37,0.0,7650000.0,7.65,520,1024,0.5078125
01a0a57e-4c4f-7f82-af6d-66730fad5648,d,C,QB6,5,5,UVH8d,38,0.0,8100000.0,8.1,526,1024,0.513671875
01a0a57e-4c4f-7f82-af6d-66730fad5648,d,C,QB6,5,5,UVH8d,39,0.0,8550000.0,8.55,528,1024,0.515625
01a0a57e-4c4f-7f82-af6d-66730fad5648,d,C,QB6,5,5,UVH8d,40,0.0,9000000.0,9.0,546,1024,0.533203125
01a0a57e-4c4f-7f82-af6d-66730fad5648,d,C,QB20,6,0,standard_pi_2,0,0.0,-9000000.0,-9.0,501,1024,0.4892578125
01a0a57e-4c4f-7f82-af6d-66730fad5648,d,C,QB20,6,0,standard_pi_2,1,0.0,-8550000.0,-8.55,550,1024,0.537109375
01a0a57e-4c4f-7f82-af6d-66730fad5648,d,C,QB20,6,0,standard_pi_2,2,0.0,-8100000.0,-8.1,506,1024,0.494140625
01a0a57e-4c4f-7f82-af6d-66730fad5648,d,C,QB20,6,0,standard_pi_2,3,0.0,-7650000.0,-7.65,537,1024,0.5244140625
01a0a57e-4c4f-7f82-af6d-66730fad5648,d,C,QB20,6,0,standard_pi_2,4,0.0,-7200000.0,-7.2,540,1024,0.52734375
01a0a57e-4c4f-7f82-af6d-66730fad5648,d,C,QB20,6,0,standard_pi_2,5,0.0,-6750000.0,-6.75,547,1024,0.5341796875
01a0a57e-4c4f-7f82-af6d-66730fad5648,d,C,QB20,6,0,standard_pi_2,6,0.0,-6300000.0,-6.3,530,1024,0.517578125
01a0a57e-4c4f-7f82-af6d-66730fad5648,d,C,QB20,6,0,standard_pi_2,7,0.0,-5850000.0,-5.85,526,1024,0.513671875
01a0a57e-4c4f-7f82-af6d-66730fad5648,d,C,QB20,6,0,standard_pi_2,8,0.0,-5400000.0,-5.4,535,1024,0.5224609375
01a0a57e-4c4f-7f82-af6d-66730fad5648,d,C,QB20,6,0,standard_pi_2,9,0.0,-4950000.0,-4.95,547,1024,0.5341796875
01a0a57e-4c4f-7f82-af6d-66730fad5648,d,C,QB20,6,0,standard_pi_2,10,0.0,-4500000.0,-4.5,517,1024,0.5048828125
01a0a57e-4c4f-7f82-af6d-66730fad5648,d,C,QB20,6,0,standard_pi_2,11,0.0,-4050000.0,-4.05,542,1024,0.529296875
01a0a57e-4c4f-7f82-af6d-66730fad5648,d,C,QB20,6,0,standard_pi_2,12,0.0,-3600000.0,-3.6,542,1024,0.529296875
01a0a57e-4c4f-7f82-af6d-66730fad5648,d,C,QB20,6,0,standard_pi_2,13,0.0,-3150000.0,-3.15,522,1024,0.509765625
01a0a57e-4c4f-7f82-af6d-66730fad5648,d,C,QB20,6,0,standard_pi_2,14,0.0,-2700000.0,-2.7,546,1024,0.533203125
01a0a57e-4c4f-7f82-af6d-66730fad5648,d,C,QB20,6,0,standard_pi_2,15,0.0,-2250000.0,-2.25,518,1024,0.505859375
01a0a57e-4c4f-7f82-af6d-66730fad5648,d,C,QB20,6,0,standard_pi_2,16,0.0,-1800000.0,-1.8,482,1024,0.470703125
01a0a57e-4c4f-7f82-af6d-66730fad5648,d,C,QB20,6,0,standard_pi_2,17,0.0,-1350000.0,-1.35,513,1024,0.5009765625
01a0a57e-4c4f-7f82-af6d-66730fad5648,d,C,QB20,6,0,standard_pi_2,18,0.0,-900000.0,-0.9,512,1024,0.5
01a0a57e-4c4f-7f82-af6d-66730fad5648,d,C,QB20,6,0,standard_pi_2,19,0.0,-450000.0,-0.45,500,1024,0.48828125
01a0a57e-4c4f-7f82-af6d-66730fad5648,d,C,QB20,6,0,standard_pi_2,20,0.0,0.0,0.0,507,1024,0.4951171875
01a0a57e-4c4f-7f82-af6d-66730fad5648,d,C,QB20,6,0,standard_pi_2,21,0.0,450000.0,0.45,502,1024,0.490234375
01a0a57e-4c4f-7f82-af6d-66730fad5648,d,C,QB20,6,0,standard_pi_2,22,0.0,900000.0,0.9,498,1024,0.486328125
01a0a57e-4c4f-7f82-af6d-66730fad5648,d,C,QB20,6,0,standard_pi_2,23,0.0,1350000.0,1.35,518,1024,0.505859375
01a0a57e-4c4f-7f82-af6d-66730fad5648,d,C,QB20,6,0,standard_pi_2,24,0.0,1800000.0,1.8,476,1024,0.46484375
01a0a57e-4c4f-7f82-af6d-66730fad5648,d,C,QB20,6,0,standard_pi_2,25,0.0,2250000.0,2.25,514,1024,0.501953125
01a0a57e-4c4f-7f82-af6d-66730fad5648,d,C,QB20,6,0,standard_pi_2,26,0.0,2700000.0,2.7,489,1024,0.4775390625
01a0a57e-4c4f-7f82-af6d-66730fad5648,d,C,QB20,6,0,standard_pi_2,27,0.0,3150000.0,3.15,491,1024,0.4794921875
01a0a57e-4c4f-7f82-af6d-66730fad5648,d,C,QB20,6,0,standard_pi_2,28,0.0,3600000.0,3.6,480,1024,0.46875
01a0a57e-4c4f-7f82-af6d-66730fad5648,d,C,QB20,6,0,standard_pi_2,29,0.0,4050000.0,4.05,491,1024,0.4794921875
01a0a57e-4c4f-7f82-af6d-66730fad5648,d,C,QB20,6,0,standard_pi_2,30,0.0,4500000.0,4.5,471,1024,0.4599609375
01a0a57e-4c4f-7f82-af6d-66730fad5648,d,C,QB20,6,0,standard_pi_2,31,0.0,4950000.0,4.95,469,1024,0.4580078125
01a0a57e-4c4f-7f82-af6d-66730fad5648,d,C,QB20,6,0,standard_pi_2,32,0.0,5400000.0,5.4,451,1024,0.4404296875
01a0a57e-4c4f-7f82-af6d-66730fad5648,d,C,QB20,6,0,standard_pi_2,33,0.0,5850000.0,5.85,455,1024,0.4443359375
01a0a57e-4c4f-7f82-af6d-66730fad5648,d,C,QB20,6,0,standard_pi_2,34,0.0,6300000.0,6.3,432,1024,0.421875
01a0a57e-4c4f-7f82-af6d-66730fad5648,d,C,QB20,6,0,standard_pi_2,35,0.0,6750000.0,6.75,496,1024,0.484375
01a0a57e-4c4f-7f82-af6d-66730fad5648,d,C,QB20,6,0,standard_pi_2,36,0.0,7200000.0,7.2,461,1024,0.4501953125
01a0a57e-4c4f-7f82-af6d-66730fad5648,d,C,QB20,6,0,standard_pi_2,37,0.0,7650000.0,7.65,476,1024,0.46484375
01a0a57e-4c4f-7f82-af6d-66730fad5648,d,C,QB20,6,0,standard_pi_2,38,0.0,8100000.0,8.1,468,1024,0.45703125
01a0a57e-4c4f-7f82-af6d-66730fad5648,d,C,QB20,6,0,standard_pi_2,39,0.0,8550000.0,8.55,461,1024,0.4501953125
01a0a57e-4c4f-7f82-af6d-66730fad5648,d,C,QB20,6,0,standard_pi_2,40,0.0,9000000.0,9.0,425,1024,0.4150390625
01a0a57e-4c4f-7f82-af6d-66730fad5648,d,C,QB20,6,1,UVH4d,0,0.0,-9000000.0,-9.0,397,1024,0.3876953125
01a0a57e-4c4f-7f82-af6d-66730fad5648,d,C,QB20,6,1,UVH4d,1,0.0,-8550000.0,-8.55,396,1024,0.38671875
01a0a57e-4c4f-7f82-af6d-66730fad5648,d,C,QB20,6,1,UVH4d,2,0.0,-8100000.0,-8.1,391,1024,0.3818359375
01a0a57e-4c4f-7f82-af6d-66730fad5648,d,C,QB20,6,1,UVH4d,3,0.0,-7650000.0,-7.65,445,1024,0.4345703125
01a0a57e-4c4f-7f82-af6d-66730fad5648,d,C,QB20,6,1,UVH4d,4,0.0,-7200000.0,-7.2,405,1024,0.3955078125
01a0a57e-4c4f-7f82-af6d-66730fad5648,d,C,QB20,6,1,UVH4d,5,0.0,-6750000.0,-6.75,443,1024,0.4326171875
01a0a57e-4c4f-7f82-af6d-66730fad5648,d,C,QB20,6,1,UVH4d,6,0.0,-6300000.0,-6.3,459,1024,0.4482421875
01a0a57e-4c4f-7f82-af6d-66730fad5648,d,C,QB20,6,1,UVH4d,7,0.0,-5850000.0,-5.85,477,1024,0.4658203125
01a0a57e-4c4f-7f82-af6d-66730fad5648,d,C,QB20,6,1,UVH4d,8,0.0,-5400000.0,-5.4,464,1024,0.453125
01a0a57e-4c4f-7f82-af6d-66730fad5648,d,C,QB20,6,1,UVH4d,9,0.0,-4950000.0,-4.95,497,1024,0.4853515625
01a0a57e-4c4f-7f82-af6d-66730fad5648,d,C,QB20,6,1,UVH4d,10,0.0,-4500000.0,-4.5,495,1024,0.4833984375
01a0a57e-4c4f-7f82-af6d-66730fad5648,d,C,QB20,6,1,UVH4d,11,0.0,-4050000.0,-4.05,457,1024,0.4462890625
01a0a57e-4c4f-7f82-af6d-66730fad5648,d,C,QB20,6,1,UVH4d,12,0.0,-3600000.0,-3.6,501,1024,0.4892578125
01a0a57e-4c4f-7f82-af6d-66730fad5648,d,C,QB20,6,1,UVH4d,13,0.0,-3150000.0,-3.15,521,1024,0.5087890625
01a0a57e-4c4f-7f82-af6d-66730fad5648,d,C,QB20,6,1,UVH4d,14,0.0,-2700000.0,-2.7,524,1024,0.51171875
01a0a57e-4c4f-7f82-af6d-66730fad5648,d,C,QB20,6,1,UVH4d,15,0.0,-2250000.0,-2.25,536,1024,0.5234375
01a0a57e-4c4f-7f82-af6d-66730fad5648,d,C,QB20,6,1,UVH4d,16,0.0,-1800000.0,-1.8,519,1024,0.5068359375
01a0a57e-4c4f-7f82-af6d-66730fad5648,d,C,QB20,6,1,UVH4d,17,0.0,-1350000.0,-1.35,539,1024,0.5263671875
01a0a57e-4c4f-7f82-af6d-66730fad5648,d,C,QB20,6,1,UVH4d,18,0.0,-900000.0,-0.9,502,1024,0.490234375
01a0a57e-4c4f-7f82-af6d-66730fad5648,d,C,QB20,6,1,UVH4d,19,0.0,-450000.0,-0.45,503,1024,0.4912109375
01a0a57e-4c4f-7f82-af6d-66730fad5648,d,C,QB20,6,1,UVH4d,20,0.0,0.0,0.0,530,1024,0.517578125
01a0a57e-4c4f-7f82-af6d-66730fad5648,d,C,QB20,6,1,UVH4d,21,0.0,450000.0,0.45,510,1024,0.498046875
01a0a57e-4c4f-7f82-af6d-66730fad5648,d,C,QB20,6,1,UVH4d,22,0.0,900000.0,0.9,540,1024,0.52734375
01a0a57e-4c4f-7f82-af6d-66730fad5648,d,C,QB20,6,1,UVH4d,23,0.0,1350000.0,1.35,525,1024,0.5126953125
01a0a57e-4c4f-7f82-af6d-66730fad5648,d,C,QB20,6,1,UVH4d,24,0.0,1800000.0,1.8,548,1024,0.53515625
01a0a57e-4c4f-7f82-af6d-66730fad5648,d,C,QB20,6,1,UVH4d,25,0.0,2250000.0,2.25,564,1024,0.55078125
01a0a57e-4c4f-7f82-af6d-66730fad5648,d,C,QB20,6,1,UVH4d,26,0.0,2700000.0,2.7,543,1024,0.5302734375
01a0a57e-4c4f-7f82-af6d-66730fad5648,d,C,QB20,6,1,UVH4d,27,0.0,3150000.0,3.15,576,1024,0.5625
01a0a57e-4c4f-7f82-af6d-66730fad5648,d,C,QB20,6,1,UVH4d,28,0.0,3600000.0,3.6,579,1024,0.5654296875
01a0a57e-4c4f-7f82-af6d-66730fad5648,d,C,QB20,6,1,UVH4d,29,0.0,4050000.0,4.05,567,1024,0.5537109375
01a0a57e-4c4f-7f82-af6d-66730fad5648,d,C,QB20,6,1,UVH4d,30,0.0,4500000.0,4.5,589,1024,0.5751953125
01a0a57e-4c4f-7f82-af6d-66730fad5648,d,C,QB20,6,1,UVH4d,31,0.0,4950000.0,4.95,571,1024,0.5576171875
01a0a57e-4c4f-7f82-af6d-66730fad5648,d,C,QB20,6,1,UVH4d,32,0.0,5400000.0,5.4,611,1024,0.5966796875
01a0a57e-4c4f-7f82-af6d-66730fad5648,d,C,QB20,6,1,UVH4d,33,0.0,5850000.0,5.85,628,1024,0.61328125
01a0a57e-4c4f-7f82-af6d-66730fad5648,d,C,QB20,6,1,UVH4d,34,0.0,6300000.0,6.3,627,1024,0.6123046875
01a0a57e-4c4f-7f82-af6d-66730fad5648,d,C,QB20,6,1,UVH4d,35,0.0,6750000.0,6.75,662,1024,0.646484375
01a0a57e-4c4f-7f82-af6d-66730fad5648,d,C,QB20,6,1,UVH4d,36,0.0,7200000.0,7.2,649,1024,0.6337890625
01a0a57e-4c4f-7f82-af6d-66730fad5648,d,C,QB20,6,1,UVH4d,37,0.0,7650000.0,7.65,664,1024,0.6484375
01a0a57e-4c4f-7f82-af6d-66730fad5648,d,C,QB20,6,1,UVH4d,38,0.0,8100000.0,8.1,701,1024,0.6845703125
01a0a57e-4c4f-7f82-af6d-66730fad5648,d,C,QB20,6,1,UVH4d,39,0.0,8550000.0,8.55,715,1024,0.6982421875
01a0a57e-4c4f-7f82-af6d-66730fad5648,d,C,QB20,6,1,UVH4d,40,0.0,9000000.0,9.0,737,1024,0.7197265625
01a0a57e-4c4f-7f82-af6d-66730fad5648,d,C,QB20,6,2,UVH5d,0,0.0,-9000000.0,-9.0,80,1024,0.078125
01a0a57e-4c4f-7f82-af6d-66730fad5648,d,C,QB20,6,2,UVH5d,1,0.0,-8550000.0,-8.55,98,1024,0.095703125
01a0a57e-4c4f-7f82-af6d-66730fad5648,d,C,QB20,6,2,UVH5d,2,0.0,-8100000.0,-8.1,129,1024,0.1259765625
01a0a57e-4c4f-7f82-af6d-66730fad5648,d,C,QB20,6,2,UVH5d,3,0.0,-7650000.0,-7.65,156,1024,0.15234375
01a0a57e-4c4f-7f82-af6d-66730fad5648,d,C,QB20,6,2,UVH5d,4,0.0,-7200000.0,-7.2,179,1024,0.1748046875
01a0a57e-4c4f-7f82-af6d-66730fad5648,d,C,QB20,6,2,UVH5d,5,0.0,-6750000.0,-6.75,202,1024,0.197265625
01a0a57e-4c4f-7f82-af6d-66730fad5648,d,C,QB20,6,2,UVH5d,6,0.0,-6300000.0,-6.3,236,1024,0.23046875
01a0a57e-4c4f-7f82-af6d-66730fad5648,d,C,QB20,6,2,UVH5d,7,0.0,-5850000.0,-5.85,289,1024,0.2822265625
01a0a57e-4c4f-7f82-af6d-66730fad5648,d,C,QB20,6,2,UVH5d,8,0.0,-5400000.0,-5.4,323,1024,0.3154296875
01a0a57e-4c4f-7f82-af6d-66730fad5648,d,C,QB20,6,2,UVH5d,9,0.0,-4950000.0,-4.95,345,1024,0.3369140625
01a0a57e-4c4f-7f82-af6d-66730fad5648,d,C,QB20,6,2,UVH5d,10,0.0,-4500000.0,-4.5,382,1024,0.373046875
01a0a57e-4c4f-7f82-af6d-66730fad5648,d,C,QB20,6,2,UVH5d,11,0.0,-4050000.0,-4.05,364,1024,0.35546875
01a0a57e-4c4f-7f82-af6d-66730fad5648,d,C,QB20,6,2,UVH5d,12,0.0,-3600000.0,-3.6,409,1024,0.3994140625
01a0a57e-4c4f-7f82-af6d-66730fad5648,d,C,QB20,6,2,UVH5d,13,0.0,-3150000.0,-3.15,440,1024,0.4296875
01a0a57e-4c4f-7f82-af6d-66730fad5648,d,C,QB20,6,2,UVH5d,14,0.0,-2700000.0,-2.7,476,1024,0.46484375
01a0a57e-4c4f-7f82-af6d-66730fad5648,d,C,QB20,6,2,UVH5d,15,0.0,-2250000.0,-2.25,486,1024,0.474609375
01a0a57e-4c4f-7f82-af6d-66730fad5648,d,C,QB20,6,2,UVH5d,16,0.0,-1800000.0,-1.8,478,1024,0.466796875
01a0a57e-4c4f-7f82-af6d-66730fad5648,d,C,QB20,6,2,UVH5d,17,0.0,-1350000.0,-1.35,500,1024,0.48828125
01a0a57e-4c4f-7f82-af6d-66730fad5648,d,C,QB20,6,2,UVH5d,18,0.0,-900000.0,-0.9,498,1024,0.486328125
01a0a57e-4c4f-7f82-af6d-66730fad5648,d,C,QB20,6,2,UVH5d,19,0.0,-450000.0,-0.45,465,1024,0.4541015625
01a0a57e-4c4f-7f82-af6d-66730fad5648,d,C,QB20,6,2,UVH5d,20,0.0,0.0,0.0,505,1024,0.4931640625
01a0a57e-4c4f-7f82-af6d-66730fad5648,d,C,QB20,6,2,UVH5d,21,0.0,450000.0,0.45,480,1024,0.46875
01a0a57e-4c4f-7f82-af6d-66730fad5648,d,C,QB20,6,2,UVH5d,22,0.0,900000.0,0.9,470,1024,0.458984375
01a0a57e-4c4f-7f82-af6d-66730fad5648,d,C,QB20,6,2,UVH5d,23,0.0,1350000.0,1.35,482,1024,0.470703125
01a0a57e-4c4f-7f82-af6d-66730fad5648,d,C,QB20,6,2,UVH5d,24,0.0,1800000.0,1.8,466,1024,0.455078125
01a0a57e-4c4f-7f82-af6d-66730fad5648,d,C,QB20,6,2,UVH5d,25,0.0,2250000.0,2.25,495,1024,0.4833984375
01a0a57e-4c4f-7f82-af6d-66730fad5648,d,C,QB20,6,2,UVH5d,26,0.0,2700000.0,2.7,483,1024,0.4716796875
01a0a57e-4c4f-7f82-af6d-66730fad5648,d,C,QB20,6,2,UVH5d,27,0.0,3150000.0,3.15,471,1024,0.4599609375
01a0a57e-4c4f-7f82-af6d-66730fad5648,d,C,QB20,6,2,UVH5d,28,0.0,3600000.0,3.6,506,1024,0.494140625
01a0a57e-4c4f-7f82-af6d-66730fad5648,d,C,QB20,6,2,UVH5d,29,0.0,4050000.0,4.05,461,1024,0.4501953125
01a0a57e-4c4f-7f82-af6d-66730fad5648,d,C,QB20,6,2,UVH5d,30,0.0,4500000.0,4.5,502,1024,0.490234375
01a0a57e-4c4f-7f82-af6d-66730fad5648,d,C,QB20,6,2,UVH5d,31,0.0,4950000.0,4.95,515,1024,0.5029296875
01a0a57e-4c4f-7f82-af6d-66730fad5648,d,C,QB20,6,2,UVH5d,32,0.0,5400000.0,5.4,505,1024,0.4931640625
01a0a57e-4c4f-7f82-af6d-66730fad5648,d,C,QB20,6,2,UVH5d,33,0.0,5850000.0,5.85,523,1024,0.5107421875
01a0a57e-4c4f-7f82-af6d-66730fad5648,d,C,QB20,6,2,UVH5d,34,0.0,6300000.0,6.3,531,1024,0.5185546875
01a0a57e-4c4f-7f82-af6d-66730fad5648,d,C,QB20,6,2,UVH5d,35,0.0,6750000.0,6.75,575,1024,0.5615234375
01a0a57e-4c4f-7f82-af6d-66730fad5648,d,C,QB20,6,2,UVH5d,36,0.0,7200000.0,7.2,583,1024,0.5693359375
01a0a57e-4c4f-7f82-af6d-66730fad5648,d,C,QB20,6,2,UVH5d,37,0.0,7650000.0,7.65,576,1024,0.5625
01a0a57e-4c4f-7f82-af6d-66730fad5648,d,C,QB20,6,2,UVH5d,38,0.0,8100000.0,8.1,594,1024,0.580078125
01a0a57e-4c4f-7f82-af6d-66730fad5648,d,C,QB20,6,2,UVH5d,39,0.0,8550000.0,8.55,597,1024,0.5830078125
01a0a57e-4c4f-7f82-af6d-66730fad5648,d,C,QB20,6,2,UVH5d,40,0.0,9000000.0,9.0,578,1024,0.564453125
01a0a57e-4c4f-7f82-af6d-66730fad5648,d,C,QB20,6,3,UVH6d,0,0.0,-9000000.0,-9.0,616,1024,0.6015625
01a0a57e-4c4f-7f82-af6d-66730fad5648,d,C,QB20,6,3,UVH6d,1,0.0,-8550000.0,-8.55,583,1024,0.5693359375
01a0a57e-4c4f-7f82-af6d-66730fad5648,d,C,QB20,6,3,UVH6d,2,0.0,-8100000.0,-8.1,560,1024,0.546875
01a0a57e-4c4f-7f82-af6d-66730fad5648,d,C,QB20,6,3,UVH6d,3,0.0,-7650000.0,-7.65,562,1024,0.548828125
01a0a57e-4c4f-7f82-af6d-66730fad5648,d,C,QB20,6,3,UVH6d,4,0.0,-7200000.0,-7.2,547,1024,0.5341796875
01a0a57e-4c4f-7f82-af6d-66730fad5648,d,C,QB20,6,3,UVH6d,5,0.0,-6750000.0,-6.75,562,1024,0.548828125
01a0a57e-4c4f-7f82-af6d-66730fad5648,d,C,QB20,6,3,UVH6d,6,0.0,-6300000.0,-6.3,552,1024,0.5390625
01a0a57e-4c4f-7f82-af6d-66730fad5648,d,C,QB20,6,3,UVH6d,7,0.0,-5850000.0,-5.85,531,1024,0.5185546875
01a0a57e-4c4f-7f82-af6d-66730fad5648,d,C,QB20,6,3,UVH6d,8,0.0,-5400000.0,-5.4,557,1024,0.5439453125
01a0a57e-4c4f-7f82-af6d-66730fad5648,d,C,QB20,6,3,UVH6d,9,0.0,-4950000.0,-4.95,527,1024,0.5146484375
01a0a57e-4c4f-7f82-af6d-66730fad5648,d,C,QB20,6,3,UVH6d,10,0.0,-4500000.0,-4.5,550,1024,0.537109375
01a0a57e-4c4f-7f82-af6d-66730fad5648,d,C,QB20,6,3,UVH6d,11,0.0,-4050000.0,-4.05,549,1024,0.5361328125
01a0a57e-4c4f-7f82-af6d-66730fad5648,d,C,QB20,6,3,UVH6d,12,0.0,-3600000.0,-3.6,538,1024,0.525390625
01a0a57e-4c4f-7f82-af6d-66730fad5648,d,C,QB20,6,3,UVH6d,13,0.0,-3150000.0,-3.15,535,1024,0.5224609375
01a0a57e-4c4f-7f82-af6d-66730fad5648,d,C,QB20,6,3,UVH6d,14,0.0,-2700000.0,-2.7,524,1024,0.51171875
01a0a57e-4c4f-7f82-af6d-66730fad5648,d,C,QB20,6,3,UVH6d,15,0.0,-2250000.0,-2.25,517,1024,0.5048828125
01a0a57e-4c4f-7f82-af6d-66730fad5648,d,C,QB20,6,3,UVH6d,16,0.0,-1800000.0,-1.8,524,1024,0.51171875
01a0a57e-4c4f-7f82-af6d-66730fad5648,d,C,QB20,6,3,UVH6d,17,0.0,-1350000.0,-1.35,522,1024,0.509765625
01a0a57e-4c4f-7f82-af6d-66730fad5648,d,C,QB20,6,3,UVH6d,18,0.0,-900000.0,-0.9,535,1024,0.5224609375
01a0a57e-4c4f-7f82-af6d-66730fad5648,d,C,QB20,6,3,UVH6d,19,0.0,-450000.0,-0.45,540,1024,0.52734375
01a0a57e-4c4f-7f82-af6d-66730fad5648,d,C,QB20,6,3,UVH6d,20,0.0,0.0,0.0,550,1024,0.537109375
01a0a57e-4c4f-7f82-af6d-66730fad5648,d,C,QB20,6,3,UVH6d,21,0.0,450000.0,0.45,540,1024,0.52734375
01a0a57e-4c4f-7f82-af6d-66730fad5648,d,C,QB20,6,3,UVH6d,22,0.0,900000.0,0.9,545,1024,0.5322265625
01a0a57e-4c4f-7f82-af6d-66730fad5648,d,C,QB20,6,3,UVH6d,23,0.0,1350000.0,1.35,545,1024,0.5322265625
01a0a57e-4c4f-7f82-af6d-66730fad5648,d,C,QB20,6,3,UVH6d,24,0.0,1800000.0,1.8,505,1024,0.4931640625
01a0a57e-4c4f-7f82-af6d-66730fad5648,d,C,QB20,6,3,UVH6d,25,0.0,2250000.0,2.25,520,1024,0.5078125
01a0a57e-4c4f-7f82-af6d-66730fad5648,d,C,QB20,6,3,UVH6d,26,0.0,2700000.0,2.7,539,1024,0.5263671875
01a0a57e-4c4f-7f82-af6d-66730fad5648,d,C,QB20,6,3,UVH6d,27,0.0,3150000.0,3.15,544,1024,0.53125
01a0a57e-4c4f-7f82-af6d-66730fad5648,d,C,QB20,6,3,UVH6d,28,0.0,3600000.0,3.6,555,1024,0.5419921875
01a0a57e-4c4f-7f82-af6d-66730fad5648,d,C,QB20,6,3,UVH6d,29,0.0,4050000.0,4.05,559,1024,0.5458984375
01a0a57e-4c4f-7f82-af6d-66730fad5648,d,C,QB20,6,3,UVH6d,30,0.0,4500000.0,4.5,547,1024,0.5341796875
01a0a57e-4c4f-7f82-af6d-66730fad5648,d,C,QB20,6,3,UVH6d,31,0.0,4950000.0,4.95,531,1024,0.5185546875
01a0a57e-4c4f-7f82-af6d-66730fad5648,d,C,QB20,6,3,UVH6d,32,0.0,5400000.0,5.4,535,1024,0.5224609375
01a0a57e-4c4f-7f82-af6d-66730fad5648,d,C,QB20,6,3,UVH6d,33,0.0,5850000.0,5.85,537,1024,0.5244140625
01a0a57e-4c4f-7f82-af6d-66730fad5648,d,C,QB20,6,3,UVH6d,34,0.0,6300000.0,6.3,536,1024,0.5234375
01a0a57e-4c4f-7f82-af6d-66730fad5648,d,C,QB20,6,3,UVH6d,35,0.0,6750000.0,6.75,583,1024,0.5693359375
01a0a57e-4c4f-7f82-af6d-66730fad5648,d,C,QB20,6,3,UVH6d,36,0.0,7200000.0,7.2,555,1024,0.5419921875
01a0a57e-4c4f-7f82-af6d-66730fad5648,d,C,QB20,6,3,UVH6d,37,0.0,7650000.0,7.65,575,1024,0.5615234375
01a0a57e-4c4f-7f82-af6d-66730fad5648,d,C,QB20,6,3,UVH6d,38,0.0,8100000.0,8.1,568,1024,0.5546875
01a0a57e-4c4f-7f82-af6d-66730fad5648,d,C,QB20,6,3,UVH6d,39,0.0,8550000.0,8.55,596,1024,0.58203125
01a0a57e-4c4f-7f82-af6d-66730fad5648,d,C,QB20,6,3,UVH6d,40,0.0,9000000.0,9.0,615,1024,0.6005859375
01a0a57e-4c4f-7f82-af6d-66730fad5648,d,C,QB20,6,4,UVH7d,0,0.0,-9000000.0,-9.0,467,1024,0.4560546875
01a0a57e-4c4f-7f82-af6d-66730fad5648,d,C,QB20,6,4,UVH7d,1,0.0,-8550000.0,-8.55,495,1024,0.4833984375
01a0a57e-4c4f-7f82-af6d-66730fad5648,d,C,QB20,6,4,UVH7d,2,0.0,-8100000.0,-8.1,487,1024,0.4755859375
01a0a57e-4c4f-7f82-af6d-66730fad5648,d,C,QB20,6,4,UVH7d,3,0.0,-7650000.0,-7.65,487,1024,0.4755859375
01a0a57e-4c4f-7f82-af6d-66730fad5648,d,C,QB20,6,4,UVH7d,4,0.0,-7200000.0,-7.2,455,1024,0.4443359375
01a0a57e-4c4f-7f82-af6d-66730fad5648,d,C,QB20,6,4,UVH7d,5,0.0,-6750000.0,-6.75,459,1024,0.4482421875
01a0a57e-4c4f-7f82-af6d-66730fad5648,d,C,QB20,6,4,UVH7d,6,0.0,-6300000.0,-6.3,481,1024,0.4697265625
01a0a57e-4c4f-7f82-af6d-66730fad5648,d,C,QB20,6,4,UVH7d,7,0.0,-5850000.0,-5.85,491,1024,0.4794921875
01a0a57e-4c4f-7f82-af6d-66730fad5648,d,C,QB20,6,4,UVH7d,8,0.0,-5400000.0,-5.4,482,1024,0.470703125
01a0a57e-4c4f-7f82-af6d-66730fad5648,d,C,QB20,6,4,UVH7d,9,0.0,-4950000.0,-4.95,515,1024,0.5029296875
01a0a57e-4c4f-7f82-af6d-66730fad5648,d,C,QB20,6,4,UVH7d,10,0.0,-4500000.0,-4.5,501,1024,0.4892578125
01a0a57e-4c4f-7f82-af6d-66730fad5648,d,C,QB20,6,4,UVH7d,11,0.0,-4050000.0,-4.05,486,1024,0.474609375
01a0a57e-4c4f-7f82-af6d-66730fad5648,d,C,QB20,6,4,UVH7d,12,0.0,-3600000.0,-3.6,517,1024,0.5048828125
01a0a57e-4c4f-7f82-af6d-66730fad5648,d,C,QB20,6,4,UVH7d,13,0.0,-3150000.0,-3.15,506,1024,0.494140625
01a0a57e-4c4f-7f82-af6d-66730fad5648,d,C,QB20,6,4,UVH7d,14,0.0,-2700000.0,-2.7,484,1024,0.47265625
01a0a57e-4c4f-7f82-af6d-66730fad5648,d,C,QB20,6,4,UVH7d,15,0.0,-2250000.0,-2.25,486,1024,0.474609375
01a0a57e-4c4f-7f82-af6d-66730fad5648,d,C,QB20,6,4,UVH7d,16,0.0,-1800000.0,-1.8,508,1024,0.49609375
01a0a57e-4c4f-7f82-af6d-66730fad5648,d,C,QB20,6,4,UVH7d,17,0.0,-1350000.0,-1.35,510,1024,0.498046875
01a0a57e-4c4f-7f82-af6d-66730fad5648,d,C,QB20,6,4,UVH7d,18,0.0,-900000.0,-0.9,525,1024,0.5126953125
01a0a57e-4c4f-7f82-af6d-66730fad5648,d,C,QB20,6,4,UVH7d,19,0.0,-450000.0,-0.45,524,1024,0.51171875
01a0a57e-4c4f-7f82-af6d-66730fad5648,d,C,QB20,6,4,UVH7d,20,0.0,0.0,0.0,499,1024,0.4873046875
01a0a57e-4c4f-7f82-af6d-66730fad5648,d,C,QB20,6,4,UVH7d,21,0.0,450000.0,0.45,517,1024,0.5048828125
01a0a57e-4c4f-7f82-af6d-66730fad5648,d,C,QB20,6,4,UVH7d,22,0.0,900000.0,0.9,533,1024,0.5205078125
01a0a57e-4c4f-7f82-af6d-66730fad5648,d,C,QB20,6,4,UVH7d,23,0.0,1350000.0,1.35,526,1024,0.513671875
01a0a57e-4c4f-7f82-af6d-66730fad5648,d,C,QB20,6,4,UVH7d,24,0.0,1800000.0,1.8,519,1024,0.5068359375
01a0a57e-4c4f-7f82-af6d-66730fad5648,d,C,QB20,6,4,UVH7d,25,0.0,2250000.0,2.25,495,1024,0.4833984375
01a0a57e-4c4f-7f82-af6d-66730fad5648,d,C,QB20,6,4,UVH7d,26,0.0,2700000.0,2.7,513,1024,0.5009765625
01a0a57e-4c4f-7f82-af6d-66730fad5648,d,C,QB20,6,4,UVH7d,27,0.0,3150000.0,3.15,481,1024,0.4697265625
01a0a57e-4c4f-7f82-af6d-66730fad5648,d,C,QB20,6,4,UVH7d,28,0.0,3600000.0,3.6,521,1024,0.5087890625
01a0a57e-4c4f-7f82-af6d-66730fad5648,d,C,QB20,6,4,UVH7d,29,0.0,4050000.0,4.05,479,1024,0.4677734375
01a0a57e-4c4f-7f82-af6d-66730fad5648,d,C,QB20,6,4,UVH7d,30,0.0,4500000.0,4.5,475,1024,0.4638671875
01a0a57e-4c4f-7f82-af6d-66730fad5648,d,C,QB20,6,4,UVH7d,31,0.0,4950000.0,4.95,429,1024,0.4189453125
01a0a57e-4c4f-7f82-af6d-66730fad5648,d,C,QB20,6,4,UVH7d,32,0.0,5400000.0,5.4,450,1024,0.439453125
01a0a57e-4c4f-7f82-af6d-66730fad5648,d,C,QB20,6,4,UVH7d,33,0.0,5850000.0,5.85,458,1024,0.447265625
01a0a57e-4c4f-7f82-af6d-66730fad5648,d,C,QB20,6,4,UVH7d,34,0.0,6300000.0,6.3,437,1024,0.4267578125
01a0a57e-4c4f-7f82-af6d-66730fad5648,d,C,QB20,6,4,UVH7d,35,0.0,6750000.0,6.75,392,1024,0.3828125
01a0a57e-4c4f-7f82-af6d-66730fad5648,d,C,QB20,6,4,UVH7d,36,0.0,7200000.0,7.2,376,1024,0.3671875
01a0a57e-4c4f-7f82-af6d-66730fad5648,d,C,QB20,6,4,UVH7d,37,0.0,7650000.0,7.65,356,1024,0.34765625
01a0a57e-4c4f-7f82-af6d-66730fad5648,d,C,QB20,6,4,UVH7d,38,0.0,8100000.0,8.1,353,1024,0.3447265625
01a0a57e-4c4f-7f82-af6d-66730fad5648,d,C,QB20,6,4,UVH7d,39,0.0,8550000.0,8.55,370,1024,0.361328125
01a0a57e-4c4f-7f82-af6d-66730fad5648,d,C,QB20,6,4,UVH7d,40,0.0,9000000.0,9.0,340,1024,0.33203125
01a0a57e-4c4f-7f82-af6d-66730fad5648,d,C,QB20,6,5,UVH8d,0,0.0,-9000000.0,-9.0,561,1024,0.5478515625
01a0a57e-4c4f-7f82-af6d-66730fad5648,d,C,QB20,6,5,UVH8d,1,0.0,-8550000.0,-8.55,537,1024,0.5244140625
01a0a57e-4c4f-7f82-af6d-66730fad5648,d,C,QB20,6,5,UVH8d,2,0.0,-8100000.0,-8.1,547,1024,0.5341796875
01a0a57e-4c4f-7f82-af6d-66730fad5648,d,C,QB20,6,5,UVH8d,3,0.0,-7650000.0,-7.65,553,1024,0.5400390625
01a0a57e-4c4f-7f82-af6d-66730fad5648,d,C,QB20,6,5,UVH8d,4,0.0,-7200000.0,-7.2,533,1024,0.5205078125
01a0a57e-4c4f-7f82-af6d-66730fad5648,d,C,QB20,6,5,UVH8d,5,0.0,-6750000.0,-6.75,505,1024,0.4931640625
01a0a57e-4c4f-7f82-af6d-66730fad5648,d,C,QB20,6,5,UVH8d,6,0.0,-6300000.0,-6.3,533,1024,0.5205078125
01a0a57e-4c4f-7f82-af6d-66730fad5648,d,C,QB20,6,5,UVH8d,7,0.0,-5850000.0,-5.85,538,1024,0.525390625
01a0a57e-4c4f-7f82-af6d-66730fad5648,d,C,QB20,6,5,UVH8d,8,0.0,-5400000.0,-5.4,519,1024,0.5068359375
01a0a57e-4c4f-7f82-af6d-66730fad5648,d,C,QB20,6,5,UVH8d,9,0.0,-4950000.0,-4.95,514,1024,0.501953125
01a0a57e-4c4f-7f82-af6d-66730fad5648,d,C,QB20,6,5,UVH8d,10,0.0,-4500000.0,-4.5,552,1024,0.5390625
01a0a57e-4c4f-7f82-af6d-66730fad5648,d,C,QB20,6,5,UVH8d,11,0.0,-4050000.0,-4.05,537,1024,0.5244140625
01a0a57e-4c4f-7f82-af6d-66730fad5648,d,C,QB20,6,5,UVH8d,12,0.0,-3600000.0,-3.6,519,1024,0.5068359375
01a0a57e-4c4f-7f82-af6d-66730fad5648,d,C,QB20,6,5,UVH8d,13,0.0,-3150000.0,-3.15,517,1024,0.5048828125
01a0a57e-4c4f-7f82-af6d-66730fad5648,d,C,QB20,6,5,UVH8d,14,0.0,-2700000.0,-2.7,557,1024,0.5439453125
01a0a57e-4c4f-7f82-af6d-66730fad5648,d,C,QB20,6,5,UVH8d,15,0.0,-2250000.0,-2.25,515,1024,0.5029296875
01a0a57e-4c4f-7f82-af6d-66730fad5648,d,C,QB20,6,5,UVH8d,16,0.0,-1800000.0,-1.8,514,1024,0.501953125
01a0a57e-4c4f-7f82-af6d-66730fad5648,d,C,QB20,6,5,UVH8d,17,0.0,-1350000.0,-1.35,545,1024,0.5322265625
01a0a57e-4c4f-7f82-af6d-66730fad5648,d,C,QB20,6,5,UVH8d,18,0.0,-900000.0,-0.9,530,1024,0.517578125
01a0a57e-4c4f-7f82-af6d-66730fad5648,d,C,QB20,6,5,UVH8d,19,0.0,-450000.0,-0.45,533,1024,0.5205078125
01a0a57e-4c4f-7f82-af6d-66730fad5648,d,C,QB20,6,5,UVH8d,20,0.0,0.0,0.0,506,1024,0.494140625
01a0a57e-4c4f-7f82-af6d-66730fad5648,d,C,QB20,6,5,UVH8d,21,0.0,450000.0,0.45,550,1024,0.537109375
01a0a57e-4c4f-7f82-af6d-66730fad5648,d,C,QB20,6,5,UVH8d,22,0.0,900000.0,0.9,555,1024,0.5419921875
01a0a57e-4c4f-7f82-af6d-66730fad5648,d,C,QB20,6,5,UVH8d,23,0.0,1350000.0,1.35,525,1024,0.5126953125
01a0a57e-4c4f-7f82-af6d-66730fad5648,d,C,QB20,6,5,UVH8d,24,0.0,1800000.0,1.8,537,1024,0.5244140625
01a0a57e-4c4f-7f82-af6d-66730fad5648,d,C,QB20,6,5,UVH8d,25,0.0,2250000.0,2.25,529,1024,0.5166015625
01a0a57e-4c4f-7f82-af6d-66730fad5648,d,C,QB20,6,5,UVH8d,26,0.0,2700000.0,2.7,536,1024,0.5234375
01a0a57e-4c4f-7f82-af6d-66730fad5648,d,C,QB20,6,5,UVH8d,27,0.0,3150000.0,3.15,526,1024,0.513671875
01a0a57e-4c4f-7f82-af6d-66730fad5648,d,C,QB20,6,5,UVH8d,28,0.0,3600000.0,3.6,538,1024,0.525390625
01a0a57e-4c4f-7f82-af6d-66730fad5648,d,C,QB20,6,5,UVH8d,29,0.0,4050000.0,4.05,534,1024,0.521484375
01a0a57e-4c4f-7f82-af6d-66730fad5648,d,C,QB20,6,5,UVH8d,30,0.0,4500000.0,4.5,547,1024,0.5341796875
01a0a57e-4c4f-7f82-af6d-66730fad5648,d,C,QB20,6,5,UVH8d,31,0.0,4950000.0,4.95,561,1024,0.5478515625
01a0a57e-4c4f-7f82-af6d-66730fad5648,d,C,QB20,6,5,UVH8d,32,0.0,5400000.0,5.4,539,1024,0.5263671875
01a0a57e-4c4f-7f82-af6d-66730fad5648,d,C,QB20,6,5,UVH8d,33,0.0,5850000.0,5.85,562,1024,0.548828125
01a0a57e-4c4f-7f82-af6d-66730fad5648,d,C,QB20,6,5,UVH8d,34,0.0,6300000.0,6.3,515,1024,0.5029296875
01a0a57e-4c4f-7f82-af6d-66730fad5648,d,C,QB20,6,5,UVH8d,35,0.0,6750000.0,6.75,564,1024,0.55078125
01a0a57e-4c4f-7f82-af6d-66730fad5648,d,C,QB20,6,5,UVH8d,36,0.0,7200000.0,7.2,586,1024,0.572265625
01a0a57e-4c4f-7f82-af6d-66730fad5648,d,C,QB20,6,5,UVH8d,37,0.0,7650000.0,7.65,538,1024,0.525390625
01a0a57e-4c4f-7f82-af6d-66730fad5648,d,C,QB20,6,5,UVH8d,38,0.0,8100000.0,8.1,531,1024,0.5185546875
01a0a57e-4c4f-7f82-af6d-66730fad5648,d,C,QB20,6,5,UVH8d,39,0.0,8550000.0,8.55,508,1024,0.49609375
01a0a57e-4c4f-7f82-af6d-66730fad5648,d,C,QB20,6,5,UVH8d,40,0.0,9000000.0,9.0,506,1024,0.494140625
01a0a57e-4c4f-7f82-af6d-66730fad5648,d,C,QB3,7,0,standard_pi_2,0,0.0,-9000000.0,-9.0,519,1024,0.5068359375
01a0a57e-4c4f-7f82-af6d-66730fad5648,d,C,QB3,7,0,standard_pi_2,1,0.0,-8550000.0,-8.55,530,1024,0.517578125
01a0a57e-4c4f-7f82-af6d-66730fad5648,d,C,QB3,7,0,standard_pi_2,2,0.0,-8100000.0,-8.1,533,1024,0.5205078125
01a0a57e-4c4f-7f82-af6d-66730fad5648,d,C,QB3,7,0,standard_pi_2,3,0.0,-7650000.0,-7.65,559,1024,0.5458984375
01a0a57e-4c4f-7f82-af6d-66730fad5648,d,C,QB3,7,0,standard_pi_2,4,0.0,-7200000.0,-7.2,540,1024,0.52734375
01a0a57e-4c4f-7f82-af6d-66730fad5648,d,C,QB3,7,0,standard_pi_2,5,0.0,-6750000.0,-6.75,550,1024,0.537109375
01a0a57e-4c4f-7f82-af6d-66730fad5648,d,C,QB3,7,0,standard_pi_2,6,0.0,-6300000.0,-6.3,531,1024,0.5185546875
01a0a57e-4c4f-7f82-af6d-66730fad5648,d,C,QB3,7,0,standard_pi_2,7,0.0,-5850000.0,-5.85,544,1024,0.53125
01a0a57e-4c4f-7f82-af6d-66730fad5648,d,C,QB3,7,0,standard_pi_2,8,0.0,-5400000.0,-5.4,534,1024,0.521484375
01a0a57e-4c4f-7f82-af6d-66730fad5648,d,C,QB3,7,0,standard_pi_2,9,0.0,-4950000.0,-4.95,539,1024,0.5263671875
01a0a57e-4c4f-7f82-af6d-66730fad5648,d,C,QB3,7,0,standard_pi_2,10,0.0,-4500000.0,-4.5,513,1024,0.5009765625
01a0a57e-4c4f-7f82-af6d-66730fad5648,d,C,QB3,7,0,standard_pi_2,11,0.0,-4050000.0,-4.05,528,1024,0.515625
01a0a57e-4c4f-7f82-af6d-66730fad5648,d,C,QB3,7,0,standard_pi_2,12,0.0,-3600000.0,-3.6,545,1024,0.5322265625
01a0a57e-4c4f-7f82-af6d-66730fad5648,d,C,QB3,7,0,standard_pi_2,13,0.0,-3150000.0,-3.15,526,1024,0.513671875
01a0a57e-4c4f-7f82-af6d-66730fad5648,d,C,QB3,7,0,standard_pi_2,14,0.0,-2700000.0,-2.7,507,1024,0.4951171875
01a0a57e-4c4f-7f82-af6d-66730fad5648,d,C,QB3,7,0,standard_pi_2,15,0.0,-2250000.0,-2.25,501,1024,0.4892578125
01a0a57e-4c4f-7f82-af6d-66730fad5648,d,C,QB3,7,0,standard_pi_2,16,0.0,-1800000.0,-1.8,498,1024,0.486328125
01a0a57e-4c4f-7f82-af6d-66730fad5648,d,C,QB3,7,0,standard_pi_2,17,0.0,-1350000.0,-1.35,507,1024,0.4951171875
01a0a57e-4c4f-7f82-af6d-66730fad5648,d,C,QB3,7,0,standard_pi_2,18,0.0,-900000.0,-0.9,515,1024,0.5029296875
01a0a57e-4c4f-7f82-af6d-66730fad5648,d,C,QB3,7,0,standard_pi_2,19,0.0,-450000.0,-0.45,496,1024,0.484375
01a0a57e-4c4f-7f82-af6d-66730fad5648,d,C,QB3,7,0,standard_pi_2,20,0.0,0.0,0.0,499,1024,0.4873046875
01a0a57e-4c4f-7f82-af6d-66730fad5648,d,C,QB3,7,0,standard_pi_2,21,0.0,450000.0,0.45,477,1024,0.4658203125
01a0a57e-4c4f-7f82-af6d-66730fad5648,d,C,QB3,7,0,standard_pi_2,22,0.0,900000.0,0.9,499,1024,0.4873046875
01a0a57e-4c4f-7f82-af6d-66730fad5648,d,C,QB3,7,0,standard_pi_2,23,0.0,1350000.0,1.35,491,1024,0.4794921875
01a0a57e-4c4f-7f82-af6d-66730fad5648,d,C,QB3,7,0,standard_pi_2,24,0.0,1800000.0,1.8,499,1024,0.4873046875
01a0a57e-4c4f-7f82-af6d-66730fad5648,d,C,QB3,7,0,standard_pi_2,25,0.0,2250000.0,2.25,495,1024,0.4833984375
01a0a57e-4c4f-7f82-af6d-66730fad5648,d,C,QB3,7,0,standard_pi_2,26,0.0,2700000.0,2.7,480,1024,0.46875
01a0a57e-4c4f-7f82-af6d-66730fad5648,d,C,QB3,7,0,standard_pi_2,27,0.0,3150000.0,3.15,506,1024,0.494140625
01a0a57e-4c4f-7f82-af6d-66730fad5648,d,C,QB3,7,0,standard_pi_2,28,0.0,3600000.0,3.6,446,1024,0.435546875
01a0a57e-4c4f-7f82-af6d-66730fad5648,d,C,QB3,7,0,standard_pi_2,29,0.0,4050000.0,4.05,458,1024,0.447265625
01a0a57e-4c4f-7f82-af6d-66730fad5648,d,C,QB3,7,0,standard_pi_2,30,0.0,4500000.0,4.5,450,1024,0.439453125
01a0a57e-4c4f-7f82-af6d-66730fad5648,d,C,QB3,7,0,standard_pi_2,31,0.0,4950000.0,4.95,450,1024,0.439453125
01a0a57e-4c4f-7f82-af6d-66730fad5648,d,C,QB3,7,0,standard_pi_2,32,0.0,5400000.0,5.4,471,1024,0.4599609375
01a0a57e-4c4f-7f82-af6d-66730fad5648,d,C,QB3,7,0,standard_pi_2,33,0.0,5850000.0,5.85,457,1024,0.4462890625
01a0a57e-4c4f-7f82-af6d-66730fad5648,d,C,QB3,7,0,standard_pi_2,34,0.0,6300000.0,6.3,435,1024,0.4248046875
01a0a57e-4c4f-7f82-af6d-66730fad5648,d,C,QB3,7,0,standard_pi_2,35,0.0,6750000.0,6.75,439,1024,0.4287109375
01a0a57e-4c4f-7f82-af6d-66730fad5648,d,C,QB3,7,0,standard_pi_2,36,0.0,7200000.0,7.2,457,1024,0.4462890625
01a0a57e-4c4f-7f82-af6d-66730fad5648,d,C,QB3,7,0,standard_pi_2,37,0.0,7650000.0,7.65,464,1024,0.453125
01a0a57e-4c4f-7f82-af6d-66730fad5648,d,C,QB3,7,0,standard_pi_2,38,0.0,8100000.0,8.1,457,1024,0.4462890625
01a0a57e-4c4f-7f82-af6d-66730fad5648,d,C,QB3,7,0,standard_pi_2,39,0.0,8550000.0,8.55,455,1024,0.4443359375
01a0a57e-4c4f-7f82-af6d-66730fad5648,d,C,QB3,7,0,standard_pi_2,40,0.0,9000000.0,9.0,412,1024,0.40234375
01a0a57e-4c4f-7f82-af6d-66730fad5648,d,C,QB3,7,1,UVH4d,0,0.0,-9000000.0,-9.0,367,1024,0.3583984375
01a0a57e-4c4f-7f82-af6d-66730fad5648,d,C,QB3,7,1,UVH4d,1,0.0,-8550000.0,-8.55,373,1024,0.3642578125
01a0a57e-4c4f-7f82-af6d-66730fad5648,d,C,QB3,7,1,UVH4d,2,0.0,-8100000.0,-8.1,385,1024,0.3759765625
01a0a57e-4c4f-7f82-af6d-66730fad5648,d,C,QB3,7,1,UVH4d,3,0.0,-7650000.0,-7.65,398,1024,0.388671875
01a0a57e-4c4f-7f82-af6d-66730fad5648,d,C,QB3,7,1,UVH4d,4,0.0,-7200000.0,-7.2,430,1024,0.419921875
01a0a57e-4c4f-7f82-af6d-66730fad5648,d,C,QB3,7,1,UVH4d,5,0.0,-6750000.0,-6.75,419,1024,0.4091796875
01a0a57e-4c4f-7f82-af6d-66730fad5648,d,C,QB3,7,1,UVH4d,6,0.0,-6300000.0,-6.3,447,1024,0.4365234375
01a0a57e-4c4f-7f82-af6d-66730fad5648,d,C,QB3,7,1,UVH4d,7,0.0,-5850000.0,-5.85,444,1024,0.43359375
01a0a57e-4c4f-7f82-af6d-66730fad5648,d,C,QB3,7,1,UVH4d,8,0.0,-5400000.0,-5.4,454,1024,0.443359375
01a0a57e-4c4f-7f82-af6d-66730fad5648,d,C,QB3,7,1,UVH4d,9,0.0,-4950000.0,-4.95,454,1024,0.443359375
01a0a57e-4c4f-7f82-af6d-66730fad5648,d,C,QB3,7,1,UVH4d,10,0.0,-4500000.0,-4.5,456,1024,0.4453125
01a0a57e-4c4f-7f82-af6d-66730fad5648,d,C,QB3,7,1,UVH4d,11,0.0,-4050000.0,-4.05,455,1024,0.4443359375
01a0a57e-4c4f-7f82-af6d-66730fad5648,d,C,QB3,7,1,UVH4d,12,0.0,-3600000.0,-3.6,488,1024,0.4765625
01a0a57e-4c4f-7f82-af6d-66730fad5648,d,C,QB3,7,1,UVH4d,13,0.0,-3150000.0,-3.15,494,1024,0.482421875
01a0a57e-4c4f-7f82-af6d-66730fad5648,d,C,QB3,7,1,UVH4d,14,0.0,-2700000.0,-2.7,507,1024,0.4951171875
01a0a57e-4c4f-7f82-af6d-66730fad5648,d,C,QB3,7,1,UVH4d,15,0.0,-2250000.0,-2.25,521,1024,0.5087890625
01a0a57e-4c4f-7f82-af6d-66730fad5648,d,C,QB3,7,1,UVH4d,16,0.0,-1800000.0,-1.8,526,1024,0.513671875
01a0a57e-4c4f-7f82-af6d-66730fad5648,d,C,QB3,7,1,UVH4d,17,0.0,-1350000.0,-1.35,490,1024,0.478515625
01a0a57e-4c4f-7f82-af6d-66730fad5648,d,C,QB3,7,1,UVH4d,18,0.0,-900000.0,-0.9,503,1024,0.4912109375
01a0a57e-4c4f-7f82-af6d-66730fad5648,d,C,QB3,7,1,UVH4d,19,0.0,-450000.0,-0.45,519,1024,0.5068359375
01a0a57e-4c4f-7f82-af6d-66730fad5648,d,C,QB3,7,1,UVH4d,20,0.0,0.0,0.0,502,1024,0.490234375
01a0a57e-4c4f-7f82-af6d-66730fad5648,d,C,QB3,7,1,UVH4d,21,0.0,450000.0,0.45,486,1024,0.474609375
01a0a57e-4c4f-7f82-af6d-66730fad5648,d,C,QB3,7,1,UVH4d,22,0.0,900000.0,0.9,527,1024,0.5146484375
01a0a57e-4c4f-7f82-af6d-66730fad5648,d,C,QB3,7,1,UVH4d,23,0.0,1350000.0,1.35,535,1024,0.5224609375
01a0a57e-4c4f-7f82-af6d-66730fad5648,d,C,QB3,7,1,UVH4d,24,0.0,1800000.0,1.8,497,1024,0.4853515625
01a0a57e-4c4f-7f82-af6d-66730fad5648,d,C,QB3,7,1,UVH4d,25,0.0,2250000.0,2.25,524,1024,0.51171875
01a0a57e-4c4f-7f82-af6d-66730fad5648,d,C,QB3,7,1,UVH4d,26,0.0,2700000.0,2.7,519,1024,0.5068359375
01a0a57e-4c4f-7f82-af6d-66730fad5648,d,C,QB3,7,1,UVH4d,27,0.0,3150000.0,3.15,519,1024,0.5068359375
01a0a57e-4c4f-7f82-af6d-66730fad5648,d,C,QB3,7,1,UVH4d,28,0.0,3600000.0,3.6,541,1024,0.5283203125
01a0a57e-4c4f-7f82-af6d-66730fad5648,d,C,QB3,7,1,UVH4d,29,0.0,4050000.0,4.05,546,1024,0.533203125
01a0a57e-4c4f-7f82-af6d-66730fad5648,d,C,QB3,7,1,UVH4d,30,0.0,4500000.0,4.5,591,1024,0.5771484375
01a0a57e-4c4f-7f82-af6d-66730fad5648,d,C,QB3,7,1,UVH4d,31,0.0,4950000.0,4.95,599,1024,0.5849609375
01a0a57e-4c4f-7f82-af6d-66730fad5648,d,C,QB3,7,1,UVH4d,32,0.0,5400000.0,5.4,577,1024,0.5634765625
01a0a57e-4c4f-7f82-af6d-66730fad5648,d,C,QB3,7,1,UVH4d,33,0.0,5850000.0,5.85,628,1024,0.61328125
01a0a57e-4c4f-7f82-af6d-66730fad5648,d,C,QB3,7,1,UVH4d,34,0.0,6300000.0,6.3,626,1024,0.611328125
01a0a57e-4c4f-7f82-af6d-66730fad5648,d,C,QB3,7,1,UVH4d,35,0.0,6750000.0,6.75,657,1024,0.6416015625
01a0a57e-4c4f-7f82-af6d-66730fad5648,d,C,QB3,7,1,UVH4d,36,0.0,7200000.0,7.2,662,1024,0.646484375
01a0a57e-4c4f-7f82-af6d-66730fad5648,d,C,QB3,7,1,UVH4d,37,0.0,7650000.0,7.65,695,1024,0.6787109375
01a0a57e-4c4f-7f82-af6d-66730fad5648,d,C,QB3,7,1,UVH4d,38,0.0,8100000.0,8.1,677,1024,0.6611328125
01a0a57e-4c4f-7f82-af6d-66730fad5648,d,C,QB3,7,1,UVH4d,39,0.0,8550000.0,8.55,702,1024,0.685546875
01a0a57e-4c4f-7f82-af6d-66730fad5648,d,C,QB3,7,1,UVH4d,40,0.0,9000000.0,9.0,705,1024,0.6884765625
01a0a57e-4c4f-7f82-af6d-66730fad5648,d,C,QB3,7,2,UVH5d,0,0.0,-9000000.0,-9.0,130,1024,0.126953125
01a0a57e-4c4f-7f82-af6d-66730fad5648,d,C,QB3,7,2,UVH5d,1,0.0,-8550000.0,-8.55,133,1024,0.1298828125
01a0a57e-4c4f-7f82-af6d-66730fad5648,d,C,QB3,7,2,UVH5d,2,0.0,-8100000.0,-8.1,151,1024,0.1474609375
01a0a57e-4c4f-7f82-af6d-66730fad5648,d,C,QB3,7,2,UVH5d,3,0.0,-7650000.0,-7.65,215,1024,0.2099609375
01a0a57e-4c4f-7f82-af6d-66730fad5648,d,C,QB3,7,2,UVH5d,4,0.0,-7200000.0,-7.2,216,1024,0.2109375
01a0a57e-4c4f-7f82-af6d-66730fad5648,d,C,QB3,7,2,UVH5d,5,0.0,-6750000.0,-6.75,261,1024,0.2548828125
01a0a57e-4c4f-7f82-af6d-66730fad5648,d,C,QB3,7,2,UVH5d,6,0.0,-6300000.0,-6.3,310,1024,0.302734375
01a0a57e-4c4f-7f82-af6d-66730fad5648,d,C,QB3,7,2,UVH5d,7,0.0,-5850000.0,-5.85,327,1024,0.3193359375
01a0a57e-4c4f-7f82-af6d-66730fad5648,d,C,QB3,7,2,UVH5d,8,0.0,-5400000.0,-5.4,335,1024,0.3271484375
01a0a57e-4c4f-7f82-af6d-66730fad5648,d,C,QB3,7,2,UVH5d,9,0.0,-4950000.0,-4.95,382,1024,0.373046875
01a0a57e-4c4f-7f82-af6d-66730fad5648,d,C,QB3,7,2,UVH5d,10,0.0,-4500000.0,-4.5,387,1024,0.3779296875
01a0a57e-4c4f-7f82-af6d-66730fad5648,d,C,QB3,7,2,UVH5d,11,0.0,-4050000.0,-4.05,413,1024,0.4033203125
01a0a57e-4c4f-7f82-af6d-66730fad5648,d,C,QB3,7,2,UVH5d,12,0.0,-3600000.0,-3.6,465,1024,0.4541015625
01a0a57e-4c4f-7f82-af6d-66730fad5648,d,C,QB3,7,2,UVH5d,13,0.0,-3150000.0,-3.15,485,1024,0.4736328125
01a0a57e-4c4f-7f82-af6d-66730fad5648,d,C,QB3,7,2,UVH5d,14,0.0,-2700000.0,-2.7,488,1024,0.4765625
01a0a57e-4c4f-7f82-af6d-66730fad5648,d,C,QB3,7,2,UVH5d,15,0.0,-2250000.0,-2.25,497,1024,0.4853515625
01a0a57e-4c4f-7f82-af6d-66730fad5648,d,C,QB3,7,2,UVH5d,16,0.0,-1800000.0,-1.8,531,1024,0.5185546875
01a0a57e-4c4f-7f82-af6d-66730fad5648,d,C,QB3,7,2,UVH5d,17,0.0,-1350000.0,-1.35,537,1024,0.5244140625
01a0a57e-4c4f-7f82-af6d-66730fad5648,d,C,QB3,7,2,UVH5d,18,0.0,-900000.0,-0.9,535,1024,0.5224609375
01a0a57e-4c4f-7f82-af6d-66730fad5648,d,C,QB3,7,2,UVH5d,19,0.0,-450000.0,-0.45,547,1024,0.5341796875
01a0a57e-4c4f-7f82-af6d-66730fad5648,d,C,QB3,7,2,UVH5d,20,0.0,0.0,0.0,512,1024,0.5
01a0a57e-4c4f-7f82-af6d-66730fad5648,d,C,QB3,7,2,UVH5d,21,0.0,450000.0,0.45,507,1024,0.4951171875
01a0a57e-4c4f-7f82-af6d-66730fad5648,d,C,QB3,7,2,UVH5d,22,0.0,900000.0,0.9,529,1024,0.5166015625
01a0a57e-4c4f-7f82-af6d-66730fad5648,d,C,QB3,7,2,UVH5d,23,0.0,1350000.0,1.35,517,1024,0.5048828125
01a0a57e-4c4f-7f82-af6d-66730fad5648,d,C,QB3,7,2,UVH5d,24,0.0,1800000.0,1.8,531,1024,0.5185546875
01a0a57e-4c4f-7f82-af6d-66730fad5648,d,C,QB3,7,2,UVH5d,25,0.0,2250000.0,2.25,525,1024,0.5126953125
01a0a57e-4c4f-7f82-af6d-66730fad5648,d,C,QB3,7,2,UVH5d,26,0.0,2700000.0,2.7,505,1024,0.4931640625
01a0a57e-4c4f-7f82-af6d-66730fad5648,d,C,QB3,7,2,UVH5d,27,0.0,3150000.0,3.15,528,1024,0.515625
01a0a57e-4c4f-7f82-af6d-66730fad5648,d,C,QB3,7,2,UVH5d,28,0.0,3600000.0,3.6,527,1024,0.5146484375
01a0a57e-4c4f-7f82-af6d-66730fad5648,d,C,QB3,7,2,UVH5d,29,0.0,4050000.0,4.05,483,1024,0.4716796875
01a0a57e-4c4f-7f82-af6d-66730fad5648,d,C,QB3,7,2,UVH5d,30,0.0,4500000.0,4.5,552,1024,0.5390625
01a0a57e-4c4f-7f82-af6d-66730fad5648,d,C,QB3,7,2,UVH5d,31,0.0,4950000.0,4.95,559,1024,0.5458984375
01a0a57e-4c4f-7f82-af6d-66730fad5648,d,C,QB3,7,2,UVH5d,32,0.0,5400000.0,5.4,516,1024,0.50390625
01a0a57e-4c4f-7f82-af6d-66730fad5648,d,C,QB3,7,2,UVH5d,33,0.0,5850000.0,5.85,576,1024,0.5625
01a0a57e-4c4f-7f82-af6d-66730fad5648,d,C,QB3,7,2,UVH5d,34,0.0,6300000.0,6.3,602,1024,0.587890625
01a0a57e-4c4f-7f82-af6d-66730fad5648,d,C,QB3,7,2,UVH5d,35,0.0,6750000.0,6.75,599,1024,0.5849609375
01a0a57e-4c4f-7f82-af6d-66730fad5648,d,C,QB3,7,2,UVH5d,36,0.0,7200000.0,7.2,641,1024,0.6259765625
01a0a57e-4c4f-7f82-af6d-66730fad5648,d,C,QB3,7,2,UVH5d,37,0.0,7650000.0,7.65,654,1024,0.638671875
01a0a57e-4c4f-7f82-af6d-66730fad5648,d,C,QB3,7,2,UVH5d,38,0.0,8100000.0,8.1,628,1024,0.61328125
01a0a57e-4c4f-7f82-af6d-66730fad5648,d,C,QB3,7,2,UVH5d,39,0.0,8550000.0,8.55,653,1024,0.6376953125
01a0a57e-4c4f-7f82-af6d-66730fad5648,d,C,QB3,7,2,UVH5d,40,0.0,9000000.0,9.0,637,1024,0.6220703125
01a0a57e-4c4f-7f82-af6d-66730fad5648,d,C,QB3,7,3,UVH6d,0,0.0,-9000000.0,-9.0,552,1024,0.5390625
01a0a57e-4c4f-7f82-af6d-66730fad5648,d,C,QB3,7,3,UVH6d,1,0.0,-8550000.0,-8.55,532,1024,0.51953125
01a0a57e-4c4f-7f82-af6d-66730fad5648,d,C,QB3,7,3,UVH6d,2,0.0,-8100000.0,-8.1,557,1024,0.5439453125
01a0a57e-4c4f-7f82-af6d-66730fad5648,d,C,QB3,7,3,UVH6d,3,0.0,-7650000.0,-7.65,532,1024,0.51953125
01a0a57e-4c4f-7f82-af6d-66730fad5648,d,C,QB3,7,3,UVH6d,4,0.0,-7200000.0,-7.2,544,1024,0.53125
01a0a57e-4c4f-7f82-af6d-66730fad5648,d,C,QB3,7,3,UVH6d,5,0.0,-6750000.0,-6.75,544,1024,0.53125
01a0a57e-4c4f-7f82-af6d-66730fad5648,d,C,QB3,7,3,UVH6d,6,0.0,-6300000.0,-6.3,515,1024,0.5029296875
01a0a57e-4c4f-7f82-af6d-66730fad5648,d,C,QB3,7,3,UVH6d,7,0.0,-5850000.0,-5.85,526,1024,0.513671875
01a0a57e-4c4f-7f82-af6d-66730fad5648,d,C,QB3,7,3,UVH6d,8,0.0,-5400000.0,-5.4,518,1024,0.505859375
01a0a57e-4c4f-7f82-af6d-66730fad5648,d,C,QB3,7,3,UVH6d,9,0.0,-4950000.0,-4.95,502,1024,0.490234375
01a0a57e-4c4f-7f82-af6d-66730fad5648,d,C,QB3,7,3,UVH6d,10,0.0,-4500000.0,-4.5,481,1024,0.4697265625
01a0a57e-4c4f-7f82-af6d-66730fad5648,d,C,QB3,7,3,UVH6d,11,0.0,-4050000.0,-4.05,492,1024,0.48046875
01a0a57e-4c4f-7f82-af6d-66730fad5648,d,C,QB3,7,3,UVH6d,12,0.0,-3600000.0,-3.6,505,1024,0.4931640625
01a0a57e-4c4f-7f82-af6d-66730fad5648,d,C,QB3,7,3,UVH6d,13,0.0,-3150000.0,-3.15,486,1024,0.474609375
01a0a57e-4c4f-7f82-af6d-66730fad5648,d,C,QB3,7,3,UVH6d,14,0.0,-2700000.0,-2.7,488,1024,0.4765625
01a0a57e-4c4f-7f82-af6d-66730fad5648,d,C,QB3,7,3,UVH6d,15,0.0,-2250000.0,-2.25,526,1024,0.513671875
01a0a57e-4c4f-7f82-af6d-66730fad5648,d,C,QB3,7,3,UVH6d,16,0.0,-1800000.0,-1.8,510,1024,0.498046875
01a0a57e-4c4f-7f82-af6d-66730fad5648,d,C,QB3,7,3,UVH6d,17,0.0,-1350000.0,-1.35,491,1024,0.4794921875
01a0a57e-4c4f-7f82-af6d-66730fad5648,d,C,QB3,7,3,UVH6d,18,0.0,-900000.0,-0.9,523,1024,0.5107421875
01a0a57e-4c4f-7f82-af6d-66730fad5648,d,C,QB3,7,3,UVH6d,19,0.0,-450000.0,-0.45,499,1024,0.4873046875
01a0a57e-4c4f-7f82-af6d-66730fad5648,d,C,QB3,7,3,UVH6d,20,0.0,0.0,0.0,539,1024,0.5263671875
01a0a57e-4c4f-7f82-af6d-66730fad5648,d,C,QB3,7,3,UVH6d,21,0.0,450000.0,0.45,506,1024,0.494140625
01a0a57e-4c4f-7f82-af6d-66730fad5648,d,C,QB3,7,3,UVH6d,22,0.0,900000.0,0.9,502,1024,0.490234375
01a0a57e-4c4f-7f82-af6d-66730fad5648,d,C,QB3,7,3,UVH6d,23,0.0,1350000.0,1.35,514,1024,0.501953125
01a0a57e-4c4f-7f82-af6d-66730fad5648,d,C,QB3,7,3,UVH6d,24,0.0,1800000.0,1.8,504,1024,0.4921875
01a0a57e-4c4f-7f82-af6d-66730fad5648,d,C,QB3,7,3,UVH6d,25,0.0,2250000.0,2.25,526,1024,0.513671875
01a0a57e-4c4f-7f82-af6d-66730fad5648,d,C,QB3,7,3,UVH6d,26,0.0,2700000.0,2.7,553,1024,0.5400390625
01a0a57e-4c4f-7f82-af6d-66730fad5648,d,C,QB3,7,3,UVH6d,27,0.0,3150000.0,3.15,490,1024,0.478515625
01a0a57e-4c4f-7f82-af6d-66730fad5648,d,C,QB3,7,3,UVH6d,28,0.0,3600000.0,3.6,503,1024,0.4912109375
01a0a57e-4c4f-7f82-af6d-66730fad5648,d,C,QB3,7,3,UVH6d,29,0.0,4050000.0,4.05,519,1024,0.5068359375
01a0a57e-4c4f-7f82-af6d-66730fad5648,d,C,QB3,7,3,UVH6d,30,0.0,4500000.0,4.5,510,1024,0.498046875
01a0a57e-4c4f-7f82-af6d-66730fad5648,d,C,QB3,7,3,UVH6d,31,0.0,4950000.0,4.95,477,1024,0.4658203125
01a0a57e-4c4f-7f82-af6d-66730fad5648,d,C,QB3,7,3,UVH6d,32,0.0,5400000.0,5.4,503,1024,0.4912109375
01a0a57e-4c4f-7f82-af6d-66730fad5648,d,C,QB3,7,3,UVH6d,33,0.0,5850000.0,5.85,485,1024,0.4736328125
01a0a57e-4c4f-7f82-af6d-66730fad5648,d,C,QB3,7,3,UVH6d,34,0.0,6300000.0,6.3,487,1024,0.4755859375
01a0a57e-4c4f-7f82-af6d-66730fad5648,d,C,QB3,7,3,UVH6d,35,0.0,6750000.0,6.75,518,1024,0.505859375
01a0a57e-4c4f-7f82-af6d-66730fad5648,d,C,QB3,7,3,UVH6d,36,0.0,7200000.0,7.2,532,1024,0.51953125
01a0a57e-4c4f-7f82-af6d-66730fad5648,d,C,QB3,7,3,UVH6d,37,0.0,7650000.0,7.65,508,1024,0.49609375
01a0a57e-4c4f-7f82-af6d-66730fad5648,d,C,QB3,7,3,UVH6d,38,0.0,8100000.0,8.1,559,1024,0.5458984375
01a0a57e-4c4f-7f82-af6d-66730fad5648,d,C,QB3,7,3,UVH6d,39,0.0,8550000.0,8.55,575,1024,0.5615234375
01a0a57e-4c4f-7f82-af6d-66730fad5648,d,C,QB3,7,3,UVH6d,40,0.0,9000000.0,9.0,586,1024,0.572265625
01a0a57e-4c4f-7f82-af6d-66730fad5648,d,C,QB3,7,4,UVH7d,0,0.0,-9000000.0,-9.0,524,1024,0.51171875
01a0a57e-4c4f-7f82-af6d-66730fad5648,d,C,QB3,7,4,UVH7d,1,0.0,-8550000.0,-8.55,547,1024,0.5341796875
01a0a57e-4c4f-7f82-af6d-66730fad5648,d,C,QB3,7,4,UVH7d,2,0.0,-8100000.0,-8.1,505,1024,0.4931640625
01a0a57e-4c4f-7f82-af6d-66730fad5648,d,C,QB3,7,4,UVH7d,3,0.0,-7650000.0,-7.65,479,1024,0.4677734375
01a0a57e-4c4f-7f82-af6d-66730fad5648,d,C,QB3,7,4,UVH7d,4,0.0,-7200000.0,-7.2,490,1024,0.478515625
01a0a57e-4c4f-7f82-af6d-66730fad5648,d,C,QB3,7,4,UVH7d,5,0.0,-6750000.0,-6.75,499,1024,0.4873046875
01a0a57e-4c4f-7f82-af6d-66730fad5648,d,C,QB3,7,4,UVH7d,6,0.0,-6300000.0,-6.3,504,1024,0.4921875
01a0a57e-4c4f-7f82-af6d-66730fad5648,d,C,QB3,7,4,UVH7d,7,0.0,-5850000.0,-5.85,461,1024,0.4501953125
01a0a57e-4c4f-7f82-af6d-66730fad5648,d,C,QB3,7,4,UVH7d,8,0.0,-5400000.0,-5.4,511,1024,0.4990234375
01a0a57e-4c4f-7f82-af6d-66730fad5648,d,C,QB3,7,4,UVH7d,9,0.0,-4950000.0,-4.95,507,1024,0.4951171875
01a0a57e-4c4f-7f82-af6d-66730fad5648,d,C,QB3,7,4,UVH7d,10,0.0,-4500000.0,-4.5,483,1024,0.4716796875
01a0a57e-4c4f-7f82-af6d-66730fad5648,d,C,QB3,7,4,UVH7d,11,0.0,-4050000.0,-4.05,458,1024,0.447265625
01a0a57e-4c4f-7f82-af6d-66730fad5648,d,C,QB3,7,4,UVH7d,12,0.0,-3600000.0,-3.6,497,1024,0.4853515625
01a0a57e-4c4f-7f82-af6d-66730fad5648,d,C,QB3,7,4,UVH7d,13,0.0,-3150000.0,-3.15,475,1024,0.4638671875
01a0a57e-4c4f-7f82-af6d-66730fad5648,d,C,QB3,7,4,UVH7d,14,0.0,-2700000.0,-2.7,476,1024,0.46484375
01a0a57e-4c4f-7f82-af6d-66730fad5648,d,C,QB3,7,4,UVH7d,15,0.0,-2250000.0,-2.25,510,1024,0.498046875
01a0a57e-4c4f-7f82-af6d-66730fad5648,d,C,QB3,7,4,UVH7d,16,0.0,-1800000.0,-1.8,496,1024,0.484375
01a0a57e-4c4f-7f82-af6d-66730fad5648,d,C,QB3,7,4,UVH7d,17,0.0,-1350000.0,-1.35,485,1024,0.4736328125
01a0a57e-4c4f-7f82-af6d-66730fad5648,d,C,QB3,7,4,UVH7d,18,0.0,-900000.0,-0.9,493,1024,0.4814453125
01a0a57e-4c4f-7f82-af6d-66730fad5648,d,C,QB3,7,4,UVH7d,19,0.0,-450000.0,-0.45,503,1024,0.4912109375
01a0a57e-4c4f-7f82-af6d-66730fad5648,d,C,QB3,7,4,UVH7d,20,0.0,0.0,0.0,485,1024,0.4736328125
01a0a57e-4c4f-7f82-af6d-66730fad5648,d,C,QB3,7,4,UVH7d,21,0.0,450000.0,0.45,488,1024,0.4765625
01a0a57e-4c4f-7f82-af6d-66730fad5648,d,C,QB3,7,4,UVH7d,22,0.0,900000.0,0.9,483,1024,0.4716796875
01a0a57e-4c4f-7f82-af6d-66730fad5648,d,C,QB3,7,4,UVH7d,23,0.0,1350000.0,1.35,453,1024,0.4423828125
01a0a57e-4c4f-7f82-af6d-66730fad5648,d,C,QB3,7,4,UVH7d,24,0.0,1800000.0,1.8,495,1024,0.4833984375
01a0a57e-4c4f-7f82-af6d-66730fad5648,d,C,QB3,7,4,UVH7d,25,0.0,2250000.0,2.25,490,1024,0.478515625
01a0a57e-4c4f-7f82-af6d-66730fad5648,d,C,QB3,7,4,UVH7d,26,0.0,2700000.0,2.7,503,1024,0.4912109375
01a0a57e-4c4f-7f82-af6d-66730fad5648,d,C,QB3,7,4,UVH7d,27,0.0,3150000.0,3.15,529,1024,0.5166015625
01a0a57e-4c4f-7f82-af6d-66730fad5648,d,C,QB3,7,4,UVH7d,28,0.0,3600000.0,3.6,495,1024,0.4833984375
01a0a57e-4c4f-7f82-af6d-66730fad5648,d,C,QB3,7,4,UVH7d,29,0.0,4050000.0,4.05,457,1024,0.4462890625
01a0a57e-4c4f-7f82-af6d-66730fad5648,d,C,QB3,7,4,UVH7d,30,0.0,4500000.0,4.5,467,1024,0.4560546875
01a0a57e-4c4f-7f82-af6d-66730fad5648,d,C,QB3,7,4,UVH7d,31,0.0,4950000.0,4.95,455,1024,0.4443359375
01a0a57e-4c4f-7f82-af6d-66730fad5648,d,C,QB3,7,4,UVH7d,32,0.0,5400000.0,5.4,468,1024,0.45703125
01a0a57e-4c4f-7f82-af6d-66730fad5648,d,C,QB3,7,4,UVH7d,33,0.0,5850000.0,5.85,422,1024,0.412109375
01a0a57e-4c4f-7f82-af6d-66730fad5648,d,C,QB3,7,4,UVH7d,34,0.0,6300000.0,6.3,402,1024,0.392578125
01a0a57e-4c4f-7f82-af6d-66730fad5648,d,C,QB3,7,4,UVH7d,35,0.0,6750000.0,6.75,383,1024,0.3740234375
01a0a57e-4c4f-7f82-af6d-66730fad5648,d,C,QB3,7,4,UVH7d,36,0.0,7200000.0,7.2,376,1024,0.3671875
01a0a57e-4c4f-7f82-af6d-66730fad5648,d,C,QB3,7,4,UVH7d,37,0.0,7650000.0,7.65,378,1024,0.369140625
01a0a57e-4c4f-7f82-af6d-66730fad5648,d,C,QB3,7,4,UVH7d,38,0.0,8100000.0,8.1,345,1024,0.3369140625
01a0a57e-4c4f-7f82-af6d-66730fad5648,d,C,QB3,7,4,UVH7d,39,0.0,8550000.0,8.55,327,1024,0.3193359375
01a0a57e-4c4f-7f82-af6d-66730fad5648,d,C,QB3,7,4,UVH7d,40,0.0,9000000.0,9.0,318,1024,0.310546875
01a0a57e-4c4f-7f82-af6d-66730fad5648,d,C,QB3,7,5,UVH8d,0,0.0,-9000000.0,-9.0,515,1024,0.5029296875
01a0a57e-4c4f-7f82-af6d-66730fad5648,d,C,QB3,7,5,UVH8d,1,0.0,-8550000.0,-8.55,498,1024,0.486328125
01a0a57e-4c4f-7f82-af6d-66730fad5648,d,C,QB3,7,5,UVH8d,2,0.0,-8100000.0,-8.1,481,1024,0.4697265625
01a0a57e-4c4f-7f82-af6d-66730fad5648,d,C,QB3,7,5,UVH8d,3,0.0,-7650000.0,-7.65,478,1024,0.466796875
01a0a57e-4c4f-7f82-af6d-66730fad5648,d,C,QB3,7,5,UVH8d,4,0.0,-7200000.0,-7.2,482,1024,0.470703125
01a0a57e-4c4f-7f82-af6d-66730fad5648,d,C,QB3,7,5,UVH8d,5,0.0,-6750000.0,-6.75,493,1024,0.4814453125
01a0a57e-4c4f-7f82-af6d-66730fad5648,d,C,QB3,7,5,UVH8d,6,0.0,-6300000.0,-6.3,480,1024,0.46875
01a0a57e-4c4f-7f82-af6d-66730fad5648,d,C,QB3,7,5,UVH8d,7,0.0,-5850000.0,-5.85,484,1024,0.47265625
01a0a57e-4c4f-7f82-af6d-66730fad5648,d,C,QB3,7,5,UVH8d,8,0.0,-5400000.0,-5.4,497,1024,0.4853515625
01a0a57e-4c4f-7f82-af6d-66730fad5648,d,C,QB3,7,5,UVH8d,9,0.0,-4950000.0,-4.95,484,1024,0.47265625
01a0a57e-4c4f-7f82-af6d-66730fad5648,d,C,QB3,7,5,UVH8d,10,0.0,-4500000.0,-4.5,496,1024,0.484375
01a0a57e-4c4f-7f82-af6d-66730fad5648,d,C,QB3,7,5,UVH8d,11,0.0,-4050000.0,-4.05,500,1024,0.48828125
01a0a57e-4c4f-7f82-af6d-66730fad5648,d,C,QB3,7,5,UVH8d,12,0.0,-3600000.0,-3.6,495,1024,0.4833984375
01a0a57e-4c4f-7f82-af6d-66730fad5648,d,C,QB3,7,5,UVH8d,13,0.0,-3150000.0,-3.15,492,1024,0.48046875
01a0a57e-4c4f-7f82-af6d-66730fad5648,d,C,QB3,7,5,UVH8d,14,0.0,-2700000.0,-2.7,509,1024,0.4970703125
01a0a57e-4c4f-7f82-af6d-66730fad5648,d,C,QB3,7,5,UVH8d,15,0.0,-2250000.0,-2.25,497,1024,0.4853515625
01a0a57e-4c4f-7f82-af6d-66730fad5648,d,C,QB3,7,5,UVH8d,16,0.0,-1800000.0,-1.8,508,1024,0.49609375
01a0a57e-4c4f-7f82-af6d-66730fad5648,d,C,QB3,7,5,UVH8d,17,0.0,-1350000.0,-1.35,509,1024,0.4970703125
01a0a57e-4c4f-7f82-af6d-66730fad5648,d,C,QB3,7,5,UVH8d,18,0.0,-900000.0,-0.9,554,1024,0.541015625
01a0a57e-4c4f-7f82-af6d-66730fad5648,d,C,QB3,7,5,UVH8d,19,0.0,-450000.0,-0.45,538,1024,0.525390625
01a0a57e-4c4f-7f82-af6d-66730fad5648,d,C,QB3,7,5,UVH8d,20,0.0,0.0,0.0,512,1024,0.5
01a0a57e-4c4f-7f82-af6d-66730fad5648,d,C,QB3,7,5,UVH8d,21,0.0,450000.0,0.45,519,1024,0.5068359375
01a0a57e-4c4f-7f82-af6d-66730fad5648,d,C,QB3,7,5,UVH8d,22,0.0,900000.0,0.9,513,1024,0.5009765625
01a0a57e-4c4f-7f82-af6d-66730fad5648,d,C,QB3,7,5,UVH8d,23,0.0,1350000.0,1.35,518,1024,0.505859375
01a0a57e-4c4f-7f82-af6d-66730fad5648,d,C,QB3,7,5,UVH8d,24,0.0,1800000.0,1.8,514,1024,0.501953125
01a0a57e-4c4f-7f82-af6d-66730fad5648,d,C,QB3,7,5,UVH8d,25,0.0,2250000.0,2.25,491,1024,0.4794921875
01a0a57e-4c4f-7f82-af6d-66730fad5648,d,C,QB3,7,5,UVH8d,26,0.0,2700000.0,2.7,502,1024,0.490234375
01a0a57e-4c4f-7f82-af6d-66730fad5648,d,C,QB3,7,5,UVH8d,27,0.0,3150000.0,3.15,498,1024,0.486328125
01a0a57e-4c4f-7f82-af6d-66730fad5648,d,C,QB3,7,5,UVH8d,28,0.0,3600000.0,3.6,543,1024,0.5302734375
01a0a57e-4c4f-7f82-af6d-66730fad5648,d,C,QB3,7,5,UVH8d,29,0.0,4050000.0,4.05,523,1024,0.5107421875
01a0a57e-4c4f-7f82-af6d-66730fad5648,d,C,QB3,7,5,UVH8d,30,0.0,4500000.0,4.5,504,1024,0.4921875
01a0a57e-4c4f-7f82-af6d-66730fad5648,d,C,QB3,7,5,UVH8d,31,0.0,4950000.0,4.95,497,1024,0.4853515625
01a0a57e-4c4f-7f82-af6d-66730fad5648,d,C,QB3,7,5,UVH8d,32,0.0,5400000.0,5.4,487,1024,0.4755859375
01a0a57e-4c4f-7f82-af6d-66730fad5648,d,C,QB3,7,5,UVH8d,33,0.0,5850000.0,5.85,470,1024,0.458984375
01a0a57e-4c4f-7f82-af6d-66730fad5648,d,C,QB3,7,5,UVH8d,34,0.0,6300000.0,6.3,474,1024,0.462890625
01a0a57e-4c4f-7f82-af6d-66730fad5648,d,C,QB3,7,5,UVH8d,35,0.0,6750000.0,6.75,478,1024,0.466796875
01a0a57e-4c4f-7f82-af6d-66730fad5648,d,C,QB3,7,5,UVH8d,36,0.0,7200000.0,7.2,502,1024,0.490234375
01a0a57e-4c4f-7f82-af6d-66730fad5648,d,C,QB3,7,5,UVH8d,37,0.0,7650000.0,7.65,519,1024,0.5068359375
01a0a57e-4c4f-7f82-af6d-66730fad5648,d,C,QB3,7,5,UVH8d,38,0.0,8100000.0,8.1,479,1024,0.4677734375
01a0a57e-4c4f-7f82-af6d-66730fad5648,d,C,QB3,7,5,UVH8d,39,0.0,8550000.0,8.55,465,1024,0.4541015625
01a0a57e-4c4f-7f82-af6d-66730fad5648,d,C,QB3,7,5,UVH8d,40,0.0,9000000.0,9.0,467,1024,0.4560546875
01a0a57e-4c4f-7f82-af6d-66730fad5648,d,C,QB7,8,0,standard_pi_2,0,0.0,-9000000.0,-9.0,604,1024,0.58984375
01a0a57e-4c4f-7f82-af6d-66730fad5648,d,C,QB7,8,0,standard_pi_2,1,0.0,-8550000.0,-8.55,574,1024,0.560546875
01a0a57e-4c4f-7f82-af6d-66730fad5648,d,C,QB7,8,0,standard_pi_2,2,0.0,-8100000.0,-8.1,583,1024,0.5693359375
01a0a57e-4c4f-7f82-af6d-66730fad5648,d,C,QB7,8,0,standard_pi_2,3,0.0,-7650000.0,-7.65,562,1024,0.548828125
01a0a57e-4c4f-7f82-af6d-66730fad5648,d,C,QB7,8,0,standard_pi_2,4,0.0,-7200000.0,-7.2,582,1024,0.568359375
01a0a57e-4c4f-7f82-af6d-66730fad5648,d,C,QB7,8,0,standard_pi_2,5,0.0,-6750000.0,-6.75,567,1024,0.5537109375
01a0a57e-4c4f-7f82-af6d-66730fad5648,d,C,QB7,8,0,standard_pi_2,6,0.0,-6300000.0,-6.3,563,1024,0.5498046875
01a0a57e-4c4f-7f82-af6d-66730fad5648,d,C,QB7,8,0,standard_pi_2,7,0.0,-5850000.0,-5.85,578,1024,0.564453125
01a0a57e-4c4f-7f82-af6d-66730fad5648,d,C,QB7,8,0,standard_pi_2,8,0.0,-5400000.0,-5.4,583,1024,0.5693359375
01a0a57e-4c4f-7f82-af6d-66730fad5648,d,C,QB7,8,0,standard_pi_2,9,0.0,-4950000.0,-4.95,544,1024,0.53125
01a0a57e-4c4f-7f82-af6d-66730fad5648,d,C,QB7,8,0,standard_pi_2,10,0.0,-4500000.0,-4.5,559,1024,0.5458984375
01a0a57e-4c4f-7f82-af6d-66730fad5648,d,C,QB7,8,0,standard_pi_2,11,0.0,-4050000.0,-4.05,562,1024,0.548828125
01a0a57e-4c4f-7f82-af6d-66730fad5648,d,C,QB7,8,0,standard_pi_2,12,0.0,-3600000.0,-3.6,547,1024,0.5341796875
01a0a57e-4c4f-7f82-af6d-66730fad5648,d,C,QB7,8,0,standard_pi_2,13,0.0,-3150000.0,-3.15,565,1024,0.5517578125
01a0a57e-4c4f-7f82-af6d-66730fad5648,d,C,QB7,8,0,standard_pi_2,14,0.0,-2700000.0,-2.7,525,1024,0.5126953125
01a0a57e-4c4f-7f82-af6d-66730fad5648,d,C,QB7,8,0,standard_pi_2,15,0.0,-2250000.0,-2.25,573,1024,0.5595703125
01a0a57e-4c4f-7f82-af6d-66730fad5648,d,C,QB7,8,0,standard_pi_2,16,0.0,-1800000.0,-1.8,560,1024,0.546875
01a0a57e-4c4f-7f82-af6d-66730fad5648,d,C,QB7,8,0,standard_pi_2,17,0.0,-1350000.0,-1.35,562,1024,0.548828125
01a0a57e-4c4f-7f82-af6d-66730fad5648,d,C,QB7,8,0,standard_pi_2,18,0.0,-900000.0,-0.9,580,1024,0.56640625
01a0a57e-4c4f-7f82-af6d-66730fad5648,d,C,QB7,8,0,standard_pi_2,19,0.0,-450000.0,-0.45,545,1024,0.5322265625
01a0a57e-4c4f-7f82-af6d-66730fad5648,d,C,QB7,8,0,standard_pi_2,20,0.0,0.0,0.0,553,1024,0.5400390625
01a0a57e-4c4f-7f82-af6d-66730fad5648,d,C,QB7,8,0,standard_pi_2,21,0.0,450000.0,0.45,510,1024,0.498046875
01a0a57e-4c4f-7f82-af6d-66730fad5648,d,C,QB7,8,0,standard_pi_2,22,0.0,900000.0,0.9,557,1024,0.5439453125
01a0a57e-4c4f-7f82-af6d-66730fad5648,d,C,QB7,8,0,standard_pi_2,23,0.0,1350000.0,1.35,545,1024,0.5322265625
01a0a57e-4c4f-7f82-af6d-66730fad5648,d,C,QB7,8,0,standard_pi_2,24,0.0,1800000.0,1.8,542,1024,0.529296875
01a0a57e-4c4f-7f82-af6d-66730fad5648,d,C,QB7,8,0,standard_pi_2,25,0.0,2250000.0,2.25,515,1024,0.5029296875
01a0a57e-4c4f-7f82-af6d-66730fad5648,d,C,QB7,8,0,standard_pi_2,26,0.0,2700000.0,2.7,526,1024,0.513671875
01a0a57e-4c4f-7f82-af6d-66730fad5648,d,C,QB7,8,0,standard_pi_2,27,0.0,3150000.0,3.15,494,1024,0.482421875
01a0a57e-4c4f-7f82-af6d-66730fad5648,d,C,QB7,8,0,standard_pi_2,28,0.0,3600000.0,3.6,550,1024,0.537109375
01a0a57e-4c4f-7f82-af6d-66730fad5648,d,C,QB7,8,0,standard_pi_2,29,0.0,4050000.0,4.05,528,1024,0.515625
01a0a57e-4c4f-7f82-af6d-66730fad5648,d,C,QB7,8,0,standard_pi_2,30,0.0,4500000.0,4.5,517,1024,0.5048828125
01a0a57e-4c4f-7f82-af6d-66730fad5648,d,C,QB7,8,0,standard_pi_2,31,0.0,4950000.0,4.95,521,1024,0.5087890625
01a0a57e-4c4f-7f82-af6d-66730fad5648,d,C,QB7,8,0,standard_pi_2,32,0.0,5400000.0,5.4,511,1024,0.4990234375
01a0a57e-4c4f-7f82-af6d-66730fad5648,d,C,QB7,8,0,standard_pi_2,33,0.0,5850000.0,5.85,490,1024,0.478515625
01a0a57e-4c4f-7f82-af6d-66730fad5648,d,C,QB7,8,0,standard_pi_2,34,0.0,6300000.0,6.3,511,1024,0.4990234375
01a0a57e-4c4f-7f82-af6d-66730fad5648,d,C,QB7,8,0,standard_pi_2,35,0.0,6750000.0,6.75,479,1024,0.4677734375
01a0a57e-4c4f-7f82-af6d-66730fad5648,d,C,QB7,8,0,standard_pi_2,36,0.0,7200000.0,7.2,487,1024,0.4755859375
01a0a57e-4c4f-7f82-af6d-66730fad5648,d,C,QB7,8,0,standard_pi_2,37,0.0,7650000.0,7.65,501,1024,0.4892578125
01a0a57e-4c4f-7f82-af6d-66730fad5648,d,C,QB7,8,0,standard_pi_2,38,0.0,8100000.0,8.1,494,1024,0.482421875
01a0a57e-4c4f-7f82-af6d-66730fad5648,d,C,QB7,8,0,standard_pi_2,39,0.0,8550000.0,8.55,475,1024,0.4638671875
01a0a57e-4c4f-7f82-af6d-66730fad5648,d,C,QB7,8,0,standard_pi_2,40,0.0,9000000.0,9.0,497,1024,0.4853515625
01a0a57e-4c4f-7f82-af6d-66730fad5648,d,C,QB7,8,1,UVH4d,0,0.0,-9000000.0,-9.0,463,1024,0.4521484375
01a0a57e-4c4f-7f82-af6d-66730fad5648,d,C,QB7,8,1,UVH4d,1,0.0,-8550000.0,-8.55,461,1024,0.4501953125
01a0a57e-4c4f-7f82-af6d-66730fad5648,d,C,QB7,8,1,UVH4d,2,0.0,-8100000.0,-8.1,463,1024,0.4521484375
01a0a57e-4c4f-7f82-af6d-66730fad5648,d,C,QB7,8,1,UVH4d,3,0.0,-7650000.0,-7.65,500,1024,0.48828125
01a0a57e-4c4f-7f82-af6d-66730fad5648,d,C,QB7,8,1,UVH4d,4,0.0,-7200000.0,-7.2,487,1024,0.4755859375
01a0a57e-4c4f-7f82-af6d-66730fad5648,d,C,QB7,8,1,UVH4d,5,0.0,-6750000.0,-6.75,499,1024,0.4873046875
01a0a57e-4c4f-7f82-af6d-66730fad5648,d,C,QB7,8,1,UVH4d,6,0.0,-6300000.0,-6.3,493,1024,0.4814453125
01a0a57e-4c4f-7f82-af6d-66730fad5648,d,C,QB7,8,1,UVH4d,7,0.0,-5850000.0,-5.85,518,1024,0.505859375
01a0a57e-4c4f-7f82-af6d-66730fad5648,d,C,QB7,8,1,UVH4d,8,0.0,-5400000.0,-5.4,548,1024,0.53515625
01a0a57e-4c4f-7f82-af6d-66730fad5648,d,C,QB7,8,1,UVH4d,9,0.0,-4950000.0,-4.95,531,1024,0.5185546875
01a0a57e-4c4f-7f82-af6d-66730fad5648,d,C,QB7,8,1,UVH4d,10,0.0,-4500000.0,-4.5,509,1024,0.4970703125
01a0a57e-4c4f-7f82-af6d-66730fad5648,d,C,QB7,8,1,UVH4d,11,0.0,-4050000.0,-4.05,555,1024,0.5419921875
01a0a57e-4c4f-7f82-af6d-66730fad5648,d,C,QB7,8,1,UVH4d,12,0.0,-3600000.0,-3.6,496,1024,0.484375
01a0a57e-4c4f-7f82-af6d-66730fad5648,d,C,QB7,8,1,UVH4d,13,0.0,-3150000.0,-3.15,552,1024,0.5390625
01a0a57e-4c4f-7f82-af6d-66730fad5648,d,C,QB7,8,1,UVH4d,14,0.0,-2700000.0,-2.7,528,1024,0.515625
01a0a57e-4c4f-7f82-af6d-66730fad5648,d,C,QB7,8,1,UVH4d,15,0.0,-2250000.0,-2.25,530,1024,0.517578125
01a0a57e-4c4f-7f82-af6d-66730fad5648,d,C,QB7,8,1,UVH4d,16,0.0,-1800000.0,-1.8,544,1024,0.53125
01a0a57e-4c4f-7f82-af6d-66730fad5648,d,C,QB7,8,1,UVH4d,17,0.0,-1350000.0,-1.35,515,1024,0.5029296875
01a0a57e-4c4f-7f82-af6d-66730fad5648,d,C,QB7,8,1,UVH4d,18,0.0,-900000.0,-0.9,528,1024,0.515625
01a0a57e-4c4f-7f82-af6d-66730fad5648,d,C,QB7,8,1,UVH4d,19,0.0,-450000.0,-0.45,516,1024,0.50390625
01a0a57e-4c4f-7f82-af6d-66730fad5648,d,C,QB7,8,1,UVH4d,20,0.0,0.0,0.0,521,1024,0.5087890625
01a0a57e-4c4f-7f82-af6d-66730fad5648,d,C,QB7,8,1,UVH4d,21,0.0,450000.0,0.45,500,1024,0.48828125
01a0a57e-4c4f-7f82-af6d-66730fad5648,d,C,QB7,8,1,UVH4d,22,0.0,900000.0,0.9,487,1024,0.4755859375
01a0a57e-4c4f-7f82-af6d-66730fad5648,d,C,QB7,8,1,UVH4d,23,0.0,1350000.0,1.35,484,1024,0.47265625
01a0a57e-4c4f-7f82-af6d-66730fad5648,d,C,QB7,8,1,UVH4d,24,0.0,1800000.0,1.8,530,1024,0.517578125
01a0a57e-4c4f-7f82-af6d-66730fad5648,d,C,QB7,8,1,UVH4d,25,0.0,2250000.0,2.25,514,1024,0.501953125
01a0a57e-4c4f-7f82-af6d-66730fad5648,d,C,QB7,8,1,UVH4d,26,0.0,2700000.0,2.7,526,1024,0.513671875
01a0a57e-4c4f-7f82-af6d-66730fad5648,d,C,QB7,8,1,UVH4d,27,0.0,3150000.0,3.15,518,1024,0.505859375
01a0a57e-4c4f-7f82-af6d-66730fad5648,d,C,QB7,8,1,UVH4d,28,0.0,3600000.0,3.6,522,1024,0.509765625
01a0a57e-4c4f-7f82-af6d-66730fad5648,d,C,QB7,8,1,UVH4d,29,0.0,4050000.0,4.05,534,1024,0.521484375
01a0a57e-4c4f-7f82-af6d-66730fad5648,d,C,QB7,8,1,UVH4d,30,0.0,4500000.0,4.5,566,1024,0.552734375
01a0a57e-4c4f-7f82-af6d-66730fad5648,d,C,QB7,8,1,UVH4d,31,0.0,4950000.0,4.95,551,1024,0.5380859375
01a0a57e-4c4f-7f82-af6d-66730fad5648,d,C,QB7,8,1,UVH4d,32,0.0,5400000.0,5.4,605,1024,0.5908203125
01a0a57e-4c4f-7f82-af6d-66730fad5648,d,C,QB7,8,1,UVH4d,33,0.0,5850000.0,5.85,573,1024,0.5595703125
01a0a57e-4c4f-7f82-af6d-66730fad5648,d,C,QB7,8,1,UVH4d,34,0.0,6300000.0,6.3,613,1024,0.5986328125
01a0a57e-4c4f-7f82-af6d-66730fad5648,d,C,QB7,8,1,UVH4d,35,0.0,6750000.0,6.75,653,1024,0.6376953125
01a0a57e-4c4f-7f82-af6d-66730fad5648,d,C,QB7,8,1,UVH4d,36,0.0,7200000.0,7.2,656,1024,0.640625
01a0a57e-4c4f-7f82-af6d-66730fad5648,d,C,QB7,8,1,UVH4d,37,0.0,7650000.0,7.65,689,1024,0.6728515625
01a0a57e-4c4f-7f82-af6d-66730fad5648,d,C,QB7,8,1,UVH4d,38,0.0,8100000.0,8.1,735,1024,0.7177734375
01a0a57e-4c4f-7f82-af6d-66730fad5648,d,C,QB7,8,1,UVH4d,39,0.0,8550000.0,8.55,701,1024,0.6845703125
01a0a57e-4c4f-7f82-af6d-66730fad5648,d,C,QB7,8,1,UVH4d,40,0.0,9000000.0,9.0,763,1024,0.7451171875
01a0a57e-4c4f-7f82-af6d-66730fad5648,d,C,QB7,8,2,UVH5d,0,0.0,-9000000.0,-9.0,116,1024,0.11328125
01a0a57e-4c4f-7f82-af6d-66730fad5648,d,C,QB7,8,2,UVH5d,1,0.0,-8550000.0,-8.55,156,1024,0.15234375
01a0a57e-4c4f-7f82-af6d-66730fad5648,d,C,QB7,8,2,UVH5d,2,0.0,-8100000.0,-8.1,188,1024,0.18359375
01a0a57e-4c4f-7f82-af6d-66730fad5648,d,C,QB7,8,2,UVH5d,3,0.0,-7650000.0,-7.65,215,1024,0.2099609375
01a0a57e-4c4f-7f82-af6d-66730fad5648,d,C,QB7,8,2,UVH5d,4,0.0,-7200000.0,-7.2,262,1024,0.255859375
01a0a57e-4c4f-7f82-af6d-66730fad5648,d,C,QB7,8,2,UVH5d,5,0.0,-6750000.0,-6.75,276,1024,0.26953125
01a0a57e-4c4f-7f82-af6d-66730fad5648,d,C,QB7,8,2,UVH5d,6,0.0,-6300000.0,-6.3,346,1024,0.337890625
01a0a57e-4c4f-7f82-af6d-66730fad5648,d,C,QB7,8,2,UVH5d,7,0.0,-5850000.0,-5.85,356,1024,0.34765625
01a0a57e-4c4f-7f82-af6d-66730fad5648,d,C,QB7,8,2,UVH5d,8,0.0,-5400000.0,-5.4,404,1024,0.39453125
01a0a57e-4c4f-7f82-af6d-66730fad5648,d,C,QB7,8,2,UVH5d,9,0.0,-4950000.0,-4.95,414,1024,0.404296875
01a0a57e-4c4f-7f82-af6d-66730fad5648,d,C,QB7,8,2,UVH5d,10,0.0,-4500000.0,-4.5,457,1024,0.4462890625
01a0a57e-4c4f-7f82-af6d-66730fad5648,d,C,QB7,8,2,UVH5d,11,0.0,-4050000.0,-4.05,503,1024,0.4912109375
01a0a57e-4c4f-7f82-af6d-66730fad5648,d,C,QB7,8,2,UVH5d,12,0.0,-3600000.0,-3.6,513,1024,0.5009765625
01a0a57e-4c4f-7f82-af6d-66730fad5648,d,C,QB7,8,2,UVH5d,13,0.0,-3150000.0,-3.15,538,1024,0.525390625
01a0a57e-4c4f-7f82-af6d-66730fad5648,d,C,QB7,8,2,UVH5d,14,0.0,-2700000.0,-2.7,564,1024,0.55078125
01a0a57e-4c4f-7f82-af6d-66730fad5648,d,C,QB7,8,2,UVH5d,15,0.0,-2250000.0,-2.25,544,1024,0.53125
01a0a57e-4c4f-7f82-af6d-66730fad5648,d,C,QB7,8,2,UVH5d,16,0.0,-1800000.0,-1.8,577,1024,0.5634765625
01a0a57e-4c4f-7f82-af6d-66730fad5648,d,C,QB7,8,2,UVH5d,17,0.0,-1350000.0,-1.35,576,1024,0.5625
01a0a57e-4c4f-7f82-af6d-66730fad5648,d,C,QB7,8,2,UVH5d,18,0.0,-900000.0,-0.9,604,1024,0.58984375
01a0a57e-4c4f-7f82-af6d-66730fad5648,d,C,QB7,8,2,UVH5d,19,0.0,-450000.0,-0.45,588,1024,0.57421875
01a0a57e-4c4f-7f82-af6d-66730fad5648,d,C,QB7,8,2,UVH5d,20,0.0,0.0,0.0,606,1024,0.591796875
01a0a57e-4c4f-7f82-af6d-66730fad5648,d,C,QB7,8,2,UVH5d,21,0.0,450000.0,0.45,593,1024,0.5791015625
01a0a57e-4c4f-7f82-af6d-66730fad5648,d,C,QB7,8,2,UVH5d,22,0.0,900000.0,0.9,597,1024,0.5830078125
01a0a57e-4c4f-7f82-af6d-66730fad5648,d,C,QB7,8,2,UVH5d,23,0.0,1350000.0,1.35,591,1024,0.5771484375
01a0a57e-4c4f-7f82-af6d-66730fad5648,d,C,QB7,8,2,UVH5d,24,0.0,1800000.0,1.8,561,1024,0.5478515625
01a0a57e-4c4f-7f82-af6d-66730fad5648,d,C,QB7,8,2,UVH5d,25,0.0,2250000.0,2.25,572,1024,0.55859375
01a0a57e-4c4f-7f82-af6d-66730fad5648,d,C,QB7,8,2,UVH5d,26,0.0,2700000.0,2.7,544,1024,0.53125
01a0a57e-4c4f-7f82-af6d-66730fad5648,d,C,QB7,8,2,UVH5d,27,0.0,3150000.0,3.15,559,1024,0.5458984375
01a0a57e-4c4f-7f82-af6d-66730fad5648,d,C,QB7,8,2,UVH5d,28,0.0,3600000.0,3.6,532,1024,0.51953125
01a0a57e-4c4f-7f82-af6d-66730fad5648,d,C,QB7,8,2,UVH5d,29,0.0,4050000.0,4.05,545,1024,0.5322265625
01a0a57e-4c4f-7f82-af6d-66730fad5648,d,C,QB7,8,2,UVH5d,30,0.0,4500000.0,4.5,554,1024,0.541015625
01a0a57e-4c4f-7f82-af6d-66730fad5648,d,C,QB7,8,2,UVH5d,31,0.0,4950000.0,4.95,602,1024,0.587890625
01a0a57e-4c4f-7f82-af6d-66730fad5648,d,C,QB7,8,2,UVH5d,32,0.0,5400000.0,5.4,569,1024,0.5556640625
01a0a57e-4c4f-7f82-af6d-66730fad5648,d,C,QB7,8,2,UVH5d,33,0.0,5850000.0,5.85,621,1024,0.6064453125
01a0a57e-4c4f-7f82-af6d-66730fad5648,d,C,QB7,8,2,UVH5d,34,0.0,6300000.0,6.3,615,1024,0.6005859375
01a0a57e-4c4f-7f82-af6d-66730fad5648,d,C,QB7,8,2,UVH5d,35,0.0,6750000.0,6.75,599,1024,0.5849609375
01a0a57e-4c4f-7f82-af6d-66730fad5648,d,C,QB7,8,2,UVH5d,36,0.0,7200000.0,7.2,636,1024,0.62109375
01a0a57e-4c4f-7f82-af6d-66730fad5648,d,C,QB7,8,2,UVH5d,37,0.0,7650000.0,7.65,658,1024,0.642578125
01a0a57e-4c4f-7f82-af6d-66730fad5648,d,C,QB7,8,2,UVH5d,38,0.0,8100000.0,8.1,661,1024,0.6455078125
01a0a57e-4c4f-7f82-af6d-66730fad5648,d,C,QB7,8,2,UVH5d,39,0.0,8550000.0,8.55,635,1024,0.6201171875
01a0a57e-4c4f-7f82-af6d-66730fad5648,d,C,QB7,8,2,UVH5d,40,0.0,9000000.0,9.0,650,1024,0.634765625
01a0a57e-4c4f-7f82-af6d-66730fad5648,d,C,QB7,8,3,UVH6d,0,0.0,-9000000.0,-9.0,594,1024,0.580078125
01a0a57e-4c4f-7f82-af6d-66730fad5648,d,C,QB7,8,3,UVH6d,1,0.0,-8550000.0,-8.55,591,1024,0.5771484375
01a0a57e-4c4f-7f82-af6d-66730fad5648,d,C,QB7,8,3,UVH6d,2,0.0,-8100000.0,-8.1,582,1024,0.568359375
01a0a57e-4c4f-7f82-af6d-66730fad5648,d,C,QB7,8,3,UVH6d,3,0.0,-7650000.0,-7.65,569,1024,0.5556640625
01a0a57e-4c4f-7f82-af6d-66730fad5648,d,C,QB7,8,3,UVH6d,4,0.0,-7200000.0,-7.2,545,1024,0.5322265625
01a0a57e-4c4f-7f82-af6d-66730fad5648,d,C,QB7,8,3,UVH6d,5,0.0,-6750000.0,-6.75,576,1024,0.5625
01a0a57e-4c4f-7f82-af6d-66730fad5648,d,C,QB7,8,3,UVH6d,6,0.0,-6300000.0,-6.3,536,1024,0.5234375
01a0a57e-4c4f-7f82-af6d-66730fad5648,d,C,QB7,8,3,UVH6d,7,0.0,-5850000.0,-5.85,506,1024,0.494140625
01a0a57e-4c4f-7f82-af6d-66730fad5648,d,C,QB7,8,3,UVH6d,8,0.0,-5400000.0,-5.4,521,1024,0.5087890625
01a0a57e-4c4f-7f82-af6d-66730fad5648,d,C,QB7,8,3,UVH6d,9,0.0,-4950000.0,-4.95,508,1024,0.49609375
01a0a57e-4c4f-7f82-af6d-66730fad5648,d,C,QB7,8,3,UVH6d,10,0.0,-4500000.0,-4.5,498,1024,0.486328125
01a0a57e-4c4f-7f82-af6d-66730fad5648,d,C,QB7,8,3,UVH6d,11,0.0,-4050000.0,-4.05,508,1024,0.49609375
01a0a57e-4c4f-7f82-af6d-66730fad5648,d,C,QB7,8,3,UVH6d,12,0.0,-3600000.0,-3.6,503,1024,0.4912109375
01a0a57e-4c4f-7f82-af6d-66730fad5648,d,C,QB7,8,3,UVH6d,13,0.0,-3150000.0,-3.15,474,1024,0.462890625
01a0a57e-4c4f-7f82-af6d-66730fad5648,d,C,QB7,8,3,UVH6d,14,0.0,-2700000.0,-2.7,509,1024,0.4970703125
01a0a57e-4c4f-7f82-af6d-66730fad5648,d,C,QB7,8,3,UVH6d,15,0.0,-2250000.0,-2.25,513,1024,0.5009765625
01a0a57e-4c4f-7f82-af6d-66730fad5648,d,C,QB7,8,3,UVH6d,16,0.0,-1800000.0,-1.8,515,1024,0.5029296875
01a0a57e-4c4f-7f82-af6d-66730fad5648,d,C,QB7,8,3,UVH6d,17,0.0,-1350000.0,-1.35,496,1024,0.484375
01a0a57e-4c4f-7f82-af6d-66730fad5648,d,C,QB7,8,3,UVH6d,18,0.0,-900000.0,-0.9,486,1024,0.474609375
01a0a57e-4c4f-7f82-af6d-66730fad5648,d,C,QB7,8,3,UVH6d,19,0.0,-450000.0,-0.45,510,1024,0.498046875
01a0a57e-4c4f-7f82-af6d-66730fad5648,d,C,QB7,8,3,UVH6d,20,0.0,0.0,0.0,510,1024,0.498046875
01a0a57e-4c4f-7f82-af6d-66730fad5648,d,C,QB7,8,3,UVH6d,21,0.0,450000.0,0.45,507,1024,0.4951171875
01a0a57e-4c4f-7f82-af6d-66730fad5648,d,C,QB7,8,3,UVH6d,22,0.0,900000.0,0.9,491,1024,0.4794921875
01a0a57e-4c4f-7f82-af6d-66730fad5648,d,C,QB7,8,3,UVH6d,23,0.0,1350000.0,1.35,502,1024,0.490234375
01a0a57e-4c4f-7f82-af6d-66730fad5648,d,C,QB7,8,3,UVH6d,24,0.0,1800000.0,1.8,507,1024,0.4951171875
01a0a57e-4c4f-7f82-af6d-66730fad5648,d,C,QB7,8,3,UVH6d,25,0.0,2250000.0,2.25,473,1024,0.4619140625
01a0a57e-4c4f-7f82-af6d-66730fad5648,d,C,QB7,8,3,UVH6d,26,0.0,2700000.0,2.7,503,1024,0.4912109375
01a0a57e-4c4f-7f82-af6d-66730fad5648,d,C,QB7,8,3,UVH6d,27,0.0,3150000.0,3.15,476,1024,0.46484375
01a0a57e-4c4f-7f82-af6d-66730fad5648,d,C,QB7,8,3,UVH6d,28,0.0,3600000.0,3.6,472,1024,0.4609375
01a0a57e-4c4f-7f82-af6d-66730fad5648,d,C,QB7,8,3,UVH6d,29,0.0,4050000.0,4.05,487,1024,0.4755859375
01a0a57e-4c4f-7f82-af6d-66730fad5648,d,C,QB7,8,3,UVH6d,30,0.0,4500000.0,4.5,466,1024,0.455078125
01a0a57e-4c4f-7f82-af6d-66730fad5648,d,C,QB7,8,3,UVH6d,31,0.0,4950000.0,4.95,446,1024,0.435546875
01a0a57e-4c4f-7f82-af6d-66730fad5648,d,C,QB7,8,3,UVH6d,32,0.0,5400000.0,5.4,468,1024,0.45703125
01a0a57e-4c4f-7f82-af6d-66730fad5648,d,C,QB7,8,3,UVH6d,33,0.0,5850000.0,5.85,468,1024,0.45703125
01a0a57e-4c4f-7f82-af6d-66730fad5648,d,C,QB7,8,3,UVH6d,34,0.0,6300000.0,6.3,455,1024,0.4443359375
01a0a57e-4c4f-7f82-af6d-66730fad5648,d,C,QB7,8,3,UVH6d,35,0.0,6750000.0,6.75,429,1024,0.4189453125
01a0a57e-4c4f-7f82-af6d-66730fad5648,d,C,QB7,8,3,UVH6d,36,0.0,7200000.0,7.2,463,1024,0.4521484375
01a0a57e-4c4f-7f82-af6d-66730fad5648,d,C,QB7,8,3,UVH6d,37,0.0,7650000.0,7.65,465,1024,0.4541015625
01a0a57e-4c4f-7f82-af6d-66730fad5648,d,C,QB7,8,3,UVH6d,38,0.0,8100000.0,8.1,454,1024,0.443359375
01a0a57e-4c4f-7f82-af6d-66730fad5648,d,C,QB7,8,3,UVH6d,39,0.0,8550000.0,8.55,466,1024,0.455078125
01a0a57e-4c4f-7f82-af6d-66730fad5648,d,C,QB7,8,3,UVH6d,40,0.0,9000000.0,9.0,490,1024,0.478515625
01a0a57e-4c4f-7f82-af6d-66730fad5648,d,C,QB7,8,4,UVH7d,0,0.0,-9000000.0,-9.0,422,1024,0.412109375
01a0a57e-4c4f-7f82-af6d-66730fad5648,d,C,QB7,8,4,UVH7d,1,0.0,-8550000.0,-8.55,401,1024,0.3916015625
01a0a57e-4c4f-7f82-af6d-66730fad5648,d,C,QB7,8,4,UVH7d,2,0.0,-8100000.0,-8.1,417,1024,0.4072265625
01a0a57e-4c4f-7f82-af6d-66730fad5648,d,C,QB7,8,4,UVH7d,3,0.0,-7650000.0,-7.65,420,1024,0.41015625
01a0a57e-4c4f-7f82-af6d-66730fad5648,d,C,QB7,8,4,UVH7d,4,0.0,-7200000.0,-7.2,419,1024,0.4091796875
01a0a57e-4c4f-7f82-af6d-66730fad5648,d,C,QB7,8,4,UVH7d,5,0.0,-6750000.0,-6.75,417,1024,0.4072265625
01a0a57e-4c4f-7f82-af6d-66730fad5648,d,C,QB7,8,4,UVH7d,6,0.0,-6300000.0,-6.3,430,1024,0.419921875
01a0a57e-4c4f-7f82-af6d-66730fad5648,d,C,QB7,8,4,UVH7d,7,0.0,-5850000.0,-5.85,398,1024,0.388671875
01a0a57e-4c4f-7f82-af6d-66730fad5648,d,C,QB7,8,4,UVH7d,8,0.0,-5400000.0,-5.4,409,1024,0.3994140625
01a0a57e-4c4f-7f82-af6d-66730fad5648,d,C,QB7,8,4,UVH7d,9,0.0,-4950000.0,-4.95,440,1024,0.4296875
01a0a57e-4c4f-7f82-af6d-66730fad5648,d,C,QB7,8,4,UVH7d,10,0.0,-4500000.0,-4.5,393,1024,0.3837890625
01a0a57e-4c4f-7f82-af6d-66730fad5648,d,C,QB7,8,4,UVH7d,11,0.0,-4050000.0,-4.05,389,1024,0.3798828125
01a0a57e-4c4f-7f82-af6d-66730fad5648,d,C,QB7,8,4,UVH7d,12,0.0,-3600000.0,-3.6,372,1024,0.36328125
01a0a57e-4c4f-7f82-af6d-66730fad5648,d,C,QB7,8,4,UVH7d,13,0.0,-3150000.0,-3.15,413,1024,0.4033203125
01a0a57e-4c4f-7f82-af6d-66730fad5648,d,C,QB7,8,4,UVH7d,14,0.0,-2700000.0,-2.7,400,1024,0.390625
01a0a57e-4c4f-7f82-af6d-66730fad5648,d,C,QB7,8,4,UVH7d,15,0.0,-2250000.0,-2.25,417,1024,0.4072265625
01a0a57e-4c4f-7f82-af6d-66730fad5648,d,C,QB7,8,4,UVH7d,16,0.0,-1800000.0,-1.8,393,1024,0.3837890625
01a0a57e-4c4f-7f82-af6d-66730fad5648,d,C,QB7,8,4,UVH7d,17,0.0,-1350000.0,-1.35,411,1024,0.4013671875
01a0a57e-4c4f-7f82-af6d-66730fad5648,d,C,QB7,8,4,UVH7d,18,0.0,-900000.0,-0.9,392,1024,0.3828125
01a0a57e-4c4f-7f82-af6d-66730fad5648,d,C,QB7,8,4,UVH7d,19,0.0,-450000.0,-0.45,376,1024,0.3671875
01a0a57e-4c4f-7f82-af6d-66730fad5648,d,C,QB7,8,4,UVH7d,20,0.0,0.0,0.0,381,1024,0.3720703125
01a0a57e-4c4f-7f82-af6d-66730fad5648,d,C,QB7,8,4,UVH7d,21,0.0,450000.0,0.45,422,1024,0.412109375
01a0a57e-4c4f-7f82-af6d-66730fad5648,d,C,QB7,8,4,UVH7d,22,0.0,900000.0,0.9,391,1024,0.3818359375
01a0a57e-4c4f-7f82-af6d-66730fad5648,d,C,QB7,8,4,UVH7d,23,0.0,1350000.0,1.35,430,1024,0.419921875
01a0a57e-4c4f-7f82-af6d-66730fad5648,d,C,QB7,8,4,UVH7d,24,0.0,1800000.0,1.8,404,1024,0.39453125
01a0a57e-4c4f-7f82-af6d-66730fad5648,d,C,QB7,8,4,UVH7d,25,0.0,2250000.0,2.25,424,1024,0.4140625
01a0a57e-4c4f-7f82-af6d-66730fad5648,d,C,QB7,8,4,UVH7d,26,0.0,2700000.0,2.7,441,1024,0.4306640625
01a0a57e-4c4f-7f82-af6d-66730fad5648,d,C,QB7,8,4,UVH7d,27,0.0,3150000.0,3.15,423,1024,0.4130859375
01a0a57e-4c4f-7f82-af6d-66730fad5648,d,C,QB7,8,4,UVH7d,28,0.0,3600000.0,3.6,447,1024,0.4365234375
01a0a57e-4c4f-7f82-af6d-66730fad5648,d,C,QB7,8,4,UVH7d,29,0.0,4050000.0,4.05,433,1024,0.4228515625
01a0a57e-4c4f-7f82-af6d-66730fad5648,d,C,QB7,8,4,UVH7d,30,0.0,4500000.0,4.5,415,1024,0.4052734375
01a0a57e-4c4f-7f82-af6d-66730fad5648,d,C,QB7,8,4,UVH7d,31,0.0,4950000.0,4.95,449,1024,0.4384765625
01a0a57e-4c4f-7f82-af6d-66730fad5648,d,C,QB7,8,4,UVH7d,32,0.0,5400000.0,5.4,410,1024,0.400390625
01a0a57e-4c4f-7f82-af6d-66730fad5648,d,C,QB7,8,4,UVH7d,33,0.0,5850000.0,5.85,396,1024,0.38671875
01a0a57e-4c4f-7f82-af6d-66730fad5648,d,C,QB7,8,4,UVH7d,34,0.0,6300000.0,6.3,417,1024,0.4072265625
01a0a57e-4c4f-7f82-af6d-66730fad5648,d,C,QB7,8,4,UVH7d,35,0.0,6750000.0,6.75,390,1024,0.380859375
01a0a57e-4c4f-7f82-af6d-66730fad5648,d,C,QB7,8,4,UVH7d,36,0.0,7200000.0,7.2,387,1024,0.3779296875
01a0a57e-4c4f-7f82-af6d-66730fad5648,d,C,QB7,8,4,UVH7d,37,0.0,7650000.0,7.65,336,1024,0.328125
01a0a57e-4c4f-7f82-af6d-66730fad5648,d,C,QB7,8,4,UVH7d,38,0.0,8100000.0,8.1,324,1024,0.31640625
01a0a57e-4c4f-7f82-af6d-66730fad5648,d,C,QB7,8,4,UVH7d,39,0.0,8550000.0,8.55,325,1024,0.3173828125
01a0a57e-4c4f-7f82-af6d-66730fad5648,d,C,QB7,8,4,UVH7d,40,0.0,9000000.0,9.0,272,1024,0.265625
01a0a57e-4c4f-7f82-af6d-66730fad5648,d,C,QB7,8,5,UVH8d,0,0.0,-9000000.0,-9.0,689,1024,0.6728515625
01a0a57e-4c4f-7f82-af6d-66730fad5648,d,C,QB7,8,5,UVH8d,1,0.0,-8550000.0,-8.55,651,1024,0.6357421875
01a0a57e-4c4f-7f82-af6d-66730fad5648,d,C,QB7,8,5,UVH8d,2,0.0,-8100000.0,-8.1,691,1024,0.6748046875
01a0a57e-4c4f-7f82-af6d-66730fad5648,d,C,QB7,8,5,UVH8d,3,0.0,-7650000.0,-7.65,639,1024,0.6240234375
01a0a57e-4c4f-7f82-af6d-66730fad5648,d,C,QB7,8,5,UVH8d,4,0.0,-7200000.0,-7.2,642,1024,0.626953125
01a0a57e-4c4f-7f82-af6d-66730fad5648,d,C,QB7,8,5,UVH8d,5,0.0,-6750000.0,-6.75,634,1024,0.619140625
01a0a57e-4c4f-7f82-af6d-66730fad5648,d,C,QB7,8,5,UVH8d,6,0.0,-6300000.0,-6.3,587,1024,0.5732421875
01a0a57e-4c4f-7f82-af6d-66730fad5648,d,C,QB7,8,5,UVH8d,7,0.0,-5850000.0,-5.85,614,1024,0.599609375
01a0a57e-4c4f-7f82-af6d-66730fad5648,d,C,QB7,8,5,UVH8d,8,0.0,-5400000.0,-5.4,583,1024,0.5693359375
01a0a57e-4c4f-7f82-af6d-66730fad5648,d,C,QB7,8,5,UVH8d,9,0.0,-4950000.0,-4.95,612,1024,0.59765625
01a0a57e-4c4f-7f82-af6d-66730fad5648,d,C,QB7,8,5,UVH8d,10,0.0,-4500000.0,-4.5,589,1024,0.5751953125
01a0a57e-4c4f-7f82-af6d-66730fad5648,d,C,QB7,8,5,UVH8d,11,0.0,-4050000.0,-4.05,565,1024,0.5517578125
01a0a57e-4c4f-7f82-af6d-66730fad5648,d,C,QB7,8,5,UVH8d,12,0.0,-3600000.0,-3.6,579,1024,0.5654296875
01a0a57e-4c4f-7f82-af6d-66730fad5648,d,C,QB7,8,5,UVH8d,13,0.0,-3150000.0,-3.15,581,1024,0.5673828125
01a0a57e-4c4f-7f82-af6d-66730fad5648,d,C,QB7,8,5,UVH8d,14,0.0,-2700000.0,-2.7,568,1024,0.5546875
01a0a57e-4c4f-7f82-af6d-66730fad5648,d,C,QB7,8,5,UVH8d,15,0.0,-2250000.0,-2.25,547,1024,0.5341796875
01a0a57e-4c4f-7f82-af6d-66730fad5648,d,C,QB7,8,5,UVH8d,16,0.0,-1800000.0,-1.8,567,1024,0.5537109375
01a0a57e-4c4f-7f82-af6d-66730fad5648,d,C,QB7,8,5,UVH8d,17,0.0,-1350000.0,-1.35,567,1024,0.5537109375
01a0a57e-4c4f-7f82-af6d-66730fad5648,d,C,QB7,8,5,UVH8d,18,0.0,-900000.0,-0.9,565,1024,0.5517578125
01a0a57e-4c4f-7f82-af6d-66730fad5648,d,C,QB7,8,5,UVH8d,19,0.0,-450000.0,-0.45,573,1024,0.5595703125
01a0a57e-4c4f-7f82-af6d-66730fad5648,d,C,QB7,8,5,UVH8d,20,0.0,0.0,0.0,591,1024,0.5771484375
01a0a57e-4c4f-7f82-af6d-66730fad5648,d,C,QB7,8,5,UVH8d,21,0.0,450000.0,0.45,605,1024,0.5908203125
01a0a57e-4c4f-7f82-af6d-66730fad5648,d,C,QB7,8,5,UVH8d,22,0.0,900000.0,0.9,607,1024,0.5927734375
01a0a57e-4c4f-7f82-af6d-66730fad5648,d,C,QB7,8,5,UVH8d,23,0.0,1350000.0,1.35,593,1024,0.5791015625
01a0a57e-4c4f-7f82-af6d-66730fad5648,d,C,QB7,8,5,UVH8d,24,0.0,1800000.0,1.8,616,1024,0.6015625
01a0a57e-4c4f-7f82-af6d-66730fad5648,d,C,QB7,8,5,UVH8d,25,0.0,2250000.0,2.25,577,1024,0.5634765625
01a0a57e-4c4f-7f82-af6d-66730fad5648,d,C,QB7,8,5,UVH8d,26,0.0,2700000.0,2.7,594,1024,0.580078125
01a0a57e-4c4f-7f82-af6d-66730fad5648,d,C,QB7,8,5,UVH8d,27,0.0,3150000.0,3.15,625,1024,0.6103515625
01a0a57e-4c4f-7f82-af6d-66730fad5648,d,C,QB7,8,5,UVH8d,28,0.0,3600000.0,3.6,588,1024,0.57421875
01a0a57e-4c4f-7f82-af6d-66730fad5648,d,C,QB7,8,5,UVH8d,29,0.0,4050000.0,4.05,588,1024,0.57421875
01a0a57e-4c4f-7f82-af6d-66730fad5648,d,C,QB7,8,5,UVH8d,30,0.0,4500000.0,4.5,602,1024,0.587890625
01a0a57e-4c4f-7f82-af6d-66730fad5648,d,C,QB7,8,5,UVH8d,31,0.0,4950000.0,4.95,612,1024,0.59765625
01a0a57e-4c4f-7f82-af6d-66730fad5648,d,C,QB7,8,5,UVH8d,32,0.0,5400000.0,5.4,600,1024,0.5859375
01a0a57e-4c4f-7f82-af6d-66730fad5648,d,C,QB7,8,5,UVH8d,33,0.0,5850000.0,5.85,653,1024,0.6376953125
01a0a57e-4c4f-7f82-af6d-66730fad5648,d,C,QB7,8,5,UVH8d,34,0.0,6300000.0,6.3,612,1024,0.59765625
01a0a57e-4c4f-7f82-af6d-66730fad5648,d,C,QB7,8,5,UVH8d,35,0.0,6750000.0,6.75,622,1024,0.607421875
01a0a57e-4c4f-7f82-af6d-66730fad5648,d,C,QB7,8,5,UVH8d,36,0.0,7200000.0,7.2,628,1024,0.61328125
01a0a57e-4c4f-7f82-af6d-66730fad5648,d,C,QB7,8,5,UVH8d,37,0.0,7650000.0,7.65,587,1024,0.5732421875
01a0a57e-4c4f-7f82-af6d-66730fad5648,d,C,QB7,8,5,UVH8d,38,0.0,8100000.0,8.1,628,1024,0.61328125
01a0a57e-4c4f-7f82-af6d-66730fad5648,d,C,QB7,8,5,UVH8d,39,0.0,8550000.0,8.55,600,1024,0.5859375
01a0a57e-4c4f-7f82-af6d-66730fad5648,d,C,QB7,8,5,UVH8d,40,0.0,9000000.0,9.0,612,1024,0.59765625
01a0a57e-4c4f-7f82-af6d-66730fad5648,d,C,QB13,9,0,standard_pi_2,0,0.0,-9000000.0,-9.0,514,1024,0.501953125
01a0a57e-4c4f-7f82-af6d-66730fad5648,d,C,QB13,9,0,standard_pi_2,1,0.0,-8550000.0,-8.55,538,1024,0.525390625
01a0a57e-4c4f-7f82-af6d-66730fad5648,d,C,QB13,9,0,standard_pi_2,2,0.0,-8100000.0,-8.1,514,1024,0.501953125
01a0a57e-4c4f-7f82-af6d-66730fad5648,d,C,QB13,9,0,standard_pi_2,3,0.0,-7650000.0,-7.65,518,1024,0.505859375
01a0a57e-4c4f-7f82-af6d-66730fad5648,d,C,QB13,9,0,standard_pi_2,4,0.0,-7200000.0,-7.2,531,1024,0.5185546875
01a0a57e-4c4f-7f82-af6d-66730fad5648,d,C,QB13,9,0,standard_pi_2,5,0.0,-6750000.0,-6.75,553,1024,0.5400390625
01a0a57e-4c4f-7f82-af6d-66730fad5648,d,C,QB13,9,0,standard_pi_2,6,0.0,-6300000.0,-6.3,526,1024,0.513671875
01a0a57e-4c4f-7f82-af6d-66730fad5648,d,C,QB13,9,0,standard_pi_2,7,0.0,-5850000.0,-5.85,509,1024,0.4970703125
01a0a57e-4c4f-7f82-af6d-66730fad5648,d,C,QB13,9,0,standard_pi_2,8,0.0,-5400000.0,-5.4,520,1024,0.5078125
01a0a57e-4c4f-7f82-af6d-66730fad5648,d,C,QB13,9,0,standard_pi_2,9,0.0,-4950000.0,-4.95,531,1024,0.5185546875
01a0a57e-4c4f-7f82-af6d-66730fad5648,d,C,QB13,9,0,standard_pi_2,10,0.0,-4500000.0,-4.5,542,1024,0.529296875
01a0a57e-4c4f-7f82-af6d-66730fad5648,d,C,QB13,9,0,standard_pi_2,11,0.0,-4050000.0,-4.05,507,1024,0.4951171875
01a0a57e-4c4f-7f82-af6d-66730fad5648,d,C,QB13,9,0,standard_pi_2,12,0.0,-3600000.0,-3.6,519,1024,0.5068359375
01a0a57e-4c4f-7f82-af6d-66730fad5648,d,C,QB13,9,0,standard_pi_2,13,0.0,-3150000.0,-3.15,544,1024,0.53125
01a0a57e-4c4f-7f82-af6d-66730fad5648,d,C,QB13,9,0,standard_pi_2,14,0.0,-2700000.0,-2.7,491,1024,0.4794921875
01a0a57e-4c4f-7f82-af6d-66730fad5648,d,C,QB13,9,0,standard_pi_2,15,0.0,-2250000.0,-2.25,484,1024,0.47265625
01a0a57e-4c4f-7f82-af6d-66730fad5648,d,C,QB13,9,0,standard_pi_2,16,0.0,-1800000.0,-1.8,498,1024,0.486328125
01a0a57e-4c4f-7f82-af6d-66730fad5648,d,C,QB13,9,0,standard_pi_2,17,0.0,-1350000.0,-1.35,531,1024,0.5185546875
01a0a57e-4c4f-7f82-af6d-66730fad5648,d,C,QB13,9,0,standard_pi_2,18,0.0,-900000.0,-0.9,482,1024,0.470703125
01a0a57e-4c4f-7f82-af6d-66730fad5648,d,C,QB13,9,0,standard_pi_2,19,0.0,-450000.0,-0.45,520,1024,0.5078125
01a0a57e-4c4f-7f82-af6d-66730fad5648,d,C,QB13,9,0,standard_pi_2,20,0.0,0.0,0.0,482,1024,0.470703125
01a0a57e-4c4f-7f82-af6d-66730fad5648,d,C,QB13,9,0,standard_pi_2,21,0.0,450000.0,0.45,509,1024,0.4970703125
01a0a57e-4c4f-7f82-af6d-66730fad5648,d,C,QB13,9,0,standard_pi_2,22,0.0,900000.0,0.9,457,1024,0.4462890625
01a0a57e-4c4f-7f82-af6d-66730fad5648,d,C,QB13,9,0,standard_pi_2,23,0.0,1350000.0,1.35,482,1024,0.470703125
01a0a57e-4c4f-7f82-af6d-66730fad5648,d,C,QB13,9,0,standard_pi_2,24,0.0,1800000.0,1.8,464,1024,0.453125
01a0a57e-4c4f-7f82-af6d-66730fad5648,d,C,QB13,9,0,standard_pi_2,25,0.0,2250000.0,2.25,474,1024,0.462890625
01a0a57e-4c4f-7f82-af6d-66730fad5648,d,C,QB13,9,0,standard_pi_2,26,0.0,2700000.0,2.7,489,1024,0.4775390625
01a0a57e-4c4f-7f82-af6d-66730fad5648,d,C,QB13,9,0,standard_pi_2,27,0.0,3150000.0,3.15,442,1024,0.431640625
01a0a57e-4c4f-7f82-af6d-66730fad5648,d,C,QB13,9,0,standard_pi_2,28,0.0,3600000.0,3.6,455,1024,0.4443359375
01a0a57e-4c4f-7f82-af6d-66730fad5648,d,C,QB13,9,0,standard_pi_2,29,0.0,4050000.0,4.05,463,1024,0.4521484375
01a0a57e-4c4f-7f82-af6d-66730fad5648,d,C,QB13,9,0,standard_pi_2,30,0.0,4500000.0,4.5,486,1024,0.474609375
01a0a57e-4c4f-7f82-af6d-66730fad5648,d,C,QB13,9,0,standard_pi_2,31,0.0,4950000.0,4.95,443,1024,0.4326171875
01a0a57e-4c4f-7f82-af6d-66730fad5648,d,C,QB13,9,0,standard_pi_2,32,0.0,5400000.0,5.4,463,1024,0.4521484375
01a0a57e-4c4f-7f82-af6d-66730fad5648,d,C,QB13,9,0,standard_pi_2,33,0.0,5850000.0,5.85,446,1024,0.435546875
01a0a57e-4c4f-7f82-af6d-66730fad5648,d,C,QB13,9,0,standard_pi_2,34,0.0,6300000.0,6.3,469,1024,0.4580078125
01a0a57e-4c4f-7f82-af6d-66730fad5648,d,C,QB13,9,0,standard_pi_2,35,0.0,6750000.0,6.75,440,1024,0.4296875
01a0a57e-4c4f-7f82-af6d-66730fad5648,d,C,QB13,9,0,standard_pi_2,36,0.0,7200000.0,7.2,449,1024,0.4384765625
01a0a57e-4c4f-7f82-af6d-66730fad5648,d,C,QB13,9,0,standard_pi_2,37,0.0,7650000.0,7.65,440,1024,0.4296875
01a0a57e-4c4f-7f82-af6d-66730fad5648,d,C,QB13,9,0,standard_pi_2,38,0.0,8100000.0,8.1,428,1024,0.41796875
01a0a57e-4c4f-7f82-af6d-66730fad5648,d,C,QB13,9,0,standard_pi_2,39,0.0,8550000.0,8.55,416,1024,0.40625
01a0a57e-4c4f-7f82-af6d-66730fad5648,d,C,QB13,9,0,standard_pi_2,40,0.0,9000000.0,9.0,441,1024,0.4306640625
01a0a57e-4c4f-7f82-af6d-66730fad5648,d,C,QB13,9,1,UVH4d,0,0.0,-9000000.0,-9.0,377,1024,0.3681640625
01a0a57e-4c4f-7f82-af6d-66730fad5648,d,C,QB13,9,1,UVH4d,1,0.0,-8550000.0,-8.55,382,1024,0.373046875
01a0a57e-4c4f-7f82-af6d-66730fad5648,d,C,QB13,9,1,UVH4d,2,0.0,-8100000.0,-8.1,371,1024,0.3623046875
01a0a57e-4c4f-7f82-af6d-66730fad5648,d,C,QB13,9,1,UVH4d,3,0.0,-7650000.0,-7.65,398,1024,0.388671875
01a0a57e-4c4f-7f82-af6d-66730fad5648,d,C,QB13,9,1,UVH4d,4,0.0,-7200000.0,-7.2,409,1024,0.3994140625
01a0a57e-4c4f-7f82-af6d-66730fad5648,d,C,QB13,9,1,UVH4d,5,0.0,-6750000.0,-6.75,404,1024,0.39453125
01a0a57e-4c4f-7f82-af6d-66730fad5648,d,C,QB13,9,1,UVH4d,6,0.0,-6300000.0,-6.3,434,1024,0.423828125
01a0a57e-4c4f-7f82-af6d-66730fad5648,d,C,QB13,9,1,UVH4d,7,0.0,-5850000.0,-5.85,455,1024,0.4443359375
01a0a57e-4c4f-7f82-af6d-66730fad5648,d,C,QB13,9,1,UVH4d,8,0.0,-5400000.0,-5.4,436,1024,0.42578125
01a0a57e-4c4f-7f82-af6d-66730fad5648,d,C,QB13,9,1,UVH4d,9,0.0,-4950000.0,-4.95,467,1024,0.4560546875
01a0a57e-4c4f-7f82-af6d-66730fad5648,d,C,QB13,9,1,UVH4d,10,0.0,-4500000.0,-4.5,472,1024,0.4609375
01a0a57e-4c4f-7f82-af6d-66730fad5648,d,C,QB13,9,1,UVH4d,11,0.0,-4050000.0,-4.05,492,1024,0.48046875
01a0a57e-4c4f-7f82-af6d-66730fad5648,d,C,QB13,9,1,UVH4d,12,0.0,-3600000.0,-3.6,463,1024,0.4521484375
01a0a57e-4c4f-7f82-af6d-66730fad5648,d,C,QB13,9,1,UVH4d,13,0.0,-3150000.0,-3.15,487,1024,0.4755859375
01a0a57e-4c4f-7f82-af6d-66730fad5648,d,C,QB13,9,1,UVH4d,14,0.0,-2700000.0,-2.7,488,1024,0.4765625
01a0a57e-4c4f-7f82-af6d-66730fad5648,d,C,QB13,9,1,UVH4d,15,0.0,-2250000.0,-2.25,473,1024,0.4619140625
01a0a57e-4c4f-7f82-af6d-66730fad5648,d,C,QB13,9,1,UVH4d,16,0.0,-1800000.0,-1.8,499,1024,0.4873046875
01a0a57e-4c4f-7f82-af6d-66730fad5648,d,C,QB13,9,1,UVH4d,17,0.0,-1350000.0,-1.35,498,1024,0.486328125
01a0a57e-4c4f-7f82-af6d-66730fad5648,d,C,QB13,9,1,UVH4d,18,0.0,-900000.0,-0.9,492,1024,0.48046875
01a0a57e-4c4f-7f82-af6d-66730fad5648,d,C,QB13,9,1,UVH4d,19,0.0,-450000.0,-0.45,517,1024,0.5048828125
01a0a57e-4c4f-7f82-af6d-66730fad5648,d,C,QB13,9,1,UVH4d,20,0.0,0.0,0.0,522,1024,0.509765625
01a0a57e-4c4f-7f82-af6d-66730fad5648,d,C,QB13,9,1,UVH4d,21,0.0,450000.0,0.45,494,1024,0.482421875
01a0a57e-4c4f-7f82-af6d-66730fad5648,d,C,QB13,9,1,UVH4d,22,0.0,900000.0,0.9,512,1024,0.5
01a0a57e-4c4f-7f82-af6d-66730fad5648,d,C,QB13,9,1,UVH4d,23,0.0,1350000.0,1.35,496,1024,0.484375
01a0a57e-4c4f-7f82-af6d-66730fad5648,d,C,QB13,9,1,UVH4d,24,0.0,1800000.0,1.8,521,1024,0.5087890625
01a0a57e-4c4f-7f82-af6d-66730fad5648,d,C,QB13,9,1,UVH4d,25,0.0,2250000.0,2.25,516,1024,0.50390625
01a0a57e-4c4f-7f82-af6d-66730fad5648,d,C,QB13,9,1,UVH4d,26,0.0,2700000.0,2.7,527,1024,0.5146484375
01a0a57e-4c4f-7f82-af6d-66730fad5648,d,C,QB13,9,1,UVH4d,27,0.0,3150000.0,3.15,512,1024,0.5
01a0a57e-4c4f-7f82-af6d-66730fad5648,d,C,QB13,9,1,UVH4d,28,0.0,3600000.0,3.6,548,1024,0.53515625
01a0a57e-4c4f-7f82-af6d-66730fad5648,d,C,QB13,9,1,UVH4d,29,0.0,4050000.0,4.05,541,1024,0.5283203125
01a0a57e-4c4f-7f82-af6d-66730fad5648,d,C,QB13,9,1,UVH4d,30,0.0,4500000.0,4.5,571,1024,0.5576171875
01a0a57e-4c4f-7f82-af6d-66730fad5648,d,C,QB13,9,1,UVH4d,31,0.0,4950000.0,4.95,562,1024,0.548828125
01a0a57e-4c4f-7f82-af6d-66730fad5648,d,C,QB13,9,1,UVH4d,32,0.0,5400000.0,5.4,600,1024,0.5859375
01a0a57e-4c4f-7f82-af6d-66730fad5648,d,C,QB13,9,1,UVH4d,33,0.0,5850000.0,5.85,583,1024,0.5693359375
01a0a57e-4c4f-7f82-af6d-66730fad5648,d,C,QB13,9,1,UVH4d,34,0.0,6300000.0,6.3,622,1024,0.607421875
01a0a57e-4c4f-7f82-af6d-66730fad5648,d,C,QB13,9,1,UVH4d,35,0.0,6750000.0,6.75,625,1024,0.6103515625
01a0a57e-4c4f-7f82-af6d-66730fad5648,d,C,QB13,9,1,UVH4d,36,0.0,7200000.0,7.2,659,1024,0.6435546875
01a0a57e-4c4f-7f82-af6d-66730fad5648,d,C,QB13,9,1,UVH4d,37,0.0,7650000.0,7.65,681,1024,0.6650390625
01a0a57e-4c4f-7f82-af6d-66730fad5648,d,C,QB13,9,1,UVH4d,38,0.0,8100000.0,8.1,685,1024,0.6689453125
01a0a57e-4c4f-7f82-af6d-66730fad5648,d,C,QB13,9,1,UVH4d,39,0.0,8550000.0,8.55,705,1024,0.6884765625
01a0a57e-4c4f-7f82-af6d-66730fad5648,d,C,QB13,9,1,UVH4d,40,0.0,9000000.0,9.0,742,1024,0.724609375
01a0a57e-4c4f-7f82-af6d-66730fad5648,d,C,QB13,9,2,UVH5d,0,0.0,-9000000.0,-9.0,114,1024,0.111328125
01a0a57e-4c4f-7f82-af6d-66730fad5648,d,C,QB13,9,2,UVH5d,1,0.0,-8550000.0,-8.55,112,1024,0.109375
01a0a57e-4c4f-7f82-af6d-66730fad5648,d,C,QB13,9,2,UVH5d,2,0.0,-8100000.0,-8.1,155,1024,0.1513671875
01a0a57e-4c4f-7f82-af6d-66730fad5648,d,C,QB13,9,2,UVH5d,3,0.0,-7650000.0,-7.65,158,1024,0.154296875
01a0a57e-4c4f-7f82-af6d-66730fad5648,d,C,QB13,9,2,UVH5d,4,0.0,-7200000.0,-7.2,206,1024,0.201171875
01a0a57e-4c4f-7f82-af6d-66730fad5648,d,C,QB13,9,2,UVH5d,5,0.0,-6750000.0,-6.75,245,1024,0.2392578125
01a0a57e-4c4f-7f82-af6d-66730fad5648,d,C,QB13,9,2,UVH5d,6,0.0,-6300000.0,-6.3,265,1024,0.2587890625
01a0a57e-4c4f-7f82-af6d-66730fad5648,d,C,QB13,9,2,UVH5d,7,0.0,-5850000.0,-5.85,309,1024,0.3017578125
01a0a57e-4c4f-7f82-af6d-66730fad5648,d,C,QB13,9,2,UVH5d,8,0.0,-5400000.0,-5.4,355,1024,0.3466796875
01a0a57e-4c4f-7f82-af6d-66730fad5648,d,C,QB13,9,2,UVH5d,9,0.0,-4950000.0,-4.95,353,1024,0.3447265625
01a0a57e-4c4f-7f82-af6d-66730fad5648,d,C,QB13,9,2,UVH5d,10,0.0,-4500000.0,-4.5,378,1024,0.369140625
01a0a57e-4c4f-7f82-af6d-66730fad5648,d,C,QB13,9,2,UVH5d,11,0.0,-4050000.0,-4.05,443,1024,0.4326171875
01a0a57e-4c4f-7f82-af6d-66730fad5648,d,C,QB13,9,2,UVH5d,12,0.0,-3600000.0,-3.6,430,1024,0.419921875
01a0a57e-4c4f-7f82-af6d-66730fad5648,d,C,QB13,9,2,UVH5d,13,0.0,-3150000.0,-3.15,476,1024,0.46484375
01a0a57e-4c4f-7f82-af6d-66730fad5648,d,C,QB13,9,2,UVH5d,14,0.0,-2700000.0,-2.7,474,1024,0.462890625
01a0a57e-4c4f-7f82-af6d-66730fad5648,d,C,QB13,9,2,UVH5d,15,0.0,-2250000.0,-2.25,487,1024,0.4755859375
01a0a57e-4c4f-7f82-af6d-66730fad5648,d,C,QB13,9,2,UVH5d,16,0.0,-1800000.0,-1.8,483,1024,0.4716796875
01a0a57e-4c4f-7f82-af6d-66730fad5648,d,C,QB13,9,2,UVH5d,17,0.0,-1350000.0,-1.35,497,1024,0.4853515625
01a0a57e-4c4f-7f82-af6d-66730fad5648,d,C,QB13,9,2,UVH5d,18,0.0,-900000.0,-0.9,516,1024,0.50390625
01a0a57e-4c4f-7f82-af6d-66730fad5648,d,C,QB13,9,2,UVH5d,19,0.0,-450000.0,-0.45,532,1024,0.51953125
01a0a57e-4c4f-7f82-af6d-66730fad5648,d,C,QB13,9,2,UVH5d,20,0.0,0.0,0.0,508,1024,0.49609375
01a0a57e-4c4f-7f82-af6d-66730fad5648,d,C,QB13,9,2,UVH5d,21,0.0,450000.0,0.45,507,1024,0.4951171875
01a0a57e-4c4f-7f82-af6d-66730fad5648,d,C,QB13,9,2,UVH5d,22,0.0,900000.0,0.9,485,1024,0.4736328125
01a0a57e-4c4f-7f82-af6d-66730fad5648,d,C,QB13,9,2,UVH5d,23,0.0,1350000.0,1.35,480,1024,0.46875
01a0a57e-4c4f-7f82-af6d-66730fad5648,d,C,QB13,9,2,UVH5d,24,0.0,1800000.0,1.8,502,1024,0.490234375
01a0a57e-4c4f-7f82-af6d-66730fad5648,d,C,QB13,9,2,UVH5d,25,0.0,2250000.0,2.25,505,1024,0.4931640625
01a0a57e-4c4f-7f82-af6d-66730fad5648,d,C,QB13,9,2,UVH5d,26,0.0,2700000.0,2.7,515,1024,0.5029296875
01a0a57e-4c4f-7f82-af6d-66730fad5648,d,C,QB13,9,2,UVH5d,27,0.0,3150000.0,3.15,483,1024,0.4716796875
01a0a57e-4c4f-7f82-af6d-66730fad5648,d,C,QB13,9,2,UVH5d,28,0.0,3600000.0,3.6,529,1024,0.5166015625
01a0a57e-4c4f-7f82-af6d-66730fad5648,d,C,QB13,9,2,UVH5d,29,0.0,4050000.0,4.05,519,1024,0.5068359375
01a0a57e-4c4f-7f82-af6d-66730fad5648,d,C,QB13,9,2,UVH5d,30,0.0,4500000.0,4.5,531,1024,0.5185546875
01a0a57e-4c4f-7f82-af6d-66730fad5648,d,C,QB13,9,2,UVH5d,31,0.0,4950000.0,4.95,511,1024,0.4990234375
01a0a57e-4c4f-7f82-af6d-66730fad5648,d,C,QB13,9,2,UVH5d,32,0.0,5400000.0,5.4,514,1024,0.501953125
01a0a57e-4c4f-7f82-af6d-66730fad5648,d,C,QB13,9,2,UVH5d,33,0.0,5850000.0,5.85,559,1024,0.5458984375
01a0a57e-4c4f-7f82-af6d-66730fad5648,d,C,QB13,9,2,UVH5d,34,0.0,6300000.0,6.3,557,1024,0.5439453125
01a0a57e-4c4f-7f82-af6d-66730fad5648,d,C,QB13,9,2,UVH5d,35,0.0,6750000.0,6.75,568,1024,0.5546875
01a0a57e-4c4f-7f82-af6d-66730fad5648,d,C,QB13,9,2,UVH5d,36,0.0,7200000.0,7.2,540,1024,0.52734375
01a0a57e-4c4f-7f82-af6d-66730fad5648,d,C,QB13,9,2,UVH5d,37,0.0,7650000.0,7.65,644,1024,0.62890625
01a0a57e-4c4f-7f82-af6d-66730fad5648,d,C,QB13,9,2,UVH5d,38,0.0,8100000.0,8.1,593,1024,0.5791015625
01a0a57e-4c4f-7f82-af6d-66730fad5648,d,C,QB13,9,2,UVH5d,39,0.0,8550000.0,8.55,630,1024,0.615234375
01a0a57e-4c4f-7f82-af6d-66730fad5648,d,C,QB13,9,2,UVH5d,40,0.0,9000000.0,9.0,617,1024,0.6025390625
01a0a57e-4c4f-7f82-af6d-66730fad5648,d,C,QB13,9,3,UVH6d,0,0.0,-9000000.0,-9.0,625,1024,0.6103515625
01a0a57e-4c4f-7f82-af6d-66730fad5648,d,C,QB13,9,3,UVH6d,1,0.0,-8550000.0,-8.55,603,1024,0.5888671875
01a0a57e-4c4f-7f82-af6d-66730fad5648,d,C,QB13,9,3,UVH6d,2,0.0,-8100000.0,-8.1,587,1024,0.5732421875
01a0a57e-4c4f-7f82-af6d-66730fad5648,d,C,QB13,9,3,UVH6d,3,0.0,-7650000.0,-7.65,564,1024,0.55078125
01a0a57e-4c4f-7f82-af6d-66730fad5648,d,C,QB13,9,3,UVH6d,4,0.0,-7200000.0,-7.2,585,1024,0.5712890625
01a0a57e-4c4f-7f82-af6d-66730fad5648,d,C,QB13,9,3,UVH6d,5,0.0,-6750000.0,-6.75,514,1024,0.501953125
01a0a57e-4c4f-7f82-af6d-66730fad5648,d,C,QB13,9,3,UVH6d,6,0.0,-6300000.0,-6.3,574,1024,0.560546875
01a0a57e-4c4f-7f82-af6d-66730fad5648,d,C,QB13,9,3,UVH6d,7,0.0,-5850000.0,-5.85,551,1024,0.5380859375
01a0a57e-4c4f-7f82-af6d-66730fad5648,d,C,QB13,9,3,UVH6d,8,0.0,-5400000.0,-5.4,542,1024,0.529296875
01a0a57e-4c4f-7f82-af6d-66730fad5648,d,C,QB13,9,3,UVH6d,9,0.0,-4950000.0,-4.95,523,1024,0.5107421875
01a0a57e-4c4f-7f82-af6d-66730fad5648,d,C,QB13,9,3,UVH6d,10,0.0,-4500000.0,-4.5,531,1024,0.5185546875
01a0a57e-4c4f-7f82-af6d-66730fad5648,d,C,QB13,9,3,UVH6d,11,0.0,-4050000.0,-4.05,522,1024,0.509765625
01a0a57e-4c4f-7f82-af6d-66730fad5648,d,C,QB13,9,3,UVH6d,12,0.0,-3600000.0,-3.6,548,1024,0.53515625
01a0a57e-4c4f-7f82-af6d-66730fad5648,d,C,QB13,9,3,UVH6d,13,0.0,-3150000.0,-3.15,541,1024,0.5283203125
01a0a57e-4c4f-7f82-af6d-66730fad5648,d,C,QB13,9,3,UVH6d,14,0.0,-2700000.0,-2.7,499,1024,0.4873046875
01a0a57e-4c4f-7f82-af6d-66730fad5648,d,C,QB13,9,3,UVH6d,15,0.0,-2250000.0,-2.25,505,1024,0.4931640625
01a0a57e-4c4f-7f82-af6d-66730fad5648,d,C,QB13,9,3,UVH6d,16,0.0,-1800000.0,-1.8,502,1024,0.490234375
01a0a57e-4c4f-7f82-af6d-66730fad5648,d,C,QB13,9,3,UVH6d,17,0.0,-1350000.0,-1.35,533,1024,0.5205078125
01a0a57e-4c4f-7f82-af6d-66730fad5648,d,C,QB13,9,3,UVH6d,18,0.0,-900000.0,-0.9,505,1024,0.4931640625
01a0a57e-4c4f-7f82-af6d-66730fad5648,d,C,QB13,9,3,UVH6d,19,0.0,-450000.0,-0.45,529,1024,0.5166015625
01a0a57e-4c4f-7f82-af6d-66730fad5648,d,C,QB13,9,3,UVH6d,20,0.0,0.0,0.0,498,1024,0.486328125
01a0a57e-4c4f-7f82-af6d-66730fad5648,d,C,QB13,9,3,UVH6d,21,0.0,450000.0,0.45,507,1024,0.4951171875
01a0a57e-4c4f-7f82-af6d-66730fad5648,d,C,QB13,9,3,UVH6d,22,0.0,900000.0,0.9,525,1024,0.5126953125
01a0a57e-4c4f-7f82-af6d-66730fad5648,d,C,QB13,9,3,UVH6d,23,0.0,1350000.0,1.35,523,1024,0.5107421875
01a0a57e-4c4f-7f82-af6d-66730fad5648,d,C,QB13,9,3,UVH6d,24,0.0,1800000.0,1.8,533,1024,0.5205078125
01a0a57e-4c4f-7f82-af6d-66730fad5648,d,C,QB13,9,3,UVH6d,25,0.0,2250000.0,2.25,510,1024,0.498046875
01a0a57e-4c4f-7f82-af6d-66730fad5648,d,C,QB13,9,3,UVH6d,26,0.0,2700000.0,2.7,487,1024,0.4755859375
01a0a57e-4c4f-7f82-af6d-66730fad5648,d,C,QB13,9,3,UVH6d,27,0.0,3150000.0,3.15,502,1024,0.490234375
01a0a57e-4c4f-7f82-af6d-66730fad5648,d,C,QB13,9,3,UVH6d,28,0.0,3600000.0,3.6,498,1024,0.486328125
01a0a57e-4c4f-7f82-af6d-66730fad5648,d,C,QB13,9,3,UVH6d,29,0.0,4050000.0,4.05,516,1024,0.50390625
01a0a57e-4c4f-7f82-af6d-66730fad5648,d,C,QB13,9,3,UVH6d,30,0.0,4500000.0,4.5,510,1024,0.498046875
01a0a57e-4c4f-7f82-af6d-66730fad5648,d,C,QB13,9,3,UVH6d,31,0.0,4950000.0,4.95,477,1024,0.4658203125
01a0a57e-4c4f-7f82-af6d-66730fad5648,d,C,QB13,9,3,UVH6d,32,0.0,5400000.0,5.4,490,1024,0.478515625
01a0a57e-4c4f-7f82-af6d-66730fad5648,d,C,QB13,9,3,UVH6d,33,0.0,5850000.0,5.85,488,1024,0.4765625
01a0a57e-4c4f-7f82-af6d-66730fad5648,d,C,QB13,9,3,UVH6d,34,0.0,6300000.0,6.3,494,1024,0.482421875
01a0a57e-4c4f-7f82-af6d-66730fad5648,d,C,QB13,9,3,UVH6d,35,0.0,6750000.0,6.75,489,1024,0.4775390625
01a0a57e-4c4f-7f82-af6d-66730fad5648,d,C,QB13,9,3,UVH6d,36,0.0,7200000.0,7.2,522,1024,0.509765625
01a0a57e-4c4f-7f82-af6d-66730fad5648,d,C,QB13,9,3,UVH6d,37,0.0,7650000.0,7.65,518,1024,0.505859375
01a0a57e-4c4f-7f82-af6d-66730fad5648,d,C,QB13,9,3,UVH6d,38,0.0,8100000.0,8.1,510,1024,0.498046875
01a0a57e-4c4f-7f82-af6d-66730fad5648,d,C,QB13,9,3,UVH6d,39,0.0,8550000.0,8.55,525,1024,0.5126953125
01a0a57e-4c4f-7f82-af6d-66730fad5648,d,C,QB13,9,3,UVH6d,40,0.0,9000000.0,9.0,544,1024,0.53125
01a0a57e-4c4f-7f82-af6d-66730fad5648,d,C,QB13,9,4,UVH7d,0,0.0,-9000000.0,-9.0,518,1024,0.505859375
01a0a57e-4c4f-7f82-af6d-66730fad5648,d,C,QB13,9,4,UVH7d,1,0.0,-8550000.0,-8.55,494,1024,0.482421875
01a0a57e-4c4f-7f82-af6d-66730fad5648,d,C,QB13,9,4,UVH7d,2,0.0,-8100000.0,-8.1,515,1024,0.5029296875
01a0a57e-4c4f-7f82-af6d-66730fad5648,d,C,QB13,9,4,UVH7d,3,0.0,-7650000.0,-7.65,492,1024,0.48046875
01a0a57e-4c4f-7f82-af6d-66730fad5648,d,C,QB13,9,4,UVH7d,4,0.0,-7200000.0,-7.2,506,1024,0.494140625
01a0a57e-4c4f-7f82-af6d-66730fad5648,d,C,QB13,9,4,UVH7d,5,0.0,-6750000.0,-6.75,473,1024,0.4619140625
01a0a57e-4c4f-7f82-af6d-66730fad5648,d,C,QB13,9,4,UVH7d,6,0.0,-6300000.0,-6.3,497,1024,0.4853515625
01a0a57e-4c4f-7f82-af6d-66730fad5648,d,C,QB13,9,4,UVH7d,7,0.0,-5850000.0,-5.85,538,1024,0.525390625
01a0a57e-4c4f-7f82-af6d-66730fad5648,d,C,QB13,9,4,UVH7d,8,0.0,-5400000.0,-5.4,518,1024,0.505859375
01a0a57e-4c4f-7f82-af6d-66730fad5648,d,C,QB13,9,4,UVH7d,9,0.0,-4950000.0,-4.95,485,1024,0.4736328125
01a0a57e-4c4f-7f82-af6d-66730fad5648,d,C,QB13,9,4,UVH7d,10,0.0,-4500000.0,-4.5,463,1024,0.4521484375
01a0a57e-4c4f-7f82-af6d-66730fad5648,d,C,QB13,9,4,UVH7d,11,0.0,-4050000.0,-4.05,514,1024,0.501953125
01a0a57e-4c4f-7f82-af6d-66730fad5648,d,C,QB13,9,4,UVH7d,12,0.0,-3600000.0,-3.6,487,1024,0.4755859375
01a0a57e-4c4f-7f82-af6d-66730fad5648,d,C,QB13,9,4,UVH7d,13,0.0,-3150000.0,-3.15,492,1024,0.48046875
01a0a57e-4c4f-7f82-af6d-66730fad5648,d,C,QB13,9,4,UVH7d,14,0.0,-2700000.0,-2.7,503,1024,0.4912109375
01a0a57e-4c4f-7f82-af6d-66730fad5648,d,C,QB13,9,4,UVH7d,15,0.0,-2250000.0,-2.25,501,1024,0.4892578125
01a0a57e-4c4f-7f82-af6d-66730fad5648,d,C,QB13,9,4,UVH7d,16,0.0,-1800000.0,-1.8,492,1024,0.48046875
01a0a57e-4c4f-7f82-af6d-66730fad5648,d,C,QB13,9,4,UVH7d,17,0.0,-1350000.0,-1.35,492,1024,0.48046875
01a0a57e-4c4f-7f82-af6d-66730fad5648,d,C,QB13,9,4,UVH7d,18,0.0,-900000.0,-0.9,476,1024,0.46484375
01a0a57e-4c4f-7f82-af6d-66730fad5648,d,C,QB13,9,4,UVH7d,19,0.0,-450000.0,-0.45,510,1024,0.498046875
01a0a57e-4c4f-7f82-af6d-66730fad5648,d,C,QB13,9,4,UVH7d,20,0.0,0.0,0.0,476,1024,0.46484375
01a0a57e-4c4f-7f82-af6d-66730fad5648,d,C,QB13,9,4,UVH7d,21,0.0,450000.0,0.45,484,1024,0.47265625
01a0a57e-4c4f-7f82-af6d-66730fad5648,d,C,QB13,9,4,UVH7d,22,0.0,900000.0,0.9,470,1024,0.458984375
01a0a57e-4c4f-7f82-af6d-66730fad5648,d,C,QB13,9,4,UVH7d,23,0.0,1350000.0,1.35,485,1024,0.4736328125
01a0a57e-4c4f-7f82-af6d-66730fad5648,d,C,QB13,9,4,UVH7d,24,0.0,1800000.0,1.8,489,1024,0.4775390625
01a0a57e-4c4f-7f82-af6d-66730fad5648,d,C,QB13,9,4,UVH7d,25,0.0,2250000.0,2.25,475,1024,0.4638671875
01a0a57e-4c4f-7f82-af6d-66730fad5648,d,C,QB13,9,4,UVH7d,26,0.0,2700000.0,2.7,502,1024,0.490234375
01a0a57e-4c4f-7f82-af6d-66730fad5648,d,C,QB13,9,4,UVH7d,27,0.0,3150000.0,3.15,479,1024,0.4677734375
01a0a57e-4c4f-7f82-af6d-66730fad5648,d,C,QB13,9,4,UVH7d,28,0.0,3600000.0,3.6,471,1024,0.4599609375
01a0a57e-4c4f-7f82-af6d-66730fad5648,d,C,QB13,9,4,UVH7d,29,0.0,4050000.0,4.05,492,1024,0.48046875
01a0a57e-4c4f-7f82-af6d-66730fad5648,d,C,QB13,9,4,UVH7d,30,0.0,4500000.0,4.5,492,1024,0.48046875
01a0a57e-4c4f-7f82-af6d-66730fad5648,d,C,QB13,9,4,UVH7d,31,0.0,4950000.0,4.95,440,1024,0.4296875
01a0a57e-4c4f-7f82-af6d-66730fad5648,d,C,QB13,9,4,UVH7d,32,0.0,5400000.0,5.4,442,1024,0.431640625
01a0a57e-4c4f-7f82-af6d-66730fad5648,d,C,QB13,9,4,UVH7d,33,0.0,5850000.0,5.85,431,1024,0.4208984375
01a0a57e-4c4f-7f82-af6d-66730fad5648,d,C,QB13,9,4,UVH7d,34,0.0,6300000.0,6.3,412,1024,0.40234375
01a0a57e-4c4f-7f82-af6d-66730fad5648,d,C,QB13,9,4,UVH7d,35,0.0,6750000.0,6.75,440,1024,0.4296875
01a0a57e-4c4f-7f82-af6d-66730fad5648,d,C,QB13,9,4,UVH7d,36,0.0,7200000.0,7.2,378,1024,0.369140625
01a0a57e-4c4f-7f82-af6d-66730fad5648,d,C,QB13,9,4,UVH7d,37,0.0,7650000.0,7.65,369,1024,0.3603515625
01a0a57e-4c4f-7f82-af6d-66730fad5648,d,C,QB13,9,4,UVH7d,38,0.0,8100000.0,8.1,349,1024,0.3408203125
01a0a57e-4c4f-7f82-af6d-66730fad5648,d,C,QB13,9,4,UVH7d,39,0.0,8550000.0,8.55,351,1024,0.3427734375
01a0a57e-4c4f-7f82-af6d-66730fad5648,d,C,QB13,9,4,UVH7d,40,0.0,9000000.0,9.0,305,1024,0.2978515625
01a0a57e-4c4f-7f82-af6d-66730fad5648,d,C,QB13,9,5,UVH8d,0,0.0,-9000000.0,-9.0,540,1024,0.52734375
01a0a57e-4c4f-7f82-af6d-66730fad5648,d,C,QB13,9,5,UVH8d,1,0.0,-8550000.0,-8.55,551,1024,0.5380859375
01a0a57e-4c4f-7f82-af6d-66730fad5648,d,C,QB13,9,5,UVH8d,2,0.0,-8100000.0,-8.1,547,1024,0.5341796875
01a0a57e-4c4f-7f82-af6d-66730fad5648,d,C,QB13,9,5,UVH8d,3,0.0,-7650000.0,-7.65,520,1024,0.5078125
01a0a57e-4c4f-7f82-af6d-66730fad5648,d,C,QB13,9,5,UVH8d,4,0.0,-7200000.0,-7.2,540,1024,0.52734375
01a0a57e-4c4f-7f82-af6d-66730fad5648,d,C,QB13,9,5,UVH8d,5,0.0,-6750000.0,-6.75,537,1024,0.5244140625
01a0a57e-4c4f-7f82-af6d-66730fad5648,d,C,QB13,9,5,UVH8d,6,0.0,-6300000.0,-6.3,509,1024,0.4970703125
01a0a57e-4c4f-7f82-af6d-66730fad5648,d,C,QB13,9,5,UVH8d,7,0.0,-5850000.0,-5.85,511,1024,0.4990234375
01a0a57e-4c4f-7f82-af6d-66730fad5648,d,C,QB13,9,5,UVH8d,8,0.0,-5400000.0,-5.4,521,1024,0.5087890625
01a0a57e-4c4f-7f82-af6d-66730fad5648,d,C,QB13,9,5,UVH8d,9,0.0,-4950000.0,-4.95,516,1024,0.50390625
01a0a57e-4c4f-7f82-af6d-66730fad5648,d,C,QB13,9,5,UVH8d,10,0.0,-4500000.0,-4.5,523,1024,0.5107421875
01a0a57e-4c4f-7f82-af6d-66730fad5648,d,C,QB13,9,5,UVH8d,11,0.0,-4050000.0,-4.05,541,1024,0.5283203125
01a0a57e-4c4f-7f82-af6d-66730fad5648,d,C,QB13,9,5,UVH8d,12,0.0,-3600000.0,-3.6,527,1024,0.5146484375
01a0a57e-4c4f-7f82-af6d-66730fad5648,d,C,QB13,9,5,UVH8d,13,0.0,-3150000.0,-3.15,532,1024,0.51953125
01a0a57e-4c4f-7f82-af6d-66730fad5648,d,C,QB13,9,5,UVH8d,14,0.0,-2700000.0,-2.7,558,1024,0.544921875
01a0a57e-4c4f-7f82-af6d-66730fad5648,d,C,QB13,9,5,UVH8d,15,0.0,-2250000.0,-2.25,535,1024,0.5224609375
01a0a57e-4c4f-7f82-af6d-66730fad5648,d,C,QB13,9,5,UVH8d,16,0.0,-1800000.0,-1.8,568,1024,0.5546875
01a0a57e-4c4f-7f82-af6d-66730fad5648,d,C,QB13,9,5,UVH8d,17,0.0,-1350000.0,-1.35,543,1024,0.5302734375
01a0a57e-4c4f-7f82-af6d-66730fad5648,d,C,QB13,9,5,UVH8d,18,0.0,-900000.0,-0.9,513,1024,0.5009765625
01a0a57e-4c4f-7f82-af6d-66730fad5648,d,C,QB13,9,5,UVH8d,19,0.0,-450000.0,-0.45,504,1024,0.4921875
01a0a57e-4c4f-7f82-af6d-66730fad5648,d,C,QB13,9,5,UVH8d,20,0.0,0.0,0.0,542,1024,0.529296875
01a0a57e-4c4f-7f82-af6d-66730fad5648,d,C,QB13,9,5,UVH8d,21,0.0,450000.0,0.45,529,1024,0.5166015625
01a0a57e-4c4f-7f82-af6d-66730fad5648,d,C,QB13,9,5,UVH8d,22,0.0,900000.0,0.9,528,1024,0.515625
01a0a57e-4c4f-7f82-af6d-66730fad5648,d,C,QB13,9,5,UVH8d,23,0.0,1350000.0,1.35,551,1024,0.5380859375
01a0a57e-4c4f-7f82-af6d-66730fad5648,d,C,QB13,9,5,UVH8d,24,0.0,1800000.0,1.8,537,1024,0.5244140625
01a0a57e-4c4f-7f82-af6d-66730fad5648,d,C,QB13,9,5,UVH8d,25,0.0,2250000.0,2.25,543,1024,0.5302734375
01a0a57e-4c4f-7f82-af6d-66730fad5648,d,C,QB13,9,5,UVH8d,26,0.0,2700000.0,2.7,510,1024,0.498046875
01a0a57e-4c4f-7f82-af6d-66730fad5648,d,C,QB13,9,5,UVH8d,27,0.0,3150000.0,3.15,527,1024,0.5146484375
01a0a57e-4c4f-7f82-af6d-66730fad5648,d,C,QB13,9,5,UVH8d,28,0.0,3600000.0,3.6,533,1024,0.5205078125
01a0a57e-4c4f-7f82-af6d-66730fad5648,d,C,QB13,9,5,UVH8d,29,0.0,4050000.0,4.05,541,1024,0.5283203125
01a0a57e-4c4f-7f82-af6d-66730fad5648,d,C,QB13,9,5,UVH8d,30,0.0,4500000.0,4.5,502,1024,0.490234375
01a0a57e-4c4f-7f82-af6d-66730fad5648,d,C,QB13,9,5,UVH8d,31,0.0,4950000.0,4.95,511,1024,0.4990234375
01a0a57e-4c4f-7f82-af6d-66730fad5648,d,C,QB13,9,5,UVH8d,32,0.0,5400000.0,5.4,529,1024,0.5166015625
01a0a57e-4c4f-7f82-af6d-66730fad5648,d,C,QB13,9,5,UVH8d,33,0.0,5850000.0,5.85,544,1024,0.53125
01a0a57e-4c4f-7f82-af6d-66730fad5648,d,C,QB13,9,5,UVH8d,34,0.0,6300000.0,6.3,499,1024,0.4873046875
01a0a57e-4c4f-7f82-af6d-66730fad5648,d,C,QB13,9,5,UVH8d,35,0.0,6750000.0,6.75,511,1024,0.4990234375
01a0a57e-4c4f-7f82-af6d-66730fad5648,d,C,QB13,9,5,UVH8d,36,0.0,7200000.0,7.2,525,1024,0.5126953125
01a0a57e-4c4f-7f82-af6d-66730fad5648,d,C,QB13,9,5,UVH8d,37,0.0,7650000.0,7.65,516,1024,0.50390625
01a0a57e-4c4f-7f82-af6d-66730fad5648,d,C,QB13,9,5,UVH8d,38,0.0,8100000.0,8.1,508,1024,0.49609375
01a0a57e-4c4f-7f82-af6d-66730fad5648,d,C,QB13,9,5,UVH8d,39,0.0,8550000.0,8.55,498,1024,0.486328125
01a0a57e-4c4f-7f82-af6d-66730fad5648,d,C,QB13,9,5,UVH8d,40,0.0,9000000.0,9.0,483,1024,0.4716796875
01a0a57e-4c4f-7f82-af6d-66730fad5648,d,C,QB5,10,0,standard_pi_2,0,0.0,-9000000.0,-9.0,522,1024,0.509765625
01a0a57e-4c4f-7f82-af6d-66730fad5648,d,C,QB5,10,0,standard_pi_2,1,0.0,-8550000.0,-8.55,527,1024,0.5146484375
01a0a57e-4c4f-7f82-af6d-66730fad5648,d,C,QB5,10,0,standard_pi_2,2,0.0,-8100000.0,-8.1,525,1024,0.5126953125
01a0a57e-4c4f-7f82-af6d-66730fad5648,d,C,QB5,10,0,standard_pi_2,3,0.0,-7650000.0,-7.65,523,1024,0.5107421875
01a0a57e-4c4f-7f82-af6d-66730fad5648,d,C,QB5,10,0,standard_pi_2,4,0.0,-7200000.0,-7.2,500,1024,0.48828125
01a0a57e-4c4f-7f82-af6d-66730fad5648,d,C,QB5,10,0,standard_pi_2,5,0.0,-6750000.0,-6.75,546,1024,0.533203125
01a0a57e-4c4f-7f82-af6d-66730fad5648,d,C,QB5,10,0,standard_pi_2,6,0.0,-6300000.0,-6.3,528,1024,0.515625
01a0a57e-4c4f-7f82-af6d-66730fad5648,d,C,QB5,10,0,standard_pi_2,7,0.0,-5850000.0,-5.85,495,1024,0.4833984375
01a0a57e-4c4f-7f82-af6d-66730fad5648,d,C,QB5,10,0,standard_pi_2,8,0.0,-5400000.0,-5.4,529,1024,0.5166015625
01a0a57e-4c4f-7f82-af6d-66730fad5648,d,C,QB5,10,0,standard_pi_2,9,0.0,-4950000.0,-4.95,536,1024,0.5234375
01a0a57e-4c4f-7f82-af6d-66730fad5648,d,C,QB5,10,0,standard_pi_2,10,0.0,-4500000.0,-4.5,545,1024,0.5322265625
01a0a57e-4c4f-7f82-af6d-66730fad5648,d,C,QB5,10,0,standard_pi_2,11,0.0,-4050000.0,-4.05,538,1024,0.525390625
01a0a57e-4c4f-7f82-af6d-66730fad5648,d,C,QB5,10,0,standard_pi_2,12,0.0,-3600000.0,-3.6,515,1024,0.5029296875
01a0a57e-4c4f-7f82-af6d-66730fad5648,d,C,QB5,10,0,standard_pi_2,13,0.0,-3150000.0,-3.15,498,1024,0.486328125
01a0a57e-4c4f-7f82-af6d-66730fad5648,d,C,QB5,10,0,standard_pi_2,14,0.0,-2700000.0,-2.7,500,1024,0.48828125
01a0a57e-4c4f-7f82-af6d-66730fad5648,d,C,QB5,10,0,standard_pi_2,15,0.0,-2250000.0,-2.25,520,1024,0.5078125
01a0a57e-4c4f-7f82-af6d-66730fad5648,d,C,QB5,10,0,standard_pi_2,16,0.0,-1800000.0,-1.8,500,1024,0.48828125
01a0a57e-4c4f-7f82-af6d-66730fad5648,d,C,QB5,10,0,standard_pi_2,17,0.0,-1350000.0,-1.35,515,1024,0.5029296875
01a0a57e-4c4f-7f82-af6d-66730fad5648,d,C,QB5,10,0,standard_pi_2,18,0.0,-900000.0,-0.9,503,1024,0.4912109375
01a0a57e-4c4f-7f82-af6d-66730fad5648,d,C,QB5,10,0,standard_pi_2,19,0.0,-450000.0,-0.45,492,1024,0.48046875
01a0a57e-4c4f-7f82-af6d-66730fad5648,d,C,QB5,10,0,standard_pi_2,20,0.0,0.0,0.0,532,1024,0.51953125
01a0a57e-4c4f-7f82-af6d-66730fad5648,d,C,QB5,10,0,standard_pi_2,21,0.0,450000.0,0.45,511,1024,0.4990234375
01a0a57e-4c4f-7f82-af6d-66730fad5648,d,C,QB5,10,0,standard_pi_2,22,0.0,900000.0,0.9,491,1024,0.4794921875
01a0a57e-4c4f-7f82-af6d-66730fad5648,d,C,QB5,10,0,standard_pi_2,23,0.0,1350000.0,1.35,519,1024,0.5068359375
01a0a57e-4c4f-7f82-af6d-66730fad5648,d,C,QB5,10,0,standard_pi_2,24,0.0,1800000.0,1.8,514,1024,0.501953125
01a0a57e-4c4f-7f82-af6d-66730fad5648,d,C,QB5,10,0,standard_pi_2,25,0.0,2250000.0,2.25,494,1024,0.482421875
01a0a57e-4c4f-7f82-af6d-66730fad5648,d,C,QB5,10,0,standard_pi_2,26,0.0,2700000.0,2.7,524,1024,0.51171875
01a0a57e-4c4f-7f82-af6d-66730fad5648,d,C,QB5,10,0,standard_pi_2,27,0.0,3150000.0,3.15,481,1024,0.4697265625
01a0a57e-4c4f-7f82-af6d-66730fad5648,d,C,QB5,10,0,standard_pi_2,28,0.0,3600000.0,3.6,514,1024,0.501953125
01a0a57e-4c4f-7f82-af6d-66730fad5648,d,C,QB5,10,0,standard_pi_2,29,0.0,4050000.0,4.05,506,1024,0.494140625
01a0a57e-4c4f-7f82-af6d-66730fad5648,d,C,QB5,10,0,standard_pi_2,30,0.0,4500000.0,4.5,439,1024,0.4287109375
01a0a57e-4c4f-7f82-af6d-66730fad5648,d,C,QB5,10,0,standard_pi_2,31,0.0,4950000.0,4.95,476,1024,0.46484375
01a0a57e-4c4f-7f82-af6d-66730fad5648,d,C,QB5,10,0,standard_pi_2,32,0.0,5400000.0,5.4,433,1024,0.4228515625
01a0a57e-4c4f-7f82-af6d-66730fad5648,d,C,QB5,10,0,standard_pi_2,33,0.0,5850000.0,5.85,485,1024,0.4736328125
01a0a57e-4c4f-7f82-af6d-66730fad5648,d,C,QB5,10,0,standard_pi_2,34,0.0,6300000.0,6.3,459,1024,0.4482421875
01a0a57e-4c4f-7f82-af6d-66730fad5648,d,C,QB5,10,0,standard_pi_2,35,0.0,6750000.0,6.75,468,1024,0.45703125
01a0a57e-4c4f-7f82-af6d-66730fad5648,d,C,QB5,10,0,standard_pi_2,36,0.0,7200000.0,7.2,471,1024,0.4599609375
01a0a57e-4c4f-7f82-af6d-66730fad5648,d,C,QB5,10,0,standard_pi_2,37,0.0,7650000.0,7.65,453,1024,0.4423828125
01a0a57e-4c4f-7f82-af6d-66730fad5648,d,C,QB5,10,0,standard_pi_2,38,0.0,8100000.0,8.1,467,1024,0.4560546875
01a0a57e-4c4f-7f82-af6d-66730fad5648,d,C,QB5,10,0,standard_pi_2,39,0.0,8550000.0,8.55,435,1024,0.4248046875
01a0a57e-4c4f-7f82-af6d-66730fad5648,d,C,QB5,10,0,standard_pi_2,40,0.0,9000000.0,9.0,457,1024,0.4462890625
01a0a57e-4c4f-7f82-af6d-66730fad5648,d,C,QB5,10,1,UVH4d,0,0.0,-9000000.0,-9.0,437,1024,0.4267578125
01a0a57e-4c4f-7f82-af6d-66730fad5648,d,C,QB5,10,1,UVH4d,1,0.0,-8550000.0,-8.55,395,1024,0.3857421875
01a0a57e-4c4f-7f82-af6d-66730fad5648,d,C,QB5,10,1,UVH4d,2,0.0,-8100000.0,-8.1,439,1024,0.4287109375
01a0a57e-4c4f-7f82-af6d-66730fad5648,d,C,QB5,10,1,UVH4d,3,0.0,-7650000.0,-7.65,451,1024,0.4404296875
01a0a57e-4c4f-7f82-af6d-66730fad5648,d,C,QB5,10,1,UVH4d,4,0.0,-7200000.0,-7.2,432,1024,0.421875
01a0a57e-4c4f-7f82-af6d-66730fad5648,d,C,QB5,10,1,UVH4d,5,0.0,-6750000.0,-6.75,444,1024,0.43359375
01a0a57e-4c4f-7f82-af6d-66730fad5648,d,C,QB5,10,1,UVH4d,6,0.0,-6300000.0,-6.3,505,1024,0.4931640625
01a0a57e-4c4f-7f82-af6d-66730fad5648,d,C,QB5,10,1,UVH4d,7,0.0,-5850000.0,-5.85,487,1024,0.4755859375
01a0a57e-4c4f-7f82-af6d-66730fad5648,d,C,QB5,10,1,UVH4d,8,0.0,-5400000.0,-5.4,474,1024,0.462890625
01a0a57e-4c4f-7f82-af6d-66730fad5648,d,C,QB5,10,1,UVH4d,9,0.0,-4950000.0,-4.95,509,1024,0.4970703125
01a0a57e-4c4f-7f82-af6d-66730fad5648,d,C,QB5,10,1,UVH4d,10,0.0,-4500000.0,-4.5,507,1024,0.4951171875
01a0a57e-4c4f-7f82-af6d-66730fad5648,d,C,QB5,10,1,UVH4d,11,0.0,-4050000.0,-4.05,536,1024,0.5234375
01a0a57e-4c4f-7f82-af6d-66730fad5648,d,C,QB5,10,1,UVH4d,12,0.0,-3600000.0,-3.6,511,1024,0.4990234375
01a0a57e-4c4f-7f82-af6d-66730fad5648,d,C,QB5,10,1,UVH4d,13,0.0,-3150000.0,-3.15,533,1024,0.5205078125
01a0a57e-4c4f-7f82-af6d-66730fad5648,d,C,QB5,10,1,UVH4d,14,0.0,-2700000.0,-2.7,531,1024,0.5185546875
01a0a57e-4c4f-7f82-af6d-66730fad5648,d,C,QB5,10,1,UVH4d,15,0.0,-2250000.0,-2.25,527,1024,0.5146484375
01a0a57e-4c4f-7f82-af6d-66730fad5648,d,C,QB5,10,1,UVH4d,16,0.0,-1800000.0,-1.8,500,1024,0.48828125
01a0a57e-4c4f-7f82-af6d-66730fad5648,d,C,QB5,10,1,UVH4d,17,0.0,-1350000.0,-1.35,538,1024,0.525390625
01a0a57e-4c4f-7f82-af6d-66730fad5648,d,C,QB5,10,1,UVH4d,18,0.0,-900000.0,-0.9,515,1024,0.5029296875
01a0a57e-4c4f-7f82-af6d-66730fad5648,d,C,QB5,10,1,UVH4d,19,0.0,-450000.0,-0.45,523,1024,0.5107421875
01a0a57e-4c4f-7f82-af6d-66730fad5648,d,C,QB5,10,1,UVH4d,20,0.0,0.0,0.0,523,1024,0.5107421875
01a0a57e-4c4f-7f82-af6d-66730fad5648,d,C,QB5,10,1,UVH4d,21,0.0,450000.0,0.45,533,1024,0.5205078125
01a0a57e-4c4f-7f82-af6d-66730fad5648,d,C,QB5,10,1,UVH4d,22,0.0,900000.0,0.9,508,1024,0.49609375
01a0a57e-4c4f-7f82-af6d-66730fad5648,d,C,QB5,10,1,UVH4d,23,0.0,1350000.0,1.35,536,1024,0.5234375
01a0a57e-4c4f-7f82-af6d-66730fad5648,d,C,QB5,10,1,UVH4d,24,0.0,1800000.0,1.8,541,1024,0.5283203125
01a0a57e-4c4f-7f82-af6d-66730fad5648,d,C,QB5,10,1,UVH4d,25,0.0,2250000.0,2.25,530,1024,0.517578125
01a0a57e-4c4f-7f82-af6d-66730fad5648,d,C,QB5,10,1,UVH4d,26,0.0,2700000.0,2.7,530,1024,0.517578125
01a0a57e-4c4f-7f82-af6d-66730fad5648,d,C,QB5,10,1,UVH4d,27,0.0,3150000.0,3.15,551,1024,0.5380859375
01a0a57e-4c4f-7f82-af6d-66730fad5648,d,C,QB5,10,1,UVH4d,28,0.0,3600000.0,3.6,541,1024,0.5283203125
01a0a57e-4c4f-7f82-af6d-66730fad5648,d,C,QB5,10,1,UVH4d,29,0.0,4050000.0,4.05,564,1024,0.55078125
01a0a57e-4c4f-7f82-af6d-66730fad5648,d,C,QB5,10,1,UVH4d,30,0.0,4500000.0,4.5,555,1024,0.5419921875
01a0a57e-4c4f-7f82-af6d-66730fad5648,d,C,QB5,10,1,UVH4d,31,0.0,4950000.0,4.95,577,1024,0.5634765625
01a0a57e-4c4f-7f82-af6d-66730fad5648,d,C,QB5,10,1,UVH4d,32,0.0,5400000.0,5.4,604,1024,0.58984375
01a0a57e-4c4f-7f82-af6d-66730fad5648,d,C,QB5,10,1,UVH4d,33,0.0,5850000.0,5.85,603,1024,0.5888671875
01a0a57e-4c4f-7f82-af6d-66730fad5648,d,C,QB5,10,1,UVH4d,34,0.0,6300000.0,6.3,596,1024,0.58203125
01a0a57e-4c4f-7f82-af6d-66730fad5648,d,C,QB5,10,1,UVH4d,35,0.0,6750000.0,6.75,590,1024,0.576171875
01a0a57e-4c4f-7f82-af6d-66730fad5648,d,C,QB5,10,1,UVH4d,36,0.0,7200000.0,7.2,639,1024,0.6240234375
01a0a57e-4c4f-7f82-af6d-66730fad5648,d,C,QB5,10,1,UVH4d,37,0.0,7650000.0,7.65,665,1024,0.6494140625
01a0a57e-4c4f-7f82-af6d-66730fad5648,d,C,QB5,10,1,UVH4d,38,0.0,8100000.0,8.1,672,1024,0.65625
01a0a57e-4c4f-7f82-af6d-66730fad5648,d,C,QB5,10,1,UVH4d,39,0.0,8550000.0,8.55,685,1024,0.6689453125
01a0a57e-4c4f-7f82-af6d-66730fad5648,d,C,QB5,10,1,UVH4d,40,0.0,9000000.0,9.0,687,1024,0.6708984375
01a0a57e-4c4f-7f82-af6d-66730fad5648,d,C,QB5,10,2,UVH5d,0,0.0,-9000000.0,-9.0,77,1024,0.0751953125
01a0a57e-4c4f-7f82-af6d-66730fad5648,d,C,QB5,10,2,UVH5d,1,0.0,-8550000.0,-8.55,92,1024,0.08984375
01a0a57e-4c4f-7f82-af6d-66730fad5648,d,C,QB5,10,2,UVH5d,2,0.0,-8100000.0,-8.1,106,1024,0.103515625
01a0a57e-4c4f-7f82-af6d-66730fad5648,d,C,QB5,10,2,UVH5d,3,0.0,-7650000.0,-7.65,133,1024,0.1298828125
01a0a57e-4c4f-7f82-af6d-66730fad5648,d,C,QB5,10,2,UVH5d,4,0.0,-7200000.0,-7.2,161,1024,0.1572265625
01a0a57e-4c4f-7f82-af6d-66730fad5648,d,C,QB5,10,2,UVH5d,5,0.0,-6750000.0,-6.75,180,1024,0.17578125
01a0a57e-4c4f-7f82-af6d-66730fad5648,d,C,QB5,10,2,UVH5d,6,0.0,-6300000.0,-6.3,211,1024,0.2060546875
01a0a57e-4c4f-7f82-af6d-66730fad5648,d,C,QB5,10,2,UVH5d,7,0.0,-5850000.0,-5.85,242,1024,0.236328125
01a0a57e-4c4f-7f82-af6d-66730fad5648,d,C,QB5,10,2,UVH5d,8,0.0,-5400000.0,-5.4,302,1024,0.294921875
01a0a57e-4c4f-7f82-af6d-66730fad5648,d,C,QB5,10,2,UVH5d,9,0.0,-4950000.0,-4.95,302,1024,0.294921875
01a0a57e-4c4f-7f82-af6d-66730fad5648,d,C,QB5,10,2,UVH5d,10,0.0,-4500000.0,-4.5,327,1024,0.3193359375
01a0a57e-4c4f-7f82-af6d-66730fad5648,d,C,QB5,10,2,UVH5d,11,0.0,-4050000.0,-4.05,376,1024,0.3671875
01a0a57e-4c4f-7f82-af6d-66730fad5648,d,C,QB5,10,2,UVH5d,12,0.0,-3600000.0,-3.6,370,1024,0.361328125
01a0a57e-4c4f-7f82-af6d-66730fad5648,d,C,QB5,10,2,UVH5d,13,0.0,-3150000.0,-3.15,419,1024,0.4091796875
01a0a57e-4c4f-7f82-af6d-66730fad5648,d,C,QB5,10,2,UVH5d,14,0.0,-2700000.0,-2.7,427,1024,0.4169921875
01a0a57e-4c4f-7f82-af6d-66730fad5648,d,C,QB5,10,2,UVH5d,15,0.0,-2250000.0,-2.25,446,1024,0.435546875
01a0a57e-4c4f-7f82-af6d-66730fad5648,d,C,QB5,10,2,UVH5d,16,0.0,-1800000.0,-1.8,468,1024,0.45703125
01a0a57e-4c4f-7f82-af6d-66730fad5648,d,C,QB5,10,2,UVH5d,17,0.0,-1350000.0,-1.35,456,1024,0.4453125
01a0a57e-4c4f-7f82-af6d-66730fad5648,d,C,QB5,10,2,UVH5d,18,0.0,-900000.0,-0.9,487,1024,0.4755859375
01a0a57e-4c4f-7f82-af6d-66730fad5648,d,C,QB5,10,2,UVH5d,19,0.0,-450000.0,-0.45,471,1024,0.4599609375
01a0a57e-4c4f-7f82-af6d-66730fad5648,d,C,QB5,10,2,UVH5d,20,0.0,0.0,0.0,494,1024,0.482421875
01a0a57e-4c4f-7f82-af6d-66730fad5648,d,C,QB5,10,2,UVH5d,21,0.0,450000.0,0.45,477,1024,0.4658203125
01a0a57e-4c4f-7f82-af6d-66730fad5648,d,C,QB5,10,2,UVH5d,22,0.0,900000.0,0.9,473,1024,0.4619140625
01a0a57e-4c4f-7f82-af6d-66730fad5648,d,C,QB5,10,2,UVH5d,23,0.0,1350000.0,1.35,454,1024,0.443359375
01a0a57e-4c4f-7f82-af6d-66730fad5648,d,C,QB5,10,2,UVH5d,24,0.0,1800000.0,1.8,471,1024,0.4599609375
01a0a57e-4c4f-7f82-af6d-66730fad5648,d,C,QB5,10,2,UVH5d,25,0.0,2250000.0,2.25,465,1024,0.4541015625
01a0a57e-4c4f-7f82-af6d-66730fad5648,d,C,QB5,10,2,UVH5d,26,0.0,2700000.0,2.7,469,1024,0.4580078125
01a0a57e-4c4f-7f82-af6d-66730fad5648,d,C,QB5,10,2,UVH5d,27,0.0,3150000.0,3.15,463,1024,0.4521484375
01a0a57e-4c4f-7f82-af6d-66730fad5648,d,C,QB5,10,2,UVH5d,28,0.0,3600000.0,3.6,468,1024,0.45703125
01a0a57e-4c4f-7f82-af6d-66730fad5648,d,C,QB5,10,2,UVH5d,29,0.0,4050000.0,4.05,502,1024,0.490234375
01a0a57e-4c4f-7f82-af6d-66730fad5648,d,C,QB5,10,2,UVH5d,30,0.0,4500000.0,4.5,479,1024,0.4677734375
01a0a57e-4c4f-7f82-af6d-66730fad5648,d,C,QB5,10,2,UVH5d,31,0.0,4950000.0,4.95,487,1024,0.4755859375
01a0a57e-4c4f-7f82-af6d-66730fad5648,d,C,QB5,10,2,UVH5d,32,0.0,5400000.0,5.4,505,1024,0.4931640625
01a0a57e-4c4f-7f82-af6d-66730fad5648,d,C,QB5,10,2,UVH5d,33,0.0,5850000.0,5.85,549,1024,0.5361328125
01a0a57e-4c4f-7f82-af6d-66730fad5648,d,C,QB5,10,2,UVH5d,34,0.0,6300000.0,6.3,548,1024,0.53515625
01a0a57e-4c4f-7f82-af6d-66730fad5648,d,C,QB5,10,2,UVH5d,35,0.0,6750000.0,6.75,555,1024,0.5419921875
01a0a57e-4c4f-7f82-af6d-66730fad5648,d,C,QB5,10,2,UVH5d,36,0.0,7200000.0,7.2,559,1024,0.5458984375
01a0a57e-4c4f-7f82-af6d-66730fad5648,d,C,QB5,10,2,UVH5d,37,0.0,7650000.0,7.65,562,1024,0.548828125
01a0a57e-4c4f-7f82-af6d-66730fad5648,d,C,QB5,10,2,UVH5d,38,0.0,8100000.0,8.1,596,1024,0.58203125
01a0a57e-4c4f-7f82-af6d-66730fad5648,d,C,QB5,10,2,UVH5d,39,0.0,8550000.0,8.55,587,1024,0.5732421875
01a0a57e-4c4f-7f82-af6d-66730fad5648,d,C,QB5,10,2,UVH5d,40,0.0,9000000.0,9.0,606,1024,0.591796875
01a0a57e-4c4f-7f82-af6d-66730fad5648,d,C,QB5,10,3,UVH6d,0,0.0,-9000000.0,-9.0,571,1024,0.5576171875
01a0a57e-4c4f-7f82-af6d-66730fad5648,d,C,QB5,10,3,UVH6d,1,0.0,-8550000.0,-8.55,542,1024,0.529296875
01a0a57e-4c4f-7f82-af6d-66730fad5648,d,C,QB5,10,3,UVH6d,2,0.0,-8100000.0,-8.1,534,1024,0.521484375
01a0a57e-4c4f-7f82-af6d-66730fad5648,d,C,QB5,10,3,UVH6d,3,0.0,-7650000.0,-7.65,528,1024,0.515625
01a0a57e-4c4f-7f82-af6d-66730fad5648,d,C,QB5,10,3,UVH6d,4,0.0,-7200000.0,-7.2,514,1024,0.501953125
01a0a57e-4c4f-7f82-af6d-66730fad5648,d,C,QB5,10,3,UVH6d,5,0.0,-6750000.0,-6.75,504,1024,0.4921875
01a0a57e-4c4f-7f82-af6d-66730fad5648,d,C,QB5,10,3,UVH6d,6,0.0,-6300000.0,-6.3,478,1024,0.466796875
01a0a57e-4c4f-7f82-af6d-66730fad5648,d,C,QB5,10,3,UVH6d,7,0.0,-5850000.0,-5.85,502,1024,0.490234375
01a0a57e-4c4f-7f82-af6d-66730fad5648,d,C,QB5,10,3,UVH6d,8,0.0,-5400000.0,-5.4,522,1024,0.509765625
01a0a57e-4c4f-7f82-af6d-66730fad5648,d,C,QB5,10,3,UVH6d,9,0.0,-4950000.0,-4.95,468,1024,0.45703125
01a0a57e-4c4f-7f82-af6d-66730fad5648,d,C,QB5,10,3,UVH6d,10,0.0,-4500000.0,-4.5,484,1024,0.47265625
01a0a57e-4c4f-7f82-af6d-66730fad5648,d,C,QB5,10,3,UVH6d,11,0.0,-4050000.0,-4.05,467,1024,0.4560546875
01a0a57e-4c4f-7f82-af6d-66730fad5648,d,C,QB5,10,3,UVH6d,12,0.0,-3600000.0,-3.6,495,1024,0.4833984375
01a0a57e-4c4f-7f82-af6d-66730fad5648,d,C,QB5,10,3,UVH6d,13,0.0,-3150000.0,-3.15,485,1024,0.4736328125
01a0a57e-4c4f-7f82-af6d-66730fad5648,d,C,QB5,10,3,UVH6d,14,0.0,-2700000.0,-2.7,496,1024,0.484375
01a0a57e-4c4f-7f82-af6d-66730fad5648,d,C,QB5,10,3,UVH6d,15,0.0,-2250000.0,-2.25,472,1024,0.4609375
01a0a57e-4c4f-7f82-af6d-66730fad5648,d,C,QB5,10,3,UVH6d,16,0.0,-1800000.0,-1.8,467,1024,0.4560546875
01a0a57e-4c4f-7f82-af6d-66730fad5648,d,C,QB5,10,3,UVH6d,17,0.0,-1350000.0,-1.35,515,1024,0.5029296875
01a0a57e-4c4f-7f82-af6d-66730fad5648,d,C,QB5,10,3,UVH6d,18,0.0,-900000.0,-0.9,508,1024,0.49609375
01a0a57e-4c4f-7f82-af6d-66730fad5648,d,C,QB5,10,3,UVH6d,19,0.0,-450000.0,-0.45,481,1024,0.4697265625
01a0a57e-4c4f-7f82-af6d-66730fad5648,d,C,QB5,10,3,UVH6d,20,0.0,0.0,0.0,501,1024,0.4892578125
01a0a57e-4c4f-7f82-af6d-66730fad5648,d,C,QB5,10,3,UVH6d,21,0.0,450000.0,0.45,481,1024,0.4697265625
01a0a57e-4c4f-7f82-af6d-66730fad5648,d,C,QB5,10,3,UVH6d,22,0.0,900000.0,0.9,476,1024,0.46484375
01a0a57e-4c4f-7f82-af6d-66730fad5648,d,C,QB5,10,3,UVH6d,23,0.0,1350000.0,1.35,486,1024,0.474609375
01a0a57e-4c4f-7f82-af6d-66730fad5648,d,C,QB5,10,3,UVH6d,24,0.0,1800000.0,1.8,465,1024,0.4541015625
01a0a57e-4c4f-7f82-af6d-66730fad5648,d,C,QB5,10,3,UVH6d,25,0.0,2250000.0,2.25,494,1024,0.482421875
01a0a57e-4c4f-7f82-af6d-66730fad5648,d,C,QB5,10,3,UVH6d,26,0.0,2700000.0,2.7,493,1024,0.4814453125
01a0a57e-4c4f-7f82-af6d-66730fad5648,d,C,QB5,10,3,UVH6d,27,0.0,3150000.0,3.15,464,1024,0.453125
01a0a57e-4c4f-7f82-af6d-66730fad5648,d,C,QB5,10,3,UVH6d,28,0.0,3600000.0,3.6,508,1024,0.49609375
01a0a57e-4c4f-7f82-af6d-66730fad5648,d,C,QB5,10,3,UVH6d,29,0.0,4050000.0,4.05,511,1024,0.4990234375
01a0a57e-4c4f-7f82-af6d-66730fad5648,d,C,QB5,10,3,UVH6d,30,0.0,4500000.0,4.5,472,1024,0.4609375
01a0a57e-4c4f-7f82-af6d-66730fad5648,d,C,QB5,10,3,UVH6d,31,0.0,4950000.0,4.95,473,1024,0.4619140625
01a0a57e-4c4f-7f82-af6d-66730fad5648,d,C,QB5,10,3,UVH6d,32,0.0,5400000.0,5.4,467,1024,0.4560546875
01a0a57e-4c4f-7f82-af6d-66730fad5648,d,C,QB5,10,3,UVH6d,33,0.0,5850000.0,5.85,501,1024,0.4892578125
01a0a57e-4c4f-7f82-af6d-66730fad5648,d,C,QB5,10,3,UVH6d,34,0.0,6300000.0,6.3,505,1024,0.4931640625
01a0a57e-4c4f-7f82-af6d-66730fad5648,d,C,QB5,10,3,UVH6d,35,0.0,6750000.0,6.75,519,1024,0.5068359375
01a0a57e-4c4f-7f82-af6d-66730fad5648,d,C,QB5,10,3,UVH6d,36,0.0,7200000.0,7.2,534,1024,0.521484375
01a0a57e-4c4f-7f82-af6d-66730fad5648,d,C,QB5,10,3,UVH6d,37,0.0,7650000.0,7.65,536,1024,0.5234375
01a0a57e-4c4f-7f82-af6d-66730fad5648,d,C,QB5,10,3,UVH6d,38,0.0,8100000.0,8.1,565,1024,0.5517578125
01a0a57e-4c4f-7f82-af6d-66730fad5648,d,C,QB5,10,3,UVH6d,39,0.0,8550000.0,8.55,577,1024,0.5634765625
01a0a57e-4c4f-7f82-af6d-66730fad5648,d,C,QB5,10,3,UVH6d,40,0.0,9000000.0,9.0,609,1024,0.5947265625
01a0a57e-4c4f-7f82-af6d-66730fad5648,d,C,QB5,10,4,UVH7d,0,0.0,-9000000.0,-9.0,499,1024,0.4873046875
01a0a57e-4c4f-7f82-af6d-66730fad5648,d,C,QB5,10,4,UVH7d,1,0.0,-8550000.0,-8.55,529,1024,0.5166015625
01a0a57e-4c4f-7f82-af6d-66730fad5648,d,C,QB5,10,4,UVH7d,2,0.0,-8100000.0,-8.1,512,1024,0.5
01a0a57e-4c4f-7f82-af6d-66730fad5648,d,C,QB5,10,4,UVH7d,3,0.0,-7650000.0,-7.65,500,1024,0.48828125
01a0a57e-4c4f-7f82-af6d-66730fad5648,d,C,QB5,10,4,UVH7d,4,0.0,-7200000.0,-7.2,504,1024,0.4921875
01a0a57e-4c4f-7f82-af6d-66730fad5648,d,C,QB5,10,4,UVH7d,5,0.0,-6750000.0,-6.75,500,1024,0.48828125
01a0a57e-4c4f-7f82-af6d-66730fad5648,d,C,QB5,10,4,UVH7d,6,0.0,-6300000.0,-6.3,504,1024,0.4921875
01a0a57e-4c4f-7f82-af6d-66730fad5648,d,C,QB5,10,4,UVH7d,7,0.0,-5850000.0,-5.85,514,1024,0.501953125
01a0a57e-4c4f-7f82-af6d-66730fad5648,d,C,QB5,10,4,UVH7d,8,0.0,-5400000.0,-5.4,508,1024,0.49609375
01a0a57e-4c4f-7f82-af6d-66730fad5648,d,C,QB5,10,4,UVH7d,9,0.0,-4950000.0,-4.95,521,1024,0.5087890625
01a0a57e-4c4f-7f82-af6d-66730fad5648,d,C,QB5,10,4,UVH7d,10,0.0,-4500000.0,-4.5,516,1024,0.50390625
01a0a57e-4c4f-7f82-af6d-66730fad5648,d,C,QB5,10,4,UVH7d,11,0.0,-4050000.0,-4.05,495,1024,0.4833984375
01a0a57e-4c4f-7f82-af6d-66730fad5648,d,C,QB5,10,4,UVH7d,12,0.0,-3600000.0,-3.6,518,1024,0.505859375
01a0a57e-4c4f-7f82-af6d-66730fad5648,d,C,QB5,10,4,UVH7d,13,0.0,-3150000.0,-3.15,516,1024,0.50390625
01a0a57e-4c4f-7f82-af6d-66730fad5648,d,C,QB5,10,4,UVH7d,14,0.0,-2700000.0,-2.7,519,1024,0.5068359375
01a0a57e-4c4f-7f82-af6d-66730fad5648,d,C,QB5,10,4,UVH7d,15,0.0,-2250000.0,-2.25,528,1024,0.515625
01a0a57e-4c4f-7f82-af6d-66730fad5648,d,C,QB5,10,4,UVH7d,16,0.0,-1800000.0,-1.8,500,1024,0.48828125
01a0a57e-4c4f-7f82-af6d-66730fad5648,d,C,QB5,10,4,UVH7d,17,0.0,-1350000.0,-1.35,524,1024,0.51171875
01a0a57e-4c4f-7f82-af6d-66730fad5648,d,C,QB5,10,4,UVH7d,18,0.0,-900000.0,-0.9,533,1024,0.5205078125
01a0a57e-4c4f-7f82-af6d-66730fad5648,d,C,QB5,10,4,UVH7d,19,0.0,-450000.0,-0.45,474,1024,0.462890625
01a0a57e-4c4f-7f82-af6d-66730fad5648,d,C,QB5,10,4,UVH7d,20,0.0,0.0,0.0,511,1024,0.4990234375
01a0a57e-4c4f-7f82-af6d-66730fad5648,d,C,QB5,10,4,UVH7d,21,0.0,450000.0,0.45,457,1024,0.4462890625
01a0a57e-4c4f-7f82-af6d-66730fad5648,d,C,QB5,10,4,UVH7d,22,0.0,900000.0,0.9,496,1024,0.484375
01a0a57e-4c4f-7f82-af6d-66730fad5648,d,C,QB5,10,4,UVH7d,23,0.0,1350000.0,1.35,482,1024,0.470703125
01a0a57e-4c4f-7f82-af6d-66730fad5648,d,C,QB5,10,4,UVH7d,24,0.0,1800000.0,1.8,499,1024,0.4873046875
01a0a57e-4c4f-7f82-af6d-66730fad5648,d,C,QB5,10,4,UVH7d,25,0.0,2250000.0,2.25,523,1024,0.5107421875
01a0a57e-4c4f-7f82-af6d-66730fad5648,d,C,QB5,10,4,UVH7d,26,0.0,2700000.0,2.7,516,1024,0.50390625
01a0a57e-4c4f-7f82-af6d-66730fad5648,d,C,QB5,10,4,UVH7d,27,0.0,3150000.0,3.15,508,1024,0.49609375
01a0a57e-4c4f-7f82-af6d-66730fad5648,d,C,QB5,10,4,UVH7d,28,0.0,3600000.0,3.6,487,1024,0.4755859375
01a0a57e-4c4f-7f82-af6d-66730fad5648,d,C,QB5,10,4,UVH7d,29,0.0,4050000.0,4.05,466,1024,0.455078125
01a0a57e-4c4f-7f82-af6d-66730fad5648,d,C,QB5,10,4,UVH7d,30,0.0,4500000.0,4.5,483,1024,0.4716796875
01a0a57e-4c4f-7f82-af6d-66730fad5648,d,C,QB5,10,4,UVH7d,31,0.0,4950000.0,4.95,458,1024,0.447265625
01a0a57e-4c4f-7f82-af6d-66730fad5648,d,C,QB5,10,4,UVH7d,32,0.0,5400000.0,5.4,440,1024,0.4296875
01a0a57e-4c4f-7f82-af6d-66730fad5648,d,C,QB5,10,4,UVH7d,33,0.0,5850000.0,5.85,448,1024,0.4375
01a0a57e-4c4f-7f82-af6d-66730fad5648,d,C,QB5,10,4,UVH7d,34,0.0,6300000.0,6.3,422,1024,0.412109375
01a0a57e-4c4f-7f82-af6d-66730fad5648,d,C,QB5,10,4,UVH7d,35,0.0,6750000.0,6.75,434,1024,0.423828125
01a0a57e-4c4f-7f82-af6d-66730fad5648,d,C,QB5,10,4,UVH7d,36,0.0,7200000.0,7.2,395,1024,0.3857421875
01a0a57e-4c4f-7f82-af6d-66730fad5648,d,C,QB5,10,4,UVH7d,37,0.0,7650000.0,7.65,390,1024,0.380859375
01a0a57e-4c4f-7f82-af6d-66730fad5648,d,C,QB5,10,4,UVH7d,38,0.0,8100000.0,8.1,356,1024,0.34765625
01a0a57e-4c4f-7f82-af6d-66730fad5648,d,C,QB5,10,4,UVH7d,39,0.0,8550000.0,8.55,342,1024,0.333984375
01a0a57e-4c4f-7f82-af6d-66730fad5648,d,C,QB5,10,4,UVH7d,40,0.0,9000000.0,9.0,341,1024,0.3330078125
01a0a57e-4c4f-7f82-af6d-66730fad5648,d,C,QB5,10,5,UVH8d,0,0.0,-9000000.0,-9.0,559,1024,0.5458984375
01a0a57e-4c4f-7f82-af6d-66730fad5648,d,C,QB5,10,5,UVH8d,1,0.0,-8550000.0,-8.55,526,1024,0.513671875
01a0a57e-4c4f-7f82-af6d-66730fad5648,d,C,QB5,10,5,UVH8d,2,0.0,-8100000.0,-8.1,556,1024,0.54296875
01a0a57e-4c4f-7f82-af6d-66730fad5648,d,C,QB5,10,5,UVH8d,3,0.0,-7650000.0,-7.65,504,1024,0.4921875
01a0a57e-4c4f-7f82-af6d-66730fad5648,d,C,QB5,10,5,UVH8d,4,0.0,-7200000.0,-7.2,486,1024,0.474609375
01a0a57e-4c4f-7f82-af6d-66730fad5648,d,C,QB5,10,5,UVH8d,5,0.0,-6750000.0,-6.75,500,1024,0.48828125
01a0a57e-4c4f-7f82-af6d-66730fad5648,d,C,QB5,10,5,UVH8d,6,0.0,-6300000.0,-6.3,524,1024,0.51171875
01a0a57e-4c4f-7f82-af6d-66730fad5648,d,C,QB5,10,5,UVH8d,7,0.0,-5850000.0,-5.85,525,1024,0.5126953125
01a0a57e-4c4f-7f82-af6d-66730fad5648,d,C,QB5,10,5,UVH8d,8,0.0,-5400000.0,-5.4,499,1024,0.4873046875
01a0a57e-4c4f-7f82-af6d-66730fad5648,d,C,QB5,10,5,UVH8d,9,0.0,-4950000.0,-4.95,525,1024,0.5126953125
01a0a57e-4c4f-7f82-af6d-66730fad5648,d,C,QB5,10,5,UVH8d,10,0.0,-4500000.0,-4.5,504,1024,0.4921875
01a0a57e-4c4f-7f82-af6d-66730fad5648,d,C,QB5,10,5,UVH8d,11,0.0,-4050000.0,-4.05,521,1024,0.5087890625
01a0a57e-4c4f-7f82-af6d-66730fad5648,d,C,QB5,10,5,UVH8d,12,0.0,-3600000.0,-3.6,511,1024,0.4990234375
01a0a57e-4c4f-7f82-af6d-66730fad5648,d,C,QB5,10,5,UVH8d,13,0.0,-3150000.0,-3.15,508,1024,0.49609375
01a0a57e-4c4f-7f82-af6d-66730fad5648,d,C,QB5,10,5,UVH8d,14,0.0,-2700000.0,-2.7,493,1024,0.4814453125
01a0a57e-4c4f-7f82-af6d-66730fad5648,d,C,QB5,10,5,UVH8d,15,0.0,-2250000.0,-2.25,507,1024,0.4951171875
01a0a57e-4c4f-7f82-af6d-66730fad5648,d,C,QB5,10,5,UVH8d,16,0.0,-1800000.0,-1.8,488,1024,0.4765625
01a0a57e-4c4f-7f82-af6d-66730fad5648,d,C,QB5,10,5,UVH8d,17,0.0,-1350000.0,-1.35,481,1024,0.4697265625
01a0a57e-4c4f-7f82-af6d-66730fad5648,d,C,QB5,10,5,UVH8d,18,0.0,-900000.0,-0.9,504,1024,0.4921875
01a0a57e-4c4f-7f82-af6d-66730fad5648,d,C,QB5,10,5,UVH8d,19,0.0,-450000.0,-0.45,505,1024,0.4931640625
01a0a57e-4c4f-7f82-af6d-66730fad5648,d,C,QB5,10,5,UVH8d,20,0.0,0.0,0.0,503,1024,0.4912109375
01a0a57e-4c4f-7f82-af6d-66730fad5648,d,C,QB5,10,5,UVH8d,21,0.0,450000.0,0.45,487,1024,0.4755859375
01a0a57e-4c4f-7f82-af6d-66730fad5648,d,C,QB5,10,5,UVH8d,22,0.0,900000.0,0.9,551,1024,0.5380859375
01a0a57e-4c4f-7f82-af6d-66730fad5648,d,C,QB5,10,5,UVH8d,23,0.0,1350000.0,1.35,510,1024,0.498046875
01a0a57e-4c4f-7f82-af6d-66730fad5648,d,C,QB5,10,5,UVH8d,24,0.0,1800000.0,1.8,509,1024,0.4970703125
01a0a57e-4c4f-7f82-af6d-66730fad5648,d,C,QB5,10,5,UVH8d,25,0.0,2250000.0,2.25,509,1024,0.4970703125
01a0a57e-4c4f-7f82-af6d-66730fad5648,d,C,QB5,10,5,UVH8d,26,0.0,2700000.0,2.7,472,1024,0.4609375
01a0a57e-4c4f-7f82-af6d-66730fad5648,d,C,QB5,10,5,UVH8d,27,0.0,3150000.0,3.15,501,1024,0.4892578125
01a0a57e-4c4f-7f82-af6d-66730fad5648,d,C,QB5,10,5,UVH8d,28,0.0,3600000.0,3.6,492,1024,0.48046875
01a0a57e-4c4f-7f82-af6d-66730fad5648,d,C,QB5,10,5,UVH8d,29,0.0,4050000.0,4.05,527,1024,0.5146484375
01a0a57e-4c4f-7f82-af6d-66730fad5648,d,C,QB5,10,5,UVH8d,30,0.0,4500000.0,4.5,515,1024,0.5029296875
01a0a57e-4c4f-7f82-af6d-66730fad5648,d,C,QB5,10,5,UVH8d,31,0.0,4950000.0,4.95,489,1024,0.4775390625
01a0a57e-4c4f-7f82-af6d-66730fad5648,d,C,QB5,10,5,UVH8d,32,0.0,5400000.0,5.4,530,1024,0.517578125
01a0a57e-4c4f-7f82-af6d-66730fad5648,d,C,QB5,10,5,UVH8d,33,0.0,5850000.0,5.85,478,1024,0.466796875
01a0a57e-4c4f-7f82-af6d-66730fad5648,d,C,QB5,10,5,UVH8d,34,0.0,6300000.0,6.3,472,1024,0.4609375
01a0a57e-4c4f-7f82-af6d-66730fad5648,d,C,QB5,10,5,UVH8d,35,0.0,6750000.0,6.75,480,1024,0.46875
01a0a57e-4c4f-7f82-af6d-66730fad5648,d,C,QB5,10,5,UVH8d,36,0.0,7200000.0,7.2,465,1024,0.4541015625
01a0a57e-4c4f-7f82-af6d-66730fad5648,d,C,QB5,10,5,UVH8d,37,0.0,7650000.0,7.65,484,1024,0.47265625
01a0a57e-4c4f-7f82-af6d-66730fad5648,d,C,QB5,10,5,UVH8d,38,0.0,8100000.0,8.1,493,1024,0.4814453125
01a0a57e-4c4f-7f82-af6d-66730fad5648,d,C,QB5,10,5,UVH8d,39,0.0,8550000.0,8.55,486,1024,0.474609375
01a0a57e-4c4f-7f82-af6d-66730fad5648,d,C,QB5,10,5,UVH8d,40,0.0,9000000.0,9.0,443,1024,0.4326171875
01a0a57e-4c4f-7f82-af6d-66730fad5648,d,C,QB1,11,0,standard_pi_2,0,0.0,-9000000.0,-9.0,528,1024,0.515625
01a0a57e-4c4f-7f82-af6d-66730fad5648,d,C,QB1,11,0,standard_pi_2,1,0.0,-8550000.0,-8.55,547,1024,0.5341796875
01a0a57e-4c4f-7f82-af6d-66730fad5648,d,C,QB1,11,0,standard_pi_2,2,0.0,-8100000.0,-8.1,577,1024,0.5634765625
01a0a57e-4c4f-7f82-af6d-66730fad5648,d,C,QB1,11,0,standard_pi_2,3,0.0,-7650000.0,-7.65,555,1024,0.5419921875
01a0a57e-4c4f-7f82-af6d-66730fad5648,d,C,QB1,11,0,standard_pi_2,4,0.0,-7200000.0,-7.2,530,1024,0.517578125
01a0a57e-4c4f-7f82-af6d-66730fad5648,d,C,QB1,11,0,standard_pi_2,5,0.0,-6750000.0,-6.75,554,1024,0.541015625
01a0a57e-4c4f-7f82-af6d-66730fad5648,d,C,QB1,11,0,standard_pi_2,6,0.0,-6300000.0,-6.3,549,1024,0.5361328125
01a0a57e-4c4f-7f82-af6d-66730fad5648,d,C,QB1,11,0,standard_pi_2,7,0.0,-5850000.0,-5.85,572,1024,0.55859375
01a0a57e-4c4f-7f82-af6d-66730fad5648,d,C,QB1,11,0,standard_pi_2,8,0.0,-5400000.0,-5.4,571,1024,0.5576171875
01a0a57e-4c4f-7f82-af6d-66730fad5648,d,C,QB1,11,0,standard_pi_2,9,0.0,-4950000.0,-4.95,557,1024,0.5439453125
01a0a57e-4c4f-7f82-af6d-66730fad5648,d,C,QB1,11,0,standard_pi_2,10,0.0,-4500000.0,-4.5,538,1024,0.525390625
01a0a57e-4c4f-7f82-af6d-66730fad5648,d,C,QB1,11,0,standard_pi_2,11,0.0,-4050000.0,-4.05,549,1024,0.5361328125
01a0a57e-4c4f-7f82-af6d-66730fad5648,d,C,QB1,11,0,standard_pi_2,12,0.0,-3600000.0,-3.6,571,1024,0.5576171875
01a0a57e-4c4f-7f82-af6d-66730fad5648,d,C,QB1,11,0,standard_pi_2,13,0.0,-3150000.0,-3.15,544,1024,0.53125
01a0a57e-4c4f-7f82-af6d-66730fad5648,d,C,QB1,11,0,standard_pi_2,14,0.0,-2700000.0,-2.7,522,1024,0.509765625
01a0a57e-4c4f-7f82-af6d-66730fad5648,d,C,QB1,11,0,standard_pi_2,15,0.0,-2250000.0,-2.25,508,1024,0.49609375
01a0a57e-4c4f-7f82-af6d-66730fad5648,d,C,QB1,11,0,standard_pi_2,16,0.0,-1800000.0,-1.8,527,1024,0.5146484375
01a0a57e-4c4f-7f82-af6d-66730fad5648,d,C,QB1,11,0,standard_pi_2,17,0.0,-1350000.0,-1.35,508,1024,0.49609375
01a0a57e-4c4f-7f82-af6d-66730fad5648,d,C,QB1,11,0,standard_pi_2,18,0.0,-900000.0,-0.9,516,1024,0.50390625
01a0a57e-4c4f-7f82-af6d-66730fad5648,d,C,QB1,11,0,standard_pi_2,19,0.0,-450000.0,-0.45,541,1024,0.5283203125
01a0a57e-4c4f-7f82-af6d-66730fad5648,d,C,QB1,11,0,standard_pi_2,20,0.0,0.0,0.0,492,1024,0.48046875
01a0a57e-4c4f-7f82-af6d-66730fad5648,d,C,QB1,11,0,standard_pi_2,21,0.0,450000.0,0.45,491,1024,0.4794921875
01a0a57e-4c4f-7f82-af6d-66730fad5648,d,C,QB1,11,0,standard_pi_2,22,0.0,900000.0,0.9,535,1024,0.5224609375
01a0a57e-4c4f-7f82-af6d-66730fad5648,d,C,QB1,11,0,standard_pi_2,23,0.0,1350000.0,1.35,506,1024,0.494140625
01a0a57e-4c4f-7f82-af6d-66730fad5648,d,C,QB1,11,0,standard_pi_2,24,0.0,1800000.0,1.8,478,1024,0.466796875
01a0a57e-4c4f-7f82-af6d-66730fad5648,d,C,QB1,11,0,standard_pi_2,25,0.0,2250000.0,2.25,495,1024,0.4833984375
01a0a57e-4c4f-7f82-af6d-66730fad5648,d,C,QB1,11,0,standard_pi_2,26,0.0,2700000.0,2.7,484,1024,0.47265625
01a0a57e-4c4f-7f82-af6d-66730fad5648,d,C,QB1,11,0,standard_pi_2,27,0.0,3150000.0,3.15,514,1024,0.501953125
01a0a57e-4c4f-7f82-af6d-66730fad5648,d,C,QB1,11,0,standard_pi_2,28,0.0,3600000.0,3.6,510,1024,0.498046875
01a0a57e-4c4f-7f82-af6d-66730fad5648,d,C,QB1,11,0,standard_pi_2,29,0.0,4050000.0,4.05,499,1024,0.4873046875
01a0a57e-4c4f-7f82-af6d-66730fad5648,d,C,QB1,11,0,standard_pi_2,30,0.0,4500000.0,4.5,484,1024,0.47265625
01a0a57e-4c4f-7f82-af6d-66730fad5648,d,C,QB1,11,0,standard_pi_2,31,0.0,4950000.0,4.95,477,1024,0.4658203125
01a0a57e-4c4f-7f82-af6d-66730fad5648,d,C,QB1,11,0,standard_pi_2,32,0.0,5400000.0,5.4,488,1024,0.4765625
01a0a57e-4c4f-7f82-af6d-66730fad5648,d,C,QB1,11,0,standard_pi_2,33,0.0,5850000.0,5.85,466,1024,0.455078125
01a0a57e-4c4f-7f82-af6d-66730fad5648,d,C,QB1,11,0,standard_pi_2,34,0.0,6300000.0,6.3,461,1024,0.4501953125
01a0a57e-4c4f-7f82-af6d-66730fad5648,d,C,QB1,11,0,standard_pi_2,35,0.0,6750000.0,6.75,501,1024,0.4892578125
01a0a57e-4c4f-7f82-af6d-66730fad5648,d,C,QB1,11,0,standard_pi_2,36,0.0,7200000.0,7.2,471,1024,0.4599609375
01a0a57e-4c4f-7f82-af6d-66730fad5648,d,C,QB1,11,0,standard_pi_2,37,0.0,7650000.0,7.65,440,1024,0.4296875
01a0a57e-4c4f-7f82-af6d-66730fad5648,d,C,QB1,11,0,standard_pi_2,38,0.0,8100000.0,8.1,477,1024,0.4658203125
01a0a57e-4c4f-7f82-af6d-66730fad5648,d,C,QB1,11,0,standard_pi_2,39,0.0,8550000.0,8.55,448,1024,0.4375
01a0a57e-4c4f-7f82-af6d-66730fad5648,d,C,QB1,11,0,standard_pi_2,40,0.0,9000000.0,9.0,429,1024,0.4189453125
01a0a57e-4c4f-7f82-af6d-66730fad5648,d,C,QB1,11,1,UVH4d,0,0.0,-9000000.0,-9.0,368,1024,0.359375
01a0a57e-4c4f-7f82-af6d-66730fad5648,d,C,QB1,11,1,UVH4d,1,0.0,-8550000.0,-8.55,384,1024,0.375
01a0a57e-4c4f-7f82-af6d-66730fad5648,d,C,QB1,11,1,UVH4d,2,0.0,-8100000.0,-8.1,416,1024,0.40625
01a0a57e-4c4f-7f82-af6d-66730fad5648,d,C,QB1,11,1,UVH4d,3,0.0,-7650000.0,-7.65,415,1024,0.4052734375
01a0a57e-4c4f-7f82-af6d-66730fad5648,d,C,QB1,11,1,UVH4d,4,0.0,-7200000.0,-7.2,411,1024,0.4013671875
01a0a57e-4c4f-7f82-af6d-66730fad5648,d,C,QB1,11,1,UVH4d,5,0.0,-6750000.0,-6.75,416,1024,0.40625
01a0a57e-4c4f-7f82-af6d-66730fad5648,d,C,QB1,11,1,UVH4d,6,0.0,-6300000.0,-6.3,439,1024,0.4287109375
01a0a57e-4c4f-7f82-af6d-66730fad5648,d,C,QB1,11,1,UVH4d,7,0.0,-5850000.0,-5.85,453,1024,0.4423828125
01a0a57e-4c4f-7f82-af6d-66730fad5648,d,C,QB1,11,1,UVH4d,8,0.0,-5400000.0,-5.4,459,1024,0.4482421875
01a0a57e-4c4f-7f82-af6d-66730fad5648,d,C,QB1,11,1,UVH4d,9,0.0,-4950000.0,-4.95,465,1024,0.4541015625
01a0a57e-4c4f-7f82-af6d-66730fad5648,d,C,QB1,11,1,UVH4d,10,0.0,-4500000.0,-4.5,474,1024,0.462890625
01a0a57e-4c4f-7f82-af6d-66730fad5648,d,C,QB1,11,1,UVH4d,11,0.0,-4050000.0,-4.05,491,1024,0.4794921875
01a0a57e-4c4f-7f82-af6d-66730fad5648,d,C,QB1,11,1,UVH4d,12,0.0,-3600000.0,-3.6,478,1024,0.466796875
01a0a57e-4c4f-7f82-af6d-66730fad5648,d,C,QB1,11,1,UVH4d,13,0.0,-3150000.0,-3.15,482,1024,0.470703125
01a0a57e-4c4f-7f82-af6d-66730fad5648,d,C,QB1,11,1,UVH4d,14,0.0,-2700000.0,-2.7,527,1024,0.5146484375
01a0a57e-4c4f-7f82-af6d-66730fad5648,d,C,QB1,11,1,UVH4d,15,0.0,-2250000.0,-2.25,504,1024,0.4921875
01a0a57e-4c4f-7f82-af6d-66730fad5648,d,C,QB1,11,1,UVH4d,16,0.0,-1800000.0,-1.8,510,1024,0.498046875
01a0a57e-4c4f-7f82-af6d-66730fad5648,d,C,QB1,11,1,UVH4d,17,0.0,-1350000.0,-1.35,518,1024,0.505859375
01a0a57e-4c4f-7f82-af6d-66730fad5648,d,C,QB1,11,1,UVH4d,18,0.0,-900000.0,-0.9,492,1024,0.48046875
01a0a57e-4c4f-7f82-af6d-66730fad5648,d,C,QB1,11,1,UVH4d,19,0.0,-450000.0,-0.45,481,1024,0.4697265625
01a0a57e-4c4f-7f82-af6d-66730fad5648,d,C,QB1,11,1,UVH4d,20,0.0,0.0,0.0,529,1024,0.5166015625
01a0a57e-4c4f-7f82-af6d-66730fad5648,d,C,QB1,11,1,UVH4d,21,0.0,450000.0,0.45,473,1024,0.4619140625
01a0a57e-4c4f-7f82-af6d-66730fad5648,d,C,QB1,11,1,UVH4d,22,0.0,900000.0,0.9,511,1024,0.4990234375
01a0a57e-4c4f-7f82-af6d-66730fad5648,d,C,QB1,11,1,UVH4d,23,0.0,1350000.0,1.35,538,1024,0.525390625
01a0a57e-4c4f-7f82-af6d-66730fad5648,d,C,QB1,11,1,UVH4d,24,0.0,1800000.0,1.8,520,1024,0.5078125
01a0a57e-4c4f-7f82-af6d-66730fad5648,d,C,QB1,11,1,UVH4d,25,0.0,2250000.0,2.25,489,1024,0.4775390625
01a0a57e-4c4f-7f82-af6d-66730fad5648,d,C,QB1,11,1,UVH4d,26,0.0,2700000.0,2.7,498,1024,0.486328125
01a0a57e-4c4f-7f82-af6d-66730fad5648,d,C,QB1,11,1,UVH4d,27,0.0,3150000.0,3.15,544,1024,0.53125
01a0a57e-4c4f-7f82-af6d-66730fad5648,d,C,QB1,11,1,UVH4d,28,0.0,3600000.0,3.6,550,1024,0.537109375
01a0a57e-4c4f-7f82-af6d-66730fad5648,d,C,QB1,11,1,UVH4d,29,0.0,4050000.0,4.05,564,1024,0.55078125
01a0a57e-4c4f-7f82-af6d-66730fad5648,d,C,QB1,11,1,UVH4d,30,0.0,4500000.0,4.5,563,1024,0.5498046875
01a0a57e-4c4f-7f82-af6d-66730fad5648,d,C,QB1,11,1,UVH4d,31,0.0,4950000.0,4.95,597,1024,0.5830078125
01a0a57e-4c4f-7f82-af6d-66730fad5648,d,C,QB1,11,1,UVH4d,32,0.0,5400000.0,5.4,592,1024,0.578125
01a0a57e-4c4f-7f82-af6d-66730fad5648,d,C,QB1,11,1,UVH4d,33,0.0,5850000.0,5.85,607,1024,0.5927734375
01a0a57e-4c4f-7f82-af6d-66730fad5648,d,C,QB1,11,1,UVH4d,34,0.0,6300000.0,6.3,634,1024,0.619140625
01a0a57e-4c4f-7f82-af6d-66730fad5648,d,C,QB1,11,1,UVH4d,35,0.0,6750000.0,6.75,648,1024,0.6328125
01a0a57e-4c4f-7f82-af6d-66730fad5648,d,C,QB1,11,1,UVH4d,36,0.0,7200000.0,7.2,643,1024,0.6279296875
01a0a57e-4c4f-7f82-af6d-66730fad5648,d,C,QB1,11,1,UVH4d,37,0.0,7650000.0,7.65,681,1024,0.6650390625
01a0a57e-4c4f-7f82-af6d-66730fad5648,d,C,QB1,11,1,UVH4d,38,0.0,8100000.0,8.1,660,1024,0.64453125
01a0a57e-4c4f-7f82-af6d-66730fad5648,d,C,QB1,11,1,UVH4d,39,0.0,8550000.0,8.55,711,1024,0.6943359375
01a0a57e-4c4f-7f82-af6d-66730fad5648,d,C,QB1,11,1,UVH4d,40,0.0,9000000.0,9.0,702,1024,0.685546875
01a0a57e-4c4f-7f82-af6d-66730fad5648,d,C,QB1,11,2,UVH5d,0,0.0,-9000000.0,-9.0,95,1024,0.0927734375
01a0a57e-4c4f-7f82-af6d-66730fad5648,d,C,QB1,11,2,UVH5d,1,0.0,-8550000.0,-8.55,131,1024,0.1279296875
01a0a57e-4c4f-7f82-af6d-66730fad5648,d,C,QB1,11,2,UVH5d,2,0.0,-8100000.0,-8.1,154,1024,0.150390625
01a0a57e-4c4f-7f82-af6d-66730fad5648,d,C,QB1,11,2,UVH5d,3,0.0,-7650000.0,-7.65,163,1024,0.1591796875
01a0a57e-4c4f-7f82-af6d-66730fad5648,d,C,QB1,11,2,UVH5d,4,0.0,-7200000.0,-7.2,192,1024,0.1875
01a0a57e-4c4f-7f82-af6d-66730fad5648,d,C,QB1,11,2,UVH5d,5,0.0,-6750000.0,-6.75,241,1024,0.2353515625
01a0a57e-4c4f-7f82-af6d-66730fad5648,d,C,QB1,11,2,UVH5d,6,0.0,-6300000.0,-6.3,261,1024,0.2548828125
01a0a57e-4c4f-7f82-af6d-66730fad5648,d,C,QB1,11,2,UVH5d,7,0.0,-5850000.0,-5.85,290,1024,0.283203125
01a0a57e-4c4f-7f82-af6d-66730fad5648,d,C,QB1,11,2,UVH5d,8,0.0,-5400000.0,-5.4,331,1024,0.3232421875
01a0a57e-4c4f-7f82-af6d-66730fad5648,d,C,QB1,11,2,UVH5d,9,0.0,-4950000.0,-4.95,363,1024,0.3544921875
01a0a57e-4c4f-7f82-af6d-66730fad5648,d,C,QB1,11,2,UVH5d,10,0.0,-4500000.0,-4.5,380,1024,0.37109375
01a0a57e-4c4f-7f82-af6d-66730fad5648,d,C,QB1,11,2,UVH5d,11,0.0,-4050000.0,-4.05,397,1024,0.3876953125
01a0a57e-4c4f-7f82-af6d-66730fad5648,d,C,QB1,11,2,UVH5d,12,0.0,-3600000.0,-3.6,413,1024,0.4033203125
01a0a57e-4c4f-7f82-af6d-66730fad5648,d,C,QB1,11,2,UVH5d,13,0.0,-3150000.0,-3.15,454,1024,0.443359375
01a0a57e-4c4f-7f82-af6d-66730fad5648,d,C,QB1,11,2,UVH5d,14,0.0,-2700000.0,-2.7,475,1024,0.4638671875
01a0a57e-4c4f-7f82-af6d-66730fad5648,d,C,QB1,11,2,UVH5d,15,0.0,-2250000.0,-2.25,474,1024,0.462890625
01a0a57e-4c4f-7f82-af6d-66730fad5648,d,C,QB1,11,2,UVH5d,16,0.0,-1800000.0,-1.8,487,1024,0.4755859375
01a0a57e-4c4f-7f82-af6d-66730fad5648,d,C,QB1,11,2,UVH5d,17,0.0,-1350000.0,-1.35,472,1024,0.4609375
01a0a57e-4c4f-7f82-af6d-66730fad5648,d,C,QB1,11,2,UVH5d,18,0.0,-900000.0,-0.9,507,1024,0.4951171875
01a0a57e-4c4f-7f82-af6d-66730fad5648,d,C,QB1,11,2,UVH5d,19,0.0,-450000.0,-0.45,473,1024,0.4619140625
01a0a57e-4c4f-7f82-af6d-66730fad5648,d,C,QB1,11,2,UVH5d,20,0.0,0.0,0.0,502,1024,0.490234375
01a0a57e-4c4f-7f82-af6d-66730fad5648,d,C,QB1,11,2,UVH5d,21,0.0,450000.0,0.45,488,1024,0.4765625
01a0a57e-4c4f-7f82-af6d-66730fad5648,d,C,QB1,11,2,UVH5d,22,0.0,900000.0,0.9,499,1024,0.4873046875
01a0a57e-4c4f-7f82-af6d-66730fad5648,d,C,QB1,11,2,UVH5d,23,0.0,1350000.0,1.35,503,1024,0.4912109375
01a0a57e-4c4f-7f82-af6d-66730fad5648,d,C,QB1,11,2,UVH5d,24,0.0,1800000.0,1.8,496,1024,0.484375
01a0a57e-4c4f-7f82-af6d-66730fad5648,d,C,QB1,11,2,UVH5d,25,0.0,2250000.0,2.25,518,1024,0.505859375
01a0a57e-4c4f-7f82-af6d-66730fad5648,d,C,QB1,11,2,UVH5d,26,0.0,2700000.0,2.7,508,1024,0.49609375
01a0a57e-4c4f-7f82-af6d-66730fad5648,d,C,QB1,11,2,UVH5d,27,0.0,3150000.0,3.15,501,1024,0.4892578125
01a0a57e-4c4f-7f82-af6d-66730fad5648,d,C,QB1,11,2,UVH5d,28,0.0,3600000.0,3.6,546,1024,0.533203125
01a0a57e-4c4f-7f82-af6d-66730fad5648,d,C,QB1,11,2,UVH5d,29,0.0,4050000.0,4.05,511,1024,0.4990234375
01a0a57e-4c4f-7f82-af6d-66730fad5648,d,C,QB1,11,2,UVH5d,30,0.0,4500000.0,4.5,526,1024,0.513671875
01a0a57e-4c4f-7f82-af6d-66730fad5648,d,C,QB1,11,2,UVH5d,31,0.0,4950000.0,4.95,550,1024,0.537109375
01a0a57e-4c4f-7f82-af6d-66730fad5648,d,C,QB1,11,2,UVH5d,32,0.0,5400000.0,5.4,550,1024,0.537109375
01a0a57e-4c4f-7f82-af6d-66730fad5648,d,C,QB1,11,2,UVH5d,33,0.0,5850000.0,5.85,566,1024,0.552734375
01a0a57e-4c4f-7f82-af6d-66730fad5648,d,C,QB1,11,2,UVH5d,34,0.0,6300000.0,6.3,549,1024,0.5361328125
01a0a57e-4c4f-7f82-af6d-66730fad5648,d,C,QB1,11,2,UVH5d,35,0.0,6750000.0,6.75,588,1024,0.57421875
01a0a57e-4c4f-7f82-af6d-66730fad5648,d,C,QB1,11,2,UVH5d,36,0.0,7200000.0,7.2,595,1024,0.5810546875
01a0a57e-4c4f-7f82-af6d-66730fad5648,d,C,QB1,11,2,UVH5d,37,0.0,7650000.0,7.65,617,1024,0.6025390625
01a0a57e-4c4f-7f82-af6d-66730fad5648,d,C,QB1,11,2,UVH5d,38,0.0,8100000.0,8.1,639,1024,0.6240234375
01a0a57e-4c4f-7f82-af6d-66730fad5648,d,C,QB1,11,2,UVH5d,39,0.0,8550000.0,8.55,632,1024,0.6171875
01a0a57e-4c4f-7f82-af6d-66730fad5648,d,C,QB1,11,2,UVH5d,40,0.0,9000000.0,9.0,618,1024,0.603515625
01a0a57e-4c4f-7f82-af6d-66730fad5648,d,C,QB1,11,3,UVH6d,0,0.0,-9000000.0,-9.0,575,1024,0.5615234375
01a0a57e-4c4f-7f82-af6d-66730fad5648,d,C,QB1,11,3,UVH6d,1,0.0,-8550000.0,-8.55,587,1024,0.5732421875
01a0a57e-4c4f-7f82-af6d-66730fad5648,d,C,QB1,11,3,UVH6d,2,0.0,-8100000.0,-8.1,519,1024,0.5068359375
01a0a57e-4c4f-7f82-af6d-66730fad5648,d,C,QB1,11,3,UVH6d,3,0.0,-7650000.0,-7.65,571,1024,0.5576171875
01a0a57e-4c4f-7f82-af6d-66730fad5648,d,C,QB1,11,3,UVH6d,4,0.0,-7200000.0,-7.2,553,1024,0.5400390625
01a0a57e-4c4f-7f82-af6d-66730fad5648,d,C,QB1,11,3,UVH6d,5,0.0,-6750000.0,-6.75,522,1024,0.509765625
01a0a57e-4c4f-7f82-af6d-66730fad5648,d,C,QB1,11,3,UVH6d,6,0.0,-6300000.0,-6.3,506,1024,0.494140625
01a0a57e-4c4f-7f82-af6d-66730fad5648,d,C,QB1,11,3,UVH6d,7,0.0,-5850000.0,-5.85,488,1024,0.4765625
01a0a57e-4c4f-7f82-af6d-66730fad5648,d,C,QB1,11,3,UVH6d,8,0.0,-5400000.0,-5.4,502,1024,0.490234375
01a0a57e-4c4f-7f82-af6d-66730fad5648,d,C,QB1,11,3,UVH6d,9,0.0,-4950000.0,-4.95,499,1024,0.4873046875
01a0a57e-4c4f-7f82-af6d-66730fad5648,d,C,QB1,11,3,UVH6d,10,0.0,-4500000.0,-4.5,518,1024,0.505859375
01a0a57e-4c4f-7f82-af6d-66730fad5648,d,C,QB1,11,3,UVH6d,11,0.0,-4050000.0,-4.05,490,1024,0.478515625
01a0a57e-4c4f-7f82-af6d-66730fad5648,d,C,QB1,11,3,UVH6d,12,0.0,-3600000.0,-3.6,500,1024,0.48828125
01a0a57e-4c4f-7f82-af6d-66730fad5648,d,C,QB1,11,3,UVH6d,13,0.0,-3150000.0,-3.15,465,1024,0.4541015625
01a0a57e-4c4f-7f82-af6d-66730fad5648,d,C,QB1,11,3,UVH6d,14,0.0,-2700000.0,-2.7,501,1024,0.4892578125
01a0a57e-4c4f-7f82-af6d-66730fad5648,d,C,QB1,11,3,UVH6d,15,0.0,-2250000.0,-2.25,488,1024,0.4765625
01a0a57e-4c4f-7f82-af6d-66730fad5648,d,C,QB1,11,3,UVH6d,16,0.0,-1800000.0,-1.8,482,1024,0.470703125
01a0a57e-4c4f-7f82-af6d-66730fad5648,d,C,QB1,11,3,UVH6d,17,0.0,-1350000.0,-1.35,471,1024,0.4599609375
01a0a57e-4c4f-7f82-af6d-66730fad5648,d,C,QB1,11,3,UVH6d,18,0.0,-900000.0,-0.9,503,1024,0.4912109375
01a0a57e-4c4f-7f82-af6d-66730fad5648,d,C,QB1,11,3,UVH6d,19,0.0,-450000.0,-0.45,488,1024,0.4765625
01a0a57e-4c4f-7f82-af6d-66730fad5648,d,C,QB1,11,3,UVH6d,20,0.0,0.0,0.0,488,1024,0.4765625
01a0a57e-4c4f-7f82-af6d-66730fad5648,d,C,QB1,11,3,UVH6d,21,0.0,450000.0,0.45,478,1024,0.466796875
01a0a57e-4c4f-7f82-af6d-66730fad5648,d,C,QB1,11,3,UVH6d,22,0.0,900000.0,0.9,488,1024,0.4765625
01a0a57e-4c4f-7f82-af6d-66730fad5648,d,C,QB1,11,3,UVH6d,23,0.0,1350000.0,1.35,484,1024,0.47265625
01a0a57e-4c4f-7f82-af6d-66730fad5648,d,C,QB1,11,3,UVH6d,24,0.0,1800000.0,1.8,481,1024,0.4697265625
01a0a57e-4c4f-7f82-af6d-66730fad5648,d,C,QB1,11,3,UVH6d,25,0.0,2250000.0,2.25,462,1024,0.451171875
01a0a57e-4c4f-7f82-af6d-66730fad5648,d,C,QB1,11,3,UVH6d,26,0.0,2700000.0,2.7,443,1024,0.4326171875
01a0a57e-4c4f-7f82-af6d-66730fad5648,d,C,QB1,11,3,UVH6d,27,0.0,3150000.0,3.15,463,1024,0.4521484375
01a0a57e-4c4f-7f82-af6d-66730fad5648,d,C,QB1,11,3,UVH6d,28,0.0,3600000.0,3.6,475,1024,0.4638671875
01a0a57e-4c4f-7f82-af6d-66730fad5648,d,C,QB1,11,3,UVH6d,29,0.0,4050000.0,4.05,464,1024,0.453125
01a0a57e-4c4f-7f82-af6d-66730fad5648,d,C,QB1,11,3,UVH6d,30,0.0,4500000.0,4.5,442,1024,0.431640625
01a0a57e-4c4f-7f82-af6d-66730fad5648,d,C,QB1,11,3,UVH6d,31,0.0,4950000.0,4.95,463,1024,0.4521484375
01a0a57e-4c4f-7f82-af6d-66730fad5648,d,C,QB1,11,3,UVH6d,32,0.0,5400000.0,5.4,453,1024,0.4423828125
01a0a57e-4c4f-7f82-af6d-66730fad5648,d,C,QB1,11,3,UVH6d,33,0.0,5850000.0,5.85,434,1024,0.423828125
01a0a57e-4c4f-7f82-af6d-66730fad5648,d,C,QB1,11,3,UVH6d,34,0.0,6300000.0,6.3,472,1024,0.4609375
01a0a57e-4c4f-7f82-af6d-66730fad5648,d,C,QB1,11,3,UVH6d,35,0.0,6750000.0,6.75,441,1024,0.4306640625
01a0a57e-4c4f-7f82-af6d-66730fad5648,d,C,QB1,11,3,UVH6d,36,0.0,7200000.0,7.2,462,1024,0.451171875
01a0a57e-4c4f-7f82-af6d-66730fad5648,d,C,QB1,11,3,UVH6d,37,0.0,7650000.0,7.65,517,1024,0.5048828125
01a0a57e-4c4f-7f82-af6d-66730fad5648,d,C,QB1,11,3,UVH6d,38,0.0,8100000.0,8.1,518,1024,0.505859375
01a0a57e-4c4f-7f82-af6d-66730fad5648,d,C,QB1,11,3,UVH6d,39,0.0,8550000.0,8.55,498,1024,0.486328125
01a0a57e-4c4f-7f82-af6d-66730fad5648,d,C,QB1,11,3,UVH6d,40,0.0,9000000.0,9.0,552,1024,0.5390625
01a0a57e-4c4f-7f82-af6d-66730fad5648,d,C,QB1,11,4,UVH7d,0,0.0,-9000000.0,-9.0,542,1024,0.529296875
01a0a57e-4c4f-7f82-af6d-66730fad5648,d,C,QB1,11,4,UVH7d,1,0.0,-8550000.0,-8.55,539,1024,0.5263671875
01a0a57e-4c4f-7f82-af6d-66730fad5648,d,C,QB1,11,4,UVH7d,2,0.0,-8100000.0,-8.1,518,1024,0.505859375
01a0a57e-4c4f-7f82-af6d-66730fad5648,d,C,QB1,11,4,UVH7d,3,0.0,-7650000.0,-7.65,522,1024,0.509765625
01a0a57e-4c4f-7f82-af6d-66730fad5648,d,C,QB1,11,4,UVH7d,4,0.0,-7200000.0,-7.2,530,1024,0.517578125
01a0a57e-4c4f-7f82-af6d-66730fad5648,d,C,QB1,11,4,UVH7d,5,0.0,-6750000.0,-6.75,502,1024,0.490234375
01a0a57e-4c4f-7f82-af6d-66730fad5648,d,C,QB1,11,4,UVH7d,6,0.0,-6300000.0,-6.3,528,1024,0.515625
01a0a57e-4c4f-7f82-af6d-66730fad5648,d,C,QB1,11,4,UVH7d,7,0.0,-5850000.0,-5.85,533,1024,0.5205078125
01a0a57e-4c4f-7f82-af6d-66730fad5648,d,C,QB1,11,4,UVH7d,8,0.0,-5400000.0,-5.4,544,1024,0.53125
01a0a57e-4c4f-7f82-af6d-66730fad5648,d,C,QB1,11,4,UVH7d,9,0.0,-4950000.0,-4.95,525,1024,0.5126953125
01a0a57e-4c4f-7f82-af6d-66730fad5648,d,C,QB1,11,4,UVH7d,10,0.0,-4500000.0,-4.5,526,1024,0.513671875
01a0a57e-4c4f-7f82-af6d-66730fad5648,d,C,QB1,11,4,UVH7d,11,0.0,-4050000.0,-4.05,537,1024,0.5244140625
01a0a57e-4c4f-7f82-af6d-66730fad5648,d,C,QB1,11,4,UVH7d,12,0.0,-3600000.0,-3.6,524,1024,0.51171875
01a0a57e-4c4f-7f82-af6d-66730fad5648,d,C,QB1,11,4,UVH7d,13,0.0,-3150000.0,-3.15,522,1024,0.509765625
01a0a57e-4c4f-7f82-af6d-66730fad5648,d,C,QB1,11,4,UVH7d,14,0.0,-2700000.0,-2.7,549,1024,0.5361328125
01a0a57e-4c4f-7f82-af6d-66730fad5648,d,C,QB1,11,4,UVH7d,15,0.0,-2250000.0,-2.25,560,1024,0.546875
01a0a57e-4c4f-7f82-af6d-66730fad5648,d,C,QB1,11,4,UVH7d,16,0.0,-1800000.0,-1.8,550,1024,0.537109375
01a0a57e-4c4f-7f82-af6d-66730fad5648,d,C,QB1,11,4,UVH7d,17,0.0,-1350000.0,-1.35,510,1024,0.498046875
01a0a57e-4c4f-7f82-af6d-66730fad5648,d,C,QB1,11,4,UVH7d,18,0.0,-900000.0,-0.9,525,1024,0.5126953125
01a0a57e-4c4f-7f82-af6d-66730fad5648,d,C,QB1,11,4,UVH7d,19,0.0,-450000.0,-0.45,507,1024,0.4951171875
01a0a57e-4c4f-7f82-af6d-66730fad5648,d,C,QB1,11,4,UVH7d,20,0.0,0.0,0.0,508,1024,0.49609375
01a0a57e-4c4f-7f82-af6d-66730fad5648,d,C,QB1,11,4,UVH7d,21,0.0,450000.0,0.45,509,1024,0.4970703125
01a0a57e-4c4f-7f82-af6d-66730fad5648,d,C,QB1,11,4,UVH7d,22,0.0,900000.0,0.9,510,1024,0.498046875
01a0a57e-4c4f-7f82-af6d-66730fad5648,d,C,QB1,11,4,UVH7d,23,0.0,1350000.0,1.35,513,1024,0.5009765625
01a0a57e-4c4f-7f82-af6d-66730fad5648,d,C,QB1,11,4,UVH7d,24,0.0,1800000.0,1.8,510,1024,0.498046875
01a0a57e-4c4f-7f82-af6d-66730fad5648,d,C,QB1,11,4,UVH7d,25,0.0,2250000.0,2.25,511,1024,0.4990234375
01a0a57e-4c4f-7f82-af6d-66730fad5648,d,C,QB1,11,4,UVH7d,26,0.0,2700000.0,2.7,497,1024,0.4853515625
01a0a57e-4c4f-7f82-af6d-66730fad5648,d,C,QB1,11,4,UVH7d,27,0.0,3150000.0,3.15,495,1024,0.4833984375
01a0a57e-4c4f-7f82-af6d-66730fad5648,d,C,QB1,11,4,UVH7d,28,0.0,3600000.0,3.6,499,1024,0.4873046875
01a0a57e-4c4f-7f82-af6d-66730fad5648,d,C,QB1,11,4,UVH7d,29,0.0,4050000.0,4.05,500,1024,0.48828125
01a0a57e-4c4f-7f82-af6d-66730fad5648,d,C,QB1,11,4,UVH7d,30,0.0,4500000.0,4.5,502,1024,0.490234375
01a0a57e-4c4f-7f82-af6d-66730fad5648,d,C,QB1,11,4,UVH7d,31,0.0,4950000.0,4.95,468,1024,0.45703125
01a0a57e-4c4f-7f82-af6d-66730fad5648,d,C,QB1,11,4,UVH7d,32,0.0,5400000.0,5.4,460,1024,0.44921875
01a0a57e-4c4f-7f82-af6d-66730fad5648,d,C,QB1,11,4,UVH7d,33,0.0,5850000.0,5.85,449,1024,0.4384765625
01a0a57e-4c4f-7f82-af6d-66730fad5648,d,C,QB1,11,4,UVH7d,34,0.0,6300000.0,6.3,437,1024,0.4267578125
01a0a57e-4c4f-7f82-af6d-66730fad5648,d,C,QB1,11,4,UVH7d,35,0.0,6750000.0,6.75,445,1024,0.4345703125
01a0a57e-4c4f-7f82-af6d-66730fad5648,d,C,QB1,11,4,UVH7d,36,0.0,7200000.0,7.2,412,1024,0.40234375
01a0a57e-4c4f-7f82-af6d-66730fad5648,d,C,QB1,11,4,UVH7d,37,0.0,7650000.0,7.65,379,1024,0.3701171875
01a0a57e-4c4f-7f82-af6d-66730fad5648,d,C,QB1,11,4,UVH7d,38,0.0,8100000.0,8.1,388,1024,0.37890625
01a0a57e-4c4f-7f82-af6d-66730fad5648,d,C,QB1,11,4,UVH7d,39,0.0,8550000.0,8.55,349,1024,0.3408203125
01a0a57e-4c4f-7f82-af6d-66730fad5648,d,C,QB1,11,4,UVH7d,40,0.0,9000000.0,9.0,336,1024,0.328125
01a0a57e-4c4f-7f82-af6d-66730fad5648,d,C,QB1,11,5,UVH8d,0,0.0,-9000000.0,-9.0,514,1024,0.501953125
01a0a57e-4c4f-7f82-af6d-66730fad5648,d,C,QB1,11,5,UVH8d,1,0.0,-8550000.0,-8.55,542,1024,0.529296875
01a0a57e-4c4f-7f82-af6d-66730fad5648,d,C,QB1,11,5,UVH8d,2,0.0,-8100000.0,-8.1,531,1024,0.5185546875
01a0a57e-4c4f-7f82-af6d-66730fad5648,d,C,QB1,11,5,UVH8d,3,0.0,-7650000.0,-7.65,535,1024,0.5224609375
01a0a57e-4c4f-7f82-af6d-66730fad5648,d,C,QB1,11,5,UVH8d,4,0.0,-7200000.0,-7.2,482,1024,0.470703125
01a0a57e-4c4f-7f82-af6d-66730fad5648,d,C,QB1,11,5,UVH8d,5,0.0,-6750000.0,-6.75,482,1024,0.470703125
01a0a57e-4c4f-7f82-af6d-66730fad5648,d,C,QB1,11,5,UVH8d,6,0.0,-6300000.0,-6.3,491,1024,0.4794921875
01a0a57e-4c4f-7f82-af6d-66730fad5648,d,C,QB1,11,5,UVH8d,7,0.0,-5850000.0,-5.85,513,1024,0.5009765625
01a0a57e-4c4f-7f82-af6d-66730fad5648,d,C,QB1,11,5,UVH8d,8,0.0,-5400000.0,-5.4,512,1024,0.5
01a0a57e-4c4f-7f82-af6d-66730fad5648,d,C,QB1,11,5,UVH8d,9,0.0,-4950000.0,-4.95,525,1024,0.5126953125
01a0a57e-4c4f-7f82-af6d-66730fad5648,d,C,QB1,11,5,UVH8d,10,0.0,-4500000.0,-4.5,503,1024,0.4912109375
01a0a57e-4c4f-7f82-af6d-66730fad5648,d,C,QB1,11,5,UVH8d,11,0.0,-4050000.0,-4.05,507,1024,0.4951171875
01a0a57e-4c4f-7f82-af6d-66730fad5648,d,C,QB1,11,5,UVH8d,12,0.0,-3600000.0,-3.6,504,1024,0.4921875
01a0a57e-4c4f-7f82-af6d-66730fad5648,d,C,QB1,11,5,UVH8d,13,0.0,-3150000.0,-3.15,516,1024,0.50390625
01a0a57e-4c4f-7f82-af6d-66730fad5648,d,C,QB1,11,5,UVH8d,14,0.0,-2700000.0,-2.7,530,1024,0.517578125
01a0a57e-4c4f-7f82-af6d-66730fad5648,d,C,QB1,11,5,UVH8d,15,0.0,-2250000.0,-2.25,548,1024,0.53515625
01a0a57e-4c4f-7f82-af6d-66730fad5648,d,C,QB1,11,5,UVH8d,16,0.0,-1800000.0,-1.8,527,1024,0.5146484375
01a0a57e-4c4f-7f82-af6d-66730fad5648,d,C,QB1,11,5,UVH8d,17,0.0,-1350000.0,-1.35,539,1024,0.5263671875
01a0a57e-4c4f-7f82-af6d-66730fad5648,d,C,QB1,11,5,UVH8d,18,0.0,-900000.0,-0.9,533,1024,0.5205078125
01a0a57e-4c4f-7f82-af6d-66730fad5648,d,C,QB1,11,5,UVH8d,19,0.0,-450000.0,-0.45,519,1024,0.5068359375
01a0a57e-4c4f-7f82-af6d-66730fad5648,d,C,QB1,11,5,UVH8d,20,0.0,0.0,0.0,499,1024,0.4873046875
01a0a57e-4c4f-7f82-af6d-66730fad5648,d,C,QB1,11,5,UVH8d,21,0.0,450000.0,0.45,534,1024,0.521484375
01a0a57e-4c4f-7f82-af6d-66730fad5648,d,C,QB1,11,5,UVH8d,22,0.0,900000.0,0.9,520,1024,0.5078125
01a0a57e-4c4f-7f82-af6d-66730fad5648,d,C,QB1,11,5,UVH8d,23,0.0,1350000.0,1.35,507,1024,0.4951171875
01a0a57e-4c4f-7f82-af6d-66730fad5648,d,C,QB1,11,5,UVH8d,24,0.0,1800000.0,1.8,530,1024,0.517578125
01a0a57e-4c4f-7f82-af6d-66730fad5648,d,C,QB1,11,5,UVH8d,25,0.0,2250000.0,2.25,522,1024,0.509765625
01a0a57e-4c4f-7f82-af6d-66730fad5648,d,C,QB1,11,5,UVH8d,26,0.0,2700000.0,2.7,514,1024,0.501953125
01a0a57e-4c4f-7f82-af6d-66730fad5648,d,C,QB1,11,5,UVH8d,27,0.0,3150000.0,3.15,580,1024,0.56640625
01a0a57e-4c4f-7f82-af6d-66730fad5648,d,C,QB1,11,5,UVH8d,28,0.0,3600000.0,3.6,529,1024,0.5166015625
01a0a57e-4c4f-7f82-af6d-66730fad5648,d,C,QB1,11,5,UVH8d,29,0.0,4050000.0,4.05,531,1024,0.5185546875
01a0a57e-4c4f-7f82-af6d-66730fad5648,d,C,QB1,11,5,UVH8d,30,0.0,4500000.0,4.5,548,1024,0.53515625
01a0a57e-4c4f-7f82-af6d-66730fad5648,d,C,QB1,11,5,UVH8d,31,0.0,4950000.0,4.95,542,1024,0.529296875
01a0a57e-4c4f-7f82-af6d-66730fad5648,d,C,QB1,11,5,UVH8d,32,0.0,5400000.0,5.4,541,1024,0.5283203125
01a0a57e-4c4f-7f82-af6d-66730fad5648,d,C,QB1,11,5,UVH8d,33,0.0,5850000.0,5.85,548,1024,0.53515625
01a0a57e-4c4f-7f82-af6d-66730fad5648,d,C,QB1,11,5,UVH8d,34,0.0,6300000.0,6.3,593,1024,0.5791015625
01a0a57e-4c4f-7f82-af6d-66730fad5648,d,C,QB1,11,5,UVH8d,35,0.0,6750000.0,6.75,553,1024,0.5400390625
01a0a57e-4c4f-7f82-af6d-66730fad5648,d,C,QB1,11,5,UVH8d,36,0.0,7200000.0,7.2,550,1024,0.537109375
01a0a57e-4c4f-7f82-af6d-66730fad5648,d,C,QB1,11,5,UVH8d,37,0.0,7650000.0,7.65,531,1024,0.5185546875
01a0a57e-4c4f-7f82-af6d-66730fad5648,d,C,QB1,11,5,UVH8d,38,0.0,8100000.0,8.1,524,1024,0.51171875
01a0a57e-4c4f-7f82-af6d-66730fad5648,d,C,QB1,11,5,UVH8d,39,0.0,8550000.0,8.55,536,1024,0.5234375
01a0a57e-4c4f-7f82-af6d-66730fad5648,d,C,QB1,11,5,UVH8d,40,0.0,9000000.0,9.0,500,1024,0.48828125
01a0a57e-4c4f-7f82-af6d-66730fad5648,d,C,QB14,12,0,standard_pi_2,0,0.0,-9000000.0,-9.0,546,1024,0.533203125
01a0a57e-4c4f-7f82-af6d-66730fad5648,d,C,QB14,12,0,standard_pi_2,1,0.0,-8550000.0,-8.55,553,1024,0.5400390625
01a0a57e-4c4f-7f82-af6d-66730fad5648,d,C,QB14,12,0,standard_pi_2,2,0.0,-8100000.0,-8.1,566,1024,0.552734375
01a0a57e-4c4f-7f82-af6d-66730fad5648,d,C,QB14,12,0,standard_pi_2,3,0.0,-7650000.0,-7.65,554,1024,0.541015625
01a0a57e-4c4f-7f82-af6d-66730fad5648,d,C,QB14,12,0,standard_pi_2,4,0.0,-7200000.0,-7.2,542,1024,0.529296875
01a0a57e-4c4f-7f82-af6d-66730fad5648,d,C,QB14,12,0,standard_pi_2,5,0.0,-6750000.0,-6.75,563,1024,0.5498046875
01a0a57e-4c4f-7f82-af6d-66730fad5648,d,C,QB14,12,0,standard_pi_2,6,0.0,-6300000.0,-6.3,560,1024,0.546875
01a0a57e-4c4f-7f82-af6d-66730fad5648,d,C,QB14,12,0,standard_pi_2,7,0.0,-5850000.0,-5.85,540,1024,0.52734375
01a0a57e-4c4f-7f82-af6d-66730fad5648,d,C,QB14,12,0,standard_pi_2,8,0.0,-5400000.0,-5.4,549,1024,0.5361328125
01a0a57e-4c4f-7f82-af6d-66730fad5648,d,C,QB14,12,0,standard_pi_2,9,0.0,-4950000.0,-4.95,549,1024,0.5361328125
01a0a57e-4c4f-7f82-af6d-66730fad5648,d,C,QB14,12,0,standard_pi_2,10,0.0,-4500000.0,-4.5,526,1024,0.513671875
01a0a57e-4c4f-7f82-af6d-66730fad5648,d,C,QB14,12,0,standard_pi_2,11,0.0,-4050000.0,-4.05,527,1024,0.5146484375
01a0a57e-4c4f-7f82-af6d-66730fad5648,d,C,QB14,12,0,standard_pi_2,12,0.0,-3600000.0,-3.6,518,1024,0.505859375
01a0a57e-4c4f-7f82-af6d-66730fad5648,d,C,QB14,12,0,standard_pi_2,13,0.0,-3150000.0,-3.15,548,1024,0.53515625
01a0a57e-4c4f-7f82-af6d-66730fad5648,d,C,QB14,12,0,standard_pi_2,14,0.0,-2700000.0,-2.7,533,1024,0.5205078125
01a0a57e-4c4f-7f82-af6d-66730fad5648,d,C,QB14,12,0,standard_pi_2,15,0.0,-2250000.0,-2.25,507,1024,0.4951171875
01a0a57e-4c4f-7f82-af6d-66730fad5648,d,C,QB14,12,0,standard_pi_2,16,0.0,-1800000.0,-1.8,556,1024,0.54296875
01a0a57e-4c4f-7f82-af6d-66730fad5648,d,C,QB14,12,0,standard_pi_2,17,0.0,-1350000.0,-1.35,542,1024,0.529296875
01a0a57e-4c4f-7f82-af6d-66730fad5648,d,C,QB14,12,0,standard_pi_2,18,0.0,-900000.0,-0.9,534,1024,0.521484375
01a0a57e-4c4f-7f82-af6d-66730fad5648,d,C,QB14,12,0,standard_pi_2,19,0.0,-450000.0,-0.45,542,1024,0.529296875
01a0a57e-4c4f-7f82-af6d-66730fad5648,d,C,QB14,12,0,standard_pi_2,20,0.0,0.0,0.0,535,1024,0.5224609375
01a0a57e-4c4f-7f82-af6d-66730fad5648,d,C,QB14,12,0,standard_pi_2,21,0.0,450000.0,0.45,513,1024,0.5009765625
01a0a57e-4c4f-7f82-af6d-66730fad5648,d,C,QB14,12,0,standard_pi_2,22,0.0,900000.0,0.9,488,1024,0.4765625
01a0a57e-4c4f-7f82-af6d-66730fad5648,d,C,QB14,12,0,standard_pi_2,23,0.0,1350000.0,1.35,509,1024,0.4970703125
01a0a57e-4c4f-7f82-af6d-66730fad5648,d,C,QB14,12,0,standard_pi_2,24,0.0,1800000.0,1.8,503,1024,0.4912109375
01a0a57e-4c4f-7f82-af6d-66730fad5648,d,C,QB14,12,0,standard_pi_2,25,0.0,2250000.0,2.25,467,1024,0.4560546875
01a0a57e-4c4f-7f82-af6d-66730fad5648,d,C,QB14,12,0,standard_pi_2,26,0.0,2700000.0,2.7,487,1024,0.4755859375
01a0a57e-4c4f-7f82-af6d-66730fad5648,d,C,QB14,12,0,standard_pi_2,27,0.0,3150000.0,3.15,485,1024,0.4736328125
01a0a57e-4c4f-7f82-af6d-66730fad5648,d,C,QB14,12,0,standard_pi_2,28,0.0,3600000.0,3.6,486,1024,0.474609375
01a0a57e-4c4f-7f82-af6d-66730fad5648,d,C,QB14,12,0,standard_pi_2,29,0.0,4050000.0,4.05,503,1024,0.4912109375
01a0a57e-4c4f-7f82-af6d-66730fad5648,d,C,QB14,12,0,standard_pi_2,30,0.0,4500000.0,4.5,475,1024,0.4638671875
01a0a57e-4c4f-7f82-af6d-66730fad5648,d,C,QB14,12,0,standard_pi_2,31,0.0,4950000.0,4.95,486,1024,0.474609375
01a0a57e-4c4f-7f82-af6d-66730fad5648,d,C,QB14,12,0,standard_pi_2,32,0.0,5400000.0,5.4,465,1024,0.4541015625
01a0a57e-4c4f-7f82-af6d-66730fad5648,d,C,QB14,12,0,standard_pi_2,33,0.0,5850000.0,5.85,495,1024,0.4833984375
01a0a57e-4c4f-7f82-af6d-66730fad5648,d,C,QB14,12,0,standard_pi_2,34,0.0,6300000.0,6.3,478,1024,0.466796875
01a0a57e-4c4f-7f82-af6d-66730fad5648,d,C,QB14,12,0,standard_pi_2,35,0.0,6750000.0,6.75,469,1024,0.4580078125
01a0a57e-4c4f-7f82-af6d-66730fad5648,d,C,QB14,12,0,standard_pi_2,36,0.0,7200000.0,7.2,457,1024,0.4462890625
01a0a57e-4c4f-7f82-af6d-66730fad5648,d,C,QB14,12,0,standard_pi_2,37,0.0,7650000.0,7.65,477,1024,0.4658203125
01a0a57e-4c4f-7f82-af6d-66730fad5648,d,C,QB14,12,0,standard_pi_2,38,0.0,8100000.0,8.1,462,1024,0.451171875
01a0a57e-4c4f-7f82-af6d-66730fad5648,d,C,QB14,12,0,standard_pi_2,39,0.0,8550000.0,8.55,453,1024,0.4423828125
01a0a57e-4c4f-7f82-af6d-66730fad5648,d,C,QB14,12,0,standard_pi_2,40,0.0,9000000.0,9.0,449,1024,0.4384765625
01a0a57e-4c4f-7f82-af6d-66730fad5648,d,C,QB14,12,1,UVH4d,0,0.0,-9000000.0,-9.0,396,1024,0.38671875
01a0a57e-4c4f-7f82-af6d-66730fad5648,d,C,QB14,12,1,UVH4d,1,0.0,-8550000.0,-8.55,424,1024,0.4140625
01a0a57e-4c4f-7f82-af6d-66730fad5648,d,C,QB14,12,1,UVH4d,2,0.0,-8100000.0,-8.1,406,1024,0.396484375
01a0a57e-4c4f-7f82-af6d-66730fad5648,d,C,QB14,12,1,UVH4d,3,0.0,-7650000.0,-7.65,439,1024,0.4287109375
01a0a57e-4c4f-7f82-af6d-66730fad5648,d,C,QB14,12,1,UVH4d,4,0.0,-7200000.0,-7.2,415,1024,0.4052734375
01a0a57e-4c4f-7f82-af6d-66730fad5648,d,C,QB14,12,1,UVH4d,5,0.0,-6750000.0,-6.75,429,1024,0.4189453125
01a0a57e-4c4f-7f82-af6d-66730fad5648,d,C,QB14,12,1,UVH4d,6,0.0,-6300000.0,-6.3,433,1024,0.4228515625
01a0a57e-4c4f-7f82-af6d-66730fad5648,d,C,QB14,12,1,UVH4d,7,0.0,-5850000.0,-5.85,467,1024,0.4560546875
01a0a57e-4c4f-7f82-af6d-66730fad5648,d,C,QB14,12,1,UVH4d,8,0.0,-5400000.0,-5.4,463,1024,0.4521484375
01a0a57e-4c4f-7f82-af6d-66730fad5648,d,C,QB14,12,1,UVH4d,9,0.0,-4950000.0,-4.95,463,1024,0.4521484375
01a0a57e-4c4f-7f82-af6d-66730fad5648,d,C,QB14,12,1,UVH4d,10,0.0,-4500000.0,-4.5,496,1024,0.484375
01a0a57e-4c4f-7f82-af6d-66730fad5648,d,C,QB14,12,1,UVH4d,11,0.0,-4050000.0,-4.05,496,1024,0.484375
01a0a57e-4c4f-7f82-af6d-66730fad5648,d,C,QB14,12,1,UVH4d,12,0.0,-3600000.0,-3.6,469,1024,0.4580078125
01a0a57e-4c4f-7f82-af6d-66730fad5648,d,C,QB14,12,1,UVH4d,13,0.0,-3150000.0,-3.15,483,1024,0.4716796875
01a0a57e-4c4f-7f82-af6d-66730fad5648,d,C,QB14,12,1,UVH4d,14,0.0,-2700000.0,-2.7,513,1024,0.5009765625
01a0a57e-4c4f-7f82-af6d-66730fad5648,d,C,QB14,12,1,UVH4d,15,0.0,-2250000.0,-2.25,509,1024,0.4970703125
01a0a57e-4c4f-7f82-af6d-66730fad5648,d,C,QB14,12,1,UVH4d,16,0.0,-1800000.0,-1.8,490,1024,0.478515625
01a0a57e-4c4f-7f82-af6d-66730fad5648,d,C,QB14,12,1,UVH4d,17,0.0,-1350000.0,-1.35,504,1024,0.4921875
01a0a57e-4c4f-7f82-af6d-66730fad5648,d,C,QB14,12,1,UVH4d,18,0.0,-900000.0,-0.9,492,1024,0.48046875
01a0a57e-4c4f-7f82-af6d-66730fad5648,d,C,QB14,12,1,UVH4d,19,0.0,-450000.0,-0.45,496,1024,0.484375
01a0a57e-4c4f-7f82-af6d-66730fad5648,d,C,QB14,12,1,UVH4d,20,0.0,0.0,0.0,522,1024,0.509765625
01a0a57e-4c4f-7f82-af6d-66730fad5648,d,C,QB14,12,1,UVH4d,21,0.0,450000.0,0.45,523,1024,0.5107421875
01a0a57e-4c4f-7f82-af6d-66730fad5648,d,C,QB14,12,1,UVH4d,22,0.0,900000.0,0.9,510,1024,0.498046875
01a0a57e-4c4f-7f82-af6d-66730fad5648,d,C,QB14,12,1,UVH4d,23,0.0,1350000.0,1.35,512,1024,0.5
01a0a57e-4c4f-7f82-af6d-66730fad5648,d,C,QB14,12,1,UVH4d,24,0.0,1800000.0,1.8,534,1024,0.521484375
01a0a57e-4c4f-7f82-af6d-66730fad5648,d,C,QB14,12,1,UVH4d,25,0.0,2250000.0,2.25,508,1024,0.49609375
01a0a57e-4c4f-7f82-af6d-66730fad5648,d,C,QB14,12,1,UVH4d,26,0.0,2700000.0,2.7,500,1024,0.48828125
01a0a57e-4c4f-7f82-af6d-66730fad5648,d,C,QB14,12,1,UVH4d,27,0.0,3150000.0,3.15,547,1024,0.5341796875
01a0a57e-4c4f-7f82-af6d-66730fad5648,d,C,QB14,12,1,UVH4d,28,0.0,3600000.0,3.6,558,1024,0.544921875
01a0a57e-4c4f-7f82-af6d-66730fad5648,d,C,QB14,12,1,UVH4d,29,0.0,4050000.0,4.05,556,1024,0.54296875
01a0a57e-4c4f-7f82-af6d-66730fad5648,d,C,QB14,12,1,UVH4d,30,0.0,4500000.0,4.5,565,1024,0.5517578125
01a0a57e-4c4f-7f82-af6d-66730fad5648,d,C,QB14,12,1,UVH4d,31,0.0,4950000.0,4.95,577,1024,0.5634765625
01a0a57e-4c4f-7f82-af6d-66730fad5648,d,C,QB14,12,1,UVH4d,32,0.0,5400000.0,5.4,614,1024,0.599609375
01a0a57e-4c4f-7f82-af6d-66730fad5648,d,C,QB14,12,1,UVH4d,33,0.0,5850000.0,5.85,613,1024,0.5986328125
01a0a57e-4c4f-7f82-af6d-66730fad5648,d,C,QB14,12,1,UVH4d,34,0.0,6300000.0,6.3,627,1024,0.6123046875
01a0a57e-4c4f-7f82-af6d-66730fad5648,d,C,QB14,12,1,UVH4d,35,0.0,6750000.0,6.75,642,1024,0.626953125
01a0a57e-4c4f-7f82-af6d-66730fad5648,d,C,QB14,12,1,UVH4d,36,0.0,7200000.0,7.2,670,1024,0.654296875
01a0a57e-4c4f-7f82-af6d-66730fad5648,d,C,QB14,12,1,UVH4d,37,0.0,7650000.0,7.65,677,1024,0.6611328125
01a0a57e-4c4f-7f82-af6d-66730fad5648,d,C,QB14,12,1,UVH4d,38,0.0,8100000.0,8.1,707,1024,0.6904296875
01a0a57e-4c4f-7f82-af6d-66730fad5648,d,C,QB14,12,1,UVH4d,39,0.0,8550000.0,8.55,689,1024,0.6728515625
01a0a57e-4c4f-7f82-af6d-66730fad5648,d,C,QB14,12,1,UVH4d,40,0.0,9000000.0,9.0,707,1024,0.6904296875
01a0a57e-4c4f-7f82-af6d-66730fad5648,d,C,QB14,12,2,UVH5d,0,0.0,-9000000.0,-9.0,95,1024,0.0927734375
01a0a57e-4c4f-7f82-af6d-66730fad5648,d,C,QB14,12,2,UVH5d,1,0.0,-8550000.0,-8.55,125,1024,0.1220703125
01a0a57e-4c4f-7f82-af6d-66730fad5648,d,C,QB14,12,2,UVH5d,2,0.0,-8100000.0,-8.1,146,1024,0.142578125
01a0a57e-4c4f-7f82-af6d-66730fad5648,d,C,QB14,12,2,UVH5d,3,0.0,-7650000.0,-7.65,173,1024,0.1689453125
01a0a57e-4c4f-7f82-af6d-66730fad5648,d,C,QB14,12,2,UVH5d,4,0.0,-7200000.0,-7.2,206,1024,0.201171875
01a0a57e-4c4f-7f82-af6d-66730fad5648,d,C,QB14,12,2,UVH5d,5,0.0,-6750000.0,-6.75,204,1024,0.19921875
01a0a57e-4c4f-7f82-af6d-66730fad5648,d,C,QB14,12,2,UVH5d,6,0.0,-6300000.0,-6.3,263,1024,0.2568359375
01a0a57e-4c4f-7f82-af6d-66730fad5648,d,C,QB14,12,2,UVH5d,7,0.0,-5850000.0,-5.85,297,1024,0.2900390625
01a0a57e-4c4f-7f82-af6d-66730fad5648,d,C,QB14,12,2,UVH5d,8,0.0,-5400000.0,-5.4,312,1024,0.3046875
01a0a57e-4c4f-7f82-af6d-66730fad5648,d,C,QB14,12,2,UVH5d,9,0.0,-4950000.0,-4.95,330,1024,0.322265625
01a0a57e-4c4f-7f82-af6d-66730fad5648,d,C,QB14,12,2,UVH5d,10,0.0,-4500000.0,-4.5,359,1024,0.3505859375
01a0a57e-4c4f-7f82-af6d-66730fad5648,d,C,QB14,12,2,UVH5d,11,0.0,-4050000.0,-4.05,406,1024,0.396484375
01a0a57e-4c4f-7f82-af6d-66730fad5648,d,C,QB14,12,2,UVH5d,12,0.0,-3600000.0,-3.6,420,1024,0.41015625
01a0a57e-4c4f-7f82-af6d-66730fad5648,d,C,QB14,12,2,UVH5d,13,0.0,-3150000.0,-3.15,424,1024,0.4140625
01a0a57e-4c4f-7f82-af6d-66730fad5648,d,C,QB14,12,2,UVH5d,14,0.0,-2700000.0,-2.7,482,1024,0.470703125
01a0a57e-4c4f-7f82-af6d-66730fad5648,d,C,QB14,12,2,UVH5d,15,0.0,-2250000.0,-2.25,449,1024,0.4384765625
01a0a57e-4c4f-7f82-af6d-66730fad5648,d,C,QB14,12,2,UVH5d,16,0.0,-1800000.0,-1.8,485,1024,0.4736328125
01a0a57e-4c4f-7f82-af6d-66730fad5648,d,C,QB14,12,2,UVH5d,17,0.0,-1350000.0,-1.35,473,1024,0.4619140625
01a0a57e-4c4f-7f82-af6d-66730fad5648,d,C,QB14,12,2,UVH5d,18,0.0,-900000.0,-0.9,456,1024,0.4453125
01a0a57e-4c4f-7f82-af6d-66730fad5648,d,C,QB14,12,2,UVH5d,19,0.0,-450000.0,-0.45,479,1024,0.4677734375
01a0a57e-4c4f-7f82-af6d-66730fad5648,d,C,QB14,12,2,UVH5d,20,0.0,0.0,0.0,501,1024,0.4892578125
01a0a57e-4c4f-7f82-af6d-66730fad5648,d,C,QB14,12,2,UVH5d,21,0.0,450000.0,0.45,498,1024,0.486328125
01a0a57e-4c4f-7f82-af6d-66730fad5648,d,C,QB14,12,2,UVH5d,22,0.0,900000.0,0.9,524,1024,0.51171875
01a0a57e-4c4f-7f82-af6d-66730fad5648,d,C,QB14,12,2,UVH5d,23,0.0,1350000.0,1.35,485,1024,0.4736328125
01a0a57e-4c4f-7f82-af6d-66730fad5648,d,C,QB14,12,2,UVH5d,24,0.0,1800000.0,1.8,497,1024,0.4853515625
01a0a57e-4c4f-7f82-af6d-66730fad5648,d,C,QB14,12,2,UVH5d,25,0.0,2250000.0,2.25,519,1024,0.5068359375
01a0a57e-4c4f-7f82-af6d-66730fad5648,d,C,QB14,12,2,UVH5d,26,0.0,2700000.0,2.7,483,1024,0.4716796875
01a0a57e-4c4f-7f82-af6d-66730fad5648,d,C,QB14,12,2,UVH5d,27,0.0,3150000.0,3.15,525,1024,0.5126953125
01a0a57e-4c4f-7f82-af6d-66730fad5648,d,C,QB14,12,2,UVH5d,28,0.0,3600000.0,3.6,471,1024,0.4599609375
01a0a57e-4c4f-7f82-af6d-66730fad5648,d,C,QB14,12,2,UVH5d,29,0.0,4050000.0,4.05,507,1024,0.4951171875
01a0a57e-4c4f-7f82-af6d-66730fad5648,d,C,QB14,12,2,UVH5d,30,0.0,4500000.0,4.5,504,1024,0.4921875
01a0a57e-4c4f-7f82-af6d-66730fad5648,d,C,QB14,12,2,UVH5d,31,0.0,4950000.0,4.95,534,1024,0.521484375
01a0a57e-4c4f-7f82-af6d-66730fad5648,d,C,QB14,12,2,UVH5d,32,0.0,5400000.0,5.4,571,1024,0.5576171875
01a0a57e-4c4f-7f82-af6d-66730fad5648,d,C,QB14,12,2,UVH5d,33,0.0,5850000.0,5.85,565,1024,0.5517578125
01a0a57e-4c4f-7f82-af6d-66730fad5648,d,C,QB14,12,2,UVH5d,34,0.0,6300000.0,6.3,572,1024,0.55859375
01a0a57e-4c4f-7f82-af6d-66730fad5648,d,C,QB14,12,2,UVH5d,35,0.0,6750000.0,6.75,590,1024,0.576171875
01a0a57e-4c4f-7f82-af6d-66730fad5648,d,C,QB14,12,2,UVH5d,36,0.0,7200000.0,7.2,617,1024,0.6025390625
01a0a57e-4c4f-7f82-af6d-66730fad5648,d,C,QB14,12,2,UVH5d,37,0.0,7650000.0,7.65,607,1024,0.5927734375
01a0a57e-4c4f-7f82-af6d-66730fad5648,d,C,QB14,12,2,UVH5d,38,0.0,8100000.0,8.1,622,1024,0.607421875
01a0a57e-4c4f-7f82-af6d-66730fad5648,d,C,QB14,12,2,UVH5d,39,0.0,8550000.0,8.55,629,1024,0.6142578125
01a0a57e-4c4f-7f82-af6d-66730fad5648,d,C,QB14,12,2,UVH5d,40,0.0,9000000.0,9.0,599,1024,0.5849609375
01a0a57e-4c4f-7f82-af6d-66730fad5648,d,C,QB14,12,3,UVH6d,0,0.0,-9000000.0,-9.0,606,1024,0.591796875
01a0a57e-4c4f-7f82-af6d-66730fad5648,d,C,QB14,12,3,UVH6d,1,0.0,-8550000.0,-8.55,601,1024,0.5869140625
01a0a57e-4c4f-7f82-af6d-66730fad5648,d,C,QB14,12,3,UVH6d,2,0.0,-8100000.0,-8.1,626,1024,0.611328125
01a0a57e-4c4f-7f82-af6d-66730fad5648,d,C,QB14,12,3,UVH6d,3,0.0,-7650000.0,-7.65,566,1024,0.552734375
01a0a57e-4c4f-7f82-af6d-66730fad5648,d,C,QB14,12,3,UVH6d,4,0.0,-7200000.0,-7.2,611,1024,0.5966796875
01a0a57e-4c4f-7f82-af6d-66730fad5648,d,C,QB14,12,3,UVH6d,5,0.0,-6750000.0,-6.75,558,1024,0.544921875
01a0a57e-4c4f-7f82-af6d-66730fad5648,d,C,QB14,12,3,UVH6d,6,0.0,-6300000.0,-6.3,591,1024,0.5771484375
01a0a57e-4c4f-7f82-af6d-66730fad5648,d,C,QB14,12,3,UVH6d,7,0.0,-5850000.0,-5.85,598,1024,0.583984375
01a0a57e-4c4f-7f82-af6d-66730fad5648,d,C,QB14,12,3,UVH6d,8,0.0,-5400000.0,-5.4,572,1024,0.55859375
01a0a57e-4c4f-7f82-af6d-66730fad5648,d,C,QB14,12,3,UVH6d,9,0.0,-4950000.0,-4.95,548,1024,0.53515625
01a0a57e-4c4f-7f82-af6d-66730fad5648,d,C,QB14,12,3,UVH6d,10,0.0,-4500000.0,-4.5,572,1024,0.55859375
01a0a57e-4c4f-7f82-af6d-66730fad5648,d,C,QB14,12,3,UVH6d,11,0.0,-4050000.0,-4.05,547,1024,0.5341796875
01a0a57e-4c4f-7f82-af6d-66730fad5648,d,C,QB14,12,3,UVH6d,12,0.0,-3600000.0,-3.6,555,1024,0.5419921875
01a0a57e-4c4f-7f82-af6d-66730fad5648,d,C,QB14,12,3,UVH6d,13,0.0,-3150000.0,-3.15,530,1024,0.517578125
01a0a57e-4c4f-7f82-af6d-66730fad5648,d,C,QB14,12,3,UVH6d,14,0.0,-2700000.0,-2.7,540,1024,0.52734375
01a0a57e-4c4f-7f82-af6d-66730fad5648,d,C,QB14,12,3,UVH6d,15,0.0,-2250000.0,-2.25,531,1024,0.5185546875
01a0a57e-4c4f-7f82-af6d-66730fad5648,d,C,QB14,12,3,UVH6d,16,0.0,-1800000.0,-1.8,557,1024,0.5439453125
01a0a57e-4c4f-7f82-af6d-66730fad5648,d,C,QB14,12,3,UVH6d,17,0.0,-1350000.0,-1.35,546,1024,0.533203125
01a0a57e-4c4f-7f82-af6d-66730fad5648,d,C,QB14,12,3,UVH6d,18,0.0,-900000.0,-0.9,555,1024,0.5419921875
01a0a57e-4c4f-7f82-af6d-66730fad5648,d,C,QB14,12,3,UVH6d,19,0.0,-450000.0,-0.45,538,1024,0.525390625
01a0a57e-4c4f-7f82-af6d-66730fad5648,d,C,QB14,12,3,UVH6d,20,0.0,0.0,0.0,496,1024,0.484375
01a0a57e-4c4f-7f82-af6d-66730fad5648,d,C,QB14,12,3,UVH6d,21,0.0,450000.0,0.45,547,1024,0.5341796875
01a0a57e-4c4f-7f82-af6d-66730fad5648,d,C,QB14,12,3,UVH6d,22,0.0,900000.0,0.9,509,1024,0.4970703125
01a0a57e-4c4f-7f82-af6d-66730fad5648,d,C,QB14,12,3,UVH6d,23,0.0,1350000.0,1.35,530,1024,0.517578125
01a0a57e-4c4f-7f82-af6d-66730fad5648,d,C,QB14,12,3,UVH6d,24,0.0,1800000.0,1.8,530,1024,0.517578125
01a0a57e-4c4f-7f82-af6d-66730fad5648,d,C,QB14,12,3,UVH6d,25,0.0,2250000.0,2.25,519,1024,0.5068359375
01a0a57e-4c4f-7f82-af6d-66730fad5648,d,C,QB14,12,3,UVH6d,26,0.0,2700000.0,2.7,507,1024,0.4951171875
01a0a57e-4c4f-7f82-af6d-66730fad5648,d,C,QB14,12,3,UVH6d,27,0.0,3150000.0,3.15,502,1024,0.490234375
01a0a57e-4c4f-7f82-af6d-66730fad5648,d,C,QB14,12,3,UVH6d,28,0.0,3600000.0,3.6,500,1024,0.48828125
01a0a57e-4c4f-7f82-af6d-66730fad5648,d,C,QB14,12,3,UVH6d,29,0.0,4050000.0,4.05,476,1024,0.46484375
01a0a57e-4c4f-7f82-af6d-66730fad5648,d,C,QB14,12,3,UVH6d,30,0.0,4500000.0,4.5,505,1024,0.4931640625
01a0a57e-4c4f-7f82-af6d-66730fad5648,d,C,QB14,12,3,UVH6d,31,0.0,4950000.0,4.95,473,1024,0.4619140625
01a0a57e-4c4f-7f82-af6d-66730fad5648,d,C,QB14,12,3,UVH6d,32,0.0,5400000.0,5.4,493,1024,0.4814453125
01a0a57e-4c4f-7f82-af6d-66730fad5648,d,C,QB14,12,3,UVH6d,33,0.0,5850000.0,5.85,484,1024,0.47265625
01a0a57e-4c4f-7f82-af6d-66730fad5648,d,C,QB14,12,3,UVH6d,34,0.0,6300000.0,6.3,491,1024,0.4794921875
01a0a57e-4c4f-7f82-af6d-66730fad5648,d,C,QB14,12,3,UVH6d,35,0.0,6750000.0,6.75,495,1024,0.4833984375
01a0a57e-4c4f-7f82-af6d-66730fad5648,d,C,QB14,12,3,UVH6d,36,0.0,7200000.0,7.2,501,1024,0.4892578125
01a0a57e-4c4f-7f82-af6d-66730fad5648,d,C,QB14,12,3,UVH6d,37,0.0,7650000.0,7.65,523,1024,0.5107421875
01a0a57e-4c4f-7f82-af6d-66730fad5648,d,C,QB14,12,3,UVH6d,38,0.0,8100000.0,8.1,513,1024,0.5009765625
01a0a57e-4c4f-7f82-af6d-66730fad5648,d,C,QB14,12,3,UVH6d,39,0.0,8550000.0,8.55,540,1024,0.52734375
01a0a57e-4c4f-7f82-af6d-66730fad5648,d,C,QB14,12,3,UVH6d,40,0.0,9000000.0,9.0,577,1024,0.5634765625
01a0a57e-4c4f-7f82-af6d-66730fad5648,d,C,QB14,12,4,UVH7d,0,0.0,-9000000.0,-9.0,544,1024,0.53125
01a0a57e-4c4f-7f82-af6d-66730fad5648,d,C,QB14,12,4,UVH7d,1,0.0,-8550000.0,-8.55,553,1024,0.5400390625
01a0a57e-4c4f-7f82-af6d-66730fad5648,d,C,QB14,12,4,UVH7d,2,0.0,-8100000.0,-8.1,503,1024,0.4912109375
01a0a57e-4c4f-7f82-af6d-66730fad5648,d,C,QB14,12,4,UVH7d,3,0.0,-7650000.0,-7.65,528,1024,0.515625
01a0a57e-4c4f-7f82-af6d-66730fad5648,d,C,QB14,12,4,UVH7d,4,0.0,-7200000.0,-7.2,539,1024,0.5263671875
01a0a57e-4c4f-7f82-af6d-66730fad5648,d,C,QB14,12,4,UVH7d,5,0.0,-6750000.0,-6.75,526,1024,0.513671875
01a0a57e-4c4f-7f82-af6d-66730fad5648,d,C,QB14,12,4,UVH7d,6,0.0,-6300000.0,-6.3,529,1024,0.5166015625
01a0a57e-4c4f-7f82-af6d-66730fad5648,d,C,QB14,12,4,UVH7d,7,0.0,-5850000.0,-5.85,517,1024,0.5048828125
01a0a57e-4c4f-7f82-af6d-66730fad5648,d,C,QB14,12,4,UVH7d,8,0.0,-5400000.0,-5.4,513,1024,0.5009765625
01a0a57e-4c4f-7f82-af6d-66730fad5648,d,C,QB14,12,4,UVH7d,9,0.0,-4950000.0,-4.95,546,1024,0.533203125
01a0a57e-4c4f-7f82-af6d-66730fad5648,d,C,QB14,12,4,UVH7d,10,0.0,-4500000.0,-4.5,563,1024,0.5498046875
01a0a57e-4c4f-7f82-af6d-66730fad5648,d,C,QB14,12,4,UVH7d,11,0.0,-4050000.0,-4.05,527,1024,0.5146484375
01a0a57e-4c4f-7f82-af6d-66730fad5648,d,C,QB14,12,4,UVH7d,12,0.0,-3600000.0,-3.6,566,1024,0.552734375
01a0a57e-4c4f-7f82-af6d-66730fad5648,d,C,QB14,12,4,UVH7d,13,0.0,-3150000.0,-3.15,544,1024,0.53125
01a0a57e-4c4f-7f82-af6d-66730fad5648,d,C,QB14,12,4,UVH7d,14,0.0,-2700000.0,-2.7,550,1024,0.537109375
01a0a57e-4c4f-7f82-af6d-66730fad5648,d,C,QB14,12,4,UVH7d,15,0.0,-2250000.0,-2.25,515,1024,0.5029296875
01a0a57e-4c4f-7f82-af6d-66730fad5648,d,C,QB14,12,4,UVH7d,16,0.0,-1800000.0,-1.8,514,1024,0.501953125
01a0a57e-4c4f-7f82-af6d-66730fad5648,d,C,QB14,12,4,UVH7d,17,0.0,-1350000.0,-1.35,516,1024,0.50390625
01a0a57e-4c4f-7f82-af6d-66730fad5648,d,C,QB14,12,4,UVH7d,18,0.0,-900000.0,-0.9,531,1024,0.5185546875
01a0a57e-4c4f-7f82-af6d-66730fad5648,d,C,QB14,12,4,UVH7d,19,0.0,-450000.0,-0.45,548,1024,0.53515625
01a0a57e-4c4f-7f82-af6d-66730fad5648,d,C,QB14,12,4,UVH7d,20,0.0,0.0,0.0,554,1024,0.541015625
01a0a57e-4c4f-7f82-af6d-66730fad5648,d,C,QB14,12,4,UVH7d,21,0.0,450000.0,0.45,514,1024,0.501953125
01a0a57e-4c4f-7f82-af6d-66730fad5648,d,C,QB14,12,4,UVH7d,22,0.0,900000.0,0.9,526,1024,0.513671875
01a0a57e-4c4f-7f82-af6d-66730fad5648,d,C,QB14,12,4,UVH7d,23,0.0,1350000.0,1.35,530,1024,0.517578125
01a0a57e-4c4f-7f82-af6d-66730fad5648,d,C,QB14,12,4,UVH7d,24,0.0,1800000.0,1.8,532,1024,0.51953125
01a0a57e-4c4f-7f82-af6d-66730fad5648,d,C,QB14,12,4,UVH7d,25,0.0,2250000.0,2.25,523,1024,0.5107421875
01a0a57e-4c4f-7f82-af6d-66730fad5648,d,C,QB14,12,4,UVH7d,26,0.0,2700000.0,2.7,532,1024,0.51953125
01a0a57e-4c4f-7f82-af6d-66730fad5648,d,C,QB14,12,4,UVH7d,27,0.0,3150000.0,3.15,480,1024,0.46875
01a0a57e-4c4f-7f82-af6d-66730fad5648,d,C,QB14,12,4,UVH7d,28,0.0,3600000.0,3.6,492,1024,0.48046875
01a0a57e-4c4f-7f82-af6d-66730fad5648,d,C,QB14,12,4,UVH7d,29,0.0,4050000.0,4.05,479,1024,0.4677734375
01a0a57e-4c4f-7f82-af6d-66730fad5648,d,C,QB14,12,4,UVH7d,30,0.0,4500000.0,4.5,490,1024,0.478515625
01a0a57e-4c4f-7f82-af6d-66730fad5648,d,C,QB14,12,4,UVH7d,31,0.0,4950000.0,4.95,469,1024,0.4580078125
01a0a57e-4c4f-7f82-af6d-66730fad5648,d,C,QB14,12,4,UVH7d,32,0.0,5400000.0,5.4,467,1024,0.4560546875
01a0a57e-4c4f-7f82-af6d-66730fad5648,d,C,QB14,12,4,UVH7d,33,0.0,5850000.0,5.85,459,1024,0.4482421875
01a0a57e-4c4f-7f82-af6d-66730fad5648,d,C,QB14,12,4,UVH7d,34,0.0,6300000.0,6.3,430,1024,0.419921875
01a0a57e-4c4f-7f82-af6d-66730fad5648,d,C,QB14,12,4,UVH7d,35,0.0,6750000.0,6.75,390,1024,0.380859375
01a0a57e-4c4f-7f82-af6d-66730fad5648,d,C,QB14,12,4,UVH7d,36,0.0,7200000.0,7.2,416,1024,0.40625
01a0a57e-4c4f-7f82-af6d-66730fad5648,d,C,QB14,12,4,UVH7d,37,0.0,7650000.0,7.65,380,1024,0.37109375
01a0a57e-4c4f-7f82-af6d-66730fad5648,d,C,QB14,12,4,UVH7d,38,0.0,8100000.0,8.1,349,1024,0.3408203125
01a0a57e-4c4f-7f82-af6d-66730fad5648,d,C,QB14,12,4,UVH7d,39,0.0,8550000.0,8.55,351,1024,0.3427734375
01a0a57e-4c4f-7f82-af6d-66730fad5648,d,C,QB14,12,4,UVH7d,40,0.0,9000000.0,9.0,331,1024,0.3232421875
01a0a57e-4c4f-7f82-af6d-66730fad5648,d,C,QB14,12,5,UVH8d,0,0.0,-9000000.0,-9.0,558,1024,0.544921875
01a0a57e-4c4f-7f82-af6d-66730fad5648,d,C,QB14,12,5,UVH8d,1,0.0,-8550000.0,-8.55,560,1024,0.546875
01a0a57e-4c4f-7f82-af6d-66730fad5648,d,C,QB14,12,5,UVH8d,2,0.0,-8100000.0,-8.1,541,1024,0.5283203125
01a0a57e-4c4f-7f82-af6d-66730fad5648,d,C,QB14,12,5,UVH8d,3,0.0,-7650000.0,-7.65,563,1024,0.5498046875
01a0a57e-4c4f-7f82-af6d-66730fad5648,d,C,QB14,12,5,UVH8d,4,0.0,-7200000.0,-7.2,536,1024,0.5234375
01a0a57e-4c4f-7f82-af6d-66730fad5648,d,C,QB14,12,5,UVH8d,5,0.0,-6750000.0,-6.75,507,1024,0.4951171875
01a0a57e-4c4f-7f82-af6d-66730fad5648,d,C,QB14,12,5,UVH8d,6,0.0,-6300000.0,-6.3,526,1024,0.513671875
01a0a57e-4c4f-7f82-af6d-66730fad5648,d,C,QB14,12,5,UVH8d,7,0.0,-5850000.0,-5.85,550,1024,0.537109375
01a0a57e-4c4f-7f82-af6d-66730fad5648,d,C,QB14,12,5,UVH8d,8,0.0,-5400000.0,-5.4,539,1024,0.5263671875
01a0a57e-4c4f-7f82-af6d-66730fad5648,d,C,QB14,12,5,UVH8d,9,0.0,-4950000.0,-4.95,548,1024,0.53515625
01a0a57e-4c4f-7f82-af6d-66730fad5648,d,C,QB14,12,5,UVH8d,10,0.0,-4500000.0,-4.5,570,1024,0.556640625
01a0a57e-4c4f-7f82-af6d-66730fad5648,d,C,QB14,12,5,UVH8d,11,0.0,-4050000.0,-4.05,521,1024,0.5087890625
01a0a57e-4c4f-7f82-af6d-66730fad5648,d,C,QB14,12,5,UVH8d,12,0.0,-3600000.0,-3.6,498,1024,0.486328125
01a0a57e-4c4f-7f82-af6d-66730fad5648,d,C,QB14,12,5,UVH8d,13,0.0,-3150000.0,-3.15,569,1024,0.5556640625
01a0a57e-4c4f-7f82-af6d-66730fad5648,d,C,QB14,12,5,UVH8d,14,0.0,-2700000.0,-2.7,573,1024,0.5595703125
01a0a57e-4c4f-7f82-af6d-66730fad5648,d,C,QB14,12,5,UVH8d,15,0.0,-2250000.0,-2.25,541,1024,0.5283203125
01a0a57e-4c4f-7f82-af6d-66730fad5648,d,C,QB14,12,5,UVH8d,16,0.0,-1800000.0,-1.8,551,1024,0.5380859375
01a0a57e-4c4f-7f82-af6d-66730fad5648,d,C,QB14,12,5,UVH8d,17,0.0,-1350000.0,-1.35,562,1024,0.548828125
01a0a57e-4c4f-7f82-af6d-66730fad5648,d,C,QB14,12,5,UVH8d,18,0.0,-900000.0,-0.9,526,1024,0.513671875
01a0a57e-4c4f-7f82-af6d-66730fad5648,d,C,QB14,12,5,UVH8d,19,0.0,-450000.0,-0.45,561,1024,0.5478515625
01a0a57e-4c4f-7f82-af6d-66730fad5648,d,C,QB14,12,5,UVH8d,20,0.0,0.0,0.0,547,1024,0.5341796875
01a0a57e-4c4f-7f82-af6d-66730fad5648,d,C,QB14,12,5,UVH8d,21,0.0,450000.0,0.45,539,1024,0.5263671875
01a0a57e-4c4f-7f82-af6d-66730fad5648,d,C,QB14,12,5,UVH8d,22,0.0,900000.0,0.9,544,1024,0.53125
01a0a57e-4c4f-7f82-af6d-66730fad5648,d,C,QB14,12,5,UVH8d,23,0.0,1350000.0,1.35,539,1024,0.5263671875
01a0a57e-4c4f-7f82-af6d-66730fad5648,d,C,QB14,12,5,UVH8d,24,0.0,1800000.0,1.8,537,1024,0.5244140625
01a0a57e-4c4f-7f82-af6d-66730fad5648,d,C,QB14,12,5,UVH8d,25,0.0,2250000.0,2.25,557,1024,0.5439453125
01a0a57e-4c4f-7f82-af6d-66730fad5648,d,C,QB14,12,5,UVH8d,26,0.0,2700000.0,2.7,563,1024,0.5498046875
01a0a57e-4c4f-7f82-af6d-66730fad5648,d,C,QB14,12,5,UVH8d,27,0.0,3150000.0,3.15,560,1024,0.546875
01a0a57e-4c4f-7f82-af6d-66730fad5648,d,C,QB14,12,5,UVH8d,28,0.0,3600000.0,3.6,534,1024,0.521484375
01a0a57e-4c4f-7f82-af6d-66730fad5648,d,C,QB14,12,5,UVH8d,29,0.0,4050000.0,4.05,528,1024,0.515625
01a0a57e-4c4f-7f82-af6d-66730fad5648,d,C,QB14,12,5,UVH8d,30,0.0,4500000.0,4.5,550,1024,0.537109375
01a0a57e-4c4f-7f82-af6d-66730fad5648,d,C,QB14,12,5,UVH8d,31,0.0,4950000.0,4.95,498,1024,0.486328125
01a0a57e-4c4f-7f82-af6d-66730fad5648,d,C,QB14,12,5,UVH8d,32,0.0,5400000.0,5.4,529,1024,0.5166015625
01a0a57e-4c4f-7f82-af6d-66730fad5648,d,C,QB14,12,5,UVH8d,33,0.0,5850000.0,5.85,520,1024,0.5078125
01a0a57e-4c4f-7f82-af6d-66730fad5648,d,C,QB14,12,5,UVH8d,34,0.0,6300000.0,6.3,503,1024,0.4912109375
01a0a57e-4c4f-7f82-af6d-66730fad5648,d,C,QB14,12,5,UVH8d,35,0.0,6750000.0,6.75,516,1024,0.50390625
01a0a57e-4c4f-7f82-af6d-66730fad5648,d,C,QB14,12,5,UVH8d,36,0.0,7200000.0,7.2,518,1024,0.505859375
01a0a57e-4c4f-7f82-af6d-66730fad5648,d,C,QB14,12,5,UVH8d,37,0.0,7650000.0,7.65,501,1024,0.4892578125
01a0a57e-4c4f-7f82-af6d-66730fad5648,d,C,QB14,12,5,UVH8d,38,0.0,8100000.0,8.1,478,1024,0.466796875
01a0a57e-4c4f-7f82-af6d-66730fad5648,d,C,QB14,12,5,UVH8d,39,0.0,8550000.0,8.55,478,1024,0.466796875
01a0a57e-4c4f-7f82-af6d-66730fad5648,d,C,QB14,12,5,UVH8d,40,0.0,9000000.0,9.0,497,1024,0.4853515625
01a0a57e-4c4f-7f82-af6d-66730fad5648,d,C,QB16,13,0,standard_pi_2,0,0.0,-9000000.0,-9.0,563,1024,0.5498046875
01a0a57e-4c4f-7f82-af6d-66730fad5648,d,C,QB16,13,0,standard_pi_2,1,0.0,-8550000.0,-8.55,511,1024,0.4990234375
01a0a57e-4c4f-7f82-af6d-66730fad5648,d,C,QB16,13,0,standard_pi_2,2,0.0,-8100000.0,-8.1,528,1024,0.515625
01a0a57e-4c4f-7f82-af6d-66730fad5648,d,C,QB16,13,0,standard_pi_2,3,0.0,-7650000.0,-7.65,533,1024,0.5205078125
01a0a57e-4c4f-7f82-af6d-66730fad5648,d,C,QB16,13,0,standard_pi_2,4,0.0,-7200000.0,-7.2,528,1024,0.515625
01a0a57e-4c4f-7f82-af6d-66730fad5648,d,C,QB16,13,0,standard_pi_2,5,0.0,-6750000.0,-6.75,542,1024,0.529296875
01a0a57e-4c4f-7f82-af6d-66730fad5648,d,C,QB16,13,0,standard_pi_2,6,0.0,-6300000.0,-6.3,540,1024,0.52734375
01a0a57e-4c4f-7f82-af6d-66730fad5648,d,C,QB16,13,0,standard_pi_2,7,0.0,-5850000.0,-5.85,534,1024,0.521484375
01a0a57e-4c4f-7f82-af6d-66730fad5648,d,C,QB16,13,0,standard_pi_2,8,0.0,-5400000.0,-5.4,511,1024,0.4990234375
01a0a57e-4c4f-7f82-af6d-66730fad5648,d,C,QB16,13,0,standard_pi_2,9,0.0,-4950000.0,-4.95,545,1024,0.5322265625
01a0a57e-4c4f-7f82-af6d-66730fad5648,d,C,QB16,13,0,standard_pi_2,10,0.0,-4500000.0,-4.5,541,1024,0.5283203125
01a0a57e-4c4f-7f82-af6d-66730fad5648,d,C,QB16,13,0,standard_pi_2,11,0.0,-4050000.0,-4.05,544,1024,0.53125
01a0a57e-4c4f-7f82-af6d-66730fad5648,d,C,QB16,13,0,standard_pi_2,12,0.0,-3600000.0,-3.6,519,1024,0.5068359375
01a0a57e-4c4f-7f82-af6d-66730fad5648,d,C,QB16,13,0,standard_pi_2,13,0.0,-3150000.0,-3.15,541,1024,0.5283203125
01a0a57e-4c4f-7f82-af6d-66730fad5648,d,C,QB16,13,0,standard_pi_2,14,0.0,-2700000.0,-2.7,522,1024,0.509765625
01a0a57e-4c4f-7f82-af6d-66730fad5648,d,C,QB16,13,0,standard_pi_2,15,0.0,-2250000.0,-2.25,510,1024,0.498046875
01a0a57e-4c4f-7f82-af6d-66730fad5648,d,C,QB16,13,0,standard_pi_2,16,0.0,-1800000.0,-1.8,535,1024,0.5224609375
01a0a57e-4c4f-7f82-af6d-66730fad5648,d,C,QB16,13,0,standard_pi_2,17,0.0,-1350000.0,-1.35,495,1024,0.4833984375
01a0a57e-4c4f-7f82-af6d-66730fad5648,d,C,QB16,13,0,standard_pi_2,18,0.0,-900000.0,-0.9,502,1024,0.490234375
01a0a57e-4c4f-7f82-af6d-66730fad5648,d,C,QB16,13,0,standard_pi_2,19,0.0,-450000.0,-0.45,505,1024,0.4931640625
01a0a57e-4c4f-7f82-af6d-66730fad5648,d,C,QB16,13,0,standard_pi_2,20,0.0,0.0,0.0,496,1024,0.484375
01a0a57e-4c4f-7f82-af6d-66730fad5648,d,C,QB16,13,0,standard_pi_2,21,0.0,450000.0,0.45,496,1024,0.484375
01a0a57e-4c4f-7f82-af6d-66730fad5648,d,C,QB16,13,0,standard_pi_2,22,0.0,900000.0,0.9,517,1024,0.5048828125
01a0a57e-4c4f-7f82-af6d-66730fad5648,d,C,QB16,13,0,standard_pi_2,23,0.0,1350000.0,1.35,479,1024,0.4677734375
01a0a57e-4c4f-7f82-af6d-66730fad5648,d,C,QB16,13,0,standard_pi_2,24,0.0,1800000.0,1.8,497,1024,0.4853515625
01a0a57e-4c4f-7f82-af6d-66730fad5648,d,C,QB16,13,0,standard_pi_2,25,0.0,2250000.0,2.25,526,1024,0.513671875
01a0a57e-4c4f-7f82-af6d-66730fad5648,d,C,QB16,13,0,standard_pi_2,26,0.0,2700000.0,2.7,446,1024,0.435546875
01a0a57e-4c4f-7f82-af6d-66730fad5648,d,C,QB16,13,0,standard_pi_2,27,0.0,3150000.0,3.15,514,1024,0.501953125
01a0a57e-4c4f-7f82-af6d-66730fad5648,d,C,QB16,13,0,standard_pi_2,28,0.0,3600000.0,3.6,490,1024,0.478515625
01a0a57e-4c4f-7f82-af6d-66730fad5648,d,C,QB16,13,0,standard_pi_2,29,0.0,4050000.0,4.05,487,1024,0.4755859375
01a0a57e-4c4f-7f82-af6d-66730fad5648,d,C,QB16,13,0,standard_pi_2,30,0.0,4500000.0,4.5,461,1024,0.4501953125
01a0a57e-4c4f-7f82-af6d-66730fad5648,d,C,QB16,13,0,standard_pi_2,31,0.0,4950000.0,4.95,472,1024,0.4609375
01a0a57e-4c4f-7f82-af6d-66730fad5648,d,C,QB16,13,0,standard_pi_2,32,0.0,5400000.0,5.4,513,1024,0.5009765625
01a0a57e-4c4f-7f82-af6d-66730fad5648,d,C,QB16,13,0,standard_pi_2,33,0.0,5850000.0,5.85,474,1024,0.462890625
01a0a57e-4c4f-7f82-af6d-66730fad5648,d,C,QB16,13,0,standard_pi_2,34,0.0,6300000.0,6.3,473,1024,0.4619140625
01a0a57e-4c4f-7f82-af6d-66730fad5648,d,C,QB16,13,0,standard_pi_2,35,0.0,6750000.0,6.75,495,1024,0.4833984375
01a0a57e-4c4f-7f82-af6d-66730fad5648,d,C,QB16,13,0,standard_pi_2,36,0.0,7200000.0,7.2,459,1024,0.4482421875
01a0a57e-4c4f-7f82-af6d-66730fad5648,d,C,QB16,13,0,standard_pi_2,37,0.0,7650000.0,7.65,459,1024,0.4482421875
01a0a57e-4c4f-7f82-af6d-66730fad5648,d,C,QB16,13,0,standard_pi_2,38,0.0,8100000.0,8.1,454,1024,0.443359375
01a0a57e-4c4f-7f82-af6d-66730fad5648,d,C,QB16,13,0,standard_pi_2,39,0.0,8550000.0,8.55,468,1024,0.45703125
01a0a57e-4c4f-7f82-af6d-66730fad5648,d,C,QB16,13,0,standard_pi_2,40,0.0,9000000.0,9.0,446,1024,0.435546875
01a0a57e-4c4f-7f82-af6d-66730fad5648,d,C,QB16,13,1,UVH4d,0,0.0,-9000000.0,-9.0,391,1024,0.3818359375
01a0a57e-4c4f-7f82-af6d-66730fad5648,d,C,QB16,13,1,UVH4d,1,0.0,-8550000.0,-8.55,388,1024,0.37890625
01a0a57e-4c4f-7f82-af6d-66730fad5648,d,C,QB16,13,1,UVH4d,2,0.0,-8100000.0,-8.1,399,1024,0.3896484375
01a0a57e-4c4f-7f82-af6d-66730fad5648,d,C,QB16,13,1,UVH4d,3,0.0,-7650000.0,-7.65,405,1024,0.3955078125
01a0a57e-4c4f-7f82-af6d-66730fad5648,d,C,QB16,13,1,UVH4d,4,0.0,-7200000.0,-7.2,374,1024,0.365234375
01a0a57e-4c4f-7f82-af6d-66730fad5648,d,C,QB16,13,1,UVH4d,5,0.0,-6750000.0,-6.75,422,1024,0.412109375
01a0a57e-4c4f-7f82-af6d-66730fad5648,d,C,QB16,13,1,UVH4d,6,0.0,-6300000.0,-6.3,410,1024,0.400390625
01a0a57e-4c4f-7f82-af6d-66730fad5648,d,C,QB16,13,1,UVH4d,7,0.0,-5850000.0,-5.85,439,1024,0.4287109375
01a0a57e-4c4f-7f82-af6d-66730fad5648,d,C,QB16,13,1,UVH4d,8,0.0,-5400000.0,-5.4,424,1024,0.4140625
01a0a57e-4c4f-7f82-af6d-66730fad5648,d,C,QB16,13,1,UVH4d,9,0.0,-4950000.0,-4.95,450,1024,0.439453125
01a0a57e-4c4f-7f82-af6d-66730fad5648,d,C,QB16,13,1,UVH4d,10,0.0,-4500000.0,-4.5,444,1024,0.43359375
01a0a57e-4c4f-7f82-af6d-66730fad5648,d,C,QB16,13,1,UVH4d,11,0.0,-4050000.0,-4.05,479,1024,0.4677734375
01a0a57e-4c4f-7f82-af6d-66730fad5648,d,C,QB16,13,1,UVH4d,12,0.0,-3600000.0,-3.6,464,1024,0.453125
01a0a57e-4c4f-7f82-af6d-66730fad5648,d,C,QB16,13,1,UVH4d,13,0.0,-3150000.0,-3.15,465,1024,0.4541015625
01a0a57e-4c4f-7f82-af6d-66730fad5648,d,C,QB16,13,1,UVH4d,14,0.0,-2700000.0,-2.7,496,1024,0.484375
01a0a57e-4c4f-7f82-af6d-66730fad5648,d,C,QB16,13,1,UVH4d,15,0.0,-2250000.0,-2.25,503,1024,0.4912109375
01a0a57e-4c4f-7f82-af6d-66730fad5648,d,C,QB16,13,1,UVH4d,16,0.0,-1800000.0,-1.8,497,1024,0.4853515625
01a0a57e-4c4f-7f82-af6d-66730fad5648,d,C,QB16,13,1,UVH4d,17,0.0,-1350000.0,-1.35,479,1024,0.4677734375
01a0a57e-4c4f-7f82-af6d-66730fad5648,d,C,QB16,13,1,UVH4d,18,0.0,-900000.0,-0.9,474,1024,0.462890625
01a0a57e-4c4f-7f82-af6d-66730fad5648,d,C,QB16,13,1,UVH4d,19,0.0,-450000.0,-0.45,514,1024,0.501953125
01a0a57e-4c4f-7f82-af6d-66730fad5648,d,C,QB16,13,1,UVH4d,20,0.0,0.0,0.0,468,1024,0.45703125
01a0a57e-4c4f-7f82-af6d-66730fad5648,d,C,QB16,13,1,UVH4d,21,0.0,450000.0,0.45,503,1024,0.4912109375
01a0a57e-4c4f-7f82-af6d-66730fad5648,d,C,QB16,13,1,UVH4d,22,0.0,900000.0,0.9,465,1024,0.4541015625
01a0a57e-4c4f-7f82-af6d-66730fad5648,d,C,QB16,13,1,UVH4d,23,0.0,1350000.0,1.35,469,1024,0.4580078125
01a0a57e-4c4f-7f82-af6d-66730fad5648,d,C,QB16,13,1,UVH4d,24,0.0,1800000.0,1.8,485,1024,0.4736328125
01a0a57e-4c4f-7f82-af6d-66730fad5648,d,C,QB16,13,1,UVH4d,25,0.0,2250000.0,2.25,475,1024,0.4638671875
01a0a57e-4c4f-7f82-af6d-66730fad5648,d,C,QB16,13,1,UVH4d,26,0.0,2700000.0,2.7,530,1024,0.517578125
01a0a57e-4c4f-7f82-af6d-66730fad5648,d,C,QB16,13,1,UVH4d,27,0.0,3150000.0,3.15,498,1024,0.486328125
01a0a57e-4c4f-7f82-af6d-66730fad5648,d,C,QB16,13,1,UVH4d,28,0.0,3600000.0,3.6,507,1024,0.4951171875
01a0a57e-4c4f-7f82-af6d-66730fad5648,d,C,QB16,13,1,UVH4d,29,0.0,4050000.0,4.05,508,1024,0.49609375
01a0a57e-4c4f-7f82-af6d-66730fad5648,d,C,QB16,13,1,UVH4d,30,0.0,4500000.0,4.5,517,1024,0.5048828125
01a0a57e-4c4f-7f82-af6d-66730fad5648,d,C,QB16,13,1,UVH4d,31,0.0,4950000.0,4.95,537,1024,0.5244140625
01a0a57e-4c4f-7f82-af6d-66730fad5648,d,C,QB16,13,1,UVH4d,32,0.0,5400000.0,5.4,593,1024,0.5791015625
01a0a57e-4c4f-7f82-af6d-66730fad5648,d,C,QB16,13,1,UVH4d,33,0.0,5850000.0,5.85,565,1024,0.5517578125
01a0a57e-4c4f-7f82-af6d-66730fad5648,d,C,QB16,13,1,UVH4d,34,0.0,6300000.0,6.3,581,1024,0.5673828125
01a0a57e-4c4f-7f82-af6d-66730fad5648,d,C,QB16,13,1,UVH4d,35,0.0,6750000.0,6.75,552,1024,0.5390625
01a0a57e-4c4f-7f82-af6d-66730fad5648,d,C,QB16,13,1,UVH4d,36,0.0,7200000.0,7.2,624,1024,0.609375
01a0a57e-4c4f-7f82-af6d-66730fad5648,d,C,QB16,13,1,UVH4d,37,0.0,7650000.0,7.65,649,1024,0.6337890625
01a0a57e-4c4f-7f82-af6d-66730fad5648,d,C,QB16,13,1,UVH4d,38,0.0,8100000.0,8.1,656,1024,0.640625
01a0a57e-4c4f-7f82-af6d-66730fad5648,d,C,QB16,13,1,UVH4d,39,0.0,8550000.0,8.55,692,1024,0.67578125
01a0a57e-4c4f-7f82-af6d-66730fad5648,d,C,QB16,13,1,UVH4d,40,0.0,9000000.0,9.0,673,1024,0.6572265625
01a0a57e-4c4f-7f82-af6d-66730fad5648,d,C,QB16,13,2,UVH5d,0,0.0,-9000000.0,-9.0,90,1024,0.087890625
01a0a57e-4c4f-7f82-af6d-66730fad5648,d,C,QB16,13,2,UVH5d,1,0.0,-8550000.0,-8.55,117,1024,0.1142578125
01a0a57e-4c4f-7f82-af6d-66730fad5648,d,C,QB16,13,2,UVH5d,2,0.0,-8100000.0,-8.1,141,1024,0.1376953125
01a0a57e-4c4f-7f82-af6d-66730fad5648,d,C,QB16,13,2,UVH5d,3,0.0,-7650000.0,-7.65,177,1024,0.1728515625
01a0a57e-4c4f-7f82-af6d-66730fad5648,d,C,QB16,13,2,UVH5d,4,0.0,-7200000.0,-7.2,196,1024,0.19140625
01a0a57e-4c4f-7f82-af6d-66730fad5648,d,C,QB16,13,2,UVH5d,5,0.0,-6750000.0,-6.75,203,1024,0.1982421875
01a0a57e-4c4f-7f82-af6d-66730fad5648,d,C,QB16,13,2,UVH5d,6,0.0,-6300000.0,-6.3,262,1024,0.255859375
01a0a57e-4c4f-7f82-af6d-66730fad5648,d,C,QB16,13,2,UVH5d,7,0.0,-5850000.0,-5.85,334,1024,0.326171875
01a0a57e-4c4f-7f82-af6d-66730fad5648,d,C,QB16,13,2,UVH5d,8,0.0,-5400000.0,-5.4,350,1024,0.341796875
01a0a57e-4c4f-7f82-af6d-66730fad5648,d,C,QB16,13,2,UVH5d,9,0.0,-4950000.0,-4.95,365,1024,0.3564453125
01a0a57e-4c4f-7f82-af6d-66730fad5648,d,C,QB16,13,2,UVH5d,10,0.0,-4500000.0,-4.5,413,1024,0.4033203125
01a0a57e-4c4f-7f82-af6d-66730fad5648,d,C,QB16,13,2,UVH5d,11,0.0,-4050000.0,-4.05,411,1024,0.4013671875
01a0a57e-4c4f-7f82-af6d-66730fad5648,d,C,QB16,13,2,UVH5d,12,0.0,-3600000.0,-3.6,419,1024,0.4091796875
01a0a57e-4c4f-7f82-af6d-66730fad5648,d,C,QB16,13,2,UVH5d,13,0.0,-3150000.0,-3.15,468,1024,0.45703125
01a0a57e-4c4f-7f82-af6d-66730fad5648,d,C,QB16,13,2,UVH5d,14,0.0,-2700000.0,-2.7,506,1024,0.494140625
01a0a57e-4c4f-7f82-af6d-66730fad5648,d,C,QB16,13,2,UVH5d,15,0.0,-2250000.0,-2.25,515,1024,0.5029296875
01a0a57e-4c4f-7f82-af6d-66730fad5648,d,C,QB16,13,2,UVH5d,16,0.0,-1800000.0,-1.8,512,1024,0.5
01a0a57e-4c4f-7f82-af6d-66730fad5648,d,C,QB16,13,2,UVH5d,17,0.0,-1350000.0,-1.35,539,1024,0.5263671875
01a0a57e-4c4f-7f82-af6d-66730fad5648,d,C,QB16,13,2,UVH5d,18,0.0,-900000.0,-0.9,527,1024,0.5146484375
01a0a57e-4c4f-7f82-af6d-66730fad5648,d,C,QB16,13,2,UVH5d,19,0.0,-450000.0,-0.45,548,1024,0.53515625
01a0a57e-4c4f-7f82-af6d-66730fad5648,d,C,QB16,13,2,UVH5d,20,0.0,0.0,0.0,527,1024,0.5146484375
01a0a57e-4c4f-7f82-af6d-66730fad5648,d,C,QB16,13,2,UVH5d,21,0.0,450000.0,0.45,535,1024,0.5224609375
01a0a57e-4c4f-7f82-af6d-66730fad5648,d,C,QB16,13,2,UVH5d,22,0.0,900000.0,0.9,521,1024,0.5087890625
01a0a57e-4c4f-7f82-af6d-66730fad5648,d,C,QB16,13,2,UVH5d,23,0.0,1350000.0,1.35,536,1024,0.5234375
01a0a57e-4c4f-7f82-af6d-66730fad5648,d,C,QB16,13,2,UVH5d,24,0.0,1800000.0,1.8,513,1024,0.5009765625
01a0a57e-4c4f-7f82-af6d-66730fad5648,d,C,QB16,13,2,UVH5d,25,0.0,2250000.0,2.25,546,1024,0.533203125
01a0a57e-4c4f-7f82-af6d-66730fad5648,d,C,QB16,13,2,UVH5d,26,0.0,2700000.0,2.7,520,1024,0.5078125
01a0a57e-4c4f-7f82-af6d-66730fad5648,d,C,QB16,13,2,UVH5d,27,0.0,3150000.0,3.15,517,1024,0.5048828125
01a0a57e-4c4f-7f82-af6d-66730fad5648,d,C,QB16,13,2,UVH5d,28,0.0,3600000.0,3.6,555,1024,0.5419921875
01a0a57e-4c4f-7f82-af6d-66730fad5648,d,C,QB16,13,2,UVH5d,29,0.0,4050000.0,4.05,568,1024,0.5546875
01a0a57e-4c4f-7f82-af6d-66730fad5648,d,C,QB16,13,2,UVH5d,30,0.0,4500000.0,4.5,555,1024,0.5419921875
01a0a57e-4c4f-7f82-af6d-66730fad5648,d,C,QB16,13,2,UVH5d,31,0.0,4950000.0,4.95,544,1024,0.53125
01a0a57e-4c4f-7f82-af6d-66730fad5648,d,C,QB16,13,2,UVH5d,32,0.0,5400000.0,5.4,550,1024,0.537109375
01a0a57e-4c4f-7f82-af6d-66730fad5648,d,C,QB16,13,2,UVH5d,33,0.0,5850000.0,5.85,581,1024,0.5673828125
01a0a57e-4c4f-7f82-af6d-66730fad5648,d,C,QB16,13,2,UVH5d,34,0.0,6300000.0,6.3,560,1024,0.546875
01a0a57e-4c4f-7f82-af6d-66730fad5648,d,C,QB16,13,2,UVH5d,35,0.0,6750000.0,6.75,600,1024,0.5859375
01a0a57e-4c4f-7f82-af6d-66730fad5648,d,C,QB16,13,2,UVH5d,36,0.0,7200000.0,7.2,584,1024,0.5703125
01a0a57e-4c4f-7f82-af6d-66730fad5648,d,C,QB16,13,2,UVH5d,37,0.0,7650000.0,7.65,601,1024,0.5869140625
01a0a57e-4c4f-7f82-af6d-66730fad5648,d,C,QB16,13,2,UVH5d,38,0.0,8100000.0,8.1,620,1024,0.60546875
01a0a57e-4c4f-7f82-af6d-66730fad5648,d,C,QB16,13,2,UVH5d,39,0.0,8550000.0,8.55,589,1024,0.5751953125
01a0a57e-4c4f-7f82-af6d-66730fad5648,d,C,QB16,13,2,UVH5d,40,0.0,9000000.0,9.0,621,1024,0.6064453125
01a0a57e-4c4f-7f82-af6d-66730fad5648,d,C,QB16,13,3,UVH6d,0,0.0,-9000000.0,-9.0,551,1024,0.5380859375
01a0a57e-4c4f-7f82-af6d-66730fad5648,d,C,QB16,13,3,UVH6d,1,0.0,-8550000.0,-8.55,538,1024,0.525390625
01a0a57e-4c4f-7f82-af6d-66730fad5648,d,C,QB16,13,3,UVH6d,2,0.0,-8100000.0,-8.1,510,1024,0.498046875
01a0a57e-4c4f-7f82-af6d-66730fad5648,d,C,QB16,13,3,UVH6d,3,0.0,-7650000.0,-7.65,520,1024,0.5078125
01a0a57e-4c4f-7f82-af6d-66730fad5648,d,C,QB16,13,3,UVH6d,4,0.0,-7200000.0,-7.2,521,1024,0.5087890625
01a0a57e-4c4f-7f82-af6d-66730fad5648,d,C,QB16,13,3,UVH6d,5,0.0,-6750000.0,-6.75,506,1024,0.494140625
01a0a57e-4c4f-7f82-af6d-66730fad5648,d,C,QB16,13,3,UVH6d,6,0.0,-6300000.0,-6.3,530,1024,0.517578125
01a0a57e-4c4f-7f82-af6d-66730fad5648,d,C,QB16,13,3,UVH6d,7,0.0,-5850000.0,-5.85,508,1024,0.49609375
01a0a57e-4c4f-7f82-af6d-66730fad5648,d,C,QB16,13,3,UVH6d,8,0.0,-5400000.0,-5.4,486,1024,0.474609375
01a0a57e-4c4f-7f82-af6d-66730fad5648,d,C,QB16,13,3,UVH6d,9,0.0,-4950000.0,-4.95,521,1024,0.5087890625
01a0a57e-4c4f-7f82-af6d-66730fad5648,d,C,QB16,13,3,UVH6d,10,0.0,-4500000.0,-4.5,491,1024,0.4794921875
01a0a57e-4c4f-7f82-af6d-66730fad5648,d,C,QB16,13,3,UVH6d,11,0.0,-4050000.0,-4.05,497,1024,0.4853515625
01a0a57e-4c4f-7f82-af6d-66730fad5648,d,C,QB16,13,3,UVH6d,12,0.0,-3600000.0,-3.6,496,1024,0.484375
01a0a57e-4c4f-7f82-af6d-66730fad5648,d,C,QB16,13,3,UVH6d,13,0.0,-3150000.0,-3.15,487,1024,0.4755859375
01a0a57e-4c4f-7f82-af6d-66730fad5648,d,C,QB16,13,3,UVH6d,14,0.0,-2700000.0,-2.7,476,1024,0.46484375
01a0a57e-4c4f-7f82-af6d-66730fad5648,d,C,QB16,13,3,UVH6d,15,0.0,-2250000.0,-2.25,481,1024,0.4697265625
01a0a57e-4c4f-7f82-af6d-66730fad5648,d,C,QB16,13,3,UVH6d,16,0.0,-1800000.0,-1.8,502,1024,0.490234375
01a0a57e-4c4f-7f82-af6d-66730fad5648,d,C,QB16,13,3,UVH6d,17,0.0,-1350000.0,-1.35,501,1024,0.4892578125
01a0a57e-4c4f-7f82-af6d-66730fad5648,d,C,QB16,13,3,UVH6d,18,0.0,-900000.0,-0.9,474,1024,0.462890625
01a0a57e-4c4f-7f82-af6d-66730fad5648,d,C,QB16,13,3,UVH6d,19,0.0,-450000.0,-0.45,503,1024,0.4912109375
01a0a57e-4c4f-7f82-af6d-66730fad5648,d,C,QB16,13,3,UVH6d,20,0.0,0.0,0.0,508,1024,0.49609375
01a0a57e-4c4f-7f82-af6d-66730fad5648,d,C,QB16,13,3,UVH6d,21,0.0,450000.0,0.45,514,1024,0.501953125
01a0a57e-4c4f-7f82-af6d-66730fad5648,d,C,QB16,13,3,UVH6d,22,0.0,900000.0,0.9,495,1024,0.4833984375
01a0a57e-4c4f-7f82-af6d-66730fad5648,d,C,QB16,13,3,UVH6d,23,0.0,1350000.0,1.35,506,1024,0.494140625
01a0a57e-4c4f-7f82-af6d-66730fad5648,d,C,QB16,13,3,UVH6d,24,0.0,1800000.0,1.8,511,1024,0.4990234375
01a0a57e-4c4f-7f82-af6d-66730fad5648,d,C,QB16,13,3,UVH6d,25,0.0,2250000.0,2.25,493,1024,0.4814453125
01a0a57e-4c4f-7f82-af6d-66730fad5648,d,C,QB16,13,3,UVH6d,26,0.0,2700000.0,2.7,481,1024,0.4697265625
01a0a57e-4c4f-7f82-af6d-66730fad5648,d,C,QB16,13,3,UVH6d,27,0.0,3150000.0,3.15,487,1024,0.4755859375
01a0a57e-4c4f-7f82-af6d-66730fad5648,d,C,QB16,13,3,UVH6d,28,0.0,3600000.0,3.6,499,1024,0.4873046875
01a0a57e-4c4f-7f82-af6d-66730fad5648,d,C,QB16,13,3,UVH6d,29,0.0,4050000.0,4.05,502,1024,0.490234375
01a0a57e-4c4f-7f82-af6d-66730fad5648,d,C,QB16,13,3,UVH6d,30,0.0,4500000.0,4.5,489,1024,0.4775390625
01a0a57e-4c4f-7f82-af6d-66730fad5648,d,C,QB16,13,3,UVH6d,31,0.0,4950000.0,4.95,448,1024,0.4375
01a0a57e-4c4f-7f82-af6d-66730fad5648,d,C,QB16,13,3,UVH6d,32,0.0,5400000.0,5.4,501,1024,0.4892578125
01a0a57e-4c4f-7f82-af6d-66730fad5648,d,C,QB16,13,3,UVH6d,33,0.0,5850000.0,5.85,509,1024,0.4970703125
01a0a57e-4c4f-7f82-af6d-66730fad5648,d,C,QB16,13,3,UVH6d,34,0.0,6300000.0,6.3,494,1024,0.482421875
01a0a57e-4c4f-7f82-af6d-66730fad5648,d,C,QB16,13,3,UVH6d,35,0.0,6750000.0,6.75,538,1024,0.525390625
01a0a57e-4c4f-7f82-af6d-66730fad5648,d,C,QB16,13,3,UVH6d,36,0.0,7200000.0,7.2,543,1024,0.5302734375
01a0a57e-4c4f-7f82-af6d-66730fad5648,d,C,QB16,13,3,UVH6d,37,0.0,7650000.0,7.65,525,1024,0.5126953125
01a0a57e-4c4f-7f82-af6d-66730fad5648,d,C,QB16,13,3,UVH6d,38,0.0,8100000.0,8.1,557,1024,0.5439453125
01a0a57e-4c4f-7f82-af6d-66730fad5648,d,C,QB16,13,3,UVH6d,39,0.0,8550000.0,8.55,545,1024,0.5322265625
01a0a57e-4c4f-7f82-af6d-66730fad5648,d,C,QB16,13,3,UVH6d,40,0.0,9000000.0,9.0,569,1024,0.5556640625
01a0a57e-4c4f-7f82-af6d-66730fad5648,d,C,QB16,13,4,UVH7d,0,0.0,-9000000.0,-9.0,491,1024,0.4794921875
01a0a57e-4c4f-7f82-af6d-66730fad5648,d,C,QB16,13,4,UVH7d,1,0.0,-8550000.0,-8.55,538,1024,0.525390625
01a0a57e-4c4f-7f82-af6d-66730fad5648,d,C,QB16,13,4,UVH7d,2,0.0,-8100000.0,-8.1,517,1024,0.5048828125
01a0a57e-4c4f-7f82-af6d-66730fad5648,d,C,QB16,13,4,UVH7d,3,0.0,-7650000.0,-7.65,511,1024,0.4990234375
01a0a57e-4c4f-7f82-af6d-66730fad5648,d,C,QB16,13,4,UVH7d,4,0.0,-7200000.0,-7.2,524,1024,0.51171875
01a0a57e-4c4f-7f82-af6d-66730fad5648,d,C,QB16,13,4,UVH7d,5,0.0,-6750000.0,-6.75,456,1024,0.4453125
01a0a57e-4c4f-7f82-af6d-66730fad5648,d,C,QB16,13,4,UVH7d,6,0.0,-6300000.0,-6.3,506,1024,0.494140625
01a0a57e-4c4f-7f82-af6d-66730fad5648,d,C,QB16,13,4,UVH7d,7,0.0,-5850000.0,-5.85,515,1024,0.5029296875
01a0a57e-4c4f-7f82-af6d-66730fad5648,d,C,QB16,13,4,UVH7d,8,0.0,-5400000.0,-5.4,520,1024,0.5078125
01a0a57e-4c4f-7f82-af6d-66730fad5648,d,C,QB16,13,4,UVH7d,9,0.0,-4950000.0,-4.95,541,1024,0.5283203125
01a0a57e-4c4f-7f82-af6d-66730fad5648,d,C,QB16,13,4,UVH7d,10,0.0,-4500000.0,-4.5,519,1024,0.5068359375
01a0a57e-4c4f-7f82-af6d-66730fad5648,d,C,QB16,13,4,UVH7d,11,0.0,-4050000.0,-4.05,538,1024,0.525390625
01a0a57e-4c4f-7f82-af6d-66730fad5648,d,C,QB16,13,4,UVH7d,12,0.0,-3600000.0,-3.6,522,1024,0.509765625
01a0a57e-4c4f-7f82-af6d-66730fad5648,d,C,QB16,13,4,UVH7d,13,0.0,-3150000.0,-3.15,513,1024,0.5009765625
01a0a57e-4c4f-7f82-af6d-66730fad5648,d,C,QB16,13,4,UVH7d,14,0.0,-2700000.0,-2.7,541,1024,0.5283203125
01a0a57e-4c4f-7f82-af6d-66730fad5648,d,C,QB16,13,4,UVH7d,15,0.0,-2250000.0,-2.25,530,1024,0.517578125
01a0a57e-4c4f-7f82-af6d-66730fad5648,d,C,QB16,13,4,UVH7d,16,0.0,-1800000.0,-1.8,503,1024,0.4912109375
01a0a57e-4c4f-7f82-af6d-66730fad5648,d,C,QB16,13,4,UVH7d,17,0.0,-1350000.0,-1.35,530,1024,0.517578125
01a0a57e-4c4f-7f82-af6d-66730fad5648,d,C,QB16,13,4,UVH7d,18,0.0,-900000.0,-0.9,525,1024,0.5126953125
01a0a57e-4c4f-7f82-af6d-66730fad5648,d,C,QB16,13,4,UVH7d,19,0.0,-450000.0,-0.45,525,1024,0.5126953125
01a0a57e-4c4f-7f82-af6d-66730fad5648,d,C,QB16,13,4,UVH7d,20,0.0,0.0,0.0,505,1024,0.4931640625
01a0a57e-4c4f-7f82-af6d-66730fad5648,d,C,QB16,13,4,UVH7d,21,0.0,450000.0,0.45,517,1024,0.5048828125
01a0a57e-4c4f-7f82-af6d-66730fad5648,d,C,QB16,13,4,UVH7d,22,0.0,900000.0,0.9,511,1024,0.4990234375
01a0a57e-4c4f-7f82-af6d-66730fad5648,d,C,QB16,13,4,UVH7d,23,0.0,1350000.0,1.35,547,1024,0.5341796875
01a0a57e-4c4f-7f82-af6d-66730fad5648,d,C,QB16,13,4,UVH7d,24,0.0,1800000.0,1.8,534,1024,0.521484375
01a0a57e-4c4f-7f82-af6d-66730fad5648,d,C,QB16,13,4,UVH7d,25,0.0,2250000.0,2.25,501,1024,0.4892578125
01a0a57e-4c4f-7f82-af6d-66730fad5648,d,C,QB16,13,4,UVH7d,26,0.0,2700000.0,2.7,486,1024,0.474609375
01a0a57e-4c4f-7f82-af6d-66730fad5648,d,C,QB16,13,4,UVH7d,27,0.0,3150000.0,3.15,499,1024,0.4873046875
01a0a57e-4c4f-7f82-af6d-66730fad5648,d,C,QB16,13,4,UVH7d,28,0.0,3600000.0,3.6,522,1024,0.509765625
01a0a57e-4c4f-7f82-af6d-66730fad5648,d,C,QB16,13,4,UVH7d,29,0.0,4050000.0,4.05,488,1024,0.4765625
01a0a57e-4c4f-7f82-af6d-66730fad5648,d,C,QB16,13,4,UVH7d,30,0.0,4500000.0,4.5,505,1024,0.4931640625
01a0a57e-4c4f-7f82-af6d-66730fad5648,d,C,QB16,13,4,UVH7d,31,0.0,4950000.0,4.95,467,1024,0.4560546875
01a0a57e-4c4f-7f82-af6d-66730fad5648,d,C,QB16,13,4,UVH7d,32,0.0,5400000.0,5.4,470,1024,0.458984375
01a0a57e-4c4f-7f82-af6d-66730fad5648,d,C,QB16,13,4,UVH7d,33,0.0,5850000.0,5.85,470,1024,0.458984375
01a0a57e-4c4f-7f82-af6d-66730fad5648,d,C,QB16,13,4,UVH7d,34,0.0,6300000.0,6.3,434,1024,0.423828125
01a0a57e-4c4f-7f82-af6d-66730fad5648,d,C,QB16,13,4,UVH7d,35,0.0,6750000.0,6.75,450,1024,0.439453125
01a0a57e-4c4f-7f82-af6d-66730fad5648,d,C,QB16,13,4,UVH7d,36,0.0,7200000.0,7.2,434,1024,0.423828125
01a0a57e-4c4f-7f82-af6d-66730fad5648,d,C,QB16,13,4,UVH7d,37,0.0,7650000.0,7.65,405,1024,0.3955078125
01a0a57e-4c4f-7f82-af6d-66730fad5648,d,C,QB16,13,4,UVH7d,38,0.0,8100000.0,8.1,393,1024,0.3837890625
01a0a57e-4c4f-7f82-af6d-66730fad5648,d,C,QB16,13,4,UVH7d,39,0.0,8550000.0,8.55,355,1024,0.3466796875
01a0a57e-4c4f-7f82-af6d-66730fad5648,d,C,QB16,13,4,UVH7d,40,0.0,9000000.0,9.0,351,1024,0.3427734375
01a0a57e-4c4f-7f82-af6d-66730fad5648,d,C,QB16,13,5,UVH8d,0,0.0,-9000000.0,-9.0,491,1024,0.4794921875
01a0a57e-4c4f-7f82-af6d-66730fad5648,d,C,QB16,13,5,UVH8d,1,0.0,-8550000.0,-8.55,488,1024,0.4765625
01a0a57e-4c4f-7f82-af6d-66730fad5648,d,C,QB16,13,5,UVH8d,2,0.0,-8100000.0,-8.1,480,1024,0.46875
01a0a57e-4c4f-7f82-af6d-66730fad5648,d,C,QB16,13,5,UVH8d,3,0.0,-7650000.0,-7.65,489,1024,0.4775390625
01a0a57e-4c4f-7f82-af6d-66730fad5648,d,C,QB16,13,5,UVH8d,4,0.0,-7200000.0,-7.2,478,1024,0.466796875
01a0a57e-4c4f-7f82-af6d-66730fad5648,d,C,QB16,13,5,UVH8d,5,0.0,-6750000.0,-6.75,507,1024,0.4951171875
01a0a57e-4c4f-7f82-af6d-66730fad5648,d,C,QB16,13,5,UVH8d,6,0.0,-6300000.0,-6.3,464,1024,0.453125
01a0a57e-4c4f-7f82-af6d-66730fad5648,d,C,QB16,13,5,UVH8d,7,0.0,-5850000.0,-5.85,470,1024,0.458984375
01a0a57e-4c4f-7f82-af6d-66730fad5648,d,C,QB16,13,5,UVH8d,8,0.0,-5400000.0,-5.4,464,1024,0.453125
01a0a57e-4c4f-7f82-af6d-66730fad5648,d,C,QB16,13,5,UVH8d,9,0.0,-4950000.0,-4.95,487,1024,0.4755859375
01a0a57e-4c4f-7f82-af6d-66730fad5648,d,C,QB16,13,5,UVH8d,10,0.0,-4500000.0,-4.5,496,1024,0.484375
01a0a57e-4c4f-7f82-af6d-66730fad5648,d,C,QB16,13,5,UVH8d,11,0.0,-4050000.0,-4.05,472,1024,0.4609375
01a0a57e-4c4f-7f82-af6d-66730fad5648,d,C,QB16,13,5,UVH8d,12,0.0,-3600000.0,-3.6,473,1024,0.4619140625
01a0a57e-4c4f-7f82-af6d-66730fad5648,d,C,QB16,13,5,UVH8d,13,0.0,-3150000.0,-3.15,496,1024,0.484375
01a0a57e-4c4f-7f82-af6d-66730fad5648,d,C,QB16,13,5,UVH8d,14,0.0,-2700000.0,-2.7,477,1024,0.4658203125
01a0a57e-4c4f-7f82-af6d-66730fad5648,d,C,QB16,13,5,UVH8d,15,0.0,-2250000.0,-2.25,496,1024,0.484375
01a0a57e-4c4f-7f82-af6d-66730fad5648,d,C,QB16,13,5,UVH8d,16,0.0,-1800000.0,-1.8,480,1024,0.46875
01a0a57e-4c4f-7f82-af6d-66730fad5648,d,C,QB16,13,5,UVH8d,17,0.0,-1350000.0,-1.35,493,1024,0.4814453125
01a0a57e-4c4f-7f82-af6d-66730fad5648,d,C,QB16,13,5,UVH8d,18,0.0,-900000.0,-0.9,440,1024,0.4296875
01a0a57e-4c4f-7f82-af6d-66730fad5648,d,C,QB16,13,5,UVH8d,19,0.0,-450000.0,-0.45,477,1024,0.4658203125
01a0a57e-4c4f-7f82-af6d-66730fad5648,d,C,QB16,13,5,UVH8d,20,0.0,0.0,0.0,493,1024,0.4814453125
01a0a57e-4c4f-7f82-af6d-66730fad5648,d,C,QB16,13,5,UVH8d,21,0.0,450000.0,0.45,499,1024,0.4873046875
01a0a57e-4c4f-7f82-af6d-66730fad5648,d,C,QB16,13,5,UVH8d,22,0.0,900000.0,0.9,505,1024,0.4931640625
01a0a57e-4c4f-7f82-af6d-66730fad5648,d,C,QB16,13,5,UVH8d,23,0.0,1350000.0,1.35,480,1024,0.46875
01a0a57e-4c4f-7f82-af6d-66730fad5648,d,C,QB16,13,5,UVH8d,24,0.0,1800000.0,1.8,485,1024,0.4736328125
01a0a57e-4c4f-7f82-af6d-66730fad5648,d,C,QB16,13,5,UVH8d,25,0.0,2250000.0,2.25,496,1024,0.484375
01a0a57e-4c4f-7f82-af6d-66730fad5648,d,C,QB16,13,5,UVH8d,26,0.0,2700000.0,2.7,488,1024,0.4765625
01a0a57e-4c4f-7f82-af6d-66730fad5648,d,C,QB16,13,5,UVH8d,27,0.0,3150000.0,3.15,502,1024,0.490234375
01a0a57e-4c4f-7f82-af6d-66730fad5648,d,C,QB16,13,5,UVH8d,28,0.0,3600000.0,3.6,490,1024,0.478515625
01a0a57e-4c4f-7f82-af6d-66730fad5648,d,C,QB16,13,5,UVH8d,29,0.0,4050000.0,4.05,506,1024,0.494140625
01a0a57e-4c4f-7f82-af6d-66730fad5648,d,C,QB16,13,5,UVH8d,30,0.0,4500000.0,4.5,500,1024,0.48828125
01a0a57e-4c4f-7f82-af6d-66730fad5648,d,C,QB16,13,5,UVH8d,31,0.0,4950000.0,4.95,515,1024,0.5029296875
01a0a57e-4c4f-7f82-af6d-66730fad5648,d,C,QB16,13,5,UVH8d,32,0.0,5400000.0,5.4,493,1024,0.4814453125
01a0a57e-4c4f-7f82-af6d-66730fad5648,d,C,QB16,13,5,UVH8d,33,0.0,5850000.0,5.85,484,1024,0.47265625
01a0a57e-4c4f-7f82-af6d-66730fad5648,d,C,QB16,13,5,UVH8d,34,0.0,6300000.0,6.3,509,1024,0.4970703125
01a0a57e-4c4f-7f82-af6d-66730fad5648,d,C,QB16,13,5,UVH8d,35,0.0,6750000.0,6.75,497,1024,0.4853515625
01a0a57e-4c4f-7f82-af6d-66730fad5648,d,C,QB16,13,5,UVH8d,36,0.0,7200000.0,7.2,512,1024,0.5
01a0a57e-4c4f-7f82-af6d-66730fad5648,d,C,QB16,13,5,UVH8d,37,0.0,7650000.0,7.65,510,1024,0.498046875
01a0a57e-4c4f-7f82-af6d-66730fad5648,d,C,QB16,13,5,UVH8d,38,0.0,8100000.0,8.1,477,1024,0.4658203125
01a0a57e-4c4f-7f82-af6d-66730fad5648,d,C,QB16,13,5,UVH8d,39,0.0,8550000.0,8.55,482,1024,0.470703125
01a0a57e-4c4f-7f82-af6d-66730fad5648,d,C,QB16,13,5,UVH8d,40,0.0,9000000.0,9.0,460,1024,0.44921875
01a0a57e-4c4f-7f82-af6d-66730fad5648,d,C,QB19,14,0,standard_pi_2,0,0.0,-9000000.0,-9.0,542,1024,0.529296875
01a0a57e-4c4f-7f82-af6d-66730fad5648,d,C,QB19,14,0,standard_pi_2,1,0.0,-8550000.0,-8.55,531,1024,0.5185546875
01a0a57e-4c4f-7f82-af6d-66730fad5648,d,C,QB19,14,0,standard_pi_2,2,0.0,-8100000.0,-8.1,524,1024,0.51171875
01a0a57e-4c4f-7f82-af6d-66730fad5648,d,C,QB19,14,0,standard_pi_2,3,0.0,-7650000.0,-7.65,546,1024,0.533203125
01a0a57e-4c4f-7f82-af6d-66730fad5648,d,C,QB19,14,0,standard_pi_2,4,0.0,-7200000.0,-7.2,534,1024,0.521484375
01a0a57e-4c4f-7f82-af6d-66730fad5648,d,C,QB19,14,0,standard_pi_2,5,0.0,-6750000.0,-6.75,517,1024,0.5048828125
01a0a57e-4c4f-7f82-af6d-66730fad5648,d,C,QB19,14,0,standard_pi_2,6,0.0,-6300000.0,-6.3,526,1024,0.513671875
01a0a57e-4c4f-7f82-af6d-66730fad5648,d,C,QB19,14,0,standard_pi_2,7,0.0,-5850000.0,-5.85,507,1024,0.4951171875
01a0a57e-4c4f-7f82-af6d-66730fad5648,d,C,QB19,14,0,standard_pi_2,8,0.0,-5400000.0,-5.4,517,1024,0.5048828125
01a0a57e-4c4f-7f82-af6d-66730fad5648,d,C,QB19,14,0,standard_pi_2,9,0.0,-4950000.0,-4.95,516,1024,0.50390625
01a0a57e-4c4f-7f82-af6d-66730fad5648,d,C,QB19,14,0,standard_pi_2,10,0.0,-4500000.0,-4.5,519,1024,0.5068359375
01a0a57e-4c4f-7f82-af6d-66730fad5648,d,C,QB19,14,0,standard_pi_2,11,0.0,-4050000.0,-4.05,518,1024,0.505859375
01a0a57e-4c4f-7f82-af6d-66730fad5648,d,C,QB19,14,0,standard_pi_2,12,0.0,-3600000.0,-3.6,522,1024,0.509765625
01a0a57e-4c4f-7f82-af6d-66730fad5648,d,C,QB19,14,0,standard_pi_2,13,0.0,-3150000.0,-3.15,520,1024,0.5078125
01a0a57e-4c4f-7f82-af6d-66730fad5648,d,C,QB19,14,0,standard_pi_2,14,0.0,-2700000.0,-2.7,502,1024,0.490234375
01a0a57e-4c4f-7f82-af6d-66730fad5648,d,C,QB19,14,0,standard_pi_2,15,0.0,-2250000.0,-2.25,500,1024,0.48828125
01a0a57e-4c4f-7f82-af6d-66730fad5648,d,C,QB19,14,0,standard_pi_2,16,0.0,-1800000.0,-1.8,528,1024,0.515625
01a0a57e-4c4f-7f82-af6d-66730fad5648,d,C,QB19,14,0,standard_pi_2,17,0.0,-1350000.0,-1.35,521,1024,0.5087890625
01a0a57e-4c4f-7f82-af6d-66730fad5648,d,C,QB19,14,0,standard_pi_2,18,0.0,-900000.0,-0.9,486,1024,0.474609375
01a0a57e-4c4f-7f82-af6d-66730fad5648,d,C,QB19,14,0,standard_pi_2,19,0.0,-450000.0,-0.45,487,1024,0.4755859375
01a0a57e-4c4f-7f82-af6d-66730fad5648,d,C,QB19,14,0,standard_pi_2,20,0.0,0.0,0.0,499,1024,0.4873046875
01a0a57e-4c4f-7f82-af6d-66730fad5648,d,C,QB19,14,0,standard_pi_2,21,0.0,450000.0,0.45,482,1024,0.470703125
01a0a57e-4c4f-7f82-af6d-66730fad5648,d,C,QB19,14,0,standard_pi_2,22,0.0,900000.0,0.9,480,1024,0.46875
01a0a57e-4c4f-7f82-af6d-66730fad5648,d,C,QB19,14,0,standard_pi_2,23,0.0,1350000.0,1.35,481,1024,0.4697265625
01a0a57e-4c4f-7f82-af6d-66730fad5648,d,C,QB19,14,0,standard_pi_2,24,0.0,1800000.0,1.8,511,1024,0.4990234375
01a0a57e-4c4f-7f82-af6d-66730fad5648,d,C,QB19,14,0,standard_pi_2,25,0.0,2250000.0,2.25,478,1024,0.466796875
01a0a57e-4c4f-7f82-af6d-66730fad5648,d,C,QB19,14,0,standard_pi_2,26,0.0,2700000.0,2.7,477,1024,0.4658203125
01a0a57e-4c4f-7f82-af6d-66730fad5648,d,C,QB19,14,0,standard_pi_2,27,0.0,3150000.0,3.15,465,1024,0.4541015625
01a0a57e-4c4f-7f82-af6d-66730fad5648,d,C,QB19,14,0,standard_pi_2,28,0.0,3600000.0,3.6,483,1024,0.4716796875
01a0a57e-4c4f-7f82-af6d-66730fad5648,d,C,QB19,14,0,standard_pi_2,29,0.0,4050000.0,4.05,444,1024,0.43359375
01a0a57e-4c4f-7f82-af6d-66730fad5648,d,C,QB19,14,0,standard_pi_2,30,0.0,4500000.0,4.5,458,1024,0.447265625
01a0a57e-4c4f-7f82-af6d-66730fad5648,d,C,QB19,14,0,standard_pi_2,31,0.0,4950000.0,4.95,480,1024,0.46875
01a0a57e-4c4f-7f82-af6d-66730fad5648,d,C,QB19,14,0,standard_pi_2,32,0.0,5400000.0,5.4,472,1024,0.4609375
01a0a57e-4c4f-7f82-af6d-66730fad5648,d,C,QB19,14,0,standard_pi_2,33,0.0,5850000.0,5.85,434,1024,0.423828125
01a0a57e-4c4f-7f82-af6d-66730fad5648,d,C,QB19,14,0,standard_pi_2,34,0.0,6300000.0,6.3,460,1024,0.44921875
01a0a57e-4c4f-7f82-af6d-66730fad5648,d,C,QB19,14,0,standard_pi_2,35,0.0,6750000.0,6.75,441,1024,0.4306640625
01a0a57e-4c4f-7f82-af6d-66730fad5648,d,C,QB19,14,0,standard_pi_2,36,0.0,7200000.0,7.2,474,1024,0.462890625
01a0a57e-4c4f-7f82-af6d-66730fad5648,d,C,QB19,14,0,standard_pi_2,37,0.0,7650000.0,7.65,476,1024,0.46484375
01a0a57e-4c4f-7f82-af6d-66730fad5648,d,C,QB19,14,0,standard_pi_2,38,0.0,8100000.0,8.1,438,1024,0.427734375
01a0a57e-4c4f-7f82-af6d-66730fad5648,d,C,QB19,14,0,standard_pi_2,39,0.0,8550000.0,8.55,431,1024,0.4208984375
01a0a57e-4c4f-7f82-af6d-66730fad5648,d,C,QB19,14,0,standard_pi_2,40,0.0,9000000.0,9.0,402,1024,0.392578125
01a0a57e-4c4f-7f82-af6d-66730fad5648,d,C,QB19,14,1,UVH4d,0,0.0,-9000000.0,-9.0,385,1024,0.3759765625
01a0a57e-4c4f-7f82-af6d-66730fad5648,d,C,QB19,14,1,UVH4d,1,0.0,-8550000.0,-8.55,399,1024,0.3896484375
01a0a57e-4c4f-7f82-af6d-66730fad5648,d,C,QB19,14,1,UVH4d,2,0.0,-8100000.0,-8.1,374,1024,0.365234375
01a0a57e-4c4f-7f82-af6d-66730fad5648,d,C,QB19,14,1,UVH4d,3,0.0,-7650000.0,-7.65,411,1024,0.4013671875
01a0a57e-4c4f-7f82-af6d-66730fad5648,d,C,QB19,14,1,UVH4d,4,0.0,-7200000.0,-7.2,414,1024,0.404296875
01a0a57e-4c4f-7f82-af6d-66730fad5648,d,C,QB19,14,1,UVH4d,5,0.0,-6750000.0,-6.75,425,1024,0.4150390625
01a0a57e-4c4f-7f82-af6d-66730fad5648,d,C,QB19,14,1,UVH4d,6,0.0,-6300000.0,-6.3,431,1024,0.4208984375
01a0a57e-4c4f-7f82-af6d-66730fad5648,d,C,QB19,14,1,UVH4d,7,0.0,-5850000.0,-5.85,448,1024,0.4375
01a0a57e-4c4f-7f82-af6d-66730fad5648,d,C,QB19,14,1,UVH4d,8,0.0,-5400000.0,-5.4,482,1024,0.470703125
01a0a57e-4c4f-7f82-af6d-66730fad5648,d,C,QB19,14,1,UVH4d,9,0.0,-4950000.0,-4.95,491,1024,0.4794921875
01a0a57e-4c4f-7f82-af6d-66730fad5648,d,C,QB19,14,1,UVH4d,10,0.0,-4500000.0,-4.5,480,1024,0.46875
01a0a57e-4c4f-7f82-af6d-66730fad5648,d,C,QB19,14,1,UVH4d,11,0.0,-4050000.0,-4.05,514,1024,0.501953125
01a0a57e-4c4f-7f82-af6d-66730fad5648,d,C,QB19,14,1,UVH4d,12,0.0,-3600000.0,-3.6,528,1024,0.515625
01a0a57e-4c4f-7f82-af6d-66730fad5648,d,C,QB19,14,1,UVH4d,13,0.0,-3150000.0,-3.15,521,1024,0.5087890625
01a0a57e-4c4f-7f82-af6d-66730fad5648,d,C,QB19,14,1,UVH4d,14,0.0,-2700000.0,-2.7,545,1024,0.5322265625
01a0a57e-4c4f-7f82-af6d-66730fad5648,d,C,QB19,14,1,UVH4d,15,0.0,-2250000.0,-2.25,542,1024,0.529296875
01a0a57e-4c4f-7f82-af6d-66730fad5648,d,C,QB19,14,1,UVH4d,16,0.0,-1800000.0,-1.8,492,1024,0.48046875
01a0a57e-4c4f-7f82-af6d-66730fad5648,d,C,QB19,14,1,UVH4d,17,0.0,-1350000.0,-1.35,504,1024,0.4921875
01a0a57e-4c4f-7f82-af6d-66730fad5648,d,C,QB19,14,1,UVH4d,18,0.0,-900000.0,-0.9,556,1024,0.54296875
01a0a57e-4c4f-7f82-af6d-66730fad5648,d,C,QB19,14,1,UVH4d,19,0.0,-450000.0,-0.45,497,1024,0.4853515625
01a0a57e-4c4f-7f82-af6d-66730fad5648,d,C,QB19,14,1,UVH4d,20,0.0,0.0,0.0,541,1024,0.5283203125
01a0a57e-4c4f-7f82-af6d-66730fad5648,d,C,QB19,14,1,UVH4d,21,0.0,450000.0,0.45,547,1024,0.5341796875
01a0a57e-4c4f-7f82-af6d-66730fad5648,d,C,QB19,14,1,UVH4d,22,0.0,900000.0,0.9,570,1024,0.556640625
01a0a57e-4c4f-7f82-af6d-66730fad5648,d,C,QB19,14,1,UVH4d,23,0.0,1350000.0,1.35,531,1024,0.5185546875
01a0a57e-4c4f-7f82-af6d-66730fad5648,d,C,QB19,14,1,UVH4d,24,0.0,1800000.0,1.8,524,1024,0.51171875
01a0a57e-4c4f-7f82-af6d-66730fad5648,d,C,QB19,14,1,UVH4d,25,0.0,2250000.0,2.25,530,1024,0.517578125
01a0a57e-4c4f-7f82-af6d-66730fad5648,d,C,QB19,14,1,UVH4d,26,0.0,2700000.0,2.7,536,1024,0.5234375
01a0a57e-4c4f-7f82-af6d-66730fad5648,d,C,QB19,14,1,UVH4d,27,0.0,3150000.0,3.15,539,1024,0.5263671875
01a0a57e-4c4f-7f82-af6d-66730fad5648,d,C,QB19,14,1,UVH4d,28,0.0,3600000.0,3.6,552,1024,0.5390625
01a0a57e-4c4f-7f82-af6d-66730fad5648,d,C,QB19,14,1,UVH4d,29,0.0,4050000.0,4.05,553,1024,0.5400390625
01a0a57e-4c4f-7f82-af6d-66730fad5648,d,C,QB19,14,1,UVH4d,30,0.0,4500000.0,4.5,575,1024,0.5615234375
01a0a57e-4c4f-7f82-af6d-66730fad5648,d,C,QB19,14,1,UVH4d,31,0.0,4950000.0,4.95,611,1024,0.5966796875
01a0a57e-4c4f-7f82-af6d-66730fad5648,d,C,QB19,14,1,UVH4d,32,0.0,5400000.0,5.4,603,1024,0.5888671875
01a0a57e-4c4f-7f82-af6d-66730fad5648,d,C,QB19,14,1,UVH4d,33,0.0,5850000.0,5.85,615,1024,0.6005859375
01a0a57e-4c4f-7f82-af6d-66730fad5648,d,C,QB19,14,1,UVH4d,34,0.0,6300000.0,6.3,636,1024,0.62109375
01a0a57e-4c4f-7f82-af6d-66730fad5648,d,C,QB19,14,1,UVH4d,35,0.0,6750000.0,6.75,649,1024,0.6337890625
01a0a57e-4c4f-7f82-af6d-66730fad5648,d,C,QB19,14,1,UVH4d,36,0.0,7200000.0,7.2,653,1024,0.6376953125
01a0a57e-4c4f-7f82-af6d-66730fad5648,d,C,QB19,14,1,UVH4d,37,0.0,7650000.0,7.65,689,1024,0.6728515625
01a0a57e-4c4f-7f82-af6d-66730fad5648,d,C,QB19,14,1,UVH4d,38,0.0,8100000.0,8.1,688,1024,0.671875
01a0a57e-4c4f-7f82-af6d-66730fad5648,d,C,QB19,14,1,UVH4d,39,0.0,8550000.0,8.55,733,1024,0.7158203125
01a0a57e-4c4f-7f82-af6d-66730fad5648,d,C,QB19,14,1,UVH4d,40,0.0,9000000.0,9.0,723,1024,0.7060546875
01a0a57e-4c4f-7f82-af6d-66730fad5648,d,C,QB19,14,2,UVH5d,0,0.0,-9000000.0,-9.0,92,1024,0.08984375
01a0a57e-4c4f-7f82-af6d-66730fad5648,d,C,QB19,14,2,UVH5d,1,0.0,-8550000.0,-8.55,129,1024,0.1259765625
01a0a57e-4c4f-7f82-af6d-66730fad5648,d,C,QB19,14,2,UVH5d,2,0.0,-8100000.0,-8.1,125,1024,0.1220703125
01a0a57e-4c4f-7f82-af6d-66730fad5648,d,C,QB19,14,2,UVH5d,3,0.0,-7650000.0,-7.65,171,1024,0.1669921875
01a0a57e-4c4f-7f82-af6d-66730fad5648,d,C,QB19,14,2,UVH5d,4,0.0,-7200000.0,-7.2,188,1024,0.18359375
01a0a57e-4c4f-7f82-af6d-66730fad5648,d,C,QB19,14,2,UVH5d,5,0.0,-6750000.0,-6.75,224,1024,0.21875
01a0a57e-4c4f-7f82-af6d-66730fad5648,d,C,QB19,14,2,UVH5d,6,0.0,-6300000.0,-6.3,267,1024,0.2607421875
01a0a57e-4c4f-7f82-af6d-66730fad5648,d,C,QB19,14,2,UVH5d,7,0.0,-5850000.0,-5.85,281,1024,0.2744140625
01a0a57e-4c4f-7f82-af6d-66730fad5648,d,C,QB19,14,2,UVH5d,8,0.0,-5400000.0,-5.4,316,1024,0.30859375
01a0a57e-4c4f-7f82-af6d-66730fad5648,d,C,QB19,14,2,UVH5d,9,0.0,-4950000.0,-4.95,354,1024,0.345703125
01a0a57e-4c4f-7f82-af6d-66730fad5648,d,C,QB19,14,2,UVH5d,10,0.0,-4500000.0,-4.5,387,1024,0.3779296875
01a0a57e-4c4f-7f82-af6d-66730fad5648,d,C,QB19,14,2,UVH5d,11,0.0,-4050000.0,-4.05,396,1024,0.38671875
01a0a57e-4c4f-7f82-af6d-66730fad5648,d,C,QB19,14,2,UVH5d,12,0.0,-3600000.0,-3.6,421,1024,0.4111328125
01a0a57e-4c4f-7f82-af6d-66730fad5648,d,C,QB19,14,2,UVH5d,13,0.0,-3150000.0,-3.15,440,1024,0.4296875
01a0a57e-4c4f-7f82-af6d-66730fad5648,d,C,QB19,14,2,UVH5d,14,0.0,-2700000.0,-2.7,453,1024,0.4423828125
01a0a57e-4c4f-7f82-af6d-66730fad5648,d,C,QB19,14,2,UVH5d,15,0.0,-2250000.0,-2.25,470,1024,0.458984375
01a0a57e-4c4f-7f82-af6d-66730fad5648,d,C,QB19,14,2,UVH5d,16,0.0,-1800000.0,-1.8,478,1024,0.466796875
01a0a57e-4c4f-7f82-af6d-66730fad5648,d,C,QB19,14,2,UVH5d,17,0.0,-1350000.0,-1.35,470,1024,0.458984375
01a0a57e-4c4f-7f82-af6d-66730fad5648,d,C,QB19,14,2,UVH5d,18,0.0,-900000.0,-0.9,476,1024,0.46484375
01a0a57e-4c4f-7f82-af6d-66730fad5648,d,C,QB19,14,2,UVH5d,19,0.0,-450000.0,-0.45,499,1024,0.4873046875
01a0a57e-4c4f-7f82-af6d-66730fad5648,d,C,QB19,14,2,UVH5d,20,0.0,0.0,0.0,487,1024,0.4755859375
01a0a57e-4c4f-7f82-af6d-66730fad5648,d,C,QB19,14,2,UVH5d,21,0.0,450000.0,0.45,491,1024,0.4794921875
01a0a57e-4c4f-7f82-af6d-66730fad5648,d,C,QB19,14,2,UVH5d,22,0.0,900000.0,0.9,501,1024,0.4892578125
01a0a57e-4c4f-7f82-af6d-66730fad5648,d,C,QB19,14,2,UVH5d,23,0.0,1350000.0,1.35,499,1024,0.4873046875
01a0a57e-4c4f-7f82-af6d-66730fad5648,d,C,QB19,14,2,UVH5d,24,0.0,1800000.0,1.8,466,1024,0.455078125
01a0a57e-4c4f-7f82-af6d-66730fad5648,d,C,QB19,14,2,UVH5d,25,0.0,2250000.0,2.25,511,1024,0.4990234375
01a0a57e-4c4f-7f82-af6d-66730fad5648,d,C,QB19,14,2,UVH5d,26,0.0,2700000.0,2.7,510,1024,0.498046875
01a0a57e-4c4f-7f82-af6d-66730fad5648,d,C,QB19,14,2,UVH5d,27,0.0,3150000.0,3.15,493,1024,0.4814453125
01a0a57e-4c4f-7f82-af6d-66730fad5648,d,C,QB19,14,2,UVH5d,28,0.0,3600000.0,3.6,481,1024,0.4697265625
01a0a57e-4c4f-7f82-af6d-66730fad5648,d,C,QB19,14,2,UVH5d,29,0.0,4050000.0,4.05,523,1024,0.5107421875
01a0a57e-4c4f-7f82-af6d-66730fad5648,d,C,QB19,14,2,UVH5d,30,0.0,4500000.0,4.5,526,1024,0.513671875
01a0a57e-4c4f-7f82-af6d-66730fad5648,d,C,QB19,14,2,UVH5d,31,0.0,4950000.0,4.95,500,1024,0.48828125
01a0a57e-4c4f-7f82-af6d-66730fad5648,d,C,QB19,14,2,UVH5d,32,0.0,5400000.0,5.4,530,1024,0.517578125
01a0a57e-4c4f-7f82-af6d-66730fad5648,d,C,QB19,14,2,UVH5d,33,0.0,5850000.0,5.85,566,1024,0.552734375
01a0a57e-4c4f-7f82-af6d-66730fad5648,d,C,QB19,14,2,UVH5d,34,0.0,6300000.0,6.3,571,1024,0.5576171875
01a0a57e-4c4f-7f82-af6d-66730fad5648,d,C,QB19,14,2,UVH5d,35,0.0,6750000.0,6.75,582,1024,0.568359375
01a0a57e-4c4f-7f82-af6d-66730fad5648,d,C,QB19,14,2,UVH5d,36,0.0,7200000.0,7.2,616,1024,0.6015625
01a0a57e-4c4f-7f82-af6d-66730fad5648,d,C,QB19,14,2,UVH5d,37,0.0,7650000.0,7.65,586,1024,0.572265625
01a0a57e-4c4f-7f82-af6d-66730fad5648,d,C,QB19,14,2,UVH5d,38,0.0,8100000.0,8.1,618,1024,0.603515625
01a0a57e-4c4f-7f82-af6d-66730fad5648,d,C,QB19,14,2,UVH5d,39,0.0,8550000.0,8.55,590,1024,0.576171875
01a0a57e-4c4f-7f82-af6d-66730fad5648,d,C,QB19,14,2,UVH5d,40,0.0,9000000.0,9.0,627,1024,0.6123046875
01a0a57e-4c4f-7f82-af6d-66730fad5648,d,C,QB19,14,3,UVH6d,0,0.0,-9000000.0,-9.0,541,1024,0.5283203125
01a0a57e-4c4f-7f82-af6d-66730fad5648,d,C,QB19,14,3,UVH6d,1,0.0,-8550000.0,-8.55,568,1024,0.5546875
01a0a57e-4c4f-7f82-af6d-66730fad5648,d,C,QB19,14,3,UVH6d,2,0.0,-8100000.0,-8.1,563,1024,0.5498046875
01a0a57e-4c4f-7f82-af6d-66730fad5648,d,C,QB19,14,3,UVH6d,3,0.0,-7650000.0,-7.65,538,1024,0.525390625
01a0a57e-4c4f-7f82-af6d-66730fad5648,d,C,QB19,14,3,UVH6d,4,0.0,-7200000.0,-7.2,551,1024,0.5380859375
01a0a57e-4c4f-7f82-af6d-66730fad5648,d,C,QB19,14,3,UVH6d,5,0.0,-6750000.0,-6.75,528,1024,0.515625
01a0a57e-4c4f-7f82-af6d-66730fad5648,d,C,QB19,14,3,UVH6d,6,0.0,-6300000.0,-6.3,526,1024,0.513671875
01a0a57e-4c4f-7f82-af6d-66730fad5648,d,C,QB19,14,3,UVH6d,7,0.0,-5850000.0,-5.85,482,1024,0.470703125
01a0a57e-4c4f-7f82-af6d-66730fad5648,d,C,QB19,14,3,UVH6d,8,0.0,-5400000.0,-5.4,546,1024,0.533203125
01a0a57e-4c4f-7f82-af6d-66730fad5648,d,C,QB19,14,3,UVH6d,9,0.0,-4950000.0,-4.95,531,1024,0.5185546875
01a0a57e-4c4f-7f82-af6d-66730fad5648,d,C,QB19,14,3,UVH6d,10,0.0,-4500000.0,-4.5,512,1024,0.5
01a0a57e-4c4f-7f82-af6d-66730fad5648,d,C,QB19,14,3,UVH6d,11,0.0,-4050000.0,-4.05,478,1024,0.466796875
01a0a57e-4c4f-7f82-af6d-66730fad5648,d,C,QB19,14,3,UVH6d,12,0.0,-3600000.0,-3.6,501,1024,0.4892578125
01a0a57e-4c4f-7f82-af6d-66730fad5648,d,C,QB19,14,3,UVH6d,13,0.0,-3150000.0,-3.15,478,1024,0.466796875
01a0a57e-4c4f-7f82-af6d-66730fad5648,d,C,QB19,14,3,UVH6d,14,0.0,-2700000.0,-2.7,499,1024,0.4873046875
01a0a57e-4c4f-7f82-af6d-66730fad5648,d,C,QB19,14,3,UVH6d,15,0.0,-2250000.0,-2.25,509,1024,0.4970703125
01a0a57e-4c4f-7f82-af6d-66730fad5648,d,C,QB19,14,3,UVH6d,16,0.0,-1800000.0,-1.8,494,1024,0.482421875
01a0a57e-4c4f-7f82-af6d-66730fad5648,d,C,QB19,14,3,UVH6d,17,0.0,-1350000.0,-1.35,480,1024,0.46875
01a0a57e-4c4f-7f82-af6d-66730fad5648,d,C,QB19,14,3,UVH6d,18,0.0,-900000.0,-0.9,483,1024,0.4716796875
01a0a57e-4c4f-7f82-af6d-66730fad5648,d,C,QB19,14,3,UVH6d,19,0.0,-450000.0,-0.45,495,1024,0.4833984375
01a0a57e-4c4f-7f82-af6d-66730fad5648,d,C,QB19,14,3,UVH6d,20,0.0,0.0,0.0,498,1024,0.486328125
01a0a57e-4c4f-7f82-af6d-66730fad5648,d,C,QB19,14,3,UVH6d,21,0.0,450000.0,0.45,502,1024,0.490234375
01a0a57e-4c4f-7f82-af6d-66730fad5648,d,C,QB19,14,3,UVH6d,22,0.0,900000.0,0.9,497,1024,0.4853515625
01a0a57e-4c4f-7f82-af6d-66730fad5648,d,C,QB19,14,3,UVH6d,23,0.0,1350000.0,1.35,498,1024,0.486328125
01a0a57e-4c4f-7f82-af6d-66730fad5648,d,C,QB19,14,3,UVH6d,24,0.0,1800000.0,1.8,490,1024,0.478515625
01a0a57e-4c4f-7f82-af6d-66730fad5648,d,C,QB19,14,3,UVH6d,25,0.0,2250000.0,2.25,520,1024,0.5078125
01a0a57e-4c4f-7f82-af6d-66730fad5648,d,C,QB19,14,3,UVH6d,26,0.0,2700000.0,2.7,494,1024,0.482421875
01a0a57e-4c4f-7f82-af6d-66730fad5648,d,C,QB19,14,3,UVH6d,27,0.0,3150000.0,3.15,515,1024,0.5029296875
01a0a57e-4c4f-7f82-af6d-66730fad5648,d,C,QB19,14,3,UVH6d,28,0.0,3600000.0,3.6,497,1024,0.4853515625
01a0a57e-4c4f-7f82-af6d-66730fad5648,d,C,QB19,14,3,UVH6d,29,0.0,4050000.0,4.05,462,1024,0.451171875
01a0a57e-4c4f-7f82-af6d-66730fad5648,d,C,QB19,14,3,UVH6d,30,0.0,4500000.0,4.5,518,1024,0.505859375
01a0a57e-4c4f-7f82-af6d-66730fad5648,d,C,QB19,14,3,UVH6d,31,0.0,4950000.0,4.95,522,1024,0.509765625
01a0a57e-4c4f-7f82-af6d-66730fad5648,d,C,QB19,14,3,UVH6d,32,0.0,5400000.0,5.4,503,1024,0.4912109375
01a0a57e-4c4f-7f82-af6d-66730fad5648,d,C,QB19,14,3,UVH6d,33,0.0,5850000.0,5.85,465,1024,0.4541015625
01a0a57e-4c4f-7f82-af6d-66730fad5648,d,C,QB19,14,3,UVH6d,34,0.0,6300000.0,6.3,496,1024,0.484375
01a0a57e-4c4f-7f82-af6d-66730fad5648,d,C,QB19,14,3,UVH6d,35,0.0,6750000.0,6.75,498,1024,0.486328125
01a0a57e-4c4f-7f82-af6d-66730fad5648,d,C,QB19,14,3,UVH6d,36,0.0,7200000.0,7.2,516,1024,0.50390625
01a0a57e-4c4f-7f82-af6d-66730fad5648,d,C,QB19,14,3,UVH6d,37,0.0,7650000.0,7.65,541,1024,0.5283203125
01a0a57e-4c4f-7f82-af6d-66730fad5648,d,C,QB19,14,3,UVH6d,38,0.0,8100000.0,8.1,568,1024,0.5546875
01a0a57e-4c4f-7f82-af6d-66730fad5648,d,C,QB19,14,3,UVH6d,39,0.0,8550000.0,8.55,557,1024,0.5439453125
01a0a57e-4c4f-7f82-af6d-66730fad5648,d,C,QB19,14,3,UVH6d,40,0.0,9000000.0,9.0,595,1024,0.5810546875
01a0a57e-4c4f-7f82-af6d-66730fad5648,d,C,QB19,14,4,UVH7d,0,0.0,-9000000.0,-9.0,541,1024,0.5283203125
01a0a57e-4c4f-7f82-af6d-66730fad5648,d,C,QB19,14,4,UVH7d,1,0.0,-8550000.0,-8.55,572,1024,0.55859375
01a0a57e-4c4f-7f82-af6d-66730fad5648,d,C,QB19,14,4,UVH7d,2,0.0,-8100000.0,-8.1,527,1024,0.5146484375
01a0a57e-4c4f-7f82-af6d-66730fad5648,d,C,QB19,14,4,UVH7d,3,0.0,-7650000.0,-7.65,505,1024,0.4931640625
01a0a57e-4c4f-7f82-af6d-66730fad5648,d,C,QB19,14,4,UVH7d,4,0.0,-7200000.0,-7.2,527,1024,0.5146484375
01a0a57e-4c4f-7f82-af6d-66730fad5648,d,C,QB19,14,4,UVH7d,5,0.0,-6750000.0,-6.75,519,1024,0.5068359375
01a0a57e-4c4f-7f82-af6d-66730fad5648,d,C,QB19,14,4,UVH7d,6,0.0,-6300000.0,-6.3,515,1024,0.5029296875
01a0a57e-4c4f-7f82-af6d-66730fad5648,d,C,QB19,14,4,UVH7d,7,0.0,-5850000.0,-5.85,529,1024,0.5166015625
01a0a57e-4c4f-7f82-af6d-66730fad5648,d,C,QB19,14,4,UVH7d,8,0.0,-5400000.0,-5.4,553,1024,0.5400390625
01a0a57e-4c4f-7f82-af6d-66730fad5648,d,C,QB19,14,4,UVH7d,9,0.0,-4950000.0,-4.95,538,1024,0.525390625
01a0a57e-4c4f-7f82-af6d-66730fad5648,d,C,QB19,14,4,UVH7d,10,0.0,-4500000.0,-4.5,538,1024,0.525390625
01a0a57e-4c4f-7f82-af6d-66730fad5648,d,C,QB19,14,4,UVH7d,11,0.0,-4050000.0,-4.05,509,1024,0.4970703125
01a0a57e-4c4f-7f82-af6d-66730fad5648,d,C,QB19,14,4,UVH7d,12,0.0,-3600000.0,-3.6,535,1024,0.5224609375
01a0a57e-4c4f-7f82-af6d-66730fad5648,d,C,QB19,14,4,UVH7d,13,0.0,-3150000.0,-3.15,535,1024,0.5224609375
01a0a57e-4c4f-7f82-af6d-66730fad5648,d,C,QB19,14,4,UVH7d,14,0.0,-2700000.0,-2.7,508,1024,0.49609375
01a0a57e-4c4f-7f82-af6d-66730fad5648,d,C,QB19,14,4,UVH7d,15,0.0,-2250000.0,-2.25,512,1024,0.5
01a0a57e-4c4f-7f82-af6d-66730fad5648,d,C,QB19,14,4,UVH7d,16,0.0,-1800000.0,-1.8,509,1024,0.4970703125
01a0a57e-4c4f-7f82-af6d-66730fad5648,d,C,QB19,14,4,UVH7d,17,0.0,-1350000.0,-1.35,527,1024,0.5146484375
01a0a57e-4c4f-7f82-af6d-66730fad5648,d,C,QB19,14,4,UVH7d,18,0.0,-900000.0,-0.9,522,1024,0.509765625
01a0a57e-4c4f-7f82-af6d-66730fad5648,d,C,QB19,14,4,UVH7d,19,0.0,-450000.0,-0.45,533,1024,0.5205078125
01a0a57e-4c4f-7f82-af6d-66730fad5648,d,C,QB19,14,4,UVH7d,20,0.0,0.0,0.0,525,1024,0.5126953125
01a0a57e-4c4f-7f82-af6d-66730fad5648,d,C,QB19,14,4,UVH7d,21,0.0,450000.0,0.45,485,1024,0.4736328125
01a0a57e-4c4f-7f82-af6d-66730fad5648,d,C,QB19,14,4,UVH7d,22,0.0,900000.0,0.9,530,1024,0.517578125
01a0a57e-4c4f-7f82-af6d-66730fad5648,d,C,QB19,14,4,UVH7d,23,0.0,1350000.0,1.35,518,1024,0.505859375
01a0a57e-4c4f-7f82-af6d-66730fad5648,d,C,QB19,14,4,UVH7d,24,0.0,1800000.0,1.8,535,1024,0.5224609375
01a0a57e-4c4f-7f82-af6d-66730fad5648,d,C,QB19,14,4,UVH7d,25,0.0,2250000.0,2.25,495,1024,0.4833984375
01a0a57e-4c4f-7f82-af6d-66730fad5648,d,C,QB19,14,4,UVH7d,26,0.0,2700000.0,2.7,502,1024,0.490234375
01a0a57e-4c4f-7f82-af6d-66730fad5648,d,C,QB19,14,4,UVH7d,27,0.0,3150000.0,3.15,516,1024,0.50390625
01a0a57e-4c4f-7f82-af6d-66730fad5648,d,C,QB19,14,4,UVH7d,28,0.0,3600000.0,3.6,481,1024,0.4697265625
01a0a57e-4c4f-7f82-af6d-66730fad5648,d,C,QB19,14,4,UVH7d,29,0.0,4050000.0,4.05,489,1024,0.4775390625
01a0a57e-4c4f-7f82-af6d-66730fad5648,d,C,QB19,14,4,UVH7d,30,0.0,4500000.0,4.5,507,1024,0.4951171875
01a0a57e-4c4f-7f82-af6d-66730fad5648,d,C,QB19,14,4,UVH7d,31,0.0,4950000.0,4.95,484,1024,0.47265625
01a0a57e-4c4f-7f82-af6d-66730fad5648,d,C,QB19,14,4,UVH7d,32,0.0,5400000.0,5.4,452,1024,0.44140625
01a0a57e-4c4f-7f82-af6d-66730fad5648,d,C,QB19,14,4,UVH7d,33,0.0,5850000.0,5.85,450,1024,0.439453125
01a0a57e-4c4f-7f82-af6d-66730fad5648,d,C,QB19,14,4,UVH7d,34,0.0,6300000.0,6.3,449,1024,0.4384765625
01a0a57e-4c4f-7f82-af6d-66730fad5648,d,C,QB19,14,4,UVH7d,35,0.0,6750000.0,6.75,421,1024,0.4111328125
01a0a57e-4c4f-7f82-af6d-66730fad5648,d,C,QB19,14,4,UVH7d,36,0.0,7200000.0,7.2,377,1024,0.3681640625
01a0a57e-4c4f-7f82-af6d-66730fad5648,d,C,QB19,14,4,UVH7d,37,0.0,7650000.0,7.65,353,1024,0.3447265625
01a0a57e-4c4f-7f82-af6d-66730fad5648,d,C,QB19,14,4,UVH7d,38,0.0,8100000.0,8.1,341,1024,0.3330078125
01a0a57e-4c4f-7f82-af6d-66730fad5648,d,C,QB19,14,4,UVH7d,39,0.0,8550000.0,8.55,306,1024,0.298828125
01a0a57e-4c4f-7f82-af6d-66730fad5648,d,C,QB19,14,4,UVH7d,40,0.0,9000000.0,9.0,315,1024,0.3076171875
01a0a57e-4c4f-7f82-af6d-66730fad5648,d,C,QB19,14,5,UVH8d,0,0.0,-9000000.0,-9.0,561,1024,0.5478515625
01a0a57e-4c4f-7f82-af6d-66730fad5648,d,C,QB19,14,5,UVH8d,1,0.0,-8550000.0,-8.55,550,1024,0.537109375
01a0a57e-4c4f-7f82-af6d-66730fad5648,d,C,QB19,14,5,UVH8d,2,0.0,-8100000.0,-8.1,559,1024,0.5458984375
01a0a57e-4c4f-7f82-af6d-66730fad5648,d,C,QB19,14,5,UVH8d,3,0.0,-7650000.0,-7.65,556,1024,0.54296875
01a0a57e-4c4f-7f82-af6d-66730fad5648,d,C,QB19,14,5,UVH8d,4,0.0,-7200000.0,-7.2,536,1024,0.5234375
01a0a57e-4c4f-7f82-af6d-66730fad5648,d,C,QB19,14,5,UVH8d,5,0.0,-6750000.0,-6.75,529,1024,0.5166015625
01a0a57e-4c4f-7f82-af6d-66730fad5648,d,C,QB19,14,5,UVH8d,6,0.0,-6300000.0,-6.3,544,1024,0.53125
01a0a57e-4c4f-7f82-af6d-66730fad5648,d,C,QB19,14,5,UVH8d,7,0.0,-5850000.0,-5.85,567,1024,0.5537109375
01a0a57e-4c4f-7f82-af6d-66730fad5648,d,C,QB19,14,5,UVH8d,8,0.0,-5400000.0,-5.4,531,1024,0.5185546875
01a0a57e-4c4f-7f82-af6d-66730fad5648,d,C,QB19,14,5,UVH8d,9,0.0,-4950000.0,-4.95,516,1024,0.50390625
01a0a57e-4c4f-7f82-af6d-66730fad5648,d,C,QB19,14,5,UVH8d,10,0.0,-4500000.0,-4.5,527,1024,0.5146484375
01a0a57e-4c4f-7f82-af6d-66730fad5648,d,C,QB19,14,5,UVH8d,11,0.0,-4050000.0,-4.05,499,1024,0.4873046875
01a0a57e-4c4f-7f82-af6d-66730fad5648,d,C,QB19,14,5,UVH8d,12,0.0,-3600000.0,-3.6,562,1024,0.548828125
01a0a57e-4c4f-7f82-af6d-66730fad5648,d,C,QB19,14,5,UVH8d,13,0.0,-3150000.0,-3.15,519,1024,0.5068359375
01a0a57e-4c4f-7f82-af6d-66730fad5648,d,C,QB19,14,5,UVH8d,14,0.0,-2700000.0,-2.7,477,1024,0.4658203125
01a0a57e-4c4f-7f82-af6d-66730fad5648,d,C,QB19,14,5,UVH8d,15,0.0,-2250000.0,-2.25,508,1024,0.49609375
01a0a57e-4c4f-7f82-af6d-66730fad5648,d,C,QB19,14,5,UVH8d,16,0.0,-1800000.0,-1.8,523,1024,0.5107421875
01a0a57e-4c4f-7f82-af6d-66730fad5648,d,C,QB19,14,5,UVH8d,17,0.0,-1350000.0,-1.35,502,1024,0.490234375
01a0a57e-4c4f-7f82-af6d-66730fad5648,d,C,QB19,14,5,UVH8d,18,0.0,-900000.0,-0.9,528,1024,0.515625
01a0a57e-4c4f-7f82-af6d-66730fad5648,d,C,QB19,14,5,UVH8d,19,0.0,-450000.0,-0.45,494,1024,0.482421875
01a0a57e-4c4f-7f82-af6d-66730fad5648,d,C,QB19,14,5,UVH8d,20,0.0,0.0,0.0,501,1024,0.4892578125
01a0a57e-4c4f-7f82-af6d-66730fad5648,d,C,QB19,14,5,UVH8d,21,0.0,450000.0,0.45,485,1024,0.4736328125
01a0a57e-4c4f-7f82-af6d-66730fad5648,d,C,QB19,14,5,UVH8d,22,0.0,900000.0,0.9,506,1024,0.494140625
01a0a57e-4c4f-7f82-af6d-66730fad5648,d,C,QB19,14,5,UVH8d,23,0.0,1350000.0,1.35,473,1024,0.4619140625
01a0a57e-4c4f-7f82-af6d-66730fad5648,d,C,QB19,14,5,UVH8d,24,0.0,1800000.0,1.8,469,1024,0.4580078125
01a0a57e-4c4f-7f82-af6d-66730fad5648,d,C,QB19,14,5,UVH8d,25,0.0,2250000.0,2.25,461,1024,0.4501953125
01a0a57e-4c4f-7f82-af6d-66730fad5648,d,C,QB19,14,5,UVH8d,26,0.0,2700000.0,2.7,493,1024,0.4814453125
01a0a57e-4c4f-7f82-af6d-66730fad5648,d,C,QB19,14,5,UVH8d,27,0.0,3150000.0,3.15,464,1024,0.453125
01a0a57e-4c4f-7f82-af6d-66730fad5648,d,C,QB19,14,5,UVH8d,28,0.0,3600000.0,3.6,484,1024,0.47265625
01a0a57e-4c4f-7f82-af6d-66730fad5648,d,C,QB19,14,5,UVH8d,29,0.0,4050000.0,4.05,445,1024,0.4345703125
01a0a57e-4c4f-7f82-af6d-66730fad5648,d,C,QB19,14,5,UVH8d,30,0.0,4500000.0,4.5,471,1024,0.4599609375
01a0a57e-4c4f-7f82-af6d-66730fad5648,d,C,QB19,14,5,UVH8d,31,0.0,4950000.0,4.95,472,1024,0.4609375
01a0a57e-4c4f-7f82-af6d-66730fad5648,d,C,QB19,14,5,UVH8d,32,0.0,5400000.0,5.4,451,1024,0.4404296875
01a0a57e-4c4f-7f82-af6d-66730fad5648,d,C,QB19,14,5,UVH8d,33,0.0,5850000.0,5.85,441,1024,0.4306640625
01a0a57e-4c4f-7f82-af6d-66730fad5648,d,C,QB19,14,5,UVH8d,34,0.0,6300000.0,6.3,482,1024,0.470703125
01a0a57e-4c4f-7f82-af6d-66730fad5648,d,C,QB19,14,5,UVH8d,35,0.0,6750000.0,6.75,494,1024,0.482421875
01a0a57e-4c4f-7f82-af6d-66730fad5648,d,C,QB19,14,5,UVH8d,36,0.0,7200000.0,7.2,486,1024,0.474609375
01a0a57e-4c4f-7f82-af6d-66730fad5648,d,C,QB19,14,5,UVH8d,37,0.0,7650000.0,7.65,461,1024,0.4501953125
01a0a57e-4c4f-7f82-af6d-66730fad5648,d,C,QB19,14,5,UVH8d,38,0.0,8100000.0,8.1,470,1024,0.458984375
01a0a57e-4c4f-7f82-af6d-66730fad5648,d,C,QB19,14,5,UVH8d,39,0.0,8550000.0,8.55,463,1024,0.4521484375
01a0a57e-4c4f-7f82-af6d-66730fad5648,d,C,QB19,14,5,UVH8d,40,0.0,9000000.0,9.0,429,1024,0.4189453125
01a0a57e-4c4f-7f82-af6d-66730fad5648,d,C,QB10,15,0,standard_pi_2,0,0.0,-9000000.0,-9.0,532,1024,0.51953125
01a0a57e-4c4f-7f82-af6d-66730fad5648,d,C,QB10,15,0,standard_pi_2,1,0.0,-8550000.0,-8.55,558,1024,0.544921875
01a0a57e-4c4f-7f82-af6d-66730fad5648,d,C,QB10,15,0,standard_pi_2,2,0.0,-8100000.0,-8.1,545,1024,0.5322265625
01a0a57e-4c4f-7f82-af6d-66730fad5648,d,C,QB10,15,0,standard_pi_2,3,0.0,-7650000.0,-7.65,570,1024,0.556640625
01a0a57e-4c4f-7f82-af6d-66730fad5648,d,C,QB10,15,0,standard_pi_2,4,0.0,-7200000.0,-7.2,531,1024,0.5185546875
01a0a57e-4c4f-7f82-af6d-66730fad5648,d,C,QB10,15,0,standard_pi_2,5,0.0,-6750000.0,-6.75,528,1024,0.515625
01a0a57e-4c4f-7f82-af6d-66730fad5648,d,C,QB10,15,0,standard_pi_2,6,0.0,-6300000.0,-6.3,535,1024,0.5224609375
01a0a57e-4c4f-7f82-af6d-66730fad5648,d,C,QB10,15,0,standard_pi_2,7,0.0,-5850000.0,-5.85,529,1024,0.5166015625
01a0a57e-4c4f-7f82-af6d-66730fad5648,d,C,QB10,15,0,standard_pi_2,8,0.0,-5400000.0,-5.4,562,1024,0.548828125
01a0a57e-4c4f-7f82-af6d-66730fad5648,d,C,QB10,15,0,standard_pi_2,9,0.0,-4950000.0,-4.95,552,1024,0.5390625
01a0a57e-4c4f-7f82-af6d-66730fad5648,d,C,QB10,15,0,standard_pi_2,10,0.0,-4500000.0,-4.5,531,1024,0.5185546875
01a0a57e-4c4f-7f82-af6d-66730fad5648,d,C,QB10,15,0,standard_pi_2,11,0.0,-4050000.0,-4.05,523,1024,0.5107421875
01a0a57e-4c4f-7f82-af6d-66730fad5648,d,C,QB10,15,0,standard_pi_2,12,0.0,-3600000.0,-3.6,530,1024,0.517578125
01a0a57e-4c4f-7f82-af6d-66730fad5648,d,C,QB10,15,0,standard_pi_2,13,0.0,-3150000.0,-3.15,537,1024,0.5244140625
01a0a57e-4c4f-7f82-af6d-66730fad5648,d,C,QB10,15,0,standard_pi_2,14,0.0,-2700000.0,-2.7,557,1024,0.5439453125
01a0a57e-4c4f-7f82-af6d-66730fad5648,d,C,QB10,15,0,standard_pi_2,15,0.0,-2250000.0,-2.25,540,1024,0.52734375
01a0a57e-4c4f-7f82-af6d-66730fad5648,d,C,QB10,15,0,standard_pi_2,16,0.0,-1800000.0,-1.8,484,1024,0.47265625
01a0a57e-4c4f-7f82-af6d-66730fad5648,d,C,QB10,15,0,standard_pi_2,17,0.0,-1350000.0,-1.35,522,1024,0.509765625
01a0a57e-4c4f-7f82-af6d-66730fad5648,d,C,QB10,15,0,standard_pi_2,18,0.0,-900000.0,-0.9,501,1024,0.4892578125
01a0a57e-4c4f-7f82-af6d-66730fad5648,d,C,QB10,15,0,standard_pi_2,19,0.0,-450000.0,-0.45,485,1024,0.4736328125
01a0a57e-4c4f-7f82-af6d-66730fad5648,d,C,QB10,15,0,standard_pi_2,20,0.0,0.0,0.0,513,1024,0.5009765625
01a0a57e-4c4f-7f82-af6d-66730fad5648,d,C,QB10,15,0,standard_pi_2,21,0.0,450000.0,0.45,494,1024,0.482421875
01a0a57e-4c4f-7f82-af6d-66730fad5648,d,C,QB10,15,0,standard_pi_2,22,0.0,900000.0,0.9,527,1024,0.5146484375
01a0a57e-4c4f-7f82-af6d-66730fad5648,d,C,QB10,15,0,standard_pi_2,23,0.0,1350000.0,1.35,530,1024,0.517578125
01a0a57e-4c4f-7f82-af6d-66730fad5648,d,C,QB10,15,0,standard_pi_2,24,0.0,1800000.0,1.8,509,1024,0.4970703125
01a0a57e-4c4f-7f82-af6d-66730fad5648,d,C,QB10,15,0,standard_pi_2,25,0.0,2250000.0,2.25,515,1024,0.5029296875
01a0a57e-4c4f-7f82-af6d-66730fad5648,d,C,QB10,15,0,standard_pi_2,26,0.0,2700000.0,2.7,483,1024,0.4716796875
01a0a57e-4c4f-7f82-af6d-66730fad5648,d,C,QB10,15,0,standard_pi_2,27,0.0,3150000.0,3.15,472,1024,0.4609375
01a0a57e-4c4f-7f82-af6d-66730fad5648,d,C,QB10,15,0,standard_pi_2,28,0.0,3600000.0,3.6,468,1024,0.45703125
01a0a57e-4c4f-7f82-af6d-66730fad5648,d,C,QB10,15,0,standard_pi_2,29,0.0,4050000.0,4.05,492,1024,0.48046875
01a0a57e-4c4f-7f82-af6d-66730fad5648,d,C,QB10,15,0,standard_pi_2,30,0.0,4500000.0,4.5,492,1024,0.48046875
01a0a57e-4c4f-7f82-af6d-66730fad5648,d,C,QB10,15,0,standard_pi_2,31,0.0,4950000.0,4.95,471,1024,0.4599609375
01a0a57e-4c4f-7f82-af6d-66730fad5648,d,C,QB10,15,0,standard_pi_2,32,0.0,5400000.0,5.4,472,1024,0.4609375
01a0a57e-4c4f-7f82-af6d-66730fad5648,d,C,QB10,15,0,standard_pi_2,33,0.0,5850000.0,5.85,462,1024,0.451171875
01a0a57e-4c4f-7f82-af6d-66730fad5648,d,C,QB10,15,0,standard_pi_2,34,0.0,6300000.0,6.3,485,1024,0.4736328125
01a0a57e-4c4f-7f82-af6d-66730fad5648,d,C,QB10,15,0,standard_pi_2,35,0.0,6750000.0,6.75,468,1024,0.45703125
01a0a57e-4c4f-7f82-af6d-66730fad5648,d,C,QB10,15,0,standard_pi_2,36,0.0,7200000.0,7.2,473,1024,0.4619140625
01a0a57e-4c4f-7f82-af6d-66730fad5648,d,C,QB10,15,0,standard_pi_2,37,0.0,7650000.0,7.65,459,1024,0.4482421875
01a0a57e-4c4f-7f82-af6d-66730fad5648,d,C,QB10,15,0,standard_pi_2,38,0.0,8100000.0,8.1,435,1024,0.4248046875
01a0a57e-4c4f-7f82-af6d-66730fad5648,d,C,QB10,15,0,standard_pi_2,39,0.0,8550000.0,8.55,466,1024,0.455078125
01a0a57e-4c4f-7f82-af6d-66730fad5648,d,C,QB10,15,0,standard_pi_2,40,0.0,9000000.0,9.0,450,1024,0.439453125
01a0a57e-4c4f-7f82-af6d-66730fad5648,d,C,QB10,15,1,UVH4d,0,0.0,-9000000.0,-9.0,398,1024,0.388671875
01a0a57e-4c4f-7f82-af6d-66730fad5648,d,C,QB10,15,1,UVH4d,1,0.0,-8550000.0,-8.55,416,1024,0.40625
01a0a57e-4c4f-7f82-af6d-66730fad5648,d,C,QB10,15,1,UVH4d,2,0.0,-8100000.0,-8.1,408,1024,0.3984375
01a0a57e-4c4f-7f82-af6d-66730fad5648,d,C,QB10,15,1,UVH4d,3,0.0,-7650000.0,-7.65,430,1024,0.419921875
01a0a57e-4c4f-7f82-af6d-66730fad5648,d,C,QB10,15,1,UVH4d,4,0.0,-7200000.0,-7.2,425,1024,0.4150390625
01a0a57e-4c4f-7f82-af6d-66730fad5648,d,C,QB10,15,1,UVH4d,5,0.0,-6750000.0,-6.75,409,1024,0.3994140625
01a0a57e-4c4f-7f82-af6d-66730fad5648,d,C,QB10,15,1,UVH4d,6,0.0,-6300000.0,-6.3,461,1024,0.4501953125
01a0a57e-4c4f-7f82-af6d-66730fad5648,d,C,QB10,15,1,UVH4d,7,0.0,-5850000.0,-5.85,456,1024,0.4453125
01a0a57e-4c4f-7f82-af6d-66730fad5648,d,C,QB10,15,1,UVH4d,8,0.0,-5400000.0,-5.4,448,1024,0.4375
01a0a57e-4c4f-7f82-af6d-66730fad5648,d,C,QB10,15,1,UVH4d,9,0.0,-4950000.0,-4.95,498,1024,0.486328125
01a0a57e-4c4f-7f82-af6d-66730fad5648,d,C,QB10,15,1,UVH4d,10,0.0,-4500000.0,-4.5,460,1024,0.44921875
01a0a57e-4c4f-7f82-af6d-66730fad5648,d,C,QB10,15,1,UVH4d,11,0.0,-4050000.0,-4.05,491,1024,0.4794921875
01a0a57e-4c4f-7f82-af6d-66730fad5648,d,C,QB10,15,1,UVH4d,12,0.0,-3600000.0,-3.6,479,1024,0.4677734375
01a0a57e-4c4f-7f82-af6d-66730fad5648,d,C,QB10,15,1,UVH4d,13,0.0,-3150000.0,-3.15,474,1024,0.462890625
01a0a57e-4c4f-7f82-af6d-66730fad5648,d,C,QB10,15,1,UVH4d,14,0.0,-2700000.0,-2.7,479,1024,0.4677734375
01a0a57e-4c4f-7f82-af6d-66730fad5648,d,C,QB10,15,1,UVH4d,15,0.0,-2250000.0,-2.25,467,1024,0.4560546875
01a0a57e-4c4f-7f82-af6d-66730fad5648,d,C,QB10,15,1,UVH4d,16,0.0,-1800000.0,-1.8,484,1024,0.47265625
01a0a57e-4c4f-7f82-af6d-66730fad5648,d,C,QB10,15,1,UVH4d,17,0.0,-1350000.0,-1.35,492,1024,0.48046875
01a0a57e-4c4f-7f82-af6d-66730fad5648,d,C,QB10,15,1,UVH4d,18,0.0,-900000.0,-0.9,460,1024,0.44921875
01a0a57e-4c4f-7f82-af6d-66730fad5648,d,C,QB10,15,1,UVH4d,19,0.0,-450000.0,-0.45,481,1024,0.4697265625
01a0a57e-4c4f-7f82-af6d-66730fad5648,d,C,QB10,15,1,UVH4d,20,0.0,0.0,0.0,476,1024,0.46484375
01a0a57e-4c4f-7f82-af6d-66730fad5648,d,C,QB10,15,1,UVH4d,21,0.0,450000.0,0.45,468,1024,0.45703125
01a0a57e-4c4f-7f82-af6d-66730fad5648,d,C,QB10,15,1,UVH4d,22,0.0,900000.0,0.9,475,1024,0.4638671875
01a0a57e-4c4f-7f82-af6d-66730fad5648,d,C,QB10,15,1,UVH4d,23,0.0,1350000.0,1.35,469,1024,0.4580078125
01a0a57e-4c4f-7f82-af6d-66730fad5648,d,C,QB10,15,1,UVH4d,24,0.0,1800000.0,1.8,468,1024,0.45703125
01a0a57e-4c4f-7f82-af6d-66730fad5648,d,C,QB10,15,1,UVH4d,25,0.0,2250000.0,2.25,488,1024,0.4765625
01a0a57e-4c4f-7f82-af6d-66730fad5648,d,C,QB10,15,1,UVH4d,26,0.0,2700000.0,2.7,484,1024,0.47265625
01a0a57e-4c4f-7f82-af6d-66730fad5648,d,C,QB10,15,1,UVH4d,27,0.0,3150000.0,3.15,512,1024,0.5
01a0a57e-4c4f-7f82-af6d-66730fad5648,d,C,QB10,15,1,UVH4d,28,0.0,3600000.0,3.6,498,1024,0.486328125
01a0a57e-4c4f-7f82-af6d-66730fad5648,d,C,QB10,15,1,UVH4d,29,0.0,4050000.0,4.05,522,1024,0.509765625
01a0a57e-4c4f-7f82-af6d-66730fad5648,d,C,QB10,15,1,UVH4d,30,0.0,4500000.0,4.5,560,1024,0.546875
01a0a57e-4c4f-7f82-af6d-66730fad5648,d,C,QB10,15,1,UVH4d,31,0.0,4950000.0,4.95,521,1024,0.5087890625
01a0a57e-4c4f-7f82-af6d-66730fad5648,d,C,QB10,15,1,UVH4d,32,0.0,5400000.0,5.4,556,1024,0.54296875
01a0a57e-4c4f-7f82-af6d-66730fad5648,d,C,QB10,15,1,UVH4d,33,0.0,5850000.0,5.85,562,1024,0.548828125
01a0a57e-4c4f-7f82-af6d-66730fad5648,d,C,QB10,15,1,UVH4d,34,0.0,6300000.0,6.3,592,1024,0.578125
01a0a57e-4c4f-7f82-af6d-66730fad5648,d,C,QB10,15,1,UVH4d,35,0.0,6750000.0,6.75,589,1024,0.5751953125
01a0a57e-4c4f-7f82-af6d-66730fad5648,d,C,QB10,15,1,UVH4d,36,0.0,7200000.0,7.2,612,1024,0.59765625
01a0a57e-4c4f-7f82-af6d-66730fad5648,d,C,QB10,15,1,UVH4d,37,0.0,7650000.0,7.65,626,1024,0.611328125
01a0a57e-4c4f-7f82-af6d-66730fad5648,d,C,QB10,15,1,UVH4d,38,0.0,8100000.0,8.1,675,1024,0.6591796875
01a0a57e-4c4f-7f82-af6d-66730fad5648,d,C,QB10,15,1,UVH4d,39,0.0,8550000.0,8.55,692,1024,0.67578125
01a0a57e-4c4f-7f82-af6d-66730fad5648,d,C,QB10,15,1,UVH4d,40,0.0,9000000.0,9.0,698,1024,0.681640625
01a0a57e-4c4f-7f82-af6d-66730fad5648,d,C,QB10,15,2,UVH5d,0,0.0,-9000000.0,-9.0,98,1024,0.095703125
01a0a57e-4c4f-7f82-af6d-66730fad5648,d,C,QB10,15,2,UVH5d,1,0.0,-8550000.0,-8.55,124,1024,0.12109375
01a0a57e-4c4f-7f82-af6d-66730fad5648,d,C,QB10,15,2,UVH5d,2,0.0,-8100000.0,-8.1,131,1024,0.1279296875
01a0a57e-4c4f-7f82-af6d-66730fad5648,d,C,QB10,15,2,UVH5d,3,0.0,-7650000.0,-7.65,173,1024,0.1689453125
01a0a57e-4c4f-7f82-af6d-66730fad5648,d,C,QB10,15,2,UVH5d,4,0.0,-7200000.0,-7.2,202,1024,0.197265625
01a0a57e-4c4f-7f82-af6d-66730fad5648,d,C,QB10,15,2,UVH5d,5,0.0,-6750000.0,-6.75,231,1024,0.2255859375
01a0a57e-4c4f-7f82-af6d-66730fad5648,d,C,QB10,15,2,UVH5d,6,0.0,-6300000.0,-6.3,270,1024,0.263671875
01a0a57e-4c4f-7f82-af6d-66730fad5648,d,C,QB10,15,2,UVH5d,7,0.0,-5850000.0,-5.85,299,1024,0.2919921875
01a0a57e-4c4f-7f82-af6d-66730fad5648,d,C,QB10,15,2,UVH5d,8,0.0,-5400000.0,-5.4,338,1024,0.330078125
01a0a57e-4c4f-7f82-af6d-66730fad5648,d,C,QB10,15,2,UVH5d,9,0.0,-4950000.0,-4.95,372,1024,0.36328125
01a0a57e-4c4f-7f82-af6d-66730fad5648,d,C,QB10,15,2,UVH5d,10,0.0,-4500000.0,-4.5,383,1024,0.3740234375
01a0a57e-4c4f-7f82-af6d-66730fad5648,d,C,QB10,15,2,UVH5d,11,0.0,-4050000.0,-4.05,412,1024,0.40234375
01a0a57e-4c4f-7f82-af6d-66730fad5648,d,C,QB10,15,2,UVH5d,12,0.0,-3600000.0,-3.6,440,1024,0.4296875
01a0a57e-4c4f-7f82-af6d-66730fad5648,d,C,QB10,15,2,UVH5d,13,0.0,-3150000.0,-3.15,465,1024,0.4541015625
01a0a57e-4c4f-7f82-af6d-66730fad5648,d,C,QB10,15,2,UVH5d,14,0.0,-2700000.0,-2.7,472,1024,0.4609375
01a0a57e-4c4f-7f82-af6d-66730fad5648,d,C,QB10,15,2,UVH5d,15,0.0,-2250000.0,-2.25,490,1024,0.478515625
01a0a57e-4c4f-7f82-af6d-66730fad5648,d,C,QB10,15,2,UVH5d,16,0.0,-1800000.0,-1.8,495,1024,0.4833984375
01a0a57e-4c4f-7f82-af6d-66730fad5648,d,C,QB10,15,2,UVH5d,17,0.0,-1350000.0,-1.35,533,1024,0.5205078125
01a0a57e-4c4f-7f82-af6d-66730fad5648,d,C,QB10,15,2,UVH5d,18,0.0,-900000.0,-0.9,518,1024,0.505859375
01a0a57e-4c4f-7f82-af6d-66730fad5648,d,C,QB10,15,2,UVH5d,19,0.0,-450000.0,-0.45,498,1024,0.486328125
01a0a57e-4c4f-7f82-af6d-66730fad5648,d,C,QB10,15,2,UVH5d,20,0.0,0.0,0.0,534,1024,0.521484375
01a0a57e-4c4f-7f82-af6d-66730fad5648,d,C,QB10,15,2,UVH5d,21,0.0,450000.0,0.45,528,1024,0.515625
01a0a57e-4c4f-7f82-af6d-66730fad5648,d,C,QB10,15,2,UVH5d,22,0.0,900000.0,0.9,533,1024,0.5205078125
01a0a57e-4c4f-7f82-af6d-66730fad5648,d,C,QB10,15,2,UVH5d,23,0.0,1350000.0,1.35,490,1024,0.478515625
01a0a57e-4c4f-7f82-af6d-66730fad5648,d,C,QB10,15,2,UVH5d,24,0.0,1800000.0,1.8,506,1024,0.494140625
01a0a57e-4c4f-7f82-af6d-66730fad5648,d,C,QB10,15,2,UVH5d,25,0.0,2250000.0,2.25,519,1024,0.5068359375
01a0a57e-4c4f-7f82-af6d-66730fad5648,d,C,QB10,15,2,UVH5d,26,0.0,2700000.0,2.7,505,1024,0.4931640625
01a0a57e-4c4f-7f82-af6d-66730fad5648,d,C,QB10,15,2,UVH5d,27,0.0,3150000.0,3.15,532,1024,0.51953125
01a0a57e-4c4f-7f82-af6d-66730fad5648,d,C,QB10,15,2,UVH5d,28,0.0,3600000.0,3.6,512,1024,0.5
01a0a57e-4c4f-7f82-af6d-66730fad5648,d,C,QB10,15,2,UVH5d,29,0.0,4050000.0,4.05,524,1024,0.51171875
01a0a57e-4c4f-7f82-af6d-66730fad5648,d,C,QB10,15,2,UVH5d,30,0.0,4500000.0,4.5,547,1024,0.5341796875
01a0a57e-4c4f-7f82-af6d-66730fad5648,d,C,QB10,15,2,UVH5d,31,0.0,4950000.0,4.95,556,1024,0.54296875
01a0a57e-4c4f-7f82-af6d-66730fad5648,d,C,QB10,15,2,UVH5d,32,0.0,5400000.0,5.4,571,1024,0.5576171875
01a0a57e-4c4f-7f82-af6d-66730fad5648,d,C,QB10,15,2,UVH5d,33,0.0,5850000.0,5.85,597,1024,0.5830078125
01a0a57e-4c4f-7f82-af6d-66730fad5648,d,C,QB10,15,2,UVH5d,34,0.0,6300000.0,6.3,592,1024,0.578125
01a0a57e-4c4f-7f82-af6d-66730fad5648,d,C,QB10,15,2,UVH5d,35,0.0,6750000.0,6.75,597,1024,0.5830078125
01a0a57e-4c4f-7f82-af6d-66730fad5648,d,C,QB10,15,2,UVH5d,36,0.0,7200000.0,7.2,647,1024,0.6318359375
01a0a57e-4c4f-7f82-af6d-66730fad5648,d,C,QB10,15,2,UVH5d,37,0.0,7650000.0,7.65,632,1024,0.6171875
01a0a57e-4c4f-7f82-af6d-66730fad5648,d,C,QB10,15,2,UVH5d,38,0.0,8100000.0,8.1,636,1024,0.62109375
01a0a57e-4c4f-7f82-af6d-66730fad5648,d,C,QB10,15,2,UVH5d,39,0.0,8550000.0,8.55,657,1024,0.6416015625
01a0a57e-4c4f-7f82-af6d-66730fad5648,d,C,QB10,15,2,UVH5d,40,0.0,9000000.0,9.0,684,1024,0.66796875
01a0a57e-4c4f-7f82-af6d-66730fad5648,d,C,QB10,15,3,UVH6d,0,0.0,-9000000.0,-9.0,554,1024,0.541015625
01a0a57e-4c4f-7f82-af6d-66730fad5648,d,C,QB10,15,3,UVH6d,1,0.0,-8550000.0,-8.55,527,1024,0.5146484375
01a0a57e-4c4f-7f82-af6d-66730fad5648,d,C,QB10,15,3,UVH6d,2,0.0,-8100000.0,-8.1,536,1024,0.5234375
01a0a57e-4c4f-7f82-af6d-66730fad5648,d,C,QB10,15,3,UVH6d,3,0.0,-7650000.0,-7.65,548,1024,0.53515625
01a0a57e-4c4f-7f82-af6d-66730fad5648,d,C,QB10,15,3,UVH6d,4,0.0,-7200000.0,-7.2,546,1024,0.533203125
01a0a57e-4c4f-7f82-af6d-66730fad5648,d,C,QB10,15,3,UVH6d,5,0.0,-6750000.0,-6.75,523,1024,0.5107421875
01a0a57e-4c4f-7f82-af6d-66730fad5648,d,C,QB10,15,3,UVH6d,6,0.0,-6300000.0,-6.3,522,1024,0.509765625
01a0a57e-4c4f-7f82-af6d-66730fad5648,d,C,QB10,15,3,UVH6d,7,0.0,-5850000.0,-5.85,538,1024,0.525390625
01a0a57e-4c4f-7f82-af6d-66730fad5648,d,C,QB10,15,3,UVH6d,8,0.0,-5400000.0,-5.4,538,1024,0.525390625
01a0a57e-4c4f-7f82-af6d-66730fad5648,d,C,QB10,15,3,UVH6d,9,0.0,-4950000.0,-4.95,487,1024,0.4755859375
01a0a57e-4c4f-7f82-af6d-66730fad5648,d,C,QB10,15,3,UVH6d,10,0.0,-4500000.0,-4.5,489,1024,0.4775390625
01a0a57e-4c4f-7f82-af6d-66730fad5648,d,C,QB10,15,3,UVH6d,11,0.0,-4050000.0,-4.05,532,1024,0.51953125
01a0a57e-4c4f-7f82-af6d-66730fad5648,d,C,QB10,15,3,UVH6d,12,0.0,-3600000.0,-3.6,520,1024,0.5078125
01a0a57e-4c4f-7f82-af6d-66730fad5648,d,C,QB10,15,3,UVH6d,13,0.0,-3150000.0,-3.15,519,1024,0.5068359375
01a0a57e-4c4f-7f82-af6d-66730fad5648,d,C,QB10,15,3,UVH6d,14,0.0,-2700000.0,-2.7,510,1024,0.498046875
01a0a57e-4c4f-7f82-af6d-66730fad5648,d,C,QB10,15,3,UVH6d,15,0.0,-2250000.0,-2.25,541,1024,0.5283203125
01a0a57e-4c4f-7f82-af6d-66730fad5648,d,C,QB10,15,3,UVH6d,16,0.0,-1800000.0,-1.8,521,1024,0.5087890625
01a0a57e-4c4f-7f82-af6d-66730fad5648,d,C,QB10,15,3,UVH6d,17,0.0,-1350000.0,-1.35,525,1024,0.5126953125
01a0a57e-4c4f-7f82-af6d-66730fad5648,d,C,QB10,15,3,UVH6d,18,0.0,-900000.0,-0.9,501,1024,0.4892578125
01a0a57e-4c4f-7f82-af6d-66730fad5648,d,C,QB10,15,3,UVH6d,19,0.0,-450000.0,-0.45,504,1024,0.4921875
01a0a57e-4c4f-7f82-af6d-66730fad5648,d,C,QB10,15,3,UVH6d,20,0.0,0.0,0.0,474,1024,0.462890625
01a0a57e-4c4f-7f82-af6d-66730fad5648,d,C,QB10,15,3,UVH6d,21,0.0,450000.0,0.45,533,1024,0.5205078125
01a0a57e-4c4f-7f82-af6d-66730fad5648,d,C,QB10,15,3,UVH6d,22,0.0,900000.0,0.9,505,1024,0.4931640625
01a0a57e-4c4f-7f82-af6d-66730fad5648,d,C,QB10,15,3,UVH6d,23,0.0,1350000.0,1.35,532,1024,0.51953125
01a0a57e-4c4f-7f82-af6d-66730fad5648,d,C,QB10,15,3,UVH6d,24,0.0,1800000.0,1.8,508,1024,0.49609375
01a0a57e-4c4f-7f82-af6d-66730fad5648,d,C,QB10,15,3,UVH6d,25,0.0,2250000.0,2.25,497,1024,0.4853515625
01a0a57e-4c4f-7f82-af6d-66730fad5648,d,C,QB10,15,3,UVH6d,26,0.0,2700000.0,2.7,520,1024,0.5078125
01a0a57e-4c4f-7f82-af6d-66730fad5648,d,C,QB10,15,3,UVH6d,27,0.0,3150000.0,3.15,510,1024,0.498046875
01a0a57e-4c4f-7f82-af6d-66730fad5648,d,C,QB10,15,3,UVH6d,28,0.0,3600000.0,3.6,510,1024,0.498046875
01a0a57e-4c4f-7f82-af6d-66730fad5648,d,C,QB10,15,3,UVH6d,29,0.0,4050000.0,4.05,484,1024,0.47265625
01a0a57e-4c4f-7f82-af6d-66730fad5648,d,C,QB10,15,3,UVH6d,30,0.0,4500000.0,4.5,529,1024,0.5166015625
01a0a57e-4c4f-7f82-af6d-66730fad5648,d,C,QB10,15,3,UVH6d,31,0.0,4950000.0,4.95,469,1024,0.4580078125
01a0a57e-4c4f-7f82-af6d-66730fad5648,d,C,QB10,15,3,UVH6d,32,0.0,5400000.0,5.4,511,1024,0.4990234375
01a0a57e-4c4f-7f82-af6d-66730fad5648,d,C,QB10,15,3,UVH6d,33,0.0,5850000.0,5.85,499,1024,0.4873046875
01a0a57e-4c4f-7f82-af6d-66730fad5648,d,C,QB10,15,3,UVH6d,34,0.0,6300000.0,6.3,472,1024,0.4609375
01a0a57e-4c4f-7f82-af6d-66730fad5648,d,C,QB10,15,3,UVH6d,35,0.0,6750000.0,6.75,543,1024,0.5302734375
01a0a57e-4c4f-7f82-af6d-66730fad5648,d,C,QB10,15,3,UVH6d,36,0.0,7200000.0,7.2,530,1024,0.517578125
01a0a57e-4c4f-7f82-af6d-66730fad5648,d,C,QB10,15,3,UVH6d,37,0.0,7650000.0,7.65,535,1024,0.5224609375
01a0a57e-4c4f-7f82-af6d-66730fad5648,d,C,QB10,15,3,UVH6d,38,0.0,8100000.0,8.1,548,1024,0.53515625
01a0a57e-4c4f-7f82-af6d-66730fad5648,d,C,QB10,15,3,UVH6d,39,0.0,8550000.0,8.55,580,1024,0.56640625
01a0a57e-4c4f-7f82-af6d-66730fad5648,d,C,QB10,15,3,UVH6d,40,0.0,9000000.0,9.0,597,1024,0.5830078125
01a0a57e-4c4f-7f82-af6d-66730fad5648,d,C,QB10,15,4,UVH7d,0,0.0,-9000000.0,-9.0,524,1024,0.51171875
01a0a57e-4c4f-7f82-af6d-66730fad5648,d,C,QB10,15,4,UVH7d,1,0.0,-8550000.0,-8.55,496,1024,0.484375
01a0a57e-4c4f-7f82-af6d-66730fad5648,d,C,QB10,15,4,UVH7d,2,0.0,-8100000.0,-8.1,495,1024,0.4833984375
01a0a57e-4c4f-7f82-af6d-66730fad5648,d,C,QB10,15,4,UVH7d,3,0.0,-7650000.0,-7.65,513,1024,0.5009765625
01a0a57e-4c4f-7f82-af6d-66730fad5648,d,C,QB10,15,4,UVH7d,4,0.0,-7200000.0,-7.2,528,1024,0.515625
01a0a57e-4c4f-7f82-af6d-66730fad5648,d,C,QB10,15,4,UVH7d,5,0.0,-6750000.0,-6.75,496,1024,0.484375
01a0a57e-4c4f-7f82-af6d-66730fad5648,d,C,QB10,15,4,UVH7d,6,0.0,-6300000.0,-6.3,502,1024,0.490234375
01a0a57e-4c4f-7f82-af6d-66730fad5648,d,C,QB10,15,4,UVH7d,7,0.0,-5850000.0,-5.85,536,1024,0.5234375
01a0a57e-4c4f-7f82-af6d-66730fad5648,d,C,QB10,15,4,UVH7d,8,0.0,-5400000.0,-5.4,519,1024,0.5068359375
01a0a57e-4c4f-7f82-af6d-66730fad5648,d,C,QB10,15,4,UVH7d,9,0.0,-4950000.0,-4.95,531,1024,0.5185546875
01a0a57e-4c4f-7f82-af6d-66730fad5648,d,C,QB10,15,4,UVH7d,10,0.0,-4500000.0,-4.5,517,1024,0.5048828125
01a0a57e-4c4f-7f82-af6d-66730fad5648,d,C,QB10,15,4,UVH7d,11,0.0,-4050000.0,-4.05,529,1024,0.5166015625
01a0a57e-4c4f-7f82-af6d-66730fad5648,d,C,QB10,15,4,UVH7d,12,0.0,-3600000.0,-3.6,521,1024,0.5087890625
01a0a57e-4c4f-7f82-af6d-66730fad5648,d,C,QB10,15,4,UVH7d,13,0.0,-3150000.0,-3.15,510,1024,0.498046875
01a0a57e-4c4f-7f82-af6d-66730fad5648,d,C,QB10,15,4,UVH7d,14,0.0,-2700000.0,-2.7,514,1024,0.501953125
01a0a57e-4c4f-7f82-af6d-66730fad5648,d,C,QB10,15,4,UVH7d,15,0.0,-2250000.0,-2.25,525,1024,0.5126953125
01a0a57e-4c4f-7f82-af6d-66730fad5648,d,C,QB10,15,4,UVH7d,16,0.0,-1800000.0,-1.8,508,1024,0.49609375
01a0a57e-4c4f-7f82-af6d-66730fad5648,d,C,QB10,15,4,UVH7d,17,0.0,-1350000.0,-1.35,481,1024,0.4697265625
01a0a57e-4c4f-7f82-af6d-66730fad5648,d,C,QB10,15,4,UVH7d,18,0.0,-900000.0,-0.9,489,1024,0.4775390625
01a0a57e-4c4f-7f82-af6d-66730fad5648,d,C,QB10,15,4,UVH7d,19,0.0,-450000.0,-0.45,531,1024,0.5185546875
01a0a57e-4c4f-7f82-af6d-66730fad5648,d,C,QB10,15,4,UVH7d,20,0.0,0.0,0.0,512,1024,0.5
01a0a57e-4c4f-7f82-af6d-66730fad5648,d,C,QB10,15,4,UVH7d,21,0.0,450000.0,0.45,496,1024,0.484375
01a0a57e-4c4f-7f82-af6d-66730fad5648,d,C,QB10,15,4,UVH7d,22,0.0,900000.0,0.9,511,1024,0.4990234375
01a0a57e-4c4f-7f82-af6d-66730fad5648,d,C,QB10,15,4,UVH7d,23,0.0,1350000.0,1.35,490,1024,0.478515625
01a0a57e-4c4f-7f82-af6d-66730fad5648,d,C,QB10,15,4,UVH7d,24,0.0,1800000.0,1.8,491,1024,0.4794921875
01a0a57e-4c4f-7f82-af6d-66730fad5648,d,C,QB10,15,4,UVH7d,25,0.0,2250000.0,2.25,505,1024,0.4931640625
01a0a57e-4c4f-7f82-af6d-66730fad5648,d,C,QB10,15,4,UVH7d,26,0.0,2700000.0,2.7,503,1024,0.4912109375
01a0a57e-4c4f-7f82-af6d-66730fad5648,d,C,QB10,15,4,UVH7d,27,0.0,3150000.0,3.15,483,1024,0.4716796875
01a0a57e-4c4f-7f82-af6d-66730fad5648,d,C,QB10,15,4,UVH7d,28,0.0,3600000.0,3.6,505,1024,0.4931640625
01a0a57e-4c4f-7f82-af6d-66730fad5648,d,C,QB10,15,4,UVH7d,29,0.0,4050000.0,4.05,494,1024,0.482421875
01a0a57e-4c4f-7f82-af6d-66730fad5648,d,C,QB10,15,4,UVH7d,30,0.0,4500000.0,4.5,456,1024,0.4453125
01a0a57e-4c4f-7f82-af6d-66730fad5648,d,C,QB10,15,4,UVH7d,31,0.0,4950000.0,4.95,478,1024,0.466796875
01a0a57e-4c4f-7f82-af6d-66730fad5648,d,C,QB10,15,4,UVH7d,32,0.0,5400000.0,5.4,464,1024,0.453125
01a0a57e-4c4f-7f82-af6d-66730fad5648,d,C,QB10,15,4,UVH7d,33,0.0,5850000.0,5.85,436,1024,0.42578125
01a0a57e-4c4f-7f82-af6d-66730fad5648,d,C,QB10,15,4,UVH7d,34,0.0,6300000.0,6.3,426,1024,0.416015625
01a0a57e-4c4f-7f82-af6d-66730fad5648,d,C,QB10,15,4,UVH7d,35,0.0,6750000.0,6.75,428,1024,0.41796875
01a0a57e-4c4f-7f82-af6d-66730fad5648,d,C,QB10,15,4,UVH7d,36,0.0,7200000.0,7.2,395,1024,0.3857421875
01a0a57e-4c4f-7f82-af6d-66730fad5648,d,C,QB10,15,4,UVH7d,37,0.0,7650000.0,7.65,403,1024,0.3935546875
01a0a57e-4c4f-7f82-af6d-66730fad5648,d,C,QB10,15,4,UVH7d,38,0.0,8100000.0,8.1,371,1024,0.3623046875
01a0a57e-4c4f-7f82-af6d-66730fad5648,d,C,QB10,15,4,UVH7d,39,0.0,8550000.0,8.55,358,1024,0.349609375
01a0a57e-4c4f-7f82-af6d-66730fad5648,d,C,QB10,15,4,UVH7d,40,0.0,9000000.0,9.0,354,1024,0.345703125
01a0a57e-4c4f-7f82-af6d-66730fad5648,d,C,QB10,15,5,UVH8d,0,0.0,-9000000.0,-9.0,498,1024,0.486328125
01a0a57e-4c4f-7f82-af6d-66730fad5648,d,C,QB10,15,5,UVH8d,1,0.0,-8550000.0,-8.55,515,1024,0.5029296875
01a0a57e-4c4f-7f82-af6d-66730fad5648,d,C,QB10,15,5,UVH8d,2,0.0,-8100000.0,-8.1,490,1024,0.478515625
01a0a57e-4c4f-7f82-af6d-66730fad5648,d,C,QB10,15,5,UVH8d,3,0.0,-7650000.0,-7.65,478,1024,0.466796875
01a0a57e-4c4f-7f82-af6d-66730fad5648,d,C,QB10,15,5,UVH8d,4,0.0,-7200000.0,-7.2,517,1024,0.5048828125
01a0a57e-4c4f-7f82-af6d-66730fad5648,d,C,QB10,15,5,UVH8d,5,0.0,-6750000.0,-6.75,489,1024,0.4775390625
01a0a57e-4c4f-7f82-af6d-66730fad5648,d,C,QB10,15,5,UVH8d,6,0.0,-6300000.0,-6.3,490,1024,0.478515625
01a0a57e-4c4f-7f82-af6d-66730fad5648,d,C,QB10,15,5,UVH8d,7,0.0,-5850000.0,-5.85,481,1024,0.4697265625
01a0a57e-4c4f-7f82-af6d-66730fad5648,d,C,QB10,15,5,UVH8d,8,0.0,-5400000.0,-5.4,471,1024,0.4599609375
01a0a57e-4c4f-7f82-af6d-66730fad5648,d,C,QB10,15,5,UVH8d,9,0.0,-4950000.0,-4.95,498,1024,0.486328125
01a0a57e-4c4f-7f82-af6d-66730fad5648,d,C,QB10,15,5,UVH8d,10,0.0,-4500000.0,-4.5,476,1024,0.46484375
01a0a57e-4c4f-7f82-af6d-66730fad5648,d,C,QB10,15,5,UVH8d,11,0.0,-4050000.0,-4.05,456,1024,0.4453125
01a0a57e-4c4f-7f82-af6d-66730fad5648,d,C,QB10,15,5,UVH8d,12,0.0,-3600000.0,-3.6,489,1024,0.4775390625
01a0a57e-4c4f-7f82-af6d-66730fad5648,d,C,QB10,15,5,UVH8d,13,0.0,-3150000.0,-3.15,497,1024,0.4853515625
01a0a57e-4c4f-7f82-af6d-66730fad5648,d,C,QB10,15,5,UVH8d,14,0.0,-2700000.0,-2.7,511,1024,0.4990234375
01a0a57e-4c4f-7f82-af6d-66730fad5648,d,C,QB10,15,5,UVH8d,15,0.0,-2250000.0,-2.25,478,1024,0.466796875
01a0a57e-4c4f-7f82-af6d-66730fad5648,d,C,QB10,15,5,UVH8d,16,0.0,-1800000.0,-1.8,500,1024,0.48828125
01a0a57e-4c4f-7f82-af6d-66730fad5648,d,C,QB10,15,5,UVH8d,17,0.0,-1350000.0,-1.35,479,1024,0.4677734375
01a0a57e-4c4f-7f82-af6d-66730fad5648,d,C,QB10,15,5,UVH8d,18,0.0,-900000.0,-0.9,506,1024,0.494140625
01a0a57e-4c4f-7f82-af6d-66730fad5648,d,C,QB10,15,5,UVH8d,19,0.0,-450000.0,-0.45,519,1024,0.5068359375
01a0a57e-4c4f-7f82-af6d-66730fad5648,d,C,QB10,15,5,UVH8d,20,0.0,0.0,0.0,465,1024,0.4541015625
01a0a57e-4c4f-7f82-af6d-66730fad5648,d,C,QB10,15,5,UVH8d,21,0.0,450000.0,0.45,502,1024,0.490234375
01a0a57e-4c4f-7f82-af6d-66730fad5648,d,C,QB10,15,5,UVH8d,22,0.0,900000.0,0.9,470,1024,0.458984375
01a0a57e-4c4f-7f82-af6d-66730fad5648,d,C,QB10,15,5,UVH8d,23,0.0,1350000.0,1.35,498,1024,0.486328125
01a0a57e-4c4f-7f82-af6d-66730fad5648,d,C,QB10,15,5,UVH8d,24,0.0,1800000.0,1.8,527,1024,0.5146484375
01a0a57e-4c4f-7f82-af6d-66730fad5648,d,C,QB10,15,5,UVH8d,25,0.0,2250000.0,2.25,525,1024,0.5126953125
01a0a57e-4c4f-7f82-af6d-66730fad5648,d,C,QB10,15,5,UVH8d,26,0.0,2700000.0,2.7,491,1024,0.4794921875
01a0a57e-4c4f-7f82-af6d-66730fad5648,d,C,QB10,15,5,UVH8d,27,0.0,3150000.0,3.15,514,1024,0.501953125
01a0a57e-4c4f-7f82-af6d-66730fad5648,d,C,QB10,15,5,UVH8d,28,0.0,3600000.0,3.6,511,1024,0.4990234375
01a0a57e-4c4f-7f82-af6d-66730fad5648,d,C,QB10,15,5,UVH8d,29,0.0,4050000.0,4.05,496,1024,0.484375
01a0a57e-4c4f-7f82-af6d-66730fad5648,d,C,QB10,15,5,UVH8d,30,0.0,4500000.0,4.5,521,1024,0.5087890625
01a0a57e-4c4f-7f82-af6d-66730fad5648,d,C,QB10,15,5,UVH8d,31,0.0,4950000.0,4.95,496,1024,0.484375
01a0a57e-4c4f-7f82-af6d-66730fad5648,d,C,QB10,15,5,UVH8d,32,0.0,5400000.0,5.4,512,1024,0.5
01a0a57e-4c4f-7f82-af6d-66730fad5648,d,C,QB10,15,5,UVH8d,33,0.0,5850000.0,5.85,490,1024,0.478515625
01a0a57e-4c4f-7f82-af6d-66730fad5648,d,C,QB10,15,5,UVH8d,34,0.0,6300000.0,6.3,508,1024,0.49609375
01a0a57e-4c4f-7f82-af6d-66730fad5648,d,C,QB10,15,5,UVH8d,35,0.0,6750000.0,6.75,481,1024,0.4697265625
01a0a57e-4c4f-7f82-af6d-66730fad5648,d,C,QB10,15,5,UVH8d,36,0.0,7200000.0,7.2,492,1024,0.48046875
01a0a57e-4c4f-7f82-af6d-66730fad5648,d,C,QB10,15,5,UVH8d,37,0.0,7650000.0,7.65,505,1024,0.4931640625
01a0a57e-4c4f-7f82-af6d-66730fad5648,d,C,QB10,15,5,UVH8d,38,0.0,8100000.0,8.1,505,1024,0.4931640625
01a0a57e-4c4f-7f82-af6d-66730fad5648,d,C,QB10,15,5,UVH8d,39,0.0,8550000.0,8.55,514,1024,0.501953125
01a0a57e-4c4f-7f82-af6d-66730fad5648,d,C,QB10,15,5,UVH8d,40,0.0,9000000.0,9.0,473,1024,0.4619140625
01a0a57e-4c4f-7f82-af6d-66730fad5648,d,C,QB12,16,0,standard_pi_2,0,0.0,-9000000.0,-9.0,482,1024,0.470703125
01a0a57e-4c4f-7f82-af6d-66730fad5648,d,C,QB12,16,0,standard_pi_2,1,0.0,-8550000.0,-8.55,487,1024,0.4755859375
01a0a57e-4c4f-7f82-af6d-66730fad5648,d,C,QB12,16,0,standard_pi_2,2,0.0,-8100000.0,-8.1,469,1024,0.4580078125
01a0a57e-4c4f-7f82-af6d-66730fad5648,d,C,QB12,16,0,standard_pi_2,3,0.0,-7650000.0,-7.65,500,1024,0.48828125
01a0a57e-4c4f-7f82-af6d-66730fad5648,d,C,QB12,16,0,standard_pi_2,4,0.0,-7200000.0,-7.2,504,1024,0.4921875
01a0a57e-4c4f-7f82-af6d-66730fad5648,d,C,QB12,16,0,standard_pi_2,5,0.0,-6750000.0,-6.75,494,1024,0.482421875
01a0a57e-4c4f-7f82-af6d-66730fad5648,d,C,QB12,16,0,standard_pi_2,6,0.0,-6300000.0,-6.3,510,1024,0.498046875
01a0a57e-4c4f-7f82-af6d-66730fad5648,d,C,QB12,16,0,standard_pi_2,7,0.0,-5850000.0,-5.85,499,1024,0.4873046875
01a0a57e-4c4f-7f82-af6d-66730fad5648,d,C,QB12,16,0,standard_pi_2,8,0.0,-5400000.0,-5.4,495,1024,0.4833984375
01a0a57e-4c4f-7f82-af6d-66730fad5648,d,C,QB12,16,0,standard_pi_2,9,0.0,-4950000.0,-4.95,481,1024,0.4697265625
01a0a57e-4c4f-7f82-af6d-66730fad5648,d,C,QB12,16,0,standard_pi_2,10,0.0,-4500000.0,-4.5,466,1024,0.455078125
01a0a57e-4c4f-7f82-af6d-66730fad5648,d,C,QB12,16,0,standard_pi_2,11,0.0,-4050000.0,-4.05,511,1024,0.4990234375
01a0a57e-4c4f-7f82-af6d-66730fad5648,d,C,QB12,16,0,standard_pi_2,12,0.0,-3600000.0,-3.6,493,1024,0.4814453125
01a0a57e-4c4f-7f82-af6d-66730fad5648,d,C,QB12,16,0,standard_pi_2,13,0.0,-3150000.0,-3.15,480,1024,0.46875
01a0a57e-4c4f-7f82-af6d-66730fad5648,d,C,QB12,16,0,standard_pi_2,14,0.0,-2700000.0,-2.7,496,1024,0.484375
01a0a57e-4c4f-7f82-af6d-66730fad5648,d,C,QB12,16,0,standard_pi_2,15,0.0,-2250000.0,-2.25,451,1024,0.4404296875
01a0a57e-4c4f-7f82-af6d-66730fad5648,d,C,QB12,16,0,standard_pi_2,16,0.0,-1800000.0,-1.8,473,1024,0.4619140625
01a0a57e-4c4f-7f82-af6d-66730fad5648,d,C,QB12,16,0,standard_pi_2,17,0.0,-1350000.0,-1.35,457,1024,0.4462890625
01a0a57e-4c4f-7f82-af6d-66730fad5648,d,C,QB12,16,0,standard_pi_2,18,0.0,-900000.0,-0.9,474,1024,0.462890625
01a0a57e-4c4f-7f82-af6d-66730fad5648,d,C,QB12,16,0,standard_pi_2,19,0.0,-450000.0,-0.45,427,1024,0.4169921875
01a0a57e-4c4f-7f82-af6d-66730fad5648,d,C,QB12,16,0,standard_pi_2,20,0.0,0.0,0.0,481,1024,0.4697265625
01a0a57e-4c4f-7f82-af6d-66730fad5648,d,C,QB12,16,0,standard_pi_2,21,0.0,450000.0,0.45,453,1024,0.4423828125
01a0a57e-4c4f-7f82-af6d-66730fad5648,d,C,QB12,16,0,standard_pi_2,22,0.0,900000.0,0.9,448,1024,0.4375
01a0a57e-4c4f-7f82-af6d-66730fad5648,d,C,QB12,16,0,standard_pi_2,23,0.0,1350000.0,1.35,479,1024,0.4677734375
01a0a57e-4c4f-7f82-af6d-66730fad5648,d,C,QB12,16,0,standard_pi_2,24,0.0,1800000.0,1.8,450,1024,0.439453125
01a0a57e-4c4f-7f82-af6d-66730fad5648,d,C,QB12,16,0,standard_pi_2,25,0.0,2250000.0,2.25,424,1024,0.4140625
01a0a57e-4c4f-7f82-af6d-66730fad5648,d,C,QB12,16,0,standard_pi_2,26,0.0,2700000.0,2.7,448,1024,0.4375
01a0a57e-4c4f-7f82-af6d-66730fad5648,d,C,QB12,16,0,standard_pi_2,27,0.0,3150000.0,3.15,471,1024,0.4599609375
01a0a57e-4c4f-7f82-af6d-66730fad5648,d,C,QB12,16,0,standard_pi_2,28,0.0,3600000.0,3.6,446,1024,0.435546875
01a0a57e-4c4f-7f82-af6d-66730fad5648,d,C,QB12,16,0,standard_pi_2,29,0.0,4050000.0,4.05,465,1024,0.4541015625
01a0a57e-4c4f-7f82-af6d-66730fad5648,d,C,QB12,16,0,standard_pi_2,30,0.0,4500000.0,4.5,410,1024,0.400390625
01a0a57e-4c4f-7f82-af6d-66730fad5648,d,C,QB12,16,0,standard_pi_2,31,0.0,4950000.0,4.95,412,1024,0.40234375
01a0a57e-4c4f-7f82-af6d-66730fad5648,d,C,QB12,16,0,standard_pi_2,32,0.0,5400000.0,5.4,460,1024,0.44921875
01a0a57e-4c4f-7f82-af6d-66730fad5648,d,C,QB12,16,0,standard_pi_2,33,0.0,5850000.0,5.85,424,1024,0.4140625
01a0a57e-4c4f-7f82-af6d-66730fad5648,d,C,QB12,16,0,standard_pi_2,34,0.0,6300000.0,6.3,429,1024,0.4189453125
01a0a57e-4c4f-7f82-af6d-66730fad5648,d,C,QB12,16,0,standard_pi_2,35,0.0,6750000.0,6.75,428,1024,0.41796875
01a0a57e-4c4f-7f82-af6d-66730fad5648,d,C,QB12,16,0,standard_pi_2,36,0.0,7200000.0,7.2,446,1024,0.435546875
01a0a57e-4c4f-7f82-af6d-66730fad5648,d,C,QB12,16,0,standard_pi_2,37,0.0,7650000.0,7.65,409,1024,0.3994140625
01a0a57e-4c4f-7f82-af6d-66730fad5648,d,C,QB12,16,0,standard_pi_2,38,0.0,8100000.0,8.1,393,1024,0.3837890625
01a0a57e-4c4f-7f82-af6d-66730fad5648,d,C,QB12,16,0,standard_pi_2,39,0.0,8550000.0,8.55,433,1024,0.4228515625
01a0a57e-4c4f-7f82-af6d-66730fad5648,d,C,QB12,16,0,standard_pi_2,40,0.0,9000000.0,9.0,428,1024,0.41796875
01a0a57e-4c4f-7f82-af6d-66730fad5648,d,C,QB12,16,1,UVH4d,0,0.0,-9000000.0,-9.0,333,1024,0.3251953125
01a0a57e-4c4f-7f82-af6d-66730fad5648,d,C,QB12,16,1,UVH4d,1,0.0,-8550000.0,-8.55,319,1024,0.3115234375
01a0a57e-4c4f-7f82-af6d-66730fad5648,d,C,QB12,16,1,UVH4d,2,0.0,-8100000.0,-8.1,354,1024,0.345703125
01a0a57e-4c4f-7f82-af6d-66730fad5648,d,C,QB12,16,1,UVH4d,3,0.0,-7650000.0,-7.65,343,1024,0.3349609375
01a0a57e-4c4f-7f82-af6d-66730fad5648,d,C,QB12,16,1,UVH4d,4,0.0,-7200000.0,-7.2,376,1024,0.3671875
01a0a57e-4c4f-7f82-af6d-66730fad5648,d,C,QB12,16,1,UVH4d,5,0.0,-6750000.0,-6.75,370,1024,0.361328125
01a0a57e-4c4f-7f82-af6d-66730fad5648,d,C,QB12,16,1,UVH4d,6,0.0,-6300000.0,-6.3,391,1024,0.3818359375
01a0a57e-4c4f-7f82-af6d-66730fad5648,d,C,QB12,16,1,UVH4d,7,0.0,-5850000.0,-5.85,427,1024,0.4169921875
01a0a57e-4c4f-7f82-af6d-66730fad5648,d,C,QB12,16,1,UVH4d,8,0.0,-5400000.0,-5.4,444,1024,0.43359375
01a0a57e-4c4f-7f82-af6d-66730fad5648,d,C,QB12,16,1,UVH4d,9,0.0,-4950000.0,-4.95,422,1024,0.412109375
01a0a57e-4c4f-7f82-af6d-66730fad5648,d,C,QB12,16,1,UVH4d,10,0.0,-4500000.0,-4.5,432,1024,0.421875
01a0a57e-4c4f-7f82-af6d-66730fad5648,d,C,QB12,16,1,UVH4d,11,0.0,-4050000.0,-4.05,442,1024,0.431640625
01a0a57e-4c4f-7f82-af6d-66730fad5648,d,C,QB12,16,1,UVH4d,12,0.0,-3600000.0,-3.6,422,1024,0.412109375
01a0a57e-4c4f-7f82-af6d-66730fad5648,d,C,QB12,16,1,UVH4d,13,0.0,-3150000.0,-3.15,451,1024,0.4404296875
01a0a57e-4c4f-7f82-af6d-66730fad5648,d,C,QB12,16,1,UVH4d,14,0.0,-2700000.0,-2.7,454,1024,0.443359375
01a0a57e-4c4f-7f82-af6d-66730fad5648,d,C,QB12,16,1,UVH4d,15,0.0,-2250000.0,-2.25,456,1024,0.4453125
01a0a57e-4c4f-7f82-af6d-66730fad5648,d,C,QB12,16,1,UVH4d,16,0.0,-1800000.0,-1.8,464,1024,0.453125
01a0a57e-4c4f-7f82-af6d-66730fad5648,d,C,QB12,16,1,UVH4d,17,0.0,-1350000.0,-1.35,448,1024,0.4375
01a0a57e-4c4f-7f82-af6d-66730fad5648,d,C,QB12,16,1,UVH4d,18,0.0,-900000.0,-0.9,448,1024,0.4375
01a0a57e-4c4f-7f82-af6d-66730fad5648,d,C,QB12,16,1,UVH4d,19,0.0,-450000.0,-0.45,457,1024,0.4462890625
01a0a57e-4c4f-7f82-af6d-66730fad5648,d,C,QB12,16,1,UVH4d,20,0.0,0.0,0.0,478,1024,0.466796875
01a0a57e-4c4f-7f82-af6d-66730fad5648,d,C,QB12,16,1,UVH4d,21,0.0,450000.0,0.45,422,1024,0.412109375
01a0a57e-4c4f-7f82-af6d-66730fad5648,d,C,QB12,16,1,UVH4d,22,0.0,900000.0,0.9,457,1024,0.4462890625
01a0a57e-4c4f-7f82-af6d-66730fad5648,d,C,QB12,16,1,UVH4d,23,0.0,1350000.0,1.35,451,1024,0.4404296875
01a0a57e-4c4f-7f82-af6d-66730fad5648,d,C,QB12,16,1,UVH4d,24,0.0,1800000.0,1.8,484,1024,0.47265625
01a0a57e-4c4f-7f82-af6d-66730fad5648,d,C,QB12,16,1,UVH4d,25,0.0,2250000.0,2.25,475,1024,0.4638671875
01a0a57e-4c4f-7f82-af6d-66730fad5648,d,C,QB12,16,1,UVH4d,26,0.0,2700000.0,2.7,502,1024,0.490234375
01a0a57e-4c4f-7f82-af6d-66730fad5648,d,C,QB12,16,1,UVH4d,27,0.0,3150000.0,3.15,490,1024,0.478515625
01a0a57e-4c4f-7f82-af6d-66730fad5648,d,C,QB12,16,1,UVH4d,28,0.0,3600000.0,3.6,500,1024,0.48828125
01a0a57e-4c4f-7f82-af6d-66730fad5648,d,C,QB12,16,1,UVH4d,29,0.0,4050000.0,4.05,470,1024,0.458984375
01a0a57e-4c4f-7f82-af6d-66730fad5648,d,C,QB12,16,1,UVH4d,30,0.0,4500000.0,4.5,499,1024,0.4873046875
01a0a57e-4c4f-7f82-af6d-66730fad5648,d,C,QB12,16,1,UVH4d,31,0.0,4950000.0,4.95,515,1024,0.5029296875
01a0a57e-4c4f-7f82-af6d-66730fad5648,d,C,QB12,16,1,UVH4d,32,0.0,5400000.0,5.4,522,1024,0.509765625
01a0a57e-4c4f-7f82-af6d-66730fad5648,d,C,QB12,16,1,UVH4d,33,0.0,5850000.0,5.85,537,1024,0.5244140625
01a0a57e-4c4f-7f82-af6d-66730fad5648,d,C,QB12,16,1,UVH4d,34,0.0,6300000.0,6.3,579,1024,0.5654296875
01a0a57e-4c4f-7f82-af6d-66730fad5648,d,C,QB12,16,1,UVH4d,35,0.0,6750000.0,6.75,568,1024,0.5546875
01a0a57e-4c4f-7f82-af6d-66730fad5648,d,C,QB12,16,1,UVH4d,36,0.0,7200000.0,7.2,597,1024,0.5830078125
01a0a57e-4c4f-7f82-af6d-66730fad5648,d,C,QB12,16,1,UVH4d,37,0.0,7650000.0,7.65,624,1024,0.609375
01a0a57e-4c4f-7f82-af6d-66730fad5648,d,C,QB12,16,1,UVH4d,38,0.0,8100000.0,8.1,660,1024,0.64453125
01a0a57e-4c4f-7f82-af6d-66730fad5648,d,C,QB12,16,1,UVH4d,39,0.0,8550000.0,8.55,665,1024,0.6494140625
01a0a57e-4c4f-7f82-af6d-66730fad5648,d,C,QB12,16,1,UVH4d,40,0.0,9000000.0,9.0,676,1024,0.66015625
01a0a57e-4c4f-7f82-af6d-66730fad5648,d,C,QB12,16,2,UVH5d,0,0.0,-9000000.0,-9.0,70,1024,0.068359375
01a0a57e-4c4f-7f82-af6d-66730fad5648,d,C,QB12,16,2,UVH5d,1,0.0,-8550000.0,-8.55,83,1024,0.0810546875
01a0a57e-4c4f-7f82-af6d-66730fad5648,d,C,QB12,16,2,UVH5d,2,0.0,-8100000.0,-8.1,95,1024,0.0927734375
01a0a57e-4c4f-7f82-af6d-66730fad5648,d,C,QB12,16,2,UVH5d,3,0.0,-7650000.0,-7.65,130,1024,0.126953125
01a0a57e-4c4f-7f82-af6d-66730fad5648,d,C,QB12,16,2,UVH5d,4,0.0,-7200000.0,-7.2,144,1024,0.140625
01a0a57e-4c4f-7f82-af6d-66730fad5648,d,C,QB12,16,2,UVH5d,5,0.0,-6750000.0,-6.75,199,1024,0.1943359375
01a0a57e-4c4f-7f82-af6d-66730fad5648,d,C,QB12,16,2,UVH5d,6,0.0,-6300000.0,-6.3,226,1024,0.220703125
01a0a57e-4c4f-7f82-af6d-66730fad5648,d,C,QB12,16,2,UVH5d,7,0.0,-5850000.0,-5.85,235,1024,0.2294921875
01a0a57e-4c4f-7f82-af6d-66730fad5648,d,C,QB12,16,2,UVH5d,8,0.0,-5400000.0,-5.4,279,1024,0.2724609375
01a0a57e-4c4f-7f82-af6d-66730fad5648,d,C,QB12,16,2,UVH5d,9,0.0,-4950000.0,-4.95,296,1024,0.2890625
01a0a57e-4c4f-7f82-af6d-66730fad5648,d,C,QB12,16,2,UVH5d,10,0.0,-4500000.0,-4.5,317,1024,0.3095703125
01a0a57e-4c4f-7f82-af6d-66730fad5648,d,C,QB12,16,2,UVH5d,11,0.0,-4050000.0,-4.05,361,1024,0.3525390625
01a0a57e-4c4f-7f82-af6d-66730fad5648,d,C,QB12,16,2,UVH5d,12,0.0,-3600000.0,-3.6,356,1024,0.34765625
01a0a57e-4c4f-7f82-af6d-66730fad5648,d,C,QB12,16,2,UVH5d,13,0.0,-3150000.0,-3.15,375,1024,0.3662109375
01a0a57e-4c4f-7f82-af6d-66730fad5648,d,C,QB12,16,2,UVH5d,14,0.0,-2700000.0,-2.7,389,1024,0.3798828125
01a0a57e-4c4f-7f82-af6d-66730fad5648,d,C,QB12,16,2,UVH5d,15,0.0,-2250000.0,-2.25,412,1024,0.40234375
01a0a57e-4c4f-7f82-af6d-66730fad5648,d,C,QB12,16,2,UVH5d,16,0.0,-1800000.0,-1.8,375,1024,0.3662109375
01a0a57e-4c4f-7f82-af6d-66730fad5648,d,C,QB12,16,2,UVH5d,17,0.0,-1350000.0,-1.35,376,1024,0.3671875
01a0a57e-4c4f-7f82-af6d-66730fad5648,d,C,QB12,16,2,UVH5d,18,0.0,-900000.0,-0.9,363,1024,0.3544921875
01a0a57e-4c4f-7f82-af6d-66730fad5648,d,C,QB12,16,2,UVH5d,19,0.0,-450000.0,-0.45,376,1024,0.3671875
01a0a57e-4c4f-7f82-af6d-66730fad5648,d,C,QB12,16,2,UVH5d,20,0.0,0.0,0.0,381,1024,0.3720703125
01a0a57e-4c4f-7f82-af6d-66730fad5648,d,C,QB12,16,2,UVH5d,21,0.0,450000.0,0.45,366,1024,0.357421875
01a0a57e-4c4f-7f82-af6d-66730fad5648,d,C,QB12,16,2,UVH5d,22,0.0,900000.0,0.9,416,1024,0.40625
01a0a57e-4c4f-7f82-af6d-66730fad5648,d,C,QB12,16,2,UVH5d,23,0.0,1350000.0,1.35,358,1024,0.349609375
01a0a57e-4c4f-7f82-af6d-66730fad5648,d,C,QB12,16,2,UVH5d,24,0.0,1800000.0,1.8,345,1024,0.3369140625
01a0a57e-4c4f-7f82-af6d-66730fad5648,d,C,QB12,16,2,UVH5d,25,0.0,2250000.0,2.25,377,1024,0.3681640625
01a0a57e-4c4f-7f82-af6d-66730fad5648,d,C,QB12,16,2,UVH5d,26,0.0,2700000.0,2.7,365,1024,0.3564453125
01a0a57e-4c4f-7f82-af6d-66730fad5648,d,C,QB12,16,2,UVH5d,27,0.0,3150000.0,3.15,383,1024,0.3740234375
01a0a57e-4c4f-7f82-af6d-66730fad5648,d,C,QB12,16,2,UVH5d,28,0.0,3600000.0,3.6,416,1024,0.40625
01a0a57e-4c4f-7f82-af6d-66730fad5648,d,C,QB12,16,2,UVH5d,29,0.0,4050000.0,4.05,400,1024,0.390625
01a0a57e-4c4f-7f82-af6d-66730fad5648,d,C,QB12,16,2,UVH5d,30,0.0,4500000.0,4.5,398,1024,0.388671875
01a0a57e-4c4f-7f82-af6d-66730fad5648,d,C,QB12,16,2,UVH5d,31,0.0,4950000.0,4.95,437,1024,0.4267578125
01a0a57e-4c4f-7f82-af6d-66730fad5648,d,C,QB12,16,2,UVH5d,32,0.0,5400000.0,5.4,468,1024,0.45703125
01a0a57e-4c4f-7f82-af6d-66730fad5648,d,C,QB12,16,2,UVH5d,33,0.0,5850000.0,5.85,490,1024,0.478515625
01a0a57e-4c4f-7f82-af6d-66730fad5648,d,C,QB12,16,2,UVH5d,34,0.0,6300000.0,6.3,508,1024,0.49609375
01a0a57e-4c4f-7f82-af6d-66730fad5648,d,C,QB12,16,2,UVH5d,35,0.0,6750000.0,6.75,520,1024,0.5078125
01a0a57e-4c4f-7f82-af6d-66730fad5648,d,C,QB12,16,2,UVH5d,36,0.0,7200000.0,7.2,531,1024,0.5185546875
01a0a57e-4c4f-7f82-af6d-66730fad5648,d,C,QB12,16,2,UVH5d,37,0.0,7650000.0,7.65,562,1024,0.548828125
01a0a57e-4c4f-7f82-af6d-66730fad5648,d,C,QB12,16,2,UVH5d,38,0.0,8100000.0,8.1,549,1024,0.5361328125
01a0a57e-4c4f-7f82-af6d-66730fad5648,d,C,QB12,16,2,UVH5d,39,0.0,8550000.0,8.55,567,1024,0.5537109375
01a0a57e-4c4f-7f82-af6d-66730fad5648,d,C,QB12,16,2,UVH5d,40,0.0,9000000.0,9.0,586,1024,0.572265625
01a0a57e-4c4f-7f82-af6d-66730fad5648,d,C,QB12,16,3,UVH6d,0,0.0,-9000000.0,-9.0,489,1024,0.4775390625
01a0a57e-4c4f-7f82-af6d-66730fad5648,d,C,QB12,16,3,UVH6d,1,0.0,-8550000.0,-8.55,508,1024,0.49609375
01a0a57e-4c4f-7f82-af6d-66730fad5648,d,C,QB12,16,3,UVH6d,2,0.0,-8100000.0,-8.1,502,1024,0.490234375
01a0a57e-4c4f-7f82-af6d-66730fad5648,d,C,QB12,16,3,UVH6d,3,0.0,-7650000.0,-7.65,496,1024,0.484375
01a0a57e-4c4f-7f82-af6d-66730fad5648,d,C,QB12,16,3,UVH6d,4,0.0,-7200000.0,-7.2,490,1024,0.478515625
01a0a57e-4c4f-7f82-af6d-66730fad5648,d,C,QB12,16,3,UVH6d,5,0.0,-6750000.0,-6.75,492,1024,0.48046875
01a0a57e-4c4f-7f82-af6d-66730fad5648,d,C,QB12,16,3,UVH6d,6,0.0,-6300000.0,-6.3,494,1024,0.482421875
01a0a57e-4c4f-7f82-af6d-66730fad5648,d,C,QB12,16,3,UVH6d,7,0.0,-5850000.0,-5.85,512,1024,0.5
01a0a57e-4c4f-7f82-af6d-66730fad5648,d,C,QB12,16,3,UVH6d,8,0.0,-5400000.0,-5.4,498,1024,0.486328125
01a0a57e-4c4f-7f82-af6d-66730fad5648,d,C,QB12,16,3,UVH6d,9,0.0,-4950000.0,-4.95,513,1024,0.5009765625
01a0a57e-4c4f-7f82-af6d-66730fad5648,d,C,QB12,16,3,UVH6d,10,0.0,-4500000.0,-4.5,497,1024,0.4853515625
01a0a57e-4c4f-7f82-af6d-66730fad5648,d,C,QB12,16,3,UVH6d,11,0.0,-4050000.0,-4.05,506,1024,0.494140625
01a0a57e-4c4f-7f82-af6d-66730fad5648,d,C,QB12,16,3,UVH6d,12,0.0,-3600000.0,-3.6,508,1024,0.49609375
01a0a57e-4c4f-7f82-af6d-66730fad5648,d,C,QB12,16,3,UVH6d,13,0.0,-3150000.0,-3.15,552,1024,0.5390625
01a0a57e-4c4f-7f82-af6d-66730fad5648,d,C,QB12,16,3,UVH6d,14,0.0,-2700000.0,-2.7,536,1024,0.5234375
01a0a57e-4c4f-7f82-af6d-66730fad5648,d,C,QB12,16,3,UVH6d,15,0.0,-2250000.0,-2.25,562,1024,0.548828125
01a0a57e-4c4f-7f82-af6d-66730fad5648,d,C,QB12,16,3,UVH6d,16,0.0,-1800000.0,-1.8,592,1024,0.578125
01a0a57e-4c4f-7f82-af6d-66730fad5648,d,C,QB12,16,3,UVH6d,17,0.0,-1350000.0,-1.35,550,1024,0.537109375
01a0a57e-4c4f-7f82-af6d-66730fad5648,d,C,QB12,16,3,UVH6d,18,0.0,-900000.0,-0.9,603,1024,0.5888671875
01a0a57e-4c4f-7f82-af6d-66730fad5648,d,C,QB12,16,3,UVH6d,19,0.0,-450000.0,-0.45,588,1024,0.57421875
01a0a57e-4c4f-7f82-af6d-66730fad5648,d,C,QB12,16,3,UVH6d,20,0.0,0.0,0.0,598,1024,0.583984375
01a0a57e-4c4f-7f82-af6d-66730fad5648,d,C,QB12,16,3,UVH6d,21,0.0,450000.0,0.45,603,1024,0.5888671875
01a0a57e-4c4f-7f82-af6d-66730fad5648,d,C,QB12,16,3,UVH6d,22,0.0,900000.0,0.9,638,1024,0.623046875
01a0a57e-4c4f-7f82-af6d-66730fad5648,d,C,QB12,16,3,UVH6d,23,0.0,1350000.0,1.35,595,1024,0.5810546875
01a0a57e-4c4f-7f82-af6d-66730fad5648,d,C,QB12,16,3,UVH6d,24,0.0,1800000.0,1.8,585,1024,0.5712890625
01a0a57e-4c4f-7f82-af6d-66730fad5648,d,C,QB12,16,3,UVH6d,25,0.0,2250000.0,2.25,583,1024,0.5693359375
01a0a57e-4c4f-7f82-af6d-66730fad5648,d,C,QB12,16,3,UVH6d,26,0.0,2700000.0,2.7,587,1024,0.5732421875
01a0a57e-4c4f-7f82-af6d-66730fad5648,d,C,QB12,16,3,UVH6d,27,0.0,3150000.0,3.15,594,1024,0.580078125
01a0a57e-4c4f-7f82-af6d-66730fad5648,d,C,QB12,16,3,UVH6d,28,0.0,3600000.0,3.6,586,1024,0.572265625
01a0a57e-4c4f-7f82-af6d-66730fad5648,d,C,QB12,16,3,UVH6d,29,0.0,4050000.0,4.05,594,1024,0.580078125
01a0a57e-4c4f-7f82-af6d-66730fad5648,d,C,QB12,16,3,UVH6d,30,0.0,4500000.0,4.5,604,1024,0.58984375
01a0a57e-4c4f-7f82-af6d-66730fad5648,d,C,QB12,16,3,UVH6d,31,0.0,4950000.0,4.95,574,1024,0.560546875
01a0a57e-4c4f-7f82-af6d-66730fad5648,d,C,QB12,16,3,UVH6d,32,0.0,5400000.0,5.4,601,1024,0.5869140625
01a0a57e-4c4f-7f82-af6d-66730fad5648,d,C,QB12,16,3,UVH6d,33,0.0,5850000.0,5.85,573,1024,0.5595703125
01a0a57e-4c4f-7f82-af6d-66730fad5648,d,C,QB12,16,3,UVH6d,34,0.0,6300000.0,6.3,585,1024,0.5712890625
01a0a57e-4c4f-7f82-af6d-66730fad5648,d,C,QB12,16,3,UVH6d,35,0.0,6750000.0,6.75,567,1024,0.5537109375
01a0a57e-4c4f-7f82-af6d-66730fad5648,d,C,QB12,16,3,UVH6d,36,0.0,7200000.0,7.2,599,1024,0.5849609375
01a0a57e-4c4f-7f82-af6d-66730fad5648,d,C,QB12,16,3,UVH6d,37,0.0,7650000.0,7.65,584,1024,0.5703125
01a0a57e-4c4f-7f82-af6d-66730fad5648,d,C,QB12,16,3,UVH6d,38,0.0,8100000.0,8.1,599,1024,0.5849609375
01a0a57e-4c4f-7f82-af6d-66730fad5648,d,C,QB12,16,3,UVH6d,39,0.0,8550000.0,8.55,630,1024,0.615234375
01a0a57e-4c4f-7f82-af6d-66730fad5648,d,C,QB12,16,3,UVH6d,40,0.0,9000000.0,9.0,616,1024,0.6015625
01a0a57e-4c4f-7f82-af6d-66730fad5648,d,C,QB12,16,4,UVH7d,0,0.0,-9000000.0,-9.0,487,1024,0.4755859375
01a0a57e-4c4f-7f82-af6d-66730fad5648,d,C,QB12,16,4,UVH7d,1,0.0,-8550000.0,-8.55,476,1024,0.46484375
01a0a57e-4c4f-7f82-af6d-66730fad5648,d,C,QB12,16,4,UVH7d,2,0.0,-8100000.0,-8.1,478,1024,0.466796875
01a0a57e-4c4f-7f82-af6d-66730fad5648,d,C,QB12,16,4,UVH7d,3,0.0,-7650000.0,-7.65,483,1024,0.4716796875
01a0a57e-4c4f-7f82-af6d-66730fad5648,d,C,QB12,16,4,UVH7d,4,0.0,-7200000.0,-7.2,482,1024,0.470703125
01a0a57e-4c4f-7f82-af6d-66730fad5648,d,C,QB12,16,4,UVH7d,5,0.0,-6750000.0,-6.75,485,1024,0.4736328125
01a0a57e-4c4f-7f82-af6d-66730fad5648,d,C,QB12,16,4,UVH7d,6,0.0,-6300000.0,-6.3,511,1024,0.4990234375
01a0a57e-4c4f-7f82-af6d-66730fad5648,d,C,QB12,16,4,UVH7d,7,0.0,-5850000.0,-5.85,516,1024,0.50390625
01a0a57e-4c4f-7f82-af6d-66730fad5648,d,C,QB12,16,4,UVH7d,8,0.0,-5400000.0,-5.4,495,1024,0.4833984375
01a0a57e-4c4f-7f82-af6d-66730fad5648,d,C,QB12,16,4,UVH7d,9,0.0,-4950000.0,-4.95,500,1024,0.48828125
01a0a57e-4c4f-7f82-af6d-66730fad5648,d,C,QB12,16,4,UVH7d,10,0.0,-4500000.0,-4.5,487,1024,0.4755859375
01a0a57e-4c4f-7f82-af6d-66730fad5648,d,C,QB12,16,4,UVH7d,11,0.0,-4050000.0,-4.05,523,1024,0.5107421875
01a0a57e-4c4f-7f82-af6d-66730fad5648,d,C,QB12,16,4,UVH7d,12,0.0,-3600000.0,-3.6,523,1024,0.5107421875
01a0a57e-4c4f-7f82-af6d-66730fad5648,d,C,QB12,16,4,UVH7d,13,0.0,-3150000.0,-3.15,507,1024,0.4951171875
01a0a57e-4c4f-7f82-af6d-66730fad5648,d,C,QB12,16,4,UVH7d,14,0.0,-2700000.0,-2.7,489,1024,0.4775390625
01a0a57e-4c4f-7f82-af6d-66730fad5648,d,C,QB12,16,4,UVH7d,15,0.0,-2250000.0,-2.25,515,1024,0.5029296875
01a0a57e-4c4f-7f82-af6d-66730fad5648,d,C,QB12,16,4,UVH7d,16,0.0,-1800000.0,-1.8,529,1024,0.5166015625
01a0a57e-4c4f-7f82-af6d-66730fad5648,d,C,QB12,16,4,UVH7d,17,0.0,-1350000.0,-1.35,534,1024,0.521484375
01a0a57e-4c4f-7f82-af6d-66730fad5648,d,C,QB12,16,4,UVH7d,18,0.0,-900000.0,-0.9,520,1024,0.5078125
01a0a57e-4c4f-7f82-af6d-66730fad5648,d,C,QB12,16,4,UVH7d,19,0.0,-450000.0,-0.45,533,1024,0.5205078125
01a0a57e-4c4f-7f82-af6d-66730fad5648,d,C,QB12,16,4,UVH7d,20,0.0,0.0,0.0,568,1024,0.5546875
01a0a57e-4c4f-7f82-af6d-66730fad5648,d,C,QB12,16,4,UVH7d,21,0.0,450000.0,0.45,576,1024,0.5625
01a0a57e-4c4f-7f82-af6d-66730fad5648,d,C,QB12,16,4,UVH7d,22,0.0,900000.0,0.9,567,1024,0.5537109375
01a0a57e-4c4f-7f82-af6d-66730fad5648,d,C,QB12,16,4,UVH7d,23,0.0,1350000.0,1.35,616,1024,0.6015625
01a0a57e-4c4f-7f82-af6d-66730fad5648,d,C,QB12,16,4,UVH7d,24,0.0,1800000.0,1.8,576,1024,0.5625
01a0a57e-4c4f-7f82-af6d-66730fad5648,d,C,QB12,16,4,UVH7d,25,0.0,2250000.0,2.25,596,1024,0.58203125
01a0a57e-4c4f-7f82-af6d-66730fad5648,d,C,QB12,16,4,UVH7d,26,0.0,2700000.0,2.7,593,1024,0.5791015625
01a0a57e-4c4f-7f82-af6d-66730fad5648,d,C,QB12,16,4,UVH7d,27,0.0,3150000.0,3.15,600,1024,0.5859375
01a0a57e-4c4f-7f82-af6d-66730fad5648,d,C,QB12,16,4,UVH7d,28,0.0,3600000.0,3.6,584,1024,0.5703125
01a0a57e-4c4f-7f82-af6d-66730fad5648,d,C,QB12,16,4,UVH7d,29,0.0,4050000.0,4.05,594,1024,0.580078125
01a0a57e-4c4f-7f82-af6d-66730fad5648,d,C,QB12,16,4,UVH7d,30,0.0,4500000.0,4.5,574,1024,0.560546875
01a0a57e-4c4f-7f82-af6d-66730fad5648,d,C,QB12,16,4,UVH7d,31,0.0,4950000.0,4.95,579,1024,0.5654296875
01a0a57e-4c4f-7f82-af6d-66730fad5648,d,C,QB12,16,4,UVH7d,32,0.0,5400000.0,5.4,565,1024,0.5517578125
01a0a57e-4c4f-7f82-af6d-66730fad5648,d,C,QB12,16,4,UVH7d,33,0.0,5850000.0,5.85,555,1024,0.5419921875
01a0a57e-4c4f-7f82-af6d-66730fad5648,d,C,QB12,16,4,UVH7d,34,0.0,6300000.0,6.3,533,1024,0.5205078125
01a0a57e-4c4f-7f82-af6d-66730fad5648,d,C,QB12,16,4,UVH7d,35,0.0,6750000.0,6.75,508,1024,0.49609375
01a0a57e-4c4f-7f82-af6d-66730fad5648,d,C,QB12,16,4,UVH7d,36,0.0,7200000.0,7.2,463,1024,0.4521484375
01a0a57e-4c4f-7f82-af6d-66730fad5648,d,C,QB12,16,4,UVH7d,37,0.0,7650000.0,7.65,461,1024,0.4501953125
01a0a57e-4c4f-7f82-af6d-66730fad5648,d,C,QB12,16,4,UVH7d,38,0.0,8100000.0,8.1,417,1024,0.4072265625
01a0a57e-4c4f-7f82-af6d-66730fad5648,d,C,QB12,16,4,UVH7d,39,0.0,8550000.0,8.55,376,1024,0.3671875
01a0a57e-4c4f-7f82-af6d-66730fad5648,d,C,QB12,16,4,UVH7d,40,0.0,9000000.0,9.0,395,1024,0.3857421875
01a0a57e-4c4f-7f82-af6d-66730fad5648,d,C,QB12,16,5,UVH8d,0,0.0,-9000000.0,-9.0,605,1024,0.5908203125
01a0a57e-4c4f-7f82-af6d-66730fad5648,d,C,QB12,16,5,UVH8d,1,0.0,-8550000.0,-8.55,540,1024,0.52734375
01a0a57e-4c4f-7f82-af6d-66730fad5648,d,C,QB12,16,5,UVH8d,2,0.0,-8100000.0,-8.1,505,1024,0.4931640625
01a0a57e-4c4f-7f82-af6d-66730fad5648,d,C,QB12,16,5,UVH8d,3,0.0,-7650000.0,-7.65,528,1024,0.515625
01a0a57e-4c4f-7f82-af6d-66730fad5648,d,C,QB12,16,5,UVH8d,4,0.0,-7200000.0,-7.2,477,1024,0.4658203125
01a0a57e-4c4f-7f82-af6d-66730fad5648,d,C,QB12,16,5,UVH8d,5,0.0,-6750000.0,-6.75,440,1024,0.4296875
01a0a57e-4c4f-7f82-af6d-66730fad5648,d,C,QB12,16,5,UVH8d,6,0.0,-6300000.0,-6.3,442,1024,0.431640625
01a0a57e-4c4f-7f82-af6d-66730fad5648,d,C,QB12,16,5,UVH8d,7,0.0,-5850000.0,-5.85,445,1024,0.4345703125
01a0a57e-4c4f-7f82-af6d-66730fad5648,d,C,QB12,16,5,UVH8d,8,0.0,-5400000.0,-5.4,452,1024,0.44140625
01a0a57e-4c4f-7f82-af6d-66730fad5648,d,C,QB12,16,5,UVH8d,9,0.0,-4950000.0,-4.95,404,1024,0.39453125
01a0a57e-4c4f-7f82-af6d-66730fad5648,d,C,QB12,16,5,UVH8d,10,0.0,-4500000.0,-4.5,418,1024,0.408203125
01a0a57e-4c4f-7f82-af6d-66730fad5648,d,C,QB12,16,5,UVH8d,11,0.0,-4050000.0,-4.05,391,1024,0.3818359375
01a0a57e-4c4f-7f82-af6d-66730fad5648,d,C,QB12,16,5,UVH8d,12,0.0,-3600000.0,-3.6,358,1024,0.349609375
01a0a57e-4c4f-7f82-af6d-66730fad5648,d,C,QB12,16,5,UVH8d,13,0.0,-3150000.0,-3.15,375,1024,0.3662109375
01a0a57e-4c4f-7f82-af6d-66730fad5648,d,C,QB12,16,5,UVH8d,14,0.0,-2700000.0,-2.7,387,1024,0.3779296875
01a0a57e-4c4f-7f82-af6d-66730fad5648,d,C,QB12,16,5,UVH8d,15,0.0,-2250000.0,-2.25,372,1024,0.36328125
01a0a57e-4c4f-7f82-af6d-66730fad5648,d,C,QB12,16,5,UVH8d,16,0.0,-1800000.0,-1.8,373,1024,0.3642578125
01a0a57e-4c4f-7f82-af6d-66730fad5648,d,C,QB12,16,5,UVH8d,17,0.0,-1350000.0,-1.35,388,1024,0.37890625
01a0a57e-4c4f-7f82-af6d-66730fad5648,d,C,QB12,16,5,UVH8d,18,0.0,-900000.0,-0.9,374,1024,0.365234375
01a0a57e-4c4f-7f82-af6d-66730fad5648,d,C,QB12,16,5,UVH8d,19,0.0,-450000.0,-0.45,367,1024,0.3583984375
01a0a57e-4c4f-7f82-af6d-66730fad5648,d,C,QB12,16,5,UVH8d,20,0.0,0.0,0.0,355,1024,0.3466796875
01a0a57e-4c4f-7f82-af6d-66730fad5648,d,C,QB12,16,5,UVH8d,21,0.0,450000.0,0.45,354,1024,0.345703125
01a0a57e-4c4f-7f82-af6d-66730fad5648,d,C,QB12,16,5,UVH8d,22,0.0,900000.0,0.9,368,1024,0.359375
01a0a57e-4c4f-7f82-af6d-66730fad5648,d,C,QB12,16,5,UVH8d,23,0.0,1350000.0,1.35,332,1024,0.32421875
01a0a57e-4c4f-7f82-af6d-66730fad5648,d,C,QB12,16,5,UVH8d,24,0.0,1800000.0,1.8,371,1024,0.3623046875
01a0a57e-4c4f-7f82-af6d-66730fad5648,d,C,QB12,16,5,UVH8d,25,0.0,2250000.0,2.25,397,1024,0.3876953125
01a0a57e-4c4f-7f82-af6d-66730fad5648,d,C,QB12,16,5,UVH8d,26,0.0,2700000.0,2.7,392,1024,0.3828125
01a0a57e-4c4f-7f82-af6d-66730fad5648,d,C,QB12,16,5,UVH8d,27,0.0,3150000.0,3.15,378,1024,0.369140625
01a0a57e-4c4f-7f82-af6d-66730fad5648,d,C,QB12,16,5,UVH8d,28,0.0,3600000.0,3.6,418,1024,0.408203125
01a0a57e-4c4f-7f82-af6d-66730fad5648,d,C,QB12,16,5,UVH8d,29,0.0,4050000.0,4.05,438,1024,0.427734375
01a0a57e-4c4f-7f82-af6d-66730fad5648,d,C,QB12,16,5,UVH8d,30,0.0,4500000.0,4.5,448,1024,0.4375
01a0a57e-4c4f-7f82-af6d-66730fad5648,d,C,QB12,16,5,UVH8d,31,0.0,4950000.0,4.95,478,1024,0.466796875
01a0a57e-4c4f-7f82-af6d-66730fad5648,d,C,QB12,16,5,UVH8d,32,0.0,5400000.0,5.4,499,1024,0.4873046875
01a0a57e-4c4f-7f82-af6d-66730fad5648,d,C,QB12,16,5,UVH8d,33,0.0,5850000.0,5.85,517,1024,0.5048828125
01a0a57e-4c4f-7f82-af6d-66730fad5648,d,C,QB12,16,5,UVH8d,34,0.0,6300000.0,6.3,554,1024,0.541015625
01a0a57e-4c4f-7f82-af6d-66730fad5648,d,C,QB12,16,5,UVH8d,35,0.0,6750000.0,6.75,590,1024,0.576171875
01a0a57e-4c4f-7f82-af6d-66730fad5648,d,C,QB12,16,5,UVH8d,36,0.0,7200000.0,7.2,619,1024,0.6044921875
01a0a57e-4c4f-7f82-af6d-66730fad5648,d,C,QB12,16,5,UVH8d,37,0.0,7650000.0,7.65,608,1024,0.59375
01a0a57e-4c4f-7f82-af6d-66730fad5648,d,C,QB12,16,5,UVH8d,38,0.0,8100000.0,8.1,628,1024,0.61328125
01a0a57e-4c4f-7f82-af6d-66730fad5648,d,C,QB12,16,5,UVH8d,39,0.0,8550000.0,8.55,647,1024,0.6318359375
01a0a57e-4c4f-7f82-af6d-66730fad5648,d,C,QB12,16,5,UVH8d,40,0.0,9000000.0,9.0,661,1024,0.6455078125
01a0a57e-4c4f-7f82-af6d-66730fad5648,d,C,QB17,17,0,standard_pi_2,0,0.0,-9000000.0,-9.0,549,1024,0.5361328125
01a0a57e-4c4f-7f82-af6d-66730fad5648,d,C,QB17,17,0,standard_pi_2,1,0.0,-8550000.0,-8.55,582,1024,0.568359375
01a0a57e-4c4f-7f82-af6d-66730fad5648,d,C,QB17,17,0,standard_pi_2,2,0.0,-8100000.0,-8.1,541,1024,0.5283203125
01a0a57e-4c4f-7f82-af6d-66730fad5648,d,C,QB17,17,0,standard_pi_2,3,0.0,-7650000.0,-7.65,525,1024,0.5126953125
01a0a57e-4c4f-7f82-af6d-66730fad5648,d,C,QB17,17,0,standard_pi_2,4,0.0,-7200000.0,-7.2,544,1024,0.53125
01a0a57e-4c4f-7f82-af6d-66730fad5648,d,C,QB17,17,0,standard_pi_2,5,0.0,-6750000.0,-6.75,529,1024,0.5166015625
01a0a57e-4c4f-7f82-af6d-66730fad5648,d,C,QB17,17,0,standard_pi_2,6,0.0,-6300000.0,-6.3,543,1024,0.5302734375
01a0a57e-4c4f-7f82-af6d-66730fad5648,d,C,QB17,17,0,standard_pi_2,7,0.0,-5850000.0,-5.85,538,1024,0.525390625
01a0a57e-4c4f-7f82-af6d-66730fad5648,d,C,QB17,17,0,standard_pi_2,8,0.0,-5400000.0,-5.4,554,1024,0.541015625
01a0a57e-4c4f-7f82-af6d-66730fad5648,d,C,QB17,17,0,standard_pi_2,9,0.0,-4950000.0,-4.95,515,1024,0.5029296875
01a0a57e-4c4f-7f82-af6d-66730fad5648,d,C,QB17,17,0,standard_pi_2,10,0.0,-4500000.0,-4.5,546,1024,0.533203125
01a0a57e-4c4f-7f82-af6d-66730fad5648,d,C,QB17,17,0,standard_pi_2,11,0.0,-4050000.0,-4.05,540,1024,0.52734375
01a0a57e-4c4f-7f82-af6d-66730fad5648,d,C,QB17,17,0,standard_pi_2,12,0.0,-3600000.0,-3.6,534,1024,0.521484375
01a0a57e-4c4f-7f82-af6d-66730fad5648,d,C,QB17,17,0,standard_pi_2,13,0.0,-3150000.0,-3.15,525,1024,0.5126953125
01a0a57e-4c4f-7f82-af6d-66730fad5648,d,C,QB17,17,0,standard_pi_2,14,0.0,-2700000.0,-2.7,491,1024,0.4794921875
01a0a57e-4c4f-7f82-af6d-66730fad5648,d,C,QB17,17,0,standard_pi_2,15,0.0,-2250000.0,-2.25,519,1024,0.5068359375
01a0a57e-4c4f-7f82-af6d-66730fad5648,d,C,QB17,17,0,standard_pi_2,16,0.0,-1800000.0,-1.8,544,1024,0.53125
01a0a57e-4c4f-7f82-af6d-66730fad5648,d,C,QB17,17,0,standard_pi_2,17,0.0,-1350000.0,-1.35,540,1024,0.52734375
01a0a57e-4c4f-7f82-af6d-66730fad5648,d,C,QB17,17,0,standard_pi_2,18,0.0,-900000.0,-0.9,533,1024,0.5205078125
01a0a57e-4c4f-7f82-af6d-66730fad5648,d,C,QB17,17,0,standard_pi_2,19,0.0,-450000.0,-0.45,541,1024,0.5283203125
01a0a57e-4c4f-7f82-af6d-66730fad5648,d,C,QB17,17,0,standard_pi_2,20,0.0,0.0,0.0,529,1024,0.5166015625
01a0a57e-4c4f-7f82-af6d-66730fad5648,d,C,QB17,17,0,standard_pi_2,21,0.0,450000.0,0.45,528,1024,0.515625
01a0a57e-4c4f-7f82-af6d-66730fad5648,d,C,QB17,17,0,standard_pi_2,22,0.0,900000.0,0.9,523,1024,0.5107421875
01a0a57e-4c4f-7f82-af6d-66730fad5648,d,C,QB17,17,0,standard_pi_2,23,0.0,1350000.0,1.35,529,1024,0.5166015625
01a0a57e-4c4f-7f82-af6d-66730fad5648,d,C,QB17,17,0,standard_pi_2,24,0.0,1800000.0,1.8,498,1024,0.486328125
01a0a57e-4c4f-7f82-af6d-66730fad5648,d,C,QB17,17,0,standard_pi_2,25,0.0,2250000.0,2.25,491,1024,0.4794921875
01a0a57e-4c4f-7f82-af6d-66730fad5648,d,C,QB17,17,0,standard_pi_2,26,0.0,2700000.0,2.7,516,1024,0.50390625
01a0a57e-4c4f-7f82-af6d-66730fad5648,d,C,QB17,17,0,standard_pi_2,27,0.0,3150000.0,3.15,473,1024,0.4619140625
01a0a57e-4c4f-7f82-af6d-66730fad5648,d,C,QB17,17,0,standard_pi_2,28,0.0,3600000.0,3.6,500,1024,0.48828125
01a0a57e-4c4f-7f82-af6d-66730fad5648,d,C,QB17,17,0,standard_pi_2,29,0.0,4050000.0,4.05,471,1024,0.4599609375
01a0a57e-4c4f-7f82-af6d-66730fad5648,d,C,QB17,17,0,standard_pi_2,30,0.0,4500000.0,4.5,504,1024,0.4921875
01a0a57e-4c4f-7f82-af6d-66730fad5648,d,C,QB17,17,0,standard_pi_2,31,0.0,4950000.0,4.95,475,1024,0.4638671875
01a0a57e-4c4f-7f82-af6d-66730fad5648,d,C,QB17,17,0,standard_pi_2,32,0.0,5400000.0,5.4,470,1024,0.458984375
01a0a57e-4c4f-7f82-af6d-66730fad5648,d,C,QB17,17,0,standard_pi_2,33,0.0,5850000.0,5.85,504,1024,0.4921875
01a0a57e-4c4f-7f82-af6d-66730fad5648,d,C,QB17,17,0,standard_pi_2,34,0.0,6300000.0,6.3,477,1024,0.4658203125
01a0a57e-4c4f-7f82-af6d-66730fad5648,d,C,QB17,17,0,standard_pi_2,35,0.0,6750000.0,6.75,499,1024,0.4873046875
01a0a57e-4c4f-7f82-af6d-66730fad5648,d,C,QB17,17,0,standard_pi_2,36,0.0,7200000.0,7.2,471,1024,0.4599609375
01a0a57e-4c4f-7f82-af6d-66730fad5648,d,C,QB17,17,0,standard_pi_2,37,0.0,7650000.0,7.65,488,1024,0.4765625
01a0a57e-4c4f-7f82-af6d-66730fad5648,d,C,QB17,17,0,standard_pi_2,38,0.0,8100000.0,8.1,484,1024,0.47265625
01a0a57e-4c4f-7f82-af6d-66730fad5648,d,C,QB17,17,0,standard_pi_2,39,0.0,8550000.0,8.55,498,1024,0.486328125
01a0a57e-4c4f-7f82-af6d-66730fad5648,d,C,QB17,17,0,standard_pi_2,40,0.0,9000000.0,9.0,461,1024,0.4501953125
01a0a57e-4c4f-7f82-af6d-66730fad5648,d,C,QB17,17,1,UVH4d,0,0.0,-9000000.0,-9.0,404,1024,0.39453125
01a0a57e-4c4f-7f82-af6d-66730fad5648,d,C,QB17,17,1,UVH4d,1,0.0,-8550000.0,-8.55,403,1024,0.3935546875
01a0a57e-4c4f-7f82-af6d-66730fad5648,d,C,QB17,17,1,UVH4d,2,0.0,-8100000.0,-8.1,421,1024,0.4111328125
01a0a57e-4c4f-7f82-af6d-66730fad5648,d,C,QB17,17,1,UVH4d,3,0.0,-7650000.0,-7.65,420,1024,0.41015625
01a0a57e-4c4f-7f82-af6d-66730fad5648,d,C,QB17,17,1,UVH4d,4,0.0,-7200000.0,-7.2,436,1024,0.42578125
01a0a57e-4c4f-7f82-af6d-66730fad5648,d,C,QB17,17,1,UVH4d,5,0.0,-6750000.0,-6.75,454,1024,0.443359375
01a0a57e-4c4f-7f82-af6d-66730fad5648,d,C,QB17,17,1,UVH4d,6,0.0,-6300000.0,-6.3,468,1024,0.45703125
01a0a57e-4c4f-7f82-af6d-66730fad5648,d,C,QB17,17,1,UVH4d,7,0.0,-5850000.0,-5.85,468,1024,0.45703125
01a0a57e-4c4f-7f82-af6d-66730fad5648,d,C,QB17,17,1,UVH4d,8,0.0,-5400000.0,-5.4,476,1024,0.46484375
01a0a57e-4c4f-7f82-af6d-66730fad5648,d,C,QB17,17,1,UVH4d,9,0.0,-4950000.0,-4.95,476,1024,0.46484375
01a0a57e-4c4f-7f82-af6d-66730fad5648,d,C,QB17,17,1,UVH4d,10,0.0,-4500000.0,-4.5,482,1024,0.470703125
01a0a57e-4c4f-7f82-af6d-66730fad5648,d,C,QB17,17,1,UVH4d,11,0.0,-4050000.0,-4.05,506,1024,0.494140625
01a0a57e-4c4f-7f82-af6d-66730fad5648,d,C,QB17,17,1,UVH4d,12,0.0,-3600000.0,-3.6,513,1024,0.5009765625
01a0a57e-4c4f-7f82-af6d-66730fad5648,d,C,QB17,17,1,UVH4d,13,0.0,-3150000.0,-3.15,513,1024,0.5009765625
01a0a57e-4c4f-7f82-af6d-66730fad5648,d,C,QB17,17,1,UVH4d,14,0.0,-2700000.0,-2.7,485,1024,0.4736328125
01a0a57e-4c4f-7f82-af6d-66730fad5648,d,C,QB17,17,1,UVH4d,15,0.0,-2250000.0,-2.25,491,1024,0.4794921875
01a0a57e-4c4f-7f82-af6d-66730fad5648,d,C,QB17,17,1,UVH4d,16,0.0,-1800000.0,-1.8,515,1024,0.5029296875
01a0a57e-4c4f-7f82-af6d-66730fad5648,d,C,QB17,17,1,UVH4d,17,0.0,-1350000.0,-1.35,520,1024,0.5078125
01a0a57e-4c4f-7f82-af6d-66730fad5648,d,C,QB17,17,1,UVH4d,18,0.0,-900000.0,-0.9,500,1024,0.48828125
01a0a57e-4c4f-7f82-af6d-66730fad5648,d,C,QB17,17,1,UVH4d,19,0.0,-450000.0,-0.45,491,1024,0.4794921875
01a0a57e-4c4f-7f82-af6d-66730fad5648,d,C,QB17,17,1,UVH4d,20,0.0,0.0,0.0,536,1024,0.5234375
01a0a57e-4c4f-7f82-af6d-66730fad5648,d,C,QB17,17,1,UVH4d,21,0.0,450000.0,0.45,521,1024,0.5087890625
01a0a57e-4c4f-7f82-af6d-66730fad5648,d,C,QB17,17,1,UVH4d,22,0.0,900000.0,0.9,533,1024,0.5205078125
01a0a57e-4c4f-7f82-af6d-66730fad5648,d,C,QB17,17,1,UVH4d,23,0.0,1350000.0,1.35,538,1024,0.525390625
01a0a57e-4c4f-7f82-af6d-66730fad5648,d,C,QB17,17,1,UVH4d,24,0.0,1800000.0,1.8,521,1024,0.5087890625
01a0a57e-4c4f-7f82-af6d-66730fad5648,d,C,QB17,17,1,UVH4d,25,0.0,2250000.0,2.25,509,1024,0.4970703125
01a0a57e-4c4f-7f82-af6d-66730fad5648,d,C,QB17,17,1,UVH4d,26,0.0,2700000.0,2.7,521,1024,0.5087890625
01a0a57e-4c4f-7f82-af6d-66730fad5648,d,C,QB17,17,1,UVH4d,27,0.0,3150000.0,3.15,517,1024,0.5048828125
01a0a57e-4c4f-7f82-af6d-66730fad5648,d,C,QB17,17,1,UVH4d,28,0.0,3600000.0,3.6,521,1024,0.5087890625
01a0a57e-4c4f-7f82-af6d-66730fad5648,d,C,QB17,17,1,UVH4d,29,0.0,4050000.0,4.05,565,1024,0.5517578125
01a0a57e-4c4f-7f82-af6d-66730fad5648,d,C,QB17,17,1,UVH4d,30,0.0,4500000.0,4.5,546,1024,0.533203125
01a0a57e-4c4f-7f82-af6d-66730fad5648,d,C,QB17,17,1,UVH4d,31,0.0,4950000.0,4.95,553,1024,0.5400390625
01a0a57e-4c4f-7f82-af6d-66730fad5648,d,C,QB17,17,1,UVH4d,32,0.0,5400000.0,5.4,573,1024,0.5595703125
01a0a57e-4c4f-7f82-af6d-66730fad5648,d,C,QB17,17,1,UVH4d,33,0.0,5850000.0,5.85,605,1024,0.5908203125
01a0a57e-4c4f-7f82-af6d-66730fad5648,d,C,QB17,17,1,UVH4d,34,0.0,6300000.0,6.3,635,1024,0.6201171875
01a0a57e-4c4f-7f82-af6d-66730fad5648,d,C,QB17,17,1,UVH4d,35,0.0,6750000.0,6.75,608,1024,0.59375
01a0a57e-4c4f-7f82-af6d-66730fad5648,d,C,QB17,17,1,UVH4d,36,0.0,7200000.0,7.2,660,1024,0.64453125
01a0a57e-4c4f-7f82-af6d-66730fad5648,d,C,QB17,17,1,UVH4d,37,0.0,7650000.0,7.65,656,1024,0.640625
01a0a57e-4c4f-7f82-af6d-66730fad5648,d,C,QB17,17,1,UVH4d,38,0.0,8100000.0,8.1,666,1024,0.650390625
01a0a57e-4c4f-7f82-af6d-66730fad5648,d,C,QB17,17,1,UVH4d,39,0.0,8550000.0,8.55,692,1024,0.67578125
01a0a57e-4c4f-7f82-af6d-66730fad5648,d,C,QB17,17,1,UVH4d,40,0.0,9000000.0,9.0,698,1024,0.681640625
01a0a57e-4c4f-7f82-af6d-66730fad5648,d,C,QB17,17,2,UVH5d,0,0.0,-9000000.0,-9.0,103,1024,0.1005859375
01a0a57e-4c4f-7f82-af6d-66730fad5648,d,C,QB17,17,2,UVH5d,1,0.0,-8550000.0,-8.55,127,1024,0.1240234375
01a0a57e-4c4f-7f82-af6d-66730fad5648,d,C,QB17,17,2,UVH5d,2,0.0,-8100000.0,-8.1,123,1024,0.1201171875
01a0a57e-4c4f-7f82-af6d-66730fad5648,d,C,QB17,17,2,UVH5d,3,0.0,-7650000.0,-7.65,170,1024,0.166015625
01a0a57e-4c4f-7f82-af6d-66730fad5648,d,C,QB17,17,2,UVH5d,4,0.0,-7200000.0,-7.2,221,1024,0.2158203125
01a0a57e-4c4f-7f82-af6d-66730fad5648,d,C,QB17,17,2,UVH5d,5,0.0,-6750000.0,-6.75,234,1024,0.228515625
01a0a57e-4c4f-7f82-af6d-66730fad5648,d,C,QB17,17,2,UVH5d,6,0.0,-6300000.0,-6.3,295,1024,0.2880859375
01a0a57e-4c4f-7f82-af6d-66730fad5648,d,C,QB17,17,2,UVH5d,7,0.0,-5850000.0,-5.85,296,1024,0.2890625
01a0a57e-4c4f-7f82-af6d-66730fad5648,d,C,QB17,17,2,UVH5d,8,0.0,-5400000.0,-5.4,367,1024,0.3583984375
01a0a57e-4c4f-7f82-af6d-66730fad5648,d,C,QB17,17,2,UVH5d,9,0.0,-4950000.0,-4.95,417,1024,0.4072265625
01a0a57e-4c4f-7f82-af6d-66730fad5648,d,C,QB17,17,2,UVH5d,10,0.0,-4500000.0,-4.5,420,1024,0.41015625
01a0a57e-4c4f-7f82-af6d-66730fad5648,d,C,QB17,17,2,UVH5d,11,0.0,-4050000.0,-4.05,424,1024,0.4140625
01a0a57e-4c4f-7f82-af6d-66730fad5648,d,C,QB17,17,2,UVH5d,12,0.0,-3600000.0,-3.6,485,1024,0.4736328125
01a0a57e-4c4f-7f82-af6d-66730fad5648,d,C,QB17,17,2,UVH5d,13,0.0,-3150000.0,-3.15,505,1024,0.4931640625
01a0a57e-4c4f-7f82-af6d-66730fad5648,d,C,QB17,17,2,UVH5d,14,0.0,-2700000.0,-2.7,536,1024,0.5234375
01a0a57e-4c4f-7f82-af6d-66730fad5648,d,C,QB17,17,2,UVH5d,15,0.0,-2250000.0,-2.25,532,1024,0.51953125
01a0a57e-4c4f-7f82-af6d-66730fad5648,d,C,QB17,17,2,UVH5d,16,0.0,-1800000.0,-1.8,538,1024,0.525390625
01a0a57e-4c4f-7f82-af6d-66730fad5648,d,C,QB17,17,2,UVH5d,17,0.0,-1350000.0,-1.35,577,1024,0.5634765625
01a0a57e-4c4f-7f82-af6d-66730fad5648,d,C,QB17,17,2,UVH5d,18,0.0,-900000.0,-0.9,565,1024,0.5517578125
01a0a57e-4c4f-7f82-af6d-66730fad5648,d,C,QB17,17,2,UVH5d,19,0.0,-450000.0,-0.45,549,1024,0.5361328125
01a0a57e-4c4f-7f82-af6d-66730fad5648,d,C,QB17,17,2,UVH5d,20,0.0,0.0,0.0,582,1024,0.568359375
01a0a57e-4c4f-7f82-af6d-66730fad5648,d,C,QB17,17,2,UVH5d,21,0.0,450000.0,0.45,584,1024,0.5703125
01a0a57e-4c4f-7f82-af6d-66730fad5648,d,C,QB17,17,2,UVH5d,22,0.0,900000.0,0.9,559,1024,0.5458984375
01a0a57e-4c4f-7f82-af6d-66730fad5648,d,C,QB17,17,2,UVH5d,23,0.0,1350000.0,1.35,548,1024,0.53515625
01a0a57e-4c4f-7f82-af6d-66730fad5648,d,C,QB17,17,2,UVH5d,24,0.0,1800000.0,1.8,543,1024,0.5302734375
01a0a57e-4c4f-7f82-af6d-66730fad5648,d,C,QB17,17,2,UVH5d,25,0.0,2250000.0,2.25,549,1024,0.5361328125
01a0a57e-4c4f-7f82-af6d-66730fad5648,d,C,QB17,17,2,UVH5d,26,0.0,2700000.0,2.7,555,1024,0.5419921875
01a0a57e-4c4f-7f82-af6d-66730fad5648,d,C,QB17,17,2,UVH5d,27,0.0,3150000.0,3.15,530,1024,0.517578125
01a0a57e-4c4f-7f82-af6d-66730fad5648,d,C,QB17,17,2,UVH5d,28,0.0,3600000.0,3.6,547,1024,0.5341796875
01a0a57e-4c4f-7f82-af6d-66730fad5648,d,C,QB17,17,2,UVH5d,29,0.0,4050000.0,4.05,553,1024,0.5400390625
01a0a57e-4c4f-7f82-af6d-66730fad5648,d,C,QB17,17,2,UVH5d,30,0.0,4500000.0,4.5,593,1024,0.5791015625
01a0a57e-4c4f-7f82-af6d-66730fad5648,d,C,QB17,17,2,UVH5d,31,0.0,4950000.0,4.95,585,1024,0.5712890625
01a0a57e-4c4f-7f82-af6d-66730fad5648,d,C,QB17,17,2,UVH5d,32,0.0,5400000.0,5.4,592,1024,0.578125
01a0a57e-4c4f-7f82-af6d-66730fad5648,d,C,QB17,17,2,UVH5d,33,0.0,5850000.0,5.85,575,1024,0.5615234375
01a0a57e-4c4f-7f82-af6d-66730fad5648,d,C,QB17,17,2,UVH5d,34,0.0,6300000.0,6.3,592,1024,0.578125
01a0a57e-4c4f-7f82-af6d-66730fad5648,d,C,QB17,17,2,UVH5d,35,0.0,6750000.0,6.75,613,1024,0.5986328125
01a0a57e-4c4f-7f82-af6d-66730fad5648,d,C,QB17,17,2,UVH5d,36,0.0,7200000.0,7.2,585,1024,0.5712890625
01a0a57e-4c4f-7f82-af6d-66730fad5648,d,C,QB17,17,2,UVH5d,37,0.0,7650000.0,7.65,589,1024,0.5751953125
01a0a57e-4c4f-7f82-af6d-66730fad5648,d,C,QB17,17,2,UVH5d,38,0.0,8100000.0,8.1,613,1024,0.5986328125
01a0a57e-4c4f-7f82-af6d-66730fad5648,d,C,QB17,17,2,UVH5d,39,0.0,8550000.0,8.55,631,1024,0.6162109375
01a0a57e-4c4f-7f82-af6d-66730fad5648,d,C,QB17,17,2,UVH5d,40,0.0,9000000.0,9.0,607,1024,0.5927734375
01a0a57e-4c4f-7f82-af6d-66730fad5648,d,C,QB17,17,3,UVH6d,0,0.0,-9000000.0,-9.0,602,1024,0.587890625
01a0a57e-4c4f-7f82-af6d-66730fad5648,d,C,QB17,17,3,UVH6d,1,0.0,-8550000.0,-8.55,561,1024,0.5478515625
01a0a57e-4c4f-7f82-af6d-66730fad5648,d,C,QB17,17,3,UVH6d,2,0.0,-8100000.0,-8.1,532,1024,0.51953125
01a0a57e-4c4f-7f82-af6d-66730fad5648,d,C,QB17,17,3,UVH6d,3,0.0,-7650000.0,-7.65,495,1024,0.4833984375
01a0a57e-4c4f-7f82-af6d-66730fad5648,d,C,QB17,17,3,UVH6d,4,0.0,-7200000.0,-7.2,510,1024,0.498046875
01a0a57e-4c4f-7f82-af6d-66730fad5648,d,C,QB17,17,3,UVH6d,5,0.0,-6750000.0,-6.75,527,1024,0.5146484375
01a0a57e-4c4f-7f82-af6d-66730fad5648,d,C,QB17,17,3,UVH6d,6,0.0,-6300000.0,-6.3,491,1024,0.4794921875
01a0a57e-4c4f-7f82-af6d-66730fad5648,d,C,QB17,17,3,UVH6d,7,0.0,-5850000.0,-5.85,480,1024,0.46875
01a0a57e-4c4f-7f82-af6d-66730fad5648,d,C,QB17,17,3,UVH6d,8,0.0,-5400000.0,-5.4,469,1024,0.4580078125
01a0a57e-4c4f-7f82-af6d-66730fad5648,d,C,QB17,17,3,UVH6d,9,0.0,-4950000.0,-4.95,462,1024,0.451171875
01a0a57e-4c4f-7f82-af6d-66730fad5648,d,C,QB17,17,3,UVH6d,10,0.0,-4500000.0,-4.5,471,1024,0.4599609375
01a0a57e-4c4f-7f82-af6d-66730fad5648,d,C,QB17,17,3,UVH6d,11,0.0,-4050000.0,-4.05,482,1024,0.470703125
01a0a57e-4c4f-7f82-af6d-66730fad5648,d,C,QB17,17,3,UVH6d,12,0.0,-3600000.0,-3.6,491,1024,0.4794921875
01a0a57e-4c4f-7f82-af6d-66730fad5648,d,C,QB17,17,3,UVH6d,13,0.0,-3150000.0,-3.15,467,1024,0.4560546875
01a0a57e-4c4f-7f82-af6d-66730fad5648,d,C,QB17,17,3,UVH6d,14,0.0,-2700000.0,-2.7,474,1024,0.462890625
01a0a57e-4c4f-7f82-af6d-66730fad5648,d,C,QB17,17,3,UVH6d,15,0.0,-2250000.0,-2.25,474,1024,0.462890625
01a0a57e-4c4f-7f82-af6d-66730fad5648,d,C,QB17,17,3,UVH6d,16,0.0,-1800000.0,-1.8,467,1024,0.4560546875
01a0a57e-4c4f-7f82-af6d-66730fad5648,d,C,QB17,17,3,UVH6d,17,0.0,-1350000.0,-1.35,504,1024,0.4921875
01a0a57e-4c4f-7f82-af6d-66730fad5648,d,C,QB17,17,3,UVH6d,18,0.0,-900000.0,-0.9,482,1024,0.470703125
01a0a57e-4c4f-7f82-af6d-66730fad5648,d,C,QB17,17,3,UVH6d,19,0.0,-450000.0,-0.45,487,1024,0.4755859375
01a0a57e-4c4f-7f82-af6d-66730fad5648,d,C,QB17,17,3,UVH6d,20,0.0,0.0,0.0,463,1024,0.4521484375
01a0a57e-4c4f-7f82-af6d-66730fad5648,d,C,QB17,17,3,UVH6d,21,0.0,450000.0,0.45,496,1024,0.484375
01a0a57e-4c4f-7f82-af6d-66730fad5648,d,C,QB17,17,3,UVH6d,22,0.0,900000.0,0.9,483,1024,0.4716796875
01a0a57e-4c4f-7f82-af6d-66730fad5648,d,C,QB17,17,3,UVH6d,23,0.0,1350000.0,1.35,468,1024,0.45703125
01a0a57e-4c4f-7f82-af6d-66730fad5648,d,C,QB17,17,3,UVH6d,24,0.0,1800000.0,1.8,496,1024,0.484375
01a0a57e-4c4f-7f82-af6d-66730fad5648,d,C,QB17,17,3,UVH6d,25,0.0,2250000.0,2.25,466,1024,0.455078125
01a0a57e-4c4f-7f82-af6d-66730fad5648,d,C,QB17,17,3,UVH6d,26,0.0,2700000.0,2.7,488,1024,0.4765625
01a0a57e-4c4f-7f82-af6d-66730fad5648,d,C,QB17,17,3,UVH6d,27,0.0,3150000.0,3.15,468,1024,0.45703125
01a0a57e-4c4f-7f82-af6d-66730fad5648,d,C,QB17,17,3,UVH6d,28,0.0,3600000.0,3.6,489,1024,0.4775390625
01a0a57e-4c4f-7f82-af6d-66730fad5648,d,C,QB17,17,3,UVH6d,29,0.0,4050000.0,4.05,472,1024,0.4609375
01a0a57e-4c4f-7f82-af6d-66730fad5648,d,C,QB17,17,3,UVH6d,30,0.0,4500000.0,4.5,477,1024,0.4658203125
01a0a57e-4c4f-7f82-af6d-66730fad5648,d,C,QB17,17,3,UVH6d,31,0.0,4950000.0,4.95,494,1024,0.482421875
01a0a57e-4c4f-7f82-af6d-66730fad5648,d,C,QB17,17,3,UVH6d,32,0.0,5400000.0,5.4,512,1024,0.5
01a0a57e-4c4f-7f82-af6d-66730fad5648,d,C,QB17,17,3,UVH6d,33,0.0,5850000.0,5.85,500,1024,0.48828125
01a0a57e-4c4f-7f82-af6d-66730fad5648,d,C,QB17,17,3,UVH6d,34,0.0,6300000.0,6.3,490,1024,0.478515625
01a0a57e-4c4f-7f82-af6d-66730fad5648,d,C,QB17,17,3,UVH6d,35,0.0,6750000.0,6.75,485,1024,0.4736328125
01a0a57e-4c4f-7f82-af6d-66730fad5648,d,C,QB17,17,3,UVH6d,36,0.0,7200000.0,7.2,514,1024,0.501953125
01a0a57e-4c4f-7f82-af6d-66730fad5648,d,C,QB17,17,3,UVH6d,37,0.0,7650000.0,7.65,550,1024,0.537109375
01a0a57e-4c4f-7f82-af6d-66730fad5648,d,C,QB17,17,3,UVH6d,38,0.0,8100000.0,8.1,595,1024,0.5810546875
01a0a57e-4c4f-7f82-af6d-66730fad5648,d,C,QB17,17,3,UVH6d,39,0.0,8550000.0,8.55,557,1024,0.5439453125
01a0a57e-4c4f-7f82-af6d-66730fad5648,d,C,QB17,17,3,UVH6d,40,0.0,9000000.0,9.0,571,1024,0.5576171875
01a0a57e-4c4f-7f82-af6d-66730fad5648,d,C,QB17,17,4,UVH7d,0,0.0,-9000000.0,-9.0,489,1024,0.4775390625
01a0a57e-4c4f-7f82-af6d-66730fad5648,d,C,QB17,17,4,UVH7d,1,0.0,-8550000.0,-8.55,472,1024,0.4609375
01a0a57e-4c4f-7f82-af6d-66730fad5648,d,C,QB17,17,4,UVH7d,2,0.0,-8100000.0,-8.1,482,1024,0.470703125
01a0a57e-4c4f-7f82-af6d-66730fad5648,d,C,QB17,17,4,UVH7d,3,0.0,-7650000.0,-7.65,476,1024,0.46484375
01a0a57e-4c4f-7f82-af6d-66730fad5648,d,C,QB17,17,4,UVH7d,4,0.0,-7200000.0,-7.2,452,1024,0.44140625
01a0a57e-4c4f-7f82-af6d-66730fad5648,d,C,QB17,17,4,UVH7d,5,0.0,-6750000.0,-6.75,456,1024,0.4453125
01a0a57e-4c4f-7f82-af6d-66730fad5648,d,C,QB17,17,4,UVH7d,6,0.0,-6300000.0,-6.3,449,1024,0.4384765625
01a0a57e-4c4f-7f82-af6d-66730fad5648,d,C,QB17,17,4,UVH7d,7,0.0,-5850000.0,-5.85,465,1024,0.4541015625
01a0a57e-4c4f-7f82-af6d-66730fad5648,d,C,QB17,17,4,UVH7d,8,0.0,-5400000.0,-5.4,457,1024,0.4462890625
01a0a57e-4c4f-7f82-af6d-66730fad5648,d,C,QB17,17,4,UVH7d,9,0.0,-4950000.0,-4.95,471,1024,0.4599609375
01a0a57e-4c4f-7f82-af6d-66730fad5648,d,C,QB17,17,4,UVH7d,10,0.0,-4500000.0,-4.5,445,1024,0.4345703125
01a0a57e-4c4f-7f82-af6d-66730fad5648,d,C,QB17,17,4,UVH7d,11,0.0,-4050000.0,-4.05,446,1024,0.435546875
01a0a57e-4c4f-7f82-af6d-66730fad5648,d,C,QB17,17,4,UVH7d,12,0.0,-3600000.0,-3.6,464,1024,0.453125
01a0a57e-4c4f-7f82-af6d-66730fad5648,d,C,QB17,17,4,UVH7d,13,0.0,-3150000.0,-3.15,451,1024,0.4404296875
01a0a57e-4c4f-7f82-af6d-66730fad5648,d,C,QB17,17,4,UVH7d,14,0.0,-2700000.0,-2.7,486,1024,0.474609375
01a0a57e-4c4f-7f82-af6d-66730fad5648,d,C,QB17,17,4,UVH7d,15,0.0,-2250000.0,-2.25,460,1024,0.44921875
01a0a57e-4c4f-7f82-af6d-66730fad5648,d,C,QB17,17,4,UVH7d,16,0.0,-1800000.0,-1.8,438,1024,0.427734375
01a0a57e-4c4f-7f82-af6d-66730fad5648,d,C,QB17,17,4,UVH7d,17,0.0,-1350000.0,-1.35,465,1024,0.4541015625
01a0a57e-4c4f-7f82-af6d-66730fad5648,d,C,QB17,17,4,UVH7d,18,0.0,-900000.0,-0.9,441,1024,0.4306640625
01a0a57e-4c4f-7f82-af6d-66730fad5648,d,C,QB17,17,4,UVH7d,19,0.0,-450000.0,-0.45,443,1024,0.4326171875
01a0a57e-4c4f-7f82-af6d-66730fad5648,d,C,QB17,17,4,UVH7d,20,0.0,0.0,0.0,476,1024,0.46484375
01a0a57e-4c4f-7f82-af6d-66730fad5648,d,C,QB17,17,4,UVH7d,21,0.0,450000.0,0.45,447,1024,0.4365234375
01a0a57e-4c4f-7f82-af6d-66730fad5648,d,C,QB17,17,4,UVH7d,22,0.0,900000.0,0.9,475,1024,0.4638671875
01a0a57e-4c4f-7f82-af6d-66730fad5648,d,C,QB17,17,4,UVH7d,23,0.0,1350000.0,1.35,432,1024,0.421875
01a0a57e-4c4f-7f82-af6d-66730fad5648,d,C,QB17,17,4,UVH7d,24,0.0,1800000.0,1.8,463,1024,0.4521484375
01a0a57e-4c4f-7f82-af6d-66730fad5648,d,C,QB17,17,4,UVH7d,25,0.0,2250000.0,2.25,430,1024,0.419921875
01a0a57e-4c4f-7f82-af6d-66730fad5648,d,C,QB17,17,4,UVH7d,26,0.0,2700000.0,2.7,455,1024,0.4443359375
01a0a57e-4c4f-7f82-af6d-66730fad5648,d,C,QB17,17,4,UVH7d,27,0.0,3150000.0,3.15,466,1024,0.455078125
01a0a57e-4c4f-7f82-af6d-66730fad5648,d,C,QB17,17,4,UVH7d,28,0.0,3600000.0,3.6,437,1024,0.4267578125
01a0a57e-4c4f-7f82-af6d-66730fad5648,d,C,QB17,17,4,UVH7d,29,0.0,4050000.0,4.05,448,1024,0.4375
01a0a57e-4c4f-7f82-af6d-66730fad5648,d,C,QB17,17,4,UVH7d,30,0.0,4500000.0,4.5,449,1024,0.4384765625
01a0a57e-4c4f-7f82-af6d-66730fad5648,d,C,QB17,17,4,UVH7d,31,0.0,4950000.0,4.95,442,1024,0.431640625
01a0a57e-4c4f-7f82-af6d-66730fad5648,d,C,QB17,17,4,UVH7d,32,0.0,5400000.0,5.4,405,1024,0.3955078125
01a0a57e-4c4f-7f82-af6d-66730fad5648,d,C,QB17,17,4,UVH7d,33,0.0,5850000.0,5.85,434,1024,0.423828125
01a0a57e-4c4f-7f82-af6d-66730fad5648,d,C,QB17,17,4,UVH7d,34,0.0,6300000.0,6.3,399,1024,0.3896484375
01a0a57e-4c4f-7f82-af6d-66730fad5648,d,C,QB17,17,4,UVH7d,35,0.0,6750000.0,6.75,377,1024,0.3681640625
01a0a57e-4c4f-7f82-af6d-66730fad5648,d,C,QB17,17,4,UVH7d,36,0.0,7200000.0,7.2,368,1024,0.359375
01a0a57e-4c4f-7f82-af6d-66730fad5648,d,C,QB17,17,4,UVH7d,37,0.0,7650000.0,7.65,364,1024,0.35546875
01a0a57e-4c4f-7f82-af6d-66730fad5648,d,C,QB17,17,4,UVH7d,38,0.0,8100000.0,8.1,311,1024,0.3037109375
01a0a57e-4c4f-7f82-af6d-66730fad5648,d,C,QB17,17,4,UVH7d,39,0.0,8550000.0,8.55,311,1024,0.3037109375
01a0a57e-4c4f-7f82-af6d-66730fad5648,d,C,QB17,17,4,UVH7d,40,0.0,9000000.0,9.0,289,1024,0.2822265625
01a0a57e-4c4f-7f82-af6d-66730fad5648,d,C,QB17,17,5,UVH8d,0,0.0,-9000000.0,-9.0,467,1024,0.4560546875
01a0a57e-4c4f-7f82-af6d-66730fad5648,d,C,QB17,17,5,UVH8d,1,0.0,-8550000.0,-8.55,480,1024,0.46875
01a0a57e-4c4f-7f82-af6d-66730fad5648,d,C,QB17,17,5,UVH8d,2,0.0,-8100000.0,-8.1,477,1024,0.4658203125
01a0a57e-4c4f-7f82-af6d-66730fad5648,d,C,QB17,17,5,UVH8d,3,0.0,-7650000.0,-7.65,446,1024,0.435546875
01a0a57e-4c4f-7f82-af6d-66730fad5648,d,C,QB17,17,5,UVH8d,4,0.0,-7200000.0,-7.2,432,1024,0.421875
01a0a57e-4c4f-7f82-af6d-66730fad5648,d,C,QB17,17,5,UVH8d,5,0.0,-6750000.0,-6.75,463,1024,0.4521484375
01a0a57e-4c4f-7f82-af6d-66730fad5648,d,C,QB17,17,5,UVH8d,6,0.0,-6300000.0,-6.3,434,1024,0.423828125
01a0a57e-4c4f-7f82-af6d-66730fad5648,d,C,QB17,17,5,UVH8d,7,0.0,-5850000.0,-5.85,431,1024,0.4208984375
01a0a57e-4c4f-7f82-af6d-66730fad5648,d,C,QB17,17,5,UVH8d,8,0.0,-5400000.0,-5.4,434,1024,0.423828125
01a0a57e-4c4f-7f82-af6d-66730fad5648,d,C,QB17,17,5,UVH8d,9,0.0,-4950000.0,-4.95,435,1024,0.4248046875
01a0a57e-4c4f-7f82-af6d-66730fad5648,d,C,QB17,17,5,UVH8d,10,0.0,-4500000.0,-4.5,458,1024,0.447265625
01a0a57e-4c4f-7f82-af6d-66730fad5648,d,C,QB17,17,5,UVH8d,11,0.0,-4050000.0,-4.05,458,1024,0.447265625
01a0a57e-4c4f-7f82-af6d-66730fad5648,d,C,QB17,17,5,UVH8d,12,0.0,-3600000.0,-3.6,462,1024,0.451171875
01a0a57e-4c4f-7f82-af6d-66730fad5648,d,C,QB17,17,5,UVH8d,13,0.0,-3150000.0,-3.15,461,1024,0.4501953125
01a0a57e-4c4f-7f82-af6d-66730fad5648,d,C,QB17,17,5,UVH8d,14,0.0,-2700000.0,-2.7,481,1024,0.4697265625
01a0a57e-4c4f-7f82-af6d-66730fad5648,d,C,QB17,17,5,UVH8d,15,0.0,-2250000.0,-2.25,469,1024,0.4580078125
01a0a57e-4c4f-7f82-af6d-66730fad5648,d,C,QB17,17,5,UVH8d,16,0.0,-1800000.0,-1.8,471,1024,0.4599609375
01a0a57e-4c4f-7f82-af6d-66730fad5648,d,C,QB17,17,5,UVH8d,17,0.0,-1350000.0,-1.35,508,1024,0.49609375
01a0a57e-4c4f-7f82-af6d-66730fad5648,d,C,QB17,17,5,UVH8d,18,0.0,-900000.0,-0.9,536,1024,0.5234375
01a0a57e-4c4f-7f82-af6d-66730fad5648,d,C,QB17,17,5,UVH8d,19,0.0,-450000.0,-0.45,461,1024,0.4501953125
01a0a57e-4c4f-7f82-af6d-66730fad5648,d,C,QB17,17,5,UVH8d,20,0.0,0.0,0.0,479,1024,0.4677734375
01a0a57e-4c4f-7f82-af6d-66730fad5648,d,C,QB17,17,5,UVH8d,21,0.0,450000.0,0.45,489,1024,0.4775390625
01a0a57e-4c4f-7f82-af6d-66730fad5648,d,C,QB17,17,5,UVH8d,22,0.0,900000.0,0.9,481,1024,0.4697265625
01a0a57e-4c4f-7f82-af6d-66730fad5648,d,C,QB17,17,5,UVH8d,23,0.0,1350000.0,1.35,530,1024,0.517578125
01a0a57e-4c4f-7f82-af6d-66730fad5648,d,C,QB17,17,5,UVH8d,24,0.0,1800000.0,1.8,492,1024,0.48046875
01a0a57e-4c4f-7f82-af6d-66730fad5648,d,C,QB17,17,5,UVH8d,25,0.0,2250000.0,2.25,490,1024,0.478515625
01a0a57e-4c4f-7f82-af6d-66730fad5648,d,C,QB17,17,5,UVH8d,26,0.0,2700000.0,2.7,519,1024,0.5068359375
01a0a57e-4c4f-7f82-af6d-66730fad5648,d,C,QB17,17,5,UVH8d,27,0.0,3150000.0,3.15,497,1024,0.4853515625
01a0a57e-4c4f-7f82-af6d-66730fad5648,d,C,QB17,17,5,UVH8d,28,0.0,3600000.0,3.6,472,1024,0.4609375
01a0a57e-4c4f-7f82-af6d-66730fad5648,d,C,QB17,17,5,UVH8d,29,0.0,4050000.0,4.05,504,1024,0.4921875
01a0a57e-4c4f-7f82-af6d-66730fad5648,d,C,QB17,17,5,UVH8d,30,0.0,4500000.0,4.5,516,1024,0.50390625
01a0a57e-4c4f-7f82-af6d-66730fad5648,d,C,QB17,17,5,UVH8d,31,0.0,4950000.0,4.95,477,1024,0.4658203125
01a0a57e-4c4f-7f82-af6d-66730fad5648,d,C,QB17,17,5,UVH8d,32,0.0,5400000.0,5.4,485,1024,0.4736328125
01a0a57e-4c4f-7f82-af6d-66730fad5648,d,C,QB17,17,5,UVH8d,33,0.0,5850000.0,5.85,512,1024,0.5
01a0a57e-4c4f-7f82-af6d-66730fad5648,d,C,QB17,17,5,UVH8d,34,0.0,6300000.0,6.3,513,1024,0.5009765625
01a0a57e-4c4f-7f82-af6d-66730fad5648,d,C,QB17,17,5,UVH8d,35,0.0,6750000.0,6.75,504,1024,0.4921875
01a0a57e-4c4f-7f82-af6d-66730fad5648,d,C,QB17,17,5,UVH8d,36,0.0,7200000.0,7.2,509,1024,0.4970703125
01a0a57e-4c4f-7f82-af6d-66730fad5648,d,C,QB17,17,5,UVH8d,37,0.0,7650000.0,7.65,483,1024,0.4716796875
01a0a57e-4c4f-7f82-af6d-66730fad5648,d,C,QB17,17,5,UVH8d,38,0.0,8100000.0,8.1,479,1024,0.4677734375
01a0a57e-4c4f-7f82-af6d-66730fad5648,d,C,QB17,17,5,UVH8d,39,0.0,8550000.0,8.55,494,1024,0.482421875
01a0a57e-4c4f-7f82-af6d-66730fad5648,d,C,QB17,17,5,UVH8d,40,0.0,9000000.0,9.0,501,1024,0.4892578125
01a0a57e-4c4f-7f82-af6d-66730fad5648,d,C,QB15,18,0,standard_pi_2,0,0.0,-9000000.0,-9.0,541,1024,0.5283203125
01a0a57e-4c4f-7f82-af6d-66730fad5648,d,C,QB15,18,0,standard_pi_2,1,0.0,-8550000.0,-8.55,548,1024,0.53515625
01a0a57e-4c4f-7f82-af6d-66730fad5648,d,C,QB15,18,0,standard_pi_2,2,0.0,-8100000.0,-8.1,538,1024,0.525390625
01a0a57e-4c4f-7f82-af6d-66730fad5648,d,C,QB15,18,0,standard_pi_2,3,0.0,-7650000.0,-7.65,540,1024,0.52734375
01a0a57e-4c4f-7f82-af6d-66730fad5648,d,C,QB15,18,0,standard_pi_2,4,0.0,-7200000.0,-7.2,516,1024,0.50390625
01a0a57e-4c4f-7f82-af6d-66730fad5648,d,C,QB15,18,0,standard_pi_2,5,0.0,-6750000.0,-6.75,527,1024,0.5146484375
01a0a57e-4c4f-7f82-af6d-66730fad5648,d,C,QB15,18,0,standard_pi_2,6,0.0,-6300000.0,-6.3,514,1024,0.501953125
01a0a57e-4c4f-7f82-af6d-66730fad5648,d,C,QB15,18,0,standard_pi_2,7,0.0,-5850000.0,-5.85,502,1024,0.490234375
01a0a57e-4c4f-7f82-af6d-66730fad5648,d,C,QB15,18,0,standard_pi_2,8,0.0,-5400000.0,-5.4,524,1024,0.51171875
01a0a57e-4c4f-7f82-af6d-66730fad5648,d,C,QB15,18,0,standard_pi_2,9,0.0,-4950000.0,-4.95,524,1024,0.51171875
01a0a57e-4c4f-7f82-af6d-66730fad5648,d,C,QB15,18,0,standard_pi_2,10,0.0,-4500000.0,-4.5,524,1024,0.51171875
01a0a57e-4c4f-7f82-af6d-66730fad5648,d,C,QB15,18,0,standard_pi_2,11,0.0,-4050000.0,-4.05,523,1024,0.5107421875
01a0a57e-4c4f-7f82-af6d-66730fad5648,d,C,QB15,18,0,standard_pi_2,12,0.0,-3600000.0,-3.6,504,1024,0.4921875
01a0a57e-4c4f-7f82-af6d-66730fad5648,d,C,QB15,18,0,standard_pi_2,13,0.0,-3150000.0,-3.15,510,1024,0.498046875
01a0a57e-4c4f-7f82-af6d-66730fad5648,d,C,QB15,18,0,standard_pi_2,14,0.0,-2700000.0,-2.7,504,1024,0.4921875
01a0a57e-4c4f-7f82-af6d-66730fad5648,d,C,QB15,18,0,standard_pi_2,15,0.0,-2250000.0,-2.25,510,1024,0.498046875
01a0a57e-4c4f-7f82-af6d-66730fad5648,d,C,QB15,18,0,standard_pi_2,16,0.0,-1800000.0,-1.8,530,1024,0.517578125
01a0a57e-4c4f-7f82-af6d-66730fad5648,d,C,QB15,18,0,standard_pi_2,17,0.0,-1350000.0,-1.35,521,1024,0.5087890625
01a0a57e-4c4f-7f82-af6d-66730fad5648,d,C,QB15,18,0,standard_pi_2,18,0.0,-900000.0,-0.9,465,1024,0.4541015625
01a0a57e-4c4f-7f82-af6d-66730fad5648,d,C,QB15,18,0,standard_pi_2,19,0.0,-450000.0,-0.45,496,1024,0.484375
01a0a57e-4c4f-7f82-af6d-66730fad5648,d,C,QB15,18,0,standard_pi_2,20,0.0,0.0,0.0,511,1024,0.4990234375
01a0a57e-4c4f-7f82-af6d-66730fad5648,d,C,QB15,18,0,standard_pi_2,21,0.0,450000.0,0.45,524,1024,0.51171875
01a0a57e-4c4f-7f82-af6d-66730fad5648,d,C,QB15,18,0,standard_pi_2,22,0.0,900000.0,0.9,483,1024,0.4716796875
01a0a57e-4c4f-7f82-af6d-66730fad5648,d,C,QB15,18,0,standard_pi_2,23,0.0,1350000.0,1.35,525,1024,0.5126953125
01a0a57e-4c4f-7f82-af6d-66730fad5648,d,C,QB15,18,0,standard_pi_2,24,0.0,1800000.0,1.8,475,1024,0.4638671875
01a0a57e-4c4f-7f82-af6d-66730fad5648,d,C,QB15,18,0,standard_pi_2,25,0.0,2250000.0,2.25,498,1024,0.486328125
01a0a57e-4c4f-7f82-af6d-66730fad5648,d,C,QB15,18,0,standard_pi_2,26,0.0,2700000.0,2.7,470,1024,0.458984375
01a0a57e-4c4f-7f82-af6d-66730fad5648,d,C,QB15,18,0,standard_pi_2,27,0.0,3150000.0,3.15,454,1024,0.443359375
01a0a57e-4c4f-7f82-af6d-66730fad5648,d,C,QB15,18,0,standard_pi_2,28,0.0,3600000.0,3.6,491,1024,0.4794921875
01a0a57e-4c4f-7f82-af6d-66730fad5648,d,C,QB15,18,0,standard_pi_2,29,0.0,4050000.0,4.05,478,1024,0.466796875
01a0a57e-4c4f-7f82-af6d-66730fad5648,d,C,QB15,18,0,standard_pi_2,30,0.0,4500000.0,4.5,462,1024,0.451171875
01a0a57e-4c4f-7f82-af6d-66730fad5648,d,C,QB15,18,0,standard_pi_2,31,0.0,4950000.0,4.95,457,1024,0.4462890625
01a0a57e-4c4f-7f82-af6d-66730fad5648,d,C,QB15,18,0,standard_pi_2,32,0.0,5400000.0,5.4,447,1024,0.4365234375
01a0a57e-4c4f-7f82-af6d-66730fad5648,d,C,QB15,18,0,standard_pi_2,33,0.0,5850000.0,5.85,471,1024,0.4599609375
01a0a57e-4c4f-7f82-af6d-66730fad5648,d,C,QB15,18,0,standard_pi_2,34,0.0,6300000.0,6.3,444,1024,0.43359375
01a0a57e-4c4f-7f82-af6d-66730fad5648,d,C,QB15,18,0,standard_pi_2,35,0.0,6750000.0,6.75,476,1024,0.46484375
01a0a57e-4c4f-7f82-af6d-66730fad5648,d,C,QB15,18,0,standard_pi_2,36,0.0,7200000.0,7.2,432,1024,0.421875
01a0a57e-4c4f-7f82-af6d-66730fad5648,d,C,QB15,18,0,standard_pi_2,37,0.0,7650000.0,7.65,437,1024,0.4267578125
01a0a57e-4c4f-7f82-af6d-66730fad5648,d,C,QB15,18,0,standard_pi_2,38,0.0,8100000.0,8.1,463,1024,0.4521484375
01a0a57e-4c4f-7f82-af6d-66730fad5648,d,C,QB15,18,0,standard_pi_2,39,0.0,8550000.0,8.55,429,1024,0.4189453125
01a0a57e-4c4f-7f82-af6d-66730fad5648,d,C,QB15,18,0,standard_pi_2,40,0.0,9000000.0,9.0,427,1024,0.4169921875
01a0a57e-4c4f-7f82-af6d-66730fad5648,d,C,QB15,18,1,UVH4d,0,0.0,-9000000.0,-9.0,382,1024,0.373046875
01a0a57e-4c4f-7f82-af6d-66730fad5648,d,C,QB15,18,1,UVH4d,1,0.0,-8550000.0,-8.55,421,1024,0.4111328125
01a0a57e-4c4f-7f82-af6d-66730fad5648,d,C,QB15,18,1,UVH4d,2,0.0,-8100000.0,-8.1,427,1024,0.4169921875
01a0a57e-4c4f-7f82-af6d-66730fad5648,d,C,QB15,18,1,UVH4d,3,0.0,-7650000.0,-7.65,411,1024,0.4013671875
01a0a57e-4c4f-7f82-af6d-66730fad5648,d,C,QB15,18,1,UVH4d,4,0.0,-7200000.0,-7.2,415,1024,0.4052734375
01a0a57e-4c4f-7f82-af6d-66730fad5648,d,C,QB15,18,1,UVH4d,5,0.0,-6750000.0,-6.75,434,1024,0.423828125
01a0a57e-4c4f-7f82-af6d-66730fad5648,d,C,QB15,18,1,UVH4d,6,0.0,-6300000.0,-6.3,435,1024,0.4248046875
01a0a57e-4c4f-7f82-af6d-66730fad5648,d,C,QB15,18,1,UVH4d,7,0.0,-5850000.0,-5.85,442,1024,0.431640625
01a0a57e-4c4f-7f82-af6d-66730fad5648,d,C,QB15,18,1,UVH4d,8,0.0,-5400000.0,-5.4,480,1024,0.46875
01a0a57e-4c4f-7f82-af6d-66730fad5648,d,C,QB15,18,1,UVH4d,9,0.0,-4950000.0,-4.95,466,1024,0.455078125
01a0a57e-4c4f-7f82-af6d-66730fad5648,d,C,QB15,18,1,UVH4d,10,0.0,-4500000.0,-4.5,479,1024,0.4677734375
01a0a57e-4c4f-7f82-af6d-66730fad5648,d,C,QB15,18,1,UVH4d,11,0.0,-4050000.0,-4.05,513,1024,0.5009765625
01a0a57e-4c4f-7f82-af6d-66730fad5648,d,C,QB15,18,1,UVH4d,12,0.0,-3600000.0,-3.6,487,1024,0.4755859375
01a0a57e-4c4f-7f82-af6d-66730fad5648,d,C,QB15,18,1,UVH4d,13,0.0,-3150000.0,-3.15,499,1024,0.4873046875
01a0a57e-4c4f-7f82-af6d-66730fad5648,d,C,QB15,18,1,UVH4d,14,0.0,-2700000.0,-2.7,513,1024,0.5009765625
01a0a57e-4c4f-7f82-af6d-66730fad5648,d,C,QB15,18,1,UVH4d,15,0.0,-2250000.0,-2.25,471,1024,0.4599609375
01a0a57e-4c4f-7f82-af6d-66730fad5648,d,C,QB15,18,1,UVH4d,16,0.0,-1800000.0,-1.8,489,1024,0.4775390625
01a0a57e-4c4f-7f82-af6d-66730fad5648,d,C,QB15,18,1,UVH4d,17,0.0,-1350000.0,-1.35,523,1024,0.5107421875
01a0a57e-4c4f-7f82-af6d-66730fad5648,d,C,QB15,18,1,UVH4d,18,0.0,-900000.0,-0.9,505,1024,0.4931640625
01a0a57e-4c4f-7f82-af6d-66730fad5648,d,C,QB15,18,1,UVH4d,19,0.0,-450000.0,-0.45,503,1024,0.4912109375
01a0a57e-4c4f-7f82-af6d-66730fad5648,d,C,QB15,18,1,UVH4d,20,0.0,0.0,0.0,504,1024,0.4921875
01a0a57e-4c4f-7f82-af6d-66730fad5648,d,C,QB15,18,1,UVH4d,21,0.0,450000.0,0.45,531,1024,0.5185546875
01a0a57e-4c4f-7f82-af6d-66730fad5648,d,C,QB15,18,1,UVH4d,22,0.0,900000.0,0.9,518,1024,0.505859375
01a0a57e-4c4f-7f82-af6d-66730fad5648,d,C,QB15,18,1,UVH4d,23,0.0,1350000.0,1.35,523,1024,0.5107421875
01a0a57e-4c4f-7f82-af6d-66730fad5648,d,C,QB15,18,1,UVH4d,24,0.0,1800000.0,1.8,539,1024,0.5263671875
01a0a57e-4c4f-7f82-af6d-66730fad5648,d,C,QB15,18,1,UVH4d,25,0.0,2250000.0,2.25,526,1024,0.513671875
01a0a57e-4c4f-7f82-af6d-66730fad5648,d,C,QB15,18,1,UVH4d,26,0.0,2700000.0,2.7,563,1024,0.5498046875
01a0a57e-4c4f-7f82-af6d-66730fad5648,d,C,QB15,18,1,UVH4d,27,0.0,3150000.0,3.15,536,1024,0.5234375
01a0a57e-4c4f-7f82-af6d-66730fad5648,d,C,QB15,18,1,UVH4d,28,0.0,3600000.0,3.6,566,1024,0.552734375
01a0a57e-4c4f-7f82-af6d-66730fad5648,d,C,QB15,18,1,UVH4d,29,0.0,4050000.0,4.05,552,1024,0.5390625
01a0a57e-4c4f-7f82-af6d-66730fad5648,d,C,QB15,18,1,UVH4d,30,0.0,4500000.0,4.5,550,1024,0.537109375
01a0a57e-4c4f-7f82-af6d-66730fad5648,d,C,QB15,18,1,UVH4d,31,0.0,4950000.0,4.95,560,1024,0.546875
01a0a57e-4c4f-7f82-af6d-66730fad5648,d,C,QB15,18,1,UVH4d,32,0.0,5400000.0,5.4,600,1024,0.5859375
01a0a57e-4c4f-7f82-af6d-66730fad5648,d,C,QB15,18,1,UVH4d,33,0.0,5850000.0,5.85,638,1024,0.623046875
01a0a57e-4c4f-7f82-af6d-66730fad5648,d,C,QB15,18,1,UVH4d,34,0.0,6300000.0,6.3,646,1024,0.630859375
01a0a57e-4c4f-7f82-af6d-66730fad5648,d,C,QB15,18,1,UVH4d,35,0.0,6750000.0,6.75,638,1024,0.623046875
01a0a57e-4c4f-7f82-af6d-66730fad5648,d,C,QB15,18,1,UVH4d,36,0.0,7200000.0,7.2,668,1024,0.65234375
01a0a57e-4c4f-7f82-af6d-66730fad5648,d,C,QB15,18,1,UVH4d,37,0.0,7650000.0,7.65,682,1024,0.666015625
01a0a57e-4c4f-7f82-af6d-66730fad5648,d,C,QB15,18,1,UVH4d,38,0.0,8100000.0,8.1,701,1024,0.6845703125
01a0a57e-4c4f-7f82-af6d-66730fad5648,d,C,QB15,18,1,UVH4d,39,0.0,8550000.0,8.55,718,1024,0.701171875
01a0a57e-4c4f-7f82-af6d-66730fad5648,d,C,QB15,18,1,UVH4d,40,0.0,9000000.0,9.0,727,1024,0.7099609375
01a0a57e-4c4f-7f82-af6d-66730fad5648,d,C,QB15,18,2,UVH5d,0,0.0,-9000000.0,-9.0,95,1024,0.0927734375
01a0a57e-4c4f-7f82-af6d-66730fad5648,d,C,QB15,18,2,UVH5d,1,0.0,-8550000.0,-8.55,115,1024,0.1123046875
01a0a57e-4c4f-7f82-af6d-66730fad5648,d,C,QB15,18,2,UVH5d,2,0.0,-8100000.0,-8.1,155,1024,0.1513671875
01a0a57e-4c4f-7f82-af6d-66730fad5648,d,C,QB15,18,2,UVH5d,3,0.0,-7650000.0,-7.65,170,1024,0.166015625
01a0a57e-4c4f-7f82-af6d-66730fad5648,d,C,QB15,18,2,UVH5d,4,0.0,-7200000.0,-7.2,199,1024,0.1943359375
01a0a57e-4c4f-7f82-af6d-66730fad5648,d,C,QB15,18,2,UVH5d,5,0.0,-6750000.0,-6.75,206,1024,0.201171875
01a0a57e-4c4f-7f82-af6d-66730fad5648,d,C,QB15,18,2,UVH5d,6,0.0,-6300000.0,-6.3,241,1024,0.2353515625
01a0a57e-4c4f-7f82-af6d-66730fad5648,d,C,QB15,18,2,UVH5d,7,0.0,-5850000.0,-5.85,285,1024,0.2783203125
01a0a57e-4c4f-7f82-af6d-66730fad5648,d,C,QB15,18,2,UVH5d,8,0.0,-5400000.0,-5.4,301,1024,0.2939453125
01a0a57e-4c4f-7f82-af6d-66730fad5648,d,C,QB15,18,2,UVH5d,9,0.0,-4950000.0,-4.95,330,1024,0.322265625
01a0a57e-4c4f-7f82-af6d-66730fad5648,d,C,QB15,18,2,UVH5d,10,0.0,-4500000.0,-4.5,360,1024,0.3515625
01a0a57e-4c4f-7f82-af6d-66730fad5648,d,C,QB15,18,2,UVH5d,11,0.0,-4050000.0,-4.05,392,1024,0.3828125
01a0a57e-4c4f-7f82-af6d-66730fad5648,d,C,QB15,18,2,UVH5d,12,0.0,-3600000.0,-3.6,425,1024,0.4150390625
01a0a57e-4c4f-7f82-af6d-66730fad5648,d,C,QB15,18,2,UVH5d,13,0.0,-3150000.0,-3.15,430,1024,0.419921875
01a0a57e-4c4f-7f82-af6d-66730fad5648,d,C,QB15,18,2,UVH5d,14,0.0,-2700000.0,-2.7,457,1024,0.4462890625
01a0a57e-4c4f-7f82-af6d-66730fad5648,d,C,QB15,18,2,UVH5d,15,0.0,-2250000.0,-2.25,447,1024,0.4365234375
01a0a57e-4c4f-7f82-af6d-66730fad5648,d,C,QB15,18,2,UVH5d,16,0.0,-1800000.0,-1.8,477,1024,0.4658203125
01a0a57e-4c4f-7f82-af6d-66730fad5648,d,C,QB15,18,2,UVH5d,17,0.0,-1350000.0,-1.35,485,1024,0.4736328125
01a0a57e-4c4f-7f82-af6d-66730fad5648,d,C,QB15,18,2,UVH5d,18,0.0,-900000.0,-0.9,503,1024,0.4912109375
01a0a57e-4c4f-7f82-af6d-66730fad5648,d,C,QB15,18,2,UVH5d,19,0.0,-450000.0,-0.45,484,1024,0.47265625
01a0a57e-4c4f-7f82-af6d-66730fad5648,d,C,QB15,18,2,UVH5d,20,0.0,0.0,0.0,513,1024,0.5009765625
01a0a57e-4c4f-7f82-af6d-66730fad5648,d,C,QB15,18,2,UVH5d,21,0.0,450000.0,0.45,478,1024,0.466796875
01a0a57e-4c4f-7f82-af6d-66730fad5648,d,C,QB15,18,2,UVH5d,22,0.0,900000.0,0.9,445,1024,0.4345703125
01a0a57e-4c4f-7f82-af6d-66730fad5648,d,C,QB15,18,2,UVH5d,23,0.0,1350000.0,1.35,503,1024,0.4912109375
01a0a57e-4c4f-7f82-af6d-66730fad5648,d,C,QB15,18,2,UVH5d,24,0.0,1800000.0,1.8,440,1024,0.4296875
01a0a57e-4c4f-7f82-af6d-66730fad5648,d,C,QB15,18,2,UVH5d,25,0.0,2250000.0,2.25,471,1024,0.4599609375
01a0a57e-4c4f-7f82-af6d-66730fad5648,d,C,QB15,18,2,UVH5d,26,0.0,2700000.0,2.7,477,1024,0.4658203125
01a0a57e-4c4f-7f82-af6d-66730fad5648,d,C,QB15,18,2,UVH5d,27,0.0,3150000.0,3.15,485,1024,0.4736328125
01a0a57e-4c4f-7f82-af6d-66730fad5648,d,C,QB15,18,2,UVH5d,28,0.0,3600000.0,3.6,486,1024,0.474609375
01a0a57e-4c4f-7f82-af6d-66730fad5648,d,C,QB15,18,2,UVH5d,29,0.0,4050000.0,4.05,484,1024,0.47265625
01a0a57e-4c4f-7f82-af6d-66730fad5648,d,C,QB15,18,2,UVH5d,30,0.0,4500000.0,4.5,495,1024,0.4833984375
01a0a57e-4c4f-7f82-af6d-66730fad5648,d,C,QB15,18,2,UVH5d,31,0.0,4950000.0,4.95,542,1024,0.529296875
01a0a57e-4c4f-7f82-af6d-66730fad5648,d,C,QB15,18,2,UVH5d,32,0.0,5400000.0,5.4,542,1024,0.529296875
01a0a57e-4c4f-7f82-af6d-66730fad5648,d,C,QB15,18,2,UVH5d,33,0.0,5850000.0,5.85,538,1024,0.525390625
01a0a57e-4c4f-7f82-af6d-66730fad5648,d,C,QB15,18,2,UVH5d,34,0.0,6300000.0,6.3,561,1024,0.5478515625
01a0a57e-4c4f-7f82-af6d-66730fad5648,d,C,QB15,18,2,UVH5d,35,0.0,6750000.0,6.75,569,1024,0.5556640625
01a0a57e-4c4f-7f82-af6d-66730fad5648,d,C,QB15,18,2,UVH5d,36,0.0,7200000.0,7.2,589,1024,0.5751953125
01a0a57e-4c4f-7f82-af6d-66730fad5648,d,C,QB15,18,2,UVH5d,37,0.0,7650000.0,7.65,607,1024,0.5927734375
01a0a57e-4c4f-7f82-af6d-66730fad5648,d,C,QB15,18,2,UVH5d,38,0.0,8100000.0,8.1,633,1024,0.6181640625
01a0a57e-4c4f-7f82-af6d-66730fad5648,d,C,QB15,18,2,UVH5d,39,0.0,8550000.0,8.55,643,1024,0.6279296875
01a0a57e-4c4f-7f82-af6d-66730fad5648,d,C,QB15,18,2,UVH5d,40,0.0,9000000.0,9.0,615,1024,0.6005859375
01a0a57e-4c4f-7f82-af6d-66730fad5648,d,C,QB15,18,3,UVH6d,0,0.0,-9000000.0,-9.0,602,1024,0.587890625
01a0a57e-4c4f-7f82-af6d-66730fad5648,d,C,QB15,18,3,UVH6d,1,0.0,-8550000.0,-8.55,591,1024,0.5771484375
01a0a57e-4c4f-7f82-af6d-66730fad5648,d,C,QB15,18,3,UVH6d,2,0.0,-8100000.0,-8.1,592,1024,0.578125
01a0a57e-4c4f-7f82-af6d-66730fad5648,d,C,QB15,18,3,UVH6d,3,0.0,-7650000.0,-7.65,596,1024,0.58203125
01a0a57e-4c4f-7f82-af6d-66730fad5648,d,C,QB15,18,3,UVH6d,4,0.0,-7200000.0,-7.2,539,1024,0.5263671875
01a0a57e-4c4f-7f82-af6d-66730fad5648,d,C,QB15,18,3,UVH6d,5,0.0,-6750000.0,-6.75,591,1024,0.5771484375
01a0a57e-4c4f-7f82-af6d-66730fad5648,d,C,QB15,18,3,UVH6d,6,0.0,-6300000.0,-6.3,577,1024,0.5634765625
01a0a57e-4c4f-7f82-af6d-66730fad5648,d,C,QB15,18,3,UVH6d,7,0.0,-5850000.0,-5.85,554,1024,0.541015625
01a0a57e-4c4f-7f82-af6d-66730fad5648,d,C,QB15,18,3,UVH6d,8,0.0,-5400000.0,-5.4,554,1024,0.541015625
01a0a57e-4c4f-7f82-af6d-66730fad5648,d,C,QB15,18,3,UVH6d,9,0.0,-4950000.0,-4.95,550,1024,0.537109375
01a0a57e-4c4f-7f82-af6d-66730fad5648,d,C,QB15,18,3,UVH6d,10,0.0,-4500000.0,-4.5,540,1024,0.52734375
01a0a57e-4c4f-7f82-af6d-66730fad5648,d,C,QB15,18,3,UVH6d,11,0.0,-4050000.0,-4.05,515,1024,0.5029296875
01a0a57e-4c4f-7f82-af6d-66730fad5648,d,C,QB15,18,3,UVH6d,12,0.0,-3600000.0,-3.6,527,1024,0.5146484375
01a0a57e-4c4f-7f82-af6d-66730fad5648,d,C,QB15,18,3,UVH6d,13,0.0,-3150000.0,-3.15,538,1024,0.525390625
01a0a57e-4c4f-7f82-af6d-66730fad5648,d,C,QB15,18,3,UVH6d,14,0.0,-2700000.0,-2.7,553,1024,0.5400390625
01a0a57e-4c4f-7f82-af6d-66730fad5648,d,C,QB15,18,3,UVH6d,15,0.0,-2250000.0,-2.25,553,1024,0.5400390625
01a0a57e-4c4f-7f82-af6d-66730fad5648,d,C,QB15,18,3,UVH6d,16,0.0,-1800000.0,-1.8,530,1024,0.517578125
01a0a57e-4c4f-7f82-af6d-66730fad5648,d,C,QB15,18,3,UVH6d,17,0.0,-1350000.0,-1.35,510,1024,0.498046875
01a0a57e-4c4f-7f82-af6d-66730fad5648,d,C,QB15,18,3,UVH6d,18,0.0,-900000.0,-0.9,492,1024,0.48046875
01a0a57e-4c4f-7f82-af6d-66730fad5648,d,C,QB15,18,3,UVH6d,19,0.0,-450000.0,-0.45,470,1024,0.458984375
01a0a57e-4c4f-7f82-af6d-66730fad5648,d,C,QB15,18,3,UVH6d,20,0.0,0.0,0.0,501,1024,0.4892578125
01a0a57e-4c4f-7f82-af6d-66730fad5648,d,C,QB15,18,3,UVH6d,21,0.0,450000.0,0.45,505,1024,0.4931640625
01a0a57e-4c4f-7f82-af6d-66730fad5648,d,C,QB15,18,3,UVH6d,22,0.0,900000.0,0.9,510,1024,0.498046875
01a0a57e-4c4f-7f82-af6d-66730fad5648,d,C,QB15,18,3,UVH6d,23,0.0,1350000.0,1.35,532,1024,0.51953125
01a0a57e-4c4f-7f82-af6d-66730fad5648,d,C,QB15,18,3,UVH6d,24,0.0,1800000.0,1.8,511,1024,0.4990234375
01a0a57e-4c4f-7f82-af6d-66730fad5648,d,C,QB15,18,3,UVH6d,25,0.0,2250000.0,2.25,542,1024,0.529296875
01a0a57e-4c4f-7f82-af6d-66730fad5648,d,C,QB15,18,3,UVH6d,26,0.0,2700000.0,2.7,509,1024,0.4970703125
01a0a57e-4c4f-7f82-af6d-66730fad5648,d,C,QB15,18,3,UVH6d,27,0.0,3150000.0,3.15,484,1024,0.47265625
01a0a57e-4c4f-7f82-af6d-66730fad5648,d,C,QB15,18,3,UVH6d,28,0.0,3600000.0,3.6,506,1024,0.494140625
01a0a57e-4c4f-7f82-af6d-66730fad5648,d,C,QB15,18,3,UVH6d,29,0.0,4050000.0,4.05,442,1024,0.431640625
01a0a57e-4c4f-7f82-af6d-66730fad5648,d,C,QB15,18,3,UVH6d,30,0.0,4500000.0,4.5,490,1024,0.478515625
01a0a57e-4c4f-7f82-af6d-66730fad5648,d,C,QB15,18,3,UVH6d,31,0.0,4950000.0,4.95,503,1024,0.4912109375
01a0a57e-4c4f-7f82-af6d-66730fad5648,d,C,QB15,18,3,UVH6d,32,0.0,5400000.0,5.4,489,1024,0.4775390625
01a0a57e-4c4f-7f82-af6d-66730fad5648,d,C,QB15,18,3,UVH6d,33,0.0,5850000.0,5.85,462,1024,0.451171875
01a0a57e-4c4f-7f82-af6d-66730fad5648,d,C,QB15,18,3,UVH6d,34,0.0,6300000.0,6.3,500,1024,0.48828125
01a0a57e-4c4f-7f82-af6d-66730fad5648,d,C,QB15,18,3,UVH6d,35,0.0,6750000.0,6.75,500,1024,0.48828125
01a0a57e-4c4f-7f82-af6d-66730fad5648,d,C,QB15,18,3,UVH6d,36,0.0,7200000.0,7.2,522,1024,0.509765625
01a0a57e-4c4f-7f82-af6d-66730fad5648,d,C,QB15,18,3,UVH6d,37,0.0,7650000.0,7.65,542,1024,0.529296875
01a0a57e-4c4f-7f82-af6d-66730fad5648,d,C,QB15,18,3,UVH6d,38,0.0,8100000.0,8.1,559,1024,0.5458984375
01a0a57e-4c4f-7f82-af6d-66730fad5648,d,C,QB15,18,3,UVH6d,39,0.0,8550000.0,8.55,544,1024,0.53125
01a0a57e-4c4f-7f82-af6d-66730fad5648,d,C,QB15,18,3,UVH6d,40,0.0,9000000.0,9.0,600,1024,0.5859375
01a0a57e-4c4f-7f82-af6d-66730fad5648,d,C,QB15,18,4,UVH7d,0,0.0,-9000000.0,-9.0,525,1024,0.5126953125
01a0a57e-4c4f-7f82-af6d-66730fad5648,d,C,QB15,18,4,UVH7d,1,0.0,-8550000.0,-8.55,501,1024,0.4892578125
01a0a57e-4c4f-7f82-af6d-66730fad5648,d,C,QB15,18,4,UVH7d,2,0.0,-8100000.0,-8.1,537,1024,0.5244140625
01a0a57e-4c4f-7f82-af6d-66730fad5648,d,C,QB15,18,4,UVH7d,3,0.0,-7650000.0,-7.65,551,1024,0.5380859375
01a0a57e-4c4f-7f82-af6d-66730fad5648,d,C,QB15,18,4,UVH7d,4,0.0,-7200000.0,-7.2,512,1024,0.5
01a0a57e-4c4f-7f82-af6d-66730fad5648,d,C,QB15,18,4,UVH7d,5,0.0,-6750000.0,-6.75,535,1024,0.5224609375
01a0a57e-4c4f-7f82-af6d-66730fad5648,d,C,QB15,18,4,UVH7d,6,0.0,-6300000.0,-6.3,505,1024,0.4931640625
01a0a57e-4c4f-7f82-af6d-66730fad5648,d,C,QB15,18,4,UVH7d,7,0.0,-5850000.0,-5.85,526,1024,0.513671875
01a0a57e-4c4f-7f82-af6d-66730fad5648,d,C,QB15,18,4,UVH7d,8,0.0,-5400000.0,-5.4,522,1024,0.509765625
01a0a57e-4c4f-7f82-af6d-66730fad5648,d,C,QB15,18,4,UVH7d,9,0.0,-4950000.0,-4.95,528,1024,0.515625
01a0a57e-4c4f-7f82-af6d-66730fad5648,d,C,QB15,18,4,UVH7d,10,0.0,-4500000.0,-4.5,507,1024,0.4951171875
01a0a57e-4c4f-7f82-af6d-66730fad5648,d,C,QB15,18,4,UVH7d,11,0.0,-4050000.0,-4.05,515,1024,0.5029296875
01a0a57e-4c4f-7f82-af6d-66730fad5648,d,C,QB15,18,4,UVH7d,12,0.0,-3600000.0,-3.6,519,1024,0.5068359375
01a0a57e-4c4f-7f82-af6d-66730fad5648,d,C,QB15,18,4,UVH7d,13,0.0,-3150000.0,-3.15,531,1024,0.5185546875
01a0a57e-4c4f-7f82-af6d-66730fad5648,d,C,QB15,18,4,UVH7d,14,0.0,-2700000.0,-2.7,507,1024,0.4951171875
01a0a57e-4c4f-7f82-af6d-66730fad5648,d,C,QB15,18,4,UVH7d,15,0.0,-2250000.0,-2.25,494,1024,0.482421875
01a0a57e-4c4f-7f82-af6d-66730fad5648,d,C,QB15,18,4,UVH7d,16,0.0,-1800000.0,-1.8,515,1024,0.5029296875
01a0a57e-4c4f-7f82-af6d-66730fad5648,d,C,QB15,18,4,UVH7d,17,0.0,-1350000.0,-1.35,490,1024,0.478515625
01a0a57e-4c4f-7f82-af6d-66730fad5648,d,C,QB15,18,4,UVH7d,18,0.0,-900000.0,-0.9,521,1024,0.5087890625
01a0a57e-4c4f-7f82-af6d-66730fad5648,d,C,QB15,18,4,UVH7d,19,0.0,-450000.0,-0.45,497,1024,0.4853515625
01a0a57e-4c4f-7f82-af6d-66730fad5648,d,C,QB15,18,4,UVH7d,20,0.0,0.0,0.0,526,1024,0.513671875
01a0a57e-4c4f-7f82-af6d-66730fad5648,d,C,QB15,18,4,UVH7d,21,0.0,450000.0,0.45,514,1024,0.501953125
01a0a57e-4c4f-7f82-af6d-66730fad5648,d,C,QB15,18,4,UVH7d,22,0.0,900000.0,0.9,505,1024,0.4931640625
01a0a57e-4c4f-7f82-af6d-66730fad5648,d,C,QB15,18,4,UVH7d,23,0.0,1350000.0,1.35,515,1024,0.5029296875
01a0a57e-4c4f-7f82-af6d-66730fad5648,d,C,QB15,18,4,UVH7d,24,0.0,1800000.0,1.8,480,1024,0.46875
01a0a57e-4c4f-7f82-af6d-66730fad5648,d,C,QB15,18,4,UVH7d,25,0.0,2250000.0,2.25,486,1024,0.474609375
01a0a57e-4c4f-7f82-af6d-66730fad5648,d,C,QB15,18,4,UVH7d,26,0.0,2700000.0,2.7,490,1024,0.478515625
01a0a57e-4c4f-7f82-af6d-66730fad5648,d,C,QB15,18,4,UVH7d,27,0.0,3150000.0,3.15,472,1024,0.4609375
01a0a57e-4c4f-7f82-af6d-66730fad5648,d,C,QB15,18,4,UVH7d,28,0.0,3600000.0,3.6,449,1024,0.4384765625
01a0a57e-4c4f-7f82-af6d-66730fad5648,d,C,QB15,18,4,UVH7d,29,0.0,4050000.0,4.05,470,1024,0.458984375
01a0a57e-4c4f-7f82-af6d-66730fad5648,d,C,QB15,18,4,UVH7d,30,0.0,4500000.0,4.5,455,1024,0.4443359375
01a0a57e-4c4f-7f82-af6d-66730fad5648,d,C,QB15,18,4,UVH7d,31,0.0,4950000.0,4.95,453,1024,0.4423828125
01a0a57e-4c4f-7f82-af6d-66730fad5648,d,C,QB15,18,4,UVH7d,32,0.0,5400000.0,5.4,463,1024,0.4521484375
01a0a57e-4c4f-7f82-af6d-66730fad5648,d,C,QB15,18,4,UVH7d,33,0.0,5850000.0,5.85,432,1024,0.421875
01a0a57e-4c4f-7f82-af6d-66730fad5648,d,C,QB15,18,4,UVH7d,34,0.0,6300000.0,6.3,418,1024,0.408203125
01a0a57e-4c4f-7f82-af6d-66730fad5648,d,C,QB15,18,4,UVH7d,35,0.0,6750000.0,6.75,408,1024,0.3984375
01a0a57e-4c4f-7f82-af6d-66730fad5648,d,C,QB15,18,4,UVH7d,36,0.0,7200000.0,7.2,415,1024,0.4052734375
01a0a57e-4c4f-7f82-af6d-66730fad5648,d,C,QB15,18,4,UVH7d,37,0.0,7650000.0,7.65,370,1024,0.361328125
01a0a57e-4c4f-7f82-af6d-66730fad5648,d,C,QB15,18,4,UVH7d,38,0.0,8100000.0,8.1,346,1024,0.337890625
01a0a57e-4c4f-7f82-af6d-66730fad5648,d,C,QB15,18,4,UVH7d,39,0.0,8550000.0,8.55,328,1024,0.3203125
01a0a57e-4c4f-7f82-af6d-66730fad5648,d,C,QB15,18,4,UVH7d,40,0.0,9000000.0,9.0,311,1024,0.3037109375
01a0a57e-4c4f-7f82-af6d-66730fad5648,d,C,QB15,18,5,UVH8d,0,0.0,-9000000.0,-9.0,592,1024,0.578125
01a0a57e-4c4f-7f82-af6d-66730fad5648,d,C,QB15,18,5,UVH8d,1,0.0,-8550000.0,-8.55,590,1024,0.576171875
01a0a57e-4c4f-7f82-af6d-66730fad5648,d,C,QB15,18,5,UVH8d,2,0.0,-8100000.0,-8.1,562,1024,0.548828125
01a0a57e-4c4f-7f82-af6d-66730fad5648,d,C,QB15,18,5,UVH8d,3,0.0,-7650000.0,-7.65,558,1024,0.544921875
01a0a57e-4c4f-7f82-af6d-66730fad5648,d,C,QB15,18,5,UVH8d,4,0.0,-7200000.0,-7.2,556,1024,0.54296875
01a0a57e-4c4f-7f82-af6d-66730fad5648,d,C,QB15,18,5,UVH8d,5,0.0,-6750000.0,-6.75,567,1024,0.5537109375
01a0a57e-4c4f-7f82-af6d-66730fad5648,d,C,QB15,18,5,UVH8d,6,0.0,-6300000.0,-6.3,546,1024,0.533203125
01a0a57e-4c4f-7f82-af6d-66730fad5648,d,C,QB15,18,5,UVH8d,7,0.0,-5850000.0,-5.85,513,1024,0.5009765625
01a0a57e-4c4f-7f82-af6d-66730fad5648,d,C,QB15,18,5,UVH8d,8,0.0,-5400000.0,-5.4,524,1024,0.51171875
01a0a57e-4c4f-7f82-af6d-66730fad5648,d,C,QB15,18,5,UVH8d,9,0.0,-4950000.0,-4.95,529,1024,0.5166015625
01a0a57e-4c4f-7f82-af6d-66730fad5648,d,C,QB15,18,5,UVH8d,10,0.0,-4500000.0,-4.5,538,1024,0.525390625
01a0a57e-4c4f-7f82-af6d-66730fad5648,d,C,QB15,18,5,UVH8d,11,0.0,-4050000.0,-4.05,541,1024,0.5283203125
01a0a57e-4c4f-7f82-af6d-66730fad5648,d,C,QB15,18,5,UVH8d,12,0.0,-3600000.0,-3.6,555,1024,0.5419921875
01a0a57e-4c4f-7f82-af6d-66730fad5648,d,C,QB15,18,5,UVH8d,13,0.0,-3150000.0,-3.15,525,1024,0.5126953125
01a0a57e-4c4f-7f82-af6d-66730fad5648,d,C,QB15,18,5,UVH8d,14,0.0,-2700000.0,-2.7,525,1024,0.5126953125
01a0a57e-4c4f-7f82-af6d-66730fad5648,d,C,QB15,18,5,UVH8d,15,0.0,-2250000.0,-2.25,531,1024,0.5185546875
01a0a57e-4c4f-7f82-af6d-66730fad5648,d,C,QB15,18,5,UVH8d,16,0.0,-1800000.0,-1.8,514,1024,0.501953125
01a0a57e-4c4f-7f82-af6d-66730fad5648,d,C,QB15,18,5,UVH8d,17,0.0,-1350000.0,-1.35,530,1024,0.517578125
01a0a57e-4c4f-7f82-af6d-66730fad5648,d,C,QB15,18,5,UVH8d,18,0.0,-900000.0,-0.9,492,1024,0.48046875
01a0a57e-4c4f-7f82-af6d-66730fad5648,d,C,QB15,18,5,UVH8d,19,0.0,-450000.0,-0.45,532,1024,0.51953125
01a0a57e-4c4f-7f82-af6d-66730fad5648,d,C,QB15,18,5,UVH8d,20,0.0,0.0,0.0,526,1024,0.513671875
01a0a57e-4c4f-7f82-af6d-66730fad5648,d,C,QB15,18,5,UVH8d,21,0.0,450000.0,0.45,490,1024,0.478515625
01a0a57e-4c4f-7f82-af6d-66730fad5648,d,C,QB15,18,5,UVH8d,22,0.0,900000.0,0.9,505,1024,0.4931640625
01a0a57e-4c4f-7f82-af6d-66730fad5648,d,C,QB15,18,5,UVH8d,23,0.0,1350000.0,1.35,521,1024,0.5087890625
01a0a57e-4c4f-7f82-af6d-66730fad5648,d,C,QB15,18,5,UVH8d,24,0.0,1800000.0,1.8,497,1024,0.4853515625
01a0a57e-4c4f-7f82-af6d-66730fad5648,d,C,QB15,18,5,UVH8d,25,0.0,2250000.0,2.25,486,1024,0.474609375
01a0a57e-4c4f-7f82-af6d-66730fad5648,d,C,QB15,18,5,UVH8d,26,0.0,2700000.0,2.7,505,1024,0.4931640625
01a0a57e-4c4f-7f82-af6d-66730fad5648,d,C,QB15,18,5,UVH8d,27,0.0,3150000.0,3.15,477,1024,0.4658203125
01a0a57e-4c4f-7f82-af6d-66730fad5648,d,C,QB15,18,5,UVH8d,28,0.0,3600000.0,3.6,511,1024,0.4990234375
01a0a57e-4c4f-7f82-af6d-66730fad5648,d,C,QB15,18,5,UVH8d,29,0.0,4050000.0,4.05,511,1024,0.4990234375
01a0a57e-4c4f-7f82-af6d-66730fad5648,d,C,QB15,18,5,UVH8d,30,0.0,4500000.0,4.5,512,1024,0.5
01a0a57e-4c4f-7f82-af6d-66730fad5648,d,C,QB15,18,5,UVH8d,31,0.0,4950000.0,4.95,501,1024,0.4892578125
01a0a57e-4c4f-7f82-af6d-66730fad5648,d,C,QB15,18,5,UVH8d,32,0.0,5400000.0,5.4,478,1024,0.466796875
01a0a57e-4c4f-7f82-af6d-66730fad5648,d,C,QB15,18,5,UVH8d,33,0.0,5850000.0,5.85,524,1024,0.51171875
01a0a57e-4c4f-7f82-af6d-66730fad5648,d,C,QB15,18,5,UVH8d,34,0.0,6300000.0,6.3,499,1024,0.4873046875
01a0a57e-4c4f-7f82-af6d-66730fad5648,d,C,QB15,18,5,UVH8d,35,0.0,6750000.0,6.75,493,1024,0.4814453125
01a0a57e-4c4f-7f82-af6d-66730fad5648,d,C,QB15,18,5,UVH8d,36,0.0,7200000.0,7.2,474,1024,0.462890625
01a0a57e-4c4f-7f82-af6d-66730fad5648,d,C,QB15,18,5,UVH8d,37,0.0,7650000.0,7.65,493,1024,0.4814453125
01a0a57e-4c4f-7f82-af6d-66730fad5648,d,C,QB15,18,5,UVH8d,38,0.0,8100000.0,8.1,477,1024,0.4658203125
01a0a57e-4c4f-7f82-af6d-66730fad5648,d,C,QB15,18,5,UVH8d,39,0.0,8550000.0,8.55,473,1024,0.4619140625
01a0a57e-4c4f-7f82-af6d-66730fad5648,d,C,QB15,18,5,UVH8d,40,0.0,9000000.0,9.0,440,1024,0.4296875
01a0a57e-4c4f-7f82-af6d-66730fad5648,d,C,QB18,19,0,standard_pi_2,0,0.0,-9000000.0,-9.0,524,1024,0.51171875
01a0a57e-4c4f-7f82-af6d-66730fad5648,d,C,QB18,19,0,standard_pi_2,1,0.0,-8550000.0,-8.55,546,1024,0.533203125
01a0a57e-4c4f-7f82-af6d-66730fad5648,d,C,QB18,19,0,standard_pi_2,2,0.0,-8100000.0,-8.1,561,1024,0.5478515625
01a0a57e-4c4f-7f82-af6d-66730fad5648,d,C,QB18,19,0,standard_pi_2,3,0.0,-7650000.0,-7.65,543,1024,0.5302734375
01a0a57e-4c4f-7f82-af6d-66730fad5648,d,C,QB18,19,0,standard_pi_2,4,0.0,-7200000.0,-7.2,562,1024,0.548828125
01a0a57e-4c4f-7f82-af6d-66730fad5648,d,C,QB18,19,0,standard_pi_2,5,0.0,-6750000.0,-6.75,547,1024,0.5341796875
01a0a57e-4c4f-7f82-af6d-66730fad5648,d,C,QB18,19,0,standard_pi_2,6,0.0,-6300000.0,-6.3,561,1024,0.5478515625
01a0a57e-4c4f-7f82-af6d-66730fad5648,d,C,QB18,19,0,standard_pi_2,7,0.0,-5850000.0,-5.85,519,1024,0.5068359375
01a0a57e-4c4f-7f82-af6d-66730fad5648,d,C,QB18,19,0,standard_pi_2,8,0.0,-5400000.0,-5.4,496,1024,0.484375
01a0a57e-4c4f-7f82-af6d-66730fad5648,d,C,QB18,19,0,standard_pi_2,9,0.0,-4950000.0,-4.95,511,1024,0.4990234375
01a0a57e-4c4f-7f82-af6d-66730fad5648,d,C,QB18,19,0,standard_pi_2,10,0.0,-4500000.0,-4.5,546,1024,0.533203125
01a0a57e-4c4f-7f82-af6d-66730fad5648,d,C,QB18,19,0,standard_pi_2,11,0.0,-4050000.0,-4.05,531,1024,0.5185546875
01a0a57e-4c4f-7f82-af6d-66730fad5648,d,C,QB18,19,0,standard_pi_2,12,0.0,-3600000.0,-3.6,518,1024,0.505859375
01a0a57e-4c4f-7f82-af6d-66730fad5648,d,C,QB18,19,0,standard_pi_2,13,0.0,-3150000.0,-3.15,532,1024,0.51953125
01a0a57e-4c4f-7f82-af6d-66730fad5648,d,C,QB18,19,0,standard_pi_2,14,0.0,-2700000.0,-2.7,532,1024,0.51953125
01a0a57e-4c4f-7f82-af6d-66730fad5648,d,C,QB18,19,0,standard_pi_2,15,0.0,-2250000.0,-2.25,513,1024,0.5009765625
01a0a57e-4c4f-7f82-af6d-66730fad5648,d,C,QB18,19,0,standard_pi_2,16,0.0,-1800000.0,-1.8,522,1024,0.509765625
01a0a57e-4c4f-7f82-af6d-66730fad5648,d,C,QB18,19,0,standard_pi_2,17,0.0,-1350000.0,-1.35,507,1024,0.4951171875
01a0a57e-4c4f-7f82-af6d-66730fad5648,d,C,QB18,19,0,standard_pi_2,18,0.0,-900000.0,-0.9,526,1024,0.513671875
01a0a57e-4c4f-7f82-af6d-66730fad5648,d,C,QB18,19,0,standard_pi_2,19,0.0,-450000.0,-0.45,535,1024,0.5224609375
01a0a57e-4c4f-7f82-af6d-66730fad5648,d,C,QB18,19,0,standard_pi_2,20,0.0,0.0,0.0,497,1024,0.4853515625
01a0a57e-4c4f-7f82-af6d-66730fad5648,d,C,QB18,19,0,standard_pi_2,21,0.0,450000.0,0.45,527,1024,0.5146484375
01a0a57e-4c4f-7f82-af6d-66730fad5648,d,C,QB18,19,0,standard_pi_2,22,0.0,900000.0,0.9,521,1024,0.5087890625
01a0a57e-4c4f-7f82-af6d-66730fad5648,d,C,QB18,19,0,standard_pi_2,23,0.0,1350000.0,1.35,496,1024,0.484375
01a0a57e-4c4f-7f82-af6d-66730fad5648,d,C,QB18,19,0,standard_pi_2,24,0.0,1800000.0,1.8,528,1024,0.515625
01a0a57e-4c4f-7f82-af6d-66730fad5648,d,C,QB18,19,0,standard_pi_2,25,0.0,2250000.0,2.25,493,1024,0.4814453125
01a0a57e-4c4f-7f82-af6d-66730fad5648,d,C,QB18,19,0,standard_pi_2,26,0.0,2700000.0,2.7,506,1024,0.494140625
01a0a57e-4c4f-7f82-af6d-66730fad5648,d,C,QB18,19,0,standard_pi_2,27,0.0,3150000.0,3.15,519,1024,0.5068359375
01a0a57e-4c4f-7f82-af6d-66730fad5648,d,C,QB18,19,0,standard_pi_2,28,0.0,3600000.0,3.6,494,1024,0.482421875
01a0a57e-4c4f-7f82-af6d-66730fad5648,d,C,QB18,19,0,standard_pi_2,29,0.0,4050000.0,4.05,490,1024,0.478515625
01a0a57e-4c4f-7f82-af6d-66730fad5648,d,C,QB18,19,0,standard_pi_2,30,0.0,4500000.0,4.5,462,1024,0.451171875
01a0a57e-4c4f-7f82-af6d-66730fad5648,d,C,QB18,19,0,standard_pi_2,31,0.0,4950000.0,4.95,466,1024,0.455078125
01a0a57e-4c4f-7f82-af6d-66730fad5648,d,C,QB18,19,0,standard_pi_2,32,0.0,5400000.0,5.4,480,1024,0.46875
01a0a57e-4c4f-7f82-af6d-66730fad5648,d,C,QB18,19,0,standard_pi_2,33,0.0,5850000.0,5.85,492,1024,0.48046875
01a0a57e-4c4f-7f82-af6d-66730fad5648,d,C,QB18,19,0,standard_pi_2,34,0.0,6300000.0,6.3,451,1024,0.4404296875
01a0a57e-4c4f-7f82-af6d-66730fad5648,d,C,QB18,19,0,standard_pi_2,35,0.0,6750000.0,6.75,457,1024,0.4462890625
01a0a57e-4c4f-7f82-af6d-66730fad5648,d,C,QB18,19,0,standard_pi_2,36,0.0,7200000.0,7.2,469,1024,0.4580078125
01a0a57e-4c4f-7f82-af6d-66730fad5648,d,C,QB18,19,0,standard_pi_2,37,0.0,7650000.0,7.65,494,1024,0.482421875
01a0a57e-4c4f-7f82-af6d-66730fad5648,d,C,QB18,19,0,standard_pi_2,38,0.0,8100000.0,8.1,425,1024,0.4150390625
01a0a57e-4c4f-7f82-af6d-66730fad5648,d,C,QB18,19,0,standard_pi_2,39,0.0,8550000.0,8.55,452,1024,0.44140625
01a0a57e-4c4f-7f82-af6d-66730fad5648,d,C,QB18,19,0,standard_pi_2,40,0.0,9000000.0,9.0,441,1024,0.4306640625
01a0a57e-4c4f-7f82-af6d-66730fad5648,d,C,QB18,19,1,UVH4d,0,0.0,-9000000.0,-9.0,378,1024,0.369140625
01a0a57e-4c4f-7f82-af6d-66730fad5648,d,C,QB18,19,1,UVH4d,1,0.0,-8550000.0,-8.55,368,1024,0.359375
01a0a57e-4c4f-7f82-af6d-66730fad5648,d,C,QB18,19,1,UVH4d,2,0.0,-8100000.0,-8.1,428,1024,0.41796875
01a0a57e-4c4f-7f82-af6d-66730fad5648,d,C,QB18,19,1,UVH4d,3,0.0,-7650000.0,-7.65,432,1024,0.421875
01a0a57e-4c4f-7f82-af6d-66730fad5648,d,C,QB18,19,1,UVH4d,4,0.0,-7200000.0,-7.2,419,1024,0.4091796875
01a0a57e-4c4f-7f82-af6d-66730fad5648,d,C,QB18,19,1,UVH4d,5,0.0,-6750000.0,-6.75,427,1024,0.4169921875
01a0a57e-4c4f-7f82-af6d-66730fad5648,d,C,QB18,19,1,UVH4d,6,0.0,-6300000.0,-6.3,410,1024,0.400390625
01a0a57e-4c4f-7f82-af6d-66730fad5648,d,C,QB18,19,1,UVH4d,7,0.0,-5850000.0,-5.85,425,1024,0.4150390625
01a0a57e-4c4f-7f82-af6d-66730fad5648,d,C,QB18,19,1,UVH4d,8,0.0,-5400000.0,-5.4,485,1024,0.4736328125
01a0a57e-4c4f-7f82-af6d-66730fad5648,d,C,QB18,19,1,UVH4d,9,0.0,-4950000.0,-4.95,489,1024,0.4775390625
01a0a57e-4c4f-7f82-af6d-66730fad5648,d,C,QB18,19,1,UVH4d,10,0.0,-4500000.0,-4.5,487,1024,0.4755859375
01a0a57e-4c4f-7f82-af6d-66730fad5648,d,C,QB18,19,1,UVH4d,11,0.0,-4050000.0,-4.05,483,1024,0.4716796875
01a0a57e-4c4f-7f82-af6d-66730fad5648,d,C,QB18,19,1,UVH4d,12,0.0,-3600000.0,-3.6,488,1024,0.4765625
01a0a57e-4c4f-7f82-af6d-66730fad5648,d,C,QB18,19,1,UVH4d,13,0.0,-3150000.0,-3.15,481,1024,0.4697265625
01a0a57e-4c4f-7f82-af6d-66730fad5648,d,C,QB18,19,1,UVH4d,14,0.0,-2700000.0,-2.7,491,1024,0.4794921875
01a0a57e-4c4f-7f82-af6d-66730fad5648,d,C,QB18,19,1,UVH4d,15,0.0,-2250000.0,-2.25,502,1024,0.490234375
01a0a57e-4c4f-7f82-af6d-66730fad5648,d,C,QB18,19,1,UVH4d,16,0.0,-1800000.0,-1.8,476,1024,0.46484375
01a0a57e-4c4f-7f82-af6d-66730fad5648,d,C,QB18,19,1,UVH4d,17,0.0,-1350000.0,-1.35,502,1024,0.490234375
01a0a57e-4c4f-7f82-af6d-66730fad5648,d,C,QB18,19,1,UVH4d,18,0.0,-900000.0,-0.9,492,1024,0.48046875
01a0a57e-4c4f-7f82-af6d-66730fad5648,d,C,QB18,19,1,UVH4d,19,0.0,-450000.0,-0.45,507,1024,0.4951171875
01a0a57e-4c4f-7f82-af6d-66730fad5648,d,C,QB18,19,1,UVH4d,20,0.0,0.0,0.0,479,1024,0.4677734375
01a0a57e-4c4f-7f82-af6d-66730fad5648,d,C,QB18,19,1,UVH4d,21,0.0,450000.0,0.45,517,1024,0.5048828125
01a0a57e-4c4f-7f82-af6d-66730fad5648,d,C,QB18,19,1,UVH4d,22,0.0,900000.0,0.9,515,1024,0.5029296875
01a0a57e-4c4f-7f82-af6d-66730fad5648,d,C,QB18,19,1,UVH4d,23,0.0,1350000.0,1.35,505,1024,0.4931640625
01a0a57e-4c4f-7f82-af6d-66730fad5648,d,C,QB18,19,1,UVH4d,24,0.0,1800000.0,1.8,515,1024,0.5029296875
01a0a57e-4c4f-7f82-af6d-66730fad5648,d,C,QB18,19,1,UVH4d,25,0.0,2250000.0,2.25,527,1024,0.5146484375
01a0a57e-4c4f-7f82-af6d-66730fad5648,d,C,QB18,19,1,UVH4d,26,0.0,2700000.0,2.7,550,1024,0.537109375
01a0a57e-4c4f-7f82-af6d-66730fad5648,d,C,QB18,19,1,UVH4d,27,0.0,3150000.0,3.15,541,1024,0.5283203125
01a0a57e-4c4f-7f82-af6d-66730fad5648,d,C,QB18,19,1,UVH4d,28,0.0,3600000.0,3.6,545,1024,0.5322265625
01a0a57e-4c4f-7f82-af6d-66730fad5648,d,C,QB18,19,1,UVH4d,29,0.0,4050000.0,4.05,524,1024,0.51171875
01a0a57e-4c4f-7f82-af6d-66730fad5648,d,C,QB18,19,1,UVH4d,30,0.0,4500000.0,4.5,581,1024,0.5673828125
01a0a57e-4c4f-7f82-af6d-66730fad5648,d,C,QB18,19,1,UVH4d,31,0.0,4950000.0,4.95,568,1024,0.5546875
01a0a57e-4c4f-7f82-af6d-66730fad5648,d,C,QB18,19,1,UVH4d,32,0.0,5400000.0,5.4,562,1024,0.548828125
01a0a57e-4c4f-7f82-af6d-66730fad5648,d,C,QB18,19,1,UVH4d,33,0.0,5850000.0,5.85,598,1024,0.583984375
01a0a57e-4c4f-7f82-af6d-66730fad5648,d,C,QB18,19,1,UVH4d,34,0.0,6300000.0,6.3,610,1024,0.595703125
01a0a57e-4c4f-7f82-af6d-66730fad5648,d,C,QB18,19,1,UVH4d,35,0.0,6750000.0,6.75,637,1024,0.6220703125
01a0a57e-4c4f-7f82-af6d-66730fad5648,d,C,QB18,19,1,UVH4d,36,0.0,7200000.0,7.2,634,1024,0.619140625
01a0a57e-4c4f-7f82-af6d-66730fad5648,d,C,QB18,19,1,UVH4d,37,0.0,7650000.0,7.65,633,1024,0.6181640625
01a0a57e-4c4f-7f82-af6d-66730fad5648,d,C,QB18,19,1,UVH4d,38,0.0,8100000.0,8.1,710,1024,0.693359375
01a0a57e-4c4f-7f82-af6d-66730fad5648,d,C,QB18,19,1,UVH4d,39,0.0,8550000.0,8.55,654,1024,0.638671875
01a0a57e-4c4f-7f82-af6d-66730fad5648,d,C,QB18,19,1,UVH4d,40,0.0,9000000.0,9.0,683,1024,0.6669921875
01a0a57e-4c4f-7f82-af6d-66730fad5648,d,C,QB18,19,2,UVH5d,0,0.0,-9000000.0,-9.0,92,1024,0.08984375
01a0a57e-4c4f-7f82-af6d-66730fad5648,d,C,QB18,19,2,UVH5d,1,0.0,-8550000.0,-8.55,111,1024,0.1083984375
01a0a57e-4c4f-7f82-af6d-66730fad5648,d,C,QB18,19,2,UVH5d,2,0.0,-8100000.0,-8.1,157,1024,0.1533203125
01a0a57e-4c4f-7f82-af6d-66730fad5648,d,C,QB18,19,2,UVH5d,3,0.0,-7650000.0,-7.65,155,1024,0.1513671875
01a0a57e-4c4f-7f82-af6d-66730fad5648,d,C,QB18,19,2,UVH5d,4,0.0,-7200000.0,-7.2,186,1024,0.181640625
01a0a57e-4c4f-7f82-af6d-66730fad5648,d,C,QB18,19,2,UVH5d,5,0.0,-6750000.0,-6.75,219,1024,0.2138671875
01a0a57e-4c4f-7f82-af6d-66730fad5648,d,C,QB18,19,2,UVH5d,6,0.0,-6300000.0,-6.3,272,1024,0.265625
01a0a57e-4c4f-7f82-af6d-66730fad5648,d,C,QB18,19,2,UVH5d,7,0.0,-5850000.0,-5.85,267,1024,0.2607421875
01a0a57e-4c4f-7f82-af6d-66730fad5648,d,C,QB18,19,2,UVH5d,8,0.0,-5400000.0,-5.4,330,1024,0.322265625
01a0a57e-4c4f-7f82-af6d-66730fad5648,d,C,QB18,19,2,UVH5d,9,0.0,-4950000.0,-4.95,375,1024,0.3662109375
01a0a57e-4c4f-7f82-af6d-66730fad5648,d,C,QB18,19,2,UVH5d,10,0.0,-4500000.0,-4.5,363,1024,0.3544921875
01a0a57e-4c4f-7f82-af6d-66730fad5648,d,C,QB18,19,2,UVH5d,11,0.0,-4050000.0,-4.05,388,1024,0.37890625
01a0a57e-4c4f-7f82-af6d-66730fad5648,d,C,QB18,19,2,UVH5d,12,0.0,-3600000.0,-3.6,423,1024,0.4130859375
01a0a57e-4c4f-7f82-af6d-66730fad5648,d,C,QB18,19,2,UVH5d,13,0.0,-3150000.0,-3.15,453,1024,0.4423828125
01a0a57e-4c4f-7f82-af6d-66730fad5648,d,C,QB18,19,2,UVH5d,14,0.0,-2700000.0,-2.7,485,1024,0.4736328125
01a0a57e-4c4f-7f82-af6d-66730fad5648,d,C,QB18,19,2,UVH5d,15,0.0,-2250000.0,-2.25,505,1024,0.4931640625
01a0a57e-4c4f-7f82-af6d-66730fad5648,d,C,QB18,19,2,UVH5d,16,0.0,-1800000.0,-1.8,492,1024,0.48046875
01a0a57e-4c4f-7f82-af6d-66730fad5648,d,C,QB18,19,2,UVH5d,17,0.0,-1350000.0,-1.35,523,1024,0.5107421875
01a0a57e-4c4f-7f82-af6d-66730fad5648,d,C,QB18,19,2,UVH5d,18,0.0,-900000.0,-0.9,523,1024,0.5107421875
01a0a57e-4c4f-7f82-af6d-66730fad5648,d,C,QB18,19,2,UVH5d,19,0.0,-450000.0,-0.45,532,1024,0.51953125
01a0a57e-4c4f-7f82-af6d-66730fad5648,d,C,QB18,19,2,UVH5d,20,0.0,0.0,0.0,523,1024,0.5107421875
01a0a57e-4c4f-7f82-af6d-66730fad5648,d,C,QB18,19,2,UVH5d,21,0.0,450000.0,0.45,492,1024,0.48046875
01a0a57e-4c4f-7f82-af6d-66730fad5648,d,C,QB18,19,2,UVH5d,22,0.0,900000.0,0.9,526,1024,0.513671875
01a0a57e-4c4f-7f82-af6d-66730fad5648,d,C,QB18,19,2,UVH5d,23,0.0,1350000.0,1.35,531,1024,0.5185546875
01a0a57e-4c4f-7f82-af6d-66730fad5648,d,C,QB18,19,2,UVH5d,24,0.0,1800000.0,1.8,518,1024,0.505859375
01a0a57e-4c4f-7f82-af6d-66730fad5648,d,C,QB18,19,2,UVH5d,25,0.0,2250000.0,2.25,499,1024,0.4873046875
01a0a57e-4c4f-7f82-af6d-66730fad5648,d,C,QB18,19,2,UVH5d,26,0.0,2700000.0,2.7,516,1024,0.50390625
01a0a57e-4c4f-7f82-af6d-66730fad5648,d,C,QB18,19,2,UVH5d,27,0.0,3150000.0,3.15,510,1024,0.498046875
01a0a57e-4c4f-7f82-af6d-66730fad5648,d,C,QB18,19,2,UVH5d,28,0.0,3600000.0,3.6,526,1024,0.513671875
01a0a57e-4c4f-7f82-af6d-66730fad5648,d,C,QB18,19,2,UVH5d,29,0.0,4050000.0,4.05,521,1024,0.5087890625
01a0a57e-4c4f-7f82-af6d-66730fad5648,d,C,QB18,19,2,UVH5d,30,0.0,4500000.0,4.5,549,1024,0.5361328125
01a0a57e-4c4f-7f82-af6d-66730fad5648,d,C,QB18,19,2,UVH5d,31,0.0,4950000.0,4.95,561,1024,0.5478515625
01a0a57e-4c4f-7f82-af6d-66730fad5648,d,C,QB18,19,2,UVH5d,32,0.0,5400000.0,5.4,573,1024,0.5595703125
01a0a57e-4c4f-7f82-af6d-66730fad5648,d,C,QB18,19,2,UVH5d,33,0.0,5850000.0,5.85,575,1024,0.5615234375
01a0a57e-4c4f-7f82-af6d-66730fad5648,d,C,QB18,19,2,UVH5d,34,0.0,6300000.0,6.3,559,1024,0.5458984375
01a0a57e-4c4f-7f82-af6d-66730fad5648,d,C,QB18,19,2,UVH5d,35,0.0,6750000.0,6.75,570,1024,0.556640625
01a0a57e-4c4f-7f82-af6d-66730fad5648,d,C,QB18,19,2,UVH5d,36,0.0,7200000.0,7.2,580,1024,0.56640625
01a0a57e-4c4f-7f82-af6d-66730fad5648,d,C,QB18,19,2,UVH5d,37,0.0,7650000.0,7.65,576,1024,0.5625
01a0a57e-4c4f-7f82-af6d-66730fad5648,d,C,QB18,19,2,UVH5d,38,0.0,8100000.0,8.1,583,1024,0.5693359375
01a0a57e-4c4f-7f82-af6d-66730fad5648,d,C,QB18,19,2,UVH5d,39,0.0,8550000.0,8.55,588,1024,0.57421875
01a0a57e-4c4f-7f82-af6d-66730fad5648,d,C,QB18,19,2,UVH5d,40,0.0,9000000.0,9.0,624,1024,0.609375
01a0a57e-4c4f-7f82-af6d-66730fad5648,d,C,QB18,19,3,UVH6d,0,0.0,-9000000.0,-9.0,583,1024,0.5693359375
01a0a57e-4c4f-7f82-af6d-66730fad5648,d,C,QB18,19,3,UVH6d,1,0.0,-8550000.0,-8.55,588,1024,0.57421875
01a0a57e-4c4f-7f82-af6d-66730fad5648,d,C,QB18,19,3,UVH6d,2,0.0,-8100000.0,-8.1,575,1024,0.5615234375
01a0a57e-4c4f-7f82-af6d-66730fad5648,d,C,QB18,19,3,UVH6d,3,0.0,-7650000.0,-7.65,560,1024,0.546875
01a0a57e-4c4f-7f82-af6d-66730fad5648,d,C,QB18,19,3,UVH6d,4,0.0,-7200000.0,-7.2,565,1024,0.5517578125
01a0a57e-4c4f-7f82-af6d-66730fad5648,d,C,QB18,19,3,UVH6d,5,0.0,-6750000.0,-6.75,551,1024,0.5380859375
01a0a57e-4c4f-7f82-af6d-66730fad5648,d,C,QB18,19,3,UVH6d,6,0.0,-6300000.0,-6.3,550,1024,0.537109375
01a0a57e-4c4f-7f82-af6d-66730fad5648,d,C,QB18,19,3,UVH6d,7,0.0,-5850000.0,-5.85,529,1024,0.5166015625
01a0a57e-4c4f-7f82-af6d-66730fad5648,d,C,QB18,19,3,UVH6d,8,0.0,-5400000.0,-5.4,543,1024,0.5302734375
01a0a57e-4c4f-7f82-af6d-66730fad5648,d,C,QB18,19,3,UVH6d,9,0.0,-4950000.0,-4.95,481,1024,0.4697265625
01a0a57e-4c4f-7f82-af6d-66730fad5648,d,C,QB18,19,3,UVH6d,10,0.0,-4500000.0,-4.5,499,1024,0.4873046875
01a0a57e-4c4f-7f82-af6d-66730fad5648,d,C,QB18,19,3,UVH6d,11,0.0,-4050000.0,-4.05,519,1024,0.5068359375
01a0a57e-4c4f-7f82-af6d-66730fad5648,d,C,QB18,19,3,UVH6d,12,0.0,-3600000.0,-3.6,513,1024,0.5009765625
01a0a57e-4c4f-7f82-af6d-66730fad5648,d,C,QB18,19,3,UVH6d,13,0.0,-3150000.0,-3.15,526,1024,0.513671875
01a0a57e-4c4f-7f82-af6d-66730fad5648,d,C,QB18,19,3,UVH6d,14,0.0,-2700000.0,-2.7,479,1024,0.4677734375
01a0a57e-4c4f-7f82-af6d-66730fad5648,d,C,QB18,19,3,UVH6d,15,0.0,-2250000.0,-2.25,553,1024,0.5400390625
01a0a57e-4c4f-7f82-af6d-66730fad5648,d,C,QB18,19,3,UVH6d,16,0.0,-1800000.0,-1.8,510,1024,0.498046875
01a0a57e-4c4f-7f82-af6d-66730fad5648,d,C,QB18,19,3,UVH6d,17,0.0,-1350000.0,-1.35,515,1024,0.5029296875
01a0a57e-4c4f-7f82-af6d-66730fad5648,d,C,QB18,19,3,UVH6d,18,0.0,-900000.0,-0.9,494,1024,0.482421875
01a0a57e-4c4f-7f82-af6d-66730fad5648,d,C,QB18,19,3,UVH6d,19,0.0,-450000.0,-0.45,534,1024,0.521484375
01a0a57e-4c4f-7f82-af6d-66730fad5648,d,C,QB18,19,3,UVH6d,20,0.0,0.0,0.0,513,1024,0.5009765625
01a0a57e-4c4f-7f82-af6d-66730fad5648,d,C,QB18,19,3,UVH6d,21,0.0,450000.0,0.45,525,1024,0.5126953125
01a0a57e-4c4f-7f82-af6d-66730fad5648,d,C,QB18,19,3,UVH6d,22,0.0,900000.0,0.9,500,1024,0.48828125
01a0a57e-4c4f-7f82-af6d-66730fad5648,d,C,QB18,19,3,UVH6d,23,0.0,1350000.0,1.35,511,1024,0.4990234375
01a0a57e-4c4f-7f82-af6d-66730fad5648,d,C,QB18,19,3,UVH6d,24,0.0,1800000.0,1.8,483,1024,0.4716796875
01a0a57e-4c4f-7f82-af6d-66730fad5648,d,C,QB18,19,3,UVH6d,25,0.0,2250000.0,2.25,513,1024,0.5009765625
01a0a57e-4c4f-7f82-af6d-66730fad5648,d,C,QB18,19,3,UVH6d,26,0.0,2700000.0,2.7,510,1024,0.498046875
01a0a57e-4c4f-7f82-af6d-66730fad5648,d,C,QB18,19,3,UVH6d,27,0.0,3150000.0,3.15,482,1024,0.470703125
01a0a57e-4c4f-7f82-af6d-66730fad5648,d,C,QB18,19,3,UVH6d,28,0.0,3600000.0,3.6,504,1024,0.4921875
01a0a57e-4c4f-7f82-af6d-66730fad5648,d,C,QB18,19,3,UVH6d,29,0.0,4050000.0,4.05,505,1024,0.4931640625
01a0a57e-4c4f-7f82-af6d-66730fad5648,d,C,QB18,19,3,UVH6d,30,0.0,4500000.0,4.5,496,1024,0.484375
01a0a57e-4c4f-7f82-af6d-66730fad5648,d,C,QB18,19,3,UVH6d,31,0.0,4950000.0,4.95,508,1024,0.49609375
01a0a57e-4c4f-7f82-af6d-66730fad5648,d,C,QB18,19,3,UVH6d,32,0.0,5400000.0,5.4,492,1024,0.48046875
01a0a57e-4c4f-7f82-af6d-66730fad5648,d,C,QB18,19,3,UVH6d,33,0.0,5850000.0,5.85,510,1024,0.498046875
01a0a57e-4c4f-7f82-af6d-66730fad5648,d,C,QB18,19,3,UVH6d,34,0.0,6300000.0,6.3,527,1024,0.5146484375
01a0a57e-4c4f-7f82-af6d-66730fad5648,d,C,QB18,19,3,UVH6d,35,0.0,6750000.0,6.75,525,1024,0.5126953125
01a0a57e-4c4f-7f82-af6d-66730fad5648,d,C,QB18,19,3,UVH6d,36,0.0,7200000.0,7.2,548,1024,0.53515625
01a0a57e-4c4f-7f82-af6d-66730fad5648,d,C,QB18,19,3,UVH6d,37,0.0,7650000.0,7.65,544,1024,0.53125
01a0a57e-4c4f-7f82-af6d-66730fad5648,d,C,QB18,19,3,UVH6d,38,0.0,8100000.0,8.1,579,1024,0.5654296875
01a0a57e-4c4f-7f82-af6d-66730fad5648,d,C,QB18,19,3,UVH6d,39,0.0,8550000.0,8.55,552,1024,0.5390625
01a0a57e-4c4f-7f82-af6d-66730fad5648,d,C,QB18,19,3,UVH6d,40,0.0,9000000.0,9.0,613,1024,0.5986328125
01a0a57e-4c4f-7f82-af6d-66730fad5648,d,C,QB18,19,4,UVH7d,0,0.0,-9000000.0,-9.0,523,1024,0.5107421875
01a0a57e-4c4f-7f82-af6d-66730fad5648,d,C,QB18,19,4,UVH7d,1,0.0,-8550000.0,-8.55,517,1024,0.5048828125
01a0a57e-4c4f-7f82-af6d-66730fad5648,d,C,QB18,19,4,UVH7d,2,0.0,-8100000.0,-8.1,506,1024,0.494140625
01a0a57e-4c4f-7f82-af6d-66730fad5648,d,C,QB18,19,4,UVH7d,3,0.0,-7650000.0,-7.65,467,1024,0.4560546875
01a0a57e-4c4f-7f82-af6d-66730fad5648,d,C,QB18,19,4,UVH7d,4,0.0,-7200000.0,-7.2,518,1024,0.505859375
01a0a57e-4c4f-7f82-af6d-66730fad5648,d,C,QB18,19,4,UVH7d,5,0.0,-6750000.0,-6.75,504,1024,0.4921875
01a0a57e-4c4f-7f82-af6d-66730fad5648,d,C,QB18,19,4,UVH7d,6,0.0,-6300000.0,-6.3,507,1024,0.4951171875
01a0a57e-4c4f-7f82-af6d-66730fad5648,d,C,QB18,19,4,UVH7d,7,0.0,-5850000.0,-5.85,505,1024,0.4931640625
01a0a57e-4c4f-7f82-af6d-66730fad5648,d,C,QB18,19,4,UVH7d,8,0.0,-5400000.0,-5.4,491,1024,0.4794921875
01a0a57e-4c4f-7f82-af6d-66730fad5648,d,C,QB18,19,4,UVH7d,9,0.0,-4950000.0,-4.95,507,1024,0.4951171875
01a0a57e-4c4f-7f82-af6d-66730fad5648,d,C,QB18,19,4,UVH7d,10,0.0,-4500000.0,-4.5,506,1024,0.494140625
01a0a57e-4c4f-7f82-af6d-66730fad5648,d,C,QB18,19,4,UVH7d,11,0.0,-4050000.0,-4.05,547,1024,0.5341796875
01a0a57e-4c4f-7f82-af6d-66730fad5648,d,C,QB18,19,4,UVH7d,12,0.0,-3600000.0,-3.6,514,1024,0.501953125
01a0a57e-4c4f-7f82-af6d-66730fad5648,d,C,QB18,19,4,UVH7d,13,0.0,-3150000.0,-3.15,504,1024,0.4921875
01a0a57e-4c4f-7f82-af6d-66730fad5648,d,C,QB18,19,4,UVH7d,14,0.0,-2700000.0,-2.7,513,1024,0.5009765625
01a0a57e-4c4f-7f82-af6d-66730fad5648,d,C,QB18,19,4,UVH7d,15,0.0,-2250000.0,-2.25,537,1024,0.5244140625
01a0a57e-4c4f-7f82-af6d-66730fad5648,d,C,QB18,19,4,UVH7d,16,0.0,-1800000.0,-1.8,511,1024,0.4990234375
01a0a57e-4c4f-7f82-af6d-66730fad5648,d,C,QB18,19,4,UVH7d,17,0.0,-1350000.0,-1.35,526,1024,0.513671875
01a0a57e-4c4f-7f82-af6d-66730fad5648,d,C,QB18,19,4,UVH7d,18,0.0,-900000.0,-0.9,513,1024,0.5009765625
01a0a57e-4c4f-7f82-af6d-66730fad5648,d,C,QB18,19,4,UVH7d,19,0.0,-450000.0,-0.45,524,1024,0.51171875
01a0a57e-4c4f-7f82-af6d-66730fad5648,d,C,QB18,19,4,UVH7d,20,0.0,0.0,0.0,493,1024,0.4814453125
01a0a57e-4c4f-7f82-af6d-66730fad5648,d,C,QB18,19,4,UVH7d,21,0.0,450000.0,0.45,528,1024,0.515625
01a0a57e-4c4f-7f82-af6d-66730fad5648,d,C,QB18,19,4,UVH7d,22,0.0,900000.0,0.9,492,1024,0.48046875
01a0a57e-4c4f-7f82-af6d-66730fad5648,d,C,QB18,19,4,UVH7d,23,0.0,1350000.0,1.35,517,1024,0.5048828125
01a0a57e-4c4f-7f82-af6d-66730fad5648,d,C,QB18,19,4,UVH7d,24,0.0,1800000.0,1.8,505,1024,0.4931640625
01a0a57e-4c4f-7f82-af6d-66730fad5648,d,C,QB18,19,4,UVH7d,25,0.0,2250000.0,2.25,519,1024,0.5068359375
01a0a57e-4c4f-7f82-af6d-66730fad5648,d,C,QB18,19,4,UVH7d,26,0.0,2700000.0,2.7,466,1024,0.455078125
01a0a57e-4c4f-7f82-af6d-66730fad5648,d,C,QB18,19,4,UVH7d,27,0.0,3150000.0,3.15,486,1024,0.474609375
01a0a57e-4c4f-7f82-af6d-66730fad5648,d,C,QB18,19,4,UVH7d,28,0.0,3600000.0,3.6,486,1024,0.474609375
01a0a57e-4c4f-7f82-af6d-66730fad5648,d,C,QB18,19,4,UVH7d,29,0.0,4050000.0,4.05,491,1024,0.4794921875
01a0a57e-4c4f-7f82-af6d-66730fad5648,d,C,QB18,19,4,UVH7d,30,0.0,4500000.0,4.5,487,1024,0.4755859375
01a0a57e-4c4f-7f82-af6d-66730fad5648,d,C,QB18,19,4,UVH7d,31,0.0,4950000.0,4.95,469,1024,0.4580078125
01a0a57e-4c4f-7f82-af6d-66730fad5648,d,C,QB18,19,4,UVH7d,32,0.0,5400000.0,5.4,454,1024,0.443359375
01a0a57e-4c4f-7f82-af6d-66730fad5648,d,C,QB18,19,4,UVH7d,33,0.0,5850000.0,5.85,458,1024,0.447265625
01a0a57e-4c4f-7f82-af6d-66730fad5648,d,C,QB18,19,4,UVH7d,34,0.0,6300000.0,6.3,433,1024,0.4228515625
01a0a57e-4c4f-7f82-af6d-66730fad5648,d,C,QB18,19,4,UVH7d,35,0.0,6750000.0,6.75,401,1024,0.3916015625
01a0a57e-4c4f-7f82-af6d-66730fad5648,d,C,QB18,19,4,UVH7d,36,0.0,7200000.0,7.2,396,1024,0.38671875
01a0a57e-4c4f-7f82-af6d-66730fad5648,d,C,QB18,19,4,UVH7d,37,0.0,7650000.0,7.65,370,1024,0.361328125
01a0a57e-4c4f-7f82-af6d-66730fad5648,d,C,QB18,19,4,UVH7d,38,0.0,8100000.0,8.1,352,1024,0.34375
01a0a57e-4c4f-7f82-af6d-66730fad5648,d,C,QB18,19,4,UVH7d,39,0.0,8550000.0,8.55,332,1024,0.32421875
01a0a57e-4c4f-7f82-af6d-66730fad5648,d,C,QB18,19,4,UVH7d,40,0.0,9000000.0,9.0,340,1024,0.33203125
01a0a57e-4c4f-7f82-af6d-66730fad5648,d,C,QB18,19,5,UVH8d,0,0.0,-9000000.0,-9.0,547,1024,0.5341796875
01a0a57e-4c4f-7f82-af6d-66730fad5648,d,C,QB18,19,5,UVH8d,1,0.0,-8550000.0,-8.55,507,1024,0.4951171875
01a0a57e-4c4f-7f82-af6d-66730fad5648,d,C,QB18,19,5,UVH8d,2,0.0,-8100000.0,-8.1,490,1024,0.478515625
01a0a57e-4c4f-7f82-af6d-66730fad5648,d,C,QB18,19,5,UVH8d,3,0.0,-7650000.0,-7.65,483,1024,0.4716796875
01a0a57e-4c4f-7f82-af6d-66730fad5648,d,C,QB18,19,5,UVH8d,4,0.0,-7200000.0,-7.2,481,1024,0.4697265625
01a0a57e-4c4f-7f82-af6d-66730fad5648,d,C,QB18,19,5,UVH8d,5,0.0,-6750000.0,-6.75,486,1024,0.474609375
01a0a57e-4c4f-7f82-af6d-66730fad5648,d,C,QB18,19,5,UVH8d,6,0.0,-6300000.0,-6.3,437,1024,0.4267578125
01a0a57e-4c4f-7f82-af6d-66730fad5648,d,C,QB18,19,5,UVH8d,7,0.0,-5850000.0,-5.85,462,1024,0.451171875
01a0a57e-4c4f-7f82-af6d-66730fad5648,d,C,QB18,19,5,UVH8d,8,0.0,-5400000.0,-5.4,487,1024,0.4755859375
01a0a57e-4c4f-7f82-af6d-66730fad5648,d,C,QB18,19,5,UVH8d,9,0.0,-4950000.0,-4.95,481,1024,0.4697265625
01a0a57e-4c4f-7f82-af6d-66730fad5648,d,C,QB18,19,5,UVH8d,10,0.0,-4500000.0,-4.5,460,1024,0.44921875
01a0a57e-4c4f-7f82-af6d-66730fad5648,d,C,QB18,19,5,UVH8d,11,0.0,-4050000.0,-4.05,512,1024,0.5
01a0a57e-4c4f-7f82-af6d-66730fad5648,d,C,QB18,19,5,UVH8d,12,0.0,-3600000.0,-3.6,495,1024,0.4833984375
01a0a57e-4c4f-7f82-af6d-66730fad5648,d,C,QB18,19,5,UVH8d,13,0.0,-3150000.0,-3.15,487,1024,0.4755859375
01a0a57e-4c4f-7f82-af6d-66730fad5648,d,C,QB18,19,5,UVH8d,14,0.0,-2700000.0,-2.7,499,1024,0.4873046875
01a0a57e-4c4f-7f82-af6d-66730fad5648,d,C,QB18,19,5,UVH8d,15,0.0,-2250000.0,-2.25,494,1024,0.482421875
01a0a57e-4c4f-7f82-af6d-66730fad5648,d,C,QB18,19,5,UVH8d,16,0.0,-1800000.0,-1.8,488,1024,0.4765625
01a0a57e-4c4f-7f82-af6d-66730fad5648,d,C,QB18,19,5,UVH8d,17,0.0,-1350000.0,-1.35,486,1024,0.474609375
01a0a57e-4c4f-7f82-af6d-66730fad5648,d,C,QB18,19,5,UVH8d,18,0.0,-900000.0,-0.9,477,1024,0.4658203125
01a0a57e-4c4f-7f82-af6d-66730fad5648,d,C,QB18,19,5,UVH8d,19,0.0,-450000.0,-0.45,489,1024,0.4775390625
01a0a57e-4c4f-7f82-af6d-66730fad5648,d,C,QB18,19,5,UVH8d,20,0.0,0.0,0.0,520,1024,0.5078125
01a0a57e-4c4f-7f82-af6d-66730fad5648,d,C,QB18,19,5,UVH8d,21,0.0,450000.0,0.45,506,1024,0.494140625
01a0a57e-4c4f-7f82-af6d-66730fad5648,d,C,QB18,19,5,UVH8d,22,0.0,900000.0,0.9,534,1024,0.521484375
01a0a57e-4c4f-7f82-af6d-66730fad5648,d,C,QB18,19,5,UVH8d,23,0.0,1350000.0,1.35,499,1024,0.4873046875
01a0a57e-4c4f-7f82-af6d-66730fad5648,d,C,QB18,19,5,UVH8d,24,0.0,1800000.0,1.8,533,1024,0.5205078125
01a0a57e-4c4f-7f82-af6d-66730fad5648,d,C,QB18,19,5,UVH8d,25,0.0,2250000.0,2.25,483,1024,0.4716796875
01a0a57e-4c4f-7f82-af6d-66730fad5648,d,C,QB18,19,5,UVH8d,26,0.0,2700000.0,2.7,504,1024,0.4921875
01a0a57e-4c4f-7f82-af6d-66730fad5648,d,C,QB18,19,5,UVH8d,27,0.0,3150000.0,3.15,471,1024,0.4599609375
01a0a57e-4c4f-7f82-af6d-66730fad5648,d,C,QB18,19,5,UVH8d,28,0.0,3600000.0,3.6,523,1024,0.5107421875
01a0a57e-4c4f-7f82-af6d-66730fad5648,d,C,QB18,19,5,UVH8d,29,0.0,4050000.0,4.05,501,1024,0.4892578125
01a0a57e-4c4f-7f82-af6d-66730fad5648,d,C,QB18,19,5,UVH8d,30,0.0,4500000.0,4.5,507,1024,0.4951171875
01a0a57e-4c4f-7f82-af6d-66730fad5648,d,C,QB18,19,5,UVH8d,31,0.0,4950000.0,4.95,505,1024,0.4931640625
01a0a57e-4c4f-7f82-af6d-66730fad5648,d,C,QB18,19,5,UVH8d,32,0.0,5400000.0,5.4,484,1024,0.47265625
01a0a57e-4c4f-7f82-af6d-66730fad5648,d,C,QB18,19,5,UVH8d,33,0.0,5850000.0,5.85,488,1024,0.4765625
01a0a57e-4c4f-7f82-af6d-66730fad5648,d,C,QB18,19,5,UVH8d,34,0.0,6300000.0,6.3,508,1024,0.49609375
01a0a57e-4c4f-7f82-af6d-66730fad5648,d,C,QB18,19,5,UVH8d,35,0.0,6750000.0,6.75,494,1024,0.482421875
01a0a57e-4c4f-7f82-af6d-66730fad5648,d,C,QB18,19,5,UVH8d,36,0.0,7200000.0,7.2,492,1024,0.48046875
01a0a57e-4c4f-7f82-af6d-66730fad5648,d,C,QB18,19,5,UVH8d,37,0.0,7650000.0,7.65,493,1024,0.4814453125
01a0a57e-4c4f-7f82-af6d-66730fad5648,d,C,QB18,19,5,UVH8d,38,0.0,8100000.0,8.1,499,1024,0.4873046875
01a0a57e-4c4f-7f82-af6d-66730fad5648,d,C,QB18,19,5,UVH8d,39,0.0,8550000.0,8.55,482,1024,0.470703125
01a0a57e-4c4f-7f82-af6d-66730fad5648,d,C,QB18,19,5,UVH8d,40,0.0,9000000.0,9.0,440,1024,0.4296875
