job_id,family,panel,qubit,logical_q,circuit_idx,circuit,sweep_idx,epsilon,detuning_Hz,detuning_MHz,n1,shots,p1_raw
01a072a6-658d-79f3-bff1-2e7fd0670b76,a,D,QB18,0,0,standard_pi_2,0,0.07,-9000000.0,-9.0,584,1024,0.5703125
01a072a6-658d-79f3-bff1-2e7fd0670b76,a,D,QB18,0,0,standard_pi_2,1,0.07,-8550000.0,-8.55,578,1024,0.564453125
01a072a6-658d-79f3-bff1-2e7fd0670b76,a,D,QB18,0,0,standard_pi_2,2,0.07,-8100000.0,-8.1,587,1024,0.5732421875
01a072a6-658d-79f3-bff1-2e7fd0670b76,a,D,QB18,0,0,standard_pi_2,3,0.07,-7650000.0,-7.65,560,1024,0.546875
01a072a6-658d-79f3-bff1-2e7fd0670b76,a,D,QB18,0,0,standard_pi_2,4,0.07,-7200000.0,-7.2,574,1024,0.560546875
01a072a6-658d-79f3-bff1-2e7fd0670b76,a,D,QB18,0,0,standard_pi_2,5,0.07,-6750000.0,-6.75,581,1024,0.5673828125
01a072a6-658d-79f3-bff1-2e7fd0670b76,a,D,QB18,0,0,standard_pi_2,6,0.07,-6300000.0,-6.3,582,1024,0.568359375
01a072a6-658d-79f3-bff1-2e7fd0670b76,a,D,QB18,0,0,standard_pi_2,7,0.07,-5850000.0,-5.85,571,1024,0.5576171875
01a072a6-658d-79f3-bff1-2e7fd0670b76,a,D,QB18,0,0,standard_pi_2,8,0.07,-5400000.0,-5.4,585,1024,0.5712890625
01a072a6-658d-79f3-bff1-2e7fd0670b76,a,D,QB18,0,0,standard_pi_2,9,0.07,-4950000.0,-4.95,566,1024,0.552734375
01a072a6-658d-79f3-bff1-2e7fd0670b76,a,D,QB18,0,0,standard_pi_2,10,0.07,-4500000.0,-4.5,577,1024,0.5634765625
01a072a6-658d-79f3-bff1-2e7fd0670b76,a,D,QB18,0,0,standard_pi_2,11,0.07,-4050000.0,-4.05,586,1024,0.572265625
01a072a6-658d-79f3-bff1-2e7fd0670b76,a,D,QB18,0,0,standard_pi_2,12,0.07,-3600000.0,-3.6,565,1024,0.5517578125
01a072a6-658d-79f3-bff1-2e7fd0670b76,a,D,QB18,0,0,standard_pi_2,13,0.07,-3150000.0,-3.15,570,1024,0.556640625
01a072a6-658d-79f3-bff1-2e7fd0670b76,a,D,QB18,0,0,standard_pi_2,14,0.07,-2700000.0,-2.7,560,1024,0.546875
01a072a6-658d-79f3-bff1-2e7fd0670b76,a,D,QB18,0,0,standard_pi_2,15,0.07,-2250000.0,-2.25,576,1024,0.5625
01a072a6-658d-79f3-bff1-2e7fd0670b76,a,D,QB18,0,0,standard_pi_2,16,0.07,-1800000.0,-1.8,551,1024,0.5380859375
01a072a6-658d-79f3-bff1-2e7fd0670b76,a,D,QB18,0,0,standard_pi_2,17,0.07,-1350000.0,-1.35,579,1024,0.5654296875
01a072a6-658d-79f3-bff1-2e7fd0670b76,a,D,QB18,0,0,standard_pi_2,18,0.07,-900000.0,-0.9,564,1024,0.55078125
01a072a6-658d-79f3-bff1-2e7fd0670b76,a,D,QB18,0,0,standard_pi_2,19,0.07,-450000.0,-0.45,531,1024,0.5185546875
01a072a6-658d-79f3-bff1-2e7fd0670b76,a,D,QB18,0,0,standard_pi_2,20,0.07,0.0,0.0,548,1024,0.53515625
01a072a6-658d-79f3-bff1-2e7fd0670b76,a,D,QB18,0,0,standard_pi_2,21,0.07,450000.0,0.45,552,1024,0.5390625
01a072a6-658d-79f3-bff1-2e7fd0670b76,a,D,QB18,0,0,standard_pi_2,22,0.07,900000.0,0.9,532,1024,0.51953125
01a072a6-658d-79f3-bff1-2e7fd0670b76,a,D,QB18,0,0,standard_pi_2,23,0.07,1350000.0,1.35,540,1024,0.52734375
01a072a6-658d-79f3-bff1-2e7fd0670b76,a,D,QB18,0,0,standard_pi_2,24,0.07,1800000.0,1.8,543,1024,0.5302734375
01a072a6-658d-79f3-bff1-2e7fd0670b76,a,D,QB18,0,0,standard_pi_2,25,0.07,2250000.0,2.25,549,1024,0.5361328125
01a072a6-658d-79f3-bff1-2e7fd0670b76,a,D,QB18,0,0,standard_pi_2,26,0.07,2700000.0,2.7,544,1024,0.53125
01a072a6-658d-79f3-bff1-2e7fd0670b76,a,D,QB18,0,0,standard_pi_2,27,0.07,3150000.0,3.15,558,1024,0.544921875
01a072a6-658d-79f3-bff1-2e7fd0670b76,a,D,QB18,0,0,standard_pi_2,28,0.07,3600000.0,3.6,525,1024,0.5126953125
01a072a6-658d-79f3-bff1-2e7fd0670b76,a,D,QB18,0,0,standard_pi_2,29,0.07,4050000.0,4.05,555,1024,0.5419921875
01a072a6-658d-79f3-bff1-2e7fd0670b76,a,D,QB18,0,0,standard_pi_2,30,0.07,4500000.0,4.5,510,1024,0.498046875
01a072a6-658d-79f3-bff1-2e7fd0670b76,a,D,QB18,0,0,standard_pi_2,31,0.07,4950000.0,4.95,523,1024,0.5107421875
01a072a6-658d-79f3-bff1-2e7fd0670b76,a,D,QB18,0,0,standard_pi_2,32,0.07,5400000.0,5.4,534,1024,0.521484375
01a072a6-658d-79f3-bff1-2e7fd0670b76,a,D,QB18,0,0,standard_pi_2,33,0.07,5850000.0,5.85,524,1024,0.51171875
01a072a6-658d-79f3-bff1-2e7fd0670b76,a,D,QB18,0,0,standard_pi_2,34,0.07,6300000.0,6.3,517,1024,0.5048828125
01a072a6-658d-79f3-bff1-2e7fd0670b76,a,D,QB18,0,0,standard_pi_2,35,0.07,6750000.0,6.75,488,1024,0.4765625
01a072a6-658d-79f3-bff1-2e7fd0670b76,a,D,QB18,0,0,standard_pi_2,36,0.07,7200000.0,7.2,510,1024,0.498046875
01a072a6-658d-79f3-bff1-2e7fd0670b76,a,D,QB18,0,0,standard_pi_2,37,0.07,7650000.0,7.65,495,1024,0.4833984375
01a072a6-658d-79f3-bff1-2e7fd0670b76,a,D,QB18,0,0,standard_pi_2,38,0.07,8100000.0,8.1,495,1024,0.4833984375
01a072a6-658d-79f3-bff1-2e7fd0670b76,a,D,QB18,0,0,standard_pi_2,39,0.07,8550000.0,8.55,498,1024,0.486328125
01a072a6-658d-79f3-bff1-2e7fd0670b76,a,D,QB18,0,0,standard_pi_2,40,0.07,9000000.0,9.0,502,1024,0.490234375
01a072a6-658d-79f3-bff1-2e7fd0670b76,a,D,QB18,0,1,UVH4a,0,0.07,-9000000.0,-9.0,563,1024,0.5498046875
01a072a6-658d-79f3-bff1-2e7fd0670b76,a,D,QB18,0,1,UVH4a,1,0.07,-8550000.0,-8.55,537,1024,0.5244140625
01a072a6-658d-79f3-bff1-2e7fd0670b76,a,D,QB18,0,1,UVH4a,2,0.07,-8100000.0,-8.1,533,1024,0.5205078125
01a072a6-658d-79f3-bff1-2e7fd0670b76,a,D,QB18,0,1,UVH4a,3,0.07,-7650000.0,-7.65,525,1024,0.5126953125
01a072a6-658d-79f3-bff1-2e7fd0670b76,a,D,QB18,0,1,UVH4a,4,0.07,-7200000.0,-7.2,498,1024,0.486328125
01a072a6-658d-79f3-bff1-2e7fd0670b76,a,D,QB18,0,1,UVH4a,5,0.07,-6750000.0,-6.75,499,1024,0.4873046875
01a072a6-658d-79f3-bff1-2e7fd0670b76,a,D,QB18,0,1,UVH4a,6,0.07,-6300000.0,-6.3,490,1024,0.478515625
01a072a6-658d-79f3-bff1-2e7fd0670b76,a,D,QB18,0,1,UVH4a,7,0.07,-5850000.0,-5.85,530,1024,0.517578125
01a072a6-658d-79f3-bff1-2e7fd0670b76,a,D,QB18,0,1,UVH4a,8,0.07,-5400000.0,-5.4,532,1024,0.51953125
01a072a6-658d-79f3-bff1-2e7fd0670b76,a,D,QB18,0,1,UVH4a,9,0.07,-4950000.0,-4.95,501,1024,0.4892578125
01a072a6-658d-79f3-bff1-2e7fd0670b76,a,D,QB18,0,1,UVH4a,10,0.07,-4500000.0,-4.5,497,1024,0.4853515625
01a072a6-658d-79f3-bff1-2e7fd0670b76,a,D,QB18,0,1,UVH4a,11,0.07,-4050000.0,-4.05,497,1024,0.4853515625
01a072a6-658d-79f3-bff1-2e7fd0670b76,a,D,QB18,0,1,UVH4a,12,0.07,-3600000.0,-3.6,500,1024,0.48828125
01a072a6-658d-79f3-bff1-2e7fd0670b76,a,D,QB18,0,1,UVH4a,13,0.07,-3150000.0,-3.15,497,1024,0.4853515625
01a072a6-658d-79f3-bff1-2e7fd0670b76,a,D,QB18,0,1,UVH4a,14,0.07,-2700000.0,-2.7,504,1024,0.4921875
01a072a6-658d-79f3-bff1-2e7fd0670b76,a,D,QB18,0,1,UVH4a,15,0.07,-2250000.0,-2.25,501,1024,0.4892578125
01a072a6-658d-79f3-bff1-2e7fd0670b76,a,D,QB18,0,1,UVH4a,16,0.07,-1800000.0,-1.8,487,1024,0.4755859375
01a072a6-658d-79f3-bff1-2e7fd0670b76,a,D,QB18,0,1,UVH4a,17,0.07,-1350000.0,-1.35,502,1024,0.490234375
01a072a6-658d-79f3-bff1-2e7fd0670b76,a,D,QB18,0,1,UVH4a,18,0.07,-900000.0,-0.9,492,1024,0.48046875
01a072a6-658d-79f3-bff1-2e7fd0670b76,a,D,QB18,0,1,UVH4a,19,0.07,-450000.0,-0.45,513,1024,0.5009765625
01a072a6-658d-79f3-bff1-2e7fd0670b76,a,D,QB18,0,1,UVH4a,20,0.07,0.0,0.0,518,1024,0.505859375
01a072a6-658d-79f3-bff1-2e7fd0670b76,a,D,QB18,0,1,UVH4a,21,0.07,450000.0,0.45,524,1024,0.51171875
01a072a6-658d-79f3-bff1-2e7fd0670b76,a,D,QB18,0,1,UVH4a,22,0.07,900000.0,0.9,505,1024,0.4931640625
01a072a6-658d-79f3-bff1-2e7fd0670b76,a,D,QB18,0,1,UVH4a,23,0.07,1350000.0,1.35,514,1024,0.501953125
01a072a6-658d-79f3-bff1-2e7fd0670b76,a,D,QB18,0,1,UVH4a,24,0.07,1800000.0,1.8,482,1024,0.470703125
01a072a6-658d-79f3-bff1-2e7fd0670b76,a,D,QB18,0,1,UVH4a,25,0.07,2250000.0,2.25,493,1024,0.4814453125
01a072a6-658d-79f3-bff1-2e7fd0670b76,a,D,QB18,0,1,UVH4a,26,0.07,2700000.0,2.7,494,1024,0.482421875
01a072a6-658d-79f3-bff1-2e7fd0670b76,a,D,QB18,0,1,UVH4a,27,0.07,3150000.0,3.15,509,1024,0.4970703125
01a072a6-658d-79f3-bff1-2e7fd0670b76,a,D,QB18,0,1,UVH4a,28,0.07,3600000.0,3.6,469,1024,0.4580078125
01a072a6-658d-79f3-bff1-2e7fd0670b76,a,D,QB18,0,1,UVH4a,29,0.07,4050000.0,4.05,491,1024,0.4794921875
01a072a6-658d-79f3-bff1-2e7fd0670b76,a,D,QB18,0,1,UVH4a,30,0.07,4500000.0,4.5,478,1024,0.466796875
01a072a6-658d-79f3-bff1-2e7fd0670b76,a,D,QB18,0,1,UVH4a,31,0.07,4950000.0,4.95,465,1024,0.4541015625
01a072a6-658d-79f3-bff1-2e7fd0670b76,a,D,QB18,0,1,UVH4a,32,0.07,5400000.0,5.4,464,1024,0.453125
01a072a6-658d-79f3-bff1-2e7fd0670b76,a,D,QB18,0,1,UVH4a,33,0.07,5850000.0,5.85,492,1024,0.48046875
01a072a6-658d-79f3-bff1-2e7fd0670b76,a,D,QB18,0,1,UVH4a,34,0.07,6300000.0,6.3,486,1024,0.474609375
01a072a6-658d-79f3-bff1-2e7fd0670b76,a,D,QB18,0,1,UVH4a,35,0.07,6750000.0,6.75,517,1024,0.5048828125
01a072a6-658d-79f3-bff1-2e7fd0670b76,a,D,QB18,0,1,UVH4a,36,0.07,7200000.0,7.2,491,1024,0.4794921875
01a072a6-658d-79f3-bff1-2e7fd0670b76,a,D,QB18,0,1,UVH4a,37,0.07,7650000.0,7.65,545,1024,0.5322265625
01a072a6-658d-79f3-bff1-2e7fd0670b76,a,D,QB18,0,1,UVH4a,38,0.07,8100000.0,8.1,525,1024,0.5126953125
01a072a6-658d-79f3-bff1-2e7fd0670b76,a,D,QB18,0,1,UVH4a,39,0.07,8550000.0,8.55,560,1024,0.546875
01a072a6-658d-79f3-bff1-2e7fd0670b76,a,D,QB18,0,1,UVH4a,40,0.07,9000000.0,9.0,539,1024,0.5263671875
01a072a6-658d-79f3-bff1-2e7fd0670b76,a,D,QB18,0,2,UVH5a,0,0.07,-9000000.0,-9.0,411,1024,0.4013671875
01a072a6-658d-79f3-bff1-2e7fd0670b76,a,D,QB18,0,2,UVH5a,1,0.07,-8550000.0,-8.55,405,1024,0.3955078125
01a072a6-658d-79f3-bff1-2e7fd0670b76,a,D,QB18,0,2,UVH5a,2,0.07,-8100000.0,-8.1,416,1024,0.40625
01a072a6-658d-79f3-bff1-2e7fd0670b76,a,D,QB18,0,2,UVH5a,3,0.07,-7650000.0,-7.65,421,1024,0.4111328125
01a072a6-658d-79f3-bff1-2e7fd0670b76,a,D,QB18,0,2,UVH5a,4,0.07,-7200000.0,-7.2,417,1024,0.4072265625
01a072a6-658d-79f3-bff1-2e7fd0670b76,a,D,QB18,0,2,UVH5a,5,0.07,-6750000.0,-6.75,425,1024,0.4150390625
01a072a6-658d-79f3-bff1-2e7fd0670b76,a,D,QB18,0,2,UVH5a,6,0.07,-6300000.0,-6.3,434,1024,0.423828125
01a072a6-658d-79f3-bff1-2e7fd0670b76,a,D,QB18,0,2,UVH5a,7,0.07,-5850000.0,-5.85,463,1024,0.4521484375
01a072a6-658d-79f3-bff1-2e7fd0670b76,a,D,QB18,0,2,UVH5a,8,0.07,-5400000.0,-5.4,428,1024,0.41796875
01a072a6-658d-79f3-bff1-2e7fd0670b76,a,D,QB18,0,2,UVH5a,9,0.07,-4950000.0,-4.95,450,1024,0.439453125
01a072a6-658d-79f3-bff1-2e7fd0670b76,a,D,QB18,0,2,UVH5a,10,0.07,-4500000.0,-4.5,475,1024,0.4638671875
01a072a6-658d-79f3-bff1-2e7fd0670b76,a,D,QB18,0,2,UVH5a,11,0.07,-4050000.0,-4.05,513,1024,0.5009765625
01a072a6-658d-79f3-bff1-2e7fd0670b76,a,D,QB18,0,2,UVH5a,12,0.07,-3600000.0,-3.6,470,1024,0.458984375
01a072a6-658d-79f3-bff1-2e7fd0670b76,a,D,QB18,0,2,UVH5a,13,0.07,-3150000.0,-3.15,523,1024,0.5107421875
01a072a6-658d-79f3-bff1-2e7fd0670b76,a,D,QB18,0,2,UVH5a,14,0.07,-2700000.0,-2.7,515,1024,0.5029296875
01a072a6-658d-79f3-bff1-2e7fd0670b76,a,D,QB18,0,2,UVH5a,15,0.07,-2250000.0,-2.25,516,1024,0.50390625
01a072a6-658d-79f3-bff1-2e7fd0670b76,a,D,QB18,0,2,UVH5a,16,0.07,-1800000.0,-1.8,517,1024,0.5048828125
01a072a6-658d-79f3-bff1-2e7fd0670b76,a,D,QB18,0,2,UVH5a,17,0.07,-1350000.0,-1.35,512,1024,0.5
01a072a6-658d-79f3-bff1-2e7fd0670b76,a,D,QB18,0,2,UVH5a,18,0.07,-900000.0,-0.9,503,1024,0.4912109375
01a072a6-658d-79f3-bff1-2e7fd0670b76,a,D,QB18,0,2,UVH5a,19,0.07,-450000.0,-0.45,536,1024,0.5234375
01a072a6-658d-79f3-bff1-2e7fd0670b76,a,D,QB18,0,2,UVH5a,20,0.07,0.0,0.0,513,1024,0.5009765625
01a072a6-658d-79f3-bff1-2e7fd0670b76,a,D,QB18,0,2,UVH5a,21,0.07,450000.0,0.45,527,1024,0.5146484375
01a072a6-658d-79f3-bff1-2e7fd0670b76,a,D,QB18,0,2,UVH5a,22,0.07,900000.0,0.9,534,1024,0.521484375
01a072a6-658d-79f3-bff1-2e7fd0670b76,a,D,QB18,0,2,UVH5a,23,0.07,1350000.0,1.35,515,1024,0.5029296875
01a072a6-658d-79f3-bff1-2e7fd0670b76,a,D,QB18,0,2,UVH5a,24,0.07,1800000.0,1.8,483,1024,0.4716796875
01a072a6-658d-79f3-bff1-2e7fd0670b76,a,D,QB18,0,2,UVH5a,25,0.07,2250000.0,2.25,520,1024,0.5078125
01a072a6-658d-79f3-bff1-2e7fd0670b76,a,D,QB18,0,2,UVH5a,26,0.07,2700000.0,2.7,497,1024,0.4853515625
01a072a6-658d-79f3-bff1-2e7fd0670b76,a,D,QB18,0,2,UVH5a,27,0.07,3150000.0,3.15,508,1024,0.49609375
01a072a6-658d-79f3-bff1-2e7fd0670b76,a,D,QB18,0,2,UVH5a,28,0.07,3600000.0,3.6,506,1024,0.494140625
01a072a6-658d-79f3-bff1-2e7fd0670b76,a,D,QB18,0,2,UVH5a,29,0.07,4050000.0,4.05,487,1024,0.4755859375
01a072a6-658d-79f3-bff1-2e7fd0670b76,a,D,QB18,0,2,UVH5a,30,0.07,4500000.0,4.5,469,1024,0.4580078125
01a072a6-658d-79f3-bff1-2e7fd0670b76,a,D,QB18,0,2,UVH5a,31,0.07,4950000.0,4.95,481,1024,0.4697265625
01a072a6-658d-79f3-bff1-2e7fd0670b76,a,D,QB18,0,2,UVH5a,32,0.07,5400000.0,5.4,465,1024,0.4541015625
01a072a6-658d-79f3-bff1-2e7fd0670b76,a,D,QB18,0,2,UVH5a,33,0.07,5850000.0,5.85,443,1024,0.4326171875
01a072a6-658d-79f3-bff1-2e7fd0670b76,a,D,QB18,0,2,UVH5a,34,0.07,6300000.0,6.3,453,1024,0.4423828125
01a072a6-658d-79f3-bff1-2e7fd0670b76,a,D,QB18,0,2,UVH5a,35,0.07,6750000.0,6.75,444,1024,0.43359375
01a072a6-658d-79f3-bff1-2e7fd0670b76,a,D,QB18,0,2,UVH5a,36,0.07,7200000.0,7.2,406,1024,0.396484375
01a072a6-658d-79f3-bff1-2e7fd0670b76,a,D,QB18,0,2,UVH5a,37,0.07,7650000.0,7.65,401,1024,0.3916015625
01a072a6-658d-79f3-bff1-2e7fd0670b76,a,D,QB18,0,2,UVH5a,38,0.07,8100000.0,8.1,404,1024,0.39453125
01a072a6-658d-79f3-bff1-2e7fd0670b76,a,D,QB18,0,2,UVH5a,39,0.07,8550000.0,8.55,386,1024,0.376953125
01a072a6-658d-79f3-bff1-2e7fd0670b76,a,D,QB18,0,2,UVH5a,40,0.07,9000000.0,9.0,366,1024,0.357421875
01a072a6-658d-79f3-bff1-2e7fd0670b76,a,D,QB18,0,3,UVH6a,0,0.07,-9000000.0,-9.0,526,1024,0.513671875
01a072a6-658d-79f3-bff1-2e7fd0670b76,a,D,QB18,0,3,UVH6a,1,0.07,-8550000.0,-8.55,540,1024,0.52734375
01a072a6-658d-79f3-bff1-2e7fd0670b76,a,D,QB18,0,3,UVH6a,2,0.07,-8100000.0,-8.1,557,1024,0.5439453125
01a072a6-658d-79f3-bff1-2e7fd0670b76,a,D,QB18,0,3,UVH6a,3,0.07,-7650000.0,-7.65,555,1024,0.5419921875
01a072a6-658d-79f3-bff1-2e7fd0670b76,a,D,QB18,0,3,UVH6a,4,0.07,-7200000.0,-7.2,521,1024,0.5087890625
01a072a6-658d-79f3-bff1-2e7fd0670b76,a,D,QB18,0,3,UVH6a,5,0.07,-6750000.0,-6.75,540,1024,0.52734375
01a072a6-658d-79f3-bff1-2e7fd0670b76,a,D,QB18,0,3,UVH6a,6,0.07,-6300000.0,-6.3,517,1024,0.5048828125
01a072a6-658d-79f3-bff1-2e7fd0670b76,a,D,QB18,0,3,UVH6a,7,0.07,-5850000.0,-5.85,526,1024,0.513671875
01a072a6-658d-79f3-bff1-2e7fd0670b76,a,D,QB18,0,3,UVH6a,8,0.07,-5400000.0,-5.4,537,1024,0.5244140625
01a072a6-658d-79f3-bff1-2e7fd0670b76,a,D,QB18,0,3,UVH6a,9,0.07,-4950000.0,-4.95,563,1024,0.5498046875
01a072a6-658d-79f3-bff1-2e7fd0670b76,a,D,QB18,0,3,UVH6a,10,0.07,-4500000.0,-4.5,516,1024,0.50390625
01a072a6-658d-79f3-bff1-2e7fd0670b76,a,D,QB18,0,3,UVH6a,11,0.07,-4050000.0,-4.05,517,1024,0.5048828125
01a072a6-658d-79f3-bff1-2e7fd0670b76,a,D,QB18,0,3,UVH6a,12,0.07,-3600000.0,-3.6,509,1024,0.4970703125
01a072a6-658d-79f3-bff1-2e7fd0670b76,a,D,QB18,0,3,UVH6a,13,0.07,-3150000.0,-3.15,526,1024,0.513671875
01a072a6-658d-79f3-bff1-2e7fd0670b76,a,D,QB18,0,3,UVH6a,14,0.07,-2700000.0,-2.7,509,1024,0.4970703125
01a072a6-658d-79f3-bff1-2e7fd0670b76,a,D,QB18,0,3,UVH6a,15,0.07,-2250000.0,-2.25,499,1024,0.4873046875
01a072a6-658d-79f3-bff1-2e7fd0670b76,a,D,QB18,0,3,UVH6a,16,0.07,-1800000.0,-1.8,513,1024,0.5009765625
01a072a6-658d-79f3-bff1-2e7fd0670b76,a,D,QB18,0,3,UVH6a,17,0.07,-1350000.0,-1.35,514,1024,0.501953125
01a072a6-658d-79f3-bff1-2e7fd0670b76,a,D,QB18,0,3,UVH6a,18,0.07,-900000.0,-0.9,510,1024,0.498046875
01a072a6-658d-79f3-bff1-2e7fd0670b76,a,D,QB18,0,3,UVH6a,19,0.07,-450000.0,-0.45,513,1024,0.5009765625
01a072a6-658d-79f3-bff1-2e7fd0670b76,a,D,QB18,0,3,UVH6a,20,0.07,0.0,0.0,551,1024,0.5380859375
01a072a6-658d-79f3-bff1-2e7fd0670b76,a,D,QB18,0,3,UVH6a,21,0.07,450000.0,0.45,498,1024,0.486328125
01a072a6-658d-79f3-bff1-2e7fd0670b76,a,D,QB18,0,3,UVH6a,22,0.07,900000.0,0.9,526,1024,0.513671875
01a072a6-658d-79f3-bff1-2e7fd0670b76,a,D,QB18,0,3,UVH6a,23,0.07,1350000.0,1.35,526,1024,0.513671875
01a072a6-658d-79f3-bff1-2e7fd0670b76,a,D,QB18,0,3,UVH6a,24,0.07,1800000.0,1.8,520,1024,0.5078125
01a072a6-658d-79f3-bff1-2e7fd0670b76,a,D,QB18,0,3,UVH6a,25,0.07,2250000.0,2.25,505,1024,0.4931640625
01a072a6-658d-79f3-bff1-2e7fd0670b76,a,D,QB18,0,3,UVH6a,26,0.07,2700000.0,2.7,517,1024,0.5048828125
01a072a6-658d-79f3-bff1-2e7fd0670b76,a,D,QB18,0,3,UVH6a,27,0.07,3150000.0,3.15,517,1024,0.5048828125
01a072a6-658d-79f3-bff1-2e7fd0670b76,a,D,QB18,0,3,UVH6a,28,0.07,3600000.0,3.6,510,1024,0.498046875
01a072a6-658d-79f3-bff1-2e7fd0670b76,a,D,QB18,0,3,UVH6a,29,0.07,4050000.0,4.05,525,1024,0.5126953125
01a072a6-658d-79f3-bff1-2e7fd0670b76,a,D,QB18,0,3,UVH6a,30,0.07,4500000.0,4.5,539,1024,0.5263671875
01a072a6-658d-79f3-bff1-2e7fd0670b76,a,D,QB18,0,3,UVH6a,31,0.07,4950000.0,4.95,533,1024,0.5205078125
01a072a6-658d-79f3-bff1-2e7fd0670b76,a,D,QB18,0,3,UVH6a,32,0.07,5400000.0,5.4,523,1024,0.5107421875
01a072a6-658d-79f3-bff1-2e7fd0670b76,a,D,QB18,0,3,UVH6a,33,0.07,5850000.0,5.85,534,1024,0.521484375
01a072a6-658d-79f3-bff1-2e7fd0670b76,a,D,QB18,0,3,UVH6a,34,0.07,6300000.0,6.3,556,1024,0.54296875
01a072a6-658d-79f3-bff1-2e7fd0670b76,a,D,QB18,0,3,UVH6a,35,0.07,6750000.0,6.75,572,1024,0.55859375
01a072a6-658d-79f3-bff1-2e7fd0670b76,a,D,QB18,0,3,UVH6a,36,0.07,7200000.0,7.2,587,1024,0.5732421875
01a072a6-658d-79f3-bff1-2e7fd0670b76,a,D,QB18,0,3,UVH6a,37,0.07,7650000.0,7.65,583,1024,0.5693359375
01a072a6-658d-79f3-bff1-2e7fd0670b76,a,D,QB18,0,3,UVH6a,38,0.07,8100000.0,8.1,589,1024,0.5751953125
01a072a6-658d-79f3-bff1-2e7fd0670b76,a,D,QB18,0,3,UVH6a,39,0.07,8550000.0,8.55,610,1024,0.595703125
01a072a6-658d-79f3-bff1-2e7fd0670b76,a,D,QB18,0,3,UVH6a,40,0.07,9000000.0,9.0,652,1024,0.63671875
01a072a6-658d-79f3-bff1-2e7fd0670b76,a,D,QB18,0,4,UVH7a,0,0.07,-9000000.0,-9.0,621,1024,0.6064453125
01a072a6-658d-79f3-bff1-2e7fd0670b76,a,D,QB18,0,4,UVH7a,1,0.07,-8550000.0,-8.55,555,1024,0.5419921875
01a072a6-658d-79f3-bff1-2e7fd0670b76,a,D,QB18,0,4,UVH7a,2,0.07,-8100000.0,-8.1,525,1024,0.5126953125
01a072a6-658d-79f3-bff1-2e7fd0670b76,a,D,QB18,0,4,UVH7a,3,0.07,-7650000.0,-7.65,549,1024,0.5361328125
01a072a6-658d-79f3-bff1-2e7fd0670b76,a,D,QB18,0,4,UVH7a,4,0.07,-7200000.0,-7.2,564,1024,0.55078125
01a072a6-658d-79f3-bff1-2e7fd0670b76,a,D,QB18,0,4,UVH7a,5,0.07,-6750000.0,-6.75,518,1024,0.505859375
01a072a6-658d-79f3-bff1-2e7fd0670b76,a,D,QB18,0,4,UVH7a,6,0.07,-6300000.0,-6.3,542,1024,0.529296875
01a072a6-658d-79f3-bff1-2e7fd0670b76,a,D,QB18,0,4,UVH7a,7,0.07,-5850000.0,-5.85,512,1024,0.5
01a072a6-658d-79f3-bff1-2e7fd0670b76,a,D,QB18,0,4,UVH7a,8,0.07,-5400000.0,-5.4,514,1024,0.501953125
01a072a6-658d-79f3-bff1-2e7fd0670b76,a,D,QB18,0,4,UVH7a,9,0.07,-4950000.0,-4.95,488,1024,0.4765625
01a072a6-658d-79f3-bff1-2e7fd0670b76,a,D,QB18,0,4,UVH7a,10,0.07,-4500000.0,-4.5,526,1024,0.513671875
01a072a6-658d-79f3-bff1-2e7fd0670b76,a,D,QB18,0,4,UVH7a,11,0.07,-4050000.0,-4.05,537,1024,0.5244140625
01a072a6-658d-79f3-bff1-2e7fd0670b76,a,D,QB18,0,4,UVH7a,12,0.07,-3600000.0,-3.6,522,1024,0.509765625
01a072a6-658d-79f3-bff1-2e7fd0670b76,a,D,QB18,0,4,UVH7a,13,0.07,-3150000.0,-3.15,492,1024,0.48046875
01a072a6-658d-79f3-bff1-2e7fd0670b76,a,D,QB18,0,4,UVH7a,14,0.07,-2700000.0,-2.7,492,1024,0.48046875
01a072a6-658d-79f3-bff1-2e7fd0670b76,a,D,QB18,0,4,UVH7a,15,0.07,-2250000.0,-2.25,517,1024,0.5048828125
01a072a6-658d-79f3-bff1-2e7fd0670b76,a,D,QB18,0,4,UVH7a,16,0.07,-1800000.0,-1.8,497,1024,0.4853515625
01a072a6-658d-79f3-bff1-2e7fd0670b76,a,D,QB18,0,4,UVH7a,17,0.07,-1350000.0,-1.35,489,1024,0.4775390625
01a072a6-658d-79f3-bff1-2e7fd0670b76,a,D,QB18,0,4,UVH7a,18,0.07,-900000.0,-0.9,475,1024,0.4638671875
01a072a6-658d-79f3-bff1-2e7fd0670b76,a,D,QB18,0,4,UVH7a,19,0.07,-450000.0,-0.45,490,1024,0.478515625
01a072a6-658d-79f3-bff1-2e7fd0670b76,a,D,QB18,0,4,UVH7a,20,0.07,0.0,0.0,467,1024,0.4560546875
01a072a6-658d-79f3-bff1-2e7fd0670b76,a,D,QB18,0,4,UVH7a,21,0.07,450000.0,0.45,479,1024,0.4677734375
01a072a6-658d-79f3-bff1-2e7fd0670b76,a,D,QB18,0,4,UVH7a,22,0.07,900000.0,0.9,501,1024,0.4892578125
01a072a6-658d-79f3-bff1-2e7fd0670b76,a,D,QB18,0,4,UVH7a,23,0.07,1350000.0,1.35,477,1024,0.4658203125
01a072a6-658d-79f3-bff1-2e7fd0670b76,a,D,QB18,0,4,UVH7a,24,0.07,1800000.0,1.8,483,1024,0.4716796875
01a072a6-658d-79f3-bff1-2e7fd0670b76,a,D,QB18,0,4,UVH7a,25,0.07,2250000.0,2.25,482,1024,0.470703125
01a072a6-658d-79f3-bff1-2e7fd0670b76,a,D,QB18,0,4,UVH7a,26,0.07,2700000.0,2.7,484,1024,0.47265625
01a072a6-658d-79f3-bff1-2e7fd0670b76,a,D,QB18,0,4,UVH7a,27,0.07,3150000.0,3.15,486,1024,0.474609375
01a072a6-658d-79f3-bff1-2e7fd0670b76,a,D,QB18,0,4,UVH7a,28,0.07,3600000.0,3.6,448,1024,0.4375
01a072a6-658d-79f3-bff1-2e7fd0670b76,a,D,QB18,0,4,UVH7a,29,0.07,4050000.0,4.05,468,1024,0.45703125
01a072a6-658d-79f3-bff1-2e7fd0670b76,a,D,QB18,0,4,UVH7a,30,0.07,4500000.0,4.5,461,1024,0.4501953125
01a072a6-658d-79f3-bff1-2e7fd0670b76,a,D,QB18,0,4,UVH7a,31,0.07,4950000.0,4.95,466,1024,0.455078125
01a072a6-658d-79f3-bff1-2e7fd0670b76,a,D,QB18,0,4,UVH7a,32,0.07,5400000.0,5.4,431,1024,0.4208984375
01a072a6-658d-79f3-bff1-2e7fd0670b76,a,D,QB18,0,4,UVH7a,33,0.07,5850000.0,5.85,402,1024,0.392578125
01a072a6-658d-79f3-bff1-2e7fd0670b76,a,D,QB18,0,4,UVH7a,34,0.07,6300000.0,6.3,406,1024,0.396484375
01a072a6-658d-79f3-bff1-2e7fd0670b76,a,D,QB18,0,4,UVH7a,35,0.07,6750000.0,6.75,429,1024,0.4189453125
01a072a6-658d-79f3-bff1-2e7fd0670b76,a,D,QB18,0,4,UVH7a,36,0.07,7200000.0,7.2,409,1024,0.3994140625
01a072a6-658d-79f3-bff1-2e7fd0670b76,a,D,QB18,0,4,UVH7a,37,0.07,7650000.0,7.65,371,1024,0.3623046875
01a072a6-658d-79f3-bff1-2e7fd0670b76,a,D,QB18,0,4,UVH7a,38,0.07,8100000.0,8.1,385,1024,0.3759765625
01a072a6-658d-79f3-bff1-2e7fd0670b76,a,D,QB18,0,4,UVH7a,39,0.07,8550000.0,8.55,338,1024,0.330078125
01a072a6-658d-79f3-bff1-2e7fd0670b76,a,D,QB18,0,4,UVH7a,40,0.07,9000000.0,9.0,335,1024,0.3271484375
01a072a6-658d-79f3-bff1-2e7fd0670b76,a,D,QB18,0,5,UVH8a,0,0.07,-9000000.0,-9.0,478,1024,0.466796875
01a072a6-658d-79f3-bff1-2e7fd0670b76,a,D,QB18,0,5,UVH8a,1,0.07,-8550000.0,-8.55,486,1024,0.474609375
01a072a6-658d-79f3-bff1-2e7fd0670b76,a,D,QB18,0,5,UVH8a,2,0.07,-8100000.0,-8.1,479,1024,0.4677734375
01a072a6-658d-79f3-bff1-2e7fd0670b76,a,D,QB18,0,5,UVH8a,3,0.07,-7650000.0,-7.65,481,1024,0.4697265625
01a072a6-658d-79f3-bff1-2e7fd0670b76,a,D,QB18,0,5,UVH8a,4,0.07,-7200000.0,-7.2,462,1024,0.451171875
01a072a6-658d-79f3-bff1-2e7fd0670b76,a,D,QB18,0,5,UVH8a,5,0.07,-6750000.0,-6.75,469,1024,0.4580078125
01a072a6-658d-79f3-bff1-2e7fd0670b76,a,D,QB18,0,5,UVH8a,6,0.07,-6300000.0,-6.3,470,1024,0.458984375
01a072a6-658d-79f3-bff1-2e7fd0670b76,a,D,QB18,0,5,UVH8a,7,0.07,-5850000.0,-5.85,474,1024,0.462890625
01a072a6-658d-79f3-bff1-2e7fd0670b76,a,D,QB18,0,5,UVH8a,8,0.07,-5400000.0,-5.4,463,1024,0.4521484375
01a072a6-658d-79f3-bff1-2e7fd0670b76,a,D,QB18,0,5,UVH8a,9,0.07,-4950000.0,-4.95,469,1024,0.4580078125
01a072a6-658d-79f3-bff1-2e7fd0670b76,a,D,QB18,0,5,UVH8a,10,0.07,-4500000.0,-4.5,490,1024,0.478515625
01a072a6-658d-79f3-bff1-2e7fd0670b76,a,D,QB18,0,5,UVH8a,11,0.07,-4050000.0,-4.05,471,1024,0.4599609375
01a072a6-658d-79f3-bff1-2e7fd0670b76,a,D,QB18,0,5,UVH8a,12,0.07,-3600000.0,-3.6,470,1024,0.458984375
01a072a6-658d-79f3-bff1-2e7fd0670b76,a,D,QB18,0,5,UVH8a,13,0.07,-3150000.0,-3.15,475,1024,0.4638671875
01a072a6-658d-79f3-bff1-2e7fd0670b76,a,D,QB18,0,5,UVH8a,14,0.07,-2700000.0,-2.7,496,1024,0.484375
01a072a6-658d-79f3-bff1-2e7fd0670b76,a,D,QB18,0,5,UVH8a,15,0.07,-2250000.0,-2.25,466,1024,0.455078125
01a072a6-658d-79f3-bff1-2e7fd0670b76,a,D,QB18,0,5,UVH8a,16,0.07,-1800000.0,-1.8,478,1024,0.466796875
01a072a6-658d-79f3-bff1-2e7fd0670b76,a,D,QB18,0,5,UVH8a,17,0.07,-1350000.0,-1.35,486,1024,0.474609375
01a072a6-658d-79f3-bff1-2e7fd0670b76,a,D,QB18,0,5,UVH8a,18,0.07,-900000.0,-0.9,483,1024,0.4716796875
01a072a6-658d-79f3-bff1-2e7fd0670b76,a,D,QB18,0,5,UVH8a,19,0.07,-450000.0,-0.45,472,1024,0.4609375
01a072a6-658d-79f3-bff1-2e7fd0670b76,a,D,QB18,0,5,UVH8a,20,0.07,0.0,0.0,482,1024,0.470703125
01a072a6-658d-79f3-bff1-2e7fd0670b76,a,D,QB18,0,5,UVH8a,21,0.07,450000.0,0.45,477,1024,0.4658203125
01a072a6-658d-79f3-bff1-2e7fd0670b76,a,D,QB18,0,5,UVH8a,22,0.07,900000.0,0.9,520,1024,0.5078125
01a072a6-658d-79f3-bff1-2e7fd0670b76,a,D,QB18,0,5,UVH8a,23,0.07,1350000.0,1.35,473,1024,0.4619140625
01a072a6-658d-79f3-bff1-2e7fd0670b76,a,D,QB18,0,5,UVH8a,24,0.07,1800000.0,1.8,457,1024,0.4462890625
01a072a6-658d-79f3-bff1-2e7fd0670b76,a,D,QB18,0,5,UVH8a,25,0.07,2250000.0,2.25,500,1024,0.48828125
01a072a6-658d-79f3-bff1-2e7fd0670b76,a,D,QB18,0,5,UVH8a,26,0.07,2700000.0,2.7,458,1024,0.447265625
01a072a6-658d-79f3-bff1-2e7fd0670b76,a,D,QB18,0,5,UVH8a,27,0.07,3150000.0,3.15,491,1024,0.4794921875
01a072a6-658d-79f3-bff1-2e7fd0670b76,a,D,QB18,0,5,UVH8a,28,0.07,3600000.0,3.6,510,1024,0.498046875
01a072a6-658d-79f3-bff1-2e7fd0670b76,a,D,QB18,0,5,UVH8a,29,0.07,4050000.0,4.05,501,1024,0.4892578125
01a072a6-658d-79f3-bff1-2e7fd0670b76,a,D,QB18,0,5,UVH8a,30,0.07,4500000.0,4.5,504,1024,0.4921875
01a072a6-658d-79f3-bff1-2e7fd0670b76,a,D,QB18,0,5,UVH8a,31,0.07,4950000.0,4.95,489,1024,0.4775390625
01a072a6-658d-79f3-bff1-2e7fd0670b76,a,D,QB18,0,5,UVH8a,32,0.07,5400000.0,5.4,475,1024,0.4638671875
01a072a6-658d-79f3-bff1-2e7fd0670b76,a,D,QB18,0,5,UVH8a,33,0.07,5850000.0,5.85,466,1024,0.455078125
01a072a6-658d-79f3-bff1-2e7fd0670b76,a,D,QB18,0,5,UVH8a,34,0.07,6300000.0,6.3,493,1024,0.4814453125
01a072a6-658d-79f3-bff1-2e7fd0670b76,a,D,QB18,0,5,UVH8a,35,0.07,6750000.0,6.75,464,1024,0.453125
01a072a6-658d-79f3-bff1-2e7fd0670b76,a,D,QB18,0,5,UVH8a,36,0.07,7200000.0,7.2,468,1024,0.45703125
01a072a6-658d-79f3-bff1-2e7fd0670b76,a,D,QB18,0,5,UVH8a,37,0.07,7650000.0,7.65,487,1024,0.4755859375
01a072a6-658d-79f3-bff1-2e7fd0670b76,a,D,QB18,0,5,UVH8a,38,0.07,8100000.0,8.1,423,1024,0.4130859375
01a072a6-658d-79f3-bff1-2e7fd0670b76,a,D,QB18,0,5,UVH8a,39,0.07,8550000.0,8.55,448,1024,0.4375
01a072a6-658d-79f3-bff1-2e7fd0670b76,a,D,QB18,0,5,UVH8a,40,0.07,9000000.0,9.0,412,1024,0.40234375
01a072a6-658d-79f3-bff1-2e7fd0670b76,a,D,QB1,1,0,standard_pi_2,0,0.07,-9000000.0,-9.0,555,1024,0.5419921875
01a072a6-658d-79f3-bff1-2e7fd0670b76,a,D,QB1,1,0,standard_pi_2,1,0.07,-8550000.0,-8.55,585,1024,0.5712890625
01a072a6-658d-79f3-bff1-2e7fd0670b76,a,D,QB1,1,0,standard_pi_2,2,0.07,-8100000.0,-8.1,614,1024,0.599609375
01a072a6-658d-79f3-bff1-2e7fd0670b76,a,D,QB1,1,0,standard_pi_2,3,0.07,-7650000.0,-7.65,558,1024,0.544921875
01a072a6-658d-79f3-bff1-2e7fd0670b76,a,D,QB1,1,0,standard_pi_2,4,0.07,-7200000.0,-7.2,572,1024,0.55859375
01a072a6-658d-79f3-bff1-2e7fd0670b76,a,D,QB1,1,0,standard_pi_2,5,0.07,-6750000.0,-6.75,552,1024,0.5390625
01a072a6-658d-79f3-bff1-2e7fd0670b76,a,D,QB1,1,0,standard_pi_2,6,0.07,-6300000.0,-6.3,563,1024,0.5498046875
01a072a6-658d-79f3-bff1-2e7fd0670b76,a,D,QB1,1,0,standard_pi_2,7,0.07,-5850000.0,-5.85,590,1024,0.576171875
01a072a6-658d-79f3-bff1-2e7fd0670b76,a,D,QB1,1,0,standard_pi_2,8,0.07,-5400000.0,-5.4,554,1024,0.541015625
01a072a6-658d-79f3-bff1-2e7fd0670b76,a,D,QB1,1,0,standard_pi_2,9,0.07,-4950000.0,-4.95,578,1024,0.564453125
01a072a6-658d-79f3-bff1-2e7fd0670b76,a,D,QB1,1,0,standard_pi_2,10,0.07,-4500000.0,-4.5,583,1024,0.5693359375
01a072a6-658d-79f3-bff1-2e7fd0670b76,a,D,QB1,1,0,standard_pi_2,11,0.07,-4050000.0,-4.05,556,1024,0.54296875
01a072a6-658d-79f3-bff1-2e7fd0670b76,a,D,QB1,1,0,standard_pi_2,12,0.07,-3600000.0,-3.6,571,1024,0.5576171875
01a072a6-658d-79f3-bff1-2e7fd0670b76,a,D,QB1,1,0,standard_pi_2,13,0.07,-3150000.0,-3.15,577,1024,0.5634765625
01a072a6-658d-79f3-bff1-2e7fd0670b76,a,D,QB1,1,0,standard_pi_2,14,0.07,-2700000.0,-2.7,590,1024,0.576171875
01a072a6-658d-79f3-bff1-2e7fd0670b76,a,D,QB1,1,0,standard_pi_2,15,0.07,-2250000.0,-2.25,594,1024,0.580078125
01a072a6-658d-79f3-bff1-2e7fd0670b76,a,D,QB1,1,0,standard_pi_2,16,0.07,-1800000.0,-1.8,548,1024,0.53515625
01a072a6-658d-79f3-bff1-2e7fd0670b76,a,D,QB1,1,0,standard_pi_2,17,0.07,-1350000.0,-1.35,576,1024,0.5625
01a072a6-658d-79f3-bff1-2e7fd0670b76,a,D,QB1,1,0,standard_pi_2,18,0.07,-900000.0,-0.9,559,1024,0.5458984375
01a072a6-658d-79f3-bff1-2e7fd0670b76,a,D,QB1,1,0,standard_pi_2,19,0.07,-450000.0,-0.45,588,1024,0.57421875
01a072a6-658d-79f3-bff1-2e7fd0670b76,a,D,QB1,1,0,standard_pi_2,20,0.07,0.0,0.0,549,1024,0.5361328125
01a072a6-658d-79f3-bff1-2e7fd0670b76,a,D,QB1,1,0,standard_pi_2,21,0.07,450000.0,0.45,544,1024,0.53125
01a072a6-658d-79f3-bff1-2e7fd0670b76,a,D,QB1,1,0,standard_pi_2,22,0.07,900000.0,0.9,568,1024,0.5546875
01a072a6-658d-79f3-bff1-2e7fd0670b76,a,D,QB1,1,0,standard_pi_2,23,0.07,1350000.0,1.35,552,1024,0.5390625
01a072a6-658d-79f3-bff1-2e7fd0670b76,a,D,QB1,1,0,standard_pi_2,24,0.07,1800000.0,1.8,557,1024,0.5439453125
01a072a6-658d-79f3-bff1-2e7fd0670b76,a,D,QB1,1,0,standard_pi_2,25,0.07,2250000.0,2.25,562,1024,0.548828125
01a072a6-658d-79f3-bff1-2e7fd0670b76,a,D,QB1,1,0,standard_pi_2,26,0.07,2700000.0,2.7,561,1024,0.5478515625
01a072a6-658d-79f3-bff1-2e7fd0670b76,a,D,QB1,1,0,standard_pi_2,27,0.07,3150000.0,3.15,547,1024,0.5341796875
01a072a6-658d-79f3-bff1-2e7fd0670b76,a,D,QB1,1,0,standard_pi_2,28,0.07,3600000.0,3.6,567,1024,0.5537109375
01a072a6-658d-79f3-bff1-2e7fd0670b76,a,D,QB1,1,0,standard_pi_2,29,0.07,4050000.0,4.05,541,1024,0.5283203125
01a072a6-658d-79f3-bff1-2e7fd0670b76,a,D,QB1,1,0,standard_pi_2,30,0.07,4500000.0,4.5,528,1024,0.515625
01a072a6-658d-79f3-bff1-2e7fd0670b76,a,D,QB1,1,0,standard_pi_2,31,0.07,4950000.0,4.95,528,1024,0.515625
01a072a6-658d-79f3-bff1-2e7fd0670b76,a,D,QB1,1,0,standard_pi_2,32,0.07,5400000.0,5.4,534,1024,0.521484375
01a072a6-658d-79f3-bff1-2e7fd0670b76,a,D,QB1,1,0,standard_pi_2,33,0.07,5850000.0,5.85,542,1024,0.529296875
01a072a6-658d-79f3-bff1-2e7fd0670b76,a,D,QB1,1,0,standard_pi_2,34,0.07,6300000.0,6.3,537,1024,0.5244140625
01a072a6-658d-79f3-bff1-2e7fd0670b76,a,D,QB1,1,0,standard_pi_2,35,0.07,6750000.0,6.75,511,1024,0.4990234375
01a072a6-658d-79f3-bff1-2e7fd0670b76,a,D,QB1,1,0,standard_pi_2,36,0.07,7200000.0,7.2,532,1024,0.51953125
01a072a6-658d-79f3-bff1-2e7fd0670b76,a,D,QB1,1,0,standard_pi_2,37,0.07,7650000.0,7.65,511,1024,0.4990234375
01a072a6-658d-79f3-bff1-2e7fd0670b76,a,D,QB1,1,0,standard_pi_2,38,0.07,8100000.0,8.1,511,1024,0.4990234375
01a072a6-658d-79f3-bff1-2e7fd0670b76,a,D,QB1,1,0,standard_pi_2,39,0.07,8550000.0,8.55,505,1024,0.4931640625
01a072a6-658d-79f3-bff1-2e7fd0670b76,a,D,QB1,1,0,standard_pi_2,40,0.07,9000000.0,9.0,520,1024,0.5078125
01a072a6-658d-79f3-bff1-2e7fd0670b76,a,D,QB1,1,1,UVH4a,0,0.07,-9000000.0,-9.0,549,1024,0.5361328125
01a072a6-658d-79f3-bff1-2e7fd0670b76,a,D,QB1,1,1,UVH4a,1,0.07,-8550000.0,-8.55,552,1024,0.5390625
01a072a6-658d-79f3-bff1-2e7fd0670b76,a,D,QB1,1,1,UVH4a,2,0.07,-8100000.0,-8.1,526,1024,0.513671875
01a072a6-658d-79f3-bff1-2e7fd0670b76,a,D,QB1,1,1,UVH4a,3,0.07,-7650000.0,-7.65,527,1024,0.5146484375
01a072a6-658d-79f3-bff1-2e7fd0670b76,a,D,QB1,1,1,UVH4a,4,0.07,-7200000.0,-7.2,513,1024,0.5009765625
01a072a6-658d-79f3-bff1-2e7fd0670b76,a,D,QB1,1,1,UVH4a,5,0.07,-6750000.0,-6.75,506,1024,0.494140625
01a072a6-658d-79f3-bff1-2e7fd0670b76,a,D,QB1,1,1,UVH4a,6,0.07,-6300000.0,-6.3,468,1024,0.45703125
01a072a6-658d-79f3-bff1-2e7fd0670b76,a,D,QB1,1,1,UVH4a,7,0.07,-5850000.0,-5.85,489,1024,0.4775390625
01a072a6-658d-79f3-bff1-2e7fd0670b76,a,D,QB1,1,1,UVH4a,8,0.07,-5400000.0,-5.4,490,1024,0.478515625
01a072a6-658d-79f3-bff1-2e7fd0670b76,a,D,QB1,1,1,UVH4a,9,0.07,-4950000.0,-4.95,475,1024,0.4638671875
01a072a6-658d-79f3-bff1-2e7fd0670b76,a,D,QB1,1,1,UVH4a,10,0.07,-4500000.0,-4.5,501,1024,0.4892578125
01a072a6-658d-79f3-bff1-2e7fd0670b76,a,D,QB1,1,1,UVH4a,11,0.07,-4050000.0,-4.05,485,1024,0.4736328125
01a072a6-658d-79f3-bff1-2e7fd0670b76,a,D,QB1,1,1,UVH4a,12,0.07,-3600000.0,-3.6,472,1024,0.4609375
01a072a6-658d-79f3-bff1-2e7fd0670b76,a,D,QB1,1,1,UVH4a,13,0.07,-3150000.0,-3.15,464,1024,0.453125
01a072a6-658d-79f3-bff1-2e7fd0670b76,a,D,QB1,1,1,UVH4a,14,0.07,-2700000.0,-2.7,478,1024,0.466796875
01a072a6-658d-79f3-bff1-2e7fd0670b76,a,D,QB1,1,1,UVH4a,15,0.07,-2250000.0,-2.25,496,1024,0.484375
01a072a6-658d-79f3-bff1-2e7fd0670b76,a,D,QB1,1,1,UVH4a,16,0.07,-1800000.0,-1.8,485,1024,0.4736328125
01a072a6-658d-79f3-bff1-2e7fd0670b76,a,D,QB1,1,1,UVH4a,17,0.07,-1350000.0,-1.35,463,1024,0.4521484375
01a072a6-658d-79f3-bff1-2e7fd0670b76,a,D,QB1,1,1,UVH4a,18,0.07,-900000.0,-0.9,487,1024,0.4755859375
01a072a6-658d-79f3-bff1-2e7fd0670b76,a,D,QB1,1,1,UVH4a,19,0.07,-450000.0,-0.45,496,1024,0.484375
01a072a6-658d-79f3-bff1-2e7fd0670b76,a,D,QB1,1,1,UVH4a,20,0.07,0.0,0.0,478,1024,0.466796875
01a072a6-658d-79f3-bff1-2e7fd0670b76,a,D,QB1,1,1,UVH4a,21,0.07,450000.0,0.45,528,1024,0.515625
01a072a6-658d-79f3-bff1-2e7fd0670b76,a,D,QB1,1,1,UVH4a,22,0.07,900000.0,0.9,516,1024,0.50390625
01a072a6-658d-79f3-bff1-2e7fd0670b76,a,D,QB1,1,1,UVH4a,23,0.07,1350000.0,1.35,471,1024,0.4599609375
01a072a6-658d-79f3-bff1-2e7fd0670b76,a,D,QB1,1,1,UVH4a,24,0.07,1800000.0,1.8,478,1024,0.466796875
01a072a6-658d-79f3-bff1-2e7fd0670b76,a,D,QB1,1,1,UVH4a,25,0.07,2250000.0,2.25,511,1024,0.4990234375
01a072a6-658d-79f3-bff1-2e7fd0670b76,a,D,QB1,1,1,UVH4a,26,0.07,2700000.0,2.7,509,1024,0.4970703125
01a072a6-658d-79f3-bff1-2e7fd0670b76,a,D,QB1,1,1,UVH4a,27,0.07,3150000.0,3.15,511,1024,0.4990234375
01a072a6-658d-79f3-bff1-2e7fd0670b76,a,D,QB1,1,1,UVH4a,28,0.07,3600000.0,3.6,510,1024,0.498046875
01a072a6-658d-79f3-bff1-2e7fd0670b76,a,D,QB1,1,1,UVH4a,29,0.07,4050000.0,4.05,544,1024,0.53125
01a072a6-658d-79f3-bff1-2e7fd0670b76,a,D,QB1,1,1,UVH4a,30,0.07,4500000.0,4.5,487,1024,0.4755859375
01a072a6-658d-79f3-bff1-2e7fd0670b76,a,D,QB1,1,1,UVH4a,31,0.07,4950000.0,4.95,521,1024,0.5087890625
01a072a6-658d-79f3-bff1-2e7fd0670b76,a,D,QB1,1,1,UVH4a,32,0.07,5400000.0,5.4,520,1024,0.5078125
01a072a6-658d-79f3-bff1-2e7fd0670b76,a,D,QB1,1,1,UVH4a,33,0.07,5850000.0,5.85,533,1024,0.5205078125
01a072a6-658d-79f3-bff1-2e7fd0670b76,a,D,QB1,1,1,UVH4a,34,0.07,6300000.0,6.3,491,1024,0.4794921875
01a072a6-658d-79f3-bff1-2e7fd0670b76,a,D,QB1,1,1,UVH4a,35,0.07,6750000.0,6.75,527,1024,0.5146484375
01a072a6-658d-79f3-bff1-2e7fd0670b76,a,D,QB1,1,1,UVH4a,36,0.07,7200000.0,7.2,542,1024,0.529296875
01a072a6-658d-79f3-bff1-2e7fd0670b76,a,D,QB1,1,1,UVH4a,37,0.07,7650000.0,7.65,555,1024,0.5419921875
01a072a6-658d-79f3-bff1-2e7fd0670b76,a,D,QB1,1,1,UVH4a,38,0.07,8100000.0,8.1,562,1024,0.548828125
01a072a6-658d-79f3-bff1-2e7fd0670b76,a,D,QB1,1,1,UVH4a,39,0.07,8550000.0,8.55,595,1024,0.5810546875
01a072a6-658d-79f3-bff1-2e7fd0670b76,a,D,QB1,1,1,UVH4a,40,0.07,9000000.0,9.0,585,1024,0.5712890625
01a072a6-658d-79f3-bff1-2e7fd0670b76,a,D,QB1,1,2,UVH5a,0,0.07,-9000000.0,-9.0,387,1024,0.3779296875
01a072a6-658d-79f3-bff1-2e7fd0670b76,a,D,QB1,1,2,UVH5a,1,0.07,-8550000.0,-8.55,380,1024,0.37109375
01a072a6-658d-79f3-bff1-2e7fd0670b76,a,D,QB1,1,2,UVH5a,2,0.07,-8100000.0,-8.1,392,1024,0.3828125
01a072a6-658d-79f3-bff1-2e7fd0670b76,a,D,QB1,1,2,UVH5a,3,0.07,-7650000.0,-7.65,372,1024,0.36328125
01a072a6-658d-79f3-bff1-2e7fd0670b76,a,D,QB1,1,2,UVH5a,4,0.07,-7200000.0,-7.2,413,1024,0.4033203125
01a072a6-658d-79f3-bff1-2e7fd0670b76,a,D,QB1,1,2,UVH5a,5,0.07,-6750000.0,-6.75,393,1024,0.3837890625
01a072a6-658d-79f3-bff1-2e7fd0670b76,a,D,QB1,1,2,UVH5a,6,0.07,-6300000.0,-6.3,418,1024,0.408203125
01a072a6-658d-79f3-bff1-2e7fd0670b76,a,D,QB1,1,2,UVH5a,7,0.07,-5850000.0,-5.85,415,1024,0.4052734375
01a072a6-658d-79f3-bff1-2e7fd0670b76,a,D,QB1,1,2,UVH5a,8,0.07,-5400000.0,-5.4,427,1024,0.4169921875
01a072a6-658d-79f3-bff1-2e7fd0670b76,a,D,QB1,1,2,UVH5a,9,0.07,-4950000.0,-4.95,411,1024,0.4013671875
01a072a6-658d-79f3-bff1-2e7fd0670b76,a,D,QB1,1,2,UVH5a,10,0.07,-4500000.0,-4.5,421,1024,0.4111328125
01a072a6-658d-79f3-bff1-2e7fd0670b76,a,D,QB1,1,2,UVH5a,11,0.07,-4050000.0,-4.05,437,1024,0.4267578125
01a072a6-658d-79f3-bff1-2e7fd0670b76,a,D,QB1,1,2,UVH5a,12,0.07,-3600000.0,-3.6,458,1024,0.447265625
01a072a6-658d-79f3-bff1-2e7fd0670b76,a,D,QB1,1,2,UVH5a,13,0.07,-3150000.0,-3.15,464,1024,0.453125
01a072a6-658d-79f3-bff1-2e7fd0670b76,a,D,QB1,1,2,UVH5a,14,0.07,-2700000.0,-2.7,455,1024,0.4443359375
01a072a6-658d-79f3-bff1-2e7fd0670b76,a,D,QB1,1,2,UVH5a,15,0.07,-2250000.0,-2.25,493,1024,0.4814453125
01a072a6-658d-79f3-bff1-2e7fd0670b76,a,D,QB1,1,2,UVH5a,16,0.07,-1800000.0,-1.8,473,1024,0.4619140625
01a072a6-658d-79f3-bff1-2e7fd0670b76,a,D,QB1,1,2,UVH5a,17,0.07,-1350000.0,-1.35,488,1024,0.4765625
01a072a6-658d-79f3-bff1-2e7fd0670b76,a,D,QB1,1,2,UVH5a,18,0.07,-900000.0,-0.9,525,1024,0.5126953125
01a072a6-658d-79f3-bff1-2e7fd0670b76,a,D,QB1,1,2,UVH5a,19,0.07,-450000.0,-0.45,511,1024,0.4990234375
01a072a6-658d-79f3-bff1-2e7fd0670b76,a,D,QB1,1,2,UVH5a,20,0.07,0.0,0.0,522,1024,0.509765625
01a072a6-658d-79f3-bff1-2e7fd0670b76,a,D,QB1,1,2,UVH5a,21,0.07,450000.0,0.45,498,1024,0.486328125
01a072a6-658d-79f3-bff1-2e7fd0670b76,a,D,QB1,1,2,UVH5a,22,0.07,900000.0,0.9,481,1024,0.4697265625
01a072a6-658d-79f3-bff1-2e7fd0670b76,a,D,QB1,1,2,UVH5a,23,0.07,1350000.0,1.35,497,1024,0.4853515625
01a072a6-658d-79f3-bff1-2e7fd0670b76,a,D,QB1,1,2,UVH5a,24,0.07,1800000.0,1.8,487,1024,0.4755859375
01a072a6-658d-79f3-bff1-2e7fd0670b76,a,D,QB1,1,2,UVH5a,25,0.07,2250000.0,2.25,480,1024,0.46875
01a072a6-658d-79f3-bff1-2e7fd0670b76,a,D,QB1,1,2,UVH5a,26,0.07,2700000.0,2.7,487,1024,0.4755859375
01a072a6-658d-79f3-bff1-2e7fd0670b76,a,D,QB1,1,2,UVH5a,27,0.07,3150000.0,3.15,467,1024,0.4560546875
01a072a6-658d-79f3-bff1-2e7fd0670b76,a,D,QB1,1,2,UVH5a,28,0.07,3600000.0,3.6,450,1024,0.439453125
01a072a6-658d-79f3-bff1-2e7fd0670b76,a,D,QB1,1,2,UVH5a,29,0.07,4050000.0,4.05,462,1024,0.451171875
01a072a6-658d-79f3-bff1-2e7fd0670b76,a,D,QB1,1,2,UVH5a,30,0.07,4500000.0,4.5,436,1024,0.42578125
01a072a6-658d-79f3-bff1-2e7fd0670b76,a,D,QB1,1,2,UVH5a,31,0.07,4950000.0,4.95,468,1024,0.45703125
01a072a6-658d-79f3-bff1-2e7fd0670b76,a,D,QB1,1,2,UVH5a,32,0.07,5400000.0,5.4,424,1024,0.4140625
01a072a6-658d-79f3-bff1-2e7fd0670b76,a,D,QB1,1,2,UVH5a,33,0.07,5850000.0,5.85,433,1024,0.4228515625
01a072a6-658d-79f3-bff1-2e7fd0670b76,a,D,QB1,1,2,UVH5a,34,0.07,6300000.0,6.3,423,1024,0.4130859375
01a072a6-658d-79f3-bff1-2e7fd0670b76,a,D,QB1,1,2,UVH5a,35,0.07,6750000.0,6.75,425,1024,0.4150390625
01a072a6-658d-79f3-bff1-2e7fd0670b76,a,D,QB1,1,2,UVH5a,36,0.07,7200000.0,7.2,395,1024,0.3857421875
01a072a6-658d-79f3-bff1-2e7fd0670b76,a,D,QB1,1,2,UVH5a,37,0.07,7650000.0,7.65,371,1024,0.3623046875
01a072a6-658d-79f3-bff1-2e7fd0670b76,a,D,QB1,1,2,UVH5a,38,0.07,8100000.0,8.1,398,1024,0.388671875
01a072a6-658d-79f3-bff1-2e7fd0670b76,a,D,QB1,1,2,UVH5a,39,0.07,8550000.0,8.55,391,1024,0.3818359375
01a072a6-658d-79f3-bff1-2e7fd0670b76,a,D,QB1,1,2,UVH5a,40,0.07,9000000.0,9.0,407,1024,0.3974609375
01a072a6-658d-79f3-bff1-2e7fd0670b76,a,D,QB1,1,3,UVH6a,0,0.07,-9000000.0,-9.0,561,1024,0.5478515625
01a072a6-658d-79f3-bff1-2e7fd0670b76,a,D,QB1,1,3,UVH6a,1,0.07,-8550000.0,-8.55,586,1024,0.572265625
01a072a6-658d-79f3-bff1-2e7fd0670b76,a,D,QB1,1,3,UVH6a,2,0.07,-8100000.0,-8.1,562,1024,0.548828125
01a072a6-658d-79f3-bff1-2e7fd0670b76,a,D,QB1,1,3,UVH6a,3,0.07,-7650000.0,-7.65,543,1024,0.5302734375
01a072a6-658d-79f3-bff1-2e7fd0670b76,a,D,QB1,1,3,UVH6a,4,0.07,-7200000.0,-7.2,581,1024,0.5673828125
01a072a6-658d-79f3-bff1-2e7fd0670b76,a,D,QB1,1,3,UVH6a,5,0.07,-6750000.0,-6.75,569,1024,0.5556640625
01a072a6-658d-79f3-bff1-2e7fd0670b76,a,D,QB1,1,3,UVH6a,6,0.07,-6300000.0,-6.3,551,1024,0.5380859375
01a072a6-658d-79f3-bff1-2e7fd0670b76,a,D,QB1,1,3,UVH6a,7,0.07,-5850000.0,-5.85,541,1024,0.5283203125
01a072a6-658d-79f3-bff1-2e7fd0670b76,a,D,QB1,1,3,UVH6a,8,0.07,-5400000.0,-5.4,510,1024,0.498046875
01a072a6-658d-79f3-bff1-2e7fd0670b76,a,D,QB1,1,3,UVH6a,9,0.07,-4950000.0,-4.95,519,1024,0.5068359375
01a072a6-658d-79f3-bff1-2e7fd0670b76,a,D,QB1,1,3,UVH6a,10,0.07,-4500000.0,-4.5,518,1024,0.505859375
01a072a6-658d-79f3-bff1-2e7fd0670b76,a,D,QB1,1,3,UVH6a,11,0.07,-4050000.0,-4.05,519,1024,0.5068359375
01a072a6-658d-79f3-bff1-2e7fd0670b76,a,D,QB1,1,3,UVH6a,12,0.07,-3600000.0,-3.6,528,1024,0.515625
01a072a6-658d-79f3-bff1-2e7fd0670b76,a,D,QB1,1,3,UVH6a,13,0.07,-3150000.0,-3.15,511,1024,0.4990234375
01a072a6-658d-79f3-bff1-2e7fd0670b76,a,D,QB1,1,3,UVH6a,14,0.07,-2700000.0,-2.7,530,1024,0.517578125
01a072a6-658d-79f3-bff1-2e7fd0670b76,a,D,QB1,1,3,UVH6a,15,0.07,-2250000.0,-2.25,507,1024,0.4951171875
01a072a6-658d-79f3-bff1-2e7fd0670b76,a,D,QB1,1,3,UVH6a,16,0.07,-1800000.0,-1.8,516,1024,0.50390625
01a072a6-658d-79f3-bff1-2e7fd0670b76,a,D,QB1,1,3,UVH6a,17,0.07,-1350000.0,-1.35,475,1024,0.4638671875
01a072a6-658d-79f3-bff1-2e7fd0670b76,a,D,QB1,1,3,UVH6a,18,0.07,-900000.0,-0.9,489,1024,0.4775390625
01a072a6-658d-79f3-bff1-2e7fd0670b76,a,D,QB1,1,3,UVH6a,19,0.07,-450000.0,-0.45,499,1024,0.4873046875
01a072a6-658d-79f3-bff1-2e7fd0670b76,a,D,QB1,1,3,UVH6a,20,0.07,0.0,0.0,501,1024,0.4892578125
01a072a6-658d-79f3-bff1-2e7fd0670b76,a,D,QB1,1,3,UVH6a,21,0.07,450000.0,0.45,507,1024,0.4951171875
01a072a6-658d-79f3-bff1-2e7fd0670b76,a,D,QB1,1,3,UVH6a,22,0.07,900000.0,0.9,515,1024,0.5029296875
01a072a6-658d-79f3-bff1-2e7fd0670b76,a,D,QB1,1,3,UVH6a,23,0.07,1350000.0,1.35,547,1024,0.5341796875
01a072a6-658d-79f3-bff1-2e7fd0670b76,a,D,QB1,1,3,UVH6a,24,0.07,1800000.0,1.8,520,1024,0.5078125
01a072a6-658d-79f3-bff1-2e7fd0670b76,a,D,QB1,1,3,UVH6a,25,0.07,2250000.0,2.25,504,1024,0.4921875
01a072a6-658d-79f3-bff1-2e7fd0670b76,a,D,QB1,1,3,UVH6a,26,0.07,2700000.0,2.7,516,1024,0.50390625
01a072a6-658d-79f3-bff1-2e7fd0670b76,a,D,QB1,1,3,UVH6a,27,0.07,3150000.0,3.15,518,1024,0.505859375
01a072a6-658d-79f3-bff1-2e7fd0670b76,a,D,QB1,1,3,UVH6a,28,0.07,3600000.0,3.6,492,1024,0.48046875
01a072a6-658d-79f3-bff1-2e7fd0670b76,a,D,QB1,1,3,UVH6a,29,0.07,4050000.0,4.05,509,1024,0.4970703125
01a072a6-658d-79f3-bff1-2e7fd0670b76,a,D,QB1,1,3,UVH6a,30,0.07,4500000.0,4.5,502,1024,0.490234375
01a072a6-658d-79f3-bff1-2e7fd0670b76,a,D,QB1,1,3,UVH6a,31,0.07,4950000.0,4.95,531,1024,0.5185546875
01a072a6-658d-79f3-bff1-2e7fd0670b76,a,D,QB1,1,3,UVH6a,32,0.07,5400000.0,5.4,528,1024,0.515625
01a072a6-658d-79f3-bff1-2e7fd0670b76,a,D,QB1,1,3,UVH6a,33,0.07,5850000.0,5.85,522,1024,0.509765625
01a072a6-658d-79f3-bff1-2e7fd0670b76,a,D,QB1,1,3,UVH6a,34,0.07,6300000.0,6.3,562,1024,0.548828125
01a072a6-658d-79f3-bff1-2e7fd0670b76,a,D,QB1,1,3,UVH6a,35,0.07,6750000.0,6.75,550,1024,0.537109375
01a072a6-658d-79f3-bff1-2e7fd0670b76,a,D,QB1,1,3,UVH6a,36,0.07,7200000.0,7.2,593,1024,0.5791015625
01a072a6-658d-79f3-bff1-2e7fd0670b76,a,D,QB1,1,3,UVH6a,37,0.07,7650000.0,7.65,588,1024,0.57421875
01a072a6-658d-79f3-bff1-2e7fd0670b76,a,D,QB1,1,3,UVH6a,38,0.07,8100000.0,8.1,617,1024,0.6025390625
01a072a6-658d-79f3-bff1-2e7fd0670b76,a,D,QB1,1,3,UVH6a,39,0.07,8550000.0,8.55,617,1024,0.6025390625
01a072a6-658d-79f3-bff1-2e7fd0670b76,a,D,QB1,1,3,UVH6a,40,0.07,9000000.0,9.0,651,1024,0.6357421875
01a072a6-658d-79f3-bff1-2e7fd0670b76,a,D,QB1,1,4,UVH7a,0,0.07,-9000000.0,-9.0,556,1024,0.54296875
01a072a6-658d-79f3-bff1-2e7fd0670b76,a,D,QB1,1,4,UVH7a,1,0.07,-8550000.0,-8.55,584,1024,0.5703125
01a072a6-658d-79f3-bff1-2e7fd0670b76,a,D,QB1,1,4,UVH7a,2,0.07,-8100000.0,-8.1,575,1024,0.5615234375
01a072a6-658d-79f3-bff1-2e7fd0670b76,a,D,QB1,1,4,UVH7a,3,0.07,-7650000.0,-7.65,545,1024,0.5322265625
01a072a6-658d-79f3-bff1-2e7fd0670b76,a,D,QB1,1,4,UVH7a,4,0.07,-7200000.0,-7.2,566,1024,0.552734375
01a072a6-658d-79f3-bff1-2e7fd0670b76,a,D,QB1,1,4,UVH7a,5,0.07,-6750000.0,-6.75,518,1024,0.505859375
01a072a6-658d-79f3-bff1-2e7fd0670b76,a,D,QB1,1,4,UVH7a,6,0.07,-6300000.0,-6.3,512,1024,0.5
01a072a6-658d-79f3-bff1-2e7fd0670b76,a,D,QB1,1,4,UVH7a,7,0.07,-5850000.0,-5.85,521,1024,0.5087890625
01a072a6-658d-79f3-bff1-2e7fd0670b76,a,D,QB1,1,4,UVH7a,8,0.07,-5400000.0,-5.4,512,1024,0.5
01a072a6-658d-79f3-bff1-2e7fd0670b76,a,D,QB1,1,4,UVH7a,9,0.07,-4950000.0,-4.95,501,1024,0.4892578125
01a072a6-658d-79f3-bff1-2e7fd0670b76,a,D,QB1,1,4,UVH7a,10,0.07,-4500000.0,-4.5,510,1024,0.498046875
01a072a6-658d-79f3-bff1-2e7fd0670b76,a,D,QB1,1,4,UVH7a,11,0.07,-4050000.0,-4.05,503,1024,0.4912109375
01a072a6-658d-79f3-bff1-2e7fd0670b76,a,D,QB1,1,4,UVH7a,12,0.07,-3600000.0,-3.6,497,1024,0.4853515625
01a072a6-658d-79f3-bff1-2e7fd0670b76,a,D,QB1,1,4,UVH7a,13,0.07,-3150000.0,-3.15,501,1024,0.4892578125
01a072a6-658d-79f3-bff1-2e7fd0670b76,a,D,QB1,1,4,UVH7a,14,0.07,-2700000.0,-2.7,498,1024,0.486328125
01a072a6-658d-79f3-bff1-2e7fd0670b76,a,D,QB1,1,4,UVH7a,15,0.07,-2250000.0,-2.25,493,1024,0.4814453125
01a072a6-658d-79f3-bff1-2e7fd0670b76,a,D,QB1,1,4,UVH7a,16,0.07,-1800000.0,-1.8,511,1024,0.4990234375
01a072a6-658d-79f3-bff1-2e7fd0670b76,a,D,QB1,1,4,UVH7a,17,0.07,-1350000.0,-1.35,500,1024,0.48828125
01a072a6-658d-79f3-bff1-2e7fd0670b76,a,D,QB1,1,4,UVH7a,18,0.07,-900000.0,-0.9,515,1024,0.5029296875
01a072a6-658d-79f3-bff1-2e7fd0670b76,a,D,QB1,1,4,UVH7a,19,0.07,-450000.0,-0.45,522,1024,0.509765625
01a072a6-658d-79f3-bff1-2e7fd0670b76,a,D,QB1,1,4,UVH7a,20,0.07,0.0,0.0,489,1024,0.4775390625
01a072a6-658d-79f3-bff1-2e7fd0670b76,a,D,QB1,1,4,UVH7a,21,0.07,450000.0,0.45,492,1024,0.48046875
01a072a6-658d-79f3-bff1-2e7fd0670b76,a,D,QB1,1,4,UVH7a,22,0.07,900000.0,0.9,478,1024,0.466796875
01a072a6-658d-79f3-bff1-2e7fd0670b76,a,D,QB1,1,4,UVH7a,23,0.07,1350000.0,1.35,509,1024,0.4970703125
01a072a6-658d-79f3-bff1-2e7fd0670b76,a,D,QB1,1,4,UVH7a,24,0.07,1800000.0,1.8,494,1024,0.482421875
01a072a6-658d-79f3-bff1-2e7fd0670b76,a,D,QB1,1,4,UVH7a,25,0.07,2250000.0,2.25,458,1024,0.447265625
01a072a6-658d-79f3-bff1-2e7fd0670b76,a,D,QB1,1,4,UVH7a,26,0.07,2700000.0,2.7,471,1024,0.4599609375
01a072a6-658d-79f3-bff1-2e7fd0670b76,a,D,QB1,1,4,UVH7a,27,0.07,3150000.0,3.15,497,1024,0.4853515625
01a072a6-658d-79f3-bff1-2e7fd0670b76,a,D,QB1,1,4,UVH7a,28,0.07,3600000.0,3.6,455,1024,0.4443359375
01a072a6-658d-79f3-bff1-2e7fd0670b76,a,D,QB1,1,4,UVH7a,29,0.07,4050000.0,4.05,444,1024,0.43359375
01a072a6-658d-79f3-bff1-2e7fd0670b76,a,D,QB1,1,4,UVH7a,30,0.07,4500000.0,4.5,442,1024,0.431640625
01a072a6-658d-79f3-bff1-2e7fd0670b76,a,D,QB1,1,4,UVH7a,31,0.07,4950000.0,4.95,432,1024,0.421875
01a072a6-658d-79f3-bff1-2e7fd0670b76,a,D,QB1,1,4,UVH7a,32,0.07,5400000.0,5.4,399,1024,0.3896484375
01a072a6-658d-79f3-bff1-2e7fd0670b76,a,D,QB1,1,4,UVH7a,33,0.07,5850000.0,5.85,425,1024,0.4150390625
01a072a6-658d-79f3-bff1-2e7fd0670b76,a,D,QB1,1,4,UVH7a,34,0.07,6300000.0,6.3,417,1024,0.4072265625
01a072a6-658d-79f3-bff1-2e7fd0670b76,a,D,QB1,1,4,UVH7a,35,0.07,6750000.0,6.75,389,1024,0.3798828125
01a072a6-658d-79f3-bff1-2e7fd0670b76,a,D,QB1,1,4,UVH7a,36,0.07,7200000.0,7.2,363,1024,0.3544921875
01a072a6-658d-79f3-bff1-2e7fd0670b76,a,D,QB1,1,4,UVH7a,37,0.07,7650000.0,7.65,380,1024,0.37109375
01a072a6-658d-79f3-bff1-2e7fd0670b76,a,D,QB1,1,4,UVH7a,38,0.07,8100000.0,8.1,357,1024,0.3486328125
01a072a6-658d-79f3-bff1-2e7fd0670b76,a,D,QB1,1,4,UVH7a,39,0.07,8550000.0,8.55,362,1024,0.353515625
01a072a6-658d-79f3-bff1-2e7fd0670b76,a,D,QB1,1,4,UVH7a,40,0.07,9000000.0,9.0,317,1024,0.3095703125
01a072a6-658d-79f3-bff1-2e7fd0670b76,a,D,QB1,1,5,UVH8a,0,0.07,-9000000.0,-9.0,487,1024,0.4755859375
01a072a6-658d-79f3-bff1-2e7fd0670b76,a,D,QB1,1,5,UVH8a,1,0.07,-8550000.0,-8.55,509,1024,0.4970703125
01a072a6-658d-79f3-bff1-2e7fd0670b76,a,D,QB1,1,5,UVH8a,2,0.07,-8100000.0,-8.1,516,1024,0.50390625
01a072a6-658d-79f3-bff1-2e7fd0670b76,a,D,QB1,1,5,UVH8a,3,0.07,-7650000.0,-7.65,492,1024,0.48046875
01a072a6-658d-79f3-bff1-2e7fd0670b76,a,D,QB1,1,5,UVH8a,4,0.07,-7200000.0,-7.2,559,1024,0.5458984375
01a072a6-658d-79f3-bff1-2e7fd0670b76,a,D,QB1,1,5,UVH8a,5,0.07,-6750000.0,-6.75,515,1024,0.5029296875
01a072a6-658d-79f3-bff1-2e7fd0670b76,a,D,QB1,1,5,UVH8a,6,0.07,-6300000.0,-6.3,513,1024,0.5009765625
01a072a6-658d-79f3-bff1-2e7fd0670b76,a,D,QB1,1,5,UVH8a,7,0.07,-5850000.0,-5.85,530,1024,0.517578125
01a072a6-658d-79f3-bff1-2e7fd0670b76,a,D,QB1,1,5,UVH8a,8,0.07,-5400000.0,-5.4,513,1024,0.5009765625
01a072a6-658d-79f3-bff1-2e7fd0670b76,a,D,QB1,1,5,UVH8a,9,0.07,-4950000.0,-4.95,537,1024,0.5244140625
01a072a6-658d-79f3-bff1-2e7fd0670b76,a,D,QB1,1,5,UVH8a,10,0.07,-4500000.0,-4.5,512,1024,0.5
01a072a6-658d-79f3-bff1-2e7fd0670b76,a,D,QB1,1,5,UVH8a,11,0.07,-4050000.0,-4.05,539,1024,0.5263671875
01a072a6-658d-79f3-bff1-2e7fd0670b76,a,D,QB1,1,5,UVH8a,12,0.07,-3600000.0,-3.6,550,1024,0.537109375
01a072a6-658d-79f3-bff1-2e7fd0670b76,a,D,QB1,1,5,UVH8a,13,0.07,-3150000.0,-3.15,521,1024,0.5087890625
01a072a6-658d-79f3-bff1-2e7fd0670b76,a,D,QB1,1,5,UVH8a,14,0.07,-2700000.0,-2.7,548,1024,0.53515625
01a072a6-658d-79f3-bff1-2e7fd0670b76,a,D,QB1,1,5,UVH8a,15,0.07,-2250000.0,-2.25,514,1024,0.501953125
01a072a6-658d-79f3-bff1-2e7fd0670b76,a,D,QB1,1,5,UVH8a,16,0.07,-1800000.0,-1.8,527,1024,0.5146484375
01a072a6-658d-79f3-bff1-2e7fd0670b76,a,D,QB1,1,5,UVH8a,17,0.07,-1350000.0,-1.35,538,1024,0.525390625
01a072a6-658d-79f3-bff1-2e7fd0670b76,a,D,QB1,1,5,UVH8a,18,0.07,-900000.0,-0.9,575,1024,0.5615234375
01a072a6-658d-79f3-bff1-2e7fd0670b76,a,D,QB1,1,5,UVH8a,19,0.07,-450000.0,-0.45,546,1024,0.533203125
01a072a6-658d-79f3-bff1-2e7fd0670b76,a,D,QB1,1,5,UVH8a,20,0.07,0.0,0.0,574,1024,0.560546875
01a072a6-658d-79f3-bff1-2e7fd0670b76,a,D,QB1,1,5,UVH8a,21,0.07,450000.0,0.45,539,1024,0.5263671875
01a072a6-658d-79f3-bff1-2e7fd0670b76,a,D,QB1,1,5,UVH8a,22,0.07,900000.0,0.9,518,1024,0.505859375
01a072a6-658d-79f3-bff1-2e7fd0670b76,a,D,QB1,1,5,UVH8a,23,0.07,1350000.0,1.35,548,1024,0.53515625
01a072a6-658d-79f3-bff1-2e7fd0670b76,a,D,QB1,1,5,UVH8a,24,0.07,1800000.0,1.8,522,1024,0.509765625
01a072a6-658d-79f3-bff1-2e7fd0670b76,a,D,QB1,1,5,UVH8a,25,0.07,2250000.0,2.25,535,1024,0.5224609375
01a072a6-658d-79f3-bff1-2e7fd0670b76,a,D,QB1,1,5,UVH8a,26,0.07,2700000.0,2.7,544,1024,0.53125
01a072a6-658d-79f3-bff1-2e7fd0670b76,a,D,QB1,1,5,UVH8a,27,0.07,3150000.0,3.15,513,1024,0.5009765625
01a072a6-658d-79f3-bff1-2e7fd0670b76,a,D,QB1,1,5,UVH8a,28,0.07,3600000.0,3.6,529,1024,0.5166015625
01a072a6-658d-79f3-bff1-2e7fd0670b76,a,D,QB1,1,5,UVH8a,29,0.07,4050000.0,4.05,524,1024,0.51171875
01a072a6-658d-79f3-bff1-2e7fd0670b76,a,D,QB1,1,5,UVH8a,30,0.07,4500000.0,4.5,510,1024,0.498046875
01a072a6-658d-79f3-bff1-2e7fd0670b76,a,D,QB1,1,5,UVH8a,31,0.07,4950000.0,4.95,499,1024,0.4873046875
01a072a6-658d-79f3-bff1-2e7fd0670b76,a,D,QB1,1,5,UVH8a,32,0.07,5400000.0,5.4,516,1024,0.50390625
01a072a6-658d-79f3-bff1-2e7fd0670b76,a,D,QB1,1,5,UVH8a,33,0.07,5850000.0,5.85,488,1024,0.4765625
01a072a6-658d-79f3-bff1-2e7fd0670b76,a,D,QB1,1,5,UVH8a,34,0.07,6300000.0,6.3,506,1024,0.494140625
01a072a6-658d-79f3-bff1-2e7fd0670b76,a,D,QB1,1,5,UVH8a,35,0.07,6750000.0,6.75,495,1024,0.4833984375
01a072a6-658d-79f3-bff1-2e7fd0670b76,a,D,QB1,1,5,UVH8a,36,0.07,7200000.0,7.2,481,1024,0.4697265625
01a072a6-658d-79f3-bff1-2e7fd0670b76,a,D,QB1,1,5,UVH8a,37,0.07,7650000.0,7.65,470,1024,0.458984375
01a072a6-658d-79f3-bff1-2e7fd0670b76,a,D,QB1,1,5,UVH8a,38,0.07,8100000.0,8.1,408,1024,0.3984375
01a072a6-658d-79f3-bff1-2e7fd0670b76,a,D,QB1,1,5,UVH8a,39,0.07,8550000.0,8.55,450,1024,0.439453125
01a072a6-658d-79f3-bff1-2e7fd0670b76,a,D,QB1,1,5,UVH8a,40,0.07,9000000.0,9.0,399,1024,0.3896484375
01a072a6-658d-79f3-bff1-2e7fd0670b76,a,D,QB11,2,0,standard_pi_2,0,0.07,-9000000.0,-9.0,593,1024,0.5791015625
01a072a6-658d-79f3-bff1-2e7fd0670b76,a,D,QB11,2,0,standard_pi_2,1,0.07,-8550000.0,-8.55,593,1024,0.5791015625
01a072a6-658d-79f3-bff1-2e7fd0670b76,a,D,QB11,2,0,standard_pi_2,2,0.07,-8100000.0,-8.1,564,1024,0.55078125
01a072a6-658d-79f3-bff1-2e7fd0670b76,a,D,QB11,2,0,standard_pi_2,3,0.07,-7650000.0,-7.65,550,1024,0.537109375
01a072a6-658d-79f3-bff1-2e7fd0670b76,a,D,QB11,2,0,standard_pi_2,4,0.07,-7200000.0,-7.2,577,1024,0.5634765625
01a072a6-658d-79f3-bff1-2e7fd0670b76,a,D,QB11,2,0,standard_pi_2,5,0.07,-6750000.0,-6.75,565,1024,0.5517578125
01a072a6-658d-79f3-bff1-2e7fd0670b76,a,D,QB11,2,0,standard_pi_2,6,0.07,-6300000.0,-6.3,587,1024,0.5732421875
01a072a6-658d-79f3-bff1-2e7fd0670b76,a,D,QB11,2,0,standard_pi_2,7,0.07,-5850000.0,-5.85,556,1024,0.54296875
01a072a6-658d-79f3-bff1-2e7fd0670b76,a,D,QB11,2,0,standard_pi_2,8,0.07,-5400000.0,-5.4,608,1024,0.59375
01a072a6-658d-79f3-bff1-2e7fd0670b76,a,D,QB11,2,0,standard_pi_2,9,0.07,-4950000.0,-4.95,578,1024,0.564453125
01a072a6-658d-79f3-bff1-2e7fd0670b76,a,D,QB11,2,0,standard_pi_2,10,0.07,-4500000.0,-4.5,554,1024,0.541015625
01a072a6-658d-79f3-bff1-2e7fd0670b76,a,D,QB11,2,0,standard_pi_2,11,0.07,-4050000.0,-4.05,527,1024,0.5146484375
01a072a6-658d-79f3-bff1-2e7fd0670b76,a,D,QB11,2,0,standard_pi_2,12,0.07,-3600000.0,-3.6,552,1024,0.5390625
01a072a6-658d-79f3-bff1-2e7fd0670b76,a,D,QB11,2,0,standard_pi_2,13,0.07,-3150000.0,-3.15,559,1024,0.5458984375
01a072a6-658d-79f3-bff1-2e7fd0670b76,a,D,QB11,2,0,standard_pi_2,14,0.07,-2700000.0,-2.7,576,1024,0.5625
01a072a6-658d-79f3-bff1-2e7fd0670b76,a,D,QB11,2,0,standard_pi_2,15,0.07,-2250000.0,-2.25,551,1024,0.5380859375
01a072a6-658d-79f3-bff1-2e7fd0670b76,a,D,QB11,2,0,standard_pi_2,16,0.07,-1800000.0,-1.8,554,1024,0.541015625
01a072a6-658d-79f3-bff1-2e7fd0670b76,a,D,QB11,2,0,standard_pi_2,17,0.07,-1350000.0,-1.35,545,1024,0.5322265625
01a072a6-658d-79f3-bff1-2e7fd0670b76,a,D,QB11,2,0,standard_pi_2,18,0.07,-900000.0,-0.9,579,1024,0.5654296875
01a072a6-658d-79f3-bff1-2e7fd0670b76,a,D,QB11,2,0,standard_pi_2,19,0.07,-450000.0,-0.45,530,1024,0.517578125
01a072a6-658d-79f3-bff1-2e7fd0670b76,a,D,QB11,2,0,standard_pi_2,20,0.07,0.0,0.0,558,1024,0.544921875
01a072a6-658d-79f3-bff1-2e7fd0670b76,a,D,QB11,2,0,standard_pi_2,21,0.07,450000.0,0.45,554,1024,0.541015625
01a072a6-658d-79f3-bff1-2e7fd0670b76,a,D,QB11,2,0,standard_pi_2,22,0.07,900000.0,0.9,530,1024,0.517578125
01a072a6-658d-79f3-bff1-2e7fd0670b76,a,D,QB11,2,0,standard_pi_2,23,0.07,1350000.0,1.35,559,1024,0.5458984375
01a072a6-658d-79f3-bff1-2e7fd0670b76,a,D,QB11,2,0,standard_pi_2,24,0.07,1800000.0,1.8,518,1024,0.505859375
01a072a6-658d-79f3-bff1-2e7fd0670b76,a,D,QB11,2,0,standard_pi_2,25,0.07,2250000.0,2.25,540,1024,0.52734375
01a072a6-658d-79f3-bff1-2e7fd0670b76,a,D,QB11,2,0,standard_pi_2,26,0.07,2700000.0,2.7,551,1024,0.5380859375
01a072a6-658d-79f3-bff1-2e7fd0670b76,a,D,QB11,2,0,standard_pi_2,27,0.07,3150000.0,3.15,540,1024,0.52734375
01a072a6-658d-79f3-bff1-2e7fd0670b76,a,D,QB11,2,0,standard_pi_2,28,0.07,3600000.0,3.6,528,1024,0.515625
01a072a6-658d-79f3-bff1-2e7fd0670b76,a,D,QB11,2,0,standard_pi_2,29,0.07,4050000.0,4.05,522,1024,0.509765625
01a072a6-658d-79f3-bff1-2e7fd0670b76,a,D,QB11,2,0,standard_pi_2,30,0.07,4500000.0,4.5,513,1024,0.5009765625
01a072a6-658d-79f3-bff1-2e7fd0670b76,a,D,QB11,2,0,standard_pi_2,31,0.07,4950000.0,4.95,499,1024,0.4873046875
01a072a6-658d-79f3-bff1-2e7fd0670b76,a,D,QB11,2,0,standard_pi_2,32,0.07,5400000.0,5.4,510,1024,0.498046875
01a072a6-658d-79f3-bff1-2e7fd0670b76,a,D,QB11,2,0,standard_pi_2,33,0.07,5850000.0,5.85,515,1024,0.5029296875
01a072a6-658d-79f3-bff1-2e7fd0670b76,a,D,QB11,2,0,standard_pi_2,34,0.07,6300000.0,6.3,502,1024,0.490234375
01a072a6-658d-79f3-bff1-2e7fd0670b76,a,D,QB11,2,0,standard_pi_2,35,0.07,6750000.0,6.75,519,1024,0.5068359375
01a072a6-658d-79f3-bff1-2e7fd0670b76,a,D,QB11,2,0,standard_pi_2,36,0.07,7200000.0,7.2,524,1024,0.51171875
01a072a6-658d-79f3-bff1-2e7fd0670b76,a,D,QB11,2,0,standard_pi_2,37,0.07,7650000.0,7.65,491,1024,0.4794921875
01a072a6-658d-79f3-bff1-2e7fd0670b76,a,D,QB11,2,0,standard_pi_2,38,0.07,8100000.0,8.1,500,1024,0.48828125
01a072a6-658d-79f3-bff1-2e7fd0670b76,a,D,QB11,2,0,standard_pi_2,39,0.07,8550000.0,8.55,500,1024,0.48828125
01a072a6-658d-79f3-bff1-2e7fd0670b76,a,D,QB11,2,0,standard_pi_2,40,0.07,9000000.0,9.0,474,1024,0.462890625
01a072a6-658d-79f3-bff1-2e7fd0670b76,a,D,QB11,2,1,UVH4a,0,0.07,-9000000.0,-9.0,494,1024,0.482421875
01a072a6-658d-79f3-bff1-2e7fd0670b76,a,D,QB11,2,1,UVH4a,1,0.07,-8550000.0,-8.55,472,1024,0.4609375
01a072a6-658d-79f3-bff1-2e7fd0670b76,a,D,QB11,2,1,UVH4a,2,0.07,-8100000.0,-8.1,480,1024,0.46875
01a072a6-658d-79f3-bff1-2e7fd0670b76,a,D,QB11,2,1,UVH4a,3,0.07,-7650000.0,-7.65,475,1024,0.4638671875
01a072a6-658d-79f3-bff1-2e7fd0670b76,a,D,QB11,2,1,UVH4a,4,0.07,-7200000.0,-7.2,470,1024,0.458984375
01a072a6-658d-79f3-bff1-2e7fd0670b76,a,D,QB11,2,1,UVH4a,5,0.07,-6750000.0,-6.75,467,1024,0.4560546875
01a072a6-658d-79f3-bff1-2e7fd0670b76,a,D,QB11,2,1,UVH4a,6,0.07,-6300000.0,-6.3,445,1024,0.4345703125
01a072a6-658d-79f3-bff1-2e7fd0670b76,a,D,QB11,2,1,UVH4a,7,0.07,-5850000.0,-5.85,448,1024,0.4375
01a072a6-658d-79f3-bff1-2e7fd0670b76,a,D,QB11,2,1,UVH4a,8,0.07,-5400000.0,-5.4,466,1024,0.455078125
01a072a6-658d-79f3-bff1-2e7fd0670b76,a,D,QB11,2,1,UVH4a,9,0.07,-4950000.0,-4.95,427,1024,0.4169921875
01a072a6-658d-79f3-bff1-2e7fd0670b76,a,D,QB11,2,1,UVH4a,10,0.07,-4500000.0,-4.5,451,1024,0.4404296875
01a072a6-658d-79f3-bff1-2e7fd0670b76,a,D,QB11,2,1,UVH4a,11,0.07,-4050000.0,-4.05,442,1024,0.431640625
01a072a6-658d-79f3-bff1-2e7fd0670b76,a,D,QB11,2,1,UVH4a,12,0.07,-3600000.0,-3.6,440,1024,0.4296875
01a072a6-658d-79f3-bff1-2e7fd0670b76,a,D,QB11,2,1,UVH4a,13,0.07,-3150000.0,-3.15,468,1024,0.45703125
01a072a6-658d-79f3-bff1-2e7fd0670b76,a,D,QB11,2,1,UVH4a,14,0.07,-2700000.0,-2.7,433,1024,0.4228515625
01a072a6-658d-79f3-bff1-2e7fd0670b76,a,D,QB11,2,1,UVH4a,15,0.07,-2250000.0,-2.25,436,1024,0.42578125
01a072a6-658d-79f3-bff1-2e7fd0670b76,a,D,QB11,2,1,UVH4a,16,0.07,-1800000.0,-1.8,468,1024,0.45703125
01a072a6-658d-79f3-bff1-2e7fd0670b76,a,D,QB11,2,1,UVH4a,17,0.07,-1350000.0,-1.35,468,1024,0.45703125
01a072a6-658d-79f3-bff1-2e7fd0670b76,a,D,QB11,2,1,UVH4a,18,0.07,-900000.0,-0.9,466,1024,0.455078125
01a072a6-658d-79f3-bff1-2e7fd0670b76,a,D,QB11,2,1,UVH4a,19,0.07,-450000.0,-0.45,481,1024,0.4697265625
01a072a6-658d-79f3-bff1-2e7fd0670b76,a,D,QB11,2,1,UVH4a,20,0.07,0.0,0.0,486,1024,0.474609375
01a072a6-658d-79f3-bff1-2e7fd0670b76,a,D,QB11,2,1,UVH4a,21,0.07,450000.0,0.45,469,1024,0.4580078125
01a072a6-658d-79f3-bff1-2e7fd0670b76,a,D,QB11,2,1,UVH4a,22,0.07,900000.0,0.9,475,1024,0.4638671875
01a072a6-658d-79f3-bff1-2e7fd0670b76,a,D,QB11,2,1,UVH4a,23,0.07,1350000.0,1.35,484,1024,0.47265625
01a072a6-658d-79f3-bff1-2e7fd0670b76,a,D,QB11,2,1,UVH4a,24,0.07,1800000.0,1.8,451,1024,0.4404296875
01a072a6-658d-79f3-bff1-2e7fd0670b76,a,D,QB11,2,1,UVH4a,25,0.07,2250000.0,2.25,434,1024,0.423828125
01a072a6-658d-79f3-bff1-2e7fd0670b76,a,D,QB11,2,1,UVH4a,26,0.07,2700000.0,2.7,443,1024,0.4326171875
01a072a6-658d-79f3-bff1-2e7fd0670b76,a,D,QB11,2,1,UVH4a,27,0.07,3150000.0,3.15,466,1024,0.455078125
01a072a6-658d-79f3-bff1-2e7fd0670b76,a,D,QB11,2,1,UVH4a,28,0.07,3600000.0,3.6,485,1024,0.4736328125
01a072a6-658d-79f3-bff1-2e7fd0670b76,a,D,QB11,2,1,UVH4a,29,0.07,4050000.0,4.05,426,1024,0.416015625
01a072a6-658d-79f3-bff1-2e7fd0670b76,a,D,QB11,2,1,UVH4a,30,0.07,4500000.0,4.5,444,1024,0.43359375
01a072a6-658d-79f3-bff1-2e7fd0670b76,a,D,QB11,2,1,UVH4a,31,0.07,4950000.0,4.95,471,1024,0.4599609375
01a072a6-658d-79f3-bff1-2e7fd0670b76,a,D,QB11,2,1,UVH4a,32,0.07,5400000.0,5.4,465,1024,0.4541015625
01a072a6-658d-79f3-bff1-2e7fd0670b76,a,D,QB11,2,1,UVH4a,33,0.07,5850000.0,5.85,472,1024,0.4609375
01a072a6-658d-79f3-bff1-2e7fd0670b76,a,D,QB11,2,1,UVH4a,34,0.07,6300000.0,6.3,468,1024,0.45703125
01a072a6-658d-79f3-bff1-2e7fd0670b76,a,D,QB11,2,1,UVH4a,35,0.07,6750000.0,6.75,485,1024,0.4736328125
01a072a6-658d-79f3-bff1-2e7fd0670b76,a,D,QB11,2,1,UVH4a,36,0.07,7200000.0,7.2,509,1024,0.4970703125
01a072a6-658d-79f3-bff1-2e7fd0670b76,a,D,QB11,2,1,UVH4a,37,0.07,7650000.0,7.65,490,1024,0.478515625
01a072a6-658d-79f3-bff1-2e7fd0670b76,a,D,QB11,2,1,UVH4a,38,0.07,8100000.0,8.1,514,1024,0.501953125
01a072a6-658d-79f3-bff1-2e7fd0670b76,a,D,QB11,2,1,UVH4a,39,0.07,8550000.0,8.55,533,1024,0.5205078125
01a072a6-658d-79f3-bff1-2e7fd0670b76,a,D,QB11,2,1,UVH4a,40,0.07,9000000.0,9.0,578,1024,0.564453125
01a072a6-658d-79f3-bff1-2e7fd0670b76,a,D,QB11,2,2,UVH5a,0,0.07,-9000000.0,-9.0,421,1024,0.4111328125
01a072a6-658d-79f3-bff1-2e7fd0670b76,a,D,QB11,2,2,UVH5a,1,0.07,-8550000.0,-8.55,410,1024,0.400390625
01a072a6-658d-79f3-bff1-2e7fd0670b76,a,D,QB11,2,2,UVH5a,2,0.07,-8100000.0,-8.1,394,1024,0.384765625
01a072a6-658d-79f3-bff1-2e7fd0670b76,a,D,QB11,2,2,UVH5a,3,0.07,-7650000.0,-7.65,407,1024,0.3974609375
01a072a6-658d-79f3-bff1-2e7fd0670b76,a,D,QB11,2,2,UVH5a,4,0.07,-7200000.0,-7.2,387,1024,0.3779296875
01a072a6-658d-79f3-bff1-2e7fd0670b76,a,D,QB11,2,2,UVH5a,5,0.07,-6750000.0,-6.75,392,1024,0.3828125
01a072a6-658d-79f3-bff1-2e7fd0670b76,a,D,QB11,2,2,UVH5a,6,0.07,-6300000.0,-6.3,433,1024,0.4228515625
01a072a6-658d-79f3-bff1-2e7fd0670b76,a,D,QB11,2,2,UVH5a,7,0.07,-5850000.0,-5.85,418,1024,0.408203125
01a072a6-658d-79f3-bff1-2e7fd0670b76,a,D,QB11,2,2,UVH5a,8,0.07,-5400000.0,-5.4,416,1024,0.40625
01a072a6-658d-79f3-bff1-2e7fd0670b76,a,D,QB11,2,2,UVH5a,9,0.07,-4950000.0,-4.95,413,1024,0.4033203125
01a072a6-658d-79f3-bff1-2e7fd0670b76,a,D,QB11,2,2,UVH5a,10,0.07,-4500000.0,-4.5,434,1024,0.423828125
01a072a6-658d-79f3-bff1-2e7fd0670b76,a,D,QB11,2,2,UVH5a,11,0.07,-4050000.0,-4.05,460,1024,0.44921875
01a072a6-658d-79f3-bff1-2e7fd0670b76,a,D,QB11,2,2,UVH5a,12,0.07,-3600000.0,-3.6,467,1024,0.4560546875
01a072a6-658d-79f3-bff1-2e7fd0670b76,a,D,QB11,2,2,UVH5a,13,0.07,-3150000.0,-3.15,489,1024,0.4775390625
01a072a6-658d-79f3-bff1-2e7fd0670b76,a,D,QB11,2,2,UVH5a,14,0.07,-2700000.0,-2.7,471,1024,0.4599609375
01a072a6-658d-79f3-bff1-2e7fd0670b76,a,D,QB11,2,2,UVH5a,15,0.07,-2250000.0,-2.25,478,1024,0.466796875
01a072a6-658d-79f3-bff1-2e7fd0670b76,a,D,QB11,2,2,UVH5a,16,0.07,-1800000.0,-1.8,501,1024,0.4892578125
01a072a6-658d-79f3-bff1-2e7fd0670b76,a,D,QB11,2,2,UVH5a,17,0.07,-1350000.0,-1.35,496,1024,0.484375
01a072a6-658d-79f3-bff1-2e7fd0670b76,a,D,QB11,2,2,UVH5a,18,0.07,-900000.0,-0.9,503,1024,0.4912109375
01a072a6-658d-79f3-bff1-2e7fd0670b76,a,D,QB11,2,2,UVH5a,19,0.07,-450000.0,-0.45,488,1024,0.4765625
01a072a6-658d-79f3-bff1-2e7fd0670b76,a,D,QB11,2,2,UVH5a,20,0.07,0.0,0.0,504,1024,0.4921875
01a072a6-658d-79f3-bff1-2e7fd0670b76,a,D,QB11,2,2,UVH5a,21,0.07,450000.0,0.45,445,1024,0.4345703125
01a072a6-658d-79f3-bff1-2e7fd0670b76,a,D,QB11,2,2,UVH5a,22,0.07,900000.0,0.9,521,1024,0.5087890625
01a072a6-658d-79f3-bff1-2e7fd0670b76,a,D,QB11,2,2,UVH5a,23,0.07,1350000.0,1.35,507,1024,0.4951171875
01a072a6-658d-79f3-bff1-2e7fd0670b76,a,D,QB11,2,2,UVH5a,24,0.07,1800000.0,1.8,508,1024,0.49609375
01a072a6-658d-79f3-bff1-2e7fd0670b76,a,D,QB11,2,2,UVH5a,25,0.07,2250000.0,2.25,473,1024,0.4619140625
01a072a6-658d-79f3-bff1-2e7fd0670b76,a,D,QB11,2,2,UVH5a,26,0.07,2700000.0,2.7,484,1024,0.47265625
01a072a6-658d-79f3-bff1-2e7fd0670b76,a,D,QB11,2,2,UVH5a,27,0.07,3150000.0,3.15,504,1024,0.4921875
01a072a6-658d-79f3-bff1-2e7fd0670b76,a,D,QB11,2,2,UVH5a,28,0.07,3600000.0,3.6,492,1024,0.48046875
01a072a6-658d-79f3-bff1-2e7fd0670b76,a,D,QB11,2,2,UVH5a,29,0.07,4050000.0,4.05,460,1024,0.44921875
01a072a6-658d-79f3-bff1-2e7fd0670b76,a,D,QB11,2,2,UVH5a,30,0.07,4500000.0,4.5,465,1024,0.4541015625
01a072a6-658d-79f3-bff1-2e7fd0670b76,a,D,QB11,2,2,UVH5a,31,0.07,4950000.0,4.95,448,1024,0.4375
01a072a6-658d-79f3-bff1-2e7fd0670b76,a,D,QB11,2,2,UVH5a,32,0.07,5400000.0,5.4,434,1024,0.423828125
01a072a6-658d-79f3-bff1-2e7fd0670b76,a,D,QB11,2,2,UVH5a,33,0.07,5850000.0,5.85,455,1024,0.4443359375
01a072a6-658d-79f3-bff1-2e7fd0670b76,a,D,QB11,2,2,UVH5a,34,0.07,6300000.0,6.3,462,1024,0.451171875
01a072a6-658d-79f3-bff1-2e7fd0670b76,a,D,QB11,2,2,UVH5a,35,0.07,6750000.0,6.75,435,1024,0.4248046875
01a072a6-658d-79f3-bff1-2e7fd0670b76,a,D,QB11,2,2,UVH5a,36,0.07,7200000.0,7.2,408,1024,0.3984375
01a072a6-658d-79f3-bff1-2e7fd0670b76,a,D,QB11,2,2,UVH5a,37,0.07,7650000.0,7.65,389,1024,0.3798828125
01a072a6-658d-79f3-bff1-2e7fd0670b76,a,D,QB11,2,2,UVH5a,38,0.07,8100000.0,8.1,397,1024,0.3876953125
01a072a6-658d-79f3-bff1-2e7fd0670b76,a,D,QB11,2,2,UVH5a,39,0.07,8550000.0,8.55,403,1024,0.3935546875
01a072a6-658d-79f3-bff1-2e7fd0670b76,a,D,QB11,2,2,UVH5a,40,0.07,9000000.0,9.0,384,1024,0.375
01a072a6-658d-79f3-bff1-2e7fd0670b76,a,D,QB11,2,3,UVH6a,0,0.07,-9000000.0,-9.0,541,1024,0.5283203125
01a072a6-658d-79f3-bff1-2e7fd0670b76,a,D,QB11,2,3,UVH6a,1,0.07,-8550000.0,-8.55,527,1024,0.5146484375
01a072a6-658d-79f3-bff1-2e7fd0670b76,a,D,QB11,2,3,UVH6a,2,0.07,-8100000.0,-8.1,519,1024,0.5068359375
01a072a6-658d-79f3-bff1-2e7fd0670b76,a,D,QB11,2,3,UVH6a,3,0.07,-7650000.0,-7.65,556,1024,0.54296875
01a072a6-658d-79f3-bff1-2e7fd0670b76,a,D,QB11,2,3,UVH6a,4,0.07,-7200000.0,-7.2,548,1024,0.53515625
01a072a6-658d-79f3-bff1-2e7fd0670b76,a,D,QB11,2,3,UVH6a,5,0.07,-6750000.0,-6.75,502,1024,0.490234375
01a072a6-658d-79f3-bff1-2e7fd0670b76,a,D,QB11,2,3,UVH6a,6,0.07,-6300000.0,-6.3,514,1024,0.501953125
01a072a6-658d-79f3-bff1-2e7fd0670b76,a,D,QB11,2,3,UVH6a,7,0.07,-5850000.0,-5.85,506,1024,0.494140625
01a072a6-658d-79f3-bff1-2e7fd0670b76,a,D,QB11,2,3,UVH6a,8,0.07,-5400000.0,-5.4,518,1024,0.505859375
01a072a6-658d-79f3-bff1-2e7fd0670b76,a,D,QB11,2,3,UVH6a,9,0.07,-4950000.0,-4.95,500,1024,0.48828125
01a072a6-658d-79f3-bff1-2e7fd0670b76,a,D,QB11,2,3,UVH6a,10,0.07,-4500000.0,-4.5,505,1024,0.4931640625
01a072a6-658d-79f3-bff1-2e7fd0670b76,a,D,QB11,2,3,UVH6a,11,0.07,-4050000.0,-4.05,507,1024,0.4951171875
01a072a6-658d-79f3-bff1-2e7fd0670b76,a,D,QB11,2,3,UVH6a,12,0.07,-3600000.0,-3.6,510,1024,0.498046875
01a072a6-658d-79f3-bff1-2e7fd0670b76,a,D,QB11,2,3,UVH6a,13,0.07,-3150000.0,-3.15,547,1024,0.5341796875
01a072a6-658d-79f3-bff1-2e7fd0670b76,a,D,QB11,2,3,UVH6a,14,0.07,-2700000.0,-2.7,534,1024,0.521484375
01a072a6-658d-79f3-bff1-2e7fd0670b76,a,D,QB11,2,3,UVH6a,15,0.07,-2250000.0,-2.25,490,1024,0.478515625
01a072a6-658d-79f3-bff1-2e7fd0670b76,a,D,QB11,2,3,UVH6a,16,0.07,-1800000.0,-1.8,482,1024,0.470703125
01a072a6-658d-79f3-bff1-2e7fd0670b76,a,D,QB11,2,3,UVH6a,17,0.07,-1350000.0,-1.35,477,1024,0.4658203125
01a072a6-658d-79f3-bff1-2e7fd0670b76,a,D,QB11,2,3,UVH6a,18,0.07,-900000.0,-0.9,496,1024,0.484375
01a072a6-658d-79f3-bff1-2e7fd0670b76,a,D,QB11,2,3,UVH6a,19,0.07,-450000.0,-0.45,461,1024,0.4501953125
01a072a6-658d-79f3-bff1-2e7fd0670b76,a,D,QB11,2,3,UVH6a,20,0.07,0.0,0.0,476,1024,0.46484375
01a072a6-658d-79f3-bff1-2e7fd0670b76,a,D,QB11,2,3,UVH6a,21,0.07,450000.0,0.45,520,1024,0.5078125
01a072a6-658d-79f3-bff1-2e7fd0670b76,a,D,QB11,2,3,UVH6a,22,0.07,900000.0,0.9,516,1024,0.50390625
01a072a6-658d-79f3-bff1-2e7fd0670b76,a,D,QB11,2,3,UVH6a,23,0.07,1350000.0,1.35,493,1024,0.4814453125
01a072a6-658d-79f3-bff1-2e7fd0670b76,a,D,QB11,2,3,UVH6a,24,0.07,1800000.0,1.8,501,1024,0.4892578125
01a072a6-658d-79f3-bff1-2e7fd0670b76,a,D,QB11,2,3,UVH6a,25,0.07,2250000.0,2.25,491,1024,0.4794921875
01a072a6-658d-79f3-bff1-2e7fd0670b76,a,D,QB11,2,3,UVH6a,26,0.07,2700000.0,2.7,524,1024,0.51171875
01a072a6-658d-79f3-bff1-2e7fd0670b76,a,D,QB11,2,3,UVH6a,27,0.07,3150000.0,3.15,497,1024,0.4853515625
01a072a6-658d-79f3-bff1-2e7fd0670b76,a,D,QB11,2,3,UVH6a,28,0.07,3600000.0,3.6,512,1024,0.5
01a072a6-658d-79f3-bff1-2e7fd0670b76,a,D,QB11,2,3,UVH6a,29,0.07,4050000.0,4.05,504,1024,0.4921875
01a072a6-658d-79f3-bff1-2e7fd0670b76,a,D,QB11,2,3,UVH6a,30,0.07,4500000.0,4.5,499,1024,0.4873046875
01a072a6-658d-79f3-bff1-2e7fd0670b76,a,D,QB11,2,3,UVH6a,31,0.07,4950000.0,4.95,575,1024,0.5615234375
01a072a6-658d-79f3-bff1-2e7fd0670b76,a,D,QB11,2,3,UVH6a,32,0.07,5400000.0,5.4,536,1024,0.5234375
01a072a6-658d-79f3-bff1-2e7fd0670b76,a,D,QB11,2,3,UVH6a,33,0.07,5850000.0,5.85,499,1024,0.4873046875
01a072a6-658d-79f3-bff1-2e7fd0670b76,a,D,QB11,2,3,UVH6a,34,0.07,6300000.0,6.3,536,1024,0.5234375
01a072a6-658d-79f3-bff1-2e7fd0670b76,a,D,QB11,2,3,UVH6a,35,0.07,6750000.0,6.75,549,1024,0.5361328125
01a072a6-658d-79f3-bff1-2e7fd0670b76,a,D,QB11,2,3,UVH6a,36,0.07,7200000.0,7.2,590,1024,0.576171875
01a072a6-658d-79f3-bff1-2e7fd0670b76,a,D,QB11,2,3,UVH6a,37,0.07,7650000.0,7.65,571,1024,0.5576171875
01a072a6-658d-79f3-bff1-2e7fd0670b76,a,D,QB11,2,3,UVH6a,38,0.07,8100000.0,8.1,574,1024,0.560546875
01a072a6-658d-79f3-bff1-2e7fd0670b76,a,D,QB11,2,3,UVH6a,39,0.07,8550000.0,8.55,627,1024,0.6123046875
01a072a6-658d-79f3-bff1-2e7fd0670b76,a,D,QB11,2,3,UVH6a,40,0.07,9000000.0,9.0,645,1024,0.6298828125
01a072a6-658d-79f3-bff1-2e7fd0670b76,a,D,QB11,2,4,UVH7a,0,0.07,-9000000.0,-9.0,608,1024,0.59375
01a072a6-658d-79f3-bff1-2e7fd0670b76,a,D,QB11,2,4,UVH7a,1,0.07,-8550000.0,-8.55,574,1024,0.560546875
01a072a6-658d-79f3-bff1-2e7fd0670b76,a,D,QB11,2,4,UVH7a,2,0.07,-8100000.0,-8.1,568,1024,0.5546875
01a072a6-658d-79f3-bff1-2e7fd0670b76,a,D,QB11,2,4,UVH7a,3,0.07,-7650000.0,-7.65,540,1024,0.52734375
01a072a6-658d-79f3-bff1-2e7fd0670b76,a,D,QB11,2,4,UVH7a,4,0.07,-7200000.0,-7.2,514,1024,0.501953125
01a072a6-658d-79f3-bff1-2e7fd0670b76,a,D,QB11,2,4,UVH7a,5,0.07,-6750000.0,-6.75,523,1024,0.5107421875
01a072a6-658d-79f3-bff1-2e7fd0670b76,a,D,QB11,2,4,UVH7a,6,0.07,-6300000.0,-6.3,529,1024,0.5166015625
01a072a6-658d-79f3-bff1-2e7fd0670b76,a,D,QB11,2,4,UVH7a,7,0.07,-5850000.0,-5.85,517,1024,0.5048828125
01a072a6-658d-79f3-bff1-2e7fd0670b76,a,D,QB11,2,4,UVH7a,8,0.07,-5400000.0,-5.4,538,1024,0.525390625
01a072a6-658d-79f3-bff1-2e7fd0670b76,a,D,QB11,2,4,UVH7a,9,0.07,-4950000.0,-4.95,523,1024,0.5107421875
01a072a6-658d-79f3-bff1-2e7fd0670b76,a,D,QB11,2,4,UVH7a,10,0.07,-4500000.0,-4.5,511,1024,0.4990234375
01a072a6-658d-79f3-bff1-2e7fd0670b76,a,D,QB11,2,4,UVH7a,11,0.07,-4050000.0,-4.05,523,1024,0.5107421875
01a072a6-658d-79f3-bff1-2e7fd0670b76,a,D,QB11,2,4,UVH7a,12,0.07,-3600000.0,-3.6,522,1024,0.509765625
01a072a6-658d-79f3-bff1-2e7fd0670b76,a,D,QB11,2,4,UVH7a,13,0.07,-3150000.0,-3.15,532,1024,0.51953125
01a072a6-658d-79f3-bff1-2e7fd0670b76,a,D,QB11,2,4,UVH7a,14,0.07,-2700000.0,-2.7,504,1024,0.4921875
01a072a6-658d-79f3-bff1-2e7fd0670b76,a,D,QB11,2,4,UVH7a,15,0.07,-2250000.0,-2.25,517,1024,0.5048828125
01a072a6-658d-79f3-bff1-2e7fd0670b76,a,D,QB11,2,4,UVH7a,16,0.07,-1800000.0,-1.8,511,1024,0.4990234375
01a072a6-658d-79f3-bff1-2e7fd0670b76,a,D,QB11,2,4,UVH7a,17,0.07,-1350000.0,-1.35,493,1024,0.4814453125
01a072a6-658d-79f3-bff1-2e7fd0670b76,a,D,QB11,2,4,UVH7a,18,0.07,-900000.0,-0.9,501,1024,0.4892578125
01a072a6-658d-79f3-bff1-2e7fd0670b76,a,D,QB11,2,4,UVH7a,19,0.07,-450000.0,-0.45,492,1024,0.48046875
01a072a6-658d-79f3-bff1-2e7fd0670b76,a,D,QB11,2,4,UVH7a,20,0.07,0.0,0.0,493,1024,0.4814453125
01a072a6-658d-79f3-bff1-2e7fd0670b76,a,D,QB11,2,4,UVH7a,21,0.07,450000.0,0.45,490,1024,0.478515625
01a072a6-658d-79f3-bff1-2e7fd0670b76,a,D,QB11,2,4,UVH7a,22,0.07,900000.0,0.9,508,1024,0.49609375
01a072a6-658d-79f3-bff1-2e7fd0670b76,a,D,QB11,2,4,UVH7a,23,0.07,1350000.0,1.35,515,1024,0.5029296875
01a072a6-658d-79f3-bff1-2e7fd0670b76,a,D,QB11,2,4,UVH7a,24,0.07,1800000.0,1.8,492,1024,0.48046875
01a072a6-658d-79f3-bff1-2e7fd0670b76,a,D,QB11,2,4,UVH7a,25,0.07,2250000.0,2.25,504,1024,0.4921875
01a072a6-658d-79f3-bff1-2e7fd0670b76,a,D,QB11,2,4,UVH7a,26,0.07,2700000.0,2.7,483,1024,0.4716796875
01a072a6-658d-79f3-bff1-2e7fd0670b76,a,D,QB11,2,4,UVH7a,27,0.07,3150000.0,3.15,511,1024,0.4990234375
01a072a6-658d-79f3-bff1-2e7fd0670b76,a,D,QB11,2,4,UVH7a,28,0.07,3600000.0,3.6,457,1024,0.4462890625
01a072a6-658d-79f3-bff1-2e7fd0670b76,a,D,QB11,2,4,UVH7a,29,0.07,4050000.0,4.05,475,1024,0.4638671875
01a072a6-658d-79f3-bff1-2e7fd0670b76,a,D,QB11,2,4,UVH7a,30,0.07,4500000.0,4.5,491,1024,0.4794921875
01a072a6-658d-79f3-bff1-2e7fd0670b76,a,D,QB11,2,4,UVH7a,31,0.07,4950000.0,4.95,487,1024,0.4755859375
01a072a6-658d-79f3-bff1-2e7fd0670b76,a,D,QB11,2,4,UVH7a,32,0.07,5400000.0,5.4,436,1024,0.42578125
01a072a6-658d-79f3-bff1-2e7fd0670b76,a,D,QB11,2,4,UVH7a,33,0.07,5850000.0,5.85,405,1024,0.3955078125
01a072a6-658d-79f3-bff1-2e7fd0670b76,a,D,QB11,2,4,UVH7a,34,0.07,6300000.0,6.3,451,1024,0.4404296875
01a072a6-658d-79f3-bff1-2e7fd0670b76,a,D,QB11,2,4,UVH7a,35,0.07,6750000.0,6.75,429,1024,0.4189453125
01a072a6-658d-79f3-bff1-2e7fd0670b76,a,D,QB11,2,4,UVH7a,36,0.07,7200000.0,7.2,407,1024,0.3974609375
01a072a6-658d-79f3-bff1-2e7fd0670b76,a,D,QB11,2,4,UVH7a,37,0.07,7650000.0,7.65,401,1024,0.3916015625
01a072a6-658d-79f3-bff1-2e7fd0670b76,a,D,QB11,2,4,UVH7a,38,0.07,8100000.0,8.1,407,1024,0.3974609375
01a072a6-658d-79f3-bff1-2e7fd0670b76,a,D,QB11,2,4,UVH7a,39,0.07,8550000.0,8.55,397,1024,0.3876953125
01a072a6-658d-79f3-bff1-2e7fd0670b76,a,D,QB11,2,4,UVH7a,40,0.07,9000000.0,9.0,379,1024,0.3701171875
01a072a6-658d-79f3-bff1-2e7fd0670b76,a,D,QB11,2,5,UVH8a,0,0.07,-9000000.0,-9.0,513,1024,0.5009765625
01a072a6-658d-79f3-bff1-2e7fd0670b76,a,D,QB11,2,5,UVH8a,1,0.07,-8550000.0,-8.55,501,1024,0.4892578125
01a072a6-658d-79f3-bff1-2e7fd0670b76,a,D,QB11,2,5,UVH8a,2,0.07,-8100000.0,-8.1,522,1024,0.509765625
01a072a6-658d-79f3-bff1-2e7fd0670b76,a,D,QB11,2,5,UVH8a,3,0.07,-7650000.0,-7.65,519,1024,0.5068359375
01a072a6-658d-79f3-bff1-2e7fd0670b76,a,D,QB11,2,5,UVH8a,4,0.07,-7200000.0,-7.2,520,1024,0.5078125
01a072a6-658d-79f3-bff1-2e7fd0670b76,a,D,QB11,2,5,UVH8a,5,0.07,-6750000.0,-6.75,555,1024,0.5419921875
01a072a6-658d-79f3-bff1-2e7fd0670b76,a,D,QB11,2,5,UVH8a,6,0.07,-6300000.0,-6.3,512,1024,0.5
01a072a6-658d-79f3-bff1-2e7fd0670b76,a,D,QB11,2,5,UVH8a,7,0.07,-5850000.0,-5.85,471,1024,0.4599609375
01a072a6-658d-79f3-bff1-2e7fd0670b76,a,D,QB11,2,5,UVH8a,8,0.07,-5400000.0,-5.4,521,1024,0.5087890625
01a072a6-658d-79f3-bff1-2e7fd0670b76,a,D,QB11,2,5,UVH8a,9,0.07,-4950000.0,-4.95,473,1024,0.4619140625
01a072a6-658d-79f3-bff1-2e7fd0670b76,a,D,QB11,2,5,UVH8a,10,0.07,-4500000.0,-4.5,509,1024,0.4970703125
01a072a6-658d-79f3-bff1-2e7fd0670b76,a,D,QB11,2,5,UVH8a,11,0.07,-4050000.0,-4.05,522,1024,0.509765625
01a072a6-658d-79f3-bff1-2e7fd0670b76,a,D,QB11,2,5,UVH8a,12,0.07,-3600000.0,-3.6,509,1024,0.4970703125
01a072a6-658d-79f3-bff1-2e7fd0670b76,a,D,QB11,2,5,UVH8a,13,0.07,-3150000.0,-3.15,509,1024,0.4970703125
01a072a6-658d-79f3-bff1-2e7fd0670b76,a,D,QB11,2,5,UVH8a,14,0.07,-2700000.0,-2.7,509,1024,0.4970703125
01a072a6-658d-79f3-bff1-2e7fd0670b76,a,D,QB11,2,5,UVH8a,15,0.07,-2250000.0,-2.25,522,1024,0.509765625
01a072a6-658d-79f3-bff1-2e7fd0670b76,a,D,QB11,2,5,UVH8a,16,0.07,-1800000.0,-1.8,499,1024,0.4873046875
01a072a6-658d-79f3-bff1-2e7fd0670b76,a,D,QB11,2,5,UVH8a,17,0.07,-1350000.0,-1.35,515,1024,0.5029296875
01a072a6-658d-79f3-bff1-2e7fd0670b76,a,D,QB11,2,5,UVH8a,18,0.07,-900000.0,-0.9,498,1024,0.486328125
01a072a6-658d-79f3-bff1-2e7fd0670b76,a,D,QB11,2,5,UVH8a,19,0.07,-450000.0,-0.45,506,1024,0.494140625
01a072a6-658d-79f3-bff1-2e7fd0670b76,a,D,QB11,2,5,UVH8a,20,0.07,0.0,0.0,486,1024,0.474609375
01a072a6-658d-79f3-bff1-2e7fd0670b76,a,D,QB11,2,5,UVH8a,21,0.07,450000.0,0.45,524,1024,0.51171875
01a072a6-658d-79f3-bff1-2e7fd0670b76,a,D,QB11,2,5,UVH8a,22,0.07,900000.0,0.9,544,1024,0.53125
01a072a6-658d-79f3-bff1-2e7fd0670b76,a,D,QB11,2,5,UVH8a,23,0.07,1350000.0,1.35,488,1024,0.4765625
01a072a6-658d-79f3-bff1-2e7fd0670b76,a,D,QB11,2,5,UVH8a,24,0.07,1800000.0,1.8,515,1024,0.5029296875
01a072a6-658d-79f3-bff1-2e7fd0670b76,a,D,QB11,2,5,UVH8a,25,0.07,2250000.0,2.25,493,1024,0.4814453125
01a072a6-658d-79f3-bff1-2e7fd0670b76,a,D,QB11,2,5,UVH8a,26,0.07,2700000.0,2.7,501,1024,0.4892578125
01a072a6-658d-79f3-bff1-2e7fd0670b76,a,D,QB11,2,5,UVH8a,27,0.07,3150000.0,3.15,486,1024,0.474609375
01a072a6-658d-79f3-bff1-2e7fd0670b76,a,D,QB11,2,5,UVH8a,28,0.07,3600000.0,3.6,503,1024,0.4912109375
01a072a6-658d-79f3-bff1-2e7fd0670b76,a,D,QB11,2,5,UVH8a,29,0.07,4050000.0,4.05,468,1024,0.45703125
01a072a6-658d-79f3-bff1-2e7fd0670b76,a,D,QB11,2,5,UVH8a,30,0.07,4500000.0,4.5,465,1024,0.4541015625
01a072a6-658d-79f3-bff1-2e7fd0670b76,a,D,QB11,2,5,UVH8a,31,0.07,4950000.0,4.95,483,1024,0.4716796875
01a072a6-658d-79f3-bff1-2e7fd0670b76,a,D,QB11,2,5,UVH8a,32,0.07,5400000.0,5.4,467,1024,0.4560546875
01a072a6-658d-79f3-bff1-2e7fd0670b76,a,D,QB11,2,5,UVH8a,33,0.07,5850000.0,5.85,447,1024,0.4365234375
01a072a6-658d-79f3-bff1-2e7fd0670b76,a,D,QB11,2,5,UVH8a,34,0.07,6300000.0,6.3,441,1024,0.4306640625
01a072a6-658d-79f3-bff1-2e7fd0670b76,a,D,QB11,2,5,UVH8a,35,0.07,6750000.0,6.75,446,1024,0.435546875
01a072a6-658d-79f3-bff1-2e7fd0670b76,a,D,QB11,2,5,UVH8a,36,0.07,7200000.0,7.2,471,1024,0.4599609375
01a072a6-658d-79f3-bff1-2e7fd0670b76,a,D,QB11,2,5,UVH8a,37,0.07,7650000.0,7.65,408,1024,0.3984375
01a072a6-658d-79f3-bff1-2e7fd0670b76,a,D,QB11,2,5,UVH8a,38,0.07,8100000.0,8.1,410,1024,0.400390625
01a072a6-658d-79f3-bff1-2e7fd0670b76,a,D,QB11,2,5,UVH8a,39,0.07,8550000.0,8.55,404,1024,0.39453125
01a072a6-658d-79f3-bff1-2e7fd0670b76,a,D,QB11,2,5,UVH8a,40,0.07,9000000.0,9.0,365,1024,0.3564453125
01a072a6-658d-79f3-bff1-2e7fd0670b76,a,D,QB10,3,0,standard_pi_2,0,0.07,-9000000.0,-9.0,597,1024,0.5830078125
01a072a6-658d-79f3-bff1-2e7fd0670b76,a,D,QB10,3,0,standard_pi_2,1,0.07,-8550000.0,-8.55,577,1024,0.5634765625
01a072a6-658d-79f3-bff1-2e7fd0670b76,a,D,QB10,3,0,standard_pi_2,2,0.07,-8100000.0,-8.1,627,1024,0.6123046875
01a072a6-658d-79f3-bff1-2e7fd0670b76,a,D,QB10,3,0,standard_pi_2,3,0.07,-7650000.0,-7.65,625,1024,0.6103515625
01a072a6-658d-79f3-bff1-2e7fd0670b76,a,D,QB10,3,0,standard_pi_2,4,0.07,-7200000.0,-7.2,593,1024,0.5791015625
01a072a6-658d-79f3-bff1-2e7fd0670b76,a,D,QB10,3,0,standard_pi_2,5,0.07,-6750000.0,-6.75,573,1024,0.5595703125
01a072a6-658d-79f3-bff1-2e7fd0670b76,a,D,QB10,3,0,standard_pi_2,6,0.07,-6300000.0,-6.3,592,1024,0.578125
01a072a6-658d-79f3-bff1-2e7fd0670b76,a,D,QB10,3,0,standard_pi_2,7,0.07,-5850000.0,-5.85,595,1024,0.5810546875
01a072a6-658d-79f3-bff1-2e7fd0670b76,a,D,QB10,3,0,standard_pi_2,8,0.07,-5400000.0,-5.4,605,1024,0.5908203125
01a072a6-658d-79f3-bff1-2e7fd0670b76,a,D,QB10,3,0,standard_pi_2,9,0.07,-4950000.0,-4.95,582,1024,0.568359375
01a072a6-658d-79f3-bff1-2e7fd0670b76,a,D,QB10,3,0,standard_pi_2,10,0.07,-4500000.0,-4.5,606,1024,0.591796875
01a072a6-658d-79f3-bff1-2e7fd0670b76,a,D,QB10,3,0,standard_pi_2,11,0.07,-4050000.0,-4.05,594,1024,0.580078125
01a072a6-658d-79f3-bff1-2e7fd0670b76,a,D,QB10,3,0,standard_pi_2,12,0.07,-3600000.0,-3.6,570,1024,0.556640625
01a072a6-658d-79f3-bff1-2e7fd0670b76,a,D,QB10,3,0,standard_pi_2,13,0.07,-3150000.0,-3.15,577,1024,0.5634765625
01a072a6-658d-79f3-bff1-2e7fd0670b76,a,D,QB10,3,0,standard_pi_2,14,0.07,-2700000.0,-2.7,580,1024,0.56640625
01a072a6-658d-79f3-bff1-2e7fd0670b76,a,D,QB10,3,0,standard_pi_2,15,0.07,-2250000.0,-2.25,577,1024,0.5634765625
01a072a6-658d-79f3-bff1-2e7fd0670b76,a,D,QB10,3,0,standard_pi_2,16,0.07,-1800000.0,-1.8,568,1024,0.5546875
01a072a6-658d-79f3-bff1-2e7fd0670b76,a,D,QB10,3,0,standard_pi_2,17,0.07,-1350000.0,-1.35,574,1024,0.560546875
01a072a6-658d-79f3-bff1-2e7fd0670b76,a,D,QB10,3,0,standard_pi_2,18,0.07,-900000.0,-0.9,573,1024,0.5595703125
01a072a6-658d-79f3-bff1-2e7fd0670b76,a,D,QB10,3,0,standard_pi_2,19,0.07,-450000.0,-0.45,569,1024,0.5556640625
01a072a6-658d-79f3-bff1-2e7fd0670b76,a,D,QB10,3,0,standard_pi_2,20,0.07,0.0,0.0,567,1024,0.5537109375
01a072a6-658d-79f3-bff1-2e7fd0670b76,a,D,QB10,3,0,standard_pi_2,21,0.07,450000.0,0.45,559,1024,0.5458984375
01a072a6-658d-79f3-bff1-2e7fd0670b76,a,D,QB10,3,0,standard_pi_2,22,0.07,900000.0,0.9,579,1024,0.5654296875
01a072a6-658d-79f3-bff1-2e7fd0670b76,a,D,QB10,3,0,standard_pi_2,23,0.07,1350000.0,1.35,554,1024,0.541015625
01a072a6-658d-79f3-bff1-2e7fd0670b76,a,D,QB10,3,0,standard_pi_2,24,0.07,1800000.0,1.8,553,1024,0.5400390625
01a072a6-658d-79f3-bff1-2e7fd0670b76,a,D,QB10,3,0,standard_pi_2,25,0.07,2250000.0,2.25,557,1024,0.5439453125
01a072a6-658d-79f3-bff1-2e7fd0670b76,a,D,QB10,3,0,standard_pi_2,26,0.07,2700000.0,2.7,544,1024,0.53125
01a072a6-658d-79f3-bff1-2e7fd0670b76,a,D,QB10,3,0,standard_pi_2,27,0.07,3150000.0,3.15,527,1024,0.5146484375
01a072a6-658d-79f3-bff1-2e7fd0670b76,a,D,QB10,3,0,standard_pi_2,28,0.07,3600000.0,3.6,568,1024,0.5546875
01a072a6-658d-79f3-bff1-2e7fd0670b76,a,D,QB10,3,0,standard_pi_2,29,0.07,4050000.0,4.05,552,1024,0.5390625
01a072a6-658d-79f3-bff1-2e7fd0670b76,a,D,QB10,3,0,standard_pi_2,30,0.07,4500000.0,4.5,536,1024,0.5234375
01a072a6-658d-79f3-bff1-2e7fd0670b76,a,D,QB10,3,0,standard_pi_2,31,0.07,4950000.0,4.95,555,1024,0.5419921875
01a072a6-658d-79f3-bff1-2e7fd0670b76,a,D,QB10,3,0,standard_pi_2,32,0.07,5400000.0,5.4,508,1024,0.49609375
01a072a6-658d-79f3-bff1-2e7fd0670b76,a,D,QB10,3,0,standard_pi_2,33,0.07,5850000.0,5.85,520,1024,0.5078125
01a072a6-658d-79f3-bff1-2e7fd0670b76,a,D,QB10,3,0,standard_pi_2,34,0.07,6300000.0,6.3,515,1024,0.5029296875
01a072a6-658d-79f3-bff1-2e7fd0670b76,a,D,QB10,3,0,standard_pi_2,35,0.07,6750000.0,6.75,522,1024,0.509765625
01a072a6-658d-79f3-bff1-2e7fd0670b76,a,D,QB10,3,0,standard_pi_2,36,0.07,7200000.0,7.2,518,1024,0.505859375
01a072a6-658d-79f3-bff1-2e7fd0670b76,a,D,QB10,3,0,standard_pi_2,37,0.07,7650000.0,7.65,486,1024,0.474609375
01a072a6-658d-79f3-bff1-2e7fd0670b76,a,D,QB10,3,0,standard_pi_2,38,0.07,8100000.0,8.1,528,1024,0.515625
01a072a6-658d-79f3-bff1-2e7fd0670b76,a,D,QB10,3,0,standard_pi_2,39,0.07,8550000.0,8.55,505,1024,0.4931640625
01a072a6-658d-79f3-bff1-2e7fd0670b76,a,D,QB10,3,0,standard_pi_2,40,0.07,9000000.0,9.0,483,1024,0.4716796875
01a072a6-658d-79f3-bff1-2e7fd0670b76,a,D,QB10,3,1,UVH4a,0,0.07,-9000000.0,-9.0,517,1024,0.5048828125
01a072a6-658d-79f3-bff1-2e7fd0670b76,a,D,QB10,3,1,UVH4a,1,0.07,-8550000.0,-8.55,506,1024,0.494140625
01a072a6-658d-79f3-bff1-2e7fd0670b76,a,D,QB10,3,1,UVH4a,2,0.07,-8100000.0,-8.1,505,1024,0.4931640625
01a072a6-658d-79f3-bff1-2e7fd0670b76,a,D,QB10,3,1,UVH4a,3,0.07,-7650000.0,-7.65,507,1024,0.4951171875
01a072a6-658d-79f3-bff1-2e7fd0670b76,a,D,QB10,3,1,UVH4a,4,0.07,-7200000.0,-7.2,477,1024,0.4658203125
01a072a6-658d-79f3-bff1-2e7fd0670b76,a,D,QB10,3,1,UVH4a,5,0.07,-6750000.0,-6.75,497,1024,0.4853515625
01a072a6-658d-79f3-bff1-2e7fd0670b76,a,D,QB10,3,1,UVH4a,6,0.07,-6300000.0,-6.3,470,1024,0.458984375
01a072a6-658d-79f3-bff1-2e7fd0670b76,a,D,QB10,3,1,UVH4a,7,0.07,-5850000.0,-5.85,453,1024,0.4423828125
01a072a6-658d-79f3-bff1-2e7fd0670b76,a,D,QB10,3,1,UVH4a,8,0.07,-5400000.0,-5.4,493,1024,0.4814453125
01a072a6-658d-79f3-bff1-2e7fd0670b76,a,D,QB10,3,1,UVH4a,9,0.07,-4950000.0,-4.95,462,1024,0.451171875
01a072a6-658d-79f3-bff1-2e7fd0670b76,a,D,QB10,3,1,UVH4a,10,0.07,-4500000.0,-4.5,452,1024,0.44140625
01a072a6-658d-79f3-bff1-2e7fd0670b76,a,D,QB10,3,1,UVH4a,11,0.07,-4050000.0,-4.05,471,1024,0.4599609375
01a072a6-658d-79f3-bff1-2e7fd0670b76,a,D,QB10,3,1,UVH4a,12,0.07,-3600000.0,-3.6,450,1024,0.439453125
01a072a6-658d-79f3-bff1-2e7fd0670b76,a,D,QB10,3,1,UVH4a,13,0.07,-3150000.0,-3.15,490,1024,0.478515625
01a072a6-658d-79f3-bff1-2e7fd0670b76,a,D,QB10,3,1,UVH4a,14,0.07,-2700000.0,-2.7,445,1024,0.4345703125
01a072a6-658d-79f3-bff1-2e7fd0670b76,a,D,QB10,3,1,UVH4a,15,0.07,-2250000.0,-2.25,476,1024,0.46484375
01a072a6-658d-79f3-bff1-2e7fd0670b76,a,D,QB10,3,1,UVH4a,16,0.07,-1800000.0,-1.8,486,1024,0.474609375
01a072a6-658d-79f3-bff1-2e7fd0670b76,a,D,QB10,3,1,UVH4a,17,0.07,-1350000.0,-1.35,456,1024,0.4453125
01a072a6-658d-79f3-bff1-2e7fd0670b76,a,D,QB10,3,1,UVH4a,18,0.07,-900000.0,-0.9,499,1024,0.4873046875
01a072a6-658d-79f3-bff1-2e7fd0670b76,a,D,QB10,3,1,UVH4a,19,0.07,-450000.0,-0.45,475,1024,0.4638671875
01a072a6-658d-79f3-bff1-2e7fd0670b76,a,D,QB10,3,1,UVH4a,20,0.07,0.0,0.0,494,1024,0.482421875
01a072a6-658d-79f3-bff1-2e7fd0670b76,a,D,QB10,3,1,UVH4a,21,0.07,450000.0,0.45,505,1024,0.4931640625
01a072a6-658d-79f3-bff1-2e7fd0670b76,a,D,QB10,3,1,UVH4a,22,0.07,900000.0,0.9,475,1024,0.4638671875
01a072a6-658d-79f3-bff1-2e7fd0670b76,a,D,QB10,3,1,UVH4a,23,0.07,1350000.0,1.35,482,1024,0.470703125
01a072a6-658d-79f3-bff1-2e7fd0670b76,a,D,QB10,3,1,UVH4a,24,0.07,1800000.0,1.8,536,1024,0.5234375
01a072a6-658d-79f3-bff1-2e7fd0670b76,a,D,QB10,3,1,UVH4a,25,0.07,2250000.0,2.25,473,1024,0.4619140625
01a072a6-658d-79f3-bff1-2e7fd0670b76,a,D,QB10,3,1,UVH4a,26,0.07,2700000.0,2.7,503,1024,0.4912109375
01a072a6-658d-79f3-bff1-2e7fd0670b76,a,D,QB10,3,1,UVH4a,27,0.07,3150000.0,3.15,492,1024,0.48046875
01a072a6-658d-79f3-bff1-2e7fd0670b76,a,D,QB10,3,1,UVH4a,28,0.07,3600000.0,3.6,499,1024,0.4873046875
01a072a6-658d-79f3-bff1-2e7fd0670b76,a,D,QB10,3,1,UVH4a,29,0.07,4050000.0,4.05,491,1024,0.4794921875
01a072a6-658d-79f3-bff1-2e7fd0670b76,a,D,QB10,3,1,UVH4a,30,0.07,4500000.0,4.5,502,1024,0.490234375
01a072a6-658d-79f3-bff1-2e7fd0670b76,a,D,QB10,3,1,UVH4a,31,0.07,4950000.0,4.95,477,1024,0.4658203125
01a072a6-658d-79f3-bff1-2e7fd0670b76,a,D,QB10,3,1,UVH4a,32,0.07,5400000.0,5.4,520,1024,0.5078125
01a072a6-658d-79f3-bff1-2e7fd0670b76,a,D,QB10,3,1,UVH4a,33,0.07,5850000.0,5.85,501,1024,0.4892578125
01a072a6-658d-79f3-bff1-2e7fd0670b76,a,D,QB10,3,1,UVH4a,34,0.07,6300000.0,6.3,483,1024,0.4716796875
01a072a6-658d-79f3-bff1-2e7fd0670b76,a,D,QB10,3,1,UVH4a,35,0.07,6750000.0,6.75,493,1024,0.4814453125
01a072a6-658d-79f3-bff1-2e7fd0670b76,a,D,QB10,3,1,UVH4a,36,0.07,7200000.0,7.2,541,1024,0.5283203125
01a072a6-658d-79f3-bff1-2e7fd0670b76,a,D,QB10,3,1,UVH4a,37,0.07,7650000.0,7.65,555,1024,0.5419921875
01a072a6-658d-79f3-bff1-2e7fd0670b76,a,D,QB10,3,1,UVH4a,38,0.07,8100000.0,8.1,551,1024,0.5380859375
01a072a6-658d-79f3-bff1-2e7fd0670b76,a,D,QB10,3,1,UVH4a,39,0.07,8550000.0,8.55,538,1024,0.525390625
01a072a6-658d-79f3-bff1-2e7fd0670b76,a,D,QB10,3,1,UVH4a,40,0.07,9000000.0,9.0,604,1024,0.58984375
01a072a6-658d-79f3-bff1-2e7fd0670b76,a,D,QB10,3,2,UVH5a,0,0.07,-9000000.0,-9.0,423,1024,0.4130859375
01a072a6-658d-79f3-bff1-2e7fd0670b76,a,D,QB10,3,2,UVH5a,1,0.07,-8550000.0,-8.55,408,1024,0.3984375
01a072a6-658d-79f3-bff1-2e7fd0670b76,a,D,QB10,3,2,UVH5a,2,0.07,-8100000.0,-8.1,384,1024,0.375
01a072a6-658d-79f3-bff1-2e7fd0670b76,a,D,QB10,3,2,UVH5a,3,0.07,-7650000.0,-7.65,396,1024,0.38671875
01a072a6-658d-79f3-bff1-2e7fd0670b76,a,D,QB10,3,2,UVH5a,4,0.07,-7200000.0,-7.2,403,1024,0.3935546875
01a072a6-658d-79f3-bff1-2e7fd0670b76,a,D,QB10,3,2,UVH5a,5,0.07,-6750000.0,-6.75,417,1024,0.4072265625
01a072a6-658d-79f3-bff1-2e7fd0670b76,a,D,QB10,3,2,UVH5a,6,0.07,-6300000.0,-6.3,425,1024,0.4150390625
01a072a6-658d-79f3-bff1-2e7fd0670b76,a,D,QB10,3,2,UVH5a,7,0.07,-5850000.0,-5.85,433,1024,0.4228515625
01a072a6-658d-79f3-bff1-2e7fd0670b76,a,D,QB10,3,2,UVH5a,8,0.07,-5400000.0,-5.4,450,1024,0.439453125
01a072a6-658d-79f3-bff1-2e7fd0670b76,a,D,QB10,3,2,UVH5a,9,0.07,-4950000.0,-4.95,447,1024,0.4365234375
01a072a6-658d-79f3-bff1-2e7fd0670b76,a,D,QB10,3,2,UVH5a,10,0.07,-4500000.0,-4.5,439,1024,0.4287109375
01a072a6-658d-79f3-bff1-2e7fd0670b76,a,D,QB10,3,2,UVH5a,11,0.07,-4050000.0,-4.05,464,1024,0.453125
01a072a6-658d-79f3-bff1-2e7fd0670b76,a,D,QB10,3,2,UVH5a,12,0.07,-3600000.0,-3.6,488,1024,0.4765625
01a072a6-658d-79f3-bff1-2e7fd0670b76,a,D,QB10,3,2,UVH5a,13,0.07,-3150000.0,-3.15,480,1024,0.46875
01a072a6-658d-79f3-bff1-2e7fd0670b76,a,D,QB10,3,2,UVH5a,14,0.07,-2700000.0,-2.7,485,1024,0.4736328125
01a072a6-658d-79f3-bff1-2e7fd0670b76,a,D,QB10,3,2,UVH5a,15,0.07,-2250000.0,-2.25,457,1024,0.4462890625
01a072a6-658d-79f3-bff1-2e7fd0670b76,a,D,QB10,3,2,UVH5a,16,0.07,-1800000.0,-1.8,500,1024,0.48828125
01a072a6-658d-79f3-bff1-2e7fd0670b76,a,D,QB10,3,2,UVH5a,17,0.07,-1350000.0,-1.35,471,1024,0.4599609375
01a072a6-658d-79f3-bff1-2e7fd0670b76,a,D,QB10,3,2,UVH5a,18,0.07,-900000.0,-0.9,490,1024,0.478515625
01a072a6-658d-79f3-bff1-2e7fd0670b76,a,D,QB10,3,2,UVH5a,19,0.07,-450000.0,-0.45,473,1024,0.4619140625
01a072a6-658d-79f3-bff1-2e7fd0670b76,a,D,QB10,3,2,UVH5a,20,0.07,0.0,0.0,473,1024,0.4619140625
01a072a6-658d-79f3-bff1-2e7fd0670b76,a,D,QB10,3,2,UVH5a,21,0.07,450000.0,0.45,511,1024,0.4990234375
01a072a6-658d-79f3-bff1-2e7fd0670b76,a,D,QB10,3,2,UVH5a,22,0.07,900000.0,0.9,508,1024,0.49609375
01a072a6-658d-79f3-bff1-2e7fd0670b76,a,D,QB10,3,2,UVH5a,23,0.07,1350000.0,1.35,534,1024,0.521484375
01a072a6-658d-79f3-bff1-2e7fd0670b76,a,D,QB10,3,2,UVH5a,24,0.07,1800000.0,1.8,498,1024,0.486328125
01a072a6-658d-79f3-bff1-2e7fd0670b76,a,D,QB10,3,2,UVH5a,25,0.07,2250000.0,2.25,493,1024,0.4814453125
01a072a6-658d-79f3-bff1-2e7fd0670b76,a,D,QB10,3,2,UVH5a,26,0.07,2700000.0,2.7,513,1024,0.5009765625
01a072a6-658d-79f3-bff1-2e7fd0670b76,a,D,QB10,3,2,UVH5a,27,0.07,3150000.0,3.15,480,1024,0.46875
01a072a6-658d-79f3-bff1-2e7fd0670b76,a,D,QB10,3,2,UVH5a,28,0.07,3600000.0,3.6,454,1024,0.443359375
01a072a6-658d-79f3-bff1-2e7fd0670b76,a,D,QB10,3,2,UVH5a,29,0.07,4050000.0,4.05,454,1024,0.443359375
01a072a6-658d-79f3-bff1-2e7fd0670b76,a,D,QB10,3,2,UVH5a,30,0.07,4500000.0,4.5,440,1024,0.4296875
01a072a6-658d-79f3-bff1-2e7fd0670b76,a,D,QB10,3,2,UVH5a,31,0.07,4950000.0,4.95,427,1024,0.4169921875
01a072a6-658d-79f3-bff1-2e7fd0670b76,a,D,QB10,3,2,UVH5a,32,0.07,5400000.0,5.4,416,1024,0.40625
01a072a6-658d-79f3-bff1-2e7fd0670b76,a,D,QB10,3,2,UVH5a,33,0.07,5850000.0,5.85,421,1024,0.4111328125
01a072a6-658d-79f3-bff1-2e7fd0670b76,a,D,QB10,3,2,UVH5a,34,0.07,6300000.0,6.3,428,1024,0.41796875
01a072a6-658d-79f3-bff1-2e7fd0670b76,a,D,QB10,3,2,UVH5a,35,0.07,6750000.0,6.75,440,1024,0.4296875
01a072a6-658d-79f3-bff1-2e7fd0670b76,a,D,QB10,3,2,UVH5a,36,0.07,7200000.0,7.2,395,1024,0.3857421875
01a072a6-658d-79f3-bff1-2e7fd0670b76,a,D,QB10,3,2,UVH5a,37,0.07,7650000.0,7.65,387,1024,0.3779296875
01a072a6-658d-79f3-bff1-2e7fd0670b76,a,D,QB10,3,2,UVH5a,38,0.07,8100000.0,8.1,356,1024,0.34765625
01a072a6-658d-79f3-bff1-2e7fd0670b76,a,D,QB10,3,2,UVH5a,39,0.07,8550000.0,8.55,367,1024,0.3583984375
01a072a6-658d-79f3-bff1-2e7fd0670b76,a,D,QB10,3,2,UVH5a,40,0.07,9000000.0,9.0,359,1024,0.3505859375
01a072a6-658d-79f3-bff1-2e7fd0670b76,a,D,QB10,3,3,UVH6a,0,0.07,-9000000.0,-9.0,585,1024,0.5712890625
01a072a6-658d-79f3-bff1-2e7fd0670b76,a,D,QB10,3,3,UVH6a,1,0.07,-8550000.0,-8.55,587,1024,0.5732421875
01a072a6-658d-79f3-bff1-2e7fd0670b76,a,D,QB10,3,3,UVH6a,2,0.07,-8100000.0,-8.1,568,1024,0.5546875
01a072a6-658d-79f3-bff1-2e7fd0670b76,a,D,QB10,3,3,UVH6a,3,0.07,-7650000.0,-7.65,569,1024,0.5556640625
01a072a6-658d-79f3-bff1-2e7fd0670b76,a,D,QB10,3,3,UVH6a,4,0.07,-7200000.0,-7.2,573,1024,0.5595703125
01a072a6-658d-79f3-bff1-2e7fd0670b76,a,D,QB10,3,3,UVH6a,5,0.07,-6750000.0,-6.75,581,1024,0.5673828125
01a072a6-658d-79f3-bff1-2e7fd0670b76,a,D,QB10,3,3,UVH6a,6,0.07,-6300000.0,-6.3,519,1024,0.5068359375
01a072a6-658d-79f3-bff1-2e7fd0670b76,a,D,QB10,3,3,UVH6a,7,0.07,-5850000.0,-5.85,518,1024,0.505859375
01a072a6-658d-79f3-bff1-2e7fd0670b76,a,D,QB10,3,3,UVH6a,8,0.07,-5400000.0,-5.4,533,1024,0.5205078125
01a072a6-658d-79f3-bff1-2e7fd0670b76,a,D,QB10,3,3,UVH6a,9,0.07,-4950000.0,-4.95,518,1024,0.505859375
01a072a6-658d-79f3-bff1-2e7fd0670b76,a,D,QB10,3,3,UVH6a,10,0.07,-4500000.0,-4.5,531,1024,0.5185546875
01a072a6-658d-79f3-bff1-2e7fd0670b76,a,D,QB10,3,3,UVH6a,11,0.07,-4050000.0,-4.05,516,1024,0.50390625
01a072a6-658d-79f3-bff1-2e7fd0670b76,a,D,QB10,3,3,UVH6a,12,0.07,-3600000.0,-3.6,544,1024,0.53125
01a072a6-658d-79f3-bff1-2e7fd0670b76,a,D,QB10,3,3,UVH6a,13,0.07,-3150000.0,-3.15,499,1024,0.4873046875
01a072a6-658d-79f3-bff1-2e7fd0670b76,a,D,QB10,3,3,UVH6a,14,0.07,-2700000.0,-2.7,548,1024,0.53515625
01a072a6-658d-79f3-bff1-2e7fd0670b76,a,D,QB10,3,3,UVH6a,15,0.07,-2250000.0,-2.25,562,1024,0.548828125
01a072a6-658d-79f3-bff1-2e7fd0670b76,a,D,QB10,3,3,UVH6a,16,0.07,-1800000.0,-1.8,496,1024,0.484375
01a072a6-658d-79f3-bff1-2e7fd0670b76,a,D,QB10,3,3,UVH6a,17,0.07,-1350000.0,-1.35,509,1024,0.4970703125
01a072a6-658d-79f3-bff1-2e7fd0670b76,a,D,QB10,3,3,UVH6a,18,0.07,-900000.0,-0.9,532,1024,0.51953125
01a072a6-658d-79f3-bff1-2e7fd0670b76,a,D,QB10,3,3,UVH6a,19,0.07,-450000.0,-0.45,529,1024,0.5166015625
01a072a6-658d-79f3-bff1-2e7fd0670b76,a,D,QB10,3,3,UVH6a,20,0.07,0.0,0.0,522,1024,0.509765625
01a072a6-658d-79f3-bff1-2e7fd0670b76,a,D,QB10,3,3,UVH6a,21,0.07,450000.0,0.45,522,1024,0.509765625
01a072a6-658d-79f3-bff1-2e7fd0670b76,a,D,QB10,3,3,UVH6a,22,0.07,900000.0,0.9,524,1024,0.51171875
01a072a6-658d-79f3-bff1-2e7fd0670b76,a,D,QB10,3,3,UVH6a,23,0.07,1350000.0,1.35,520,1024,0.5078125
01a072a6-658d-79f3-bff1-2e7fd0670b76,a,D,QB10,3,3,UVH6a,24,0.07,1800000.0,1.8,529,1024,0.5166015625
01a072a6-658d-79f3-bff1-2e7fd0670b76,a,D,QB10,3,3,UVH6a,25,0.07,2250000.0,2.25,524,1024,0.51171875
01a072a6-658d-79f3-bff1-2e7fd0670b76,a,D,QB10,3,3,UVH6a,26,0.07,2700000.0,2.7,505,1024,0.4931640625
01a072a6-658d-79f3-bff1-2e7fd0670b76,a,D,QB10,3,3,UVH6a,27,0.07,3150000.0,3.15,485,1024,0.4736328125
01a072a6-658d-79f3-bff1-2e7fd0670b76,a,D,QB10,3,3,UVH6a,28,0.07,3600000.0,3.6,511,1024,0.4990234375
01a072a6-658d-79f3-bff1-2e7fd0670b76,a,D,QB10,3,3,UVH6a,29,0.07,4050000.0,4.05,522,1024,0.509765625
01a072a6-658d-79f3-bff1-2e7fd0670b76,a,D,QB10,3,3,UVH6a,30,0.07,4500000.0,4.5,504,1024,0.4921875
01a072a6-658d-79f3-bff1-2e7fd0670b76,a,D,QB10,3,3,UVH6a,31,0.07,4950000.0,4.95,526,1024,0.513671875
01a072a6-658d-79f3-bff1-2e7fd0670b76,a,D,QB10,3,3,UVH6a,32,0.07,5400000.0,5.4,509,1024,0.4970703125
01a072a6-658d-79f3-bff1-2e7fd0670b76,a,D,QB10,3,3,UVH6a,33,0.07,5850000.0,5.85,518,1024,0.505859375
01a072a6-658d-79f3-bff1-2e7fd0670b76,a,D,QB10,3,3,UVH6a,34,0.07,6300000.0,6.3,512,1024,0.5
01a072a6-658d-79f3-bff1-2e7fd0670b76,a,D,QB10,3,3,UVH6a,35,0.07,6750000.0,6.75,531,1024,0.5185546875
01a072a6-658d-79f3-bff1-2e7fd0670b76,a,D,QB10,3,3,UVH6a,36,0.07,7200000.0,7.2,523,1024,0.5107421875
01a072a6-658d-79f3-bff1-2e7fd0670b76,a,D,QB10,3,3,UVH6a,37,0.07,7650000.0,7.65,563,1024,0.5498046875
01a072a6-658d-79f3-bff1-2e7fd0670b76,a,D,QB10,3,3,UVH6a,38,0.07,8100000.0,8.1,590,1024,0.576171875
01a072a6-658d-79f3-bff1-2e7fd0670b76,a,D,QB10,3,3,UVH6a,39,0.07,8550000.0,8.55,589,1024,0.5751953125
01a072a6-658d-79f3-bff1-2e7fd0670b76,a,D,QB10,3,3,UVH6a,40,0.07,9000000.0,9.0,610,1024,0.595703125
01a072a6-658d-79f3-bff1-2e7fd0670b76,a,D,QB10,3,4,UVH7a,0,0.07,-9000000.0,-9.0,559,1024,0.5458984375
01a072a6-658d-79f3-bff1-2e7fd0670b76,a,D,QB10,3,4,UVH7a,1,0.07,-8550000.0,-8.55,565,1024,0.5517578125
01a072a6-658d-79f3-bff1-2e7fd0670b76,a,D,QB10,3,4,UVH7a,2,0.07,-8100000.0,-8.1,536,1024,0.5234375
01a072a6-658d-79f3-bff1-2e7fd0670b76,a,D,QB10,3,4,UVH7a,3,0.07,-7650000.0,-7.65,535,1024,0.5224609375
01a072a6-658d-79f3-bff1-2e7fd0670b76,a,D,QB10,3,4,UVH7a,4,0.07,-7200000.0,-7.2,546,1024,0.533203125
01a072a6-658d-79f3-bff1-2e7fd0670b76,a,D,QB10,3,4,UVH7a,5,0.07,-6750000.0,-6.75,499,1024,0.4873046875
01a072a6-658d-79f3-bff1-2e7fd0670b76,a,D,QB10,3,4,UVH7a,6,0.07,-6300000.0,-6.3,511,1024,0.4990234375
01a072a6-658d-79f3-bff1-2e7fd0670b76,a,D,QB10,3,4,UVH7a,7,0.07,-5850000.0,-5.85,509,1024,0.4970703125
01a072a6-658d-79f3-bff1-2e7fd0670b76,a,D,QB10,3,4,UVH7a,8,0.07,-5400000.0,-5.4,513,1024,0.5009765625
01a072a6-658d-79f3-bff1-2e7fd0670b76,a,D,QB10,3,4,UVH7a,9,0.07,-4950000.0,-4.95,497,1024,0.4853515625
01a072a6-658d-79f3-bff1-2e7fd0670b76,a,D,QB10,3,4,UVH7a,10,0.07,-4500000.0,-4.5,508,1024,0.49609375
01a072a6-658d-79f3-bff1-2e7fd0670b76,a,D,QB10,3,4,UVH7a,11,0.07,-4050000.0,-4.05,497,1024,0.4853515625
01a072a6-658d-79f3-bff1-2e7fd0670b76,a,D,QB10,3,4,UVH7a,12,0.07,-3600000.0,-3.6,502,1024,0.490234375
01a072a6-658d-79f3-bff1-2e7fd0670b76,a,D,QB10,3,4,UVH7a,13,0.07,-3150000.0,-3.15,525,1024,0.5126953125
01a072a6-658d-79f3-bff1-2e7fd0670b76,a,D,QB10,3,4,UVH7a,14,0.07,-2700000.0,-2.7,489,1024,0.4775390625
01a072a6-658d-79f3-bff1-2e7fd0670b76,a,D,QB10,3,4,UVH7a,15,0.07,-2250000.0,-2.25,517,1024,0.5048828125
01a072a6-658d-79f3-bff1-2e7fd0670b76,a,D,QB10,3,4,UVH7a,16,0.07,-1800000.0,-1.8,534,1024,0.521484375
01a072a6-658d-79f3-bff1-2e7fd0670b76,a,D,QB10,3,4,UVH7a,17,0.07,-1350000.0,-1.35,466,1024,0.455078125
01a072a6-658d-79f3-bff1-2e7fd0670b76,a,D,QB10,3,4,UVH7a,18,0.07,-900000.0,-0.9,468,1024,0.45703125
01a072a6-658d-79f3-bff1-2e7fd0670b76,a,D,QB10,3,4,UVH7a,19,0.07,-450000.0,-0.45,508,1024,0.49609375
01a072a6-658d-79f3-bff1-2e7fd0670b76,a,D,QB10,3,4,UVH7a,20,0.07,0.0,0.0,517,1024,0.5048828125
01a072a6-658d-79f3-bff1-2e7fd0670b76,a,D,QB10,3,4,UVH7a,21,0.07,450000.0,0.45,484,1024,0.47265625
01a072a6-658d-79f3-bff1-2e7fd0670b76,a,D,QB10,3,4,UVH7a,22,0.07,900000.0,0.9,495,1024,0.4833984375
01a072a6-658d-79f3-bff1-2e7fd0670b76,a,D,QB10,3,4,UVH7a,23,0.07,1350000.0,1.35,506,1024,0.494140625
01a072a6-658d-79f3-bff1-2e7fd0670b76,a,D,QB10,3,4,UVH7a,24,0.07,1800000.0,1.8,474,1024,0.462890625
01a072a6-658d-79f3-bff1-2e7fd0670b76,a,D,QB10,3,4,UVH7a,25,0.07,2250000.0,2.25,486,1024,0.474609375
01a072a6-658d-79f3-bff1-2e7fd0670b76,a,D,QB10,3,4,UVH7a,26,0.07,2700000.0,2.7,467,1024,0.4560546875
01a072a6-658d-79f3-bff1-2e7fd0670b76,a,D,QB10,3,4,UVH7a,27,0.07,3150000.0,3.15,496,1024,0.484375
01a072a6-658d-79f3-bff1-2e7fd0670b76,a,D,QB10,3,4,UVH7a,28,0.07,3600000.0,3.6,476,1024,0.46484375
01a072a6-658d-79f3-bff1-2e7fd0670b76,a,D,QB10,3,4,UVH7a,29,0.07,4050000.0,4.05,468,1024,0.45703125
01a072a6-658d-79f3-bff1-2e7fd0670b76,a,D,QB10,3,4,UVH7a,30,0.07,4500000.0,4.5,449,1024,0.4384765625
01a072a6-658d-79f3-bff1-2e7fd0670b76,a,D,QB10,3,4,UVH7a,31,0.07,4950000.0,4.95,425,1024,0.4150390625
01a072a6-658d-79f3-bff1-2e7fd0670b76,a,D,QB10,3,4,UVH7a,32,0.07,5400000.0,5.4,432,1024,0.421875
01a072a6-658d-79f3-bff1-2e7fd0670b76,a,D,QB10,3,4,UVH7a,33,0.07,5850000.0,5.85,443,1024,0.4326171875
01a072a6-658d-79f3-bff1-2e7fd0670b76,a,D,QB10,3,4,UVH7a,34,0.07,6300000.0,6.3,441,1024,0.4306640625
01a072a6-658d-79f3-bff1-2e7fd0670b76,a,D,QB10,3,4,UVH7a,35,0.07,6750000.0,6.75,408,1024,0.3984375
01a072a6-658d-79f3-bff1-2e7fd0670b76,a,D,QB10,3,4,UVH7a,36,0.07,7200000.0,7.2,438,1024,0.427734375
01a072a6-658d-79f3-bff1-2e7fd0670b76,a,D,QB10,3,4,UVH7a,37,0.07,7650000.0,7.65,398,1024,0.388671875
01a072a6-658d-79f3-bff1-2e7fd0670b76,a,D,QB10,3,4,UVH7a,38,0.07,8100000.0,8.1,381,1024,0.3720703125
01a072a6-658d-79f3-bff1-2e7fd0670b76,a,D,QB10,3,4,UVH7a,39,0.07,8550000.0,8.55,364,1024,0.35546875
01a072a6-658d-79f3-bff1-2e7fd0670b76,a,D,QB10,3,4,UVH7a,40,0.07,9000000.0,9.0,368,1024,0.359375
01a072a6-658d-79f3-bff1-2e7fd0670b76,a,D,QB10,3,5,UVH8a,0,0.07,-9000000.0,-9.0,537,1024,0.5244140625
01a072a6-658d-79f3-bff1-2e7fd0670b76,a,D,QB10,3,5,UVH8a,1,0.07,-8550000.0,-8.55,524,1024,0.51171875
01a072a6-658d-79f3-bff1-2e7fd0670b76,a,D,QB10,3,5,UVH8a,2,0.07,-8100000.0,-8.1,554,1024,0.541015625
01a072a6-658d-79f3-bff1-2e7fd0670b76,a,D,QB10,3,5,UVH8a,3,0.07,-7650000.0,-7.65,531,1024,0.5185546875
01a072a6-658d-79f3-bff1-2e7fd0670b76,a,D,QB10,3,5,UVH8a,4,0.07,-7200000.0,-7.2,534,1024,0.521484375
01a072a6-658d-79f3-bff1-2e7fd0670b76,a,D,QB10,3,5,UVH8a,5,0.07,-6750000.0,-6.75,498,1024,0.486328125
01a072a6-658d-79f3-bff1-2e7fd0670b76,a,D,QB10,3,5,UVH8a,6,0.07,-6300000.0,-6.3,516,1024,0.50390625
01a072a6-658d-79f3-bff1-2e7fd0670b76,a,D,QB10,3,5,UVH8a,7,0.07,-5850000.0,-5.85,528,1024,0.515625
01a072a6-658d-79f3-bff1-2e7fd0670b76,a,D,QB10,3,5,UVH8a,8,0.07,-5400000.0,-5.4,545,1024,0.5322265625
01a072a6-658d-79f3-bff1-2e7fd0670b76,a,D,QB10,3,5,UVH8a,9,0.07,-4950000.0,-4.95,525,1024,0.5126953125
01a072a6-658d-79f3-bff1-2e7fd0670b76,a,D,QB10,3,5,UVH8a,10,0.07,-4500000.0,-4.5,519,1024,0.5068359375
01a072a6-658d-79f3-bff1-2e7fd0670b76,a,D,QB10,3,5,UVH8a,11,0.07,-4050000.0,-4.05,522,1024,0.509765625
01a072a6-658d-79f3-bff1-2e7fd0670b76,a,D,QB10,3,5,UVH8a,12,0.07,-3600000.0,-3.6,555,1024,0.5419921875
01a072a6-658d-79f3-bff1-2e7fd0670b76,a,D,QB10,3,5,UVH8a,13,0.07,-3150000.0,-3.15,543,1024,0.5302734375
01a072a6-658d-79f3-bff1-2e7fd0670b76,a,D,QB10,3,5,UVH8a,14,0.07,-2700000.0,-2.7,543,1024,0.5302734375
01a072a6-658d-79f3-bff1-2e7fd0670b76,a,D,QB10,3,5,UVH8a,15,0.07,-2250000.0,-2.25,550,1024,0.537109375
01a072a6-658d-79f3-bff1-2e7fd0670b76,a,D,QB10,3,5,UVH8a,16,0.07,-1800000.0,-1.8,539,1024,0.5263671875
01a072a6-658d-79f3-bff1-2e7fd0670b76,a,D,QB10,3,5,UVH8a,17,0.07,-1350000.0,-1.35,538,1024,0.525390625
01a072a6-658d-79f3-bff1-2e7fd0670b76,a,D,QB10,3,5,UVH8a,18,0.07,-900000.0,-0.9,508,1024,0.49609375
01a072a6-658d-79f3-bff1-2e7fd0670b76,a,D,QB10,3,5,UVH8a,19,0.07,-450000.0,-0.45,522,1024,0.509765625
01a072a6-658d-79f3-bff1-2e7fd0670b76,a,D,QB10,3,5,UVH8a,20,0.07,0.0,0.0,509,1024,0.4970703125
01a072a6-658d-79f3-bff1-2e7fd0670b76,a,D,QB10,3,5,UVH8a,21,0.07,450000.0,0.45,561,1024,0.5478515625
01a072a6-658d-79f3-bff1-2e7fd0670b76,a,D,QB10,3,5,UVH8a,22,0.07,900000.0,0.9,517,1024,0.5048828125
01a072a6-658d-79f3-bff1-2e7fd0670b76,a,D,QB10,3,5,UVH8a,23,0.07,1350000.0,1.35,530,1024,0.517578125
01a072a6-658d-79f3-bff1-2e7fd0670b76,a,D,QB10,3,5,UVH8a,24,0.07,1800000.0,1.8,522,1024,0.509765625
01a072a6-658d-79f3-bff1-2e7fd0670b76,a,D,QB10,3,5,UVH8a,25,0.07,2250000.0,2.25,510,1024,0.498046875
01a072a6-658d-79f3-bff1-2e7fd0670b76,a,D,QB10,3,5,UVH8a,26,0.07,2700000.0,2.7,535,1024,0.5224609375
01a072a6-658d-79f3-bff1-2e7fd0670b76,a,D,QB10,3,5,UVH8a,27,0.07,3150000.0,3.15,547,1024,0.5341796875
01a072a6-658d-79f3-bff1-2e7fd0670b76,a,D,QB10,3,5,UVH8a,28,0.07,3600000.0,3.6,521,1024,0.5087890625
01a072a6-658d-79f3-bff1-2e7fd0670b76,a,D,QB10,3,5,UVH8a,29,0.07,4050000.0,4.05,527,1024,0.5146484375
01a072a6-658d-79f3-bff1-2e7fd0670b76,a,D,QB10,3,5,UVH8a,30,0.07,4500000.0,4.5,551,1024,0.5380859375
01a072a6-658d-79f3-bff1-2e7fd0670b76,a,D,QB10,3,5,UVH8a,31,0.07,4950000.0,4.95,523,1024,0.5107421875
01a072a6-658d-79f3-bff1-2e7fd0670b76,a,D,QB10,3,5,UVH8a,32,0.07,5400000.0,5.4,525,1024,0.5126953125
01a072a6-658d-79f3-bff1-2e7fd0670b76,a,D,QB10,3,5,UVH8a,33,0.07,5850000.0,5.85,512,1024,0.5
01a072a6-658d-79f3-bff1-2e7fd0670b76,a,D,QB10,3,5,UVH8a,34,0.07,6300000.0,6.3,506,1024,0.494140625
01a072a6-658d-79f3-bff1-2e7fd0670b76,a,D,QB10,3,5,UVH8a,35,0.07,6750000.0,6.75,514,1024,0.501953125
01a072a6-658d-79f3-bff1-2e7fd0670b76,a,D,QB10,3,5,UVH8a,36,0.07,7200000.0,7.2,507,1024,0.4951171875
01a072a6-658d-79f3-bff1-2e7fd0670b76,a,D,QB10,3,5,UVH8a,37,0.07,7650000.0,7.65,459,1024,0.4482421875
01a072a6-658d-79f3-bff1-2e7fd0670b76,a,D,QB10,3,5,UVH8a,38,0.07,8100000.0,8.1,480,1024,0.46875
01a072a6-658d-79f3-bff1-2e7fd0670b76,a,D,QB10,3,5,UVH8a,39,0.07,8550000.0,8.55,446,1024,0.435546875
01a072a6-658d-79f3-bff1-2e7fd0670b76,a,D,QB10,3,5,UVH8a,40,0.07,9000000.0,9.0,430,1024,0.419921875
01a072a6-658d-79f3-bff1-2e7fd0670b76,a,D,QB14,4,0,standard_pi_2,0,0.07,-9000000.0,-9.0,575,1024,0.5615234375
01a072a6-658d-79f3-bff1-2e7fd0670b76,a,D,QB14,4,0,standard_pi_2,1,0.07,-8550000.0,-8.55,562,1024,0.548828125
01a072a6-658d-79f3-bff1-2e7fd0670b76,a,D,QB14,4,0,standard_pi_2,2,0.07,-8100000.0,-8.1,557,1024,0.5439453125
01a072a6-658d-79f3-bff1-2e7fd0670b76,a,D,QB14,4,0,standard_pi_2,3,0.07,-7650000.0,-7.65,550,1024,0.537109375
01a072a6-658d-79f3-bff1-2e7fd0670b76,a,D,QB14,4,0,standard_pi_2,4,0.07,-7200000.0,-7.2,582,1024,0.568359375
01a072a6-658d-79f3-bff1-2e7fd0670b76,a,D,QB14,4,0,standard_pi_2,5,0.07,-6750000.0,-6.75,570,1024,0.556640625
01a072a6-658d-79f3-bff1-2e7fd0670b76,a,D,QB14,4,0,standard_pi_2,6,0.07,-6300000.0,-6.3,576,1024,0.5625
01a072a6-658d-79f3-bff1-2e7fd0670b76,a,D,QB14,4,0,standard_pi_2,7,0.07,-5850000.0,-5.85,589,1024,0.5751953125
01a072a6-658d-79f3-bff1-2e7fd0670b76,a,D,QB14,4,0,standard_pi_2,8,0.07,-5400000.0,-5.4,585,1024,0.5712890625
01a072a6-658d-79f3-bff1-2e7fd0670b76,a,D,QB14,4,0,standard_pi_2,9,0.07,-4950000.0,-4.95,553,1024,0.5400390625
01a072a6-658d-79f3-bff1-2e7fd0670b76,a,D,QB14,4,0,standard_pi_2,10,0.07,-4500000.0,-4.5,566,1024,0.552734375
01a072a6-658d-79f3-bff1-2e7fd0670b76,a,D,QB14,4,0,standard_pi_2,11,0.07,-4050000.0,-4.05,564,1024,0.55078125
01a072a6-658d-79f3-bff1-2e7fd0670b76,a,D,QB14,4,0,standard_pi_2,12,0.07,-3600000.0,-3.6,560,1024,0.546875
01a072a6-658d-79f3-bff1-2e7fd0670b76,a,D,QB14,4,0,standard_pi_2,13,0.07,-3150000.0,-3.15,581,1024,0.5673828125
01a072a6-658d-79f3-bff1-2e7fd0670b76,a,D,QB14,4,0,standard_pi_2,14,0.07,-2700000.0,-2.7,556,1024,0.54296875
01a072a6-658d-79f3-bff1-2e7fd0670b76,a,D,QB14,4,0,standard_pi_2,15,0.07,-2250000.0,-2.25,578,1024,0.564453125
01a072a6-658d-79f3-bff1-2e7fd0670b76,a,D,QB14,4,0,standard_pi_2,16,0.07,-1800000.0,-1.8,572,1024,0.55859375
01a072a6-658d-79f3-bff1-2e7fd0670b76,a,D,QB14,4,0,standard_pi_2,17,0.07,-1350000.0,-1.35,589,1024,0.5751953125
01a072a6-658d-79f3-bff1-2e7fd0670b76,a,D,QB14,4,0,standard_pi_2,18,0.07,-900000.0,-0.9,561,1024,0.5478515625
01a072a6-658d-79f3-bff1-2e7fd0670b76,a,D,QB14,4,0,standard_pi_2,19,0.07,-450000.0,-0.45,586,1024,0.572265625
01a072a6-658d-79f3-bff1-2e7fd0670b76,a,D,QB14,4,0,standard_pi_2,20,0.07,0.0,0.0,576,1024,0.5625
01a072a6-658d-79f3-bff1-2e7fd0670b76,a,D,QB14,4,0,standard_pi_2,21,0.07,450000.0,0.45,571,1024,0.5576171875
01a072a6-658d-79f3-bff1-2e7fd0670b76,a,D,QB14,4,0,standard_pi_2,22,0.07,900000.0,0.9,557,1024,0.5439453125
01a072a6-658d-79f3-bff1-2e7fd0670b76,a,D,QB14,4,0,standard_pi_2,23,0.07,1350000.0,1.35,538,1024,0.525390625
01a072a6-658d-79f3-bff1-2e7fd0670b76,a,D,QB14,4,0,standard_pi_2,24,0.07,1800000.0,1.8,598,1024,0.583984375
01a072a6-658d-79f3-bff1-2e7fd0670b76,a,D,QB14,4,0,standard_pi_2,25,0.07,2250000.0,2.25,602,1024,0.587890625
01a072a6-658d-79f3-bff1-2e7fd0670b76,a,D,QB14,4,0,standard_pi_2,26,0.07,2700000.0,2.7,546,1024,0.533203125
01a072a6-658d-79f3-bff1-2e7fd0670b76,a,D,QB14,4,0,standard_pi_2,27,0.07,3150000.0,3.15,581,1024,0.5673828125
01a072a6-658d-79f3-bff1-2e7fd0670b76,a,D,QB14,4,0,standard_pi_2,28,0.07,3600000.0,3.6,559,1024,0.5458984375
01a072a6-658d-79f3-bff1-2e7fd0670b76,a,D,QB14,4,0,standard_pi_2,29,0.07,4050000.0,4.05,591,1024,0.5771484375
01a072a6-658d-79f3-bff1-2e7fd0670b76,a,D,QB14,4,0,standard_pi_2,30,0.07,4500000.0,4.5,557,1024,0.5439453125
01a072a6-658d-79f3-bff1-2e7fd0670b76,a,D,QB14,4,0,standard_pi_2,31,0.07,4950000.0,4.95,555,1024,0.5419921875
01a072a6-658d-79f3-bff1-2e7fd0670b76,a,D,QB14,4,0,standard_pi_2,32,0.07,5400000.0,5.4,544,1024,0.53125
01a072a6-658d-79f3-bff1-2e7fd0670b76,a,D,QB14,4,0,standard_pi_2,33,0.07,5850000.0,5.85,554,1024,0.541015625
01a072a6-658d-79f3-bff1-2e7fd0670b76,a,D,QB14,4,0,standard_pi_2,34,0.07,6300000.0,6.3,572,1024,0.55859375
01a072a6-658d-79f3-bff1-2e7fd0670b76,a,D,QB14,4,0,standard_pi_2,35,0.07,6750000.0,6.75,563,1024,0.5498046875
01a072a6-658d-79f3-bff1-2e7fd0670b76,a,D,QB14,4,0,standard_pi_2,36,0.07,7200000.0,7.2,507,1024,0.4951171875
01a072a6-658d-79f3-bff1-2e7fd0670b76,a,D,QB14,4,0,standard_pi_2,37,0.07,7650000.0,7.65,535,1024,0.5224609375
01a072a6-658d-79f3-bff1-2e7fd0670b76,a,D,QB14,4,0,standard_pi_2,38,0.07,8100000.0,8.1,544,1024,0.53125
01a072a6-658d-79f3-bff1-2e7fd0670b76,a,D,QB14,4,0,standard_pi_2,39,0.07,8550000.0,8.55,555,1024,0.5419921875
01a072a6-658d-79f3-bff1-2e7fd0670b76,a,D,QB14,4,0,standard_pi_2,40,0.07,9000000.0,9.0,560,1024,0.546875
01a072a6-658d-79f3-bff1-2e7fd0670b76,a,D,QB14,4,1,UVH4a,0,0.07,-9000000.0,-9.0,557,1024,0.5439453125
01a072a6-658d-79f3-bff1-2e7fd0670b76,a,D,QB14,4,1,UVH4a,1,0.07,-8550000.0,-8.55,523,1024,0.5107421875
01a072a6-658d-79f3-bff1-2e7fd0670b76,a,D,QB14,4,1,UVH4a,2,0.07,-8100000.0,-8.1,496,1024,0.484375
01a072a6-658d-79f3-bff1-2e7fd0670b76,a,D,QB14,4,1,UVH4a,3,0.07,-7650000.0,-7.65,504,1024,0.4921875
01a072a6-658d-79f3-bff1-2e7fd0670b76,a,D,QB14,4,1,UVH4a,4,0.07,-7200000.0,-7.2,500,1024,0.48828125
01a072a6-658d-79f3-bff1-2e7fd0670b76,a,D,QB14,4,1,UVH4a,5,0.07,-6750000.0,-6.75,493,1024,0.4814453125
01a072a6-658d-79f3-bff1-2e7fd0670b76,a,D,QB14,4,1,UVH4a,6,0.07,-6300000.0,-6.3,487,1024,0.4755859375
01a072a6-658d-79f3-bff1-2e7fd0670b76,a,D,QB14,4,1,UVH4a,7,0.07,-5850000.0,-5.85,470,1024,0.458984375
01a072a6-658d-79f3-bff1-2e7fd0670b76,a,D,QB14,4,1,UVH4a,8,0.07,-5400000.0,-5.4,454,1024,0.443359375
01a072a6-658d-79f3-bff1-2e7fd0670b76,a,D,QB14,4,1,UVH4a,9,0.07,-4950000.0,-4.95,472,1024,0.4609375
01a072a6-658d-79f3-bff1-2e7fd0670b76,a,D,QB14,4,1,UVH4a,10,0.07,-4500000.0,-4.5,462,1024,0.451171875
01a072a6-658d-79f3-bff1-2e7fd0670b76,a,D,QB14,4,1,UVH4a,11,0.07,-4050000.0,-4.05,448,1024,0.4375
01a072a6-658d-79f3-bff1-2e7fd0670b76,a,D,QB14,4,1,UVH4a,12,0.07,-3600000.0,-3.6,459,1024,0.4482421875
01a072a6-658d-79f3-bff1-2e7fd0670b76,a,D,QB14,4,1,UVH4a,13,0.07,-3150000.0,-3.15,459,1024,0.4482421875
01a072a6-658d-79f3-bff1-2e7fd0670b76,a,D,QB14,4,1,UVH4a,14,0.07,-2700000.0,-2.7,471,1024,0.4599609375
01a072a6-658d-79f3-bff1-2e7fd0670b76,a,D,QB14,4,1,UVH4a,15,0.07,-2250000.0,-2.25,467,1024,0.4560546875
01a072a6-658d-79f3-bff1-2e7fd0670b76,a,D,QB14,4,1,UVH4a,16,0.07,-1800000.0,-1.8,464,1024,0.453125
01a072a6-658d-79f3-bff1-2e7fd0670b76,a,D,QB14,4,1,UVH4a,17,0.07,-1350000.0,-1.35,468,1024,0.45703125
01a072a6-658d-79f3-bff1-2e7fd0670b76,a,D,QB14,4,1,UVH4a,18,0.07,-900000.0,-0.9,496,1024,0.484375
01a072a6-658d-79f3-bff1-2e7fd0670b76,a,D,QB14,4,1,UVH4a,19,0.07,-450000.0,-0.45,485,1024,0.4736328125
01a072a6-658d-79f3-bff1-2e7fd0670b76,a,D,QB14,4,1,UVH4a,20,0.07,0.0,0.0,480,1024,0.46875
01a072a6-658d-79f3-bff1-2e7fd0670b76,a,D,QB14,4,1,UVH4a,21,0.07,450000.0,0.45,496,1024,0.484375
01a072a6-658d-79f3-bff1-2e7fd0670b76,a,D,QB14,4,1,UVH4a,22,0.07,900000.0,0.9,487,1024,0.4755859375
01a072a6-658d-79f3-bff1-2e7fd0670b76,a,D,QB14,4,1,UVH4a,23,0.07,1350000.0,1.35,487,1024,0.4755859375
01a072a6-658d-79f3-bff1-2e7fd0670b76,a,D,QB14,4,1,UVH4a,24,0.07,1800000.0,1.8,512,1024,0.5
01a072a6-658d-79f3-bff1-2e7fd0670b76,a,D,QB14,4,1,UVH4a,25,0.07,2250000.0,2.25,446,1024,0.435546875
01a072a6-658d-79f3-bff1-2e7fd0670b76,a,D,QB14,4,1,UVH4a,26,0.07,2700000.0,2.7,492,1024,0.48046875
01a072a6-658d-79f3-bff1-2e7fd0670b76,a,D,QB14,4,1,UVH4a,27,0.07,3150000.0,3.15,462,1024,0.451171875
01a072a6-658d-79f3-bff1-2e7fd0670b76,a,D,QB14,4,1,UVH4a,28,0.07,3600000.0,3.6,475,1024,0.4638671875
01a072a6-658d-79f3-bff1-2e7fd0670b76,a,D,QB14,4,1,UVH4a,29,0.07,4050000.0,4.05,466,1024,0.455078125
01a072a6-658d-79f3-bff1-2e7fd0670b76,a,D,QB14,4,1,UVH4a,30,0.07,4500000.0,4.5,462,1024,0.451171875
01a072a6-658d-79f3-bff1-2e7fd0670b76,a,D,QB14,4,1,UVH4a,31,0.07,4950000.0,4.95,504,1024,0.4921875
01a072a6-658d-79f3-bff1-2e7fd0670b76,a,D,QB14,4,1,UVH4a,32,0.07,5400000.0,5.4,462,1024,0.451171875
01a072a6-658d-79f3-bff1-2e7fd0670b76,a,D,QB14,4,1,UVH4a,33,0.07,5850000.0,5.85,478,1024,0.466796875
01a072a6-658d-79f3-bff1-2e7fd0670b76,a,D,QB14,4,1,UVH4a,34,0.07,6300000.0,6.3,501,1024,0.4892578125
01a072a6-658d-79f3-bff1-2e7fd0670b76,a,D,QB14,4,1,UVH4a,35,0.07,6750000.0,6.75,509,1024,0.4970703125
01a072a6-658d-79f3-bff1-2e7fd0670b76,a,D,QB14,4,1,UVH4a,36,0.07,7200000.0,7.2,514,1024,0.501953125
01a072a6-658d-79f3-bff1-2e7fd0670b76,a,D,QB14,4,1,UVH4a,37,0.07,7650000.0,7.65,493,1024,0.4814453125
01a072a6-658d-79f3-bff1-2e7fd0670b76,a,D,QB14,4,1,UVH4a,38,0.07,8100000.0,8.1,549,1024,0.5361328125
01a072a6-658d-79f3-bff1-2e7fd0670b76,a,D,QB14,4,1,UVH4a,39,0.07,8550000.0,8.55,574,1024,0.560546875
01a072a6-658d-79f3-bff1-2e7fd0670b76,a,D,QB14,4,1,UVH4a,40,0.07,9000000.0,9.0,568,1024,0.5546875
01a072a6-658d-79f3-bff1-2e7fd0670b76,a,D,QB14,4,2,UVH5a,0,0.07,-9000000.0,-9.0,391,1024,0.3818359375
01a072a6-658d-79f3-bff1-2e7fd0670b76,a,D,QB14,4,2,UVH5a,1,0.07,-8550000.0,-8.55,371,1024,0.3623046875
01a072a6-658d-79f3-bff1-2e7fd0670b76,a,D,QB14,4,2,UVH5a,2,0.07,-8100000.0,-8.1,348,1024,0.33984375
01a072a6-658d-79f3-bff1-2e7fd0670b76,a,D,QB14,4,2,UVH5a,3,0.07,-7650000.0,-7.65,375,1024,0.3662109375
01a072a6-658d-79f3-bff1-2e7fd0670b76,a,D,QB14,4,2,UVH5a,4,0.07,-7200000.0,-7.2,378,1024,0.369140625
01a072a6-658d-79f3-bff1-2e7fd0670b76,a,D,QB14,4,2,UVH5a,5,0.07,-6750000.0,-6.75,408,1024,0.3984375
01a072a6-658d-79f3-bff1-2e7fd0670b76,a,D,QB14,4,2,UVH5a,6,0.07,-6300000.0,-6.3,404,1024,0.39453125
01a072a6-658d-79f3-bff1-2e7fd0670b76,a,D,QB14,4,2,UVH5a,7,0.07,-5850000.0,-5.85,389,1024,0.3798828125
01a072a6-658d-79f3-bff1-2e7fd0670b76,a,D,QB14,4,2,UVH5a,8,0.07,-5400000.0,-5.4,426,1024,0.416015625
01a072a6-658d-79f3-bff1-2e7fd0670b76,a,D,QB14,4,2,UVH5a,9,0.07,-4950000.0,-4.95,386,1024,0.376953125
01a072a6-658d-79f3-bff1-2e7fd0670b76,a,D,QB14,4,2,UVH5a,10,0.07,-4500000.0,-4.5,439,1024,0.4287109375
01a072a6-658d-79f3-bff1-2e7fd0670b76,a,D,QB14,4,2,UVH5a,11,0.07,-4050000.0,-4.05,469,1024,0.4580078125
01a072a6-658d-79f3-bff1-2e7fd0670b76,a,D,QB14,4,2,UVH5a,12,0.07,-3600000.0,-3.6,480,1024,0.46875
01a072a6-658d-79f3-bff1-2e7fd0670b76,a,D,QB14,4,2,UVH5a,13,0.07,-3150000.0,-3.15,447,1024,0.4365234375
01a072a6-658d-79f3-bff1-2e7fd0670b76,a,D,QB14,4,2,UVH5a,14,0.07,-2700000.0,-2.7,480,1024,0.46875
01a072a6-658d-79f3-bff1-2e7fd0670b76,a,D,QB14,4,2,UVH5a,15,0.07,-2250000.0,-2.25,501,1024,0.4892578125
01a072a6-658d-79f3-bff1-2e7fd0670b76,a,D,QB14,4,2,UVH5a,16,0.07,-1800000.0,-1.8,493,1024,0.4814453125
01a072a6-658d-79f3-bff1-2e7fd0670b76,a,D,QB14,4,2,UVH5a,17,0.07,-1350000.0,-1.35,484,1024,0.47265625
01a072a6-658d-79f3-bff1-2e7fd0670b76,a,D,QB14,4,2,UVH5a,18,0.07,-900000.0,-0.9,493,1024,0.4814453125
01a072a6-658d-79f3-bff1-2e7fd0670b76,a,D,QB14,4,2,UVH5a,19,0.07,-450000.0,-0.45,455,1024,0.4443359375
01a072a6-658d-79f3-bff1-2e7fd0670b76,a,D,QB14,4,2,UVH5a,20,0.07,0.0,0.0,478,1024,0.466796875
01a072a6-658d-79f3-bff1-2e7fd0670b76,a,D,QB14,4,2,UVH5a,21,0.07,450000.0,0.45,472,1024,0.4609375
01a072a6-658d-79f3-bff1-2e7fd0670b76,a,D,QB14,4,2,UVH5a,22,0.07,900000.0,0.9,484,1024,0.47265625
01a072a6-658d-79f3-bff1-2e7fd0670b76,a,D,QB14,4,2,UVH5a,23,0.07,1350000.0,1.35,475,1024,0.4638671875
01a072a6-658d-79f3-bff1-2e7fd0670b76,a,D,QB14,4,2,UVH5a,24,0.07,1800000.0,1.8,475,1024,0.4638671875
01a072a6-658d-79f3-bff1-2e7fd0670b76,a,D,QB14,4,2,UVH5a,25,0.07,2250000.0,2.25,462,1024,0.451171875
01a072a6-658d-79f3-bff1-2e7fd0670b76,a,D,QB14,4,2,UVH5a,26,0.07,2700000.0,2.7,495,1024,0.4833984375
01a072a6-658d-79f3-bff1-2e7fd0670b76,a,D,QB14,4,2,UVH5a,27,0.07,3150000.0,3.15,459,1024,0.4482421875
01a072a6-658d-79f3-bff1-2e7fd0670b76,a,D,QB14,4,2,UVH5a,28,0.07,3600000.0,3.6,480,1024,0.46875
01a072a6-658d-79f3-bff1-2e7fd0670b76,a,D,QB14,4,2,UVH5a,29,0.07,4050000.0,4.05,433,1024,0.4228515625
01a072a6-658d-79f3-bff1-2e7fd0670b76,a,D,QB14,4,2,UVH5a,30,0.07,4500000.0,4.5,436,1024,0.42578125
01a072a6-658d-79f3-bff1-2e7fd0670b76,a,D,QB14,4,2,UVH5a,31,0.07,4950000.0,4.95,405,1024,0.3955078125
01a072a6-658d-79f3-bff1-2e7fd0670b76,a,D,QB14,4,2,UVH5a,32,0.07,5400000.0,5.4,407,1024,0.3974609375
01a072a6-658d-79f3-bff1-2e7fd0670b76,a,D,QB14,4,2,UVH5a,33,0.07,5850000.0,5.85,421,1024,0.4111328125
01a072a6-658d-79f3-bff1-2e7fd0670b76,a,D,QB14,4,2,UVH5a,34,0.07,6300000.0,6.3,402,1024,0.392578125
01a072a6-658d-79f3-bff1-2e7fd0670b76,a,D,QB14,4,2,UVH5a,35,0.07,6750000.0,6.75,388,1024,0.37890625
01a072a6-658d-79f3-bff1-2e7fd0670b76,a,D,QB14,4,2,UVH5a,36,0.07,7200000.0,7.2,398,1024,0.388671875
01a072a6-658d-79f3-bff1-2e7fd0670b76,a,D,QB14,4,2,UVH5a,37,0.07,7650000.0,7.65,391,1024,0.3818359375
01a072a6-658d-79f3-bff1-2e7fd0670b76,a,D,QB14,4,2,UVH5a,38,0.07,8100000.0,8.1,347,1024,0.3388671875
01a072a6-658d-79f3-bff1-2e7fd0670b76,a,D,QB14,4,2,UVH5a,39,0.07,8550000.0,8.55,404,1024,0.39453125
01a072a6-658d-79f3-bff1-2e7fd0670b76,a,D,QB14,4,2,UVH5a,40,0.07,9000000.0,9.0,347,1024,0.3388671875
01a072a6-658d-79f3-bff1-2e7fd0670b76,a,D,QB14,4,3,UVH6a,0,0.07,-9000000.0,-9.0,605,1024,0.5908203125
01a072a6-658d-79f3-bff1-2e7fd0670b76,a,D,QB14,4,3,UVH6a,1,0.07,-8550000.0,-8.55,610,1024,0.595703125
01a072a6-658d-79f3-bff1-2e7fd0670b76,a,D,QB14,4,3,UVH6a,2,0.07,-8100000.0,-8.1,614,1024,0.599609375
01a072a6-658d-79f3-bff1-2e7fd0670b76,a,D,QB14,4,3,UVH6a,3,0.07,-7650000.0,-7.65,578,1024,0.564453125
01a072a6-658d-79f3-bff1-2e7fd0670b76,a,D,QB14,4,3,UVH6a,4,0.07,-7200000.0,-7.2,565,1024,0.5517578125
01a072a6-658d-79f3-bff1-2e7fd0670b76,a,D,QB14,4,3,UVH6a,5,0.07,-6750000.0,-6.75,593,1024,0.5791015625
01a072a6-658d-79f3-bff1-2e7fd0670b76,a,D,QB14,4,3,UVH6a,6,0.07,-6300000.0,-6.3,542,1024,0.529296875
01a072a6-658d-79f3-bff1-2e7fd0670b76,a,D,QB14,4,3,UVH6a,7,0.07,-5850000.0,-5.85,549,1024,0.5361328125
01a072a6-658d-79f3-bff1-2e7fd0670b76,a,D,QB14,4,3,UVH6a,8,0.07,-5400000.0,-5.4,552,1024,0.5390625
01a072a6-658d-79f3-bff1-2e7fd0670b76,a,D,QB14,4,3,UVH6a,9,0.07,-4950000.0,-4.95,538,1024,0.525390625
01a072a6-658d-79f3-bff1-2e7fd0670b76,a,D,QB14,4,3,UVH6a,10,0.07,-4500000.0,-4.5,543,1024,0.5302734375
01a072a6-658d-79f3-bff1-2e7fd0670b76,a,D,QB14,4,3,UVH6a,11,0.07,-4050000.0,-4.05,531,1024,0.5185546875
01a072a6-658d-79f3-bff1-2e7fd0670b76,a,D,QB14,4,3,UVH6a,12,0.07,-3600000.0,-3.6,542,1024,0.529296875
01a072a6-658d-79f3-bff1-2e7fd0670b76,a,D,QB14,4,3,UVH6a,13,0.07,-3150000.0,-3.15,517,1024,0.5048828125
01a072a6-658d-79f3-bff1-2e7fd0670b76,a,D,QB14,4,3,UVH6a,14,0.07,-2700000.0,-2.7,520,1024,0.5078125
01a072a6-658d-79f3-bff1-2e7fd0670b76,a,D,QB14,4,3,UVH6a,15,0.07,-2250000.0,-2.25,549,1024,0.5361328125
01a072a6-658d-79f3-bff1-2e7fd0670b76,a,D,QB14,4,3,UVH6a,16,0.07,-1800000.0,-1.8,499,1024,0.4873046875
01a072a6-658d-79f3-bff1-2e7fd0670b76,a,D,QB14,4,3,UVH6a,17,0.07,-1350000.0,-1.35,491,1024,0.4794921875
01a072a6-658d-79f3-bff1-2e7fd0670b76,a,D,QB14,4,3,UVH6a,18,0.07,-900000.0,-0.9,509,1024,0.4970703125
01a072a6-658d-79f3-bff1-2e7fd0670b76,a,D,QB14,4,3,UVH6a,19,0.07,-450000.0,-0.45,506,1024,0.494140625
01a072a6-658d-79f3-bff1-2e7fd0670b76,a,D,QB14,4,3,UVH6a,20,0.07,0.0,0.0,513,1024,0.5009765625
01a072a6-658d-79f3-bff1-2e7fd0670b76,a,D,QB14,4,3,UVH6a,21,0.07,450000.0,0.45,497,1024,0.4853515625
01a072a6-658d-79f3-bff1-2e7fd0670b76,a,D,QB14,4,3,UVH6a,22,0.07,900000.0,0.9,485,1024,0.4736328125
01a072a6-658d-79f3-bff1-2e7fd0670b76,a,D,QB14,4,3,UVH6a,23,0.07,1350000.0,1.35,484,1024,0.47265625
01a072a6-658d-79f3-bff1-2e7fd0670b76,a,D,QB14,4,3,UVH6a,24,0.07,1800000.0,1.8,478,1024,0.466796875
01a072a6-658d-79f3-bff1-2e7fd0670b76,a,D,QB14,4,3,UVH6a,25,0.07,2250000.0,2.25,469,1024,0.4580078125
01a072a6-658d-79f3-bff1-2e7fd0670b76,a,D,QB14,4,3,UVH6a,26,0.07,2700000.0,2.7,492,1024,0.48046875
01a072a6-658d-79f3-bff1-2e7fd0670b76,a,D,QB14,4,3,UVH6a,27,0.07,3150000.0,3.15,477,1024,0.4658203125
01a072a6-658d-79f3-bff1-2e7fd0670b76,a,D,QB14,4,3,UVH6a,28,0.07,3600000.0,3.6,486,1024,0.474609375
01a072a6-658d-79f3-bff1-2e7fd0670b76,a,D,QB14,4,3,UVH6a,29,0.07,4050000.0,4.05,508,1024,0.49609375
01a072a6-658d-79f3-bff1-2e7fd0670b76,a,D,QB14,4,3,UVH6a,30,0.07,4500000.0,4.5,500,1024,0.48828125
01a072a6-658d-79f3-bff1-2e7fd0670b76,a,D,QB14,4,3,UVH6a,31,0.07,4950000.0,4.95,498,1024,0.486328125
01a072a6-658d-79f3-bff1-2e7fd0670b76,a,D,QB14,4,3,UVH6a,32,0.07,5400000.0,5.4,513,1024,0.5009765625
01a072a6-658d-79f3-bff1-2e7fd0670b76,a,D,QB14,4,3,UVH6a,33,0.07,5850000.0,5.85,514,1024,0.501953125
01a072a6-658d-79f3-bff1-2e7fd0670b76,a,D,QB14,4,3,UVH6a,34,0.07,6300000.0,6.3,529,1024,0.5166015625
01a072a6-658d-79f3-bff1-2e7fd0670b76,a,D,QB14,4,3,UVH6a,35,0.07,6750000.0,6.75,506,1024,0.494140625
01a072a6-658d-79f3-bff1-2e7fd0670b76,a,D,QB14,4,3,UVH6a,36,0.07,7200000.0,7.2,536,1024,0.5234375
01a072a6-658d-79f3-bff1-2e7fd0670b76,a,D,QB14,4,3,UVH6a,37,0.07,7650000.0,7.65,551,1024,0.5380859375
01a072a6-658d-79f3-bff1-2e7fd0670b76,a,D,QB14,4,3,UVH6a,38,0.07,8100000.0,8.1,608,1024,0.59375
01a072a6-658d-79f3-bff1-2e7fd0670b76,a,D,QB14,4,3,UVH6a,39,0.07,8550000.0,8.55,590,1024,0.576171875
01a072a6-658d-79f3-bff1-2e7fd0670b76,a,D,QB14,4,3,UVH6a,40,0.07,9000000.0,9.0,636,1024,0.62109375
01a072a6-658d-79f3-bff1-2e7fd0670b76,a,D,QB14,4,4,UVH7a,0,0.07,-9000000.0,-9.0,531,1024,0.5185546875
01a072a6-658d-79f3-bff1-2e7fd0670b76,a,D,QB14,4,4,UVH7a,1,0.07,-8550000.0,-8.55,506,1024,0.494140625
01a072a6-658d-79f3-bff1-2e7fd0670b76,a,D,QB14,4,4,UVH7a,2,0.07,-8100000.0,-8.1,527,1024,0.5146484375
01a072a6-658d-79f3-bff1-2e7fd0670b76,a,D,QB14,4,4,UVH7a,3,0.07,-7650000.0,-7.65,536,1024,0.5234375
01a072a6-658d-79f3-bff1-2e7fd0670b76,a,D,QB14,4,4,UVH7a,4,0.07,-7200000.0,-7.2,514,1024,0.501953125
01a072a6-658d-79f3-bff1-2e7fd0670b76,a,D,QB14,4,4,UVH7a,5,0.07,-6750000.0,-6.75,498,1024,0.486328125
01a072a6-658d-79f3-bff1-2e7fd0670b76,a,D,QB14,4,4,UVH7a,6,0.07,-6300000.0,-6.3,506,1024,0.494140625
01a072a6-658d-79f3-bff1-2e7fd0670b76,a,D,QB14,4,4,UVH7a,7,0.07,-5850000.0,-5.85,507,1024,0.4951171875
01a072a6-658d-79f3-bff1-2e7fd0670b76,a,D,QB14,4,4,UVH7a,8,0.07,-5400000.0,-5.4,526,1024,0.513671875
01a072a6-658d-79f3-bff1-2e7fd0670b76,a,D,QB14,4,4,UVH7a,9,0.07,-4950000.0,-4.95,520,1024,0.5078125
01a072a6-658d-79f3-bff1-2e7fd0670b76,a,D,QB14,4,4,UVH7a,10,0.07,-4500000.0,-4.5,513,1024,0.5009765625
01a072a6-658d-79f3-bff1-2e7fd0670b76,a,D,QB14,4,4,UVH7a,11,0.07,-4050000.0,-4.05,496,1024,0.484375
01a072a6-658d-79f3-bff1-2e7fd0670b76,a,D,QB14,4,4,UVH7a,12,0.07,-3600000.0,-3.6,522,1024,0.509765625
01a072a6-658d-79f3-bff1-2e7fd0670b76,a,D,QB14,4,4,UVH7a,13,0.07,-3150000.0,-3.15,517,1024,0.5048828125
01a072a6-658d-79f3-bff1-2e7fd0670b76,a,D,QB14,4,4,UVH7a,14,0.07,-2700000.0,-2.7,480,1024,0.46875
01a072a6-658d-79f3-bff1-2e7fd0670b76,a,D,QB14,4,4,UVH7a,15,0.07,-2250000.0,-2.25,473,1024,0.4619140625
01a072a6-658d-79f3-bff1-2e7fd0670b76,a,D,QB14,4,4,UVH7a,16,0.07,-1800000.0,-1.8,477,1024,0.4658203125
01a072a6-658d-79f3-bff1-2e7fd0670b76,a,D,QB14,4,4,UVH7a,17,0.07,-1350000.0,-1.35,487,1024,0.4755859375
01a072a6-658d-79f3-bff1-2e7fd0670b76,a,D,QB14,4,4,UVH7a,18,0.07,-900000.0,-0.9,495,1024,0.4833984375
01a072a6-658d-79f3-bff1-2e7fd0670b76,a,D,QB14,4,4,UVH7a,19,0.07,-450000.0,-0.45,488,1024,0.4765625
01a072a6-658d-79f3-bff1-2e7fd0670b76,a,D,QB14,4,4,UVH7a,20,0.07,0.0,0.0,505,1024,0.4931640625
01a072a6-658d-79f3-bff1-2e7fd0670b76,a,D,QB14,4,4,UVH7a,21,0.07,450000.0,0.45,462,1024,0.451171875
01a072a6-658d-79f3-bff1-2e7fd0670b76,a,D,QB14,4,4,UVH7a,22,0.07,900000.0,0.9,508,1024,0.49609375
01a072a6-658d-79f3-bff1-2e7fd0670b76,a,D,QB14,4,4,UVH7a,23,0.07,1350000.0,1.35,488,1024,0.4765625
01a072a6-658d-79f3-bff1-2e7fd0670b76,a,D,QB14,4,4,UVH7a,24,0.07,1800000.0,1.8,469,1024,0.4580078125
01a072a6-658d-79f3-bff1-2e7fd0670b76,a,D,QB14,4,4,UVH7a,25,0.07,2250000.0,2.25,465,1024,0.4541015625
01a072a6-658d-79f3-bff1-2e7fd0670b76,a,D,QB14,4,4,UVH7a,26,0.07,2700000.0,2.7,486,1024,0.474609375
01a072a6-658d-79f3-bff1-2e7fd0670b76,a,D,QB14,4,4,UVH7a,27,0.07,3150000.0,3.15,501,1024,0.4892578125
01a072a6-658d-79f3-bff1-2e7fd0670b76,a,D,QB14,4,4,UVH7a,28,0.07,3600000.0,3.6,468,1024,0.45703125
01a072a6-658d-79f3-bff1-2e7fd0670b76,a,D,QB14,4,4,UVH7a,29,0.07,4050000.0,4.05,447,1024,0.4365234375
01a072a6-658d-79f3-bff1-2e7fd0670b76,a,D,QB14,4,4,UVH7a,30,0.07,4500000.0,4.5,456,1024,0.4453125
01a072a6-658d-79f3-bff1-2e7fd0670b76,a,D,QB14,4,4,UVH7a,31,0.07,4950000.0,4.95,451,1024,0.4404296875
01a072a6-658d-79f3-bff1-2e7fd0670b76,a,D,QB14,4,4,UVH7a,32,0.07,5400000.0,5.4,417,1024,0.4072265625
01a072a6-658d-79f3-bff1-2e7fd0670b76,a,D,QB14,4,4,UVH7a,33,0.07,5850000.0,5.85,429,1024,0.4189453125
01a072a6-658d-79f3-bff1-2e7fd0670b76,a,D,QB14,4,4,UVH7a,34,0.07,6300000.0,6.3,448,1024,0.4375
01a072a6-658d-79f3-bff1-2e7fd0670b76,a,D,QB14,4,4,UVH7a,35,0.07,6750000.0,6.75,417,1024,0.4072265625
01a072a6-658d-79f3-bff1-2e7fd0670b76,a,D,QB14,4,4,UVH7a,36,0.07,7200000.0,7.2,393,1024,0.3837890625
01a072a6-658d-79f3-bff1-2e7fd0670b76,a,D,QB14,4,4,UVH7a,37,0.07,7650000.0,7.65,361,1024,0.3525390625
01a072a6-658d-79f3-bff1-2e7fd0670b76,a,D,QB14,4,4,UVH7a,38,0.07,8100000.0,8.1,360,1024,0.3515625
01a072a6-658d-79f3-bff1-2e7fd0670b76,a,D,QB14,4,4,UVH7a,39,0.07,8550000.0,8.55,359,1024,0.3505859375
01a072a6-658d-79f3-bff1-2e7fd0670b76,a,D,QB14,4,4,UVH7a,40,0.07,9000000.0,9.0,375,1024,0.3662109375
01a072a6-658d-79f3-bff1-2e7fd0670b76,a,D,QB14,4,5,UVH8a,0,0.07,-9000000.0,-9.0,525,1024,0.5126953125
01a072a6-658d-79f3-bff1-2e7fd0670b76,a,D,QB14,4,5,UVH8a,1,0.07,-8550000.0,-8.55,547,1024,0.5341796875
01a072a6-658d-79f3-bff1-2e7fd0670b76,a,D,QB14,4,5,UVH8a,2,0.07,-8100000.0,-8.1,493,1024,0.4814453125
01a072a6-658d-79f3-bff1-2e7fd0670b76,a,D,QB14,4,5,UVH8a,3,0.07,-7650000.0,-7.65,521,1024,0.5087890625
01a072a6-658d-79f3-bff1-2e7fd0670b76,a,D,QB14,4,5,UVH8a,4,0.07,-7200000.0,-7.2,522,1024,0.509765625
01a072a6-658d-79f3-bff1-2e7fd0670b76,a,D,QB14,4,5,UVH8a,5,0.07,-6750000.0,-6.75,510,1024,0.498046875
01a072a6-658d-79f3-bff1-2e7fd0670b76,a,D,QB14,4,5,UVH8a,6,0.07,-6300000.0,-6.3,522,1024,0.509765625
01a072a6-658d-79f3-bff1-2e7fd0670b76,a,D,QB14,4,5,UVH8a,7,0.07,-5850000.0,-5.85,507,1024,0.4951171875
01a072a6-658d-79f3-bff1-2e7fd0670b76,a,D,QB14,4,5,UVH8a,8,0.07,-5400000.0,-5.4,516,1024,0.50390625
01a072a6-658d-79f3-bff1-2e7fd0670b76,a,D,QB14,4,5,UVH8a,9,0.07,-4950000.0,-4.95,523,1024,0.5107421875
01a072a6-658d-79f3-bff1-2e7fd0670b76,a,D,QB14,4,5,UVH8a,10,0.07,-4500000.0,-4.5,491,1024,0.4794921875
01a072a6-658d-79f3-bff1-2e7fd0670b76,a,D,QB14,4,5,UVH8a,11,0.07,-4050000.0,-4.05,534,1024,0.521484375
01a072a6-658d-79f3-bff1-2e7fd0670b76,a,D,QB14,4,5,UVH8a,12,0.07,-3600000.0,-3.6,517,1024,0.5048828125
01a072a6-658d-79f3-bff1-2e7fd0670b76,a,D,QB14,4,5,UVH8a,13,0.07,-3150000.0,-3.15,537,1024,0.5244140625
01a072a6-658d-79f3-bff1-2e7fd0670b76,a,D,QB14,4,5,UVH8a,14,0.07,-2700000.0,-2.7,544,1024,0.53125
01a072a6-658d-79f3-bff1-2e7fd0670b76,a,D,QB14,4,5,UVH8a,15,0.07,-2250000.0,-2.25,543,1024,0.5302734375
01a072a6-658d-79f3-bff1-2e7fd0670b76,a,D,QB14,4,5,UVH8a,16,0.07,-1800000.0,-1.8,534,1024,0.521484375
01a072a6-658d-79f3-bff1-2e7fd0670b76,a,D,QB14,4,5,UVH8a,17,0.07,-1350000.0,-1.35,553,1024,0.5400390625
01a072a6-658d-79f3-bff1-2e7fd0670b76,a,D,QB14,4,5,UVH8a,18,0.07,-900000.0,-0.9,539,1024,0.5263671875
01a072a6-658d-79f3-bff1-2e7fd0670b76,a,D,QB14,4,5,UVH8a,19,0.07,-450000.0,-0.45,517,1024,0.5048828125
01a072a6-658d-79f3-bff1-2e7fd0670b76,a,D,QB14,4,5,UVH8a,20,0.07,0.0,0.0,532,1024,0.51953125
01a072a6-658d-79f3-bff1-2e7fd0670b76,a,D,QB14,4,5,UVH8a,21,0.07,450000.0,0.45,514,1024,0.501953125
01a072a6-658d-79f3-bff1-2e7fd0670b76,a,D,QB14,4,5,UVH8a,22,0.07,900000.0,0.9,539,1024,0.5263671875
01a072a6-658d-79f3-bff1-2e7fd0670b76,a,D,QB14,4,5,UVH8a,23,0.07,1350000.0,1.35,523,1024,0.5107421875
01a072a6-658d-79f3-bff1-2e7fd0670b76,a,D,QB14,4,5,UVH8a,24,0.07,1800000.0,1.8,506,1024,0.494140625
01a072a6-658d-79f3-bff1-2e7fd0670b76,a,D,QB14,4,5,UVH8a,25,0.07,2250000.0,2.25,519,1024,0.5068359375
01a072a6-658d-79f3-bff1-2e7fd0670b76,a,D,QB14,4,5,UVH8a,26,0.07,2700000.0,2.7,494,1024,0.482421875
01a072a6-658d-79f3-bff1-2e7fd0670b76,a,D,QB14,4,5,UVH8a,27,0.07,3150000.0,3.15,527,1024,0.5146484375
01a072a6-658d-79f3-bff1-2e7fd0670b76,a,D,QB14,4,5,UVH8a,28,0.07,3600000.0,3.6,519,1024,0.5068359375
01a072a6-658d-79f3-bff1-2e7fd0670b76,a,D,QB14,4,5,UVH8a,29,0.07,4050000.0,4.05,515,1024,0.5029296875
01a072a6-658d-79f3-bff1-2e7fd0670b76,a,D,QB14,4,5,UVH8a,30,0.07,4500000.0,4.5,509,1024,0.4970703125
01a072a6-658d-79f3-bff1-2e7fd0670b76,a,D,QB14,4,5,UVH8a,31,0.07,4950000.0,4.95,516,1024,0.50390625
01a072a6-658d-79f3-bff1-2e7fd0670b76,a,D,QB14,4,5,UVH8a,32,0.07,5400000.0,5.4,491,1024,0.4794921875
01a072a6-658d-79f3-bff1-2e7fd0670b76,a,D,QB14,4,5,UVH8a,33,0.07,5850000.0,5.85,474,1024,0.462890625
01a072a6-658d-79f3-bff1-2e7fd0670b76,a,D,QB14,4,5,UVH8a,34,0.07,6300000.0,6.3,465,1024,0.4541015625
01a072a6-658d-79f3-bff1-2e7fd0670b76,a,D,QB14,4,5,UVH8a,35,0.07,6750000.0,6.75,500,1024,0.48828125
01a072a6-658d-79f3-bff1-2e7fd0670b76,a,D,QB14,4,5,UVH8a,36,0.07,7200000.0,7.2,493,1024,0.4814453125
01a072a6-658d-79f3-bff1-2e7fd0670b76,a,D,QB14,4,5,UVH8a,37,0.07,7650000.0,7.65,432,1024,0.421875
01a072a6-658d-79f3-bff1-2e7fd0670b76,a,D,QB14,4,5,UVH8a,38,0.07,8100000.0,8.1,415,1024,0.4052734375
01a072a6-658d-79f3-bff1-2e7fd0670b76,a,D,QB14,4,5,UVH8a,39,0.07,8550000.0,8.55,418,1024,0.408203125
01a072a6-658d-79f3-bff1-2e7fd0670b76,a,D,QB14,4,5,UVH8a,40,0.07,9000000.0,9.0,375,1024,0.3662109375
01a072a6-658d-79f3-bff1-2e7fd0670b76,a,D,QB4,5,0,standard_pi_2,0,0.07,-9000000.0,-9.0,621,1024,0.6064453125
01a072a6-658d-79f3-bff1-2e7fd0670b76,a,D,QB4,5,0,standard_pi_2,1,0.07,-8550000.0,-8.55,617,1024,0.6025390625
01a072a6-658d-79f3-bff1-2e7fd0670b76,a,D,QB4,5,0,standard_pi_2,2,0.07,-8100000.0,-8.1,621,1024,0.6064453125
01a072a6-658d-79f3-bff1-2e7fd0670b76,a,D,QB4,5,0,standard_pi_2,3,0.07,-7650000.0,-7.65,593,1024,0.5791015625
01a072a6-658d-79f3-bff1-2e7fd0670b76,a,D,QB4,5,0,standard_pi_2,4,0.07,-7200000.0,-7.2,601,1024,0.5869140625
01a072a6-658d-79f3-bff1-2e7fd0670b76,a,D,QB4,5,0,standard_pi_2,5,0.07,-6750000.0,-6.75,580,1024,0.56640625
01a072a6-658d-79f3-bff1-2e7fd0670b76,a,D,QB4,5,0,standard_pi_2,6,0.07,-6300000.0,-6.3,613,1024,0.5986328125
01a072a6-658d-79f3-bff1-2e7fd0670b76,a,D,QB4,5,0,standard_pi_2,7,0.07,-5850000.0,-5.85,588,1024,0.57421875
01a072a6-658d-79f3-bff1-2e7fd0670b76,a,D,QB4,5,0,standard_pi_2,8,0.07,-5400000.0,-5.4,578,1024,0.564453125
01a072a6-658d-79f3-bff1-2e7fd0670b76,a,D,QB4,5,0,standard_pi_2,9,0.07,-4950000.0,-4.95,582,1024,0.568359375
01a072a6-658d-79f3-bff1-2e7fd0670b76,a,D,QB4,5,0,standard_pi_2,10,0.07,-4500000.0,-4.5,567,1024,0.5537109375
01a072a6-658d-79f3-bff1-2e7fd0670b76,a,D,QB4,5,0,standard_pi_2,11,0.07,-4050000.0,-4.05,555,1024,0.5419921875
01a072a6-658d-79f3-bff1-2e7fd0670b76,a,D,QB4,5,0,standard_pi_2,12,0.07,-3600000.0,-3.6,588,1024,0.57421875
01a072a6-658d-79f3-bff1-2e7fd0670b76,a,D,QB4,5,0,standard_pi_2,13,0.07,-3150000.0,-3.15,546,1024,0.533203125
01a072a6-658d-79f3-bff1-2e7fd0670b76,a,D,QB4,5,0,standard_pi_2,14,0.07,-2700000.0,-2.7,576,1024,0.5625
01a072a6-658d-79f3-bff1-2e7fd0670b76,a,D,QB4,5,0,standard_pi_2,15,0.07,-2250000.0,-2.25,579,1024,0.5654296875
01a072a6-658d-79f3-bff1-2e7fd0670b76,a,D,QB4,5,0,standard_pi_2,16,0.07,-1800000.0,-1.8,586,1024,0.572265625
01a072a6-658d-79f3-bff1-2e7fd0670b76,a,D,QB4,5,0,standard_pi_2,17,0.07,-1350000.0,-1.35,552,1024,0.5390625
01a072a6-658d-79f3-bff1-2e7fd0670b76,a,D,QB4,5,0,standard_pi_2,18,0.07,-900000.0,-0.9,572,1024,0.55859375
01a072a6-658d-79f3-bff1-2e7fd0670b76,a,D,QB4,5,0,standard_pi_2,19,0.07,-450000.0,-0.45,543,1024,0.5302734375
01a072a6-658d-79f3-bff1-2e7fd0670b76,a,D,QB4,5,0,standard_pi_2,20,0.07,0.0,0.0,559,1024,0.5458984375
01a072a6-658d-79f3-bff1-2e7fd0670b76,a,D,QB4,5,0,standard_pi_2,21,0.07,450000.0,0.45,580,1024,0.56640625
01a072a6-658d-79f3-bff1-2e7fd0670b76,a,D,QB4,5,0,standard_pi_2,22,0.07,900000.0,0.9,519,1024,0.5068359375
01a072a6-658d-79f3-bff1-2e7fd0670b76,a,D,QB4,5,0,standard_pi_2,23,0.07,1350000.0,1.35,561,1024,0.5478515625
01a072a6-658d-79f3-bff1-2e7fd0670b76,a,D,QB4,5,0,standard_pi_2,24,0.07,1800000.0,1.8,525,1024,0.5126953125
01a072a6-658d-79f3-bff1-2e7fd0670b76,a,D,QB4,5,0,standard_pi_2,25,0.07,2250000.0,2.25,508,1024,0.49609375
01a072a6-658d-79f3-bff1-2e7fd0670b76,a,D,QB4,5,0,standard_pi_2,26,0.07,2700000.0,2.7,535,1024,0.5224609375
01a072a6-658d-79f3-bff1-2e7fd0670b76,a,D,QB4,5,0,standard_pi_2,27,0.07,3150000.0,3.15,550,1024,0.537109375
01a072a6-658d-79f3-bff1-2e7fd0670b76,a,D,QB4,5,0,standard_pi_2,28,0.07,3600000.0,3.6,512,1024,0.5
01a072a6-658d-79f3-bff1-2e7fd0670b76,a,D,QB4,5,0,standard_pi_2,29,0.07,4050000.0,4.05,549,1024,0.5361328125
01a072a6-658d-79f3-bff1-2e7fd0670b76,a,D,QB4,5,0,standard_pi_2,30,0.07,4500000.0,4.5,513,1024,0.5009765625
01a072a6-658d-79f3-bff1-2e7fd0670b76,a,D,QB4,5,0,standard_pi_2,31,0.07,4950000.0,4.95,515,1024,0.5029296875
01a072a6-658d-79f3-bff1-2e7fd0670b76,a,D,QB4,5,0,standard_pi_2,32,0.07,5400000.0,5.4,485,1024,0.4736328125
01a072a6-658d-79f3-bff1-2e7fd0670b76,a,D,QB4,5,0,standard_pi_2,33,0.07,5850000.0,5.85,472,1024,0.4609375
01a072a6-658d-79f3-bff1-2e7fd0670b76,a,D,QB4,5,0,standard_pi_2,34,0.07,6300000.0,6.3,522,1024,0.509765625
01a072a6-658d-79f3-bff1-2e7fd0670b76,a,D,QB4,5,0,standard_pi_2,35,0.07,6750000.0,6.75,498,1024,0.486328125
01a072a6-658d-79f3-bff1-2e7fd0670b76,a,D,QB4,5,0,standard_pi_2,36,0.07,7200000.0,7.2,486,1024,0.474609375
01a072a6-658d-79f3-bff1-2e7fd0670b76,a,D,QB4,5,0,standard_pi_2,37,0.07,7650000.0,7.65,465,1024,0.4541015625
01a072a6-658d-79f3-bff1-2e7fd0670b76,a,D,QB4,5,0,standard_pi_2,38,0.07,8100000.0,8.1,482,1024,0.470703125
01a072a6-658d-79f3-bff1-2e7fd0670b76,a,D,QB4,5,0,standard_pi_2,39,0.07,8550000.0,8.55,460,1024,0.44921875
01a072a6-658d-79f3-bff1-2e7fd0670b76,a,D,QB4,5,0,standard_pi_2,40,0.07,9000000.0,9.0,461,1024,0.4501953125
01a072a6-658d-79f3-bff1-2e7fd0670b76,a,D,QB4,5,1,UVH4a,0,0.07,-9000000.0,-9.0,542,1024,0.529296875
01a072a6-658d-79f3-bff1-2e7fd0670b76,a,D,QB4,5,1,UVH4a,1,0.07,-8550000.0,-8.55,539,1024,0.5263671875
01a072a6-658d-79f3-bff1-2e7fd0670b76,a,D,QB4,5,1,UVH4a,2,0.07,-8100000.0,-8.1,508,1024,0.49609375
01a072a6-658d-79f3-bff1-2e7fd0670b76,a,D,QB4,5,1,UVH4a,3,0.07,-7650000.0,-7.65,534,1024,0.521484375
01a072a6-658d-79f3-bff1-2e7fd0670b76,a,D,QB4,5,1,UVH4a,4,0.07,-7200000.0,-7.2,501,1024,0.4892578125
01a072a6-658d-79f3-bff1-2e7fd0670b76,a,D,QB4,5,1,UVH4a,5,0.07,-6750000.0,-6.75,479,1024,0.4677734375
01a072a6-658d-79f3-bff1-2e7fd0670b76,a,D,QB4,5,1,UVH4a,6,0.07,-6300000.0,-6.3,484,1024,0.47265625
01a072a6-658d-79f3-bff1-2e7fd0670b76,a,D,QB4,5,1,UVH4a,7,0.07,-5850000.0,-5.85,476,1024,0.46484375
01a072a6-658d-79f3-bff1-2e7fd0670b76,a,D,QB4,5,1,UVH4a,8,0.07,-5400000.0,-5.4,527,1024,0.5146484375
01a072a6-658d-79f3-bff1-2e7fd0670b76,a,D,QB4,5,1,UVH4a,9,0.07,-4950000.0,-4.95,483,1024,0.4716796875
01a072a6-658d-79f3-bff1-2e7fd0670b76,a,D,QB4,5,1,UVH4a,10,0.07,-4500000.0,-4.5,498,1024,0.486328125
01a072a6-658d-79f3-bff1-2e7fd0670b76,a,D,QB4,5,1,UVH4a,11,0.07,-4050000.0,-4.05,518,1024,0.505859375
01a072a6-658d-79f3-bff1-2e7fd0670b76,a,D,QB4,5,1,UVH4a,12,0.07,-3600000.0,-3.6,510,1024,0.498046875
01a072a6-658d-79f3-bff1-2e7fd0670b76,a,D,QB4,5,1,UVH4a,13,0.07,-3150000.0,-3.15,504,1024,0.4921875
01a072a6-658d-79f3-bff1-2e7fd0670b76,a,D,QB4,5,1,UVH4a,14,0.07,-2700000.0,-2.7,530,1024,0.517578125
01a072a6-658d-79f3-bff1-2e7fd0670b76,a,D,QB4,5,1,UVH4a,15,0.07,-2250000.0,-2.25,485,1024,0.4736328125
01a072a6-658d-79f3-bff1-2e7fd0670b76,a,D,QB4,5,1,UVH4a,16,0.07,-1800000.0,-1.8,503,1024,0.4912109375
01a072a6-658d-79f3-bff1-2e7fd0670b76,a,D,QB4,5,1,UVH4a,17,0.07,-1350000.0,-1.35,515,1024,0.5029296875
01a072a6-658d-79f3-bff1-2e7fd0670b76,a,D,QB4,5,1,UVH4a,18,0.07,-900000.0,-0.9,546,1024,0.533203125
01a072a6-658d-79f3-bff1-2e7fd0670b76,a,D,QB4,5,1,UVH4a,19,0.07,-450000.0,-0.45,502,1024,0.490234375
01a072a6-658d-79f3-bff1-2e7fd0670b76,a,D,QB4,5,1,UVH4a,20,0.07,0.0,0.0,536,1024,0.5234375
01a072a6-658d-79f3-bff1-2e7fd0670b76,a,D,QB4,5,1,UVH4a,21,0.07,450000.0,0.45,507,1024,0.4951171875
01a072a6-658d-79f3-bff1-2e7fd0670b76,a,D,QB4,5,1,UVH4a,22,0.07,900000.0,0.9,481,1024,0.4697265625
01a072a6-658d-79f3-bff1-2e7fd0670b76,a,D,QB4,5,1,UVH4a,23,0.07,1350000.0,1.35,500,1024,0.48828125
01a072a6-658d-79f3-bff1-2e7fd0670b76,a,D,QB4,5,1,UVH4a,24,0.07,1800000.0,1.8,513,1024,0.5009765625
01a072a6-658d-79f3-bff1-2e7fd0670b76,a,D,QB4,5,1,UVH4a,25,0.07,2250000.0,2.25,514,1024,0.501953125
01a072a6-658d-79f3-bff1-2e7fd0670b76,a,D,QB4,5,1,UVH4a,26,0.07,2700000.0,2.7,482,1024,0.470703125
01a072a6-658d-79f3-bff1-2e7fd0670b76,a,D,QB4,5,1,UVH4a,27,0.07,3150000.0,3.15,484,1024,0.47265625
01a072a6-658d-79f3-bff1-2e7fd0670b76,a,D,QB4,5,1,UVH4a,28,0.07,3600000.0,3.6,485,1024,0.4736328125
01a072a6-658d-79f3-bff1-2e7fd0670b76,a,D,QB4,5,1,UVH4a,29,0.07,4050000.0,4.05,503,1024,0.4912109375
01a072a6-658d-79f3-bff1-2e7fd0670b76,a,D,QB4,5,1,UVH4a,30,0.07,4500000.0,4.5,497,1024,0.4853515625
01a072a6-658d-79f3-bff1-2e7fd0670b76,a,D,QB4,5,1,UVH4a,31,0.07,4950000.0,4.95,524,1024,0.51171875
01a072a6-658d-79f3-bff1-2e7fd0670b76,a,D,QB4,5,1,UVH4a,32,0.07,5400000.0,5.4,511,1024,0.4990234375
01a072a6-658d-79f3-bff1-2e7fd0670b76,a,D,QB4,5,1,UVH4a,33,0.07,5850000.0,5.85,539,1024,0.5263671875
01a072a6-658d-79f3-bff1-2e7fd0670b76,a,D,QB4,5,1,UVH4a,34,0.07,6300000.0,6.3,506,1024,0.494140625
01a072a6-658d-79f3-bff1-2e7fd0670b76,a,D,QB4,5,1,UVH4a,35,0.07,6750000.0,6.75,510,1024,0.498046875
01a072a6-658d-79f3-bff1-2e7fd0670b76,a,D,QB4,5,1,UVH4a,36,0.07,7200000.0,7.2,526,1024,0.513671875
01a072a6-658d-79f3-bff1-2e7fd0670b76,a,D,QB4,5,1,UVH4a,37,0.07,7650000.0,7.65,544,1024,0.53125
01a072a6-658d-79f3-bff1-2e7fd0670b76,a,D,QB4,5,1,UVH4a,38,0.07,8100000.0,8.1,550,1024,0.537109375
01a072a6-658d-79f3-bff1-2e7fd0670b76,a,D,QB4,5,1,UVH4a,39,0.07,8550000.0,8.55,556,1024,0.54296875
01a072a6-658d-79f3-bff1-2e7fd0670b76,a,D,QB4,5,1,UVH4a,40,0.07,9000000.0,9.0,602,1024,0.587890625
01a072a6-658d-79f3-bff1-2e7fd0670b76,a,D,QB4,5,2,UVH5a,0,0.07,-9000000.0,-9.0,370,1024,0.361328125
01a072a6-658d-79f3-bff1-2e7fd0670b76,a,D,QB4,5,2,UVH5a,1,0.07,-8550000.0,-8.55,387,1024,0.3779296875
01a072a6-658d-79f3-bff1-2e7fd0670b76,a,D,QB4,5,2,UVH5a,2,0.07,-8100000.0,-8.1,394,1024,0.384765625
01a072a6-658d-79f3-bff1-2e7fd0670b76,a,D,QB4,5,2,UVH5a,3,0.07,-7650000.0,-7.65,387,1024,0.3779296875
01a072a6-658d-79f3-bff1-2e7fd0670b76,a,D,QB4,5,2,UVH5a,4,0.07,-7200000.0,-7.2,409,1024,0.3994140625
01a072a6-658d-79f3-bff1-2e7fd0670b76,a,D,QB4,5,2,UVH5a,5,0.07,-6750000.0,-6.75,408,1024,0.3984375
01a072a6-658d-79f3-bff1-2e7fd0670b76,a,D,QB4,5,2,UVH5a,6,0.07,-6300000.0,-6.3,423,1024,0.4130859375
01a072a6-658d-79f3-bff1-2e7fd0670b76,a,D,QB4,5,2,UVH5a,7,0.07,-5850000.0,-5.85,384,1024,0.375
01a072a6-658d-79f3-bff1-2e7fd0670b76,a,D,QB4,5,2,UVH5a,8,0.07,-5400000.0,-5.4,445,1024,0.4345703125
01a072a6-658d-79f3-bff1-2e7fd0670b76,a,D,QB4,5,2,UVH5a,9,0.07,-4950000.0,-4.95,463,1024,0.4521484375
01a072a6-658d-79f3-bff1-2e7fd0670b76,a,D,QB4,5,2,UVH5a,10,0.07,-4500000.0,-4.5,449,1024,0.4384765625
01a072a6-658d-79f3-bff1-2e7fd0670b76,a,D,QB4,5,2,UVH5a,11,0.07,-4050000.0,-4.05,461,1024,0.4501953125
01a072a6-658d-79f3-bff1-2e7fd0670b76,a,D,QB4,5,2,UVH5a,12,0.07,-3600000.0,-3.6,479,1024,0.4677734375
01a072a6-658d-79f3-bff1-2e7fd0670b76,a,D,QB4,5,2,UVH5a,13,0.07,-3150000.0,-3.15,492,1024,0.48046875
01a072a6-658d-79f3-bff1-2e7fd0670b76,a,D,QB4,5,2,UVH5a,14,0.07,-2700000.0,-2.7,489,1024,0.4775390625
01a072a6-658d-79f3-bff1-2e7fd0670b76,a,D,QB4,5,2,UVH5a,15,0.07,-2250000.0,-2.25,494,1024,0.482421875
01a072a6-658d-79f3-bff1-2e7fd0670b76,a,D,QB4,5,2,UVH5a,16,0.07,-1800000.0,-1.8,509,1024,0.4970703125
01a072a6-658d-79f3-bff1-2e7fd0670b76,a,D,QB4,5,2,UVH5a,17,0.07,-1350000.0,-1.35,489,1024,0.4775390625
01a072a6-658d-79f3-bff1-2e7fd0670b76,a,D,QB4,5,2,UVH5a,18,0.07,-900000.0,-0.9,495,1024,0.4833984375
01a072a6-658d-79f3-bff1-2e7fd0670b76,a,D,QB4,5,2,UVH5a,19,0.07,-450000.0,-0.45,534,1024,0.521484375
01a072a6-658d-79f3-bff1-2e7fd0670b76,a,D,QB4,5,2,UVH5a,20,0.07,0.0,0.0,490,1024,0.478515625
01a072a6-658d-79f3-bff1-2e7fd0670b76,a,D,QB4,5,2,UVH5a,21,0.07,450000.0,0.45,475,1024,0.4638671875
01a072a6-658d-79f3-bff1-2e7fd0670b76,a,D,QB4,5,2,UVH5a,22,0.07,900000.0,0.9,516,1024,0.50390625
01a072a6-658d-79f3-bff1-2e7fd0670b76,a,D,QB4,5,2,UVH5a,23,0.07,1350000.0,1.35,495,1024,0.4833984375
01a072a6-658d-79f3-bff1-2e7fd0670b76,a,D,QB4,5,2,UVH5a,24,0.07,1800000.0,1.8,490,1024,0.478515625
01a072a6-658d-79f3-bff1-2e7fd0670b76,a,D,QB4,5,2,UVH5a,25,0.07,2250000.0,2.25,469,1024,0.4580078125
01a072a6-658d-79f3-bff1-2e7fd0670b76,a,D,QB4,5,2,UVH5a,26,0.07,2700000.0,2.7,473,1024,0.4619140625
01a072a6-658d-79f3-bff1-2e7fd0670b76,a,D,QB4,5,2,UVH5a,27,0.07,3150000.0,3.15,476,1024,0.46484375
01a072a6-658d-79f3-bff1-2e7fd0670b76,a,D,QB4,5,2,UVH5a,28,0.07,3600000.0,3.6,477,1024,0.4658203125
01a072a6-658d-79f3-bff1-2e7fd0670b76,a,D,QB4,5,2,UVH5a,29,0.07,4050000.0,4.05,447,1024,0.4365234375
01a072a6-658d-79f3-bff1-2e7fd0670b76,a,D,QB4,5,2,UVH5a,30,0.07,4500000.0,4.5,465,1024,0.4541015625
01a072a6-658d-79f3-bff1-2e7fd0670b76,a,D,QB4,5,2,UVH5a,31,0.07,4950000.0,4.95,437,1024,0.4267578125
01a072a6-658d-79f3-bff1-2e7fd0670b76,a,D,QB4,5,2,UVH5a,32,0.07,5400000.0,5.4,445,1024,0.4345703125
01a072a6-658d-79f3-bff1-2e7fd0670b76,a,D,QB4,5,2,UVH5a,33,0.07,5850000.0,5.85,428,1024,0.41796875
01a072a6-658d-79f3-bff1-2e7fd0670b76,a,D,QB4,5,2,UVH5a,34,0.07,6300000.0,6.3,419,1024,0.4091796875
01a072a6-658d-79f3-bff1-2e7fd0670b76,a,D,QB4,5,2,UVH5a,35,0.07,6750000.0,6.75,418,1024,0.408203125
01a072a6-658d-79f3-bff1-2e7fd0670b76,a,D,QB4,5,2,UVH5a,36,0.07,7200000.0,7.2,402,1024,0.392578125
01a072a6-658d-79f3-bff1-2e7fd0670b76,a,D,QB4,5,2,UVH5a,37,0.07,7650000.0,7.65,423,1024,0.4130859375
01a072a6-658d-79f3-bff1-2e7fd0670b76,a,D,QB4,5,2,UVH5a,38,0.07,8100000.0,8.1,394,1024,0.384765625
01a072a6-658d-79f3-bff1-2e7fd0670b76,a,D,QB4,5,2,UVH5a,39,0.07,8550000.0,8.55,375,1024,0.3662109375
01a072a6-658d-79f3-bff1-2e7fd0670b76,a,D,QB4,5,2,UVH5a,40,0.07,9000000.0,9.0,393,1024,0.3837890625
01a072a6-658d-79f3-bff1-2e7fd0670b76,a,D,QB4,5,3,UVH6a,0,0.07,-9000000.0,-9.0,521,1024,0.5087890625
01a072a6-658d-79f3-bff1-2e7fd0670b76,a,D,QB4,5,3,UVH6a,1,0.07,-8550000.0,-8.55,570,1024,0.556640625
01a072a6-658d-79f3-bff1-2e7fd0670b76,a,D,QB4,5,3,UVH6a,2,0.07,-8100000.0,-8.1,516,1024,0.50390625
01a072a6-658d-79f3-bff1-2e7fd0670b76,a,D,QB4,5,3,UVH6a,3,0.07,-7650000.0,-7.65,524,1024,0.51171875
01a072a6-658d-79f3-bff1-2e7fd0670b76,a,D,QB4,5,3,UVH6a,4,0.07,-7200000.0,-7.2,516,1024,0.50390625
01a072a6-658d-79f3-bff1-2e7fd0670b76,a,D,QB4,5,3,UVH6a,5,0.07,-6750000.0,-6.75,521,1024,0.5087890625
01a072a6-658d-79f3-bff1-2e7fd0670b76,a,D,QB4,5,3,UVH6a,6,0.07,-6300000.0,-6.3,516,1024,0.50390625
01a072a6-658d-79f3-bff1-2e7fd0670b76,a,D,QB4,5,3,UVH6a,7,0.07,-5850000.0,-5.85,514,1024,0.501953125
01a072a6-658d-79f3-bff1-2e7fd0670b76,a,D,QB4,5,3,UVH6a,8,0.07,-5400000.0,-5.4,491,1024,0.4794921875
01a072a6-658d-79f3-bff1-2e7fd0670b76,a,D,QB4,5,3,UVH6a,9,0.07,-4950000.0,-4.95,505,1024,0.4931640625
01a072a6-658d-79f3-bff1-2e7fd0670b76,a,D,QB4,5,3,UVH6a,10,0.07,-4500000.0,-4.5,512,1024,0.5
01a072a6-658d-79f3-bff1-2e7fd0670b76,a,D,QB4,5,3,UVH6a,11,0.07,-4050000.0,-4.05,511,1024,0.4990234375
01a072a6-658d-79f3-bff1-2e7fd0670b76,a,D,QB4,5,3,UVH6a,12,0.07,-3600000.0,-3.6,506,1024,0.494140625
01a072a6-658d-79f3-bff1-2e7fd0670b76,a,D,QB4,5,3,UVH6a,13,0.07,-3150000.0,-3.15,496,1024,0.484375
01a072a6-658d-79f3-bff1-2e7fd0670b76,a,D,QB4,5,3,UVH6a,14,0.07,-2700000.0,-2.7,484,1024,0.47265625
01a072a6-658d-79f3-bff1-2e7fd0670b76,a,D,QB4,5,3,UVH6a,15,0.07,-2250000.0,-2.25,512,1024,0.5
01a072a6-658d-79f3-bff1-2e7fd0670b76,a,D,QB4,5,3,UVH6a,16,0.07,-1800000.0,-1.8,468,1024,0.45703125
01a072a6-658d-79f3-bff1-2e7fd0670b76,a,D,QB4,5,3,UVH6a,17,0.07,-1350000.0,-1.35,486,1024,0.474609375
01a072a6-658d-79f3-bff1-2e7fd0670b76,a,D,QB4,5,3,UVH6a,18,0.07,-900000.0,-0.9,477,1024,0.4658203125
01a072a6-658d-79f3-bff1-2e7fd0670b76,a,D,QB4,5,3,UVH6a,19,0.07,-450000.0,-0.45,499,1024,0.4873046875
01a072a6-658d-79f3-bff1-2e7fd0670b76,a,D,QB4,5,3,UVH6a,20,0.07,0.0,0.0,500,1024,0.48828125
01a072a6-658d-79f3-bff1-2e7fd0670b76,a,D,QB4,5,3,UVH6a,21,0.07,450000.0,0.45,508,1024,0.49609375
01a072a6-658d-79f3-bff1-2e7fd0670b76,a,D,QB4,5,3,UVH6a,22,0.07,900000.0,0.9,471,1024,0.4599609375
01a072a6-658d-79f3-bff1-2e7fd0670b76,a,D,QB4,5,3,UVH6a,23,0.07,1350000.0,1.35,509,1024,0.4970703125
01a072a6-658d-79f3-bff1-2e7fd0670b76,a,D,QB4,5,3,UVH6a,24,0.07,1800000.0,1.8,527,1024,0.5146484375
01a072a6-658d-79f3-bff1-2e7fd0670b76,a,D,QB4,5,3,UVH6a,25,0.07,2250000.0,2.25,469,1024,0.4580078125
01a072a6-658d-79f3-bff1-2e7fd0670b76,a,D,QB4,5,3,UVH6a,26,0.07,2700000.0,2.7,514,1024,0.501953125
01a072a6-658d-79f3-bff1-2e7fd0670b76,a,D,QB4,5,3,UVH6a,27,0.07,3150000.0,3.15,503,1024,0.4912109375
01a072a6-658d-79f3-bff1-2e7fd0670b76,a,D,QB4,5,3,UVH6a,28,0.07,3600000.0,3.6,541,1024,0.5283203125
01a072a6-658d-79f3-bff1-2e7fd0670b76,a,D,QB4,5,3,UVH6a,29,0.07,4050000.0,4.05,537,1024,0.5244140625
01a072a6-658d-79f3-bff1-2e7fd0670b76,a,D,QB4,5,3,UVH6a,30,0.07,4500000.0,4.5,535,1024,0.5224609375
01a072a6-658d-79f3-bff1-2e7fd0670b76,a,D,QB4,5,3,UVH6a,31,0.07,4950000.0,4.95,545,1024,0.5322265625
01a072a6-658d-79f3-bff1-2e7fd0670b76,a,D,QB4,5,3,UVH6a,32,0.07,5400000.0,5.4,527,1024,0.5146484375
01a072a6-658d-79f3-bff1-2e7fd0670b76,a,D,QB4,5,3,UVH6a,33,0.07,5850000.0,5.85,543,1024,0.5302734375
01a072a6-658d-79f3-bff1-2e7fd0670b76,a,D,QB4,5,3,UVH6a,34,0.07,6300000.0,6.3,590,1024,0.576171875
01a072a6-658d-79f3-bff1-2e7fd0670b76,a,D,QB4,5,3,UVH6a,35,0.07,6750000.0,6.75,575,1024,0.5615234375
01a072a6-658d-79f3-bff1-2e7fd0670b76,a,D,QB4,5,3,UVH6a,36,0.07,7200000.0,7.2,594,1024,0.580078125
01a072a6-658d-79f3-bff1-2e7fd0670b76,a,D,QB4,5,3,UVH6a,37,0.07,7650000.0,7.65,644,1024,0.62890625
01a072a6-658d-79f3-bff1-2e7fd0670b76,a,D,QB4,5,3,UVH6a,38,0.07,8100000.0,8.1,633,1024,0.6181640625
01a072a6-658d-79f3-bff1-2e7fd0670b76,a,D,QB4,5,3,UVH6a,39,0.07,8550000.0,8.55,663,1024,0.6474609375
01a072a6-658d-79f3-bff1-2e7fd0670b76,a,D,QB4,5,3,UVH6a,40,0.07,9000000.0,9.0,672,1024,0.65625
01a072a6-658d-79f3-bff1-2e7fd0670b76,a,D,QB4,5,4,UVH7a,0,0.07,-9000000.0,-9.0,573,1024,0.5595703125
01a072a6-658d-79f3-bff1-2e7fd0670b76,a,D,QB4,5,4,UVH7a,1,0.07,-8550000.0,-8.55,584,1024,0.5703125
01a072a6-658d-79f3-bff1-2e7fd0670b76,a,D,QB4,5,4,UVH7a,2,0.07,-8100000.0,-8.1,566,1024,0.552734375
01a072a6-658d-79f3-bff1-2e7fd0670b76,a,D,QB4,5,4,UVH7a,3,0.07,-7650000.0,-7.65,542,1024,0.529296875
01a072a6-658d-79f3-bff1-2e7fd0670b76,a,D,QB4,5,4,UVH7a,4,0.07,-7200000.0,-7.2,545,1024,0.5322265625
01a072a6-658d-79f3-bff1-2e7fd0670b76,a,D,QB4,5,4,UVH7a,5,0.07,-6750000.0,-6.75,506,1024,0.494140625
01a072a6-658d-79f3-bff1-2e7fd0670b76,a,D,QB4,5,4,UVH7a,6,0.07,-6300000.0,-6.3,507,1024,0.4951171875
01a072a6-658d-79f3-bff1-2e7fd0670b76,a,D,QB4,5,4,UVH7a,7,0.07,-5850000.0,-5.85,509,1024,0.4970703125
01a072a6-658d-79f3-bff1-2e7fd0670b76,a,D,QB4,5,4,UVH7a,8,0.07,-5400000.0,-5.4,515,1024,0.5029296875
01a072a6-658d-79f3-bff1-2e7fd0670b76,a,D,QB4,5,4,UVH7a,9,0.07,-4950000.0,-4.95,535,1024,0.5224609375
01a072a6-658d-79f3-bff1-2e7fd0670b76,a,D,QB4,5,4,UVH7a,10,0.07,-4500000.0,-4.5,536,1024,0.5234375
01a072a6-658d-79f3-bff1-2e7fd0670b76,a,D,QB4,5,4,UVH7a,11,0.07,-4050000.0,-4.05,538,1024,0.525390625
01a072a6-658d-79f3-bff1-2e7fd0670b76,a,D,QB4,5,4,UVH7a,12,0.07,-3600000.0,-3.6,504,1024,0.4921875
01a072a6-658d-79f3-bff1-2e7fd0670b76,a,D,QB4,5,4,UVH7a,13,0.07,-3150000.0,-3.15,467,1024,0.4560546875
01a072a6-658d-79f3-bff1-2e7fd0670b76,a,D,QB4,5,4,UVH7a,14,0.07,-2700000.0,-2.7,498,1024,0.486328125
01a072a6-658d-79f3-bff1-2e7fd0670b76,a,D,QB4,5,4,UVH7a,15,0.07,-2250000.0,-2.25,483,1024,0.4716796875
01a072a6-658d-79f3-bff1-2e7fd0670b76,a,D,QB4,5,4,UVH7a,16,0.07,-1800000.0,-1.8,471,1024,0.4599609375
01a072a6-658d-79f3-bff1-2e7fd0670b76,a,D,QB4,5,4,UVH7a,17,0.07,-1350000.0,-1.35,498,1024,0.486328125
01a072a6-658d-79f3-bff1-2e7fd0670b76,a,D,QB4,5,4,UVH7a,18,0.07,-900000.0,-0.9,489,1024,0.4775390625
01a072a6-658d-79f3-bff1-2e7fd0670b76,a,D,QB4,5,4,UVH7a,19,0.07,-450000.0,-0.45,483,1024,0.4716796875
01a072a6-658d-79f3-bff1-2e7fd0670b76,a,D,QB4,5,4,UVH7a,20,0.07,0.0,0.0,528,1024,0.515625
01a072a6-658d-79f3-bff1-2e7fd0670b76,a,D,QB4,5,4,UVH7a,21,0.07,450000.0,0.45,455,1024,0.4443359375
01a072a6-658d-79f3-bff1-2e7fd0670b76,a,D,QB4,5,4,UVH7a,22,0.07,900000.0,0.9,488,1024,0.4765625
01a072a6-658d-79f3-bff1-2e7fd0670b76,a,D,QB4,5,4,UVH7a,23,0.07,1350000.0,1.35,500,1024,0.48828125
01a072a6-658d-79f3-bff1-2e7fd0670b76,a,D,QB4,5,4,UVH7a,24,0.07,1800000.0,1.8,507,1024,0.4951171875
01a072a6-658d-79f3-bff1-2e7fd0670b76,a,D,QB4,5,4,UVH7a,25,0.07,2250000.0,2.25,460,1024,0.44921875
01a072a6-658d-79f3-bff1-2e7fd0670b76,a,D,QB4,5,4,UVH7a,26,0.07,2700000.0,2.7,472,1024,0.4609375
01a072a6-658d-79f3-bff1-2e7fd0670b76,a,D,QB4,5,4,UVH7a,27,0.07,3150000.0,3.15,475,1024,0.4638671875
01a072a6-658d-79f3-bff1-2e7fd0670b76,a,D,QB4,5,4,UVH7a,28,0.07,3600000.0,3.6,474,1024,0.462890625
01a072a6-658d-79f3-bff1-2e7fd0670b76,a,D,QB4,5,4,UVH7a,29,0.07,4050000.0,4.05,440,1024,0.4296875
01a072a6-658d-79f3-bff1-2e7fd0670b76,a,D,QB4,5,4,UVH7a,30,0.07,4500000.0,4.5,486,1024,0.474609375
01a072a6-658d-79f3-bff1-2e7fd0670b76,a,D,QB4,5,4,UVH7a,31,0.07,4950000.0,4.95,429,1024,0.4189453125
01a072a6-658d-79f3-bff1-2e7fd0670b76,a,D,QB4,5,4,UVH7a,32,0.07,5400000.0,5.4,461,1024,0.4501953125
01a072a6-658d-79f3-bff1-2e7fd0670b76,a,D,QB4,5,4,UVH7a,33,0.07,5850000.0,5.85,430,1024,0.419921875
01a072a6-658d-79f3-bff1-2e7fd0670b76,a,D,QB4,5,4,UVH7a,34,0.07,6300000.0,6.3,408,1024,0.3984375
01a072a6-658d-79f3-bff1-2e7fd0670b76,a,D,QB4,5,4,UVH7a,35,0.07,6750000.0,6.75,409,1024,0.3994140625
01a072a6-658d-79f3-bff1-2e7fd0670b76,a,D,QB4,5,4,UVH7a,36,0.07,7200000.0,7.2,434,1024,0.423828125
01a072a6-658d-79f3-bff1-2e7fd0670b76,a,D,QB4,5,4,UVH7a,37,0.07,7650000.0,7.65,387,1024,0.3779296875
01a072a6-658d-79f3-bff1-2e7fd0670b76,a,D,QB4,5,4,UVH7a,38,0.07,8100000.0,8.1,379,1024,0.3701171875
01a072a6-658d-79f3-bff1-2e7fd0670b76,a,D,QB4,5,4,UVH7a,39,0.07,8550000.0,8.55,364,1024,0.35546875
01a072a6-658d-79f3-bff1-2e7fd0670b76,a,D,QB4,5,4,UVH7a,40,0.07,9000000.0,9.0,347,1024,0.3388671875
01a072a6-658d-79f3-bff1-2e7fd0670b76,a,D,QB4,5,5,UVH8a,0,0.07,-9000000.0,-9.0,537,1024,0.5244140625
01a072a6-658d-79f3-bff1-2e7fd0670b76,a,D,QB4,5,5,UVH8a,1,0.07,-8550000.0,-8.55,554,1024,0.541015625
01a072a6-658d-79f3-bff1-2e7fd0670b76,a,D,QB4,5,5,UVH8a,2,0.07,-8100000.0,-8.1,522,1024,0.509765625
01a072a6-658d-79f3-bff1-2e7fd0670b76,a,D,QB4,5,5,UVH8a,3,0.07,-7650000.0,-7.65,514,1024,0.501953125
01a072a6-658d-79f3-bff1-2e7fd0670b76,a,D,QB4,5,5,UVH8a,4,0.07,-7200000.0,-7.2,526,1024,0.513671875
01a072a6-658d-79f3-bff1-2e7fd0670b76,a,D,QB4,5,5,UVH8a,5,0.07,-6750000.0,-6.75,501,1024,0.4892578125
01a072a6-658d-79f3-bff1-2e7fd0670b76,a,D,QB4,5,5,UVH8a,6,0.07,-6300000.0,-6.3,545,1024,0.5322265625
01a072a6-658d-79f3-bff1-2e7fd0670b76,a,D,QB4,5,5,UVH8a,7,0.07,-5850000.0,-5.85,515,1024,0.5029296875
01a072a6-658d-79f3-bff1-2e7fd0670b76,a,D,QB4,5,5,UVH8a,8,0.07,-5400000.0,-5.4,513,1024,0.5009765625
01a072a6-658d-79f3-bff1-2e7fd0670b76,a,D,QB4,5,5,UVH8a,9,0.07,-4950000.0,-4.95,521,1024,0.5087890625
01a072a6-658d-79f3-bff1-2e7fd0670b76,a,D,QB4,5,5,UVH8a,10,0.07,-4500000.0,-4.5,538,1024,0.525390625
01a072a6-658d-79f3-bff1-2e7fd0670b76,a,D,QB4,5,5,UVH8a,11,0.07,-4050000.0,-4.05,505,1024,0.4931640625
01a072a6-658d-79f3-bff1-2e7fd0670b76,a,D,QB4,5,5,UVH8a,12,0.07,-3600000.0,-3.6,501,1024,0.4892578125
01a072a6-658d-79f3-bff1-2e7fd0670b76,a,D,QB4,5,5,UVH8a,13,0.07,-3150000.0,-3.15,529,1024,0.5166015625
01a072a6-658d-79f3-bff1-2e7fd0670b76,a,D,QB4,5,5,UVH8a,14,0.07,-2700000.0,-2.7,521,1024,0.5087890625
01a072a6-658d-79f3-bff1-2e7fd0670b76,a,D,QB4,5,5,UVH8a,15,0.07,-2250000.0,-2.25,504,1024,0.4921875
01a072a6-658d-79f3-bff1-2e7fd0670b76,a,D,QB4,5,5,UVH8a,16,0.07,-1800000.0,-1.8,543,1024,0.5302734375
01a072a6-658d-79f3-bff1-2e7fd0670b76,a,D,QB4,5,5,UVH8a,17,0.07,-1350000.0,-1.35,513,1024,0.5009765625
01a072a6-658d-79f3-bff1-2e7fd0670b76,a,D,QB4,5,5,UVH8a,18,0.07,-900000.0,-0.9,521,1024,0.5087890625
01a072a6-658d-79f3-bff1-2e7fd0670b76,a,D,QB4,5,5,UVH8a,19,0.07,-450000.0,-0.45,530,1024,0.517578125
01a072a6-658d-79f3-bff1-2e7fd0670b76,a,D,QB4,5,5,UVH8a,20,0.07,0.0,0.0,501,1024,0.4892578125
01a072a6-658d-79f3-bff1-2e7fd0670b76,a,D,QB4,5,5,UVH8a,21,0.07,450000.0,0.45,526,1024,0.513671875
01a072a6-658d-79f3-bff1-2e7fd0670b76,a,D,QB4,5,5,UVH8a,22,0.07,900000.0,0.9,503,1024,0.4912109375
01a072a6-658d-79f3-bff1-2e7fd0670b76,a,D,QB4,5,5,UVH8a,23,0.07,1350000.0,1.35,521,1024,0.5087890625
01a072a6-658d-79f3-bff1-2e7fd0670b76,a,D,QB4,5,5,UVH8a,24,0.07,1800000.0,1.8,476,1024,0.46484375
01a072a6-658d-79f3-bff1-2e7fd0670b76,a,D,QB4,5,5,UVH8a,25,0.07,2250000.0,2.25,513,1024,0.5009765625
01a072a6-658d-79f3-bff1-2e7fd0670b76,a,D,QB4,5,5,UVH8a,26,0.07,2700000.0,2.7,503,1024,0.4912109375
01a072a6-658d-79f3-bff1-2e7fd0670b76,a,D,QB4,5,5,UVH8a,27,0.07,3150000.0,3.15,512,1024,0.5
01a072a6-658d-79f3-bff1-2e7fd0670b76,a,D,QB4,5,5,UVH8a,28,0.07,3600000.0,3.6,492,1024,0.48046875
01a072a6-658d-79f3-bff1-2e7fd0670b76,a,D,QB4,5,5,UVH8a,29,0.07,4050000.0,4.05,494,1024,0.482421875
01a072a6-658d-79f3-bff1-2e7fd0670b76,a,D,QB4,5,5,UVH8a,30,0.07,4500000.0,4.5,480,1024,0.46875
01a072a6-658d-79f3-bff1-2e7fd0670b76,a,D,QB4,5,5,UVH8a,31,0.07,4950000.0,4.95,500,1024,0.48828125
01a072a6-658d-79f3-bff1-2e7fd0670b76,a,D,QB4,5,5,UVH8a,32,0.07,5400000.0,5.4,508,1024,0.49609375
01a072a6-658d-79f3-bff1-2e7fd0670b76,a,D,QB4,5,5,UVH8a,33,0.07,5850000.0,5.85,493,1024,0.4814453125
01a072a6-658d-79f3-bff1-2e7fd0670b76,a,D,QB4,5,5,UVH8a,34,0.07,6300000.0,6.3,455,1024,0.4443359375
01a072a6-658d-79f3-bff1-2e7fd0670b76,a,D,QB4,5,5,UVH8a,35,0.07,6750000.0,6.75,481,1024,0.4697265625
01a072a6-658d-79f3-bff1-2e7fd0670b76,a,D,QB4,5,5,UVH8a,36,0.07,7200000.0,7.2,451,1024,0.4404296875
01a072a6-658d-79f3-bff1-2e7fd0670b76,a,D,QB4,5,5,UVH8a,37,0.07,7650000.0,7.65,457,1024,0.4462890625
01a072a6-658d-79f3-bff1-2e7fd0670b76,a,D,QB4,5,5,UVH8a,38,0.07,8100000.0,8.1,437,1024,0.4267578125
01a072a6-658d-79f3-bff1-2e7fd0670b76,a,D,QB4,5,5,UVH8a,39,0.07,8550000.0,8.55,416,1024,0.40625
01a072a6-658d-79f3-bff1-2e7fd0670b76,a,D,QB4,5,5,UVH8a,40,0.07,9000000.0,9.0,415,1024,0.4052734375
01a072a6-658d-79f3-bff1-2e7fd0670b76,a,D,QB6,6,0,standard_pi_2,0,0.07,-9000000.0,-9.0,592,1024,0.578125
01a072a6-658d-79f3-bff1-2e7fd0670b76,a,D,QB6,6,0,standard_pi_2,1,0.07,-8550000.0,-8.55,611,1024,0.5966796875
01a072a6-658d-79f3-bff1-2e7fd0670b76,a,D,QB6,6,0,standard_pi_2,2,0.07,-8100000.0,-8.1,595,1024,0.5810546875
01a072a6-658d-79f3-bff1-2e7fd0670b76,a,D,QB6,6,0,standard_pi_2,3,0.07,-7650000.0,-7.65,575,1024,0.5615234375
01a072a6-658d-79f3-bff1-2e7fd0670b76,a,D,QB6,6,0,standard_pi_2,4,0.07,-7200000.0,-7.2,629,1024,0.6142578125
01a072a6-658d-79f3-bff1-2e7fd0670b76,a,D,QB6,6,0,standard_pi_2,5,0.07,-6750000.0,-6.75,608,1024,0.59375
01a072a6-658d-79f3-bff1-2e7fd0670b76,a,D,QB6,6,0,standard_pi_2,6,0.07,-6300000.0,-6.3,594,1024,0.580078125
01a072a6-658d-79f3-bff1-2e7fd0670b76,a,D,QB6,6,0,standard_pi_2,7,0.07,-5850000.0,-5.85,604,1024,0.58984375
01a072a6-658d-79f3-bff1-2e7fd0670b76,a,D,QB6,6,0,standard_pi_2,8,0.07,-5400000.0,-5.4,633,1024,0.6181640625
01a072a6-658d-79f3-bff1-2e7fd0670b76,a,D,QB6,6,0,standard_pi_2,9,0.07,-4950000.0,-4.95,605,1024,0.5908203125
01a072a6-658d-79f3-bff1-2e7fd0670b76,a,D,QB6,6,0,standard_pi_2,10,0.07,-4500000.0,-4.5,581,1024,0.5673828125
01a072a6-658d-79f3-bff1-2e7fd0670b76,a,D,QB6,6,0,standard_pi_2,11,0.07,-4050000.0,-4.05,601,1024,0.5869140625
01a072a6-658d-79f3-bff1-2e7fd0670b76,a,D,QB6,6,0,standard_pi_2,12,0.07,-3600000.0,-3.6,597,1024,0.5830078125
01a072a6-658d-79f3-bff1-2e7fd0670b76,a,D,QB6,6,0,standard_pi_2,13,0.07,-3150000.0,-3.15,599,1024,0.5849609375
01a072a6-658d-79f3-bff1-2e7fd0670b76,a,D,QB6,6,0,standard_pi_2,14,0.07,-2700000.0,-2.7,588,1024,0.57421875
01a072a6-658d-79f3-bff1-2e7fd0670b76,a,D,QB6,6,0,standard_pi_2,15,0.07,-2250000.0,-2.25,593,1024,0.5791015625
01a072a6-658d-79f3-bff1-2e7fd0670b76,a,D,QB6,6,0,standard_pi_2,16,0.07,-1800000.0,-1.8,583,1024,0.5693359375
01a072a6-658d-79f3-bff1-2e7fd0670b76,a,D,QB6,6,0,standard_pi_2,17,0.07,-1350000.0,-1.35,567,1024,0.5537109375
01a072a6-658d-79f3-bff1-2e7fd0670b76,a,D,QB6,6,0,standard_pi_2,18,0.07,-900000.0,-0.9,564,1024,0.55078125
01a072a6-658d-79f3-bff1-2e7fd0670b76,a,D,QB6,6,0,standard_pi_2,19,0.07,-450000.0,-0.45,577,1024,0.5634765625
01a072a6-658d-79f3-bff1-2e7fd0670b76,a,D,QB6,6,0,standard_pi_2,20,0.07,0.0,0.0,600,1024,0.5859375
01a072a6-658d-79f3-bff1-2e7fd0670b76,a,D,QB6,6,0,standard_pi_2,21,0.07,450000.0,0.45,580,1024,0.56640625
01a072a6-658d-79f3-bff1-2e7fd0670b76,a,D,QB6,6,0,standard_pi_2,22,0.07,900000.0,0.9,585,1024,0.5712890625
01a072a6-658d-79f3-bff1-2e7fd0670b76,a,D,QB6,6,0,standard_pi_2,23,0.07,1350000.0,1.35,570,1024,0.556640625
01a072a6-658d-79f3-bff1-2e7fd0670b76,a,D,QB6,6,0,standard_pi_2,24,0.07,1800000.0,1.8,564,1024,0.55078125
01a072a6-658d-79f3-bff1-2e7fd0670b76,a,D,QB6,6,0,standard_pi_2,25,0.07,2250000.0,2.25,562,1024,0.548828125
01a072a6-658d-79f3-bff1-2e7fd0670b76,a,D,QB6,6,0,standard_pi_2,26,0.07,2700000.0,2.7,543,1024,0.5302734375
01a072a6-658d-79f3-bff1-2e7fd0670b76,a,D,QB6,6,0,standard_pi_2,27,0.07,3150000.0,3.15,575,1024,0.5615234375
01a072a6-658d-79f3-bff1-2e7fd0670b76,a,D,QB6,6,0,standard_pi_2,28,0.07,3600000.0,3.6,525,1024,0.5126953125
01a072a6-658d-79f3-bff1-2e7fd0670b76,a,D,QB6,6,0,standard_pi_2,29,0.07,4050000.0,4.05,549,1024,0.5361328125
01a072a6-658d-79f3-bff1-2e7fd0670b76,a,D,QB6,6,0,standard_pi_2,30,0.07,4500000.0,4.5,544,1024,0.53125
01a072a6-658d-79f3-bff1-2e7fd0670b76,a,D,QB6,6,0,standard_pi_2,31,0.07,4950000.0,4.95,557,1024,0.5439453125
01a072a6-658d-79f3-bff1-2e7fd0670b76,a,D,QB6,6,0,standard_pi_2,32,0.07,5400000.0,5.4,539,1024,0.5263671875
01a072a6-658d-79f3-bff1-2e7fd0670b76,a,D,QB6,6,0,standard_pi_2,33,0.07,5850000.0,5.85,549,1024,0.5361328125
01a072a6-658d-79f3-bff1-2e7fd0670b76,a,D,QB6,6,0,standard_pi_2,34,0.07,6300000.0,6.3,540,1024,0.52734375
01a072a6-658d-79f3-bff1-2e7fd0670b76,a,D,QB6,6,0,standard_pi_2,35,0.07,6750000.0,6.75,540,1024,0.52734375
01a072a6-658d-79f3-bff1-2e7fd0670b76,a,D,QB6,6,0,standard_pi_2,36,0.07,7200000.0,7.2,529,1024,0.5166015625
01a072a6-658d-79f3-bff1-2e7fd0670b76,a,D,QB6,6,0,standard_pi_2,37,0.07,7650000.0,7.65,535,1024,0.5224609375
01a072a6-658d-79f3-bff1-2e7fd0670b76,a,D,QB6,6,0,standard_pi_2,38,0.07,8100000.0,8.1,487,1024,0.4755859375
01a072a6-658d-79f3-bff1-2e7fd0670b76,a,D,QB6,6,0,standard_pi_2,39,0.07,8550000.0,8.55,518,1024,0.505859375
01a072a6-658d-79f3-bff1-2e7fd0670b76,a,D,QB6,6,0,standard_pi_2,40,0.07,9000000.0,9.0,501,1024,0.4892578125
01a072a6-658d-79f3-bff1-2e7fd0670b76,a,D,QB6,6,1,UVH4a,0,0.07,-9000000.0,-9.0,512,1024,0.5
01a072a6-658d-79f3-bff1-2e7fd0670b76,a,D,QB6,6,1,UVH4a,1,0.07,-8550000.0,-8.55,510,1024,0.498046875
01a072a6-658d-79f3-bff1-2e7fd0670b76,a,D,QB6,6,1,UVH4a,2,0.07,-8100000.0,-8.1,513,1024,0.5009765625
01a072a6-658d-79f3-bff1-2e7fd0670b76,a,D,QB6,6,1,UVH4a,3,0.07,-7650000.0,-7.65,478,1024,0.466796875
01a072a6-658d-79f3-bff1-2e7fd0670b76,a,D,QB6,6,1,UVH4a,4,0.07,-7200000.0,-7.2,489,1024,0.4775390625
01a072a6-658d-79f3-bff1-2e7fd0670b76,a,D,QB6,6,1,UVH4a,5,0.07,-6750000.0,-6.75,504,1024,0.4921875
01a072a6-658d-79f3-bff1-2e7fd0670b76,a,D,QB6,6,1,UVH4a,6,0.07,-6300000.0,-6.3,501,1024,0.4892578125
01a072a6-658d-79f3-bff1-2e7fd0670b76,a,D,QB6,6,1,UVH4a,7,0.07,-5850000.0,-5.85,502,1024,0.490234375
01a072a6-658d-79f3-bff1-2e7fd0670b76,a,D,QB6,6,1,UVH4a,8,0.07,-5400000.0,-5.4,493,1024,0.4814453125
01a072a6-658d-79f3-bff1-2e7fd0670b76,a,D,QB6,6,1,UVH4a,9,0.07,-4950000.0,-4.95,509,1024,0.4970703125
01a072a6-658d-79f3-bff1-2e7fd0670b76,a,D,QB6,6,1,UVH4a,10,0.07,-4500000.0,-4.5,515,1024,0.5029296875
01a072a6-658d-79f3-bff1-2e7fd0670b76,a,D,QB6,6,1,UVH4a,11,0.07,-4050000.0,-4.05,508,1024,0.49609375
01a072a6-658d-79f3-bff1-2e7fd0670b76,a,D,QB6,6,1,UVH4a,12,0.07,-3600000.0,-3.6,531,1024,0.5185546875
01a072a6-658d-79f3-bff1-2e7fd0670b76,a,D,QB6,6,1,UVH4a,13,0.07,-3150000.0,-3.15,517,1024,0.5048828125
01a072a6-658d-79f3-bff1-2e7fd0670b76,a,D,QB6,6,1,UVH4a,14,0.07,-2700000.0,-2.7,516,1024,0.50390625
01a072a6-658d-79f3-bff1-2e7fd0670b76,a,D,QB6,6,1,UVH4a,15,0.07,-2250000.0,-2.25,533,1024,0.5205078125
01a072a6-658d-79f3-bff1-2e7fd0670b76,a,D,QB6,6,1,UVH4a,16,0.07,-1800000.0,-1.8,514,1024,0.501953125
01a072a6-658d-79f3-bff1-2e7fd0670b76,a,D,QB6,6,1,UVH4a,17,0.07,-1350000.0,-1.35,532,1024,0.51953125
01a072a6-658d-79f3-bff1-2e7fd0670b76,a,D,QB6,6,1,UVH4a,18,0.07,-900000.0,-0.9,526,1024,0.513671875
01a072a6-658d-79f3-bff1-2e7fd0670b76,a,D,QB6,6,1,UVH4a,19,0.07,-450000.0,-0.45,524,1024,0.51171875
01a072a6-658d-79f3-bff1-2e7fd0670b76,a,D,QB6,6,1,UVH4a,20,0.07,0.0,0.0,554,1024,0.541015625
01a072a6-658d-79f3-bff1-2e7fd0670b76,a,D,QB6,6,1,UVH4a,21,0.07,450000.0,0.45,541,1024,0.5283203125
01a072a6-658d-79f3-bff1-2e7fd0670b76,a,D,QB6,6,1,UVH4a,22,0.07,900000.0,0.9,513,1024,0.5009765625
01a072a6-658d-79f3-bff1-2e7fd0670b76,a,D,QB6,6,1,UVH4a,23,0.07,1350000.0,1.35,526,1024,0.513671875
01a072a6-658d-79f3-bff1-2e7fd0670b76,a,D,QB6,6,1,UVH4a,24,0.07,1800000.0,1.8,540,1024,0.52734375
01a072a6-658d-79f3-bff1-2e7fd0670b76,a,D,QB6,6,1,UVH4a,25,0.07,2250000.0,2.25,519,1024,0.5068359375
01a072a6-658d-79f3-bff1-2e7fd0670b76,a,D,QB6,6,1,UVH4a,26,0.07,2700000.0,2.7,525,1024,0.5126953125
01a072a6-658d-79f3-bff1-2e7fd0670b76,a,D,QB6,6,1,UVH4a,27,0.07,3150000.0,3.15,514,1024,0.501953125
01a072a6-658d-79f3-bff1-2e7fd0670b76,a,D,QB6,6,1,UVH4a,28,0.07,3600000.0,3.6,531,1024,0.5185546875
01a072a6-658d-79f3-bff1-2e7fd0670b76,a,D,QB6,6,1,UVH4a,29,0.07,4050000.0,4.05,495,1024,0.4833984375
01a072a6-658d-79f3-bff1-2e7fd0670b76,a,D,QB6,6,1,UVH4a,30,0.07,4500000.0,4.5,495,1024,0.4833984375
01a072a6-658d-79f3-bff1-2e7fd0670b76,a,D,QB6,6,1,UVH4a,31,0.07,4950000.0,4.95,544,1024,0.53125
01a072a6-658d-79f3-bff1-2e7fd0670b76,a,D,QB6,6,1,UVH4a,32,0.07,5400000.0,5.4,510,1024,0.498046875
01a072a6-658d-79f3-bff1-2e7fd0670b76,a,D,QB6,6,1,UVH4a,33,0.07,5850000.0,5.85,521,1024,0.5087890625
01a072a6-658d-79f3-bff1-2e7fd0670b76,a,D,QB6,6,1,UVH4a,34,0.07,6300000.0,6.3,503,1024,0.4912109375
01a072a6-658d-79f3-bff1-2e7fd0670b76,a,D,QB6,6,1,UVH4a,35,0.07,6750000.0,6.75,536,1024,0.5234375
01a072a6-658d-79f3-bff1-2e7fd0670b76,a,D,QB6,6,1,UVH4a,36,0.07,7200000.0,7.2,543,1024,0.5302734375
01a072a6-658d-79f3-bff1-2e7fd0670b76,a,D,QB6,6,1,UVH4a,37,0.07,7650000.0,7.65,545,1024,0.5322265625
01a072a6-658d-79f3-bff1-2e7fd0670b76,a,D,QB6,6,1,UVH4a,38,0.07,8100000.0,8.1,553,1024,0.5400390625
01a072a6-658d-79f3-bff1-2e7fd0670b76,a,D,QB6,6,1,UVH4a,39,0.07,8550000.0,8.55,589,1024,0.5751953125
01a072a6-658d-79f3-bff1-2e7fd0670b76,a,D,QB6,6,1,UVH4a,40,0.07,9000000.0,9.0,584,1024,0.5703125
01a072a6-658d-79f3-bff1-2e7fd0670b76,a,D,QB6,6,2,UVH5a,0,0.07,-9000000.0,-9.0,344,1024,0.3359375
01a072a6-658d-79f3-bff1-2e7fd0670b76,a,D,QB6,6,2,UVH5a,1,0.07,-8550000.0,-8.55,356,1024,0.34765625
01a072a6-658d-79f3-bff1-2e7fd0670b76,a,D,QB6,6,2,UVH5a,2,0.07,-8100000.0,-8.1,359,1024,0.3505859375
01a072a6-658d-79f3-bff1-2e7fd0670b76,a,D,QB6,6,2,UVH5a,3,0.07,-7650000.0,-7.65,347,1024,0.3388671875
01a072a6-658d-79f3-bff1-2e7fd0670b76,a,D,QB6,6,2,UVH5a,4,0.07,-7200000.0,-7.2,350,1024,0.341796875
01a072a6-658d-79f3-bff1-2e7fd0670b76,a,D,QB6,6,2,UVH5a,5,0.07,-6750000.0,-6.75,354,1024,0.345703125
01a072a6-658d-79f3-bff1-2e7fd0670b76,a,D,QB6,6,2,UVH5a,6,0.07,-6300000.0,-6.3,370,1024,0.361328125
01a072a6-658d-79f3-bff1-2e7fd0670b76,a,D,QB6,6,2,UVH5a,7,0.07,-5850000.0,-5.85,372,1024,0.36328125
01a072a6-658d-79f3-bff1-2e7fd0670b76,a,D,QB6,6,2,UVH5a,8,0.07,-5400000.0,-5.4,397,1024,0.3876953125
01a072a6-658d-79f3-bff1-2e7fd0670b76,a,D,QB6,6,2,UVH5a,9,0.07,-4950000.0,-4.95,416,1024,0.40625
01a072a6-658d-79f3-bff1-2e7fd0670b76,a,D,QB6,6,2,UVH5a,10,0.07,-4500000.0,-4.5,397,1024,0.3876953125
01a072a6-658d-79f3-bff1-2e7fd0670b76,a,D,QB6,6,2,UVH5a,11,0.07,-4050000.0,-4.05,407,1024,0.3974609375
01a072a6-658d-79f3-bff1-2e7fd0670b76,a,D,QB6,6,2,UVH5a,12,0.07,-3600000.0,-3.6,443,1024,0.4326171875
01a072a6-658d-79f3-bff1-2e7fd0670b76,a,D,QB6,6,2,UVH5a,13,0.07,-3150000.0,-3.15,438,1024,0.427734375
01a072a6-658d-79f3-bff1-2e7fd0670b76,a,D,QB6,6,2,UVH5a,14,0.07,-2700000.0,-2.7,456,1024,0.4453125
01a072a6-658d-79f3-bff1-2e7fd0670b76,a,D,QB6,6,2,UVH5a,15,0.07,-2250000.0,-2.25,474,1024,0.462890625
01a072a6-658d-79f3-bff1-2e7fd0670b76,a,D,QB6,6,2,UVH5a,16,0.07,-1800000.0,-1.8,520,1024,0.5078125
01a072a6-658d-79f3-bff1-2e7fd0670b76,a,D,QB6,6,2,UVH5a,17,0.07,-1350000.0,-1.35,483,1024,0.4716796875
01a072a6-658d-79f3-bff1-2e7fd0670b76,a,D,QB6,6,2,UVH5a,18,0.07,-900000.0,-0.9,502,1024,0.490234375
01a072a6-658d-79f3-bff1-2e7fd0670b76,a,D,QB6,6,2,UVH5a,19,0.07,-450000.0,-0.45,514,1024,0.501953125
01a072a6-658d-79f3-bff1-2e7fd0670b76,a,D,QB6,6,2,UVH5a,20,0.07,0.0,0.0,498,1024,0.486328125
01a072a6-658d-79f3-bff1-2e7fd0670b76,a,D,QB6,6,2,UVH5a,21,0.07,450000.0,0.45,518,1024,0.505859375
01a072a6-658d-79f3-bff1-2e7fd0670b76,a,D,QB6,6,2,UVH5a,22,0.07,900000.0,0.9,478,1024,0.466796875
01a072a6-658d-79f3-bff1-2e7fd0670b76,a,D,QB6,6,2,UVH5a,23,0.07,1350000.0,1.35,524,1024,0.51171875
01a072a6-658d-79f3-bff1-2e7fd0670b76,a,D,QB6,6,2,UVH5a,24,0.07,1800000.0,1.8,506,1024,0.494140625
01a072a6-658d-79f3-bff1-2e7fd0670b76,a,D,QB6,6,2,UVH5a,25,0.07,2250000.0,2.25,529,1024,0.5166015625
01a072a6-658d-79f3-bff1-2e7fd0670b76,a,D,QB6,6,2,UVH5a,26,0.07,2700000.0,2.7,505,1024,0.4931640625
01a072a6-658d-79f3-bff1-2e7fd0670b76,a,D,QB6,6,2,UVH5a,27,0.07,3150000.0,3.15,502,1024,0.490234375
01a072a6-658d-79f3-bff1-2e7fd0670b76,a,D,QB6,6,2,UVH5a,28,0.07,3600000.0,3.6,497,1024,0.4853515625
01a072a6-658d-79f3-bff1-2e7fd0670b76,a,D,QB6,6,2,UVH5a,29,0.07,4050000.0,4.05,487,1024,0.4755859375
01a072a6-658d-79f3-bff1-2e7fd0670b76,a,D,QB6,6,2,UVH5a,30,0.07,4500000.0,4.5,487,1024,0.4755859375
01a072a6-658d-79f3-bff1-2e7fd0670b76,a,D,QB6,6,2,UVH5a,31,0.07,4950000.0,4.95,470,1024,0.458984375
01a072a6-658d-79f3-bff1-2e7fd0670b76,a,D,QB6,6,2,UVH5a,32,0.07,5400000.0,5.4,460,1024,0.44921875
01a072a6-658d-79f3-bff1-2e7fd0670b76,a,D,QB6,6,2,UVH5a,33,0.07,5850000.0,5.85,435,1024,0.4248046875
01a072a6-658d-79f3-bff1-2e7fd0670b76,a,D,QB6,6,2,UVH5a,34,0.07,6300000.0,6.3,441,1024,0.4306640625
01a072a6-658d-79f3-bff1-2e7fd0670b76,a,D,QB6,6,2,UVH5a,35,0.07,6750000.0,6.75,472,1024,0.4609375
01a072a6-658d-79f3-bff1-2e7fd0670b76,a,D,QB6,6,2,UVH5a,36,0.07,7200000.0,7.2,432,1024,0.421875
01a072a6-658d-79f3-bff1-2e7fd0670b76,a,D,QB6,6,2,UVH5a,37,0.07,7650000.0,7.65,432,1024,0.421875
01a072a6-658d-79f3-bff1-2e7fd0670b76,a,D,QB6,6,2,UVH5a,38,0.07,8100000.0,8.1,373,1024,0.3642578125
01a072a6-658d-79f3-bff1-2e7fd0670b76,a,D,QB6,6,2,UVH5a,39,0.07,8550000.0,8.55,366,1024,0.357421875
01a072a6-658d-79f3-bff1-2e7fd0670b76,a,D,QB6,6,2,UVH5a,40,0.07,9000000.0,9.0,378,1024,0.369140625
01a072a6-658d-79f3-bff1-2e7fd0670b76,a,D,QB6,6,3,UVH6a,0,0.07,-9000000.0,-9.0,500,1024,0.48828125
01a072a6-658d-79f3-bff1-2e7fd0670b76,a,D,QB6,6,3,UVH6a,1,0.07,-8550000.0,-8.55,501,1024,0.4892578125
01a072a6-658d-79f3-bff1-2e7fd0670b76,a,D,QB6,6,3,UVH6a,2,0.07,-8100000.0,-8.1,495,1024,0.4833984375
01a072a6-658d-79f3-bff1-2e7fd0670b76,a,D,QB6,6,3,UVH6a,3,0.07,-7650000.0,-7.65,493,1024,0.4814453125
01a072a6-658d-79f3-bff1-2e7fd0670b76,a,D,QB6,6,3,UVH6a,4,0.07,-7200000.0,-7.2,502,1024,0.490234375
01a072a6-658d-79f3-bff1-2e7fd0670b76,a,D,QB6,6,3,UVH6a,5,0.07,-6750000.0,-6.75,487,1024,0.4755859375
01a072a6-658d-79f3-bff1-2e7fd0670b76,a,D,QB6,6,3,UVH6a,6,0.07,-6300000.0,-6.3,464,1024,0.453125
01a072a6-658d-79f3-bff1-2e7fd0670b76,a,D,QB6,6,3,UVH6a,7,0.07,-5850000.0,-5.85,467,1024,0.4560546875
01a072a6-658d-79f3-bff1-2e7fd0670b76,a,D,QB6,6,3,UVH6a,8,0.07,-5400000.0,-5.4,469,1024,0.4580078125
01a072a6-658d-79f3-bff1-2e7fd0670b76,a,D,QB6,6,3,UVH6a,9,0.07,-4950000.0,-4.95,461,1024,0.4501953125
01a072a6-658d-79f3-bff1-2e7fd0670b76,a,D,QB6,6,3,UVH6a,10,0.07,-4500000.0,-4.5,509,1024,0.4970703125
01a072a6-658d-79f3-bff1-2e7fd0670b76,a,D,QB6,6,3,UVH6a,11,0.07,-4050000.0,-4.05,476,1024,0.46484375
01a072a6-658d-79f3-bff1-2e7fd0670b76,a,D,QB6,6,3,UVH6a,12,0.07,-3600000.0,-3.6,485,1024,0.4736328125
01a072a6-658d-79f3-bff1-2e7fd0670b76,a,D,QB6,6,3,UVH6a,13,0.07,-3150000.0,-3.15,490,1024,0.478515625
01a072a6-658d-79f3-bff1-2e7fd0670b76,a,D,QB6,6,3,UVH6a,14,0.07,-2700000.0,-2.7,512,1024,0.5
01a072a6-658d-79f3-bff1-2e7fd0670b76,a,D,QB6,6,3,UVH6a,15,0.07,-2250000.0,-2.25,460,1024,0.44921875
01a072a6-658d-79f3-bff1-2e7fd0670b76,a,D,QB6,6,3,UVH6a,16,0.07,-1800000.0,-1.8,518,1024,0.505859375
01a072a6-658d-79f3-bff1-2e7fd0670b76,a,D,QB6,6,3,UVH6a,17,0.07,-1350000.0,-1.35,519,1024,0.5068359375
01a072a6-658d-79f3-bff1-2e7fd0670b76,a,D,QB6,6,3,UVH6a,18,0.07,-900000.0,-0.9,498,1024,0.486328125
01a072a6-658d-79f3-bff1-2e7fd0670b76,a,D,QB6,6,3,UVH6a,19,0.07,-450000.0,-0.45,530,1024,0.517578125
01a072a6-658d-79f3-bff1-2e7fd0670b76,a,D,QB6,6,3,UVH6a,20,0.07,0.0,0.0,516,1024,0.50390625
01a072a6-658d-79f3-bff1-2e7fd0670b76,a,D,QB6,6,3,UVH6a,21,0.07,450000.0,0.45,531,1024,0.5185546875
01a072a6-658d-79f3-bff1-2e7fd0670b76,a,D,QB6,6,3,UVH6a,22,0.07,900000.0,0.9,516,1024,0.50390625
01a072a6-658d-79f3-bff1-2e7fd0670b76,a,D,QB6,6,3,UVH6a,23,0.07,1350000.0,1.35,508,1024,0.49609375
01a072a6-658d-79f3-bff1-2e7fd0670b76,a,D,QB6,6,3,UVH6a,24,0.07,1800000.0,1.8,547,1024,0.5341796875
01a072a6-658d-79f3-bff1-2e7fd0670b76,a,D,QB6,6,3,UVH6a,25,0.07,2250000.0,2.25,538,1024,0.525390625
01a072a6-658d-79f3-bff1-2e7fd0670b76,a,D,QB6,6,3,UVH6a,26,0.07,2700000.0,2.7,553,1024,0.5400390625
01a072a6-658d-79f3-bff1-2e7fd0670b76,a,D,QB6,6,3,UVH6a,27,0.07,3150000.0,3.15,509,1024,0.4970703125
01a072a6-658d-79f3-bff1-2e7fd0670b76,a,D,QB6,6,3,UVH6a,28,0.07,3600000.0,3.6,547,1024,0.5341796875
01a072a6-658d-79f3-bff1-2e7fd0670b76,a,D,QB6,6,3,UVH6a,29,0.07,4050000.0,4.05,547,1024,0.5341796875
01a072a6-658d-79f3-bff1-2e7fd0670b76,a,D,QB6,6,3,UVH6a,30,0.07,4500000.0,4.5,516,1024,0.50390625
01a072a6-658d-79f3-bff1-2e7fd0670b76,a,D,QB6,6,3,UVH6a,31,0.07,4950000.0,4.95,563,1024,0.5498046875
01a072a6-658d-79f3-bff1-2e7fd0670b76,a,D,QB6,6,3,UVH6a,32,0.07,5400000.0,5.4,530,1024,0.517578125
01a072a6-658d-79f3-bff1-2e7fd0670b76,a,D,QB6,6,3,UVH6a,33,0.07,5850000.0,5.85,544,1024,0.53125
01a072a6-658d-79f3-bff1-2e7fd0670b76,a,D,QB6,6,3,UVH6a,34,0.07,6300000.0,6.3,547,1024,0.5341796875
01a072a6-658d-79f3-bff1-2e7fd0670b76,a,D,QB6,6,3,UVH6a,35,0.07,6750000.0,6.75,591,1024,0.5771484375
01a072a6-658d-79f3-bff1-2e7fd0670b76,a,D,QB6,6,3,UVH6a,36,0.07,7200000.0,7.2,603,1024,0.5888671875
01a072a6-658d-79f3-bff1-2e7fd0670b76,a,D,QB6,6,3,UVH6a,37,0.07,7650000.0,7.65,582,1024,0.568359375
01a072a6-658d-79f3-bff1-2e7fd0670b76,a,D,QB6,6,3,UVH6a,38,0.07,8100000.0,8.1,641,1024,0.6259765625
01a072a6-658d-79f3-bff1-2e7fd0670b76,a,D,QB6,6,3,UVH6a,39,0.07,8550000.0,8.55,607,1024,0.5927734375
01a072a6-658d-79f3-bff1-2e7fd0670b76,a,D,QB6,6,3,UVH6a,40,0.07,9000000.0,9.0,666,1024,0.650390625
01a072a6-658d-79f3-bff1-2e7fd0670b76,a,D,QB6,6,4,UVH7a,0,0.07,-9000000.0,-9.0,542,1024,0.529296875
01a072a6-658d-79f3-bff1-2e7fd0670b76,a,D,QB6,6,4,UVH7a,1,0.07,-8550000.0,-8.55,500,1024,0.48828125
01a072a6-658d-79f3-bff1-2e7fd0670b76,a,D,QB6,6,4,UVH7a,2,0.07,-8100000.0,-8.1,498,1024,0.486328125
01a072a6-658d-79f3-bff1-2e7fd0670b76,a,D,QB6,6,4,UVH7a,3,0.07,-7650000.0,-7.65,499,1024,0.4873046875
01a072a6-658d-79f3-bff1-2e7fd0670b76,a,D,QB6,6,4,UVH7a,4,0.07,-7200000.0,-7.2,508,1024,0.49609375
01a072a6-658d-79f3-bff1-2e7fd0670b76,a,D,QB6,6,4,UVH7a,5,0.07,-6750000.0,-6.75,451,1024,0.4404296875
01a072a6-658d-79f3-bff1-2e7fd0670b76,a,D,QB6,6,4,UVH7a,6,0.07,-6300000.0,-6.3,458,1024,0.447265625
01a072a6-658d-79f3-bff1-2e7fd0670b76,a,D,QB6,6,4,UVH7a,7,0.07,-5850000.0,-5.85,440,1024,0.4296875
01a072a6-658d-79f3-bff1-2e7fd0670b76,a,D,QB6,6,4,UVH7a,8,0.07,-5400000.0,-5.4,485,1024,0.4736328125
01a072a6-658d-79f3-bff1-2e7fd0670b76,a,D,QB6,6,4,UVH7a,9,0.07,-4950000.0,-4.95,479,1024,0.4677734375
01a072a6-658d-79f3-bff1-2e7fd0670b76,a,D,QB6,6,4,UVH7a,10,0.07,-4500000.0,-4.5,483,1024,0.4716796875
01a072a6-658d-79f3-bff1-2e7fd0670b76,a,D,QB6,6,4,UVH7a,11,0.07,-4050000.0,-4.05,481,1024,0.4697265625
01a072a6-658d-79f3-bff1-2e7fd0670b76,a,D,QB6,6,4,UVH7a,12,0.07,-3600000.0,-3.6,473,1024,0.4619140625
01a072a6-658d-79f3-bff1-2e7fd0670b76,a,D,QB6,6,4,UVH7a,13,0.07,-3150000.0,-3.15,503,1024,0.4912109375
01a072a6-658d-79f3-bff1-2e7fd0670b76,a,D,QB6,6,4,UVH7a,14,0.07,-2700000.0,-2.7,471,1024,0.4599609375
01a072a6-658d-79f3-bff1-2e7fd0670b76,a,D,QB6,6,4,UVH7a,15,0.07,-2250000.0,-2.25,502,1024,0.490234375
01a072a6-658d-79f3-bff1-2e7fd0670b76,a,D,QB6,6,4,UVH7a,16,0.07,-1800000.0,-1.8,498,1024,0.486328125
01a072a6-658d-79f3-bff1-2e7fd0670b76,a,D,QB6,6,4,UVH7a,17,0.07,-1350000.0,-1.35,509,1024,0.4970703125
01a072a6-658d-79f3-bff1-2e7fd0670b76,a,D,QB6,6,4,UVH7a,18,0.07,-900000.0,-0.9,528,1024,0.515625
01a072a6-658d-79f3-bff1-2e7fd0670b76,a,D,QB6,6,4,UVH7a,19,0.07,-450000.0,-0.45,536,1024,0.5234375
01a072a6-658d-79f3-bff1-2e7fd0670b76,a,D,QB6,6,4,UVH7a,20,0.07,0.0,0.0,458,1024,0.447265625
01a072a6-658d-79f3-bff1-2e7fd0670b76,a,D,QB6,6,4,UVH7a,21,0.07,450000.0,0.45,492,1024,0.48046875
01a072a6-658d-79f3-bff1-2e7fd0670b76,a,D,QB6,6,4,UVH7a,22,0.07,900000.0,0.9,526,1024,0.513671875
01a072a6-658d-79f3-bff1-2e7fd0670b76,a,D,QB6,6,4,UVH7a,23,0.07,1350000.0,1.35,494,1024,0.482421875
01a072a6-658d-79f3-bff1-2e7fd0670b76,a,D,QB6,6,4,UVH7a,24,0.07,1800000.0,1.8,502,1024,0.490234375
01a072a6-658d-79f3-bff1-2e7fd0670b76,a,D,QB6,6,4,UVH7a,25,0.07,2250000.0,2.25,495,1024,0.4833984375
01a072a6-658d-79f3-bff1-2e7fd0670b76,a,D,QB6,6,4,UVH7a,26,0.07,2700000.0,2.7,513,1024,0.5009765625
01a072a6-658d-79f3-bff1-2e7fd0670b76,a,D,QB6,6,4,UVH7a,27,0.07,3150000.0,3.15,485,1024,0.4736328125
01a072a6-658d-79f3-bff1-2e7fd0670b76,a,D,QB6,6,4,UVH7a,28,0.07,3600000.0,3.6,498,1024,0.486328125
01a072a6-658d-79f3-bff1-2e7fd0670b76,a,D,QB6,6,4,UVH7a,29,0.07,4050000.0,4.05,474,1024,0.462890625
01a072a6-658d-79f3-bff1-2e7fd0670b76,a,D,QB6,6,4,UVH7a,30,0.07,4500000.0,4.5,465,1024,0.4541015625
01a072a6-658d-79f3-bff1-2e7fd0670b76,a,D,QB6,6,4,UVH7a,31,0.07,4950000.0,4.95,445,1024,0.4345703125
01a072a6-658d-79f3-bff1-2e7fd0670b76,a,D,QB6,6,4,UVH7a,32,0.07,5400000.0,5.4,473,1024,0.4619140625
01a072a6-658d-79f3-bff1-2e7fd0670b76,a,D,QB6,6,4,UVH7a,33,0.07,5850000.0,5.85,451,1024,0.4404296875
01a072a6-658d-79f3-bff1-2e7fd0670b76,a,D,QB6,6,4,UVH7a,34,0.07,6300000.0,6.3,416,1024,0.40625
01a072a6-658d-79f3-bff1-2e7fd0670b76,a,D,QB6,6,4,UVH7a,35,0.07,6750000.0,6.75,413,1024,0.4033203125
01a072a6-658d-79f3-bff1-2e7fd0670b76,a,D,QB6,6,4,UVH7a,36,0.07,7200000.0,7.2,416,1024,0.40625
01a072a6-658d-79f3-bff1-2e7fd0670b76,a,D,QB6,6,4,UVH7a,37,0.07,7650000.0,7.65,411,1024,0.4013671875
01a072a6-658d-79f3-bff1-2e7fd0670b76,a,D,QB6,6,4,UVH7a,38,0.07,8100000.0,8.1,406,1024,0.396484375
01a072a6-658d-79f3-bff1-2e7fd0670b76,a,D,QB6,6,4,UVH7a,39,0.07,8550000.0,8.55,393,1024,0.3837890625
01a072a6-658d-79f3-bff1-2e7fd0670b76,a,D,QB6,6,4,UVH7a,40,0.07,9000000.0,9.0,412,1024,0.40234375
01a072a6-658d-79f3-bff1-2e7fd0670b76,a,D,QB6,6,5,UVH8a,0,0.07,-9000000.0,-9.0,513,1024,0.5009765625
01a072a6-658d-79f3-bff1-2e7fd0670b76,a,D,QB6,6,5,UVH8a,1,0.07,-8550000.0,-8.55,516,1024,0.50390625
01a072a6-658d-79f3-bff1-2e7fd0670b76,a,D,QB6,6,5,UVH8a,2,0.07,-8100000.0,-8.1,565,1024,0.5517578125
01a072a6-658d-79f3-bff1-2e7fd0670b76,a,D,QB6,6,5,UVH8a,3,0.07,-7650000.0,-7.65,558,1024,0.544921875
01a072a6-658d-79f3-bff1-2e7fd0670b76,a,D,QB6,6,5,UVH8a,4,0.07,-7200000.0,-7.2,543,1024,0.5302734375
01a072a6-658d-79f3-bff1-2e7fd0670b76,a,D,QB6,6,5,UVH8a,5,0.07,-6750000.0,-6.75,508,1024,0.49609375
01a072a6-658d-79f3-bff1-2e7fd0670b76,a,D,QB6,6,5,UVH8a,6,0.07,-6300000.0,-6.3,550,1024,0.537109375
01a072a6-658d-79f3-bff1-2e7fd0670b76,a,D,QB6,6,5,UVH8a,7,0.07,-5850000.0,-5.85,529,1024,0.5166015625
01a072a6-658d-79f3-bff1-2e7fd0670b76,a,D,QB6,6,5,UVH8a,8,0.07,-5400000.0,-5.4,491,1024,0.4794921875
01a072a6-658d-79f3-bff1-2e7fd0670b76,a,D,QB6,6,5,UVH8a,9,0.07,-4950000.0,-4.95,514,1024,0.501953125
01a072a6-658d-79f3-bff1-2e7fd0670b76,a,D,QB6,6,5,UVH8a,10,0.07,-4500000.0,-4.5,513,1024,0.5009765625
01a072a6-658d-79f3-bff1-2e7fd0670b76,a,D,QB6,6,5,UVH8a,11,0.07,-4050000.0,-4.05,514,1024,0.501953125
01a072a6-658d-79f3-bff1-2e7fd0670b76,a,D,QB6,6,5,UVH8a,12,0.07,-3600000.0,-3.6,516,1024,0.50390625
01a072a6-658d-79f3-bff1-2e7fd0670b76,a,D,QB6,6,5,UVH8a,13,0.07,-3150000.0,-3.15,482,1024,0.470703125
01a072a6-658d-79f3-bff1-2e7fd0670b76,a,D,QB6,6,5,UVH8a,14,0.07,-2700000.0,-2.7,475,1024,0.4638671875
01a072a6-658d-79f3-bff1-2e7fd0670b76,a,D,QB6,6,5,UVH8a,15,0.07,-2250000.0,-2.25,481,1024,0.4697265625
01a072a6-658d-79f3-bff1-2e7fd0670b76,a,D,QB6,6,5,UVH8a,16,0.07,-1800000.0,-1.8,472,1024,0.4609375
01a072a6-658d-79f3-bff1-2e7fd0670b76,a,D,QB6,6,5,UVH8a,17,0.07,-1350000.0,-1.35,469,1024,0.4580078125
01a072a6-658d-79f3-bff1-2e7fd0670b76,a,D,QB6,6,5,UVH8a,18,0.07,-900000.0,-0.9,474,1024,0.462890625
01a072a6-658d-79f3-bff1-2e7fd0670b76,a,D,QB6,6,5,UVH8a,19,0.07,-450000.0,-0.45,508,1024,0.49609375
01a072a6-658d-79f3-bff1-2e7fd0670b76,a,D,QB6,6,5,UVH8a,20,0.07,0.0,0.0,510,1024,0.498046875
01a072a6-658d-79f3-bff1-2e7fd0670b76,a,D,QB6,6,5,UVH8a,21,0.07,450000.0,0.45,487,1024,0.4755859375
01a072a6-658d-79f3-bff1-2e7fd0670b76,a,D,QB6,6,5,UVH8a,22,0.07,900000.0,0.9,497,1024,0.4853515625
01a072a6-658d-79f3-bff1-2e7fd0670b76,a,D,QB6,6,5,UVH8a,23,0.07,1350000.0,1.35,489,1024,0.4775390625
01a072a6-658d-79f3-bff1-2e7fd0670b76,a,D,QB6,6,5,UVH8a,24,0.07,1800000.0,1.8,493,1024,0.4814453125
01a072a6-658d-79f3-bff1-2e7fd0670b76,a,D,QB6,6,5,UVH8a,25,0.07,2250000.0,2.25,494,1024,0.482421875
01a072a6-658d-79f3-bff1-2e7fd0670b76,a,D,QB6,6,5,UVH8a,26,0.07,2700000.0,2.7,488,1024,0.4765625
01a072a6-658d-79f3-bff1-2e7fd0670b76,a,D,QB6,6,5,UVH8a,27,0.07,3150000.0,3.15,512,1024,0.5
01a072a6-658d-79f3-bff1-2e7fd0670b76,a,D,QB6,6,5,UVH8a,28,0.07,3600000.0,3.6,543,1024,0.5302734375
01a072a6-658d-79f3-bff1-2e7fd0670b76,a,D,QB6,6,5,UVH8a,29,0.07,4050000.0,4.05,528,1024,0.515625
01a072a6-658d-79f3-bff1-2e7fd0670b76,a,D,QB6,6,5,UVH8a,30,0.07,4500000.0,4.5,532,1024,0.51953125
01a072a6-658d-79f3-bff1-2e7fd0670b76,a,D,QB6,6,5,UVH8a,31,0.07,4950000.0,4.95,520,1024,0.5078125
01a072a6-658d-79f3-bff1-2e7fd0670b76,a,D,QB6,6,5,UVH8a,32,0.07,5400000.0,5.4,506,1024,0.494140625
01a072a6-658d-79f3-bff1-2e7fd0670b76,a,D,QB6,6,5,UVH8a,33,0.07,5850000.0,5.85,484,1024,0.47265625
01a072a6-658d-79f3-bff1-2e7fd0670b76,a,D,QB6,6,5,UVH8a,34,0.07,6300000.0,6.3,521,1024,0.5087890625
01a072a6-658d-79f3-bff1-2e7fd0670b76,a,D,QB6,6,5,UVH8a,35,0.07,6750000.0,6.75,485,1024,0.4736328125
01a072a6-658d-79f3-bff1-2e7fd0670b76,a,D,QB6,6,5,UVH8a,36,0.07,7200000.0,7.2,539,1024,0.5263671875
01a072a6-658d-79f3-bff1-2e7fd0670b76,a,D,QB6,6,5,UVH8a,37,0.07,7650000.0,7.65,474,1024,0.462890625
01a072a6-658d-79f3-bff1-2e7fd0670b76,a,D,QB6,6,5,UVH8a,38,0.07,8100000.0,8.1,498,1024,0.486328125
01a072a6-658d-79f3-bff1-2e7fd0670b76,a,D,QB6,6,5,UVH8a,39,0.07,8550000.0,8.55,461,1024,0.4501953125
01a072a6-658d-79f3-bff1-2e7fd0670b76,a,D,QB6,6,5,UVH8a,40,0.07,9000000.0,9.0,436,1024,0.42578125
01a072a6-658d-79f3-bff1-2e7fd0670b76,a,D,QB13,7,0,standard_pi_2,0,0.07,-9000000.0,-9.0,602,1024,0.587890625
01a072a6-658d-79f3-bff1-2e7fd0670b76,a,D,QB13,7,0,standard_pi_2,1,0.07,-8550000.0,-8.55,598,1024,0.583984375
01a072a6-658d-79f3-bff1-2e7fd0670b76,a,D,QB13,7,0,standard_pi_2,2,0.07,-8100000.0,-8.1,592,1024,0.578125
01a072a6-658d-79f3-bff1-2e7fd0670b76,a,D,QB13,7,0,standard_pi_2,3,0.07,-7650000.0,-7.65,595,1024,0.5810546875
01a072a6-658d-79f3-bff1-2e7fd0670b76,a,D,QB13,7,0,standard_pi_2,4,0.07,-7200000.0,-7.2,574,1024,0.560546875
01a072a6-658d-79f3-bff1-2e7fd0670b76,a,D,QB13,7,0,standard_pi_2,5,0.07,-6750000.0,-6.75,592,1024,0.578125
01a072a6-658d-79f3-bff1-2e7fd0670b76,a,D,QB13,7,0,standard_pi_2,6,0.07,-6300000.0,-6.3,580,1024,0.56640625
01a072a6-658d-79f3-bff1-2e7fd0670b76,a,D,QB13,7,0,standard_pi_2,7,0.07,-5850000.0,-5.85,588,1024,0.57421875
01a072a6-658d-79f3-bff1-2e7fd0670b76,a,D,QB13,7,0,standard_pi_2,8,0.07,-5400000.0,-5.4,568,1024,0.5546875
01a072a6-658d-79f3-bff1-2e7fd0670b76,a,D,QB13,7,0,standard_pi_2,9,0.07,-4950000.0,-4.95,583,1024,0.5693359375
01a072a6-658d-79f3-bff1-2e7fd0670b76,a,D,QB13,7,0,standard_pi_2,10,0.07,-4500000.0,-4.5,564,1024,0.55078125
01a072a6-658d-79f3-bff1-2e7fd0670b76,a,D,QB13,7,0,standard_pi_2,11,0.07,-4050000.0,-4.05,554,1024,0.541015625
01a072a6-658d-79f3-bff1-2e7fd0670b76,a,D,QB13,7,0,standard_pi_2,12,0.07,-3600000.0,-3.6,567,1024,0.5537109375
01a072a6-658d-79f3-bff1-2e7fd0670b76,a,D,QB13,7,0,standard_pi_2,13,0.07,-3150000.0,-3.15,581,1024,0.5673828125
01a072a6-658d-79f3-bff1-2e7fd0670b76,a,D,QB13,7,0,standard_pi_2,14,0.07,-2700000.0,-2.7,570,1024,0.556640625
01a072a6-658d-79f3-bff1-2e7fd0670b76,a,D,QB13,7,0,standard_pi_2,15,0.07,-2250000.0,-2.25,572,1024,0.55859375
01a072a6-658d-79f3-bff1-2e7fd0670b76,a,D,QB13,7,0,standard_pi_2,16,0.07,-1800000.0,-1.8,574,1024,0.560546875
01a072a6-658d-79f3-bff1-2e7fd0670b76,a,D,QB13,7,0,standard_pi_2,17,0.07,-1350000.0,-1.35,557,1024,0.5439453125
01a072a6-658d-79f3-bff1-2e7fd0670b76,a,D,QB13,7,0,standard_pi_2,18,0.07,-900000.0,-0.9,582,1024,0.568359375
01a072a6-658d-79f3-bff1-2e7fd0670b76,a,D,QB13,7,0,standard_pi_2,19,0.07,-450000.0,-0.45,580,1024,0.56640625
01a072a6-658d-79f3-bff1-2e7fd0670b76,a,D,QB13,7,0,standard_pi_2,20,0.07,0.0,0.0,542,1024,0.529296875
01a072a6-658d-79f3-bff1-2e7fd0670b76,a,D,QB13,7,0,standard_pi_2,21,0.07,450000.0,0.45,564,1024,0.55078125
01a072a6-658d-79f3-bff1-2e7fd0670b76,a,D,QB13,7,0,standard_pi_2,22,0.07,900000.0,0.9,564,1024,0.55078125
01a072a6-658d-79f3-bff1-2e7fd0670b76,a,D,QB13,7,0,standard_pi_2,23,0.07,1350000.0,1.35,550,1024,0.537109375
01a072a6-658d-79f3-bff1-2e7fd0670b76,a,D,QB13,7,0,standard_pi_2,24,0.07,1800000.0,1.8,558,1024,0.544921875
01a072a6-658d-79f3-bff1-2e7fd0670b76,a,D,QB13,7,0,standard_pi_2,25,0.07,2250000.0,2.25,542,1024,0.529296875
01a072a6-658d-79f3-bff1-2e7fd0670b76,a,D,QB13,7,0,standard_pi_2,26,0.07,2700000.0,2.7,526,1024,0.513671875
01a072a6-658d-79f3-bff1-2e7fd0670b76,a,D,QB13,7,0,standard_pi_2,27,0.07,3150000.0,3.15,520,1024,0.5078125
01a072a6-658d-79f3-bff1-2e7fd0670b76,a,D,QB13,7,0,standard_pi_2,28,0.07,3600000.0,3.6,530,1024,0.517578125
01a072a6-658d-79f3-bff1-2e7fd0670b76,a,D,QB13,7,0,standard_pi_2,29,0.07,4050000.0,4.05,520,1024,0.5078125
01a072a6-658d-79f3-bff1-2e7fd0670b76,a,D,QB13,7,0,standard_pi_2,30,0.07,4500000.0,4.5,519,1024,0.5068359375
01a072a6-658d-79f3-bff1-2e7fd0670b76,a,D,QB13,7,0,standard_pi_2,31,0.07,4950000.0,4.95,514,1024,0.501953125
01a072a6-658d-79f3-bff1-2e7fd0670b76,a,D,QB13,7,0,standard_pi_2,32,0.07,5400000.0,5.4,510,1024,0.498046875
01a072a6-658d-79f3-bff1-2e7fd0670b76,a,D,QB13,7,0,standard_pi_2,33,0.07,5850000.0,5.85,532,1024,0.51953125
01a072a6-658d-79f3-bff1-2e7fd0670b76,a,D,QB13,7,0,standard_pi_2,34,0.07,6300000.0,6.3,500,1024,0.48828125
01a072a6-658d-79f3-bff1-2e7fd0670b76,a,D,QB13,7,0,standard_pi_2,35,0.07,6750000.0,6.75,486,1024,0.474609375
01a072a6-658d-79f3-bff1-2e7fd0670b76,a,D,QB13,7,0,standard_pi_2,36,0.07,7200000.0,7.2,512,1024,0.5
01a072a6-658d-79f3-bff1-2e7fd0670b76,a,D,QB13,7,0,standard_pi_2,37,0.07,7650000.0,7.65,492,1024,0.48046875
01a072a6-658d-79f3-bff1-2e7fd0670b76,a,D,QB13,7,0,standard_pi_2,38,0.07,8100000.0,8.1,502,1024,0.490234375
01a072a6-658d-79f3-bff1-2e7fd0670b76,a,D,QB13,7,0,standard_pi_2,39,0.07,8550000.0,8.55,493,1024,0.4814453125
01a072a6-658d-79f3-bff1-2e7fd0670b76,a,D,QB13,7,0,standard_pi_2,40,0.07,9000000.0,9.0,473,1024,0.4619140625
01a072a6-658d-79f3-bff1-2e7fd0670b76,a,D,QB13,7,1,UVH4a,0,0.07,-9000000.0,-9.0,523,1024,0.5107421875
01a072a6-658d-79f3-bff1-2e7fd0670b76,a,D,QB13,7,1,UVH4a,1,0.07,-8550000.0,-8.55,504,1024,0.4921875
01a072a6-658d-79f3-bff1-2e7fd0670b76,a,D,QB13,7,1,UVH4a,2,0.07,-8100000.0,-8.1,515,1024,0.5029296875
01a072a6-658d-79f3-bff1-2e7fd0670b76,a,D,QB13,7,1,UVH4a,3,0.07,-7650000.0,-7.65,472,1024,0.4609375
01a072a6-658d-79f3-bff1-2e7fd0670b76,a,D,QB13,7,1,UVH4a,4,0.07,-7200000.0,-7.2,478,1024,0.466796875
01a072a6-658d-79f3-bff1-2e7fd0670b76,a,D,QB13,7,1,UVH4a,5,0.07,-6750000.0,-6.75,483,1024,0.4716796875
01a072a6-658d-79f3-bff1-2e7fd0670b76,a,D,QB13,7,1,UVH4a,6,0.07,-6300000.0,-6.3,477,1024,0.4658203125
01a072a6-658d-79f3-bff1-2e7fd0670b76,a,D,QB13,7,1,UVH4a,7,0.07,-5850000.0,-5.85,471,1024,0.4599609375
01a072a6-658d-79f3-bff1-2e7fd0670b76,a,D,QB13,7,1,UVH4a,8,0.07,-5400000.0,-5.4,464,1024,0.453125
01a072a6-658d-79f3-bff1-2e7fd0670b76,a,D,QB13,7,1,UVH4a,9,0.07,-4950000.0,-4.95,495,1024,0.4833984375
01a072a6-658d-79f3-bff1-2e7fd0670b76,a,D,QB13,7,1,UVH4a,10,0.07,-4500000.0,-4.5,470,1024,0.458984375
01a072a6-658d-79f3-bff1-2e7fd0670b76,a,D,QB13,7,1,UVH4a,11,0.07,-4050000.0,-4.05,464,1024,0.453125
01a072a6-658d-79f3-bff1-2e7fd0670b76,a,D,QB13,7,1,UVH4a,12,0.07,-3600000.0,-3.6,436,1024,0.42578125
01a072a6-658d-79f3-bff1-2e7fd0670b76,a,D,QB13,7,1,UVH4a,13,0.07,-3150000.0,-3.15,468,1024,0.45703125
01a072a6-658d-79f3-bff1-2e7fd0670b76,a,D,QB13,7,1,UVH4a,14,0.07,-2700000.0,-2.7,463,1024,0.4521484375
01a072a6-658d-79f3-bff1-2e7fd0670b76,a,D,QB13,7,1,UVH4a,15,0.07,-2250000.0,-2.25,489,1024,0.4775390625
01a072a6-658d-79f3-bff1-2e7fd0670b76,a,D,QB13,7,1,UVH4a,16,0.07,-1800000.0,-1.8,492,1024,0.48046875
01a072a6-658d-79f3-bff1-2e7fd0670b76,a,D,QB13,7,1,UVH4a,17,0.07,-1350000.0,-1.35,462,1024,0.451171875
01a072a6-658d-79f3-bff1-2e7fd0670b76,a,D,QB13,7,1,UVH4a,18,0.07,-900000.0,-0.9,492,1024,0.48046875
01a072a6-658d-79f3-bff1-2e7fd0670b76,a,D,QB13,7,1,UVH4a,19,0.07,-450000.0,-0.45,484,1024,0.47265625
01a072a6-658d-79f3-bff1-2e7fd0670b76,a,D,QB13,7,1,UVH4a,20,0.07,0.0,0.0,468,1024,0.45703125
01a072a6-658d-79f3-bff1-2e7fd0670b76,a,D,QB13,7,1,UVH4a,21,0.07,450000.0,0.45,468,1024,0.45703125
01a072a6-658d-79f3-bff1-2e7fd0670b76,a,D,QB13,7,1,UVH4a,22,0.07,900000.0,0.9,464,1024,0.453125
01a072a6-658d-79f3-bff1-2e7fd0670b76,a,D,QB13,7,1,UVH4a,23,0.07,1350000.0,1.35,487,1024,0.4755859375
01a072a6-658d-79f3-bff1-2e7fd0670b76,a,D,QB13,7,1,UVH4a,24,0.07,1800000.0,1.8,480,1024,0.46875
01a072a6-658d-79f3-bff1-2e7fd0670b76,a,D,QB13,7,1,UVH4a,25,0.07,2250000.0,2.25,505,1024,0.4931640625
01a072a6-658d-79f3-bff1-2e7fd0670b76,a,D,QB13,7,1,UVH4a,26,0.07,2700000.0,2.7,463,1024,0.4521484375
01a072a6-658d-79f3-bff1-2e7fd0670b76,a,D,QB13,7,1,UVH4a,27,0.07,3150000.0,3.15,469,1024,0.4580078125
01a072a6-658d-79f3-bff1-2e7fd0670b76,a,D,QB13,7,1,UVH4a,28,0.07,3600000.0,3.6,466,1024,0.455078125
01a072a6-658d-79f3-bff1-2e7fd0670b76,a,D,QB13,7,1,UVH4a,29,0.07,4050000.0,4.05,463,1024,0.4521484375
01a072a6-658d-79f3-bff1-2e7fd0670b76,a,D,QB13,7,1,UVH4a,30,0.07,4500000.0,4.5,470,1024,0.458984375
01a072a6-658d-79f3-bff1-2e7fd0670b76,a,D,QB13,7,1,UVH4a,31,0.07,4950000.0,4.95,471,1024,0.4599609375
01a072a6-658d-79f3-bff1-2e7fd0670b76,a,D,QB13,7,1,UVH4a,32,0.07,5400000.0,5.4,467,1024,0.4560546875
01a072a6-658d-79f3-bff1-2e7fd0670b76,a,D,QB13,7,1,UVH4a,33,0.07,5850000.0,5.85,484,1024,0.47265625
01a072a6-658d-79f3-bff1-2e7fd0670b76,a,D,QB13,7,1,UVH4a,34,0.07,6300000.0,6.3,477,1024,0.4658203125
01a072a6-658d-79f3-bff1-2e7fd0670b76,a,D,QB13,7,1,UVH4a,35,0.07,6750000.0,6.75,481,1024,0.4697265625
01a072a6-658d-79f3-bff1-2e7fd0670b76,a,D,QB13,7,1,UVH4a,36,0.07,7200000.0,7.2,542,1024,0.529296875
01a072a6-658d-79f3-bff1-2e7fd0670b76,a,D,QB13,7,1,UVH4a,37,0.07,7650000.0,7.65,532,1024,0.51953125
01a072a6-658d-79f3-bff1-2e7fd0670b76,a,D,QB13,7,1,UVH4a,38,0.07,8100000.0,8.1,548,1024,0.53515625
01a072a6-658d-79f3-bff1-2e7fd0670b76,a,D,QB13,7,1,UVH4a,39,0.07,8550000.0,8.55,551,1024,0.5380859375
01a072a6-658d-79f3-bff1-2e7fd0670b76,a,D,QB13,7,1,UVH4a,40,0.07,9000000.0,9.0,561,1024,0.5478515625
01a072a6-658d-79f3-bff1-2e7fd0670b76,a,D,QB13,7,2,UVH5a,0,0.07,-9000000.0,-9.0,436,1024,0.42578125
01a072a6-658d-79f3-bff1-2e7fd0670b76,a,D,QB13,7,2,UVH5a,1,0.07,-8550000.0,-8.55,453,1024,0.4423828125
01a072a6-658d-79f3-bff1-2e7fd0670b76,a,D,QB13,7,2,UVH5a,2,0.07,-8100000.0,-8.1,461,1024,0.4501953125
01a072a6-658d-79f3-bff1-2e7fd0670b76,a,D,QB13,7,2,UVH5a,3,0.07,-7650000.0,-7.65,410,1024,0.400390625
01a072a6-658d-79f3-bff1-2e7fd0670b76,a,D,QB13,7,2,UVH5a,4,0.07,-7200000.0,-7.2,430,1024,0.419921875
01a072a6-658d-79f3-bff1-2e7fd0670b76,a,D,QB13,7,2,UVH5a,5,0.07,-6750000.0,-6.75,423,1024,0.4130859375
01a072a6-658d-79f3-bff1-2e7fd0670b76,a,D,QB13,7,2,UVH5a,6,0.07,-6300000.0,-6.3,440,1024,0.4296875
01a072a6-658d-79f3-bff1-2e7fd0670b76,a,D,QB13,7,2,UVH5a,7,0.07,-5850000.0,-5.85,449,1024,0.4384765625
01a072a6-658d-79f3-bff1-2e7fd0670b76,a,D,QB13,7,2,UVH5a,8,0.07,-5400000.0,-5.4,445,1024,0.4345703125
01a072a6-658d-79f3-bff1-2e7fd0670b76,a,D,QB13,7,2,UVH5a,9,0.07,-4950000.0,-4.95,488,1024,0.4765625
01a072a6-658d-79f3-bff1-2e7fd0670b76,a,D,QB13,7,2,UVH5a,10,0.07,-4500000.0,-4.5,473,1024,0.4619140625
01a072a6-658d-79f3-bff1-2e7fd0670b76,a,D,QB13,7,2,UVH5a,11,0.07,-4050000.0,-4.05,470,1024,0.458984375
01a072a6-658d-79f3-bff1-2e7fd0670b76,a,D,QB13,7,2,UVH5a,12,0.07,-3600000.0,-3.6,485,1024,0.4736328125
01a072a6-658d-79f3-bff1-2e7fd0670b76,a,D,QB13,7,2,UVH5a,13,0.07,-3150000.0,-3.15,480,1024,0.46875
01a072a6-658d-79f3-bff1-2e7fd0670b76,a,D,QB13,7,2,UVH5a,14,0.07,-2700000.0,-2.7,474,1024,0.462890625
01a072a6-658d-79f3-bff1-2e7fd0670b76,a,D,QB13,7,2,UVH5a,15,0.07,-2250000.0,-2.25,488,1024,0.4765625
01a072a6-658d-79f3-bff1-2e7fd0670b76,a,D,QB13,7,2,UVH5a,16,0.07,-1800000.0,-1.8,473,1024,0.4619140625
01a072a6-658d-79f3-bff1-2e7fd0670b76,a,D,QB13,7,2,UVH5a,17,0.07,-1350000.0,-1.35,525,1024,0.5126953125
01a072a6-658d-79f3-bff1-2e7fd0670b76,a,D,QB13,7,2,UVH5a,18,0.07,-900000.0,-0.9,455,1024,0.4443359375
01a072a6-658d-79f3-bff1-2e7fd0670b76,a,D,QB13,7,2,UVH5a,19,0.07,-450000.0,-0.45,479,1024,0.4677734375
01a072a6-658d-79f3-bff1-2e7fd0670b76,a,D,QB13,7,2,UVH5a,20,0.07,0.0,0.0,481,1024,0.4697265625
01a072a6-658d-79f3-bff1-2e7fd0670b76,a,D,QB13,7,2,UVH5a,21,0.07,450000.0,0.45,491,1024,0.4794921875
01a072a6-658d-79f3-bff1-2e7fd0670b76,a,D,QB13,7,2,UVH5a,22,0.07,900000.0,0.9,497,1024,0.4853515625
01a072a6-658d-79f3-bff1-2e7fd0670b76,a,D,QB13,7,2,UVH5a,23,0.07,1350000.0,1.35,485,1024,0.4736328125
01a072a6-658d-79f3-bff1-2e7fd0670b76,a,D,QB13,7,2,UVH5a,24,0.07,1800000.0,1.8,469,1024,0.4580078125
01a072a6-658d-79f3-bff1-2e7fd0670b76,a,D,QB13,7,2,UVH5a,25,0.07,2250000.0,2.25,464,1024,0.453125
01a072a6-658d-79f3-bff1-2e7fd0670b76,a,D,QB13,7,2,UVH5a,26,0.07,2700000.0,2.7,467,1024,0.4560546875
01a072a6-658d-79f3-bff1-2e7fd0670b76,a,D,QB13,7,2,UVH5a,27,0.07,3150000.0,3.15,493,1024,0.4814453125
01a072a6-658d-79f3-bff1-2e7fd0670b76,a,D,QB13,7,2,UVH5a,28,0.07,3600000.0,3.6,470,1024,0.458984375
01a072a6-658d-79f3-bff1-2e7fd0670b76,a,D,QB13,7,2,UVH5a,29,0.07,4050000.0,4.05,436,1024,0.42578125
01a072a6-658d-79f3-bff1-2e7fd0670b76,a,D,QB13,7,2,UVH5a,30,0.07,4500000.0,4.5,449,1024,0.4384765625
01a072a6-658d-79f3-bff1-2e7fd0670b76,a,D,QB13,7,2,UVH5a,31,0.07,4950000.0,4.95,416,1024,0.40625
01a072a6-658d-79f3-bff1-2e7fd0670b76,a,D,QB13,7,2,UVH5a,32,0.07,5400000.0,5.4,412,1024,0.40234375
01a072a6-658d-79f3-bff1-2e7fd0670b76,a,D,QB13,7,2,UVH5a,33,0.07,5850000.0,5.85,398,1024,0.388671875
01a072a6-658d-79f3-bff1-2e7fd0670b76,a,D,QB13,7,2,UVH5a,34,0.07,6300000.0,6.3,406,1024,0.396484375
01a072a6-658d-79f3-bff1-2e7fd0670b76,a,D,QB13,7,2,UVH5a,35,0.07,6750000.0,6.75,382,1024,0.373046875
01a072a6-658d-79f3-bff1-2e7fd0670b76,a,D,QB13,7,2,UVH5a,36,0.07,7200000.0,7.2,378,1024,0.369140625
01a072a6-658d-79f3-bff1-2e7fd0670b76,a,D,QB13,7,2,UVH5a,37,0.07,7650000.0,7.65,359,1024,0.3505859375
01a072a6-658d-79f3-bff1-2e7fd0670b76,a,D,QB13,7,2,UVH5a,38,0.07,8100000.0,8.1,375,1024,0.3662109375
01a072a6-658d-79f3-bff1-2e7fd0670b76,a,D,QB13,7,2,UVH5a,39,0.07,8550000.0,8.55,371,1024,0.3623046875
01a072a6-658d-79f3-bff1-2e7fd0670b76,a,D,QB13,7,2,UVH5a,40,0.07,9000000.0,9.0,376,1024,0.3671875
01a072a6-658d-79f3-bff1-2e7fd0670b76,a,D,QB13,7,3,UVH6a,0,0.07,-9000000.0,-9.0,578,1024,0.564453125
01a072a6-658d-79f3-bff1-2e7fd0670b76,a,D,QB13,7,3,UVH6a,1,0.07,-8550000.0,-8.55,594,1024,0.580078125
01a072a6-658d-79f3-bff1-2e7fd0670b76,a,D,QB13,7,3,UVH6a,2,0.07,-8100000.0,-8.1,568,1024,0.5546875
01a072a6-658d-79f3-bff1-2e7fd0670b76,a,D,QB13,7,3,UVH6a,3,0.07,-7650000.0,-7.65,566,1024,0.552734375
01a072a6-658d-79f3-bff1-2e7fd0670b76,a,D,QB13,7,3,UVH6a,4,0.07,-7200000.0,-7.2,596,1024,0.58203125
01a072a6-658d-79f3-bff1-2e7fd0670b76,a,D,QB13,7,3,UVH6a,5,0.07,-6750000.0,-6.75,560,1024,0.546875
01a072a6-658d-79f3-bff1-2e7fd0670b76,a,D,QB13,7,3,UVH6a,6,0.07,-6300000.0,-6.3,558,1024,0.544921875
01a072a6-658d-79f3-bff1-2e7fd0670b76,a,D,QB13,7,3,UVH6a,7,0.07,-5850000.0,-5.85,534,1024,0.521484375
01a072a6-658d-79f3-bff1-2e7fd0670b76,a,D,QB13,7,3,UVH6a,8,0.07,-5400000.0,-5.4,582,1024,0.568359375
01a072a6-658d-79f3-bff1-2e7fd0670b76,a,D,QB13,7,3,UVH6a,9,0.07,-4950000.0,-4.95,534,1024,0.521484375
01a072a6-658d-79f3-bff1-2e7fd0670b76,a,D,QB13,7,3,UVH6a,10,0.07,-4500000.0,-4.5,532,1024,0.51953125
01a072a6-658d-79f3-bff1-2e7fd0670b76,a,D,QB13,7,3,UVH6a,11,0.07,-4050000.0,-4.05,560,1024,0.546875
01a072a6-658d-79f3-bff1-2e7fd0670b76,a,D,QB13,7,3,UVH6a,12,0.07,-3600000.0,-3.6,543,1024,0.5302734375
01a072a6-658d-79f3-bff1-2e7fd0670b76,a,D,QB13,7,3,UVH6a,13,0.07,-3150000.0,-3.15,544,1024,0.53125
01a072a6-658d-79f3-bff1-2e7fd0670b76,a,D,QB13,7,3,UVH6a,14,0.07,-2700000.0,-2.7,557,1024,0.5439453125
01a072a6-658d-79f3-bff1-2e7fd0670b76,a,D,QB13,7,3,UVH6a,15,0.07,-2250000.0,-2.25,536,1024,0.5234375
01a072a6-658d-79f3-bff1-2e7fd0670b76,a,D,QB13,7,3,UVH6a,16,0.07,-1800000.0,-1.8,522,1024,0.509765625
01a072a6-658d-79f3-bff1-2e7fd0670b76,a,D,QB13,7,3,UVH6a,17,0.07,-1350000.0,-1.35,510,1024,0.498046875
01a072a6-658d-79f3-bff1-2e7fd0670b76,a,D,QB13,7,3,UVH6a,18,0.07,-900000.0,-0.9,528,1024,0.515625
01a072a6-658d-79f3-bff1-2e7fd0670b76,a,D,QB13,7,3,UVH6a,19,0.07,-450000.0,-0.45,539,1024,0.5263671875
01a072a6-658d-79f3-bff1-2e7fd0670b76,a,D,QB13,7,3,UVH6a,20,0.07,0.0,0.0,529,1024,0.5166015625
01a072a6-658d-79f3-bff1-2e7fd0670b76,a,D,QB13,7,3,UVH6a,21,0.07,450000.0,0.45,554,1024,0.541015625
01a072a6-658d-79f3-bff1-2e7fd0670b76,a,D,QB13,7,3,UVH6a,22,0.07,900000.0,0.9,517,1024,0.5048828125
01a072a6-658d-79f3-bff1-2e7fd0670b76,a,D,QB13,7,3,UVH6a,23,0.07,1350000.0,1.35,543,1024,0.5302734375
01a072a6-658d-79f3-bff1-2e7fd0670b76,a,D,QB13,7,3,UVH6a,24,0.07,1800000.0,1.8,533,1024,0.5205078125
01a072a6-658d-79f3-bff1-2e7fd0670b76,a,D,QB13,7,3,UVH6a,25,0.07,2250000.0,2.25,505,1024,0.4931640625
01a072a6-658d-79f3-bff1-2e7fd0670b76,a,D,QB13,7,3,UVH6a,26,0.07,2700000.0,2.7,535,1024,0.5224609375
01a072a6-658d-79f3-bff1-2e7fd0670b76,a,D,QB13,7,3,UVH6a,27,0.07,3150000.0,3.15,486,1024,0.474609375
01a072a6-658d-79f3-bff1-2e7fd0670b76,a,D,QB13,7,3,UVH6a,28,0.07,3600000.0,3.6,485,1024,0.4736328125
01a072a6-658d-79f3-bff1-2e7fd0670b76,a,D,QB13,7,3,UVH6a,29,0.07,4050000.0,4.05,513,1024,0.5009765625
01a072a6-658d-79f3-bff1-2e7fd0670b76,a,D,QB13,7,3,UVH6a,30,0.07,4500000.0,4.5,533,1024,0.5205078125
01a072a6-658d-79f3-bff1-2e7fd0670b76,a,D,QB13,7,3,UVH6a,31,0.07,4950000.0,4.95,500,1024,0.48828125
01a072a6-658d-79f3-bff1-2e7fd0670b76,a,D,QB13,7,3,UVH6a,32,0.07,5400000.0,5.4,468,1024,0.45703125
01a072a6-658d-79f3-bff1-2e7fd0670b76,a,D,QB13,7,3,UVH6a,33,0.07,5850000.0,5.85,533,1024,0.5205078125
01a072a6-658d-79f3-bff1-2e7fd0670b76,a,D,QB13,7,3,UVH6a,34,0.07,6300000.0,6.3,533,1024,0.5205078125
01a072a6-658d-79f3-bff1-2e7fd0670b76,a,D,QB13,7,3,UVH6a,35,0.07,6750000.0,6.75,519,1024,0.5068359375
01a072a6-658d-79f3-bff1-2e7fd0670b76,a,D,QB13,7,3,UVH6a,36,0.07,7200000.0,7.2,540,1024,0.52734375
01a072a6-658d-79f3-bff1-2e7fd0670b76,a,D,QB13,7,3,UVH6a,37,0.07,7650000.0,7.65,538,1024,0.525390625
01a072a6-658d-79f3-bff1-2e7fd0670b76,a,D,QB13,7,3,UVH6a,38,0.07,8100000.0,8.1,558,1024,0.544921875
01a072a6-658d-79f3-bff1-2e7fd0670b76,a,D,QB13,7,3,UVH6a,39,0.07,8550000.0,8.55,596,1024,0.58203125
01a072a6-658d-79f3-bff1-2e7fd0670b76,a,D,QB13,7,3,UVH6a,40,0.07,9000000.0,9.0,588,1024,0.57421875
01a072a6-658d-79f3-bff1-2e7fd0670b76,a,D,QB13,7,4,UVH7a,0,0.07,-9000000.0,-9.0,548,1024,0.53515625
01a072a6-658d-79f3-bff1-2e7fd0670b76,a,D,QB13,7,4,UVH7a,1,0.07,-8550000.0,-8.55,535,1024,0.5224609375
01a072a6-658d-79f3-bff1-2e7fd0670b76,a,D,QB13,7,4,UVH7a,2,0.07,-8100000.0,-8.1,506,1024,0.494140625
01a072a6-658d-79f3-bff1-2e7fd0670b76,a,D,QB13,7,4,UVH7a,3,0.07,-7650000.0,-7.65,500,1024,0.48828125
01a072a6-658d-79f3-bff1-2e7fd0670b76,a,D,QB13,7,4,UVH7a,4,0.07,-7200000.0,-7.2,493,1024,0.4814453125
01a072a6-658d-79f3-bff1-2e7fd0670b76,a,D,QB13,7,4,UVH7a,5,0.07,-6750000.0,-6.75,497,1024,0.4853515625
01a072a6-658d-79f3-bff1-2e7fd0670b76,a,D,QB13,7,4,UVH7a,6,0.07,-6300000.0,-6.3,464,1024,0.453125
01a072a6-658d-79f3-bff1-2e7fd0670b76,a,D,QB13,7,4,UVH7a,7,0.07,-5850000.0,-5.85,462,1024,0.451171875
01a072a6-658d-79f3-bff1-2e7fd0670b76,a,D,QB13,7,4,UVH7a,8,0.07,-5400000.0,-5.4,480,1024,0.46875
01a072a6-658d-79f3-bff1-2e7fd0670b76,a,D,QB13,7,4,UVH7a,9,0.07,-4950000.0,-4.95,436,1024,0.42578125
01a072a6-658d-79f3-bff1-2e7fd0670b76,a,D,QB13,7,4,UVH7a,10,0.07,-4500000.0,-4.5,454,1024,0.443359375
01a072a6-658d-79f3-bff1-2e7fd0670b76,a,D,QB13,7,4,UVH7a,11,0.07,-4050000.0,-4.05,452,1024,0.44140625
01a072a6-658d-79f3-bff1-2e7fd0670b76,a,D,QB13,7,4,UVH7a,12,0.07,-3600000.0,-3.6,476,1024,0.46484375
01a072a6-658d-79f3-bff1-2e7fd0670b76,a,D,QB13,7,4,UVH7a,13,0.07,-3150000.0,-3.15,459,1024,0.4482421875
01a072a6-658d-79f3-bff1-2e7fd0670b76,a,D,QB13,7,4,UVH7a,14,0.07,-2700000.0,-2.7,461,1024,0.4501953125
01a072a6-658d-79f3-bff1-2e7fd0670b76,a,D,QB13,7,4,UVH7a,15,0.07,-2250000.0,-2.25,431,1024,0.4208984375
01a072a6-658d-79f3-bff1-2e7fd0670b76,a,D,QB13,7,4,UVH7a,16,0.07,-1800000.0,-1.8,473,1024,0.4619140625
01a072a6-658d-79f3-bff1-2e7fd0670b76,a,D,QB13,7,4,UVH7a,17,0.07,-1350000.0,-1.35,461,1024,0.4501953125
01a072a6-658d-79f3-bff1-2e7fd0670b76,a,D,QB13,7,4,UVH7a,18,0.07,-900000.0,-0.9,471,1024,0.4599609375
01a072a6-658d-79f3-bff1-2e7fd0670b76,a,D,QB13,7,4,UVH7a,19,0.07,-450000.0,-0.45,458,1024,0.447265625
01a072a6-658d-79f3-bff1-2e7fd0670b76,a,D,QB13,7,4,UVH7a,20,0.07,0.0,0.0,439,1024,0.4287109375
01a072a6-658d-79f3-bff1-2e7fd0670b76,a,D,QB13,7,4,UVH7a,21,0.07,450000.0,0.45,447,1024,0.4365234375
01a072a6-658d-79f3-bff1-2e7fd0670b76,a,D,QB13,7,4,UVH7a,22,0.07,900000.0,0.9,452,1024,0.44140625
01a072a6-658d-79f3-bff1-2e7fd0670b76,a,D,QB13,7,4,UVH7a,23,0.07,1350000.0,1.35,442,1024,0.431640625
01a072a6-658d-79f3-bff1-2e7fd0670b76,a,D,QB13,7,4,UVH7a,24,0.07,1800000.0,1.8,437,1024,0.4267578125
01a072a6-658d-79f3-bff1-2e7fd0670b76,a,D,QB13,7,4,UVH7a,25,0.07,2250000.0,2.25,465,1024,0.4541015625
01a072a6-658d-79f3-bff1-2e7fd0670b76,a,D,QB13,7,4,UVH7a,26,0.07,2700000.0,2.7,451,1024,0.4404296875
01a072a6-658d-79f3-bff1-2e7fd0670b76,a,D,QB13,7,4,UVH7a,27,0.07,3150000.0,3.15,429,1024,0.4189453125
01a072a6-658d-79f3-bff1-2e7fd0670b76,a,D,QB13,7,4,UVH7a,28,0.07,3600000.0,3.6,441,1024,0.4306640625
01a072a6-658d-79f3-bff1-2e7fd0670b76,a,D,QB13,7,4,UVH7a,29,0.07,4050000.0,4.05,422,1024,0.412109375
01a072a6-658d-79f3-bff1-2e7fd0670b76,a,D,QB13,7,4,UVH7a,30,0.07,4500000.0,4.5,416,1024,0.40625
01a072a6-658d-79f3-bff1-2e7fd0670b76,a,D,QB13,7,4,UVH7a,31,0.07,4950000.0,4.95,408,1024,0.3984375
01a072a6-658d-79f3-bff1-2e7fd0670b76,a,D,QB13,7,4,UVH7a,32,0.07,5400000.0,5.4,369,1024,0.3603515625
01a072a6-658d-79f3-bff1-2e7fd0670b76,a,D,QB13,7,4,UVH7a,33,0.07,5850000.0,5.85,376,1024,0.3671875
01a072a6-658d-79f3-bff1-2e7fd0670b76,a,D,QB13,7,4,UVH7a,34,0.07,6300000.0,6.3,358,1024,0.349609375
01a072a6-658d-79f3-bff1-2e7fd0670b76,a,D,QB13,7,4,UVH7a,35,0.07,6750000.0,6.75,356,1024,0.34765625
01a072a6-658d-79f3-bff1-2e7fd0670b76,a,D,QB13,7,4,UVH7a,36,0.07,7200000.0,7.2,359,1024,0.3505859375
01a072a6-658d-79f3-bff1-2e7fd0670b76,a,D,QB13,7,4,UVH7a,37,0.07,7650000.0,7.65,327,1024,0.3193359375
01a072a6-658d-79f3-bff1-2e7fd0670b76,a,D,QB13,7,4,UVH7a,38,0.07,8100000.0,8.1,341,1024,0.3330078125
01a072a6-658d-79f3-bff1-2e7fd0670b76,a,D,QB13,7,4,UVH7a,39,0.07,8550000.0,8.55,311,1024,0.3037109375
01a072a6-658d-79f3-bff1-2e7fd0670b76,a,D,QB13,7,4,UVH7a,40,0.07,9000000.0,9.0,308,1024,0.30078125
01a072a6-658d-79f3-bff1-2e7fd0670b76,a,D,QB13,7,5,UVH8a,0,0.07,-9000000.0,-9.0,512,1024,0.5
01a072a6-658d-79f3-bff1-2e7fd0670b76,a,D,QB13,7,5,UVH8a,1,0.07,-8550000.0,-8.55,561,1024,0.5478515625
01a072a6-658d-79f3-bff1-2e7fd0670b76,a,D,QB13,7,5,UVH8a,2,0.07,-8100000.0,-8.1,520,1024,0.5078125
01a072a6-658d-79f3-bff1-2e7fd0670b76,a,D,QB13,7,5,UVH8a,3,0.07,-7650000.0,-7.65,536,1024,0.5234375
01a072a6-658d-79f3-bff1-2e7fd0670b76,a,D,QB13,7,5,UVH8a,4,0.07,-7200000.0,-7.2,520,1024,0.5078125
01a072a6-658d-79f3-bff1-2e7fd0670b76,a,D,QB13,7,5,UVH8a,5,0.07,-6750000.0,-6.75,552,1024,0.5390625
01a072a6-658d-79f3-bff1-2e7fd0670b76,a,D,QB13,7,5,UVH8a,6,0.07,-6300000.0,-6.3,566,1024,0.552734375
01a072a6-658d-79f3-bff1-2e7fd0670b76,a,D,QB13,7,5,UVH8a,7,0.07,-5850000.0,-5.85,547,1024,0.5341796875
01a072a6-658d-79f3-bff1-2e7fd0670b76,a,D,QB13,7,5,UVH8a,8,0.07,-5400000.0,-5.4,532,1024,0.51953125
01a072a6-658d-79f3-bff1-2e7fd0670b76,a,D,QB13,7,5,UVH8a,9,0.07,-4950000.0,-4.95,526,1024,0.513671875
01a072a6-658d-79f3-bff1-2e7fd0670b76,a,D,QB13,7,5,UVH8a,10,0.07,-4500000.0,-4.5,555,1024,0.5419921875
01a072a6-658d-79f3-bff1-2e7fd0670b76,a,D,QB13,7,5,UVH8a,11,0.07,-4050000.0,-4.05,513,1024,0.5009765625
01a072a6-658d-79f3-bff1-2e7fd0670b76,a,D,QB13,7,5,UVH8a,12,0.07,-3600000.0,-3.6,559,1024,0.5458984375
01a072a6-658d-79f3-bff1-2e7fd0670b76,a,D,QB13,7,5,UVH8a,13,0.07,-3150000.0,-3.15,550,1024,0.537109375
01a072a6-658d-79f3-bff1-2e7fd0670b76,a,D,QB13,7,5,UVH8a,14,0.07,-2700000.0,-2.7,554,1024,0.541015625
01a072a6-658d-79f3-bff1-2e7fd0670b76,a,D,QB13,7,5,UVH8a,15,0.07,-2250000.0,-2.25,559,1024,0.5458984375
01a072a6-658d-79f3-bff1-2e7fd0670b76,a,D,QB13,7,5,UVH8a,16,0.07,-1800000.0,-1.8,561,1024,0.5478515625
01a072a6-658d-79f3-bff1-2e7fd0670b76,a,D,QB13,7,5,UVH8a,17,0.07,-1350000.0,-1.35,534,1024,0.521484375
01a072a6-658d-79f3-bff1-2e7fd0670b76,a,D,QB13,7,5,UVH8a,18,0.07,-900000.0,-0.9,562,1024,0.548828125
01a072a6-658d-79f3-bff1-2e7fd0670b76,a,D,QB13,7,5,UVH8a,19,0.07,-450000.0,-0.45,565,1024,0.5517578125
01a072a6-658d-79f3-bff1-2e7fd0670b76,a,D,QB13,7,5,UVH8a,20,0.07,0.0,0.0,580,1024,0.56640625
01a072a6-658d-79f3-bff1-2e7fd0670b76,a,D,QB13,7,5,UVH8a,21,0.07,450000.0,0.45,588,1024,0.57421875
01a072a6-658d-79f3-bff1-2e7fd0670b76,a,D,QB13,7,5,UVH8a,22,0.07,900000.0,0.9,540,1024,0.52734375
01a072a6-658d-79f3-bff1-2e7fd0670b76,a,D,QB13,7,5,UVH8a,23,0.07,1350000.0,1.35,586,1024,0.572265625
01a072a6-658d-79f3-bff1-2e7fd0670b76,a,D,QB13,7,5,UVH8a,24,0.07,1800000.0,1.8,558,1024,0.544921875
01a072a6-658d-79f3-bff1-2e7fd0670b76,a,D,QB13,7,5,UVH8a,25,0.07,2250000.0,2.25,558,1024,0.544921875
01a072a6-658d-79f3-bff1-2e7fd0670b76,a,D,QB13,7,5,UVH8a,26,0.07,2700000.0,2.7,553,1024,0.5400390625
01a072a6-658d-79f3-bff1-2e7fd0670b76,a,D,QB13,7,5,UVH8a,27,0.07,3150000.0,3.15,560,1024,0.546875
01a072a6-658d-79f3-bff1-2e7fd0670b76,a,D,QB13,7,5,UVH8a,28,0.07,3600000.0,3.6,553,1024,0.5400390625
01a072a6-658d-79f3-bff1-2e7fd0670b76,a,D,QB13,7,5,UVH8a,29,0.07,4050000.0,4.05,562,1024,0.548828125
01a072a6-658d-79f3-bff1-2e7fd0670b76,a,D,QB13,7,5,UVH8a,30,0.07,4500000.0,4.5,555,1024,0.5419921875
01a072a6-658d-79f3-bff1-2e7fd0670b76,a,D,QB13,7,5,UVH8a,31,0.07,4950000.0,4.95,542,1024,0.529296875
01a072a6-658d-79f3-bff1-2e7fd0670b76,a,D,QB13,7,5,UVH8a,32,0.07,5400000.0,5.4,507,1024,0.4951171875
01a072a6-658d-79f3-bff1-2e7fd0670b76,a,D,QB13,7,5,UVH8a,33,0.07,5850000.0,5.85,526,1024,0.513671875
01a072a6-658d-79f3-bff1-2e7fd0670b76,a,D,QB13,7,5,UVH8a,34,0.07,6300000.0,6.3,537,1024,0.5244140625
01a072a6-658d-79f3-bff1-2e7fd0670b76,a,D,QB13,7,5,UVH8a,35,0.07,6750000.0,6.75,518,1024,0.505859375
01a072a6-658d-79f3-bff1-2e7fd0670b76,a,D,QB13,7,5,UVH8a,36,0.07,7200000.0,7.2,519,1024,0.5068359375
01a072a6-658d-79f3-bff1-2e7fd0670b76,a,D,QB13,7,5,UVH8a,37,0.07,7650000.0,7.65,543,1024,0.5302734375
01a072a6-658d-79f3-bff1-2e7fd0670b76,a,D,QB13,7,5,UVH8a,38,0.07,8100000.0,8.1,500,1024,0.48828125
01a072a6-658d-79f3-bff1-2e7fd0670b76,a,D,QB13,7,5,UVH8a,39,0.07,8550000.0,8.55,480,1024,0.46875
01a072a6-658d-79f3-bff1-2e7fd0670b76,a,D,QB13,7,5,UVH8a,40,0.07,9000000.0,9.0,456,1024,0.4453125
01a072a6-658d-79f3-bff1-2e7fd0670b76,a,D,QB16,8,0,standard_pi_2,0,0.07,-9000000.0,-9.0,587,1024,0.5732421875
01a072a6-658d-79f3-bff1-2e7fd0670b76,a,D,QB16,8,0,standard_pi_2,1,0.07,-8550000.0,-8.55,602,1024,0.587890625
01a072a6-658d-79f3-bff1-2e7fd0670b76,a,D,QB16,8,0,standard_pi_2,2,0.07,-8100000.0,-8.1,592,1024,0.578125
01a072a6-658d-79f3-bff1-2e7fd0670b76,a,D,QB16,8,0,standard_pi_2,3,0.07,-7650000.0,-7.65,608,1024,0.59375
01a072a6-658d-79f3-bff1-2e7fd0670b76,a,D,QB16,8,0,standard_pi_2,4,0.07,-7200000.0,-7.2,593,1024,0.5791015625
01a072a6-658d-79f3-bff1-2e7fd0670b76,a,D,QB16,8,0,standard_pi_2,5,0.07,-6750000.0,-6.75,560,1024,0.546875
01a072a6-658d-79f3-bff1-2e7fd0670b76,a,D,QB16,8,0,standard_pi_2,6,0.07,-6300000.0,-6.3,581,1024,0.5673828125
01a072a6-658d-79f3-bff1-2e7fd0670b76,a,D,QB16,8,0,standard_pi_2,7,0.07,-5850000.0,-5.85,582,1024,0.568359375
01a072a6-658d-79f3-bff1-2e7fd0670b76,a,D,QB16,8,0,standard_pi_2,8,0.07,-5400000.0,-5.4,567,1024,0.5537109375
01a072a6-658d-79f3-bff1-2e7fd0670b76,a,D,QB16,8,0,standard_pi_2,9,0.07,-4950000.0,-4.95,592,1024,0.578125
01a072a6-658d-79f3-bff1-2e7fd0670b76,a,D,QB16,8,0,standard_pi_2,10,0.07,-4500000.0,-4.5,614,1024,0.599609375
01a072a6-658d-79f3-bff1-2e7fd0670b76,a,D,QB16,8,0,standard_pi_2,11,0.07,-4050000.0,-4.05,582,1024,0.568359375
01a072a6-658d-79f3-bff1-2e7fd0670b76,a,D,QB16,8,0,standard_pi_2,12,0.07,-3600000.0,-3.6,556,1024,0.54296875
01a072a6-658d-79f3-bff1-2e7fd0670b76,a,D,QB16,8,0,standard_pi_2,13,0.07,-3150000.0,-3.15,548,1024,0.53515625
01a072a6-658d-79f3-bff1-2e7fd0670b76,a,D,QB16,8,0,standard_pi_2,14,0.07,-2700000.0,-2.7,595,1024,0.5810546875
01a072a6-658d-79f3-bff1-2e7fd0670b76,a,D,QB16,8,0,standard_pi_2,15,0.07,-2250000.0,-2.25,567,1024,0.5537109375
01a072a6-658d-79f3-bff1-2e7fd0670b76,a,D,QB16,8,0,standard_pi_2,16,0.07,-1800000.0,-1.8,583,1024,0.5693359375
01a072a6-658d-79f3-bff1-2e7fd0670b76,a,D,QB16,8,0,standard_pi_2,17,0.07,-1350000.0,-1.35,590,1024,0.576171875
01a072a6-658d-79f3-bff1-2e7fd0670b76,a,D,QB16,8,0,standard_pi_2,18,0.07,-900000.0,-0.9,568,1024,0.5546875
01a072a6-658d-79f3-bff1-2e7fd0670b76,a,D,QB16,8,0,standard_pi_2,19,0.07,-450000.0,-0.45,580,1024,0.56640625
01a072a6-658d-79f3-bff1-2e7fd0670b76,a,D,QB16,8,0,standard_pi_2,20,0.07,0.0,0.0,566,1024,0.552734375
01a072a6-658d-79f3-bff1-2e7fd0670b76,a,D,QB16,8,0,standard_pi_2,21,0.07,450000.0,0.45,567,1024,0.5537109375
01a072a6-658d-79f3-bff1-2e7fd0670b76,a,D,QB16,8,0,standard_pi_2,22,0.07,900000.0,0.9,533,1024,0.5205078125
01a072a6-658d-79f3-bff1-2e7fd0670b76,a,D,QB16,8,0,standard_pi_2,23,0.07,1350000.0,1.35,558,1024,0.544921875
01a072a6-658d-79f3-bff1-2e7fd0670b76,a,D,QB16,8,0,standard_pi_2,24,0.07,1800000.0,1.8,548,1024,0.53515625
01a072a6-658d-79f3-bff1-2e7fd0670b76,a,D,QB16,8,0,standard_pi_2,25,0.07,2250000.0,2.25,568,1024,0.5546875
01a072a6-658d-79f3-bff1-2e7fd0670b76,a,D,QB16,8,0,standard_pi_2,26,0.07,2700000.0,2.7,589,1024,0.5751953125
01a072a6-658d-79f3-bff1-2e7fd0670b76,a,D,QB16,8,0,standard_pi_2,27,0.07,3150000.0,3.15,546,1024,0.533203125
01a072a6-658d-79f3-bff1-2e7fd0670b76,a,D,QB16,8,0,standard_pi_2,28,0.07,3600000.0,3.6,521,1024,0.5087890625
01a072a6-658d-79f3-bff1-2e7fd0670b76,a,D,QB16,8,0,standard_pi_2,29,0.07,4050000.0,4.05,529,1024,0.5166015625
01a072a6-658d-79f3-bff1-2e7fd0670b76,a,D,QB16,8,0,standard_pi_2,30,0.07,4500000.0,4.5,571,1024,0.5576171875
01a072a6-658d-79f3-bff1-2e7fd0670b76,a,D,QB16,8,0,standard_pi_2,31,0.07,4950000.0,4.95,558,1024,0.544921875
01a072a6-658d-79f3-bff1-2e7fd0670b76,a,D,QB16,8,0,standard_pi_2,32,0.07,5400000.0,5.4,511,1024,0.4990234375
01a072a6-658d-79f3-bff1-2e7fd0670b76,a,D,QB16,8,0,standard_pi_2,33,0.07,5850000.0,5.85,506,1024,0.494140625
01a072a6-658d-79f3-bff1-2e7fd0670b76,a,D,QB16,8,0,standard_pi_2,34,0.07,6300000.0,6.3,539,1024,0.5263671875
01a072a6-658d-79f3-bff1-2e7fd0670b76,a,D,QB16,8,0,standard_pi_2,35,0.07,6750000.0,6.75,544,1024,0.53125
01a072a6-658d-79f3-bff1-2e7fd0670b76,a,D,QB16,8,0,standard_pi_2,36,0.07,7200000.0,7.2,539,1024,0.5263671875
01a072a6-658d-79f3-bff1-2e7fd0670b76,a,D,QB16,8,0,standard_pi_2,37,0.07,7650000.0,7.65,525,1024,0.5126953125
01a072a6-658d-79f3-bff1-2e7fd0670b76,a,D,QB16,8,0,standard_pi_2,38,0.07,8100000.0,8.1,520,1024,0.5078125
01a072a6-658d-79f3-bff1-2e7fd0670b76,a,D,QB16,8,0,standard_pi_2,39,0.07,8550000.0,8.55,501,1024,0.4892578125
01a072a6-658d-79f3-bff1-2e7fd0670b76,a,D,QB16,8,0,standard_pi_2,40,0.07,9000000.0,9.0,516,1024,0.50390625
01a072a6-658d-79f3-bff1-2e7fd0670b76,a,D,QB16,8,1,UVH4a,0,0.07,-9000000.0,-9.0,543,1024,0.5302734375
01a072a6-658d-79f3-bff1-2e7fd0670b76,a,D,QB16,8,1,UVH4a,1,0.07,-8550000.0,-8.55,539,1024,0.5263671875
01a072a6-658d-79f3-bff1-2e7fd0670b76,a,D,QB16,8,1,UVH4a,2,0.07,-8100000.0,-8.1,543,1024,0.5302734375
01a072a6-658d-79f3-bff1-2e7fd0670b76,a,D,QB16,8,1,UVH4a,3,0.07,-7650000.0,-7.65,539,1024,0.5263671875
01a072a6-658d-79f3-bff1-2e7fd0670b76,a,D,QB16,8,1,UVH4a,4,0.07,-7200000.0,-7.2,505,1024,0.4931640625
01a072a6-658d-79f3-bff1-2e7fd0670b76,a,D,QB16,8,1,UVH4a,5,0.07,-6750000.0,-6.75,530,1024,0.517578125
01a072a6-658d-79f3-bff1-2e7fd0670b76,a,D,QB16,8,1,UVH4a,6,0.07,-6300000.0,-6.3,499,1024,0.4873046875
01a072a6-658d-79f3-bff1-2e7fd0670b76,a,D,QB16,8,1,UVH4a,7,0.07,-5850000.0,-5.85,511,1024,0.4990234375
01a072a6-658d-79f3-bff1-2e7fd0670b76,a,D,QB16,8,1,UVH4a,8,0.07,-5400000.0,-5.4,474,1024,0.462890625
01a072a6-658d-79f3-bff1-2e7fd0670b76,a,D,QB16,8,1,UVH4a,9,0.07,-4950000.0,-4.95,510,1024,0.498046875
01a072a6-658d-79f3-bff1-2e7fd0670b76,a,D,QB16,8,1,UVH4a,10,0.07,-4500000.0,-4.5,476,1024,0.46484375
01a072a6-658d-79f3-bff1-2e7fd0670b76,a,D,QB16,8,1,UVH4a,11,0.07,-4050000.0,-4.05,489,1024,0.4775390625
01a072a6-658d-79f3-bff1-2e7fd0670b76,a,D,QB16,8,1,UVH4a,12,0.07,-3600000.0,-3.6,517,1024,0.5048828125
01a072a6-658d-79f3-bff1-2e7fd0670b76,a,D,QB16,8,1,UVH4a,13,0.07,-3150000.0,-3.15,491,1024,0.4794921875
01a072a6-658d-79f3-bff1-2e7fd0670b76,a,D,QB16,8,1,UVH4a,14,0.07,-2700000.0,-2.7,510,1024,0.498046875
01a072a6-658d-79f3-bff1-2e7fd0670b76,a,D,QB16,8,1,UVH4a,15,0.07,-2250000.0,-2.25,511,1024,0.4990234375
01a072a6-658d-79f3-bff1-2e7fd0670b76,a,D,QB16,8,1,UVH4a,16,0.07,-1800000.0,-1.8,510,1024,0.498046875
01a072a6-658d-79f3-bff1-2e7fd0670b76,a,D,QB16,8,1,UVH4a,17,0.07,-1350000.0,-1.35,531,1024,0.5185546875
01a072a6-658d-79f3-bff1-2e7fd0670b76,a,D,QB16,8,1,UVH4a,18,0.07,-900000.0,-0.9,498,1024,0.486328125
01a072a6-658d-79f3-bff1-2e7fd0670b76,a,D,QB16,8,1,UVH4a,19,0.07,-450000.0,-0.45,521,1024,0.5087890625
01a072a6-658d-79f3-bff1-2e7fd0670b76,a,D,QB16,8,1,UVH4a,20,0.07,0.0,0.0,520,1024,0.5078125
01a072a6-658d-79f3-bff1-2e7fd0670b76,a,D,QB16,8,1,UVH4a,21,0.07,450000.0,0.45,498,1024,0.486328125
01a072a6-658d-79f3-bff1-2e7fd0670b76,a,D,QB16,8,1,UVH4a,22,0.07,900000.0,0.9,552,1024,0.5390625
01a072a6-658d-79f3-bff1-2e7fd0670b76,a,D,QB16,8,1,UVH4a,23,0.07,1350000.0,1.35,508,1024,0.49609375
01a072a6-658d-79f3-bff1-2e7fd0670b76,a,D,QB16,8,1,UVH4a,24,0.07,1800000.0,1.8,517,1024,0.5048828125
01a072a6-658d-79f3-bff1-2e7fd0670b76,a,D,QB16,8,1,UVH4a,25,0.07,2250000.0,2.25,498,1024,0.486328125
01a072a6-658d-79f3-bff1-2e7fd0670b76,a,D,QB16,8,1,UVH4a,26,0.07,2700000.0,2.7,523,1024,0.5107421875
01a072a6-658d-79f3-bff1-2e7fd0670b76,a,D,QB16,8,1,UVH4a,27,0.07,3150000.0,3.15,516,1024,0.50390625
01a072a6-658d-79f3-bff1-2e7fd0670b76,a,D,QB16,8,1,UVH4a,28,0.07,3600000.0,3.6,525,1024,0.5126953125
01a072a6-658d-79f3-bff1-2e7fd0670b76,a,D,QB16,8,1,UVH4a,29,0.07,4050000.0,4.05,513,1024,0.5009765625
01a072a6-658d-79f3-bff1-2e7fd0670b76,a,D,QB16,8,1,UVH4a,30,0.07,4500000.0,4.5,546,1024,0.533203125
01a072a6-658d-79f3-bff1-2e7fd0670b76,a,D,QB16,8,1,UVH4a,31,0.07,4950000.0,4.95,505,1024,0.4931640625
01a072a6-658d-79f3-bff1-2e7fd0670b76,a,D,QB16,8,1,UVH4a,32,0.07,5400000.0,5.4,519,1024,0.5068359375
01a072a6-658d-79f3-bff1-2e7fd0670b76,a,D,QB16,8,1,UVH4a,33,0.07,5850000.0,5.85,509,1024,0.4970703125
01a072a6-658d-79f3-bff1-2e7fd0670b76,a,D,QB16,8,1,UVH4a,34,0.07,6300000.0,6.3,496,1024,0.484375
01a072a6-658d-79f3-bff1-2e7fd0670b76,a,D,QB16,8,1,UVH4a,35,0.07,6750000.0,6.75,529,1024,0.5166015625
01a072a6-658d-79f3-bff1-2e7fd0670b76,a,D,QB16,8,1,UVH4a,36,0.07,7200000.0,7.2,543,1024,0.5302734375
01a072a6-658d-79f3-bff1-2e7fd0670b76,a,D,QB16,8,1,UVH4a,37,0.07,7650000.0,7.65,554,1024,0.541015625
01a072a6-658d-79f3-bff1-2e7fd0670b76,a,D,QB16,8,1,UVH4a,38,0.07,8100000.0,8.1,561,1024,0.5478515625
01a072a6-658d-79f3-bff1-2e7fd0670b76,a,D,QB16,8,1,UVH4a,39,0.07,8550000.0,8.55,566,1024,0.552734375
01a072a6-658d-79f3-bff1-2e7fd0670b76,a,D,QB16,8,1,UVH4a,40,0.07,9000000.0,9.0,613,1024,0.5986328125
01a072a6-658d-79f3-bff1-2e7fd0670b76,a,D,QB16,8,2,UVH5a,0,0.07,-9000000.0,-9.0,424,1024,0.4140625
01a072a6-658d-79f3-bff1-2e7fd0670b76,a,D,QB16,8,2,UVH5a,1,0.07,-8550000.0,-8.55,377,1024,0.3681640625
01a072a6-658d-79f3-bff1-2e7fd0670b76,a,D,QB16,8,2,UVH5a,2,0.07,-8100000.0,-8.1,430,1024,0.419921875
01a072a6-658d-79f3-bff1-2e7fd0670b76,a,D,QB16,8,2,UVH5a,3,0.07,-7650000.0,-7.65,406,1024,0.396484375
01a072a6-658d-79f3-bff1-2e7fd0670b76,a,D,QB16,8,2,UVH5a,4,0.07,-7200000.0,-7.2,424,1024,0.4140625
01a072a6-658d-79f3-bff1-2e7fd0670b76,a,D,QB16,8,2,UVH5a,5,0.07,-6750000.0,-6.75,444,1024,0.43359375
01a072a6-658d-79f3-bff1-2e7fd0670b76,a,D,QB16,8,2,UVH5a,6,0.07,-6300000.0,-6.3,419,1024,0.4091796875
01a072a6-658d-79f3-bff1-2e7fd0670b76,a,D,QB16,8,2,UVH5a,7,0.07,-5850000.0,-5.85,446,1024,0.435546875
01a072a6-658d-79f3-bff1-2e7fd0670b76,a,D,QB16,8,2,UVH5a,8,0.07,-5400000.0,-5.4,470,1024,0.458984375
01a072a6-658d-79f3-bff1-2e7fd0670b76,a,D,QB16,8,2,UVH5a,9,0.07,-4950000.0,-4.95,518,1024,0.505859375
01a072a6-658d-79f3-bff1-2e7fd0670b76,a,D,QB16,8,2,UVH5a,10,0.07,-4500000.0,-4.5,442,1024,0.431640625
01a072a6-658d-79f3-bff1-2e7fd0670b76,a,D,QB16,8,2,UVH5a,11,0.07,-4050000.0,-4.05,501,1024,0.4892578125
01a072a6-658d-79f3-bff1-2e7fd0670b76,a,D,QB16,8,2,UVH5a,12,0.07,-3600000.0,-3.6,449,1024,0.4384765625
01a072a6-658d-79f3-bff1-2e7fd0670b76,a,D,QB16,8,2,UVH5a,13,0.07,-3150000.0,-3.15,473,1024,0.4619140625
01a072a6-658d-79f3-bff1-2e7fd0670b76,a,D,QB16,8,2,UVH5a,14,0.07,-2700000.0,-2.7,493,1024,0.4814453125
01a072a6-658d-79f3-bff1-2e7fd0670b76,a,D,QB16,8,2,UVH5a,15,0.07,-2250000.0,-2.25,477,1024,0.4658203125
01a072a6-658d-79f3-bff1-2e7fd0670b76,a,D,QB16,8,2,UVH5a,16,0.07,-1800000.0,-1.8,492,1024,0.48046875
01a072a6-658d-79f3-bff1-2e7fd0670b76,a,D,QB16,8,2,UVH5a,17,0.07,-1350000.0,-1.35,506,1024,0.494140625
01a072a6-658d-79f3-bff1-2e7fd0670b76,a,D,QB16,8,2,UVH5a,18,0.07,-900000.0,-0.9,477,1024,0.4658203125
01a072a6-658d-79f3-bff1-2e7fd0670b76,a,D,QB16,8,2,UVH5a,19,0.07,-450000.0,-0.45,527,1024,0.5146484375
01a072a6-658d-79f3-bff1-2e7fd0670b76,a,D,QB16,8,2,UVH5a,20,0.07,0.0,0.0,506,1024,0.494140625
01a072a6-658d-79f3-bff1-2e7fd0670b76,a,D,QB16,8,2,UVH5a,21,0.07,450000.0,0.45,543,1024,0.5302734375
01a072a6-658d-79f3-bff1-2e7fd0670b76,a,D,QB16,8,2,UVH5a,22,0.07,900000.0,0.9,514,1024,0.501953125
01a072a6-658d-79f3-bff1-2e7fd0670b76,a,D,QB16,8,2,UVH5a,23,0.07,1350000.0,1.35,517,1024,0.5048828125
01a072a6-658d-79f3-bff1-2e7fd0670b76,a,D,QB16,8,2,UVH5a,24,0.07,1800000.0,1.8,507,1024,0.4951171875
01a072a6-658d-79f3-bff1-2e7fd0670b76,a,D,QB16,8,2,UVH5a,25,0.07,2250000.0,2.25,510,1024,0.498046875
01a072a6-658d-79f3-bff1-2e7fd0670b76,a,D,QB16,8,2,UVH5a,26,0.07,2700000.0,2.7,485,1024,0.4736328125
01a072a6-658d-79f3-bff1-2e7fd0670b76,a,D,QB16,8,2,UVH5a,27,0.07,3150000.0,3.15,504,1024,0.4921875
01a072a6-658d-79f3-bff1-2e7fd0670b76,a,D,QB16,8,2,UVH5a,28,0.07,3600000.0,3.6,490,1024,0.478515625
01a072a6-658d-79f3-bff1-2e7fd0670b76,a,D,QB16,8,2,UVH5a,29,0.07,4050000.0,4.05,488,1024,0.4765625
01a072a6-658d-79f3-bff1-2e7fd0670b76,a,D,QB16,8,2,UVH5a,30,0.07,4500000.0,4.5,467,1024,0.4560546875
01a072a6-658d-79f3-bff1-2e7fd0670b76,a,D,QB16,8,2,UVH5a,31,0.07,4950000.0,4.95,469,1024,0.4580078125
01a072a6-658d-79f3-bff1-2e7fd0670b76,a,D,QB16,8,2,UVH5a,32,0.07,5400000.0,5.4,454,1024,0.443359375
01a072a6-658d-79f3-bff1-2e7fd0670b76,a,D,QB16,8,2,UVH5a,33,0.07,5850000.0,5.85,463,1024,0.4521484375
01a072a6-658d-79f3-bff1-2e7fd0670b76,a,D,QB16,8,2,UVH5a,34,0.07,6300000.0,6.3,428,1024,0.41796875
01a072a6-658d-79f3-bff1-2e7fd0670b76,a,D,QB16,8,2,UVH5a,35,0.07,6750000.0,6.75,418,1024,0.408203125
01a072a6-658d-79f3-bff1-2e7fd0670b76,a,D,QB16,8,2,UVH5a,36,0.07,7200000.0,7.2,418,1024,0.408203125
01a072a6-658d-79f3-bff1-2e7fd0670b76,a,D,QB16,8,2,UVH5a,37,0.07,7650000.0,7.65,382,1024,0.373046875
01a072a6-658d-79f3-bff1-2e7fd0670b76,a,D,QB16,8,2,UVH5a,38,0.07,8100000.0,8.1,366,1024,0.357421875
01a072a6-658d-79f3-bff1-2e7fd0670b76,a,D,QB16,8,2,UVH5a,39,0.07,8550000.0,8.55,384,1024,0.375
01a072a6-658d-79f3-bff1-2e7fd0670b76,a,D,QB16,8,2,UVH5a,40,0.07,9000000.0,9.0,374,1024,0.365234375
01a072a6-658d-79f3-bff1-2e7fd0670b76,a,D,QB16,8,3,UVH6a,0,0.07,-9000000.0,-9.0,570,1024,0.556640625
01a072a6-658d-79f3-bff1-2e7fd0670b76,a,D,QB16,8,3,UVH6a,1,0.07,-8550000.0,-8.55,522,1024,0.509765625
01a072a6-658d-79f3-bff1-2e7fd0670b76,a,D,QB16,8,3,UVH6a,2,0.07,-8100000.0,-8.1,542,1024,0.529296875
01a072a6-658d-79f3-bff1-2e7fd0670b76,a,D,QB16,8,3,UVH6a,3,0.07,-7650000.0,-7.65,563,1024,0.5498046875
01a072a6-658d-79f3-bff1-2e7fd0670b76,a,D,QB16,8,3,UVH6a,4,0.07,-7200000.0,-7.2,533,1024,0.5205078125
01a072a6-658d-79f3-bff1-2e7fd0670b76,a,D,QB16,8,3,UVH6a,5,0.07,-6750000.0,-6.75,506,1024,0.494140625
01a072a6-658d-79f3-bff1-2e7fd0670b76,a,D,QB16,8,3,UVH6a,6,0.07,-6300000.0,-6.3,490,1024,0.478515625
01a072a6-658d-79f3-bff1-2e7fd0670b76,a,D,QB16,8,3,UVH6a,7,0.07,-5850000.0,-5.85,520,1024,0.5078125
01a072a6-658d-79f3-bff1-2e7fd0670b76,a,D,QB16,8,3,UVH6a,8,0.07,-5400000.0,-5.4,466,1024,0.455078125
01a072a6-658d-79f3-bff1-2e7fd0670b76,a,D,QB16,8,3,UVH6a,9,0.07,-4950000.0,-4.95,517,1024,0.5048828125
01a072a6-658d-79f3-bff1-2e7fd0670b76,a,D,QB16,8,3,UVH6a,10,0.07,-4500000.0,-4.5,483,1024,0.4716796875
01a072a6-658d-79f3-bff1-2e7fd0670b76,a,D,QB16,8,3,UVH6a,11,0.07,-4050000.0,-4.05,494,1024,0.482421875
01a072a6-658d-79f3-bff1-2e7fd0670b76,a,D,QB16,8,3,UVH6a,12,0.07,-3600000.0,-3.6,486,1024,0.474609375
01a072a6-658d-79f3-bff1-2e7fd0670b76,a,D,QB16,8,3,UVH6a,13,0.07,-3150000.0,-3.15,512,1024,0.5
01a072a6-658d-79f3-bff1-2e7fd0670b76,a,D,QB16,8,3,UVH6a,14,0.07,-2700000.0,-2.7,489,1024,0.4775390625
01a072a6-658d-79f3-bff1-2e7fd0670b76,a,D,QB16,8,3,UVH6a,15,0.07,-2250000.0,-2.25,500,1024,0.48828125
01a072a6-658d-79f3-bff1-2e7fd0670b76,a,D,QB16,8,3,UVH6a,16,0.07,-1800000.0,-1.8,510,1024,0.498046875
01a072a6-658d-79f3-bff1-2e7fd0670b76,a,D,QB16,8,3,UVH6a,17,0.07,-1350000.0,-1.35,476,1024,0.46484375
01a072a6-658d-79f3-bff1-2e7fd0670b76,a,D,QB16,8,3,UVH6a,18,0.07,-900000.0,-0.9,489,1024,0.4775390625
01a072a6-658d-79f3-bff1-2e7fd0670b76,a,D,QB16,8,3,UVH6a,19,0.07,-450000.0,-0.45,468,1024,0.45703125
01a072a6-658d-79f3-bff1-2e7fd0670b76,a,D,QB16,8,3,UVH6a,20,0.07,0.0,0.0,520,1024,0.5078125
01a072a6-658d-79f3-bff1-2e7fd0670b76,a,D,QB16,8,3,UVH6a,21,0.07,450000.0,0.45,509,1024,0.4970703125
01a072a6-658d-79f3-bff1-2e7fd0670b76,a,D,QB16,8,3,UVH6a,22,0.07,900000.0,0.9,475,1024,0.4638671875
01a072a6-658d-79f3-bff1-2e7fd0670b76,a,D,QB16,8,3,UVH6a,23,0.07,1350000.0,1.35,498,1024,0.486328125
01a072a6-658d-79f3-bff1-2e7fd0670b76,a,D,QB16,8,3,UVH6a,24,0.07,1800000.0,1.8,507,1024,0.4951171875
01a072a6-658d-79f3-bff1-2e7fd0670b76,a,D,QB16,8,3,UVH6a,25,0.07,2250000.0,2.25,503,1024,0.4912109375
01a072a6-658d-79f3-bff1-2e7fd0670b76,a,D,QB16,8,3,UVH6a,26,0.07,2700000.0,2.7,531,1024,0.5185546875
01a072a6-658d-79f3-bff1-2e7fd0670b76,a,D,QB16,8,3,UVH6a,27,0.07,3150000.0,3.15,519,1024,0.5068359375
01a072a6-658d-79f3-bff1-2e7fd0670b76,a,D,QB16,8,3,UVH6a,28,0.07,3600000.0,3.6,544,1024,0.53125
01a072a6-658d-79f3-bff1-2e7fd0670b76,a,D,QB16,8,3,UVH6a,29,0.07,4050000.0,4.05,500,1024,0.48828125
01a072a6-658d-79f3-bff1-2e7fd0670b76,a,D,QB16,8,3,UVH6a,30,0.07,4500000.0,4.5,521,1024,0.5087890625
01a072a6-658d-79f3-bff1-2e7fd0670b76,a,D,QB16,8,3,UVH6a,31,0.07,4950000.0,4.95,513,1024,0.5009765625
01a072a6-658d-79f3-bff1-2e7fd0670b76,a,D,QB16,8,3,UVH6a,32,0.07,5400000.0,5.4,541,1024,0.5283203125
01a072a6-658d-79f3-bff1-2e7fd0670b76,a,D,QB16,8,3,UVH6a,33,0.07,5850000.0,5.85,539,1024,0.5263671875
01a072a6-658d-79f3-bff1-2e7fd0670b76,a,D,QB16,8,3,UVH6a,34,0.07,6300000.0,6.3,545,1024,0.5322265625
01a072a6-658d-79f3-bff1-2e7fd0670b76,a,D,QB16,8,3,UVH6a,35,0.07,6750000.0,6.75,578,1024,0.564453125
01a072a6-658d-79f3-bff1-2e7fd0670b76,a,D,QB16,8,3,UVH6a,36,0.07,7200000.0,7.2,594,1024,0.580078125
01a072a6-658d-79f3-bff1-2e7fd0670b76,a,D,QB16,8,3,UVH6a,37,0.07,7650000.0,7.65,608,1024,0.59375
01a072a6-658d-79f3-bff1-2e7fd0670b76,a,D,QB16,8,3,UVH6a,38,0.07,8100000.0,8.1,602,1024,0.587890625
01a072a6-658d-79f3-bff1-2e7fd0670b76,a,D,QB16,8,3,UVH6a,39,0.07,8550000.0,8.55,651,1024,0.6357421875
01a072a6-658d-79f3-bff1-2e7fd0670b76,a,D,QB16,8,3,UVH6a,40,0.07,9000000.0,9.0,663,1024,0.6474609375
01a072a6-658d-79f3-bff1-2e7fd0670b76,a,D,QB16,8,4,UVH7a,0,0.07,-9000000.0,-9.0,586,1024,0.572265625
01a072a6-658d-79f3-bff1-2e7fd0670b76,a,D,QB16,8,4,UVH7a,1,0.07,-8550000.0,-8.55,610,1024,0.595703125
01a072a6-658d-79f3-bff1-2e7fd0670b76,a,D,QB16,8,4,UVH7a,2,0.07,-8100000.0,-8.1,531,1024,0.5185546875
01a072a6-658d-79f3-bff1-2e7fd0670b76,a,D,QB16,8,4,UVH7a,3,0.07,-7650000.0,-7.65,533,1024,0.5205078125
01a072a6-658d-79f3-bff1-2e7fd0670b76,a,D,QB16,8,4,UVH7a,4,0.07,-7200000.0,-7.2,495,1024,0.4833984375
01a072a6-658d-79f3-bff1-2e7fd0670b76,a,D,QB16,8,4,UVH7a,5,0.07,-6750000.0,-6.75,554,1024,0.541015625
01a072a6-658d-79f3-bff1-2e7fd0670b76,a,D,QB16,8,4,UVH7a,6,0.07,-6300000.0,-6.3,529,1024,0.5166015625
01a072a6-658d-79f3-bff1-2e7fd0670b76,a,D,QB16,8,4,UVH7a,7,0.07,-5850000.0,-5.85,522,1024,0.509765625
01a072a6-658d-79f3-bff1-2e7fd0670b76,a,D,QB16,8,4,UVH7a,8,0.07,-5400000.0,-5.4,502,1024,0.490234375
01a072a6-658d-79f3-bff1-2e7fd0670b76,a,D,QB16,8,4,UVH7a,9,0.07,-4950000.0,-4.95,534,1024,0.521484375
01a072a6-658d-79f3-bff1-2e7fd0670b76,a,D,QB16,8,4,UVH7a,10,0.07,-4500000.0,-4.5,485,1024,0.4736328125
01a072a6-658d-79f3-bff1-2e7fd0670b76,a,D,QB16,8,4,UVH7a,11,0.07,-4050000.0,-4.05,522,1024,0.509765625
01a072a6-658d-79f3-bff1-2e7fd0670b76,a,D,QB16,8,4,UVH7a,12,0.07,-3600000.0,-3.6,490,1024,0.478515625
01a072a6-658d-79f3-bff1-2e7fd0670b76,a,D,QB16,8,4,UVH7a,13,0.07,-3150000.0,-3.15,497,1024,0.4853515625
01a072a6-658d-79f3-bff1-2e7fd0670b76,a,D,QB16,8,4,UVH7a,14,0.07,-2700000.0,-2.7,494,1024,0.482421875
01a072a6-658d-79f3-bff1-2e7fd0670b76,a,D,QB16,8,4,UVH7a,15,0.07,-2250000.0,-2.25,469,1024,0.4580078125
01a072a6-658d-79f3-bff1-2e7fd0670b76,a,D,QB16,8,4,UVH7a,16,0.07,-1800000.0,-1.8,510,1024,0.498046875
01a072a6-658d-79f3-bff1-2e7fd0670b76,a,D,QB16,8,4,UVH7a,17,0.07,-1350000.0,-1.35,480,1024,0.46875
01a072a6-658d-79f3-bff1-2e7fd0670b76,a,D,QB16,8,4,UVH7a,18,0.07,-900000.0,-0.9,520,1024,0.5078125
01a072a6-658d-79f3-bff1-2e7fd0670b76,a,D,QB16,8,4,UVH7a,19,0.07,-450000.0,-0.45,536,1024,0.5234375
01a072a6-658d-79f3-bff1-2e7fd0670b76,a,D,QB16,8,4,UVH7a,20,0.07,0.0,0.0,499,1024,0.4873046875
01a072a6-658d-79f3-bff1-2e7fd0670b76,a,D,QB16,8,4,UVH7a,21,0.07,450000.0,0.45,509,1024,0.4970703125
01a072a6-658d-79f3-bff1-2e7fd0670b76,a,D,QB16,8,4,UVH7a,22,0.07,900000.0,0.9,509,1024,0.4970703125
01a072a6-658d-79f3-bff1-2e7fd0670b76,a,D,QB16,8,4,UVH7a,23,0.07,1350000.0,1.35,531,1024,0.5185546875
01a072a6-658d-79f3-bff1-2e7fd0670b76,a,D,QB16,8,4,UVH7a,24,0.07,1800000.0,1.8,518,1024,0.505859375
01a072a6-658d-79f3-bff1-2e7fd0670b76,a,D,QB16,8,4,UVH7a,25,0.07,2250000.0,2.25,523,1024,0.5107421875
01a072a6-658d-79f3-bff1-2e7fd0670b76,a,D,QB16,8,4,UVH7a,26,0.07,2700000.0,2.7,516,1024,0.50390625
01a072a6-658d-79f3-bff1-2e7fd0670b76,a,D,QB16,8,4,UVH7a,27,0.07,3150000.0,3.15,496,1024,0.484375
01a072a6-658d-79f3-bff1-2e7fd0670b76,a,D,QB16,8,4,UVH7a,28,0.07,3600000.0,3.6,493,1024,0.4814453125
01a072a6-658d-79f3-bff1-2e7fd0670b76,a,D,QB16,8,4,UVH7a,29,0.07,4050000.0,4.05,498,1024,0.486328125
01a072a6-658d-79f3-bff1-2e7fd0670b76,a,D,QB16,8,4,UVH7a,30,0.07,4500000.0,4.5,487,1024,0.4755859375
01a072a6-658d-79f3-bff1-2e7fd0670b76,a,D,QB16,8,4,UVH7a,31,0.07,4950000.0,4.95,483,1024,0.4716796875
01a072a6-658d-79f3-bff1-2e7fd0670b76,a,D,QB16,8,4,UVH7a,32,0.07,5400000.0,5.4,469,1024,0.4580078125
01a072a6-658d-79f3-bff1-2e7fd0670b76,a,D,QB16,8,4,UVH7a,33,0.07,5850000.0,5.85,421,1024,0.4111328125
01a072a6-658d-79f3-bff1-2e7fd0670b76,a,D,QB16,8,4,UVH7a,34,0.07,6300000.0,6.3,447,1024,0.4365234375
01a072a6-658d-79f3-bff1-2e7fd0670b76,a,D,QB16,8,4,UVH7a,35,0.07,6750000.0,6.75,437,1024,0.4267578125
01a072a6-658d-79f3-bff1-2e7fd0670b76,a,D,QB16,8,4,UVH7a,36,0.07,7200000.0,7.2,395,1024,0.3857421875
01a072a6-658d-79f3-bff1-2e7fd0670b76,a,D,QB16,8,4,UVH7a,37,0.07,7650000.0,7.65,400,1024,0.390625
01a072a6-658d-79f3-bff1-2e7fd0670b76,a,D,QB16,8,4,UVH7a,38,0.07,8100000.0,8.1,403,1024,0.3935546875
01a072a6-658d-79f3-bff1-2e7fd0670b76,a,D,QB16,8,4,UVH7a,39,0.07,8550000.0,8.55,386,1024,0.376953125
01a072a6-658d-79f3-bff1-2e7fd0670b76,a,D,QB16,8,4,UVH7a,40,0.07,9000000.0,9.0,380,1024,0.37109375
01a072a6-658d-79f3-bff1-2e7fd0670b76,a,D,QB16,8,5,UVH8a,0,0.07,-9000000.0,-9.0,522,1024,0.509765625
01a072a6-658d-79f3-bff1-2e7fd0670b76,a,D,QB16,8,5,UVH8a,1,0.07,-8550000.0,-8.55,519,1024,0.5068359375
01a072a6-658d-79f3-bff1-2e7fd0670b76,a,D,QB16,8,5,UVH8a,2,0.07,-8100000.0,-8.1,498,1024,0.486328125
01a072a6-658d-79f3-bff1-2e7fd0670b76,a,D,QB16,8,5,UVH8a,3,0.07,-7650000.0,-7.65,528,1024,0.515625
01a072a6-658d-79f3-bff1-2e7fd0670b76,a,D,QB16,8,5,UVH8a,4,0.07,-7200000.0,-7.2,517,1024,0.5048828125
01a072a6-658d-79f3-bff1-2e7fd0670b76,a,D,QB16,8,5,UVH8a,5,0.07,-6750000.0,-6.75,533,1024,0.5205078125
01a072a6-658d-79f3-bff1-2e7fd0670b76,a,D,QB16,8,5,UVH8a,6,0.07,-6300000.0,-6.3,544,1024,0.53125
01a072a6-658d-79f3-bff1-2e7fd0670b76,a,D,QB16,8,5,UVH8a,7,0.07,-5850000.0,-5.85,533,1024,0.5205078125
01a072a6-658d-79f3-bff1-2e7fd0670b76,a,D,QB16,8,5,UVH8a,8,0.07,-5400000.0,-5.4,525,1024,0.5126953125
01a072a6-658d-79f3-bff1-2e7fd0670b76,a,D,QB16,8,5,UVH8a,9,0.07,-4950000.0,-4.95,500,1024,0.48828125
01a072a6-658d-79f3-bff1-2e7fd0670b76,a,D,QB16,8,5,UVH8a,10,0.07,-4500000.0,-4.5,544,1024,0.53125
01a072a6-658d-79f3-bff1-2e7fd0670b76,a,D,QB16,8,5,UVH8a,11,0.07,-4050000.0,-4.05,497,1024,0.4853515625
01a072a6-658d-79f3-bff1-2e7fd0670b76,a,D,QB16,8,5,UVH8a,12,0.07,-3600000.0,-3.6,520,1024,0.5078125
01a072a6-658d-79f3-bff1-2e7fd0670b76,a,D,QB16,8,5,UVH8a,13,0.07,-3150000.0,-3.15,514,1024,0.501953125
01a072a6-658d-79f3-bff1-2e7fd0670b76,a,D,QB16,8,5,UVH8a,14,0.07,-2700000.0,-2.7,555,1024,0.5419921875
01a072a6-658d-79f3-bff1-2e7fd0670b76,a,D,QB16,8,5,UVH8a,15,0.07,-2250000.0,-2.25,497,1024,0.4853515625
01a072a6-658d-79f3-bff1-2e7fd0670b76,a,D,QB16,8,5,UVH8a,16,0.07,-1800000.0,-1.8,531,1024,0.5185546875
01a072a6-658d-79f3-bff1-2e7fd0670b76,a,D,QB16,8,5,UVH8a,17,0.07,-1350000.0,-1.35,522,1024,0.509765625
01a072a6-658d-79f3-bff1-2e7fd0670b76,a,D,QB16,8,5,UVH8a,18,0.07,-900000.0,-0.9,538,1024,0.525390625
01a072a6-658d-79f3-bff1-2e7fd0670b76,a,D,QB16,8,5,UVH8a,19,0.07,-450000.0,-0.45,527,1024,0.5146484375
01a072a6-658d-79f3-bff1-2e7fd0670b76,a,D,QB16,8,5,UVH8a,20,0.07,0.0,0.0,485,1024,0.4736328125
01a072a6-658d-79f3-bff1-2e7fd0670b76,a,D,QB16,8,5,UVH8a,21,0.07,450000.0,0.45,515,1024,0.5029296875
01a072a6-658d-79f3-bff1-2e7fd0670b76,a,D,QB16,8,5,UVH8a,22,0.07,900000.0,0.9,535,1024,0.5224609375
01a072a6-658d-79f3-bff1-2e7fd0670b76,a,D,QB16,8,5,UVH8a,23,0.07,1350000.0,1.35,526,1024,0.513671875
01a072a6-658d-79f3-bff1-2e7fd0670b76,a,D,QB16,8,5,UVH8a,24,0.07,1800000.0,1.8,500,1024,0.48828125
01a072a6-658d-79f3-bff1-2e7fd0670b76,a,D,QB16,8,5,UVH8a,25,0.07,2250000.0,2.25,510,1024,0.498046875
01a072a6-658d-79f3-bff1-2e7fd0670b76,a,D,QB16,8,5,UVH8a,26,0.07,2700000.0,2.7,495,1024,0.4833984375
01a072a6-658d-79f3-bff1-2e7fd0670b76,a,D,QB16,8,5,UVH8a,27,0.07,3150000.0,3.15,496,1024,0.484375
01a072a6-658d-79f3-bff1-2e7fd0670b76,a,D,QB16,8,5,UVH8a,28,0.07,3600000.0,3.6,514,1024,0.501953125
01a072a6-658d-79f3-bff1-2e7fd0670b76,a,D,QB16,8,5,UVH8a,29,0.07,4050000.0,4.05,537,1024,0.5244140625
01a072a6-658d-79f3-bff1-2e7fd0670b76,a,D,QB16,8,5,UVH8a,30,0.07,4500000.0,4.5,515,1024,0.5029296875
01a072a6-658d-79f3-bff1-2e7fd0670b76,a,D,QB16,8,5,UVH8a,31,0.07,4950000.0,4.95,526,1024,0.513671875
01a072a6-658d-79f3-bff1-2e7fd0670b76,a,D,QB16,8,5,UVH8a,32,0.07,5400000.0,5.4,515,1024,0.5029296875
01a072a6-658d-79f3-bff1-2e7fd0670b76,a,D,QB16,8,5,UVH8a,33,0.07,5850000.0,5.85,554,1024,0.541015625
01a072a6-658d-79f3-bff1-2e7fd0670b76,a,D,QB16,8,5,UVH8a,34,0.07,6300000.0,6.3,497,1024,0.4853515625
01a072a6-658d-79f3-bff1-2e7fd0670b76,a,D,QB16,8,5,UVH8a,35,0.07,6750000.0,6.75,487,1024,0.4755859375
01a072a6-658d-79f3-bff1-2e7fd0670b76,a,D,QB16,8,5,UVH8a,36,0.07,7200000.0,7.2,501,1024,0.4892578125
01a072a6-658d-79f3-bff1-2e7fd0670b76,a,D,QB16,8,5,UVH8a,37,0.07,7650000.0,7.65,489,1024,0.4775390625
01a072a6-658d-79f3-bff1-2e7fd0670b76,a,D,QB16,8,5,UVH8a,38,0.07,8100000.0,8.1,468,1024,0.45703125
01a072a6-658d-79f3-bff1-2e7fd0670b76,a,D,QB16,8,5,UVH8a,39,0.07,8550000.0,8.55,478,1024,0.466796875
01a072a6-658d-79f3-bff1-2e7fd0670b76,a,D,QB16,8,5,UVH8a,40,0.07,9000000.0,9.0,443,1024,0.4326171875
01a072a6-658d-79f3-bff1-2e7fd0670b76,a,D,QB17,9,0,standard_pi_2,0,0.07,-9000000.0,-9.0,601,1024,0.5869140625
01a072a6-658d-79f3-bff1-2e7fd0670b76,a,D,QB17,9,0,standard_pi_2,1,0.07,-8550000.0,-8.55,596,1024,0.58203125
01a072a6-658d-79f3-bff1-2e7fd0670b76,a,D,QB17,9,0,standard_pi_2,2,0.07,-8100000.0,-8.1,593,1024,0.5791015625
01a072a6-658d-79f3-bff1-2e7fd0670b76,a,D,QB17,9,0,standard_pi_2,3,0.07,-7650000.0,-7.65,602,1024,0.587890625
01a072a6-658d-79f3-bff1-2e7fd0670b76,a,D,QB17,9,0,standard_pi_2,4,0.07,-7200000.0,-7.2,571,1024,0.5576171875
01a072a6-658d-79f3-bff1-2e7fd0670b76,a,D,QB17,9,0,standard_pi_2,5,0.07,-6750000.0,-6.75,620,1024,0.60546875
01a072a6-658d-79f3-bff1-2e7fd0670b76,a,D,QB17,9,0,standard_pi_2,6,0.07,-6300000.0,-6.3,580,1024,0.56640625
01a072a6-658d-79f3-bff1-2e7fd0670b76,a,D,QB17,9,0,standard_pi_2,7,0.07,-5850000.0,-5.85,571,1024,0.5576171875
01a072a6-658d-79f3-bff1-2e7fd0670b76,a,D,QB17,9,0,standard_pi_2,8,0.07,-5400000.0,-5.4,592,1024,0.578125
01a072a6-658d-79f3-bff1-2e7fd0670b76,a,D,QB17,9,0,standard_pi_2,9,0.07,-4950000.0,-4.95,605,1024,0.5908203125
01a072a6-658d-79f3-bff1-2e7fd0670b76,a,D,QB17,9,0,standard_pi_2,10,0.07,-4500000.0,-4.5,602,1024,0.587890625
01a072a6-658d-79f3-bff1-2e7fd0670b76,a,D,QB17,9,0,standard_pi_2,11,0.07,-4050000.0,-4.05,606,1024,0.591796875
01a072a6-658d-79f3-bff1-2e7fd0670b76,a,D,QB17,9,0,standard_pi_2,12,0.07,-3600000.0,-3.6,575,1024,0.5615234375
01a072a6-658d-79f3-bff1-2e7fd0670b76,a,D,QB17,9,0,standard_pi_2,13,0.07,-3150000.0,-3.15,604,1024,0.58984375
01a072a6-658d-79f3-bff1-2e7fd0670b76,a,D,QB17,9,0,standard_pi_2,14,0.07,-2700000.0,-2.7,596,1024,0.58203125
01a072a6-658d-79f3-bff1-2e7fd0670b76,a,D,QB17,9,0,standard_pi_2,15,0.07,-2250000.0,-2.25,586,1024,0.572265625
01a072a6-658d-79f3-bff1-2e7fd0670b76,a,D,QB17,9,0,standard_pi_2,16,0.07,-1800000.0,-1.8,595,1024,0.5810546875
01a072a6-658d-79f3-bff1-2e7fd0670b76,a,D,QB17,9,0,standard_pi_2,17,0.07,-1350000.0,-1.35,547,1024,0.5341796875
01a072a6-658d-79f3-bff1-2e7fd0670b76,a,D,QB17,9,0,standard_pi_2,18,0.07,-900000.0,-0.9,570,1024,0.556640625
01a072a6-658d-79f3-bff1-2e7fd0670b76,a,D,QB17,9,0,standard_pi_2,19,0.07,-450000.0,-0.45,583,1024,0.5693359375
01a072a6-658d-79f3-bff1-2e7fd0670b76,a,D,QB17,9,0,standard_pi_2,20,0.07,0.0,0.0,568,1024,0.5546875
01a072a6-658d-79f3-bff1-2e7fd0670b76,a,D,QB17,9,0,standard_pi_2,21,0.07,450000.0,0.45,557,1024,0.5439453125
01a072a6-658d-79f3-bff1-2e7fd0670b76,a,D,QB17,9,0,standard_pi_2,22,0.07,900000.0,0.9,578,1024,0.564453125
01a072a6-658d-79f3-bff1-2e7fd0670b76,a,D,QB17,9,0,standard_pi_2,23,0.07,1350000.0,1.35,581,1024,0.5673828125
01a072a6-658d-79f3-bff1-2e7fd0670b76,a,D,QB17,9,0,standard_pi_2,24,0.07,1800000.0,1.8,584,1024,0.5703125
01a072a6-658d-79f3-bff1-2e7fd0670b76,a,D,QB17,9,0,standard_pi_2,25,0.07,2250000.0,2.25,535,1024,0.5224609375
01a072a6-658d-79f3-bff1-2e7fd0670b76,a,D,QB17,9,0,standard_pi_2,26,0.07,2700000.0,2.7,555,1024,0.5419921875
01a072a6-658d-79f3-bff1-2e7fd0670b76,a,D,QB17,9,0,standard_pi_2,27,0.07,3150000.0,3.15,571,1024,0.5576171875
01a072a6-658d-79f3-bff1-2e7fd0670b76,a,D,QB17,9,0,standard_pi_2,28,0.07,3600000.0,3.6,559,1024,0.5458984375
01a072a6-658d-79f3-bff1-2e7fd0670b76,a,D,QB17,9,0,standard_pi_2,29,0.07,4050000.0,4.05,542,1024,0.529296875
01a072a6-658d-79f3-bff1-2e7fd0670b76,a,D,QB17,9,0,standard_pi_2,30,0.07,4500000.0,4.5,544,1024,0.53125
01a072a6-658d-79f3-bff1-2e7fd0670b76,a,D,QB17,9,0,standard_pi_2,31,0.07,4950000.0,4.95,552,1024,0.5390625
01a072a6-658d-79f3-bff1-2e7fd0670b76,a,D,QB17,9,0,standard_pi_2,32,0.07,5400000.0,5.4,543,1024,0.5302734375
01a072a6-658d-79f3-bff1-2e7fd0670b76,a,D,QB17,9,0,standard_pi_2,33,0.07,5850000.0,5.85,526,1024,0.513671875
01a072a6-658d-79f3-bff1-2e7fd0670b76,a,D,QB17,9,0,standard_pi_2,34,0.07,6300000.0,6.3,534,1024,0.521484375
01a072a6-658d-79f3-bff1-2e7fd0670b76,a,D,QB17,9,0,standard_pi_2,35,0.07,6750000.0,6.75,545,1024,0.5322265625
01a072a6-658d-79f3-bff1-2e7fd0670b76,a,D,QB17,9,0,standard_pi_2,36,0.07,7200000.0,7.2,524,1024,0.51171875
01a072a6-658d-79f3-bff1-2e7fd0670b76,a,D,QB17,9,0,standard_pi_2,37,0.07,7650000.0,7.65,516,1024,0.50390625
01a072a6-658d-79f3-bff1-2e7fd0670b76,a,D,QB17,9,0,standard_pi_2,38,0.07,8100000.0,8.1,481,1024,0.4697265625
01a072a6-658d-79f3-bff1-2e7fd0670b76,a,D,QB17,9,0,standard_pi_2,39,0.07,8550000.0,8.55,513,1024,0.5009765625
01a072a6-658d-79f3-bff1-2e7fd0670b76,a,D,QB17,9,0,standard_pi_2,40,0.07,9000000.0,9.0,487,1024,0.4755859375
01a072a6-658d-79f3-bff1-2e7fd0670b76,a,D,QB17,9,1,UVH4a,0,0.07,-9000000.0,-9.0,549,1024,0.5361328125
01a072a6-658d-79f3-bff1-2e7fd0670b76,a,D,QB17,9,1,UVH4a,1,0.07,-8550000.0,-8.55,564,1024,0.55078125
01a072a6-658d-79f3-bff1-2e7fd0670b76,a,D,QB17,9,1,UVH4a,2,0.07,-8100000.0,-8.1,554,1024,0.541015625
01a072a6-658d-79f3-bff1-2e7fd0670b76,a,D,QB17,9,1,UVH4a,3,0.07,-7650000.0,-7.65,514,1024,0.501953125
01a072a6-658d-79f3-bff1-2e7fd0670b76,a,D,QB17,9,1,UVH4a,4,0.07,-7200000.0,-7.2,552,1024,0.5390625
01a072a6-658d-79f3-bff1-2e7fd0670b76,a,D,QB17,9,1,UVH4a,5,0.07,-6750000.0,-6.75,518,1024,0.505859375
01a072a6-658d-79f3-bff1-2e7fd0670b76,a,D,QB17,9,1,UVH4a,6,0.07,-6300000.0,-6.3,524,1024,0.51171875
01a072a6-658d-79f3-bff1-2e7fd0670b76,a,D,QB17,9,1,UVH4a,7,0.07,-5850000.0,-5.85,523,1024,0.5107421875
01a072a6-658d-79f3-bff1-2e7fd0670b76,a,D,QB17,9,1,UVH4a,8,0.07,-5400000.0,-5.4,543,1024,0.5302734375
01a072a6-658d-79f3-bff1-2e7fd0670b76,a,D,QB17,9,1,UVH4a,9,0.07,-4950000.0,-4.95,542,1024,0.529296875
01a072a6-658d-79f3-bff1-2e7fd0670b76,a,D,QB17,9,1,UVH4a,10,0.07,-4500000.0,-4.5,546,1024,0.533203125
01a072a6-658d-79f3-bff1-2e7fd0670b76,a,D,QB17,9,1,UVH4a,11,0.07,-4050000.0,-4.05,516,1024,0.50390625
01a072a6-658d-79f3-bff1-2e7fd0670b76,a,D,QB17,9,1,UVH4a,12,0.07,-3600000.0,-3.6,527,1024,0.5146484375
01a072a6-658d-79f3-bff1-2e7fd0670b76,a,D,QB17,9,1,UVH4a,13,0.07,-3150000.0,-3.15,512,1024,0.5
01a072a6-658d-79f3-bff1-2e7fd0670b76,a,D,QB17,9,1,UVH4a,14,0.07,-2700000.0,-2.7,532,1024,0.51953125
01a072a6-658d-79f3-bff1-2e7fd0670b76,a,D,QB17,9,1,UVH4a,15,0.07,-2250000.0,-2.25,526,1024,0.513671875
01a072a6-658d-79f3-bff1-2e7fd0670b76,a,D,QB17,9,1,UVH4a,16,0.07,-1800000.0,-1.8,526,1024,0.513671875
01a072a6-658d-79f3-bff1-2e7fd0670b76,a,D,QB17,9,1,UVH4a,17,0.07,-1350000.0,-1.35,536,1024,0.5234375
01a072a6-658d-79f3-bff1-2e7fd0670b76,a,D,QB17,9,1,UVH4a,18,0.07,-900000.0,-0.9,545,1024,0.5322265625
01a072a6-658d-79f3-bff1-2e7fd0670b76,a,D,QB17,9,1,UVH4a,19,0.07,-450000.0,-0.45,526,1024,0.513671875
01a072a6-658d-79f3-bff1-2e7fd0670b76,a,D,QB17,9,1,UVH4a,20,0.07,0.0,0.0,540,1024,0.52734375
01a072a6-658d-79f3-bff1-2e7fd0670b76,a,D,QB17,9,1,UVH4a,21,0.07,450000.0,0.45,537,1024,0.5244140625
01a072a6-658d-79f3-bff1-2e7fd0670b76,a,D,QB17,9,1,UVH4a,22,0.07,900000.0,0.9,536,1024,0.5234375
01a072a6-658d-79f3-bff1-2e7fd0670b76,a,D,QB17,9,1,UVH4a,23,0.07,1350000.0,1.35,574,1024,0.560546875
01a072a6-658d-79f3-bff1-2e7fd0670b76,a,D,QB17,9,1,UVH4a,24,0.07,1800000.0,1.8,537,1024,0.5244140625
01a072a6-658d-79f3-bff1-2e7fd0670b76,a,D,QB17,9,1,UVH4a,25,0.07,2250000.0,2.25,488,1024,0.4765625
01a072a6-658d-79f3-bff1-2e7fd0670b76,a,D,QB17,9,1,UVH4a,26,0.07,2700000.0,2.7,510,1024,0.498046875
01a072a6-658d-79f3-bff1-2e7fd0670b76,a,D,QB17,9,1,UVH4a,27,0.07,3150000.0,3.15,524,1024,0.51171875
01a072a6-658d-79f3-bff1-2e7fd0670b76,a,D,QB17,9,1,UVH4a,28,0.07,3600000.0,3.6,539,1024,0.5263671875
01a072a6-658d-79f3-bff1-2e7fd0670b76,a,D,QB17,9,1,UVH4a,29,0.07,4050000.0,4.05,544,1024,0.53125
01a072a6-658d-79f3-bff1-2e7fd0670b76,a,D,QB17,9,1,UVH4a,30,0.07,4500000.0,4.5,515,1024,0.5029296875
01a072a6-658d-79f3-bff1-2e7fd0670b76,a,D,QB17,9,1,UVH4a,31,0.07,4950000.0,4.95,505,1024,0.4931640625
01a072a6-658d-79f3-bff1-2e7fd0670b76,a,D,QB17,9,1,UVH4a,32,0.07,5400000.0,5.4,491,1024,0.4794921875
01a072a6-658d-79f3-bff1-2e7fd0670b76,a,D,QB17,9,1,UVH4a,33,0.07,5850000.0,5.85,541,1024,0.5283203125
01a072a6-658d-79f3-bff1-2e7fd0670b76,a,D,QB17,9,1,UVH4a,34,0.07,6300000.0,6.3,528,1024,0.515625
01a072a6-658d-79f3-bff1-2e7fd0670b76,a,D,QB17,9,1,UVH4a,35,0.07,6750000.0,6.75,517,1024,0.5048828125
01a072a6-658d-79f3-bff1-2e7fd0670b76,a,D,QB17,9,1,UVH4a,36,0.07,7200000.0,7.2,541,1024,0.5283203125
01a072a6-658d-79f3-bff1-2e7fd0670b76,a,D,QB17,9,1,UVH4a,37,0.07,7650000.0,7.65,510,1024,0.498046875
01a072a6-658d-79f3-bff1-2e7fd0670b76,a,D,QB17,9,1,UVH4a,38,0.07,8100000.0,8.1,548,1024,0.53515625
01a072a6-658d-79f3-bff1-2e7fd0670b76,a,D,QB17,9,1,UVH4a,39,0.07,8550000.0,8.55,596,1024,0.58203125
01a072a6-658d-79f3-bff1-2e7fd0670b76,a,D,QB17,9,1,UVH4a,40,0.07,9000000.0,9.0,607,1024,0.5927734375
01a072a6-658d-79f3-bff1-2e7fd0670b76,a,D,QB17,9,2,UVH5a,0,0.07,-9000000.0,-9.0,398,1024,0.388671875
01a072a6-658d-79f3-bff1-2e7fd0670b76,a,D,QB17,9,2,UVH5a,1,0.07,-8550000.0,-8.55,349,1024,0.3408203125
01a072a6-658d-79f3-bff1-2e7fd0670b76,a,D,QB17,9,2,UVH5a,2,0.07,-8100000.0,-8.1,382,1024,0.373046875
01a072a6-658d-79f3-bff1-2e7fd0670b76,a,D,QB17,9,2,UVH5a,3,0.07,-7650000.0,-7.65,378,1024,0.369140625
01a072a6-658d-79f3-bff1-2e7fd0670b76,a,D,QB17,9,2,UVH5a,4,0.07,-7200000.0,-7.2,391,1024,0.3818359375
01a072a6-658d-79f3-bff1-2e7fd0670b76,a,D,QB17,9,2,UVH5a,5,0.07,-6750000.0,-6.75,395,1024,0.3857421875
01a072a6-658d-79f3-bff1-2e7fd0670b76,a,D,QB17,9,2,UVH5a,6,0.07,-6300000.0,-6.3,415,1024,0.4052734375
01a072a6-658d-79f3-bff1-2e7fd0670b76,a,D,QB17,9,2,UVH5a,7,0.07,-5850000.0,-5.85,394,1024,0.384765625
01a072a6-658d-79f3-bff1-2e7fd0670b76,a,D,QB17,9,2,UVH5a,8,0.07,-5400000.0,-5.4,416,1024,0.40625
01a072a6-658d-79f3-bff1-2e7fd0670b76,a,D,QB17,9,2,UVH5a,9,0.07,-4950000.0,-4.95,462,1024,0.451171875
01a072a6-658d-79f3-bff1-2e7fd0670b76,a,D,QB17,9,2,UVH5a,10,0.07,-4500000.0,-4.5,423,1024,0.4130859375
01a072a6-658d-79f3-bff1-2e7fd0670b76,a,D,QB17,9,2,UVH5a,11,0.07,-4050000.0,-4.05,461,1024,0.4501953125
01a072a6-658d-79f3-bff1-2e7fd0670b76,a,D,QB17,9,2,UVH5a,12,0.07,-3600000.0,-3.6,487,1024,0.4755859375
01a072a6-658d-79f3-bff1-2e7fd0670b76,a,D,QB17,9,2,UVH5a,13,0.07,-3150000.0,-3.15,473,1024,0.4619140625
01a072a6-658d-79f3-bff1-2e7fd0670b76,a,D,QB17,9,2,UVH5a,14,0.07,-2700000.0,-2.7,479,1024,0.4677734375
01a072a6-658d-79f3-bff1-2e7fd0670b76,a,D,QB17,9,2,UVH5a,15,0.07,-2250000.0,-2.25,465,1024,0.4541015625
01a072a6-658d-79f3-bff1-2e7fd0670b76,a,D,QB17,9,2,UVH5a,16,0.07,-1800000.0,-1.8,517,1024,0.5048828125
01a072a6-658d-79f3-bff1-2e7fd0670b76,a,D,QB17,9,2,UVH5a,17,0.07,-1350000.0,-1.35,490,1024,0.478515625
01a072a6-658d-79f3-bff1-2e7fd0670b76,a,D,QB17,9,2,UVH5a,18,0.07,-900000.0,-0.9,485,1024,0.4736328125
01a072a6-658d-79f3-bff1-2e7fd0670b76,a,D,QB17,9,2,UVH5a,19,0.07,-450000.0,-0.45,534,1024,0.521484375
01a072a6-658d-79f3-bff1-2e7fd0670b76,a,D,QB17,9,2,UVH5a,20,0.07,0.0,0.0,531,1024,0.5185546875
01a072a6-658d-79f3-bff1-2e7fd0670b76,a,D,QB17,9,2,UVH5a,21,0.07,450000.0,0.45,514,1024,0.501953125
01a072a6-658d-79f3-bff1-2e7fd0670b76,a,D,QB17,9,2,UVH5a,22,0.07,900000.0,0.9,498,1024,0.486328125
01a072a6-658d-79f3-bff1-2e7fd0670b76,a,D,QB17,9,2,UVH5a,23,0.07,1350000.0,1.35,522,1024,0.509765625
01a072a6-658d-79f3-bff1-2e7fd0670b76,a,D,QB17,9,2,UVH5a,24,0.07,1800000.0,1.8,521,1024,0.5087890625
01a072a6-658d-79f3-bff1-2e7fd0670b76,a,D,QB17,9,2,UVH5a,25,0.07,2250000.0,2.25,512,1024,0.5
01a072a6-658d-79f3-bff1-2e7fd0670b76,a,D,QB17,9,2,UVH5a,26,0.07,2700000.0,2.7,535,1024,0.5224609375
01a072a6-658d-79f3-bff1-2e7fd0670b76,a,D,QB17,9,2,UVH5a,27,0.07,3150000.0,3.15,506,1024,0.494140625
01a072a6-658d-79f3-bff1-2e7fd0670b76,a,D,QB17,9,2,UVH5a,28,0.07,3600000.0,3.6,491,1024,0.4794921875
01a072a6-658d-79f3-bff1-2e7fd0670b76,a,D,QB17,9,2,UVH5a,29,0.07,4050000.0,4.05,506,1024,0.494140625
01a072a6-658d-79f3-bff1-2e7fd0670b76,a,D,QB17,9,2,UVH5a,30,0.07,4500000.0,4.5,482,1024,0.470703125
01a072a6-658d-79f3-bff1-2e7fd0670b76,a,D,QB17,9,2,UVH5a,31,0.07,4950000.0,4.95,473,1024,0.4619140625
01a072a6-658d-79f3-bff1-2e7fd0670b76,a,D,QB17,9,2,UVH5a,32,0.07,5400000.0,5.4,453,1024,0.4423828125
01a072a6-658d-79f3-bff1-2e7fd0670b76,a,D,QB17,9,2,UVH5a,33,0.07,5850000.0,5.85,456,1024,0.4453125
01a072a6-658d-79f3-bff1-2e7fd0670b76,a,D,QB17,9,2,UVH5a,34,0.07,6300000.0,6.3,427,1024,0.4169921875
01a072a6-658d-79f3-bff1-2e7fd0670b76,a,D,QB17,9,2,UVH5a,35,0.07,6750000.0,6.75,444,1024,0.43359375
01a072a6-658d-79f3-bff1-2e7fd0670b76,a,D,QB17,9,2,UVH5a,36,0.07,7200000.0,7.2,435,1024,0.4248046875
01a072a6-658d-79f3-bff1-2e7fd0670b76,a,D,QB17,9,2,UVH5a,37,0.07,7650000.0,7.65,437,1024,0.4267578125
01a072a6-658d-79f3-bff1-2e7fd0670b76,a,D,QB17,9,2,UVH5a,38,0.07,8100000.0,8.1,453,1024,0.4423828125
01a072a6-658d-79f3-bff1-2e7fd0670b76,a,D,QB17,9,2,UVH5a,39,0.07,8550000.0,8.55,469,1024,0.4580078125
01a072a6-658d-79f3-bff1-2e7fd0670b76,a,D,QB17,9,2,UVH5a,40,0.07,9000000.0,9.0,437,1024,0.4267578125
01a072a6-658d-79f3-bff1-2e7fd0670b76,a,D,QB17,9,3,UVH6a,0,0.07,-9000000.0,-9.0,514,1024,0.501953125
01a072a6-658d-79f3-bff1-2e7fd0670b76,a,D,QB17,9,3,UVH6a,1,0.07,-8550000.0,-8.55,506,1024,0.494140625
01a072a6-658d-79f3-bff1-2e7fd0670b76,a,D,QB17,9,3,UVH6a,2,0.07,-8100000.0,-8.1,498,1024,0.486328125
01a072a6-658d-79f3-bff1-2e7fd0670b76,a,D,QB17,9,3,UVH6a,3,0.07,-7650000.0,-7.65,487,1024,0.4755859375
01a072a6-658d-79f3-bff1-2e7fd0670b76,a,D,QB17,9,3,UVH6a,4,0.07,-7200000.0,-7.2,503,1024,0.4912109375
01a072a6-658d-79f3-bff1-2e7fd0670b76,a,D,QB17,9,3,UVH6a,5,0.07,-6750000.0,-6.75,473,1024,0.4619140625
01a072a6-658d-79f3-bff1-2e7fd0670b76,a,D,QB17,9,3,UVH6a,6,0.07,-6300000.0,-6.3,449,1024,0.4384765625
01a072a6-658d-79f3-bff1-2e7fd0670b76,a,D,QB17,9,3,UVH6a,7,0.07,-5850000.0,-5.85,442,1024,0.431640625
01a072a6-658d-79f3-bff1-2e7fd0670b76,a,D,QB17,9,3,UVH6a,8,0.07,-5400000.0,-5.4,480,1024,0.46875
01a072a6-658d-79f3-bff1-2e7fd0670b76,a,D,QB17,9,3,UVH6a,9,0.07,-4950000.0,-4.95,437,1024,0.4267578125
01a072a6-658d-79f3-bff1-2e7fd0670b76,a,D,QB17,9,3,UVH6a,10,0.07,-4500000.0,-4.5,430,1024,0.419921875
01a072a6-658d-79f3-bff1-2e7fd0670b76,a,D,QB17,9,3,UVH6a,11,0.07,-4050000.0,-4.05,459,1024,0.4482421875
01a072a6-658d-79f3-bff1-2e7fd0670b76,a,D,QB17,9,3,UVH6a,12,0.07,-3600000.0,-3.6,424,1024,0.4140625
01a072a6-658d-79f3-bff1-2e7fd0670b76,a,D,QB17,9,3,UVH6a,13,0.07,-3150000.0,-3.15,452,1024,0.44140625
01a072a6-658d-79f3-bff1-2e7fd0670b76,a,D,QB17,9,3,UVH6a,14,0.07,-2700000.0,-2.7,428,1024,0.41796875
01a072a6-658d-79f3-bff1-2e7fd0670b76,a,D,QB17,9,3,UVH6a,15,0.07,-2250000.0,-2.25,454,1024,0.443359375
01a072a6-658d-79f3-bff1-2e7fd0670b76,a,D,QB17,9,3,UVH6a,16,0.07,-1800000.0,-1.8,460,1024,0.44921875
01a072a6-658d-79f3-bff1-2e7fd0670b76,a,D,QB17,9,3,UVH6a,17,0.07,-1350000.0,-1.35,447,1024,0.4365234375
01a072a6-658d-79f3-bff1-2e7fd0670b76,a,D,QB17,9,3,UVH6a,18,0.07,-900000.0,-0.9,448,1024,0.4375
01a072a6-658d-79f3-bff1-2e7fd0670b76,a,D,QB17,9,3,UVH6a,19,0.07,-450000.0,-0.45,471,1024,0.4599609375
01a072a6-658d-79f3-bff1-2e7fd0670b76,a,D,QB17,9,3,UVH6a,20,0.07,0.0,0.0,496,1024,0.484375
01a072a6-658d-79f3-bff1-2e7fd0670b76,a,D,QB17,9,3,UVH6a,21,0.07,450000.0,0.45,470,1024,0.458984375
01a072a6-658d-79f3-bff1-2e7fd0670b76,a,D,QB17,9,3,UVH6a,22,0.07,900000.0,0.9,477,1024,0.4658203125
01a072a6-658d-79f3-bff1-2e7fd0670b76,a,D,QB17,9,3,UVH6a,23,0.07,1350000.0,1.35,452,1024,0.44140625
01a072a6-658d-79f3-bff1-2e7fd0670b76,a,D,QB17,9,3,UVH6a,24,0.07,1800000.0,1.8,466,1024,0.455078125
01a072a6-658d-79f3-bff1-2e7fd0670b76,a,D,QB17,9,3,UVH6a,25,0.07,2250000.0,2.25,486,1024,0.474609375
01a072a6-658d-79f3-bff1-2e7fd0670b76,a,D,QB17,9,3,UVH6a,26,0.07,2700000.0,2.7,480,1024,0.46875
01a072a6-658d-79f3-bff1-2e7fd0670b76,a,D,QB17,9,3,UVH6a,27,0.07,3150000.0,3.15,485,1024,0.4736328125
01a072a6-658d-79f3-bff1-2e7fd0670b76,a,D,QB17,9,3,UVH6a,28,0.07,3600000.0,3.6,492,1024,0.48046875
01a072a6-658d-79f3-bff1-2e7fd0670b76,a,D,QB17,9,3,UVH6a,29,0.07,4050000.0,4.05,511,1024,0.4990234375
01a072a6-658d-79f3-bff1-2e7fd0670b76,a,D,QB17,9,3,UVH6a,30,0.07,4500000.0,4.5,540,1024,0.52734375
01a072a6-658d-79f3-bff1-2e7fd0670b76,a,D,QB17,9,3,UVH6a,31,0.07,4950000.0,4.95,556,1024,0.54296875
01a072a6-658d-79f3-bff1-2e7fd0670b76,a,D,QB17,9,3,UVH6a,32,0.07,5400000.0,5.4,530,1024,0.517578125
01a072a6-658d-79f3-bff1-2e7fd0670b76,a,D,QB17,9,3,UVH6a,33,0.07,5850000.0,5.85,552,1024,0.5390625
01a072a6-658d-79f3-bff1-2e7fd0670b76,a,D,QB17,9,3,UVH6a,34,0.07,6300000.0,6.3,568,1024,0.5546875
01a072a6-658d-79f3-bff1-2e7fd0670b76,a,D,QB17,9,3,UVH6a,35,0.07,6750000.0,6.75,602,1024,0.587890625
01a072a6-658d-79f3-bff1-2e7fd0670b76,a,D,QB17,9,3,UVH6a,36,0.07,7200000.0,7.2,615,1024,0.6005859375
01a072a6-658d-79f3-bff1-2e7fd0670b76,a,D,QB17,9,3,UVH6a,37,0.07,7650000.0,7.65,627,1024,0.6123046875
01a072a6-658d-79f3-bff1-2e7fd0670b76,a,D,QB17,9,3,UVH6a,38,0.07,8100000.0,8.1,644,1024,0.62890625
01a072a6-658d-79f3-bff1-2e7fd0670b76,a,D,QB17,9,3,UVH6a,39,0.07,8550000.0,8.55,649,1024,0.6337890625
01a072a6-658d-79f3-bff1-2e7fd0670b76,a,D,QB17,9,3,UVH6a,40,0.07,9000000.0,9.0,720,1024,0.703125
01a072a6-658d-79f3-bff1-2e7fd0670b76,a,D,QB17,9,4,UVH7a,0,0.07,-9000000.0,-9.0,644,1024,0.62890625
01a072a6-658d-79f3-bff1-2e7fd0670b76,a,D,QB17,9,4,UVH7a,1,0.07,-8550000.0,-8.55,612,1024,0.59765625
01a072a6-658d-79f3-bff1-2e7fd0670b76,a,D,QB17,9,4,UVH7a,2,0.07,-8100000.0,-8.1,601,1024,0.5869140625
01a072a6-658d-79f3-bff1-2e7fd0670b76,a,D,QB17,9,4,UVH7a,3,0.07,-7650000.0,-7.65,561,1024,0.5478515625
01a072a6-658d-79f3-bff1-2e7fd0670b76,a,D,QB17,9,4,UVH7a,4,0.07,-7200000.0,-7.2,554,1024,0.541015625
01a072a6-658d-79f3-bff1-2e7fd0670b76,a,D,QB17,9,4,UVH7a,5,0.07,-6750000.0,-6.75,545,1024,0.5322265625
01a072a6-658d-79f3-bff1-2e7fd0670b76,a,D,QB17,9,4,UVH7a,6,0.07,-6300000.0,-6.3,522,1024,0.509765625
01a072a6-658d-79f3-bff1-2e7fd0670b76,a,D,QB17,9,4,UVH7a,7,0.07,-5850000.0,-5.85,498,1024,0.486328125
01a072a6-658d-79f3-bff1-2e7fd0670b76,a,D,QB17,9,4,UVH7a,8,0.07,-5400000.0,-5.4,504,1024,0.4921875
01a072a6-658d-79f3-bff1-2e7fd0670b76,a,D,QB17,9,4,UVH7a,9,0.07,-4950000.0,-4.95,494,1024,0.482421875
01a072a6-658d-79f3-bff1-2e7fd0670b76,a,D,QB17,9,4,UVH7a,10,0.07,-4500000.0,-4.5,485,1024,0.4736328125
01a072a6-658d-79f3-bff1-2e7fd0670b76,a,D,QB17,9,4,UVH7a,11,0.07,-4050000.0,-4.05,489,1024,0.4775390625
01a072a6-658d-79f3-bff1-2e7fd0670b76,a,D,QB17,9,4,UVH7a,12,0.07,-3600000.0,-3.6,473,1024,0.4619140625
01a072a6-658d-79f3-bff1-2e7fd0670b76,a,D,QB17,9,4,UVH7a,13,0.07,-3150000.0,-3.15,492,1024,0.48046875
01a072a6-658d-79f3-bff1-2e7fd0670b76,a,D,QB17,9,4,UVH7a,14,0.07,-2700000.0,-2.7,490,1024,0.478515625
01a072a6-658d-79f3-bff1-2e7fd0670b76,a,D,QB17,9,4,UVH7a,15,0.07,-2250000.0,-2.25,474,1024,0.462890625
01a072a6-658d-79f3-bff1-2e7fd0670b76,a,D,QB17,9,4,UVH7a,16,0.07,-1800000.0,-1.8,478,1024,0.466796875
01a072a6-658d-79f3-bff1-2e7fd0670b76,a,D,QB17,9,4,UVH7a,17,0.07,-1350000.0,-1.35,477,1024,0.4658203125
01a072a6-658d-79f3-bff1-2e7fd0670b76,a,D,QB17,9,4,UVH7a,18,0.07,-900000.0,-0.9,481,1024,0.4697265625
01a072a6-658d-79f3-bff1-2e7fd0670b76,a,D,QB17,9,4,UVH7a,19,0.07,-450000.0,-0.45,499,1024,0.4873046875
01a072a6-658d-79f3-bff1-2e7fd0670b76,a,D,QB17,9,4,UVH7a,20,0.07,0.0,0.0,499,1024,0.4873046875
01a072a6-658d-79f3-bff1-2e7fd0670b76,a,D,QB17,9,4,UVH7a,21,0.07,450000.0,0.45,469,1024,0.4580078125
01a072a6-658d-79f3-bff1-2e7fd0670b76,a,D,QB17,9,4,UVH7a,22,0.07,900000.0,0.9,496,1024,0.484375
01a072a6-658d-79f3-bff1-2e7fd0670b76,a,D,QB17,9,4,UVH7a,23,0.07,1350000.0,1.35,465,1024,0.4541015625
01a072a6-658d-79f3-bff1-2e7fd0670b76,a,D,QB17,9,4,UVH7a,24,0.07,1800000.0,1.8,458,1024,0.447265625
01a072a6-658d-79f3-bff1-2e7fd0670b76,a,D,QB17,9,4,UVH7a,25,0.07,2250000.0,2.25,483,1024,0.4716796875
01a072a6-658d-79f3-bff1-2e7fd0670b76,a,D,QB17,9,4,UVH7a,26,0.07,2700000.0,2.7,496,1024,0.484375
01a072a6-658d-79f3-bff1-2e7fd0670b76,a,D,QB17,9,4,UVH7a,27,0.07,3150000.0,3.15,487,1024,0.4755859375
01a072a6-658d-79f3-bff1-2e7fd0670b76,a,D,QB17,9,4,UVH7a,28,0.07,3600000.0,3.6,472,1024,0.4609375
01a072a6-658d-79f3-bff1-2e7fd0670b76,a,D,QB17,9,4,UVH7a,29,0.07,4050000.0,4.05,456,1024,0.4453125
01a072a6-658d-79f3-bff1-2e7fd0670b76,a,D,QB17,9,4,UVH7a,30,0.07,4500000.0,4.5,472,1024,0.4609375
01a072a6-658d-79f3-bff1-2e7fd0670b76,a,D,QB17,9,4,UVH7a,31,0.07,4950000.0,4.95,467,1024,0.4560546875
01a072a6-658d-79f3-bff1-2e7fd0670b76,a,D,QB17,9,4,UVH7a,32,0.07,5400000.0,5.4,434,1024,0.423828125
01a072a6-658d-79f3-bff1-2e7fd0670b76,a,D,QB17,9,4,UVH7a,33,0.07,5850000.0,5.85,427,1024,0.4169921875
01a072a6-658d-79f3-bff1-2e7fd0670b76,a,D,QB17,9,4,UVH7a,34,0.07,6300000.0,6.3,456,1024,0.4453125
01a072a6-658d-79f3-bff1-2e7fd0670b76,a,D,QB17,9,4,UVH7a,35,0.07,6750000.0,6.75,472,1024,0.4609375
01a072a6-658d-79f3-bff1-2e7fd0670b76,a,D,QB17,9,4,UVH7a,36,0.07,7200000.0,7.2,411,1024,0.4013671875
01a072a6-658d-79f3-bff1-2e7fd0670b76,a,D,QB17,9,4,UVH7a,37,0.07,7650000.0,7.65,401,1024,0.3916015625
01a072a6-658d-79f3-bff1-2e7fd0670b76,a,D,QB17,9,4,UVH7a,38,0.07,8100000.0,8.1,378,1024,0.369140625
01a072a6-658d-79f3-bff1-2e7fd0670b76,a,D,QB17,9,4,UVH7a,39,0.07,8550000.0,8.55,397,1024,0.3876953125
01a072a6-658d-79f3-bff1-2e7fd0670b76,a,D,QB17,9,4,UVH7a,40,0.07,9000000.0,9.0,351,1024,0.3427734375
01a072a6-658d-79f3-bff1-2e7fd0670b76,a,D,QB17,9,5,UVH8a,0,0.07,-9000000.0,-9.0,525,1024,0.5126953125
01a072a6-658d-79f3-bff1-2e7fd0670b76,a,D,QB17,9,5,UVH8a,1,0.07,-8550000.0,-8.55,496,1024,0.484375
01a072a6-658d-79f3-bff1-2e7fd0670b76,a,D,QB17,9,5,UVH8a,2,0.07,-8100000.0,-8.1,528,1024,0.515625
01a072a6-658d-79f3-bff1-2e7fd0670b76,a,D,QB17,9,5,UVH8a,3,0.07,-7650000.0,-7.65,537,1024,0.5244140625
01a072a6-658d-79f3-bff1-2e7fd0670b76,a,D,QB17,9,5,UVH8a,4,0.07,-7200000.0,-7.2,510,1024,0.498046875
01a072a6-658d-79f3-bff1-2e7fd0670b76,a,D,QB17,9,5,UVH8a,5,0.07,-6750000.0,-6.75,501,1024,0.4892578125
01a072a6-658d-79f3-bff1-2e7fd0670b76,a,D,QB17,9,5,UVH8a,6,0.07,-6300000.0,-6.3,486,1024,0.474609375
01a072a6-658d-79f3-bff1-2e7fd0670b76,a,D,QB17,9,5,UVH8a,7,0.07,-5850000.0,-5.85,524,1024,0.51171875
01a072a6-658d-79f3-bff1-2e7fd0670b76,a,D,QB17,9,5,UVH8a,8,0.07,-5400000.0,-5.4,496,1024,0.484375
01a072a6-658d-79f3-bff1-2e7fd0670b76,a,D,QB17,9,5,UVH8a,9,0.07,-4950000.0,-4.95,526,1024,0.513671875
01a072a6-658d-79f3-bff1-2e7fd0670b76,a,D,QB17,9,5,UVH8a,10,0.07,-4500000.0,-4.5,521,1024,0.5087890625
01a072a6-658d-79f3-bff1-2e7fd0670b76,a,D,QB17,9,5,UVH8a,11,0.07,-4050000.0,-4.05,518,1024,0.505859375
01a072a6-658d-79f3-bff1-2e7fd0670b76,a,D,QB17,9,5,UVH8a,12,0.07,-3600000.0,-3.6,505,1024,0.4931640625
01a072a6-658d-79f3-bff1-2e7fd0670b76,a,D,QB17,9,5,UVH8a,13,0.07,-3150000.0,-3.15,487,1024,0.4755859375
01a072a6-658d-79f3-bff1-2e7fd0670b76,a,D,QB17,9,5,UVH8a,14,0.07,-2700000.0,-2.7,477,1024,0.4658203125
01a072a6-658d-79f3-bff1-2e7fd0670b76,a,D,QB17,9,5,UVH8a,15,0.07,-2250000.0,-2.25,518,1024,0.505859375
01a072a6-658d-79f3-bff1-2e7fd0670b76,a,D,QB17,9,5,UVH8a,16,0.07,-1800000.0,-1.8,461,1024,0.4501953125
01a072a6-658d-79f3-bff1-2e7fd0670b76,a,D,QB17,9,5,UVH8a,17,0.07,-1350000.0,-1.35,507,1024,0.4951171875
01a072a6-658d-79f3-bff1-2e7fd0670b76,a,D,QB17,9,5,UVH8a,18,0.07,-900000.0,-0.9,490,1024,0.478515625
01a072a6-658d-79f3-bff1-2e7fd0670b76,a,D,QB17,9,5,UVH8a,19,0.07,-450000.0,-0.45,490,1024,0.478515625
01a072a6-658d-79f3-bff1-2e7fd0670b76,a,D,QB17,9,5,UVH8a,20,0.07,0.0,0.0,468,1024,0.45703125
01a072a6-658d-79f3-bff1-2e7fd0670b76,a,D,QB17,9,5,UVH8a,21,0.07,450000.0,0.45,453,1024,0.4423828125
01a072a6-658d-79f3-bff1-2e7fd0670b76,a,D,QB17,9,5,UVH8a,22,0.07,900000.0,0.9,478,1024,0.466796875
01a072a6-658d-79f3-bff1-2e7fd0670b76,a,D,QB17,9,5,UVH8a,23,0.07,1350000.0,1.35,468,1024,0.45703125
01a072a6-658d-79f3-bff1-2e7fd0670b76,a,D,QB17,9,5,UVH8a,24,0.07,1800000.0,1.8,500,1024,0.48828125
01a072a6-658d-79f3-bff1-2e7fd0670b76,a,D,QB17,9,5,UVH8a,25,0.07,2250000.0,2.25,490,1024,0.478515625
01a072a6-658d-79f3-bff1-2e7fd0670b76,a,D,QB17,9,5,UVH8a,26,0.07,2700000.0,2.7,445,1024,0.4345703125
01a072a6-658d-79f3-bff1-2e7fd0670b76,a,D,QB17,9,5,UVH8a,27,0.07,3150000.0,3.15,499,1024,0.4873046875
01a072a6-658d-79f3-bff1-2e7fd0670b76,a,D,QB17,9,5,UVH8a,28,0.07,3600000.0,3.6,502,1024,0.490234375
01a072a6-658d-79f3-bff1-2e7fd0670b76,a,D,QB17,9,5,UVH8a,29,0.07,4050000.0,4.05,501,1024,0.4892578125
01a072a6-658d-79f3-bff1-2e7fd0670b76,a,D,QB17,9,5,UVH8a,30,0.07,4500000.0,4.5,466,1024,0.455078125
01a072a6-658d-79f3-bff1-2e7fd0670b76,a,D,QB17,9,5,UVH8a,31,0.07,4950000.0,4.95,478,1024,0.466796875
01a072a6-658d-79f3-bff1-2e7fd0670b76,a,D,QB17,9,5,UVH8a,32,0.07,5400000.0,5.4,482,1024,0.470703125
01a072a6-658d-79f3-bff1-2e7fd0670b76,a,D,QB17,9,5,UVH8a,33,0.07,5850000.0,5.85,510,1024,0.498046875
01a072a6-658d-79f3-bff1-2e7fd0670b76,a,D,QB17,9,5,UVH8a,34,0.07,6300000.0,6.3,500,1024,0.48828125
01a072a6-658d-79f3-bff1-2e7fd0670b76,a,D,QB17,9,5,UVH8a,35,0.07,6750000.0,6.75,511,1024,0.4990234375
01a072a6-658d-79f3-bff1-2e7fd0670b76,a,D,QB17,9,5,UVH8a,36,0.07,7200000.0,7.2,479,1024,0.4677734375
01a072a6-658d-79f3-bff1-2e7fd0670b76,a,D,QB17,9,5,UVH8a,37,0.07,7650000.0,7.65,513,1024,0.5009765625
01a072a6-658d-79f3-bff1-2e7fd0670b76,a,D,QB17,9,5,UVH8a,38,0.07,8100000.0,8.1,446,1024,0.435546875
01a072a6-658d-79f3-bff1-2e7fd0670b76,a,D,QB17,9,5,UVH8a,39,0.07,8550000.0,8.55,449,1024,0.4384765625
01a072a6-658d-79f3-bff1-2e7fd0670b76,a,D,QB17,9,5,UVH8a,40,0.07,9000000.0,9.0,425,1024,0.4150390625
01a072a6-658d-79f3-bff1-2e7fd0670b76,a,D,QB20,10,0,standard_pi_2,0,0.07,-9000000.0,-9.0,612,1024,0.59765625
01a072a6-658d-79f3-bff1-2e7fd0670b76,a,D,QB20,10,0,standard_pi_2,1,0.07,-8550000.0,-8.55,641,1024,0.6259765625
01a072a6-658d-79f3-bff1-2e7fd0670b76,a,D,QB20,10,0,standard_pi_2,2,0.07,-8100000.0,-8.1,612,1024,0.59765625
01a072a6-658d-79f3-bff1-2e7fd0670b76,a,D,QB20,10,0,standard_pi_2,3,0.07,-7650000.0,-7.65,594,1024,0.580078125
01a072a6-658d-79f3-bff1-2e7fd0670b76,a,D,QB20,10,0,standard_pi_2,4,0.07,-7200000.0,-7.2,588,1024,0.57421875
01a072a6-658d-79f3-bff1-2e7fd0670b76,a,D,QB20,10,0,standard_pi_2,5,0.07,-6750000.0,-6.75,613,1024,0.5986328125
01a072a6-658d-79f3-bff1-2e7fd0670b76,a,D,QB20,10,0,standard_pi_2,6,0.07,-6300000.0,-6.3,562,1024,0.548828125
01a072a6-658d-79f3-bff1-2e7fd0670b76,a,D,QB20,10,0,standard_pi_2,7,0.07,-5850000.0,-5.85,580,1024,0.56640625
01a072a6-658d-79f3-bff1-2e7fd0670b76,a,D,QB20,10,0,standard_pi_2,8,0.07,-5400000.0,-5.4,584,1024,0.5703125
01a072a6-658d-79f3-bff1-2e7fd0670b76,a,D,QB20,10,0,standard_pi_2,9,0.07,-4950000.0,-4.95,609,1024,0.5947265625
01a072a6-658d-79f3-bff1-2e7fd0670b76,a,D,QB20,10,0,standard_pi_2,10,0.07,-4500000.0,-4.5,620,1024,0.60546875
01a072a6-658d-79f3-bff1-2e7fd0670b76,a,D,QB20,10,0,standard_pi_2,11,0.07,-4050000.0,-4.05,566,1024,0.552734375
01a072a6-658d-79f3-bff1-2e7fd0670b76,a,D,QB20,10,0,standard_pi_2,12,0.07,-3600000.0,-3.6,605,1024,0.5908203125
01a072a6-658d-79f3-bff1-2e7fd0670b76,a,D,QB20,10,0,standard_pi_2,13,0.07,-3150000.0,-3.15,568,1024,0.5546875
01a072a6-658d-79f3-bff1-2e7fd0670b76,a,D,QB20,10,0,standard_pi_2,14,0.07,-2700000.0,-2.7,573,1024,0.5595703125
01a072a6-658d-79f3-bff1-2e7fd0670b76,a,D,QB20,10,0,standard_pi_2,15,0.07,-2250000.0,-2.25,580,1024,0.56640625
01a072a6-658d-79f3-bff1-2e7fd0670b76,a,D,QB20,10,0,standard_pi_2,16,0.07,-1800000.0,-1.8,599,1024,0.5849609375
01a072a6-658d-79f3-bff1-2e7fd0670b76,a,D,QB20,10,0,standard_pi_2,17,0.07,-1350000.0,-1.35,567,1024,0.5537109375
01a072a6-658d-79f3-bff1-2e7fd0670b76,a,D,QB20,10,0,standard_pi_2,18,0.07,-900000.0,-0.9,557,1024,0.5439453125
01a072a6-658d-79f3-bff1-2e7fd0670b76,a,D,QB20,10,0,standard_pi_2,19,0.07,-450000.0,-0.45,555,1024,0.5419921875
01a072a6-658d-79f3-bff1-2e7fd0670b76,a,D,QB20,10,0,standard_pi_2,20,0.07,0.0,0.0,566,1024,0.552734375
01a072a6-658d-79f3-bff1-2e7fd0670b76,a,D,QB20,10,0,standard_pi_2,21,0.07,450000.0,0.45,520,1024,0.5078125
01a072a6-658d-79f3-bff1-2e7fd0670b76,a,D,QB20,10,0,standard_pi_2,22,0.07,900000.0,0.9,559,1024,0.5458984375
01a072a6-658d-79f3-bff1-2e7fd0670b76,a,D,QB20,10,0,standard_pi_2,23,0.07,1350000.0,1.35,527,1024,0.5146484375
01a072a6-658d-79f3-bff1-2e7fd0670b76,a,D,QB20,10,0,standard_pi_2,24,0.07,1800000.0,1.8,562,1024,0.548828125
01a072a6-658d-79f3-bff1-2e7fd0670b76,a,D,QB20,10,0,standard_pi_2,25,0.07,2250000.0,2.25,554,1024,0.541015625
01a072a6-658d-79f3-bff1-2e7fd0670b76,a,D,QB20,10,0,standard_pi_2,26,0.07,2700000.0,2.7,537,1024,0.5244140625
01a072a6-658d-79f3-bff1-2e7fd0670b76,a,D,QB20,10,0,standard_pi_2,27,0.07,3150000.0,3.15,516,1024,0.50390625
01a072a6-658d-79f3-bff1-2e7fd0670b76,a,D,QB20,10,0,standard_pi_2,28,0.07,3600000.0,3.6,544,1024,0.53125
01a072a6-658d-79f3-bff1-2e7fd0670b76,a,D,QB20,10,0,standard_pi_2,29,0.07,4050000.0,4.05,555,1024,0.5419921875
01a072a6-658d-79f3-bff1-2e7fd0670b76,a,D,QB20,10,0,standard_pi_2,30,0.07,4500000.0,4.5,524,1024,0.51171875
01a072a6-658d-79f3-bff1-2e7fd0670b76,a,D,QB20,10,0,standard_pi_2,31,0.07,4950000.0,4.95,503,1024,0.4912109375
01a072a6-658d-79f3-bff1-2e7fd0670b76,a,D,QB20,10,0,standard_pi_2,32,0.07,5400000.0,5.4,528,1024,0.515625
01a072a6-658d-79f3-bff1-2e7fd0670b76,a,D,QB20,10,0,standard_pi_2,33,0.07,5850000.0,5.85,526,1024,0.513671875
01a072a6-658d-79f3-bff1-2e7fd0670b76,a,D,QB20,10,0,standard_pi_2,34,0.07,6300000.0,6.3,530,1024,0.517578125
01a072a6-658d-79f3-bff1-2e7fd0670b76,a,D,QB20,10,0,standard_pi_2,35,0.07,6750000.0,6.75,483,1024,0.4716796875
01a072a6-658d-79f3-bff1-2e7fd0670b76,a,D,QB20,10,0,standard_pi_2,36,0.07,7200000.0,7.2,505,1024,0.4931640625
01a072a6-658d-79f3-bff1-2e7fd0670b76,a,D,QB20,10,0,standard_pi_2,37,0.07,7650000.0,7.65,511,1024,0.4990234375
01a072a6-658d-79f3-bff1-2e7fd0670b76,a,D,QB20,10,0,standard_pi_2,38,0.07,8100000.0,8.1,474,1024,0.462890625
01a072a6-658d-79f3-bff1-2e7fd0670b76,a,D,QB20,10,0,standard_pi_2,39,0.07,8550000.0,8.55,470,1024,0.458984375
01a072a6-658d-79f3-bff1-2e7fd0670b76,a,D,QB20,10,0,standard_pi_2,40,0.07,9000000.0,9.0,480,1024,0.46875
01a072a6-658d-79f3-bff1-2e7fd0670b76,a,D,QB20,10,1,UVH4a,0,0.07,-9000000.0,-9.0,532,1024,0.51953125
01a072a6-658d-79f3-bff1-2e7fd0670b76,a,D,QB20,10,1,UVH4a,1,0.07,-8550000.0,-8.55,514,1024,0.501953125
01a072a6-658d-79f3-bff1-2e7fd0670b76,a,D,QB20,10,1,UVH4a,2,0.07,-8100000.0,-8.1,503,1024,0.4912109375
01a072a6-658d-79f3-bff1-2e7fd0670b76,a,D,QB20,10,1,UVH4a,3,0.07,-7650000.0,-7.65,509,1024,0.4970703125
01a072a6-658d-79f3-bff1-2e7fd0670b76,a,D,QB20,10,1,UVH4a,4,0.07,-7200000.0,-7.2,491,1024,0.4794921875
01a072a6-658d-79f3-bff1-2e7fd0670b76,a,D,QB20,10,1,UVH4a,5,0.07,-6750000.0,-6.75,509,1024,0.4970703125
01a072a6-658d-79f3-bff1-2e7fd0670b76,a,D,QB20,10,1,UVH4a,6,0.07,-6300000.0,-6.3,492,1024,0.48046875
01a072a6-658d-79f3-bff1-2e7fd0670b76,a,D,QB20,10,1,UVH4a,7,0.07,-5850000.0,-5.85,509,1024,0.4970703125
01a072a6-658d-79f3-bff1-2e7fd0670b76,a,D,QB20,10,1,UVH4a,8,0.07,-5400000.0,-5.4,484,1024,0.47265625
01a072a6-658d-79f3-bff1-2e7fd0670b76,a,D,QB20,10,1,UVH4a,9,0.07,-4950000.0,-4.95,510,1024,0.498046875
01a072a6-658d-79f3-bff1-2e7fd0670b76,a,D,QB20,10,1,UVH4a,10,0.07,-4500000.0,-4.5,510,1024,0.498046875
01a072a6-658d-79f3-bff1-2e7fd0670b76,a,D,QB20,10,1,UVH4a,11,0.07,-4050000.0,-4.05,496,1024,0.484375
01a072a6-658d-79f3-bff1-2e7fd0670b76,a,D,QB20,10,1,UVH4a,12,0.07,-3600000.0,-3.6,514,1024,0.501953125
01a072a6-658d-79f3-bff1-2e7fd0670b76,a,D,QB20,10,1,UVH4a,13,0.07,-3150000.0,-3.15,481,1024,0.4697265625
01a072a6-658d-79f3-bff1-2e7fd0670b76,a,D,QB20,10,1,UVH4a,14,0.07,-2700000.0,-2.7,476,1024,0.46484375
01a072a6-658d-79f3-bff1-2e7fd0670b76,a,D,QB20,10,1,UVH4a,15,0.07,-2250000.0,-2.25,501,1024,0.4892578125
01a072a6-658d-79f3-bff1-2e7fd0670b76,a,D,QB20,10,1,UVH4a,16,0.07,-1800000.0,-1.8,519,1024,0.5068359375
01a072a6-658d-79f3-bff1-2e7fd0670b76,a,D,QB20,10,1,UVH4a,17,0.07,-1350000.0,-1.35,523,1024,0.5107421875
01a072a6-658d-79f3-bff1-2e7fd0670b76,a,D,QB20,10,1,UVH4a,18,0.07,-900000.0,-0.9,494,1024,0.482421875
01a072a6-658d-79f3-bff1-2e7fd0670b76,a,D,QB20,10,1,UVH4a,19,0.07,-450000.0,-0.45,530,1024,0.517578125
01a072a6-658d-79f3-bff1-2e7fd0670b76,a,D,QB20,10,1,UVH4a,20,0.07,0.0,0.0,530,1024,0.517578125
01a072a6-658d-79f3-bff1-2e7fd0670b76,a,D,QB20,10,1,UVH4a,21,0.07,450000.0,0.45,513,1024,0.5009765625
01a072a6-658d-79f3-bff1-2e7fd0670b76,a,D,QB20,10,1,UVH4a,22,0.07,900000.0,0.9,501,1024,0.4892578125
01a072a6-658d-79f3-bff1-2e7fd0670b76,a,D,QB20,10,1,UVH4a,23,0.07,1350000.0,1.35,504,1024,0.4921875
01a072a6-658d-79f3-bff1-2e7fd0670b76,a,D,QB20,10,1,UVH4a,24,0.07,1800000.0,1.8,497,1024,0.4853515625
01a072a6-658d-79f3-bff1-2e7fd0670b76,a,D,QB20,10,1,UVH4a,25,0.07,2250000.0,2.25,542,1024,0.529296875
01a072a6-658d-79f3-bff1-2e7fd0670b76,a,D,QB20,10,1,UVH4a,26,0.07,2700000.0,2.7,523,1024,0.5107421875
01a072a6-658d-79f3-bff1-2e7fd0670b76,a,D,QB20,10,1,UVH4a,27,0.07,3150000.0,3.15,503,1024,0.4912109375
01a072a6-658d-79f3-bff1-2e7fd0670b76,a,D,QB20,10,1,UVH4a,28,0.07,3600000.0,3.6,477,1024,0.4658203125
01a072a6-658d-79f3-bff1-2e7fd0670b76,a,D,QB20,10,1,UVH4a,29,0.07,4050000.0,4.05,514,1024,0.501953125
01a072a6-658d-79f3-bff1-2e7fd0670b76,a,D,QB20,10,1,UVH4a,30,0.07,4500000.0,4.5,497,1024,0.4853515625
01a072a6-658d-79f3-bff1-2e7fd0670b76,a,D,QB20,10,1,UVH4a,31,0.07,4950000.0,4.95,494,1024,0.482421875
01a072a6-658d-79f3-bff1-2e7fd0670b76,a,D,QB20,10,1,UVH4a,32,0.07,5400000.0,5.4,499,1024,0.4873046875
01a072a6-658d-79f3-bff1-2e7fd0670b76,a,D,QB20,10,1,UVH4a,33,0.07,5850000.0,5.85,492,1024,0.48046875
01a072a6-658d-79f3-bff1-2e7fd0670b76,a,D,QB20,10,1,UVH4a,34,0.07,6300000.0,6.3,491,1024,0.4794921875
01a072a6-658d-79f3-bff1-2e7fd0670b76,a,D,QB20,10,1,UVH4a,35,0.07,6750000.0,6.75,521,1024,0.5087890625
01a072a6-658d-79f3-bff1-2e7fd0670b76,a,D,QB20,10,1,UVH4a,36,0.07,7200000.0,7.2,528,1024,0.515625
01a072a6-658d-79f3-bff1-2e7fd0670b76,a,D,QB20,10,1,UVH4a,37,0.07,7650000.0,7.65,559,1024,0.5458984375
01a072a6-658d-79f3-bff1-2e7fd0670b76,a,D,QB20,10,1,UVH4a,38,0.07,8100000.0,8.1,559,1024,0.5458984375
01a072a6-658d-79f3-bff1-2e7fd0670b76,a,D,QB20,10,1,UVH4a,39,0.07,8550000.0,8.55,560,1024,0.546875
01a072a6-658d-79f3-bff1-2e7fd0670b76,a,D,QB20,10,1,UVH4a,40,0.07,9000000.0,9.0,586,1024,0.572265625
01a072a6-658d-79f3-bff1-2e7fd0670b76,a,D,QB20,10,2,UVH5a,0,0.07,-9000000.0,-9.0,374,1024,0.365234375
01a072a6-658d-79f3-bff1-2e7fd0670b76,a,D,QB20,10,2,UVH5a,1,0.07,-8550000.0,-8.55,419,1024,0.4091796875
01a072a6-658d-79f3-bff1-2e7fd0670b76,a,D,QB20,10,2,UVH5a,2,0.07,-8100000.0,-8.1,364,1024,0.35546875
01a072a6-658d-79f3-bff1-2e7fd0670b76,a,D,QB20,10,2,UVH5a,3,0.07,-7650000.0,-7.65,430,1024,0.419921875
01a072a6-658d-79f3-bff1-2e7fd0670b76,a,D,QB20,10,2,UVH5a,4,0.07,-7200000.0,-7.2,400,1024,0.390625
01a072a6-658d-79f3-bff1-2e7fd0670b76,a,D,QB20,10,2,UVH5a,5,0.07,-6750000.0,-6.75,428,1024,0.41796875
01a072a6-658d-79f3-bff1-2e7fd0670b76,a,D,QB20,10,2,UVH5a,6,0.07,-6300000.0,-6.3,424,1024,0.4140625
01a072a6-658d-79f3-bff1-2e7fd0670b76,a,D,QB20,10,2,UVH5a,7,0.07,-5850000.0,-5.85,408,1024,0.3984375
01a072a6-658d-79f3-bff1-2e7fd0670b76,a,D,QB20,10,2,UVH5a,8,0.07,-5400000.0,-5.4,432,1024,0.421875
01a072a6-658d-79f3-bff1-2e7fd0670b76,a,D,QB20,10,2,UVH5a,9,0.07,-4950000.0,-4.95,440,1024,0.4296875
01a072a6-658d-79f3-bff1-2e7fd0670b76,a,D,QB20,10,2,UVH5a,10,0.07,-4500000.0,-4.5,457,1024,0.4462890625
01a072a6-658d-79f3-bff1-2e7fd0670b76,a,D,QB20,10,2,UVH5a,11,0.07,-4050000.0,-4.05,496,1024,0.484375
01a072a6-658d-79f3-bff1-2e7fd0670b76,a,D,QB20,10,2,UVH5a,12,0.07,-3600000.0,-3.6,433,1024,0.4228515625
01a072a6-658d-79f3-bff1-2e7fd0670b76,a,D,QB20,10,2,UVH5a,13,0.07,-3150000.0,-3.15,464,1024,0.453125
01a072a6-658d-79f3-bff1-2e7fd0670b76,a,D,QB20,10,2,UVH5a,14,0.07,-2700000.0,-2.7,500,1024,0.48828125
01a072a6-658d-79f3-bff1-2e7fd0670b76,a,D,QB20,10,2,UVH5a,15,0.07,-2250000.0,-2.25,491,1024,0.4794921875
01a072a6-658d-79f3-bff1-2e7fd0670b76,a,D,QB20,10,2,UVH5a,16,0.07,-1800000.0,-1.8,521,1024,0.5087890625
01a072a6-658d-79f3-bff1-2e7fd0670b76,a,D,QB20,10,2,UVH5a,17,0.07,-1350000.0,-1.35,497,1024,0.4853515625
01a072a6-658d-79f3-bff1-2e7fd0670b76,a,D,QB20,10,2,UVH5a,18,0.07,-900000.0,-0.9,530,1024,0.517578125
01a072a6-658d-79f3-bff1-2e7fd0670b76,a,D,QB20,10,2,UVH5a,19,0.07,-450000.0,-0.45,494,1024,0.482421875
01a072a6-658d-79f3-bff1-2e7fd0670b76,a,D,QB20,10,2,UVH5a,20,0.07,0.0,0.0,521,1024,0.5087890625
01a072a6-658d-79f3-bff1-2e7fd0670b76,a,D,QB20,10,2,UVH5a,21,0.07,450000.0,0.45,535,1024,0.5224609375
01a072a6-658d-79f3-bff1-2e7fd0670b76,a,D,QB20,10,2,UVH5a,22,0.07,900000.0,0.9,538,1024,0.525390625
01a072a6-658d-79f3-bff1-2e7fd0670b76,a,D,QB20,10,2,UVH5a,23,0.07,1350000.0,1.35,483,1024,0.4716796875
01a072a6-658d-79f3-bff1-2e7fd0670b76,a,D,QB20,10,2,UVH5a,24,0.07,1800000.0,1.8,503,1024,0.4912109375
01a072a6-658d-79f3-bff1-2e7fd0670b76,a,D,QB20,10,2,UVH5a,25,0.07,2250000.0,2.25,517,1024,0.5048828125
01a072a6-658d-79f3-bff1-2e7fd0670b76,a,D,QB20,10,2,UVH5a,26,0.07,2700000.0,2.7,507,1024,0.4951171875
01a072a6-658d-79f3-bff1-2e7fd0670b76,a,D,QB20,10,2,UVH5a,27,0.07,3150000.0,3.15,509,1024,0.4970703125
01a072a6-658d-79f3-bff1-2e7fd0670b76,a,D,QB20,10,2,UVH5a,28,0.07,3600000.0,3.6,499,1024,0.4873046875
01a072a6-658d-79f3-bff1-2e7fd0670b76,a,D,QB20,10,2,UVH5a,29,0.07,4050000.0,4.05,511,1024,0.4990234375
01a072a6-658d-79f3-bff1-2e7fd0670b76,a,D,QB20,10,2,UVH5a,30,0.07,4500000.0,4.5,489,1024,0.4775390625
01a072a6-658d-79f3-bff1-2e7fd0670b76,a,D,QB20,10,2,UVH5a,31,0.07,4950000.0,4.95,473,1024,0.4619140625
01a072a6-658d-79f3-bff1-2e7fd0670b76,a,D,QB20,10,2,UVH5a,32,0.07,5400000.0,5.4,462,1024,0.451171875
01a072a6-658d-79f3-bff1-2e7fd0670b76,a,D,QB20,10,2,UVH5a,33,0.07,5850000.0,5.85,443,1024,0.4326171875
01a072a6-658d-79f3-bff1-2e7fd0670b76,a,D,QB20,10,2,UVH5a,34,0.07,6300000.0,6.3,459,1024,0.4482421875
01a072a6-658d-79f3-bff1-2e7fd0670b76,a,D,QB20,10,2,UVH5a,35,0.07,6750000.0,6.75,467,1024,0.4560546875
01a072a6-658d-79f3-bff1-2e7fd0670b76,a,D,QB20,10,2,UVH5a,36,0.07,7200000.0,7.2,432,1024,0.421875
01a072a6-658d-79f3-bff1-2e7fd0670b76,a,D,QB20,10,2,UVH5a,37,0.07,7650000.0,7.65,424,1024,0.4140625
01a072a6-658d-79f3-bff1-2e7fd0670b76,a,D,QB20,10,2,UVH5a,38,0.07,8100000.0,8.1,415,1024,0.4052734375
01a072a6-658d-79f3-bff1-2e7fd0670b76,a,D,QB20,10,2,UVH5a,39,0.07,8550000.0,8.55,416,1024,0.40625
01a072a6-658d-79f3-bff1-2e7fd0670b76,a,D,QB20,10,2,UVH5a,40,0.07,9000000.0,9.0,390,1024,0.380859375
01a072a6-658d-79f3-bff1-2e7fd0670b76,a,D,QB20,10,3,UVH6a,0,0.07,-9000000.0,-9.0,523,1024,0.5107421875
01a072a6-658d-79f3-bff1-2e7fd0670b76,a,D,QB20,10,3,UVH6a,1,0.07,-8550000.0,-8.55,486,1024,0.474609375
01a072a6-658d-79f3-bff1-2e7fd0670b76,a,D,QB20,10,3,UVH6a,2,0.07,-8100000.0,-8.1,478,1024,0.466796875
01a072a6-658d-79f3-bff1-2e7fd0670b76,a,D,QB20,10,3,UVH6a,3,0.07,-7650000.0,-7.65,482,1024,0.470703125
01a072a6-658d-79f3-bff1-2e7fd0670b76,a,D,QB20,10,3,UVH6a,4,0.07,-7200000.0,-7.2,488,1024,0.4765625
01a072a6-658d-79f3-bff1-2e7fd0670b76,a,D,QB20,10,3,UVH6a,5,0.07,-6750000.0,-6.75,497,1024,0.4853515625
01a072a6-658d-79f3-bff1-2e7fd0670b76,a,D,QB20,10,3,UVH6a,6,0.07,-6300000.0,-6.3,497,1024,0.4853515625
01a072a6-658d-79f3-bff1-2e7fd0670b76,a,D,QB20,10,3,UVH6a,7,0.07,-5850000.0,-5.85,461,1024,0.4501953125
01a072a6-658d-79f3-bff1-2e7fd0670b76,a,D,QB20,10,3,UVH6a,8,0.07,-5400000.0,-5.4,475,1024,0.4638671875
01a072a6-658d-79f3-bff1-2e7fd0670b76,a,D,QB20,10,3,UVH6a,9,0.07,-4950000.0,-4.95,480,1024,0.46875
01a072a6-658d-79f3-bff1-2e7fd0670b76,a,D,QB20,10,3,UVH6a,10,0.07,-4500000.0,-4.5,476,1024,0.46484375
01a072a6-658d-79f3-bff1-2e7fd0670b76,a,D,QB20,10,3,UVH6a,11,0.07,-4050000.0,-4.05,456,1024,0.4453125
01a072a6-658d-79f3-bff1-2e7fd0670b76,a,D,QB20,10,3,UVH6a,12,0.07,-3600000.0,-3.6,487,1024,0.4755859375
01a072a6-658d-79f3-bff1-2e7fd0670b76,a,D,QB20,10,3,UVH6a,13,0.07,-3150000.0,-3.15,500,1024,0.48828125
01a072a6-658d-79f3-bff1-2e7fd0670b76,a,D,QB20,10,3,UVH6a,14,0.07,-2700000.0,-2.7,490,1024,0.478515625
01a072a6-658d-79f3-bff1-2e7fd0670b76,a,D,QB20,10,3,UVH6a,15,0.07,-2250000.0,-2.25,457,1024,0.4462890625
01a072a6-658d-79f3-bff1-2e7fd0670b76,a,D,QB20,10,3,UVH6a,16,0.07,-1800000.0,-1.8,492,1024,0.48046875
01a072a6-658d-79f3-bff1-2e7fd0670b76,a,D,QB20,10,3,UVH6a,17,0.07,-1350000.0,-1.35,500,1024,0.48828125
01a072a6-658d-79f3-bff1-2e7fd0670b76,a,D,QB20,10,3,UVH6a,18,0.07,-900000.0,-0.9,484,1024,0.47265625
01a072a6-658d-79f3-bff1-2e7fd0670b76,a,D,QB20,10,3,UVH6a,19,0.07,-450000.0,-0.45,524,1024,0.51171875
01a072a6-658d-79f3-bff1-2e7fd0670b76,a,D,QB20,10,3,UVH6a,20,0.07,0.0,0.0,490,1024,0.478515625
01a072a6-658d-79f3-bff1-2e7fd0670b76,a,D,QB20,10,3,UVH6a,21,0.07,450000.0,0.45,482,1024,0.470703125
01a072a6-658d-79f3-bff1-2e7fd0670b76,a,D,QB20,10,3,UVH6a,22,0.07,900000.0,0.9,521,1024,0.5087890625
01a072a6-658d-79f3-bff1-2e7fd0670b76,a,D,QB20,10,3,UVH6a,23,0.07,1350000.0,1.35,533,1024,0.5205078125
01a072a6-658d-79f3-bff1-2e7fd0670b76,a,D,QB20,10,3,UVH6a,24,0.07,1800000.0,1.8,491,1024,0.4794921875
01a072a6-658d-79f3-bff1-2e7fd0670b76,a,D,QB20,10,3,UVH6a,25,0.07,2250000.0,2.25,515,1024,0.5029296875
01a072a6-658d-79f3-bff1-2e7fd0670b76,a,D,QB20,10,3,UVH6a,26,0.07,2700000.0,2.7,541,1024,0.5283203125
01a072a6-658d-79f3-bff1-2e7fd0670b76,a,D,QB20,10,3,UVH6a,27,0.07,3150000.0,3.15,502,1024,0.490234375
01a072a6-658d-79f3-bff1-2e7fd0670b76,a,D,QB20,10,3,UVH6a,28,0.07,3600000.0,3.6,555,1024,0.5419921875
01a072a6-658d-79f3-bff1-2e7fd0670b76,a,D,QB20,10,3,UVH6a,29,0.07,4050000.0,4.05,539,1024,0.5263671875
01a072a6-658d-79f3-bff1-2e7fd0670b76,a,D,QB20,10,3,UVH6a,30,0.07,4500000.0,4.5,522,1024,0.509765625
01a072a6-658d-79f3-bff1-2e7fd0670b76,a,D,QB20,10,3,UVH6a,31,0.07,4950000.0,4.95,536,1024,0.5234375
01a072a6-658d-79f3-bff1-2e7fd0670b76,a,D,QB20,10,3,UVH6a,32,0.07,5400000.0,5.4,567,1024,0.5537109375
01a072a6-658d-79f3-bff1-2e7fd0670b76,a,D,QB20,10,3,UVH6a,33,0.07,5850000.0,5.85,560,1024,0.546875
01a072a6-658d-79f3-bff1-2e7fd0670b76,a,D,QB20,10,3,UVH6a,34,0.07,6300000.0,6.3,584,1024,0.5703125
01a072a6-658d-79f3-bff1-2e7fd0670b76,a,D,QB20,10,3,UVH6a,35,0.07,6750000.0,6.75,609,1024,0.5947265625
01a072a6-658d-79f3-bff1-2e7fd0670b76,a,D,QB20,10,3,UVH6a,36,0.07,7200000.0,7.2,578,1024,0.564453125
01a072a6-658d-79f3-bff1-2e7fd0670b76,a,D,QB20,10,3,UVH6a,37,0.07,7650000.0,7.65,617,1024,0.6025390625
01a072a6-658d-79f3-bff1-2e7fd0670b76,a,D,QB20,10,3,UVH6a,38,0.07,8100000.0,8.1,640,1024,0.625
01a072a6-658d-79f3-bff1-2e7fd0670b76,a,D,QB20,10,3,UVH6a,39,0.07,8550000.0,8.55,639,1024,0.6240234375
01a072a6-658d-79f3-bff1-2e7fd0670b76,a,D,QB20,10,3,UVH6a,40,0.07,9000000.0,9.0,645,1024,0.6298828125
01a072a6-658d-79f3-bff1-2e7fd0670b76,a,D,QB20,10,4,UVH7a,0,0.07,-9000000.0,-9.0,571,1024,0.5576171875
01a072a6-658d-79f3-bff1-2e7fd0670b76,a,D,QB20,10,4,UVH7a,1,0.07,-8550000.0,-8.55,546,1024,0.533203125
01a072a6-658d-79f3-bff1-2e7fd0670b76,a,D,QB20,10,4,UVH7a,2,0.07,-8100000.0,-8.1,528,1024,0.515625
01a072a6-658d-79f3-bff1-2e7fd0670b76,a,D,QB20,10,4,UVH7a,3,0.07,-7650000.0,-7.65,535,1024,0.5224609375
01a072a6-658d-79f3-bff1-2e7fd0670b76,a,D,QB20,10,4,UVH7a,4,0.07,-7200000.0,-7.2,521,1024,0.5087890625
01a072a6-658d-79f3-bff1-2e7fd0670b76,a,D,QB20,10,4,UVH7a,5,0.07,-6750000.0,-6.75,524,1024,0.51171875
01a072a6-658d-79f3-bff1-2e7fd0670b76,a,D,QB20,10,4,UVH7a,6,0.07,-6300000.0,-6.3,504,1024,0.4921875
01a072a6-658d-79f3-bff1-2e7fd0670b76,a,D,QB20,10,4,UVH7a,7,0.07,-5850000.0,-5.85,538,1024,0.525390625
01a072a6-658d-79f3-bff1-2e7fd0670b76,a,D,QB20,10,4,UVH7a,8,0.07,-5400000.0,-5.4,514,1024,0.501953125
01a072a6-658d-79f3-bff1-2e7fd0670b76,a,D,QB20,10,4,UVH7a,9,0.07,-4950000.0,-4.95,505,1024,0.4931640625
01a072a6-658d-79f3-bff1-2e7fd0670b76,a,D,QB20,10,4,UVH7a,10,0.07,-4500000.0,-4.5,541,1024,0.5283203125
01a072a6-658d-79f3-bff1-2e7fd0670b76,a,D,QB20,10,4,UVH7a,11,0.07,-4050000.0,-4.05,531,1024,0.5185546875
01a072a6-658d-79f3-bff1-2e7fd0670b76,a,D,QB20,10,4,UVH7a,12,0.07,-3600000.0,-3.6,492,1024,0.48046875
01a072a6-658d-79f3-bff1-2e7fd0670b76,a,D,QB20,10,4,UVH7a,13,0.07,-3150000.0,-3.15,483,1024,0.4716796875
01a072a6-658d-79f3-bff1-2e7fd0670b76,a,D,QB20,10,4,UVH7a,14,0.07,-2700000.0,-2.7,484,1024,0.47265625
01a072a6-658d-79f3-bff1-2e7fd0670b76,a,D,QB20,10,4,UVH7a,15,0.07,-2250000.0,-2.25,500,1024,0.48828125
01a072a6-658d-79f3-bff1-2e7fd0670b76,a,D,QB20,10,4,UVH7a,16,0.07,-1800000.0,-1.8,512,1024,0.5
01a072a6-658d-79f3-bff1-2e7fd0670b76,a,D,QB20,10,4,UVH7a,17,0.07,-1350000.0,-1.35,488,1024,0.4765625
01a072a6-658d-79f3-bff1-2e7fd0670b76,a,D,QB20,10,4,UVH7a,18,0.07,-900000.0,-0.9,532,1024,0.51953125
01a072a6-658d-79f3-bff1-2e7fd0670b76,a,D,QB20,10,4,UVH7a,19,0.07,-450000.0,-0.45,520,1024,0.5078125
01a072a6-658d-79f3-bff1-2e7fd0670b76,a,D,QB20,10,4,UVH7a,20,0.07,0.0,0.0,497,1024,0.4853515625
01a072a6-658d-79f3-bff1-2e7fd0670b76,a,D,QB20,10,4,UVH7a,21,0.07,450000.0,0.45,488,1024,0.4765625
01a072a6-658d-79f3-bff1-2e7fd0670b76,a,D,QB20,10,4,UVH7a,22,0.07,900000.0,0.9,493,1024,0.4814453125
01a072a6-658d-79f3-bff1-2e7fd0670b76,a,D,QB20,10,4,UVH7a,23,0.07,1350000.0,1.35,496,1024,0.484375
01a072a6-658d-79f3-bff1-2e7fd0670b76,a,D,QB20,10,4,UVH7a,24,0.07,1800000.0,1.8,513,1024,0.5009765625
01a072a6-658d-79f3-bff1-2e7fd0670b76,a,D,QB20,10,4,UVH7a,25,0.07,2250000.0,2.25,500,1024,0.48828125
01a072a6-658d-79f3-bff1-2e7fd0670b76,a,D,QB20,10,4,UVH7a,26,0.07,2700000.0,2.7,495,1024,0.4833984375
01a072a6-658d-79f3-bff1-2e7fd0670b76,a,D,QB20,10,4,UVH7a,27,0.07,3150000.0,3.15,522,1024,0.509765625
01a072a6-658d-79f3-bff1-2e7fd0670b76,a,D,QB20,10,4,UVH7a,28,0.07,3600000.0,3.6,496,1024,0.484375
01a072a6-658d-79f3-bff1-2e7fd0670b76,a,D,QB20,10,4,UVH7a,29,0.07,4050000.0,4.05,521,1024,0.5087890625
01a072a6-658d-79f3-bff1-2e7fd0670b76,a,D,QB20,10,4,UVH7a,30,0.07,4500000.0,4.5,484,1024,0.47265625
01a072a6-658d-79f3-bff1-2e7fd0670b76,a,D,QB20,10,4,UVH7a,31,0.07,4950000.0,4.95,488,1024,0.4765625
01a072a6-658d-79f3-bff1-2e7fd0670b76,a,D,QB20,10,4,UVH7a,32,0.07,5400000.0,5.4,500,1024,0.48828125
01a072a6-658d-79f3-bff1-2e7fd0670b76,a,D,QB20,10,4,UVH7a,33,0.07,5850000.0,5.85,459,1024,0.4482421875
01a072a6-658d-79f3-bff1-2e7fd0670b76,a,D,QB20,10,4,UVH7a,34,0.07,6300000.0,6.3,466,1024,0.455078125
01a072a6-658d-79f3-bff1-2e7fd0670b76,a,D,QB20,10,4,UVH7a,35,0.07,6750000.0,6.75,413,1024,0.4033203125
01a072a6-658d-79f3-bff1-2e7fd0670b76,a,D,QB20,10,4,UVH7a,36,0.07,7200000.0,7.2,417,1024,0.4072265625
01a072a6-658d-79f3-bff1-2e7fd0670b76,a,D,QB20,10,4,UVH7a,37,0.07,7650000.0,7.65,379,1024,0.3701171875
01a072a6-658d-79f3-bff1-2e7fd0670b76,a,D,QB20,10,4,UVH7a,38,0.07,8100000.0,8.1,349,1024,0.3408203125
01a072a6-658d-79f3-bff1-2e7fd0670b76,a,D,QB20,10,4,UVH7a,39,0.07,8550000.0,8.55,377,1024,0.3681640625
01a072a6-658d-79f3-bff1-2e7fd0670b76,a,D,QB20,10,4,UVH7a,40,0.07,9000000.0,9.0,334,1024,0.326171875
01a072a6-658d-79f3-bff1-2e7fd0670b76,a,D,QB20,10,5,UVH8a,0,0.07,-9000000.0,-9.0,508,1024,0.49609375
01a072a6-658d-79f3-bff1-2e7fd0670b76,a,D,QB20,10,5,UVH8a,1,0.07,-8550000.0,-8.55,480,1024,0.46875
01a072a6-658d-79f3-bff1-2e7fd0670b76,a,D,QB20,10,5,UVH8a,2,0.07,-8100000.0,-8.1,480,1024,0.46875
01a072a6-658d-79f3-bff1-2e7fd0670b76,a,D,QB20,10,5,UVH8a,3,0.07,-7650000.0,-7.65,500,1024,0.48828125
01a072a6-658d-79f3-bff1-2e7fd0670b76,a,D,QB20,10,5,UVH8a,4,0.07,-7200000.0,-7.2,445,1024,0.4345703125
01a072a6-658d-79f3-bff1-2e7fd0670b76,a,D,QB20,10,5,UVH8a,5,0.07,-6750000.0,-6.75,477,1024,0.4658203125
01a072a6-658d-79f3-bff1-2e7fd0670b76,a,D,QB20,10,5,UVH8a,6,0.07,-6300000.0,-6.3,475,1024,0.4638671875
01a072a6-658d-79f3-bff1-2e7fd0670b76,a,D,QB20,10,5,UVH8a,7,0.07,-5850000.0,-5.85,462,1024,0.451171875
01a072a6-658d-79f3-bff1-2e7fd0670b76,a,D,QB20,10,5,UVH8a,8,0.07,-5400000.0,-5.4,501,1024,0.4892578125
01a072a6-658d-79f3-bff1-2e7fd0670b76,a,D,QB20,10,5,UVH8a,9,0.07,-4950000.0,-4.95,464,1024,0.453125
01a072a6-658d-79f3-bff1-2e7fd0670b76,a,D,QB20,10,5,UVH8a,10,0.07,-4500000.0,-4.5,494,1024,0.482421875
01a072a6-658d-79f3-bff1-2e7fd0670b76,a,D,QB20,10,5,UVH8a,11,0.07,-4050000.0,-4.05,458,1024,0.447265625
01a072a6-658d-79f3-bff1-2e7fd0670b76,a,D,QB20,10,5,UVH8a,12,0.07,-3600000.0,-3.6,477,1024,0.4658203125
01a072a6-658d-79f3-bff1-2e7fd0670b76,a,D,QB20,10,5,UVH8a,13,0.07,-3150000.0,-3.15,457,1024,0.4462890625
01a072a6-658d-79f3-bff1-2e7fd0670b76,a,D,QB20,10,5,UVH8a,14,0.07,-2700000.0,-2.7,479,1024,0.4677734375
01a072a6-658d-79f3-bff1-2e7fd0670b76,a,D,QB20,10,5,UVH8a,15,0.07,-2250000.0,-2.25,470,1024,0.458984375
01a072a6-658d-79f3-bff1-2e7fd0670b76,a,D,QB20,10,5,UVH8a,16,0.07,-1800000.0,-1.8,449,1024,0.4384765625
01a072a6-658d-79f3-bff1-2e7fd0670b76,a,D,QB20,10,5,UVH8a,17,0.07,-1350000.0,-1.35,475,1024,0.4638671875
01a072a6-658d-79f3-bff1-2e7fd0670b76,a,D,QB20,10,5,UVH8a,18,0.07,-900000.0,-0.9,474,1024,0.462890625
01a072a6-658d-79f3-bff1-2e7fd0670b76,a,D,QB20,10,5,UVH8a,19,0.07,-450000.0,-0.45,487,1024,0.4755859375
01a072a6-658d-79f3-bff1-2e7fd0670b76,a,D,QB20,10,5,UVH8a,20,0.07,0.0,0.0,476,1024,0.46484375
01a072a6-658d-79f3-bff1-2e7fd0670b76,a,D,QB20,10,5,UVH8a,21,0.07,450000.0,0.45,472,1024,0.4609375
01a072a6-658d-79f3-bff1-2e7fd0670b76,a,D,QB20,10,5,UVH8a,22,0.07,900000.0,0.9,479,1024,0.4677734375
01a072a6-658d-79f3-bff1-2e7fd0670b76,a,D,QB20,10,5,UVH8a,23,0.07,1350000.0,1.35,482,1024,0.470703125
01a072a6-658d-79f3-bff1-2e7fd0670b76,a,D,QB20,10,5,UVH8a,24,0.07,1800000.0,1.8,472,1024,0.4609375
01a072a6-658d-79f3-bff1-2e7fd0670b76,a,D,QB20,10,5,UVH8a,25,0.07,2250000.0,2.25,477,1024,0.4658203125
01a072a6-658d-79f3-bff1-2e7fd0670b76,a,D,QB20,10,5,UVH8a,26,0.07,2700000.0,2.7,485,1024,0.4736328125
01a072a6-658d-79f3-bff1-2e7fd0670b76,a,D,QB20,10,5,UVH8a,27,0.07,3150000.0,3.15,505,1024,0.4931640625
01a072a6-658d-79f3-bff1-2e7fd0670b76,a,D,QB20,10,5,UVH8a,28,0.07,3600000.0,3.6,486,1024,0.474609375
01a072a6-658d-79f3-bff1-2e7fd0670b76,a,D,QB20,10,5,UVH8a,29,0.07,4050000.0,4.05,476,1024,0.46484375
01a072a6-658d-79f3-bff1-2e7fd0670b76,a,D,QB20,10,5,UVH8a,30,0.07,4500000.0,4.5,498,1024,0.486328125
01a072a6-658d-79f3-bff1-2e7fd0670b76,a,D,QB20,10,5,UVH8a,31,0.07,4950000.0,4.95,498,1024,0.486328125
01a072a6-658d-79f3-bff1-2e7fd0670b76,a,D,QB20,10,5,UVH8a,32,0.07,5400000.0,5.4,483,1024,0.4716796875
01a072a6-658d-79f3-bff1-2e7fd0670b76,a,D,QB20,10,5,UVH8a,33,0.07,5850000.0,5.85,518,1024,0.505859375
01a072a6-658d-79f3-bff1-2e7fd0670b76,a,D,QB20,10,5,UVH8a,34,0.07,6300000.0,6.3,503,1024,0.4912109375
01a072a6-658d-79f3-bff1-2e7fd0670b76,a,D,QB20,10,5,UVH8a,35,0.07,6750000.0,6.75,504,1024,0.4921875
01a072a6-658d-79f3-bff1-2e7fd0670b76,a,D,QB20,10,5,UVH8a,36,0.07,7200000.0,7.2,514,1024,0.501953125
01a072a6-658d-79f3-bff1-2e7fd0670b76,a,D,QB20,10,5,UVH8a,37,0.07,7650000.0,7.65,462,1024,0.451171875
01a072a6-658d-79f3-bff1-2e7fd0670b76,a,D,QB20,10,5,UVH8a,38,0.07,8100000.0,8.1,477,1024,0.4658203125
01a072a6-658d-79f3-bff1-2e7fd0670b76,a,D,QB20,10,5,UVH8a,39,0.07,8550000.0,8.55,453,1024,0.4423828125
01a072a6-658d-79f3-bff1-2e7fd0670b76,a,D,QB20,10,5,UVH8a,40,0.07,9000000.0,9.0,432,1024,0.421875
01a072a6-658d-79f3-bff1-2e7fd0670b76,a,D,QB9,11,0,standard_pi_2,0,0.07,-9000000.0,-9.0,576,1024,0.5625
01a072a6-658d-79f3-bff1-2e7fd0670b76,a,D,QB9,11,0,standard_pi_2,1,0.07,-8550000.0,-8.55,597,1024,0.5830078125
01a072a6-658d-79f3-bff1-2e7fd0670b76,a,D,QB9,11,0,standard_pi_2,2,0.07,-8100000.0,-8.1,593,1024,0.5791015625
01a072a6-658d-79f3-bff1-2e7fd0670b76,a,D,QB9,11,0,standard_pi_2,3,0.07,-7650000.0,-7.65,600,1024,0.5859375
01a072a6-658d-79f3-bff1-2e7fd0670b76,a,D,QB9,11,0,standard_pi_2,4,0.07,-7200000.0,-7.2,596,1024,0.58203125
01a072a6-658d-79f3-bff1-2e7fd0670b76,a,D,QB9,11,0,standard_pi_2,5,0.07,-6750000.0,-6.75,588,1024,0.57421875
01a072a6-658d-79f3-bff1-2e7fd0670b76,a,D,QB9,11,0,standard_pi_2,6,0.07,-6300000.0,-6.3,595,1024,0.5810546875
01a072a6-658d-79f3-bff1-2e7fd0670b76,a,D,QB9,11,0,standard_pi_2,7,0.07,-5850000.0,-5.85,572,1024,0.55859375
01a072a6-658d-79f3-bff1-2e7fd0670b76,a,D,QB9,11,0,standard_pi_2,8,0.07,-5400000.0,-5.4,581,1024,0.5673828125
01a072a6-658d-79f3-bff1-2e7fd0670b76,a,D,QB9,11,0,standard_pi_2,9,0.07,-4950000.0,-4.95,577,1024,0.5634765625
01a072a6-658d-79f3-bff1-2e7fd0670b76,a,D,QB9,11,0,standard_pi_2,10,0.07,-4500000.0,-4.5,584,1024,0.5703125
01a072a6-658d-79f3-bff1-2e7fd0670b76,a,D,QB9,11,0,standard_pi_2,11,0.07,-4050000.0,-4.05,584,1024,0.5703125
01a072a6-658d-79f3-bff1-2e7fd0670b76,a,D,QB9,11,0,standard_pi_2,12,0.07,-3600000.0,-3.6,559,1024,0.5458984375
01a072a6-658d-79f3-bff1-2e7fd0670b76,a,D,QB9,11,0,standard_pi_2,13,0.07,-3150000.0,-3.15,606,1024,0.591796875
01a072a6-658d-79f3-bff1-2e7fd0670b76,a,D,QB9,11,0,standard_pi_2,14,0.07,-2700000.0,-2.7,566,1024,0.552734375
01a072a6-658d-79f3-bff1-2e7fd0670b76,a,D,QB9,11,0,standard_pi_2,15,0.07,-2250000.0,-2.25,603,1024,0.5888671875
01a072a6-658d-79f3-bff1-2e7fd0670b76,a,D,QB9,11,0,standard_pi_2,16,0.07,-1800000.0,-1.8,570,1024,0.556640625
01a072a6-658d-79f3-bff1-2e7fd0670b76,a,D,QB9,11,0,standard_pi_2,17,0.07,-1350000.0,-1.35,555,1024,0.5419921875
01a072a6-658d-79f3-bff1-2e7fd0670b76,a,D,QB9,11,0,standard_pi_2,18,0.07,-900000.0,-0.9,563,1024,0.5498046875
01a072a6-658d-79f3-bff1-2e7fd0670b76,a,D,QB9,11,0,standard_pi_2,19,0.07,-450000.0,-0.45,566,1024,0.552734375
01a072a6-658d-79f3-bff1-2e7fd0670b76,a,D,QB9,11,0,standard_pi_2,20,0.07,0.0,0.0,552,1024,0.5390625
01a072a6-658d-79f3-bff1-2e7fd0670b76,a,D,QB9,11,0,standard_pi_2,21,0.07,450000.0,0.45,570,1024,0.556640625
01a072a6-658d-79f3-bff1-2e7fd0670b76,a,D,QB9,11,0,standard_pi_2,22,0.07,900000.0,0.9,562,1024,0.548828125
01a072a6-658d-79f3-bff1-2e7fd0670b76,a,D,QB9,11,0,standard_pi_2,23,0.07,1350000.0,1.35,585,1024,0.5712890625
01a072a6-658d-79f3-bff1-2e7fd0670b76,a,D,QB9,11,0,standard_pi_2,24,0.07,1800000.0,1.8,555,1024,0.5419921875
01a072a6-658d-79f3-bff1-2e7fd0670b76,a,D,QB9,11,0,standard_pi_2,25,0.07,2250000.0,2.25,550,1024,0.537109375
01a072a6-658d-79f3-bff1-2e7fd0670b76,a,D,QB9,11,0,standard_pi_2,26,0.07,2700000.0,2.7,544,1024,0.53125
01a072a6-658d-79f3-bff1-2e7fd0670b76,a,D,QB9,11,0,standard_pi_2,27,0.07,3150000.0,3.15,560,1024,0.546875
01a072a6-658d-79f3-bff1-2e7fd0670b76,a,D,QB9,11,0,standard_pi_2,28,0.07,3600000.0,3.6,536,1024,0.5234375
01a072a6-658d-79f3-bff1-2e7fd0670b76,a,D,QB9,11,0,standard_pi_2,29,0.07,4050000.0,4.05,534,1024,0.521484375
01a072a6-658d-79f3-bff1-2e7fd0670b76,a,D,QB9,11,0,standard_pi_2,30,0.07,4500000.0,4.5,510,1024,0.498046875
01a072a6-658d-79f3-bff1-2e7fd0670b76,a,D,QB9,11,0,standard_pi_2,31,0.07,4950000.0,4.95,524,1024,0.51171875
01a072a6-658d-79f3-bff1-2e7fd0670b76,a,D,QB9,11,0,standard_pi_2,32,0.07,5400000.0,5.4,496,1024,0.484375
01a072a6-658d-79f3-bff1-2e7fd0670b76,a,D,QB9,11,0,standard_pi_2,33,0.07,5850000.0,5.85,517,1024,0.5048828125
01a072a6-658d-79f3-bff1-2e7fd0670b76,a,D,QB9,11,0,standard_pi_2,34,0.07,6300000.0,6.3,522,1024,0.509765625
01a072a6-658d-79f3-bff1-2e7fd0670b76,a,D,QB9,11,0,standard_pi_2,35,0.07,6750000.0,6.75,518,1024,0.505859375
01a072a6-658d-79f3-bff1-2e7fd0670b76,a,D,QB9,11,0,standard_pi_2,36,0.07,7200000.0,7.2,517,1024,0.5048828125
01a072a6-658d-79f3-bff1-2e7fd0670b76,a,D,QB9,11,0,standard_pi_2,37,0.07,7650000.0,7.65,515,1024,0.5029296875
01a072a6-658d-79f3-bff1-2e7fd0670b76,a,D,QB9,11,0,standard_pi_2,38,0.07,8100000.0,8.1,464,1024,0.453125
01a072a6-658d-79f3-bff1-2e7fd0670b76,a,D,QB9,11,0,standard_pi_2,39,0.07,8550000.0,8.55,469,1024,0.4580078125
01a072a6-658d-79f3-bff1-2e7fd0670b76,a,D,QB9,11,0,standard_pi_2,40,0.07,9000000.0,9.0,478,1024,0.466796875
01a072a6-658d-79f3-bff1-2e7fd0670b76,a,D,QB9,11,1,UVH4a,0,0.07,-9000000.0,-9.0,511,1024,0.4990234375
01a072a6-658d-79f3-bff1-2e7fd0670b76,a,D,QB9,11,1,UVH4a,1,0.07,-8550000.0,-8.55,512,1024,0.5
01a072a6-658d-79f3-bff1-2e7fd0670b76,a,D,QB9,11,1,UVH4a,2,0.07,-8100000.0,-8.1,501,1024,0.4892578125
01a072a6-658d-79f3-bff1-2e7fd0670b76,a,D,QB9,11,1,UVH4a,3,0.07,-7650000.0,-7.65,469,1024,0.4580078125
01a072a6-658d-79f3-bff1-2e7fd0670b76,a,D,QB9,11,1,UVH4a,4,0.07,-7200000.0,-7.2,505,1024,0.4931640625
01a072a6-658d-79f3-bff1-2e7fd0670b76,a,D,QB9,11,1,UVH4a,5,0.07,-6750000.0,-6.75,473,1024,0.4619140625
01a072a6-658d-79f3-bff1-2e7fd0670b76,a,D,QB9,11,1,UVH4a,6,0.07,-6300000.0,-6.3,436,1024,0.42578125
01a072a6-658d-79f3-bff1-2e7fd0670b76,a,D,QB9,11,1,UVH4a,7,0.07,-5850000.0,-5.85,458,1024,0.447265625
01a072a6-658d-79f3-bff1-2e7fd0670b76,a,D,QB9,11,1,UVH4a,8,0.07,-5400000.0,-5.4,449,1024,0.4384765625
01a072a6-658d-79f3-bff1-2e7fd0670b76,a,D,QB9,11,1,UVH4a,9,0.07,-4950000.0,-4.95,467,1024,0.4560546875
01a072a6-658d-79f3-bff1-2e7fd0670b76,a,D,QB9,11,1,UVH4a,10,0.07,-4500000.0,-4.5,475,1024,0.4638671875
01a072a6-658d-79f3-bff1-2e7fd0670b76,a,D,QB9,11,1,UVH4a,11,0.07,-4050000.0,-4.05,464,1024,0.453125
01a072a6-658d-79f3-bff1-2e7fd0670b76,a,D,QB9,11,1,UVH4a,12,0.07,-3600000.0,-3.6,460,1024,0.44921875
01a072a6-658d-79f3-bff1-2e7fd0670b76,a,D,QB9,11,1,UVH4a,13,0.07,-3150000.0,-3.15,459,1024,0.4482421875
01a072a6-658d-79f3-bff1-2e7fd0670b76,a,D,QB9,11,1,UVH4a,14,0.07,-2700000.0,-2.7,475,1024,0.4638671875
01a072a6-658d-79f3-bff1-2e7fd0670b76,a,D,QB9,11,1,UVH4a,15,0.07,-2250000.0,-2.25,471,1024,0.4599609375
01a072a6-658d-79f3-bff1-2e7fd0670b76,a,D,QB9,11,1,UVH4a,16,0.07,-1800000.0,-1.8,479,1024,0.4677734375
01a072a6-658d-79f3-bff1-2e7fd0670b76,a,D,QB9,11,1,UVH4a,17,0.07,-1350000.0,-1.35,472,1024,0.4609375
01a072a6-658d-79f3-bff1-2e7fd0670b76,a,D,QB9,11,1,UVH4a,18,0.07,-900000.0,-0.9,497,1024,0.4853515625
01a072a6-658d-79f3-bff1-2e7fd0670b76,a,D,QB9,11,1,UVH4a,19,0.07,-450000.0,-0.45,460,1024,0.44921875
01a072a6-658d-79f3-bff1-2e7fd0670b76,a,D,QB9,11,1,UVH4a,20,0.07,0.0,0.0,490,1024,0.478515625
01a072a6-658d-79f3-bff1-2e7fd0670b76,a,D,QB9,11,1,UVH4a,21,0.07,450000.0,0.45,471,1024,0.4599609375
01a072a6-658d-79f3-bff1-2e7fd0670b76,a,D,QB9,11,1,UVH4a,22,0.07,900000.0,0.9,484,1024,0.47265625
01a072a6-658d-79f3-bff1-2e7fd0670b76,a,D,QB9,11,1,UVH4a,23,0.07,1350000.0,1.35,479,1024,0.4677734375
01a072a6-658d-79f3-bff1-2e7fd0670b76,a,D,QB9,11,1,UVH4a,24,0.07,1800000.0,1.8,490,1024,0.478515625
01a072a6-658d-79f3-bff1-2e7fd0670b76,a,D,QB9,11,1,UVH4a,25,0.07,2250000.0,2.25,452,1024,0.44140625
01a072a6-658d-79f3-bff1-2e7fd0670b76,a,D,QB9,11,1,UVH4a,26,0.07,2700000.0,2.7,456,1024,0.4453125
01a072a6-658d-79f3-bff1-2e7fd0670b76,a,D,QB9,11,1,UVH4a,27,0.07,3150000.0,3.15,474,1024,0.462890625
01a072a6-658d-79f3-bff1-2e7fd0670b76,a,D,QB9,11,1,UVH4a,28,0.07,3600000.0,3.6,470,1024,0.458984375
01a072a6-658d-79f3-bff1-2e7fd0670b76,a,D,QB9,11,1,UVH4a,29,0.07,4050000.0,4.05,484,1024,0.47265625
01a072a6-658d-79f3-bff1-2e7fd0670b76,a,D,QB9,11,1,UVH4a,30,0.07,4500000.0,4.5,471,1024,0.4599609375
01a072a6-658d-79f3-bff1-2e7fd0670b76,a,D,QB9,11,1,UVH4a,31,0.07,4950000.0,4.95,482,1024,0.470703125
01a072a6-658d-79f3-bff1-2e7fd0670b76,a,D,QB9,11,1,UVH4a,32,0.07,5400000.0,5.4,473,1024,0.4619140625
01a072a6-658d-79f3-bff1-2e7fd0670b76,a,D,QB9,11,1,UVH4a,33,0.07,5850000.0,5.85,483,1024,0.4716796875
01a072a6-658d-79f3-bff1-2e7fd0670b76,a,D,QB9,11,1,UVH4a,34,0.07,6300000.0,6.3,446,1024,0.435546875
01a072a6-658d-79f3-bff1-2e7fd0670b76,a,D,QB9,11,1,UVH4a,35,0.07,6750000.0,6.75,504,1024,0.4921875
01a072a6-658d-79f3-bff1-2e7fd0670b76,a,D,QB9,11,1,UVH4a,36,0.07,7200000.0,7.2,525,1024,0.5126953125
01a072a6-658d-79f3-bff1-2e7fd0670b76,a,D,QB9,11,1,UVH4a,37,0.07,7650000.0,7.65,502,1024,0.490234375
01a072a6-658d-79f3-bff1-2e7fd0670b76,a,D,QB9,11,1,UVH4a,38,0.07,8100000.0,8.1,554,1024,0.541015625
01a072a6-658d-79f3-bff1-2e7fd0670b76,a,D,QB9,11,1,UVH4a,39,0.07,8550000.0,8.55,537,1024,0.5244140625
01a072a6-658d-79f3-bff1-2e7fd0670b76,a,D,QB9,11,1,UVH4a,40,0.07,9000000.0,9.0,549,1024,0.5361328125
01a072a6-658d-79f3-bff1-2e7fd0670b76,a,D,QB9,11,2,UVH5a,0,0.07,-9000000.0,-9.0,413,1024,0.4033203125
01a072a6-658d-79f3-bff1-2e7fd0670b76,a,D,QB9,11,2,UVH5a,1,0.07,-8550000.0,-8.55,354,1024,0.345703125
01a072a6-658d-79f3-bff1-2e7fd0670b76,a,D,QB9,11,2,UVH5a,2,0.07,-8100000.0,-8.1,410,1024,0.400390625
01a072a6-658d-79f3-bff1-2e7fd0670b76,a,D,QB9,11,2,UVH5a,3,0.07,-7650000.0,-7.65,392,1024,0.3828125
01a072a6-658d-79f3-bff1-2e7fd0670b76,a,D,QB9,11,2,UVH5a,4,0.07,-7200000.0,-7.2,378,1024,0.369140625
01a072a6-658d-79f3-bff1-2e7fd0670b76,a,D,QB9,11,2,UVH5a,5,0.07,-6750000.0,-6.75,393,1024,0.3837890625
01a072a6-658d-79f3-bff1-2e7fd0670b76,a,D,QB9,11,2,UVH5a,6,0.07,-6300000.0,-6.3,395,1024,0.3857421875
01a072a6-658d-79f3-bff1-2e7fd0670b76,a,D,QB9,11,2,UVH5a,7,0.07,-5850000.0,-5.85,399,1024,0.3896484375
01a072a6-658d-79f3-bff1-2e7fd0670b76,a,D,QB9,11,2,UVH5a,8,0.07,-5400000.0,-5.4,408,1024,0.3984375
01a072a6-658d-79f3-bff1-2e7fd0670b76,a,D,QB9,11,2,UVH5a,9,0.07,-4950000.0,-4.95,414,1024,0.404296875
01a072a6-658d-79f3-bff1-2e7fd0670b76,a,D,QB9,11,2,UVH5a,10,0.07,-4500000.0,-4.5,412,1024,0.40234375
01a072a6-658d-79f3-bff1-2e7fd0670b76,a,D,QB9,11,2,UVH5a,11,0.07,-4050000.0,-4.05,437,1024,0.4267578125
01a072a6-658d-79f3-bff1-2e7fd0670b76,a,D,QB9,11,2,UVH5a,12,0.07,-3600000.0,-3.6,454,1024,0.443359375
01a072a6-658d-79f3-bff1-2e7fd0670b76,a,D,QB9,11,2,UVH5a,13,0.07,-3150000.0,-3.15,483,1024,0.4716796875
01a072a6-658d-79f3-bff1-2e7fd0670b76,a,D,QB9,11,2,UVH5a,14,0.07,-2700000.0,-2.7,456,1024,0.4453125
01a072a6-658d-79f3-bff1-2e7fd0670b76,a,D,QB9,11,2,UVH5a,15,0.07,-2250000.0,-2.25,461,1024,0.4501953125
01a072a6-658d-79f3-bff1-2e7fd0670b76,a,D,QB9,11,2,UVH5a,16,0.07,-1800000.0,-1.8,476,1024,0.46484375
01a072a6-658d-79f3-bff1-2e7fd0670b76,a,D,QB9,11,2,UVH5a,17,0.07,-1350000.0,-1.35,464,1024,0.453125
01a072a6-658d-79f3-bff1-2e7fd0670b76,a,D,QB9,11,2,UVH5a,18,0.07,-900000.0,-0.9,488,1024,0.4765625
01a072a6-658d-79f3-bff1-2e7fd0670b76,a,D,QB9,11,2,UVH5a,19,0.07,-450000.0,-0.45,487,1024,0.4755859375
01a072a6-658d-79f3-bff1-2e7fd0670b76,a,D,QB9,11,2,UVH5a,20,0.07,0.0,0.0,516,1024,0.50390625
01a072a6-658d-79f3-bff1-2e7fd0670b76,a,D,QB9,11,2,UVH5a,21,0.07,450000.0,0.45,475,1024,0.4638671875
01a072a6-658d-79f3-bff1-2e7fd0670b76,a,D,QB9,11,2,UVH5a,22,0.07,900000.0,0.9,480,1024,0.46875
01a072a6-658d-79f3-bff1-2e7fd0670b76,a,D,QB9,11,2,UVH5a,23,0.07,1350000.0,1.35,443,1024,0.4326171875
01a072a6-658d-79f3-bff1-2e7fd0670b76,a,D,QB9,11,2,UVH5a,24,0.07,1800000.0,1.8,468,1024,0.45703125
01a072a6-658d-79f3-bff1-2e7fd0670b76,a,D,QB9,11,2,UVH5a,25,0.07,2250000.0,2.25,471,1024,0.4599609375
01a072a6-658d-79f3-bff1-2e7fd0670b76,a,D,QB9,11,2,UVH5a,26,0.07,2700000.0,2.7,472,1024,0.4609375
01a072a6-658d-79f3-bff1-2e7fd0670b76,a,D,QB9,11,2,UVH5a,27,0.07,3150000.0,3.15,452,1024,0.44140625
01a072a6-658d-79f3-bff1-2e7fd0670b76,a,D,QB9,11,2,UVH5a,28,0.07,3600000.0,3.6,482,1024,0.470703125
01a072a6-658d-79f3-bff1-2e7fd0670b76,a,D,QB9,11,2,UVH5a,29,0.07,4050000.0,4.05,442,1024,0.431640625
01a072a6-658d-79f3-bff1-2e7fd0670b76,a,D,QB9,11,2,UVH5a,30,0.07,4500000.0,4.5,457,1024,0.4462890625
01a072a6-658d-79f3-bff1-2e7fd0670b76,a,D,QB9,11,2,UVH5a,31,0.07,4950000.0,4.95,442,1024,0.431640625
01a072a6-658d-79f3-bff1-2e7fd0670b76,a,D,QB9,11,2,UVH5a,32,0.07,5400000.0,5.4,445,1024,0.4345703125
01a072a6-658d-79f3-bff1-2e7fd0670b76,a,D,QB9,11,2,UVH5a,33,0.07,5850000.0,5.85,419,1024,0.4091796875
01a072a6-658d-79f3-bff1-2e7fd0670b76,a,D,QB9,11,2,UVH5a,34,0.07,6300000.0,6.3,393,1024,0.3837890625
01a072a6-658d-79f3-bff1-2e7fd0670b76,a,D,QB9,11,2,UVH5a,35,0.07,6750000.0,6.75,392,1024,0.3828125
01a072a6-658d-79f3-bff1-2e7fd0670b76,a,D,QB9,11,2,UVH5a,36,0.07,7200000.0,7.2,406,1024,0.396484375
01a072a6-658d-79f3-bff1-2e7fd0670b76,a,D,QB9,11,2,UVH5a,37,0.07,7650000.0,7.65,393,1024,0.3837890625
01a072a6-658d-79f3-bff1-2e7fd0670b76,a,D,QB9,11,2,UVH5a,38,0.07,8100000.0,8.1,391,1024,0.3818359375
01a072a6-658d-79f3-bff1-2e7fd0670b76,a,D,QB9,11,2,UVH5a,39,0.07,8550000.0,8.55,346,1024,0.337890625
01a072a6-658d-79f3-bff1-2e7fd0670b76,a,D,QB9,11,2,UVH5a,40,0.07,9000000.0,9.0,356,1024,0.34765625
01a072a6-658d-79f3-bff1-2e7fd0670b76,a,D,QB9,11,3,UVH6a,0,0.07,-9000000.0,-9.0,591,1024,0.5771484375
01a072a6-658d-79f3-bff1-2e7fd0670b76,a,D,QB9,11,3,UVH6a,1,0.07,-8550000.0,-8.55,578,1024,0.564453125
01a072a6-658d-79f3-bff1-2e7fd0670b76,a,D,QB9,11,3,UVH6a,2,0.07,-8100000.0,-8.1,572,1024,0.55859375
01a072a6-658d-79f3-bff1-2e7fd0670b76,a,D,QB9,11,3,UVH6a,3,0.07,-7650000.0,-7.65,585,1024,0.5712890625
01a072a6-658d-79f3-bff1-2e7fd0670b76,a,D,QB9,11,3,UVH6a,4,0.07,-7200000.0,-7.2,601,1024,0.5869140625
01a072a6-658d-79f3-bff1-2e7fd0670b76,a,D,QB9,11,3,UVH6a,5,0.07,-6750000.0,-6.75,568,1024,0.5546875
01a072a6-658d-79f3-bff1-2e7fd0670b76,a,D,QB9,11,3,UVH6a,6,0.07,-6300000.0,-6.3,561,1024,0.5478515625
01a072a6-658d-79f3-bff1-2e7fd0670b76,a,D,QB9,11,3,UVH6a,7,0.07,-5850000.0,-5.85,541,1024,0.5283203125
01a072a6-658d-79f3-bff1-2e7fd0670b76,a,D,QB9,11,3,UVH6a,8,0.07,-5400000.0,-5.4,521,1024,0.5087890625
01a072a6-658d-79f3-bff1-2e7fd0670b76,a,D,QB9,11,3,UVH6a,9,0.07,-4950000.0,-4.95,492,1024,0.48046875
01a072a6-658d-79f3-bff1-2e7fd0670b76,a,D,QB9,11,3,UVH6a,10,0.07,-4500000.0,-4.5,522,1024,0.509765625
01a072a6-658d-79f3-bff1-2e7fd0670b76,a,D,QB9,11,3,UVH6a,11,0.07,-4050000.0,-4.05,518,1024,0.505859375
01a072a6-658d-79f3-bff1-2e7fd0670b76,a,D,QB9,11,3,UVH6a,12,0.07,-3600000.0,-3.6,534,1024,0.521484375
01a072a6-658d-79f3-bff1-2e7fd0670b76,a,D,QB9,11,3,UVH6a,13,0.07,-3150000.0,-3.15,528,1024,0.515625
01a072a6-658d-79f3-bff1-2e7fd0670b76,a,D,QB9,11,3,UVH6a,14,0.07,-2700000.0,-2.7,547,1024,0.5341796875
01a072a6-658d-79f3-bff1-2e7fd0670b76,a,D,QB9,11,3,UVH6a,15,0.07,-2250000.0,-2.25,518,1024,0.505859375
01a072a6-658d-79f3-bff1-2e7fd0670b76,a,D,QB9,11,3,UVH6a,16,0.07,-1800000.0,-1.8,511,1024,0.4990234375
01a072a6-658d-79f3-bff1-2e7fd0670b76,a,D,QB9,11,3,UVH6a,17,0.07,-1350000.0,-1.35,522,1024,0.509765625
01a072a6-658d-79f3-bff1-2e7fd0670b76,a,D,QB9,11,3,UVH6a,18,0.07,-900000.0,-0.9,514,1024,0.501953125
01a072a6-658d-79f3-bff1-2e7fd0670b76,a,D,QB9,11,3,UVH6a,19,0.07,-450000.0,-0.45,550,1024,0.537109375
01a072a6-658d-79f3-bff1-2e7fd0670b76,a,D,QB9,11,3,UVH6a,20,0.07,0.0,0.0,514,1024,0.501953125
01a072a6-658d-79f3-bff1-2e7fd0670b76,a,D,QB9,11,3,UVH6a,21,0.07,450000.0,0.45,538,1024,0.525390625
01a072a6-658d-79f3-bff1-2e7fd0670b76,a,D,QB9,11,3,UVH6a,22,0.07,900000.0,0.9,532,1024,0.51953125
01a072a6-658d-79f3-bff1-2e7fd0670b76,a,D,QB9,11,3,UVH6a,23,0.07,1350000.0,1.35,529,1024,0.5166015625
01a072a6-658d-79f3-bff1-2e7fd0670b76,a,D,QB9,11,3,UVH6a,24,0.07,1800000.0,1.8,547,1024,0.5341796875
01a072a6-658d-79f3-bff1-2e7fd0670b76,a,D,QB9,11,3,UVH6a,25,0.07,2250000.0,2.25,518,1024,0.505859375
01a072a6-658d-79f3-bff1-2e7fd0670b76,a,D,QB9,11,3,UVH6a,26,0.07,2700000.0,2.7,516,1024,0.50390625
01a072a6-658d-79f3-bff1-2e7fd0670b76,a,D,QB9,11,3,UVH6a,27,0.07,3150000.0,3.15,536,1024,0.5234375
01a072a6-658d-79f3-bff1-2e7fd0670b76,a,D,QB9,11,3,UVH6a,28,0.07,3600000.0,3.6,538,1024,0.525390625
01a072a6-658d-79f3-bff1-2e7fd0670b76,a,D,QB9,11,3,UVH6a,29,0.07,4050000.0,4.05,518,1024,0.505859375
01a072a6-658d-79f3-bff1-2e7fd0670b76,a,D,QB9,11,3,UVH6a,30,0.07,4500000.0,4.5,510,1024,0.498046875
01a072a6-658d-79f3-bff1-2e7fd0670b76,a,D,QB9,11,3,UVH6a,31,0.07,4950000.0,4.95,521,1024,0.5087890625
01a072a6-658d-79f3-bff1-2e7fd0670b76,a,D,QB9,11,3,UVH6a,32,0.07,5400000.0,5.4,502,1024,0.490234375
01a072a6-658d-79f3-bff1-2e7fd0670b76,a,D,QB9,11,3,UVH6a,33,0.07,5850000.0,5.85,553,1024,0.5400390625
01a072a6-658d-79f3-bff1-2e7fd0670b76,a,D,QB9,11,3,UVH6a,34,0.07,6300000.0,6.3,524,1024,0.51171875
01a072a6-658d-79f3-bff1-2e7fd0670b76,a,D,QB9,11,3,UVH6a,35,0.07,6750000.0,6.75,549,1024,0.5361328125
01a072a6-658d-79f3-bff1-2e7fd0670b76,a,D,QB9,11,3,UVH6a,36,0.07,7200000.0,7.2,572,1024,0.55859375
01a072a6-658d-79f3-bff1-2e7fd0670b76,a,D,QB9,11,3,UVH6a,37,0.07,7650000.0,7.65,557,1024,0.5439453125
01a072a6-658d-79f3-bff1-2e7fd0670b76,a,D,QB9,11,3,UVH6a,38,0.07,8100000.0,8.1,577,1024,0.5634765625
01a072a6-658d-79f3-bff1-2e7fd0670b76,a,D,QB9,11,3,UVH6a,39,0.07,8550000.0,8.55,587,1024,0.5732421875
01a072a6-658d-79f3-bff1-2e7fd0670b76,a,D,QB9,11,3,UVH6a,40,0.07,9000000.0,9.0,625,1024,0.6103515625
01a072a6-658d-79f3-bff1-2e7fd0670b76,a,D,QB9,11,4,UVH7a,0,0.07,-9000000.0,-9.0,578,1024,0.564453125
01a072a6-658d-79f3-bff1-2e7fd0670b76,a,D,QB9,11,4,UVH7a,1,0.07,-8550000.0,-8.55,552,1024,0.5390625
01a072a6-658d-79f3-bff1-2e7fd0670b76,a,D,QB9,11,4,UVH7a,2,0.07,-8100000.0,-8.1,538,1024,0.525390625
01a072a6-658d-79f3-bff1-2e7fd0670b76,a,D,QB9,11,4,UVH7a,3,0.07,-7650000.0,-7.65,504,1024,0.4921875
01a072a6-658d-79f3-bff1-2e7fd0670b76,a,D,QB9,11,4,UVH7a,4,0.07,-7200000.0,-7.2,511,1024,0.4990234375
01a072a6-658d-79f3-bff1-2e7fd0670b76,a,D,QB9,11,4,UVH7a,5,0.07,-6750000.0,-6.75,510,1024,0.498046875
01a072a6-658d-79f3-bff1-2e7fd0670b76,a,D,QB9,11,4,UVH7a,6,0.07,-6300000.0,-6.3,505,1024,0.4931640625
01a072a6-658d-79f3-bff1-2e7fd0670b76,a,D,QB9,11,4,UVH7a,7,0.07,-5850000.0,-5.85,487,1024,0.4755859375
01a072a6-658d-79f3-bff1-2e7fd0670b76,a,D,QB9,11,4,UVH7a,8,0.07,-5400000.0,-5.4,517,1024,0.5048828125
01a072a6-658d-79f3-bff1-2e7fd0670b76,a,D,QB9,11,4,UVH7a,9,0.07,-4950000.0,-4.95,496,1024,0.484375
01a072a6-658d-79f3-bff1-2e7fd0670b76,a,D,QB9,11,4,UVH7a,10,0.07,-4500000.0,-4.5,524,1024,0.51171875
01a072a6-658d-79f3-bff1-2e7fd0670b76,a,D,QB9,11,4,UVH7a,11,0.07,-4050000.0,-4.05,494,1024,0.482421875
01a072a6-658d-79f3-bff1-2e7fd0670b76,a,D,QB9,11,4,UVH7a,12,0.07,-3600000.0,-3.6,513,1024,0.5009765625
01a072a6-658d-79f3-bff1-2e7fd0670b76,a,D,QB9,11,4,UVH7a,13,0.07,-3150000.0,-3.15,474,1024,0.462890625
01a072a6-658d-79f3-bff1-2e7fd0670b76,a,D,QB9,11,4,UVH7a,14,0.07,-2700000.0,-2.7,466,1024,0.455078125
01a072a6-658d-79f3-bff1-2e7fd0670b76,a,D,QB9,11,4,UVH7a,15,0.07,-2250000.0,-2.25,486,1024,0.474609375
01a072a6-658d-79f3-bff1-2e7fd0670b76,a,D,QB9,11,4,UVH7a,16,0.07,-1800000.0,-1.8,512,1024,0.5
01a072a6-658d-79f3-bff1-2e7fd0670b76,a,D,QB9,11,4,UVH7a,17,0.07,-1350000.0,-1.35,485,1024,0.4736328125
01a072a6-658d-79f3-bff1-2e7fd0670b76,a,D,QB9,11,4,UVH7a,18,0.07,-900000.0,-0.9,498,1024,0.486328125
01a072a6-658d-79f3-bff1-2e7fd0670b76,a,D,QB9,11,4,UVH7a,19,0.07,-450000.0,-0.45,481,1024,0.4697265625
01a072a6-658d-79f3-bff1-2e7fd0670b76,a,D,QB9,11,4,UVH7a,20,0.07,0.0,0.0,468,1024,0.45703125
01a072a6-658d-79f3-bff1-2e7fd0670b76,a,D,QB9,11,4,UVH7a,21,0.07,450000.0,0.45,498,1024,0.486328125
01a072a6-658d-79f3-bff1-2e7fd0670b76,a,D,QB9,11,4,UVH7a,22,0.07,900000.0,0.9,470,1024,0.458984375
01a072a6-658d-79f3-bff1-2e7fd0670b76,a,D,QB9,11,4,UVH7a,23,0.07,1350000.0,1.35,496,1024,0.484375
01a072a6-658d-79f3-bff1-2e7fd0670b76,a,D,QB9,11,4,UVH7a,24,0.07,1800000.0,1.8,493,1024,0.4814453125
01a072a6-658d-79f3-bff1-2e7fd0670b76,a,D,QB9,11,4,UVH7a,25,0.07,2250000.0,2.25,474,1024,0.462890625
01a072a6-658d-79f3-bff1-2e7fd0670b76,a,D,QB9,11,4,UVH7a,26,0.07,2700000.0,2.7,471,1024,0.4599609375
01a072a6-658d-79f3-bff1-2e7fd0670b76,a,D,QB9,11,4,UVH7a,27,0.07,3150000.0,3.15,466,1024,0.455078125
01a072a6-658d-79f3-bff1-2e7fd0670b76,a,D,QB9,11,4,UVH7a,28,0.07,3600000.0,3.6,482,1024,0.470703125
01a072a6-658d-79f3-bff1-2e7fd0670b76,a,D,QB9,11,4,UVH7a,29,0.07,4050000.0,4.05,448,1024,0.4375
01a072a6-658d-79f3-bff1-2e7fd0670b76,a,D,QB9,11,4,UVH7a,30,0.07,4500000.0,4.5,454,1024,0.443359375
01a072a6-658d-79f3-bff1-2e7fd0670b76,a,D,QB9,11,4,UVH7a,31,0.07,4950000.0,4.95,450,1024,0.439453125
01a072a6-658d-79f3-bff1-2e7fd0670b76,a,D,QB9,11,4,UVH7a,32,0.07,5400000.0,5.4,409,1024,0.3994140625
01a072a6-658d-79f3-bff1-2e7fd0670b76,a,D,QB9,11,4,UVH7a,33,0.07,5850000.0,5.85,437,1024,0.4267578125
01a072a6-658d-79f3-bff1-2e7fd0670b76,a,D,QB9,11,4,UVH7a,34,0.07,6300000.0,6.3,409,1024,0.3994140625
01a072a6-658d-79f3-bff1-2e7fd0670b76,a,D,QB9,11,4,UVH7a,35,0.07,6750000.0,6.75,385,1024,0.3759765625
01a072a6-658d-79f3-bff1-2e7fd0670b76,a,D,QB9,11,4,UVH7a,36,0.07,7200000.0,7.2,341,1024,0.3330078125
01a072a6-658d-79f3-bff1-2e7fd0670b76,a,D,QB9,11,4,UVH7a,37,0.07,7650000.0,7.65,346,1024,0.337890625
01a072a6-658d-79f3-bff1-2e7fd0670b76,a,D,QB9,11,4,UVH7a,38,0.07,8100000.0,8.1,367,1024,0.3583984375
01a072a6-658d-79f3-bff1-2e7fd0670b76,a,D,QB9,11,4,UVH7a,39,0.07,8550000.0,8.55,350,1024,0.341796875
01a072a6-658d-79f3-bff1-2e7fd0670b76,a,D,QB9,11,4,UVH7a,40,0.07,9000000.0,9.0,303,1024,0.2958984375
01a072a6-658d-79f3-bff1-2e7fd0670b76,a,D,QB9,11,5,UVH8a,0,0.07,-9000000.0,-9.0,512,1024,0.5
01a072a6-658d-79f3-bff1-2e7fd0670b76,a,D,QB9,11,5,UVH8a,1,0.07,-8550000.0,-8.55,526,1024,0.513671875
01a072a6-658d-79f3-bff1-2e7fd0670b76,a,D,QB9,11,5,UVH8a,2,0.07,-8100000.0,-8.1,502,1024,0.490234375
01a072a6-658d-79f3-bff1-2e7fd0670b76,a,D,QB9,11,5,UVH8a,3,0.07,-7650000.0,-7.65,520,1024,0.5078125
01a072a6-658d-79f3-bff1-2e7fd0670b76,a,D,QB9,11,5,UVH8a,4,0.07,-7200000.0,-7.2,529,1024,0.5166015625
01a072a6-658d-79f3-bff1-2e7fd0670b76,a,D,QB9,11,5,UVH8a,5,0.07,-6750000.0,-6.75,548,1024,0.53515625
01a072a6-658d-79f3-bff1-2e7fd0670b76,a,D,QB9,11,5,UVH8a,6,0.07,-6300000.0,-6.3,484,1024,0.47265625
01a072a6-658d-79f3-bff1-2e7fd0670b76,a,D,QB9,11,5,UVH8a,7,0.07,-5850000.0,-5.85,527,1024,0.5146484375
01a072a6-658d-79f3-bff1-2e7fd0670b76,a,D,QB9,11,5,UVH8a,8,0.07,-5400000.0,-5.4,508,1024,0.49609375
01a072a6-658d-79f3-bff1-2e7fd0670b76,a,D,QB9,11,5,UVH8a,9,0.07,-4950000.0,-4.95,523,1024,0.5107421875
01a072a6-658d-79f3-bff1-2e7fd0670b76,a,D,QB9,11,5,UVH8a,10,0.07,-4500000.0,-4.5,515,1024,0.5029296875
01a072a6-658d-79f3-bff1-2e7fd0670b76,a,D,QB9,11,5,UVH8a,11,0.07,-4050000.0,-4.05,510,1024,0.498046875
01a072a6-658d-79f3-bff1-2e7fd0670b76,a,D,QB9,11,5,UVH8a,12,0.07,-3600000.0,-3.6,490,1024,0.478515625
01a072a6-658d-79f3-bff1-2e7fd0670b76,a,D,QB9,11,5,UVH8a,13,0.07,-3150000.0,-3.15,478,1024,0.466796875
01a072a6-658d-79f3-bff1-2e7fd0670b76,a,D,QB9,11,5,UVH8a,14,0.07,-2700000.0,-2.7,525,1024,0.5126953125
01a072a6-658d-79f3-bff1-2e7fd0670b76,a,D,QB9,11,5,UVH8a,15,0.07,-2250000.0,-2.25,532,1024,0.51953125
01a072a6-658d-79f3-bff1-2e7fd0670b76,a,D,QB9,11,5,UVH8a,16,0.07,-1800000.0,-1.8,527,1024,0.5146484375
01a072a6-658d-79f3-bff1-2e7fd0670b76,a,D,QB9,11,5,UVH8a,17,0.07,-1350000.0,-1.35,508,1024,0.49609375
01a072a6-658d-79f3-bff1-2e7fd0670b76,a,D,QB9,11,5,UVH8a,18,0.07,-900000.0,-0.9,522,1024,0.509765625
01a072a6-658d-79f3-bff1-2e7fd0670b76,a,D,QB9,11,5,UVH8a,19,0.07,-450000.0,-0.45,524,1024,0.51171875
01a072a6-658d-79f3-bff1-2e7fd0670b76,a,D,QB9,11,5,UVH8a,20,0.07,0.0,0.0,519,1024,0.5068359375
01a072a6-658d-79f3-bff1-2e7fd0670b76,a,D,QB9,11,5,UVH8a,21,0.07,450000.0,0.45,525,1024,0.5126953125
01a072a6-658d-79f3-bff1-2e7fd0670b76,a,D,QB9,11,5,UVH8a,22,0.07,900000.0,0.9,528,1024,0.515625
01a072a6-658d-79f3-bff1-2e7fd0670b76,a,D,QB9,11,5,UVH8a,23,0.07,1350000.0,1.35,514,1024,0.501953125
01a072a6-658d-79f3-bff1-2e7fd0670b76,a,D,QB9,11,5,UVH8a,24,0.07,1800000.0,1.8,543,1024,0.5302734375
01a072a6-658d-79f3-bff1-2e7fd0670b76,a,D,QB9,11,5,UVH8a,25,0.07,2250000.0,2.25,546,1024,0.533203125
01a072a6-658d-79f3-bff1-2e7fd0670b76,a,D,QB9,11,5,UVH8a,26,0.07,2700000.0,2.7,548,1024,0.53515625
01a072a6-658d-79f3-bff1-2e7fd0670b76,a,D,QB9,11,5,UVH8a,27,0.07,3150000.0,3.15,528,1024,0.515625
01a072a6-658d-79f3-bff1-2e7fd0670b76,a,D,QB9,11,5,UVH8a,28,0.07,3600000.0,3.6,533,1024,0.5205078125
01a072a6-658d-79f3-bff1-2e7fd0670b76,a,D,QB9,11,5,UVH8a,29,0.07,4050000.0,4.05,529,1024,0.5166015625
01a072a6-658d-79f3-bff1-2e7fd0670b76,a,D,QB9,11,5,UVH8a,30,0.07,4500000.0,4.5,544,1024,0.53125
01a072a6-658d-79f3-bff1-2e7fd0670b76,a,D,QB9,11,5,UVH8a,31,0.07,4950000.0,4.95,526,1024,0.513671875
01a072a6-658d-79f3-bff1-2e7fd0670b76,a,D,QB9,11,5,UVH8a,32,0.07,5400000.0,5.4,515,1024,0.5029296875
01a072a6-658d-79f3-bff1-2e7fd0670b76,a,D,QB9,11,5,UVH8a,33,0.07,5850000.0,5.85,534,1024,0.521484375
01a072a6-658d-79f3-bff1-2e7fd0670b76,a,D,QB9,11,5,UVH8a,34,0.07,6300000.0,6.3,495,1024,0.4833984375
01a072a6-658d-79f3-bff1-2e7fd0670b76,a,D,QB9,11,5,UVH8a,35,0.07,6750000.0,6.75,496,1024,0.484375
01a072a6-658d-79f3-bff1-2e7fd0670b76,a,D,QB9,11,5,UVH8a,36,0.07,7200000.0,7.2,517,1024,0.5048828125
01a072a6-658d-79f3-bff1-2e7fd0670b76,a,D,QB9,11,5,UVH8a,37,0.07,7650000.0,7.65,489,1024,0.4775390625
01a072a6-658d-79f3-bff1-2e7fd0670b76,a,D,QB9,11,5,UVH8a,38,0.07,8100000.0,8.1,476,1024,0.46484375
01a072a6-658d-79f3-bff1-2e7fd0670b76,a,D,QB9,11,5,UVH8a,39,0.07,8550000.0,8.55,445,1024,0.4345703125
01a072a6-658d-79f3-bff1-2e7fd0670b76,a,D,QB9,11,5,UVH8a,40,0.07,9000000.0,9.0,440,1024,0.4296875
01a072a6-658d-79f3-bff1-2e7fd0670b76,a,D,QB5,12,0,standard_pi_2,0,0.07,-9000000.0,-9.0,557,1024,0.5439453125
01a072a6-658d-79f3-bff1-2e7fd0670b76,a,D,QB5,12,0,standard_pi_2,1,0.07,-8550000.0,-8.55,578,1024,0.564453125
01a072a6-658d-79f3-bff1-2e7fd0670b76,a,D,QB5,12,0,standard_pi_2,2,0.07,-8100000.0,-8.1,557,1024,0.5439453125
01a072a6-658d-79f3-bff1-2e7fd0670b76,a,D,QB5,12,0,standard_pi_2,3,0.07,-7650000.0,-7.65,570,1024,0.556640625
01a072a6-658d-79f3-bff1-2e7fd0670b76,a,D,QB5,12,0,standard_pi_2,4,0.07,-7200000.0,-7.2,599,1024,0.5849609375
01a072a6-658d-79f3-bff1-2e7fd0670b76,a,D,QB5,12,0,standard_pi_2,5,0.07,-6750000.0,-6.75,592,1024,0.578125
01a072a6-658d-79f3-bff1-2e7fd0670b76,a,D,QB5,12,0,standard_pi_2,6,0.07,-6300000.0,-6.3,569,1024,0.5556640625
01a072a6-658d-79f3-bff1-2e7fd0670b76,a,D,QB5,12,0,standard_pi_2,7,0.07,-5850000.0,-5.85,570,1024,0.556640625
01a072a6-658d-79f3-bff1-2e7fd0670b76,a,D,QB5,12,0,standard_pi_2,8,0.07,-5400000.0,-5.4,569,1024,0.5556640625
01a072a6-658d-79f3-bff1-2e7fd0670b76,a,D,QB5,12,0,standard_pi_2,9,0.07,-4950000.0,-4.95,576,1024,0.5625
01a072a6-658d-79f3-bff1-2e7fd0670b76,a,D,QB5,12,0,standard_pi_2,10,0.07,-4500000.0,-4.5,554,1024,0.541015625
01a072a6-658d-79f3-bff1-2e7fd0670b76,a,D,QB5,12,0,standard_pi_2,11,0.07,-4050000.0,-4.05,583,1024,0.5693359375
01a072a6-658d-79f3-bff1-2e7fd0670b76,a,D,QB5,12,0,standard_pi_2,12,0.07,-3600000.0,-3.6,576,1024,0.5625
01a072a6-658d-79f3-bff1-2e7fd0670b76,a,D,QB5,12,0,standard_pi_2,13,0.07,-3150000.0,-3.15,557,1024,0.5439453125
01a072a6-658d-79f3-bff1-2e7fd0670b76,a,D,QB5,12,0,standard_pi_2,14,0.07,-2700000.0,-2.7,557,1024,0.5439453125
01a072a6-658d-79f3-bff1-2e7fd0670b76,a,D,QB5,12,0,standard_pi_2,15,0.07,-2250000.0,-2.25,554,1024,0.541015625
01a072a6-658d-79f3-bff1-2e7fd0670b76,a,D,QB5,12,0,standard_pi_2,16,0.07,-1800000.0,-1.8,553,1024,0.5400390625
01a072a6-658d-79f3-bff1-2e7fd0670b76,a,D,QB5,12,0,standard_pi_2,17,0.07,-1350000.0,-1.35,556,1024,0.54296875
01a072a6-658d-79f3-bff1-2e7fd0670b76,a,D,QB5,12,0,standard_pi_2,18,0.07,-900000.0,-0.9,538,1024,0.525390625
01a072a6-658d-79f3-bff1-2e7fd0670b76,a,D,QB5,12,0,standard_pi_2,19,0.07,-450000.0,-0.45,544,1024,0.53125
01a072a6-658d-79f3-bff1-2e7fd0670b76,a,D,QB5,12,0,standard_pi_2,20,0.07,0.0,0.0,568,1024,0.5546875
01a072a6-658d-79f3-bff1-2e7fd0670b76,a,D,QB5,12,0,standard_pi_2,21,0.07,450000.0,0.45,547,1024,0.5341796875
01a072a6-658d-79f3-bff1-2e7fd0670b76,a,D,QB5,12,0,standard_pi_2,22,0.07,900000.0,0.9,548,1024,0.53515625
01a072a6-658d-79f3-bff1-2e7fd0670b76,a,D,QB5,12,0,standard_pi_2,23,0.07,1350000.0,1.35,513,1024,0.5009765625
01a072a6-658d-79f3-bff1-2e7fd0670b76,a,D,QB5,12,0,standard_pi_2,24,0.07,1800000.0,1.8,552,1024,0.5390625
01a072a6-658d-79f3-bff1-2e7fd0670b76,a,D,QB5,12,0,standard_pi_2,25,0.07,2250000.0,2.25,513,1024,0.5009765625
01a072a6-658d-79f3-bff1-2e7fd0670b76,a,D,QB5,12,0,standard_pi_2,26,0.07,2700000.0,2.7,564,1024,0.55078125
01a072a6-658d-79f3-bff1-2e7fd0670b76,a,D,QB5,12,0,standard_pi_2,27,0.07,3150000.0,3.15,515,1024,0.5029296875
01a072a6-658d-79f3-bff1-2e7fd0670b76,a,D,QB5,12,0,standard_pi_2,28,0.07,3600000.0,3.6,504,1024,0.4921875
01a072a6-658d-79f3-bff1-2e7fd0670b76,a,D,QB5,12,0,standard_pi_2,29,0.07,4050000.0,4.05,552,1024,0.5390625
01a072a6-658d-79f3-bff1-2e7fd0670b76,a,D,QB5,12,0,standard_pi_2,30,0.07,4500000.0,4.5,509,1024,0.4970703125
01a072a6-658d-79f3-bff1-2e7fd0670b76,a,D,QB5,12,0,standard_pi_2,31,0.07,4950000.0,4.95,512,1024,0.5
01a072a6-658d-79f3-bff1-2e7fd0670b76,a,D,QB5,12,0,standard_pi_2,32,0.07,5400000.0,5.4,486,1024,0.474609375
01a072a6-658d-79f3-bff1-2e7fd0670b76,a,D,QB5,12,0,standard_pi_2,33,0.07,5850000.0,5.85,506,1024,0.494140625
01a072a6-658d-79f3-bff1-2e7fd0670b76,a,D,QB5,12,0,standard_pi_2,34,0.07,6300000.0,6.3,485,1024,0.4736328125
01a072a6-658d-79f3-bff1-2e7fd0670b76,a,D,QB5,12,0,standard_pi_2,35,0.07,6750000.0,6.75,481,1024,0.4697265625
01a072a6-658d-79f3-bff1-2e7fd0670b76,a,D,QB5,12,0,standard_pi_2,36,0.07,7200000.0,7.2,542,1024,0.529296875
01a072a6-658d-79f3-bff1-2e7fd0670b76,a,D,QB5,12,0,standard_pi_2,37,0.07,7650000.0,7.65,522,1024,0.509765625
01a072a6-658d-79f3-bff1-2e7fd0670b76,a,D,QB5,12,0,standard_pi_2,38,0.07,8100000.0,8.1,503,1024,0.4912109375
01a072a6-658d-79f3-bff1-2e7fd0670b76,a,D,QB5,12,0,standard_pi_2,39,0.07,8550000.0,8.55,508,1024,0.49609375
01a072a6-658d-79f3-bff1-2e7fd0670b76,a,D,QB5,12,0,standard_pi_2,40,0.07,9000000.0,9.0,499,1024,0.4873046875
01a072a6-658d-79f3-bff1-2e7fd0670b76,a,D,QB5,12,1,UVH4a,0,0.07,-9000000.0,-9.0,556,1024,0.54296875
01a072a6-658d-79f3-bff1-2e7fd0670b76,a,D,QB5,12,1,UVH4a,1,0.07,-8550000.0,-8.55,528,1024,0.515625
01a072a6-658d-79f3-bff1-2e7fd0670b76,a,D,QB5,12,1,UVH4a,2,0.07,-8100000.0,-8.1,529,1024,0.5166015625
01a072a6-658d-79f3-bff1-2e7fd0670b76,a,D,QB5,12,1,UVH4a,3,0.07,-7650000.0,-7.65,526,1024,0.513671875
01a072a6-658d-79f3-bff1-2e7fd0670b76,a,D,QB5,12,1,UVH4a,4,0.07,-7200000.0,-7.2,477,1024,0.4658203125
01a072a6-658d-79f3-bff1-2e7fd0670b76,a,D,QB5,12,1,UVH4a,5,0.07,-6750000.0,-6.75,494,1024,0.482421875
01a072a6-658d-79f3-bff1-2e7fd0670b76,a,D,QB5,12,1,UVH4a,6,0.07,-6300000.0,-6.3,517,1024,0.5048828125
01a072a6-658d-79f3-bff1-2e7fd0670b76,a,D,QB5,12,1,UVH4a,7,0.07,-5850000.0,-5.85,505,1024,0.4931640625
01a072a6-658d-79f3-bff1-2e7fd0670b76,a,D,QB5,12,1,UVH4a,8,0.07,-5400000.0,-5.4,498,1024,0.486328125
01a072a6-658d-79f3-bff1-2e7fd0670b76,a,D,QB5,12,1,UVH4a,9,0.07,-4950000.0,-4.95,501,1024,0.4892578125
01a072a6-658d-79f3-bff1-2e7fd0670b76,a,D,QB5,12,1,UVH4a,10,0.07,-4500000.0,-4.5,511,1024,0.4990234375
01a072a6-658d-79f3-bff1-2e7fd0670b76,a,D,QB5,12,1,UVH4a,11,0.07,-4050000.0,-4.05,507,1024,0.4951171875
01a072a6-658d-79f3-bff1-2e7fd0670b76,a,D,QB5,12,1,UVH4a,12,0.07,-3600000.0,-3.6,493,1024,0.4814453125
01a072a6-658d-79f3-bff1-2e7fd0670b76,a,D,QB5,12,1,UVH4a,13,0.07,-3150000.0,-3.15,512,1024,0.5
01a072a6-658d-79f3-bff1-2e7fd0670b76,a,D,QB5,12,1,UVH4a,14,0.07,-2700000.0,-2.7,545,1024,0.5322265625
01a072a6-658d-79f3-bff1-2e7fd0670b76,a,D,QB5,12,1,UVH4a,15,0.07,-2250000.0,-2.25,528,1024,0.515625
01a072a6-658d-79f3-bff1-2e7fd0670b76,a,D,QB5,12,1,UVH4a,16,0.07,-1800000.0,-1.8,504,1024,0.4921875
01a072a6-658d-79f3-bff1-2e7fd0670b76,a,D,QB5,12,1,UVH4a,17,0.07,-1350000.0,-1.35,486,1024,0.474609375
01a072a6-658d-79f3-bff1-2e7fd0670b76,a,D,QB5,12,1,UVH4a,18,0.07,-900000.0,-0.9,511,1024,0.4990234375
01a072a6-658d-79f3-bff1-2e7fd0670b76,a,D,QB5,12,1,UVH4a,19,0.07,-450000.0,-0.45,494,1024,0.482421875
01a072a6-658d-79f3-bff1-2e7fd0670b76,a,D,QB5,12,1,UVH4a,20,0.07,0.0,0.0,483,1024,0.4716796875
01a072a6-658d-79f3-bff1-2e7fd0670b76,a,D,QB5,12,1,UVH4a,21,0.07,450000.0,0.45,495,1024,0.4833984375
01a072a6-658d-79f3-bff1-2e7fd0670b76,a,D,QB5,12,1,UVH4a,22,0.07,900000.0,0.9,538,1024,0.525390625
01a072a6-658d-79f3-bff1-2e7fd0670b76,a,D,QB5,12,1,UVH4a,23,0.07,1350000.0,1.35,522,1024,0.509765625
01a072a6-658d-79f3-bff1-2e7fd0670b76,a,D,QB5,12,1,UVH4a,24,0.07,1800000.0,1.8,511,1024,0.4990234375
01a072a6-658d-79f3-bff1-2e7fd0670b76,a,D,QB5,12,1,UVH4a,25,0.07,2250000.0,2.25,494,1024,0.482421875
01a072a6-658d-79f3-bff1-2e7fd0670b76,a,D,QB5,12,1,UVH4a,26,0.07,2700000.0,2.7,520,1024,0.5078125
01a072a6-658d-79f3-bff1-2e7fd0670b76,a,D,QB5,12,1,UVH4a,27,0.07,3150000.0,3.15,526,1024,0.513671875
01a072a6-658d-79f3-bff1-2e7fd0670b76,a,D,QB5,12,1,UVH4a,28,0.07,3600000.0,3.6,500,1024,0.48828125
01a072a6-658d-79f3-bff1-2e7fd0670b76,a,D,QB5,12,1,UVH4a,29,0.07,4050000.0,4.05,517,1024,0.5048828125
01a072a6-658d-79f3-bff1-2e7fd0670b76,a,D,QB5,12,1,UVH4a,30,0.07,4500000.0,4.5,499,1024,0.4873046875
01a072a6-658d-79f3-bff1-2e7fd0670b76,a,D,QB5,12,1,UVH4a,31,0.07,4950000.0,4.95,490,1024,0.478515625
01a072a6-658d-79f3-bff1-2e7fd0670b76,a,D,QB5,12,1,UVH4a,32,0.07,5400000.0,5.4,495,1024,0.4833984375
01a072a6-658d-79f3-bff1-2e7fd0670b76,a,D,QB5,12,1,UVH4a,33,0.07,5850000.0,5.85,519,1024,0.5068359375
01a072a6-658d-79f3-bff1-2e7fd0670b76,a,D,QB5,12,1,UVH4a,34,0.07,6300000.0,6.3,503,1024,0.4912109375
01a072a6-658d-79f3-bff1-2e7fd0670b76,a,D,QB5,12,1,UVH4a,35,0.07,6750000.0,6.75,535,1024,0.5224609375
01a072a6-658d-79f3-bff1-2e7fd0670b76,a,D,QB5,12,1,UVH4a,36,0.07,7200000.0,7.2,511,1024,0.4990234375
01a072a6-658d-79f3-bff1-2e7fd0670b76,a,D,QB5,12,1,UVH4a,37,0.07,7650000.0,7.65,511,1024,0.4990234375
01a072a6-658d-79f3-bff1-2e7fd0670b76,a,D,QB5,12,1,UVH4a,38,0.07,8100000.0,8.1,549,1024,0.5361328125
01a072a6-658d-79f3-bff1-2e7fd0670b76,a,D,QB5,12,1,UVH4a,39,0.07,8550000.0,8.55,531,1024,0.5185546875
01a072a6-658d-79f3-bff1-2e7fd0670b76,a,D,QB5,12,1,UVH4a,40,0.07,9000000.0,9.0,574,1024,0.560546875
01a072a6-658d-79f3-bff1-2e7fd0670b76,a,D,QB5,12,2,UVH5a,0,0.07,-9000000.0,-9.0,422,1024,0.412109375
01a072a6-658d-79f3-bff1-2e7fd0670b76,a,D,QB5,12,2,UVH5a,1,0.07,-8550000.0,-8.55,411,1024,0.4013671875
01a072a6-658d-79f3-bff1-2e7fd0670b76,a,D,QB5,12,2,UVH5a,2,0.07,-8100000.0,-8.1,380,1024,0.37109375
01a072a6-658d-79f3-bff1-2e7fd0670b76,a,D,QB5,12,2,UVH5a,3,0.07,-7650000.0,-7.65,405,1024,0.3955078125
01a072a6-658d-79f3-bff1-2e7fd0670b76,a,D,QB5,12,2,UVH5a,4,0.07,-7200000.0,-7.2,395,1024,0.3857421875
01a072a6-658d-79f3-bff1-2e7fd0670b76,a,D,QB5,12,2,UVH5a,5,0.07,-6750000.0,-6.75,411,1024,0.4013671875
01a072a6-658d-79f3-bff1-2e7fd0670b76,a,D,QB5,12,2,UVH5a,6,0.07,-6300000.0,-6.3,424,1024,0.4140625
01a072a6-658d-79f3-bff1-2e7fd0670b76,a,D,QB5,12,2,UVH5a,7,0.07,-5850000.0,-5.85,439,1024,0.4287109375
01a072a6-658d-79f3-bff1-2e7fd0670b76,a,D,QB5,12,2,UVH5a,8,0.07,-5400000.0,-5.4,438,1024,0.427734375
01a072a6-658d-79f3-bff1-2e7fd0670b76,a,D,QB5,12,2,UVH5a,9,0.07,-4950000.0,-4.95,445,1024,0.4345703125
01a072a6-658d-79f3-bff1-2e7fd0670b76,a,D,QB5,12,2,UVH5a,10,0.07,-4500000.0,-4.5,437,1024,0.4267578125
01a072a6-658d-79f3-bff1-2e7fd0670b76,a,D,QB5,12,2,UVH5a,11,0.07,-4050000.0,-4.05,469,1024,0.4580078125
01a072a6-658d-79f3-bff1-2e7fd0670b76,a,D,QB5,12,2,UVH5a,12,0.07,-3600000.0,-3.6,488,1024,0.4765625
01a072a6-658d-79f3-bff1-2e7fd0670b76,a,D,QB5,12,2,UVH5a,13,0.07,-3150000.0,-3.15,501,1024,0.4892578125
01a072a6-658d-79f3-bff1-2e7fd0670b76,a,D,QB5,12,2,UVH5a,14,0.07,-2700000.0,-2.7,471,1024,0.4599609375
01a072a6-658d-79f3-bff1-2e7fd0670b76,a,D,QB5,12,2,UVH5a,15,0.07,-2250000.0,-2.25,486,1024,0.474609375
01a072a6-658d-79f3-bff1-2e7fd0670b76,a,D,QB5,12,2,UVH5a,16,0.07,-1800000.0,-1.8,495,1024,0.4833984375
01a072a6-658d-79f3-bff1-2e7fd0670b76,a,D,QB5,12,2,UVH5a,17,0.07,-1350000.0,-1.35,478,1024,0.466796875
01a072a6-658d-79f3-bff1-2e7fd0670b76,a,D,QB5,12,2,UVH5a,18,0.07,-900000.0,-0.9,503,1024,0.4912109375
01a072a6-658d-79f3-bff1-2e7fd0670b76,a,D,QB5,12,2,UVH5a,19,0.07,-450000.0,-0.45,515,1024,0.5029296875
01a072a6-658d-79f3-bff1-2e7fd0670b76,a,D,QB5,12,2,UVH5a,20,0.07,0.0,0.0,484,1024,0.47265625
01a072a6-658d-79f3-bff1-2e7fd0670b76,a,D,QB5,12,2,UVH5a,21,0.07,450000.0,0.45,497,1024,0.4853515625
01a072a6-658d-79f3-bff1-2e7fd0670b76,a,D,QB5,12,2,UVH5a,22,0.07,900000.0,0.9,526,1024,0.513671875
01a072a6-658d-79f3-bff1-2e7fd0670b76,a,D,QB5,12,2,UVH5a,23,0.07,1350000.0,1.35,501,1024,0.4892578125
01a072a6-658d-79f3-bff1-2e7fd0670b76,a,D,QB5,12,2,UVH5a,24,0.07,1800000.0,1.8,521,1024,0.5087890625
01a072a6-658d-79f3-bff1-2e7fd0670b76,a,D,QB5,12,2,UVH5a,25,0.07,2250000.0,2.25,522,1024,0.509765625
01a072a6-658d-79f3-bff1-2e7fd0670b76,a,D,QB5,12,2,UVH5a,26,0.07,2700000.0,2.7,475,1024,0.4638671875
01a072a6-658d-79f3-bff1-2e7fd0670b76,a,D,QB5,12,2,UVH5a,27,0.07,3150000.0,3.15,502,1024,0.490234375
01a072a6-658d-79f3-bff1-2e7fd0670b76,a,D,QB5,12,2,UVH5a,28,0.07,3600000.0,3.6,507,1024,0.4951171875
01a072a6-658d-79f3-bff1-2e7fd0670b76,a,D,QB5,12,2,UVH5a,29,0.07,4050000.0,4.05,463,1024,0.4521484375
01a072a6-658d-79f3-bff1-2e7fd0670b76,a,D,QB5,12,2,UVH5a,30,0.07,4500000.0,4.5,478,1024,0.466796875
01a072a6-658d-79f3-bff1-2e7fd0670b76,a,D,QB5,12,2,UVH5a,31,0.07,4950000.0,4.95,463,1024,0.4521484375
01a072a6-658d-79f3-bff1-2e7fd0670b76,a,D,QB5,12,2,UVH5a,32,0.07,5400000.0,5.4,472,1024,0.4609375
01a072a6-658d-79f3-bff1-2e7fd0670b76,a,D,QB5,12,2,UVH5a,33,0.07,5850000.0,5.85,453,1024,0.4423828125
01a072a6-658d-79f3-bff1-2e7fd0670b76,a,D,QB5,12,2,UVH5a,34,0.07,6300000.0,6.3,447,1024,0.4365234375
01a072a6-658d-79f3-bff1-2e7fd0670b76,a,D,QB5,12,2,UVH5a,35,0.07,6750000.0,6.75,433,1024,0.4228515625
01a072a6-658d-79f3-bff1-2e7fd0670b76,a,D,QB5,12,2,UVH5a,36,0.07,7200000.0,7.2,420,1024,0.41015625
01a072a6-658d-79f3-bff1-2e7fd0670b76,a,D,QB5,12,2,UVH5a,37,0.07,7650000.0,7.65,430,1024,0.419921875
01a072a6-658d-79f3-bff1-2e7fd0670b76,a,D,QB5,12,2,UVH5a,38,0.07,8100000.0,8.1,390,1024,0.380859375
01a072a6-658d-79f3-bff1-2e7fd0670b76,a,D,QB5,12,2,UVH5a,39,0.07,8550000.0,8.55,392,1024,0.3828125
01a072a6-658d-79f3-bff1-2e7fd0670b76,a,D,QB5,12,2,UVH5a,40,0.07,9000000.0,9.0,389,1024,0.3798828125
01a072a6-658d-79f3-bff1-2e7fd0670b76,a,D,QB5,12,3,UVH6a,0,0.07,-9000000.0,-9.0,540,1024,0.52734375
01a072a6-658d-79f3-bff1-2e7fd0670b76,a,D,QB5,12,3,UVH6a,1,0.07,-8550000.0,-8.55,557,1024,0.5439453125
01a072a6-658d-79f3-bff1-2e7fd0670b76,a,D,QB5,12,3,UVH6a,2,0.07,-8100000.0,-8.1,515,1024,0.5029296875
01a072a6-658d-79f3-bff1-2e7fd0670b76,a,D,QB5,12,3,UVH6a,3,0.07,-7650000.0,-7.65,497,1024,0.4853515625
01a072a6-658d-79f3-bff1-2e7fd0670b76,a,D,QB5,12,3,UVH6a,4,0.07,-7200000.0,-7.2,510,1024,0.498046875
01a072a6-658d-79f3-bff1-2e7fd0670b76,a,D,QB5,12,3,UVH6a,5,0.07,-6750000.0,-6.75,519,1024,0.5068359375
01a072a6-658d-79f3-bff1-2e7fd0670b76,a,D,QB5,12,3,UVH6a,6,0.07,-6300000.0,-6.3,511,1024,0.4990234375
01a072a6-658d-79f3-bff1-2e7fd0670b76,a,D,QB5,12,3,UVH6a,7,0.07,-5850000.0,-5.85,490,1024,0.478515625
01a072a6-658d-79f3-bff1-2e7fd0670b76,a,D,QB5,12,3,UVH6a,8,0.07,-5400000.0,-5.4,492,1024,0.48046875
01a072a6-658d-79f3-bff1-2e7fd0670b76,a,D,QB5,12,3,UVH6a,9,0.07,-4950000.0,-4.95,483,1024,0.4716796875
01a072a6-658d-79f3-bff1-2e7fd0670b76,a,D,QB5,12,3,UVH6a,10,0.07,-4500000.0,-4.5,498,1024,0.486328125
01a072a6-658d-79f3-bff1-2e7fd0670b76,a,D,QB5,12,3,UVH6a,11,0.07,-4050000.0,-4.05,521,1024,0.5087890625
01a072a6-658d-79f3-bff1-2e7fd0670b76,a,D,QB5,12,3,UVH6a,12,0.07,-3600000.0,-3.6,473,1024,0.4619140625
01a072a6-658d-79f3-bff1-2e7fd0670b76,a,D,QB5,12,3,UVH6a,13,0.07,-3150000.0,-3.15,504,1024,0.4921875
01a072a6-658d-79f3-bff1-2e7fd0670b76,a,D,QB5,12,3,UVH6a,14,0.07,-2700000.0,-2.7,528,1024,0.515625
01a072a6-658d-79f3-bff1-2e7fd0670b76,a,D,QB5,12,3,UVH6a,15,0.07,-2250000.0,-2.25,474,1024,0.462890625
01a072a6-658d-79f3-bff1-2e7fd0670b76,a,D,QB5,12,3,UVH6a,16,0.07,-1800000.0,-1.8,490,1024,0.478515625
01a072a6-658d-79f3-bff1-2e7fd0670b76,a,D,QB5,12,3,UVH6a,17,0.07,-1350000.0,-1.35,532,1024,0.51953125
01a072a6-658d-79f3-bff1-2e7fd0670b76,a,D,QB5,12,3,UVH6a,18,0.07,-900000.0,-0.9,497,1024,0.4853515625
01a072a6-658d-79f3-bff1-2e7fd0670b76,a,D,QB5,12,3,UVH6a,19,0.07,-450000.0,-0.45,522,1024,0.509765625
01a072a6-658d-79f3-bff1-2e7fd0670b76,a,D,QB5,12,3,UVH6a,20,0.07,0.0,0.0,523,1024,0.5107421875
01a072a6-658d-79f3-bff1-2e7fd0670b76,a,D,QB5,12,3,UVH6a,21,0.07,450000.0,0.45,524,1024,0.51171875
01a072a6-658d-79f3-bff1-2e7fd0670b76,a,D,QB5,12,3,UVH6a,22,0.07,900000.0,0.9,497,1024,0.4853515625
01a072a6-658d-79f3-bff1-2e7fd0670b76,a,D,QB5,12,3,UVH6a,23,0.07,1350000.0,1.35,554,1024,0.541015625
01a072a6-658d-79f3-bff1-2e7fd0670b76,a,D,QB5,12,3,UVH6a,24,0.07,1800000.0,1.8,511,1024,0.4990234375
01a072a6-658d-79f3-bff1-2e7fd0670b76,a,D,QB5,12,3,UVH6a,25,0.07,2250000.0,2.25,553,1024,0.5400390625
01a072a6-658d-79f3-bff1-2e7fd0670b76,a,D,QB5,12,3,UVH6a,26,0.07,2700000.0,2.7,529,1024,0.5166015625
01a072a6-658d-79f3-bff1-2e7fd0670b76,a,D,QB5,12,3,UVH6a,27,0.07,3150000.0,3.15,496,1024,0.484375
01a072a6-658d-79f3-bff1-2e7fd0670b76,a,D,QB5,12,3,UVH6a,28,0.07,3600000.0,3.6,548,1024,0.53515625
01a072a6-658d-79f3-bff1-2e7fd0670b76,a,D,QB5,12,3,UVH6a,29,0.07,4050000.0,4.05,526,1024,0.513671875
01a072a6-658d-79f3-bff1-2e7fd0670b76,a,D,QB5,12,3,UVH6a,30,0.07,4500000.0,4.5,527,1024,0.5146484375
01a072a6-658d-79f3-bff1-2e7fd0670b76,a,D,QB5,12,3,UVH6a,31,0.07,4950000.0,4.95,511,1024,0.4990234375
01a072a6-658d-79f3-bff1-2e7fd0670b76,a,D,QB5,12,3,UVH6a,32,0.07,5400000.0,5.4,539,1024,0.5263671875
01a072a6-658d-79f3-bff1-2e7fd0670b76,a,D,QB5,12,3,UVH6a,33,0.07,5850000.0,5.85,547,1024,0.5341796875
01a072a6-658d-79f3-bff1-2e7fd0670b76,a,D,QB5,12,3,UVH6a,34,0.07,6300000.0,6.3,566,1024,0.552734375
01a072a6-658d-79f3-bff1-2e7fd0670b76,a,D,QB5,12,3,UVH6a,35,0.07,6750000.0,6.75,565,1024,0.5517578125
01a072a6-658d-79f3-bff1-2e7fd0670b76,a,D,QB5,12,3,UVH6a,36,0.07,7200000.0,7.2,584,1024,0.5703125
01a072a6-658d-79f3-bff1-2e7fd0670b76,a,D,QB5,12,3,UVH6a,37,0.07,7650000.0,7.65,597,1024,0.5830078125
01a072a6-658d-79f3-bff1-2e7fd0670b76,a,D,QB5,12,3,UVH6a,38,0.07,8100000.0,8.1,592,1024,0.578125
01a072a6-658d-79f3-bff1-2e7fd0670b76,a,D,QB5,12,3,UVH6a,39,0.07,8550000.0,8.55,602,1024,0.587890625
01a072a6-658d-79f3-bff1-2e7fd0670b76,a,D,QB5,12,3,UVH6a,40,0.07,9000000.0,9.0,650,1024,0.634765625
01a072a6-658d-79f3-bff1-2e7fd0670b76,a,D,QB5,12,4,UVH7a,0,0.07,-9000000.0,-9.0,581,1024,0.5673828125
01a072a6-658d-79f3-bff1-2e7fd0670b76,a,D,QB5,12,4,UVH7a,1,0.07,-8550000.0,-8.55,567,1024,0.5537109375
01a072a6-658d-79f3-bff1-2e7fd0670b76,a,D,QB5,12,4,UVH7a,2,0.07,-8100000.0,-8.1,558,1024,0.544921875
01a072a6-658d-79f3-bff1-2e7fd0670b76,a,D,QB5,12,4,UVH7a,3,0.07,-7650000.0,-7.65,518,1024,0.505859375
01a072a6-658d-79f3-bff1-2e7fd0670b76,a,D,QB5,12,4,UVH7a,4,0.07,-7200000.0,-7.2,513,1024,0.5009765625
01a072a6-658d-79f3-bff1-2e7fd0670b76,a,D,QB5,12,4,UVH7a,5,0.07,-6750000.0,-6.75,554,1024,0.541015625
01a072a6-658d-79f3-bff1-2e7fd0670b76,a,D,QB5,12,4,UVH7a,6,0.07,-6300000.0,-6.3,520,1024,0.5078125
01a072a6-658d-79f3-bff1-2e7fd0670b76,a,D,QB5,12,4,UVH7a,7,0.07,-5850000.0,-5.85,539,1024,0.5263671875
01a072a6-658d-79f3-bff1-2e7fd0670b76,a,D,QB5,12,4,UVH7a,8,0.07,-5400000.0,-5.4,515,1024,0.5029296875
01a072a6-658d-79f3-bff1-2e7fd0670b76,a,D,QB5,12,4,UVH7a,9,0.07,-4950000.0,-4.95,543,1024,0.5302734375
01a072a6-658d-79f3-bff1-2e7fd0670b76,a,D,QB5,12,4,UVH7a,10,0.07,-4500000.0,-4.5,551,1024,0.5380859375
01a072a6-658d-79f3-bff1-2e7fd0670b76,a,D,QB5,12,4,UVH7a,11,0.07,-4050000.0,-4.05,521,1024,0.5087890625
01a072a6-658d-79f3-bff1-2e7fd0670b76,a,D,QB5,12,4,UVH7a,12,0.07,-3600000.0,-3.6,538,1024,0.525390625
01a072a6-658d-79f3-bff1-2e7fd0670b76,a,D,QB5,12,4,UVH7a,13,0.07,-3150000.0,-3.15,510,1024,0.498046875
01a072a6-658d-79f3-bff1-2e7fd0670b76,a,D,QB5,12,4,UVH7a,14,0.07,-2700000.0,-2.7,541,1024,0.5283203125
01a072a6-658d-79f3-bff1-2e7fd0670b76,a,D,QB5,12,4,UVH7a,15,0.07,-2250000.0,-2.25,511,1024,0.4990234375
01a072a6-658d-79f3-bff1-2e7fd0670b76,a,D,QB5,12,4,UVH7a,16,0.07,-1800000.0,-1.8,549,1024,0.5361328125
01a072a6-658d-79f3-bff1-2e7fd0670b76,a,D,QB5,12,4,UVH7a,17,0.07,-1350000.0,-1.35,553,1024,0.5400390625
01a072a6-658d-79f3-bff1-2e7fd0670b76,a,D,QB5,12,4,UVH7a,18,0.07,-900000.0,-0.9,569,1024,0.5556640625
01a072a6-658d-79f3-bff1-2e7fd0670b76,a,D,QB5,12,4,UVH7a,19,0.07,-450000.0,-0.45,507,1024,0.4951171875
01a072a6-658d-79f3-bff1-2e7fd0670b76,a,D,QB5,12,4,UVH7a,20,0.07,0.0,0.0,524,1024,0.51171875
01a072a6-658d-79f3-bff1-2e7fd0670b76,a,D,QB5,12,4,UVH7a,21,0.07,450000.0,0.45,542,1024,0.529296875
01a072a6-658d-79f3-bff1-2e7fd0670b76,a,D,QB5,12,4,UVH7a,22,0.07,900000.0,0.9,538,1024,0.525390625
01a072a6-658d-79f3-bff1-2e7fd0670b76,a,D,QB5,12,4,UVH7a,23,0.07,1350000.0,1.35,535,1024,0.5224609375
01a072a6-658d-79f3-bff1-2e7fd0670b76,a,D,QB5,12,4,UVH7a,24,0.07,1800000.0,1.8,532,1024,0.51953125
01a072a6-658d-79f3-bff1-2e7fd0670b76,a,D,QB5,12,4,UVH7a,25,0.07,2250000.0,2.25,503,1024,0.4912109375
01a072a6-658d-79f3-bff1-2e7fd0670b76,a,D,QB5,12,4,UVH7a,26,0.07,2700000.0,2.7,505,1024,0.4931640625
01a072a6-658d-79f3-bff1-2e7fd0670b76,a,D,QB5,12,4,UVH7a,27,0.07,3150000.0,3.15,508,1024,0.49609375
01a072a6-658d-79f3-bff1-2e7fd0670b76,a,D,QB5,12,4,UVH7a,28,0.07,3600000.0,3.6,525,1024,0.5126953125
01a072a6-658d-79f3-bff1-2e7fd0670b76,a,D,QB5,12,4,UVH7a,29,0.07,4050000.0,4.05,471,1024,0.4599609375
01a072a6-658d-79f3-bff1-2e7fd0670b76,a,D,QB5,12,4,UVH7a,30,0.07,4500000.0,4.5,486,1024,0.474609375
01a072a6-658d-79f3-bff1-2e7fd0670b76,a,D,QB5,12,4,UVH7a,31,0.07,4950000.0,4.95,465,1024,0.4541015625
01a072a6-658d-79f3-bff1-2e7fd0670b76,a,D,QB5,12,4,UVH7a,32,0.07,5400000.0,5.4,490,1024,0.478515625
01a072a6-658d-79f3-bff1-2e7fd0670b76,a,D,QB5,12,4,UVH7a,33,0.07,5850000.0,5.85,475,1024,0.4638671875
01a072a6-658d-79f3-bff1-2e7fd0670b76,a,D,QB5,12,4,UVH7a,34,0.07,6300000.0,6.3,475,1024,0.4638671875
01a072a6-658d-79f3-bff1-2e7fd0670b76,a,D,QB5,12,4,UVH7a,35,0.07,6750000.0,6.75,448,1024,0.4375
01a072a6-658d-79f3-bff1-2e7fd0670b76,a,D,QB5,12,4,UVH7a,36,0.07,7200000.0,7.2,428,1024,0.41796875
01a072a6-658d-79f3-bff1-2e7fd0670b76,a,D,QB5,12,4,UVH7a,37,0.07,7650000.0,7.65,402,1024,0.392578125
01a072a6-658d-79f3-bff1-2e7fd0670b76,a,D,QB5,12,4,UVH7a,38,0.07,8100000.0,8.1,372,1024,0.36328125
01a072a6-658d-79f3-bff1-2e7fd0670b76,a,D,QB5,12,4,UVH7a,39,0.07,8550000.0,8.55,354,1024,0.345703125
01a072a6-658d-79f3-bff1-2e7fd0670b76,a,D,QB5,12,4,UVH7a,40,0.07,9000000.0,9.0,372,1024,0.36328125
01a072a6-658d-79f3-bff1-2e7fd0670b76,a,D,QB5,12,5,UVH8a,0,0.07,-9000000.0,-9.0,479,1024,0.4677734375
01a072a6-658d-79f3-bff1-2e7fd0670b76,a,D,QB5,12,5,UVH8a,1,0.07,-8550000.0,-8.55,485,1024,0.4736328125
01a072a6-658d-79f3-bff1-2e7fd0670b76,a,D,QB5,12,5,UVH8a,2,0.07,-8100000.0,-8.1,489,1024,0.4775390625
01a072a6-658d-79f3-bff1-2e7fd0670b76,a,D,QB5,12,5,UVH8a,3,0.07,-7650000.0,-7.65,479,1024,0.4677734375
01a072a6-658d-79f3-bff1-2e7fd0670b76,a,D,QB5,12,5,UVH8a,4,0.07,-7200000.0,-7.2,495,1024,0.4833984375
01a072a6-658d-79f3-bff1-2e7fd0670b76,a,D,QB5,12,5,UVH8a,5,0.07,-6750000.0,-6.75,491,1024,0.4794921875
01a072a6-658d-79f3-bff1-2e7fd0670b76,a,D,QB5,12,5,UVH8a,6,0.07,-6300000.0,-6.3,493,1024,0.4814453125
01a072a6-658d-79f3-bff1-2e7fd0670b76,a,D,QB5,12,5,UVH8a,7,0.07,-5850000.0,-5.85,448,1024,0.4375
01a072a6-658d-79f3-bff1-2e7fd0670b76,a,D,QB5,12,5,UVH8a,8,0.07,-5400000.0,-5.4,486,1024,0.474609375
01a072a6-658d-79f3-bff1-2e7fd0670b76,a,D,QB5,12,5,UVH8a,9,0.07,-4950000.0,-4.95,486,1024,0.474609375
01a072a6-658d-79f3-bff1-2e7fd0670b76,a,D,QB5,12,5,UVH8a,10,0.07,-4500000.0,-4.5,476,1024,0.46484375
01a072a6-658d-79f3-bff1-2e7fd0670b76,a,D,QB5,12,5,UVH8a,11,0.07,-4050000.0,-4.05,479,1024,0.4677734375
01a072a6-658d-79f3-bff1-2e7fd0670b76,a,D,QB5,12,5,UVH8a,12,0.07,-3600000.0,-3.6,457,1024,0.4462890625
01a072a6-658d-79f3-bff1-2e7fd0670b76,a,D,QB5,12,5,UVH8a,13,0.07,-3150000.0,-3.15,480,1024,0.46875
01a072a6-658d-79f3-bff1-2e7fd0670b76,a,D,QB5,12,5,UVH8a,14,0.07,-2700000.0,-2.7,461,1024,0.4501953125
01a072a6-658d-79f3-bff1-2e7fd0670b76,a,D,QB5,12,5,UVH8a,15,0.07,-2250000.0,-2.25,499,1024,0.4873046875
01a072a6-658d-79f3-bff1-2e7fd0670b76,a,D,QB5,12,5,UVH8a,16,0.07,-1800000.0,-1.8,482,1024,0.470703125
01a072a6-658d-79f3-bff1-2e7fd0670b76,a,D,QB5,12,5,UVH8a,17,0.07,-1350000.0,-1.35,507,1024,0.4951171875
01a072a6-658d-79f3-bff1-2e7fd0670b76,a,D,QB5,12,5,UVH8a,18,0.07,-900000.0,-0.9,482,1024,0.470703125
01a072a6-658d-79f3-bff1-2e7fd0670b76,a,D,QB5,12,5,UVH8a,19,0.07,-450000.0,-0.45,483,1024,0.4716796875
01a072a6-658d-79f3-bff1-2e7fd0670b76,a,D,QB5,12,5,UVH8a,20,0.07,0.0,0.0,495,1024,0.4833984375
01a072a6-658d-79f3-bff1-2e7fd0670b76,a,D,QB5,12,5,UVH8a,21,0.07,450000.0,0.45,486,1024,0.474609375
01a072a6-658d-79f3-bff1-2e7fd0670b76,a,D,QB5,12,5,UVH8a,22,0.07,900000.0,0.9,497,1024,0.4853515625
01a072a6-658d-79f3-bff1-2e7fd0670b76,a,D,QB5,12,5,UVH8a,23,0.07,1350000.0,1.35,474,1024,0.462890625
01a072a6-658d-79f3-bff1-2e7fd0670b76,a,D,QB5,12,5,UVH8a,24,0.07,1800000.0,1.8,508,1024,0.49609375
01a072a6-658d-79f3-bff1-2e7fd0670b76,a,D,QB5,12,5,UVH8a,25,0.07,2250000.0,2.25,490,1024,0.478515625
01a072a6-658d-79f3-bff1-2e7fd0670b76,a,D,QB5,12,5,UVH8a,26,0.07,2700000.0,2.7,500,1024,0.48828125
01a072a6-658d-79f3-bff1-2e7fd0670b76,a,D,QB5,12,5,UVH8a,27,0.07,3150000.0,3.15,500,1024,0.48828125
01a072a6-658d-79f3-bff1-2e7fd0670b76,a,D,QB5,12,5,UVH8a,28,0.07,3600000.0,3.6,480,1024,0.46875
01a072a6-658d-79f3-bff1-2e7fd0670b76,a,D,QB5,12,5,UVH8a,29,0.07,4050000.0,4.05,497,1024,0.4853515625
01a072a6-658d-79f3-bff1-2e7fd0670b76,a,D,QB5,12,5,UVH8a,30,0.07,4500000.0,4.5,491,1024,0.4794921875
01a072a6-658d-79f3-bff1-2e7fd0670b76,a,D,QB5,12,5,UVH8a,31,0.07,4950000.0,4.95,517,1024,0.5048828125
01a072a6-658d-79f3-bff1-2e7fd0670b76,a,D,QB5,12,5,UVH8a,32,0.07,5400000.0,5.4,486,1024,0.474609375
01a072a6-658d-79f3-bff1-2e7fd0670b76,a,D,QB5,12,5,UVH8a,33,0.07,5850000.0,5.85,463,1024,0.4521484375
01a072a6-658d-79f3-bff1-2e7fd0670b76,a,D,QB5,12,5,UVH8a,34,0.07,6300000.0,6.3,465,1024,0.4541015625
01a072a6-658d-79f3-bff1-2e7fd0670b76,a,D,QB5,12,5,UVH8a,35,0.07,6750000.0,6.75,445,1024,0.4345703125
01a072a6-658d-79f3-bff1-2e7fd0670b76,a,D,QB5,12,5,UVH8a,36,0.07,7200000.0,7.2,458,1024,0.447265625
01a072a6-658d-79f3-bff1-2e7fd0670b76,a,D,QB5,12,5,UVH8a,37,0.07,7650000.0,7.65,419,1024,0.4091796875
01a072a6-658d-79f3-bff1-2e7fd0670b76,a,D,QB5,12,5,UVH8a,38,0.07,8100000.0,8.1,442,1024,0.431640625
01a072a6-658d-79f3-bff1-2e7fd0670b76,a,D,QB5,12,5,UVH8a,39,0.07,8550000.0,8.55,430,1024,0.419921875
01a072a6-658d-79f3-bff1-2e7fd0670b76,a,D,QB5,12,5,UVH8a,40,0.07,9000000.0,9.0,406,1024,0.396484375
01a072a6-658d-79f3-bff1-2e7fd0670b76,a,D,QB8,13,0,standard_pi_2,0,0.07,-9000000.0,-9.0,619,1024,0.6044921875
01a072a6-658d-79f3-bff1-2e7fd0670b76,a,D,QB8,13,0,standard_pi_2,1,0.07,-8550000.0,-8.55,621,1024,0.6064453125
01a072a6-658d-79f3-bff1-2e7fd0670b76,a,D,QB8,13,0,standard_pi_2,2,0.07,-8100000.0,-8.1,599,1024,0.5849609375
01a072a6-658d-79f3-bff1-2e7fd0670b76,a,D,QB8,13,0,standard_pi_2,3,0.07,-7650000.0,-7.65,578,1024,0.564453125
01a072a6-658d-79f3-bff1-2e7fd0670b76,a,D,QB8,13,0,standard_pi_2,4,0.07,-7200000.0,-7.2,591,1024,0.5771484375
01a072a6-658d-79f3-bff1-2e7fd0670b76,a,D,QB8,13,0,standard_pi_2,5,0.07,-6750000.0,-6.75,628,1024,0.61328125
01a072a6-658d-79f3-bff1-2e7fd0670b76,a,D,QB8,13,0,standard_pi_2,6,0.07,-6300000.0,-6.3,600,1024,0.5859375
01a072a6-658d-79f3-bff1-2e7fd0670b76,a,D,QB8,13,0,standard_pi_2,7,0.07,-5850000.0,-5.85,603,1024,0.5888671875
01a072a6-658d-79f3-bff1-2e7fd0670b76,a,D,QB8,13,0,standard_pi_2,8,0.07,-5400000.0,-5.4,596,1024,0.58203125
01a072a6-658d-79f3-bff1-2e7fd0670b76,a,D,QB8,13,0,standard_pi_2,9,0.07,-4950000.0,-4.95,628,1024,0.61328125
01a072a6-658d-79f3-bff1-2e7fd0670b76,a,D,QB8,13,0,standard_pi_2,10,0.07,-4500000.0,-4.5,588,1024,0.57421875
01a072a6-658d-79f3-bff1-2e7fd0670b76,a,D,QB8,13,0,standard_pi_2,11,0.07,-4050000.0,-4.05,584,1024,0.5703125
01a072a6-658d-79f3-bff1-2e7fd0670b76,a,D,QB8,13,0,standard_pi_2,12,0.07,-3600000.0,-3.6,574,1024,0.560546875
01a072a6-658d-79f3-bff1-2e7fd0670b76,a,D,QB8,13,0,standard_pi_2,13,0.07,-3150000.0,-3.15,572,1024,0.55859375
01a072a6-658d-79f3-bff1-2e7fd0670b76,a,D,QB8,13,0,standard_pi_2,14,0.07,-2700000.0,-2.7,557,1024,0.5439453125
01a072a6-658d-79f3-bff1-2e7fd0670b76,a,D,QB8,13,0,standard_pi_2,15,0.07,-2250000.0,-2.25,596,1024,0.58203125
01a072a6-658d-79f3-bff1-2e7fd0670b76,a,D,QB8,13,0,standard_pi_2,16,0.07,-1800000.0,-1.8,579,1024,0.5654296875
01a072a6-658d-79f3-bff1-2e7fd0670b76,a,D,QB8,13,0,standard_pi_2,17,0.07,-1350000.0,-1.35,575,1024,0.5615234375
01a072a6-658d-79f3-bff1-2e7fd0670b76,a,D,QB8,13,0,standard_pi_2,18,0.07,-900000.0,-0.9,588,1024,0.57421875
01a072a6-658d-79f3-bff1-2e7fd0670b76,a,D,QB8,13,0,standard_pi_2,19,0.07,-450000.0,-0.45,591,1024,0.5771484375
01a072a6-658d-79f3-bff1-2e7fd0670b76,a,D,QB8,13,0,standard_pi_2,20,0.07,0.0,0.0,548,1024,0.53515625
01a072a6-658d-79f3-bff1-2e7fd0670b76,a,D,QB8,13,0,standard_pi_2,21,0.07,450000.0,0.45,566,1024,0.552734375
01a072a6-658d-79f3-bff1-2e7fd0670b76,a,D,QB8,13,0,standard_pi_2,22,0.07,900000.0,0.9,526,1024,0.513671875
01a072a6-658d-79f3-bff1-2e7fd0670b76,a,D,QB8,13,0,standard_pi_2,23,0.07,1350000.0,1.35,587,1024,0.5732421875
01a072a6-658d-79f3-bff1-2e7fd0670b76,a,D,QB8,13,0,standard_pi_2,24,0.07,1800000.0,1.8,544,1024,0.53125
01a072a6-658d-79f3-bff1-2e7fd0670b76,a,D,QB8,13,0,standard_pi_2,25,0.07,2250000.0,2.25,559,1024,0.5458984375
01a072a6-658d-79f3-bff1-2e7fd0670b76,a,D,QB8,13,0,standard_pi_2,26,0.07,2700000.0,2.7,550,1024,0.537109375
01a072a6-658d-79f3-bff1-2e7fd0670b76,a,D,QB8,13,0,standard_pi_2,27,0.07,3150000.0,3.15,527,1024,0.5146484375
01a072a6-658d-79f3-bff1-2e7fd0670b76,a,D,QB8,13,0,standard_pi_2,28,0.07,3600000.0,3.6,541,1024,0.5283203125
01a072a6-658d-79f3-bff1-2e7fd0670b76,a,D,QB8,13,0,standard_pi_2,29,0.07,4050000.0,4.05,540,1024,0.52734375
01a072a6-658d-79f3-bff1-2e7fd0670b76,a,D,QB8,13,0,standard_pi_2,30,0.07,4500000.0,4.5,551,1024,0.5380859375
01a072a6-658d-79f3-bff1-2e7fd0670b76,a,D,QB8,13,0,standard_pi_2,31,0.07,4950000.0,4.95,551,1024,0.5380859375
01a072a6-658d-79f3-bff1-2e7fd0670b76,a,D,QB8,13,0,standard_pi_2,32,0.07,5400000.0,5.4,564,1024,0.55078125
01a072a6-658d-79f3-bff1-2e7fd0670b76,a,D,QB8,13,0,standard_pi_2,33,0.07,5850000.0,5.85,550,1024,0.537109375
01a072a6-658d-79f3-bff1-2e7fd0670b76,a,D,QB8,13,0,standard_pi_2,34,0.07,6300000.0,6.3,546,1024,0.533203125
01a072a6-658d-79f3-bff1-2e7fd0670b76,a,D,QB8,13,0,standard_pi_2,35,0.07,6750000.0,6.75,528,1024,0.515625
01a072a6-658d-79f3-bff1-2e7fd0670b76,a,D,QB8,13,0,standard_pi_2,36,0.07,7200000.0,7.2,512,1024,0.5
01a072a6-658d-79f3-bff1-2e7fd0670b76,a,D,QB8,13,0,standard_pi_2,37,0.07,7650000.0,7.65,521,1024,0.5087890625
01a072a6-658d-79f3-bff1-2e7fd0670b76,a,D,QB8,13,0,standard_pi_2,38,0.07,8100000.0,8.1,507,1024,0.4951171875
01a072a6-658d-79f3-bff1-2e7fd0670b76,a,D,QB8,13,0,standard_pi_2,39,0.07,8550000.0,8.55,520,1024,0.5078125
01a072a6-658d-79f3-bff1-2e7fd0670b76,a,D,QB8,13,0,standard_pi_2,40,0.07,9000000.0,9.0,509,1024,0.4970703125
01a072a6-658d-79f3-bff1-2e7fd0670b76,a,D,QB8,13,1,UVH4a,0,0.07,-9000000.0,-9.0,535,1024,0.5224609375
01a072a6-658d-79f3-bff1-2e7fd0670b76,a,D,QB8,13,1,UVH4a,1,0.07,-8550000.0,-8.55,523,1024,0.5107421875
01a072a6-658d-79f3-bff1-2e7fd0670b76,a,D,QB8,13,1,UVH4a,2,0.07,-8100000.0,-8.1,499,1024,0.4873046875
01a072a6-658d-79f3-bff1-2e7fd0670b76,a,D,QB8,13,1,UVH4a,3,0.07,-7650000.0,-7.65,487,1024,0.4755859375
01a072a6-658d-79f3-bff1-2e7fd0670b76,a,D,QB8,13,1,UVH4a,4,0.07,-7200000.0,-7.2,485,1024,0.4736328125
01a072a6-658d-79f3-bff1-2e7fd0670b76,a,D,QB8,13,1,UVH4a,5,0.07,-6750000.0,-6.75,508,1024,0.49609375
01a072a6-658d-79f3-bff1-2e7fd0670b76,a,D,QB8,13,1,UVH4a,6,0.07,-6300000.0,-6.3,498,1024,0.486328125
01a072a6-658d-79f3-bff1-2e7fd0670b76,a,D,QB8,13,1,UVH4a,7,0.07,-5850000.0,-5.85,497,1024,0.4853515625
01a072a6-658d-79f3-bff1-2e7fd0670b76,a,D,QB8,13,1,UVH4a,8,0.07,-5400000.0,-5.4,496,1024,0.484375
01a072a6-658d-79f3-bff1-2e7fd0670b76,a,D,QB8,13,1,UVH4a,9,0.07,-4950000.0,-4.95,478,1024,0.466796875
01a072a6-658d-79f3-bff1-2e7fd0670b76,a,D,QB8,13,1,UVH4a,10,0.07,-4500000.0,-4.5,489,1024,0.4775390625
01a072a6-658d-79f3-bff1-2e7fd0670b76,a,D,QB8,13,1,UVH4a,11,0.07,-4050000.0,-4.05,485,1024,0.4736328125
01a072a6-658d-79f3-bff1-2e7fd0670b76,a,D,QB8,13,1,UVH4a,12,0.07,-3600000.0,-3.6,485,1024,0.4736328125
01a072a6-658d-79f3-bff1-2e7fd0670b76,a,D,QB8,13,1,UVH4a,13,0.07,-3150000.0,-3.15,518,1024,0.505859375
01a072a6-658d-79f3-bff1-2e7fd0670b76,a,D,QB8,13,1,UVH4a,14,0.07,-2700000.0,-2.7,493,1024,0.4814453125
01a072a6-658d-79f3-bff1-2e7fd0670b76,a,D,QB8,13,1,UVH4a,15,0.07,-2250000.0,-2.25,516,1024,0.50390625
01a072a6-658d-79f3-bff1-2e7fd0670b76,a,D,QB8,13,1,UVH4a,16,0.07,-1800000.0,-1.8,466,1024,0.455078125
01a072a6-658d-79f3-bff1-2e7fd0670b76,a,D,QB8,13,1,UVH4a,17,0.07,-1350000.0,-1.35,537,1024,0.5244140625
01a072a6-658d-79f3-bff1-2e7fd0670b76,a,D,QB8,13,1,UVH4a,18,0.07,-900000.0,-0.9,484,1024,0.47265625
01a072a6-658d-79f3-bff1-2e7fd0670b76,a,D,QB8,13,1,UVH4a,19,0.07,-450000.0,-0.45,498,1024,0.486328125
01a072a6-658d-79f3-bff1-2e7fd0670b76,a,D,QB8,13,1,UVH4a,20,0.07,0.0,0.0,514,1024,0.501953125
01a072a6-658d-79f3-bff1-2e7fd0670b76,a,D,QB8,13,1,UVH4a,21,0.07,450000.0,0.45,498,1024,0.486328125
01a072a6-658d-79f3-bff1-2e7fd0670b76,a,D,QB8,13,1,UVH4a,22,0.07,900000.0,0.9,508,1024,0.49609375
01a072a6-658d-79f3-bff1-2e7fd0670b76,a,D,QB8,13,1,UVH4a,23,0.07,1350000.0,1.35,512,1024,0.5
01a072a6-658d-79f3-bff1-2e7fd0670b76,a,D,QB8,13,1,UVH4a,24,0.07,1800000.0,1.8,498,1024,0.486328125
01a072a6-658d-79f3-bff1-2e7fd0670b76,a,D,QB8,13,1,UVH4a,25,0.07,2250000.0,2.25,486,1024,0.474609375
01a072a6-658d-79f3-bff1-2e7fd0670b76,a,D,QB8,13,1,UVH4a,26,0.07,2700000.0,2.7,479,1024,0.4677734375
01a072a6-658d-79f3-bff1-2e7fd0670b76,a,D,QB8,13,1,UVH4a,27,0.07,3150000.0,3.15,494,1024,0.482421875
01a072a6-658d-79f3-bff1-2e7fd0670b76,a,D,QB8,13,1,UVH4a,28,0.07,3600000.0,3.6,480,1024,0.46875
01a072a6-658d-79f3-bff1-2e7fd0670b76,a,D,QB8,13,1,UVH4a,29,0.07,4050000.0,4.05,484,1024,0.47265625
01a072a6-658d-79f3-bff1-2e7fd0670b76,a,D,QB8,13,1,UVH4a,30,0.07,4500000.0,4.5,473,1024,0.4619140625
01a072a6-658d-79f3-bff1-2e7fd0670b76,a,D,QB8,13,1,UVH4a,31,0.07,4950000.0,4.95,490,1024,0.478515625
01a072a6-658d-79f3-bff1-2e7fd0670b76,a,D,QB8,13,1,UVH4a,32,0.07,5400000.0,5.4,492,1024,0.48046875
01a072a6-658d-79f3-bff1-2e7fd0670b76,a,D,QB8,13,1,UVH4a,33,0.07,5850000.0,5.85,484,1024,0.47265625
01a072a6-658d-79f3-bff1-2e7fd0670b76,a,D,QB8,13,1,UVH4a,34,0.07,6300000.0,6.3,495,1024,0.4833984375
01a072a6-658d-79f3-bff1-2e7fd0670b76,a,D,QB8,13,1,UVH4a,35,0.07,6750000.0,6.75,492,1024,0.48046875
01a072a6-658d-79f3-bff1-2e7fd0670b76,a,D,QB8,13,1,UVH4a,36,0.07,7200000.0,7.2,531,1024,0.5185546875
01a072a6-658d-79f3-bff1-2e7fd0670b76,a,D,QB8,13,1,UVH4a,37,0.07,7650000.0,7.65,529,1024,0.5166015625
01a072a6-658d-79f3-bff1-2e7fd0670b76,a,D,QB8,13,1,UVH4a,38,0.07,8100000.0,8.1,527,1024,0.5146484375
01a072a6-658d-79f3-bff1-2e7fd0670b76,a,D,QB8,13,1,UVH4a,39,0.07,8550000.0,8.55,555,1024,0.5419921875
01a072a6-658d-79f3-bff1-2e7fd0670b76,a,D,QB8,13,1,UVH4a,40,0.07,9000000.0,9.0,573,1024,0.5595703125
01a072a6-658d-79f3-bff1-2e7fd0670b76,a,D,QB8,13,2,UVH5a,0,0.07,-9000000.0,-9.0,390,1024,0.380859375
01a072a6-658d-79f3-bff1-2e7fd0670b76,a,D,QB8,13,2,UVH5a,1,0.07,-8550000.0,-8.55,367,1024,0.3583984375
01a072a6-658d-79f3-bff1-2e7fd0670b76,a,D,QB8,13,2,UVH5a,2,0.07,-8100000.0,-8.1,385,1024,0.3759765625
01a072a6-658d-79f3-bff1-2e7fd0670b76,a,D,QB8,13,2,UVH5a,3,0.07,-7650000.0,-7.65,370,1024,0.361328125
01a072a6-658d-79f3-bff1-2e7fd0670b76,a,D,QB8,13,2,UVH5a,4,0.07,-7200000.0,-7.2,347,1024,0.3388671875
01a072a6-658d-79f3-bff1-2e7fd0670b76,a,D,QB8,13,2,UVH5a,5,0.07,-6750000.0,-6.75,374,1024,0.365234375
01a072a6-658d-79f3-bff1-2e7fd0670b76,a,D,QB8,13,2,UVH5a,6,0.07,-6300000.0,-6.3,375,1024,0.3662109375
01a072a6-658d-79f3-bff1-2e7fd0670b76,a,D,QB8,13,2,UVH5a,7,0.07,-5850000.0,-5.85,376,1024,0.3671875
01a072a6-658d-79f3-bff1-2e7fd0670b76,a,D,QB8,13,2,UVH5a,8,0.07,-5400000.0,-5.4,425,1024,0.4150390625
01a072a6-658d-79f3-bff1-2e7fd0670b76,a,D,QB8,13,2,UVH5a,9,0.07,-4950000.0,-4.95,426,1024,0.416015625
01a072a6-658d-79f3-bff1-2e7fd0670b76,a,D,QB8,13,2,UVH5a,10,0.07,-4500000.0,-4.5,433,1024,0.4228515625
01a072a6-658d-79f3-bff1-2e7fd0670b76,a,D,QB8,13,2,UVH5a,11,0.07,-4050000.0,-4.05,442,1024,0.431640625
01a072a6-658d-79f3-bff1-2e7fd0670b76,a,D,QB8,13,2,UVH5a,12,0.07,-3600000.0,-3.6,409,1024,0.3994140625
01a072a6-658d-79f3-bff1-2e7fd0670b76,a,D,QB8,13,2,UVH5a,13,0.07,-3150000.0,-3.15,483,1024,0.4716796875
01a072a6-658d-79f3-bff1-2e7fd0670b76,a,D,QB8,13,2,UVH5a,14,0.07,-2700000.0,-2.7,463,1024,0.4521484375
01a072a6-658d-79f3-bff1-2e7fd0670b76,a,D,QB8,13,2,UVH5a,15,0.07,-2250000.0,-2.25,443,1024,0.4326171875
01a072a6-658d-79f3-bff1-2e7fd0670b76,a,D,QB8,13,2,UVH5a,16,0.07,-1800000.0,-1.8,454,1024,0.443359375
01a072a6-658d-79f3-bff1-2e7fd0670b76,a,D,QB8,13,2,UVH5a,17,0.07,-1350000.0,-1.35,486,1024,0.474609375
01a072a6-658d-79f3-bff1-2e7fd0670b76,a,D,QB8,13,2,UVH5a,18,0.07,-900000.0,-0.9,473,1024,0.4619140625
01a072a6-658d-79f3-bff1-2e7fd0670b76,a,D,QB8,13,2,UVH5a,19,0.07,-450000.0,-0.45,498,1024,0.486328125
01a072a6-658d-79f3-bff1-2e7fd0670b76,a,D,QB8,13,2,UVH5a,20,0.07,0.0,0.0,515,1024,0.5029296875
01a072a6-658d-79f3-bff1-2e7fd0670b76,a,D,QB8,13,2,UVH5a,21,0.07,450000.0,0.45,483,1024,0.4716796875
01a072a6-658d-79f3-bff1-2e7fd0670b76,a,D,QB8,13,2,UVH5a,22,0.07,900000.0,0.9,489,1024,0.4775390625
01a072a6-658d-79f3-bff1-2e7fd0670b76,a,D,QB8,13,2,UVH5a,23,0.07,1350000.0,1.35,477,1024,0.4658203125
01a072a6-658d-79f3-bff1-2e7fd0670b76,a,D,QB8,13,2,UVH5a,24,0.07,1800000.0,1.8,468,1024,0.45703125
01a072a6-658d-79f3-bff1-2e7fd0670b76,a,D,QB8,13,2,UVH5a,25,0.07,2250000.0,2.25,503,1024,0.4912109375
01a072a6-658d-79f3-bff1-2e7fd0670b76,a,D,QB8,13,2,UVH5a,26,0.07,2700000.0,2.7,473,1024,0.4619140625
01a072a6-658d-79f3-bff1-2e7fd0670b76,a,D,QB8,13,2,UVH5a,27,0.07,3150000.0,3.15,477,1024,0.4658203125
01a072a6-658d-79f3-bff1-2e7fd0670b76,a,D,QB8,13,2,UVH5a,28,0.07,3600000.0,3.6,452,1024,0.44140625
01a072a6-658d-79f3-bff1-2e7fd0670b76,a,D,QB8,13,2,UVH5a,29,0.07,4050000.0,4.05,429,1024,0.4189453125
01a072a6-658d-79f3-bff1-2e7fd0670b76,a,D,QB8,13,2,UVH5a,30,0.07,4500000.0,4.5,451,1024,0.4404296875
01a072a6-658d-79f3-bff1-2e7fd0670b76,a,D,QB8,13,2,UVH5a,31,0.07,4950000.0,4.95,445,1024,0.4345703125
01a072a6-658d-79f3-bff1-2e7fd0670b76,a,D,QB8,13,2,UVH5a,32,0.07,5400000.0,5.4,435,1024,0.4248046875
01a072a6-658d-79f3-bff1-2e7fd0670b76,a,D,QB8,13,2,UVH5a,33,0.07,5850000.0,5.85,387,1024,0.3779296875
01a072a6-658d-79f3-bff1-2e7fd0670b76,a,D,QB8,13,2,UVH5a,34,0.07,6300000.0,6.3,424,1024,0.4140625
01a072a6-658d-79f3-bff1-2e7fd0670b76,a,D,QB8,13,2,UVH5a,35,0.07,6750000.0,6.75,390,1024,0.380859375
01a072a6-658d-79f3-bff1-2e7fd0670b76,a,D,QB8,13,2,UVH5a,36,0.07,7200000.0,7.2,414,1024,0.404296875
01a072a6-658d-79f3-bff1-2e7fd0670b76,a,D,QB8,13,2,UVH5a,37,0.07,7650000.0,7.65,407,1024,0.3974609375
01a072a6-658d-79f3-bff1-2e7fd0670b76,a,D,QB8,13,2,UVH5a,38,0.07,8100000.0,8.1,382,1024,0.373046875
01a072a6-658d-79f3-bff1-2e7fd0670b76,a,D,QB8,13,2,UVH5a,39,0.07,8550000.0,8.55,369,1024,0.3603515625
01a072a6-658d-79f3-bff1-2e7fd0670b76,a,D,QB8,13,2,UVH5a,40,0.07,9000000.0,9.0,394,1024,0.384765625
01a072a6-658d-79f3-bff1-2e7fd0670b76,a,D,QB8,13,3,UVH6a,0,0.07,-9000000.0,-9.0,519,1024,0.5068359375
01a072a6-658d-79f3-bff1-2e7fd0670b76,a,D,QB8,13,3,UVH6a,1,0.07,-8550000.0,-8.55,534,1024,0.521484375
01a072a6-658d-79f3-bff1-2e7fd0670b76,a,D,QB8,13,3,UVH6a,2,0.07,-8100000.0,-8.1,508,1024,0.49609375
01a072a6-658d-79f3-bff1-2e7fd0670b76,a,D,QB8,13,3,UVH6a,3,0.07,-7650000.0,-7.65,522,1024,0.509765625
01a072a6-658d-79f3-bff1-2e7fd0670b76,a,D,QB8,13,3,UVH6a,4,0.07,-7200000.0,-7.2,514,1024,0.501953125
01a072a6-658d-79f3-bff1-2e7fd0670b76,a,D,QB8,13,3,UVH6a,5,0.07,-6750000.0,-6.75,459,1024,0.4482421875
01a072a6-658d-79f3-bff1-2e7fd0670b76,a,D,QB8,13,3,UVH6a,6,0.07,-6300000.0,-6.3,464,1024,0.453125
01a072a6-658d-79f3-bff1-2e7fd0670b76,a,D,QB8,13,3,UVH6a,7,0.07,-5850000.0,-5.85,489,1024,0.4775390625
01a072a6-658d-79f3-bff1-2e7fd0670b76,a,D,QB8,13,3,UVH6a,8,0.07,-5400000.0,-5.4,476,1024,0.46484375
01a072a6-658d-79f3-bff1-2e7fd0670b76,a,D,QB8,13,3,UVH6a,9,0.07,-4950000.0,-4.95,466,1024,0.455078125
01a072a6-658d-79f3-bff1-2e7fd0670b76,a,D,QB8,13,3,UVH6a,10,0.07,-4500000.0,-4.5,473,1024,0.4619140625
01a072a6-658d-79f3-bff1-2e7fd0670b76,a,D,QB8,13,3,UVH6a,11,0.07,-4050000.0,-4.05,464,1024,0.453125
01a072a6-658d-79f3-bff1-2e7fd0670b76,a,D,QB8,13,3,UVH6a,12,0.07,-3600000.0,-3.6,479,1024,0.4677734375
01a072a6-658d-79f3-bff1-2e7fd0670b76,a,D,QB8,13,3,UVH6a,13,0.07,-3150000.0,-3.15,445,1024,0.4345703125
01a072a6-658d-79f3-bff1-2e7fd0670b76,a,D,QB8,13,3,UVH6a,14,0.07,-2700000.0,-2.7,446,1024,0.435546875
01a072a6-658d-79f3-bff1-2e7fd0670b76,a,D,QB8,13,3,UVH6a,15,0.07,-2250000.0,-2.25,441,1024,0.4306640625
01a072a6-658d-79f3-bff1-2e7fd0670b76,a,D,QB8,13,3,UVH6a,16,0.07,-1800000.0,-1.8,445,1024,0.4345703125
01a072a6-658d-79f3-bff1-2e7fd0670b76,a,D,QB8,13,3,UVH6a,17,0.07,-1350000.0,-1.35,455,1024,0.4443359375
01a072a6-658d-79f3-bff1-2e7fd0670b76,a,D,QB8,13,3,UVH6a,18,0.07,-900000.0,-0.9,460,1024,0.44921875
01a072a6-658d-79f3-bff1-2e7fd0670b76,a,D,QB8,13,3,UVH6a,19,0.07,-450000.0,-0.45,487,1024,0.4755859375
01a072a6-658d-79f3-bff1-2e7fd0670b76,a,D,QB8,13,3,UVH6a,20,0.07,0.0,0.0,467,1024,0.4560546875
01a072a6-658d-79f3-bff1-2e7fd0670b76,a,D,QB8,13,3,UVH6a,21,0.07,450000.0,0.45,482,1024,0.470703125
01a072a6-658d-79f3-bff1-2e7fd0670b76,a,D,QB8,13,3,UVH6a,22,0.07,900000.0,0.9,468,1024,0.45703125
01a072a6-658d-79f3-bff1-2e7fd0670b76,a,D,QB8,13,3,UVH6a,23,0.07,1350000.0,1.35,446,1024,0.435546875
01a072a6-658d-79f3-bff1-2e7fd0670b76,a,D,QB8,13,3,UVH6a,24,0.07,1800000.0,1.8,483,1024,0.4716796875
01a072a6-658d-79f3-bff1-2e7fd0670b76,a,D,QB8,13,3,UVH6a,25,0.07,2250000.0,2.25,491,1024,0.4794921875
01a072a6-658d-79f3-bff1-2e7fd0670b76,a,D,QB8,13,3,UVH6a,26,0.07,2700000.0,2.7,505,1024,0.4931640625
01a072a6-658d-79f3-bff1-2e7fd0670b76,a,D,QB8,13,3,UVH6a,27,0.07,3150000.0,3.15,469,1024,0.4580078125
01a072a6-658d-79f3-bff1-2e7fd0670b76,a,D,QB8,13,3,UVH6a,28,0.07,3600000.0,3.6,490,1024,0.478515625
01a072a6-658d-79f3-bff1-2e7fd0670b76,a,D,QB8,13,3,UVH6a,29,0.07,4050000.0,4.05,475,1024,0.4638671875
01a072a6-658d-79f3-bff1-2e7fd0670b76,a,D,QB8,13,3,UVH6a,30,0.07,4500000.0,4.5,497,1024,0.4853515625
01a072a6-658d-79f3-bff1-2e7fd0670b76,a,D,QB8,13,3,UVH6a,31,0.07,4950000.0,4.95,483,1024,0.4716796875
01a072a6-658d-79f3-bff1-2e7fd0670b76,a,D,QB8,13,3,UVH6a,32,0.07,5400000.0,5.4,508,1024,0.49609375
01a072a6-658d-79f3-bff1-2e7fd0670b76,a,D,QB8,13,3,UVH6a,33,0.07,5850000.0,5.85,516,1024,0.50390625
01a072a6-658d-79f3-bff1-2e7fd0670b76,a,D,QB8,13,3,UVH6a,34,0.07,6300000.0,6.3,556,1024,0.54296875
01a072a6-658d-79f3-bff1-2e7fd0670b76,a,D,QB8,13,3,UVH6a,35,0.07,6750000.0,6.75,556,1024,0.54296875
01a072a6-658d-79f3-bff1-2e7fd0670b76,a,D,QB8,13,3,UVH6a,36,0.07,7200000.0,7.2,530,1024,0.517578125
01a072a6-658d-79f3-bff1-2e7fd0670b76,a,D,QB8,13,3,UVH6a,37,0.07,7650000.0,7.65,573,1024,0.5595703125
01a072a6-658d-79f3-bff1-2e7fd0670b76,a,D,QB8,13,3,UVH6a,38,0.07,8100000.0,8.1,589,1024,0.5751953125
01a072a6-658d-79f3-bff1-2e7fd0670b76,a,D,QB8,13,3,UVH6a,39,0.07,8550000.0,8.55,602,1024,0.587890625
01a072a6-658d-79f3-bff1-2e7fd0670b76,a,D,QB8,13,3,UVH6a,40,0.07,9000000.0,9.0,654,1024,0.638671875
01a072a6-658d-79f3-bff1-2e7fd0670b76,a,D,QB8,13,4,UVH7a,0,0.07,-9000000.0,-9.0,565,1024,0.5517578125
01a072a6-658d-79f3-bff1-2e7fd0670b76,a,D,QB8,13,4,UVH7a,1,0.07,-8550000.0,-8.55,562,1024,0.548828125
01a072a6-658d-79f3-bff1-2e7fd0670b76,a,D,QB8,13,4,UVH7a,2,0.07,-8100000.0,-8.1,542,1024,0.529296875
01a072a6-658d-79f3-bff1-2e7fd0670b76,a,D,QB8,13,4,UVH7a,3,0.07,-7650000.0,-7.65,523,1024,0.5107421875
01a072a6-658d-79f3-bff1-2e7fd0670b76,a,D,QB8,13,4,UVH7a,4,0.07,-7200000.0,-7.2,524,1024,0.51171875
01a072a6-658d-79f3-bff1-2e7fd0670b76,a,D,QB8,13,4,UVH7a,5,0.07,-6750000.0,-6.75,514,1024,0.501953125
01a072a6-658d-79f3-bff1-2e7fd0670b76,a,D,QB8,13,4,UVH7a,6,0.07,-6300000.0,-6.3,491,1024,0.4794921875
01a072a6-658d-79f3-bff1-2e7fd0670b76,a,D,QB8,13,4,UVH7a,7,0.07,-5850000.0,-5.85,503,1024,0.4912109375
01a072a6-658d-79f3-bff1-2e7fd0670b76,a,D,QB8,13,4,UVH7a,8,0.07,-5400000.0,-5.4,485,1024,0.4736328125
01a072a6-658d-79f3-bff1-2e7fd0670b76,a,D,QB8,13,4,UVH7a,9,0.07,-4950000.0,-4.95,505,1024,0.4931640625
01a072a6-658d-79f3-bff1-2e7fd0670b76,a,D,QB8,13,4,UVH7a,10,0.07,-4500000.0,-4.5,501,1024,0.4892578125
01a072a6-658d-79f3-bff1-2e7fd0670b76,a,D,QB8,13,4,UVH7a,11,0.07,-4050000.0,-4.05,450,1024,0.439453125
01a072a6-658d-79f3-bff1-2e7fd0670b76,a,D,QB8,13,4,UVH7a,12,0.07,-3600000.0,-3.6,490,1024,0.478515625
01a072a6-658d-79f3-bff1-2e7fd0670b76,a,D,QB8,13,4,UVH7a,13,0.07,-3150000.0,-3.15,480,1024,0.46875
01a072a6-658d-79f3-bff1-2e7fd0670b76,a,D,QB8,13,4,UVH7a,14,0.07,-2700000.0,-2.7,461,1024,0.4501953125
01a072a6-658d-79f3-bff1-2e7fd0670b76,a,D,QB8,13,4,UVH7a,15,0.07,-2250000.0,-2.25,506,1024,0.494140625
01a072a6-658d-79f3-bff1-2e7fd0670b76,a,D,QB8,13,4,UVH7a,16,0.07,-1800000.0,-1.8,473,1024,0.4619140625
01a072a6-658d-79f3-bff1-2e7fd0670b76,a,D,QB8,13,4,UVH7a,17,0.07,-1350000.0,-1.35,514,1024,0.501953125
01a072a6-658d-79f3-bff1-2e7fd0670b76,a,D,QB8,13,4,UVH7a,18,0.07,-900000.0,-0.9,498,1024,0.486328125
01a072a6-658d-79f3-bff1-2e7fd0670b76,a,D,QB8,13,4,UVH7a,19,0.07,-450000.0,-0.45,489,1024,0.4775390625
01a072a6-658d-79f3-bff1-2e7fd0670b76,a,D,QB8,13,4,UVH7a,20,0.07,0.0,0.0,521,1024,0.5087890625
01a072a6-658d-79f3-bff1-2e7fd0670b76,a,D,QB8,13,4,UVH7a,21,0.07,450000.0,0.45,480,1024,0.46875
01a072a6-658d-79f3-bff1-2e7fd0670b76,a,D,QB8,13,4,UVH7a,22,0.07,900000.0,0.9,464,1024,0.453125
01a072a6-658d-79f3-bff1-2e7fd0670b76,a,D,QB8,13,4,UVH7a,23,0.07,1350000.0,1.35,505,1024,0.4931640625
01a072a6-658d-79f3-bff1-2e7fd0670b76,a,D,QB8,13,4,UVH7a,24,0.07,1800000.0,1.8,496,1024,0.484375
01a072a6-658d-79f3-bff1-2e7fd0670b76,a,D,QB8,13,4,UVH7a,25,0.07,2250000.0,2.25,494,1024,0.482421875
01a072a6-658d-79f3-bff1-2e7fd0670b76,a,D,QB8,13,4,UVH7a,26,0.07,2700000.0,2.7,448,1024,0.4375
01a072a6-658d-79f3-bff1-2e7fd0670b76,a,D,QB8,13,4,UVH7a,27,0.07,3150000.0,3.15,463,1024,0.4521484375
01a072a6-658d-79f3-bff1-2e7fd0670b76,a,D,QB8,13,4,UVH7a,28,0.07,3600000.0,3.6,461,1024,0.4501953125
01a072a6-658d-79f3-bff1-2e7fd0670b76,a,D,QB8,13,4,UVH7a,29,0.07,4050000.0,4.05,468,1024,0.45703125
01a072a6-658d-79f3-bff1-2e7fd0670b76,a,D,QB8,13,4,UVH7a,30,0.07,4500000.0,4.5,459,1024,0.4482421875
01a072a6-658d-79f3-bff1-2e7fd0670b76,a,D,QB8,13,4,UVH7a,31,0.07,4950000.0,4.95,453,1024,0.4423828125
01a072a6-658d-79f3-bff1-2e7fd0670b76,a,D,QB8,13,4,UVH7a,32,0.07,5400000.0,5.4,454,1024,0.443359375
01a072a6-658d-79f3-bff1-2e7fd0670b76,a,D,QB8,13,4,UVH7a,33,0.07,5850000.0,5.85,427,1024,0.4169921875
01a072a6-658d-79f3-bff1-2e7fd0670b76,a,D,QB8,13,4,UVH7a,34,0.07,6300000.0,6.3,412,1024,0.40234375
01a072a6-658d-79f3-bff1-2e7fd0670b76,a,D,QB8,13,4,UVH7a,35,0.07,6750000.0,6.75,399,1024,0.3896484375
01a072a6-658d-79f3-bff1-2e7fd0670b76,a,D,QB8,13,4,UVH7a,36,0.07,7200000.0,7.2,363,1024,0.3544921875
01a072a6-658d-79f3-bff1-2e7fd0670b76,a,D,QB8,13,4,UVH7a,37,0.07,7650000.0,7.65,352,1024,0.34375
01a072a6-658d-79f3-bff1-2e7fd0670b76,a,D,QB8,13,4,UVH7a,38,0.07,8100000.0,8.1,369,1024,0.3603515625
01a072a6-658d-79f3-bff1-2e7fd0670b76,a,D,QB8,13,4,UVH7a,39,0.07,8550000.0,8.55,337,1024,0.3291015625
01a072a6-658d-79f3-bff1-2e7fd0670b76,a,D,QB8,13,4,UVH7a,40,0.07,9000000.0,9.0,336,1024,0.328125
01a072a6-658d-79f3-bff1-2e7fd0670b76,a,D,QB8,13,5,UVH8a,0,0.07,-9000000.0,-9.0,498,1024,0.486328125
01a072a6-658d-79f3-bff1-2e7fd0670b76,a,D,QB8,13,5,UVH8a,1,0.07,-8550000.0,-8.55,479,1024,0.4677734375
01a072a6-658d-79f3-bff1-2e7fd0670b76,a,D,QB8,13,5,UVH8a,2,0.07,-8100000.0,-8.1,501,1024,0.4892578125
01a072a6-658d-79f3-bff1-2e7fd0670b76,a,D,QB8,13,5,UVH8a,3,0.07,-7650000.0,-7.65,495,1024,0.4833984375
01a072a6-658d-79f3-bff1-2e7fd0670b76,a,D,QB8,13,5,UVH8a,4,0.07,-7200000.0,-7.2,490,1024,0.478515625
01a072a6-658d-79f3-bff1-2e7fd0670b76,a,D,QB8,13,5,UVH8a,5,0.07,-6750000.0,-6.75,452,1024,0.44140625
01a072a6-658d-79f3-bff1-2e7fd0670b76,a,D,QB8,13,5,UVH8a,6,0.07,-6300000.0,-6.3,515,1024,0.5029296875
01a072a6-658d-79f3-bff1-2e7fd0670b76,a,D,QB8,13,5,UVH8a,7,0.07,-5850000.0,-5.85,459,1024,0.4482421875
01a072a6-658d-79f3-bff1-2e7fd0670b76,a,D,QB8,13,5,UVH8a,8,0.07,-5400000.0,-5.4,483,1024,0.4716796875
01a072a6-658d-79f3-bff1-2e7fd0670b76,a,D,QB8,13,5,UVH8a,9,0.07,-4950000.0,-4.95,467,1024,0.4560546875
01a072a6-658d-79f3-bff1-2e7fd0670b76,a,D,QB8,13,5,UVH8a,10,0.07,-4500000.0,-4.5,476,1024,0.46484375
01a072a6-658d-79f3-bff1-2e7fd0670b76,a,D,QB8,13,5,UVH8a,11,0.07,-4050000.0,-4.05,522,1024,0.509765625
01a072a6-658d-79f3-bff1-2e7fd0670b76,a,D,QB8,13,5,UVH8a,12,0.07,-3600000.0,-3.6,467,1024,0.4560546875
01a072a6-658d-79f3-bff1-2e7fd0670b76,a,D,QB8,13,5,UVH8a,13,0.07,-3150000.0,-3.15,465,1024,0.4541015625
01a072a6-658d-79f3-bff1-2e7fd0670b76,a,D,QB8,13,5,UVH8a,14,0.07,-2700000.0,-2.7,475,1024,0.4638671875
01a072a6-658d-79f3-bff1-2e7fd0670b76,a,D,QB8,13,5,UVH8a,15,0.07,-2250000.0,-2.25,484,1024,0.47265625
01a072a6-658d-79f3-bff1-2e7fd0670b76,a,D,QB8,13,5,UVH8a,16,0.07,-1800000.0,-1.8,462,1024,0.451171875
01a072a6-658d-79f3-bff1-2e7fd0670b76,a,D,QB8,13,5,UVH8a,17,0.07,-1350000.0,-1.35,488,1024,0.4765625
01a072a6-658d-79f3-bff1-2e7fd0670b76,a,D,QB8,13,5,UVH8a,18,0.07,-900000.0,-0.9,497,1024,0.4853515625
01a072a6-658d-79f3-bff1-2e7fd0670b76,a,D,QB8,13,5,UVH8a,19,0.07,-450000.0,-0.45,503,1024,0.4912109375
01a072a6-658d-79f3-bff1-2e7fd0670b76,a,D,QB8,13,5,UVH8a,20,0.07,0.0,0.0,472,1024,0.4609375
01a072a6-658d-79f3-bff1-2e7fd0670b76,a,D,QB8,13,5,UVH8a,21,0.07,450000.0,0.45,476,1024,0.46484375
01a072a6-658d-79f3-bff1-2e7fd0670b76,a,D,QB8,13,5,UVH8a,22,0.07,900000.0,0.9,496,1024,0.484375
01a072a6-658d-79f3-bff1-2e7fd0670b76,a,D,QB8,13,5,UVH8a,23,0.07,1350000.0,1.35,458,1024,0.447265625
01a072a6-658d-79f3-bff1-2e7fd0670b76,a,D,QB8,13,5,UVH8a,24,0.07,1800000.0,1.8,479,1024,0.4677734375
01a072a6-658d-79f3-bff1-2e7fd0670b76,a,D,QB8,13,5,UVH8a,25,0.07,2250000.0,2.25,473,1024,0.4619140625
01a072a6-658d-79f3-bff1-2e7fd0670b76,a,D,QB8,13,5,UVH8a,26,0.07,2700000.0,2.7,476,1024,0.46484375
01a072a6-658d-79f3-bff1-2e7fd0670b76,a,D,QB8,13,5,UVH8a,27,0.07,3150000.0,3.15,477,1024,0.4658203125
01a072a6-658d-79f3-bff1-2e7fd0670b76,a,D,QB8,13,5,UVH8a,28,0.07,3600000.0,3.6,507,1024,0.4951171875
01a072a6-658d-79f3-bff1-2e7fd0670b76,a,D,QB8,13,5,UVH8a,29,0.07,4050000.0,4.05,484,1024,0.47265625
01a072a6-658d-79f3-bff1-2e7fd0670b76,a,D,QB8,13,5,UVH8a,30,0.07,4500000.0,4.5,485,1024,0.4736328125
01a072a6-658d-79f3-bff1-2e7fd0670b76,a,D,QB8,13,5,UVH8a,31,0.07,4950000.0,4.95,440,1024,0.4296875
01a072a6-658d-79f3-bff1-2e7fd0670b76,a,D,QB8,13,5,UVH8a,32,0.07,5400000.0,5.4,464,1024,0.453125
01a072a6-658d-79f3-bff1-2e7fd0670b76,a,D,QB8,13,5,UVH8a,33,0.07,5850000.0,5.85,468,1024,0.45703125
01a072a6-658d-79f3-bff1-2e7fd0670b76,a,D,QB8,13,5,UVH8a,34,0.07,6300000.0,6.3,473,1024,0.4619140625
01a072a6-658d-79f3-bff1-2e7fd0670b76,a,D,QB8,13,5,UVH8a,35,0.07,6750000.0,6.75,433,1024,0.4228515625
01a072a6-658d-79f3-bff1-2e7fd0670b76,a,D,QB8,13,5,UVH8a,36,0.07,7200000.0,7.2,435,1024,0.4248046875
01a072a6-658d-79f3-bff1-2e7fd0670b76,a,D,QB8,13,5,UVH8a,37,0.07,7650000.0,7.65,452,1024,0.44140625
01a072a6-658d-79f3-bff1-2e7fd0670b76,a,D,QB8,13,5,UVH8a,38,0.07,8100000.0,8.1,436,1024,0.42578125
01a072a6-658d-79f3-bff1-2e7fd0670b76,a,D,QB8,13,5,UVH8a,39,0.07,8550000.0,8.55,420,1024,0.41015625
01a072a6-658d-79f3-bff1-2e7fd0670b76,a,D,QB8,13,5,UVH8a,40,0.07,9000000.0,9.0,416,1024,0.40625
01a072a6-658d-79f3-bff1-2e7fd0670b76,a,D,QB19,14,0,standard_pi_2,0,0.07,-9000000.0,-9.0,585,1024,0.5712890625
01a072a6-658d-79f3-bff1-2e7fd0670b76,a,D,QB19,14,0,standard_pi_2,1,0.07,-8550000.0,-8.55,627,1024,0.6123046875
01a072a6-658d-79f3-bff1-2e7fd0670b76,a,D,QB19,14,0,standard_pi_2,2,0.07,-8100000.0,-8.1,599,1024,0.5849609375
01a072a6-658d-79f3-bff1-2e7fd0670b76,a,D,QB19,14,0,standard_pi_2,3,0.07,-7650000.0,-7.65,619,1024,0.6044921875
01a072a6-658d-79f3-bff1-2e7fd0670b76,a,D,QB19,14,0,standard_pi_2,4,0.07,-7200000.0,-7.2,601,1024,0.5869140625
01a072a6-658d-79f3-bff1-2e7fd0670b76,a,D,QB19,14,0,standard_pi_2,5,0.07,-6750000.0,-6.75,578,1024,0.564453125
01a072a6-658d-79f3-bff1-2e7fd0670b76,a,D,QB19,14,0,standard_pi_2,6,0.07,-6300000.0,-6.3,588,1024,0.57421875
01a072a6-658d-79f3-bff1-2e7fd0670b76,a,D,QB19,14,0,standard_pi_2,7,0.07,-5850000.0,-5.85,580,1024,0.56640625
01a072a6-658d-79f3-bff1-2e7fd0670b76,a,D,QB19,14,0,standard_pi_2,8,0.07,-5400000.0,-5.4,586,1024,0.572265625
01a072a6-658d-79f3-bff1-2e7fd0670b76,a,D,QB19,14,0,standard_pi_2,9,0.07,-4950000.0,-4.95,573,1024,0.5595703125
01a072a6-658d-79f3-bff1-2e7fd0670b76,a,D,QB19,14,0,standard_pi_2,10,0.07,-4500000.0,-4.5,557,1024,0.5439453125
01a072a6-658d-79f3-bff1-2e7fd0670b76,a,D,QB19,14,0,standard_pi_2,11,0.07,-4050000.0,-4.05,547,1024,0.5341796875
01a072a6-658d-79f3-bff1-2e7fd0670b76,a,D,QB19,14,0,standard_pi_2,12,0.07,-3600000.0,-3.6,570,1024,0.556640625
01a072a6-658d-79f3-bff1-2e7fd0670b76,a,D,QB19,14,0,standard_pi_2,13,0.07,-3150000.0,-3.15,597,1024,0.5830078125
01a072a6-658d-79f3-bff1-2e7fd0670b76,a,D,QB19,14,0,standard_pi_2,14,0.07,-2700000.0,-2.7,582,1024,0.568359375
01a072a6-658d-79f3-bff1-2e7fd0670b76,a,D,QB19,14,0,standard_pi_2,15,0.07,-2250000.0,-2.25,569,1024,0.5556640625
01a072a6-658d-79f3-bff1-2e7fd0670b76,a,D,QB19,14,0,standard_pi_2,16,0.07,-1800000.0,-1.8,578,1024,0.564453125
01a072a6-658d-79f3-bff1-2e7fd0670b76,a,D,QB19,14,0,standard_pi_2,17,0.07,-1350000.0,-1.35,572,1024,0.55859375
01a072a6-658d-79f3-bff1-2e7fd0670b76,a,D,QB19,14,0,standard_pi_2,18,0.07,-900000.0,-0.9,568,1024,0.5546875
01a072a6-658d-79f3-bff1-2e7fd0670b76,a,D,QB19,14,0,standard_pi_2,19,0.07,-450000.0,-0.45,577,1024,0.5634765625
01a072a6-658d-79f3-bff1-2e7fd0670b76,a,D,QB19,14,0,standard_pi_2,20,0.07,0.0,0.0,545,1024,0.5322265625
01a072a6-658d-79f3-bff1-2e7fd0670b76,a,D,QB19,14,0,standard_pi_2,21,0.07,450000.0,0.45,561,1024,0.5478515625
01a072a6-658d-79f3-bff1-2e7fd0670b76,a,D,QB19,14,0,standard_pi_2,22,0.07,900000.0,0.9,541,1024,0.5283203125
01a072a6-658d-79f3-bff1-2e7fd0670b76,a,D,QB19,14,0,standard_pi_2,23,0.07,1350000.0,1.35,534,1024,0.521484375
01a072a6-658d-79f3-bff1-2e7fd0670b76,a,D,QB19,14,0,standard_pi_2,24,0.07,1800000.0,1.8,505,1024,0.4931640625
01a072a6-658d-79f3-bff1-2e7fd0670b76,a,D,QB19,14,0,standard_pi_2,25,0.07,2250000.0,2.25,541,1024,0.5283203125
01a072a6-658d-79f3-bff1-2e7fd0670b76,a,D,QB19,14,0,standard_pi_2,26,0.07,2700000.0,2.7,543,1024,0.5302734375
01a072a6-658d-79f3-bff1-2e7fd0670b76,a,D,QB19,14,0,standard_pi_2,27,0.07,3150000.0,3.15,534,1024,0.521484375
01a072a6-658d-79f3-bff1-2e7fd0670b76,a,D,QB19,14,0,standard_pi_2,28,0.07,3600000.0,3.6,506,1024,0.494140625
01a072a6-658d-79f3-bff1-2e7fd0670b76,a,D,QB19,14,0,standard_pi_2,29,0.07,4050000.0,4.05,523,1024,0.5107421875
01a072a6-658d-79f3-bff1-2e7fd0670b76,a,D,QB19,14,0,standard_pi_2,30,0.07,4500000.0,4.5,538,1024,0.525390625
01a072a6-658d-79f3-bff1-2e7fd0670b76,a,D,QB19,14,0,standard_pi_2,31,0.07,4950000.0,4.95,513,1024,0.5009765625
01a072a6-658d-79f3-bff1-2e7fd0670b76,a,D,QB19,14,0,standard_pi_2,32,0.07,5400000.0,5.4,521,1024,0.5087890625
01a072a6-658d-79f3-bff1-2e7fd0670b76,a,D,QB19,14,0,standard_pi_2,33,0.07,5850000.0,5.85,503,1024,0.4912109375
01a072a6-658d-79f3-bff1-2e7fd0670b76,a,D,QB19,14,0,standard_pi_2,34,0.07,6300000.0,6.3,518,1024,0.505859375
01a072a6-658d-79f3-bff1-2e7fd0670b76,a,D,QB19,14,0,standard_pi_2,35,0.07,6750000.0,6.75,514,1024,0.501953125
01a072a6-658d-79f3-bff1-2e7fd0670b76,a,D,QB19,14,0,standard_pi_2,36,0.07,7200000.0,7.2,505,1024,0.4931640625
01a072a6-658d-79f3-bff1-2e7fd0670b76,a,D,QB19,14,0,standard_pi_2,37,0.07,7650000.0,7.65,473,1024,0.4619140625
01a072a6-658d-79f3-bff1-2e7fd0670b76,a,D,QB19,14,0,standard_pi_2,38,0.07,8100000.0,8.1,519,1024,0.5068359375
01a072a6-658d-79f3-bff1-2e7fd0670b76,a,D,QB19,14,0,standard_pi_2,39,0.07,8550000.0,8.55,474,1024,0.462890625
01a072a6-658d-79f3-bff1-2e7fd0670b76,a,D,QB19,14,0,standard_pi_2,40,0.07,9000000.0,9.0,455,1024,0.4443359375
01a072a6-658d-79f3-bff1-2e7fd0670b76,a,D,QB19,14,1,UVH4a,0,0.07,-9000000.0,-9.0,506,1024,0.494140625
01a072a6-658d-79f3-bff1-2e7fd0670b76,a,D,QB19,14,1,UVH4a,1,0.07,-8550000.0,-8.55,510,1024,0.498046875
01a072a6-658d-79f3-bff1-2e7fd0670b76,a,D,QB19,14,1,UVH4a,2,0.07,-8100000.0,-8.1,517,1024,0.5048828125
01a072a6-658d-79f3-bff1-2e7fd0670b76,a,D,QB19,14,1,UVH4a,3,0.07,-7650000.0,-7.65,457,1024,0.4462890625
01a072a6-658d-79f3-bff1-2e7fd0670b76,a,D,QB19,14,1,UVH4a,4,0.07,-7200000.0,-7.2,491,1024,0.4794921875
01a072a6-658d-79f3-bff1-2e7fd0670b76,a,D,QB19,14,1,UVH4a,5,0.07,-6750000.0,-6.75,462,1024,0.451171875
01a072a6-658d-79f3-bff1-2e7fd0670b76,a,D,QB19,14,1,UVH4a,6,0.07,-6300000.0,-6.3,482,1024,0.470703125
01a072a6-658d-79f3-bff1-2e7fd0670b76,a,D,QB19,14,1,UVH4a,7,0.07,-5850000.0,-5.85,460,1024,0.44921875
01a072a6-658d-79f3-bff1-2e7fd0670b76,a,D,QB19,14,1,UVH4a,8,0.07,-5400000.0,-5.4,476,1024,0.46484375
01a072a6-658d-79f3-bff1-2e7fd0670b76,a,D,QB19,14,1,UVH4a,9,0.07,-4950000.0,-4.95,463,1024,0.4521484375
01a072a6-658d-79f3-bff1-2e7fd0670b76,a,D,QB19,14,1,UVH4a,10,0.07,-4500000.0,-4.5,488,1024,0.4765625
01a072a6-658d-79f3-bff1-2e7fd0670b76,a,D,QB19,14,1,UVH4a,11,0.07,-4050000.0,-4.05,453,1024,0.4423828125
01a072a6-658d-79f3-bff1-2e7fd0670b76,a,D,QB19,14,1,UVH4a,12,0.07,-3600000.0,-3.6,468,1024,0.45703125
01a072a6-658d-79f3-bff1-2e7fd0670b76,a,D,QB19,14,1,UVH4a,13,0.07,-3150000.0,-3.15,484,1024,0.47265625
01a072a6-658d-79f3-bff1-2e7fd0670b76,a,D,QB19,14,1,UVH4a,14,0.07,-2700000.0,-2.7,480,1024,0.46875
01a072a6-658d-79f3-bff1-2e7fd0670b76,a,D,QB19,14,1,UVH4a,15,0.07,-2250000.0,-2.25,471,1024,0.4599609375
01a072a6-658d-79f3-bff1-2e7fd0670b76,a,D,QB19,14,1,UVH4a,16,0.07,-1800000.0,-1.8,494,1024,0.482421875
01a072a6-658d-79f3-bff1-2e7fd0670b76,a,D,QB19,14,1,UVH4a,17,0.07,-1350000.0,-1.35,477,1024,0.4658203125
01a072a6-658d-79f3-bff1-2e7fd0670b76,a,D,QB19,14,1,UVH4a,18,0.07,-900000.0,-0.9,467,1024,0.4560546875
01a072a6-658d-79f3-bff1-2e7fd0670b76,a,D,QB19,14,1,UVH4a,19,0.07,-450000.0,-0.45,471,1024,0.4599609375
01a072a6-658d-79f3-bff1-2e7fd0670b76,a,D,QB19,14,1,UVH4a,20,0.07,0.0,0.0,473,1024,0.4619140625
01a072a6-658d-79f3-bff1-2e7fd0670b76,a,D,QB19,14,1,UVH4a,21,0.07,450000.0,0.45,492,1024,0.48046875
01a072a6-658d-79f3-bff1-2e7fd0670b76,a,D,QB19,14,1,UVH4a,22,0.07,900000.0,0.9,464,1024,0.453125
01a072a6-658d-79f3-bff1-2e7fd0670b76,a,D,QB19,14,1,UVH4a,23,0.07,1350000.0,1.35,507,1024,0.4951171875
01a072a6-658d-79f3-bff1-2e7fd0670b76,a,D,QB19,14,1,UVH4a,24,0.07,1800000.0,1.8,518,1024,0.505859375
01a072a6-658d-79f3-bff1-2e7fd0670b76,a,D,QB19,14,1,UVH4a,25,0.07,2250000.0,2.25,487,1024,0.4755859375
01a072a6-658d-79f3-bff1-2e7fd0670b76,a,D,QB19,14,1,UVH4a,26,0.07,2700000.0,2.7,474,1024,0.462890625
01a072a6-658d-79f3-bff1-2e7fd0670b76,a,D,QB19,14,1,UVH4a,27,0.07,3150000.0,3.15,488,1024,0.4765625
01a072a6-658d-79f3-bff1-2e7fd0670b76,a,D,QB19,14,1,UVH4a,28,0.07,3600000.0,3.6,472,1024,0.4609375
01a072a6-658d-79f3-bff1-2e7fd0670b76,a,D,QB19,14,1,UVH4a,29,0.07,4050000.0,4.05,506,1024,0.494140625
01a072a6-658d-79f3-bff1-2e7fd0670b76,a,D,QB19,14,1,UVH4a,30,0.07,4500000.0,4.5,473,1024,0.4619140625
01a072a6-658d-79f3-bff1-2e7fd0670b76,a,D,QB19,14,1,UVH4a,31,0.07,4950000.0,4.95,451,1024,0.4404296875
01a072a6-658d-79f3-bff1-2e7fd0670b76,a,D,QB19,14,1,UVH4a,32,0.07,5400000.0,5.4,457,1024,0.4462890625
01a072a6-658d-79f3-bff1-2e7fd0670b76,a,D,QB19,14,1,UVH4a,33,0.07,5850000.0,5.85,483,1024,0.4716796875
01a072a6-658d-79f3-bff1-2e7fd0670b76,a,D,QB19,14,1,UVH4a,34,0.07,6300000.0,6.3,479,1024,0.4677734375
01a072a6-658d-79f3-bff1-2e7fd0670b76,a,D,QB19,14,1,UVH4a,35,0.07,6750000.0,6.75,490,1024,0.478515625
01a072a6-658d-79f3-bff1-2e7fd0670b76,a,D,QB19,14,1,UVH4a,36,0.07,7200000.0,7.2,485,1024,0.4736328125
01a072a6-658d-79f3-bff1-2e7fd0670b76,a,D,QB19,14,1,UVH4a,37,0.07,7650000.0,7.65,551,1024,0.5380859375
01a072a6-658d-79f3-bff1-2e7fd0670b76,a,D,QB19,14,1,UVH4a,38,0.07,8100000.0,8.1,545,1024,0.5322265625
01a072a6-658d-79f3-bff1-2e7fd0670b76,a,D,QB19,14,1,UVH4a,39,0.07,8550000.0,8.55,566,1024,0.552734375
01a072a6-658d-79f3-bff1-2e7fd0670b76,a,D,QB19,14,1,UVH4a,40,0.07,9000000.0,9.0,577,1024,0.5634765625
01a072a6-658d-79f3-bff1-2e7fd0670b76,a,D,QB19,14,2,UVH5a,0,0.07,-9000000.0,-9.0,400,1024,0.390625
01a072a6-658d-79f3-bff1-2e7fd0670b76,a,D,QB19,14,2,UVH5a,1,0.07,-8550000.0,-8.55,398,1024,0.388671875
01a072a6-658d-79f3-bff1-2e7fd0670b76,a,D,QB19,14,2,UVH5a,2,0.07,-8100000.0,-8.1,411,1024,0.4013671875
01a072a6-658d-79f3-bff1-2e7fd0670b76,a,D,QB19,14,2,UVH5a,3,0.07,-7650000.0,-7.65,382,1024,0.373046875
01a072a6-658d-79f3-bff1-2e7fd0670b76,a,D,QB19,14,2,UVH5a,4,0.07,-7200000.0,-7.2,397,1024,0.3876953125
01a072a6-658d-79f3-bff1-2e7fd0670b76,a,D,QB19,14,2,UVH5a,5,0.07,-6750000.0,-6.75,415,1024,0.4052734375
01a072a6-658d-79f3-bff1-2e7fd0670b76,a,D,QB19,14,2,UVH5a,6,0.07,-6300000.0,-6.3,417,1024,0.4072265625
01a072a6-658d-79f3-bff1-2e7fd0670b76,a,D,QB19,14,2,UVH5a,7,0.07,-5850000.0,-5.85,397,1024,0.3876953125
01a072a6-658d-79f3-bff1-2e7fd0670b76,a,D,QB19,14,2,UVH5a,8,0.07,-5400000.0,-5.4,432,1024,0.421875
01a072a6-658d-79f3-bff1-2e7fd0670b76,a,D,QB19,14,2,UVH5a,9,0.07,-4950000.0,-4.95,440,1024,0.4296875
01a072a6-658d-79f3-bff1-2e7fd0670b76,a,D,QB19,14,2,UVH5a,10,0.07,-4500000.0,-4.5,447,1024,0.4365234375
01a072a6-658d-79f3-bff1-2e7fd0670b76,a,D,QB19,14,2,UVH5a,11,0.07,-4050000.0,-4.05,425,1024,0.4150390625
01a072a6-658d-79f3-bff1-2e7fd0670b76,a,D,QB19,14,2,UVH5a,12,0.07,-3600000.0,-3.6,460,1024,0.44921875
01a072a6-658d-79f3-bff1-2e7fd0670b76,a,D,QB19,14,2,UVH5a,13,0.07,-3150000.0,-3.15,443,1024,0.4326171875
01a072a6-658d-79f3-bff1-2e7fd0670b76,a,D,QB19,14,2,UVH5a,14,0.07,-2700000.0,-2.7,465,1024,0.4541015625
01a072a6-658d-79f3-bff1-2e7fd0670b76,a,D,QB19,14,2,UVH5a,15,0.07,-2250000.0,-2.25,469,1024,0.4580078125
01a072a6-658d-79f3-bff1-2e7fd0670b76,a,D,QB19,14,2,UVH5a,16,0.07,-1800000.0,-1.8,462,1024,0.451171875
01a072a6-658d-79f3-bff1-2e7fd0670b76,a,D,QB19,14,2,UVH5a,17,0.07,-1350000.0,-1.35,494,1024,0.482421875
01a072a6-658d-79f3-bff1-2e7fd0670b76,a,D,QB19,14,2,UVH5a,18,0.07,-900000.0,-0.9,470,1024,0.458984375
01a072a6-658d-79f3-bff1-2e7fd0670b76,a,D,QB19,14,2,UVH5a,19,0.07,-450000.0,-0.45,491,1024,0.4794921875
01a072a6-658d-79f3-bff1-2e7fd0670b76,a,D,QB19,14,2,UVH5a,20,0.07,0.0,0.0,492,1024,0.48046875
01a072a6-658d-79f3-bff1-2e7fd0670b76,a,D,QB19,14,2,UVH5a,21,0.07,450000.0,0.45,472,1024,0.4609375
01a072a6-658d-79f3-bff1-2e7fd0670b76,a,D,QB19,14,2,UVH5a,22,0.07,900000.0,0.9,473,1024,0.4619140625
01a072a6-658d-79f3-bff1-2e7fd0670b76,a,D,QB19,14,2,UVH5a,23,0.07,1350000.0,1.35,503,1024,0.4912109375
01a072a6-658d-79f3-bff1-2e7fd0670b76,a,D,QB19,14,2,UVH5a,24,0.07,1800000.0,1.8,468,1024,0.45703125
01a072a6-658d-79f3-bff1-2e7fd0670b76,a,D,QB19,14,2,UVH5a,25,0.07,2250000.0,2.25,469,1024,0.4580078125
01a072a6-658d-79f3-bff1-2e7fd0670b76,a,D,QB19,14,2,UVH5a,26,0.07,2700000.0,2.7,491,1024,0.4794921875
01a072a6-658d-79f3-bff1-2e7fd0670b76,a,D,QB19,14,2,UVH5a,27,0.07,3150000.0,3.15,487,1024,0.4755859375
01a072a6-658d-79f3-bff1-2e7fd0670b76,a,D,QB19,14,2,UVH5a,28,0.07,3600000.0,3.6,471,1024,0.4599609375
01a072a6-658d-79f3-bff1-2e7fd0670b76,a,D,QB19,14,2,UVH5a,29,0.07,4050000.0,4.05,478,1024,0.466796875
01a072a6-658d-79f3-bff1-2e7fd0670b76,a,D,QB19,14,2,UVH5a,30,0.07,4500000.0,4.5,457,1024,0.4462890625
01a072a6-658d-79f3-bff1-2e7fd0670b76,a,D,QB19,14,2,UVH5a,31,0.07,4950000.0,4.95,446,1024,0.435546875
01a072a6-658d-79f3-bff1-2e7fd0670b76,a,D,QB19,14,2,UVH5a,32,0.07,5400000.0,5.4,442,1024,0.431640625
01a072a6-658d-79f3-bff1-2e7fd0670b76,a,D,QB19,14,2,UVH5a,33,0.07,5850000.0,5.85,457,1024,0.4462890625
01a072a6-658d-79f3-bff1-2e7fd0670b76,a,D,QB19,14,2,UVH5a,34,0.07,6300000.0,6.3,422,1024,0.412109375
01a072a6-658d-79f3-bff1-2e7fd0670b76,a,D,QB19,14,2,UVH5a,35,0.07,6750000.0,6.75,413,1024,0.4033203125
01a072a6-658d-79f3-bff1-2e7fd0670b76,a,D,QB19,14,2,UVH5a,36,0.07,7200000.0,7.2,405,1024,0.3955078125
01a072a6-658d-79f3-bff1-2e7fd0670b76,a,D,QB19,14,2,UVH5a,37,0.07,7650000.0,7.65,394,1024,0.384765625
01a072a6-658d-79f3-bff1-2e7fd0670b76,a,D,QB19,14,2,UVH5a,38,0.07,8100000.0,8.1,415,1024,0.4052734375
01a072a6-658d-79f3-bff1-2e7fd0670b76,a,D,QB19,14,2,UVH5a,39,0.07,8550000.0,8.55,390,1024,0.380859375
01a072a6-658d-79f3-bff1-2e7fd0670b76,a,D,QB19,14,2,UVH5a,40,0.07,9000000.0,9.0,387,1024,0.3779296875
01a072a6-658d-79f3-bff1-2e7fd0670b76,a,D,QB19,14,3,UVH6a,0,0.07,-9000000.0,-9.0,587,1024,0.5732421875
01a072a6-658d-79f3-bff1-2e7fd0670b76,a,D,QB19,14,3,UVH6a,1,0.07,-8550000.0,-8.55,578,1024,0.564453125
01a072a6-658d-79f3-bff1-2e7fd0670b76,a,D,QB19,14,3,UVH6a,2,0.07,-8100000.0,-8.1,572,1024,0.55859375
01a072a6-658d-79f3-bff1-2e7fd0670b76,a,D,QB19,14,3,UVH6a,3,0.07,-7650000.0,-7.65,580,1024,0.56640625
01a072a6-658d-79f3-bff1-2e7fd0670b76,a,D,QB19,14,3,UVH6a,4,0.07,-7200000.0,-7.2,536,1024,0.5234375
01a072a6-658d-79f3-bff1-2e7fd0670b76,a,D,QB19,14,3,UVH6a,5,0.07,-6750000.0,-6.75,542,1024,0.529296875
01a072a6-658d-79f3-bff1-2e7fd0670b76,a,D,QB19,14,3,UVH6a,6,0.07,-6300000.0,-6.3,547,1024,0.5341796875
01a072a6-658d-79f3-bff1-2e7fd0670b76,a,D,QB19,14,3,UVH6a,7,0.07,-5850000.0,-5.85,523,1024,0.5107421875
01a072a6-658d-79f3-bff1-2e7fd0670b76,a,D,QB19,14,3,UVH6a,8,0.07,-5400000.0,-5.4,513,1024,0.5009765625
01a072a6-658d-79f3-bff1-2e7fd0670b76,a,D,QB19,14,3,UVH6a,9,0.07,-4950000.0,-4.95,493,1024,0.4814453125
01a072a6-658d-79f3-bff1-2e7fd0670b76,a,D,QB19,14,3,UVH6a,10,0.07,-4500000.0,-4.5,495,1024,0.4833984375
01a072a6-658d-79f3-bff1-2e7fd0670b76,a,D,QB19,14,3,UVH6a,11,0.07,-4050000.0,-4.05,515,1024,0.5029296875
01a072a6-658d-79f3-bff1-2e7fd0670b76,a,D,QB19,14,3,UVH6a,12,0.07,-3600000.0,-3.6,470,1024,0.458984375
01a072a6-658d-79f3-bff1-2e7fd0670b76,a,D,QB19,14,3,UVH6a,13,0.07,-3150000.0,-3.15,457,1024,0.4462890625
01a072a6-658d-79f3-bff1-2e7fd0670b76,a,D,QB19,14,3,UVH6a,14,0.07,-2700000.0,-2.7,472,1024,0.4609375
01a072a6-658d-79f3-bff1-2e7fd0670b76,a,D,QB19,14,3,UVH6a,15,0.07,-2250000.0,-2.25,484,1024,0.47265625
01a072a6-658d-79f3-bff1-2e7fd0670b76,a,D,QB19,14,3,UVH6a,16,0.07,-1800000.0,-1.8,496,1024,0.484375
01a072a6-658d-79f3-bff1-2e7fd0670b76,a,D,QB19,14,3,UVH6a,17,0.07,-1350000.0,-1.35,505,1024,0.4931640625
01a072a6-658d-79f3-bff1-2e7fd0670b76,a,D,QB19,14,3,UVH6a,18,0.07,-900000.0,-0.9,480,1024,0.46875
01a072a6-658d-79f3-bff1-2e7fd0670b76,a,D,QB19,14,3,UVH6a,19,0.07,-450000.0,-0.45,496,1024,0.484375
01a072a6-658d-79f3-bff1-2e7fd0670b76,a,D,QB19,14,3,UVH6a,20,0.07,0.0,0.0,503,1024,0.4912109375
01a072a6-658d-79f3-bff1-2e7fd0670b76,a,D,QB19,14,3,UVH6a,21,0.07,450000.0,0.45,509,1024,0.4970703125
01a072a6-658d-79f3-bff1-2e7fd0670b76,a,D,QB19,14,3,UVH6a,22,0.07,900000.0,0.9,515,1024,0.5029296875
01a072a6-658d-79f3-bff1-2e7fd0670b76,a,D,QB19,14,3,UVH6a,23,0.07,1350000.0,1.35,456,1024,0.4453125
01a072a6-658d-79f3-bff1-2e7fd0670b76,a,D,QB19,14,3,UVH6a,24,0.07,1800000.0,1.8,479,1024,0.4677734375
01a072a6-658d-79f3-bff1-2e7fd0670b76,a,D,QB19,14,3,UVH6a,25,0.07,2250000.0,2.25,500,1024,0.48828125
01a072a6-658d-79f3-bff1-2e7fd0670b76,a,D,QB19,14,3,UVH6a,26,0.07,2700000.0,2.7,490,1024,0.478515625
01a072a6-658d-79f3-bff1-2e7fd0670b76,a,D,QB19,14,3,UVH6a,27,0.07,3150000.0,3.15,483,1024,0.4716796875
01a072a6-658d-79f3-bff1-2e7fd0670b76,a,D,QB19,14,3,UVH6a,28,0.07,3600000.0,3.6,513,1024,0.5009765625
01a072a6-658d-79f3-bff1-2e7fd0670b76,a,D,QB19,14,3,UVH6a,29,0.07,4050000.0,4.05,506,1024,0.494140625
01a072a6-658d-79f3-bff1-2e7fd0670b76,a,D,QB19,14,3,UVH6a,30,0.07,4500000.0,4.5,480,1024,0.46875
01a072a6-658d-79f3-bff1-2e7fd0670b76,a,D,QB19,14,3,UVH6a,31,0.07,4950000.0,4.95,508,1024,0.49609375
01a072a6-658d-79f3-bff1-2e7fd0670b76,a,D,QB19,14,3,UVH6a,32,0.07,5400000.0,5.4,490,1024,0.478515625
01a072a6-658d-79f3-bff1-2e7fd0670b76,a,D,QB19,14,3,UVH6a,33,0.07,5850000.0,5.85,520,1024,0.5078125
01a072a6-658d-79f3-bff1-2e7fd0670b76,a,D,QB19,14,3,UVH6a,34,0.07,6300000.0,6.3,528,1024,0.515625
01a072a6-658d-79f3-bff1-2e7fd0670b76,a,D,QB19,14,3,UVH6a,35,0.07,6750000.0,6.75,531,1024,0.5185546875
01a072a6-658d-79f3-bff1-2e7fd0670b76,a,D,QB19,14,3,UVH6a,36,0.07,7200000.0,7.2,532,1024,0.51953125
01a072a6-658d-79f3-bff1-2e7fd0670b76,a,D,QB19,14,3,UVH6a,37,0.07,7650000.0,7.65,560,1024,0.546875
01a072a6-658d-79f3-bff1-2e7fd0670b76,a,D,QB19,14,3,UVH6a,38,0.07,8100000.0,8.1,577,1024,0.5634765625
01a072a6-658d-79f3-bff1-2e7fd0670b76,a,D,QB19,14,3,UVH6a,39,0.07,8550000.0,8.55,579,1024,0.5654296875
01a072a6-658d-79f3-bff1-2e7fd0670b76,a,D,QB19,14,3,UVH6a,40,0.07,9000000.0,9.0,618,1024,0.603515625
01a072a6-658d-79f3-bff1-2e7fd0670b76,a,D,QB19,14,4,UVH7a,0,0.07,-9000000.0,-9.0,594,1024,0.580078125
01a072a6-658d-79f3-bff1-2e7fd0670b76,a,D,QB19,14,4,UVH7a,1,0.07,-8550000.0,-8.55,604,1024,0.58984375
01a072a6-658d-79f3-bff1-2e7fd0670b76,a,D,QB19,14,4,UVH7a,2,0.07,-8100000.0,-8.1,564,1024,0.55078125
01a072a6-658d-79f3-bff1-2e7fd0670b76,a,D,QB19,14,4,UVH7a,3,0.07,-7650000.0,-7.65,543,1024,0.5302734375
01a072a6-658d-79f3-bff1-2e7fd0670b76,a,D,QB19,14,4,UVH7a,4,0.07,-7200000.0,-7.2,537,1024,0.5244140625
01a072a6-658d-79f3-bff1-2e7fd0670b76,a,D,QB19,14,4,UVH7a,5,0.07,-6750000.0,-6.75,518,1024,0.505859375
01a072a6-658d-79f3-bff1-2e7fd0670b76,a,D,QB19,14,4,UVH7a,6,0.07,-6300000.0,-6.3,529,1024,0.5166015625
01a072a6-658d-79f3-bff1-2e7fd0670b76,a,D,QB19,14,4,UVH7a,7,0.07,-5850000.0,-5.85,510,1024,0.498046875
01a072a6-658d-79f3-bff1-2e7fd0670b76,a,D,QB19,14,4,UVH7a,8,0.07,-5400000.0,-5.4,525,1024,0.5126953125
01a072a6-658d-79f3-bff1-2e7fd0670b76,a,D,QB19,14,4,UVH7a,9,0.07,-4950000.0,-4.95,524,1024,0.51171875
01a072a6-658d-79f3-bff1-2e7fd0670b76,a,D,QB19,14,4,UVH7a,10,0.07,-4500000.0,-4.5,496,1024,0.484375
01a072a6-658d-79f3-bff1-2e7fd0670b76,a,D,QB19,14,4,UVH7a,11,0.07,-4050000.0,-4.05,465,1024,0.4541015625
01a072a6-658d-79f3-bff1-2e7fd0670b76,a,D,QB19,14,4,UVH7a,12,0.07,-3600000.0,-3.6,490,1024,0.478515625
01a072a6-658d-79f3-bff1-2e7fd0670b76,a,D,QB19,14,4,UVH7a,13,0.07,-3150000.0,-3.15,487,1024,0.4755859375
01a072a6-658d-79f3-bff1-2e7fd0670b76,a,D,QB19,14,4,UVH7a,14,0.07,-2700000.0,-2.7,513,1024,0.5009765625
01a072a6-658d-79f3-bff1-2e7fd0670b76,a,D,QB19,14,4,UVH7a,15,0.07,-2250000.0,-2.25,473,1024,0.4619140625
01a072a6-658d-79f3-bff1-2e7fd0670b76,a,D,QB19,14,4,UVH7a,16,0.07,-1800000.0,-1.8,491,1024,0.4794921875
01a072a6-658d-79f3-bff1-2e7fd0670b76,a,D,QB19,14,4,UVH7a,17,0.07,-1350000.0,-1.35,501,1024,0.4892578125
01a072a6-658d-79f3-bff1-2e7fd0670b76,a,D,QB19,14,4,UVH7a,18,0.07,-900000.0,-0.9,502,1024,0.490234375
01a072a6-658d-79f3-bff1-2e7fd0670b76,a,D,QB19,14,4,UVH7a,19,0.07,-450000.0,-0.45,463,1024,0.4521484375
01a072a6-658d-79f3-bff1-2e7fd0670b76,a,D,QB19,14,4,UVH7a,20,0.07,0.0,0.0,485,1024,0.4736328125
01a072a6-658d-79f3-bff1-2e7fd0670b76,a,D,QB19,14,4,UVH7a,21,0.07,450000.0,0.45,504,1024,0.4921875
01a072a6-658d-79f3-bff1-2e7fd0670b76,a,D,QB19,14,4,UVH7a,22,0.07,900000.0,0.9,490,1024,0.478515625
01a072a6-658d-79f3-bff1-2e7fd0670b76,a,D,QB19,14,4,UVH7a,23,0.07,1350000.0,1.35,490,1024,0.478515625
01a072a6-658d-79f3-bff1-2e7fd0670b76,a,D,QB19,14,4,UVH7a,24,0.07,1800000.0,1.8,471,1024,0.4599609375
01a072a6-658d-79f3-bff1-2e7fd0670b76,a,D,QB19,14,4,UVH7a,25,0.07,2250000.0,2.25,490,1024,0.478515625
01a072a6-658d-79f3-bff1-2e7fd0670b76,a,D,QB19,14,4,UVH7a,26,0.07,2700000.0,2.7,495,1024,0.4833984375
01a072a6-658d-79f3-bff1-2e7fd0670b76,a,D,QB19,14,4,UVH7a,27,0.07,3150000.0,3.15,511,1024,0.4990234375
01a072a6-658d-79f3-bff1-2e7fd0670b76,a,D,QB19,14,4,UVH7a,28,0.07,3600000.0,3.6,508,1024,0.49609375
01a072a6-658d-79f3-bff1-2e7fd0670b76,a,D,QB19,14,4,UVH7a,29,0.07,4050000.0,4.05,462,1024,0.451171875
01a072a6-658d-79f3-bff1-2e7fd0670b76,a,D,QB19,14,4,UVH7a,30,0.07,4500000.0,4.5,475,1024,0.4638671875
01a072a6-658d-79f3-bff1-2e7fd0670b76,a,D,QB19,14,4,UVH7a,31,0.07,4950000.0,4.95,470,1024,0.458984375
01a072a6-658d-79f3-bff1-2e7fd0670b76,a,D,QB19,14,4,UVH7a,32,0.07,5400000.0,5.4,464,1024,0.453125
01a072a6-658d-79f3-bff1-2e7fd0670b76,a,D,QB19,14,4,UVH7a,33,0.07,5850000.0,5.85,449,1024,0.4384765625
01a072a6-658d-79f3-bff1-2e7fd0670b76,a,D,QB19,14,4,UVH7a,34,0.07,6300000.0,6.3,395,1024,0.3857421875
01a072a6-658d-79f3-bff1-2e7fd0670b76,a,D,QB19,14,4,UVH7a,35,0.07,6750000.0,6.75,436,1024,0.42578125
01a072a6-658d-79f3-bff1-2e7fd0670b76,a,D,QB19,14,4,UVH7a,36,0.07,7200000.0,7.2,421,1024,0.4111328125
01a072a6-658d-79f3-bff1-2e7fd0670b76,a,D,QB19,14,4,UVH7a,37,0.07,7650000.0,7.65,379,1024,0.3701171875
01a072a6-658d-79f3-bff1-2e7fd0670b76,a,D,QB19,14,4,UVH7a,38,0.07,8100000.0,8.1,373,1024,0.3642578125
01a072a6-658d-79f3-bff1-2e7fd0670b76,a,D,QB19,14,4,UVH7a,39,0.07,8550000.0,8.55,369,1024,0.3603515625
01a072a6-658d-79f3-bff1-2e7fd0670b76,a,D,QB19,14,4,UVH7a,40,0.07,9000000.0,9.0,344,1024,0.3359375
01a072a6-658d-79f3-bff1-2e7fd0670b76,a,D,QB19,14,5,UVH8a,0,0.07,-9000000.0,-9.0,555,1024,0.5419921875
01a072a6-658d-79f3-bff1-2e7fd0670b76,a,D,QB19,14,5,UVH8a,1,0.07,-8550000.0,-8.55,537,1024,0.5244140625
01a072a6-658d-79f3-bff1-2e7fd0670b76,a,D,QB19,14,5,UVH8a,2,0.07,-8100000.0,-8.1,539,1024,0.5263671875
01a072a6-658d-79f3-bff1-2e7fd0670b76,a,D,QB19,14,5,UVH8a,3,0.07,-7650000.0,-7.65,555,1024,0.5419921875
01a072a6-658d-79f3-bff1-2e7fd0670b76,a,D,QB19,14,5,UVH8a,4,0.07,-7200000.0,-7.2,545,1024,0.5322265625
01a072a6-658d-79f3-bff1-2e7fd0670b76,a,D,QB19,14,5,UVH8a,5,0.07,-6750000.0,-6.75,570,1024,0.556640625
01a072a6-658d-79f3-bff1-2e7fd0670b76,a,D,QB19,14,5,UVH8a,6,0.07,-6300000.0,-6.3,568,1024,0.5546875
01a072a6-658d-79f3-bff1-2e7fd0670b76,a,D,QB19,14,5,UVH8a,7,0.07,-5850000.0,-5.85,547,1024,0.5341796875
01a072a6-658d-79f3-bff1-2e7fd0670b76,a,D,QB19,14,5,UVH8a,8,0.07,-5400000.0,-5.4,571,1024,0.5576171875
01a072a6-658d-79f3-bff1-2e7fd0670b76,a,D,QB19,14,5,UVH8a,9,0.07,-4950000.0,-4.95,546,1024,0.533203125
01a072a6-658d-79f3-bff1-2e7fd0670b76,a,D,QB19,14,5,UVH8a,10,0.07,-4500000.0,-4.5,543,1024,0.5302734375
01a072a6-658d-79f3-bff1-2e7fd0670b76,a,D,QB19,14,5,UVH8a,11,0.07,-4050000.0,-4.05,525,1024,0.5126953125
01a072a6-658d-79f3-bff1-2e7fd0670b76,a,D,QB19,14,5,UVH8a,12,0.07,-3600000.0,-3.6,554,1024,0.541015625
01a072a6-658d-79f3-bff1-2e7fd0670b76,a,D,QB19,14,5,UVH8a,13,0.07,-3150000.0,-3.15,567,1024,0.5537109375
01a072a6-658d-79f3-bff1-2e7fd0670b76,a,D,QB19,14,5,UVH8a,14,0.07,-2700000.0,-2.7,521,1024,0.5087890625
01a072a6-658d-79f3-bff1-2e7fd0670b76,a,D,QB19,14,5,UVH8a,15,0.07,-2250000.0,-2.25,531,1024,0.5185546875
01a072a6-658d-79f3-bff1-2e7fd0670b76,a,D,QB19,14,5,UVH8a,16,0.07,-1800000.0,-1.8,541,1024,0.5283203125
01a072a6-658d-79f3-bff1-2e7fd0670b76,a,D,QB19,14,5,UVH8a,17,0.07,-1350000.0,-1.35,543,1024,0.5302734375
01a072a6-658d-79f3-bff1-2e7fd0670b76,a,D,QB19,14,5,UVH8a,18,0.07,-900000.0,-0.9,506,1024,0.494140625
01a072a6-658d-79f3-bff1-2e7fd0670b76,a,D,QB19,14,5,UVH8a,19,0.07,-450000.0,-0.45,523,1024,0.5107421875
01a072a6-658d-79f3-bff1-2e7fd0670b76,a,D,QB19,14,5,UVH8a,20,0.07,0.0,0.0,519,1024,0.5068359375
01a072a6-658d-79f3-bff1-2e7fd0670b76,a,D,QB19,14,5,UVH8a,21,0.07,450000.0,0.45,534,1024,0.521484375
01a072a6-658d-79f3-bff1-2e7fd0670b76,a,D,QB19,14,5,UVH8a,22,0.07,900000.0,0.9,524,1024,0.51171875
01a072a6-658d-79f3-bff1-2e7fd0670b76,a,D,QB19,14,5,UVH8a,23,0.07,1350000.0,1.35,475,1024,0.4638671875
01a072a6-658d-79f3-bff1-2e7fd0670b76,a,D,QB19,14,5,UVH8a,24,0.07,1800000.0,1.8,511,1024,0.4990234375
01a072a6-658d-79f3-bff1-2e7fd0670b76,a,D,QB19,14,5,UVH8a,25,0.07,2250000.0,2.25,496,1024,0.484375
01a072a6-658d-79f3-bff1-2e7fd0670b76,a,D,QB19,14,5,UVH8a,26,0.07,2700000.0,2.7,535,1024,0.5224609375
01a072a6-658d-79f3-bff1-2e7fd0670b76,a,D,QB19,14,5,UVH8a,27,0.07,3150000.0,3.15,492,1024,0.48046875
01a072a6-658d-79f3-bff1-2e7fd0670b76,a,D,QB19,14,5,UVH8a,28,0.07,3600000.0,3.6,470,1024,0.458984375
01a072a6-658d-79f3-bff1-2e7fd0670b76,a,D,QB19,14,5,UVH8a,29,0.07,4050000.0,4.05,495,1024,0.4833984375
01a072a6-658d-79f3-bff1-2e7fd0670b76,a,D,QB19,14,5,UVH8a,30,0.07,4500000.0,4.5,516,1024,0.50390625
01a072a6-658d-79f3-bff1-2e7fd0670b76,a,D,QB19,14,5,UVH8a,31,0.07,4950000.0,4.95,514,1024,0.501953125
01a072a6-658d-79f3-bff1-2e7fd0670b76,a,D,QB19,14,5,UVH8a,32,0.07,5400000.0,5.4,496,1024,0.484375
01a072a6-658d-79f3-bff1-2e7fd0670b76,a,D,QB19,14,5,UVH8a,33,0.07,5850000.0,5.85,489,1024,0.4775390625
01a072a6-658d-79f3-bff1-2e7fd0670b76,a,D,QB19,14,5,UVH8a,34,0.07,6300000.0,6.3,460,1024,0.44921875
01a072a6-658d-79f3-bff1-2e7fd0670b76,a,D,QB19,14,5,UVH8a,35,0.07,6750000.0,6.75,510,1024,0.498046875
01a072a6-658d-79f3-bff1-2e7fd0670b76,a,D,QB19,14,5,UVH8a,36,0.07,7200000.0,7.2,469,1024,0.4580078125
01a072a6-658d-79f3-bff1-2e7fd0670b76,a,D,QB19,14,5,UVH8a,37,0.07,7650000.0,7.65,431,1024,0.4208984375
01a072a6-658d-79f3-bff1-2e7fd0670b76,a,D,QB19,14,5,UVH8a,38,0.07,8100000.0,8.1,478,1024,0.466796875
01a072a6-658d-79f3-bff1-2e7fd0670b76,a,D,QB19,14,5,UVH8a,39,0.07,8550000.0,8.55,442,1024,0.431640625
01a072a6-658d-79f3-bff1-2e7fd0670b76,a,D,QB19,14,5,UVH8a,40,0.07,9000000.0,9.0,452,1024,0.44140625
01a072a6-658d-79f3-bff1-2e7fd0670b76,a,D,QB2,15,0,standard_pi_2,0,0.07,-9000000.0,-9.0,607,1024,0.5927734375
01a072a6-658d-79f3-bff1-2e7fd0670b76,a,D,QB2,15,0,standard_pi_2,1,0.07,-8550000.0,-8.55,595,1024,0.5810546875
01a072a6-658d-79f3-bff1-2e7fd0670b76,a,D,QB2,15,0,standard_pi_2,2,0.07,-8100000.0,-8.1,595,1024,0.5810546875
01a072a6-658d-79f3-bff1-2e7fd0670b76,a,D,QB2,15,0,standard_pi_2,3,0.07,-7650000.0,-7.65,625,1024,0.6103515625
01a072a6-658d-79f3-bff1-2e7fd0670b76,a,D,QB2,15,0,standard_pi_2,4,0.07,-7200000.0,-7.2,599,1024,0.5849609375
01a072a6-658d-79f3-bff1-2e7fd0670b76,a,D,QB2,15,0,standard_pi_2,5,0.07,-6750000.0,-6.75,590,1024,0.576171875
01a072a6-658d-79f3-bff1-2e7fd0670b76,a,D,QB2,15,0,standard_pi_2,6,0.07,-6300000.0,-6.3,603,1024,0.5888671875
01a072a6-658d-79f3-bff1-2e7fd0670b76,a,D,QB2,15,0,standard_pi_2,7,0.07,-5850000.0,-5.85,584,1024,0.5703125
01a072a6-658d-79f3-bff1-2e7fd0670b76,a,D,QB2,15,0,standard_pi_2,8,0.07,-5400000.0,-5.4,590,1024,0.576171875
01a072a6-658d-79f3-bff1-2e7fd0670b76,a,D,QB2,15,0,standard_pi_2,9,0.07,-4950000.0,-4.95,600,1024,0.5859375
01a072a6-658d-79f3-bff1-2e7fd0670b76,a,D,QB2,15,0,standard_pi_2,10,0.07,-4500000.0,-4.5,596,1024,0.58203125
01a072a6-658d-79f3-bff1-2e7fd0670b76,a,D,QB2,15,0,standard_pi_2,11,0.07,-4050000.0,-4.05,584,1024,0.5703125
01a072a6-658d-79f3-bff1-2e7fd0670b76,a,D,QB2,15,0,standard_pi_2,12,0.07,-3600000.0,-3.6,622,1024,0.607421875
01a072a6-658d-79f3-bff1-2e7fd0670b76,a,D,QB2,15,0,standard_pi_2,13,0.07,-3150000.0,-3.15,600,1024,0.5859375
01a072a6-658d-79f3-bff1-2e7fd0670b76,a,D,QB2,15,0,standard_pi_2,14,0.07,-2700000.0,-2.7,567,1024,0.5537109375
01a072a6-658d-79f3-bff1-2e7fd0670b76,a,D,QB2,15,0,standard_pi_2,15,0.07,-2250000.0,-2.25,586,1024,0.572265625
01a072a6-658d-79f3-bff1-2e7fd0670b76,a,D,QB2,15,0,standard_pi_2,16,0.07,-1800000.0,-1.8,556,1024,0.54296875
01a072a6-658d-79f3-bff1-2e7fd0670b76,a,D,QB2,15,0,standard_pi_2,17,0.07,-1350000.0,-1.35,587,1024,0.5732421875
01a072a6-658d-79f3-bff1-2e7fd0670b76,a,D,QB2,15,0,standard_pi_2,18,0.07,-900000.0,-0.9,558,1024,0.544921875
01a072a6-658d-79f3-bff1-2e7fd0670b76,a,D,QB2,15,0,standard_pi_2,19,0.07,-450000.0,-0.45,569,1024,0.5556640625
01a072a6-658d-79f3-bff1-2e7fd0670b76,a,D,QB2,15,0,standard_pi_2,20,0.07,0.0,0.0,565,1024,0.5517578125
01a072a6-658d-79f3-bff1-2e7fd0670b76,a,D,QB2,15,0,standard_pi_2,21,0.07,450000.0,0.45,537,1024,0.5244140625
01a072a6-658d-79f3-bff1-2e7fd0670b76,a,D,QB2,15,0,standard_pi_2,22,0.07,900000.0,0.9,547,1024,0.5341796875
01a072a6-658d-79f3-bff1-2e7fd0670b76,a,D,QB2,15,0,standard_pi_2,23,0.07,1350000.0,1.35,549,1024,0.5361328125
01a072a6-658d-79f3-bff1-2e7fd0670b76,a,D,QB2,15,0,standard_pi_2,24,0.07,1800000.0,1.8,575,1024,0.5615234375
01a072a6-658d-79f3-bff1-2e7fd0670b76,a,D,QB2,15,0,standard_pi_2,25,0.07,2250000.0,2.25,530,1024,0.517578125
01a072a6-658d-79f3-bff1-2e7fd0670b76,a,D,QB2,15,0,standard_pi_2,26,0.07,2700000.0,2.7,535,1024,0.5224609375
01a072a6-658d-79f3-bff1-2e7fd0670b76,a,D,QB2,15,0,standard_pi_2,27,0.07,3150000.0,3.15,529,1024,0.5166015625
01a072a6-658d-79f3-bff1-2e7fd0670b76,a,D,QB2,15,0,standard_pi_2,28,0.07,3600000.0,3.6,545,1024,0.5322265625
01a072a6-658d-79f3-bff1-2e7fd0670b76,a,D,QB2,15,0,standard_pi_2,29,0.07,4050000.0,4.05,523,1024,0.5107421875
01a072a6-658d-79f3-bff1-2e7fd0670b76,a,D,QB2,15,0,standard_pi_2,30,0.07,4500000.0,4.5,537,1024,0.5244140625
01a072a6-658d-79f3-bff1-2e7fd0670b76,a,D,QB2,15,0,standard_pi_2,31,0.07,4950000.0,4.95,495,1024,0.4833984375
01a072a6-658d-79f3-bff1-2e7fd0670b76,a,D,QB2,15,0,standard_pi_2,32,0.07,5400000.0,5.4,502,1024,0.490234375
01a072a6-658d-79f3-bff1-2e7fd0670b76,a,D,QB2,15,0,standard_pi_2,33,0.07,5850000.0,5.85,525,1024,0.5126953125
01a072a6-658d-79f3-bff1-2e7fd0670b76,a,D,QB2,15,0,standard_pi_2,34,0.07,6300000.0,6.3,500,1024,0.48828125
01a072a6-658d-79f3-bff1-2e7fd0670b76,a,D,QB2,15,0,standard_pi_2,35,0.07,6750000.0,6.75,532,1024,0.51953125
01a072a6-658d-79f3-bff1-2e7fd0670b76,a,D,QB2,15,0,standard_pi_2,36,0.07,7200000.0,7.2,468,1024,0.45703125
01a072a6-658d-79f3-bff1-2e7fd0670b76,a,D,QB2,15,0,standard_pi_2,37,0.07,7650000.0,7.65,504,1024,0.4921875
01a072a6-658d-79f3-bff1-2e7fd0670b76,a,D,QB2,15,0,standard_pi_2,38,0.07,8100000.0,8.1,480,1024,0.46875
01a072a6-658d-79f3-bff1-2e7fd0670b76,a,D,QB2,15,0,standard_pi_2,39,0.07,8550000.0,8.55,507,1024,0.4951171875
01a072a6-658d-79f3-bff1-2e7fd0670b76,a,D,QB2,15,0,standard_pi_2,40,0.07,9000000.0,9.0,481,1024,0.4697265625
01a072a6-658d-79f3-bff1-2e7fd0670b76,a,D,QB2,15,1,UVH4a,0,0.07,-9000000.0,-9.0,528,1024,0.515625
01a072a6-658d-79f3-bff1-2e7fd0670b76,a,D,QB2,15,1,UVH4a,1,0.07,-8550000.0,-8.55,529,1024,0.5166015625
01a072a6-658d-79f3-bff1-2e7fd0670b76,a,D,QB2,15,1,UVH4a,2,0.07,-8100000.0,-8.1,517,1024,0.5048828125
01a072a6-658d-79f3-bff1-2e7fd0670b76,a,D,QB2,15,1,UVH4a,3,0.07,-7650000.0,-7.65,511,1024,0.4990234375
01a072a6-658d-79f3-bff1-2e7fd0670b76,a,D,QB2,15,1,UVH4a,4,0.07,-7200000.0,-7.2,509,1024,0.4970703125
01a072a6-658d-79f3-bff1-2e7fd0670b76,a,D,QB2,15,1,UVH4a,5,0.07,-6750000.0,-6.75,473,1024,0.4619140625
01a072a6-658d-79f3-bff1-2e7fd0670b76,a,D,QB2,15,1,UVH4a,6,0.07,-6300000.0,-6.3,483,1024,0.4716796875
01a072a6-658d-79f3-bff1-2e7fd0670b76,a,D,QB2,15,1,UVH4a,7,0.07,-5850000.0,-5.85,453,1024,0.4423828125
01a072a6-658d-79f3-bff1-2e7fd0670b76,a,D,QB2,15,1,UVH4a,8,0.07,-5400000.0,-5.4,456,1024,0.4453125
01a072a6-658d-79f3-bff1-2e7fd0670b76,a,D,QB2,15,1,UVH4a,9,0.07,-4950000.0,-4.95,489,1024,0.4775390625
01a072a6-658d-79f3-bff1-2e7fd0670b76,a,D,QB2,15,1,UVH4a,10,0.07,-4500000.0,-4.5,466,1024,0.455078125
01a072a6-658d-79f3-bff1-2e7fd0670b76,a,D,QB2,15,1,UVH4a,11,0.07,-4050000.0,-4.05,487,1024,0.4755859375
01a072a6-658d-79f3-bff1-2e7fd0670b76,a,D,QB2,15,1,UVH4a,12,0.07,-3600000.0,-3.6,464,1024,0.453125
01a072a6-658d-79f3-bff1-2e7fd0670b76,a,D,QB2,15,1,UVH4a,13,0.07,-3150000.0,-3.15,503,1024,0.4912109375
01a072a6-658d-79f3-bff1-2e7fd0670b76,a,D,QB2,15,1,UVH4a,14,0.07,-2700000.0,-2.7,496,1024,0.484375
01a072a6-658d-79f3-bff1-2e7fd0670b76,a,D,QB2,15,1,UVH4a,15,0.07,-2250000.0,-2.25,493,1024,0.4814453125
01a072a6-658d-79f3-bff1-2e7fd0670b76,a,D,QB2,15,1,UVH4a,16,0.07,-1800000.0,-1.8,510,1024,0.498046875
01a072a6-658d-79f3-bff1-2e7fd0670b76,a,D,QB2,15,1,UVH4a,17,0.07,-1350000.0,-1.35,480,1024,0.46875
01a072a6-658d-79f3-bff1-2e7fd0670b76,a,D,QB2,15,1,UVH4a,18,0.07,-900000.0,-0.9,513,1024,0.5009765625
01a072a6-658d-79f3-bff1-2e7fd0670b76,a,D,QB2,15,1,UVH4a,19,0.07,-450000.0,-0.45,474,1024,0.462890625
01a072a6-658d-79f3-bff1-2e7fd0670b76,a,D,QB2,15,1,UVH4a,20,0.07,0.0,0.0,493,1024,0.4814453125
01a072a6-658d-79f3-bff1-2e7fd0670b76,a,D,QB2,15,1,UVH4a,21,0.07,450000.0,0.45,471,1024,0.4599609375
01a072a6-658d-79f3-bff1-2e7fd0670b76,a,D,QB2,15,1,UVH4a,22,0.07,900000.0,0.9,492,1024,0.48046875
01a072a6-658d-79f3-bff1-2e7fd0670b76,a,D,QB2,15,1,UVH4a,23,0.07,1350000.0,1.35,506,1024,0.494140625
01a072a6-658d-79f3-bff1-2e7fd0670b76,a,D,QB2,15,1,UVH4a,24,0.07,1800000.0,1.8,472,1024,0.4609375
01a072a6-658d-79f3-bff1-2e7fd0670b76,a,D,QB2,15,1,UVH4a,25,0.07,2250000.0,2.25,486,1024,0.474609375
01a072a6-658d-79f3-bff1-2e7fd0670b76,a,D,QB2,15,1,UVH4a,26,0.07,2700000.0,2.7,494,1024,0.482421875
01a072a6-658d-79f3-bff1-2e7fd0670b76,a,D,QB2,15,1,UVH4a,27,0.07,3150000.0,3.15,483,1024,0.4716796875
01a072a6-658d-79f3-bff1-2e7fd0670b76,a,D,QB2,15,1,UVH4a,28,0.07,3600000.0,3.6,480,1024,0.46875
01a072a6-658d-79f3-bff1-2e7fd0670b76,a,D,QB2,15,1,UVH4a,29,0.07,4050000.0,4.05,499,1024,0.4873046875
01a072a6-658d-79f3-bff1-2e7fd0670b76,a,D,QB2,15,1,UVH4a,30,0.07,4500000.0,4.5,504,1024,0.4921875
01a072a6-658d-79f3-bff1-2e7fd0670b76,a,D,QB2,15,1,UVH4a,31,0.07,4950000.0,4.95,483,1024,0.4716796875
01a072a6-658d-79f3-bff1-2e7fd0670b76,a,D,QB2,15,1,UVH4a,32,0.07,5400000.0,5.4,514,1024,0.501953125
01a072a6-658d-79f3-bff1-2e7fd0670b76,a,D,QB2,15,1,UVH4a,33,0.07,5850000.0,5.85,458,1024,0.447265625
01a072a6-658d-79f3-bff1-2e7fd0670b76,a,D,QB2,15,1,UVH4a,34,0.07,6300000.0,6.3,495,1024,0.4833984375
01a072a6-658d-79f3-bff1-2e7fd0670b76,a,D,QB2,15,1,UVH4a,35,0.07,6750000.0,6.75,468,1024,0.45703125
01a072a6-658d-79f3-bff1-2e7fd0670b76,a,D,QB2,15,1,UVH4a,36,0.07,7200000.0,7.2,474,1024,0.462890625
01a072a6-658d-79f3-bff1-2e7fd0670b76,a,D,QB2,15,1,UVH4a,37,0.07,7650000.0,7.65,522,1024,0.509765625
01a072a6-658d-79f3-bff1-2e7fd0670b76,a,D,QB2,15,1,UVH4a,38,0.07,8100000.0,8.1,518,1024,0.505859375
01a072a6-658d-79f3-bff1-2e7fd0670b76,a,D,QB2,15,1,UVH4a,39,0.07,8550000.0,8.55,549,1024,0.5361328125
01a072a6-658d-79f3-bff1-2e7fd0670b76,a,D,QB2,15,1,UVH4a,40,0.07,9000000.0,9.0,556,1024,0.54296875
01a072a6-658d-79f3-bff1-2e7fd0670b76,a,D,QB2,15,2,UVH5a,0,0.07,-9000000.0,-9.0,413,1024,0.4033203125
01a072a6-658d-79f3-bff1-2e7fd0670b76,a,D,QB2,15,2,UVH5a,1,0.07,-8550000.0,-8.55,407,1024,0.3974609375
01a072a6-658d-79f3-bff1-2e7fd0670b76,a,D,QB2,15,2,UVH5a,2,0.07,-8100000.0,-8.1,426,1024,0.416015625
01a072a6-658d-79f3-bff1-2e7fd0670b76,a,D,QB2,15,2,UVH5a,3,0.07,-7650000.0,-7.65,404,1024,0.39453125
01a072a6-658d-79f3-bff1-2e7fd0670b76,a,D,QB2,15,2,UVH5a,4,0.07,-7200000.0,-7.2,398,1024,0.388671875
01a072a6-658d-79f3-bff1-2e7fd0670b76,a,D,QB2,15,2,UVH5a,5,0.07,-6750000.0,-6.75,438,1024,0.427734375
01a072a6-658d-79f3-bff1-2e7fd0670b76,a,D,QB2,15,2,UVH5a,6,0.07,-6300000.0,-6.3,418,1024,0.408203125
01a072a6-658d-79f3-bff1-2e7fd0670b76,a,D,QB2,15,2,UVH5a,7,0.07,-5850000.0,-5.85,394,1024,0.384765625
01a072a6-658d-79f3-bff1-2e7fd0670b76,a,D,QB2,15,2,UVH5a,8,0.07,-5400000.0,-5.4,435,1024,0.4248046875
01a072a6-658d-79f3-bff1-2e7fd0670b76,a,D,QB2,15,2,UVH5a,9,0.07,-4950000.0,-4.95,456,1024,0.4453125
01a072a6-658d-79f3-bff1-2e7fd0670b76,a,D,QB2,15,2,UVH5a,10,0.07,-4500000.0,-4.5,488,1024,0.4765625
01a072a6-658d-79f3-bff1-2e7fd0670b76,a,D,QB2,15,2,UVH5a,11,0.07,-4050000.0,-4.05,433,1024,0.4228515625
01a072a6-658d-79f3-bff1-2e7fd0670b76,a,D,QB2,15,2,UVH5a,12,0.07,-3600000.0,-3.6,453,1024,0.4423828125
01a072a6-658d-79f3-bff1-2e7fd0670b76,a,D,QB2,15,2,UVH5a,13,0.07,-3150000.0,-3.15,476,1024,0.46484375
01a072a6-658d-79f3-bff1-2e7fd0670b76,a,D,QB2,15,2,UVH5a,14,0.07,-2700000.0,-2.7,474,1024,0.462890625
01a072a6-658d-79f3-bff1-2e7fd0670b76,a,D,QB2,15,2,UVH5a,15,0.07,-2250000.0,-2.25,490,1024,0.478515625
01a072a6-658d-79f3-bff1-2e7fd0670b76,a,D,QB2,15,2,UVH5a,16,0.07,-1800000.0,-1.8,481,1024,0.4697265625
01a072a6-658d-79f3-bff1-2e7fd0670b76,a,D,QB2,15,2,UVH5a,17,0.07,-1350000.0,-1.35,510,1024,0.498046875
01a072a6-658d-79f3-bff1-2e7fd0670b76,a,D,QB2,15,2,UVH5a,18,0.07,-900000.0,-0.9,502,1024,0.490234375
01a072a6-658d-79f3-bff1-2e7fd0670b76,a,D,QB2,15,2,UVH5a,19,0.07,-450000.0,-0.45,467,1024,0.4560546875
01a072a6-658d-79f3-bff1-2e7fd0670b76,a,D,QB2,15,2,UVH5a,20,0.07,0.0,0.0,504,1024,0.4921875
01a072a6-658d-79f3-bff1-2e7fd0670b76,a,D,QB2,15,2,UVH5a,21,0.07,450000.0,0.45,516,1024,0.50390625
01a072a6-658d-79f3-bff1-2e7fd0670b76,a,D,QB2,15,2,UVH5a,22,0.07,900000.0,0.9,516,1024,0.50390625
01a072a6-658d-79f3-bff1-2e7fd0670b76,a,D,QB2,15,2,UVH5a,23,0.07,1350000.0,1.35,532,1024,0.51953125
01a072a6-658d-79f3-bff1-2e7fd0670b76,a,D,QB2,15,2,UVH5a,24,0.07,1800000.0,1.8,508,1024,0.49609375
01a072a6-658d-79f3-bff1-2e7fd0670b76,a,D,QB2,15,2,UVH5a,25,0.07,2250000.0,2.25,512,1024,0.5
01a072a6-658d-79f3-bff1-2e7fd0670b76,a,D,QB2,15,2,UVH5a,26,0.07,2700000.0,2.7,490,1024,0.478515625
01a072a6-658d-79f3-bff1-2e7fd0670b76,a,D,QB2,15,2,UVH5a,27,0.07,3150000.0,3.15,476,1024,0.46484375
01a072a6-658d-79f3-bff1-2e7fd0670b76,a,D,QB2,15,2,UVH5a,28,0.07,3600000.0,3.6,488,1024,0.4765625
01a072a6-658d-79f3-bff1-2e7fd0670b76,a,D,QB2,15,2,UVH5a,29,0.07,4050000.0,4.05,472,1024,0.4609375
01a072a6-658d-79f3-bff1-2e7fd0670b76,a,D,QB2,15,2,UVH5a,30,0.07,4500000.0,4.5,469,1024,0.4580078125
01a072a6-658d-79f3-bff1-2e7fd0670b76,a,D,QB2,15,2,UVH5a,31,0.07,4950000.0,4.95,467,1024,0.4560546875
01a072a6-658d-79f3-bff1-2e7fd0670b76,a,D,QB2,15,2,UVH5a,32,0.07,5400000.0,5.4,468,1024,0.45703125
01a072a6-658d-79f3-bff1-2e7fd0670b76,a,D,QB2,15,2,UVH5a,33,0.07,5850000.0,5.85,441,1024,0.4306640625
01a072a6-658d-79f3-bff1-2e7fd0670b76,a,D,QB2,15,2,UVH5a,34,0.07,6300000.0,6.3,415,1024,0.4052734375
01a072a6-658d-79f3-bff1-2e7fd0670b76,a,D,QB2,15,2,UVH5a,35,0.07,6750000.0,6.75,426,1024,0.416015625
01a072a6-658d-79f3-bff1-2e7fd0670b76,a,D,QB2,15,2,UVH5a,36,0.07,7200000.0,7.2,419,1024,0.4091796875
01a072a6-658d-79f3-bff1-2e7fd0670b76,a,D,QB2,15,2,UVH5a,37,0.07,7650000.0,7.65,397,1024,0.3876953125
01a072a6-658d-79f3-bff1-2e7fd0670b76,a,D,QB2,15,2,UVH5a,38,0.07,8100000.0,8.1,378,1024,0.369140625
01a072a6-658d-79f3-bff1-2e7fd0670b76,a,D,QB2,15,2,UVH5a,39,0.07,8550000.0,8.55,365,1024,0.3564453125
01a072a6-658d-79f3-bff1-2e7fd0670b76,a,D,QB2,15,2,UVH5a,40,0.07,9000000.0,9.0,391,1024,0.3818359375
01a072a6-658d-79f3-bff1-2e7fd0670b76,a,D,QB2,15,3,UVH6a,0,0.07,-9000000.0,-9.0,553,1024,0.5400390625
01a072a6-658d-79f3-bff1-2e7fd0670b76,a,D,QB2,15,3,UVH6a,1,0.07,-8550000.0,-8.55,551,1024,0.5380859375
01a072a6-658d-79f3-bff1-2e7fd0670b76,a,D,QB2,15,3,UVH6a,2,0.07,-8100000.0,-8.1,529,1024,0.5166015625
01a072a6-658d-79f3-bff1-2e7fd0670b76,a,D,QB2,15,3,UVH6a,3,0.07,-7650000.0,-7.65,547,1024,0.5341796875
01a072a6-658d-79f3-bff1-2e7fd0670b76,a,D,QB2,15,3,UVH6a,4,0.07,-7200000.0,-7.2,512,1024,0.5
01a072a6-658d-79f3-bff1-2e7fd0670b76,a,D,QB2,15,3,UVH6a,5,0.07,-6750000.0,-6.75,491,1024,0.4794921875
01a072a6-658d-79f3-bff1-2e7fd0670b76,a,D,QB2,15,3,UVH6a,6,0.07,-6300000.0,-6.3,499,1024,0.4873046875
01a072a6-658d-79f3-bff1-2e7fd0670b76,a,D,QB2,15,3,UVH6a,7,0.07,-5850000.0,-5.85,483,1024,0.4716796875
01a072a6-658d-79f3-bff1-2e7fd0670b76,a,D,QB2,15,3,UVH6a,8,0.07,-5400000.0,-5.4,466,1024,0.455078125
01a072a6-658d-79f3-bff1-2e7fd0670b76,a,D,QB2,15,3,UVH6a,9,0.07,-4950000.0,-4.95,510,1024,0.498046875
01a072a6-658d-79f3-bff1-2e7fd0670b76,a,D,QB2,15,3,UVH6a,10,0.07,-4500000.0,-4.5,476,1024,0.46484375
01a072a6-658d-79f3-bff1-2e7fd0670b76,a,D,QB2,15,3,UVH6a,11,0.07,-4050000.0,-4.05,451,1024,0.4404296875
01a072a6-658d-79f3-bff1-2e7fd0670b76,a,D,QB2,15,3,UVH6a,12,0.07,-3600000.0,-3.6,463,1024,0.4521484375
01a072a6-658d-79f3-bff1-2e7fd0670b76,a,D,QB2,15,3,UVH6a,13,0.07,-3150000.0,-3.15,475,1024,0.4638671875
01a072a6-658d-79f3-bff1-2e7fd0670b76,a,D,QB2,15,3,UVH6a,14,0.07,-2700000.0,-2.7,499,1024,0.4873046875
01a072a6-658d-79f3-bff1-2e7fd0670b76,a,D,QB2,15,3,UVH6a,15,0.07,-2250000.0,-2.25,492,1024,0.48046875
01a072a6-658d-79f3-bff1-2e7fd0670b76,a,D,QB2,15,3,UVH6a,16,0.07,-1800000.0,-1.8,450,1024,0.439453125
01a072a6-658d-79f3-bff1-2e7fd0670b76,a,D,QB2,15,3,UVH6a,17,0.07,-1350000.0,-1.35,483,1024,0.4716796875
01a072a6-658d-79f3-bff1-2e7fd0670b76,a,D,QB2,15,3,UVH6a,18,0.07,-900000.0,-0.9,477,1024,0.4658203125
01a072a6-658d-79f3-bff1-2e7fd0670b76,a,D,QB2,15,3,UVH6a,19,0.07,-450000.0,-0.45,483,1024,0.4716796875
01a072a6-658d-79f3-bff1-2e7fd0670b76,a,D,QB2,15,3,UVH6a,20,0.07,0.0,0.0,469,1024,0.4580078125
01a072a6-658d-79f3-bff1-2e7fd0670b76,a,D,QB2,15,3,UVH6a,21,0.07,450000.0,0.45,494,1024,0.482421875
01a072a6-658d-79f3-bff1-2e7fd0670b76,a,D,QB2,15,3,UVH6a,22,0.07,900000.0,0.9,479,1024,0.4677734375
01a072a6-658d-79f3-bff1-2e7fd0670b76,a,D,QB2,15,3,UVH6a,23,0.07,1350000.0,1.35,502,1024,0.490234375
01a072a6-658d-79f3-bff1-2e7fd0670b76,a,D,QB2,15,3,UVH6a,24,0.07,1800000.0,1.8,492,1024,0.48046875
01a072a6-658d-79f3-bff1-2e7fd0670b76,a,D,QB2,15,3,UVH6a,25,0.07,2250000.0,2.25,503,1024,0.4912109375
01a072a6-658d-79f3-bff1-2e7fd0670b76,a,D,QB2,15,3,UVH6a,26,0.07,2700000.0,2.7,508,1024,0.49609375
01a072a6-658d-79f3-bff1-2e7fd0670b76,a,D,QB2,15,3,UVH6a,27,0.07,3150000.0,3.15,488,1024,0.4765625
01a072a6-658d-79f3-bff1-2e7fd0670b76,a,D,QB2,15,3,UVH6a,28,0.07,3600000.0,3.6,537,1024,0.5244140625
01a072a6-658d-79f3-bff1-2e7fd0670b76,a,D,QB2,15,3,UVH6a,29,0.07,4050000.0,4.05,490,1024,0.478515625
01a072a6-658d-79f3-bff1-2e7fd0670b76,a,D,QB2,15,3,UVH6a,30,0.07,4500000.0,4.5,541,1024,0.5283203125
01a072a6-658d-79f3-bff1-2e7fd0670b76,a,D,QB2,15,3,UVH6a,31,0.07,4950000.0,4.95,509,1024,0.4970703125
01a072a6-658d-79f3-bff1-2e7fd0670b76,a,D,QB2,15,3,UVH6a,32,0.07,5400000.0,5.4,522,1024,0.509765625
01a072a6-658d-79f3-bff1-2e7fd0670b76,a,D,QB2,15,3,UVH6a,33,0.07,5850000.0,5.85,530,1024,0.517578125
01a072a6-658d-79f3-bff1-2e7fd0670b76,a,D,QB2,15,3,UVH6a,34,0.07,6300000.0,6.3,546,1024,0.533203125
01a072a6-658d-79f3-bff1-2e7fd0670b76,a,D,QB2,15,3,UVH6a,35,0.07,6750000.0,6.75,563,1024,0.5498046875
01a072a6-658d-79f3-bff1-2e7fd0670b76,a,D,QB2,15,3,UVH6a,36,0.07,7200000.0,7.2,556,1024,0.54296875
01a072a6-658d-79f3-bff1-2e7fd0670b76,a,D,QB2,15,3,UVH6a,37,0.07,7650000.0,7.65,548,1024,0.53515625
01a072a6-658d-79f3-bff1-2e7fd0670b76,a,D,QB2,15,3,UVH6a,38,0.07,8100000.0,8.1,558,1024,0.544921875
01a072a6-658d-79f3-bff1-2e7fd0670b76,a,D,QB2,15,3,UVH6a,39,0.07,8550000.0,8.55,622,1024,0.607421875
01a072a6-658d-79f3-bff1-2e7fd0670b76,a,D,QB2,15,3,UVH6a,40,0.07,9000000.0,9.0,607,1024,0.5927734375
01a072a6-658d-79f3-bff1-2e7fd0670b76,a,D,QB2,15,4,UVH7a,0,0.07,-9000000.0,-9.0,591,1024,0.5771484375
01a072a6-658d-79f3-bff1-2e7fd0670b76,a,D,QB2,15,4,UVH7a,1,0.07,-8550000.0,-8.55,599,1024,0.5849609375
01a072a6-658d-79f3-bff1-2e7fd0670b76,a,D,QB2,15,4,UVH7a,2,0.07,-8100000.0,-8.1,583,1024,0.5693359375
01a072a6-658d-79f3-bff1-2e7fd0670b76,a,D,QB2,15,4,UVH7a,3,0.07,-7650000.0,-7.65,541,1024,0.5283203125
01a072a6-658d-79f3-bff1-2e7fd0670b76,a,D,QB2,15,4,UVH7a,4,0.07,-7200000.0,-7.2,556,1024,0.54296875
01a072a6-658d-79f3-bff1-2e7fd0670b76,a,D,QB2,15,4,UVH7a,5,0.07,-6750000.0,-6.75,548,1024,0.53515625
01a072a6-658d-79f3-bff1-2e7fd0670b76,a,D,QB2,15,4,UVH7a,6,0.07,-6300000.0,-6.3,533,1024,0.5205078125
01a072a6-658d-79f3-bff1-2e7fd0670b76,a,D,QB2,15,4,UVH7a,7,0.07,-5850000.0,-5.85,537,1024,0.5244140625
01a072a6-658d-79f3-bff1-2e7fd0670b76,a,D,QB2,15,4,UVH7a,8,0.07,-5400000.0,-5.4,551,1024,0.5380859375
01a072a6-658d-79f3-bff1-2e7fd0670b76,a,D,QB2,15,4,UVH7a,9,0.07,-4950000.0,-4.95,557,1024,0.5439453125
01a072a6-658d-79f3-bff1-2e7fd0670b76,a,D,QB2,15,4,UVH7a,10,0.07,-4500000.0,-4.5,525,1024,0.5126953125
01a072a6-658d-79f3-bff1-2e7fd0670b76,a,D,QB2,15,4,UVH7a,11,0.07,-4050000.0,-4.05,547,1024,0.5341796875
01a072a6-658d-79f3-bff1-2e7fd0670b76,a,D,QB2,15,4,UVH7a,12,0.07,-3600000.0,-3.6,539,1024,0.5263671875
01a072a6-658d-79f3-bff1-2e7fd0670b76,a,D,QB2,15,4,UVH7a,13,0.07,-3150000.0,-3.15,502,1024,0.490234375
01a072a6-658d-79f3-bff1-2e7fd0670b76,a,D,QB2,15,4,UVH7a,14,0.07,-2700000.0,-2.7,544,1024,0.53125
01a072a6-658d-79f3-bff1-2e7fd0670b76,a,D,QB2,15,4,UVH7a,15,0.07,-2250000.0,-2.25,514,1024,0.501953125
01a072a6-658d-79f3-bff1-2e7fd0670b76,a,D,QB2,15,4,UVH7a,16,0.07,-1800000.0,-1.8,516,1024,0.50390625
01a072a6-658d-79f3-bff1-2e7fd0670b76,a,D,QB2,15,4,UVH7a,17,0.07,-1350000.0,-1.35,563,1024,0.5498046875
01a072a6-658d-79f3-bff1-2e7fd0670b76,a,D,QB2,15,4,UVH7a,18,0.07,-900000.0,-0.9,566,1024,0.552734375
01a072a6-658d-79f3-bff1-2e7fd0670b76,a,D,QB2,15,4,UVH7a,19,0.07,-450000.0,-0.45,535,1024,0.5224609375
01a072a6-658d-79f3-bff1-2e7fd0670b76,a,D,QB2,15,4,UVH7a,20,0.07,0.0,0.0,548,1024,0.53515625
01a072a6-658d-79f3-bff1-2e7fd0670b76,a,D,QB2,15,4,UVH7a,21,0.07,450000.0,0.45,535,1024,0.5224609375
01a072a6-658d-79f3-bff1-2e7fd0670b76,a,D,QB2,15,4,UVH7a,22,0.07,900000.0,0.9,535,1024,0.5224609375
01a072a6-658d-79f3-bff1-2e7fd0670b76,a,D,QB2,15,4,UVH7a,23,0.07,1350000.0,1.35,521,1024,0.5087890625
01a072a6-658d-79f3-bff1-2e7fd0670b76,a,D,QB2,15,4,UVH7a,24,0.07,1800000.0,1.8,515,1024,0.5029296875
01a072a6-658d-79f3-bff1-2e7fd0670b76,a,D,QB2,15,4,UVH7a,25,0.07,2250000.0,2.25,508,1024,0.49609375
01a072a6-658d-79f3-bff1-2e7fd0670b76,a,D,QB2,15,4,UVH7a,26,0.07,2700000.0,2.7,527,1024,0.5146484375
01a072a6-658d-79f3-bff1-2e7fd0670b76,a,D,QB2,15,4,UVH7a,27,0.07,3150000.0,3.15,513,1024,0.5009765625
01a072a6-658d-79f3-bff1-2e7fd0670b76,a,D,QB2,15,4,UVH7a,28,0.07,3600000.0,3.6,501,1024,0.4892578125
01a072a6-658d-79f3-bff1-2e7fd0670b76,a,D,QB2,15,4,UVH7a,29,0.07,4050000.0,4.05,511,1024,0.4990234375
01a072a6-658d-79f3-bff1-2e7fd0670b76,a,D,QB2,15,4,UVH7a,30,0.07,4500000.0,4.5,511,1024,0.4990234375
01a072a6-658d-79f3-bff1-2e7fd0670b76,a,D,QB2,15,4,UVH7a,31,0.07,4950000.0,4.95,476,1024,0.46484375
01a072a6-658d-79f3-bff1-2e7fd0670b76,a,D,QB2,15,4,UVH7a,32,0.07,5400000.0,5.4,464,1024,0.453125
01a072a6-658d-79f3-bff1-2e7fd0670b76,a,D,QB2,15,4,UVH7a,33,0.07,5850000.0,5.85,473,1024,0.4619140625
01a072a6-658d-79f3-bff1-2e7fd0670b76,a,D,QB2,15,4,UVH7a,34,0.07,6300000.0,6.3,464,1024,0.453125
01a072a6-658d-79f3-bff1-2e7fd0670b76,a,D,QB2,15,4,UVH7a,35,0.07,6750000.0,6.75,434,1024,0.423828125
01a072a6-658d-79f3-bff1-2e7fd0670b76,a,D,QB2,15,4,UVH7a,36,0.07,7200000.0,7.2,418,1024,0.408203125
01a072a6-658d-79f3-bff1-2e7fd0670b76,a,D,QB2,15,4,UVH7a,37,0.07,7650000.0,7.65,431,1024,0.4208984375
01a072a6-658d-79f3-bff1-2e7fd0670b76,a,D,QB2,15,4,UVH7a,38,0.07,8100000.0,8.1,408,1024,0.3984375
01a072a6-658d-79f3-bff1-2e7fd0670b76,a,D,QB2,15,4,UVH7a,39,0.07,8550000.0,8.55,375,1024,0.3662109375
01a072a6-658d-79f3-bff1-2e7fd0670b76,a,D,QB2,15,4,UVH7a,40,0.07,9000000.0,9.0,396,1024,0.38671875
01a072a6-658d-79f3-bff1-2e7fd0670b76,a,D,QB2,15,5,UVH8a,0,0.07,-9000000.0,-9.0,521,1024,0.5087890625
01a072a6-658d-79f3-bff1-2e7fd0670b76,a,D,QB2,15,5,UVH8a,1,0.07,-8550000.0,-8.55,539,1024,0.5263671875
01a072a6-658d-79f3-bff1-2e7fd0670b76,a,D,QB2,15,5,UVH8a,2,0.07,-8100000.0,-8.1,541,1024,0.5283203125
01a072a6-658d-79f3-bff1-2e7fd0670b76,a,D,QB2,15,5,UVH8a,3,0.07,-7650000.0,-7.65,550,1024,0.537109375
01a072a6-658d-79f3-bff1-2e7fd0670b76,a,D,QB2,15,5,UVH8a,4,0.07,-7200000.0,-7.2,503,1024,0.4912109375
01a072a6-658d-79f3-bff1-2e7fd0670b76,a,D,QB2,15,5,UVH8a,5,0.07,-6750000.0,-6.75,524,1024,0.51171875
01a072a6-658d-79f3-bff1-2e7fd0670b76,a,D,QB2,15,5,UVH8a,6,0.07,-6300000.0,-6.3,538,1024,0.525390625
01a072a6-658d-79f3-bff1-2e7fd0670b76,a,D,QB2,15,5,UVH8a,7,0.07,-5850000.0,-5.85,502,1024,0.490234375
01a072a6-658d-79f3-bff1-2e7fd0670b76,a,D,QB2,15,5,UVH8a,8,0.07,-5400000.0,-5.4,538,1024,0.525390625
01a072a6-658d-79f3-bff1-2e7fd0670b76,a,D,QB2,15,5,UVH8a,9,0.07,-4950000.0,-4.95,531,1024,0.5185546875
01a072a6-658d-79f3-bff1-2e7fd0670b76,a,D,QB2,15,5,UVH8a,10,0.07,-4500000.0,-4.5,547,1024,0.5341796875
01a072a6-658d-79f3-bff1-2e7fd0670b76,a,D,QB2,15,5,UVH8a,11,0.07,-4050000.0,-4.05,522,1024,0.509765625
01a072a6-658d-79f3-bff1-2e7fd0670b76,a,D,QB2,15,5,UVH8a,12,0.07,-3600000.0,-3.6,512,1024,0.5
01a072a6-658d-79f3-bff1-2e7fd0670b76,a,D,QB2,15,5,UVH8a,13,0.07,-3150000.0,-3.15,513,1024,0.5009765625
01a072a6-658d-79f3-bff1-2e7fd0670b76,a,D,QB2,15,5,UVH8a,14,0.07,-2700000.0,-2.7,502,1024,0.490234375
01a072a6-658d-79f3-bff1-2e7fd0670b76,a,D,QB2,15,5,UVH8a,15,0.07,-2250000.0,-2.25,495,1024,0.4833984375
01a072a6-658d-79f3-bff1-2e7fd0670b76,a,D,QB2,15,5,UVH8a,16,0.07,-1800000.0,-1.8,523,1024,0.5107421875
01a072a6-658d-79f3-bff1-2e7fd0670b76,a,D,QB2,15,5,UVH8a,17,0.07,-1350000.0,-1.35,505,1024,0.4931640625
01a072a6-658d-79f3-bff1-2e7fd0670b76,a,D,QB2,15,5,UVH8a,18,0.07,-900000.0,-0.9,506,1024,0.494140625
01a072a6-658d-79f3-bff1-2e7fd0670b76,a,D,QB2,15,5,UVH8a,19,0.07,-450000.0,-0.45,489,1024,0.4775390625
01a072a6-658d-79f3-bff1-2e7fd0670b76,a,D,QB2,15,5,UVH8a,20,0.07,0.0,0.0,510,1024,0.498046875
01a072a6-658d-79f3-bff1-2e7fd0670b76,a,D,QB2,15,5,UVH8a,21,0.07,450000.0,0.45,500,1024,0.48828125
01a072a6-658d-79f3-bff1-2e7fd0670b76,a,D,QB2,15,5,UVH8a,22,0.07,900000.0,0.9,497,1024,0.4853515625
01a072a6-658d-79f3-bff1-2e7fd0670b76,a,D,QB2,15,5,UVH8a,23,0.07,1350000.0,1.35,519,1024,0.5068359375
01a072a6-658d-79f3-bff1-2e7fd0670b76,a,D,QB2,15,5,UVH8a,24,0.07,1800000.0,1.8,517,1024,0.5048828125
01a072a6-658d-79f3-bff1-2e7fd0670b76,a,D,QB2,15,5,UVH8a,25,0.07,2250000.0,2.25,505,1024,0.4931640625
01a072a6-658d-79f3-bff1-2e7fd0670b76,a,D,QB2,15,5,UVH8a,26,0.07,2700000.0,2.7,463,1024,0.4521484375
01a072a6-658d-79f3-bff1-2e7fd0670b76,a,D,QB2,15,5,UVH8a,27,0.07,3150000.0,3.15,511,1024,0.4990234375
01a072a6-658d-79f3-bff1-2e7fd0670b76,a,D,QB2,15,5,UVH8a,28,0.07,3600000.0,3.6,507,1024,0.4951171875
01a072a6-658d-79f3-bff1-2e7fd0670b76,a,D,QB2,15,5,UVH8a,29,0.07,4050000.0,4.05,490,1024,0.478515625
01a072a6-658d-79f3-bff1-2e7fd0670b76,a,D,QB2,15,5,UVH8a,30,0.07,4500000.0,4.5,512,1024,0.5
01a072a6-658d-79f3-bff1-2e7fd0670b76,a,D,QB2,15,5,UVH8a,31,0.07,4950000.0,4.95,504,1024,0.4921875
01a072a6-658d-79f3-bff1-2e7fd0670b76,a,D,QB2,15,5,UVH8a,32,0.07,5400000.0,5.4,490,1024,0.478515625
01a072a6-658d-79f3-bff1-2e7fd0670b76,a,D,QB2,15,5,UVH8a,33,0.07,5850000.0,5.85,496,1024,0.484375
01a072a6-658d-79f3-bff1-2e7fd0670b76,a,D,QB2,15,5,UVH8a,34,0.07,6300000.0,6.3,489,1024,0.4775390625
01a072a6-658d-79f3-bff1-2e7fd0670b76,a,D,QB2,15,5,UVH8a,35,0.07,6750000.0,6.75,491,1024,0.4794921875
01a072a6-658d-79f3-bff1-2e7fd0670b76,a,D,QB2,15,5,UVH8a,36,0.07,7200000.0,7.2,464,1024,0.453125
01a072a6-658d-79f3-bff1-2e7fd0670b76,a,D,QB2,15,5,UVH8a,37,0.07,7650000.0,7.65,483,1024,0.4716796875
01a072a6-658d-79f3-bff1-2e7fd0670b76,a,D,QB2,15,5,UVH8a,38,0.07,8100000.0,8.1,486,1024,0.474609375
01a072a6-658d-79f3-bff1-2e7fd0670b76,a,D,QB2,15,5,UVH8a,39,0.07,8550000.0,8.55,485,1024,0.4736328125
01a072a6-658d-79f3-bff1-2e7fd0670b76,a,D,QB2,15,5,UVH8a,40,0.07,9000000.0,9.0,469,1024,0.4580078125
01a072a6-658d-79f3-bff1-2e7fd0670b76,a,D,QB3,16,0,standard_pi_2,0,0.07,-9000000.0,-9.0,621,1024,0.6064453125
01a072a6-658d-79f3-bff1-2e7fd0670b76,a,D,QB3,16,0,standard_pi_2,1,0.07,-8550000.0,-8.55,589,1024,0.5751953125
01a072a6-658d-79f3-bff1-2e7fd0670b76,a,D,QB3,16,0,standard_pi_2,2,0.07,-8100000.0,-8.1,572,1024,0.55859375
01a072a6-658d-79f3-bff1-2e7fd0670b76,a,D,QB3,16,0,standard_pi_2,3,0.07,-7650000.0,-7.65,587,1024,0.5732421875
01a072a6-658d-79f3-bff1-2e7fd0670b76,a,D,QB3,16,0,standard_pi_2,4,0.07,-7200000.0,-7.2,557,1024,0.5439453125
01a072a6-658d-79f3-bff1-2e7fd0670b76,a,D,QB3,16,0,standard_pi_2,5,0.07,-6750000.0,-6.75,589,1024,0.5751953125
01a072a6-658d-79f3-bff1-2e7fd0670b76,a,D,QB3,16,0,standard_pi_2,6,0.07,-6300000.0,-6.3,593,1024,0.5791015625
01a072a6-658d-79f3-bff1-2e7fd0670b76,a,D,QB3,16,0,standard_pi_2,7,0.07,-5850000.0,-5.85,596,1024,0.58203125
01a072a6-658d-79f3-bff1-2e7fd0670b76,a,D,QB3,16,0,standard_pi_2,8,0.07,-5400000.0,-5.4,617,1024,0.6025390625
01a072a6-658d-79f3-bff1-2e7fd0670b76,a,D,QB3,16,0,standard_pi_2,9,0.07,-4950000.0,-4.95,583,1024,0.5693359375
01a072a6-658d-79f3-bff1-2e7fd0670b76,a,D,QB3,16,0,standard_pi_2,10,0.07,-4500000.0,-4.5,565,1024,0.5517578125
01a072a6-658d-79f3-bff1-2e7fd0670b76,a,D,QB3,16,0,standard_pi_2,11,0.07,-4050000.0,-4.05,577,1024,0.5634765625
01a072a6-658d-79f3-bff1-2e7fd0670b76,a,D,QB3,16,0,standard_pi_2,12,0.07,-3600000.0,-3.6,590,1024,0.576171875
01a072a6-658d-79f3-bff1-2e7fd0670b76,a,D,QB3,16,0,standard_pi_2,13,0.07,-3150000.0,-3.15,580,1024,0.56640625
01a072a6-658d-79f3-bff1-2e7fd0670b76,a,D,QB3,16,0,standard_pi_2,14,0.07,-2700000.0,-2.7,569,1024,0.5556640625
01a072a6-658d-79f3-bff1-2e7fd0670b76,a,D,QB3,16,0,standard_pi_2,15,0.07,-2250000.0,-2.25,574,1024,0.560546875
01a072a6-658d-79f3-bff1-2e7fd0670b76,a,D,QB3,16,0,standard_pi_2,16,0.07,-1800000.0,-1.8,568,1024,0.5546875
01a072a6-658d-79f3-bff1-2e7fd0670b76,a,D,QB3,16,0,standard_pi_2,17,0.07,-1350000.0,-1.35,560,1024,0.546875
01a072a6-658d-79f3-bff1-2e7fd0670b76,a,D,QB3,16,0,standard_pi_2,18,0.07,-900000.0,-0.9,576,1024,0.5625
01a072a6-658d-79f3-bff1-2e7fd0670b76,a,D,QB3,16,0,standard_pi_2,19,0.07,-450000.0,-0.45,588,1024,0.57421875
01a072a6-658d-79f3-bff1-2e7fd0670b76,a,D,QB3,16,0,standard_pi_2,20,0.07,0.0,0.0,555,1024,0.5419921875
01a072a6-658d-79f3-bff1-2e7fd0670b76,a,D,QB3,16,0,standard_pi_2,21,0.07,450000.0,0.45,558,1024,0.544921875
01a072a6-658d-79f3-bff1-2e7fd0670b76,a,D,QB3,16,0,standard_pi_2,22,0.07,900000.0,0.9,569,1024,0.5556640625
01a072a6-658d-79f3-bff1-2e7fd0670b76,a,D,QB3,16,0,standard_pi_2,23,0.07,1350000.0,1.35,572,1024,0.55859375
01a072a6-658d-79f3-bff1-2e7fd0670b76,a,D,QB3,16,0,standard_pi_2,24,0.07,1800000.0,1.8,559,1024,0.5458984375
01a072a6-658d-79f3-bff1-2e7fd0670b76,a,D,QB3,16,0,standard_pi_2,25,0.07,2250000.0,2.25,529,1024,0.5166015625
01a072a6-658d-79f3-bff1-2e7fd0670b76,a,D,QB3,16,0,standard_pi_2,26,0.07,2700000.0,2.7,520,1024,0.5078125
01a072a6-658d-79f3-bff1-2e7fd0670b76,a,D,QB3,16,0,standard_pi_2,27,0.07,3150000.0,3.15,547,1024,0.5341796875
01a072a6-658d-79f3-bff1-2e7fd0670b76,a,D,QB3,16,0,standard_pi_2,28,0.07,3600000.0,3.6,502,1024,0.490234375
01a072a6-658d-79f3-bff1-2e7fd0670b76,a,D,QB3,16,0,standard_pi_2,29,0.07,4050000.0,4.05,549,1024,0.5361328125
01a072a6-658d-79f3-bff1-2e7fd0670b76,a,D,QB3,16,0,standard_pi_2,30,0.07,4500000.0,4.5,536,1024,0.5234375
01a072a6-658d-79f3-bff1-2e7fd0670b76,a,D,QB3,16,0,standard_pi_2,31,0.07,4950000.0,4.95,537,1024,0.5244140625
01a072a6-658d-79f3-bff1-2e7fd0670b76,a,D,QB3,16,0,standard_pi_2,32,0.07,5400000.0,5.4,548,1024,0.53515625
01a072a6-658d-79f3-bff1-2e7fd0670b76,a,D,QB3,16,0,standard_pi_2,33,0.07,5850000.0,5.85,516,1024,0.50390625
01a072a6-658d-79f3-bff1-2e7fd0670b76,a,D,QB3,16,0,standard_pi_2,34,0.07,6300000.0,6.3,529,1024,0.5166015625
01a072a6-658d-79f3-bff1-2e7fd0670b76,a,D,QB3,16,0,standard_pi_2,35,0.07,6750000.0,6.75,541,1024,0.5283203125
01a072a6-658d-79f3-bff1-2e7fd0670b76,a,D,QB3,16,0,standard_pi_2,36,0.07,7200000.0,7.2,514,1024,0.501953125
01a072a6-658d-79f3-bff1-2e7fd0670b76,a,D,QB3,16,0,standard_pi_2,37,0.07,7650000.0,7.65,512,1024,0.5
01a072a6-658d-79f3-bff1-2e7fd0670b76,a,D,QB3,16,0,standard_pi_2,38,0.07,8100000.0,8.1,484,1024,0.47265625
01a072a6-658d-79f3-bff1-2e7fd0670b76,a,D,QB3,16,0,standard_pi_2,39,0.07,8550000.0,8.55,498,1024,0.486328125
01a072a6-658d-79f3-bff1-2e7fd0670b76,a,D,QB3,16,0,standard_pi_2,40,0.07,9000000.0,9.0,480,1024,0.46875
01a072a6-658d-79f3-bff1-2e7fd0670b76,a,D,QB3,16,1,UVH4a,0,0.07,-9000000.0,-9.0,543,1024,0.5302734375
01a072a6-658d-79f3-bff1-2e7fd0670b76,a,D,QB3,16,1,UVH4a,1,0.07,-8550000.0,-8.55,546,1024,0.533203125
01a072a6-658d-79f3-bff1-2e7fd0670b76,a,D,QB3,16,1,UVH4a,2,0.07,-8100000.0,-8.1,532,1024,0.51953125
01a072a6-658d-79f3-bff1-2e7fd0670b76,a,D,QB3,16,1,UVH4a,3,0.07,-7650000.0,-7.65,558,1024,0.544921875
01a072a6-658d-79f3-bff1-2e7fd0670b76,a,D,QB3,16,1,UVH4a,4,0.07,-7200000.0,-7.2,516,1024,0.50390625
01a072a6-658d-79f3-bff1-2e7fd0670b76,a,D,QB3,16,1,UVH4a,5,0.07,-6750000.0,-6.75,492,1024,0.48046875
01a072a6-658d-79f3-bff1-2e7fd0670b76,a,D,QB3,16,1,UVH4a,6,0.07,-6300000.0,-6.3,499,1024,0.4873046875
01a072a6-658d-79f3-bff1-2e7fd0670b76,a,D,QB3,16,1,UVH4a,7,0.07,-5850000.0,-5.85,507,1024,0.4951171875
01a072a6-658d-79f3-bff1-2e7fd0670b76,a,D,QB3,16,1,UVH4a,8,0.07,-5400000.0,-5.4,512,1024,0.5
01a072a6-658d-79f3-bff1-2e7fd0670b76,a,D,QB3,16,1,UVH4a,9,0.07,-4950000.0,-4.95,516,1024,0.50390625
01a072a6-658d-79f3-bff1-2e7fd0670b76,a,D,QB3,16,1,UVH4a,10,0.07,-4500000.0,-4.5,514,1024,0.501953125
01a072a6-658d-79f3-bff1-2e7fd0670b76,a,D,QB3,16,1,UVH4a,11,0.07,-4050000.0,-4.05,475,1024,0.4638671875
01a072a6-658d-79f3-bff1-2e7fd0670b76,a,D,QB3,16,1,UVH4a,12,0.07,-3600000.0,-3.6,539,1024,0.5263671875
01a072a6-658d-79f3-bff1-2e7fd0670b76,a,D,QB3,16,1,UVH4a,13,0.07,-3150000.0,-3.15,510,1024,0.498046875
01a072a6-658d-79f3-bff1-2e7fd0670b76,a,D,QB3,16,1,UVH4a,14,0.07,-2700000.0,-2.7,531,1024,0.5185546875
01a072a6-658d-79f3-bff1-2e7fd0670b76,a,D,QB3,16,1,UVH4a,15,0.07,-2250000.0,-2.25,499,1024,0.4873046875
01a072a6-658d-79f3-bff1-2e7fd0670b76,a,D,QB3,16,1,UVH4a,16,0.07,-1800000.0,-1.8,521,1024,0.5087890625
01a072a6-658d-79f3-bff1-2e7fd0670b76,a,D,QB3,16,1,UVH4a,17,0.07,-1350000.0,-1.35,533,1024,0.5205078125
01a072a6-658d-79f3-bff1-2e7fd0670b76,a,D,QB3,16,1,UVH4a,18,0.07,-900000.0,-0.9,498,1024,0.486328125
01a072a6-658d-79f3-bff1-2e7fd0670b76,a,D,QB3,16,1,UVH4a,19,0.07,-450000.0,-0.45,543,1024,0.5302734375
01a072a6-658d-79f3-bff1-2e7fd0670b76,a,D,QB3,16,1,UVH4a,20,0.07,0.0,0.0,504,1024,0.4921875
01a072a6-658d-79f3-bff1-2e7fd0670b76,a,D,QB3,16,1,UVH4a,21,0.07,450000.0,0.45,512,1024,0.5
01a072a6-658d-79f3-bff1-2e7fd0670b76,a,D,QB3,16,1,UVH4a,22,0.07,900000.0,0.9,511,1024,0.4990234375
01a072a6-658d-79f3-bff1-2e7fd0670b76,a,D,QB3,16,1,UVH4a,23,0.07,1350000.0,1.35,524,1024,0.51171875
01a072a6-658d-79f3-bff1-2e7fd0670b76,a,D,QB3,16,1,UVH4a,24,0.07,1800000.0,1.8,539,1024,0.5263671875
01a072a6-658d-79f3-bff1-2e7fd0670b76,a,D,QB3,16,1,UVH4a,25,0.07,2250000.0,2.25,495,1024,0.4833984375
01a072a6-658d-79f3-bff1-2e7fd0670b76,a,D,QB3,16,1,UVH4a,26,0.07,2700000.0,2.7,490,1024,0.478515625
01a072a6-658d-79f3-bff1-2e7fd0670b76,a,D,QB3,16,1,UVH4a,27,0.07,3150000.0,3.15,509,1024,0.4970703125
01a072a6-658d-79f3-bff1-2e7fd0670b76,a,D,QB3,16,1,UVH4a,28,0.07,3600000.0,3.6,500,1024,0.48828125
01a072a6-658d-79f3-bff1-2e7fd0670b76,a,D,QB3,16,1,UVH4a,29,0.07,4050000.0,4.05,529,1024,0.5166015625
01a072a6-658d-79f3-bff1-2e7fd0670b76,a,D,QB3,16,1,UVH4a,30,0.07,4500000.0,4.5,525,1024,0.5126953125
01a072a6-658d-79f3-bff1-2e7fd0670b76,a,D,QB3,16,1,UVH4a,31,0.07,4950000.0,4.95,489,1024,0.4775390625
01a072a6-658d-79f3-bff1-2e7fd0670b76,a,D,QB3,16,1,UVH4a,32,0.07,5400000.0,5.4,528,1024,0.515625
01a072a6-658d-79f3-bff1-2e7fd0670b76,a,D,QB3,16,1,UVH4a,33,0.07,5850000.0,5.85,538,1024,0.525390625
01a072a6-658d-79f3-bff1-2e7fd0670b76,a,D,QB3,16,1,UVH4a,34,0.07,6300000.0,6.3,543,1024,0.5302734375
01a072a6-658d-79f3-bff1-2e7fd0670b76,a,D,QB3,16,1,UVH4a,35,0.07,6750000.0,6.75,540,1024,0.52734375
01a072a6-658d-79f3-bff1-2e7fd0670b76,a,D,QB3,16,1,UVH4a,36,0.07,7200000.0,7.2,572,1024,0.55859375
01a072a6-658d-79f3-bff1-2e7fd0670b76,a,D,QB3,16,1,UVH4a,37,0.07,7650000.0,7.65,550,1024,0.537109375
01a072a6-658d-79f3-bff1-2e7fd0670b76,a,D,QB3,16,1,UVH4a,38,0.07,8100000.0,8.1,555,1024,0.5419921875
01a072a6-658d-79f3-bff1-2e7fd0670b76,a,D,QB3,16,1,UVH4a,39,0.07,8550000.0,8.55,558,1024,0.544921875
01a072a6-658d-79f3-bff1-2e7fd0670b76,a,D,QB3,16,1,UVH4a,40,0.07,9000000.0,9.0,595,1024,0.5810546875
01a072a6-658d-79f3-bff1-2e7fd0670b76,a,D,QB3,16,2,UVH5a,0,0.07,-9000000.0,-9.0,385,1024,0.3759765625
01a072a6-658d-79f3-bff1-2e7fd0670b76,a,D,QB3,16,2,UVH5a,1,0.07,-8550000.0,-8.55,409,1024,0.3994140625
01a072a6-658d-79f3-bff1-2e7fd0670b76,a,D,QB3,16,2,UVH5a,2,0.07,-8100000.0,-8.1,401,1024,0.3916015625
01a072a6-658d-79f3-bff1-2e7fd0670b76,a,D,QB3,16,2,UVH5a,3,0.07,-7650000.0,-7.65,401,1024,0.3916015625
01a072a6-658d-79f3-bff1-2e7fd0670b76,a,D,QB3,16,2,UVH5a,4,0.07,-7200000.0,-7.2,384,1024,0.375
01a072a6-658d-79f3-bff1-2e7fd0670b76,a,D,QB3,16,2,UVH5a,5,0.07,-6750000.0,-6.75,402,1024,0.392578125
01a072a6-658d-79f3-bff1-2e7fd0670b76,a,D,QB3,16,2,UVH5a,6,0.07,-6300000.0,-6.3,403,1024,0.3935546875
01a072a6-658d-79f3-bff1-2e7fd0670b76,a,D,QB3,16,2,UVH5a,7,0.07,-5850000.0,-5.85,434,1024,0.423828125
01a072a6-658d-79f3-bff1-2e7fd0670b76,a,D,QB3,16,2,UVH5a,8,0.07,-5400000.0,-5.4,448,1024,0.4375
01a072a6-658d-79f3-bff1-2e7fd0670b76,a,D,QB3,16,2,UVH5a,9,0.07,-4950000.0,-4.95,445,1024,0.4345703125
01a072a6-658d-79f3-bff1-2e7fd0670b76,a,D,QB3,16,2,UVH5a,10,0.07,-4500000.0,-4.5,449,1024,0.4384765625
01a072a6-658d-79f3-bff1-2e7fd0670b76,a,D,QB3,16,2,UVH5a,11,0.07,-4050000.0,-4.05,494,1024,0.482421875
01a072a6-658d-79f3-bff1-2e7fd0670b76,a,D,QB3,16,2,UVH5a,12,0.07,-3600000.0,-3.6,474,1024,0.462890625
01a072a6-658d-79f3-bff1-2e7fd0670b76,a,D,QB3,16,2,UVH5a,13,0.07,-3150000.0,-3.15,508,1024,0.49609375
01a072a6-658d-79f3-bff1-2e7fd0670b76,a,D,QB3,16,2,UVH5a,14,0.07,-2700000.0,-2.7,498,1024,0.486328125
01a072a6-658d-79f3-bff1-2e7fd0670b76,a,D,QB3,16,2,UVH5a,15,0.07,-2250000.0,-2.25,481,1024,0.4697265625
01a072a6-658d-79f3-bff1-2e7fd0670b76,a,D,QB3,16,2,UVH5a,16,0.07,-1800000.0,-1.8,490,1024,0.478515625
01a072a6-658d-79f3-bff1-2e7fd0670b76,a,D,QB3,16,2,UVH5a,17,0.07,-1350000.0,-1.35,500,1024,0.48828125
01a072a6-658d-79f3-bff1-2e7fd0670b76,a,D,QB3,16,2,UVH5a,18,0.07,-900000.0,-0.9,512,1024,0.5
01a072a6-658d-79f3-bff1-2e7fd0670b76,a,D,QB3,16,2,UVH5a,19,0.07,-450000.0,-0.45,481,1024,0.4697265625
01a072a6-658d-79f3-bff1-2e7fd0670b76,a,D,QB3,16,2,UVH5a,20,0.07,0.0,0.0,486,1024,0.474609375
01a072a6-658d-79f3-bff1-2e7fd0670b76,a,D,QB3,16,2,UVH5a,21,0.07,450000.0,0.45,529,1024,0.5166015625
01a072a6-658d-79f3-bff1-2e7fd0670b76,a,D,QB3,16,2,UVH5a,22,0.07,900000.0,0.9,501,1024,0.4892578125
01a072a6-658d-79f3-bff1-2e7fd0670b76,a,D,QB3,16,2,UVH5a,23,0.07,1350000.0,1.35,483,1024,0.4716796875
01a072a6-658d-79f3-bff1-2e7fd0670b76,a,D,QB3,16,2,UVH5a,24,0.07,1800000.0,1.8,513,1024,0.5009765625
01a072a6-658d-79f3-bff1-2e7fd0670b76,a,D,QB3,16,2,UVH5a,25,0.07,2250000.0,2.25,488,1024,0.4765625
01a072a6-658d-79f3-bff1-2e7fd0670b76,a,D,QB3,16,2,UVH5a,26,0.07,2700000.0,2.7,499,1024,0.4873046875
01a072a6-658d-79f3-bff1-2e7fd0670b76,a,D,QB3,16,2,UVH5a,27,0.07,3150000.0,3.15,491,1024,0.4794921875
01a072a6-658d-79f3-bff1-2e7fd0670b76,a,D,QB3,16,2,UVH5a,28,0.07,3600000.0,3.6,489,1024,0.4775390625
01a072a6-658d-79f3-bff1-2e7fd0670b76,a,D,QB3,16,2,UVH5a,29,0.07,4050000.0,4.05,461,1024,0.4501953125
01a072a6-658d-79f3-bff1-2e7fd0670b76,a,D,QB3,16,2,UVH5a,30,0.07,4500000.0,4.5,467,1024,0.4560546875
01a072a6-658d-79f3-bff1-2e7fd0670b76,a,D,QB3,16,2,UVH5a,31,0.07,4950000.0,4.95,501,1024,0.4892578125
01a072a6-658d-79f3-bff1-2e7fd0670b76,a,D,QB3,16,2,UVH5a,32,0.07,5400000.0,5.4,464,1024,0.453125
01a072a6-658d-79f3-bff1-2e7fd0670b76,a,D,QB3,16,2,UVH5a,33,0.07,5850000.0,5.85,460,1024,0.44921875
01a072a6-658d-79f3-bff1-2e7fd0670b76,a,D,QB3,16,2,UVH5a,34,0.07,6300000.0,6.3,445,1024,0.4345703125
01a072a6-658d-79f3-bff1-2e7fd0670b76,a,D,QB3,16,2,UVH5a,35,0.07,6750000.0,6.75,444,1024,0.43359375
01a072a6-658d-79f3-bff1-2e7fd0670b76,a,D,QB3,16,2,UVH5a,36,0.07,7200000.0,7.2,409,1024,0.3994140625
01a072a6-658d-79f3-bff1-2e7fd0670b76,a,D,QB3,16,2,UVH5a,37,0.07,7650000.0,7.65,421,1024,0.4111328125
01a072a6-658d-79f3-bff1-2e7fd0670b76,a,D,QB3,16,2,UVH5a,38,0.07,8100000.0,8.1,407,1024,0.3974609375
01a072a6-658d-79f3-bff1-2e7fd0670b76,a,D,QB3,16,2,UVH5a,39,0.07,8550000.0,8.55,419,1024,0.4091796875
01a072a6-658d-79f3-bff1-2e7fd0670b76,a,D,QB3,16,2,UVH5a,40,0.07,9000000.0,9.0,410,1024,0.400390625
01a072a6-658d-79f3-bff1-2e7fd0670b76,a,D,QB3,16,3,UVH6a,0,0.07,-9000000.0,-9.0,588,1024,0.57421875
01a072a6-658d-79f3-bff1-2e7fd0670b76,a,D,QB3,16,3,UVH6a,1,0.07,-8550000.0,-8.55,550,1024,0.537109375
01a072a6-658d-79f3-bff1-2e7fd0670b76,a,D,QB3,16,3,UVH6a,2,0.07,-8100000.0,-8.1,548,1024,0.53515625
01a072a6-658d-79f3-bff1-2e7fd0670b76,a,D,QB3,16,3,UVH6a,3,0.07,-7650000.0,-7.65,523,1024,0.5107421875
01a072a6-658d-79f3-bff1-2e7fd0670b76,a,D,QB3,16,3,UVH6a,4,0.07,-7200000.0,-7.2,549,1024,0.5361328125
01a072a6-658d-79f3-bff1-2e7fd0670b76,a,D,QB3,16,3,UVH6a,5,0.07,-6750000.0,-6.75,519,1024,0.5068359375
01a072a6-658d-79f3-bff1-2e7fd0670b76,a,D,QB3,16,3,UVH6a,6,0.07,-6300000.0,-6.3,492,1024,0.48046875
01a072a6-658d-79f3-bff1-2e7fd0670b76,a,D,QB3,16,3,UVH6a,7,0.07,-5850000.0,-5.85,488,1024,0.4765625
01a072a6-658d-79f3-bff1-2e7fd0670b76,a,D,QB3,16,3,UVH6a,8,0.07,-5400000.0,-5.4,494,1024,0.482421875
01a072a6-658d-79f3-bff1-2e7fd0670b76,a,D,QB3,16,3,UVH6a,9,0.07,-4950000.0,-4.95,490,1024,0.478515625
01a072a6-658d-79f3-bff1-2e7fd0670b76,a,D,QB3,16,3,UVH6a,10,0.07,-4500000.0,-4.5,495,1024,0.4833984375
01a072a6-658d-79f3-bff1-2e7fd0670b76,a,D,QB3,16,3,UVH6a,11,0.07,-4050000.0,-4.05,472,1024,0.4609375
01a072a6-658d-79f3-bff1-2e7fd0670b76,a,D,QB3,16,3,UVH6a,12,0.07,-3600000.0,-3.6,484,1024,0.47265625
01a072a6-658d-79f3-bff1-2e7fd0670b76,a,D,QB3,16,3,UVH6a,13,0.07,-3150000.0,-3.15,485,1024,0.4736328125
01a072a6-658d-79f3-bff1-2e7fd0670b76,a,D,QB3,16,3,UVH6a,14,0.07,-2700000.0,-2.7,491,1024,0.4794921875
01a072a6-658d-79f3-bff1-2e7fd0670b76,a,D,QB3,16,3,UVH6a,15,0.07,-2250000.0,-2.25,518,1024,0.505859375
01a072a6-658d-79f3-bff1-2e7fd0670b76,a,D,QB3,16,3,UVH6a,16,0.07,-1800000.0,-1.8,500,1024,0.48828125
01a072a6-658d-79f3-bff1-2e7fd0670b76,a,D,QB3,16,3,UVH6a,17,0.07,-1350000.0,-1.35,515,1024,0.5029296875
01a072a6-658d-79f3-bff1-2e7fd0670b76,a,D,QB3,16,3,UVH6a,18,0.07,-900000.0,-0.9,500,1024,0.48828125
01a072a6-658d-79f3-bff1-2e7fd0670b76,a,D,QB3,16,3,UVH6a,19,0.07,-450000.0,-0.45,531,1024,0.5185546875
01a072a6-658d-79f3-bff1-2e7fd0670b76,a,D,QB3,16,3,UVH6a,20,0.07,0.0,0.0,513,1024,0.5009765625
01a072a6-658d-79f3-bff1-2e7fd0670b76,a,D,QB3,16,3,UVH6a,21,0.07,450000.0,0.45,524,1024,0.51171875
01a072a6-658d-79f3-bff1-2e7fd0670b76,a,D,QB3,16,3,UVH6a,22,0.07,900000.0,0.9,511,1024,0.4990234375
01a072a6-658d-79f3-bff1-2e7fd0670b76,a,D,QB3,16,3,UVH6a,23,0.07,1350000.0,1.35,493,1024,0.4814453125
01a072a6-658d-79f3-bff1-2e7fd0670b76,a,D,QB3,16,3,UVH6a,24,0.07,1800000.0,1.8,507,1024,0.4951171875
01a072a6-658d-79f3-bff1-2e7fd0670b76,a,D,QB3,16,3,UVH6a,25,0.07,2250000.0,2.25,535,1024,0.5224609375
01a072a6-658d-79f3-bff1-2e7fd0670b76,a,D,QB3,16,3,UVH6a,26,0.07,2700000.0,2.7,490,1024,0.478515625
01a072a6-658d-79f3-bff1-2e7fd0670b76,a,D,QB3,16,3,UVH6a,27,0.07,3150000.0,3.15,514,1024,0.501953125
01a072a6-658d-79f3-bff1-2e7fd0670b76,a,D,QB3,16,3,UVH6a,28,0.07,3600000.0,3.6,491,1024,0.4794921875
01a072a6-658d-79f3-bff1-2e7fd0670b76,a,D,QB3,16,3,UVH6a,29,0.07,4050000.0,4.05,498,1024,0.486328125
01a072a6-658d-79f3-bff1-2e7fd0670b76,a,D,QB3,16,3,UVH6a,30,0.07,4500000.0,4.5,526,1024,0.513671875
01a072a6-658d-79f3-bff1-2e7fd0670b76,a,D,QB3,16,3,UVH6a,31,0.07,4950000.0,4.95,486,1024,0.474609375
01a072a6-658d-79f3-bff1-2e7fd0670b76,a,D,QB3,16,3,UVH6a,32,0.07,5400000.0,5.4,506,1024,0.494140625
01a072a6-658d-79f3-bff1-2e7fd0670b76,a,D,QB3,16,3,UVH6a,33,0.07,5850000.0,5.85,556,1024,0.54296875
01a072a6-658d-79f3-bff1-2e7fd0670b76,a,D,QB3,16,3,UVH6a,34,0.07,6300000.0,6.3,531,1024,0.5185546875
01a072a6-658d-79f3-bff1-2e7fd0670b76,a,D,QB3,16,3,UVH6a,35,0.07,6750000.0,6.75,536,1024,0.5234375
01a072a6-658d-79f3-bff1-2e7fd0670b76,a,D,QB3,16,3,UVH6a,36,0.07,7200000.0,7.2,556,1024,0.54296875
01a072a6-658d-79f3-bff1-2e7fd0670b76,a,D,QB3,16,3,UVH6a,37,0.07,7650000.0,7.65,583,1024,0.5693359375
01a072a6-658d-79f3-bff1-2e7fd0670b76,a,D,QB3,16,3,UVH6a,38,0.07,8100000.0,8.1,623,1024,0.6083984375
01a072a6-658d-79f3-bff1-2e7fd0670b76,a,D,QB3,16,3,UVH6a,39,0.07,8550000.0,8.55,619,1024,0.6044921875
01a072a6-658d-79f3-bff1-2e7fd0670b76,a,D,QB3,16,3,UVH6a,40,0.07,9000000.0,9.0,616,1024,0.6015625
01a072a6-658d-79f3-bff1-2e7fd0670b76,a,D,QB3,16,4,UVH7a,0,0.07,-9000000.0,-9.0,555,1024,0.5419921875
01a072a6-658d-79f3-bff1-2e7fd0670b76,a,D,QB3,16,4,UVH7a,1,0.07,-8550000.0,-8.55,519,1024,0.5068359375
01a072a6-658d-79f3-bff1-2e7fd0670b76,a,D,QB3,16,4,UVH7a,2,0.07,-8100000.0,-8.1,493,1024,0.4814453125
01a072a6-658d-79f3-bff1-2e7fd0670b76,a,D,QB3,16,4,UVH7a,3,0.07,-7650000.0,-7.65,538,1024,0.525390625
01a072a6-658d-79f3-bff1-2e7fd0670b76,a,D,QB3,16,4,UVH7a,4,0.07,-7200000.0,-7.2,474,1024,0.462890625
01a072a6-658d-79f3-bff1-2e7fd0670b76,a,D,QB3,16,4,UVH7a,5,0.07,-6750000.0,-6.75,472,1024,0.4609375
01a072a6-658d-79f3-bff1-2e7fd0670b76,a,D,QB3,16,4,UVH7a,6,0.07,-6300000.0,-6.3,507,1024,0.4951171875
01a072a6-658d-79f3-bff1-2e7fd0670b76,a,D,QB3,16,4,UVH7a,7,0.07,-5850000.0,-5.85,472,1024,0.4609375
01a072a6-658d-79f3-bff1-2e7fd0670b76,a,D,QB3,16,4,UVH7a,8,0.07,-5400000.0,-5.4,486,1024,0.474609375
01a072a6-658d-79f3-bff1-2e7fd0670b76,a,D,QB3,16,4,UVH7a,9,0.07,-4950000.0,-4.95,499,1024,0.4873046875
01a072a6-658d-79f3-bff1-2e7fd0670b76,a,D,QB3,16,4,UVH7a,10,0.07,-4500000.0,-4.5,478,1024,0.466796875
01a072a6-658d-79f3-bff1-2e7fd0670b76,a,D,QB3,16,4,UVH7a,11,0.07,-4050000.0,-4.05,472,1024,0.4609375
01a072a6-658d-79f3-bff1-2e7fd0670b76,a,D,QB3,16,4,UVH7a,12,0.07,-3600000.0,-3.6,512,1024,0.5
01a072a6-658d-79f3-bff1-2e7fd0670b76,a,D,QB3,16,4,UVH7a,13,0.07,-3150000.0,-3.15,506,1024,0.494140625
01a072a6-658d-79f3-bff1-2e7fd0670b76,a,D,QB3,16,4,UVH7a,14,0.07,-2700000.0,-2.7,494,1024,0.482421875
01a072a6-658d-79f3-bff1-2e7fd0670b76,a,D,QB3,16,4,UVH7a,15,0.07,-2250000.0,-2.25,510,1024,0.498046875
01a072a6-658d-79f3-bff1-2e7fd0670b76,a,D,QB3,16,4,UVH7a,16,0.07,-1800000.0,-1.8,494,1024,0.482421875
01a072a6-658d-79f3-bff1-2e7fd0670b76,a,D,QB3,16,4,UVH7a,17,0.07,-1350000.0,-1.35,504,1024,0.4921875
01a072a6-658d-79f3-bff1-2e7fd0670b76,a,D,QB3,16,4,UVH7a,18,0.07,-900000.0,-0.9,529,1024,0.5166015625
01a072a6-658d-79f3-bff1-2e7fd0670b76,a,D,QB3,16,4,UVH7a,19,0.07,-450000.0,-0.45,504,1024,0.4921875
01a072a6-658d-79f3-bff1-2e7fd0670b76,a,D,QB3,16,4,UVH7a,20,0.07,0.0,0.0,475,1024,0.4638671875
01a072a6-658d-79f3-bff1-2e7fd0670b76,a,D,QB3,16,4,UVH7a,21,0.07,450000.0,0.45,478,1024,0.466796875
01a072a6-658d-79f3-bff1-2e7fd0670b76,a,D,QB3,16,4,UVH7a,22,0.07,900000.0,0.9,529,1024,0.5166015625
01a072a6-658d-79f3-bff1-2e7fd0670b76,a,D,QB3,16,4,UVH7a,23,0.07,1350000.0,1.35,494,1024,0.482421875
01a072a6-658d-79f3-bff1-2e7fd0670b76,a,D,QB3,16,4,UVH7a,24,0.07,1800000.0,1.8,482,1024,0.470703125
01a072a6-658d-79f3-bff1-2e7fd0670b76,a,D,QB3,16,4,UVH7a,25,0.07,2250000.0,2.25,494,1024,0.482421875
01a072a6-658d-79f3-bff1-2e7fd0670b76,a,D,QB3,16,4,UVH7a,26,0.07,2700000.0,2.7,490,1024,0.478515625
01a072a6-658d-79f3-bff1-2e7fd0670b76,a,D,QB3,16,4,UVH7a,27,0.07,3150000.0,3.15,474,1024,0.462890625
01a072a6-658d-79f3-bff1-2e7fd0670b76,a,D,QB3,16,4,UVH7a,28,0.07,3600000.0,3.6,463,1024,0.4521484375
01a072a6-658d-79f3-bff1-2e7fd0670b76,a,D,QB3,16,4,UVH7a,29,0.07,4050000.0,4.05,508,1024,0.49609375
01a072a6-658d-79f3-bff1-2e7fd0670b76,a,D,QB3,16,4,UVH7a,30,0.07,4500000.0,4.5,473,1024,0.4619140625
01a072a6-658d-79f3-bff1-2e7fd0670b76,a,D,QB3,16,4,UVH7a,31,0.07,4950000.0,4.95,471,1024,0.4599609375
01a072a6-658d-79f3-bff1-2e7fd0670b76,a,D,QB3,16,4,UVH7a,32,0.07,5400000.0,5.4,444,1024,0.43359375
01a072a6-658d-79f3-bff1-2e7fd0670b76,a,D,QB3,16,4,UVH7a,33,0.07,5850000.0,5.85,458,1024,0.447265625
01a072a6-658d-79f3-bff1-2e7fd0670b76,a,D,QB3,16,4,UVH7a,34,0.07,6300000.0,6.3,445,1024,0.4345703125
01a072a6-658d-79f3-bff1-2e7fd0670b76,a,D,QB3,16,4,UVH7a,35,0.07,6750000.0,6.75,442,1024,0.431640625
01a072a6-658d-79f3-bff1-2e7fd0670b76,a,D,QB3,16,4,UVH7a,36,0.07,7200000.0,7.2,426,1024,0.416015625
01a072a6-658d-79f3-bff1-2e7fd0670b76,a,D,QB3,16,4,UVH7a,37,0.07,7650000.0,7.65,404,1024,0.39453125
01a072a6-658d-79f3-bff1-2e7fd0670b76,a,D,QB3,16,4,UVH7a,38,0.07,8100000.0,8.1,383,1024,0.3740234375
01a072a6-658d-79f3-bff1-2e7fd0670b76,a,D,QB3,16,4,UVH7a,39,0.07,8550000.0,8.55,370,1024,0.361328125
01a072a6-658d-79f3-bff1-2e7fd0670b76,a,D,QB3,16,4,UVH7a,40,0.07,9000000.0,9.0,356,1024,0.34765625
01a072a6-658d-79f3-bff1-2e7fd0670b76,a,D,QB3,16,5,UVH8a,0,0.07,-9000000.0,-9.0,532,1024,0.51953125
01a072a6-658d-79f3-bff1-2e7fd0670b76,a,D,QB3,16,5,UVH8a,1,0.07,-8550000.0,-8.55,534,1024,0.521484375
01a072a6-658d-79f3-bff1-2e7fd0670b76,a,D,QB3,16,5,UVH8a,2,0.07,-8100000.0,-8.1,525,1024,0.5126953125
01a072a6-658d-79f3-bff1-2e7fd0670b76,a,D,QB3,16,5,UVH8a,3,0.07,-7650000.0,-7.65,533,1024,0.5205078125
01a072a6-658d-79f3-bff1-2e7fd0670b76,a,D,QB3,16,5,UVH8a,4,0.07,-7200000.0,-7.2,520,1024,0.5078125
01a072a6-658d-79f3-bff1-2e7fd0670b76,a,D,QB3,16,5,UVH8a,5,0.07,-6750000.0,-6.75,469,1024,0.4580078125
01a072a6-658d-79f3-bff1-2e7fd0670b76,a,D,QB3,16,5,UVH8a,6,0.07,-6300000.0,-6.3,526,1024,0.513671875
01a072a6-658d-79f3-bff1-2e7fd0670b76,a,D,QB3,16,5,UVH8a,7,0.07,-5850000.0,-5.85,527,1024,0.5146484375
01a072a6-658d-79f3-bff1-2e7fd0670b76,a,D,QB3,16,5,UVH8a,8,0.07,-5400000.0,-5.4,488,1024,0.4765625
01a072a6-658d-79f3-bff1-2e7fd0670b76,a,D,QB3,16,5,UVH8a,9,0.07,-4950000.0,-4.95,496,1024,0.484375
01a072a6-658d-79f3-bff1-2e7fd0670b76,a,D,QB3,16,5,UVH8a,10,0.07,-4500000.0,-4.5,529,1024,0.5166015625
01a072a6-658d-79f3-bff1-2e7fd0670b76,a,D,QB3,16,5,UVH8a,11,0.07,-4050000.0,-4.05,512,1024,0.5
01a072a6-658d-79f3-bff1-2e7fd0670b76,a,D,QB3,16,5,UVH8a,12,0.07,-3600000.0,-3.6,538,1024,0.525390625
01a072a6-658d-79f3-bff1-2e7fd0670b76,a,D,QB3,16,5,UVH8a,13,0.07,-3150000.0,-3.15,500,1024,0.48828125
01a072a6-658d-79f3-bff1-2e7fd0670b76,a,D,QB3,16,5,UVH8a,14,0.07,-2700000.0,-2.7,538,1024,0.525390625
01a072a6-658d-79f3-bff1-2e7fd0670b76,a,D,QB3,16,5,UVH8a,15,0.07,-2250000.0,-2.25,507,1024,0.4951171875
01a072a6-658d-79f3-bff1-2e7fd0670b76,a,D,QB3,16,5,UVH8a,16,0.07,-1800000.0,-1.8,487,1024,0.4755859375
01a072a6-658d-79f3-bff1-2e7fd0670b76,a,D,QB3,16,5,UVH8a,17,0.07,-1350000.0,-1.35,524,1024,0.51171875
01a072a6-658d-79f3-bff1-2e7fd0670b76,a,D,QB3,16,5,UVH8a,18,0.07,-900000.0,-0.9,493,1024,0.4814453125
01a072a6-658d-79f3-bff1-2e7fd0670b76,a,D,QB3,16,5,UVH8a,19,0.07,-450000.0,-0.45,494,1024,0.482421875
01a072a6-658d-79f3-bff1-2e7fd0670b76,a,D,QB3,16,5,UVH8a,20,0.07,0.0,0.0,510,1024,0.498046875
01a072a6-658d-79f3-bff1-2e7fd0670b76,a,D,QB3,16,5,UVH8a,21,0.07,450000.0,0.45,521,1024,0.5087890625
01a072a6-658d-79f3-bff1-2e7fd0670b76,a,D,QB3,16,5,UVH8a,22,0.07,900000.0,0.9,510,1024,0.498046875
01a072a6-658d-79f3-bff1-2e7fd0670b76,a,D,QB3,16,5,UVH8a,23,0.07,1350000.0,1.35,506,1024,0.494140625
01a072a6-658d-79f3-bff1-2e7fd0670b76,a,D,QB3,16,5,UVH8a,24,0.07,1800000.0,1.8,520,1024,0.5078125
01a072a6-658d-79f3-bff1-2e7fd0670b76,a,D,QB3,16,5,UVH8a,25,0.07,2250000.0,2.25,512,1024,0.5
01a072a6-658d-79f3-bff1-2e7fd0670b76,a,D,QB3,16,5,UVH8a,26,0.07,2700000.0,2.7,500,1024,0.48828125
01a072a6-658d-79f3-bff1-2e7fd0670b76,a,D,QB3,16,5,UVH8a,27,0.07,3150000.0,3.15,546,1024,0.533203125
01a072a6-658d-79f3-bff1-2e7fd0670b76,a,D,QB3,16,5,UVH8a,28,0.07,3600000.0,3.6,525,1024,0.5126953125
01a072a6-658d-79f3-bff1-2e7fd0670b76,a,D,QB3,16,5,UVH8a,29,0.07,4050000.0,4.05,524,1024,0.51171875
01a072a6-658d-79f3-bff1-2e7fd0670b76,a,D,QB3,16,5,UVH8a,30,0.07,4500000.0,4.5,525,1024,0.5126953125
01a072a6-658d-79f3-bff1-2e7fd0670b76,a,D,QB3,16,5,UVH8a,31,0.07,4950000.0,4.95,535,1024,0.5224609375
01a072a6-658d-79f3-bff1-2e7fd0670b76,a,D,QB3,16,5,UVH8a,32,0.07,5400000.0,5.4,462,1024,0.451171875
01a072a6-658d-79f3-bff1-2e7fd0670b76,a,D,QB3,16,5,UVH8a,33,0.07,5850000.0,5.85,535,1024,0.5224609375
01a072a6-658d-79f3-bff1-2e7fd0670b76,a,D,QB3,16,5,UVH8a,34,0.07,6300000.0,6.3,521,1024,0.5087890625
01a072a6-658d-79f3-bff1-2e7fd0670b76,a,D,QB3,16,5,UVH8a,35,0.07,6750000.0,6.75,499,1024,0.4873046875
01a072a6-658d-79f3-bff1-2e7fd0670b76,a,D,QB3,16,5,UVH8a,36,0.07,7200000.0,7.2,506,1024,0.494140625
01a072a6-658d-79f3-bff1-2e7fd0670b76,a,D,QB3,16,5,UVH8a,37,0.07,7650000.0,7.65,465,1024,0.4541015625
01a072a6-658d-79f3-bff1-2e7fd0670b76,a,D,QB3,16,5,UVH8a,38,0.07,8100000.0,8.1,488,1024,0.4765625
01a072a6-658d-79f3-bff1-2e7fd0670b76,a,D,QB3,16,5,UVH8a,39,0.07,8550000.0,8.55,480,1024,0.46875
01a072a6-658d-79f3-bff1-2e7fd0670b76,a,D,QB3,16,5,UVH8a,40,0.07,9000000.0,9.0,448,1024,0.4375
01a072a6-658d-79f3-bff1-2e7fd0670b76,a,D,QB12,17,0,standard_pi_2,0,0.07,-9000000.0,-9.0,561,1024,0.5478515625
01a072a6-658d-79f3-bff1-2e7fd0670b76,a,D,QB12,17,0,standard_pi_2,1,0.07,-8550000.0,-8.55,562,1024,0.548828125
01a072a6-658d-79f3-bff1-2e7fd0670b76,a,D,QB12,17,0,standard_pi_2,2,0.07,-8100000.0,-8.1,581,1024,0.5673828125
01a072a6-658d-79f3-bff1-2e7fd0670b76,a,D,QB12,17,0,standard_pi_2,3,0.07,-7650000.0,-7.65,569,1024,0.5556640625
01a072a6-658d-79f3-bff1-2e7fd0670b76,a,D,QB12,17,0,standard_pi_2,4,0.07,-7200000.0,-7.2,577,1024,0.5634765625
01a072a6-658d-79f3-bff1-2e7fd0670b76,a,D,QB12,17,0,standard_pi_2,5,0.07,-6750000.0,-6.75,587,1024,0.5732421875
01a072a6-658d-79f3-bff1-2e7fd0670b76,a,D,QB12,17,0,standard_pi_2,6,0.07,-6300000.0,-6.3,548,1024,0.53515625
01a072a6-658d-79f3-bff1-2e7fd0670b76,a,D,QB12,17,0,standard_pi_2,7,0.07,-5850000.0,-5.85,554,1024,0.541015625
01a072a6-658d-79f3-bff1-2e7fd0670b76,a,D,QB12,17,0,standard_pi_2,8,0.07,-5400000.0,-5.4,571,1024,0.5576171875
01a072a6-658d-79f3-bff1-2e7fd0670b76,a,D,QB12,17,0,standard_pi_2,9,0.07,-4950000.0,-4.95,556,1024,0.54296875
01a072a6-658d-79f3-bff1-2e7fd0670b76,a,D,QB12,17,0,standard_pi_2,10,0.07,-4500000.0,-4.5,538,1024,0.525390625
01a072a6-658d-79f3-bff1-2e7fd0670b76,a,D,QB12,17,0,standard_pi_2,11,0.07,-4050000.0,-4.05,579,1024,0.5654296875
01a072a6-658d-79f3-bff1-2e7fd0670b76,a,D,QB12,17,0,standard_pi_2,12,0.07,-3600000.0,-3.6,546,1024,0.533203125
01a072a6-658d-79f3-bff1-2e7fd0670b76,a,D,QB12,17,0,standard_pi_2,13,0.07,-3150000.0,-3.15,578,1024,0.564453125
01a072a6-658d-79f3-bff1-2e7fd0670b76,a,D,QB12,17,0,standard_pi_2,14,0.07,-2700000.0,-2.7,535,1024,0.5224609375
01a072a6-658d-79f3-bff1-2e7fd0670b76,a,D,QB12,17,0,standard_pi_2,15,0.07,-2250000.0,-2.25,546,1024,0.533203125
01a072a6-658d-79f3-bff1-2e7fd0670b76,a,D,QB12,17,0,standard_pi_2,16,0.07,-1800000.0,-1.8,571,1024,0.5576171875
01a072a6-658d-79f3-bff1-2e7fd0670b76,a,D,QB12,17,0,standard_pi_2,17,0.07,-1350000.0,-1.35,526,1024,0.513671875
01a072a6-658d-79f3-bff1-2e7fd0670b76,a,D,QB12,17,0,standard_pi_2,18,0.07,-900000.0,-0.9,566,1024,0.552734375
01a072a6-658d-79f3-bff1-2e7fd0670b76,a,D,QB12,17,0,standard_pi_2,19,0.07,-450000.0,-0.45,527,1024,0.5146484375
01a072a6-658d-79f3-bff1-2e7fd0670b76,a,D,QB12,17,0,standard_pi_2,20,0.07,0.0,0.0,547,1024,0.5341796875
01a072a6-658d-79f3-bff1-2e7fd0670b76,a,D,QB12,17,0,standard_pi_2,21,0.07,450000.0,0.45,545,1024,0.5322265625
01a072a6-658d-79f3-bff1-2e7fd0670b76,a,D,QB12,17,0,standard_pi_2,22,0.07,900000.0,0.9,537,1024,0.5244140625
01a072a6-658d-79f3-bff1-2e7fd0670b76,a,D,QB12,17,0,standard_pi_2,23,0.07,1350000.0,1.35,526,1024,0.513671875
01a072a6-658d-79f3-bff1-2e7fd0670b76,a,D,QB12,17,0,standard_pi_2,24,0.07,1800000.0,1.8,520,1024,0.5078125
01a072a6-658d-79f3-bff1-2e7fd0670b76,a,D,QB12,17,0,standard_pi_2,25,0.07,2250000.0,2.25,510,1024,0.498046875
01a072a6-658d-79f3-bff1-2e7fd0670b76,a,D,QB12,17,0,standard_pi_2,26,0.07,2700000.0,2.7,523,1024,0.5107421875
01a072a6-658d-79f3-bff1-2e7fd0670b76,a,D,QB12,17,0,standard_pi_2,27,0.07,3150000.0,3.15,537,1024,0.5244140625
01a072a6-658d-79f3-bff1-2e7fd0670b76,a,D,QB12,17,0,standard_pi_2,28,0.07,3600000.0,3.6,537,1024,0.5244140625
01a072a6-658d-79f3-bff1-2e7fd0670b76,a,D,QB12,17,0,standard_pi_2,29,0.07,4050000.0,4.05,508,1024,0.49609375
01a072a6-658d-79f3-bff1-2e7fd0670b76,a,D,QB12,17,0,standard_pi_2,30,0.07,4500000.0,4.5,527,1024,0.5146484375
01a072a6-658d-79f3-bff1-2e7fd0670b76,a,D,QB12,17,0,standard_pi_2,31,0.07,4950000.0,4.95,491,1024,0.4794921875
01a072a6-658d-79f3-bff1-2e7fd0670b76,a,D,QB12,17,0,standard_pi_2,32,0.07,5400000.0,5.4,501,1024,0.4892578125
01a072a6-658d-79f3-bff1-2e7fd0670b76,a,D,QB12,17,0,standard_pi_2,33,0.07,5850000.0,5.85,520,1024,0.5078125
01a072a6-658d-79f3-bff1-2e7fd0670b76,a,D,QB12,17,0,standard_pi_2,34,0.07,6300000.0,6.3,522,1024,0.509765625
01a072a6-658d-79f3-bff1-2e7fd0670b76,a,D,QB12,17,0,standard_pi_2,35,0.07,6750000.0,6.75,497,1024,0.4853515625
01a072a6-658d-79f3-bff1-2e7fd0670b76,a,D,QB12,17,0,standard_pi_2,36,0.07,7200000.0,7.2,498,1024,0.486328125
01a072a6-658d-79f3-bff1-2e7fd0670b76,a,D,QB12,17,0,standard_pi_2,37,0.07,7650000.0,7.65,493,1024,0.4814453125
01a072a6-658d-79f3-bff1-2e7fd0670b76,a,D,QB12,17,0,standard_pi_2,38,0.07,8100000.0,8.1,491,1024,0.4794921875
01a072a6-658d-79f3-bff1-2e7fd0670b76,a,D,QB12,17,0,standard_pi_2,39,0.07,8550000.0,8.55,477,1024,0.4658203125
01a072a6-658d-79f3-bff1-2e7fd0670b76,a,D,QB12,17,0,standard_pi_2,40,0.07,9000000.0,9.0,482,1024,0.470703125
01a072a6-658d-79f3-bff1-2e7fd0670b76,a,D,QB12,17,1,UVH4a,0,0.07,-9000000.0,-9.0,637,1024,0.6220703125
01a072a6-658d-79f3-bff1-2e7fd0670b76,a,D,QB12,17,1,UVH4a,1,0.07,-8550000.0,-8.55,614,1024,0.599609375
01a072a6-658d-79f3-bff1-2e7fd0670b76,a,D,QB12,17,1,UVH4a,2,0.07,-8100000.0,-8.1,643,1024,0.6279296875
01a072a6-658d-79f3-bff1-2e7fd0670b76,a,D,QB12,17,1,UVH4a,3,0.07,-7650000.0,-7.65,599,1024,0.5849609375
01a072a6-658d-79f3-bff1-2e7fd0670b76,a,D,QB12,17,1,UVH4a,4,0.07,-7200000.0,-7.2,591,1024,0.5771484375
01a072a6-658d-79f3-bff1-2e7fd0670b76,a,D,QB12,17,1,UVH4a,5,0.07,-6750000.0,-6.75,560,1024,0.546875
01a072a6-658d-79f3-bff1-2e7fd0670b76,a,D,QB12,17,1,UVH4a,6,0.07,-6300000.0,-6.3,576,1024,0.5625
01a072a6-658d-79f3-bff1-2e7fd0670b76,a,D,QB12,17,1,UVH4a,7,0.07,-5850000.0,-5.85,589,1024,0.5751953125
01a072a6-658d-79f3-bff1-2e7fd0670b76,a,D,QB12,17,1,UVH4a,8,0.07,-5400000.0,-5.4,571,1024,0.5576171875
01a072a6-658d-79f3-bff1-2e7fd0670b76,a,D,QB12,17,1,UVH4a,9,0.07,-4950000.0,-4.95,597,1024,0.5830078125
01a072a6-658d-79f3-bff1-2e7fd0670b76,a,D,QB12,17,1,UVH4a,10,0.07,-4500000.0,-4.5,576,1024,0.5625
01a072a6-658d-79f3-bff1-2e7fd0670b76,a,D,QB12,17,1,UVH4a,11,0.07,-4050000.0,-4.05,565,1024,0.5517578125
01a072a6-658d-79f3-bff1-2e7fd0670b76,a,D,QB12,17,1,UVH4a,12,0.07,-3600000.0,-3.6,579,1024,0.5654296875
01a072a6-658d-79f3-bff1-2e7fd0670b76,a,D,QB12,17,1,UVH4a,13,0.07,-3150000.0,-3.15,559,1024,0.5458984375
01a072a6-658d-79f3-bff1-2e7fd0670b76,a,D,QB12,17,1,UVH4a,14,0.07,-2700000.0,-2.7,523,1024,0.5107421875
01a072a6-658d-79f3-bff1-2e7fd0670b76,a,D,QB12,17,1,UVH4a,15,0.07,-2250000.0,-2.25,555,1024,0.5419921875
01a072a6-658d-79f3-bff1-2e7fd0670b76,a,D,QB12,17,1,UVH4a,16,0.07,-1800000.0,-1.8,527,1024,0.5146484375
01a072a6-658d-79f3-bff1-2e7fd0670b76,a,D,QB12,17,1,UVH4a,17,0.07,-1350000.0,-1.35,528,1024,0.515625
01a072a6-658d-79f3-bff1-2e7fd0670b76,a,D,QB12,17,1,UVH4a,18,0.07,-900000.0,-0.9,533,1024,0.5205078125
01a072a6-658d-79f3-bff1-2e7fd0670b76,a,D,QB12,17,1,UVH4a,19,0.07,-450000.0,-0.45,522,1024,0.509765625
01a072a6-658d-79f3-bff1-2e7fd0670b76,a,D,QB12,17,1,UVH4a,20,0.07,0.0,0.0,514,1024,0.501953125
01a072a6-658d-79f3-bff1-2e7fd0670b76,a,D,QB12,17,1,UVH4a,21,0.07,450000.0,0.45,514,1024,0.501953125
01a072a6-658d-79f3-bff1-2e7fd0670b76,a,D,QB12,17,1,UVH4a,22,0.07,900000.0,0.9,495,1024,0.4833984375
01a072a6-658d-79f3-bff1-2e7fd0670b76,a,D,QB12,17,1,UVH4a,23,0.07,1350000.0,1.35,460,1024,0.44921875
01a072a6-658d-79f3-bff1-2e7fd0670b76,a,D,QB12,17,1,UVH4a,24,0.07,1800000.0,1.8,457,1024,0.4462890625
01a072a6-658d-79f3-bff1-2e7fd0670b76,a,D,QB12,17,1,UVH4a,25,0.07,2250000.0,2.25,472,1024,0.4609375
01a072a6-658d-79f3-bff1-2e7fd0670b76,a,D,QB12,17,1,UVH4a,26,0.07,2700000.0,2.7,446,1024,0.435546875
01a072a6-658d-79f3-bff1-2e7fd0670b76,a,D,QB12,17,1,UVH4a,27,0.07,3150000.0,3.15,434,1024,0.423828125
01a072a6-658d-79f3-bff1-2e7fd0670b76,a,D,QB12,17,1,UVH4a,28,0.07,3600000.0,3.6,456,1024,0.4453125
01a072a6-658d-79f3-bff1-2e7fd0670b76,a,D,QB12,17,1,UVH4a,29,0.07,4050000.0,4.05,463,1024,0.4521484375
01a072a6-658d-79f3-bff1-2e7fd0670b76,a,D,QB12,17,1,UVH4a,30,0.07,4500000.0,4.5,465,1024,0.4541015625
01a072a6-658d-79f3-bff1-2e7fd0670b76,a,D,QB12,17,1,UVH4a,31,0.07,4950000.0,4.95,447,1024,0.4365234375
01a072a6-658d-79f3-bff1-2e7fd0670b76,a,D,QB12,17,1,UVH4a,32,0.07,5400000.0,5.4,445,1024,0.4345703125
01a072a6-658d-79f3-bff1-2e7fd0670b76,a,D,QB12,17,1,UVH4a,33,0.07,5850000.0,5.85,447,1024,0.4365234375
01a072a6-658d-79f3-bff1-2e7fd0670b76,a,D,QB12,17,1,UVH4a,34,0.07,6300000.0,6.3,463,1024,0.4521484375
01a072a6-658d-79f3-bff1-2e7fd0670b76,a,D,QB12,17,1,UVH4a,35,0.07,6750000.0,6.75,459,1024,0.4482421875
01a072a6-658d-79f3-bff1-2e7fd0670b76,a,D,QB12,17,1,UVH4a,36,0.07,7200000.0,7.2,476,1024,0.46484375
01a072a6-658d-79f3-bff1-2e7fd0670b76,a,D,QB12,17,1,UVH4a,37,0.07,7650000.0,7.65,505,1024,0.4931640625
01a072a6-658d-79f3-bff1-2e7fd0670b76,a,D,QB12,17,1,UVH4a,38,0.07,8100000.0,8.1,537,1024,0.5244140625
01a072a6-658d-79f3-bff1-2e7fd0670b76,a,D,QB12,17,1,UVH4a,39,0.07,8550000.0,8.55,525,1024,0.5126953125
01a072a6-658d-79f3-bff1-2e7fd0670b76,a,D,QB12,17,1,UVH4a,40,0.07,9000000.0,9.0,589,1024,0.5751953125
01a072a6-658d-79f3-bff1-2e7fd0670b76,a,D,QB12,17,2,UVH5a,0,0.07,-9000000.0,-9.0,359,1024,0.3505859375
01a072a6-658d-79f3-bff1-2e7fd0670b76,a,D,QB12,17,2,UVH5a,1,0.07,-8550000.0,-8.55,365,1024,0.3564453125
01a072a6-658d-79f3-bff1-2e7fd0670b76,a,D,QB12,17,2,UVH5a,2,0.07,-8100000.0,-8.1,352,1024,0.34375
01a072a6-658d-79f3-bff1-2e7fd0670b76,a,D,QB12,17,2,UVH5a,3,0.07,-7650000.0,-7.65,379,1024,0.3701171875
01a072a6-658d-79f3-bff1-2e7fd0670b76,a,D,QB12,17,2,UVH5a,4,0.07,-7200000.0,-7.2,404,1024,0.39453125
01a072a6-658d-79f3-bff1-2e7fd0670b76,a,D,QB12,17,2,UVH5a,5,0.07,-6750000.0,-6.75,394,1024,0.384765625
01a072a6-658d-79f3-bff1-2e7fd0670b76,a,D,QB12,17,2,UVH5a,6,0.07,-6300000.0,-6.3,440,1024,0.4296875
01a072a6-658d-79f3-bff1-2e7fd0670b76,a,D,QB12,17,2,UVH5a,7,0.07,-5850000.0,-5.85,407,1024,0.3974609375
01a072a6-658d-79f3-bff1-2e7fd0670b76,a,D,QB12,17,2,UVH5a,8,0.07,-5400000.0,-5.4,451,1024,0.4404296875
01a072a6-658d-79f3-bff1-2e7fd0670b76,a,D,QB12,17,2,UVH5a,9,0.07,-4950000.0,-4.95,413,1024,0.4033203125
01a072a6-658d-79f3-bff1-2e7fd0670b76,a,D,QB12,17,2,UVH5a,10,0.07,-4500000.0,-4.5,484,1024,0.47265625
01a072a6-658d-79f3-bff1-2e7fd0670b76,a,D,QB12,17,2,UVH5a,11,0.07,-4050000.0,-4.05,466,1024,0.455078125
01a072a6-658d-79f3-bff1-2e7fd0670b76,a,D,QB12,17,2,UVH5a,12,0.07,-3600000.0,-3.6,455,1024,0.4443359375
01a072a6-658d-79f3-bff1-2e7fd0670b76,a,D,QB12,17,2,UVH5a,13,0.07,-3150000.0,-3.15,484,1024,0.47265625
01a072a6-658d-79f3-bff1-2e7fd0670b76,a,D,QB12,17,2,UVH5a,14,0.07,-2700000.0,-2.7,484,1024,0.47265625
01a072a6-658d-79f3-bff1-2e7fd0670b76,a,D,QB12,17,2,UVH5a,15,0.07,-2250000.0,-2.25,497,1024,0.4853515625
01a072a6-658d-79f3-bff1-2e7fd0670b76,a,D,QB12,17,2,UVH5a,16,0.07,-1800000.0,-1.8,528,1024,0.515625
01a072a6-658d-79f3-bff1-2e7fd0670b76,a,D,QB12,17,2,UVH5a,17,0.07,-1350000.0,-1.35,504,1024,0.4921875
01a072a6-658d-79f3-bff1-2e7fd0670b76,a,D,QB12,17,2,UVH5a,18,0.07,-900000.0,-0.9,542,1024,0.529296875
01a072a6-658d-79f3-bff1-2e7fd0670b76,a,D,QB12,17,2,UVH5a,19,0.07,-450000.0,-0.45,505,1024,0.4931640625
01a072a6-658d-79f3-bff1-2e7fd0670b76,a,D,QB12,17,2,UVH5a,20,0.07,0.0,0.0,509,1024,0.4970703125
01a072a6-658d-79f3-bff1-2e7fd0670b76,a,D,QB12,17,2,UVH5a,21,0.07,450000.0,0.45,502,1024,0.490234375
01a072a6-658d-79f3-bff1-2e7fd0670b76,a,D,QB12,17,2,UVH5a,22,0.07,900000.0,0.9,537,1024,0.5244140625
01a072a6-658d-79f3-bff1-2e7fd0670b76,a,D,QB12,17,2,UVH5a,23,0.07,1350000.0,1.35,466,1024,0.455078125
01a072a6-658d-79f3-bff1-2e7fd0670b76,a,D,QB12,17,2,UVH5a,24,0.07,1800000.0,1.8,482,1024,0.470703125
01a072a6-658d-79f3-bff1-2e7fd0670b76,a,D,QB12,17,2,UVH5a,25,0.07,2250000.0,2.25,497,1024,0.4853515625
01a072a6-658d-79f3-bff1-2e7fd0670b76,a,D,QB12,17,2,UVH5a,26,0.07,2700000.0,2.7,515,1024,0.5029296875
01a072a6-658d-79f3-bff1-2e7fd0670b76,a,D,QB12,17,2,UVH5a,27,0.07,3150000.0,3.15,478,1024,0.466796875
01a072a6-658d-79f3-bff1-2e7fd0670b76,a,D,QB12,17,2,UVH5a,28,0.07,3600000.0,3.6,527,1024,0.5146484375
01a072a6-658d-79f3-bff1-2e7fd0670b76,a,D,QB12,17,2,UVH5a,29,0.07,4050000.0,4.05,478,1024,0.466796875
01a072a6-658d-79f3-bff1-2e7fd0670b76,a,D,QB12,17,2,UVH5a,30,0.07,4500000.0,4.5,482,1024,0.470703125
01a072a6-658d-79f3-bff1-2e7fd0670b76,a,D,QB12,17,2,UVH5a,31,0.07,4950000.0,4.95,505,1024,0.4931640625
01a072a6-658d-79f3-bff1-2e7fd0670b76,a,D,QB12,17,2,UVH5a,32,0.07,5400000.0,5.4,467,1024,0.4560546875
01a072a6-658d-79f3-bff1-2e7fd0670b76,a,D,QB12,17,2,UVH5a,33,0.07,5850000.0,5.85,458,1024,0.447265625
01a072a6-658d-79f3-bff1-2e7fd0670b76,a,D,QB12,17,2,UVH5a,34,0.07,6300000.0,6.3,457,1024,0.4462890625
01a072a6-658d-79f3-bff1-2e7fd0670b76,a,D,QB12,17,2,UVH5a,35,0.07,6750000.0,6.75,433,1024,0.4228515625
01a072a6-658d-79f3-bff1-2e7fd0670b76,a,D,QB12,17,2,UVH5a,36,0.07,7200000.0,7.2,461,1024,0.4501953125
01a072a6-658d-79f3-bff1-2e7fd0670b76,a,D,QB12,17,2,UVH5a,37,0.07,7650000.0,7.65,431,1024,0.4208984375
01a072a6-658d-79f3-bff1-2e7fd0670b76,a,D,QB12,17,2,UVH5a,38,0.07,8100000.0,8.1,423,1024,0.4130859375
01a072a6-658d-79f3-bff1-2e7fd0670b76,a,D,QB12,17,2,UVH5a,39,0.07,8550000.0,8.55,407,1024,0.3974609375
01a072a6-658d-79f3-bff1-2e7fd0670b76,a,D,QB12,17,2,UVH5a,40,0.07,9000000.0,9.0,412,1024,0.40234375
01a072a6-658d-79f3-bff1-2e7fd0670b76,a,D,QB12,17,3,UVH6a,0,0.07,-9000000.0,-9.0,519,1024,0.5068359375
01a072a6-658d-79f3-bff1-2e7fd0670b76,a,D,QB12,17,3,UVH6a,1,0.07,-8550000.0,-8.55,501,1024,0.4892578125
01a072a6-658d-79f3-bff1-2e7fd0670b76,a,D,QB12,17,3,UVH6a,2,0.07,-8100000.0,-8.1,525,1024,0.5126953125
01a072a6-658d-79f3-bff1-2e7fd0670b76,a,D,QB12,17,3,UVH6a,3,0.07,-7650000.0,-7.65,489,1024,0.4775390625
01a072a6-658d-79f3-bff1-2e7fd0670b76,a,D,QB12,17,3,UVH6a,4,0.07,-7200000.0,-7.2,494,1024,0.482421875
01a072a6-658d-79f3-bff1-2e7fd0670b76,a,D,QB12,17,3,UVH6a,5,0.07,-6750000.0,-6.75,476,1024,0.46484375
01a072a6-658d-79f3-bff1-2e7fd0670b76,a,D,QB12,17,3,UVH6a,6,0.07,-6300000.0,-6.3,515,1024,0.5029296875
01a072a6-658d-79f3-bff1-2e7fd0670b76,a,D,QB12,17,3,UVH6a,7,0.07,-5850000.0,-5.85,500,1024,0.48828125
01a072a6-658d-79f3-bff1-2e7fd0670b76,a,D,QB12,17,3,UVH6a,8,0.07,-5400000.0,-5.4,488,1024,0.4765625
01a072a6-658d-79f3-bff1-2e7fd0670b76,a,D,QB12,17,3,UVH6a,9,0.07,-4950000.0,-4.95,519,1024,0.5068359375
01a072a6-658d-79f3-bff1-2e7fd0670b76,a,D,QB12,17,3,UVH6a,10,0.07,-4500000.0,-4.5,490,1024,0.478515625
01a072a6-658d-79f3-bff1-2e7fd0670b76,a,D,QB12,17,3,UVH6a,11,0.07,-4050000.0,-4.05,539,1024,0.5263671875
01a072a6-658d-79f3-bff1-2e7fd0670b76,a,D,QB12,17,3,UVH6a,12,0.07,-3600000.0,-3.6,563,1024,0.5498046875
01a072a6-658d-79f3-bff1-2e7fd0670b76,a,D,QB12,17,3,UVH6a,13,0.07,-3150000.0,-3.15,580,1024,0.56640625
01a072a6-658d-79f3-bff1-2e7fd0670b76,a,D,QB12,17,3,UVH6a,14,0.07,-2700000.0,-2.7,561,1024,0.5478515625
01a072a6-658d-79f3-bff1-2e7fd0670b76,a,D,QB12,17,3,UVH6a,15,0.07,-2250000.0,-2.25,597,1024,0.5830078125
01a072a6-658d-79f3-bff1-2e7fd0670b76,a,D,QB12,17,3,UVH6a,16,0.07,-1800000.0,-1.8,591,1024,0.5771484375
01a072a6-658d-79f3-bff1-2e7fd0670b76,a,D,QB12,17,3,UVH6a,17,0.07,-1350000.0,-1.35,634,1024,0.619140625
01a072a6-658d-79f3-bff1-2e7fd0670b76,a,D,QB12,17,3,UVH6a,18,0.07,-900000.0,-0.9,606,1024,0.591796875
01a072a6-658d-79f3-bff1-2e7fd0670b76,a,D,QB12,17,3,UVH6a,19,0.07,-450000.0,-0.45,613,1024,0.5986328125
01a072a6-658d-79f3-bff1-2e7fd0670b76,a,D,QB12,17,3,UVH6a,20,0.07,0.0,0.0,623,1024,0.6083984375
01a072a6-658d-79f3-bff1-2e7fd0670b76,a,D,QB12,17,3,UVH6a,21,0.07,450000.0,0.45,646,1024,0.630859375
01a072a6-658d-79f3-bff1-2e7fd0670b76,a,D,QB12,17,3,UVH6a,22,0.07,900000.0,0.9,639,1024,0.6240234375
01a072a6-658d-79f3-bff1-2e7fd0670b76,a,D,QB12,17,3,UVH6a,23,0.07,1350000.0,1.35,655,1024,0.6396484375
01a072a6-658d-79f3-bff1-2e7fd0670b76,a,D,QB12,17,3,UVH6a,24,0.07,1800000.0,1.8,643,1024,0.6279296875
01a072a6-658d-79f3-bff1-2e7fd0670b76,a,D,QB12,17,3,UVH6a,25,0.07,2250000.0,2.25,632,1024,0.6171875
01a072a6-658d-79f3-bff1-2e7fd0670b76,a,D,QB12,17,3,UVH6a,26,0.07,2700000.0,2.7,622,1024,0.607421875
01a072a6-658d-79f3-bff1-2e7fd0670b76,a,D,QB12,17,3,UVH6a,27,0.07,3150000.0,3.15,658,1024,0.642578125
01a072a6-658d-79f3-bff1-2e7fd0670b76,a,D,QB12,17,3,UVH6a,28,0.07,3600000.0,3.6,667,1024,0.6513671875
01a072a6-658d-79f3-bff1-2e7fd0670b76,a,D,QB12,17,3,UVH6a,29,0.07,4050000.0,4.05,628,1024,0.61328125
01a072a6-658d-79f3-bff1-2e7fd0670b76,a,D,QB12,17,3,UVH6a,30,0.07,4500000.0,4.5,652,1024,0.63671875
01a072a6-658d-79f3-bff1-2e7fd0670b76,a,D,QB12,17,3,UVH6a,31,0.07,4950000.0,4.95,657,1024,0.6416015625
01a072a6-658d-79f3-bff1-2e7fd0670b76,a,D,QB12,17,3,UVH6a,32,0.07,5400000.0,5.4,634,1024,0.619140625
01a072a6-658d-79f3-bff1-2e7fd0670b76,a,D,QB12,17,3,UVH6a,33,0.07,5850000.0,5.85,666,1024,0.650390625
01a072a6-658d-79f3-bff1-2e7fd0670b76,a,D,QB12,17,3,UVH6a,34,0.07,6300000.0,6.3,641,1024,0.6259765625
01a072a6-658d-79f3-bff1-2e7fd0670b76,a,D,QB12,17,3,UVH6a,35,0.07,6750000.0,6.75,636,1024,0.62109375
01a072a6-658d-79f3-bff1-2e7fd0670b76,a,D,QB12,17,3,UVH6a,36,0.07,7200000.0,7.2,655,1024,0.6396484375
01a072a6-658d-79f3-bff1-2e7fd0670b76,a,D,QB12,17,3,UVH6a,37,0.07,7650000.0,7.65,679,1024,0.6630859375
01a072a6-658d-79f3-bff1-2e7fd0670b76,a,D,QB12,17,3,UVH6a,38,0.07,8100000.0,8.1,633,1024,0.6181640625
01a072a6-658d-79f3-bff1-2e7fd0670b76,a,D,QB12,17,3,UVH6a,39,0.07,8550000.0,8.55,654,1024,0.638671875
01a072a6-658d-79f3-bff1-2e7fd0670b76,a,D,QB12,17,3,UVH6a,40,0.07,9000000.0,9.0,665,1024,0.6494140625
01a072a6-658d-79f3-bff1-2e7fd0670b76,a,D,QB12,17,4,UVH7a,0,0.07,-9000000.0,-9.0,497,1024,0.4853515625
01a072a6-658d-79f3-bff1-2e7fd0670b76,a,D,QB12,17,4,UVH7a,1,0.07,-8550000.0,-8.55,503,1024,0.4912109375
01a072a6-658d-79f3-bff1-2e7fd0670b76,a,D,QB12,17,4,UVH7a,2,0.07,-8100000.0,-8.1,507,1024,0.4951171875
01a072a6-658d-79f3-bff1-2e7fd0670b76,a,D,QB12,17,4,UVH7a,3,0.07,-7650000.0,-7.65,475,1024,0.4638671875
01a072a6-658d-79f3-bff1-2e7fd0670b76,a,D,QB12,17,4,UVH7a,4,0.07,-7200000.0,-7.2,484,1024,0.47265625
01a072a6-658d-79f3-bff1-2e7fd0670b76,a,D,QB12,17,4,UVH7a,5,0.07,-6750000.0,-6.75,481,1024,0.4697265625
01a072a6-658d-79f3-bff1-2e7fd0670b76,a,D,QB12,17,4,UVH7a,6,0.07,-6300000.0,-6.3,508,1024,0.49609375
01a072a6-658d-79f3-bff1-2e7fd0670b76,a,D,QB12,17,4,UVH7a,7,0.07,-5850000.0,-5.85,522,1024,0.509765625
01a072a6-658d-79f3-bff1-2e7fd0670b76,a,D,QB12,17,4,UVH7a,8,0.07,-5400000.0,-5.4,516,1024,0.50390625
01a072a6-658d-79f3-bff1-2e7fd0670b76,a,D,QB12,17,4,UVH7a,9,0.07,-4950000.0,-4.95,498,1024,0.486328125
01a072a6-658d-79f3-bff1-2e7fd0670b76,a,D,QB12,17,4,UVH7a,10,0.07,-4500000.0,-4.5,524,1024,0.51171875
01a072a6-658d-79f3-bff1-2e7fd0670b76,a,D,QB12,17,4,UVH7a,11,0.07,-4050000.0,-4.05,527,1024,0.5146484375
01a072a6-658d-79f3-bff1-2e7fd0670b76,a,D,QB12,17,4,UVH7a,12,0.07,-3600000.0,-3.6,532,1024,0.51953125
01a072a6-658d-79f3-bff1-2e7fd0670b76,a,D,QB12,17,4,UVH7a,13,0.07,-3150000.0,-3.15,523,1024,0.5107421875
01a072a6-658d-79f3-bff1-2e7fd0670b76,a,D,QB12,17,4,UVH7a,14,0.07,-2700000.0,-2.7,564,1024,0.55078125
01a072a6-658d-79f3-bff1-2e7fd0670b76,a,D,QB12,17,4,UVH7a,15,0.07,-2250000.0,-2.25,556,1024,0.54296875
01a072a6-658d-79f3-bff1-2e7fd0670b76,a,D,QB12,17,4,UVH7a,16,0.07,-1800000.0,-1.8,572,1024,0.55859375
01a072a6-658d-79f3-bff1-2e7fd0670b76,a,D,QB12,17,4,UVH7a,17,0.07,-1350000.0,-1.35,564,1024,0.55078125
01a072a6-658d-79f3-bff1-2e7fd0670b76,a,D,QB12,17,4,UVH7a,18,0.07,-900000.0,-0.9,559,1024,0.5458984375
01a072a6-658d-79f3-bff1-2e7fd0670b76,a,D,QB12,17,4,UVH7a,19,0.07,-450000.0,-0.45,581,1024,0.5673828125
01a072a6-658d-79f3-bff1-2e7fd0670b76,a,D,QB12,17,4,UVH7a,20,0.07,0.0,0.0,580,1024,0.56640625
01a072a6-658d-79f3-bff1-2e7fd0670b76,a,D,QB12,17,4,UVH7a,21,0.07,450000.0,0.45,603,1024,0.5888671875
01a072a6-658d-79f3-bff1-2e7fd0670b76,a,D,QB12,17,4,UVH7a,22,0.07,900000.0,0.9,607,1024,0.5927734375
01a072a6-658d-79f3-bff1-2e7fd0670b76,a,D,QB12,17,4,UVH7a,23,0.07,1350000.0,1.35,595,1024,0.5810546875
01a072a6-658d-79f3-bff1-2e7fd0670b76,a,D,QB12,17,4,UVH7a,24,0.07,1800000.0,1.8,607,1024,0.5927734375
01a072a6-658d-79f3-bff1-2e7fd0670b76,a,D,QB12,17,4,UVH7a,25,0.07,2250000.0,2.25,607,1024,0.5927734375
01a072a6-658d-79f3-bff1-2e7fd0670b76,a,D,QB12,17,4,UVH7a,26,0.07,2700000.0,2.7,629,1024,0.6142578125
01a072a6-658d-79f3-bff1-2e7fd0670b76,a,D,QB12,17,4,UVH7a,27,0.07,3150000.0,3.15,622,1024,0.607421875
01a072a6-658d-79f3-bff1-2e7fd0670b76,a,D,QB12,17,4,UVH7a,28,0.07,3600000.0,3.6,610,1024,0.595703125
01a072a6-658d-79f3-bff1-2e7fd0670b76,a,D,QB12,17,4,UVH7a,29,0.07,4050000.0,4.05,608,1024,0.59375
01a072a6-658d-79f3-bff1-2e7fd0670b76,a,D,QB12,17,4,UVH7a,30,0.07,4500000.0,4.5,607,1024,0.5927734375
01a072a6-658d-79f3-bff1-2e7fd0670b76,a,D,QB12,17,4,UVH7a,31,0.07,4950000.0,4.95,595,1024,0.5810546875
01a072a6-658d-79f3-bff1-2e7fd0670b76,a,D,QB12,17,4,UVH7a,32,0.07,5400000.0,5.4,583,1024,0.5693359375
01a072a6-658d-79f3-bff1-2e7fd0670b76,a,D,QB12,17,4,UVH7a,33,0.07,5850000.0,5.85,570,1024,0.556640625
01a072a6-658d-79f3-bff1-2e7fd0670b76,a,D,QB12,17,4,UVH7a,34,0.07,6300000.0,6.3,547,1024,0.5341796875
01a072a6-658d-79f3-bff1-2e7fd0670b76,a,D,QB12,17,4,UVH7a,35,0.07,6750000.0,6.75,513,1024,0.5009765625
01a072a6-658d-79f3-bff1-2e7fd0670b76,a,D,QB12,17,4,UVH7a,36,0.07,7200000.0,7.2,515,1024,0.5029296875
01a072a6-658d-79f3-bff1-2e7fd0670b76,a,D,QB12,17,4,UVH7a,37,0.07,7650000.0,7.65,458,1024,0.447265625
01a072a6-658d-79f3-bff1-2e7fd0670b76,a,D,QB12,17,4,UVH7a,38,0.07,8100000.0,8.1,403,1024,0.3935546875
01a072a6-658d-79f3-bff1-2e7fd0670b76,a,D,QB12,17,4,UVH7a,39,0.07,8550000.0,8.55,410,1024,0.400390625
01a072a6-658d-79f3-bff1-2e7fd0670b76,a,D,QB12,17,4,UVH7a,40,0.07,9000000.0,9.0,400,1024,0.390625
01a072a6-658d-79f3-bff1-2e7fd0670b76,a,D,QB12,17,5,UVH8a,0,0.07,-9000000.0,-9.0,523,1024,0.5107421875
01a072a6-658d-79f3-bff1-2e7fd0670b76,a,D,QB12,17,5,UVH8a,1,0.07,-8550000.0,-8.55,530,1024,0.517578125
01a072a6-658d-79f3-bff1-2e7fd0670b76,a,D,QB12,17,5,UVH8a,2,0.07,-8100000.0,-8.1,528,1024,0.515625
01a072a6-658d-79f3-bff1-2e7fd0670b76,a,D,QB12,17,5,UVH8a,3,0.07,-7650000.0,-7.65,503,1024,0.4912109375
01a072a6-658d-79f3-bff1-2e7fd0670b76,a,D,QB12,17,5,UVH8a,4,0.07,-7200000.0,-7.2,464,1024,0.453125
01a072a6-658d-79f3-bff1-2e7fd0670b76,a,D,QB12,17,5,UVH8a,5,0.07,-6750000.0,-6.75,411,1024,0.4013671875
01a072a6-658d-79f3-bff1-2e7fd0670b76,a,D,QB12,17,5,UVH8a,6,0.07,-6300000.0,-6.3,405,1024,0.3955078125
01a072a6-658d-79f3-bff1-2e7fd0670b76,a,D,QB12,17,5,UVH8a,7,0.07,-5850000.0,-5.85,396,1024,0.38671875
01a072a6-658d-79f3-bff1-2e7fd0670b76,a,D,QB12,17,5,UVH8a,8,0.07,-5400000.0,-5.4,403,1024,0.3935546875
01a072a6-658d-79f3-bff1-2e7fd0670b76,a,D,QB12,17,5,UVH8a,9,0.07,-4950000.0,-4.95,355,1024,0.3466796875
01a072a6-658d-79f3-bff1-2e7fd0670b76,a,D,QB12,17,5,UVH8a,10,0.07,-4500000.0,-4.5,347,1024,0.3388671875
01a072a6-658d-79f3-bff1-2e7fd0670b76,a,D,QB12,17,5,UVH8a,11,0.07,-4050000.0,-4.05,375,1024,0.3662109375
01a072a6-658d-79f3-bff1-2e7fd0670b76,a,D,QB12,17,5,UVH8a,12,0.07,-3600000.0,-3.6,389,1024,0.3798828125
01a072a6-658d-79f3-bff1-2e7fd0670b76,a,D,QB12,17,5,UVH8a,13,0.07,-3150000.0,-3.15,351,1024,0.3427734375
01a072a6-658d-79f3-bff1-2e7fd0670b76,a,D,QB12,17,5,UVH8a,14,0.07,-2700000.0,-2.7,332,1024,0.32421875
01a072a6-658d-79f3-bff1-2e7fd0670b76,a,D,QB12,17,5,UVH8a,15,0.07,-2250000.0,-2.25,351,1024,0.3427734375
01a072a6-658d-79f3-bff1-2e7fd0670b76,a,D,QB12,17,5,UVH8a,16,0.07,-1800000.0,-1.8,311,1024,0.3037109375
01a072a6-658d-79f3-bff1-2e7fd0670b76,a,D,QB12,17,5,UVH8a,17,0.07,-1350000.0,-1.35,335,1024,0.3271484375
01a072a6-658d-79f3-bff1-2e7fd0670b76,a,D,QB12,17,5,UVH8a,18,0.07,-900000.0,-0.9,349,1024,0.3408203125
01a072a6-658d-79f3-bff1-2e7fd0670b76,a,D,QB12,17,5,UVH8a,19,0.07,-450000.0,-0.45,365,1024,0.3564453125
01a072a6-658d-79f3-bff1-2e7fd0670b76,a,D,QB12,17,5,UVH8a,20,0.07,0.0,0.0,380,1024,0.37109375
01a072a6-658d-79f3-bff1-2e7fd0670b76,a,D,QB12,17,5,UVH8a,21,0.07,450000.0,0.45,355,1024,0.3466796875
01a072a6-658d-79f3-bff1-2e7fd0670b76,a,D,QB12,17,5,UVH8a,22,0.07,900000.0,0.9,396,1024,0.38671875
01a072a6-658d-79f3-bff1-2e7fd0670b76,a,D,QB12,17,5,UVH8a,23,0.07,1350000.0,1.35,364,1024,0.35546875
01a072a6-658d-79f3-bff1-2e7fd0670b76,a,D,QB12,17,5,UVH8a,24,0.07,1800000.0,1.8,394,1024,0.384765625
01a072a6-658d-79f3-bff1-2e7fd0670b76,a,D,QB12,17,5,UVH8a,25,0.07,2250000.0,2.25,419,1024,0.4091796875
01a072a6-658d-79f3-bff1-2e7fd0670b76,a,D,QB12,17,5,UVH8a,26,0.07,2700000.0,2.7,447,1024,0.4365234375
01a072a6-658d-79f3-bff1-2e7fd0670b76,a,D,QB12,17,5,UVH8a,27,0.07,3150000.0,3.15,476,1024,0.46484375
01a072a6-658d-79f3-bff1-2e7fd0670b76,a,D,QB12,17,5,UVH8a,28,0.07,3600000.0,3.6,460,1024,0.44921875
01a072a6-658d-79f3-bff1-2e7fd0670b76,a,D,QB12,17,5,UVH8a,29,0.07,4050000.0,4.05,516,1024,0.50390625
01a072a6-658d-79f3-bff1-2e7fd0670b76,a,D,QB12,17,5,UVH8a,30,0.07,4500000.0,4.5,537,1024,0.5244140625
01a072a6-658d-79f3-bff1-2e7fd0670b76,a,D,QB12,17,5,UVH8a,31,0.07,4950000.0,4.95,556,1024,0.54296875
01a072a6-658d-79f3-bff1-2e7fd0670b76,a,D,QB12,17,5,UVH8a,32,0.07,5400000.0,5.4,572,1024,0.55859375
01a072a6-658d-79f3-bff1-2e7fd0670b76,a,D,QB12,17,5,UVH8a,33,0.07,5850000.0,5.85,596,1024,0.58203125
01a072a6-658d-79f3-bff1-2e7fd0670b76,a,D,QB12,17,5,UVH8a,34,0.07,6300000.0,6.3,624,1024,0.609375
01a072a6-658d-79f3-bff1-2e7fd0670b76,a,D,QB12,17,5,UVH8a,35,0.07,6750000.0,6.75,621,1024,0.6064453125
01a072a6-658d-79f3-bff1-2e7fd0670b76,a,D,QB12,17,5,UVH8a,36,0.07,7200000.0,7.2,644,1024,0.62890625
01a072a6-658d-79f3-bff1-2e7fd0670b76,a,D,QB12,17,5,UVH8a,37,0.07,7650000.0,7.65,639,1024,0.6240234375
01a072a6-658d-79f3-bff1-2e7fd0670b76,a,D,QB12,17,5,UVH8a,38,0.07,8100000.0,8.1,623,1024,0.6083984375
01a072a6-658d-79f3-bff1-2e7fd0670b76,a,D,QB12,17,5,UVH8a,39,0.07,8550000.0,8.55,610,1024,0.595703125
01a072a6-658d-79f3-bff1-2e7fd0670b76,a,D,QB12,17,5,UVH8a,40,0.07,9000000.0,9.0,581,1024,0.5673828125
01a072a6-658d-79f3-bff1-2e7fd0670b76,a,D,QB7,18,0,standard_pi_2,0,0.07,-9000000.0,-9.0,620,1024,0.60546875
01a072a6-658d-79f3-bff1-2e7fd0670b76,a,D,QB7,18,0,standard_pi_2,1,0.07,-8550000.0,-8.55,641,1024,0.6259765625
01a072a6-658d-79f3-bff1-2e7fd0670b76,a,D,QB7,18,0,standard_pi_2,2,0.07,-8100000.0,-8.1,646,1024,0.630859375
01a072a6-658d-79f3-bff1-2e7fd0670b76,a,D,QB7,18,0,standard_pi_2,3,0.07,-7650000.0,-7.65,657,1024,0.6416015625
01a072a6-658d-79f3-bff1-2e7fd0670b76,a,D,QB7,18,0,standard_pi_2,4,0.07,-7200000.0,-7.2,657,1024,0.6416015625
01a072a6-658d-79f3-bff1-2e7fd0670b76,a,D,QB7,18,0,standard_pi_2,5,0.07,-6750000.0,-6.75,684,1024,0.66796875
01a072a6-658d-79f3-bff1-2e7fd0670b76,a,D,QB7,18,0,standard_pi_2,6,0.07,-6300000.0,-6.3,632,1024,0.6171875
01a072a6-658d-79f3-bff1-2e7fd0670b76,a,D,QB7,18,0,standard_pi_2,7,0.07,-5850000.0,-5.85,689,1024,0.6728515625
01a072a6-658d-79f3-bff1-2e7fd0670b76,a,D,QB7,18,0,standard_pi_2,8,0.07,-5400000.0,-5.4,649,1024,0.6337890625
01a072a6-658d-79f3-bff1-2e7fd0670b76,a,D,QB7,18,0,standard_pi_2,9,0.07,-4950000.0,-4.95,642,1024,0.626953125
01a072a6-658d-79f3-bff1-2e7fd0670b76,a,D,QB7,18,0,standard_pi_2,10,0.07,-4500000.0,-4.5,635,1024,0.6201171875
01a072a6-658d-79f3-bff1-2e7fd0670b76,a,D,QB7,18,0,standard_pi_2,11,0.07,-4050000.0,-4.05,625,1024,0.6103515625
01a072a6-658d-79f3-bff1-2e7fd0670b76,a,D,QB7,18,0,standard_pi_2,12,0.07,-3600000.0,-3.6,615,1024,0.6005859375
01a072a6-658d-79f3-bff1-2e7fd0670b76,a,D,QB7,18,0,standard_pi_2,13,0.07,-3150000.0,-3.15,619,1024,0.6044921875
01a072a6-658d-79f3-bff1-2e7fd0670b76,a,D,QB7,18,0,standard_pi_2,14,0.07,-2700000.0,-2.7,656,1024,0.640625
01a072a6-658d-79f3-bff1-2e7fd0670b76,a,D,QB7,18,0,standard_pi_2,15,0.07,-2250000.0,-2.25,633,1024,0.6181640625
01a072a6-658d-79f3-bff1-2e7fd0670b76,a,D,QB7,18,0,standard_pi_2,16,0.07,-1800000.0,-1.8,637,1024,0.6220703125
01a072a6-658d-79f3-bff1-2e7fd0670b76,a,D,QB7,18,0,standard_pi_2,17,0.07,-1350000.0,-1.35,641,1024,0.6259765625
01a072a6-658d-79f3-bff1-2e7fd0670b76,a,D,QB7,18,0,standard_pi_2,18,0.07,-900000.0,-0.9,595,1024,0.5810546875
01a072a6-658d-79f3-bff1-2e7fd0670b76,a,D,QB7,18,0,standard_pi_2,19,0.07,-450000.0,-0.45,628,1024,0.61328125
01a072a6-658d-79f3-bff1-2e7fd0670b76,a,D,QB7,18,0,standard_pi_2,20,0.07,0.0,0.0,603,1024,0.5888671875
01a072a6-658d-79f3-bff1-2e7fd0670b76,a,D,QB7,18,0,standard_pi_2,21,0.07,450000.0,0.45,608,1024,0.59375
01a072a6-658d-79f3-bff1-2e7fd0670b76,a,D,QB7,18,0,standard_pi_2,22,0.07,900000.0,0.9,623,1024,0.6083984375
01a072a6-658d-79f3-bff1-2e7fd0670b76,a,D,QB7,18,0,standard_pi_2,23,0.07,1350000.0,1.35,598,1024,0.583984375
01a072a6-658d-79f3-bff1-2e7fd0670b76,a,D,QB7,18,0,standard_pi_2,24,0.07,1800000.0,1.8,609,1024,0.5947265625
01a072a6-658d-79f3-bff1-2e7fd0670b76,a,D,QB7,18,0,standard_pi_2,25,0.07,2250000.0,2.25,610,1024,0.595703125
01a072a6-658d-79f3-bff1-2e7fd0670b76,a,D,QB7,18,0,standard_pi_2,26,0.07,2700000.0,2.7,595,1024,0.5810546875
01a072a6-658d-79f3-bff1-2e7fd0670b76,a,D,QB7,18,0,standard_pi_2,27,0.07,3150000.0,3.15,610,1024,0.595703125
01a072a6-658d-79f3-bff1-2e7fd0670b76,a,D,QB7,18,0,standard_pi_2,28,0.07,3600000.0,3.6,596,1024,0.58203125
01a072a6-658d-79f3-bff1-2e7fd0670b76,a,D,QB7,18,0,standard_pi_2,29,0.07,4050000.0,4.05,606,1024,0.591796875
01a072a6-658d-79f3-bff1-2e7fd0670b76,a,D,QB7,18,0,standard_pi_2,30,0.07,4500000.0,4.5,584,1024,0.5703125
01a072a6-658d-79f3-bff1-2e7fd0670b76,a,D,QB7,18,0,standard_pi_2,31,0.07,4950000.0,4.95,592,1024,0.578125
01a072a6-658d-79f3-bff1-2e7fd0670b76,a,D,QB7,18,0,standard_pi_2,32,0.07,5400000.0,5.4,567,1024,0.5537109375
01a072a6-658d-79f3-bff1-2e7fd0670b76,a,D,QB7,18,0,standard_pi_2,33,0.07,5850000.0,5.85,540,1024,0.52734375
01a072a6-658d-79f3-bff1-2e7fd0670b76,a,D,QB7,18,0,standard_pi_2,34,0.07,6300000.0,6.3,569,1024,0.5556640625
01a072a6-658d-79f3-bff1-2e7fd0670b76,a,D,QB7,18,0,standard_pi_2,35,0.07,6750000.0,6.75,570,1024,0.556640625
01a072a6-658d-79f3-bff1-2e7fd0670b76,a,D,QB7,18,0,standard_pi_2,36,0.07,7200000.0,7.2,556,1024,0.54296875
01a072a6-658d-79f3-bff1-2e7fd0670b76,a,D,QB7,18,0,standard_pi_2,37,0.07,7650000.0,7.65,569,1024,0.5556640625
01a072a6-658d-79f3-bff1-2e7fd0670b76,a,D,QB7,18,0,standard_pi_2,38,0.07,8100000.0,8.1,536,1024,0.5234375
01a072a6-658d-79f3-bff1-2e7fd0670b76,a,D,QB7,18,0,standard_pi_2,39,0.07,8550000.0,8.55,540,1024,0.52734375
01a072a6-658d-79f3-bff1-2e7fd0670b76,a,D,QB7,18,0,standard_pi_2,40,0.07,9000000.0,9.0,580,1024,0.56640625
01a072a6-658d-79f3-bff1-2e7fd0670b76,a,D,QB7,18,1,UVH4a,0,0.07,-9000000.0,-9.0,504,1024,0.4921875
01a072a6-658d-79f3-bff1-2e7fd0670b76,a,D,QB7,18,1,UVH4a,1,0.07,-8550000.0,-8.55,487,1024,0.4755859375
01a072a6-658d-79f3-bff1-2e7fd0670b76,a,D,QB7,18,1,UVH4a,2,0.07,-8100000.0,-8.1,463,1024,0.4521484375
01a072a6-658d-79f3-bff1-2e7fd0670b76,a,D,QB7,18,1,UVH4a,3,0.07,-7650000.0,-7.65,477,1024,0.4658203125
01a072a6-658d-79f3-bff1-2e7fd0670b76,a,D,QB7,18,1,UVH4a,4,0.07,-7200000.0,-7.2,430,1024,0.419921875
01a072a6-658d-79f3-bff1-2e7fd0670b76,a,D,QB7,18,1,UVH4a,5,0.07,-6750000.0,-6.75,453,1024,0.4423828125
01a072a6-658d-79f3-bff1-2e7fd0670b76,a,D,QB7,18,1,UVH4a,6,0.07,-6300000.0,-6.3,410,1024,0.400390625
01a072a6-658d-79f3-bff1-2e7fd0670b76,a,D,QB7,18,1,UVH4a,7,0.07,-5850000.0,-5.85,432,1024,0.421875
01a072a6-658d-79f3-bff1-2e7fd0670b76,a,D,QB7,18,1,UVH4a,8,0.07,-5400000.0,-5.4,422,1024,0.412109375
01a072a6-658d-79f3-bff1-2e7fd0670b76,a,D,QB7,18,1,UVH4a,9,0.07,-4950000.0,-4.95,419,1024,0.4091796875
01a072a6-658d-79f3-bff1-2e7fd0670b76,a,D,QB7,18,1,UVH4a,10,0.07,-4500000.0,-4.5,409,1024,0.3994140625
01a072a6-658d-79f3-bff1-2e7fd0670b76,a,D,QB7,18,1,UVH4a,11,0.07,-4050000.0,-4.05,440,1024,0.4296875
01a072a6-658d-79f3-bff1-2e7fd0670b76,a,D,QB7,18,1,UVH4a,12,0.07,-3600000.0,-3.6,452,1024,0.44140625
01a072a6-658d-79f3-bff1-2e7fd0670b76,a,D,QB7,18,1,UVH4a,13,0.07,-3150000.0,-3.15,460,1024,0.44921875
01a072a6-658d-79f3-bff1-2e7fd0670b76,a,D,QB7,18,1,UVH4a,14,0.07,-2700000.0,-2.7,425,1024,0.4150390625
01a072a6-658d-79f3-bff1-2e7fd0670b76,a,D,QB7,18,1,UVH4a,15,0.07,-2250000.0,-2.25,422,1024,0.412109375
01a072a6-658d-79f3-bff1-2e7fd0670b76,a,D,QB7,18,1,UVH4a,16,0.07,-1800000.0,-1.8,447,1024,0.4365234375
01a072a6-658d-79f3-bff1-2e7fd0670b76,a,D,QB7,18,1,UVH4a,17,0.07,-1350000.0,-1.35,455,1024,0.4443359375
01a072a6-658d-79f3-bff1-2e7fd0670b76,a,D,QB7,18,1,UVH4a,18,0.07,-900000.0,-0.9,474,1024,0.462890625
01a072a6-658d-79f3-bff1-2e7fd0670b76,a,D,QB7,18,1,UVH4a,19,0.07,-450000.0,-0.45,448,1024,0.4375
01a072a6-658d-79f3-bff1-2e7fd0670b76,a,D,QB7,18,1,UVH4a,20,0.07,0.0,0.0,482,1024,0.470703125
01a072a6-658d-79f3-bff1-2e7fd0670b76,a,D,QB7,18,1,UVH4a,21,0.07,450000.0,0.45,453,1024,0.4423828125
01a072a6-658d-79f3-bff1-2e7fd0670b76,a,D,QB7,18,1,UVH4a,22,0.07,900000.0,0.9,481,1024,0.4697265625
01a072a6-658d-79f3-bff1-2e7fd0670b76,a,D,QB7,18,1,UVH4a,23,0.07,1350000.0,1.35,511,1024,0.4990234375
01a072a6-658d-79f3-bff1-2e7fd0670b76,a,D,QB7,18,1,UVH4a,24,0.07,1800000.0,1.8,459,1024,0.4482421875
01a072a6-658d-79f3-bff1-2e7fd0670b76,a,D,QB7,18,1,UVH4a,25,0.07,2250000.0,2.25,504,1024,0.4921875
01a072a6-658d-79f3-bff1-2e7fd0670b76,a,D,QB7,18,1,UVH4a,26,0.07,2700000.0,2.7,486,1024,0.474609375
01a072a6-658d-79f3-bff1-2e7fd0670b76,a,D,QB7,18,1,UVH4a,27,0.07,3150000.0,3.15,458,1024,0.447265625
01a072a6-658d-79f3-bff1-2e7fd0670b76,a,D,QB7,18,1,UVH4a,28,0.07,3600000.0,3.6,471,1024,0.4599609375
01a072a6-658d-79f3-bff1-2e7fd0670b76,a,D,QB7,18,1,UVH4a,29,0.07,4050000.0,4.05,520,1024,0.5078125
01a072a6-658d-79f3-bff1-2e7fd0670b76,a,D,QB7,18,1,UVH4a,30,0.07,4500000.0,4.5,552,1024,0.5390625
01a072a6-658d-79f3-bff1-2e7fd0670b76,a,D,QB7,18,1,UVH4a,31,0.07,4950000.0,4.95,493,1024,0.4814453125
01a072a6-658d-79f3-bff1-2e7fd0670b76,a,D,QB7,18,1,UVH4a,32,0.07,5400000.0,5.4,493,1024,0.4814453125
01a072a6-658d-79f3-bff1-2e7fd0670b76,a,D,QB7,18,1,UVH4a,33,0.07,5850000.0,5.85,502,1024,0.490234375
01a072a6-658d-79f3-bff1-2e7fd0670b76,a,D,QB7,18,1,UVH4a,34,0.07,6300000.0,6.3,521,1024,0.5087890625
01a072a6-658d-79f3-bff1-2e7fd0670b76,a,D,QB7,18,1,UVH4a,35,0.07,6750000.0,6.75,524,1024,0.51171875
01a072a6-658d-79f3-bff1-2e7fd0670b76,a,D,QB7,18,1,UVH4a,36,0.07,7200000.0,7.2,529,1024,0.5166015625
01a072a6-658d-79f3-bff1-2e7fd0670b76,a,D,QB7,18,1,UVH4a,37,0.07,7650000.0,7.65,535,1024,0.5224609375
01a072a6-658d-79f3-bff1-2e7fd0670b76,a,D,QB7,18,1,UVH4a,38,0.07,8100000.0,8.1,579,1024,0.5654296875
01a072a6-658d-79f3-bff1-2e7fd0670b76,a,D,QB7,18,1,UVH4a,39,0.07,8550000.0,8.55,573,1024,0.5595703125
01a072a6-658d-79f3-bff1-2e7fd0670b76,a,D,QB7,18,1,UVH4a,40,0.07,9000000.0,9.0,624,1024,0.609375
01a072a6-658d-79f3-bff1-2e7fd0670b76,a,D,QB7,18,2,UVH5a,0,0.07,-9000000.0,-9.0,339,1024,0.3310546875
01a072a6-658d-79f3-bff1-2e7fd0670b76,a,D,QB7,18,2,UVH5a,1,0.07,-8550000.0,-8.55,328,1024,0.3203125
01a072a6-658d-79f3-bff1-2e7fd0670b76,a,D,QB7,18,2,UVH5a,2,0.07,-8100000.0,-8.1,316,1024,0.30859375
01a072a6-658d-79f3-bff1-2e7fd0670b76,a,D,QB7,18,2,UVH5a,3,0.07,-7650000.0,-7.65,293,1024,0.2861328125
01a072a6-658d-79f3-bff1-2e7fd0670b76,a,D,QB7,18,2,UVH5a,4,0.07,-7200000.0,-7.2,315,1024,0.3076171875
01a072a6-658d-79f3-bff1-2e7fd0670b76,a,D,QB7,18,2,UVH5a,5,0.07,-6750000.0,-6.75,327,1024,0.3193359375
01a072a6-658d-79f3-bff1-2e7fd0670b76,a,D,QB7,18,2,UVH5a,6,0.07,-6300000.0,-6.3,314,1024,0.306640625
01a072a6-658d-79f3-bff1-2e7fd0670b76,a,D,QB7,18,2,UVH5a,7,0.07,-5850000.0,-5.85,343,1024,0.3349609375
01a072a6-658d-79f3-bff1-2e7fd0670b76,a,D,QB7,18,2,UVH5a,8,0.07,-5400000.0,-5.4,338,1024,0.330078125
01a072a6-658d-79f3-bff1-2e7fd0670b76,a,D,QB7,18,2,UVH5a,9,0.07,-4950000.0,-4.95,338,1024,0.330078125
01a072a6-658d-79f3-bff1-2e7fd0670b76,a,D,QB7,18,2,UVH5a,10,0.07,-4500000.0,-4.5,328,1024,0.3203125
01a072a6-658d-79f3-bff1-2e7fd0670b76,a,D,QB7,18,2,UVH5a,11,0.07,-4050000.0,-4.05,348,1024,0.33984375
01a072a6-658d-79f3-bff1-2e7fd0670b76,a,D,QB7,18,2,UVH5a,12,0.07,-3600000.0,-3.6,385,1024,0.3759765625
01a072a6-658d-79f3-bff1-2e7fd0670b76,a,D,QB7,18,2,UVH5a,13,0.07,-3150000.0,-3.15,375,1024,0.3662109375
01a072a6-658d-79f3-bff1-2e7fd0670b76,a,D,QB7,18,2,UVH5a,14,0.07,-2700000.0,-2.7,370,1024,0.361328125
01a072a6-658d-79f3-bff1-2e7fd0670b76,a,D,QB7,18,2,UVH5a,15,0.07,-2250000.0,-2.25,357,1024,0.3486328125
01a072a6-658d-79f3-bff1-2e7fd0670b76,a,D,QB7,18,2,UVH5a,16,0.07,-1800000.0,-1.8,367,1024,0.3583984375
01a072a6-658d-79f3-bff1-2e7fd0670b76,a,D,QB7,18,2,UVH5a,17,0.07,-1350000.0,-1.35,339,1024,0.3310546875
01a072a6-658d-79f3-bff1-2e7fd0670b76,a,D,QB7,18,2,UVH5a,18,0.07,-900000.0,-0.9,383,1024,0.3740234375
01a072a6-658d-79f3-bff1-2e7fd0670b76,a,D,QB7,18,2,UVH5a,19,0.07,-450000.0,-0.45,365,1024,0.3564453125
01a072a6-658d-79f3-bff1-2e7fd0670b76,a,D,QB7,18,2,UVH5a,20,0.07,0.0,0.0,345,1024,0.3369140625
01a072a6-658d-79f3-bff1-2e7fd0670b76,a,D,QB7,18,2,UVH5a,21,0.07,450000.0,0.45,326,1024,0.318359375
01a072a6-658d-79f3-bff1-2e7fd0670b76,a,D,QB7,18,2,UVH5a,22,0.07,900000.0,0.9,339,1024,0.3310546875
01a072a6-658d-79f3-bff1-2e7fd0670b76,a,D,QB7,18,2,UVH5a,23,0.07,1350000.0,1.35,358,1024,0.349609375
01a072a6-658d-79f3-bff1-2e7fd0670b76,a,D,QB7,18,2,UVH5a,24,0.07,1800000.0,1.8,368,1024,0.359375
01a072a6-658d-79f3-bff1-2e7fd0670b76,a,D,QB7,18,2,UVH5a,25,0.07,2250000.0,2.25,333,1024,0.3251953125
01a072a6-658d-79f3-bff1-2e7fd0670b76,a,D,QB7,18,2,UVH5a,26,0.07,2700000.0,2.7,330,1024,0.322265625
01a072a6-658d-79f3-bff1-2e7fd0670b76,a,D,QB7,18,2,UVH5a,27,0.07,3150000.0,3.15,341,1024,0.3330078125
01a072a6-658d-79f3-bff1-2e7fd0670b76,a,D,QB7,18,2,UVH5a,28,0.07,3600000.0,3.6,328,1024,0.3203125
01a072a6-658d-79f3-bff1-2e7fd0670b76,a,D,QB7,18,2,UVH5a,29,0.07,4050000.0,4.05,294,1024,0.287109375
01a072a6-658d-79f3-bff1-2e7fd0670b76,a,D,QB7,18,2,UVH5a,30,0.07,4500000.0,4.5,275,1024,0.2685546875
01a072a6-658d-79f3-bff1-2e7fd0670b76,a,D,QB7,18,2,UVH5a,31,0.07,4950000.0,4.95,313,1024,0.3056640625
01a072a6-658d-79f3-bff1-2e7fd0670b76,a,D,QB7,18,2,UVH5a,32,0.07,5400000.0,5.4,258,1024,0.251953125
01a072a6-658d-79f3-bff1-2e7fd0670b76,a,D,QB7,18,2,UVH5a,33,0.07,5850000.0,5.85,255,1024,0.2490234375
01a072a6-658d-79f3-bff1-2e7fd0670b76,a,D,QB7,18,2,UVH5a,34,0.07,6300000.0,6.3,255,1024,0.2490234375
01a072a6-658d-79f3-bff1-2e7fd0670b76,a,D,QB7,18,2,UVH5a,35,0.07,6750000.0,6.75,246,1024,0.240234375
01a072a6-658d-79f3-bff1-2e7fd0670b76,a,D,QB7,18,2,UVH5a,36,0.07,7200000.0,7.2,235,1024,0.2294921875
01a072a6-658d-79f3-bff1-2e7fd0670b76,a,D,QB7,18,2,UVH5a,37,0.07,7650000.0,7.65,241,1024,0.2353515625
01a072a6-658d-79f3-bff1-2e7fd0670b76,a,D,QB7,18,2,UVH5a,38,0.07,8100000.0,8.1,204,1024,0.19921875
01a072a6-658d-79f3-bff1-2e7fd0670b76,a,D,QB7,18,2,UVH5a,39,0.07,8550000.0,8.55,171,1024,0.1669921875
01a072a6-658d-79f3-bff1-2e7fd0670b76,a,D,QB7,18,2,UVH5a,40,0.07,9000000.0,9.0,176,1024,0.171875
01a072a6-658d-79f3-bff1-2e7fd0670b76,a,D,QB7,18,3,UVH6a,0,0.07,-9000000.0,-9.0,681,1024,0.6650390625
01a072a6-658d-79f3-bff1-2e7fd0670b76,a,D,QB7,18,3,UVH6a,1,0.07,-8550000.0,-8.55,659,1024,0.6435546875
01a072a6-658d-79f3-bff1-2e7fd0670b76,a,D,QB7,18,3,UVH6a,2,0.07,-8100000.0,-8.1,630,1024,0.615234375
01a072a6-658d-79f3-bff1-2e7fd0670b76,a,D,QB7,18,3,UVH6a,3,0.07,-7650000.0,-7.65,633,1024,0.6181640625
01a072a6-658d-79f3-bff1-2e7fd0670b76,a,D,QB7,18,3,UVH6a,4,0.07,-7200000.0,-7.2,605,1024,0.5908203125
01a072a6-658d-79f3-bff1-2e7fd0670b76,a,D,QB7,18,3,UVH6a,5,0.07,-6750000.0,-6.75,584,1024,0.5703125
01a072a6-658d-79f3-bff1-2e7fd0670b76,a,D,QB7,18,3,UVH6a,6,0.07,-6300000.0,-6.3,595,1024,0.5810546875
01a072a6-658d-79f3-bff1-2e7fd0670b76,a,D,QB7,18,3,UVH6a,7,0.07,-5850000.0,-5.85,560,1024,0.546875
01a072a6-658d-79f3-bff1-2e7fd0670b76,a,D,QB7,18,3,UVH6a,8,0.07,-5400000.0,-5.4,593,1024,0.5791015625
01a072a6-658d-79f3-bff1-2e7fd0670b76,a,D,QB7,18,3,UVH6a,9,0.07,-4950000.0,-4.95,555,1024,0.5419921875
01a072a6-658d-79f3-bff1-2e7fd0670b76,a,D,QB7,18,3,UVH6a,10,0.07,-4500000.0,-4.5,527,1024,0.5146484375
01a072a6-658d-79f3-bff1-2e7fd0670b76,a,D,QB7,18,3,UVH6a,11,0.07,-4050000.0,-4.05,546,1024,0.533203125
01a072a6-658d-79f3-bff1-2e7fd0670b76,a,D,QB7,18,3,UVH6a,12,0.07,-3600000.0,-3.6,518,1024,0.505859375
01a072a6-658d-79f3-bff1-2e7fd0670b76,a,D,QB7,18,3,UVH6a,13,0.07,-3150000.0,-3.15,481,1024,0.4697265625
01a072a6-658d-79f3-bff1-2e7fd0670b76,a,D,QB7,18,3,UVH6a,14,0.07,-2700000.0,-2.7,492,1024,0.48046875
01a072a6-658d-79f3-bff1-2e7fd0670b76,a,D,QB7,18,3,UVH6a,15,0.07,-2250000.0,-2.25,501,1024,0.4892578125
01a072a6-658d-79f3-bff1-2e7fd0670b76,a,D,QB7,18,3,UVH6a,16,0.07,-1800000.0,-1.8,494,1024,0.482421875
01a072a6-658d-79f3-bff1-2e7fd0670b76,a,D,QB7,18,3,UVH6a,17,0.07,-1350000.0,-1.35,452,1024,0.44140625
01a072a6-658d-79f3-bff1-2e7fd0670b76,a,D,QB7,18,3,UVH6a,18,0.07,-900000.0,-0.9,461,1024,0.4501953125
01a072a6-658d-79f3-bff1-2e7fd0670b76,a,D,QB7,18,3,UVH6a,19,0.07,-450000.0,-0.45,478,1024,0.466796875
01a072a6-658d-79f3-bff1-2e7fd0670b76,a,D,QB7,18,3,UVH6a,20,0.07,0.0,0.0,440,1024,0.4296875
01a072a6-658d-79f3-bff1-2e7fd0670b76,a,D,QB7,18,3,UVH6a,21,0.07,450000.0,0.45,456,1024,0.4453125
01a072a6-658d-79f3-bff1-2e7fd0670b76,a,D,QB7,18,3,UVH6a,22,0.07,900000.0,0.9,463,1024,0.4521484375
01a072a6-658d-79f3-bff1-2e7fd0670b76,a,D,QB7,18,3,UVH6a,23,0.07,1350000.0,1.35,441,1024,0.4306640625
01a072a6-658d-79f3-bff1-2e7fd0670b76,a,D,QB7,18,3,UVH6a,24,0.07,1800000.0,1.8,405,1024,0.3955078125
01a072a6-658d-79f3-bff1-2e7fd0670b76,a,D,QB7,18,3,UVH6a,25,0.07,2250000.0,2.25,439,1024,0.4287109375
01a072a6-658d-79f3-bff1-2e7fd0670b76,a,D,QB7,18,3,UVH6a,26,0.07,2700000.0,2.7,401,1024,0.3916015625
01a072a6-658d-79f3-bff1-2e7fd0670b76,a,D,QB7,18,3,UVH6a,27,0.07,3150000.0,3.15,417,1024,0.4072265625
01a072a6-658d-79f3-bff1-2e7fd0670b76,a,D,QB7,18,3,UVH6a,28,0.07,3600000.0,3.6,415,1024,0.4052734375
01a072a6-658d-79f3-bff1-2e7fd0670b76,a,D,QB7,18,3,UVH6a,29,0.07,4050000.0,4.05,393,1024,0.3837890625
01a072a6-658d-79f3-bff1-2e7fd0670b76,a,D,QB7,18,3,UVH6a,30,0.07,4500000.0,4.5,397,1024,0.3876953125
01a072a6-658d-79f3-bff1-2e7fd0670b76,a,D,QB7,18,3,UVH6a,31,0.07,4950000.0,4.95,382,1024,0.373046875
01a072a6-658d-79f3-bff1-2e7fd0670b76,a,D,QB7,18,3,UVH6a,32,0.07,5400000.0,5.4,389,1024,0.3798828125
01a072a6-658d-79f3-bff1-2e7fd0670b76,a,D,QB7,18,3,UVH6a,33,0.07,5850000.0,5.85,377,1024,0.3681640625
01a072a6-658d-79f3-bff1-2e7fd0670b76,a,D,QB7,18,3,UVH6a,34,0.07,6300000.0,6.3,415,1024,0.4052734375
01a072a6-658d-79f3-bff1-2e7fd0670b76,a,D,QB7,18,3,UVH6a,35,0.07,6750000.0,6.75,352,1024,0.34375
01a072a6-658d-79f3-bff1-2e7fd0670b76,a,D,QB7,18,3,UVH6a,36,0.07,7200000.0,7.2,367,1024,0.3583984375
01a072a6-658d-79f3-bff1-2e7fd0670b76,a,D,QB7,18,3,UVH6a,37,0.07,7650000.0,7.65,404,1024,0.39453125
01a072a6-658d-79f3-bff1-2e7fd0670b76,a,D,QB7,18,3,UVH6a,38,0.07,8100000.0,8.1,393,1024,0.3837890625
01a072a6-658d-79f3-bff1-2e7fd0670b76,a,D,QB7,18,3,UVH6a,39,0.07,8550000.0,8.55,434,1024,0.423828125
01a072a6-658d-79f3-bff1-2e7fd0670b76,a,D,QB7,18,3,UVH6a,40,0.07,9000000.0,9.0,451,1024,0.4404296875
01a072a6-658d-79f3-bff1-2e7fd0670b76,a,D,QB7,18,4,UVH7a,0,0.07,-9000000.0,-9.0,514,1024,0.501953125
01a072a6-658d-79f3-bff1-2e7fd0670b76,a,D,QB7,18,4,UVH7a,1,0.07,-8550000.0,-8.55,478,1024,0.466796875
01a072a6-658d-79f3-bff1-2e7fd0670b76,a,D,QB7,18,4,UVH7a,2,0.07,-8100000.0,-8.1,440,1024,0.4296875
01a072a6-658d-79f3-bff1-2e7fd0670b76,a,D,QB7,18,4,UVH7a,3,0.07,-7650000.0,-7.65,490,1024,0.478515625
01a072a6-658d-79f3-bff1-2e7fd0670b76,a,D,QB7,18,4,UVH7a,4,0.07,-7200000.0,-7.2,454,1024,0.443359375
01a072a6-658d-79f3-bff1-2e7fd0670b76,a,D,QB7,18,4,UVH7a,5,0.07,-6750000.0,-6.75,498,1024,0.486328125
01a072a6-658d-79f3-bff1-2e7fd0670b76,a,D,QB7,18,4,UVH7a,6,0.07,-6300000.0,-6.3,468,1024,0.45703125
01a072a6-658d-79f3-bff1-2e7fd0670b76,a,D,QB7,18,4,UVH7a,7,0.07,-5850000.0,-5.85,477,1024,0.4658203125
01a072a6-658d-79f3-bff1-2e7fd0670b76,a,D,QB7,18,4,UVH7a,8,0.07,-5400000.0,-5.4,463,1024,0.4521484375
01a072a6-658d-79f3-bff1-2e7fd0670b76,a,D,QB7,18,4,UVH7a,9,0.07,-4950000.0,-4.95,482,1024,0.470703125
01a072a6-658d-79f3-bff1-2e7fd0670b76,a,D,QB7,18,4,UVH7a,10,0.07,-4500000.0,-4.5,453,1024,0.4423828125
01a072a6-658d-79f3-bff1-2e7fd0670b76,a,D,QB7,18,4,UVH7a,11,0.07,-4050000.0,-4.05,458,1024,0.447265625
01a072a6-658d-79f3-bff1-2e7fd0670b76,a,D,QB7,18,4,UVH7a,12,0.07,-3600000.0,-3.6,474,1024,0.462890625
01a072a6-658d-79f3-bff1-2e7fd0670b76,a,D,QB7,18,4,UVH7a,13,0.07,-3150000.0,-3.15,480,1024,0.46875
01a072a6-658d-79f3-bff1-2e7fd0670b76,a,D,QB7,18,4,UVH7a,14,0.07,-2700000.0,-2.7,482,1024,0.470703125
01a072a6-658d-79f3-bff1-2e7fd0670b76,a,D,QB7,18,4,UVH7a,15,0.07,-2250000.0,-2.25,481,1024,0.4697265625
01a072a6-658d-79f3-bff1-2e7fd0670b76,a,D,QB7,18,4,UVH7a,16,0.07,-1800000.0,-1.8,482,1024,0.470703125
01a072a6-658d-79f3-bff1-2e7fd0670b76,a,D,QB7,18,4,UVH7a,17,0.07,-1350000.0,-1.35,462,1024,0.451171875
01a072a6-658d-79f3-bff1-2e7fd0670b76,a,D,QB7,18,4,UVH7a,18,0.07,-900000.0,-0.9,473,1024,0.4619140625
01a072a6-658d-79f3-bff1-2e7fd0670b76,a,D,QB7,18,4,UVH7a,19,0.07,-450000.0,-0.45,508,1024,0.49609375
01a072a6-658d-79f3-bff1-2e7fd0670b76,a,D,QB7,18,4,UVH7a,20,0.07,0.0,0.0,466,1024,0.455078125
01a072a6-658d-79f3-bff1-2e7fd0670b76,a,D,QB7,18,4,UVH7a,21,0.07,450000.0,0.45,458,1024,0.447265625
01a072a6-658d-79f3-bff1-2e7fd0670b76,a,D,QB7,18,4,UVH7a,22,0.07,900000.0,0.9,467,1024,0.4560546875
01a072a6-658d-79f3-bff1-2e7fd0670b76,a,D,QB7,18,4,UVH7a,23,0.07,1350000.0,1.35,479,1024,0.4677734375
01a072a6-658d-79f3-bff1-2e7fd0670b76,a,D,QB7,18,4,UVH7a,24,0.07,1800000.0,1.8,496,1024,0.484375
01a072a6-658d-79f3-bff1-2e7fd0670b76,a,D,QB7,18,4,UVH7a,25,0.07,2250000.0,2.25,472,1024,0.4609375
01a072a6-658d-79f3-bff1-2e7fd0670b76,a,D,QB7,18,4,UVH7a,26,0.07,2700000.0,2.7,483,1024,0.4716796875
01a072a6-658d-79f3-bff1-2e7fd0670b76,a,D,QB7,18,4,UVH7a,27,0.07,3150000.0,3.15,470,1024,0.458984375
01a072a6-658d-79f3-bff1-2e7fd0670b76,a,D,QB7,18,4,UVH7a,28,0.07,3600000.0,3.6,482,1024,0.470703125
01a072a6-658d-79f3-bff1-2e7fd0670b76,a,D,QB7,18,4,UVH7a,29,0.07,4050000.0,4.05,508,1024,0.49609375
01a072a6-658d-79f3-bff1-2e7fd0670b76,a,D,QB7,18,4,UVH7a,30,0.07,4500000.0,4.5,458,1024,0.447265625
01a072a6-658d-79f3-bff1-2e7fd0670b76,a,D,QB7,18,4,UVH7a,31,0.07,4950000.0,4.95,473,1024,0.4619140625
01a072a6-658d-79f3-bff1-2e7fd0670b76,a,D,QB7,18,4,UVH7a,32,0.07,5400000.0,5.4,469,1024,0.4580078125
01a072a6-658d-79f3-bff1-2e7fd0670b76,a,D,QB7,18,4,UVH7a,33,0.07,5850000.0,5.85,461,1024,0.4501953125
01a072a6-658d-79f3-bff1-2e7fd0670b76,a,D,QB7,18,4,UVH7a,34,0.07,6300000.0,6.3,426,1024,0.416015625
01a072a6-658d-79f3-bff1-2e7fd0670b76,a,D,QB7,18,4,UVH7a,35,0.07,6750000.0,6.75,446,1024,0.435546875
01a072a6-658d-79f3-bff1-2e7fd0670b76,a,D,QB7,18,4,UVH7a,36,0.07,7200000.0,7.2,428,1024,0.41796875
01a072a6-658d-79f3-bff1-2e7fd0670b76,a,D,QB7,18,4,UVH7a,37,0.07,7650000.0,7.65,423,1024,0.4130859375
01a072a6-658d-79f3-bff1-2e7fd0670b76,a,D,QB7,18,4,UVH7a,38,0.07,8100000.0,8.1,401,1024,0.3916015625
01a072a6-658d-79f3-bff1-2e7fd0670b76,a,D,QB7,18,4,UVH7a,39,0.07,8550000.0,8.55,354,1024,0.345703125
01a072a6-658d-79f3-bff1-2e7fd0670b76,a,D,QB7,18,4,UVH7a,40,0.07,9000000.0,9.0,343,1024,0.3349609375
01a072a6-658d-79f3-bff1-2e7fd0670b76,a,D,QB7,18,5,UVH8a,0,0.07,-9000000.0,-9.0,717,1024,0.7001953125
01a072a6-658d-79f3-bff1-2e7fd0670b76,a,D,QB7,18,5,UVH8a,1,0.07,-8550000.0,-8.55,706,1024,0.689453125
01a072a6-658d-79f3-bff1-2e7fd0670b76,a,D,QB7,18,5,UVH8a,2,0.07,-8100000.0,-8.1,691,1024,0.6748046875
01a072a6-658d-79f3-bff1-2e7fd0670b76,a,D,QB7,18,5,UVH8a,3,0.07,-7650000.0,-7.65,703,1024,0.6865234375
01a072a6-658d-79f3-bff1-2e7fd0670b76,a,D,QB7,18,5,UVH8a,4,0.07,-7200000.0,-7.2,686,1024,0.669921875
01a072a6-658d-79f3-bff1-2e7fd0670b76,a,D,QB7,18,5,UVH8a,5,0.07,-6750000.0,-6.75,690,1024,0.673828125
01a072a6-658d-79f3-bff1-2e7fd0670b76,a,D,QB7,18,5,UVH8a,6,0.07,-6300000.0,-6.3,695,1024,0.6787109375
01a072a6-658d-79f3-bff1-2e7fd0670b76,a,D,QB7,18,5,UVH8a,7,0.07,-5850000.0,-5.85,671,1024,0.6552734375
01a072a6-658d-79f3-bff1-2e7fd0670b76,a,D,QB7,18,5,UVH8a,8,0.07,-5400000.0,-5.4,670,1024,0.654296875
01a072a6-658d-79f3-bff1-2e7fd0670b76,a,D,QB7,18,5,UVH8a,9,0.07,-4950000.0,-4.95,687,1024,0.6708984375
01a072a6-658d-79f3-bff1-2e7fd0670b76,a,D,QB7,18,5,UVH8a,10,0.07,-4500000.0,-4.5,663,1024,0.6474609375
01a072a6-658d-79f3-bff1-2e7fd0670b76,a,D,QB7,18,5,UVH8a,11,0.07,-4050000.0,-4.05,650,1024,0.634765625
01a072a6-658d-79f3-bff1-2e7fd0670b76,a,D,QB7,18,5,UVH8a,12,0.07,-3600000.0,-3.6,649,1024,0.6337890625
01a072a6-658d-79f3-bff1-2e7fd0670b76,a,D,QB7,18,5,UVH8a,13,0.07,-3150000.0,-3.15,666,1024,0.650390625
01a072a6-658d-79f3-bff1-2e7fd0670b76,a,D,QB7,18,5,UVH8a,14,0.07,-2700000.0,-2.7,662,1024,0.646484375
01a072a6-658d-79f3-bff1-2e7fd0670b76,a,D,QB7,18,5,UVH8a,15,0.07,-2250000.0,-2.25,671,1024,0.6552734375
01a072a6-658d-79f3-bff1-2e7fd0670b76,a,D,QB7,18,5,UVH8a,16,0.07,-1800000.0,-1.8,647,1024,0.6318359375
01a072a6-658d-79f3-bff1-2e7fd0670b76,a,D,QB7,18,5,UVH8a,17,0.07,-1350000.0,-1.35,636,1024,0.62109375
01a072a6-658d-79f3-bff1-2e7fd0670b76,a,D,QB7,18,5,UVH8a,18,0.07,-900000.0,-0.9,629,1024,0.6142578125
01a072a6-658d-79f3-bff1-2e7fd0670b76,a,D,QB7,18,5,UVH8a,19,0.07,-450000.0,-0.45,650,1024,0.634765625
01a072a6-658d-79f3-bff1-2e7fd0670b76,a,D,QB7,18,5,UVH8a,20,0.07,0.0,0.0,631,1024,0.6162109375
01a072a6-658d-79f3-bff1-2e7fd0670b76,a,D,QB7,18,5,UVH8a,21,0.07,450000.0,0.45,619,1024,0.6044921875
01a072a6-658d-79f3-bff1-2e7fd0670b76,a,D,QB7,18,5,UVH8a,22,0.07,900000.0,0.9,642,1024,0.626953125
01a072a6-658d-79f3-bff1-2e7fd0670b76,a,D,QB7,18,5,UVH8a,23,0.07,1350000.0,1.35,623,1024,0.6083984375
01a072a6-658d-79f3-bff1-2e7fd0670b76,a,D,QB7,18,5,UVH8a,24,0.07,1800000.0,1.8,620,1024,0.60546875
01a072a6-658d-79f3-bff1-2e7fd0670b76,a,D,QB7,18,5,UVH8a,25,0.07,2250000.0,2.25,639,1024,0.6240234375
01a072a6-658d-79f3-bff1-2e7fd0670b76,a,D,QB7,18,5,UVH8a,26,0.07,2700000.0,2.7,634,1024,0.619140625
01a072a6-658d-79f3-bff1-2e7fd0670b76,a,D,QB7,18,5,UVH8a,27,0.07,3150000.0,3.15,644,1024,0.62890625
01a072a6-658d-79f3-bff1-2e7fd0670b76,a,D,QB7,18,5,UVH8a,28,0.07,3600000.0,3.6,653,1024,0.6376953125
01a072a6-658d-79f3-bff1-2e7fd0670b76,a,D,QB7,18,5,UVH8a,29,0.07,4050000.0,4.05,618,1024,0.603515625
01a072a6-658d-79f3-bff1-2e7fd0670b76,a,D,QB7,18,5,UVH8a,30,0.07,4500000.0,4.5,622,1024,0.607421875
01a072a6-658d-79f3-bff1-2e7fd0670b76,a,D,QB7,18,5,UVH8a,31,0.07,4950000.0,4.95,642,1024,0.626953125
01a072a6-658d-79f3-bff1-2e7fd0670b76,a,D,QB7,18,5,UVH8a,32,0.07,5400000.0,5.4,609,1024,0.5947265625
01a072a6-658d-79f3-bff1-2e7fd0670b76,a,D,QB7,18,5,UVH8a,33,0.07,5850000.0,5.85,633,1024,0.6181640625
01a072a6-658d-79f3-bff1-2e7fd0670b76,a,D,QB7,18,5,UVH8a,34,0.07,6300000.0,6.3,590,1024,0.576171875
01a072a6-658d-79f3-bff1-2e7fd0670b76,a,D,QB7,18,5,UVH8a,35,0.07,6750000.0,6.75,621,1024,0.6064453125
01a072a6-658d-79f3-bff1-2e7fd0670b76,a,D,QB7,18,5,UVH8a,36,0.07,7200000.0,7.2,575,1024,0.5615234375
01a072a6-658d-79f3-bff1-2e7fd0670b76,a,D,QB7,18,5,UVH8a,37,0.07,7650000.0,7.65,602,1024,0.587890625
01a072a6-658d-79f3-bff1-2e7fd0670b76,a,D,QB7,18,5,UVH8a,38,0.07,8100000.0,8.1,539,1024,0.5263671875
01a072a6-658d-79f3-bff1-2e7fd0670b76,a,D,QB7,18,5,UVH8a,39,0.07,8550000.0,8.55,550,1024,0.537109375
01a072a6-658d-79f3-bff1-2e7fd0670b76,a,D,QB7,18,5,UVH8a,40,0.07,9000000.0,9.0,489,1024,0.4775390625
01a072a6-658d-79f3-bff1-2e7fd0670b76,a,D,QB15,19,0,standard_pi_2,0,0.07,-9000000.0,-9.0,601,1024,0.5869140625
01a072a6-658d-79f3-bff1-2e7fd0670b76,a,D,QB15,19,0,standard_pi_2,1,0.07,-8550000.0,-8.55,573,1024,0.5595703125
01a072a6-658d-79f3-bff1-2e7fd0670b76,a,D,QB15,19,0,standard_pi_2,2,0.07,-8100000.0,-8.1,587,1024,0.5732421875
01a072a6-658d-79f3-bff1-2e7fd0670b76,a,D,QB15,19,0,standard_pi_2,3,0.07,-7650000.0,-7.65,541,1024,0.5283203125
01a072a6-658d-79f3-bff1-2e7fd0670b76,a,D,QB15,19,0,standard_pi_2,4,0.07,-7200000.0,-7.2,570,1024,0.556640625
01a072a6-658d-79f3-bff1-2e7fd0670b76,a,D,QB15,19,0,standard_pi_2,5,0.07,-6750000.0,-6.75,532,1024,0.51953125
01a072a6-658d-79f3-bff1-2e7fd0670b76,a,D,QB15,19,0,standard_pi_2,6,0.07,-6300000.0,-6.3,573,1024,0.5595703125
01a072a6-658d-79f3-bff1-2e7fd0670b76,a,D,QB15,19,0,standard_pi_2,7,0.07,-5850000.0,-5.85,579,1024,0.5654296875
01a072a6-658d-79f3-bff1-2e7fd0670b76,a,D,QB15,19,0,standard_pi_2,8,0.07,-5400000.0,-5.4,550,1024,0.537109375
01a072a6-658d-79f3-bff1-2e7fd0670b76,a,D,QB15,19,0,standard_pi_2,9,0.07,-4950000.0,-4.95,573,1024,0.5595703125
01a072a6-658d-79f3-bff1-2e7fd0670b76,a,D,QB15,19,0,standard_pi_2,10,0.07,-4500000.0,-4.5,544,1024,0.53125
01a072a6-658d-79f3-bff1-2e7fd0670b76,a,D,QB15,19,0,standard_pi_2,11,0.07,-4050000.0,-4.05,567,1024,0.5537109375
01a072a6-658d-79f3-bff1-2e7fd0670b76,a,D,QB15,19,0,standard_pi_2,12,0.07,-3600000.0,-3.6,512,1024,0.5
01a072a6-658d-79f3-bff1-2e7fd0670b76,a,D,QB15,19,0,standard_pi_2,13,0.07,-3150000.0,-3.15,529,1024,0.5166015625
01a072a6-658d-79f3-bff1-2e7fd0670b76,a,D,QB15,19,0,standard_pi_2,14,0.07,-2700000.0,-2.7,528,1024,0.515625
01a072a6-658d-79f3-bff1-2e7fd0670b76,a,D,QB15,19,0,standard_pi_2,15,0.07,-2250000.0,-2.25,537,1024,0.5244140625
01a072a6-658d-79f3-bff1-2e7fd0670b76,a,D,QB15,19,0,standard_pi_2,16,0.07,-1800000.0,-1.8,548,1024,0.53515625
01a072a6-658d-79f3-bff1-2e7fd0670b76,a,D,QB15,19,0,standard_pi_2,17,0.07,-1350000.0,-1.35,542,1024,0.529296875
01a072a6-658d-79f3-bff1-2e7fd0670b76,a,D,QB15,19,0,standard_pi_2,18,0.07,-900000.0,-0.9,538,1024,0.525390625
01a072a6-658d-79f3-bff1-2e7fd0670b76,a,D,QB15,19,0,standard_pi_2,19,0.07,-450000.0,-0.45,536,1024,0.5234375
01a072a6-658d-79f3-bff1-2e7fd0670b76,a,D,QB15,19,0,standard_pi_2,20,0.07,0.0,0.0,501,1024,0.4892578125
01a072a6-658d-79f3-bff1-2e7fd0670b76,a,D,QB15,19,0,standard_pi_2,21,0.07,450000.0,0.45,539,1024,0.5263671875
01a072a6-658d-79f3-bff1-2e7fd0670b76,a,D,QB15,19,0,standard_pi_2,22,0.07,900000.0,0.9,506,1024,0.494140625
01a072a6-658d-79f3-bff1-2e7fd0670b76,a,D,QB15,19,0,standard_pi_2,23,0.07,1350000.0,1.35,522,1024,0.509765625
01a072a6-658d-79f3-bff1-2e7fd0670b76,a,D,QB15,19,0,standard_pi_2,24,0.07,1800000.0,1.8,487,1024,0.4755859375
01a072a6-658d-79f3-bff1-2e7fd0670b76,a,D,QB15,19,0,standard_pi_2,25,0.07,2250000.0,2.25,526,1024,0.513671875
01a072a6-658d-79f3-bff1-2e7fd0670b76,a,D,QB15,19,0,standard_pi_2,26,0.07,2700000.0,2.7,510,1024,0.498046875
01a072a6-658d-79f3-bff1-2e7fd0670b76,a,D,QB15,19,0,standard_pi_2,27,0.07,3150000.0,3.15,509,1024,0.4970703125
01a072a6-658d-79f3-bff1-2e7fd0670b76,a,D,QB15,19,0,standard_pi_2,28,0.07,3600000.0,3.6,520,1024,0.5078125
01a072a6-658d-79f3-bff1-2e7fd0670b76,a,D,QB15,19,0,standard_pi_2,29,0.07,4050000.0,4.05,507,1024,0.4951171875
01a072a6-658d-79f3-bff1-2e7fd0670b76,a,D,QB15,19,0,standard_pi_2,30,0.07,4500000.0,4.5,536,1024,0.5234375
01a072a6-658d-79f3-bff1-2e7fd0670b76,a,D,QB15,19,0,standard_pi_2,31,0.07,4950000.0,4.95,513,1024,0.5009765625
01a072a6-658d-79f3-bff1-2e7fd0670b76,a,D,QB15,19,0,standard_pi_2,32,0.07,5400000.0,5.4,480,1024,0.46875
01a072a6-658d-79f3-bff1-2e7fd0670b76,a,D,QB15,19,0,standard_pi_2,33,0.07,5850000.0,5.85,503,1024,0.4912109375
01a072a6-658d-79f3-bff1-2e7fd0670b76,a,D,QB15,19,0,standard_pi_2,34,0.07,6300000.0,6.3,503,1024,0.4912109375
01a072a6-658d-79f3-bff1-2e7fd0670b76,a,D,QB15,19,0,standard_pi_2,35,0.07,6750000.0,6.75,483,1024,0.4716796875
01a072a6-658d-79f3-bff1-2e7fd0670b76,a,D,QB15,19,0,standard_pi_2,36,0.07,7200000.0,7.2,496,1024,0.484375
01a072a6-658d-79f3-bff1-2e7fd0670b76,a,D,QB15,19,0,standard_pi_2,37,0.07,7650000.0,7.65,466,1024,0.455078125
01a072a6-658d-79f3-bff1-2e7fd0670b76,a,D,QB15,19,0,standard_pi_2,38,0.07,8100000.0,8.1,457,1024,0.4462890625
01a072a6-658d-79f3-bff1-2e7fd0670b76,a,D,QB15,19,0,standard_pi_2,39,0.07,8550000.0,8.55,473,1024,0.4619140625
01a072a6-658d-79f3-bff1-2e7fd0670b76,a,D,QB15,19,0,standard_pi_2,40,0.07,9000000.0,9.0,479,1024,0.4677734375
01a072a6-658d-79f3-bff1-2e7fd0670b76,a,D,QB15,19,1,UVH4a,0,0.07,-9000000.0,-9.0,509,1024,0.4970703125
01a072a6-658d-79f3-bff1-2e7fd0670b76,a,D,QB15,19,1,UVH4a,1,0.07,-8550000.0,-8.55,519,1024,0.5068359375
01a072a6-658d-79f3-bff1-2e7fd0670b76,a,D,QB15,19,1,UVH4a,2,0.07,-8100000.0,-8.1,493,1024,0.4814453125
01a072a6-658d-79f3-bff1-2e7fd0670b76,a,D,QB15,19,1,UVH4a,3,0.07,-7650000.0,-7.65,496,1024,0.484375
01a072a6-658d-79f3-bff1-2e7fd0670b76,a,D,QB15,19,1,UVH4a,4,0.07,-7200000.0,-7.2,490,1024,0.478515625
01a072a6-658d-79f3-bff1-2e7fd0670b76,a,D,QB15,19,1,UVH4a,5,0.07,-6750000.0,-6.75,474,1024,0.462890625
01a072a6-658d-79f3-bff1-2e7fd0670b76,a,D,QB15,19,1,UVH4a,6,0.07,-6300000.0,-6.3,489,1024,0.4775390625
01a072a6-658d-79f3-bff1-2e7fd0670b76,a,D,QB15,19,1,UVH4a,7,0.07,-5850000.0,-5.85,502,1024,0.490234375
01a072a6-658d-79f3-bff1-2e7fd0670b76,a,D,QB15,19,1,UVH4a,8,0.07,-5400000.0,-5.4,460,1024,0.44921875
01a072a6-658d-79f3-bff1-2e7fd0670b76,a,D,QB15,19,1,UVH4a,9,0.07,-4950000.0,-4.95,514,1024,0.501953125
01a072a6-658d-79f3-bff1-2e7fd0670b76,a,D,QB15,19,1,UVH4a,10,0.07,-4500000.0,-4.5,501,1024,0.4892578125
01a072a6-658d-79f3-bff1-2e7fd0670b76,a,D,QB15,19,1,UVH4a,11,0.07,-4050000.0,-4.05,515,1024,0.5029296875
01a072a6-658d-79f3-bff1-2e7fd0670b76,a,D,QB15,19,1,UVH4a,12,0.07,-3600000.0,-3.6,470,1024,0.458984375
01a072a6-658d-79f3-bff1-2e7fd0670b76,a,D,QB15,19,1,UVH4a,13,0.07,-3150000.0,-3.15,490,1024,0.478515625
01a072a6-658d-79f3-bff1-2e7fd0670b76,a,D,QB15,19,1,UVH4a,14,0.07,-2700000.0,-2.7,500,1024,0.48828125
01a072a6-658d-79f3-bff1-2e7fd0670b76,a,D,QB15,19,1,UVH4a,15,0.07,-2250000.0,-2.25,515,1024,0.5029296875
01a072a6-658d-79f3-bff1-2e7fd0670b76,a,D,QB15,19,1,UVH4a,16,0.07,-1800000.0,-1.8,473,1024,0.4619140625
01a072a6-658d-79f3-bff1-2e7fd0670b76,a,D,QB15,19,1,UVH4a,17,0.07,-1350000.0,-1.35,482,1024,0.470703125
01a072a6-658d-79f3-bff1-2e7fd0670b76,a,D,QB15,19,1,UVH4a,18,0.07,-900000.0,-0.9,489,1024,0.4775390625
01a072a6-658d-79f3-bff1-2e7fd0670b76,a,D,QB15,19,1,UVH4a,19,0.07,-450000.0,-0.45,503,1024,0.4912109375
01a072a6-658d-79f3-bff1-2e7fd0670b76,a,D,QB15,19,1,UVH4a,20,0.07,0.0,0.0,516,1024,0.50390625
01a072a6-658d-79f3-bff1-2e7fd0670b76,a,D,QB15,19,1,UVH4a,21,0.07,450000.0,0.45,492,1024,0.48046875
01a072a6-658d-79f3-bff1-2e7fd0670b76,a,D,QB15,19,1,UVH4a,22,0.07,900000.0,0.9,490,1024,0.478515625
01a072a6-658d-79f3-bff1-2e7fd0670b76,a,D,QB15,19,1,UVH4a,23,0.07,1350000.0,1.35,515,1024,0.5029296875
01a072a6-658d-79f3-bff1-2e7fd0670b76,a,D,QB15,19,1,UVH4a,24,0.07,1800000.0,1.8,505,1024,0.4931640625
01a072a6-658d-79f3-bff1-2e7fd0670b76,a,D,QB15,19,1,UVH4a,25,0.07,2250000.0,2.25,507,1024,0.4951171875
01a072a6-658d-79f3-bff1-2e7fd0670b76,a,D,QB15,19,1,UVH4a,26,0.07,2700000.0,2.7,486,1024,0.474609375
01a072a6-658d-79f3-bff1-2e7fd0670b76,a,D,QB15,19,1,UVH4a,27,0.07,3150000.0,3.15,471,1024,0.4599609375
01a072a6-658d-79f3-bff1-2e7fd0670b76,a,D,QB15,19,1,UVH4a,28,0.07,3600000.0,3.6,503,1024,0.4912109375
01a072a6-658d-79f3-bff1-2e7fd0670b76,a,D,QB15,19,1,UVH4a,29,0.07,4050000.0,4.05,470,1024,0.458984375
01a072a6-658d-79f3-bff1-2e7fd0670b76,a,D,QB15,19,1,UVH4a,30,0.07,4500000.0,4.5,497,1024,0.4853515625
01a072a6-658d-79f3-bff1-2e7fd0670b76,a,D,QB15,19,1,UVH4a,31,0.07,4950000.0,4.95,465,1024,0.4541015625
01a072a6-658d-79f3-bff1-2e7fd0670b76,a,D,QB15,19,1,UVH4a,32,0.07,5400000.0,5.4,482,1024,0.470703125
01a072a6-658d-79f3-bff1-2e7fd0670b76,a,D,QB15,19,1,UVH4a,33,0.07,5850000.0,5.85,490,1024,0.478515625
01a072a6-658d-79f3-bff1-2e7fd0670b76,a,D,QB15,19,1,UVH4a,34,0.07,6300000.0,6.3,502,1024,0.490234375
01a072a6-658d-79f3-bff1-2e7fd0670b76,a,D,QB15,19,1,UVH4a,35,0.07,6750000.0,6.75,455,1024,0.4443359375
01a072a6-658d-79f3-bff1-2e7fd0670b76,a,D,QB15,19,1,UVH4a,36,0.07,7200000.0,7.2,508,1024,0.49609375
01a072a6-658d-79f3-bff1-2e7fd0670b76,a,D,QB15,19,1,UVH4a,37,0.07,7650000.0,7.65,522,1024,0.509765625
01a072a6-658d-79f3-bff1-2e7fd0670b76,a,D,QB15,19,1,UVH4a,38,0.07,8100000.0,8.1,546,1024,0.533203125
01a072a6-658d-79f3-bff1-2e7fd0670b76,a,D,QB15,19,1,UVH4a,39,0.07,8550000.0,8.55,553,1024,0.5400390625
01a072a6-658d-79f3-bff1-2e7fd0670b76,a,D,QB15,19,1,UVH4a,40,0.07,9000000.0,9.0,567,1024,0.5537109375
01a072a6-658d-79f3-bff1-2e7fd0670b76,a,D,QB15,19,2,UVH5a,0,0.07,-9000000.0,-9.0,383,1024,0.3740234375
01a072a6-658d-79f3-bff1-2e7fd0670b76,a,D,QB15,19,2,UVH5a,1,0.07,-8550000.0,-8.55,418,1024,0.408203125
01a072a6-658d-79f3-bff1-2e7fd0670b76,a,D,QB15,19,2,UVH5a,2,0.07,-8100000.0,-8.1,400,1024,0.390625
01a072a6-658d-79f3-bff1-2e7fd0670b76,a,D,QB15,19,2,UVH5a,3,0.07,-7650000.0,-7.65,426,1024,0.416015625
01a072a6-658d-79f3-bff1-2e7fd0670b76,a,D,QB15,19,2,UVH5a,4,0.07,-7200000.0,-7.2,426,1024,0.416015625
01a072a6-658d-79f3-bff1-2e7fd0670b76,a,D,QB15,19,2,UVH5a,5,0.07,-6750000.0,-6.75,413,1024,0.4033203125
01a072a6-658d-79f3-bff1-2e7fd0670b76,a,D,QB15,19,2,UVH5a,6,0.07,-6300000.0,-6.3,402,1024,0.392578125
01a072a6-658d-79f3-bff1-2e7fd0670b76,a,D,QB15,19,2,UVH5a,7,0.07,-5850000.0,-5.85,423,1024,0.4130859375
01a072a6-658d-79f3-bff1-2e7fd0670b76,a,D,QB15,19,2,UVH5a,8,0.07,-5400000.0,-5.4,447,1024,0.4365234375
01a072a6-658d-79f3-bff1-2e7fd0670b76,a,D,QB15,19,2,UVH5a,9,0.07,-4950000.0,-4.95,438,1024,0.427734375
01a072a6-658d-79f3-bff1-2e7fd0670b76,a,D,QB15,19,2,UVH5a,10,0.07,-4500000.0,-4.5,446,1024,0.435546875
01a072a6-658d-79f3-bff1-2e7fd0670b76,a,D,QB15,19,2,UVH5a,11,0.07,-4050000.0,-4.05,472,1024,0.4609375
01a072a6-658d-79f3-bff1-2e7fd0670b76,a,D,QB15,19,2,UVH5a,12,0.07,-3600000.0,-3.6,466,1024,0.455078125
01a072a6-658d-79f3-bff1-2e7fd0670b76,a,D,QB15,19,2,UVH5a,13,0.07,-3150000.0,-3.15,483,1024,0.4716796875
01a072a6-658d-79f3-bff1-2e7fd0670b76,a,D,QB15,19,2,UVH5a,14,0.07,-2700000.0,-2.7,469,1024,0.4580078125
01a072a6-658d-79f3-bff1-2e7fd0670b76,a,D,QB15,19,2,UVH5a,15,0.07,-2250000.0,-2.25,476,1024,0.46484375
01a072a6-658d-79f3-bff1-2e7fd0670b76,a,D,QB15,19,2,UVH5a,16,0.07,-1800000.0,-1.8,460,1024,0.44921875
01a072a6-658d-79f3-bff1-2e7fd0670b76,a,D,QB15,19,2,UVH5a,17,0.07,-1350000.0,-1.35,490,1024,0.478515625
01a072a6-658d-79f3-bff1-2e7fd0670b76,a,D,QB15,19,2,UVH5a,18,0.07,-900000.0,-0.9,502,1024,0.490234375
01a072a6-658d-79f3-bff1-2e7fd0670b76,a,D,QB15,19,2,UVH5a,19,0.07,-450000.0,-0.45,501,1024,0.4892578125
01a072a6-658d-79f3-bff1-2e7fd0670b76,a,D,QB15,19,2,UVH5a,20,0.07,0.0,0.0,486,1024,0.474609375
01a072a6-658d-79f3-bff1-2e7fd0670b76,a,D,QB15,19,2,UVH5a,21,0.07,450000.0,0.45,474,1024,0.462890625
01a072a6-658d-79f3-bff1-2e7fd0670b76,a,D,QB15,19,2,UVH5a,22,0.07,900000.0,0.9,509,1024,0.4970703125
01a072a6-658d-79f3-bff1-2e7fd0670b76,a,D,QB15,19,2,UVH5a,23,0.07,1350000.0,1.35,487,1024,0.4755859375
01a072a6-658d-79f3-bff1-2e7fd0670b76,a,D,QB15,19,2,UVH5a,24,0.07,1800000.0,1.8,486,1024,0.474609375
01a072a6-658d-79f3-bff1-2e7fd0670b76,a,D,QB15,19,2,UVH5a,25,0.07,2250000.0,2.25,478,1024,0.466796875
01a072a6-658d-79f3-bff1-2e7fd0670b76,a,D,QB15,19,2,UVH5a,26,0.07,2700000.0,2.7,449,1024,0.4384765625
01a072a6-658d-79f3-bff1-2e7fd0670b76,a,D,QB15,19,2,UVH5a,27,0.07,3150000.0,3.15,500,1024,0.48828125
01a072a6-658d-79f3-bff1-2e7fd0670b76,a,D,QB15,19,2,UVH5a,28,0.07,3600000.0,3.6,483,1024,0.4716796875
01a072a6-658d-79f3-bff1-2e7fd0670b76,a,D,QB15,19,2,UVH5a,29,0.07,4050000.0,4.05,493,1024,0.4814453125
01a072a6-658d-79f3-bff1-2e7fd0670b76,a,D,QB15,19,2,UVH5a,30,0.07,4500000.0,4.5,458,1024,0.447265625
01a072a6-658d-79f3-bff1-2e7fd0670b76,a,D,QB15,19,2,UVH5a,31,0.07,4950000.0,4.95,447,1024,0.4365234375
01a072a6-658d-79f3-bff1-2e7fd0670b76,a,D,QB15,19,2,UVH5a,32,0.07,5400000.0,5.4,441,1024,0.4306640625
01a072a6-658d-79f3-bff1-2e7fd0670b76,a,D,QB15,19,2,UVH5a,33,0.07,5850000.0,5.85,458,1024,0.447265625
01a072a6-658d-79f3-bff1-2e7fd0670b76,a,D,QB15,19,2,UVH5a,34,0.07,6300000.0,6.3,423,1024,0.4130859375
01a072a6-658d-79f3-bff1-2e7fd0670b76,a,D,QB15,19,2,UVH5a,35,0.07,6750000.0,6.75,416,1024,0.40625
01a072a6-658d-79f3-bff1-2e7fd0670b76,a,D,QB15,19,2,UVH5a,36,0.07,7200000.0,7.2,389,1024,0.3798828125
01a072a6-658d-79f3-bff1-2e7fd0670b76,a,D,QB15,19,2,UVH5a,37,0.07,7650000.0,7.65,386,1024,0.376953125
01a072a6-658d-79f3-bff1-2e7fd0670b76,a,D,QB15,19,2,UVH5a,38,0.07,8100000.0,8.1,384,1024,0.375
01a072a6-658d-79f3-bff1-2e7fd0670b76,a,D,QB15,19,2,UVH5a,39,0.07,8550000.0,8.55,405,1024,0.3955078125
01a072a6-658d-79f3-bff1-2e7fd0670b76,a,D,QB15,19,2,UVH5a,40,0.07,9000000.0,9.0,359,1024,0.3505859375
01a072a6-658d-79f3-bff1-2e7fd0670b76,a,D,QB15,19,3,UVH6a,0,0.07,-9000000.0,-9.0,538,1024,0.525390625
01a072a6-658d-79f3-bff1-2e7fd0670b76,a,D,QB15,19,3,UVH6a,1,0.07,-8550000.0,-8.55,515,1024,0.5029296875
01a072a6-658d-79f3-bff1-2e7fd0670b76,a,D,QB15,19,3,UVH6a,2,0.07,-8100000.0,-8.1,539,1024,0.5263671875
01a072a6-658d-79f3-bff1-2e7fd0670b76,a,D,QB15,19,3,UVH6a,3,0.07,-7650000.0,-7.65,511,1024,0.4990234375
01a072a6-658d-79f3-bff1-2e7fd0670b76,a,D,QB15,19,3,UVH6a,4,0.07,-7200000.0,-7.2,532,1024,0.51953125
01a072a6-658d-79f3-bff1-2e7fd0670b76,a,D,QB15,19,3,UVH6a,5,0.07,-6750000.0,-6.75,527,1024,0.5146484375
01a072a6-658d-79f3-bff1-2e7fd0670b76,a,D,QB15,19,3,UVH6a,6,0.07,-6300000.0,-6.3,488,1024,0.4765625
01a072a6-658d-79f3-bff1-2e7fd0670b76,a,D,QB15,19,3,UVH6a,7,0.07,-5850000.0,-5.85,479,1024,0.4677734375
01a072a6-658d-79f3-bff1-2e7fd0670b76,a,D,QB15,19,3,UVH6a,8,0.07,-5400000.0,-5.4,465,1024,0.4541015625
01a072a6-658d-79f3-bff1-2e7fd0670b76,a,D,QB15,19,3,UVH6a,9,0.07,-4950000.0,-4.95,482,1024,0.470703125
01a072a6-658d-79f3-bff1-2e7fd0670b76,a,D,QB15,19,3,UVH6a,10,0.07,-4500000.0,-4.5,465,1024,0.4541015625
01a072a6-658d-79f3-bff1-2e7fd0670b76,a,D,QB15,19,3,UVH6a,11,0.07,-4050000.0,-4.05,477,1024,0.4658203125
01a072a6-658d-79f3-bff1-2e7fd0670b76,a,D,QB15,19,3,UVH6a,12,0.07,-3600000.0,-3.6,497,1024,0.4853515625
01a072a6-658d-79f3-bff1-2e7fd0670b76,a,D,QB15,19,3,UVH6a,13,0.07,-3150000.0,-3.15,496,1024,0.484375
01a072a6-658d-79f3-bff1-2e7fd0670b76,a,D,QB15,19,3,UVH6a,14,0.07,-2700000.0,-2.7,505,1024,0.4931640625
01a072a6-658d-79f3-bff1-2e7fd0670b76,a,D,QB15,19,3,UVH6a,15,0.07,-2250000.0,-2.25,482,1024,0.470703125
01a072a6-658d-79f3-bff1-2e7fd0670b76,a,D,QB15,19,3,UVH6a,16,0.07,-1800000.0,-1.8,495,1024,0.4833984375
01a072a6-658d-79f3-bff1-2e7fd0670b76,a,D,QB15,19,3,UVH6a,17,0.07,-1350000.0,-1.35,481,1024,0.4697265625
01a072a6-658d-79f3-bff1-2e7fd0670b76,a,D,QB15,19,3,UVH6a,18,0.07,-900000.0,-0.9,482,1024,0.470703125
01a072a6-658d-79f3-bff1-2e7fd0670b76,a,D,QB15,19,3,UVH6a,19,0.07,-450000.0,-0.45,494,1024,0.482421875
01a072a6-658d-79f3-bff1-2e7fd0670b76,a,D,QB15,19,3,UVH6a,20,0.07,0.0,0.0,481,1024,0.4697265625
01a072a6-658d-79f3-bff1-2e7fd0670b76,a,D,QB15,19,3,UVH6a,21,0.07,450000.0,0.45,494,1024,0.482421875
01a072a6-658d-79f3-bff1-2e7fd0670b76,a,D,QB15,19,3,UVH6a,22,0.07,900000.0,0.9,471,1024,0.4599609375
01a072a6-658d-79f3-bff1-2e7fd0670b76,a,D,QB15,19,3,UVH6a,23,0.07,1350000.0,1.35,481,1024,0.4697265625
01a072a6-658d-79f3-bff1-2e7fd0670b76,a,D,QB15,19,3,UVH6a,24,0.07,1800000.0,1.8,509,1024,0.4970703125
01a072a6-658d-79f3-bff1-2e7fd0670b76,a,D,QB15,19,3,UVH6a,25,0.07,2250000.0,2.25,476,1024,0.46484375
01a072a6-658d-79f3-bff1-2e7fd0670b76,a,D,QB15,19,3,UVH6a,26,0.07,2700000.0,2.7,480,1024,0.46875
01a072a6-658d-79f3-bff1-2e7fd0670b76,a,D,QB15,19,3,UVH6a,27,0.07,3150000.0,3.15,484,1024,0.47265625
01a072a6-658d-79f3-bff1-2e7fd0670b76,a,D,QB15,19,3,UVH6a,28,0.07,3600000.0,3.6,485,1024,0.4736328125
01a072a6-658d-79f3-bff1-2e7fd0670b76,a,D,QB15,19,3,UVH6a,29,0.07,4050000.0,4.05,519,1024,0.5068359375
01a072a6-658d-79f3-bff1-2e7fd0670b76,a,D,QB15,19,3,UVH6a,30,0.07,4500000.0,4.5,503,1024,0.4912109375
01a072a6-658d-79f3-bff1-2e7fd0670b76,a,D,QB15,19,3,UVH6a,31,0.07,4950000.0,4.95,512,1024,0.5
01a072a6-658d-79f3-bff1-2e7fd0670b76,a,D,QB15,19,3,UVH6a,32,0.07,5400000.0,5.4,517,1024,0.5048828125
01a072a6-658d-79f3-bff1-2e7fd0670b76,a,D,QB15,19,3,UVH6a,33,0.07,5850000.0,5.85,532,1024,0.51953125
01a072a6-658d-79f3-bff1-2e7fd0670b76,a,D,QB15,19,3,UVH6a,34,0.07,6300000.0,6.3,567,1024,0.5537109375
01a072a6-658d-79f3-bff1-2e7fd0670b76,a,D,QB15,19,3,UVH6a,35,0.07,6750000.0,6.75,579,1024,0.5654296875
01a072a6-658d-79f3-bff1-2e7fd0670b76,a,D,QB15,19,3,UVH6a,36,0.07,7200000.0,7.2,560,1024,0.546875
01a072a6-658d-79f3-bff1-2e7fd0670b76,a,D,QB15,19,3,UVH6a,37,0.07,7650000.0,7.65,627,1024,0.6123046875
01a072a6-658d-79f3-bff1-2e7fd0670b76,a,D,QB15,19,3,UVH6a,38,0.07,8100000.0,8.1,628,1024,0.61328125
01a072a6-658d-79f3-bff1-2e7fd0670b76,a,D,QB15,19,3,UVH6a,39,0.07,8550000.0,8.55,621,1024,0.6064453125
01a072a6-658d-79f3-bff1-2e7fd0670b76,a,D,QB15,19,3,UVH6a,40,0.07,9000000.0,9.0,649,1024,0.6337890625
01a072a6-658d-79f3-bff1-2e7fd0670b76,a,D,QB15,19,4,UVH7a,0,0.07,-9000000.0,-9.0,607,1024,0.5927734375
01a072a6-658d-79f3-bff1-2e7fd0670b76,a,D,QB15,19,4,UVH7a,1,0.07,-8550000.0,-8.55,605,1024,0.5908203125
01a072a6-658d-79f3-bff1-2e7fd0670b76,a,D,QB15,19,4,UVH7a,2,0.07,-8100000.0,-8.1,592,1024,0.578125
01a072a6-658d-79f3-bff1-2e7fd0670b76,a,D,QB15,19,4,UVH7a,3,0.07,-7650000.0,-7.65,577,1024,0.5634765625
01a072a6-658d-79f3-bff1-2e7fd0670b76,a,D,QB15,19,4,UVH7a,4,0.07,-7200000.0,-7.2,577,1024,0.5634765625
01a072a6-658d-79f3-bff1-2e7fd0670b76,a,D,QB15,19,4,UVH7a,5,0.07,-6750000.0,-6.75,575,1024,0.5615234375
01a072a6-658d-79f3-bff1-2e7fd0670b76,a,D,QB15,19,4,UVH7a,6,0.07,-6300000.0,-6.3,547,1024,0.5341796875
01a072a6-658d-79f3-bff1-2e7fd0670b76,a,D,QB15,19,4,UVH7a,7,0.07,-5850000.0,-5.85,562,1024,0.548828125
01a072a6-658d-79f3-bff1-2e7fd0670b76,a,D,QB15,19,4,UVH7a,8,0.07,-5400000.0,-5.4,556,1024,0.54296875
01a072a6-658d-79f3-bff1-2e7fd0670b76,a,D,QB15,19,4,UVH7a,9,0.07,-4950000.0,-4.95,566,1024,0.552734375
01a072a6-658d-79f3-bff1-2e7fd0670b76,a,D,QB15,19,4,UVH7a,10,0.07,-4500000.0,-4.5,557,1024,0.5439453125
01a072a6-658d-79f3-bff1-2e7fd0670b76,a,D,QB15,19,4,UVH7a,11,0.07,-4050000.0,-4.05,549,1024,0.5361328125
01a072a6-658d-79f3-bff1-2e7fd0670b76,a,D,QB15,19,4,UVH7a,12,0.07,-3600000.0,-3.6,553,1024,0.5400390625
01a072a6-658d-79f3-bff1-2e7fd0670b76,a,D,QB15,19,4,UVH7a,13,0.07,-3150000.0,-3.15,548,1024,0.53515625
01a072a6-658d-79f3-bff1-2e7fd0670b76,a,D,QB15,19,4,UVH7a,14,0.07,-2700000.0,-2.7,557,1024,0.5439453125
01a072a6-658d-79f3-bff1-2e7fd0670b76,a,D,QB15,19,4,UVH7a,15,0.07,-2250000.0,-2.25,522,1024,0.509765625
01a072a6-658d-79f3-bff1-2e7fd0670b76,a,D,QB15,19,4,UVH7a,16,0.07,-1800000.0,-1.8,529,1024,0.5166015625
01a072a6-658d-79f3-bff1-2e7fd0670b76,a,D,QB15,19,4,UVH7a,17,0.07,-1350000.0,-1.35,541,1024,0.5283203125
01a072a6-658d-79f3-bff1-2e7fd0670b76,a,D,QB15,19,4,UVH7a,18,0.07,-900000.0,-0.9,543,1024,0.5302734375
01a072a6-658d-79f3-bff1-2e7fd0670b76,a,D,QB15,19,4,UVH7a,19,0.07,-450000.0,-0.45,567,1024,0.5537109375
01a072a6-658d-79f3-bff1-2e7fd0670b76,a,D,QB15,19,4,UVH7a,20,0.07,0.0,0.0,511,1024,0.4990234375
01a072a6-658d-79f3-bff1-2e7fd0670b76,a,D,QB15,19,4,UVH7a,21,0.07,450000.0,0.45,542,1024,0.529296875
01a072a6-658d-79f3-bff1-2e7fd0670b76,a,D,QB15,19,4,UVH7a,22,0.07,900000.0,0.9,555,1024,0.5419921875
01a072a6-658d-79f3-bff1-2e7fd0670b76,a,D,QB15,19,4,UVH7a,23,0.07,1350000.0,1.35,548,1024,0.53515625
01a072a6-658d-79f3-bff1-2e7fd0670b76,a,D,QB15,19,4,UVH7a,24,0.07,1800000.0,1.8,516,1024,0.50390625
01a072a6-658d-79f3-bff1-2e7fd0670b76,a,D,QB15,19,4,UVH7a,25,0.07,2250000.0,2.25,554,1024,0.541015625
01a072a6-658d-79f3-bff1-2e7fd0670b76,a,D,QB15,19,4,UVH7a,26,0.07,2700000.0,2.7,574,1024,0.560546875
01a072a6-658d-79f3-bff1-2e7fd0670b76,a,D,QB15,19,4,UVH7a,27,0.07,3150000.0,3.15,556,1024,0.54296875
01a072a6-658d-79f3-bff1-2e7fd0670b76,a,D,QB15,19,4,UVH7a,28,0.07,3600000.0,3.6,538,1024,0.525390625
01a072a6-658d-79f3-bff1-2e7fd0670b76,a,D,QB15,19,4,UVH7a,29,0.07,4050000.0,4.05,512,1024,0.5
01a072a6-658d-79f3-bff1-2e7fd0670b76,a,D,QB15,19,4,UVH7a,30,0.07,4500000.0,4.5,488,1024,0.4765625
01a072a6-658d-79f3-bff1-2e7fd0670b76,a,D,QB15,19,4,UVH7a,31,0.07,4950000.0,4.95,492,1024,0.48046875
01a072a6-658d-79f3-bff1-2e7fd0670b76,a,D,QB15,19,4,UVH7a,32,0.07,5400000.0,5.4,480,1024,0.46875
01a072a6-658d-79f3-bff1-2e7fd0670b76,a,D,QB15,19,4,UVH7a,33,0.07,5850000.0,5.85,448,1024,0.4375
01a072a6-658d-79f3-bff1-2e7fd0670b76,a,D,QB15,19,4,UVH7a,34,0.07,6300000.0,6.3,456,1024,0.4453125
01a072a6-658d-79f3-bff1-2e7fd0670b76,a,D,QB15,19,4,UVH7a,35,0.07,6750000.0,6.75,440,1024,0.4296875
01a072a6-658d-79f3-bff1-2e7fd0670b76,a,D,QB15,19,4,UVH7a,36,0.07,7200000.0,7.2,410,1024,0.400390625
01a072a6-658d-79f3-bff1-2e7fd0670b76,a,D,QB15,19,4,UVH7a,37,0.07,7650000.0,7.65,416,1024,0.40625
01a072a6-658d-79f3-bff1-2e7fd0670b76,a,D,QB15,19,4,UVH7a,38,0.07,8100000.0,8.1,426,1024,0.416015625
01a072a6-658d-79f3-bff1-2e7fd0670b76,a,D,QB15,19,4,UVH7a,39,0.07,8550000.0,8.55,402,1024,0.392578125
01a072a6-658d-79f3-bff1-2e7fd0670b76,a,D,QB15,19,4,UVH7a,40,0.07,9000000.0,9.0,387,1024,0.3779296875
01a072a6-658d-79f3-bff1-2e7fd0670b76,a,D,QB15,19,5,UVH8a,0,0.07,-9000000.0,-9.0,495,1024,0.4833984375
01a072a6-658d-79f3-bff1-2e7fd0670b76,a,D,QB15,19,5,UVH8a,1,0.07,-8550000.0,-8.55,551,1024,0.5380859375
01a072a6-658d-79f3-bff1-2e7fd0670b76,a,D,QB15,19,5,UVH8a,2,0.07,-8100000.0,-8.1,507,1024,0.4951171875
01a072a6-658d-79f3-bff1-2e7fd0670b76,a,D,QB15,19,5,UVH8a,3,0.07,-7650000.0,-7.65,490,1024,0.478515625
01a072a6-658d-79f3-bff1-2e7fd0670b76,a,D,QB15,19,5,UVH8a,4,0.07,-7200000.0,-7.2,507,1024,0.4951171875
01a072a6-658d-79f3-bff1-2e7fd0670b76,a,D,QB15,19,5,UVH8a,5,0.07,-6750000.0,-6.75,481,1024,0.4697265625
01a072a6-658d-79f3-bff1-2e7fd0670b76,a,D,QB15,19,5,UVH8a,6,0.07,-6300000.0,-6.3,504,1024,0.4921875
01a072a6-658d-79f3-bff1-2e7fd0670b76,a,D,QB15,19,5,UVH8a,7,0.07,-5850000.0,-5.85,489,1024,0.4775390625
01a072a6-658d-79f3-bff1-2e7fd0670b76,a,D,QB15,19,5,UVH8a,8,0.07,-5400000.0,-5.4,472,1024,0.4609375
01a072a6-658d-79f3-bff1-2e7fd0670b76,a,D,QB15,19,5,UVH8a,9,0.07,-4950000.0,-4.95,422,1024,0.412109375
01a072a6-658d-79f3-bff1-2e7fd0670b76,a,D,QB15,19,5,UVH8a,10,0.07,-4500000.0,-4.5,463,1024,0.4521484375
01a072a6-658d-79f3-bff1-2e7fd0670b76,a,D,QB15,19,5,UVH8a,11,0.07,-4050000.0,-4.05,446,1024,0.435546875
01a072a6-658d-79f3-bff1-2e7fd0670b76,a,D,QB15,19,5,UVH8a,12,0.07,-3600000.0,-3.6,471,1024,0.4599609375
01a072a6-658d-79f3-bff1-2e7fd0670b76,a,D,QB15,19,5,UVH8a,13,0.07,-3150000.0,-3.15,467,1024,0.4560546875
01a072a6-658d-79f3-bff1-2e7fd0670b76,a,D,QB15,19,5,UVH8a,14,0.07,-2700000.0,-2.7,437,1024,0.4267578125
01a072a6-658d-79f3-bff1-2e7fd0670b76,a,D,QB15,19,5,UVH8a,15,0.07,-2250000.0,-2.25,462,1024,0.451171875
01a072a6-658d-79f3-bff1-2e7fd0670b76,a,D,QB15,19,5,UVH8a,16,0.07,-1800000.0,-1.8,485,1024,0.4736328125
01a072a6-658d-79f3-bff1-2e7fd0670b76,a,D,QB15,19,5,UVH8a,17,0.07,-1350000.0,-1.35,433,1024,0.4228515625
01a072a6-658d-79f3-bff1-2e7fd0670b76,a,D,QB15,19,5,UVH8a,18,0.07,-900000.0,-0.9,440,1024,0.4296875
01a072a6-658d-79f3-bff1-2e7fd0670b76,a,D,QB15,19,5,UVH8a,19,0.07,-450000.0,-0.45,445,1024,0.4345703125
01a072a6-658d-79f3-bff1-2e7fd0670b76,a,D,QB15,19,5,UVH8a,20,0.07,0.0,0.0,417,1024,0.4072265625
01a072a6-658d-79f3-bff1-2e7fd0670b76,a,D,QB15,19,5,UVH8a,21,0.07,450000.0,0.45,464,1024,0.453125
01a072a6-658d-79f3-bff1-2e7fd0670b76,a,D,QB15,19,5,UVH8a,22,0.07,900000.0,0.9,460,1024,0.44921875
01a072a6-658d-79f3-bff1-2e7fd0670b76,a,D,QB15,19,5,UVH8a,23,0.07,1350000.0,1.35,464,1024,0.453125
01a072a6-658d-79f3-bff1-2e7fd0670b76,a,D,QB15,19,5,UVH8a,24,0.07,1800000.0,1.8,450,1024,0.439453125
01a072a6-658d-79f3-bff1-2e7fd0670b76,a,D,QB15,19,5,UVH8a,25,0.07,2250000.0,2.25,450,1024,0.439453125
01a072a6-658d-79f3-bff1-2e7fd0670b76,a,D,QB15,19,5,UVH8a,26,0.07,2700000.0,2.7,429,1024,0.4189453125
01a072a6-658d-79f3-bff1-2e7fd0670b76,a,D,QB15,19,5,UVH8a,27,0.07,3150000.0,3.15,443,1024,0.4326171875
01a072a6-658d-79f3-bff1-2e7fd0670b76,a,D,QB15,19,5,UVH8a,28,0.07,3600000.0,3.6,438,1024,0.427734375
01a072a6-658d-79f3-bff1-2e7fd0670b76,a,D,QB15,19,5,UVH8a,29,0.07,4050000.0,4.05,467,1024,0.4560546875
01a072a6-658d-79f3-bff1-2e7fd0670b76,a,D,QB15,19,5,UVH8a,30,0.07,4500000.0,4.5,423,1024,0.4130859375
01a072a6-658d-79f3-bff1-2e7fd0670b76,a,D,QB15,19,5,UVH8a,31,0.07,4950000.0,4.95,442,1024,0.431640625
01a072a6-658d-79f3-bff1-2e7fd0670b76,a,D,QB15,19,5,UVH8a,32,0.07,5400000.0,5.4,452,1024,0.44140625
01a072a6-658d-79f3-bff1-2e7fd0670b76,a,D,QB15,19,5,UVH8a,33,0.07,5850000.0,5.85,426,1024,0.416015625
01a072a6-658d-79f3-bff1-2e7fd0670b76,a,D,QB15,19,5,UVH8a,34,0.07,6300000.0,6.3,436,1024,0.42578125
01a072a6-658d-79f3-bff1-2e7fd0670b76,a,D,QB15,19,5,UVH8a,35,0.07,6750000.0,6.75,422,1024,0.412109375
01a072a6-658d-79f3-bff1-2e7fd0670b76,a,D,QB15,19,5,UVH8a,36,0.07,7200000.0,7.2,418,1024,0.408203125
01a072a6-658d-79f3-bff1-2e7fd0670b76,a,D,QB15,19,5,UVH8a,37,0.07,7650000.0,7.65,399,1024,0.3896484375
01a072a6-658d-79f3-bff1-2e7fd0670b76,a,D,QB15,19,5,UVH8a,38,0.07,8100000.0,8.1,382,1024,0.373046875
01a072a6-658d-79f3-bff1-2e7fd0670b76,a,D,QB15,19,5,UVH8a,39,0.07,8550000.0,8.55,388,1024,0.37890625
01a072a6-658d-79f3-bff1-2e7fd0670b76,a,D,QB15,19,5,UVH8a,40,0.07,9000000.0,9.0,359,1024,0.3505859375
