job_id,family,panel,qubit,logical_q,circuit_idx,circuit,sweep_idx,epsilon,detuning_Hz,detuning_MHz,n1,shots,p1_raw
01a0a594-d17f-7f32-a6dc-5cd1766b125b,s,A,QB5,0,0,standard_pi_2,0,-0.2,0.0,0.0,378,1024,0.369140625
01a0a594-d17f-7f32-a6dc-5cd1766b125b,s,A,QB5,0,0,standard_pi_2,1,-0.18666666666666668,0.0,0.0,368,1024,0.359375
01a0a594-d17f-7f32-a6dc-5cd1766b125b,s,A,QB5,0,0,standard_pi_2,2,-0.17333333333333334,0.0,0.0,359,1024,0.3505859375
01a0a594-d17f-7f32-a6dc-5cd1766b125b,s,A,QB5,0,0,standard_pi_2,3,-0.16,0.0,0.0,381,1024,0.3720703125
01a0a594-d17f-7f32-a6dc-5cd1766b125b,s,A,QB5,0,0,standard_pi_2,4,-0.14666666666666667,0.0,0.0,423,1024,0.4130859375
01a0a594-d17f-7f32-a6dc-5cd1766b125b,s,A,QB5,0,0,standard_pi_2,5,-0.13333333333333336,0.0,0.0,407,1024,0.3974609375
01a0a594-d17f-7f32-a6dc-5cd1766b125b,s,A,QB5,0,0,standard_pi_2,6,-0.12000000000000001,0.0,0.0,420,1024,0.41015625
01a0a594-d17f-7f32-a6dc-5cd1766b125b,s,A,QB5,0,0,standard_pi_2,7,-0.10666666666666667,0.0,0.0,413,1024,0.4033203125
01a0a594-d17f-7f32-a6dc-5cd1766b125b,s,A,QB5,0,0,standard_pi_2,8,-0.09333333333333334,0.0,0.0,443,1024,0.4326171875
01a0a594-d17f-7f32-a6dc-5cd1766b125b,s,A,QB5,0,0,standard_pi_2,9,-0.08,0.0,0.0,451,1024,0.4404296875
01a0a594-d17f-7f32-a6dc-5cd1766b125b,s,A,QB5,0,0,standard_pi_2,10,-0.06666666666666668,0.0,0.0,431,1024,0.4208984375
01a0a594-d17f-7f32-a6dc-5cd1766b125b,s,A,QB5,0,0,standard_pi_2,11,-0.053333333333333344,0.0,0.0,439,1024,0.4287109375
01a0a594-d17f-7f32-a6dc-5cd1766b125b,s,A,QB5,0,0,standard_pi_2,12,-0.04000000000000001,0.0,0.0,465,1024,0.4541015625
01a0a594-d17f-7f32-a6dc-5cd1766b125b,s,A,QB5,0,0,standard_pi_2,13,-0.026666666666666672,0.0,0.0,492,1024,0.48046875
01a0a594-d17f-7f32-a6dc-5cd1766b125b,s,A,QB5,0,0,standard_pi_2,14,-0.013333333333333336,0.0,0.0,497,1024,0.4853515625
01a0a594-d17f-7f32-a6dc-5cd1766b125b,s,A,QB5,0,0,standard_pi_2,15,0.0,0.0,0.0,510,1024,0.498046875
01a0a594-d17f-7f32-a6dc-5cd1766b125b,s,A,QB5,0,0,standard_pi_2,16,0.013333333333333336,0.0,0.0,535,1024,0.5224609375
01a0a594-d17f-7f32-a6dc-5cd1766b125b,s,A,QB5,0,0,standard_pi_2,17,0.026666666666666672,0.0,0.0,505,1024,0.4931640625
01a0a594-d17f-7f32-a6dc-5cd1766b125b,s,A,QB5,0,0,standard_pi_2,18,0.04000000000000001,0.0,0.0,539,1024,0.5263671875
01a0a594-d17f-7f32-a6dc-5cd1766b125b,s,A,QB5,0,0,standard_pi_2,19,0.053333333333333344,0.0,0.0,557,1024,0.5439453125
01a0a594-d17f-7f32-a6dc-5cd1766b125b,s,A,QB5,0,0,standard_pi_2,20,0.06666666666666665,0.0,0.0,546,1024,0.533203125
01a0a594-d17f-7f32-a6dc-5cd1766b125b,s,A,QB5,0,0,standard_pi_2,21,0.08000000000000002,0.0,0.0,599,1024,0.5849609375
01a0a594-d17f-7f32-a6dc-5cd1766b125b,s,A,QB5,0,0,standard_pi_2,22,0.09333333333333332,0.0,0.0,585,1024,0.5712890625
01a0a594-d17f-7f32-a6dc-5cd1766b125b,s,A,QB5,0,0,standard_pi_2,23,0.10666666666666669,0.0,0.0,622,1024,0.607421875
01a0a594-d17f-7f32-a6dc-5cd1766b125b,s,A,QB5,0,0,standard_pi_2,24,0.12,0.0,0.0,609,1024,0.5947265625
01a0a594-d17f-7f32-a6dc-5cd1766b125b,s,A,QB5,0,0,standard_pi_2,25,0.13333333333333336,0.0,0.0,620,1024,0.60546875
01a0a594-d17f-7f32-a6dc-5cd1766b125b,s,A,QB5,0,0,standard_pi_2,26,0.14666666666666667,0.0,0.0,627,1024,0.6123046875
01a0a594-d17f-7f32-a6dc-5cd1766b125b,s,A,QB5,0,0,standard_pi_2,27,0.16000000000000003,0.0,0.0,618,1024,0.603515625
01a0a594-d17f-7f32-a6dc-5cd1766b125b,s,A,QB5,0,0,standard_pi_2,28,0.17333333333333334,0.0,0.0,639,1024,0.6240234375
01a0a594-d17f-7f32-a6dc-5cd1766b125b,s,A,QB5,0,0,standard_pi_2,29,0.1866666666666667,0.0,0.0,657,1024,0.6416015625
01a0a594-d17f-7f32-a6dc-5cd1766b125b,s,A,QB5,0,0,standard_pi_2,30,0.2,0.0,0.0,665,1024,0.6494140625
01a0a594-d17f-7f32-a6dc-5cd1766b125b,s,A,QB5,0,1,UVH5s,0,-0.2,0.0,0.0,521,1024,0.5087890625
01a0a594-d17f-7f32-a6dc-5cd1766b125b,s,A,QB5,0,1,UVH5s,1,-0.18666666666666668,0.0,0.0,507,1024,0.4951171875
01a0a594-d17f-7f32-a6dc-5cd1766b125b,s,A,QB5,0,1,UVH5s,2,-0.17333333333333334,0.0,0.0,519,1024,0.5068359375
01a0a594-d17f-7f32-a6dc-5cd1766b125b,s,A,QB5,0,1,UVH5s,3,-0.16,0.0,0.0,519,1024,0.5068359375
01a0a594-d17f-7f32-a6dc-5cd1766b125b,s,A,QB5,0,1,UVH5s,4,-0.14666666666666667,0.0,0.0,508,1024,0.49609375
01a0a594-d17f-7f32-a6dc-5cd1766b125b,s,A,QB5,0,1,UVH5s,5,-0.13333333333333336,0.0,0.0,546,1024,0.533203125
01a0a594-d17f-7f32-a6dc-5cd1766b125b,s,A,QB5,0,1,UVH5s,6,-0.12000000000000001,0.0,0.0,550,1024,0.537109375
01a0a594-d17f-7f32-a6dc-5cd1766b125b,s,A,QB5,0,1,UVH5s,7,-0.10666666666666667,0.0,0.0,565,1024,0.5517578125
01a0a594-d17f-7f32-a6dc-5cd1766b125b,s,A,QB5,0,1,UVH5s,8,-0.09333333333333334,0.0,0.0,534,1024,0.521484375
01a0a594-d17f-7f32-a6dc-5cd1766b125b,s,A,QB5,0,1,UVH5s,9,-0.08,0.0,0.0,537,1024,0.5244140625
01a0a594-d17f-7f32-a6dc-5cd1766b125b,s,A,QB5,0,1,UVH5s,10,-0.06666666666666668,0.0,0.0,535,1024,0.5224609375
01a0a594-d17f-7f32-a6dc-5cd1766b125b,s,A,QB5,0,1,UVH5s,11,-0.053333333333333344,0.0,0.0,531,1024,0.5185546875
01a0a594-d17f-7f32-a6dc-5cd1766b125b,s,A,QB5,0,1,UVH5s,12,-0.04000000000000001,0.0,0.0,546,1024,0.533203125
01a0a594-d17f-7f32-a6dc-5cd1766b125b,s,A,QB5,0,1,UVH5s,13,-0.026666666666666672,0.0,0.0,526,1024,0.513671875
01a0a594-d17f-7f32-a6dc-5cd1766b125b,s,A,QB5,0,1,UVH5s,14,-0.013333333333333336,0.0,0.0,537,1024,0.5244140625
01a0a594-d17f-7f32-a6dc-5cd1766b125b,s,A,QB5,0,1,UVH5s,15,0.0,0.0,0.0,518,1024,0.505859375
01a0a594-d17f-7f32-a6dc-5cd1766b125b,s,A,QB5,0,1,UVH5s,16,0.013333333333333336,0.0,0.0,543,1024,0.5302734375
01a0a594-d17f-7f32-a6dc-5cd1766b125b,s,A,QB5,0,1,UVH5s,17,0.026666666666666672,0.0,0.0,501,1024,0.4892578125
01a0a594-d17f-7f32-a6dc-5cd1766b125b,s,A,QB5,0,1,UVH5s,18,0.04000000000000001,0.0,0.0,523,1024,0.5107421875
01a0a594-d17f-7f32-a6dc-5cd1766b125b,s,A,QB5,0,1,UVH5s,19,0.053333333333333344,0.0,0.0,505,1024,0.4931640625
01a0a594-d17f-7f32-a6dc-5cd1766b125b,s,A,QB5,0,1,UVH5s,20,0.06666666666666665,0.0,0.0,520,1024,0.5078125
01a0a594-d17f-7f32-a6dc-5cd1766b125b,s,A,QB5,0,1,UVH5s,21,0.08000000000000002,0.0,0.0,513,1024,0.5009765625
01a0a594-d17f-7f32-a6dc-5cd1766b125b,s,A,QB5,0,1,UVH5s,22,0.09333333333333332,0.0,0.0,504,1024,0.4921875
01a0a594-d17f-7f32-a6dc-5cd1766b125b,s,A,QB5,0,1,UVH5s,23,0.10666666666666669,0.0,0.0,511,1024,0.4990234375
01a0a594-d17f-7f32-a6dc-5cd1766b125b,s,A,QB5,0,1,UVH5s,24,0.12,0.0,0.0,534,1024,0.521484375
01a0a594-d17f-7f32-a6dc-5cd1766b125b,s,A,QB5,0,1,UVH5s,25,0.13333333333333336,0.0,0.0,512,1024,0.5
01a0a594-d17f-7f32-a6dc-5cd1766b125b,s,A,QB5,0,1,UVH5s,26,0.14666666666666667,0.0,0.0,522,1024,0.509765625
01a0a594-d17f-7f32-a6dc-5cd1766b125b,s,A,QB5,0,1,UVH5s,27,0.16000000000000003,0.0,0.0,524,1024,0.51171875
01a0a594-d17f-7f32-a6dc-5cd1766b125b,s,A,QB5,0,1,UVH5s,28,0.17333333333333334,0.0,0.0,536,1024,0.5234375
01a0a594-d17f-7f32-a6dc-5cd1766b125b,s,A,QB5,0,1,UVH5s,29,0.1866666666666667,0.0,0.0,513,1024,0.5009765625
01a0a594-d17f-7f32-a6dc-5cd1766b125b,s,A,QB5,0,1,UVH5s,30,0.2,0.0,0.0,518,1024,0.505859375
01a0a594-d17f-7f32-a6dc-5cd1766b125b,s,A,QB5,0,2,UVH7s,0,-0.2,0.0,0.0,579,1024,0.5654296875
01a0a594-d17f-7f32-a6dc-5cd1766b125b,s,A,QB5,0,2,UVH7s,1,-0.18666666666666668,0.0,0.0,531,1024,0.5185546875
01a0a594-d17f-7f32-a6dc-5cd1766b125b,s,A,QB5,0,2,UVH7s,2,-0.17333333333333334,0.0,0.0,544,1024,0.53125
01a0a594-d17f-7f32-a6dc-5cd1766b125b,s,A,QB5,0,2,UVH7s,3,-0.16,0.0,0.0,511,1024,0.4990234375
01a0a594-d17f-7f32-a6dc-5cd1766b125b,s,A,QB5,0,2,UVH7s,4,-0.14666666666666667,0.0,0.0,561,1024,0.5478515625
01a0a594-d17f-7f32-a6dc-5cd1766b125b,s,A,QB5,0,2,UVH7s,5,-0.13333333333333336,0.0,0.0,544,1024,0.53125
01a0a594-d17f-7f32-a6dc-5cd1766b125b,s,A,QB5,0,2,UVH7s,6,-0.12000000000000001,0.0,0.0,543,1024,0.5302734375
01a0a594-d17f-7f32-a6dc-5cd1766b125b,s,A,QB5,0,2,UVH7s,7,-0.10666666666666667,0.0,0.0,527,1024,0.5146484375
01a0a594-d17f-7f32-a6dc-5cd1766b125b,s,A,QB5,0,2,UVH7s,8,-0.09333333333333334,0.0,0.0,544,1024,0.53125
01a0a594-d17f-7f32-a6dc-5cd1766b125b,s,A,QB5,0,2,UVH7s,9,-0.08,0.0,0.0,535,1024,0.5224609375
01a0a594-d17f-7f32-a6dc-5cd1766b125b,s,A,QB5,0,2,UVH7s,10,-0.06666666666666668,0.0,0.0,535,1024,0.5224609375
01a0a594-d17f-7f32-a6dc-5cd1766b125b,s,A,QB5,0,2,UVH7s,11,-0.053333333333333344,0.0,0.0,498,1024,0.486328125
01a0a594-d17f-7f32-a6dc-5cd1766b125b,s,A,QB5,0,2,UVH7s,12,-0.04000000000000001,0.0,0.0,534,1024,0.521484375
01a0a594-d17f-7f32-a6dc-5cd1766b125b,s,A,QB5,0,2,UVH7s,13,-0.026666666666666672,0.0,0.0,535,1024,0.5224609375
01a0a594-d17f-7f32-a6dc-5cd1766b125b,s,A,QB5,0,2,UVH7s,14,-0.013333333333333336,0.0,0.0,553,1024,0.5400390625
01a0a594-d17f-7f32-a6dc-5cd1766b125b,s,A,QB5,0,2,UVH7s,15,0.0,0.0,0.0,532,1024,0.51953125
01a0a594-d17f-7f32-a6dc-5cd1766b125b,s,A,QB5,0,2,UVH7s,16,0.013333333333333336,0.0,0.0,528,1024,0.515625
01a0a594-d17f-7f32-a6dc-5cd1766b125b,s,A,QB5,0,2,UVH7s,17,0.026666666666666672,0.0,0.0,498,1024,0.486328125
01a0a594-d17f-7f32-a6dc-5cd1766b125b,s,A,QB5,0,2,UVH7s,18,0.04000000000000001,0.0,0.0,510,1024,0.498046875
01a0a594-d17f-7f32-a6dc-5cd1766b125b,s,A,QB5,0,2,UVH7s,19,0.053333333333333344,0.0,0.0,536,1024,0.5234375
01a0a594-d17f-7f32-a6dc-5cd1766b125b,s,A,QB5,0,2,UVH7s,20,0.06666666666666665,0.0,0.0,525,1024,0.5126953125
01a0a594-d17f-7f32-a6dc-5cd1766b125b,s,A,QB5,0,2,UVH7s,21,0.08000000000000002,0.0,0.0,525,1024,0.5126953125
01a0a594-d17f-7f32-a6dc-5cd1766b125b,s,A,QB5,0,2,UVH7s,22,0.09333333333333332,0.0,0.0,514,1024,0.501953125
01a0a594-d17f-7f32-a6dc-5cd1766b125b,s,A,QB5,0,2,UVH7s,23,0.10666666666666669,0.0,0.0,518,1024,0.505859375
01a0a594-d17f-7f32-a6dc-5cd1766b125b,s,A,QB5,0,2,UVH7s,24,0.12,0.0,0.0,515,1024,0.5029296875
01a0a594-d17f-7f32-a6dc-5cd1766b125b,s,A,QB5,0,2,UVH7s,25,0.13333333333333336,0.0,0.0,499,1024,0.4873046875
01a0a594-d17f-7f32-a6dc-5cd1766b125b,s,A,QB5,0,2,UVH7s,26,0.14666666666666667,0.0,0.0,523,1024,0.5107421875
01a0a594-d17f-7f32-a6dc-5cd1766b125b,s,A,QB5,0,2,UVH7s,27,0.16000000000000003,0.0,0.0,471,1024,0.4599609375
01a0a594-d17f-7f32-a6dc-5cd1766b125b,s,A,QB5,0,2,UVH7s,28,0.17333333333333334,0.0,0.0,504,1024,0.4921875
01a0a594-d17f-7f32-a6dc-5cd1766b125b,s,A,QB5,0,2,UVH7s,29,0.1866666666666667,0.0,0.0,506,1024,0.494140625
01a0a594-d17f-7f32-a6dc-5cd1766b125b,s,A,QB5,0,2,UVH7s,30,0.2,0.0,0.0,475,1024,0.4638671875
01a0a594-d17f-7f32-a6dc-5cd1766b125b,s,A,QB5,0,3,UVH9s,0,-0.2,0.0,0.0,489,1024,0.4775390625
01a0a594-d17f-7f32-a6dc-5cd1766b125b,s,A,QB5,0,3,UVH9s,1,-0.18666666666666668,0.0,0.0,501,1024,0.4892578125
01a0a594-d17f-7f32-a6dc-5cd1766b125b,s,A,QB5,0,3,UVH9s,2,-0.17333333333333334,0.0,0.0,530,1024,0.517578125
01a0a594-d17f-7f32-a6dc-5cd1766b125b,s,A,QB5,0,3,UVH9s,3,-0.16,0.0,0.0,500,1024,0.48828125
01a0a594-d17f-7f32-a6dc-5cd1766b125b,s,A,QB5,0,3,UVH9s,4,-0.14666666666666667,0.0,0.0,498,1024,0.486328125
01a0a594-d17f-7f32-a6dc-5cd1766b125b,s,A,QB5,0,3,UVH9s,5,-0.13333333333333336,0.0,0.0,549,1024,0.5361328125
01a0a594-d17f-7f32-a6dc-5cd1766b125b,s,A,QB5,0,3,UVH9s,6,-0.12000000000000001,0.0,0.0,523,1024,0.5107421875
01a0a594-d17f-7f32-a6dc-5cd1766b125b,s,A,QB5,0,3,UVH9s,7,-0.10666666666666667,0.0,0.0,546,1024,0.533203125
01a0a594-d17f-7f32-a6dc-5cd1766b125b,s,A,QB5,0,3,UVH9s,8,-0.09333333333333334,0.0,0.0,516,1024,0.50390625
01a0a594-d17f-7f32-a6dc-5cd1766b125b,s,A,QB5,0,3,UVH9s,9,-0.08,0.0,0.0,522,1024,0.509765625
01a0a594-d17f-7f32-a6dc-5cd1766b125b,s,A,QB5,0,3,UVH9s,10,-0.06666666666666668,0.0,0.0,504,1024,0.4921875
01a0a594-d17f-7f32-a6dc-5cd1766b125b,s,A,QB5,0,3,UVH9s,11,-0.053333333333333344,0.0,0.0,543,1024,0.5302734375
01a0a594-d17f-7f32-a6dc-5cd1766b125b,s,A,QB5,0,3,UVH9s,12,-0.04000000000000001,0.0,0.0,539,1024,0.5263671875
01a0a594-d17f-7f32-a6dc-5cd1766b125b,s,A,QB5,0,3,UVH9s,13,-0.026666666666666672,0.0,0.0,499,1024,0.4873046875
01a0a594-d17f-7f32-a6dc-5cd1766b125b,s,A,QB5,0,3,UVH9s,14,-0.013333333333333336,0.0,0.0,537,1024,0.5244140625
01a0a594-d17f-7f32-a6dc-5cd1766b125b,s,A,QB5,0,3,UVH9s,15,0.0,0.0,0.0,507,1024,0.4951171875
01a0a594-d17f-7f32-a6dc-5cd1766b125b,s,A,QB5,0,3,UVH9s,16,0.013333333333333336,0.0,0.0,497,1024,0.4853515625
01a0a594-d17f-7f32-a6dc-5cd1766b125b,s,A,QB5,0,3,UVH9s,17,0.026666666666666672,0.0,0.0,519,1024,0.5068359375
01a0a594-d17f-7f32-a6dc-5cd1766b125b,s,A,QB5,0,3,UVH9s,18,0.04000000000000001,0.0,0.0,542,1024,0.529296875
01a0a594-d17f-7f32-a6dc-5cd1766b125b,s,A,QB5,0,3,UVH9s,19,0.053333333333333344,0.0,0.0,528,1024,0.515625
01a0a594-d17f-7f32-a6dc-5cd1766b125b,s,A,QB5,0,3,UVH9s,20,0.06666666666666665,0.0,0.0,552,1024,0.5390625
01a0a594-d17f-7f32-a6dc-5cd1766b125b,s,A,QB5,0,3,UVH9s,21,0.08000000000000002,0.0,0.0,533,1024,0.5205078125
01a0a594-d17f-7f32-a6dc-5cd1766b125b,s,A,QB5,0,3,UVH9s,22,0.09333333333333332,0.0,0.0,543,1024,0.5302734375
01a0a594-d17f-7f32-a6dc-5cd1766b125b,s,A,QB5,0,3,UVH9s,23,0.10666666666666669,0.0,0.0,533,1024,0.5205078125
01a0a594-d17f-7f32-a6dc-5cd1766b125b,s,A,QB5,0,3,UVH9s,24,0.12,0.0,0.0,519,1024,0.5068359375
01a0a594-d17f-7f32-a6dc-5cd1766b125b,s,A,QB5,0,3,UVH9s,25,0.13333333333333336,0.0,0.0,528,1024,0.515625
01a0a594-d17f-7f32-a6dc-5cd1766b125b,s,A,QB5,0,3,UVH9s,26,0.14666666666666667,0.0,0.0,511,1024,0.4990234375
01a0a594-d17f-7f32-a6dc-5cd1766b125b,s,A,QB5,0,3,UVH9s,27,0.16000000000000003,0.0,0.0,562,1024,0.548828125
01a0a594-d17f-7f32-a6dc-5cd1766b125b,s,A,QB5,0,3,UVH9s,28,0.17333333333333334,0.0,0.0,517,1024,0.5048828125
01a0a594-d17f-7f32-a6dc-5cd1766b125b,s,A,QB5,0,3,UVH9s,29,0.1866666666666667,0.0,0.0,524,1024,0.51171875
01a0a594-d17f-7f32-a6dc-5cd1766b125b,s,A,QB5,0,3,UVH9s,30,0.2,0.0,0.0,564,1024,0.55078125
01a0a594-d17f-7f32-a6dc-5cd1766b125b,s,A,QB5,0,4,UVH11s,0,-0.2,0.0,0.0,552,1024,0.5390625
01a0a594-d17f-7f32-a6dc-5cd1766b125b,s,A,QB5,0,4,UVH11s,1,-0.18666666666666668,0.0,0.0,568,1024,0.5546875
01a0a594-d17f-7f32-a6dc-5cd1766b125b,s,A,QB5,0,4,UVH11s,2,-0.17333333333333334,0.0,0.0,568,1024,0.5546875
01a0a594-d17f-7f32-a6dc-5cd1766b125b,s,A,QB5,0,4,UVH11s,3,-0.16,0.0,0.0,572,1024,0.55859375
01a0a594-d17f-7f32-a6dc-5cd1766b125b,s,A,QB5,0,4,UVH11s,4,-0.14666666666666667,0.0,0.0,507,1024,0.4951171875
01a0a594-d17f-7f32-a6dc-5cd1766b125b,s,A,QB5,0,4,UVH11s,5,-0.13333333333333336,0.0,0.0,534,1024,0.521484375
01a0a594-d17f-7f32-a6dc-5cd1766b125b,s,A,QB5,0,4,UVH11s,6,-0.12000000000000001,0.0,0.0,551,1024,0.5380859375
01a0a594-d17f-7f32-a6dc-5cd1766b125b,s,A,QB5,0,4,UVH11s,7,-0.10666666666666667,0.0,0.0,519,1024,0.5068359375
01a0a594-d17f-7f32-a6dc-5cd1766b125b,s,A,QB5,0,4,UVH11s,8,-0.09333333333333334,0.0,0.0,555,1024,0.5419921875
01a0a594-d17f-7f32-a6dc-5cd1766b125b,s,A,QB5,0,4,UVH11s,9,-0.08,0.0,0.0,548,1024,0.53515625
01a0a594-d17f-7f32-a6dc-5cd1766b125b,s,A,QB5,0,4,UVH11s,10,-0.06666666666666668,0.0,0.0,551,1024,0.5380859375
01a0a594-d17f-7f32-a6dc-5cd1766b125b,s,A,QB5,0,4,UVH11s,11,-0.053333333333333344,0.0,0.0,570,1024,0.556640625
01a0a594-d17f-7f32-a6dc-5cd1766b125b,s,A,QB5,0,4,UVH11s,12,-0.04000000000000001,0.0,0.0,566,1024,0.552734375
01a0a594-d17f-7f32-a6dc-5cd1766b125b,s,A,QB5,0,4,UVH11s,13,-0.026666666666666672,0.0,0.0,543,1024,0.5302734375
01a0a594-d17f-7f32-a6dc-5cd1766b125b,s,A,QB5,0,4,UVH11s,14,-0.013333333333333336,0.0,0.0,540,1024,0.52734375
01a0a594-d17f-7f32-a6dc-5cd1766b125b,s,A,QB5,0,4,UVH11s,15,0.0,0.0,0.0,570,1024,0.556640625
01a0a594-d17f-7f32-a6dc-5cd1766b125b,s,A,QB5,0,4,UVH11s,16,0.013333333333333336,0.0,0.0,555,1024,0.5419921875
01a0a594-d17f-7f32-a6dc-5cd1766b125b,s,A,QB5,0,4,UVH11s,17,0.026666666666666672,0.0,0.0,547,1024,0.5341796875
01a0a594-d17f-7f32-a6dc-5cd1766b125b,s,A,QB5,0,4,UVH11s,18,0.04000000000000001,0.0,0.0,549,1024,0.5361328125
01a0a594-d17f-7f32-a6dc-5cd1766b125b,s,A,QB5,0,4,UVH11s,19,0.053333333333333344,0.0,0.0,514,1024,0.501953125
01a0a594-d17f-7f32-a6dc-5cd1766b125b,s,A,QB5,0,4,UVH11s,20,0.06666666666666665,0.0,0.0,540,1024,0.52734375
01a0a594-d17f-7f32-a6dc-5cd1766b125b,s,A,QB5,0,4,UVH11s,21,0.08000000000000002,0.0,0.0,516,1024,0.50390625
01a0a594-d17f-7f32-a6dc-5cd1766b125b,s,A,QB5,0,4,UVH11s,22,0.09333333333333332,0.0,0.0,552,1024,0.5390625
01a0a594-d17f-7f32-a6dc-5cd1766b125b,s,A,QB5,0,4,UVH11s,23,0.10666666666666669,0.0,0.0,506,1024,0.494140625
01a0a594-d17f-7f32-a6dc-5cd1766b125b,s,A,QB5,0,4,UVH11s,24,0.12,0.0,0.0,536,1024,0.5234375
01a0a594-d17f-7f32-a6dc-5cd1766b125b,s,A,QB5,0,4,UVH11s,25,0.13333333333333336,0.0,0.0,524,1024,0.51171875
01a0a594-d17f-7f32-a6dc-5cd1766b125b,s,A,QB5,0,4,UVH11s,26,0.14666666666666667,0.0,0.0,514,1024,0.501953125
01a0a594-d17f-7f32-a6dc-5cd1766b125b,s,A,QB5,0,4,UVH11s,27,0.16000000000000003,0.0,0.0,519,1024,0.5068359375
01a0a594-d17f-7f32-a6dc-5cd1766b125b,s,A,QB5,0,4,UVH11s,28,0.17333333333333334,0.0,0.0,521,1024,0.5087890625
01a0a594-d17f-7f32-a6dc-5cd1766b125b,s,A,QB5,0,4,UVH11s,29,0.1866666666666667,0.0,0.0,517,1024,0.5048828125
01a0a594-d17f-7f32-a6dc-5cd1766b125b,s,A,QB5,0,4,UVH11s,30,0.2,0.0,0.0,505,1024,0.4931640625
01a0a594-d17f-7f32-a6dc-5cd1766b125b,s,A,QB5,0,5,UVH13s,0,-0.2,0.0,0.0,533,1024,0.5205078125
01a0a594-d17f-7f32-a6dc-5cd1766b125b,s,A,QB5,0,5,UVH13s,1,-0.18666666666666668,0.0,0.0,543,1024,0.5302734375
01a0a594-d17f-7f32-a6dc-5cd1766b125b,s,A,QB5,0,5,UVH13s,2,-0.17333333333333334,0.0,0.0,495,1024,0.4833984375
01a0a594-d17f-7f32-a6dc-5cd1766b125b,s,A,QB5,0,5,UVH13s,3,-0.16,0.0,0.0,537,1024,0.5244140625
01a0a594-d17f-7f32-a6dc-5cd1766b125b,s,A,QB5,0,5,UVH13s,4,-0.14666666666666667,0.0,0.0,522,1024,0.509765625
01a0a594-d17f-7f32-a6dc-5cd1766b125b,s,A,QB5,0,5,UVH13s,5,-0.13333333333333336,0.0,0.0,549,1024,0.5361328125
01a0a594-d17f-7f32-a6dc-5cd1766b125b,s,A,QB5,0,5,UVH13s,6,-0.12000000000000001,0.0,0.0,526,1024,0.513671875
01a0a594-d17f-7f32-a6dc-5cd1766b125b,s,A,QB5,0,5,UVH13s,7,-0.10666666666666667,0.0,0.0,542,1024,0.529296875
01a0a594-d17f-7f32-a6dc-5cd1766b125b,s,A,QB5,0,5,UVH13s,8,-0.09333333333333334,0.0,0.0,529,1024,0.5166015625
01a0a594-d17f-7f32-a6dc-5cd1766b125b,s,A,QB5,0,5,UVH13s,9,-0.08,0.0,0.0,560,1024,0.546875
01a0a594-d17f-7f32-a6dc-5cd1766b125b,s,A,QB5,0,5,UVH13s,10,-0.06666666666666668,0.0,0.0,523,1024,0.5107421875
01a0a594-d17f-7f32-a6dc-5cd1766b125b,s,A,QB5,0,5,UVH13s,11,-0.053333333333333344,0.0,0.0,523,1024,0.5107421875
01a0a594-d17f-7f32-a6dc-5cd1766b125b,s,A,QB5,0,5,UVH13s,12,-0.04000000000000001,0.0,0.0,517,1024,0.5048828125
01a0a594-d17f-7f32-a6dc-5cd1766b125b,s,A,QB5,0,5,UVH13s,13,-0.026666666666666672,0.0,0.0,546,1024,0.533203125
01a0a594-d17f-7f32-a6dc-5cd1766b125b,s,A,QB5,0,5,UVH13s,14,-0.013333333333333336,0.0,0.0,553,1024,0.5400390625
01a0a594-d17f-7f32-a6dc-5cd1766b125b,s,A,QB5,0,5,UVH13s,15,0.0,0.0,0.0,537,1024,0.5244140625
01a0a594-d17f-7f32-a6dc-5cd1766b125b,s,A,QB5,0,5,UVH13s,16,0.013333333333333336,0.0,0.0,549,1024,0.5361328125
01a0a594-d17f-7f32-a6dc-5cd1766b125b,s,A,QB5,0,5,UVH13s,17,0.026666666666666672,0.0,0.0,521,1024,0.5087890625
01a0a594-d17f-7f32-a6dc-5cd1766b125b,s,A,QB5,0,5,UVH13s,18,0.04000000000000001,0.0,0.0,511,1024,0.4990234375
01a0a594-d17f-7f32-a6dc-5cd1766b125b,s,A,QB5,0,5,UVH13s,19,0.053333333333333344,0.0,0.0,550,1024,0.537109375
01a0a594-d17f-7f32-a6dc-5cd1766b125b,s,A,QB5,0,5,UVH13s,20,0.06666666666666665,0.0,0.0,533,1024,0.5205078125
01a0a594-d17f-7f32-a6dc-5cd1766b125b,s,A,QB5,0,5,UVH13s,21,0.08000000000000002,0.0,0.0,552,1024,0.5390625
01a0a594-d17f-7f32-a6dc-5cd1766b125b,s,A,QB5,0,5,UVH13s,22,0.09333333333333332,0.0,0.0,553,1024,0.5400390625
01a0a594-d17f-7f32-a6dc-5cd1766b125b,s,A,QB5,0,5,UVH13s,23,0.10666666666666669,0.0,0.0,530,1024,0.517578125
01a0a594-d17f-7f32-a6dc-5cd1766b125b,s,A,QB5,0,5,UVH13s,24,0.12,0.0,0.0,557,1024,0.5439453125
01a0a594-d17f-7f32-a6dc-5cd1766b125b,s,A,QB5,0,5,UVH13s,25,0.13333333333333336,0.0,0.0,548,1024,0.53515625
01a0a594-d17f-7f32-a6dc-5cd1766b125b,s,A,QB5,0,5,UVH13s,26,0.14666666666666667,0.0,0.0,567,1024,0.5537109375
01a0a594-d17f-7f32-a6dc-5cd1766b125b,s,A,QB5,0,5,UVH13s,27,0.16000000000000003,0.0,0.0,564,1024,0.55078125
01a0a594-d17f-7f32-a6dc-5cd1766b125b,s,A,QB5,0,5,UVH13s,28,0.17333333333333334,0.0,0.0,546,1024,0.533203125
01a0a594-d17f-7f32-a6dc-5cd1766b125b,s,A,QB5,0,5,UVH13s,29,0.1866666666666667,0.0,0.0,569,1024,0.5556640625
01a0a594-d17f-7f32-a6dc-5cd1766b125b,s,A,QB5,0,5,UVH13s,30,0.2,0.0,0.0,555,1024,0.5419921875
01a0a594-d17f-7f32-a6dc-5cd1766b125b,s,A,QB10,1,0,standard_pi_2,0,-0.2,0.0,0.0,357,1024,0.3486328125
01a0a594-d17f-7f32-a6dc-5cd1766b125b,s,A,QB10,1,0,standard_pi_2,1,-0.18666666666666668,0.0,0.0,364,1024,0.35546875
01a0a594-d17f-7f32-a6dc-5cd1766b125b,s,A,QB10,1,0,standard_pi_2,2,-0.17333333333333334,0.0,0.0,379,1024,0.3701171875
01a0a594-d17f-7f32-a6dc-5cd1766b125b,s,A,QB10,1,0,standard_pi_2,3,-0.16,0.0,0.0,383,1024,0.3740234375
01a0a594-d17f-7f32-a6dc-5cd1766b125b,s,A,QB10,1,0,standard_pi_2,4,-0.14666666666666667,0.0,0.0,408,1024,0.3984375
01a0a594-d17f-7f32-a6dc-5cd1766b125b,s,A,QB10,1,0,standard_pi_2,5,-0.13333333333333336,0.0,0.0,406,1024,0.396484375
01a0a594-d17f-7f32-a6dc-5cd1766b125b,s,A,QB10,1,0,standard_pi_2,6,-0.12000000000000001,0.0,0.0,400,1024,0.390625
01a0a594-d17f-7f32-a6dc-5cd1766b125b,s,A,QB10,1,0,standard_pi_2,7,-0.10666666666666667,0.0,0.0,408,1024,0.3984375
01a0a594-d17f-7f32-a6dc-5cd1766b125b,s,A,QB10,1,0,standard_pi_2,8,-0.09333333333333334,0.0,0.0,431,1024,0.4208984375
01a0a594-d17f-7f32-a6dc-5cd1766b125b,s,A,QB10,1,0,standard_pi_2,9,-0.08,0.0,0.0,436,1024,0.42578125
01a0a594-d17f-7f32-a6dc-5cd1766b125b,s,A,QB10,1,0,standard_pi_2,10,-0.06666666666666668,0.0,0.0,470,1024,0.458984375
01a0a594-d17f-7f32-a6dc-5cd1766b125b,s,A,QB10,1,0,standard_pi_2,11,-0.053333333333333344,0.0,0.0,504,1024,0.4921875
01a0a594-d17f-7f32-a6dc-5cd1766b125b,s,A,QB10,1,0,standard_pi_2,12,-0.04000000000000001,0.0,0.0,461,1024,0.4501953125
01a0a594-d17f-7f32-a6dc-5cd1766b125b,s,A,QB10,1,0,standard_pi_2,13,-0.026666666666666672,0.0,0.0,493,1024,0.4814453125
01a0a594-d17f-7f32-a6dc-5cd1766b125b,s,A,QB10,1,0,standard_pi_2,14,-0.013333333333333336,0.0,0.0,507,1024,0.4951171875
01a0a594-d17f-7f32-a6dc-5cd1766b125b,s,A,QB10,1,0,standard_pi_2,15,0.0,0.0,0.0,532,1024,0.51953125
01a0a594-d17f-7f32-a6dc-5cd1766b125b,s,A,QB10,1,0,standard_pi_2,16,0.013333333333333336,0.0,0.0,517,1024,0.5048828125
01a0a594-d17f-7f32-a6dc-5cd1766b125b,s,A,QB10,1,0,standard_pi_2,17,0.026666666666666672,0.0,0.0,538,1024,0.525390625
01a0a594-d17f-7f32-a6dc-5cd1766b125b,s,A,QB10,1,0,standard_pi_2,18,0.04000000000000001,0.0,0.0,534,1024,0.521484375
01a0a594-d17f-7f32-a6dc-5cd1766b125b,s,A,QB10,1,0,standard_pi_2,19,0.053333333333333344,0.0,0.0,548,1024,0.53515625
01a0a594-d17f-7f32-a6dc-5cd1766b125b,s,A,QB10,1,0,standard_pi_2,20,0.06666666666666665,0.0,0.0,561,1024,0.5478515625
01a0a594-d17f-7f32-a6dc-5cd1766b125b,s,A,QB10,1,0,standard_pi_2,21,0.08000000000000002,0.0,0.0,577,1024,0.5634765625
01a0a594-d17f-7f32-a6dc-5cd1766b125b,s,A,QB10,1,0,standard_pi_2,22,0.09333333333333332,0.0,0.0,588,1024,0.57421875
01a0a594-d17f-7f32-a6dc-5cd1766b125b,s,A,QB10,1,0,standard_pi_2,23,0.10666666666666669,0.0,0.0,622,1024,0.607421875
01a0a594-d17f-7f32-a6dc-5cd1766b125b,s,A,QB10,1,0,standard_pi_2,24,0.12,0.0,0.0,626,1024,0.611328125
01a0a594-d17f-7f32-a6dc-5cd1766b125b,s,A,QB10,1,0,standard_pi_2,25,0.13333333333333336,0.0,0.0,622,1024,0.607421875
01a0a594-d17f-7f32-a6dc-5cd1766b125b,s,A,QB10,1,0,standard_pi_2,26,0.14666666666666667,0.0,0.0,614,1024,0.599609375
01a0a594-d17f-7f32-a6dc-5cd1766b125b,s,A,QB10,1,0,standard_pi_2,27,0.16000000000000003,0.0,0.0,642,1024,0.626953125
01a0a594-d17f-7f32-a6dc-5cd1766b125b,s,A,QB10,1,0,standard_pi_2,28,0.17333333333333334,0.0,0.0,636,1024,0.62109375
01a0a594-d17f-7f32-a6dc-5cd1766b125b,s,A,QB10,1,0,standard_pi_2,29,0.1866666666666667,0.0,0.0,644,1024,0.62890625
01a0a594-d17f-7f32-a6dc-5cd1766b125b,s,A,QB10,1,0,standard_pi_2,30,0.2,0.0,0.0,647,1024,0.6318359375
01a0a594-d17f-7f32-a6dc-5cd1766b125b,s,A,QB10,1,1,UVH5s,0,-0.2,0.0,0.0,467,1024,0.4560546875
01a0a594-d17f-7f32-a6dc-5cd1766b125b,s,A,QB10,1,1,UVH5s,1,-0.18666666666666668,0.0,0.0,509,1024,0.4970703125
01a0a594-d17f-7f32-a6dc-5cd1766b125b,s,A,QB10,1,1,UVH5s,2,-0.17333333333333334,0.0,0.0,474,1024,0.462890625
01a0a594-d17f-7f32-a6dc-5cd1766b125b,s,A,QB10,1,1,UVH5s,3,-0.16,0.0,0.0,501,1024,0.4892578125
01a0a594-d17f-7f32-a6dc-5cd1766b125b,s,A,QB10,1,1,UVH5s,4,-0.14666666666666667,0.0,0.0,516,1024,0.50390625
01a0a594-d17f-7f32-a6dc-5cd1766b125b,s,A,QB10,1,1,UVH5s,5,-0.13333333333333336,0.0,0.0,481,1024,0.4697265625
01a0a594-d17f-7f32-a6dc-5cd1766b125b,s,A,QB10,1,1,UVH5s,6,-0.12000000000000001,0.0,0.0,517,1024,0.5048828125
01a0a594-d17f-7f32-a6dc-5cd1766b125b,s,A,QB10,1,1,UVH5s,7,-0.10666666666666667,0.0,0.0,507,1024,0.4951171875
01a0a594-d17f-7f32-a6dc-5cd1766b125b,s,A,QB10,1,1,UVH5s,8,-0.09333333333333334,0.0,0.0,469,1024,0.4580078125
01a0a594-d17f-7f32-a6dc-5cd1766b125b,s,A,QB10,1,1,UVH5s,9,-0.08,0.0,0.0,494,1024,0.482421875
01a0a594-d17f-7f32-a6dc-5cd1766b125b,s,A,QB10,1,1,UVH5s,10,-0.06666666666666668,0.0,0.0,477,1024,0.4658203125
01a0a594-d17f-7f32-a6dc-5cd1766b125b,s,A,QB10,1,1,UVH5s,11,-0.053333333333333344,0.0,0.0,491,1024,0.4794921875
01a0a594-d17f-7f32-a6dc-5cd1766b125b,s,A,QB10,1,1,UVH5s,12,-0.04000000000000001,0.0,0.0,486,1024,0.474609375
01a0a594-d17f-7f32-a6dc-5cd1766b125b,s,A,QB10,1,1,UVH5s,13,-0.026666666666666672,0.0,0.0,477,1024,0.4658203125
01a0a594-d17f-7f32-a6dc-5cd1766b125b,s,A,QB10,1,1,UVH5s,14,-0.013333333333333336,0.0,0.0,487,1024,0.4755859375
01a0a594-d17f-7f32-a6dc-5cd1766b125b,s,A,QB10,1,1,UVH5s,15,0.0,0.0,0.0,493,1024,0.4814453125
01a0a594-d17f-7f32-a6dc-5cd1766b125b,s,A,QB10,1,1,UVH5s,16,0.013333333333333336,0.0,0.0,457,1024,0.4462890625
01a0a594-d17f-7f32-a6dc-5cd1766b125b,s,A,QB10,1,1,UVH5s,17,0.026666666666666672,0.0,0.0,486,1024,0.474609375
01a0a594-d17f-7f32-a6dc-5cd1766b125b,s,A,QB10,1,1,UVH5s,18,0.04000000000000001,0.0,0.0,486,1024,0.474609375
01a0a594-d17f-7f32-a6dc-5cd1766b125b,s,A,QB10,1,1,UVH5s,19,0.053333333333333344,0.0,0.0,481,1024,0.4697265625
01a0a594-d17f-7f32-a6dc-5cd1766b125b,s,A,QB10,1,1,UVH5s,20,0.06666666666666665,0.0,0.0,463,1024,0.4521484375
01a0a594-d17f-7f32-a6dc-5cd1766b125b,s,A,QB10,1,1,UVH5s,21,0.08000000000000002,0.0,0.0,482,1024,0.470703125
01a0a594-d17f-7f32-a6dc-5cd1766b125b,s,A,QB10,1,1,UVH5s,22,0.09333333333333332,0.0,0.0,512,1024,0.5
01a0a594-d17f-7f32-a6dc-5cd1766b125b,s,A,QB10,1,1,UVH5s,23,0.10666666666666669,0.0,0.0,450,1024,0.439453125
01a0a594-d17f-7f32-a6dc-5cd1766b125b,s,A,QB10,1,1,UVH5s,24,0.12,0.0,0.0,510,1024,0.498046875
01a0a594-d17f-7f32-a6dc-5cd1766b125b,s,A,QB10,1,1,UVH5s,25,0.13333333333333336,0.0,0.0,477,1024,0.4658203125
01a0a594-d17f-7f32-a6dc-5cd1766b125b,s,A,QB10,1,1,UVH5s,26,0.14666666666666667,0.0,0.0,452,1024,0.44140625
01a0a594-d17f-7f32-a6dc-5cd1766b125b,s,A,QB10,1,1,UVH5s,27,0.16000000000000003,0.0,0.0,505,1024,0.4931640625
01a0a594-d17f-7f32-a6dc-5cd1766b125b,s,A,QB10,1,1,UVH5s,28,0.17333333333333334,0.0,0.0,501,1024,0.4892578125
01a0a594-d17f-7f32-a6dc-5cd1766b125b,s,A,QB10,1,1,UVH5s,29,0.1866666666666667,0.0,0.0,492,1024,0.48046875
01a0a594-d17f-7f32-a6dc-5cd1766b125b,s,A,QB10,1,1,UVH5s,30,0.2,0.0,0.0,485,1024,0.4736328125
01a0a594-d17f-7f32-a6dc-5cd1766b125b,s,A,QB10,1,2,UVH7s,0,-0.2,0.0,0.0,546,1024,0.533203125
01a0a594-d17f-7f32-a6dc-5cd1766b125b,s,A,QB10,1,2,UVH7s,1,-0.18666666666666668,0.0,0.0,505,1024,0.4931640625
01a0a594-d17f-7f32-a6dc-5cd1766b125b,s,A,QB10,1,2,UVH7s,2,-0.17333333333333334,0.0,0.0,536,1024,0.5234375
01a0a594-d17f-7f32-a6dc-5cd1766b125b,s,A,QB10,1,2,UVH7s,3,-0.16,0.0,0.0,522,1024,0.509765625
01a0a594-d17f-7f32-a6dc-5cd1766b125b,s,A,QB10,1,2,UVH7s,4,-0.14666666666666667,0.0,0.0,517,1024,0.5048828125
01a0a594-d17f-7f32-a6dc-5cd1766b125b,s,A,QB10,1,2,UVH7s,5,-0.13333333333333336,0.0,0.0,485,1024,0.4736328125
01a0a594-d17f-7f32-a6dc-5cd1766b125b,s,A,QB10,1,2,UVH7s,6,-0.12000000000000001,0.0,0.0,533,1024,0.5205078125
01a0a594-d17f-7f32-a6dc-5cd1766b125b,s,A,QB10,1,2,UVH7s,7,-0.10666666666666667,0.0,0.0,501,1024,0.4892578125
01a0a594-d17f-7f32-a6dc-5cd1766b125b,s,A,QB10,1,2,UVH7s,8,-0.09333333333333334,0.0,0.0,507,1024,0.4951171875
01a0a594-d17f-7f32-a6dc-5cd1766b125b,s,A,QB10,1,2,UVH7s,9,-0.08,0.0,0.0,505,1024,0.4931640625
01a0a594-d17f-7f32-a6dc-5cd1766b125b,s,A,QB10,1,2,UVH7s,10,-0.06666666666666668,0.0,0.0,484,1024,0.47265625
01a0a594-d17f-7f32-a6dc-5cd1766b125b,s,A,QB10,1,2,UVH7s,11,-0.053333333333333344,0.0,0.0,525,1024,0.5126953125
01a0a594-d17f-7f32-a6dc-5cd1766b125b,s,A,QB10,1,2,UVH7s,12,-0.04000000000000001,0.0,0.0,490,1024,0.478515625
01a0a594-d17f-7f32-a6dc-5cd1766b125b,s,A,QB10,1,2,UVH7s,13,-0.026666666666666672,0.0,0.0,483,1024,0.4716796875
01a0a594-d17f-7f32-a6dc-5cd1766b125b,s,A,QB10,1,2,UVH7s,14,-0.013333333333333336,0.0,0.0,516,1024,0.50390625
01a0a594-d17f-7f32-a6dc-5cd1766b125b,s,A,QB10,1,2,UVH7s,15,0.0,0.0,0.0,490,1024,0.478515625
01a0a594-d17f-7f32-a6dc-5cd1766b125b,s,A,QB10,1,2,UVH7s,16,0.013333333333333336,0.0,0.0,496,1024,0.484375
01a0a594-d17f-7f32-a6dc-5cd1766b125b,s,A,QB10,1,2,UVH7s,17,0.026666666666666672,0.0,0.0,480,1024,0.46875
01a0a594-d17f-7f32-a6dc-5cd1766b125b,s,A,QB10,1,2,UVH7s,18,0.04000000000000001,0.0,0.0,494,1024,0.482421875
01a0a594-d17f-7f32-a6dc-5cd1766b125b,s,A,QB10,1,2,UVH7s,19,0.053333333333333344,0.0,0.0,469,1024,0.4580078125
01a0a594-d17f-7f32-a6dc-5cd1766b125b,s,A,QB10,1,2,UVH7s,20,0.06666666666666665,0.0,0.0,480,1024,0.46875
01a0a594-d17f-7f32-a6dc-5cd1766b125b,s,A,QB10,1,2,UVH7s,21,0.08000000000000002,0.0,0.0,456,1024,0.4453125
01a0a594-d17f-7f32-a6dc-5cd1766b125b,s,A,QB10,1,2,UVH7s,22,0.09333333333333332,0.0,0.0,470,1024,0.458984375
01a0a594-d17f-7f32-a6dc-5cd1766b125b,s,A,QB10,1,2,UVH7s,23,0.10666666666666669,0.0,0.0,480,1024,0.46875
01a0a594-d17f-7f32-a6dc-5cd1766b125b,s,A,QB10,1,2,UVH7s,24,0.12,0.0,0.0,476,1024,0.46484375
01a0a594-d17f-7f32-a6dc-5cd1766b125b,s,A,QB10,1,2,UVH7s,25,0.13333333333333336,0.0,0.0,430,1024,0.419921875
01a0a594-d17f-7f32-a6dc-5cd1766b125b,s,A,QB10,1,2,UVH7s,26,0.14666666666666667,0.0,0.0,479,1024,0.4677734375
01a0a594-d17f-7f32-a6dc-5cd1766b125b,s,A,QB10,1,2,UVH7s,27,0.16000000000000003,0.0,0.0,442,1024,0.431640625
01a0a594-d17f-7f32-a6dc-5cd1766b125b,s,A,QB10,1,2,UVH7s,28,0.17333333333333334,0.0,0.0,415,1024,0.4052734375
01a0a594-d17f-7f32-a6dc-5cd1766b125b,s,A,QB10,1,2,UVH7s,29,0.1866666666666667,0.0,0.0,431,1024,0.4208984375
01a0a594-d17f-7f32-a6dc-5cd1766b125b,s,A,QB10,1,2,UVH7s,30,0.2,0.0,0.0,435,1024,0.4248046875
01a0a594-d17f-7f32-a6dc-5cd1766b125b,s,A,QB10,1,3,UVH9s,0,-0.2,0.0,0.0,497,1024,0.4853515625
01a0a594-d17f-7f32-a6dc-5cd1766b125b,s,A,QB10,1,3,UVH9s,1,-0.18666666666666668,0.0,0.0,500,1024,0.48828125
01a0a594-d17f-7f32-a6dc-5cd1766b125b,s,A,QB10,1,3,UVH9s,2,-0.17333333333333334,0.0,0.0,501,1024,0.4892578125
01a0a594-d17f-7f32-a6dc-5cd1766b125b,s,A,QB10,1,3,UVH9s,3,-0.16,0.0,0.0,487,1024,0.4755859375
01a0a594-d17f-7f32-a6dc-5cd1766b125b,s,A,QB10,1,3,UVH9s,4,-0.14666666666666667,0.0,0.0,542,1024,0.529296875
01a0a594-d17f-7f32-a6dc-5cd1766b125b,s,A,QB10,1,3,UVH9s,5,-0.13333333333333336,0.0,0.0,509,1024,0.4970703125
01a0a594-d17f-7f32-a6dc-5cd1766b125b,s,A,QB10,1,3,UVH9s,6,-0.12000000000000001,0.0,0.0,516,1024,0.50390625
01a0a594-d17f-7f32-a6dc-5cd1766b125b,s,A,QB10,1,3,UVH9s,7,-0.10666666666666667,0.0,0.0,513,1024,0.5009765625
01a0a594-d17f-7f32-a6dc-5cd1766b125b,s,A,QB10,1,3,UVH9s,8,-0.09333333333333334,0.0,0.0,516,1024,0.50390625
01a0a594-d17f-7f32-a6dc-5cd1766b125b,s,A,QB10,1,3,UVH9s,9,-0.08,0.0,0.0,497,1024,0.4853515625
01a0a594-d17f-7f32-a6dc-5cd1766b125b,s,A,QB10,1,3,UVH9s,10,-0.06666666666666668,0.0,0.0,514,1024,0.501953125
01a0a594-d17f-7f32-a6dc-5cd1766b125b,s,A,QB10,1,3,UVH9s,11,-0.053333333333333344,0.0,0.0,513,1024,0.5009765625
01a0a594-d17f-7f32-a6dc-5cd1766b125b,s,A,QB10,1,3,UVH9s,12,-0.04000000000000001,0.0,0.0,496,1024,0.484375
01a0a594-d17f-7f32-a6dc-5cd1766b125b,s,A,QB10,1,3,UVH9s,13,-0.026666666666666672,0.0,0.0,493,1024,0.4814453125
01a0a594-d17f-7f32-a6dc-5cd1766b125b,s,A,QB10,1,3,UVH9s,14,-0.013333333333333336,0.0,0.0,509,1024,0.4970703125
01a0a594-d17f-7f32-a6dc-5cd1766b125b,s,A,QB10,1,3,UVH9s,15,0.0,0.0,0.0,496,1024,0.484375
01a0a594-d17f-7f32-a6dc-5cd1766b125b,s,A,QB10,1,3,UVH9s,16,0.013333333333333336,0.0,0.0,493,1024,0.4814453125
01a0a594-d17f-7f32-a6dc-5cd1766b125b,s,A,QB10,1,3,UVH9s,17,0.026666666666666672,0.0,0.0,487,1024,0.4755859375
01a0a594-d17f-7f32-a6dc-5cd1766b125b,s,A,QB10,1,3,UVH9s,18,0.04000000000000001,0.0,0.0,508,1024,0.49609375
01a0a594-d17f-7f32-a6dc-5cd1766b125b,s,A,QB10,1,3,UVH9s,19,0.053333333333333344,0.0,0.0,489,1024,0.4775390625
01a0a594-d17f-7f32-a6dc-5cd1766b125b,s,A,QB10,1,3,UVH9s,20,0.06666666666666665,0.0,0.0,526,1024,0.513671875
01a0a594-d17f-7f32-a6dc-5cd1766b125b,s,A,QB10,1,3,UVH9s,21,0.08000000000000002,0.0,0.0,507,1024,0.4951171875
01a0a594-d17f-7f32-a6dc-5cd1766b125b,s,A,QB10,1,3,UVH9s,22,0.09333333333333332,0.0,0.0,505,1024,0.4931640625
01a0a594-d17f-7f32-a6dc-5cd1766b125b,s,A,QB10,1,3,UVH9s,23,0.10666666666666669,0.0,0.0,531,1024,0.5185546875
01a0a594-d17f-7f32-a6dc-5cd1766b125b,s,A,QB10,1,3,UVH9s,24,0.12,0.0,0.0,502,1024,0.490234375
01a0a594-d17f-7f32-a6dc-5cd1766b125b,s,A,QB10,1,3,UVH9s,25,0.13333333333333336,0.0,0.0,523,1024,0.5107421875
01a0a594-d17f-7f32-a6dc-5cd1766b125b,s,A,QB10,1,3,UVH9s,26,0.14666666666666667,0.0,0.0,525,1024,0.5126953125
01a0a594-d17f-7f32-a6dc-5cd1766b125b,s,A,QB10,1,3,UVH9s,27,0.16000000000000003,0.0,0.0,507,1024,0.4951171875
01a0a594-d17f-7f32-a6dc-5cd1766b125b,s,A,QB10,1,3,UVH9s,28,0.17333333333333334,0.0,0.0,493,1024,0.4814453125
01a0a594-d17f-7f32-a6dc-5cd1766b125b,s,A,QB10,1,3,UVH9s,29,0.1866666666666667,0.0,0.0,500,1024,0.48828125
01a0a594-d17f-7f32-a6dc-5cd1766b125b,s,A,QB10,1,3,UVH9s,30,0.2,0.0,0.0,541,1024,0.5283203125
01a0a594-d17f-7f32-a6dc-5cd1766b125b,s,A,QB10,1,4,UVH11s,0,-0.2,0.0,0.0,516,1024,0.50390625
01a0a594-d17f-7f32-a6dc-5cd1766b125b,s,A,QB10,1,4,UVH11s,1,-0.18666666666666668,0.0,0.0,481,1024,0.4697265625
01a0a594-d17f-7f32-a6dc-5cd1766b125b,s,A,QB10,1,4,UVH11s,2,-0.17333333333333334,0.0,0.0,493,1024,0.4814453125
01a0a594-d17f-7f32-a6dc-5cd1766b125b,s,A,QB10,1,4,UVH11s,3,-0.16,0.0,0.0,501,1024,0.4892578125
01a0a594-d17f-7f32-a6dc-5cd1766b125b,s,A,QB10,1,4,UVH11s,4,-0.14666666666666667,0.0,0.0,504,1024,0.4921875
01a0a594-d17f-7f32-a6dc-5cd1766b125b,s,A,QB10,1,4,UVH11s,5,-0.13333333333333336,0.0,0.0,463,1024,0.4521484375
01a0a594-d17f-7f32-a6dc-5cd1766b125b,s,A,QB10,1,4,UVH11s,6,-0.12000000000000001,0.0,0.0,510,1024,0.498046875
01a0a594-d17f-7f32-a6dc-5cd1766b125b,s,A,QB10,1,4,UVH11s,7,-0.10666666666666667,0.0,0.0,526,1024,0.513671875
01a0a594-d17f-7f32-a6dc-5cd1766b125b,s,A,QB10,1,4,UVH11s,8,-0.09333333333333334,0.0,0.0,463,1024,0.4521484375
01a0a594-d17f-7f32-a6dc-5cd1766b125b,s,A,QB10,1,4,UVH11s,9,-0.08,0.0,0.0,456,1024,0.4453125
01a0a594-d17f-7f32-a6dc-5cd1766b125b,s,A,QB10,1,4,UVH11s,10,-0.06666666666666668,0.0,0.0,499,1024,0.4873046875
01a0a594-d17f-7f32-a6dc-5cd1766b125b,s,A,QB10,1,4,UVH11s,11,-0.053333333333333344,0.0,0.0,508,1024,0.49609375
01a0a594-d17f-7f32-a6dc-5cd1766b125b,s,A,QB10,1,4,UVH11s,12,-0.04000000000000001,0.0,0.0,468,1024,0.45703125
01a0a594-d17f-7f32-a6dc-5cd1766b125b,s,A,QB10,1,4,UVH11s,13,-0.026666666666666672,0.0,0.0,501,1024,0.4892578125
01a0a594-d17f-7f32-a6dc-5cd1766b125b,s,A,QB10,1,4,UVH11s,14,-0.013333333333333336,0.0,0.0,521,1024,0.5087890625
01a0a594-d17f-7f32-a6dc-5cd1766b125b,s,A,QB10,1,4,UVH11s,15,0.0,0.0,0.0,494,1024,0.482421875
01a0a594-d17f-7f32-a6dc-5cd1766b125b,s,A,QB10,1,4,UVH11s,16,0.013333333333333336,0.0,0.0,501,1024,0.4892578125
01a0a594-d17f-7f32-a6dc-5cd1766b125b,s,A,QB10,1,4,UVH11s,17,0.026666666666666672,0.0,0.0,490,1024,0.478515625
01a0a594-d17f-7f32-a6dc-5cd1766b125b,s,A,QB10,1,4,UVH11s,18,0.04000000000000001,0.0,0.0,500,1024,0.48828125
01a0a594-d17f-7f32-a6dc-5cd1766b125b,s,A,QB10,1,4,UVH11s,19,0.053333333333333344,0.0,0.0,497,1024,0.4853515625
01a0a594-d17f-7f32-a6dc-5cd1766b125b,s,A,QB10,1,4,UVH11s,20,0.06666666666666665,0.0,0.0,502,1024,0.490234375
01a0a594-d17f-7f32-a6dc-5cd1766b125b,s,A,QB10,1,4,UVH11s,21,0.08000000000000002,0.0,0.0,510,1024,0.498046875
01a0a594-d17f-7f32-a6dc-5cd1766b125b,s,A,QB10,1,4,UVH11s,22,0.09333333333333332,0.0,0.0,492,1024,0.48046875
01a0a594-d17f-7f32-a6dc-5cd1766b125b,s,A,QB10,1,4,UVH11s,23,0.10666666666666669,0.0,0.0,489,1024,0.4775390625
01a0a594-d17f-7f32-a6dc-5cd1766b125b,s,A,QB10,1,4,UVH11s,24,0.12,0.0,0.0,486,1024,0.474609375
01a0a594-d17f-7f32-a6dc-5cd1766b125b,s,A,QB10,1,4,UVH11s,25,0.13333333333333336,0.0,0.0,494,1024,0.482421875
01a0a594-d17f-7f32-a6dc-5cd1766b125b,s,A,QB10,1,4,UVH11s,26,0.14666666666666667,0.0,0.0,494,1024,0.482421875
01a0a594-d17f-7f32-a6dc-5cd1766b125b,s,A,QB10,1,4,UVH11s,27,0.16000000000000003,0.0,0.0,460,1024,0.44921875
01a0a594-d17f-7f32-a6dc-5cd1766b125b,s,A,QB10,1,4,UVH11s,28,0.17333333333333334,0.0,0.0,483,1024,0.4716796875
01a0a594-d17f-7f32-a6dc-5cd1766b125b,s,A,QB10,1,4,UVH11s,29,0.1866666666666667,0.0,0.0,472,1024,0.4609375
01a0a594-d17f-7f32-a6dc-5cd1766b125b,s,A,QB10,1,4,UVH11s,30,0.2,0.0,0.0,508,1024,0.49609375
01a0a594-d17f-7f32-a6dc-5cd1766b125b,s,A,QB10,1,5,UVH13s,0,-0.2,0.0,0.0,494,1024,0.482421875
01a0a594-d17f-7f32-a6dc-5cd1766b125b,s,A,QB10,1,5,UVH13s,1,-0.18666666666666668,0.0,0.0,503,1024,0.4912109375
01a0a594-d17f-7f32-a6dc-5cd1766b125b,s,A,QB10,1,5,UVH13s,2,-0.17333333333333334,0.0,0.0,537,1024,0.5244140625
01a0a594-d17f-7f32-a6dc-5cd1766b125b,s,A,QB10,1,5,UVH13s,3,-0.16,0.0,0.0,537,1024,0.5244140625
01a0a594-d17f-7f32-a6dc-5cd1766b125b,s,A,QB10,1,5,UVH13s,4,-0.14666666666666667,0.0,0.0,493,1024,0.4814453125
01a0a594-d17f-7f32-a6dc-5cd1766b125b,s,A,QB10,1,5,UVH13s,5,-0.13333333333333336,0.0,0.0,515,1024,0.5029296875
01a0a594-d17f-7f32-a6dc-5cd1766b125b,s,A,QB10,1,5,UVH13s,6,-0.12000000000000001,0.0,0.0,497,1024,0.4853515625
01a0a594-d17f-7f32-a6dc-5cd1766b125b,s,A,QB10,1,5,UVH13s,7,-0.10666666666666667,0.0,0.0,498,1024,0.486328125
01a0a594-d17f-7f32-a6dc-5cd1766b125b,s,A,QB10,1,5,UVH13s,8,-0.09333333333333334,0.0,0.0,496,1024,0.484375
01a0a594-d17f-7f32-a6dc-5cd1766b125b,s,A,QB10,1,5,UVH13s,9,-0.08,0.0,0.0,514,1024,0.501953125
01a0a594-d17f-7f32-a6dc-5cd1766b125b,s,A,QB10,1,5,UVH13s,10,-0.06666666666666668,0.0,0.0,508,1024,0.49609375
01a0a594-d17f-7f32-a6dc-5cd1766b125b,s,A,QB10,1,5,UVH13s,11,-0.053333333333333344,0.0,0.0,512,1024,0.5
01a0a594-d17f-7f32-a6dc-5cd1766b125b,s,A,QB10,1,5,UVH13s,12,-0.04000000000000001,0.0,0.0,509,1024,0.4970703125
01a0a594-d17f-7f32-a6dc-5cd1766b125b,s,A,QB10,1,5,UVH13s,13,-0.026666666666666672,0.0,0.0,508,1024,0.49609375
01a0a594-d17f-7f32-a6dc-5cd1766b125b,s,A,QB10,1,5,UVH13s,14,-0.013333333333333336,0.0,0.0,466,1024,0.455078125
01a0a594-d17f-7f32-a6dc-5cd1766b125b,s,A,QB10,1,5,UVH13s,15,0.0,0.0,0.0,515,1024,0.5029296875
01a0a594-d17f-7f32-a6dc-5cd1766b125b,s,A,QB10,1,5,UVH13s,16,0.013333333333333336,0.0,0.0,505,1024,0.4931640625
01a0a594-d17f-7f32-a6dc-5cd1766b125b,s,A,QB10,1,5,UVH13s,17,0.026666666666666672,0.0,0.0,505,1024,0.4931640625
01a0a594-d17f-7f32-a6dc-5cd1766b125b,s,A,QB10,1,5,UVH13s,18,0.04000000000000001,0.0,0.0,507,1024,0.4951171875
01a0a594-d17f-7f32-a6dc-5cd1766b125b,s,A,QB10,1,5,UVH13s,19,0.053333333333333344,0.0,0.0,482,1024,0.470703125
01a0a594-d17f-7f32-a6dc-5cd1766b125b,s,A,QB10,1,5,UVH13s,20,0.06666666666666665,0.0,0.0,487,1024,0.4755859375
01a0a594-d17f-7f32-a6dc-5cd1766b125b,s,A,QB10,1,5,UVH13s,21,0.08000000000000002,0.0,0.0,514,1024,0.501953125
01a0a594-d17f-7f32-a6dc-5cd1766b125b,s,A,QB10,1,5,UVH13s,22,0.09333333333333332,0.0,0.0,506,1024,0.494140625
01a0a594-d17f-7f32-a6dc-5cd1766b125b,s,A,QB10,1,5,UVH13s,23,0.10666666666666669,0.0,0.0,499,1024,0.4873046875
01a0a594-d17f-7f32-a6dc-5cd1766b125b,s,A,QB10,1,5,UVH13s,24,0.12,0.0,0.0,475,1024,0.4638671875
01a0a594-d17f-7f32-a6dc-5cd1766b125b,s,A,QB10,1,5,UVH13s,25,0.13333333333333336,0.0,0.0,481,1024,0.4697265625
01a0a594-d17f-7f32-a6dc-5cd1766b125b,s,A,QB10,1,5,UVH13s,26,0.14666666666666667,0.0,0.0,498,1024,0.486328125
01a0a594-d17f-7f32-a6dc-5cd1766b125b,s,A,QB10,1,5,UVH13s,27,0.16000000000000003,0.0,0.0,507,1024,0.4951171875
01a0a594-d17f-7f32-a6dc-5cd1766b125b,s,A,QB10,1,5,UVH13s,28,0.17333333333333334,0.0,0.0,507,1024,0.4951171875
01a0a594-d17f-7f32-a6dc-5cd1766b125b,s,A,QB10,1,5,UVH13s,29,0.1866666666666667,0.0,0.0,504,1024,0.4921875
01a0a594-d17f-7f32-a6dc-5cd1766b125b,s,A,QB10,1,5,UVH13s,30,0.2,0.0,0.0,473,1024,0.4619140625
01a0a594-d17f-7f32-a6dc-5cd1766b125b,s,A,QB11,2,0,standard_pi_2,0,-0.2,0.0,0.0,361,1024,0.3525390625
01a0a594-d17f-7f32-a6dc-5cd1766b125b,s,A,QB11,2,0,standard_pi_2,1,-0.18666666666666668,0.0,0.0,397,1024,0.3876953125
01a0a594-d17f-7f32-a6dc-5cd1766b125b,s,A,QB11,2,0,standard_pi_2,2,-0.17333333333333334,0.0,0.0,381,1024,0.3720703125
01a0a594-d17f-7f32-a6dc-5cd1766b125b,s,A,QB11,2,0,standard_pi_2,3,-0.16,0.0,0.0,397,1024,0.3876953125
01a0a594-d17f-7f32-a6dc-5cd1766b125b,s,A,QB11,2,0,standard_pi_2,4,-0.14666666666666667,0.0,0.0,384,1024,0.375
01a0a594-d17f-7f32-a6dc-5cd1766b125b,s,A,QB11,2,0,standard_pi_2,5,-0.13333333333333336,0.0,0.0,397,1024,0.3876953125
01a0a594-d17f-7f32-a6dc-5cd1766b125b,s,A,QB11,2,0,standard_pi_2,6,-0.12000000000000001,0.0,0.0,429,1024,0.4189453125
01a0a594-d17f-7f32-a6dc-5cd1766b125b,s,A,QB11,2,0,standard_pi_2,7,-0.10666666666666667,0.0,0.0,440,1024,0.4296875
01a0a594-d17f-7f32-a6dc-5cd1766b125b,s,A,QB11,2,0,standard_pi_2,8,-0.09333333333333334,0.0,0.0,422,1024,0.412109375
01a0a594-d17f-7f32-a6dc-5cd1766b125b,s,A,QB11,2,0,standard_pi_2,9,-0.08,0.0,0.0,440,1024,0.4296875
01a0a594-d17f-7f32-a6dc-5cd1766b125b,s,A,QB11,2,0,standard_pi_2,10,-0.06666666666666668,0.0,0.0,458,1024,0.447265625
01a0a594-d17f-7f32-a6dc-5cd1766b125b,s,A,QB11,2,0,standard_pi_2,11,-0.053333333333333344,0.0,0.0,469,1024,0.4580078125
01a0a594-d17f-7f32-a6dc-5cd1766b125b,s,A,QB11,2,0,standard_pi_2,12,-0.04000000000000001,0.0,0.0,465,1024,0.4541015625
01a0a594-d17f-7f32-a6dc-5cd1766b125b,s,A,QB11,2,0,standard_pi_2,13,-0.026666666666666672,0.0,0.0,493,1024,0.4814453125
01a0a594-d17f-7f32-a6dc-5cd1766b125b,s,A,QB11,2,0,standard_pi_2,14,-0.013333333333333336,0.0,0.0,485,1024,0.4736328125
01a0a594-d17f-7f32-a6dc-5cd1766b125b,s,A,QB11,2,0,standard_pi_2,15,0.0,0.0,0.0,524,1024,0.51171875
01a0a594-d17f-7f32-a6dc-5cd1766b125b,s,A,QB11,2,0,standard_pi_2,16,0.013333333333333336,0.0,0.0,508,1024,0.49609375
01a0a594-d17f-7f32-a6dc-5cd1766b125b,s,A,QB11,2,0,standard_pi_2,17,0.026666666666666672,0.0,0.0,491,1024,0.4794921875
01a0a594-d17f-7f32-a6dc-5cd1766b125b,s,A,QB11,2,0,standard_pi_2,18,0.04000000000000001,0.0,0.0,518,1024,0.505859375
01a0a594-d17f-7f32-a6dc-5cd1766b125b,s,A,QB11,2,0,standard_pi_2,19,0.053333333333333344,0.0,0.0,517,1024,0.5048828125
01a0a594-d17f-7f32-a6dc-5cd1766b125b,s,A,QB11,2,0,standard_pi_2,20,0.06666666666666665,0.0,0.0,539,1024,0.5263671875
01a0a594-d17f-7f32-a6dc-5cd1766b125b,s,A,QB11,2,0,standard_pi_2,21,0.08000000000000002,0.0,0.0,574,1024,0.560546875
01a0a594-d17f-7f32-a6dc-5cd1766b125b,s,A,QB11,2,0,standard_pi_2,22,0.09333333333333332,0.0,0.0,607,1024,0.5927734375
01a0a594-d17f-7f32-a6dc-5cd1766b125b,s,A,QB11,2,0,standard_pi_2,23,0.10666666666666669,0.0,0.0,592,1024,0.578125
01a0a594-d17f-7f32-a6dc-5cd1766b125b,s,A,QB11,2,0,standard_pi_2,24,0.12,0.0,0.0,606,1024,0.591796875
01a0a594-d17f-7f32-a6dc-5cd1766b125b,s,A,QB11,2,0,standard_pi_2,25,0.13333333333333336,0.0,0.0,601,1024,0.5869140625
01a0a594-d17f-7f32-a6dc-5cd1766b125b,s,A,QB11,2,0,standard_pi_2,26,0.14666666666666667,0.0,0.0,603,1024,0.5888671875
01a0a594-d17f-7f32-a6dc-5cd1766b125b,s,A,QB11,2,0,standard_pi_2,27,0.16000000000000003,0.0,0.0,600,1024,0.5859375
01a0a594-d17f-7f32-a6dc-5cd1766b125b,s,A,QB11,2,0,standard_pi_2,28,0.17333333333333334,0.0,0.0,629,1024,0.6142578125
01a0a594-d17f-7f32-a6dc-5cd1766b125b,s,A,QB11,2,0,standard_pi_2,29,0.1866666666666667,0.0,0.0,647,1024,0.6318359375
01a0a594-d17f-7f32-a6dc-5cd1766b125b,s,A,QB11,2,0,standard_pi_2,30,0.2,0.0,0.0,676,1024,0.66015625
01a0a594-d17f-7f32-a6dc-5cd1766b125b,s,A,QB11,2,1,UVH5s,0,-0.2,0.0,0.0,470,1024,0.458984375
01a0a594-d17f-7f32-a6dc-5cd1766b125b,s,A,QB11,2,1,UVH5s,1,-0.18666666666666668,0.0,0.0,466,1024,0.455078125
01a0a594-d17f-7f32-a6dc-5cd1766b125b,s,A,QB11,2,1,UVH5s,2,-0.17333333333333334,0.0,0.0,535,1024,0.5224609375
01a0a594-d17f-7f32-a6dc-5cd1766b125b,s,A,QB11,2,1,UVH5s,3,-0.16,0.0,0.0,491,1024,0.4794921875
01a0a594-d17f-7f32-a6dc-5cd1766b125b,s,A,QB11,2,1,UVH5s,4,-0.14666666666666667,0.0,0.0,518,1024,0.505859375
01a0a594-d17f-7f32-a6dc-5cd1766b125b,s,A,QB11,2,1,UVH5s,5,-0.13333333333333336,0.0,0.0,529,1024,0.5166015625
01a0a594-d17f-7f32-a6dc-5cd1766b125b,s,A,QB11,2,1,UVH5s,6,-0.12000000000000001,0.0,0.0,520,1024,0.5078125
01a0a594-d17f-7f32-a6dc-5cd1766b125b,s,A,QB11,2,1,UVH5s,7,-0.10666666666666667,0.0,0.0,513,1024,0.5009765625
01a0a594-d17f-7f32-a6dc-5cd1766b125b,s,A,QB11,2,1,UVH5s,8,-0.09333333333333334,0.0,0.0,509,1024,0.4970703125
01a0a594-d17f-7f32-a6dc-5cd1766b125b,s,A,QB11,2,1,UVH5s,9,-0.08,0.0,0.0,498,1024,0.486328125
01a0a594-d17f-7f32-a6dc-5cd1766b125b,s,A,QB11,2,1,UVH5s,10,-0.06666666666666668,0.0,0.0,492,1024,0.48046875
01a0a594-d17f-7f32-a6dc-5cd1766b125b,s,A,QB11,2,1,UVH5s,11,-0.053333333333333344,0.0,0.0,514,1024,0.501953125
01a0a594-d17f-7f32-a6dc-5cd1766b125b,s,A,QB11,2,1,UVH5s,12,-0.04000000000000001,0.0,0.0,537,1024,0.5244140625
01a0a594-d17f-7f32-a6dc-5cd1766b125b,s,A,QB11,2,1,UVH5s,13,-0.026666666666666672,0.0,0.0,510,1024,0.498046875
01a0a594-d17f-7f32-a6dc-5cd1766b125b,s,A,QB11,2,1,UVH5s,14,-0.013333333333333336,0.0,0.0,492,1024,0.48046875
01a0a594-d17f-7f32-a6dc-5cd1766b125b,s,A,QB11,2,1,UVH5s,15,0.0,0.0,0.0,506,1024,0.494140625
01a0a594-d17f-7f32-a6dc-5cd1766b125b,s,A,QB11,2,1,UVH5s,16,0.013333333333333336,0.0,0.0,528,1024,0.515625
01a0a594-d17f-7f32-a6dc-5cd1766b125b,s,A,QB11,2,1,UVH5s,17,0.026666666666666672,0.0,0.0,490,1024,0.478515625
01a0a594-d17f-7f32-a6dc-5cd1766b125b,s,A,QB11,2,1,UVH5s,18,0.04000000000000001,0.0,0.0,532,1024,0.51953125
01a0a594-d17f-7f32-a6dc-5cd1766b125b,s,A,QB11,2,1,UVH5s,19,0.053333333333333344,0.0,0.0,530,1024,0.517578125
01a0a594-d17f-7f32-a6dc-5cd1766b125b,s,A,QB11,2,1,UVH5s,20,0.06666666666666665,0.0,0.0,515,1024,0.5029296875
01a0a594-d17f-7f32-a6dc-5cd1766b125b,s,A,QB11,2,1,UVH5s,21,0.08000000000000002,0.0,0.0,537,1024,0.5244140625
01a0a594-d17f-7f32-a6dc-5cd1766b125b,s,A,QB11,2,1,UVH5s,22,0.09333333333333332,0.0,0.0,523,1024,0.5107421875
01a0a594-d17f-7f32-a6dc-5cd1766b125b,s,A,QB11,2,1,UVH5s,23,0.10666666666666669,0.0,0.0,528,1024,0.515625
01a0a594-d17f-7f32-a6dc-5cd1766b125b,s,A,QB11,2,1,UVH5s,24,0.12,0.0,0.0,535,1024,0.5224609375
01a0a594-d17f-7f32-a6dc-5cd1766b125b,s,A,QB11,2,1,UVH5s,25,0.13333333333333336,0.0,0.0,550,1024,0.537109375
01a0a594-d17f-7f32-a6dc-5cd1766b125b,s,A,QB11,2,1,UVH5s,26,0.14666666666666667,0.0,0.0,527,1024,0.5146484375
01a0a594-d17f-7f32-a6dc-5cd1766b125b,s,A,QB11,2,1,UVH5s,27,0.16000000000000003,0.0,0.0,549,1024,0.5361328125
01a0a594-d17f-7f32-a6dc-5cd1766b125b,s,A,QB11,2,1,UVH5s,28,0.17333333333333334,0.0,0.0,524,1024,0.51171875
01a0a594-d17f-7f32-a6dc-5cd1766b125b,s,A,QB11,2,1,UVH5s,29,0.1866666666666667,0.0,0.0,536,1024,0.5234375
01a0a594-d17f-7f32-a6dc-5cd1766b125b,s,A,QB11,2,1,UVH5s,30,0.2,0.0,0.0,531,1024,0.5185546875
01a0a594-d17f-7f32-a6dc-5cd1766b125b,s,A,QB11,2,2,UVH7s,0,-0.2,0.0,0.0,507,1024,0.4951171875
01a0a594-d17f-7f32-a6dc-5cd1766b125b,s,A,QB11,2,2,UVH7s,1,-0.18666666666666668,0.0,0.0,492,1024,0.48046875
01a0a594-d17f-7f32-a6dc-5cd1766b125b,s,A,QB11,2,2,UVH7s,2,-0.17333333333333334,0.0,0.0,488,1024,0.4765625
01a0a594-d17f-7f32-a6dc-5cd1766b125b,s,A,QB11,2,2,UVH7s,3,-0.16,0.0,0.0,485,1024,0.4736328125
01a0a594-d17f-7f32-a6dc-5cd1766b125b,s,A,QB11,2,2,UVH7s,4,-0.14666666666666667,0.0,0.0,525,1024,0.5126953125
01a0a594-d17f-7f32-a6dc-5cd1766b125b,s,A,QB11,2,2,UVH7s,5,-0.13333333333333336,0.0,0.0,492,1024,0.48046875
01a0a594-d17f-7f32-a6dc-5cd1766b125b,s,A,QB11,2,2,UVH7s,6,-0.12000000000000001,0.0,0.0,497,1024,0.4853515625
01a0a594-d17f-7f32-a6dc-5cd1766b125b,s,A,QB11,2,2,UVH7s,7,-0.10666666666666667,0.0,0.0,513,1024,0.5009765625
01a0a594-d17f-7f32-a6dc-5cd1766b125b,s,A,QB11,2,2,UVH7s,8,-0.09333333333333334,0.0,0.0,482,1024,0.470703125
01a0a594-d17f-7f32-a6dc-5cd1766b125b,s,A,QB11,2,2,UVH7s,9,-0.08,0.0,0.0,477,1024,0.4658203125
01a0a594-d17f-7f32-a6dc-5cd1766b125b,s,A,QB11,2,2,UVH7s,10,-0.06666666666666668,0.0,0.0,506,1024,0.494140625
01a0a594-d17f-7f32-a6dc-5cd1766b125b,s,A,QB11,2,2,UVH7s,11,-0.053333333333333344,0.0,0.0,501,1024,0.4892578125
01a0a594-d17f-7f32-a6dc-5cd1766b125b,s,A,QB11,2,2,UVH7s,12,-0.04000000000000001,0.0,0.0,498,1024,0.486328125
01a0a594-d17f-7f32-a6dc-5cd1766b125b,s,A,QB11,2,2,UVH7s,13,-0.026666666666666672,0.0,0.0,524,1024,0.51171875
01a0a594-d17f-7f32-a6dc-5cd1766b125b,s,A,QB11,2,2,UVH7s,14,-0.013333333333333336,0.0,0.0,530,1024,0.517578125
01a0a594-d17f-7f32-a6dc-5cd1766b125b,s,A,QB11,2,2,UVH7s,15,0.0,0.0,0.0,504,1024,0.4921875
01a0a594-d17f-7f32-a6dc-5cd1766b125b,s,A,QB11,2,2,UVH7s,16,0.013333333333333336,0.0,0.0,516,1024,0.50390625
01a0a594-d17f-7f32-a6dc-5cd1766b125b,s,A,QB11,2,2,UVH7s,17,0.026666666666666672,0.0,0.0,524,1024,0.51171875
01a0a594-d17f-7f32-a6dc-5cd1766b125b,s,A,QB11,2,2,UVH7s,18,0.04000000000000001,0.0,0.0,527,1024,0.5146484375
01a0a594-d17f-7f32-a6dc-5cd1766b125b,s,A,QB11,2,2,UVH7s,19,0.053333333333333344,0.0,0.0,534,1024,0.521484375
01a0a594-d17f-7f32-a6dc-5cd1766b125b,s,A,QB11,2,2,UVH7s,20,0.06666666666666665,0.0,0.0,516,1024,0.50390625
01a0a594-d17f-7f32-a6dc-5cd1766b125b,s,A,QB11,2,2,UVH7s,21,0.08000000000000002,0.0,0.0,516,1024,0.50390625
01a0a594-d17f-7f32-a6dc-5cd1766b125b,s,A,QB11,2,2,UVH7s,22,0.09333333333333332,0.0,0.0,500,1024,0.48828125
01a0a594-d17f-7f32-a6dc-5cd1766b125b,s,A,QB11,2,2,UVH7s,23,0.10666666666666669,0.0,0.0,528,1024,0.515625
01a0a594-d17f-7f32-a6dc-5cd1766b125b,s,A,QB11,2,2,UVH7s,24,0.12,0.0,0.0,491,1024,0.4794921875
01a0a594-d17f-7f32-a6dc-5cd1766b125b,s,A,QB11,2,2,UVH7s,25,0.13333333333333336,0.0,0.0,525,1024,0.5126953125
01a0a594-d17f-7f32-a6dc-5cd1766b125b,s,A,QB11,2,2,UVH7s,26,0.14666666666666667,0.0,0.0,517,1024,0.5048828125
01a0a594-d17f-7f32-a6dc-5cd1766b125b,s,A,QB11,2,2,UVH7s,27,0.16000000000000003,0.0,0.0,545,1024,0.5322265625
01a0a594-d17f-7f32-a6dc-5cd1766b125b,s,A,QB11,2,2,UVH7s,28,0.17333333333333334,0.0,0.0,519,1024,0.5068359375
01a0a594-d17f-7f32-a6dc-5cd1766b125b,s,A,QB11,2,2,UVH7s,29,0.1866666666666667,0.0,0.0,478,1024,0.466796875
01a0a594-d17f-7f32-a6dc-5cd1766b125b,s,A,QB11,2,2,UVH7s,30,0.2,0.0,0.0,514,1024,0.501953125
01a0a594-d17f-7f32-a6dc-5cd1766b125b,s,A,QB11,2,3,UVH9s,0,-0.2,0.0,0.0,450,1024,0.439453125
01a0a594-d17f-7f32-a6dc-5cd1766b125b,s,A,QB11,2,3,UVH9s,1,-0.18666666666666668,0.0,0.0,441,1024,0.4306640625
01a0a594-d17f-7f32-a6dc-5cd1766b125b,s,A,QB11,2,3,UVH9s,2,-0.17333333333333334,0.0,0.0,447,1024,0.4365234375
01a0a594-d17f-7f32-a6dc-5cd1766b125b,s,A,QB11,2,3,UVH9s,3,-0.16,0.0,0.0,432,1024,0.421875
01a0a594-d17f-7f32-a6dc-5cd1766b125b,s,A,QB11,2,3,UVH9s,4,-0.14666666666666667,0.0,0.0,439,1024,0.4287109375
01a0a594-d17f-7f32-a6dc-5cd1766b125b,s,A,QB11,2,3,UVH9s,5,-0.13333333333333336,0.0,0.0,444,1024,0.43359375
01a0a594-d17f-7f32-a6dc-5cd1766b125b,s,A,QB11,2,3,UVH9s,6,-0.12000000000000001,0.0,0.0,438,1024,0.427734375
01a0a594-d17f-7f32-a6dc-5cd1766b125b,s,A,QB11,2,3,UVH9s,7,-0.10666666666666667,0.0,0.0,441,1024,0.4306640625
01a0a594-d17f-7f32-a6dc-5cd1766b125b,s,A,QB11,2,3,UVH9s,8,-0.09333333333333334,0.0,0.0,416,1024,0.40625
01a0a594-d17f-7f32-a6dc-5cd1766b125b,s,A,QB11,2,3,UVH9s,9,-0.08,0.0,0.0,449,1024,0.4384765625
01a0a594-d17f-7f32-a6dc-5cd1766b125b,s,A,QB11,2,3,UVH9s,10,-0.06666666666666668,0.0,0.0,458,1024,0.447265625
01a0a594-d17f-7f32-a6dc-5cd1766b125b,s,A,QB11,2,3,UVH9s,11,-0.053333333333333344,0.0,0.0,435,1024,0.4248046875
01a0a594-d17f-7f32-a6dc-5cd1766b125b,s,A,QB11,2,3,UVH9s,12,-0.04000000000000001,0.0,0.0,446,1024,0.435546875
01a0a594-d17f-7f32-a6dc-5cd1766b125b,s,A,QB11,2,3,UVH9s,13,-0.026666666666666672,0.0,0.0,440,1024,0.4296875
01a0a594-d17f-7f32-a6dc-5cd1766b125b,s,A,QB11,2,3,UVH9s,14,-0.013333333333333336,0.0,0.0,464,1024,0.453125
01a0a594-d17f-7f32-a6dc-5cd1766b125b,s,A,QB11,2,3,UVH9s,15,0.0,0.0,0.0,430,1024,0.419921875
01a0a594-d17f-7f32-a6dc-5cd1766b125b,s,A,QB11,2,3,UVH9s,16,0.013333333333333336,0.0,0.0,431,1024,0.4208984375
01a0a594-d17f-7f32-a6dc-5cd1766b125b,s,A,QB11,2,3,UVH9s,17,0.026666666666666672,0.0,0.0,451,1024,0.4404296875
01a0a594-d17f-7f32-a6dc-5cd1766b125b,s,A,QB11,2,3,UVH9s,18,0.04000000000000001,0.0,0.0,426,1024,0.416015625
01a0a594-d17f-7f32-a6dc-5cd1766b125b,s,A,QB11,2,3,UVH9s,19,0.053333333333333344,0.0,0.0,446,1024,0.435546875
01a0a594-d17f-7f32-a6dc-5cd1766b125b,s,A,QB11,2,3,UVH9s,20,0.06666666666666665,0.0,0.0,445,1024,0.4345703125
01a0a594-d17f-7f32-a6dc-5cd1766b125b,s,A,QB11,2,3,UVH9s,21,0.08000000000000002,0.0,0.0,435,1024,0.4248046875
01a0a594-d17f-7f32-a6dc-5cd1766b125b,s,A,QB11,2,3,UVH9s,22,0.09333333333333332,0.0,0.0,415,1024,0.4052734375
01a0a594-d17f-7f32-a6dc-5cd1766b125b,s,A,QB11,2,3,UVH9s,23,0.10666666666666669,0.0,0.0,452,1024,0.44140625
01a0a594-d17f-7f32-a6dc-5cd1766b125b,s,A,QB11,2,3,UVH9s,24,0.12,0.0,0.0,450,1024,0.439453125
01a0a594-d17f-7f32-a6dc-5cd1766b125b,s,A,QB11,2,3,UVH9s,25,0.13333333333333336,0.0,0.0,462,1024,0.451171875
01a0a594-d17f-7f32-a6dc-5cd1766b125b,s,A,QB11,2,3,UVH9s,26,0.14666666666666667,0.0,0.0,468,1024,0.45703125
01a0a594-d17f-7f32-a6dc-5cd1766b125b,s,A,QB11,2,3,UVH9s,27,0.16000000000000003,0.0,0.0,456,1024,0.4453125
01a0a594-d17f-7f32-a6dc-5cd1766b125b,s,A,QB11,2,3,UVH9s,28,0.17333333333333334,0.0,0.0,450,1024,0.439453125
01a0a594-d17f-7f32-a6dc-5cd1766b125b,s,A,QB11,2,3,UVH9s,29,0.1866666666666667,0.0,0.0,470,1024,0.458984375
01a0a594-d17f-7f32-a6dc-5cd1766b125b,s,A,QB11,2,3,UVH9s,30,0.2,0.0,0.0,437,1024,0.4267578125
01a0a594-d17f-7f32-a6dc-5cd1766b125b,s,A,QB11,2,4,UVH11s,0,-0.2,0.0,0.0,476,1024,0.46484375
01a0a594-d17f-7f32-a6dc-5cd1766b125b,s,A,QB11,2,4,UVH11s,1,-0.18666666666666668,0.0,0.0,478,1024,0.466796875
01a0a594-d17f-7f32-a6dc-5cd1766b125b,s,A,QB11,2,4,UVH11s,2,-0.17333333333333334,0.0,0.0,502,1024,0.490234375
01a0a594-d17f-7f32-a6dc-5cd1766b125b,s,A,QB11,2,4,UVH11s,3,-0.16,0.0,0.0,471,1024,0.4599609375
01a0a594-d17f-7f32-a6dc-5cd1766b125b,s,A,QB11,2,4,UVH11s,4,-0.14666666666666667,0.0,0.0,497,1024,0.4853515625
01a0a594-d17f-7f32-a6dc-5cd1766b125b,s,A,QB11,2,4,UVH11s,5,-0.13333333333333336,0.0,0.0,489,1024,0.4775390625
01a0a594-d17f-7f32-a6dc-5cd1766b125b,s,A,QB11,2,4,UVH11s,6,-0.12000000000000001,0.0,0.0,473,1024,0.4619140625
01a0a594-d17f-7f32-a6dc-5cd1766b125b,s,A,QB11,2,4,UVH11s,7,-0.10666666666666667,0.0,0.0,504,1024,0.4921875
01a0a594-d17f-7f32-a6dc-5cd1766b125b,s,A,QB11,2,4,UVH11s,8,-0.09333333333333334,0.0,0.0,482,1024,0.470703125
01a0a594-d17f-7f32-a6dc-5cd1766b125b,s,A,QB11,2,4,UVH11s,9,-0.08,0.0,0.0,529,1024,0.5166015625
01a0a594-d17f-7f32-a6dc-5cd1766b125b,s,A,QB11,2,4,UVH11s,10,-0.06666666666666668,0.0,0.0,528,1024,0.515625
01a0a594-d17f-7f32-a6dc-5cd1766b125b,s,A,QB11,2,4,UVH11s,11,-0.053333333333333344,0.0,0.0,513,1024,0.5009765625
01a0a594-d17f-7f32-a6dc-5cd1766b125b,s,A,QB11,2,4,UVH11s,12,-0.04000000000000001,0.0,0.0,535,1024,0.5224609375
01a0a594-d17f-7f32-a6dc-5cd1766b125b,s,A,QB11,2,4,UVH11s,13,-0.026666666666666672,0.0,0.0,530,1024,0.517578125
01a0a594-d17f-7f32-a6dc-5cd1766b125b,s,A,QB11,2,4,UVH11s,14,-0.013333333333333336,0.0,0.0,531,1024,0.5185546875
01a0a594-d17f-7f32-a6dc-5cd1766b125b,s,A,QB11,2,4,UVH11s,15,0.0,0.0,0.0,537,1024,0.5244140625
01a0a594-d17f-7f32-a6dc-5cd1766b125b,s,A,QB11,2,4,UVH11s,16,0.013333333333333336,0.0,0.0,521,1024,0.5087890625
01a0a594-d17f-7f32-a6dc-5cd1766b125b,s,A,QB11,2,4,UVH11s,17,0.026666666666666672,0.0,0.0,534,1024,0.521484375
01a0a594-d17f-7f32-a6dc-5cd1766b125b,s,A,QB11,2,4,UVH11s,18,0.04000000000000001,0.0,0.0,546,1024,0.533203125
01a0a594-d17f-7f32-a6dc-5cd1766b125b,s,A,QB11,2,4,UVH11s,19,0.053333333333333344,0.0,0.0,544,1024,0.53125
01a0a594-d17f-7f32-a6dc-5cd1766b125b,s,A,QB11,2,4,UVH11s,20,0.06666666666666665,0.0,0.0,562,1024,0.548828125
01a0a594-d17f-7f32-a6dc-5cd1766b125b,s,A,QB11,2,4,UVH11s,21,0.08000000000000002,0.0,0.0,552,1024,0.5390625
01a0a594-d17f-7f32-a6dc-5cd1766b125b,s,A,QB11,2,4,UVH11s,22,0.09333333333333332,0.0,0.0,554,1024,0.541015625
01a0a594-d17f-7f32-a6dc-5cd1766b125b,s,A,QB11,2,4,UVH11s,23,0.10666666666666669,0.0,0.0,561,1024,0.5478515625
01a0a594-d17f-7f32-a6dc-5cd1766b125b,s,A,QB11,2,4,UVH11s,24,0.12,0.0,0.0,600,1024,0.5859375
01a0a594-d17f-7f32-a6dc-5cd1766b125b,s,A,QB11,2,4,UVH11s,25,0.13333333333333336,0.0,0.0,585,1024,0.5712890625
01a0a594-d17f-7f32-a6dc-5cd1766b125b,s,A,QB11,2,4,UVH11s,26,0.14666666666666667,0.0,0.0,580,1024,0.56640625
01a0a594-d17f-7f32-a6dc-5cd1766b125b,s,A,QB11,2,4,UVH11s,27,0.16000000000000003,0.0,0.0,601,1024,0.5869140625
01a0a594-d17f-7f32-a6dc-5cd1766b125b,s,A,QB11,2,4,UVH11s,28,0.17333333333333334,0.0,0.0,617,1024,0.6025390625
01a0a594-d17f-7f32-a6dc-5cd1766b125b,s,A,QB11,2,4,UVH11s,29,0.1866666666666667,0.0,0.0,614,1024,0.599609375
01a0a594-d17f-7f32-a6dc-5cd1766b125b,s,A,QB11,2,4,UVH11s,30,0.2,0.0,0.0,614,1024,0.599609375
01a0a594-d17f-7f32-a6dc-5cd1766b125b,s,A,QB11,2,5,UVH13s,0,-0.2,0.0,0.0,520,1024,0.5078125
01a0a594-d17f-7f32-a6dc-5cd1766b125b,s,A,QB11,2,5,UVH13s,1,-0.18666666666666668,0.0,0.0,504,1024,0.4921875
01a0a594-d17f-7f32-a6dc-5cd1766b125b,s,A,QB11,2,5,UVH13s,2,-0.17333333333333334,0.0,0.0,524,1024,0.51171875
01a0a594-d17f-7f32-a6dc-5cd1766b125b,s,A,QB11,2,5,UVH13s,3,-0.16,0.0,0.0,511,1024,0.4990234375
01a0a594-d17f-7f32-a6dc-5cd1766b125b,s,A,QB11,2,5,UVH13s,4,-0.14666666666666667,0.0,0.0,512,1024,0.5
01a0a594-d17f-7f32-a6dc-5cd1766b125b,s,A,QB11,2,5,UVH13s,5,-0.13333333333333336,0.0,0.0,506,1024,0.494140625
01a0a594-d17f-7f32-a6dc-5cd1766b125b,s,A,QB11,2,5,UVH13s,6,-0.12000000000000001,0.0,0.0,538,1024,0.525390625
01a0a594-d17f-7f32-a6dc-5cd1766b125b,s,A,QB11,2,5,UVH13s,7,-0.10666666666666667,0.0,0.0,525,1024,0.5126953125
01a0a594-d17f-7f32-a6dc-5cd1766b125b,s,A,QB11,2,5,UVH13s,8,-0.09333333333333334,0.0,0.0,469,1024,0.4580078125
01a0a594-d17f-7f32-a6dc-5cd1766b125b,s,A,QB11,2,5,UVH13s,9,-0.08,0.0,0.0,517,1024,0.5048828125
01a0a594-d17f-7f32-a6dc-5cd1766b125b,s,A,QB11,2,5,UVH13s,10,-0.06666666666666668,0.0,0.0,509,1024,0.4970703125
01a0a594-d17f-7f32-a6dc-5cd1766b125b,s,A,QB11,2,5,UVH13s,11,-0.053333333333333344,0.0,0.0,507,1024,0.4951171875
01a0a594-d17f-7f32-a6dc-5cd1766b125b,s,A,QB11,2,5,UVH13s,12,-0.04000000000000001,0.0,0.0,516,1024,0.50390625
01a0a594-d17f-7f32-a6dc-5cd1766b125b,s,A,QB11,2,5,UVH13s,13,-0.026666666666666672,0.0,0.0,531,1024,0.5185546875
01a0a594-d17f-7f32-a6dc-5cd1766b125b,s,A,QB11,2,5,UVH13s,14,-0.013333333333333336,0.0,0.0,509,1024,0.4970703125
01a0a594-d17f-7f32-a6dc-5cd1766b125b,s,A,QB11,2,5,UVH13s,15,0.0,0.0,0.0,499,1024,0.4873046875
01a0a594-d17f-7f32-a6dc-5cd1766b125b,s,A,QB11,2,5,UVH13s,16,0.013333333333333336,0.0,0.0,504,1024,0.4921875
01a0a594-d17f-7f32-a6dc-5cd1766b125b,s,A,QB11,2,5,UVH13s,17,0.026666666666666672,0.0,0.0,502,1024,0.490234375
01a0a594-d17f-7f32-a6dc-5cd1766b125b,s,A,QB11,2,5,UVH13s,18,0.04000000000000001,0.0,0.0,539,1024,0.5263671875
01a0a594-d17f-7f32-a6dc-5cd1766b125b,s,A,QB11,2,5,UVH13s,19,0.053333333333333344,0.0,0.0,523,1024,0.5107421875
01a0a594-d17f-7f32-a6dc-5cd1766b125b,s,A,QB11,2,5,UVH13s,20,0.06666666666666665,0.0,0.0,529,1024,0.5166015625
01a0a594-d17f-7f32-a6dc-5cd1766b125b,s,A,QB11,2,5,UVH13s,21,0.08000000000000002,0.0,0.0,540,1024,0.52734375
01a0a594-d17f-7f32-a6dc-5cd1766b125b,s,A,QB11,2,5,UVH13s,22,0.09333333333333332,0.0,0.0,526,1024,0.513671875
01a0a594-d17f-7f32-a6dc-5cd1766b125b,s,A,QB11,2,5,UVH13s,23,0.10666666666666669,0.0,0.0,527,1024,0.5146484375
01a0a594-d17f-7f32-a6dc-5cd1766b125b,s,A,QB11,2,5,UVH13s,24,0.12,0.0,0.0,515,1024,0.5029296875
01a0a594-d17f-7f32-a6dc-5cd1766b125b,s,A,QB11,2,5,UVH13s,25,0.13333333333333336,0.0,0.0,518,1024,0.505859375
01a0a594-d17f-7f32-a6dc-5cd1766b125b,s,A,QB11,2,5,UVH13s,26,0.14666666666666667,0.0,0.0,527,1024,0.5146484375
01a0a594-d17f-7f32-a6dc-5cd1766b125b,s,A,QB11,2,5,UVH13s,27,0.16000000000000003,0.0,0.0,508,1024,0.49609375
01a0a594-d17f-7f32-a6dc-5cd1766b125b,s,A,QB11,2,5,UVH13s,28,0.17333333333333334,0.0,0.0,533,1024,0.5205078125
01a0a594-d17f-7f32-a6dc-5cd1766b125b,s,A,QB11,2,5,UVH13s,29,0.1866666666666667,0.0,0.0,489,1024,0.4775390625
01a0a594-d17f-7f32-a6dc-5cd1766b125b,s,A,QB11,2,5,UVH13s,30,0.2,0.0,0.0,516,1024,0.50390625
01a0a594-d17f-7f32-a6dc-5cd1766b125b,s,A,QB9,3,0,standard_pi_2,0,-0.2,0.0,0.0,356,1024,0.34765625
01a0a594-d17f-7f32-a6dc-5cd1766b125b,s,A,QB9,3,0,standard_pi_2,1,-0.18666666666666668,0.0,0.0,374,1024,0.365234375
01a0a594-d17f-7f32-a6dc-5cd1766b125b,s,A,QB9,3,0,standard_pi_2,2,-0.17333333333333334,0.0,0.0,365,1024,0.3564453125
01a0a594-d17f-7f32-a6dc-5cd1766b125b,s,A,QB9,3,0,standard_pi_2,3,-0.16,0.0,0.0,414,1024,0.404296875
01a0a594-d17f-7f32-a6dc-5cd1766b125b,s,A,QB9,3,0,standard_pi_2,4,-0.14666666666666667,0.0,0.0,390,1024,0.380859375
01a0a594-d17f-7f32-a6dc-5cd1766b125b,s,A,QB9,3,0,standard_pi_2,5,-0.13333333333333336,0.0,0.0,420,1024,0.41015625
01a0a594-d17f-7f32-a6dc-5cd1766b125b,s,A,QB9,3,0,standard_pi_2,6,-0.12000000000000001,0.0,0.0,413,1024,0.4033203125
01a0a594-d17f-7f32-a6dc-5cd1766b125b,s,A,QB9,3,0,standard_pi_2,7,-0.10666666666666667,0.0,0.0,442,1024,0.431640625
01a0a594-d17f-7f32-a6dc-5cd1766b125b,s,A,QB9,3,0,standard_pi_2,8,-0.09333333333333334,0.0,0.0,437,1024,0.4267578125
01a0a594-d17f-7f32-a6dc-5cd1766b125b,s,A,QB9,3,0,standard_pi_2,9,-0.08,0.0,0.0,447,1024,0.4365234375
01a0a594-d17f-7f32-a6dc-5cd1766b125b,s,A,QB9,3,0,standard_pi_2,10,-0.06666666666666668,0.0,0.0,439,1024,0.4287109375
01a0a594-d17f-7f32-a6dc-5cd1766b125b,s,A,QB9,3,0,standard_pi_2,11,-0.053333333333333344,0.0,0.0,477,1024,0.4658203125
01a0a594-d17f-7f32-a6dc-5cd1766b125b,s,A,QB9,3,0,standard_pi_2,12,-0.04000000000000001,0.0,0.0,490,1024,0.478515625
01a0a594-d17f-7f32-a6dc-5cd1766b125b,s,A,QB9,3,0,standard_pi_2,13,-0.026666666666666672,0.0,0.0,484,1024,0.47265625
01a0a594-d17f-7f32-a6dc-5cd1766b125b,s,A,QB9,3,0,standard_pi_2,14,-0.013333333333333336,0.0,0.0,494,1024,0.482421875
01a0a594-d17f-7f32-a6dc-5cd1766b125b,s,A,QB9,3,0,standard_pi_2,15,0.0,0.0,0.0,483,1024,0.4716796875
01a0a594-d17f-7f32-a6dc-5cd1766b125b,s,A,QB9,3,0,standard_pi_2,16,0.013333333333333336,0.0,0.0,518,1024,0.505859375
01a0a594-d17f-7f32-a6dc-5cd1766b125b,s,A,QB9,3,0,standard_pi_2,17,0.026666666666666672,0.0,0.0,540,1024,0.52734375
01a0a594-d17f-7f32-a6dc-5cd1766b125b,s,A,QB9,3,0,standard_pi_2,18,0.04000000000000001,0.0,0.0,554,1024,0.541015625
01a0a594-d17f-7f32-a6dc-5cd1766b125b,s,A,QB9,3,0,standard_pi_2,19,0.053333333333333344,0.0,0.0,558,1024,0.544921875
01a0a594-d17f-7f32-a6dc-5cd1766b125b,s,A,QB9,3,0,standard_pi_2,20,0.06666666666666665,0.0,0.0,572,1024,0.55859375
01a0a594-d17f-7f32-a6dc-5cd1766b125b,s,A,QB9,3,0,standard_pi_2,21,0.08000000000000002,0.0,0.0,572,1024,0.55859375
01a0a594-d17f-7f32-a6dc-5cd1766b125b,s,A,QB9,3,0,standard_pi_2,22,0.09333333333333332,0.0,0.0,594,1024,0.580078125
01a0a594-d17f-7f32-a6dc-5cd1766b125b,s,A,QB9,3,0,standard_pi_2,23,0.10666666666666669,0.0,0.0,583,1024,0.5693359375
01a0a594-d17f-7f32-a6dc-5cd1766b125b,s,A,QB9,3,0,standard_pi_2,24,0.12,0.0,0.0,621,1024,0.6064453125
01a0a594-d17f-7f32-a6dc-5cd1766b125b,s,A,QB9,3,0,standard_pi_2,25,0.13333333333333336,0.0,0.0,603,1024,0.5888671875
01a0a594-d17f-7f32-a6dc-5cd1766b125b,s,A,QB9,3,0,standard_pi_2,26,0.14666666666666667,0.0,0.0,637,1024,0.6220703125
01a0a594-d17f-7f32-a6dc-5cd1766b125b,s,A,QB9,3,0,standard_pi_2,27,0.16000000000000003,0.0,0.0,587,1024,0.5732421875
01a0a594-d17f-7f32-a6dc-5cd1766b125b,s,A,QB9,3,0,standard_pi_2,28,0.17333333333333334,0.0,0.0,635,1024,0.6201171875
01a0a594-d17f-7f32-a6dc-5cd1766b125b,s,A,QB9,3,0,standard_pi_2,29,0.1866666666666667,0.0,0.0,630,1024,0.615234375
01a0a594-d17f-7f32-a6dc-5cd1766b125b,s,A,QB9,3,0,standard_pi_2,30,0.2,0.0,0.0,640,1024,0.625
01a0a594-d17f-7f32-a6dc-5cd1766b125b,s,A,QB9,3,1,UVH5s,0,-0.2,0.0,0.0,489,1024,0.4775390625
01a0a594-d17f-7f32-a6dc-5cd1766b125b,s,A,QB9,3,1,UVH5s,1,-0.18666666666666668,0.0,0.0,477,1024,0.4658203125
01a0a594-d17f-7f32-a6dc-5cd1766b125b,s,A,QB9,3,1,UVH5s,2,-0.17333333333333334,0.0,0.0,507,1024,0.4951171875
01a0a594-d17f-7f32-a6dc-5cd1766b125b,s,A,QB9,3,1,UVH5s,3,-0.16,0.0,0.0,486,1024,0.474609375
01a0a594-d17f-7f32-a6dc-5cd1766b125b,s,A,QB9,3,1,UVH5s,4,-0.14666666666666667,0.0,0.0,495,1024,0.4833984375
01a0a594-d17f-7f32-a6dc-5cd1766b125b,s,A,QB9,3,1,UVH5s,5,-0.13333333333333336,0.0,0.0,533,1024,0.5205078125
01a0a594-d17f-7f32-a6dc-5cd1766b125b,s,A,QB9,3,1,UVH5s,6,-0.12000000000000001,0.0,0.0,500,1024,0.48828125
01a0a594-d17f-7f32-a6dc-5cd1766b125b,s,A,QB9,3,1,UVH5s,7,-0.10666666666666667,0.0,0.0,516,1024,0.50390625
01a0a594-d17f-7f32-a6dc-5cd1766b125b,s,A,QB9,3,1,UVH5s,8,-0.09333333333333334,0.0,0.0,535,1024,0.5224609375
01a0a594-d17f-7f32-a6dc-5cd1766b125b,s,A,QB9,3,1,UVH5s,9,-0.08,0.0,0.0,511,1024,0.4990234375
01a0a594-d17f-7f32-a6dc-5cd1766b125b,s,A,QB9,3,1,UVH5s,10,-0.06666666666666668,0.0,0.0,500,1024,0.48828125
01a0a594-d17f-7f32-a6dc-5cd1766b125b,s,A,QB9,3,1,UVH5s,11,-0.053333333333333344,0.0,0.0,495,1024,0.4833984375
01a0a594-d17f-7f32-a6dc-5cd1766b125b,s,A,QB9,3,1,UVH5s,12,-0.04000000000000001,0.0,0.0,539,1024,0.5263671875
01a0a594-d17f-7f32-a6dc-5cd1766b125b,s,A,QB9,3,1,UVH5s,13,-0.026666666666666672,0.0,0.0,537,1024,0.5244140625
01a0a594-d17f-7f32-a6dc-5cd1766b125b,s,A,QB9,3,1,UVH5s,14,-0.013333333333333336,0.0,0.0,501,1024,0.4892578125
01a0a594-d17f-7f32-a6dc-5cd1766b125b,s,A,QB9,3,1,UVH5s,15,0.0,0.0,0.0,514,1024,0.501953125
01a0a594-d17f-7f32-a6dc-5cd1766b125b,s,A,QB9,3,1,UVH5s,16,0.013333333333333336,0.0,0.0,510,1024,0.498046875
01a0a594-d17f-7f32-a6dc-5cd1766b125b,s,A,QB9,3,1,UVH5s,17,0.026666666666666672,0.0,0.0,523,1024,0.5107421875
01a0a594-d17f-7f32-a6dc-5cd1766b125b,s,A,QB9,3,1,UVH5s,18,0.04000000000000001,0.0,0.0,468,1024,0.45703125
01a0a594-d17f-7f32-a6dc-5cd1766b125b,s,A,QB9,3,1,UVH5s,19,0.053333333333333344,0.0,0.0,525,1024,0.5126953125
01a0a594-d17f-7f32-a6dc-5cd1766b125b,s,A,QB9,3,1,UVH5s,20,0.06666666666666665,0.0,0.0,523,1024,0.5107421875
01a0a594-d17f-7f32-a6dc-5cd1766b125b,s,A,QB9,3,1,UVH5s,21,0.08000000000000002,0.0,0.0,505,1024,0.4931640625
01a0a594-d17f-7f32-a6dc-5cd1766b125b,s,A,QB9,3,1,UVH5s,22,0.09333333333333332,0.0,0.0,495,1024,0.4833984375
01a0a594-d17f-7f32-a6dc-5cd1766b125b,s,A,QB9,3,1,UVH5s,23,0.10666666666666669,0.0,0.0,519,1024,0.5068359375
01a0a594-d17f-7f32-a6dc-5cd1766b125b,s,A,QB9,3,1,UVH5s,24,0.12,0.0,0.0,508,1024,0.49609375
01a0a594-d17f-7f32-a6dc-5cd1766b125b,s,A,QB9,3,1,UVH5s,25,0.13333333333333336,0.0,0.0,512,1024,0.5
01a0a594-d17f-7f32-a6dc-5cd1766b125b,s,A,QB9,3,1,UVH5s,26,0.14666666666666667,0.0,0.0,505,1024,0.4931640625
01a0a594-d17f-7f32-a6dc-5cd1766b125b,s,A,QB9,3,1,UVH5s,27,0.16000000000000003,0.0,0.0,523,1024,0.5107421875
01a0a594-d17f-7f32-a6dc-5cd1766b125b,s,A,QB9,3,1,UVH5s,28,0.17333333333333334,0.0,0.0,499,1024,0.4873046875
01a0a594-d17f-7f32-a6dc-5cd1766b125b,s,A,QB9,3,1,UVH5s,29,0.1866666666666667,0.0,0.0,547,1024,0.5341796875
01a0a594-d17f-7f32-a6dc-5cd1766b125b,s,A,QB9,3,1,UVH5s,30,0.2,0.0,0.0,526,1024,0.513671875
01a0a594-d17f-7f32-a6dc-5cd1766b125b,s,A,QB9,3,2,UVH7s,0,-0.2,0.0,0.0,517,1024,0.5048828125
01a0a594-d17f-7f32-a6dc-5cd1766b125b,s,A,QB9,3,2,UVH7s,1,-0.18666666666666668,0.0,0.0,512,1024,0.5
01a0a594-d17f-7f32-a6dc-5cd1766b125b,s,A,QB9,3,2,UVH7s,2,-0.17333333333333334,0.0,0.0,493,1024,0.4814453125
01a0a594-d17f-7f32-a6dc-5cd1766b125b,s,A,QB9,3,2,UVH7s,3,-0.16,0.0,0.0,517,1024,0.5048828125
01a0a594-d17f-7f32-a6dc-5cd1766b125b,s,A,QB9,3,2,UVH7s,4,-0.14666666666666667,0.0,0.0,494,1024,0.482421875
01a0a594-d17f-7f32-a6dc-5cd1766b125b,s,A,QB9,3,2,UVH7s,5,-0.13333333333333336,0.0,0.0,492,1024,0.48046875
01a0a594-d17f-7f32-a6dc-5cd1766b125b,s,A,QB9,3,2,UVH7s,6,-0.12000000000000001,0.0,0.0,493,1024,0.4814453125
01a0a594-d17f-7f32-a6dc-5cd1766b125b,s,A,QB9,3,2,UVH7s,7,-0.10666666666666667,0.0,0.0,498,1024,0.486328125
01a0a594-d17f-7f32-a6dc-5cd1766b125b,s,A,QB9,3,2,UVH7s,8,-0.09333333333333334,0.0,0.0,517,1024,0.5048828125
01a0a594-d17f-7f32-a6dc-5cd1766b125b,s,A,QB9,3,2,UVH7s,9,-0.08,0.0,0.0,496,1024,0.484375
01a0a594-d17f-7f32-a6dc-5cd1766b125b,s,A,QB9,3,2,UVH7s,10,-0.06666666666666668,0.0,0.0,498,1024,0.486328125
01a0a594-d17f-7f32-a6dc-5cd1766b125b,s,A,QB9,3,2,UVH7s,11,-0.053333333333333344,0.0,0.0,505,1024,0.4931640625
01a0a594-d17f-7f32-a6dc-5cd1766b125b,s,A,QB9,3,2,UVH7s,12,-0.04000000000000001,0.0,0.0,477,1024,0.4658203125
01a0a594-d17f-7f32-a6dc-5cd1766b125b,s,A,QB9,3,2,UVH7s,13,-0.026666666666666672,0.0,0.0,467,1024,0.4560546875
01a0a594-d17f-7f32-a6dc-5cd1766b125b,s,A,QB9,3,2,UVH7s,14,-0.013333333333333336,0.0,0.0,489,1024,0.4775390625
01a0a594-d17f-7f32-a6dc-5cd1766b125b,s,A,QB9,3,2,UVH7s,15,0.0,0.0,0.0,476,1024,0.46484375
01a0a594-d17f-7f32-a6dc-5cd1766b125b,s,A,QB9,3,2,UVH7s,16,0.013333333333333336,0.0,0.0,457,1024,0.4462890625
01a0a594-d17f-7f32-a6dc-5cd1766b125b,s,A,QB9,3,2,UVH7s,17,0.026666666666666672,0.0,0.0,465,1024,0.4541015625
01a0a594-d17f-7f32-a6dc-5cd1766b125b,s,A,QB9,3,2,UVH7s,18,0.04000000000000001,0.0,0.0,452,1024,0.44140625
01a0a594-d17f-7f32-a6dc-5cd1766b125b,s,A,QB9,3,2,UVH7s,19,0.053333333333333344,0.0,0.0,481,1024,0.4697265625
01a0a594-d17f-7f32-a6dc-5cd1766b125b,s,A,QB9,3,2,UVH7s,20,0.06666666666666665,0.0,0.0,467,1024,0.4560546875
01a0a594-d17f-7f32-a6dc-5cd1766b125b,s,A,QB9,3,2,UVH7s,21,0.08000000000000002,0.0,0.0,517,1024,0.5048828125
01a0a594-d17f-7f32-a6dc-5cd1766b125b,s,A,QB9,3,2,UVH7s,22,0.09333333333333332,0.0,0.0,467,1024,0.4560546875
01a0a594-d17f-7f32-a6dc-5cd1766b125b,s,A,QB9,3,2,UVH7s,23,0.10666666666666669,0.0,0.0,471,1024,0.4599609375
01a0a594-d17f-7f32-a6dc-5cd1766b125b,s,A,QB9,3,2,UVH7s,24,0.12,0.0,0.0,440,1024,0.4296875
01a0a594-d17f-7f32-a6dc-5cd1766b125b,s,A,QB9,3,2,UVH7s,25,0.13333333333333336,0.0,0.0,436,1024,0.42578125
01a0a594-d17f-7f32-a6dc-5cd1766b125b,s,A,QB9,3,2,UVH7s,26,0.14666666666666667,0.0,0.0,457,1024,0.4462890625
01a0a594-d17f-7f32-a6dc-5cd1766b125b,s,A,QB9,3,2,UVH7s,27,0.16000000000000003,0.0,0.0,452,1024,0.44140625
01a0a594-d17f-7f32-a6dc-5cd1766b125b,s,A,QB9,3,2,UVH7s,28,0.17333333333333334,0.0,0.0,432,1024,0.421875
01a0a594-d17f-7f32-a6dc-5cd1766b125b,s,A,QB9,3,2,UVH7s,29,0.1866666666666667,0.0,0.0,420,1024,0.41015625
01a0a594-d17f-7f32-a6dc-5cd1766b125b,s,A,QB9,3,2,UVH7s,30,0.2,0.0,0.0,449,1024,0.4384765625
01a0a594-d17f-7f32-a6dc-5cd1766b125b,s,A,QB9,3,3,UVH9s,0,-0.2,0.0,0.0,489,1024,0.4775390625
01a0a594-d17f-7f32-a6dc-5cd1766b125b,s,A,QB9,3,3,UVH9s,1,-0.18666666666666668,0.0,0.0,473,1024,0.4619140625
01a0a594-d17f-7f32-a6dc-5cd1766b125b,s,A,QB9,3,3,UVH9s,2,-0.17333333333333334,0.0,0.0,473,1024,0.4619140625
01a0a594-d17f-7f32-a6dc-5cd1766b125b,s,A,QB9,3,3,UVH9s,3,-0.16,0.0,0.0,494,1024,0.482421875
01a0a594-d17f-7f32-a6dc-5cd1766b125b,s,A,QB9,3,3,UVH9s,4,-0.14666666666666667,0.0,0.0,490,1024,0.478515625
01a0a594-d17f-7f32-a6dc-5cd1766b125b,s,A,QB9,3,3,UVH9s,5,-0.13333333333333336,0.0,0.0,490,1024,0.478515625
01a0a594-d17f-7f32-a6dc-5cd1766b125b,s,A,QB9,3,3,UVH9s,6,-0.12000000000000001,0.0,0.0,492,1024,0.48046875
01a0a594-d17f-7f32-a6dc-5cd1766b125b,s,A,QB9,3,3,UVH9s,7,-0.10666666666666667,0.0,0.0,487,1024,0.4755859375
01a0a594-d17f-7f32-a6dc-5cd1766b125b,s,A,QB9,3,3,UVH9s,8,-0.09333333333333334,0.0,0.0,492,1024,0.48046875
01a0a594-d17f-7f32-a6dc-5cd1766b125b,s,A,QB9,3,3,UVH9s,9,-0.08,0.0,0.0,507,1024,0.4951171875
01a0a594-d17f-7f32-a6dc-5cd1766b125b,s,A,QB9,3,3,UVH9s,10,-0.06666666666666668,0.0,0.0,500,1024,0.48828125
01a0a594-d17f-7f32-a6dc-5cd1766b125b,s,A,QB9,3,3,UVH9s,11,-0.053333333333333344,0.0,0.0,493,1024,0.4814453125
01a0a594-d17f-7f32-a6dc-5cd1766b125b,s,A,QB9,3,3,UVH9s,12,-0.04000000000000001,0.0,0.0,488,1024,0.4765625
01a0a594-d17f-7f32-a6dc-5cd1766b125b,s,A,QB9,3,3,UVH9s,13,-0.026666666666666672,0.0,0.0,490,1024,0.478515625
01a0a594-d17f-7f32-a6dc-5cd1766b125b,s,A,QB9,3,3,UVH9s,14,-0.013333333333333336,0.0,0.0,473,1024,0.4619140625
01a0a594-d17f-7f32-a6dc-5cd1766b125b,s,A,QB9,3,3,UVH9s,15,0.0,0.0,0.0,487,1024,0.4755859375
01a0a594-d17f-7f32-a6dc-5cd1766b125b,s,A,QB9,3,3,UVH9s,16,0.013333333333333336,0.0,0.0,473,1024,0.4619140625
01a0a594-d17f-7f32-a6dc-5cd1766b125b,s,A,QB9,3,3,UVH9s,17,0.026666666666666672,0.0,0.0,483,1024,0.4716796875
01a0a594-d17f-7f32-a6dc-5cd1766b125b,s,A,QB9,3,3,UVH9s,18,0.04000000000000001,0.0,0.0,454,1024,0.443359375
01a0a594-d17f-7f32-a6dc-5cd1766b125b,s,A,QB9,3,3,UVH9s,19,0.053333333333333344,0.0,0.0,462,1024,0.451171875
01a0a594-d17f-7f32-a6dc-5cd1766b125b,s,A,QB9,3,3,UVH9s,20,0.06666666666666665,0.0,0.0,493,1024,0.4814453125
01a0a594-d17f-7f32-a6dc-5cd1766b125b,s,A,QB9,3,3,UVH9s,21,0.08000000000000002,0.0,0.0,464,1024,0.453125
01a0a594-d17f-7f32-a6dc-5cd1766b125b,s,A,QB9,3,3,UVH9s,22,0.09333333333333332,0.0,0.0,508,1024,0.49609375
01a0a594-d17f-7f32-a6dc-5cd1766b125b,s,A,QB9,3,3,UVH9s,23,0.10666666666666669,0.0,0.0,490,1024,0.478515625
01a0a594-d17f-7f32-a6dc-5cd1766b125b,s,A,QB9,3,3,UVH9s,24,0.12,0.0,0.0,476,1024,0.46484375
01a0a594-d17f-7f32-a6dc-5cd1766b125b,s,A,QB9,3,3,UVH9s,25,0.13333333333333336,0.0,0.0,476,1024,0.46484375
01a0a594-d17f-7f32-a6dc-5cd1766b125b,s,A,QB9,3,3,UVH9s,26,0.14666666666666667,0.0,0.0,468,1024,0.45703125
01a0a594-d17f-7f32-a6dc-5cd1766b125b,s,A,QB9,3,3,UVH9s,27,0.16000000000000003,0.0,0.0,483,1024,0.4716796875
01a0a594-d17f-7f32-a6dc-5cd1766b125b,s,A,QB9,3,3,UVH9s,28,0.17333333333333334,0.0,0.0,469,1024,0.4580078125
01a0a594-d17f-7f32-a6dc-5cd1766b125b,s,A,QB9,3,3,UVH9s,29,0.1866666666666667,0.0,0.0,468,1024,0.45703125
01a0a594-d17f-7f32-a6dc-5cd1766b125b,s,A,QB9,3,3,UVH9s,30,0.2,0.0,0.0,493,1024,0.4814453125
01a0a594-d17f-7f32-a6dc-5cd1766b125b,s,A,QB9,3,4,UVH11s,0,-0.2,0.0,0.0,524,1024,0.51171875
01a0a594-d17f-7f32-a6dc-5cd1766b125b,s,A,QB9,3,4,UVH11s,1,-0.18666666666666668,0.0,0.0,526,1024,0.513671875
01a0a594-d17f-7f32-a6dc-5cd1766b125b,s,A,QB9,3,4,UVH11s,2,-0.17333333333333334,0.0,0.0,528,1024,0.515625
01a0a594-d17f-7f32-a6dc-5cd1766b125b,s,A,QB9,3,4,UVH11s,3,-0.16,0.0,0.0,532,1024,0.51953125
01a0a594-d17f-7f32-a6dc-5cd1766b125b,s,A,QB9,3,4,UVH11s,4,-0.14666666666666667,0.0,0.0,526,1024,0.513671875
01a0a594-d17f-7f32-a6dc-5cd1766b125b,s,A,QB9,3,4,UVH11s,5,-0.13333333333333336,0.0,0.0,535,1024,0.5224609375
01a0a594-d17f-7f32-a6dc-5cd1766b125b,s,A,QB9,3,4,UVH11s,6,-0.12000000000000001,0.0,0.0,536,1024,0.5234375
01a0a594-d17f-7f32-a6dc-5cd1766b125b,s,A,QB9,3,4,UVH11s,7,-0.10666666666666667,0.0,0.0,518,1024,0.505859375
01a0a594-d17f-7f32-a6dc-5cd1766b125b,s,A,QB9,3,4,UVH11s,8,-0.09333333333333334,0.0,0.0,533,1024,0.5205078125
01a0a594-d17f-7f32-a6dc-5cd1766b125b,s,A,QB9,3,4,UVH11s,9,-0.08,0.0,0.0,528,1024,0.515625
01a0a594-d17f-7f32-a6dc-5cd1766b125b,s,A,QB9,3,4,UVH11s,10,-0.06666666666666668,0.0,0.0,513,1024,0.5009765625
01a0a594-d17f-7f32-a6dc-5cd1766b125b,s,A,QB9,3,4,UVH11s,11,-0.053333333333333344,0.0,0.0,549,1024,0.5361328125
01a0a594-d17f-7f32-a6dc-5cd1766b125b,s,A,QB9,3,4,UVH11s,12,-0.04000000000000001,0.0,0.0,511,1024,0.4990234375
01a0a594-d17f-7f32-a6dc-5cd1766b125b,s,A,QB9,3,4,UVH11s,13,-0.026666666666666672,0.0,0.0,516,1024,0.50390625
01a0a594-d17f-7f32-a6dc-5cd1766b125b,s,A,QB9,3,4,UVH11s,14,-0.013333333333333336,0.0,0.0,507,1024,0.4951171875
01a0a594-d17f-7f32-a6dc-5cd1766b125b,s,A,QB9,3,4,UVH11s,15,0.0,0.0,0.0,551,1024,0.5380859375
01a0a594-d17f-7f32-a6dc-5cd1766b125b,s,A,QB9,3,4,UVH11s,16,0.013333333333333336,0.0,0.0,531,1024,0.5185546875
01a0a594-d17f-7f32-a6dc-5cd1766b125b,s,A,QB9,3,4,UVH11s,17,0.026666666666666672,0.0,0.0,536,1024,0.5234375
01a0a594-d17f-7f32-a6dc-5cd1766b125b,s,A,QB9,3,4,UVH11s,18,0.04000000000000001,0.0,0.0,534,1024,0.521484375
01a0a594-d17f-7f32-a6dc-5cd1766b125b,s,A,QB9,3,4,UVH11s,19,0.053333333333333344,0.0,0.0,536,1024,0.5234375
01a0a594-d17f-7f32-a6dc-5cd1766b125b,s,A,QB9,3,4,UVH11s,20,0.06666666666666665,0.0,0.0,511,1024,0.4990234375
01a0a594-d17f-7f32-a6dc-5cd1766b125b,s,A,QB9,3,4,UVH11s,21,0.08000000000000002,0.0,0.0,502,1024,0.490234375
01a0a594-d17f-7f32-a6dc-5cd1766b125b,s,A,QB9,3,4,UVH11s,22,0.09333333333333332,0.0,0.0,483,1024,0.4716796875
01a0a594-d17f-7f32-a6dc-5cd1766b125b,s,A,QB9,3,4,UVH11s,23,0.10666666666666669,0.0,0.0,495,1024,0.4833984375
01a0a594-d17f-7f32-a6dc-5cd1766b125b,s,A,QB9,3,4,UVH11s,24,0.12,0.0,0.0,471,1024,0.4599609375
01a0a594-d17f-7f32-a6dc-5cd1766b125b,s,A,QB9,3,4,UVH11s,25,0.13333333333333336,0.0,0.0,533,1024,0.5205078125
01a0a594-d17f-7f32-a6dc-5cd1766b125b,s,A,QB9,3,4,UVH11s,26,0.14666666666666667,0.0,0.0,528,1024,0.515625
01a0a594-d17f-7f32-a6dc-5cd1766b125b,s,A,QB9,3,4,UVH11s,27,0.16000000000000003,0.0,0.0,498,1024,0.486328125
01a0a594-d17f-7f32-a6dc-5cd1766b125b,s,A,QB9,3,4,UVH11s,28,0.17333333333333334,0.0,0.0,524,1024,0.51171875
01a0a594-d17f-7f32-a6dc-5cd1766b125b,s,A,QB9,3,4,UVH11s,29,0.1866666666666667,0.0,0.0,504,1024,0.4921875
01a0a594-d17f-7f32-a6dc-5cd1766b125b,s,A,QB9,3,4,UVH11s,30,0.2,0.0,0.0,480,1024,0.46875
01a0a594-d17f-7f32-a6dc-5cd1766b125b,s,A,QB9,3,5,UVH13s,0,-0.2,0.0,0.0,466,1024,0.455078125
01a0a594-d17f-7f32-a6dc-5cd1766b125b,s,A,QB9,3,5,UVH13s,1,-0.18666666666666668,0.0,0.0,510,1024,0.498046875
01a0a594-d17f-7f32-a6dc-5cd1766b125b,s,A,QB9,3,5,UVH13s,2,-0.17333333333333334,0.0,0.0,483,1024,0.4716796875
01a0a594-d17f-7f32-a6dc-5cd1766b125b,s,A,QB9,3,5,UVH13s,3,-0.16,0.0,0.0,498,1024,0.486328125
01a0a594-d17f-7f32-a6dc-5cd1766b125b,s,A,QB9,3,5,UVH13s,4,-0.14666666666666667,0.0,0.0,505,1024,0.4931640625
01a0a594-d17f-7f32-a6dc-5cd1766b125b,s,A,QB9,3,5,UVH13s,5,-0.13333333333333336,0.0,0.0,505,1024,0.4931640625
01a0a594-d17f-7f32-a6dc-5cd1766b125b,s,A,QB9,3,5,UVH13s,6,-0.12000000000000001,0.0,0.0,495,1024,0.4833984375
01a0a594-d17f-7f32-a6dc-5cd1766b125b,s,A,QB9,3,5,UVH13s,7,-0.10666666666666667,0.0,0.0,461,1024,0.4501953125
01a0a594-d17f-7f32-a6dc-5cd1766b125b,s,A,QB9,3,5,UVH13s,8,-0.09333333333333334,0.0,0.0,481,1024,0.4697265625
01a0a594-d17f-7f32-a6dc-5cd1766b125b,s,A,QB9,3,5,UVH13s,9,-0.08,0.0,0.0,491,1024,0.4794921875
01a0a594-d17f-7f32-a6dc-5cd1766b125b,s,A,QB9,3,5,UVH13s,10,-0.06666666666666668,0.0,0.0,523,1024,0.5107421875
01a0a594-d17f-7f32-a6dc-5cd1766b125b,s,A,QB9,3,5,UVH13s,11,-0.053333333333333344,0.0,0.0,497,1024,0.4853515625
01a0a594-d17f-7f32-a6dc-5cd1766b125b,s,A,QB9,3,5,UVH13s,12,-0.04000000000000001,0.0,0.0,484,1024,0.47265625
01a0a594-d17f-7f32-a6dc-5cd1766b125b,s,A,QB9,3,5,UVH13s,13,-0.026666666666666672,0.0,0.0,495,1024,0.4833984375
01a0a594-d17f-7f32-a6dc-5cd1766b125b,s,A,QB9,3,5,UVH13s,14,-0.013333333333333336,0.0,0.0,478,1024,0.466796875
01a0a594-d17f-7f32-a6dc-5cd1766b125b,s,A,QB9,3,5,UVH13s,15,0.0,0.0,0.0,485,1024,0.4736328125
01a0a594-d17f-7f32-a6dc-5cd1766b125b,s,A,QB9,3,5,UVH13s,16,0.013333333333333336,0.0,0.0,494,1024,0.482421875
01a0a594-d17f-7f32-a6dc-5cd1766b125b,s,A,QB9,3,5,UVH13s,17,0.026666666666666672,0.0,0.0,484,1024,0.47265625
01a0a594-d17f-7f32-a6dc-5cd1766b125b,s,A,QB9,3,5,UVH13s,18,0.04000000000000001,0.0,0.0,503,1024,0.4912109375
01a0a594-d17f-7f32-a6dc-5cd1766b125b,s,A,QB9,3,5,UVH13s,19,0.053333333333333344,0.0,0.0,496,1024,0.484375
01a0a594-d17f-7f32-a6dc-5cd1766b125b,s,A,QB9,3,5,UVH13s,20,0.06666666666666665,0.0,0.0,506,1024,0.494140625
01a0a594-d17f-7f32-a6dc-5cd1766b125b,s,A,QB9,3,5,UVH13s,21,0.08000000000000002,0.0,0.0,478,1024,0.466796875
01a0a594-d17f-7f32-a6dc-5cd1766b125b,s,A,QB9,3,5,UVH13s,22,0.09333333333333332,0.0,0.0,490,1024,0.478515625
01a0a594-d17f-7f32-a6dc-5cd1766b125b,s,A,QB9,3,5,UVH13s,23,0.10666666666666669,0.0,0.0,502,1024,0.490234375
01a0a594-d17f-7f32-a6dc-5cd1766b125b,s,A,QB9,3,5,UVH13s,24,0.12,0.0,0.0,490,1024,0.478515625
01a0a594-d17f-7f32-a6dc-5cd1766b125b,s,A,QB9,3,5,UVH13s,25,0.13333333333333336,0.0,0.0,486,1024,0.474609375
01a0a594-d17f-7f32-a6dc-5cd1766b125b,s,A,QB9,3,5,UVH13s,26,0.14666666666666667,0.0,0.0,527,1024,0.5146484375
01a0a594-d17f-7f32-a6dc-5cd1766b125b,s,A,QB9,3,5,UVH13s,27,0.16000000000000003,0.0,0.0,457,1024,0.4462890625
01a0a594-d17f-7f32-a6dc-5cd1766b125b,s,A,QB9,3,5,UVH13s,28,0.17333333333333334,0.0,0.0,503,1024,0.4912109375
01a0a594-d17f-7f32-a6dc-5cd1766b125b,s,A,QB9,3,5,UVH13s,29,0.1866666666666667,0.0,0.0,505,1024,0.4931640625
01a0a594-d17f-7f32-a6dc-5cd1766b125b,s,A,QB9,3,5,UVH13s,30,0.2,0.0,0.0,506,1024,0.494140625
01a0a594-d17f-7f32-a6dc-5cd1766b125b,s,A,QB1,4,0,standard_pi_2,0,-0.2,0.0,0.0,361,1024,0.3525390625
01a0a594-d17f-7f32-a6dc-5cd1766b125b,s,A,QB1,4,0,standard_pi_2,1,-0.18666666666666668,0.0,0.0,399,1024,0.3896484375
01a0a594-d17f-7f32-a6dc-5cd1766b125b,s,A,QB1,4,0,standard_pi_2,2,-0.17333333333333334,0.0,0.0,398,1024,0.388671875
01a0a594-d17f-7f32-a6dc-5cd1766b125b,s,A,QB1,4,0,standard_pi_2,3,-0.16,0.0,0.0,393,1024,0.3837890625
01a0a594-d17f-7f32-a6dc-5cd1766b125b,s,A,QB1,4,0,standard_pi_2,4,-0.14666666666666667,0.0,0.0,399,1024,0.3896484375
01a0a594-d17f-7f32-a6dc-5cd1766b125b,s,A,QB1,4,0,standard_pi_2,5,-0.13333333333333336,0.0,0.0,419,1024,0.4091796875
01a0a594-d17f-7f32-a6dc-5cd1766b125b,s,A,QB1,4,0,standard_pi_2,6,-0.12000000000000001,0.0,0.0,432,1024,0.421875
01a0a594-d17f-7f32-a6dc-5cd1766b125b,s,A,QB1,4,0,standard_pi_2,7,-0.10666666666666667,0.0,0.0,442,1024,0.431640625
01a0a594-d17f-7f32-a6dc-5cd1766b125b,s,A,QB1,4,0,standard_pi_2,8,-0.09333333333333334,0.0,0.0,445,1024,0.4345703125
01a0a594-d17f-7f32-a6dc-5cd1766b125b,s,A,QB1,4,0,standard_pi_2,9,-0.08,0.0,0.0,465,1024,0.4541015625
01a0a594-d17f-7f32-a6dc-5cd1766b125b,s,A,QB1,4,0,standard_pi_2,10,-0.06666666666666668,0.0,0.0,488,1024,0.4765625
01a0a594-d17f-7f32-a6dc-5cd1766b125b,s,A,QB1,4,0,standard_pi_2,11,-0.053333333333333344,0.0,0.0,457,1024,0.4462890625
01a0a594-d17f-7f32-a6dc-5cd1766b125b,s,A,QB1,4,0,standard_pi_2,12,-0.04000000000000001,0.0,0.0,488,1024,0.4765625
01a0a594-d17f-7f32-a6dc-5cd1766b125b,s,A,QB1,4,0,standard_pi_2,13,-0.026666666666666672,0.0,0.0,491,1024,0.4794921875
01a0a594-d17f-7f32-a6dc-5cd1766b125b,s,A,QB1,4,0,standard_pi_2,14,-0.013333333333333336,0.0,0.0,497,1024,0.4853515625
01a0a594-d17f-7f32-a6dc-5cd1766b125b,s,A,QB1,4,0,standard_pi_2,15,0.0,0.0,0.0,475,1024,0.4638671875
01a0a594-d17f-7f32-a6dc-5cd1766b125b,s,A,QB1,4,0,standard_pi_2,16,0.013333333333333336,0.0,0.0,517,1024,0.5048828125
01a0a594-d17f-7f32-a6dc-5cd1766b125b,s,A,QB1,4,0,standard_pi_2,17,0.026666666666666672,0.0,0.0,537,1024,0.5244140625
01a0a594-d17f-7f32-a6dc-5cd1766b125b,s,A,QB1,4,0,standard_pi_2,18,0.04000000000000001,0.0,0.0,547,1024,0.5341796875
01a0a594-d17f-7f32-a6dc-5cd1766b125b,s,A,QB1,4,0,standard_pi_2,19,0.053333333333333344,0.0,0.0,522,1024,0.509765625
01a0a594-d17f-7f32-a6dc-5cd1766b125b,s,A,QB1,4,0,standard_pi_2,20,0.06666666666666665,0.0,0.0,585,1024,0.5712890625
01a0a594-d17f-7f32-a6dc-5cd1766b125b,s,A,QB1,4,0,standard_pi_2,21,0.08000000000000002,0.0,0.0,568,1024,0.5546875
01a0a594-d17f-7f32-a6dc-5cd1766b125b,s,A,QB1,4,0,standard_pi_2,22,0.09333333333333332,0.0,0.0,588,1024,0.57421875
01a0a594-d17f-7f32-a6dc-5cd1766b125b,s,A,QB1,4,0,standard_pi_2,23,0.10666666666666669,0.0,0.0,609,1024,0.5947265625
01a0a594-d17f-7f32-a6dc-5cd1766b125b,s,A,QB1,4,0,standard_pi_2,24,0.12,0.0,0.0,634,1024,0.619140625
01a0a594-d17f-7f32-a6dc-5cd1766b125b,s,A,QB1,4,0,standard_pi_2,25,0.13333333333333336,0.0,0.0,607,1024,0.5927734375
01a0a594-d17f-7f32-a6dc-5cd1766b125b,s,A,QB1,4,0,standard_pi_2,26,0.14666666666666667,0.0,0.0,611,1024,0.5966796875
01a0a594-d17f-7f32-a6dc-5cd1766b125b,s,A,QB1,4,0,standard_pi_2,27,0.16000000000000003,0.0,0.0,634,1024,0.619140625
01a0a594-d17f-7f32-a6dc-5cd1766b125b,s,A,QB1,4,0,standard_pi_2,28,0.17333333333333334,0.0,0.0,662,1024,0.646484375
01a0a594-d17f-7f32-a6dc-5cd1766b125b,s,A,QB1,4,0,standard_pi_2,29,0.1866666666666667,0.0,0.0,645,1024,0.6298828125
01a0a594-d17f-7f32-a6dc-5cd1766b125b,s,A,QB1,4,0,standard_pi_2,30,0.2,0.0,0.0,689,1024,0.6728515625
01a0a594-d17f-7f32-a6dc-5cd1766b125b,s,A,QB1,4,1,UVH5s,0,-0.2,0.0,0.0,497,1024,0.4853515625
01a0a594-d17f-7f32-a6dc-5cd1766b125b,s,A,QB1,4,1,UVH5s,1,-0.18666666666666668,0.0,0.0,511,1024,0.4990234375
01a0a594-d17f-7f32-a6dc-5cd1766b125b,s,A,QB1,4,1,UVH5s,2,-0.17333333333333334,0.0,0.0,504,1024,0.4921875
01a0a594-d17f-7f32-a6dc-5cd1766b125b,s,A,QB1,4,1,UVH5s,3,-0.16,0.0,0.0,533,1024,0.5205078125
01a0a594-d17f-7f32-a6dc-5cd1766b125b,s,A,QB1,4,1,UVH5s,4,-0.14666666666666667,0.0,0.0,517,1024,0.5048828125
01a0a594-d17f-7f32-a6dc-5cd1766b125b,s,A,QB1,4,1,UVH5s,5,-0.13333333333333336,0.0,0.0,537,1024,0.5244140625
01a0a594-d17f-7f32-a6dc-5cd1766b125b,s,A,QB1,4,1,UVH5s,6,-0.12000000000000001,0.0,0.0,521,1024,0.5087890625
01a0a594-d17f-7f32-a6dc-5cd1766b125b,s,A,QB1,4,1,UVH5s,7,-0.10666666666666667,0.0,0.0,522,1024,0.509765625
01a0a594-d17f-7f32-a6dc-5cd1766b125b,s,A,QB1,4,1,UVH5s,8,-0.09333333333333334,0.0,0.0,534,1024,0.521484375
01a0a594-d17f-7f32-a6dc-5cd1766b125b,s,A,QB1,4,1,UVH5s,9,-0.08,0.0,0.0,516,1024,0.50390625
01a0a594-d17f-7f32-a6dc-5cd1766b125b,s,A,QB1,4,1,UVH5s,10,-0.06666666666666668,0.0,0.0,530,1024,0.517578125
01a0a594-d17f-7f32-a6dc-5cd1766b125b,s,A,QB1,4,1,UVH5s,11,-0.053333333333333344,0.0,0.0,503,1024,0.4912109375
01a0a594-d17f-7f32-a6dc-5cd1766b125b,s,A,QB1,4,1,UVH5s,12,-0.04000000000000001,0.0,0.0,524,1024,0.51171875
01a0a594-d17f-7f32-a6dc-5cd1766b125b,s,A,QB1,4,1,UVH5s,13,-0.026666666666666672,0.0,0.0,505,1024,0.4931640625
01a0a594-d17f-7f32-a6dc-5cd1766b125b,s,A,QB1,4,1,UVH5s,14,-0.013333333333333336,0.0,0.0,557,1024,0.5439453125
01a0a594-d17f-7f32-a6dc-5cd1766b125b,s,A,QB1,4,1,UVH5s,15,0.0,0.0,0.0,514,1024,0.501953125
01a0a594-d17f-7f32-a6dc-5cd1766b125b,s,A,QB1,4,1,UVH5s,16,0.013333333333333336,0.0,0.0,523,1024,0.5107421875
01a0a594-d17f-7f32-a6dc-5cd1766b125b,s,A,QB1,4,1,UVH5s,17,0.026666666666666672,0.0,0.0,537,1024,0.5244140625
01a0a594-d17f-7f32-a6dc-5cd1766b125b,s,A,QB1,4,1,UVH5s,18,0.04000000000000001,0.0,0.0,548,1024,0.53515625
01a0a594-d17f-7f32-a6dc-5cd1766b125b,s,A,QB1,4,1,UVH5s,19,0.053333333333333344,0.0,0.0,532,1024,0.51953125
01a0a594-d17f-7f32-a6dc-5cd1766b125b,s,A,QB1,4,1,UVH5s,20,0.06666666666666665,0.0,0.0,515,1024,0.5029296875
01a0a594-d17f-7f32-a6dc-5cd1766b125b,s,A,QB1,4,1,UVH5s,21,0.08000000000000002,0.0,0.0,535,1024,0.5224609375
01a0a594-d17f-7f32-a6dc-5cd1766b125b,s,A,QB1,4,1,UVH5s,22,0.09333333333333332,0.0,0.0,515,1024,0.5029296875
01a0a594-d17f-7f32-a6dc-5cd1766b125b,s,A,QB1,4,1,UVH5s,23,0.10666666666666669,0.0,0.0,518,1024,0.505859375
01a0a594-d17f-7f32-a6dc-5cd1766b125b,s,A,QB1,4,1,UVH5s,24,0.12,0.0,0.0,564,1024,0.55078125
01a0a594-d17f-7f32-a6dc-5cd1766b125b,s,A,QB1,4,1,UVH5s,25,0.13333333333333336,0.0,0.0,525,1024,0.5126953125
01a0a594-d17f-7f32-a6dc-5cd1766b125b,s,A,QB1,4,1,UVH5s,26,0.14666666666666667,0.0,0.0,507,1024,0.4951171875
01a0a594-d17f-7f32-a6dc-5cd1766b125b,s,A,QB1,4,1,UVH5s,27,0.16000000000000003,0.0,0.0,503,1024,0.4912109375
01a0a594-d17f-7f32-a6dc-5cd1766b125b,s,A,QB1,4,1,UVH5s,28,0.17333333333333334,0.0,0.0,524,1024,0.51171875
01a0a594-d17f-7f32-a6dc-5cd1766b125b,s,A,QB1,4,1,UVH5s,29,0.1866666666666667,0.0,0.0,558,1024,0.544921875
01a0a594-d17f-7f32-a6dc-5cd1766b125b,s,A,QB1,4,1,UVH5s,30,0.2,0.0,0.0,519,1024,0.5068359375
01a0a594-d17f-7f32-a6dc-5cd1766b125b,s,A,QB1,4,2,UVH7s,0,-0.2,0.0,0.0,559,1024,0.5458984375
01a0a594-d17f-7f32-a6dc-5cd1766b125b,s,A,QB1,4,2,UVH7s,1,-0.18666666666666668,0.0,0.0,552,1024,0.5390625
01a0a594-d17f-7f32-a6dc-5cd1766b125b,s,A,QB1,4,2,UVH7s,2,-0.17333333333333334,0.0,0.0,526,1024,0.513671875
01a0a594-d17f-7f32-a6dc-5cd1766b125b,s,A,QB1,4,2,UVH7s,3,-0.16,0.0,0.0,530,1024,0.517578125
01a0a594-d17f-7f32-a6dc-5cd1766b125b,s,A,QB1,4,2,UVH7s,4,-0.14666666666666667,0.0,0.0,543,1024,0.5302734375
01a0a594-d17f-7f32-a6dc-5cd1766b125b,s,A,QB1,4,2,UVH7s,5,-0.13333333333333336,0.0,0.0,506,1024,0.494140625
01a0a594-d17f-7f32-a6dc-5cd1766b125b,s,A,QB1,4,2,UVH7s,6,-0.12000000000000001,0.0,0.0,505,1024,0.4931640625
01a0a594-d17f-7f32-a6dc-5cd1766b125b,s,A,QB1,4,2,UVH7s,7,-0.10666666666666667,0.0,0.0,530,1024,0.517578125
01a0a594-d17f-7f32-a6dc-5cd1766b125b,s,A,QB1,4,2,UVH7s,8,-0.09333333333333334,0.0,0.0,521,1024,0.5087890625
01a0a594-d17f-7f32-a6dc-5cd1766b125b,s,A,QB1,4,2,UVH7s,9,-0.08,0.0,0.0,515,1024,0.5029296875
01a0a594-d17f-7f32-a6dc-5cd1766b125b,s,A,QB1,4,2,UVH7s,10,-0.06666666666666668,0.0,0.0,509,1024,0.4970703125
01a0a594-d17f-7f32-a6dc-5cd1766b125b,s,A,QB1,4,2,UVH7s,11,-0.053333333333333344,0.0,0.0,490,1024,0.478515625
01a0a594-d17f-7f32-a6dc-5cd1766b125b,s,A,QB1,4,2,UVH7s,12,-0.04000000000000001,0.0,0.0,477,1024,0.4658203125
01a0a594-d17f-7f32-a6dc-5cd1766b125b,s,A,QB1,4,2,UVH7s,13,-0.026666666666666672,0.0,0.0,507,1024,0.4951171875
01a0a594-d17f-7f32-a6dc-5cd1766b125b,s,A,QB1,4,2,UVH7s,14,-0.013333333333333336,0.0,0.0,503,1024,0.4912109375
01a0a594-d17f-7f32-a6dc-5cd1766b125b,s,A,QB1,4,2,UVH7s,15,0.0,0.0,0.0,516,1024,0.50390625
01a0a594-d17f-7f32-a6dc-5cd1766b125b,s,A,QB1,4,2,UVH7s,16,0.013333333333333336,0.0,0.0,481,1024,0.4697265625
01a0a594-d17f-7f32-a6dc-5cd1766b125b,s,A,QB1,4,2,UVH7s,17,0.026666666666666672,0.0,0.0,535,1024,0.5224609375
01a0a594-d17f-7f32-a6dc-5cd1766b125b,s,A,QB1,4,2,UVH7s,18,0.04000000000000001,0.0,0.0,493,1024,0.4814453125
01a0a594-d17f-7f32-a6dc-5cd1766b125b,s,A,QB1,4,2,UVH7s,19,0.053333333333333344,0.0,0.0,515,1024,0.5029296875
01a0a594-d17f-7f32-a6dc-5cd1766b125b,s,A,QB1,4,2,UVH7s,20,0.06666666666666665,0.0,0.0,480,1024,0.46875
01a0a594-d17f-7f32-a6dc-5cd1766b125b,s,A,QB1,4,2,UVH7s,21,0.08000000000000002,0.0,0.0,502,1024,0.490234375
01a0a594-d17f-7f32-a6dc-5cd1766b125b,s,A,QB1,4,2,UVH7s,22,0.09333333333333332,0.0,0.0,503,1024,0.4912109375
01a0a594-d17f-7f32-a6dc-5cd1766b125b,s,A,QB1,4,2,UVH7s,23,0.10666666666666669,0.0,0.0,505,1024,0.4931640625
01a0a594-d17f-7f32-a6dc-5cd1766b125b,s,A,QB1,4,2,UVH7s,24,0.12,0.0,0.0,468,1024,0.45703125
01a0a594-d17f-7f32-a6dc-5cd1766b125b,s,A,QB1,4,2,UVH7s,25,0.13333333333333336,0.0,0.0,511,1024,0.4990234375
01a0a594-d17f-7f32-a6dc-5cd1766b125b,s,A,QB1,4,2,UVH7s,26,0.14666666666666667,0.0,0.0,468,1024,0.45703125
01a0a594-d17f-7f32-a6dc-5cd1766b125b,s,A,QB1,4,2,UVH7s,27,0.16000000000000003,0.0,0.0,527,1024,0.5146484375
01a0a594-d17f-7f32-a6dc-5cd1766b125b,s,A,QB1,4,2,UVH7s,28,0.17333333333333334,0.0,0.0,496,1024,0.484375
01a0a594-d17f-7f32-a6dc-5cd1766b125b,s,A,QB1,4,2,UVH7s,29,0.1866666666666667,0.0,0.0,503,1024,0.4912109375
01a0a594-d17f-7f32-a6dc-5cd1766b125b,s,A,QB1,4,2,UVH7s,30,0.2,0.0,0.0,489,1024,0.4775390625
01a0a594-d17f-7f32-a6dc-5cd1766b125b,s,A,QB1,4,3,UVH9s,0,-0.2,0.0,0.0,534,1024,0.521484375
01a0a594-d17f-7f32-a6dc-5cd1766b125b,s,A,QB1,4,3,UVH9s,1,-0.18666666666666668,0.0,0.0,498,1024,0.486328125
01a0a594-d17f-7f32-a6dc-5cd1766b125b,s,A,QB1,4,3,UVH9s,2,-0.17333333333333334,0.0,0.0,513,1024,0.5009765625
01a0a594-d17f-7f32-a6dc-5cd1766b125b,s,A,QB1,4,3,UVH9s,3,-0.16,0.0,0.0,510,1024,0.498046875
01a0a594-d17f-7f32-a6dc-5cd1766b125b,s,A,QB1,4,3,UVH9s,4,-0.14666666666666667,0.0,0.0,515,1024,0.5029296875
01a0a594-d17f-7f32-a6dc-5cd1766b125b,s,A,QB1,4,3,UVH9s,5,-0.13333333333333336,0.0,0.0,520,1024,0.5078125
01a0a594-d17f-7f32-a6dc-5cd1766b125b,s,A,QB1,4,3,UVH9s,6,-0.12000000000000001,0.0,0.0,518,1024,0.505859375
01a0a594-d17f-7f32-a6dc-5cd1766b125b,s,A,QB1,4,3,UVH9s,7,-0.10666666666666667,0.0,0.0,544,1024,0.53125
01a0a594-d17f-7f32-a6dc-5cd1766b125b,s,A,QB1,4,3,UVH9s,8,-0.09333333333333334,0.0,0.0,503,1024,0.4912109375
01a0a594-d17f-7f32-a6dc-5cd1766b125b,s,A,QB1,4,3,UVH9s,9,-0.08,0.0,0.0,524,1024,0.51171875
01a0a594-d17f-7f32-a6dc-5cd1766b125b,s,A,QB1,4,3,UVH9s,10,-0.06666666666666668,0.0,0.0,500,1024,0.48828125
01a0a594-d17f-7f32-a6dc-5cd1766b125b,s,A,QB1,4,3,UVH9s,11,-0.053333333333333344,0.0,0.0,533,1024,0.5205078125
01a0a594-d17f-7f32-a6dc-5cd1766b125b,s,A,QB1,4,3,UVH9s,12,-0.04000000000000001,0.0,0.0,541,1024,0.5283203125
01a0a594-d17f-7f32-a6dc-5cd1766b125b,s,A,QB1,4,3,UVH9s,13,-0.026666666666666672,0.0,0.0,532,1024,0.51953125
01a0a594-d17f-7f32-a6dc-5cd1766b125b,s,A,QB1,4,3,UVH9s,14,-0.013333333333333336,0.0,0.0,537,1024,0.5244140625
01a0a594-d17f-7f32-a6dc-5cd1766b125b,s,A,QB1,4,3,UVH9s,15,0.0,0.0,0.0,529,1024,0.5166015625
01a0a594-d17f-7f32-a6dc-5cd1766b125b,s,A,QB1,4,3,UVH9s,16,0.013333333333333336,0.0,0.0,505,1024,0.4931640625
01a0a594-d17f-7f32-a6dc-5cd1766b125b,s,A,QB1,4,3,UVH9s,17,0.026666666666666672,0.0,0.0,545,1024,0.5322265625
01a0a594-d17f-7f32-a6dc-5cd1766b125b,s,A,QB1,4,3,UVH9s,18,0.04000000000000001,0.0,0.0,514,1024,0.501953125
01a0a594-d17f-7f32-a6dc-5cd1766b125b,s,A,QB1,4,3,UVH9s,19,0.053333333333333344,0.0,0.0,568,1024,0.5546875
01a0a594-d17f-7f32-a6dc-5cd1766b125b,s,A,QB1,4,3,UVH9s,20,0.06666666666666665,0.0,0.0,549,1024,0.5361328125
01a0a594-d17f-7f32-a6dc-5cd1766b125b,s,A,QB1,4,3,UVH9s,21,0.08000000000000002,0.0,0.0,529,1024,0.5166015625
01a0a594-d17f-7f32-a6dc-5cd1766b125b,s,A,QB1,4,3,UVH9s,22,0.09333333333333332,0.0,0.0,569,1024,0.5556640625
01a0a594-d17f-7f32-a6dc-5cd1766b125b,s,A,QB1,4,3,UVH9s,23,0.10666666666666669,0.0,0.0,574,1024,0.560546875
01a0a594-d17f-7f32-a6dc-5cd1766b125b,s,A,QB1,4,3,UVH9s,24,0.12,0.0,0.0,542,1024,0.529296875
01a0a594-d17f-7f32-a6dc-5cd1766b125b,s,A,QB1,4,3,UVH9s,25,0.13333333333333336,0.0,0.0,561,1024,0.5478515625
01a0a594-d17f-7f32-a6dc-5cd1766b125b,s,A,QB1,4,3,UVH9s,26,0.14666666666666667,0.0,0.0,546,1024,0.533203125
01a0a594-d17f-7f32-a6dc-5cd1766b125b,s,A,QB1,4,3,UVH9s,27,0.16000000000000003,0.0,0.0,529,1024,0.5166015625
01a0a594-d17f-7f32-a6dc-5cd1766b125b,s,A,QB1,4,3,UVH9s,28,0.17333333333333334,0.0,0.0,573,1024,0.5595703125
01a0a594-d17f-7f32-a6dc-5cd1766b125b,s,A,QB1,4,3,UVH9s,29,0.1866666666666667,0.0,0.0,563,1024,0.5498046875
01a0a594-d17f-7f32-a6dc-5cd1766b125b,s,A,QB1,4,3,UVH9s,30,0.2,0.0,0.0,572,1024,0.55859375
01a0a594-d17f-7f32-a6dc-5cd1766b125b,s,A,QB1,4,4,UVH11s,0,-0.2,0.0,0.0,497,1024,0.4853515625
01a0a594-d17f-7f32-a6dc-5cd1766b125b,s,A,QB1,4,4,UVH11s,1,-0.18666666666666668,0.0,0.0,513,1024,0.5009765625
01a0a594-d17f-7f32-a6dc-5cd1766b125b,s,A,QB1,4,4,UVH11s,2,-0.17333333333333334,0.0,0.0,492,1024,0.48046875
01a0a594-d17f-7f32-a6dc-5cd1766b125b,s,A,QB1,4,4,UVH11s,3,-0.16,0.0,0.0,514,1024,0.501953125
01a0a594-d17f-7f32-a6dc-5cd1766b125b,s,A,QB1,4,4,UVH11s,4,-0.14666666666666667,0.0,0.0,512,1024,0.5
01a0a594-d17f-7f32-a6dc-5cd1766b125b,s,A,QB1,4,4,UVH11s,5,-0.13333333333333336,0.0,0.0,467,1024,0.4560546875
01a0a594-d17f-7f32-a6dc-5cd1766b125b,s,A,QB1,4,4,UVH11s,6,-0.12000000000000001,0.0,0.0,490,1024,0.478515625
01a0a594-d17f-7f32-a6dc-5cd1766b125b,s,A,QB1,4,4,UVH11s,7,-0.10666666666666667,0.0,0.0,478,1024,0.466796875
01a0a594-d17f-7f32-a6dc-5cd1766b125b,s,A,QB1,4,4,UVH11s,8,-0.09333333333333334,0.0,0.0,496,1024,0.484375
01a0a594-d17f-7f32-a6dc-5cd1766b125b,s,A,QB1,4,4,UVH11s,9,-0.08,0.0,0.0,520,1024,0.5078125
01a0a594-d17f-7f32-a6dc-5cd1766b125b,s,A,QB1,4,4,UVH11s,10,-0.06666666666666668,0.0,0.0,505,1024,0.4931640625
01a0a594-d17f-7f32-a6dc-5cd1766b125b,s,A,QB1,4,4,UVH11s,11,-0.053333333333333344,0.0,0.0,507,1024,0.4951171875
01a0a594-d17f-7f32-a6dc-5cd1766b125b,s,A,QB1,4,4,UVH11s,12,-0.04000000000000001,0.0,0.0,479,1024,0.4677734375
01a0a594-d17f-7f32-a6dc-5cd1766b125b,s,A,QB1,4,4,UVH11s,13,-0.026666666666666672,0.0,0.0,503,1024,0.4912109375
01a0a594-d17f-7f32-a6dc-5cd1766b125b,s,A,QB1,4,4,UVH11s,14,-0.013333333333333336,0.0,0.0,488,1024,0.4765625
01a0a594-d17f-7f32-a6dc-5cd1766b125b,s,A,QB1,4,4,UVH11s,15,0.0,0.0,0.0,484,1024,0.47265625
01a0a594-d17f-7f32-a6dc-5cd1766b125b,s,A,QB1,4,4,UVH11s,16,0.013333333333333336,0.0,0.0,465,1024,0.4541015625
01a0a594-d17f-7f32-a6dc-5cd1766b125b,s,A,QB1,4,4,UVH11s,17,0.026666666666666672,0.0,0.0,464,1024,0.453125
01a0a594-d17f-7f32-a6dc-5cd1766b125b,s,A,QB1,4,4,UVH11s,18,0.04000000000000001,0.0,0.0,502,1024,0.490234375
01a0a594-d17f-7f32-a6dc-5cd1766b125b,s,A,QB1,4,4,UVH11s,19,0.053333333333333344,0.0,0.0,477,1024,0.4658203125
01a0a594-d17f-7f32-a6dc-5cd1766b125b,s,A,QB1,4,4,UVH11s,20,0.06666666666666665,0.0,0.0,526,1024,0.513671875
01a0a594-d17f-7f32-a6dc-5cd1766b125b,s,A,QB1,4,4,UVH11s,21,0.08000000000000002,0.0,0.0,475,1024,0.4638671875
01a0a594-d17f-7f32-a6dc-5cd1766b125b,s,A,QB1,4,4,UVH11s,22,0.09333333333333332,0.0,0.0,481,1024,0.4697265625
01a0a594-d17f-7f32-a6dc-5cd1766b125b,s,A,QB1,4,4,UVH11s,23,0.10666666666666669,0.0,0.0,488,1024,0.4765625
01a0a594-d17f-7f32-a6dc-5cd1766b125b,s,A,QB1,4,4,UVH11s,24,0.12,0.0,0.0,528,1024,0.515625
01a0a594-d17f-7f32-a6dc-5cd1766b125b,s,A,QB1,4,4,UVH11s,25,0.13333333333333336,0.0,0.0,515,1024,0.5029296875
01a0a594-d17f-7f32-a6dc-5cd1766b125b,s,A,QB1,4,4,UVH11s,26,0.14666666666666667,0.0,0.0,539,1024,0.5263671875
01a0a594-d17f-7f32-a6dc-5cd1766b125b,s,A,QB1,4,4,UVH11s,27,0.16000000000000003,0.0,0.0,505,1024,0.4931640625
01a0a594-d17f-7f32-a6dc-5cd1766b125b,s,A,QB1,4,4,UVH11s,28,0.17333333333333334,0.0,0.0,540,1024,0.52734375
01a0a594-d17f-7f32-a6dc-5cd1766b125b,s,A,QB1,4,4,UVH11s,29,0.1866666666666667,0.0,0.0,522,1024,0.509765625
01a0a594-d17f-7f32-a6dc-5cd1766b125b,s,A,QB1,4,4,UVH11s,30,0.2,0.0,0.0,539,1024,0.5263671875
01a0a594-d17f-7f32-a6dc-5cd1766b125b,s,A,QB1,4,5,UVH13s,0,-0.2,0.0,0.0,513,1024,0.5009765625
01a0a594-d17f-7f32-a6dc-5cd1766b125b,s,A,QB1,4,5,UVH13s,1,-0.18666666666666668,0.0,0.0,483,1024,0.4716796875
01a0a594-d17f-7f32-a6dc-5cd1766b125b,s,A,QB1,4,5,UVH13s,2,-0.17333333333333334,0.0,0.0,526,1024,0.513671875
01a0a594-d17f-7f32-a6dc-5cd1766b125b,s,A,QB1,4,5,UVH13s,3,-0.16,0.0,0.0,498,1024,0.486328125
01a0a594-d17f-7f32-a6dc-5cd1766b125b,s,A,QB1,4,5,UVH13s,4,-0.14666666666666667,0.0,0.0,512,1024,0.5
01a0a594-d17f-7f32-a6dc-5cd1766b125b,s,A,QB1,4,5,UVH13s,5,-0.13333333333333336,0.0,0.0,536,1024,0.5234375
01a0a594-d17f-7f32-a6dc-5cd1766b125b,s,A,QB1,4,5,UVH13s,6,-0.12000000000000001,0.0,0.0,541,1024,0.5283203125
01a0a594-d17f-7f32-a6dc-5cd1766b125b,s,A,QB1,4,5,UVH13s,7,-0.10666666666666667,0.0,0.0,511,1024,0.4990234375
01a0a594-d17f-7f32-a6dc-5cd1766b125b,s,A,QB1,4,5,UVH13s,8,-0.09333333333333334,0.0,0.0,510,1024,0.498046875
01a0a594-d17f-7f32-a6dc-5cd1766b125b,s,A,QB1,4,5,UVH13s,9,-0.08,0.0,0.0,506,1024,0.494140625
01a0a594-d17f-7f32-a6dc-5cd1766b125b,s,A,QB1,4,5,UVH13s,10,-0.06666666666666668,0.0,0.0,497,1024,0.4853515625
01a0a594-d17f-7f32-a6dc-5cd1766b125b,s,A,QB1,4,5,UVH13s,11,-0.053333333333333344,0.0,0.0,521,1024,0.5087890625
01a0a594-d17f-7f32-a6dc-5cd1766b125b,s,A,QB1,4,5,UVH13s,12,-0.04000000000000001,0.0,0.0,493,1024,0.4814453125
01a0a594-d17f-7f32-a6dc-5cd1766b125b,s,A,QB1,4,5,UVH13s,13,-0.026666666666666672,0.0,0.0,510,1024,0.498046875
01a0a594-d17f-7f32-a6dc-5cd1766b125b,s,A,QB1,4,5,UVH13s,14,-0.013333333333333336,0.0,0.0,490,1024,0.478515625
01a0a594-d17f-7f32-a6dc-5cd1766b125b,s,A,QB1,4,5,UVH13s,15,0.0,0.0,0.0,514,1024,0.501953125
01a0a594-d17f-7f32-a6dc-5cd1766b125b,s,A,QB1,4,5,UVH13s,16,0.013333333333333336,0.0,0.0,517,1024,0.5048828125
01a0a594-d17f-7f32-a6dc-5cd1766b125b,s,A,QB1,4,5,UVH13s,17,0.026666666666666672,0.0,0.0,517,1024,0.5048828125
01a0a594-d17f-7f32-a6dc-5cd1766b125b,s,A,QB1,4,5,UVH13s,18,0.04000000000000001,0.0,0.0,483,1024,0.4716796875
01a0a594-d17f-7f32-a6dc-5cd1766b125b,s,A,QB1,4,5,UVH13s,19,0.053333333333333344,0.0,0.0,475,1024,0.4638671875
01a0a594-d17f-7f32-a6dc-5cd1766b125b,s,A,QB1,4,5,UVH13s,20,0.06666666666666665,0.0,0.0,490,1024,0.478515625
01a0a594-d17f-7f32-a6dc-5cd1766b125b,s,A,QB1,4,5,UVH13s,21,0.08000000000000002,0.0,0.0,508,1024,0.49609375
01a0a594-d17f-7f32-a6dc-5cd1766b125b,s,A,QB1,4,5,UVH13s,22,0.09333333333333332,0.0,0.0,533,1024,0.5205078125
01a0a594-d17f-7f32-a6dc-5cd1766b125b,s,A,QB1,4,5,UVH13s,23,0.10666666666666669,0.0,0.0,509,1024,0.4970703125
01a0a594-d17f-7f32-a6dc-5cd1766b125b,s,A,QB1,4,5,UVH13s,24,0.12,0.0,0.0,515,1024,0.5029296875
01a0a594-d17f-7f32-a6dc-5cd1766b125b,s,A,QB1,4,5,UVH13s,25,0.13333333333333336,0.0,0.0,511,1024,0.4990234375
01a0a594-d17f-7f32-a6dc-5cd1766b125b,s,A,QB1,4,5,UVH13s,26,0.14666666666666667,0.0,0.0,531,1024,0.5185546875
01a0a594-d17f-7f32-a6dc-5cd1766b125b,s,A,QB1,4,5,UVH13s,27,0.16000000000000003,0.0,0.0,498,1024,0.486328125
01a0a594-d17f-7f32-a6dc-5cd1766b125b,s,A,QB1,4,5,UVH13s,28,0.17333333333333334,0.0,0.0,520,1024,0.5078125
01a0a594-d17f-7f32-a6dc-5cd1766b125b,s,A,QB1,4,5,UVH13s,29,0.1866666666666667,0.0,0.0,485,1024,0.4736328125
01a0a594-d17f-7f32-a6dc-5cd1766b125b,s,A,QB1,4,5,UVH13s,30,0.2,0.0,0.0,501,1024,0.4892578125
01a0a594-d17f-7f32-a6dc-5cd1766b125b,s,A,QB15,5,0,standard_pi_2,0,-0.2,0.0,0.0,333,1024,0.3251953125
01a0a594-d17f-7f32-a6dc-5cd1766b125b,s,A,QB15,5,0,standard_pi_2,1,-0.18666666666666668,0.0,0.0,346,1024,0.337890625
01a0a594-d17f-7f32-a6dc-5cd1766b125b,s,A,QB15,5,0,standard_pi_2,2,-0.17333333333333334,0.0,0.0,363,1024,0.3544921875
01a0a594-d17f-7f32-a6dc-5cd1766b125b,s,A,QB15,5,0,standard_pi_2,3,-0.16,0.0,0.0,380,1024,0.37109375
01a0a594-d17f-7f32-a6dc-5cd1766b125b,s,A,QB15,5,0,standard_pi_2,4,-0.14666666666666667,0.0,0.0,368,1024,0.359375
01a0a594-d17f-7f32-a6dc-5cd1766b125b,s,A,QB15,5,0,standard_pi_2,5,-0.13333333333333336,0.0,0.0,376,1024,0.3671875
01a0a594-d17f-7f32-a6dc-5cd1766b125b,s,A,QB15,5,0,standard_pi_2,6,-0.12000000000000001,0.0,0.0,408,1024,0.3984375
01a0a594-d17f-7f32-a6dc-5cd1766b125b,s,A,QB15,5,0,standard_pi_2,7,-0.10666666666666667,0.0,0.0,405,1024,0.3955078125
01a0a594-d17f-7f32-a6dc-5cd1766b125b,s,A,QB15,5,0,standard_pi_2,8,-0.09333333333333334,0.0,0.0,437,1024,0.4267578125
01a0a594-d17f-7f32-a6dc-5cd1766b125b,s,A,QB15,5,0,standard_pi_2,9,-0.08,0.0,0.0,431,1024,0.4208984375
01a0a594-d17f-7f32-a6dc-5cd1766b125b,s,A,QB15,5,0,standard_pi_2,10,-0.06666666666666668,0.0,0.0,428,1024,0.41796875
01a0a594-d17f-7f32-a6dc-5cd1766b125b,s,A,QB15,5,0,standard_pi_2,11,-0.053333333333333344,0.0,0.0,479,1024,0.4677734375
01a0a594-d17f-7f32-a6dc-5cd1766b125b,s,A,QB15,5,0,standard_pi_2,12,-0.04000000000000001,0.0,0.0,458,1024,0.447265625
01a0a594-d17f-7f32-a6dc-5cd1766b125b,s,A,QB15,5,0,standard_pi_2,13,-0.026666666666666672,0.0,0.0,464,1024,0.453125
01a0a594-d17f-7f32-a6dc-5cd1766b125b,s,A,QB15,5,0,standard_pi_2,14,-0.013333333333333336,0.0,0.0,469,1024,0.4580078125
01a0a594-d17f-7f32-a6dc-5cd1766b125b,s,A,QB15,5,0,standard_pi_2,15,0.0,0.0,0.0,499,1024,0.4873046875
01a0a594-d17f-7f32-a6dc-5cd1766b125b,s,A,QB15,5,0,standard_pi_2,16,0.013333333333333336,0.0,0.0,478,1024,0.466796875
01a0a594-d17f-7f32-a6dc-5cd1766b125b,s,A,QB15,5,0,standard_pi_2,17,0.026666666666666672,0.0,0.0,505,1024,0.4931640625
01a0a594-d17f-7f32-a6dc-5cd1766b125b,s,A,QB15,5,0,standard_pi_2,18,0.04000000000000001,0.0,0.0,526,1024,0.513671875
01a0a594-d17f-7f32-a6dc-5cd1766b125b,s,A,QB15,5,0,standard_pi_2,19,0.053333333333333344,0.0,0.0,548,1024,0.53515625
01a0a594-d17f-7f32-a6dc-5cd1766b125b,s,A,QB15,5,0,standard_pi_2,20,0.06666666666666665,0.0,0.0,551,1024,0.5380859375
01a0a594-d17f-7f32-a6dc-5cd1766b125b,s,A,QB15,5,0,standard_pi_2,21,0.08000000000000002,0.0,0.0,548,1024,0.53515625
01a0a594-d17f-7f32-a6dc-5cd1766b125b,s,A,QB15,5,0,standard_pi_2,22,0.09333333333333332,0.0,0.0,575,1024,0.5615234375
01a0a594-d17f-7f32-a6dc-5cd1766b125b,s,A,QB15,5,0,standard_pi_2,23,0.10666666666666669,0.0,0.0,561,1024,0.5478515625
01a0a594-d17f-7f32-a6dc-5cd1766b125b,s,A,QB15,5,0,standard_pi_2,24,0.12,0.0,0.0,586,1024,0.572265625
01a0a594-d17f-7f32-a6dc-5cd1766b125b,s,A,QB15,5,0,standard_pi_2,25,0.13333333333333336,0.0,0.0,572,1024,0.55859375
01a0a594-d17f-7f32-a6dc-5cd1766b125b,s,A,QB15,5,0,standard_pi_2,26,0.14666666666666667,0.0,0.0,616,1024,0.6015625
01a0a594-d17f-7f32-a6dc-5cd1766b125b,s,A,QB15,5,0,standard_pi_2,27,0.16000000000000003,0.0,0.0,634,1024,0.619140625
01a0a594-d17f-7f32-a6dc-5cd1766b125b,s,A,QB15,5,0,standard_pi_2,28,0.17333333333333334,0.0,0.0,637,1024,0.6220703125
01a0a594-d17f-7f32-a6dc-5cd1766b125b,s,A,QB15,5,0,standard_pi_2,29,0.1866666666666667,0.0,0.0,623,1024,0.6083984375
01a0a594-d17f-7f32-a6dc-5cd1766b125b,s,A,QB15,5,0,standard_pi_2,30,0.2,0.0,0.0,638,1024,0.623046875
01a0a594-d17f-7f32-a6dc-5cd1766b125b,s,A,QB15,5,1,UVH5s,0,-0.2,0.0,0.0,514,1024,0.501953125
01a0a594-d17f-7f32-a6dc-5cd1766b125b,s,A,QB15,5,1,UVH5s,1,-0.18666666666666668,0.0,0.0,506,1024,0.494140625
01a0a594-d17f-7f32-a6dc-5cd1766b125b,s,A,QB15,5,1,UVH5s,2,-0.17333333333333334,0.0,0.0,515,1024,0.5029296875
01a0a594-d17f-7f32-a6dc-5cd1766b125b,s,A,QB15,5,1,UVH5s,3,-0.16,0.0,0.0,514,1024,0.501953125
01a0a594-d17f-7f32-a6dc-5cd1766b125b,s,A,QB15,5,1,UVH5s,4,-0.14666666666666667,0.0,0.0,511,1024,0.4990234375
01a0a594-d17f-7f32-a6dc-5cd1766b125b,s,A,QB15,5,1,UVH5s,5,-0.13333333333333336,0.0,0.0,546,1024,0.533203125
01a0a594-d17f-7f32-a6dc-5cd1766b125b,s,A,QB15,5,1,UVH5s,6,-0.12000000000000001,0.0,0.0,522,1024,0.509765625
01a0a594-d17f-7f32-a6dc-5cd1766b125b,s,A,QB15,5,1,UVH5s,7,-0.10666666666666667,0.0,0.0,514,1024,0.501953125
01a0a594-d17f-7f32-a6dc-5cd1766b125b,s,A,QB15,5,1,UVH5s,8,-0.09333333333333334,0.0,0.0,511,1024,0.4990234375
01a0a594-d17f-7f32-a6dc-5cd1766b125b,s,A,QB15,5,1,UVH5s,9,-0.08,0.0,0.0,552,1024,0.5390625
01a0a594-d17f-7f32-a6dc-5cd1766b125b,s,A,QB15,5,1,UVH5s,10,-0.06666666666666668,0.0,0.0,519,1024,0.5068359375
01a0a594-d17f-7f32-a6dc-5cd1766b125b,s,A,QB15,5,1,UVH5s,11,-0.053333333333333344,0.0,0.0,538,1024,0.525390625
01a0a594-d17f-7f32-a6dc-5cd1766b125b,s,A,QB15,5,1,UVH5s,12,-0.04000000000000001,0.0,0.0,531,1024,0.5185546875
01a0a594-d17f-7f32-a6dc-5cd1766b125b,s,A,QB15,5,1,UVH5s,13,-0.026666666666666672,0.0,0.0,527,1024,0.5146484375
01a0a594-d17f-7f32-a6dc-5cd1766b125b,s,A,QB15,5,1,UVH5s,14,-0.013333333333333336,0.0,0.0,522,1024,0.509765625
01a0a594-d17f-7f32-a6dc-5cd1766b125b,s,A,QB15,5,1,UVH5s,15,0.0,0.0,0.0,528,1024,0.515625
01a0a594-d17f-7f32-a6dc-5cd1766b125b,s,A,QB15,5,1,UVH5s,16,0.013333333333333336,0.0,0.0,536,1024,0.5234375
01a0a594-d17f-7f32-a6dc-5cd1766b125b,s,A,QB15,5,1,UVH5s,17,0.026666666666666672,0.0,0.0,507,1024,0.4951171875
01a0a594-d17f-7f32-a6dc-5cd1766b125b,s,A,QB15,5,1,UVH5s,18,0.04000000000000001,0.0,0.0,531,1024,0.5185546875
01a0a594-d17f-7f32-a6dc-5cd1766b125b,s,A,QB15,5,1,UVH5s,19,0.053333333333333344,0.0,0.0,529,1024,0.5166015625
01a0a594-d17f-7f32-a6dc-5cd1766b125b,s,A,QB15,5,1,UVH5s,20,0.06666666666666665,0.0,0.0,547,1024,0.5341796875
01a0a594-d17f-7f32-a6dc-5cd1766b125b,s,A,QB15,5,1,UVH5s,21,0.08000000000000002,0.0,0.0,525,1024,0.5126953125
01a0a594-d17f-7f32-a6dc-5cd1766b125b,s,A,QB15,5,1,UVH5s,22,0.09333333333333332,0.0,0.0,516,1024,0.50390625
01a0a594-d17f-7f32-a6dc-5cd1766b125b,s,A,QB15,5,1,UVH5s,23,0.10666666666666669,0.0,0.0,545,1024,0.5322265625
01a0a594-d17f-7f32-a6dc-5cd1766b125b,s,A,QB15,5,1,UVH5s,24,0.12,0.0,0.0,529,1024,0.5166015625
01a0a594-d17f-7f32-a6dc-5cd1766b125b,s,A,QB15,5,1,UVH5s,25,0.13333333333333336,0.0,0.0,538,1024,0.525390625
01a0a594-d17f-7f32-a6dc-5cd1766b125b,s,A,QB15,5,1,UVH5s,26,0.14666666666666667,0.0,0.0,527,1024,0.5146484375
01a0a594-d17f-7f32-a6dc-5cd1766b125b,s,A,QB15,5,1,UVH5s,27,0.16000000000000003,0.0,0.0,518,1024,0.505859375
01a0a594-d17f-7f32-a6dc-5cd1766b125b,s,A,QB15,5,1,UVH5s,28,0.17333333333333334,0.0,0.0,516,1024,0.50390625
01a0a594-d17f-7f32-a6dc-5cd1766b125b,s,A,QB15,5,1,UVH5s,29,0.1866666666666667,0.0,0.0,537,1024,0.5244140625
01a0a594-d17f-7f32-a6dc-5cd1766b125b,s,A,QB15,5,1,UVH5s,30,0.2,0.0,0.0,564,1024,0.55078125
01a0a594-d17f-7f32-a6dc-5cd1766b125b,s,A,QB15,5,2,UVH7s,0,-0.2,0.0,0.0,533,1024,0.5205078125
01a0a594-d17f-7f32-a6dc-5cd1766b125b,s,A,QB15,5,2,UVH7s,1,-0.18666666666666668,0.0,0.0,508,1024,0.49609375
01a0a594-d17f-7f32-a6dc-5cd1766b125b,s,A,QB15,5,2,UVH7s,2,-0.17333333333333334,0.0,0.0,514,1024,0.501953125
01a0a594-d17f-7f32-a6dc-5cd1766b125b,s,A,QB15,5,2,UVH7s,3,-0.16,0.0,0.0,515,1024,0.5029296875
01a0a594-d17f-7f32-a6dc-5cd1766b125b,s,A,QB15,5,2,UVH7s,4,-0.14666666666666667,0.0,0.0,520,1024,0.5078125
01a0a594-d17f-7f32-a6dc-5cd1766b125b,s,A,QB15,5,2,UVH7s,5,-0.13333333333333336,0.0,0.0,507,1024,0.4951171875
01a0a594-d17f-7f32-a6dc-5cd1766b125b,s,A,QB15,5,2,UVH7s,6,-0.12000000000000001,0.0,0.0,486,1024,0.474609375
01a0a594-d17f-7f32-a6dc-5cd1766b125b,s,A,QB15,5,2,UVH7s,7,-0.10666666666666667,0.0,0.0,481,1024,0.4697265625
01a0a594-d17f-7f32-a6dc-5cd1766b125b,s,A,QB15,5,2,UVH7s,8,-0.09333333333333334,0.0,0.0,523,1024,0.5107421875
01a0a594-d17f-7f32-a6dc-5cd1766b125b,s,A,QB15,5,2,UVH7s,9,-0.08,0.0,0.0,496,1024,0.484375
01a0a594-d17f-7f32-a6dc-5cd1766b125b,s,A,QB15,5,2,UVH7s,10,-0.06666666666666668,0.0,0.0,470,1024,0.458984375
01a0a594-d17f-7f32-a6dc-5cd1766b125b,s,A,QB15,5,2,UVH7s,11,-0.053333333333333344,0.0,0.0,466,1024,0.455078125
01a0a594-d17f-7f32-a6dc-5cd1766b125b,s,A,QB15,5,2,UVH7s,12,-0.04000000000000001,0.0,0.0,489,1024,0.4775390625
01a0a594-d17f-7f32-a6dc-5cd1766b125b,s,A,QB15,5,2,UVH7s,13,-0.026666666666666672,0.0,0.0,489,1024,0.4775390625
01a0a594-d17f-7f32-a6dc-5cd1766b125b,s,A,QB15,5,2,UVH7s,14,-0.013333333333333336,0.0,0.0,489,1024,0.4775390625
01a0a594-d17f-7f32-a6dc-5cd1766b125b,s,A,QB15,5,2,UVH7s,15,0.0,0.0,0.0,468,1024,0.45703125
01a0a594-d17f-7f32-a6dc-5cd1766b125b,s,A,QB15,5,2,UVH7s,16,0.013333333333333336,0.0,0.0,505,1024,0.4931640625
01a0a594-d17f-7f32-a6dc-5cd1766b125b,s,A,QB15,5,2,UVH7s,17,0.026666666666666672,0.0,0.0,494,1024,0.482421875
01a0a594-d17f-7f32-a6dc-5cd1766b125b,s,A,QB15,5,2,UVH7s,18,0.04000000000000001,0.0,0.0,459,1024,0.4482421875
01a0a594-d17f-7f32-a6dc-5cd1766b125b,s,A,QB15,5,2,UVH7s,19,0.053333333333333344,0.0,0.0,509,1024,0.4970703125
01a0a594-d17f-7f32-a6dc-5cd1766b125b,s,A,QB15,5,2,UVH7s,20,0.06666666666666665,0.0,0.0,498,1024,0.486328125
01a0a594-d17f-7f32-a6dc-5cd1766b125b,s,A,QB15,5,2,UVH7s,21,0.08000000000000002,0.0,0.0,519,1024,0.5068359375
01a0a594-d17f-7f32-a6dc-5cd1766b125b,s,A,QB15,5,2,UVH7s,22,0.09333333333333332,0.0,0.0,518,1024,0.505859375
01a0a594-d17f-7f32-a6dc-5cd1766b125b,s,A,QB15,5,2,UVH7s,23,0.10666666666666669,0.0,0.0,484,1024,0.47265625
01a0a594-d17f-7f32-a6dc-5cd1766b125b,s,A,QB15,5,2,UVH7s,24,0.12,0.0,0.0,466,1024,0.455078125
01a0a594-d17f-7f32-a6dc-5cd1766b125b,s,A,QB15,5,2,UVH7s,25,0.13333333333333336,0.0,0.0,470,1024,0.458984375
01a0a594-d17f-7f32-a6dc-5cd1766b125b,s,A,QB15,5,2,UVH7s,26,0.14666666666666667,0.0,0.0,464,1024,0.453125
01a0a594-d17f-7f32-a6dc-5cd1766b125b,s,A,QB15,5,2,UVH7s,27,0.16000000000000003,0.0,0.0,457,1024,0.4462890625
01a0a594-d17f-7f32-a6dc-5cd1766b125b,s,A,QB15,5,2,UVH7s,28,0.17333333333333334,0.0,0.0,480,1024,0.46875
01a0a594-d17f-7f32-a6dc-5cd1766b125b,s,A,QB15,5,2,UVH7s,29,0.1866666666666667,0.0,0.0,469,1024,0.4580078125
01a0a594-d17f-7f32-a6dc-5cd1766b125b,s,A,QB15,5,2,UVH7s,30,0.2,0.0,0.0,421,1024,0.4111328125
01a0a594-d17f-7f32-a6dc-5cd1766b125b,s,A,QB15,5,3,UVH9s,0,-0.2,0.0,0.0,483,1024,0.4716796875
01a0a594-d17f-7f32-a6dc-5cd1766b125b,s,A,QB15,5,3,UVH9s,1,-0.18666666666666668,0.0,0.0,454,1024,0.443359375
01a0a594-d17f-7f32-a6dc-5cd1766b125b,s,A,QB15,5,3,UVH9s,2,-0.17333333333333334,0.0,0.0,453,1024,0.4423828125
01a0a594-d17f-7f32-a6dc-5cd1766b125b,s,A,QB15,5,3,UVH9s,3,-0.16,0.0,0.0,518,1024,0.505859375
01a0a594-d17f-7f32-a6dc-5cd1766b125b,s,A,QB15,5,3,UVH9s,4,-0.14666666666666667,0.0,0.0,497,1024,0.4853515625
01a0a594-d17f-7f32-a6dc-5cd1766b125b,s,A,QB15,5,3,UVH9s,5,-0.13333333333333336,0.0,0.0,456,1024,0.4453125
01a0a594-d17f-7f32-a6dc-5cd1766b125b,s,A,QB15,5,3,UVH9s,6,-0.12000000000000001,0.0,0.0,486,1024,0.474609375
01a0a594-d17f-7f32-a6dc-5cd1766b125b,s,A,QB15,5,3,UVH9s,7,-0.10666666666666667,0.0,0.0,536,1024,0.5234375
01a0a594-d17f-7f32-a6dc-5cd1766b125b,s,A,QB15,5,3,UVH9s,8,-0.09333333333333334,0.0,0.0,455,1024,0.4443359375
01a0a594-d17f-7f32-a6dc-5cd1766b125b,s,A,QB15,5,3,UVH9s,9,-0.08,0.0,0.0,486,1024,0.474609375
01a0a594-d17f-7f32-a6dc-5cd1766b125b,s,A,QB15,5,3,UVH9s,10,-0.06666666666666668,0.0,0.0,517,1024,0.5048828125
01a0a594-d17f-7f32-a6dc-5cd1766b125b,s,A,QB15,5,3,UVH9s,11,-0.053333333333333344,0.0,0.0,525,1024,0.5126953125
01a0a594-d17f-7f32-a6dc-5cd1766b125b,s,A,QB15,5,3,UVH9s,12,-0.04000000000000001,0.0,0.0,483,1024,0.4716796875
01a0a594-d17f-7f32-a6dc-5cd1766b125b,s,A,QB15,5,3,UVH9s,13,-0.026666666666666672,0.0,0.0,487,1024,0.4755859375
01a0a594-d17f-7f32-a6dc-5cd1766b125b,s,A,QB15,5,3,UVH9s,14,-0.013333333333333336,0.0,0.0,515,1024,0.5029296875
01a0a594-d17f-7f32-a6dc-5cd1766b125b,s,A,QB15,5,3,UVH9s,15,0.0,0.0,0.0,492,1024,0.48046875
01a0a594-d17f-7f32-a6dc-5cd1766b125b,s,A,QB15,5,3,UVH9s,16,0.013333333333333336,0.0,0.0,503,1024,0.4912109375
01a0a594-d17f-7f32-a6dc-5cd1766b125b,s,A,QB15,5,3,UVH9s,17,0.026666666666666672,0.0,0.0,503,1024,0.4912109375
01a0a594-d17f-7f32-a6dc-5cd1766b125b,s,A,QB15,5,3,UVH9s,18,0.04000000000000001,0.0,0.0,487,1024,0.4755859375
01a0a594-d17f-7f32-a6dc-5cd1766b125b,s,A,QB15,5,3,UVH9s,19,0.053333333333333344,0.0,0.0,519,1024,0.5068359375
01a0a594-d17f-7f32-a6dc-5cd1766b125b,s,A,QB15,5,3,UVH9s,20,0.06666666666666665,0.0,0.0,511,1024,0.4990234375
01a0a594-d17f-7f32-a6dc-5cd1766b125b,s,A,QB15,5,3,UVH9s,21,0.08000000000000002,0.0,0.0,509,1024,0.4970703125
01a0a594-d17f-7f32-a6dc-5cd1766b125b,s,A,QB15,5,3,UVH9s,22,0.09333333333333332,0.0,0.0,462,1024,0.451171875
01a0a594-d17f-7f32-a6dc-5cd1766b125b,s,A,QB15,5,3,UVH9s,23,0.10666666666666669,0.0,0.0,496,1024,0.484375
01a0a594-d17f-7f32-a6dc-5cd1766b125b,s,A,QB15,5,3,UVH9s,24,0.12,0.0,0.0,486,1024,0.474609375
01a0a594-d17f-7f32-a6dc-5cd1766b125b,s,A,QB15,5,3,UVH9s,25,0.13333333333333336,0.0,0.0,465,1024,0.4541015625
01a0a594-d17f-7f32-a6dc-5cd1766b125b,s,A,QB15,5,3,UVH9s,26,0.14666666666666667,0.0,0.0,490,1024,0.478515625
01a0a594-d17f-7f32-a6dc-5cd1766b125b,s,A,QB15,5,3,UVH9s,27,0.16000000000000003,0.0,0.0,498,1024,0.486328125
01a0a594-d17f-7f32-a6dc-5cd1766b125b,s,A,QB15,5,3,UVH9s,28,0.17333333333333334,0.0,0.0,488,1024,0.4765625
01a0a594-d17f-7f32-a6dc-5cd1766b125b,s,A,QB15,5,3,UVH9s,29,0.1866666666666667,0.0,0.0,484,1024,0.47265625
01a0a594-d17f-7f32-a6dc-5cd1766b125b,s,A,QB15,5,3,UVH9s,30,0.2,0.0,0.0,514,1024,0.501953125
01a0a594-d17f-7f32-a6dc-5cd1766b125b,s,A,QB15,5,4,UVH11s,0,-0.2,0.0,0.0,537,1024,0.5244140625
01a0a594-d17f-7f32-a6dc-5cd1766b125b,s,A,QB15,5,4,UVH11s,1,-0.18666666666666668,0.0,0.0,529,1024,0.5166015625
01a0a594-d17f-7f32-a6dc-5cd1766b125b,s,A,QB15,5,4,UVH11s,2,-0.17333333333333334,0.0,0.0,569,1024,0.5556640625
01a0a594-d17f-7f32-a6dc-5cd1766b125b,s,A,QB15,5,4,UVH11s,3,-0.16,0.0,0.0,525,1024,0.5126953125
01a0a594-d17f-7f32-a6dc-5cd1766b125b,s,A,QB15,5,4,UVH11s,4,-0.14666666666666667,0.0,0.0,514,1024,0.501953125
01a0a594-d17f-7f32-a6dc-5cd1766b125b,s,A,QB15,5,4,UVH11s,5,-0.13333333333333336,0.0,0.0,539,1024,0.5263671875
01a0a594-d17f-7f32-a6dc-5cd1766b125b,s,A,QB15,5,4,UVH11s,6,-0.12000000000000001,0.0,0.0,524,1024,0.51171875
01a0a594-d17f-7f32-a6dc-5cd1766b125b,s,A,QB15,5,4,UVH11s,7,-0.10666666666666667,0.0,0.0,529,1024,0.5166015625
01a0a594-d17f-7f32-a6dc-5cd1766b125b,s,A,QB15,5,4,UVH11s,8,-0.09333333333333334,0.0,0.0,572,1024,0.55859375
01a0a594-d17f-7f32-a6dc-5cd1766b125b,s,A,QB15,5,4,UVH11s,9,-0.08,0.0,0.0,532,1024,0.51953125
01a0a594-d17f-7f32-a6dc-5cd1766b125b,s,A,QB15,5,4,UVH11s,10,-0.06666666666666668,0.0,0.0,534,1024,0.521484375
01a0a594-d17f-7f32-a6dc-5cd1766b125b,s,A,QB15,5,4,UVH11s,11,-0.053333333333333344,0.0,0.0,508,1024,0.49609375
01a0a594-d17f-7f32-a6dc-5cd1766b125b,s,A,QB15,5,4,UVH11s,12,-0.04000000000000001,0.0,0.0,548,1024,0.53515625
01a0a594-d17f-7f32-a6dc-5cd1766b125b,s,A,QB15,5,4,UVH11s,13,-0.026666666666666672,0.0,0.0,556,1024,0.54296875
01a0a594-d17f-7f32-a6dc-5cd1766b125b,s,A,QB15,5,4,UVH11s,14,-0.013333333333333336,0.0,0.0,580,1024,0.56640625
01a0a594-d17f-7f32-a6dc-5cd1766b125b,s,A,QB15,5,4,UVH11s,15,0.0,0.0,0.0,547,1024,0.5341796875
01a0a594-d17f-7f32-a6dc-5cd1766b125b,s,A,QB15,5,4,UVH11s,16,0.013333333333333336,0.0,0.0,522,1024,0.509765625
01a0a594-d17f-7f32-a6dc-5cd1766b125b,s,A,QB15,5,4,UVH11s,17,0.026666666666666672,0.0,0.0,546,1024,0.533203125
01a0a594-d17f-7f32-a6dc-5cd1766b125b,s,A,QB15,5,4,UVH11s,18,0.04000000000000001,0.0,0.0,519,1024,0.5068359375
01a0a594-d17f-7f32-a6dc-5cd1766b125b,s,A,QB15,5,4,UVH11s,19,0.053333333333333344,0.0,0.0,540,1024,0.52734375
01a0a594-d17f-7f32-a6dc-5cd1766b125b,s,A,QB15,5,4,UVH11s,20,0.06666666666666665,0.0,0.0,540,1024,0.52734375
01a0a594-d17f-7f32-a6dc-5cd1766b125b,s,A,QB15,5,4,UVH11s,21,0.08000000000000002,0.0,0.0,494,1024,0.482421875
01a0a594-d17f-7f32-a6dc-5cd1766b125b,s,A,QB15,5,4,UVH11s,22,0.09333333333333332,0.0,0.0,527,1024,0.5146484375
01a0a594-d17f-7f32-a6dc-5cd1766b125b,s,A,QB15,5,4,UVH11s,23,0.10666666666666669,0.0,0.0,543,1024,0.5302734375
01a0a594-d17f-7f32-a6dc-5cd1766b125b,s,A,QB15,5,4,UVH11s,24,0.12,0.0,0.0,492,1024,0.48046875
01a0a594-d17f-7f32-a6dc-5cd1766b125b,s,A,QB15,5,4,UVH11s,25,0.13333333333333336,0.0,0.0,547,1024,0.5341796875
01a0a594-d17f-7f32-a6dc-5cd1766b125b,s,A,QB15,5,4,UVH11s,26,0.14666666666666667,0.0,0.0,552,1024,0.5390625
01a0a594-d17f-7f32-a6dc-5cd1766b125b,s,A,QB15,5,4,UVH11s,27,0.16000000000000003,0.0,0.0,524,1024,0.51171875
01a0a594-d17f-7f32-a6dc-5cd1766b125b,s,A,QB15,5,4,UVH11s,28,0.17333333333333334,0.0,0.0,510,1024,0.498046875
01a0a594-d17f-7f32-a6dc-5cd1766b125b,s,A,QB15,5,4,UVH11s,29,0.1866666666666667,0.0,0.0,525,1024,0.5126953125
01a0a594-d17f-7f32-a6dc-5cd1766b125b,s,A,QB15,5,4,UVH11s,30,0.2,0.0,0.0,510,1024,0.498046875
01a0a594-d17f-7f32-a6dc-5cd1766b125b,s,A,QB15,5,5,UVH13s,0,-0.2,0.0,0.0,533,1024,0.5205078125
01a0a594-d17f-7f32-a6dc-5cd1766b125b,s,A,QB15,5,5,UVH13s,1,-0.18666666666666668,0.0,0.0,548,1024,0.53515625
01a0a594-d17f-7f32-a6dc-5cd1766b125b,s,A,QB15,5,5,UVH13s,2,-0.17333333333333334,0.0,0.0,529,1024,0.5166015625
01a0a594-d17f-7f32-a6dc-5cd1766b125b,s,A,QB15,5,5,UVH13s,3,-0.16,0.0,0.0,548,1024,0.53515625
01a0a594-d17f-7f32-a6dc-5cd1766b125b,s,A,QB15,5,5,UVH13s,4,-0.14666666666666667,0.0,0.0,544,1024,0.53125
01a0a594-d17f-7f32-a6dc-5cd1766b125b,s,A,QB15,5,5,UVH13s,5,-0.13333333333333336,0.0,0.0,545,1024,0.5322265625
01a0a594-d17f-7f32-a6dc-5cd1766b125b,s,A,QB15,5,5,UVH13s,6,-0.12000000000000001,0.0,0.0,544,1024,0.53125
01a0a594-d17f-7f32-a6dc-5cd1766b125b,s,A,QB15,5,5,UVH13s,7,-0.10666666666666667,0.0,0.0,531,1024,0.5185546875
01a0a594-d17f-7f32-a6dc-5cd1766b125b,s,A,QB15,5,5,UVH13s,8,-0.09333333333333334,0.0,0.0,557,1024,0.5439453125
01a0a594-d17f-7f32-a6dc-5cd1766b125b,s,A,QB15,5,5,UVH13s,9,-0.08,0.0,0.0,541,1024,0.5283203125
01a0a594-d17f-7f32-a6dc-5cd1766b125b,s,A,QB15,5,5,UVH13s,10,-0.06666666666666668,0.0,0.0,555,1024,0.5419921875
01a0a594-d17f-7f32-a6dc-5cd1766b125b,s,A,QB15,5,5,UVH13s,11,-0.053333333333333344,0.0,0.0,560,1024,0.546875
01a0a594-d17f-7f32-a6dc-5cd1766b125b,s,A,QB15,5,5,UVH13s,12,-0.04000000000000001,0.0,0.0,555,1024,0.5419921875
01a0a594-d17f-7f32-a6dc-5cd1766b125b,s,A,QB15,5,5,UVH13s,13,-0.026666666666666672,0.0,0.0,554,1024,0.541015625
01a0a594-d17f-7f32-a6dc-5cd1766b125b,s,A,QB15,5,5,UVH13s,14,-0.013333333333333336,0.0,0.0,558,1024,0.544921875
01a0a594-d17f-7f32-a6dc-5cd1766b125b,s,A,QB15,5,5,UVH13s,15,0.0,0.0,0.0,559,1024,0.5458984375
01a0a594-d17f-7f32-a6dc-5cd1766b125b,s,A,QB15,5,5,UVH13s,16,0.013333333333333336,0.0,0.0,555,1024,0.5419921875
01a0a594-d17f-7f32-a6dc-5cd1766b125b,s,A,QB15,5,5,UVH13s,17,0.026666666666666672,0.0,0.0,562,1024,0.548828125
01a0a594-d17f-7f32-a6dc-5cd1766b125b,s,A,QB15,5,5,UVH13s,18,0.04000000000000001,0.0,0.0,579,1024,0.5654296875
01a0a594-d17f-7f32-a6dc-5cd1766b125b,s,A,QB15,5,5,UVH13s,19,0.053333333333333344,0.0,0.0,573,1024,0.5595703125
01a0a594-d17f-7f32-a6dc-5cd1766b125b,s,A,QB15,5,5,UVH13s,20,0.06666666666666665,0.0,0.0,563,1024,0.5498046875
01a0a594-d17f-7f32-a6dc-5cd1766b125b,s,A,QB15,5,5,UVH13s,21,0.08000000000000002,0.0,0.0,537,1024,0.5244140625
01a0a594-d17f-7f32-a6dc-5cd1766b125b,s,A,QB15,5,5,UVH13s,22,0.09333333333333332,0.0,0.0,551,1024,0.5380859375
01a0a594-d17f-7f32-a6dc-5cd1766b125b,s,A,QB15,5,5,UVH13s,23,0.10666666666666669,0.0,0.0,570,1024,0.556640625
01a0a594-d17f-7f32-a6dc-5cd1766b125b,s,A,QB15,5,5,UVH13s,24,0.12,0.0,0.0,575,1024,0.5615234375
01a0a594-d17f-7f32-a6dc-5cd1766b125b,s,A,QB15,5,5,UVH13s,25,0.13333333333333336,0.0,0.0,578,1024,0.564453125
01a0a594-d17f-7f32-a6dc-5cd1766b125b,s,A,QB15,5,5,UVH13s,26,0.14666666666666667,0.0,0.0,575,1024,0.5615234375
01a0a594-d17f-7f32-a6dc-5cd1766b125b,s,A,QB15,5,5,UVH13s,27,0.16000000000000003,0.0,0.0,562,1024,0.548828125
01a0a594-d17f-7f32-a6dc-5cd1766b125b,s,A,QB15,5,5,UVH13s,28,0.17333333333333334,0.0,0.0,529,1024,0.5166015625
01a0a594-d17f-7f32-a6dc-5cd1766b125b,s,A,QB15,5,5,UVH13s,29,0.1866666666666667,0.0,0.0,574,1024,0.560546875
01a0a594-d17f-7f32-a6dc-5cd1766b125b,s,A,QB15,5,5,UVH13s,30,0.2,0.0,0.0,561,1024,0.5478515625
01a0a594-d17f-7f32-a6dc-5cd1766b125b,s,A,QB18,6,0,standard_pi_2,0,-0.2,0.0,0.0,378,1024,0.369140625
01a0a594-d17f-7f32-a6dc-5cd1766b125b,s,A,QB18,6,0,standard_pi_2,1,-0.18666666666666668,0.0,0.0,371,1024,0.3623046875
01a0a594-d17f-7f32-a6dc-5cd1766b125b,s,A,QB18,6,0,standard_pi_2,2,-0.17333333333333334,0.0,0.0,362,1024,0.353515625
01a0a594-d17f-7f32-a6dc-5cd1766b125b,s,A,QB18,6,0,standard_pi_2,3,-0.16,0.0,0.0,380,1024,0.37109375
01a0a594-d17f-7f32-a6dc-5cd1766b125b,s,A,QB18,6,0,standard_pi_2,4,-0.14666666666666667,0.0,0.0,375,1024,0.3662109375
01a0a594-d17f-7f32-a6dc-5cd1766b125b,s,A,QB18,6,0,standard_pi_2,5,-0.13333333333333336,0.0,0.0,419,1024,0.4091796875
01a0a594-d17f-7f32-a6dc-5cd1766b125b,s,A,QB18,6,0,standard_pi_2,6,-0.12000000000000001,0.0,0.0,412,1024,0.40234375
01a0a594-d17f-7f32-a6dc-5cd1766b125b,s,A,QB18,6,0,standard_pi_2,7,-0.10666666666666667,0.0,0.0,434,1024,0.423828125
01a0a594-d17f-7f32-a6dc-5cd1766b125b,s,A,QB18,6,0,standard_pi_2,8,-0.09333333333333334,0.0,0.0,418,1024,0.408203125
01a0a594-d17f-7f32-a6dc-5cd1766b125b,s,A,QB18,6,0,standard_pi_2,9,-0.08,0.0,0.0,461,1024,0.4501953125
01a0a594-d17f-7f32-a6dc-5cd1766b125b,s,A,QB18,6,0,standard_pi_2,10,-0.06666666666666668,0.0,0.0,462,1024,0.451171875
01a0a594-d17f-7f32-a6dc-5cd1766b125b,s,A,QB18,6,0,standard_pi_2,11,-0.053333333333333344,0.0,0.0,488,1024,0.4765625
01a0a594-d17f-7f32-a6dc-5cd1766b125b,s,A,QB18,6,0,standard_pi_2,12,-0.04000000000000001,0.0,0.0,463,1024,0.4521484375
01a0a594-d17f-7f32-a6dc-5cd1766b125b,s,A,QB18,6,0,standard_pi_2,13,-0.026666666666666672,0.0,0.0,499,1024,0.4873046875
01a0a594-d17f-7f32-a6dc-5cd1766b125b,s,A,QB18,6,0,standard_pi_2,14,-0.013333333333333336,0.0,0.0,476,1024,0.46484375
01a0a594-d17f-7f32-a6dc-5cd1766b125b,s,A,QB18,6,0,standard_pi_2,15,0.0,0.0,0.0,537,1024,0.5244140625
01a0a594-d17f-7f32-a6dc-5cd1766b125b,s,A,QB18,6,0,standard_pi_2,16,0.013333333333333336,0.0,0.0,511,1024,0.4990234375
01a0a594-d17f-7f32-a6dc-5cd1766b125b,s,A,QB18,6,0,standard_pi_2,17,0.026666666666666672,0.0,0.0,518,1024,0.505859375
01a0a594-d17f-7f32-a6dc-5cd1766b125b,s,A,QB18,6,0,standard_pi_2,18,0.04000000000000001,0.0,0.0,567,1024,0.5537109375
01a0a594-d17f-7f32-a6dc-5cd1766b125b,s,A,QB18,6,0,standard_pi_2,19,0.053333333333333344,0.0,0.0,555,1024,0.5419921875
01a0a594-d17f-7f32-a6dc-5cd1766b125b,s,A,QB18,6,0,standard_pi_2,20,0.06666666666666665,0.0,0.0,541,1024,0.5283203125
01a0a594-d17f-7f32-a6dc-5cd1766b125b,s,A,QB18,6,0,standard_pi_2,21,0.08000000000000002,0.0,0.0,556,1024,0.54296875
01a0a594-d17f-7f32-a6dc-5cd1766b125b,s,A,QB18,6,0,standard_pi_2,22,0.09333333333333332,0.0,0.0,598,1024,0.583984375
01a0a594-d17f-7f32-a6dc-5cd1766b125b,s,A,QB18,6,0,standard_pi_2,23,0.10666666666666669,0.0,0.0,573,1024,0.5595703125
01a0a594-d17f-7f32-a6dc-5cd1766b125b,s,A,QB18,6,0,standard_pi_2,24,0.12,0.0,0.0,599,1024,0.5849609375
01a0a594-d17f-7f32-a6dc-5cd1766b125b,s,A,QB18,6,0,standard_pi_2,25,0.13333333333333336,0.0,0.0,605,1024,0.5908203125
01a0a594-d17f-7f32-a6dc-5cd1766b125b,s,A,QB18,6,0,standard_pi_2,26,0.14666666666666667,0.0,0.0,630,1024,0.615234375
01a0a594-d17f-7f32-a6dc-5cd1766b125b,s,A,QB18,6,0,standard_pi_2,27,0.16000000000000003,0.0,0.0,641,1024,0.6259765625
01a0a594-d17f-7f32-a6dc-5cd1766b125b,s,A,QB18,6,0,standard_pi_2,28,0.17333333333333334,0.0,0.0,640,1024,0.625
01a0a594-d17f-7f32-a6dc-5cd1766b125b,s,A,QB18,6,0,standard_pi_2,29,0.1866666666666667,0.0,0.0,640,1024,0.625
01a0a594-d17f-7f32-a6dc-5cd1766b125b,s,A,QB18,6,0,standard_pi_2,30,0.2,0.0,0.0,672,1024,0.65625
01a0a594-d17f-7f32-a6dc-5cd1766b125b,s,A,QB18,6,1,UVH5s,0,-0.2,0.0,0.0,520,1024,0.5078125
01a0a594-d17f-7f32-a6dc-5cd1766b125b,s,A,QB18,6,1,UVH5s,1,-0.18666666666666668,0.0,0.0,498,1024,0.486328125
01a0a594-d17f-7f32-a6dc-5cd1766b125b,s,A,QB18,6,1,UVH5s,2,-0.17333333333333334,0.0,0.0,527,1024,0.5146484375
01a0a594-d17f-7f32-a6dc-5cd1766b125b,s,A,QB18,6,1,UVH5s,3,-0.16,0.0,0.0,470,1024,0.458984375
01a0a594-d17f-7f32-a6dc-5cd1766b125b,s,A,QB18,6,1,UVH5s,4,-0.14666666666666667,0.0,0.0,495,1024,0.4833984375
01a0a594-d17f-7f32-a6dc-5cd1766b125b,s,A,QB18,6,1,UVH5s,5,-0.13333333333333336,0.0,0.0,538,1024,0.525390625
01a0a594-d17f-7f32-a6dc-5cd1766b125b,s,A,QB18,6,1,UVH5s,6,-0.12000000000000001,0.0,0.0,522,1024,0.509765625
01a0a594-d17f-7f32-a6dc-5cd1766b125b,s,A,QB18,6,1,UVH5s,7,-0.10666666666666667,0.0,0.0,515,1024,0.5029296875
01a0a594-d17f-7f32-a6dc-5cd1766b125b,s,A,QB18,6,1,UVH5s,8,-0.09333333333333334,0.0,0.0,477,1024,0.4658203125
01a0a594-d17f-7f32-a6dc-5cd1766b125b,s,A,QB18,6,1,UVH5s,9,-0.08,0.0,0.0,525,1024,0.5126953125
01a0a594-d17f-7f32-a6dc-5cd1766b125b,s,A,QB18,6,1,UVH5s,10,-0.06666666666666668,0.0,0.0,532,1024,0.51953125
01a0a594-d17f-7f32-a6dc-5cd1766b125b,s,A,QB18,6,1,UVH5s,11,-0.053333333333333344,0.0,0.0,536,1024,0.5234375
01a0a594-d17f-7f32-a6dc-5cd1766b125b,s,A,QB18,6,1,UVH5s,12,-0.04000000000000001,0.0,0.0,531,1024,0.5185546875
01a0a594-d17f-7f32-a6dc-5cd1766b125b,s,A,QB18,6,1,UVH5s,13,-0.026666666666666672,0.0,0.0,524,1024,0.51171875
01a0a594-d17f-7f32-a6dc-5cd1766b125b,s,A,QB18,6,1,UVH5s,14,-0.013333333333333336,0.0,0.0,493,1024,0.4814453125
01a0a594-d17f-7f32-a6dc-5cd1766b125b,s,A,QB18,6,1,UVH5s,15,0.0,0.0,0.0,508,1024,0.49609375
01a0a594-d17f-7f32-a6dc-5cd1766b125b,s,A,QB18,6,1,UVH5s,16,0.013333333333333336,0.0,0.0,516,1024,0.50390625
01a0a594-d17f-7f32-a6dc-5cd1766b125b,s,A,QB18,6,1,UVH5s,17,0.026666666666666672,0.0,0.0,493,1024,0.4814453125
01a0a594-d17f-7f32-a6dc-5cd1766b125b,s,A,QB18,6,1,UVH5s,18,0.04000000000000001,0.0,0.0,513,1024,0.5009765625
01a0a594-d17f-7f32-a6dc-5cd1766b125b,s,A,QB18,6,1,UVH5s,19,0.053333333333333344,0.0,0.0,517,1024,0.5048828125
01a0a594-d17f-7f32-a6dc-5cd1766b125b,s,A,QB18,6,1,UVH5s,20,0.06666666666666665,0.0,0.0,492,1024,0.48046875
01a0a594-d17f-7f32-a6dc-5cd1766b125b,s,A,QB18,6,1,UVH5s,21,0.08000000000000002,0.0,0.0,519,1024,0.5068359375
01a0a594-d17f-7f32-a6dc-5cd1766b125b,s,A,QB18,6,1,UVH5s,22,0.09333333333333332,0.0,0.0,495,1024,0.4833984375
01a0a594-d17f-7f32-a6dc-5cd1766b125b,s,A,QB18,6,1,UVH5s,23,0.10666666666666669,0.0,0.0,518,1024,0.505859375
01a0a594-d17f-7f32-a6dc-5cd1766b125b,s,A,QB18,6,1,UVH5s,24,0.12,0.0,0.0,500,1024,0.48828125
01a0a594-d17f-7f32-a6dc-5cd1766b125b,s,A,QB18,6,1,UVH5s,25,0.13333333333333336,0.0,0.0,536,1024,0.5234375
01a0a594-d17f-7f32-a6dc-5cd1766b125b,s,A,QB18,6,1,UVH5s,26,0.14666666666666667,0.0,0.0,504,1024,0.4921875
01a0a594-d17f-7f32-a6dc-5cd1766b125b,s,A,QB18,6,1,UVH5s,27,0.16000000000000003,0.0,0.0,494,1024,0.482421875
01a0a594-d17f-7f32-a6dc-5cd1766b125b,s,A,QB18,6,1,UVH5s,28,0.17333333333333334,0.0,0.0,505,1024,0.4931640625
01a0a594-d17f-7f32-a6dc-5cd1766b125b,s,A,QB18,6,1,UVH5s,29,0.1866666666666667,0.0,0.0,531,1024,0.5185546875
01a0a594-d17f-7f32-a6dc-5cd1766b125b,s,A,QB18,6,1,UVH5s,30,0.2,0.0,0.0,541,1024,0.5283203125
01a0a594-d17f-7f32-a6dc-5cd1766b125b,s,A,QB18,6,2,UVH7s,0,-0.2,0.0,0.0,577,1024,0.5634765625
01a0a594-d17f-7f32-a6dc-5cd1766b125b,s,A,QB18,6,2,UVH7s,1,-0.18666666666666668,0.0,0.0,513,1024,0.5009765625
01a0a594-d17f-7f32-a6dc-5cd1766b125b,s,A,QB18,6,2,UVH7s,2,-0.17333333333333334,0.0,0.0,527,1024,0.5146484375
01a0a594-d17f-7f32-a6dc-5cd1766b125b,s,A,QB18,6,2,UVH7s,3,-0.16,0.0,0.0,534,1024,0.521484375
01a0a594-d17f-7f32-a6dc-5cd1766b125b,s,A,QB18,6,2,UVH7s,4,-0.14666666666666667,0.0,0.0,489,1024,0.4775390625
01a0a594-d17f-7f32-a6dc-5cd1766b125b,s,A,QB18,6,2,UVH7s,5,-0.13333333333333336,0.0,0.0,526,1024,0.513671875
01a0a594-d17f-7f32-a6dc-5cd1766b125b,s,A,QB18,6,2,UVH7s,6,-0.12000000000000001,0.0,0.0,510,1024,0.498046875
01a0a594-d17f-7f32-a6dc-5cd1766b125b,s,A,QB18,6,2,UVH7s,7,-0.10666666666666667,0.0,0.0,496,1024,0.484375
01a0a594-d17f-7f32-a6dc-5cd1766b125b,s,A,QB18,6,2,UVH7s,8,-0.09333333333333334,0.0,0.0,520,1024,0.5078125
01a0a594-d17f-7f32-a6dc-5cd1766b125b,s,A,QB18,6,2,UVH7s,9,-0.08,0.0,0.0,510,1024,0.498046875
01a0a594-d17f-7f32-a6dc-5cd1766b125b,s,A,QB18,6,2,UVH7s,10,-0.06666666666666668,0.0,0.0,507,1024,0.4951171875
01a0a594-d17f-7f32-a6dc-5cd1766b125b,s,A,QB18,6,2,UVH7s,11,-0.053333333333333344,0.0,0.0,550,1024,0.537109375
01a0a594-d17f-7f32-a6dc-5cd1766b125b,s,A,QB18,6,2,UVH7s,12,-0.04000000000000001,0.0,0.0,498,1024,0.486328125
01a0a594-d17f-7f32-a6dc-5cd1766b125b,s,A,QB18,6,2,UVH7s,13,-0.026666666666666672,0.0,0.0,477,1024,0.4658203125
01a0a594-d17f-7f32-a6dc-5cd1766b125b,s,A,QB18,6,2,UVH7s,14,-0.013333333333333336,0.0,0.0,498,1024,0.486328125
01a0a594-d17f-7f32-a6dc-5cd1766b125b,s,A,QB18,6,2,UVH7s,15,0.0,0.0,0.0,516,1024,0.50390625
01a0a594-d17f-7f32-a6dc-5cd1766b125b,s,A,QB18,6,2,UVH7s,16,0.013333333333333336,0.0,0.0,518,1024,0.505859375
01a0a594-d17f-7f32-a6dc-5cd1766b125b,s,A,QB18,6,2,UVH7s,17,0.026666666666666672,0.0,0.0,512,1024,0.5
01a0a594-d17f-7f32-a6dc-5cd1766b125b,s,A,QB18,6,2,UVH7s,18,0.04000000000000001,0.0,0.0,531,1024,0.5185546875
01a0a594-d17f-7f32-a6dc-5cd1766b125b,s,A,QB18,6,2,UVH7s,19,0.053333333333333344,0.0,0.0,491,1024,0.4794921875
01a0a594-d17f-7f32-a6dc-5cd1766b125b,s,A,QB18,6,2,UVH7s,20,0.06666666666666665,0.0,0.0,487,1024,0.4755859375
01a0a594-d17f-7f32-a6dc-5cd1766b125b,s,A,QB18,6,2,UVH7s,21,0.08000000000000002,0.0,0.0,476,1024,0.46484375
01a0a594-d17f-7f32-a6dc-5cd1766b125b,s,A,QB18,6,2,UVH7s,22,0.09333333333333332,0.0,0.0,479,1024,0.4677734375
01a0a594-d17f-7f32-a6dc-5cd1766b125b,s,A,QB18,6,2,UVH7s,23,0.10666666666666669,0.0,0.0,490,1024,0.478515625
01a0a594-d17f-7f32-a6dc-5cd1766b125b,s,A,QB18,6,2,UVH7s,24,0.12,0.0,0.0,469,1024,0.4580078125
01a0a594-d17f-7f32-a6dc-5cd1766b125b,s,A,QB18,6,2,UVH7s,25,0.13333333333333336,0.0,0.0,491,1024,0.4794921875
01a0a594-d17f-7f32-a6dc-5cd1766b125b,s,A,QB18,6,2,UVH7s,26,0.14666666666666667,0.0,0.0,466,1024,0.455078125
01a0a594-d17f-7f32-a6dc-5cd1766b125b,s,A,QB18,6,2,UVH7s,27,0.16000000000000003,0.0,0.0,480,1024,0.46875
01a0a594-d17f-7f32-a6dc-5cd1766b125b,s,A,QB18,6,2,UVH7s,28,0.17333333333333334,0.0,0.0,480,1024,0.46875
01a0a594-d17f-7f32-a6dc-5cd1766b125b,s,A,QB18,6,2,UVH7s,29,0.1866666666666667,0.0,0.0,479,1024,0.4677734375
01a0a594-d17f-7f32-a6dc-5cd1766b125b,s,A,QB18,6,2,UVH7s,30,0.2,0.0,0.0,443,1024,0.4326171875
01a0a594-d17f-7f32-a6dc-5cd1766b125b,s,A,QB18,6,3,UVH9s,0,-0.2,0.0,0.0,470,1024,0.458984375
01a0a594-d17f-7f32-a6dc-5cd1766b125b,s,A,QB18,6,3,UVH9s,1,-0.18666666666666668,0.0,0.0,490,1024,0.478515625
01a0a594-d17f-7f32-a6dc-5cd1766b125b,s,A,QB18,6,3,UVH9s,2,-0.17333333333333334,0.0,0.0,498,1024,0.486328125
01a0a594-d17f-7f32-a6dc-5cd1766b125b,s,A,QB18,6,3,UVH9s,3,-0.16,0.0,0.0,465,1024,0.4541015625
01a0a594-d17f-7f32-a6dc-5cd1766b125b,s,A,QB18,6,3,UVH9s,4,-0.14666666666666667,0.0,0.0,515,1024,0.5029296875
01a0a594-d17f-7f32-a6dc-5cd1766b125b,s,A,QB18,6,3,UVH9s,5,-0.13333333333333336,0.0,0.0,500,1024,0.48828125
01a0a594-d17f-7f32-a6dc-5cd1766b125b,s,A,QB18,6,3,UVH9s,6,-0.12000000000000001,0.0,0.0,498,1024,0.486328125
01a0a594-d17f-7f32-a6dc-5cd1766b125b,s,A,QB18,6,3,UVH9s,7,-0.10666666666666667,0.0,0.0,484,1024,0.47265625
01a0a594-d17f-7f32-a6dc-5cd1766b125b,s,A,QB18,6,3,UVH9s,8,-0.09333333333333334,0.0,0.0,499,1024,0.4873046875
01a0a594-d17f-7f32-a6dc-5cd1766b125b,s,A,QB18,6,3,UVH9s,9,-0.08,0.0,0.0,489,1024,0.4775390625
01a0a594-d17f-7f32-a6dc-5cd1766b125b,s,A,QB18,6,3,UVH9s,10,-0.06666666666666668,0.0,0.0,508,1024,0.49609375
01a0a594-d17f-7f32-a6dc-5cd1766b125b,s,A,QB18,6,3,UVH9s,11,-0.053333333333333344,0.0,0.0,501,1024,0.4892578125
01a0a594-d17f-7f32-a6dc-5cd1766b125b,s,A,QB18,6,3,UVH9s,12,-0.04000000000000001,0.0,0.0,481,1024,0.4697265625
01a0a594-d17f-7f32-a6dc-5cd1766b125b,s,A,QB18,6,3,UVH9s,13,-0.026666666666666672,0.0,0.0,487,1024,0.4755859375
01a0a594-d17f-7f32-a6dc-5cd1766b125b,s,A,QB18,6,3,UVH9s,14,-0.013333333333333336,0.0,0.0,493,1024,0.4814453125
01a0a594-d17f-7f32-a6dc-5cd1766b125b,s,A,QB18,6,3,UVH9s,15,0.0,0.0,0.0,503,1024,0.4912109375
01a0a594-d17f-7f32-a6dc-5cd1766b125b,s,A,QB18,6,3,UVH9s,16,0.013333333333333336,0.0,0.0,516,1024,0.50390625
01a0a594-d17f-7f32-a6dc-5cd1766b125b,s,A,QB18,6,3,UVH9s,17,0.026666666666666672,0.0,0.0,498,1024,0.486328125
01a0a594-d17f-7f32-a6dc-5cd1766b125b,s,A,QB18,6,3,UVH9s,18,0.04000000000000001,0.0,0.0,496,1024,0.484375
01a0a594-d17f-7f32-a6dc-5cd1766b125b,s,A,QB18,6,3,UVH9s,19,0.053333333333333344,0.0,0.0,486,1024,0.474609375
01a0a594-d17f-7f32-a6dc-5cd1766b125b,s,A,QB18,6,3,UVH9s,20,0.06666666666666665,0.0,0.0,510,1024,0.498046875
01a0a594-d17f-7f32-a6dc-5cd1766b125b,s,A,QB18,6,3,UVH9s,21,0.08000000000000002,0.0,0.0,482,1024,0.470703125
01a0a594-d17f-7f32-a6dc-5cd1766b125b,s,A,QB18,6,3,UVH9s,22,0.09333333333333332,0.0,0.0,482,1024,0.470703125
01a0a594-d17f-7f32-a6dc-5cd1766b125b,s,A,QB18,6,3,UVH9s,23,0.10666666666666669,0.0,0.0,510,1024,0.498046875
01a0a594-d17f-7f32-a6dc-5cd1766b125b,s,A,QB18,6,3,UVH9s,24,0.12,0.0,0.0,496,1024,0.484375
01a0a594-d17f-7f32-a6dc-5cd1766b125b,s,A,QB18,6,3,UVH9s,25,0.13333333333333336,0.0,0.0,512,1024,0.5
01a0a594-d17f-7f32-a6dc-5cd1766b125b,s,A,QB18,6,3,UVH9s,26,0.14666666666666667,0.0,0.0,526,1024,0.513671875
01a0a594-d17f-7f32-a6dc-5cd1766b125b,s,A,QB18,6,3,UVH9s,27,0.16000000000000003,0.0,0.0,520,1024,0.5078125
01a0a594-d17f-7f32-a6dc-5cd1766b125b,s,A,QB18,6,3,UVH9s,28,0.17333333333333334,0.0,0.0,522,1024,0.509765625
01a0a594-d17f-7f32-a6dc-5cd1766b125b,s,A,QB18,6,3,UVH9s,29,0.1866666666666667,0.0,0.0,506,1024,0.494140625
01a0a594-d17f-7f32-a6dc-5cd1766b125b,s,A,QB18,6,3,UVH9s,30,0.2,0.0,0.0,492,1024,0.48046875
01a0a594-d17f-7f32-a6dc-5cd1766b125b,s,A,QB18,6,4,UVH11s,0,-0.2,0.0,0.0,543,1024,0.5302734375
01a0a594-d17f-7f32-a6dc-5cd1766b125b,s,A,QB18,6,4,UVH11s,1,-0.18666666666666668,0.0,0.0,537,1024,0.5244140625
01a0a594-d17f-7f32-a6dc-5cd1766b125b,s,A,QB18,6,4,UVH11s,2,-0.17333333333333334,0.0,0.0,518,1024,0.505859375
01a0a594-d17f-7f32-a6dc-5cd1766b125b,s,A,QB18,6,4,UVH11s,3,-0.16,0.0,0.0,537,1024,0.5244140625
01a0a594-d17f-7f32-a6dc-5cd1766b125b,s,A,QB18,6,4,UVH11s,4,-0.14666666666666667,0.0,0.0,512,1024,0.5
01a0a594-d17f-7f32-a6dc-5cd1766b125b,s,A,QB18,6,4,UVH11s,5,-0.13333333333333336,0.0,0.0,529,1024,0.5166015625
01a0a594-d17f-7f32-a6dc-5cd1766b125b,s,A,QB18,6,4,UVH11s,6,-0.12000000000000001,0.0,0.0,488,1024,0.4765625
01a0a594-d17f-7f32-a6dc-5cd1766b125b,s,A,QB18,6,4,UVH11s,7,-0.10666666666666667,0.0,0.0,516,1024,0.50390625
01a0a594-d17f-7f32-a6dc-5cd1766b125b,s,A,QB18,6,4,UVH11s,8,-0.09333333333333334,0.0,0.0,548,1024,0.53515625
01a0a594-d17f-7f32-a6dc-5cd1766b125b,s,A,QB18,6,4,UVH11s,9,-0.08,0.0,0.0,553,1024,0.5400390625
01a0a594-d17f-7f32-a6dc-5cd1766b125b,s,A,QB18,6,4,UVH11s,10,-0.06666666666666668,0.0,0.0,530,1024,0.517578125
01a0a594-d17f-7f32-a6dc-5cd1766b125b,s,A,QB18,6,4,UVH11s,11,-0.053333333333333344,0.0,0.0,537,1024,0.5244140625
01a0a594-d17f-7f32-a6dc-5cd1766b125b,s,A,QB18,6,4,UVH11s,12,-0.04000000000000001,0.0,0.0,501,1024,0.4892578125
01a0a594-d17f-7f32-a6dc-5cd1766b125b,s,A,QB18,6,4,UVH11s,13,-0.026666666666666672,0.0,0.0,516,1024,0.50390625
01a0a594-d17f-7f32-a6dc-5cd1766b125b,s,A,QB18,6,4,UVH11s,14,-0.013333333333333336,0.0,0.0,524,1024,0.51171875
01a0a594-d17f-7f32-a6dc-5cd1766b125b,s,A,QB18,6,4,UVH11s,15,0.0,0.0,0.0,529,1024,0.5166015625
01a0a594-d17f-7f32-a6dc-5cd1766b125b,s,A,QB18,6,4,UVH11s,16,0.013333333333333336,0.0,0.0,540,1024,0.52734375
01a0a594-d17f-7f32-a6dc-5cd1766b125b,s,A,QB18,6,4,UVH11s,17,0.026666666666666672,0.0,0.0,529,1024,0.5166015625
01a0a594-d17f-7f32-a6dc-5cd1766b125b,s,A,QB18,6,4,UVH11s,18,0.04000000000000001,0.0,0.0,521,1024,0.5087890625
01a0a594-d17f-7f32-a6dc-5cd1766b125b,s,A,QB18,6,4,UVH11s,19,0.053333333333333344,0.0,0.0,535,1024,0.5224609375
01a0a594-d17f-7f32-a6dc-5cd1766b125b,s,A,QB18,6,4,UVH11s,20,0.06666666666666665,0.0,0.0,516,1024,0.50390625
01a0a594-d17f-7f32-a6dc-5cd1766b125b,s,A,QB18,6,4,UVH11s,21,0.08000000000000002,0.0,0.0,527,1024,0.5146484375
01a0a594-d17f-7f32-a6dc-5cd1766b125b,s,A,QB18,6,4,UVH11s,22,0.09333333333333332,0.0,0.0,495,1024,0.4833984375
01a0a594-d17f-7f32-a6dc-5cd1766b125b,s,A,QB18,6,4,UVH11s,23,0.10666666666666669,0.0,0.0,511,1024,0.4990234375
01a0a594-d17f-7f32-a6dc-5cd1766b125b,s,A,QB18,6,4,UVH11s,24,0.12,0.0,0.0,530,1024,0.517578125
01a0a594-d17f-7f32-a6dc-5cd1766b125b,s,A,QB18,6,4,UVH11s,25,0.13333333333333336,0.0,0.0,489,1024,0.4775390625
01a0a594-d17f-7f32-a6dc-5cd1766b125b,s,A,QB18,6,4,UVH11s,26,0.14666666666666667,0.0,0.0,491,1024,0.4794921875
01a0a594-d17f-7f32-a6dc-5cd1766b125b,s,A,QB18,6,4,UVH11s,27,0.16000000000000003,0.0,0.0,511,1024,0.4990234375
01a0a594-d17f-7f32-a6dc-5cd1766b125b,s,A,QB18,6,4,UVH11s,28,0.17333333333333334,0.0,0.0,498,1024,0.486328125
01a0a594-d17f-7f32-a6dc-5cd1766b125b,s,A,QB18,6,4,UVH11s,29,0.1866666666666667,0.0,0.0,536,1024,0.5234375
01a0a594-d17f-7f32-a6dc-5cd1766b125b,s,A,QB18,6,4,UVH11s,30,0.2,0.0,0.0,536,1024,0.5234375
01a0a594-d17f-7f32-a6dc-5cd1766b125b,s,A,QB18,6,5,UVH13s,0,-0.2,0.0,0.0,511,1024,0.4990234375
01a0a594-d17f-7f32-a6dc-5cd1766b125b,s,A,QB18,6,5,UVH13s,1,-0.18666666666666668,0.0,0.0,535,1024,0.5224609375
01a0a594-d17f-7f32-a6dc-5cd1766b125b,s,A,QB18,6,5,UVH13s,2,-0.17333333333333334,0.0,0.0,516,1024,0.50390625
01a0a594-d17f-7f32-a6dc-5cd1766b125b,s,A,QB18,6,5,UVH13s,3,-0.16,0.0,0.0,502,1024,0.490234375
01a0a594-d17f-7f32-a6dc-5cd1766b125b,s,A,QB18,6,5,UVH13s,4,-0.14666666666666667,0.0,0.0,498,1024,0.486328125
01a0a594-d17f-7f32-a6dc-5cd1766b125b,s,A,QB18,6,5,UVH13s,5,-0.13333333333333336,0.0,0.0,533,1024,0.5205078125
01a0a594-d17f-7f32-a6dc-5cd1766b125b,s,A,QB18,6,5,UVH13s,6,-0.12000000000000001,0.0,0.0,502,1024,0.490234375
01a0a594-d17f-7f32-a6dc-5cd1766b125b,s,A,QB18,6,5,UVH13s,7,-0.10666666666666667,0.0,0.0,506,1024,0.494140625
01a0a594-d17f-7f32-a6dc-5cd1766b125b,s,A,QB18,6,5,UVH13s,8,-0.09333333333333334,0.0,0.0,512,1024,0.5
01a0a594-d17f-7f32-a6dc-5cd1766b125b,s,A,QB18,6,5,UVH13s,9,-0.08,0.0,0.0,523,1024,0.5107421875
01a0a594-d17f-7f32-a6dc-5cd1766b125b,s,A,QB18,6,5,UVH13s,10,-0.06666666666666668,0.0,0.0,506,1024,0.494140625
01a0a594-d17f-7f32-a6dc-5cd1766b125b,s,A,QB18,6,5,UVH13s,11,-0.053333333333333344,0.0,0.0,527,1024,0.5146484375
01a0a594-d17f-7f32-a6dc-5cd1766b125b,s,A,QB18,6,5,UVH13s,12,-0.04000000000000001,0.0,0.0,527,1024,0.5146484375
01a0a594-d17f-7f32-a6dc-5cd1766b125b,s,A,QB18,6,5,UVH13s,13,-0.026666666666666672,0.0,0.0,508,1024,0.49609375
01a0a594-d17f-7f32-a6dc-5cd1766b125b,s,A,QB18,6,5,UVH13s,14,-0.013333333333333336,0.0,0.0,517,1024,0.5048828125
01a0a594-d17f-7f32-a6dc-5cd1766b125b,s,A,QB18,6,5,UVH13s,15,0.0,0.0,0.0,502,1024,0.490234375
01a0a594-d17f-7f32-a6dc-5cd1766b125b,s,A,QB18,6,5,UVH13s,16,0.013333333333333336,0.0,0.0,532,1024,0.51953125
01a0a594-d17f-7f32-a6dc-5cd1766b125b,s,A,QB18,6,5,UVH13s,17,0.026666666666666672,0.0,0.0,523,1024,0.5107421875
01a0a594-d17f-7f32-a6dc-5cd1766b125b,s,A,QB18,6,5,UVH13s,18,0.04000000000000001,0.0,0.0,549,1024,0.5361328125
01a0a594-d17f-7f32-a6dc-5cd1766b125b,s,A,QB18,6,5,UVH13s,19,0.053333333333333344,0.0,0.0,517,1024,0.5048828125
01a0a594-d17f-7f32-a6dc-5cd1766b125b,s,A,QB18,6,5,UVH13s,20,0.06666666666666665,0.0,0.0,520,1024,0.5078125
01a0a594-d17f-7f32-a6dc-5cd1766b125b,s,A,QB18,6,5,UVH13s,21,0.08000000000000002,0.0,0.0,518,1024,0.505859375
01a0a594-d17f-7f32-a6dc-5cd1766b125b,s,A,QB18,6,5,UVH13s,22,0.09333333333333332,0.0,0.0,511,1024,0.4990234375
01a0a594-d17f-7f32-a6dc-5cd1766b125b,s,A,QB18,6,5,UVH13s,23,0.10666666666666669,0.0,0.0,477,1024,0.4658203125
01a0a594-d17f-7f32-a6dc-5cd1766b125b,s,A,QB18,6,5,UVH13s,24,0.12,0.0,0.0,534,1024,0.521484375
01a0a594-d17f-7f32-a6dc-5cd1766b125b,s,A,QB18,6,5,UVH13s,25,0.13333333333333336,0.0,0.0,488,1024,0.4765625
01a0a594-d17f-7f32-a6dc-5cd1766b125b,s,A,QB18,6,5,UVH13s,26,0.14666666666666667,0.0,0.0,521,1024,0.5087890625
01a0a594-d17f-7f32-a6dc-5cd1766b125b,s,A,QB18,6,5,UVH13s,27,0.16000000000000003,0.0,0.0,520,1024,0.5078125
01a0a594-d17f-7f32-a6dc-5cd1766b125b,s,A,QB18,6,5,UVH13s,28,0.17333333333333334,0.0,0.0,510,1024,0.498046875
01a0a594-d17f-7f32-a6dc-5cd1766b125b,s,A,QB18,6,5,UVH13s,29,0.1866666666666667,0.0,0.0,522,1024,0.509765625
01a0a594-d17f-7f32-a6dc-5cd1766b125b,s,A,QB18,6,5,UVH13s,30,0.2,0.0,0.0,496,1024,0.484375
01a0a594-d17f-7f32-a6dc-5cd1766b125b,s,A,QB16,7,0,standard_pi_2,0,-0.2,0.0,0.0,356,1024,0.34765625
01a0a594-d17f-7f32-a6dc-5cd1766b125b,s,A,QB16,7,0,standard_pi_2,1,-0.18666666666666668,0.0,0.0,341,1024,0.3330078125
01a0a594-d17f-7f32-a6dc-5cd1766b125b,s,A,QB16,7,0,standard_pi_2,2,-0.17333333333333334,0.0,0.0,370,1024,0.361328125
01a0a594-d17f-7f32-a6dc-5cd1766b125b,s,A,QB16,7,0,standard_pi_2,3,-0.16,0.0,0.0,378,1024,0.369140625
01a0a594-d17f-7f32-a6dc-5cd1766b125b,s,A,QB16,7,0,standard_pi_2,4,-0.14666666666666667,0.0,0.0,370,1024,0.361328125
01a0a594-d17f-7f32-a6dc-5cd1766b125b,s,A,QB16,7,0,standard_pi_2,5,-0.13333333333333336,0.0,0.0,380,1024,0.37109375
01a0a594-d17f-7f32-a6dc-5cd1766b125b,s,A,QB16,7,0,standard_pi_2,6,-0.12000000000000001,0.0,0.0,416,1024,0.40625
01a0a594-d17f-7f32-a6dc-5cd1766b125b,s,A,QB16,7,0,standard_pi_2,7,-0.10666666666666667,0.0,0.0,414,1024,0.404296875
01a0a594-d17f-7f32-a6dc-5cd1766b125b,s,A,QB16,7,0,standard_pi_2,8,-0.09333333333333334,0.0,0.0,432,1024,0.421875
01a0a594-d17f-7f32-a6dc-5cd1766b125b,s,A,QB16,7,0,standard_pi_2,9,-0.08,0.0,0.0,434,1024,0.423828125
01a0a594-d17f-7f32-a6dc-5cd1766b125b,s,A,QB16,7,0,standard_pi_2,10,-0.06666666666666668,0.0,0.0,468,1024,0.45703125
01a0a594-d17f-7f32-a6dc-5cd1766b125b,s,A,QB16,7,0,standard_pi_2,11,-0.053333333333333344,0.0,0.0,487,1024,0.4755859375
01a0a594-d17f-7f32-a6dc-5cd1766b125b,s,A,QB16,7,0,standard_pi_2,12,-0.04000000000000001,0.0,0.0,463,1024,0.4521484375
01a0a594-d17f-7f32-a6dc-5cd1766b125b,s,A,QB16,7,0,standard_pi_2,13,-0.026666666666666672,0.0,0.0,489,1024,0.4775390625
01a0a594-d17f-7f32-a6dc-5cd1766b125b,s,A,QB16,7,0,standard_pi_2,14,-0.013333333333333336,0.0,0.0,515,1024,0.5029296875
01a0a594-d17f-7f32-a6dc-5cd1766b125b,s,A,QB16,7,0,standard_pi_2,15,0.0,0.0,0.0,504,1024,0.4921875
01a0a594-d17f-7f32-a6dc-5cd1766b125b,s,A,QB16,7,0,standard_pi_2,16,0.013333333333333336,0.0,0.0,512,1024,0.5
01a0a594-d17f-7f32-a6dc-5cd1766b125b,s,A,QB16,7,0,standard_pi_2,17,0.026666666666666672,0.0,0.0,517,1024,0.5048828125
01a0a594-d17f-7f32-a6dc-5cd1766b125b,s,A,QB16,7,0,standard_pi_2,18,0.04000000000000001,0.0,0.0,522,1024,0.509765625
01a0a594-d17f-7f32-a6dc-5cd1766b125b,s,A,QB16,7,0,standard_pi_2,19,0.053333333333333344,0.0,0.0,543,1024,0.5302734375
01a0a594-d17f-7f32-a6dc-5cd1766b125b,s,A,QB16,7,0,standard_pi_2,20,0.06666666666666665,0.0,0.0,559,1024,0.5458984375
01a0a594-d17f-7f32-a6dc-5cd1766b125b,s,A,QB16,7,0,standard_pi_2,21,0.08000000000000002,0.0,0.0,581,1024,0.5673828125
01a0a594-d17f-7f32-a6dc-5cd1766b125b,s,A,QB16,7,0,standard_pi_2,22,0.09333333333333332,0.0,0.0,559,1024,0.5458984375
01a0a594-d17f-7f32-a6dc-5cd1766b125b,s,A,QB16,7,0,standard_pi_2,23,0.10666666666666669,0.0,0.0,609,1024,0.5947265625
01a0a594-d17f-7f32-a6dc-5cd1766b125b,s,A,QB16,7,0,standard_pi_2,24,0.12,0.0,0.0,586,1024,0.572265625
01a0a594-d17f-7f32-a6dc-5cd1766b125b,s,A,QB16,7,0,standard_pi_2,25,0.13333333333333336,0.0,0.0,600,1024,0.5859375
01a0a594-d17f-7f32-a6dc-5cd1766b125b,s,A,QB16,7,0,standard_pi_2,26,0.14666666666666667,0.0,0.0,628,1024,0.61328125
01a0a594-d17f-7f32-a6dc-5cd1766b125b,s,A,QB16,7,0,standard_pi_2,27,0.16000000000000003,0.0,0.0,628,1024,0.61328125
01a0a594-d17f-7f32-a6dc-5cd1766b125b,s,A,QB16,7,0,standard_pi_2,28,0.17333333333333334,0.0,0.0,637,1024,0.6220703125
01a0a594-d17f-7f32-a6dc-5cd1766b125b,s,A,QB16,7,0,standard_pi_2,29,0.1866666666666667,0.0,0.0,647,1024,0.6318359375
01a0a594-d17f-7f32-a6dc-5cd1766b125b,s,A,QB16,7,0,standard_pi_2,30,0.2,0.0,0.0,642,1024,0.626953125
01a0a594-d17f-7f32-a6dc-5cd1766b125b,s,A,QB16,7,1,UVH5s,0,-0.2,0.0,0.0,475,1024,0.4638671875
01a0a594-d17f-7f32-a6dc-5cd1766b125b,s,A,QB16,7,1,UVH5s,1,-0.18666666666666668,0.0,0.0,467,1024,0.4560546875
01a0a594-d17f-7f32-a6dc-5cd1766b125b,s,A,QB16,7,1,UVH5s,2,-0.17333333333333334,0.0,0.0,479,1024,0.4677734375
01a0a594-d17f-7f32-a6dc-5cd1766b125b,s,A,QB16,7,1,UVH5s,3,-0.16,0.0,0.0,456,1024,0.4453125
01a0a594-d17f-7f32-a6dc-5cd1766b125b,s,A,QB16,7,1,UVH5s,4,-0.14666666666666667,0.0,0.0,496,1024,0.484375
01a0a594-d17f-7f32-a6dc-5cd1766b125b,s,A,QB16,7,1,UVH5s,5,-0.13333333333333336,0.0,0.0,464,1024,0.453125
01a0a594-d17f-7f32-a6dc-5cd1766b125b,s,A,QB16,7,1,UVH5s,6,-0.12000000000000001,0.0,0.0,493,1024,0.4814453125
01a0a594-d17f-7f32-a6dc-5cd1766b125b,s,A,QB16,7,1,UVH5s,7,-0.10666666666666667,0.0,0.0,495,1024,0.4833984375
01a0a594-d17f-7f32-a6dc-5cd1766b125b,s,A,QB16,7,1,UVH5s,8,-0.09333333333333334,0.0,0.0,500,1024,0.48828125
01a0a594-d17f-7f32-a6dc-5cd1766b125b,s,A,QB16,7,1,UVH5s,9,-0.08,0.0,0.0,483,1024,0.4716796875
01a0a594-d17f-7f32-a6dc-5cd1766b125b,s,A,QB16,7,1,UVH5s,10,-0.06666666666666668,0.0,0.0,472,1024,0.4609375
01a0a594-d17f-7f32-a6dc-5cd1766b125b,s,A,QB16,7,1,UVH5s,11,-0.053333333333333344,0.0,0.0,485,1024,0.4736328125
01a0a594-d17f-7f32-a6dc-5cd1766b125b,s,A,QB16,7,1,UVH5s,12,-0.04000000000000001,0.0,0.0,473,1024,0.4619140625
01a0a594-d17f-7f32-a6dc-5cd1766b125b,s,A,QB16,7,1,UVH5s,13,-0.026666666666666672,0.0,0.0,486,1024,0.474609375
01a0a594-d17f-7f32-a6dc-5cd1766b125b,s,A,QB16,7,1,UVH5s,14,-0.013333333333333336,0.0,0.0,525,1024,0.5126953125
01a0a594-d17f-7f32-a6dc-5cd1766b125b,s,A,QB16,7,1,UVH5s,15,0.0,0.0,0.0,466,1024,0.455078125
01a0a594-d17f-7f32-a6dc-5cd1766b125b,s,A,QB16,7,1,UVH5s,16,0.013333333333333336,0.0,0.0,511,1024,0.4990234375
01a0a594-d17f-7f32-a6dc-5cd1766b125b,s,A,QB16,7,1,UVH5s,17,0.026666666666666672,0.0,0.0,471,1024,0.4599609375
01a0a594-d17f-7f32-a6dc-5cd1766b125b,s,A,QB16,7,1,UVH5s,18,0.04000000000000001,0.0,0.0,483,1024,0.4716796875
01a0a594-d17f-7f32-a6dc-5cd1766b125b,s,A,QB16,7,1,UVH5s,19,0.053333333333333344,0.0,0.0,485,1024,0.4736328125
01a0a594-d17f-7f32-a6dc-5cd1766b125b,s,A,QB16,7,1,UVH5s,20,0.06666666666666665,0.0,0.0,479,1024,0.4677734375
01a0a594-d17f-7f32-a6dc-5cd1766b125b,s,A,QB16,7,1,UVH5s,21,0.08000000000000002,0.0,0.0,471,1024,0.4599609375
01a0a594-d17f-7f32-a6dc-5cd1766b125b,s,A,QB16,7,1,UVH5s,22,0.09333333333333332,0.0,0.0,488,1024,0.4765625
01a0a594-d17f-7f32-a6dc-5cd1766b125b,s,A,QB16,7,1,UVH5s,23,0.10666666666666669,0.0,0.0,443,1024,0.4326171875
01a0a594-d17f-7f32-a6dc-5cd1766b125b,s,A,QB16,7,1,UVH5s,24,0.12,0.0,0.0,466,1024,0.455078125
01a0a594-d17f-7f32-a6dc-5cd1766b125b,s,A,QB16,7,1,UVH5s,25,0.13333333333333336,0.0,0.0,492,1024,0.48046875
01a0a594-d17f-7f32-a6dc-5cd1766b125b,s,A,QB16,7,1,UVH5s,26,0.14666666666666667,0.0,0.0,476,1024,0.46484375
01a0a594-d17f-7f32-a6dc-5cd1766b125b,s,A,QB16,7,1,UVH5s,27,0.16000000000000003,0.0,0.0,496,1024,0.484375
01a0a594-d17f-7f32-a6dc-5cd1766b125b,s,A,QB16,7,1,UVH5s,28,0.17333333333333334,0.0,0.0,488,1024,0.4765625
01a0a594-d17f-7f32-a6dc-5cd1766b125b,s,A,QB16,7,1,UVH5s,29,0.1866666666666667,0.0,0.0,487,1024,0.4755859375
01a0a594-d17f-7f32-a6dc-5cd1766b125b,s,A,QB16,7,1,UVH5s,30,0.2,0.0,0.0,473,1024,0.4619140625
01a0a594-d17f-7f32-a6dc-5cd1766b125b,s,A,QB16,7,2,UVH7s,0,-0.2,0.0,0.0,518,1024,0.505859375
01a0a594-d17f-7f32-a6dc-5cd1766b125b,s,A,QB16,7,2,UVH7s,1,-0.18666666666666668,0.0,0.0,539,1024,0.5263671875
01a0a594-d17f-7f32-a6dc-5cd1766b125b,s,A,QB16,7,2,UVH7s,2,-0.17333333333333334,0.0,0.0,521,1024,0.5087890625
01a0a594-d17f-7f32-a6dc-5cd1766b125b,s,A,QB16,7,2,UVH7s,3,-0.16,0.0,0.0,493,1024,0.4814453125
01a0a594-d17f-7f32-a6dc-5cd1766b125b,s,A,QB16,7,2,UVH7s,4,-0.14666666666666667,0.0,0.0,521,1024,0.5087890625
01a0a594-d17f-7f32-a6dc-5cd1766b125b,s,A,QB16,7,2,UVH7s,5,-0.13333333333333336,0.0,0.0,481,1024,0.4697265625
01a0a594-d17f-7f32-a6dc-5cd1766b125b,s,A,QB16,7,2,UVH7s,6,-0.12000000000000001,0.0,0.0,474,1024,0.462890625
01a0a594-d17f-7f32-a6dc-5cd1766b125b,s,A,QB16,7,2,UVH7s,7,-0.10666666666666667,0.0,0.0,485,1024,0.4736328125
01a0a594-d17f-7f32-a6dc-5cd1766b125b,s,A,QB16,7,2,UVH7s,8,-0.09333333333333334,0.0,0.0,466,1024,0.455078125
01a0a594-d17f-7f32-a6dc-5cd1766b125b,s,A,QB16,7,2,UVH7s,9,-0.08,0.0,0.0,464,1024,0.453125
01a0a594-d17f-7f32-a6dc-5cd1766b125b,s,A,QB16,7,2,UVH7s,10,-0.06666666666666668,0.0,0.0,491,1024,0.4794921875
01a0a594-d17f-7f32-a6dc-5cd1766b125b,s,A,QB16,7,2,UVH7s,11,-0.053333333333333344,0.0,0.0,450,1024,0.439453125
01a0a594-d17f-7f32-a6dc-5cd1766b125b,s,A,QB16,7,2,UVH7s,12,-0.04000000000000001,0.0,0.0,475,1024,0.4638671875
01a0a594-d17f-7f32-a6dc-5cd1766b125b,s,A,QB16,7,2,UVH7s,13,-0.026666666666666672,0.0,0.0,526,1024,0.513671875
01a0a594-d17f-7f32-a6dc-5cd1766b125b,s,A,QB16,7,2,UVH7s,14,-0.013333333333333336,0.0,0.0,467,1024,0.4560546875
01a0a594-d17f-7f32-a6dc-5cd1766b125b,s,A,QB16,7,2,UVH7s,15,0.0,0.0,0.0,476,1024,0.46484375
01a0a594-d17f-7f32-a6dc-5cd1766b125b,s,A,QB16,7,2,UVH7s,16,0.013333333333333336,0.0,0.0,493,1024,0.4814453125
01a0a594-d17f-7f32-a6dc-5cd1766b125b,s,A,QB16,7,2,UVH7s,17,0.026666666666666672,0.0,0.0,505,1024,0.4931640625
01a0a594-d17f-7f32-a6dc-5cd1766b125b,s,A,QB16,7,2,UVH7s,18,0.04000000000000001,0.0,0.0,501,1024,0.4892578125
01a0a594-d17f-7f32-a6dc-5cd1766b125b,s,A,QB16,7,2,UVH7s,19,0.053333333333333344,0.0,0.0,532,1024,0.51953125
01a0a594-d17f-7f32-a6dc-5cd1766b125b,s,A,QB16,7,2,UVH7s,20,0.06666666666666665,0.0,0.0,504,1024,0.4921875
01a0a594-d17f-7f32-a6dc-5cd1766b125b,s,A,QB16,7,2,UVH7s,21,0.08000000000000002,0.0,0.0,479,1024,0.4677734375
01a0a594-d17f-7f32-a6dc-5cd1766b125b,s,A,QB16,7,2,UVH7s,22,0.09333333333333332,0.0,0.0,466,1024,0.455078125
01a0a594-d17f-7f32-a6dc-5cd1766b125b,s,A,QB16,7,2,UVH7s,23,0.10666666666666669,0.0,0.0,491,1024,0.4794921875
01a0a594-d17f-7f32-a6dc-5cd1766b125b,s,A,QB16,7,2,UVH7s,24,0.12,0.0,0.0,478,1024,0.466796875
01a0a594-d17f-7f32-a6dc-5cd1766b125b,s,A,QB16,7,2,UVH7s,25,0.13333333333333336,0.0,0.0,477,1024,0.4658203125
01a0a594-d17f-7f32-a6dc-5cd1766b125b,s,A,QB16,7,2,UVH7s,26,0.14666666666666667,0.0,0.0,489,1024,0.4775390625
01a0a594-d17f-7f32-a6dc-5cd1766b125b,s,A,QB16,7,2,UVH7s,27,0.16000000000000003,0.0,0.0,503,1024,0.4912109375
01a0a594-d17f-7f32-a6dc-5cd1766b125b,s,A,QB16,7,2,UVH7s,28,0.17333333333333334,0.0,0.0,467,1024,0.4560546875
01a0a594-d17f-7f32-a6dc-5cd1766b125b,s,A,QB16,7,2,UVH7s,29,0.1866666666666667,0.0,0.0,473,1024,0.4619140625
01a0a594-d17f-7f32-a6dc-5cd1766b125b,s,A,QB16,7,2,UVH7s,30,0.2,0.0,0.0,463,1024,0.4521484375
01a0a594-d17f-7f32-a6dc-5cd1766b125b,s,A,QB16,7,3,UVH9s,0,-0.2,0.0,0.0,502,1024,0.490234375
01a0a594-d17f-7f32-a6dc-5cd1766b125b,s,A,QB16,7,3,UVH9s,1,-0.18666666666666668,0.0,0.0,518,1024,0.505859375
01a0a594-d17f-7f32-a6dc-5cd1766b125b,s,A,QB16,7,3,UVH9s,2,-0.17333333333333334,0.0,0.0,493,1024,0.4814453125
01a0a594-d17f-7f32-a6dc-5cd1766b125b,s,A,QB16,7,3,UVH9s,3,-0.16,0.0,0.0,492,1024,0.48046875
01a0a594-d17f-7f32-a6dc-5cd1766b125b,s,A,QB16,7,3,UVH9s,4,-0.14666666666666667,0.0,0.0,512,1024,0.5
01a0a594-d17f-7f32-a6dc-5cd1766b125b,s,A,QB16,7,3,UVH9s,5,-0.13333333333333336,0.0,0.0,480,1024,0.46875
01a0a594-d17f-7f32-a6dc-5cd1766b125b,s,A,QB16,7,3,UVH9s,6,-0.12000000000000001,0.0,0.0,517,1024,0.5048828125
01a0a594-d17f-7f32-a6dc-5cd1766b125b,s,A,QB16,7,3,UVH9s,7,-0.10666666666666667,0.0,0.0,518,1024,0.505859375
01a0a594-d17f-7f32-a6dc-5cd1766b125b,s,A,QB16,7,3,UVH9s,8,-0.09333333333333334,0.0,0.0,535,1024,0.5224609375
01a0a594-d17f-7f32-a6dc-5cd1766b125b,s,A,QB16,7,3,UVH9s,9,-0.08,0.0,0.0,496,1024,0.484375
01a0a594-d17f-7f32-a6dc-5cd1766b125b,s,A,QB16,7,3,UVH9s,10,-0.06666666666666668,0.0,0.0,512,1024,0.5
01a0a594-d17f-7f32-a6dc-5cd1766b125b,s,A,QB16,7,3,UVH9s,11,-0.053333333333333344,0.0,0.0,510,1024,0.498046875
01a0a594-d17f-7f32-a6dc-5cd1766b125b,s,A,QB16,7,3,UVH9s,12,-0.04000000000000001,0.0,0.0,515,1024,0.5029296875
01a0a594-d17f-7f32-a6dc-5cd1766b125b,s,A,QB16,7,3,UVH9s,13,-0.026666666666666672,0.0,0.0,523,1024,0.5107421875
01a0a594-d17f-7f32-a6dc-5cd1766b125b,s,A,QB16,7,3,UVH9s,14,-0.013333333333333336,0.0,0.0,517,1024,0.5048828125
01a0a594-d17f-7f32-a6dc-5cd1766b125b,s,A,QB16,7,3,UVH9s,15,0.0,0.0,0.0,527,1024,0.5146484375
01a0a594-d17f-7f32-a6dc-5cd1766b125b,s,A,QB16,7,3,UVH9s,16,0.013333333333333336,0.0,0.0,530,1024,0.517578125
01a0a594-d17f-7f32-a6dc-5cd1766b125b,s,A,QB16,7,3,UVH9s,17,0.026666666666666672,0.0,0.0,516,1024,0.50390625
01a0a594-d17f-7f32-a6dc-5cd1766b125b,s,A,QB16,7,3,UVH9s,18,0.04000000000000001,0.0,0.0,521,1024,0.5087890625
01a0a594-d17f-7f32-a6dc-5cd1766b125b,s,A,QB16,7,3,UVH9s,19,0.053333333333333344,0.0,0.0,539,1024,0.5263671875
01a0a594-d17f-7f32-a6dc-5cd1766b125b,s,A,QB16,7,3,UVH9s,20,0.06666666666666665,0.0,0.0,513,1024,0.5009765625
01a0a594-d17f-7f32-a6dc-5cd1766b125b,s,A,QB16,7,3,UVH9s,21,0.08000000000000002,0.0,0.0,485,1024,0.4736328125
01a0a594-d17f-7f32-a6dc-5cd1766b125b,s,A,QB16,7,3,UVH9s,22,0.09333333333333332,0.0,0.0,488,1024,0.4765625
01a0a594-d17f-7f32-a6dc-5cd1766b125b,s,A,QB16,7,3,UVH9s,23,0.10666666666666669,0.0,0.0,524,1024,0.51171875
01a0a594-d17f-7f32-a6dc-5cd1766b125b,s,A,QB16,7,3,UVH9s,24,0.12,0.0,0.0,506,1024,0.494140625
01a0a594-d17f-7f32-a6dc-5cd1766b125b,s,A,QB16,7,3,UVH9s,25,0.13333333333333336,0.0,0.0,524,1024,0.51171875
01a0a594-d17f-7f32-a6dc-5cd1766b125b,s,A,QB16,7,3,UVH9s,26,0.14666666666666667,0.0,0.0,517,1024,0.5048828125
01a0a594-d17f-7f32-a6dc-5cd1766b125b,s,A,QB16,7,3,UVH9s,27,0.16000000000000003,0.0,0.0,489,1024,0.4775390625
01a0a594-d17f-7f32-a6dc-5cd1766b125b,s,A,QB16,7,3,UVH9s,28,0.17333333333333334,0.0,0.0,529,1024,0.5166015625
01a0a594-d17f-7f32-a6dc-5cd1766b125b,s,A,QB16,7,3,UVH9s,29,0.1866666666666667,0.0,0.0,518,1024,0.505859375
01a0a594-d17f-7f32-a6dc-5cd1766b125b,s,A,QB16,7,3,UVH9s,30,0.2,0.0,0.0,514,1024,0.501953125
01a0a594-d17f-7f32-a6dc-5cd1766b125b,s,A,QB16,7,4,UVH11s,0,-0.2,0.0,0.0,495,1024,0.4833984375
01a0a594-d17f-7f32-a6dc-5cd1766b125b,s,A,QB16,7,4,UVH11s,1,-0.18666666666666668,0.0,0.0,519,1024,0.5068359375
01a0a594-d17f-7f32-a6dc-5cd1766b125b,s,A,QB16,7,4,UVH11s,2,-0.17333333333333334,0.0,0.0,500,1024,0.48828125
01a0a594-d17f-7f32-a6dc-5cd1766b125b,s,A,QB16,7,4,UVH11s,3,-0.16,0.0,0.0,492,1024,0.48046875
01a0a594-d17f-7f32-a6dc-5cd1766b125b,s,A,QB16,7,4,UVH11s,4,-0.14666666666666667,0.0,0.0,481,1024,0.4697265625
01a0a594-d17f-7f32-a6dc-5cd1766b125b,s,A,QB16,7,4,UVH11s,5,-0.13333333333333336,0.0,0.0,475,1024,0.4638671875
01a0a594-d17f-7f32-a6dc-5cd1766b125b,s,A,QB16,7,4,UVH11s,6,-0.12000000000000001,0.0,0.0,496,1024,0.484375
01a0a594-d17f-7f32-a6dc-5cd1766b125b,s,A,QB16,7,4,UVH11s,7,-0.10666666666666667,0.0,0.0,481,1024,0.4697265625
01a0a594-d17f-7f32-a6dc-5cd1766b125b,s,A,QB16,7,4,UVH11s,8,-0.09333333333333334,0.0,0.0,457,1024,0.4462890625
01a0a594-d17f-7f32-a6dc-5cd1766b125b,s,A,QB16,7,4,UVH11s,9,-0.08,0.0,0.0,451,1024,0.4404296875
01a0a594-d17f-7f32-a6dc-5cd1766b125b,s,A,QB16,7,4,UVH11s,10,-0.06666666666666668,0.0,0.0,484,1024,0.47265625
01a0a594-d17f-7f32-a6dc-5cd1766b125b,s,A,QB16,7,4,UVH11s,11,-0.053333333333333344,0.0,0.0,488,1024,0.4765625
01a0a594-d17f-7f32-a6dc-5cd1766b125b,s,A,QB16,7,4,UVH11s,12,-0.04000000000000001,0.0,0.0,478,1024,0.466796875
01a0a594-d17f-7f32-a6dc-5cd1766b125b,s,A,QB16,7,4,UVH11s,13,-0.026666666666666672,0.0,0.0,454,1024,0.443359375
01a0a594-d17f-7f32-a6dc-5cd1766b125b,s,A,QB16,7,4,UVH11s,14,-0.013333333333333336,0.0,0.0,462,1024,0.451171875
01a0a594-d17f-7f32-a6dc-5cd1766b125b,s,A,QB16,7,4,UVH11s,15,0.0,0.0,0.0,524,1024,0.51171875
01a0a594-d17f-7f32-a6dc-5cd1766b125b,s,A,QB16,7,4,UVH11s,16,0.013333333333333336,0.0,0.0,461,1024,0.4501953125
01a0a594-d17f-7f32-a6dc-5cd1766b125b,s,A,QB16,7,4,UVH11s,17,0.026666666666666672,0.0,0.0,472,1024,0.4609375
01a0a594-d17f-7f32-a6dc-5cd1766b125b,s,A,QB16,7,4,UVH11s,18,0.04000000000000001,0.0,0.0,470,1024,0.458984375
01a0a594-d17f-7f32-a6dc-5cd1766b125b,s,A,QB16,7,4,UVH11s,19,0.053333333333333344,0.0,0.0,503,1024,0.4912109375
01a0a594-d17f-7f32-a6dc-5cd1766b125b,s,A,QB16,7,4,UVH11s,20,0.06666666666666665,0.0,0.0,456,1024,0.4453125
01a0a594-d17f-7f32-a6dc-5cd1766b125b,s,A,QB16,7,4,UVH11s,21,0.08000000000000002,0.0,0.0,491,1024,0.4794921875
01a0a594-d17f-7f32-a6dc-5cd1766b125b,s,A,QB16,7,4,UVH11s,22,0.09333333333333332,0.0,0.0,481,1024,0.4697265625
01a0a594-d17f-7f32-a6dc-5cd1766b125b,s,A,QB16,7,4,UVH11s,23,0.10666666666666669,0.0,0.0,500,1024,0.48828125
01a0a594-d17f-7f32-a6dc-5cd1766b125b,s,A,QB16,7,4,UVH11s,24,0.12,0.0,0.0,472,1024,0.4609375
01a0a594-d17f-7f32-a6dc-5cd1766b125b,s,A,QB16,7,4,UVH11s,25,0.13333333333333336,0.0,0.0,479,1024,0.4677734375
01a0a594-d17f-7f32-a6dc-5cd1766b125b,s,A,QB16,7,4,UVH11s,26,0.14666666666666667,0.0,0.0,487,1024,0.4755859375
01a0a594-d17f-7f32-a6dc-5cd1766b125b,s,A,QB16,7,4,UVH11s,27,0.16000000000000003,0.0,0.0,477,1024,0.4658203125
01a0a594-d17f-7f32-a6dc-5cd1766b125b,s,A,QB16,7,4,UVH11s,28,0.17333333333333334,0.0,0.0,490,1024,0.478515625
01a0a594-d17f-7f32-a6dc-5cd1766b125b,s,A,QB16,7,4,UVH11s,29,0.1866666666666667,0.0,0.0,474,1024,0.462890625
01a0a594-d17f-7f32-a6dc-5cd1766b125b,s,A,QB16,7,4,UVH11s,30,0.2,0.0,0.0,507,1024,0.4951171875
01a0a594-d17f-7f32-a6dc-5cd1766b125b,s,A,QB16,7,5,UVH13s,0,-0.2,0.0,0.0,532,1024,0.51953125
01a0a594-d17f-7f32-a6dc-5cd1766b125b,s,A,QB16,7,5,UVH13s,1,-0.18666666666666668,0.0,0.0,524,1024,0.51171875
01a0a594-d17f-7f32-a6dc-5cd1766b125b,s,A,QB16,7,5,UVH13s,2,-0.17333333333333334,0.0,0.0,522,1024,0.509765625
01a0a594-d17f-7f32-a6dc-5cd1766b125b,s,A,QB16,7,5,UVH13s,3,-0.16,0.0,0.0,512,1024,0.5
01a0a594-d17f-7f32-a6dc-5cd1766b125b,s,A,QB16,7,5,UVH13s,4,-0.14666666666666667,0.0,0.0,529,1024,0.5166015625
01a0a594-d17f-7f32-a6dc-5cd1766b125b,s,A,QB16,7,5,UVH13s,5,-0.13333333333333336,0.0,0.0,546,1024,0.533203125
01a0a594-d17f-7f32-a6dc-5cd1766b125b,s,A,QB16,7,5,UVH13s,6,-0.12000000000000001,0.0,0.0,495,1024,0.4833984375
01a0a594-d17f-7f32-a6dc-5cd1766b125b,s,A,QB16,7,5,UVH13s,7,-0.10666666666666667,0.0,0.0,548,1024,0.53515625
01a0a594-d17f-7f32-a6dc-5cd1766b125b,s,A,QB16,7,5,UVH13s,8,-0.09333333333333334,0.0,0.0,532,1024,0.51953125
01a0a594-d17f-7f32-a6dc-5cd1766b125b,s,A,QB16,7,5,UVH13s,9,-0.08,0.0,0.0,546,1024,0.533203125
01a0a594-d17f-7f32-a6dc-5cd1766b125b,s,A,QB16,7,5,UVH13s,10,-0.06666666666666668,0.0,0.0,560,1024,0.546875
01a0a594-d17f-7f32-a6dc-5cd1766b125b,s,A,QB16,7,5,UVH13s,11,-0.053333333333333344,0.0,0.0,538,1024,0.525390625
01a0a594-d17f-7f32-a6dc-5cd1766b125b,s,A,QB16,7,5,UVH13s,12,-0.04000000000000001,0.0,0.0,518,1024,0.505859375
01a0a594-d17f-7f32-a6dc-5cd1766b125b,s,A,QB16,7,5,UVH13s,13,-0.026666666666666672,0.0,0.0,567,1024,0.5537109375
01a0a594-d17f-7f32-a6dc-5cd1766b125b,s,A,QB16,7,5,UVH13s,14,-0.013333333333333336,0.0,0.0,554,1024,0.541015625
01a0a594-d17f-7f32-a6dc-5cd1766b125b,s,A,QB16,7,5,UVH13s,15,0.0,0.0,0.0,543,1024,0.5302734375
01a0a594-d17f-7f32-a6dc-5cd1766b125b,s,A,QB16,7,5,UVH13s,16,0.013333333333333336,0.0,0.0,542,1024,0.529296875
01a0a594-d17f-7f32-a6dc-5cd1766b125b,s,A,QB16,7,5,UVH13s,17,0.026666666666666672,0.0,0.0,530,1024,0.517578125
01a0a594-d17f-7f32-a6dc-5cd1766b125b,s,A,QB16,7,5,UVH13s,18,0.04000000000000001,0.0,0.0,532,1024,0.51953125
01a0a594-d17f-7f32-a6dc-5cd1766b125b,s,A,QB16,7,5,UVH13s,19,0.053333333333333344,0.0,0.0,532,1024,0.51953125
01a0a594-d17f-7f32-a6dc-5cd1766b125b,s,A,QB16,7,5,UVH13s,20,0.06666666666666665,0.0,0.0,541,1024,0.5283203125
01a0a594-d17f-7f32-a6dc-5cd1766b125b,s,A,QB16,7,5,UVH13s,21,0.08000000000000002,0.0,0.0,551,1024,0.5380859375
01a0a594-d17f-7f32-a6dc-5cd1766b125b,s,A,QB16,7,5,UVH13s,22,0.09333333333333332,0.0,0.0,544,1024,0.53125
01a0a594-d17f-7f32-a6dc-5cd1766b125b,s,A,QB16,7,5,UVH13s,23,0.10666666666666669,0.0,0.0,537,1024,0.5244140625
01a0a594-d17f-7f32-a6dc-5cd1766b125b,s,A,QB16,7,5,UVH13s,24,0.12,0.0,0.0,566,1024,0.552734375
01a0a594-d17f-7f32-a6dc-5cd1766b125b,s,A,QB16,7,5,UVH13s,25,0.13333333333333336,0.0,0.0,526,1024,0.513671875
01a0a594-d17f-7f32-a6dc-5cd1766b125b,s,A,QB16,7,5,UVH13s,26,0.14666666666666667,0.0,0.0,542,1024,0.529296875
01a0a594-d17f-7f32-a6dc-5cd1766b125b,s,A,QB16,7,5,UVH13s,27,0.16000000000000003,0.0,0.0,542,1024,0.529296875
01a0a594-d17f-7f32-a6dc-5cd1766b125b,s,A,QB16,7,5,UVH13s,28,0.17333333333333334,0.0,0.0,568,1024,0.5546875
01a0a594-d17f-7f32-a6dc-5cd1766b125b,s,A,QB16,7,5,UVH13s,29,0.1866666666666667,0.0,0.0,528,1024,0.515625
01a0a594-d17f-7f32-a6dc-5cd1766b125b,s,A,QB16,7,5,UVH13s,30,0.2,0.0,0.0,542,1024,0.529296875
01a0a594-d17f-7f32-a6dc-5cd1766b125b,s,A,QB4,8,0,standard_pi_2,0,-0.2,0.0,0.0,315,1024,0.3076171875
01a0a594-d17f-7f32-a6dc-5cd1766b125b,s,A,QB4,8,0,standard_pi_2,1,-0.18666666666666668,0.0,0.0,370,1024,0.361328125
01a0a594-d17f-7f32-a6dc-5cd1766b125b,s,A,QB4,8,0,standard_pi_2,2,-0.17333333333333334,0.0,0.0,352,1024,0.34375
01a0a594-d17f-7f32-a6dc-5cd1766b125b,s,A,QB4,8,0,standard_pi_2,3,-0.16,0.0,0.0,386,1024,0.376953125
01a0a594-d17f-7f32-a6dc-5cd1766b125b,s,A,QB4,8,0,standard_pi_2,4,-0.14666666666666667,0.0,0.0,378,1024,0.369140625
01a0a594-d17f-7f32-a6dc-5cd1766b125b,s,A,QB4,8,0,standard_pi_2,5,-0.13333333333333336,0.0,0.0,369,1024,0.3603515625
01a0a594-d17f-7f32-a6dc-5cd1766b125b,s,A,QB4,8,0,standard_pi_2,6,-0.12000000000000001,0.0,0.0,427,1024,0.4169921875
01a0a594-d17f-7f32-a6dc-5cd1766b125b,s,A,QB4,8,0,standard_pi_2,7,-0.10666666666666667,0.0,0.0,423,1024,0.4130859375
01a0a594-d17f-7f32-a6dc-5cd1766b125b,s,A,QB4,8,0,standard_pi_2,8,-0.09333333333333334,0.0,0.0,450,1024,0.439453125
01a0a594-d17f-7f32-a6dc-5cd1766b125b,s,A,QB4,8,0,standard_pi_2,9,-0.08,0.0,0.0,432,1024,0.421875
01a0a594-d17f-7f32-a6dc-5cd1766b125b,s,A,QB4,8,0,standard_pi_2,10,-0.06666666666666668,0.0,0.0,488,1024,0.4765625
01a0a594-d17f-7f32-a6dc-5cd1766b125b,s,A,QB4,8,0,standard_pi_2,11,-0.053333333333333344,0.0,0.0,519,1024,0.5068359375
01a0a594-d17f-7f32-a6dc-5cd1766b125b,s,A,QB4,8,0,standard_pi_2,12,-0.04000000000000001,0.0,0.0,487,1024,0.4755859375
01a0a594-d17f-7f32-a6dc-5cd1766b125b,s,A,QB4,8,0,standard_pi_2,13,-0.026666666666666672,0.0,0.0,494,1024,0.482421875
01a0a594-d17f-7f32-a6dc-5cd1766b125b,s,A,QB4,8,0,standard_pi_2,14,-0.013333333333333336,0.0,0.0,501,1024,0.4892578125
01a0a594-d17f-7f32-a6dc-5cd1766b125b,s,A,QB4,8,0,standard_pi_2,15,0.0,0.0,0.0,490,1024,0.478515625
01a0a594-d17f-7f32-a6dc-5cd1766b125b,s,A,QB4,8,0,standard_pi_2,16,0.013333333333333336,0.0,0.0,524,1024,0.51171875
01a0a594-d17f-7f32-a6dc-5cd1766b125b,s,A,QB4,8,0,standard_pi_2,17,0.026666666666666672,0.0,0.0,517,1024,0.5048828125
01a0a594-d17f-7f32-a6dc-5cd1766b125b,s,A,QB4,8,0,standard_pi_2,18,0.04000000000000001,0.0,0.0,546,1024,0.533203125
01a0a594-d17f-7f32-a6dc-5cd1766b125b,s,A,QB4,8,0,standard_pi_2,19,0.053333333333333344,0.0,0.0,572,1024,0.55859375
01a0a594-d17f-7f32-a6dc-5cd1766b125b,s,A,QB4,8,0,standard_pi_2,20,0.06666666666666665,0.0,0.0,553,1024,0.5400390625
01a0a594-d17f-7f32-a6dc-5cd1766b125b,s,A,QB4,8,0,standard_pi_2,21,0.08000000000000002,0.0,0.0,566,1024,0.552734375
01a0a594-d17f-7f32-a6dc-5cd1766b125b,s,A,QB4,8,0,standard_pi_2,22,0.09333333333333332,0.0,0.0,565,1024,0.5517578125
01a0a594-d17f-7f32-a6dc-5cd1766b125b,s,A,QB4,8,0,standard_pi_2,23,0.10666666666666669,0.0,0.0,567,1024,0.5537109375
01a0a594-d17f-7f32-a6dc-5cd1766b125b,s,A,QB4,8,0,standard_pi_2,24,0.12,0.0,0.0,607,1024,0.5927734375
01a0a594-d17f-7f32-a6dc-5cd1766b125b,s,A,QB4,8,0,standard_pi_2,25,0.13333333333333336,0.0,0.0,601,1024,0.5869140625
01a0a594-d17f-7f32-a6dc-5cd1766b125b,s,A,QB4,8,0,standard_pi_2,26,0.14666666666666667,0.0,0.0,651,1024,0.6357421875
01a0a594-d17f-7f32-a6dc-5cd1766b125b,s,A,QB4,8,0,standard_pi_2,27,0.16000000000000003,0.0,0.0,643,1024,0.6279296875
01a0a594-d17f-7f32-a6dc-5cd1766b125b,s,A,QB4,8,0,standard_pi_2,28,0.17333333333333334,0.0,0.0,663,1024,0.6474609375
01a0a594-d17f-7f32-a6dc-5cd1766b125b,s,A,QB4,8,0,standard_pi_2,29,0.1866666666666667,0.0,0.0,619,1024,0.6044921875
01a0a594-d17f-7f32-a6dc-5cd1766b125b,s,A,QB4,8,0,standard_pi_2,30,0.2,0.0,0.0,657,1024,0.6416015625
01a0a594-d17f-7f32-a6dc-5cd1766b125b,s,A,QB4,8,1,UVH5s,0,-0.2,0.0,0.0,507,1024,0.4951171875
01a0a594-d17f-7f32-a6dc-5cd1766b125b,s,A,QB4,8,1,UVH5s,1,-0.18666666666666668,0.0,0.0,513,1024,0.5009765625
01a0a594-d17f-7f32-a6dc-5cd1766b125b,s,A,QB4,8,1,UVH5s,2,-0.17333333333333334,0.0,0.0,509,1024,0.4970703125
01a0a594-d17f-7f32-a6dc-5cd1766b125b,s,A,QB4,8,1,UVH5s,3,-0.16,0.0,0.0,504,1024,0.4921875
01a0a594-d17f-7f32-a6dc-5cd1766b125b,s,A,QB4,8,1,UVH5s,4,-0.14666666666666667,0.0,0.0,521,1024,0.5087890625
01a0a594-d17f-7f32-a6dc-5cd1766b125b,s,A,QB4,8,1,UVH5s,5,-0.13333333333333336,0.0,0.0,531,1024,0.5185546875
01a0a594-d17f-7f32-a6dc-5cd1766b125b,s,A,QB4,8,1,UVH5s,6,-0.12000000000000001,0.0,0.0,518,1024,0.505859375
01a0a594-d17f-7f32-a6dc-5cd1766b125b,s,A,QB4,8,1,UVH5s,7,-0.10666666666666667,0.0,0.0,520,1024,0.5078125
01a0a594-d17f-7f32-a6dc-5cd1766b125b,s,A,QB4,8,1,UVH5s,8,-0.09333333333333334,0.0,0.0,525,1024,0.5126953125
01a0a594-d17f-7f32-a6dc-5cd1766b125b,s,A,QB4,8,1,UVH5s,9,-0.08,0.0,0.0,524,1024,0.51171875
01a0a594-d17f-7f32-a6dc-5cd1766b125b,s,A,QB4,8,1,UVH5s,10,-0.06666666666666668,0.0,0.0,520,1024,0.5078125
01a0a594-d17f-7f32-a6dc-5cd1766b125b,s,A,QB4,8,1,UVH5s,11,-0.053333333333333344,0.0,0.0,543,1024,0.5302734375
01a0a594-d17f-7f32-a6dc-5cd1766b125b,s,A,QB4,8,1,UVH5s,12,-0.04000000000000001,0.0,0.0,514,1024,0.501953125
01a0a594-d17f-7f32-a6dc-5cd1766b125b,s,A,QB4,8,1,UVH5s,13,-0.026666666666666672,0.0,0.0,524,1024,0.51171875
01a0a594-d17f-7f32-a6dc-5cd1766b125b,s,A,QB4,8,1,UVH5s,14,-0.013333333333333336,0.0,0.0,525,1024,0.5126953125
01a0a594-d17f-7f32-a6dc-5cd1766b125b,s,A,QB4,8,1,UVH5s,15,0.0,0.0,0.0,555,1024,0.5419921875
01a0a594-d17f-7f32-a6dc-5cd1766b125b,s,A,QB4,8,1,UVH5s,16,0.013333333333333336,0.0,0.0,540,1024,0.52734375
01a0a594-d17f-7f32-a6dc-5cd1766b125b,s,A,QB4,8,1,UVH5s,17,0.026666666666666672,0.0,0.0,531,1024,0.5185546875
01a0a594-d17f-7f32-a6dc-5cd1766b125b,s,A,QB4,8,1,UVH5s,18,0.04000000000000001,0.0,0.0,501,1024,0.4892578125
01a0a594-d17f-7f32-a6dc-5cd1766b125b,s,A,QB4,8,1,UVH5s,19,0.053333333333333344,0.0,0.0,486,1024,0.474609375
01a0a594-d17f-7f32-a6dc-5cd1766b125b,s,A,QB4,8,1,UVH5s,20,0.06666666666666665,0.0,0.0,530,1024,0.517578125
01a0a594-d17f-7f32-a6dc-5cd1766b125b,s,A,QB4,8,1,UVH5s,21,0.08000000000000002,0.0,0.0,538,1024,0.525390625
01a0a594-d17f-7f32-a6dc-5cd1766b125b,s,A,QB4,8,1,UVH5s,22,0.09333333333333332,0.0,0.0,510,1024,0.498046875
01a0a594-d17f-7f32-a6dc-5cd1766b125b,s,A,QB4,8,1,UVH5s,23,0.10666666666666669,0.0,0.0,523,1024,0.5107421875
01a0a594-d17f-7f32-a6dc-5cd1766b125b,s,A,QB4,8,1,UVH5s,24,0.12,0.0,0.0,525,1024,0.5126953125
01a0a594-d17f-7f32-a6dc-5cd1766b125b,s,A,QB4,8,1,UVH5s,25,0.13333333333333336,0.0,0.0,529,1024,0.5166015625
01a0a594-d17f-7f32-a6dc-5cd1766b125b,s,A,QB4,8,1,UVH5s,26,0.14666666666666667,0.0,0.0,532,1024,0.51953125
01a0a594-d17f-7f32-a6dc-5cd1766b125b,s,A,QB4,8,1,UVH5s,27,0.16000000000000003,0.0,0.0,518,1024,0.505859375
01a0a594-d17f-7f32-a6dc-5cd1766b125b,s,A,QB4,8,1,UVH5s,28,0.17333333333333334,0.0,0.0,549,1024,0.5361328125
01a0a594-d17f-7f32-a6dc-5cd1766b125b,s,A,QB4,8,1,UVH5s,29,0.1866666666666667,0.0,0.0,541,1024,0.5283203125
01a0a594-d17f-7f32-a6dc-5cd1766b125b,s,A,QB4,8,1,UVH5s,30,0.2,0.0,0.0,528,1024,0.515625
01a0a594-d17f-7f32-a6dc-5cd1766b125b,s,A,QB4,8,2,UVH7s,0,-0.2,0.0,0.0,567,1024,0.5537109375
01a0a594-d17f-7f32-a6dc-5cd1766b125b,s,A,QB4,8,2,UVH7s,1,-0.18666666666666668,0.0,0.0,554,1024,0.541015625
01a0a594-d17f-7f32-a6dc-5cd1766b125b,s,A,QB4,8,2,UVH7s,2,-0.17333333333333334,0.0,0.0,519,1024,0.5068359375
01a0a594-d17f-7f32-a6dc-5cd1766b125b,s,A,QB4,8,2,UVH7s,3,-0.16,0.0,0.0,531,1024,0.5185546875
01a0a594-d17f-7f32-a6dc-5cd1766b125b,s,A,QB4,8,2,UVH7s,4,-0.14666666666666667,0.0,0.0,553,1024,0.5400390625
01a0a594-d17f-7f32-a6dc-5cd1766b125b,s,A,QB4,8,2,UVH7s,5,-0.13333333333333336,0.0,0.0,512,1024,0.5
01a0a594-d17f-7f32-a6dc-5cd1766b125b,s,A,QB4,8,2,UVH7s,6,-0.12000000000000001,0.0,0.0,516,1024,0.50390625
01a0a594-d17f-7f32-a6dc-5cd1766b125b,s,A,QB4,8,2,UVH7s,7,-0.10666666666666667,0.0,0.0,509,1024,0.4970703125
01a0a594-d17f-7f32-a6dc-5cd1766b125b,s,A,QB4,8,2,UVH7s,8,-0.09333333333333334,0.0,0.0,526,1024,0.513671875
01a0a594-d17f-7f32-a6dc-5cd1766b125b,s,A,QB4,8,2,UVH7s,9,-0.08,0.0,0.0,520,1024,0.5078125
01a0a594-d17f-7f32-a6dc-5cd1766b125b,s,A,QB4,8,2,UVH7s,10,-0.06666666666666668,0.0,0.0,523,1024,0.5107421875
01a0a594-d17f-7f32-a6dc-5cd1766b125b,s,A,QB4,8,2,UVH7s,11,-0.053333333333333344,0.0,0.0,497,1024,0.4853515625
01a0a594-d17f-7f32-a6dc-5cd1766b125b,s,A,QB4,8,2,UVH7s,12,-0.04000000000000001,0.0,0.0,515,1024,0.5029296875
01a0a594-d17f-7f32-a6dc-5cd1766b125b,s,A,QB4,8,2,UVH7s,13,-0.026666666666666672,0.0,0.0,520,1024,0.5078125
01a0a594-d17f-7f32-a6dc-5cd1766b125b,s,A,QB4,8,2,UVH7s,14,-0.013333333333333336,0.0,0.0,518,1024,0.505859375
01a0a594-d17f-7f32-a6dc-5cd1766b125b,s,A,QB4,8,2,UVH7s,15,0.0,0.0,0.0,538,1024,0.525390625
01a0a594-d17f-7f32-a6dc-5cd1766b125b,s,A,QB4,8,2,UVH7s,16,0.013333333333333336,0.0,0.0,530,1024,0.517578125
01a0a594-d17f-7f32-a6dc-5cd1766b125b,s,A,QB4,8,2,UVH7s,17,0.026666666666666672,0.0,0.0,553,1024,0.5400390625
01a0a594-d17f-7f32-a6dc-5cd1766b125b,s,A,QB4,8,2,UVH7s,18,0.04000000000000001,0.0,0.0,535,1024,0.5224609375
01a0a594-d17f-7f32-a6dc-5cd1766b125b,s,A,QB4,8,2,UVH7s,19,0.053333333333333344,0.0,0.0,557,1024,0.5439453125
01a0a594-d17f-7f32-a6dc-5cd1766b125b,s,A,QB4,8,2,UVH7s,20,0.06666666666666665,0.0,0.0,524,1024,0.51171875
01a0a594-d17f-7f32-a6dc-5cd1766b125b,s,A,QB4,8,2,UVH7s,21,0.08000000000000002,0.0,0.0,537,1024,0.5244140625
01a0a594-d17f-7f32-a6dc-5cd1766b125b,s,A,QB4,8,2,UVH7s,22,0.09333333333333332,0.0,0.0,552,1024,0.5390625
01a0a594-d17f-7f32-a6dc-5cd1766b125b,s,A,QB4,8,2,UVH7s,23,0.10666666666666669,0.0,0.0,547,1024,0.5341796875
01a0a594-d17f-7f32-a6dc-5cd1766b125b,s,A,QB4,8,2,UVH7s,24,0.12,0.0,0.0,546,1024,0.533203125
01a0a594-d17f-7f32-a6dc-5cd1766b125b,s,A,QB4,8,2,UVH7s,25,0.13333333333333336,0.0,0.0,509,1024,0.4970703125
01a0a594-d17f-7f32-a6dc-5cd1766b125b,s,A,QB4,8,2,UVH7s,26,0.14666666666666667,0.0,0.0,515,1024,0.5029296875
01a0a594-d17f-7f32-a6dc-5cd1766b125b,s,A,QB4,8,2,UVH7s,27,0.16000000000000003,0.0,0.0,492,1024,0.48046875
01a0a594-d17f-7f32-a6dc-5cd1766b125b,s,A,QB4,8,2,UVH7s,28,0.17333333333333334,0.0,0.0,535,1024,0.5224609375
01a0a594-d17f-7f32-a6dc-5cd1766b125b,s,A,QB4,8,2,UVH7s,29,0.1866666666666667,0.0,0.0,496,1024,0.484375
01a0a594-d17f-7f32-a6dc-5cd1766b125b,s,A,QB4,8,2,UVH7s,30,0.2,0.0,0.0,497,1024,0.4853515625
01a0a594-d17f-7f32-a6dc-5cd1766b125b,s,A,QB4,8,3,UVH9s,0,-0.2,0.0,0.0,509,1024,0.4970703125
01a0a594-d17f-7f32-a6dc-5cd1766b125b,s,A,QB4,8,3,UVH9s,1,-0.18666666666666668,0.0,0.0,502,1024,0.490234375
01a0a594-d17f-7f32-a6dc-5cd1766b125b,s,A,QB4,8,3,UVH9s,2,-0.17333333333333334,0.0,0.0,486,1024,0.474609375
01a0a594-d17f-7f32-a6dc-5cd1766b125b,s,A,QB4,8,3,UVH9s,3,-0.16,0.0,0.0,500,1024,0.48828125
01a0a594-d17f-7f32-a6dc-5cd1766b125b,s,A,QB4,8,3,UVH9s,4,-0.14666666666666667,0.0,0.0,487,1024,0.4755859375
01a0a594-d17f-7f32-a6dc-5cd1766b125b,s,A,QB4,8,3,UVH9s,5,-0.13333333333333336,0.0,0.0,479,1024,0.4677734375
01a0a594-d17f-7f32-a6dc-5cd1766b125b,s,A,QB4,8,3,UVH9s,6,-0.12000000000000001,0.0,0.0,504,1024,0.4921875
01a0a594-d17f-7f32-a6dc-5cd1766b125b,s,A,QB4,8,3,UVH9s,7,-0.10666666666666667,0.0,0.0,484,1024,0.47265625
01a0a594-d17f-7f32-a6dc-5cd1766b125b,s,A,QB4,8,3,UVH9s,8,-0.09333333333333334,0.0,0.0,499,1024,0.4873046875
01a0a594-d17f-7f32-a6dc-5cd1766b125b,s,A,QB4,8,3,UVH9s,9,-0.08,0.0,0.0,499,1024,0.4873046875
01a0a594-d17f-7f32-a6dc-5cd1766b125b,s,A,QB4,8,3,UVH9s,10,-0.06666666666666668,0.0,0.0,508,1024,0.49609375
01a0a594-d17f-7f32-a6dc-5cd1766b125b,s,A,QB4,8,3,UVH9s,11,-0.053333333333333344,0.0,0.0,508,1024,0.49609375
01a0a594-d17f-7f32-a6dc-5cd1766b125b,s,A,QB4,8,3,UVH9s,12,-0.04000000000000001,0.0,0.0,538,1024,0.525390625
01a0a594-d17f-7f32-a6dc-5cd1766b125b,s,A,QB4,8,3,UVH9s,13,-0.026666666666666672,0.0,0.0,497,1024,0.4853515625
01a0a594-d17f-7f32-a6dc-5cd1766b125b,s,A,QB4,8,3,UVH9s,14,-0.013333333333333336,0.0,0.0,490,1024,0.478515625
01a0a594-d17f-7f32-a6dc-5cd1766b125b,s,A,QB4,8,3,UVH9s,15,0.0,0.0,0.0,481,1024,0.4697265625
01a0a594-d17f-7f32-a6dc-5cd1766b125b,s,A,QB4,8,3,UVH9s,16,0.013333333333333336,0.0,0.0,509,1024,0.4970703125
01a0a594-d17f-7f32-a6dc-5cd1766b125b,s,A,QB4,8,3,UVH9s,17,0.026666666666666672,0.0,0.0,493,1024,0.4814453125
01a0a594-d17f-7f32-a6dc-5cd1766b125b,s,A,QB4,8,3,UVH9s,18,0.04000000000000001,0.0,0.0,490,1024,0.478515625
01a0a594-d17f-7f32-a6dc-5cd1766b125b,s,A,QB4,8,3,UVH9s,19,0.053333333333333344,0.0,0.0,485,1024,0.4736328125
01a0a594-d17f-7f32-a6dc-5cd1766b125b,s,A,QB4,8,3,UVH9s,20,0.06666666666666665,0.0,0.0,528,1024,0.515625
01a0a594-d17f-7f32-a6dc-5cd1766b125b,s,A,QB4,8,3,UVH9s,21,0.08000000000000002,0.0,0.0,535,1024,0.5224609375
01a0a594-d17f-7f32-a6dc-5cd1766b125b,s,A,QB4,8,3,UVH9s,22,0.09333333333333332,0.0,0.0,473,1024,0.4619140625
01a0a594-d17f-7f32-a6dc-5cd1766b125b,s,A,QB4,8,3,UVH9s,23,0.10666666666666669,0.0,0.0,486,1024,0.474609375
01a0a594-d17f-7f32-a6dc-5cd1766b125b,s,A,QB4,8,3,UVH9s,24,0.12,0.0,0.0,500,1024,0.48828125
01a0a594-d17f-7f32-a6dc-5cd1766b125b,s,A,QB4,8,3,UVH9s,25,0.13333333333333336,0.0,0.0,501,1024,0.4892578125
01a0a594-d17f-7f32-a6dc-5cd1766b125b,s,A,QB4,8,3,UVH9s,26,0.14666666666666667,0.0,0.0,504,1024,0.4921875
01a0a594-d17f-7f32-a6dc-5cd1766b125b,s,A,QB4,8,3,UVH9s,27,0.16000000000000003,0.0,0.0,530,1024,0.517578125
01a0a594-d17f-7f32-a6dc-5cd1766b125b,s,A,QB4,8,3,UVH9s,28,0.17333333333333334,0.0,0.0,508,1024,0.49609375
01a0a594-d17f-7f32-a6dc-5cd1766b125b,s,A,QB4,8,3,UVH9s,29,0.1866666666666667,0.0,0.0,549,1024,0.5361328125
01a0a594-d17f-7f32-a6dc-5cd1766b125b,s,A,QB4,8,3,UVH9s,30,0.2,0.0,0.0,529,1024,0.5166015625
01a0a594-d17f-7f32-a6dc-5cd1766b125b,s,A,QB4,8,4,UVH11s,0,-0.2,0.0,0.0,524,1024,0.51171875
01a0a594-d17f-7f32-a6dc-5cd1766b125b,s,A,QB4,8,4,UVH11s,1,-0.18666666666666668,0.0,0.0,548,1024,0.53515625
01a0a594-d17f-7f32-a6dc-5cd1766b125b,s,A,QB4,8,4,UVH11s,2,-0.17333333333333334,0.0,0.0,528,1024,0.515625
01a0a594-d17f-7f32-a6dc-5cd1766b125b,s,A,QB4,8,4,UVH11s,3,-0.16,0.0,0.0,517,1024,0.5048828125
01a0a594-d17f-7f32-a6dc-5cd1766b125b,s,A,QB4,8,4,UVH11s,4,-0.14666666666666667,0.0,0.0,531,1024,0.5185546875
01a0a594-d17f-7f32-a6dc-5cd1766b125b,s,A,QB4,8,4,UVH11s,5,-0.13333333333333336,0.0,0.0,540,1024,0.52734375
01a0a594-d17f-7f32-a6dc-5cd1766b125b,s,A,QB4,8,4,UVH11s,6,-0.12000000000000001,0.0,0.0,538,1024,0.525390625
01a0a594-d17f-7f32-a6dc-5cd1766b125b,s,A,QB4,8,4,UVH11s,7,-0.10666666666666667,0.0,0.0,528,1024,0.515625
01a0a594-d17f-7f32-a6dc-5cd1766b125b,s,A,QB4,8,4,UVH11s,8,-0.09333333333333334,0.0,0.0,504,1024,0.4921875
01a0a594-d17f-7f32-a6dc-5cd1766b125b,s,A,QB4,8,4,UVH11s,9,-0.08,0.0,0.0,508,1024,0.49609375
01a0a594-d17f-7f32-a6dc-5cd1766b125b,s,A,QB4,8,4,UVH11s,10,-0.06666666666666668,0.0,0.0,502,1024,0.490234375
01a0a594-d17f-7f32-a6dc-5cd1766b125b,s,A,QB4,8,4,UVH11s,11,-0.053333333333333344,0.0,0.0,524,1024,0.51171875
01a0a594-d17f-7f32-a6dc-5cd1766b125b,s,A,QB4,8,4,UVH11s,12,-0.04000000000000001,0.0,0.0,509,1024,0.4970703125
01a0a594-d17f-7f32-a6dc-5cd1766b125b,s,A,QB4,8,4,UVH11s,13,-0.026666666666666672,0.0,0.0,538,1024,0.525390625
01a0a594-d17f-7f32-a6dc-5cd1766b125b,s,A,QB4,8,4,UVH11s,14,-0.013333333333333336,0.0,0.0,513,1024,0.5009765625
01a0a594-d17f-7f32-a6dc-5cd1766b125b,s,A,QB4,8,4,UVH11s,15,0.0,0.0,0.0,522,1024,0.509765625
01a0a594-d17f-7f32-a6dc-5cd1766b125b,s,A,QB4,8,4,UVH11s,16,0.013333333333333336,0.0,0.0,542,1024,0.529296875
01a0a594-d17f-7f32-a6dc-5cd1766b125b,s,A,QB4,8,4,UVH11s,17,0.026666666666666672,0.0,0.0,519,1024,0.5068359375
01a0a594-d17f-7f32-a6dc-5cd1766b125b,s,A,QB4,8,4,UVH11s,18,0.04000000000000001,0.0,0.0,487,1024,0.4755859375
01a0a594-d17f-7f32-a6dc-5cd1766b125b,s,A,QB4,8,4,UVH11s,19,0.053333333333333344,0.0,0.0,515,1024,0.5029296875
01a0a594-d17f-7f32-a6dc-5cd1766b125b,s,A,QB4,8,4,UVH11s,20,0.06666666666666665,0.0,0.0,535,1024,0.5224609375
01a0a594-d17f-7f32-a6dc-5cd1766b125b,s,A,QB4,8,4,UVH11s,21,0.08000000000000002,0.0,0.0,527,1024,0.5146484375
01a0a594-d17f-7f32-a6dc-5cd1766b125b,s,A,QB4,8,4,UVH11s,22,0.09333333333333332,0.0,0.0,507,1024,0.4951171875
01a0a594-d17f-7f32-a6dc-5cd1766b125b,s,A,QB4,8,4,UVH11s,23,0.10666666666666669,0.0,0.0,505,1024,0.4931640625
01a0a594-d17f-7f32-a6dc-5cd1766b125b,s,A,QB4,8,4,UVH11s,24,0.12,0.0,0.0,522,1024,0.509765625
01a0a594-d17f-7f32-a6dc-5cd1766b125b,s,A,QB4,8,4,UVH11s,25,0.13333333333333336,0.0,0.0,523,1024,0.5107421875
01a0a594-d17f-7f32-a6dc-5cd1766b125b,s,A,QB4,8,4,UVH11s,26,0.14666666666666667,0.0,0.0,510,1024,0.498046875
01a0a594-d17f-7f32-a6dc-5cd1766b125b,s,A,QB4,8,4,UVH11s,27,0.16000000000000003,0.0,0.0,506,1024,0.494140625
01a0a594-d17f-7f32-a6dc-5cd1766b125b,s,A,QB4,8,4,UVH11s,28,0.17333333333333334,0.0,0.0,508,1024,0.49609375
01a0a594-d17f-7f32-a6dc-5cd1766b125b,s,A,QB4,8,4,UVH11s,29,0.1866666666666667,0.0,0.0,484,1024,0.47265625
01a0a594-d17f-7f32-a6dc-5cd1766b125b,s,A,QB4,8,4,UVH11s,30,0.2,0.0,0.0,513,1024,0.5009765625
01a0a594-d17f-7f32-a6dc-5cd1766b125b,s,A,QB4,8,5,UVH13s,0,-0.2,0.0,0.0,521,1024,0.5087890625
01a0a594-d17f-7f32-a6dc-5cd1766b125b,s,A,QB4,8,5,UVH13s,1,-0.18666666666666668,0.0,0.0,472,1024,0.4609375
01a0a594-d17f-7f32-a6dc-5cd1766b125b,s,A,QB4,8,5,UVH13s,2,-0.17333333333333334,0.0,0.0,526,1024,0.513671875
01a0a594-d17f-7f32-a6dc-5cd1766b125b,s,A,QB4,8,5,UVH13s,3,-0.16,0.0,0.0,518,1024,0.505859375
01a0a594-d17f-7f32-a6dc-5cd1766b125b,s,A,QB4,8,5,UVH13s,4,-0.14666666666666667,0.0,0.0,521,1024,0.5087890625
01a0a594-d17f-7f32-a6dc-5cd1766b125b,s,A,QB4,8,5,UVH13s,5,-0.13333333333333336,0.0,0.0,500,1024,0.48828125
01a0a594-d17f-7f32-a6dc-5cd1766b125b,s,A,QB4,8,5,UVH13s,6,-0.12000000000000001,0.0,0.0,504,1024,0.4921875
01a0a594-d17f-7f32-a6dc-5cd1766b125b,s,A,QB4,8,5,UVH13s,7,-0.10666666666666667,0.0,0.0,511,1024,0.4990234375
01a0a594-d17f-7f32-a6dc-5cd1766b125b,s,A,QB4,8,5,UVH13s,8,-0.09333333333333334,0.0,0.0,507,1024,0.4951171875
01a0a594-d17f-7f32-a6dc-5cd1766b125b,s,A,QB4,8,5,UVH13s,9,-0.08,0.0,0.0,523,1024,0.5107421875
01a0a594-d17f-7f32-a6dc-5cd1766b125b,s,A,QB4,8,5,UVH13s,10,-0.06666666666666668,0.0,0.0,501,1024,0.4892578125
01a0a594-d17f-7f32-a6dc-5cd1766b125b,s,A,QB4,8,5,UVH13s,11,-0.053333333333333344,0.0,0.0,514,1024,0.501953125
01a0a594-d17f-7f32-a6dc-5cd1766b125b,s,A,QB4,8,5,UVH13s,12,-0.04000000000000001,0.0,0.0,510,1024,0.498046875
01a0a594-d17f-7f32-a6dc-5cd1766b125b,s,A,QB4,8,5,UVH13s,13,-0.026666666666666672,0.0,0.0,533,1024,0.5205078125
01a0a594-d17f-7f32-a6dc-5cd1766b125b,s,A,QB4,8,5,UVH13s,14,-0.013333333333333336,0.0,0.0,512,1024,0.5
01a0a594-d17f-7f32-a6dc-5cd1766b125b,s,A,QB4,8,5,UVH13s,15,0.0,0.0,0.0,476,1024,0.46484375
01a0a594-d17f-7f32-a6dc-5cd1766b125b,s,A,QB4,8,5,UVH13s,16,0.013333333333333336,0.0,0.0,508,1024,0.49609375
01a0a594-d17f-7f32-a6dc-5cd1766b125b,s,A,QB4,8,5,UVH13s,17,0.026666666666666672,0.0,0.0,494,1024,0.482421875
01a0a594-d17f-7f32-a6dc-5cd1766b125b,s,A,QB4,8,5,UVH13s,18,0.04000000000000001,0.0,0.0,497,1024,0.4853515625
01a0a594-d17f-7f32-a6dc-5cd1766b125b,s,A,QB4,8,5,UVH13s,19,0.053333333333333344,0.0,0.0,511,1024,0.4990234375
01a0a594-d17f-7f32-a6dc-5cd1766b125b,s,A,QB4,8,5,UVH13s,20,0.06666666666666665,0.0,0.0,466,1024,0.455078125
01a0a594-d17f-7f32-a6dc-5cd1766b125b,s,A,QB4,8,5,UVH13s,21,0.08000000000000002,0.0,0.0,508,1024,0.49609375
01a0a594-d17f-7f32-a6dc-5cd1766b125b,s,A,QB4,8,5,UVH13s,22,0.09333333333333332,0.0,0.0,480,1024,0.46875
01a0a594-d17f-7f32-a6dc-5cd1766b125b,s,A,QB4,8,5,UVH13s,23,0.10666666666666669,0.0,0.0,499,1024,0.4873046875
01a0a594-d17f-7f32-a6dc-5cd1766b125b,s,A,QB4,8,5,UVH13s,24,0.12,0.0,0.0,490,1024,0.478515625
01a0a594-d17f-7f32-a6dc-5cd1766b125b,s,A,QB4,8,5,UVH13s,25,0.13333333333333336,0.0,0.0,518,1024,0.505859375
01a0a594-d17f-7f32-a6dc-5cd1766b125b,s,A,QB4,8,5,UVH13s,26,0.14666666666666667,0.0,0.0,497,1024,0.4853515625
01a0a594-d17f-7f32-a6dc-5cd1766b125b,s,A,QB4,8,5,UVH13s,27,0.16000000000000003,0.0,0.0,492,1024,0.48046875
01a0a594-d17f-7f32-a6dc-5cd1766b125b,s,A,QB4,8,5,UVH13s,28,0.17333333333333334,0.0,0.0,494,1024,0.482421875
01a0a594-d17f-7f32-a6dc-5cd1766b125b,s,A,QB4,8,5,UVH13s,29,0.1866666666666667,0.0,0.0,465,1024,0.4541015625
01a0a594-d17f-7f32-a6dc-5cd1766b125b,s,A,QB4,8,5,UVH13s,30,0.2,0.0,0.0,505,1024,0.4931640625
01a0a594-d17f-7f32-a6dc-5cd1766b125b,s,A,QB14,9,0,standard_pi_2,0,-0.2,0.0,0.0,367,1024,0.3583984375
01a0a594-d17f-7f32-a6dc-5cd1766b125b,s,A,QB14,9,0,standard_pi_2,1,-0.18666666666666668,0.0,0.0,392,1024,0.3828125
01a0a594-d17f-7f32-a6dc-5cd1766b125b,s,A,QB14,9,0,standard_pi_2,2,-0.17333333333333334,0.0,0.0,388,1024,0.37890625
01a0a594-d17f-7f32-a6dc-5cd1766b125b,s,A,QB14,9,0,standard_pi_2,3,-0.16,0.0,0.0,404,1024,0.39453125
01a0a594-d17f-7f32-a6dc-5cd1766b125b,s,A,QB14,9,0,standard_pi_2,4,-0.14666666666666667,0.0,0.0,411,1024,0.4013671875
01a0a594-d17f-7f32-a6dc-5cd1766b125b,s,A,QB14,9,0,standard_pi_2,5,-0.13333333333333336,0.0,0.0,443,1024,0.4326171875
01a0a594-d17f-7f32-a6dc-5cd1766b125b,s,A,QB14,9,0,standard_pi_2,6,-0.12000000000000001,0.0,0.0,414,1024,0.404296875
01a0a594-d17f-7f32-a6dc-5cd1766b125b,s,A,QB14,9,0,standard_pi_2,7,-0.10666666666666667,0.0,0.0,427,1024,0.4169921875
01a0a594-d17f-7f32-a6dc-5cd1766b125b,s,A,QB14,9,0,standard_pi_2,8,-0.09333333333333334,0.0,0.0,455,1024,0.4443359375
01a0a594-d17f-7f32-a6dc-5cd1766b125b,s,A,QB14,9,0,standard_pi_2,9,-0.08,0.0,0.0,444,1024,0.43359375
01a0a594-d17f-7f32-a6dc-5cd1766b125b,s,A,QB14,9,0,standard_pi_2,10,-0.06666666666666668,0.0,0.0,474,1024,0.462890625
01a0a594-d17f-7f32-a6dc-5cd1766b125b,s,A,QB14,9,0,standard_pi_2,11,-0.053333333333333344,0.0,0.0,486,1024,0.474609375
01a0a594-d17f-7f32-a6dc-5cd1766b125b,s,A,QB14,9,0,standard_pi_2,12,-0.04000000000000001,0.0,0.0,506,1024,0.494140625
01a0a594-d17f-7f32-a6dc-5cd1766b125b,s,A,QB14,9,0,standard_pi_2,13,-0.026666666666666672,0.0,0.0,502,1024,0.490234375
01a0a594-d17f-7f32-a6dc-5cd1766b125b,s,A,QB14,9,0,standard_pi_2,14,-0.013333333333333336,0.0,0.0,545,1024,0.5322265625
01a0a594-d17f-7f32-a6dc-5cd1766b125b,s,A,QB14,9,0,standard_pi_2,15,0.0,0.0,0.0,510,1024,0.498046875
01a0a594-d17f-7f32-a6dc-5cd1766b125b,s,A,QB14,9,0,standard_pi_2,16,0.013333333333333336,0.0,0.0,522,1024,0.509765625
01a0a594-d17f-7f32-a6dc-5cd1766b125b,s,A,QB14,9,0,standard_pi_2,17,0.026666666666666672,0.0,0.0,537,1024,0.5244140625
01a0a594-d17f-7f32-a6dc-5cd1766b125b,s,A,QB14,9,0,standard_pi_2,18,0.04000000000000001,0.0,0.0,574,1024,0.560546875
01a0a594-d17f-7f32-a6dc-5cd1766b125b,s,A,QB14,9,0,standard_pi_2,19,0.053333333333333344,0.0,0.0,534,1024,0.521484375
01a0a594-d17f-7f32-a6dc-5cd1766b125b,s,A,QB14,9,0,standard_pi_2,20,0.06666666666666665,0.0,0.0,570,1024,0.556640625
01a0a594-d17f-7f32-a6dc-5cd1766b125b,s,A,QB14,9,0,standard_pi_2,21,0.08000000000000002,0.0,0.0,568,1024,0.5546875
01a0a594-d17f-7f32-a6dc-5cd1766b125b,s,A,QB14,9,0,standard_pi_2,22,0.09333333333333332,0.0,0.0,598,1024,0.583984375
01a0a594-d17f-7f32-a6dc-5cd1766b125b,s,A,QB14,9,0,standard_pi_2,23,0.10666666666666669,0.0,0.0,603,1024,0.5888671875
01a0a594-d17f-7f32-a6dc-5cd1766b125b,s,A,QB14,9,0,standard_pi_2,24,0.12,0.0,0.0,629,1024,0.6142578125
01a0a594-d17f-7f32-a6dc-5cd1766b125b,s,A,QB14,9,0,standard_pi_2,25,0.13333333333333336,0.0,0.0,665,1024,0.6494140625
01a0a594-d17f-7f32-a6dc-5cd1766b125b,s,A,QB14,9,0,standard_pi_2,26,0.14666666666666667,0.0,0.0,629,1024,0.6142578125
01a0a594-d17f-7f32-a6dc-5cd1766b125b,s,A,QB14,9,0,standard_pi_2,27,0.16000000000000003,0.0,0.0,626,1024,0.611328125
01a0a594-d17f-7f32-a6dc-5cd1766b125b,s,A,QB14,9,0,standard_pi_2,28,0.17333333333333334,0.0,0.0,645,1024,0.6298828125
01a0a594-d17f-7f32-a6dc-5cd1766b125b,s,A,QB14,9,0,standard_pi_2,29,0.1866666666666667,0.0,0.0,677,1024,0.6611328125
01a0a594-d17f-7f32-a6dc-5cd1766b125b,s,A,QB14,9,0,standard_pi_2,30,0.2,0.0,0.0,653,1024,0.6376953125
01a0a594-d17f-7f32-a6dc-5cd1766b125b,s,A,QB14,9,1,UVH5s,0,-0.2,0.0,0.0,501,1024,0.4892578125
01a0a594-d17f-7f32-a6dc-5cd1766b125b,s,A,QB14,9,1,UVH5s,1,-0.18666666666666668,0.0,0.0,479,1024,0.4677734375
01a0a594-d17f-7f32-a6dc-5cd1766b125b,s,A,QB14,9,1,UVH5s,2,-0.17333333333333334,0.0,0.0,504,1024,0.4921875
01a0a594-d17f-7f32-a6dc-5cd1766b125b,s,A,QB14,9,1,UVH5s,3,-0.16,0.0,0.0,502,1024,0.490234375
01a0a594-d17f-7f32-a6dc-5cd1766b125b,s,A,QB14,9,1,UVH5s,4,-0.14666666666666667,0.0,0.0,497,1024,0.4853515625
01a0a594-d17f-7f32-a6dc-5cd1766b125b,s,A,QB14,9,1,UVH5s,5,-0.13333333333333336,0.0,0.0,480,1024,0.46875
01a0a594-d17f-7f32-a6dc-5cd1766b125b,s,A,QB14,9,1,UVH5s,6,-0.12000000000000001,0.0,0.0,518,1024,0.505859375
01a0a594-d17f-7f32-a6dc-5cd1766b125b,s,A,QB14,9,1,UVH5s,7,-0.10666666666666667,0.0,0.0,495,1024,0.4833984375
01a0a594-d17f-7f32-a6dc-5cd1766b125b,s,A,QB14,9,1,UVH5s,8,-0.09333333333333334,0.0,0.0,503,1024,0.4912109375
01a0a594-d17f-7f32-a6dc-5cd1766b125b,s,A,QB14,9,1,UVH5s,9,-0.08,0.0,0.0,533,1024,0.5205078125
01a0a594-d17f-7f32-a6dc-5cd1766b125b,s,A,QB14,9,1,UVH5s,10,-0.06666666666666668,0.0,0.0,495,1024,0.4833984375
01a0a594-d17f-7f32-a6dc-5cd1766b125b,s,A,QB14,9,1,UVH5s,11,-0.053333333333333344,0.0,0.0,496,1024,0.484375
01a0a594-d17f-7f32-a6dc-5cd1766b125b,s,A,QB14,9,1,UVH5s,12,-0.04000000000000001,0.0,0.0,526,1024,0.513671875
01a0a594-d17f-7f32-a6dc-5cd1766b125b,s,A,QB14,9,1,UVH5s,13,-0.026666666666666672,0.0,0.0,480,1024,0.46875
01a0a594-d17f-7f32-a6dc-5cd1766b125b,s,A,QB14,9,1,UVH5s,14,-0.013333333333333336,0.0,0.0,484,1024,0.47265625
01a0a594-d17f-7f32-a6dc-5cd1766b125b,s,A,QB14,9,1,UVH5s,15,0.0,0.0,0.0,526,1024,0.513671875
01a0a594-d17f-7f32-a6dc-5cd1766b125b,s,A,QB14,9,1,UVH5s,16,0.013333333333333336,0.0,0.0,485,1024,0.4736328125
01a0a594-d17f-7f32-a6dc-5cd1766b125b,s,A,QB14,9,1,UVH5s,17,0.026666666666666672,0.0,0.0,525,1024,0.5126953125
01a0a594-d17f-7f32-a6dc-5cd1766b125b,s,A,QB14,9,1,UVH5s,18,0.04000000000000001,0.0,0.0,529,1024,0.5166015625
01a0a594-d17f-7f32-a6dc-5cd1766b125b,s,A,QB14,9,1,UVH5s,19,0.053333333333333344,0.0,0.0,514,1024,0.501953125
01a0a594-d17f-7f32-a6dc-5cd1766b125b,s,A,QB14,9,1,UVH5s,20,0.06666666666666665,0.0,0.0,532,1024,0.51953125
01a0a594-d17f-7f32-a6dc-5cd1766b125b,s,A,QB14,9,1,UVH5s,21,0.08000000000000002,0.0,0.0,546,1024,0.533203125
01a0a594-d17f-7f32-a6dc-5cd1766b125b,s,A,QB14,9,1,UVH5s,22,0.09333333333333332,0.0,0.0,542,1024,0.529296875
01a0a594-d17f-7f32-a6dc-5cd1766b125b,s,A,QB14,9,1,UVH5s,23,0.10666666666666669,0.0,0.0,513,1024,0.5009765625
01a0a594-d17f-7f32-a6dc-5cd1766b125b,s,A,QB14,9,1,UVH5s,24,0.12,0.0,0.0,540,1024,0.52734375
01a0a594-d17f-7f32-a6dc-5cd1766b125b,s,A,QB14,9,1,UVH5s,25,0.13333333333333336,0.0,0.0,496,1024,0.484375
01a0a594-d17f-7f32-a6dc-5cd1766b125b,s,A,QB14,9,1,UVH5s,26,0.14666666666666667,0.0,0.0,505,1024,0.4931640625
01a0a594-d17f-7f32-a6dc-5cd1766b125b,s,A,QB14,9,1,UVH5s,27,0.16000000000000003,0.0,0.0,557,1024,0.5439453125
01a0a594-d17f-7f32-a6dc-5cd1766b125b,s,A,QB14,9,1,UVH5s,28,0.17333333333333334,0.0,0.0,509,1024,0.4970703125
01a0a594-d17f-7f32-a6dc-5cd1766b125b,s,A,QB14,9,1,UVH5s,29,0.1866666666666667,0.0,0.0,543,1024,0.5302734375
01a0a594-d17f-7f32-a6dc-5cd1766b125b,s,A,QB14,9,1,UVH5s,30,0.2,0.0,0.0,516,1024,0.50390625
01a0a594-d17f-7f32-a6dc-5cd1766b125b,s,A,QB14,9,2,UVH7s,0,-0.2,0.0,0.0,546,1024,0.533203125
01a0a594-d17f-7f32-a6dc-5cd1766b125b,s,A,QB14,9,2,UVH7s,1,-0.18666666666666668,0.0,0.0,544,1024,0.53125
01a0a594-d17f-7f32-a6dc-5cd1766b125b,s,A,QB14,9,2,UVH7s,2,-0.17333333333333334,0.0,0.0,509,1024,0.4970703125
01a0a594-d17f-7f32-a6dc-5cd1766b125b,s,A,QB14,9,2,UVH7s,3,-0.16,0.0,0.0,493,1024,0.4814453125
01a0a594-d17f-7f32-a6dc-5cd1766b125b,s,A,QB14,9,2,UVH7s,4,-0.14666666666666667,0.0,0.0,521,1024,0.5087890625
01a0a594-d17f-7f32-a6dc-5cd1766b125b,s,A,QB14,9,2,UVH7s,5,-0.13333333333333336,0.0,0.0,541,1024,0.5283203125
01a0a594-d17f-7f32-a6dc-5cd1766b125b,s,A,QB14,9,2,UVH7s,6,-0.12000000000000001,0.0,0.0,540,1024,0.52734375
01a0a594-d17f-7f32-a6dc-5cd1766b125b,s,A,QB14,9,2,UVH7s,7,-0.10666666666666667,0.0,0.0,533,1024,0.5205078125
01a0a594-d17f-7f32-a6dc-5cd1766b125b,s,A,QB14,9,2,UVH7s,8,-0.09333333333333334,0.0,0.0,503,1024,0.4912109375
01a0a594-d17f-7f32-a6dc-5cd1766b125b,s,A,QB14,9,2,UVH7s,9,-0.08,0.0,0.0,496,1024,0.484375
01a0a594-d17f-7f32-a6dc-5cd1766b125b,s,A,QB14,9,2,UVH7s,10,-0.06666666666666668,0.0,0.0,498,1024,0.486328125
01a0a594-d17f-7f32-a6dc-5cd1766b125b,s,A,QB14,9,2,UVH7s,11,-0.053333333333333344,0.0,0.0,521,1024,0.5087890625
01a0a594-d17f-7f32-a6dc-5cd1766b125b,s,A,QB14,9,2,UVH7s,12,-0.04000000000000001,0.0,0.0,524,1024,0.51171875
01a0a594-d17f-7f32-a6dc-5cd1766b125b,s,A,QB14,9,2,UVH7s,13,-0.026666666666666672,0.0,0.0,478,1024,0.466796875
01a0a594-d17f-7f32-a6dc-5cd1766b125b,s,A,QB14,9,2,UVH7s,14,-0.013333333333333336,0.0,0.0,509,1024,0.4970703125
01a0a594-d17f-7f32-a6dc-5cd1766b125b,s,A,QB14,9,2,UVH7s,15,0.0,0.0,0.0,497,1024,0.4853515625
01a0a594-d17f-7f32-a6dc-5cd1766b125b,s,A,QB14,9,2,UVH7s,16,0.013333333333333336,0.0,0.0,504,1024,0.4921875
01a0a594-d17f-7f32-a6dc-5cd1766b125b,s,A,QB14,9,2,UVH7s,17,0.026666666666666672,0.0,0.0,492,1024,0.48046875
01a0a594-d17f-7f32-a6dc-5cd1766b125b,s,A,QB14,9,2,UVH7s,18,0.04000000000000001,0.0,0.0,509,1024,0.4970703125
01a0a594-d17f-7f32-a6dc-5cd1766b125b,s,A,QB14,9,2,UVH7s,19,0.053333333333333344,0.0,0.0,509,1024,0.4970703125
01a0a594-d17f-7f32-a6dc-5cd1766b125b,s,A,QB14,9,2,UVH7s,20,0.06666666666666665,0.0,0.0,510,1024,0.498046875
01a0a594-d17f-7f32-a6dc-5cd1766b125b,s,A,QB14,9,2,UVH7s,21,0.08000000000000002,0.0,0.0,503,1024,0.4912109375
01a0a594-d17f-7f32-a6dc-5cd1766b125b,s,A,QB14,9,2,UVH7s,22,0.09333333333333332,0.0,0.0,506,1024,0.494140625
01a0a594-d17f-7f32-a6dc-5cd1766b125b,s,A,QB14,9,2,UVH7s,23,0.10666666666666669,0.0,0.0,522,1024,0.509765625
01a0a594-d17f-7f32-a6dc-5cd1766b125b,s,A,QB14,9,2,UVH7s,24,0.12,0.0,0.0,505,1024,0.4931640625
01a0a594-d17f-7f32-a6dc-5cd1766b125b,s,A,QB14,9,2,UVH7s,25,0.13333333333333336,0.0,0.0,489,1024,0.4775390625
01a0a594-d17f-7f32-a6dc-5cd1766b125b,s,A,QB14,9,2,UVH7s,26,0.14666666666666667,0.0,0.0,456,1024,0.4453125
01a0a594-d17f-7f32-a6dc-5cd1766b125b,s,A,QB14,9,2,UVH7s,27,0.16000000000000003,0.0,0.0,487,1024,0.4755859375
01a0a594-d17f-7f32-a6dc-5cd1766b125b,s,A,QB14,9,2,UVH7s,28,0.17333333333333334,0.0,0.0,453,1024,0.4423828125
01a0a594-d17f-7f32-a6dc-5cd1766b125b,s,A,QB14,9,2,UVH7s,29,0.1866666666666667,0.0,0.0,492,1024,0.48046875
01a0a594-d17f-7f32-a6dc-5cd1766b125b,s,A,QB14,9,2,UVH7s,30,0.2,0.0,0.0,444,1024,0.43359375
01a0a594-d17f-7f32-a6dc-5cd1766b125b,s,A,QB14,9,3,UVH9s,0,-0.2,0.0,0.0,475,1024,0.4638671875
01a0a594-d17f-7f32-a6dc-5cd1766b125b,s,A,QB14,9,3,UVH9s,1,-0.18666666666666668,0.0,0.0,510,1024,0.498046875
01a0a594-d17f-7f32-a6dc-5cd1766b125b,s,A,QB14,9,3,UVH9s,2,-0.17333333333333334,0.0,0.0,495,1024,0.4833984375
01a0a594-d17f-7f32-a6dc-5cd1766b125b,s,A,QB14,9,3,UVH9s,3,-0.16,0.0,0.0,504,1024,0.4921875
01a0a594-d17f-7f32-a6dc-5cd1766b125b,s,A,QB14,9,3,UVH9s,4,-0.14666666666666667,0.0,0.0,491,1024,0.4794921875
01a0a594-d17f-7f32-a6dc-5cd1766b125b,s,A,QB14,9,3,UVH9s,5,-0.13333333333333336,0.0,0.0,501,1024,0.4892578125
01a0a594-d17f-7f32-a6dc-5cd1766b125b,s,A,QB14,9,3,UVH9s,6,-0.12000000000000001,0.0,0.0,501,1024,0.4892578125
01a0a594-d17f-7f32-a6dc-5cd1766b125b,s,A,QB14,9,3,UVH9s,7,-0.10666666666666667,0.0,0.0,494,1024,0.482421875
01a0a594-d17f-7f32-a6dc-5cd1766b125b,s,A,QB14,9,3,UVH9s,8,-0.09333333333333334,0.0,0.0,494,1024,0.482421875
01a0a594-d17f-7f32-a6dc-5cd1766b125b,s,A,QB14,9,3,UVH9s,9,-0.08,0.0,0.0,520,1024,0.5078125
01a0a594-d17f-7f32-a6dc-5cd1766b125b,s,A,QB14,9,3,UVH9s,10,-0.06666666666666668,0.0,0.0,490,1024,0.478515625
01a0a594-d17f-7f32-a6dc-5cd1766b125b,s,A,QB14,9,3,UVH9s,11,-0.053333333333333344,0.0,0.0,479,1024,0.4677734375
01a0a594-d17f-7f32-a6dc-5cd1766b125b,s,A,QB14,9,3,UVH9s,12,-0.04000000000000001,0.0,0.0,504,1024,0.4921875
01a0a594-d17f-7f32-a6dc-5cd1766b125b,s,A,QB14,9,3,UVH9s,13,-0.026666666666666672,0.0,0.0,474,1024,0.462890625
01a0a594-d17f-7f32-a6dc-5cd1766b125b,s,A,QB14,9,3,UVH9s,14,-0.013333333333333336,0.0,0.0,503,1024,0.4912109375
01a0a594-d17f-7f32-a6dc-5cd1766b125b,s,A,QB14,9,3,UVH9s,15,0.0,0.0,0.0,520,1024,0.5078125
01a0a594-d17f-7f32-a6dc-5cd1766b125b,s,A,QB14,9,3,UVH9s,16,0.013333333333333336,0.0,0.0,510,1024,0.498046875
01a0a594-d17f-7f32-a6dc-5cd1766b125b,s,A,QB14,9,3,UVH9s,17,0.026666666666666672,0.0,0.0,508,1024,0.49609375
01a0a594-d17f-7f32-a6dc-5cd1766b125b,s,A,QB14,9,3,UVH9s,18,0.04000000000000001,0.0,0.0,506,1024,0.494140625
01a0a594-d17f-7f32-a6dc-5cd1766b125b,s,A,QB14,9,3,UVH9s,19,0.053333333333333344,0.0,0.0,495,1024,0.4833984375
01a0a594-d17f-7f32-a6dc-5cd1766b125b,s,A,QB14,9,3,UVH9s,20,0.06666666666666665,0.0,0.0,487,1024,0.4755859375
01a0a594-d17f-7f32-a6dc-5cd1766b125b,s,A,QB14,9,3,UVH9s,21,0.08000000000000002,0.0,0.0,497,1024,0.4853515625
01a0a594-d17f-7f32-a6dc-5cd1766b125b,s,A,QB14,9,3,UVH9s,22,0.09333333333333332,0.0,0.0,530,1024,0.517578125
01a0a594-d17f-7f32-a6dc-5cd1766b125b,s,A,QB14,9,3,UVH9s,23,0.10666666666666669,0.0,0.0,507,1024,0.4951171875
01a0a594-d17f-7f32-a6dc-5cd1766b125b,s,A,QB14,9,3,UVH9s,24,0.12,0.0,0.0,527,1024,0.5146484375
01a0a594-d17f-7f32-a6dc-5cd1766b125b,s,A,QB14,9,3,UVH9s,25,0.13333333333333336,0.0,0.0,517,1024,0.5048828125
01a0a594-d17f-7f32-a6dc-5cd1766b125b,s,A,QB14,9,3,UVH9s,26,0.14666666666666667,0.0,0.0,526,1024,0.513671875
01a0a594-d17f-7f32-a6dc-5cd1766b125b,s,A,QB14,9,3,UVH9s,27,0.16000000000000003,0.0,0.0,505,1024,0.4931640625
01a0a594-d17f-7f32-a6dc-5cd1766b125b,s,A,QB14,9,3,UVH9s,28,0.17333333333333334,0.0,0.0,495,1024,0.4833984375
01a0a594-d17f-7f32-a6dc-5cd1766b125b,s,A,QB14,9,3,UVH9s,29,0.1866666666666667,0.0,0.0,497,1024,0.4853515625
01a0a594-d17f-7f32-a6dc-5cd1766b125b,s,A,QB14,9,3,UVH9s,30,0.2,0.0,0.0,514,1024,0.501953125
01a0a594-d17f-7f32-a6dc-5cd1766b125b,s,A,QB14,9,4,UVH11s,0,-0.2,0.0,0.0,478,1024,0.466796875
01a0a594-d17f-7f32-a6dc-5cd1766b125b,s,A,QB14,9,4,UVH11s,1,-0.18666666666666668,0.0,0.0,491,1024,0.4794921875
01a0a594-d17f-7f32-a6dc-5cd1766b125b,s,A,QB14,9,4,UVH11s,2,-0.17333333333333334,0.0,0.0,523,1024,0.5107421875
01a0a594-d17f-7f32-a6dc-5cd1766b125b,s,A,QB14,9,4,UVH11s,3,-0.16,0.0,0.0,501,1024,0.4892578125
01a0a594-d17f-7f32-a6dc-5cd1766b125b,s,A,QB14,9,4,UVH11s,4,-0.14666666666666667,0.0,0.0,492,1024,0.48046875
01a0a594-d17f-7f32-a6dc-5cd1766b125b,s,A,QB14,9,4,UVH11s,5,-0.13333333333333336,0.0,0.0,479,1024,0.4677734375
01a0a594-d17f-7f32-a6dc-5cd1766b125b,s,A,QB14,9,4,UVH11s,6,-0.12000000000000001,0.0,0.0,502,1024,0.490234375
01a0a594-d17f-7f32-a6dc-5cd1766b125b,s,A,QB14,9,4,UVH11s,7,-0.10666666666666667,0.0,0.0,507,1024,0.4951171875
01a0a594-d17f-7f32-a6dc-5cd1766b125b,s,A,QB14,9,4,UVH11s,8,-0.09333333333333334,0.0,0.0,472,1024,0.4609375
01a0a594-d17f-7f32-a6dc-5cd1766b125b,s,A,QB14,9,4,UVH11s,9,-0.08,0.0,0.0,497,1024,0.4853515625
01a0a594-d17f-7f32-a6dc-5cd1766b125b,s,A,QB14,9,4,UVH11s,10,-0.06666666666666668,0.0,0.0,465,1024,0.4541015625
01a0a594-d17f-7f32-a6dc-5cd1766b125b,s,A,QB14,9,4,UVH11s,11,-0.053333333333333344,0.0,0.0,520,1024,0.5078125
01a0a594-d17f-7f32-a6dc-5cd1766b125b,s,A,QB14,9,4,UVH11s,12,-0.04000000000000001,0.0,0.0,470,1024,0.458984375
01a0a594-d17f-7f32-a6dc-5cd1766b125b,s,A,QB14,9,4,UVH11s,13,-0.026666666666666672,0.0,0.0,488,1024,0.4765625
01a0a594-d17f-7f32-a6dc-5cd1766b125b,s,A,QB14,9,4,UVH11s,14,-0.013333333333333336,0.0,0.0,502,1024,0.490234375
01a0a594-d17f-7f32-a6dc-5cd1766b125b,s,A,QB14,9,4,UVH11s,15,0.0,0.0,0.0,535,1024,0.5224609375
01a0a594-d17f-7f32-a6dc-5cd1766b125b,s,A,QB14,9,4,UVH11s,16,0.013333333333333336,0.0,0.0,498,1024,0.486328125
01a0a594-d17f-7f32-a6dc-5cd1766b125b,s,A,QB14,9,4,UVH11s,17,0.026666666666666672,0.0,0.0,499,1024,0.4873046875
01a0a594-d17f-7f32-a6dc-5cd1766b125b,s,A,QB14,9,4,UVH11s,18,0.04000000000000001,0.0,0.0,518,1024,0.505859375
01a0a594-d17f-7f32-a6dc-5cd1766b125b,s,A,QB14,9,4,UVH11s,19,0.053333333333333344,0.0,0.0,519,1024,0.5068359375
01a0a594-d17f-7f32-a6dc-5cd1766b125b,s,A,QB14,9,4,UVH11s,20,0.06666666666666665,0.0,0.0,512,1024,0.5
01a0a594-d17f-7f32-a6dc-5cd1766b125b,s,A,QB14,9,4,UVH11s,21,0.08000000000000002,0.0,0.0,525,1024,0.5126953125
01a0a594-d17f-7f32-a6dc-5cd1766b125b,s,A,QB14,9,4,UVH11s,22,0.09333333333333332,0.0,0.0,526,1024,0.513671875
01a0a594-d17f-7f32-a6dc-5cd1766b125b,s,A,QB14,9,4,UVH11s,23,0.10666666666666669,0.0,0.0,534,1024,0.521484375
01a0a594-d17f-7f32-a6dc-5cd1766b125b,s,A,QB14,9,4,UVH11s,24,0.12,0.0,0.0,481,1024,0.4697265625
01a0a594-d17f-7f32-a6dc-5cd1766b125b,s,A,QB14,9,4,UVH11s,25,0.13333333333333336,0.0,0.0,518,1024,0.505859375
01a0a594-d17f-7f32-a6dc-5cd1766b125b,s,A,QB14,9,4,UVH11s,26,0.14666666666666667,0.0,0.0,519,1024,0.5068359375
01a0a594-d17f-7f32-a6dc-5cd1766b125b,s,A,QB14,9,4,UVH11s,27,0.16000000000000003,0.0,0.0,541,1024,0.5283203125
01a0a594-d17f-7f32-a6dc-5cd1766b125b,s,A,QB14,9,4,UVH11s,28,0.17333333333333334,0.0,0.0,513,1024,0.5009765625
01a0a594-d17f-7f32-a6dc-5cd1766b125b,s,A,QB14,9,4,UVH11s,29,0.1866666666666667,0.0,0.0,552,1024,0.5390625
01a0a594-d17f-7f32-a6dc-5cd1766b125b,s,A,QB14,9,4,UVH11s,30,0.2,0.0,0.0,541,1024,0.5283203125
01a0a594-d17f-7f32-a6dc-5cd1766b125b,s,A,QB14,9,5,UVH13s,0,-0.2,0.0,0.0,482,1024,0.470703125
01a0a594-d17f-7f32-a6dc-5cd1766b125b,s,A,QB14,9,5,UVH13s,1,-0.18666666666666668,0.0,0.0,506,1024,0.494140625
01a0a594-d17f-7f32-a6dc-5cd1766b125b,s,A,QB14,9,5,UVH13s,2,-0.17333333333333334,0.0,0.0,500,1024,0.48828125
01a0a594-d17f-7f32-a6dc-5cd1766b125b,s,A,QB14,9,5,UVH13s,3,-0.16,0.0,0.0,514,1024,0.501953125
01a0a594-d17f-7f32-a6dc-5cd1766b125b,s,A,QB14,9,5,UVH13s,4,-0.14666666666666667,0.0,0.0,529,1024,0.5166015625
01a0a594-d17f-7f32-a6dc-5cd1766b125b,s,A,QB14,9,5,UVH13s,5,-0.13333333333333336,0.0,0.0,487,1024,0.4755859375
01a0a594-d17f-7f32-a6dc-5cd1766b125b,s,A,QB14,9,5,UVH13s,6,-0.12000000000000001,0.0,0.0,515,1024,0.5029296875
01a0a594-d17f-7f32-a6dc-5cd1766b125b,s,A,QB14,9,5,UVH13s,7,-0.10666666666666667,0.0,0.0,462,1024,0.451171875
01a0a594-d17f-7f32-a6dc-5cd1766b125b,s,A,QB14,9,5,UVH13s,8,-0.09333333333333334,0.0,0.0,484,1024,0.47265625
01a0a594-d17f-7f32-a6dc-5cd1766b125b,s,A,QB14,9,5,UVH13s,9,-0.08,0.0,0.0,534,1024,0.521484375
01a0a594-d17f-7f32-a6dc-5cd1766b125b,s,A,QB14,9,5,UVH13s,10,-0.06666666666666668,0.0,0.0,485,1024,0.4736328125
01a0a594-d17f-7f32-a6dc-5cd1766b125b,s,A,QB14,9,5,UVH13s,11,-0.053333333333333344,0.0,0.0,515,1024,0.5029296875
01a0a594-d17f-7f32-a6dc-5cd1766b125b,s,A,QB14,9,5,UVH13s,12,-0.04000000000000001,0.0,0.0,493,1024,0.4814453125
01a0a594-d17f-7f32-a6dc-5cd1766b125b,s,A,QB14,9,5,UVH13s,13,-0.026666666666666672,0.0,0.0,501,1024,0.4892578125
01a0a594-d17f-7f32-a6dc-5cd1766b125b,s,A,QB14,9,5,UVH13s,14,-0.013333333333333336,0.0,0.0,510,1024,0.498046875
01a0a594-d17f-7f32-a6dc-5cd1766b125b,s,A,QB14,9,5,UVH13s,15,0.0,0.0,0.0,477,1024,0.4658203125
01a0a594-d17f-7f32-a6dc-5cd1766b125b,s,A,QB14,9,5,UVH13s,16,0.013333333333333336,0.0,0.0,497,1024,0.4853515625
01a0a594-d17f-7f32-a6dc-5cd1766b125b,s,A,QB14,9,5,UVH13s,17,0.026666666666666672,0.0,0.0,500,1024,0.48828125
01a0a594-d17f-7f32-a6dc-5cd1766b125b,s,A,QB14,9,5,UVH13s,18,0.04000000000000001,0.0,0.0,486,1024,0.474609375
01a0a594-d17f-7f32-a6dc-5cd1766b125b,s,A,QB14,9,5,UVH13s,19,0.053333333333333344,0.0,0.0,482,1024,0.470703125
01a0a594-d17f-7f32-a6dc-5cd1766b125b,s,A,QB14,9,5,UVH13s,20,0.06666666666666665,0.0,0.0,489,1024,0.4775390625
01a0a594-d17f-7f32-a6dc-5cd1766b125b,s,A,QB14,9,5,UVH13s,21,0.08000000000000002,0.0,0.0,482,1024,0.470703125
01a0a594-d17f-7f32-a6dc-5cd1766b125b,s,A,QB14,9,5,UVH13s,22,0.09333333333333332,0.0,0.0,505,1024,0.4931640625
01a0a594-d17f-7f32-a6dc-5cd1766b125b,s,A,QB14,9,5,UVH13s,23,0.10666666666666669,0.0,0.0,491,1024,0.4794921875
01a0a594-d17f-7f32-a6dc-5cd1766b125b,s,A,QB14,9,5,UVH13s,24,0.12,0.0,0.0,478,1024,0.466796875
01a0a594-d17f-7f32-a6dc-5cd1766b125b,s,A,QB14,9,5,UVH13s,25,0.13333333333333336,0.0,0.0,502,1024,0.490234375
01a0a594-d17f-7f32-a6dc-5cd1766b125b,s,A,QB14,9,5,UVH13s,26,0.14666666666666667,0.0,0.0,512,1024,0.5
01a0a594-d17f-7f32-a6dc-5cd1766b125b,s,A,QB14,9,5,UVH13s,27,0.16000000000000003,0.0,0.0,514,1024,0.501953125
01a0a594-d17f-7f32-a6dc-5cd1766b125b,s,A,QB14,9,5,UVH13s,28,0.17333333333333334,0.0,0.0,472,1024,0.4609375
01a0a594-d17f-7f32-a6dc-5cd1766b125b,s,A,QB14,9,5,UVH13s,29,0.1866666666666667,0.0,0.0,495,1024,0.4833984375
01a0a594-d17f-7f32-a6dc-5cd1766b125b,s,A,QB14,9,5,UVH13s,30,0.2,0.0,0.0,486,1024,0.474609375
01a0a594-d17f-7f32-a6dc-5cd1766b125b,s,A,QB2,10,0,standard_pi_2,0,-0.2,0.0,0.0,343,1024,0.3349609375
01a0a594-d17f-7f32-a6dc-5cd1766b125b,s,A,QB2,10,0,standard_pi_2,1,-0.18666666666666668,0.0,0.0,379,1024,0.3701171875
01a0a594-d17f-7f32-a6dc-5cd1766b125b,s,A,QB2,10,0,standard_pi_2,2,-0.17333333333333334,0.0,0.0,362,1024,0.353515625
01a0a594-d17f-7f32-a6dc-5cd1766b125b,s,A,QB2,10,0,standard_pi_2,3,-0.16,0.0,0.0,384,1024,0.375
01a0a594-d17f-7f32-a6dc-5cd1766b125b,s,A,QB2,10,0,standard_pi_2,4,-0.14666666666666667,0.0,0.0,396,1024,0.38671875
01a0a594-d17f-7f32-a6dc-5cd1766b125b,s,A,QB2,10,0,standard_pi_2,5,-0.13333333333333336,0.0,0.0,395,1024,0.3857421875
01a0a594-d17f-7f32-a6dc-5cd1766b125b,s,A,QB2,10,0,standard_pi_2,6,-0.12000000000000001,0.0,0.0,428,1024,0.41796875
01a0a594-d17f-7f32-a6dc-5cd1766b125b,s,A,QB2,10,0,standard_pi_2,7,-0.10666666666666667,0.0,0.0,427,1024,0.4169921875
01a0a594-d17f-7f32-a6dc-5cd1766b125b,s,A,QB2,10,0,standard_pi_2,8,-0.09333333333333334,0.0,0.0,408,1024,0.3984375
01a0a594-d17f-7f32-a6dc-5cd1766b125b,s,A,QB2,10,0,standard_pi_2,9,-0.08,0.0,0.0,470,1024,0.458984375
01a0a594-d17f-7f32-a6dc-5cd1766b125b,s,A,QB2,10,0,standard_pi_2,10,-0.06666666666666668,0.0,0.0,447,1024,0.4365234375
01a0a594-d17f-7f32-a6dc-5cd1766b125b,s,A,QB2,10,0,standard_pi_2,11,-0.053333333333333344,0.0,0.0,461,1024,0.4501953125
01a0a594-d17f-7f32-a6dc-5cd1766b125b,s,A,QB2,10,0,standard_pi_2,12,-0.04000000000000001,0.0,0.0,471,1024,0.4599609375
01a0a594-d17f-7f32-a6dc-5cd1766b125b,s,A,QB2,10,0,standard_pi_2,13,-0.026666666666666672,0.0,0.0,458,1024,0.447265625
01a0a594-d17f-7f32-a6dc-5cd1766b125b,s,A,QB2,10,0,standard_pi_2,14,-0.013333333333333336,0.0,0.0,483,1024,0.4716796875
01a0a594-d17f-7f32-a6dc-5cd1766b125b,s,A,QB2,10,0,standard_pi_2,15,0.0,0.0,0.0,504,1024,0.4921875
01a0a594-d17f-7f32-a6dc-5cd1766b125b,s,A,QB2,10,0,standard_pi_2,16,0.013333333333333336,0.0,0.0,541,1024,0.5283203125
01a0a594-d17f-7f32-a6dc-5cd1766b125b,s,A,QB2,10,0,standard_pi_2,17,0.026666666666666672,0.0,0.0,534,1024,0.521484375
01a0a594-d17f-7f32-a6dc-5cd1766b125b,s,A,QB2,10,0,standard_pi_2,18,0.04000000000000001,0.0,0.0,564,1024,0.55078125
01a0a594-d17f-7f32-a6dc-5cd1766b125b,s,A,QB2,10,0,standard_pi_2,19,0.053333333333333344,0.0,0.0,525,1024,0.5126953125
01a0a594-d17f-7f32-a6dc-5cd1766b125b,s,A,QB2,10,0,standard_pi_2,20,0.06666666666666665,0.0,0.0,546,1024,0.533203125
01a0a594-d17f-7f32-a6dc-5cd1766b125b,s,A,QB2,10,0,standard_pi_2,21,0.08000000000000002,0.0,0.0,571,1024,0.5576171875
01a0a594-d17f-7f32-a6dc-5cd1766b125b,s,A,QB2,10,0,standard_pi_2,22,0.09333333333333332,0.0,0.0,573,1024,0.5595703125
01a0a594-d17f-7f32-a6dc-5cd1766b125b,s,A,QB2,10,0,standard_pi_2,23,0.10666666666666669,0.0,0.0,609,1024,0.5947265625
01a0a594-d17f-7f32-a6dc-5cd1766b125b,s,A,QB2,10,0,standard_pi_2,24,0.12,0.0,0.0,605,1024,0.5908203125
01a0a594-d17f-7f32-a6dc-5cd1766b125b,s,A,QB2,10,0,standard_pi_2,25,0.13333333333333336,0.0,0.0,577,1024,0.5634765625
01a0a594-d17f-7f32-a6dc-5cd1766b125b,s,A,QB2,10,0,standard_pi_2,26,0.14666666666666667,0.0,0.0,636,1024,0.62109375
01a0a594-d17f-7f32-a6dc-5cd1766b125b,s,A,QB2,10,0,standard_pi_2,27,0.16000000000000003,0.0,0.0,620,1024,0.60546875
01a0a594-d17f-7f32-a6dc-5cd1766b125b,s,A,QB2,10,0,standard_pi_2,28,0.17333333333333334,0.0,0.0,609,1024,0.5947265625
01a0a594-d17f-7f32-a6dc-5cd1766b125b,s,A,QB2,10,0,standard_pi_2,29,0.1866666666666667,0.0,0.0,662,1024,0.646484375
01a0a594-d17f-7f32-a6dc-5cd1766b125b,s,A,QB2,10,0,standard_pi_2,30,0.2,0.0,0.0,660,1024,0.64453125
01a0a594-d17f-7f32-a6dc-5cd1766b125b,s,A,QB2,10,1,UVH5s,0,-0.2,0.0,0.0,510,1024,0.498046875
01a0a594-d17f-7f32-a6dc-5cd1766b125b,s,A,QB2,10,1,UVH5s,1,-0.18666666666666668,0.0,0.0,509,1024,0.4970703125
01a0a594-d17f-7f32-a6dc-5cd1766b125b,s,A,QB2,10,1,UVH5s,2,-0.17333333333333334,0.0,0.0,508,1024,0.49609375
01a0a594-d17f-7f32-a6dc-5cd1766b125b,s,A,QB2,10,1,UVH5s,3,-0.16,0.0,0.0,473,1024,0.4619140625
01a0a594-d17f-7f32-a6dc-5cd1766b125b,s,A,QB2,10,1,UVH5s,4,-0.14666666666666667,0.0,0.0,489,1024,0.4775390625
01a0a594-d17f-7f32-a6dc-5cd1766b125b,s,A,QB2,10,1,UVH5s,5,-0.13333333333333336,0.0,0.0,523,1024,0.5107421875
01a0a594-d17f-7f32-a6dc-5cd1766b125b,s,A,QB2,10,1,UVH5s,6,-0.12000000000000001,0.0,0.0,513,1024,0.5009765625
01a0a594-d17f-7f32-a6dc-5cd1766b125b,s,A,QB2,10,1,UVH5s,7,-0.10666666666666667,0.0,0.0,502,1024,0.490234375
01a0a594-d17f-7f32-a6dc-5cd1766b125b,s,A,QB2,10,1,UVH5s,8,-0.09333333333333334,0.0,0.0,532,1024,0.51953125
01a0a594-d17f-7f32-a6dc-5cd1766b125b,s,A,QB2,10,1,UVH5s,9,-0.08,0.0,0.0,507,1024,0.4951171875
01a0a594-d17f-7f32-a6dc-5cd1766b125b,s,A,QB2,10,1,UVH5s,10,-0.06666666666666668,0.0,0.0,477,1024,0.4658203125
01a0a594-d17f-7f32-a6dc-5cd1766b125b,s,A,QB2,10,1,UVH5s,11,-0.053333333333333344,0.0,0.0,521,1024,0.5087890625
01a0a594-d17f-7f32-a6dc-5cd1766b125b,s,A,QB2,10,1,UVH5s,12,-0.04000000000000001,0.0,0.0,530,1024,0.517578125
01a0a594-d17f-7f32-a6dc-5cd1766b125b,s,A,QB2,10,1,UVH5s,13,-0.026666666666666672,0.0,0.0,488,1024,0.4765625
01a0a594-d17f-7f32-a6dc-5cd1766b125b,s,A,QB2,10,1,UVH5s,14,-0.013333333333333336,0.0,0.0,525,1024,0.5126953125
01a0a594-d17f-7f32-a6dc-5cd1766b125b,s,A,QB2,10,1,UVH5s,15,0.0,0.0,0.0,532,1024,0.51953125
01a0a594-d17f-7f32-a6dc-5cd1766b125b,s,A,QB2,10,1,UVH5s,16,0.013333333333333336,0.0,0.0,537,1024,0.5244140625
01a0a594-d17f-7f32-a6dc-5cd1766b125b,s,A,QB2,10,1,UVH5s,17,0.026666666666666672,0.0,0.0,508,1024,0.49609375
01a0a594-d17f-7f32-a6dc-5cd1766b125b,s,A,QB2,10,1,UVH5s,18,0.04000000000000001,0.0,0.0,506,1024,0.494140625
01a0a594-d17f-7f32-a6dc-5cd1766b125b,s,A,QB2,10,1,UVH5s,19,0.053333333333333344,0.0,0.0,515,1024,0.5029296875
01a0a594-d17f-7f32-a6dc-5cd1766b125b,s,A,QB2,10,1,UVH5s,20,0.06666666666666665,0.0,0.0,488,1024,0.4765625
01a0a594-d17f-7f32-a6dc-5cd1766b125b,s,A,QB2,10,1,UVH5s,21,0.08000000000000002,0.0,0.0,513,1024,0.5009765625
01a0a594-d17f-7f32-a6dc-5cd1766b125b,s,A,QB2,10,1,UVH5s,22,0.09333333333333332,0.0,0.0,509,1024,0.4970703125
01a0a594-d17f-7f32-a6dc-5cd1766b125b,s,A,QB2,10,1,UVH5s,23,0.10666666666666669,0.0,0.0,497,1024,0.4853515625
01a0a594-d17f-7f32-a6dc-5cd1766b125b,s,A,QB2,10,1,UVH5s,24,0.12,0.0,0.0,522,1024,0.509765625
01a0a594-d17f-7f32-a6dc-5cd1766b125b,s,A,QB2,10,1,UVH5s,25,0.13333333333333336,0.0,0.0,506,1024,0.494140625
01a0a594-d17f-7f32-a6dc-5cd1766b125b,s,A,QB2,10,1,UVH5s,26,0.14666666666666667,0.0,0.0,481,1024,0.4697265625
01a0a594-d17f-7f32-a6dc-5cd1766b125b,s,A,QB2,10,1,UVH5s,27,0.16000000000000003,0.0,0.0,508,1024,0.49609375
01a0a594-d17f-7f32-a6dc-5cd1766b125b,s,A,QB2,10,1,UVH5s,28,0.17333333333333334,0.0,0.0,514,1024,0.501953125
01a0a594-d17f-7f32-a6dc-5cd1766b125b,s,A,QB2,10,1,UVH5s,29,0.1866666666666667,0.0,0.0,486,1024,0.474609375
01a0a594-d17f-7f32-a6dc-5cd1766b125b,s,A,QB2,10,1,UVH5s,30,0.2,0.0,0.0,504,1024,0.4921875
01a0a594-d17f-7f32-a6dc-5cd1766b125b,s,A,QB2,10,2,UVH7s,0,-0.2,0.0,0.0,555,1024,0.5419921875
01a0a594-d17f-7f32-a6dc-5cd1766b125b,s,A,QB2,10,2,UVH7s,1,-0.18666666666666668,0.0,0.0,545,1024,0.5322265625
01a0a594-d17f-7f32-a6dc-5cd1766b125b,s,A,QB2,10,2,UVH7s,2,-0.17333333333333334,0.0,0.0,549,1024,0.5361328125
01a0a594-d17f-7f32-a6dc-5cd1766b125b,s,A,QB2,10,2,UVH7s,3,-0.16,0.0,0.0,507,1024,0.4951171875
01a0a594-d17f-7f32-a6dc-5cd1766b125b,s,A,QB2,10,2,UVH7s,4,-0.14666666666666667,0.0,0.0,519,1024,0.5068359375
01a0a594-d17f-7f32-a6dc-5cd1766b125b,s,A,QB2,10,2,UVH7s,5,-0.13333333333333336,0.0,0.0,515,1024,0.5029296875
01a0a594-d17f-7f32-a6dc-5cd1766b125b,s,A,QB2,10,2,UVH7s,6,-0.12000000000000001,0.0,0.0,520,1024,0.5078125
01a0a594-d17f-7f32-a6dc-5cd1766b125b,s,A,QB2,10,2,UVH7s,7,-0.10666666666666667,0.0,0.0,529,1024,0.5166015625
01a0a594-d17f-7f32-a6dc-5cd1766b125b,s,A,QB2,10,2,UVH7s,8,-0.09333333333333334,0.0,0.0,526,1024,0.513671875
01a0a594-d17f-7f32-a6dc-5cd1766b125b,s,A,QB2,10,2,UVH7s,9,-0.08,0.0,0.0,524,1024,0.51171875
01a0a594-d17f-7f32-a6dc-5cd1766b125b,s,A,QB2,10,2,UVH7s,10,-0.06666666666666668,0.0,0.0,509,1024,0.4970703125
01a0a594-d17f-7f32-a6dc-5cd1766b125b,s,A,QB2,10,2,UVH7s,11,-0.053333333333333344,0.0,0.0,521,1024,0.5087890625
01a0a594-d17f-7f32-a6dc-5cd1766b125b,s,A,QB2,10,2,UVH7s,12,-0.04000000000000001,0.0,0.0,532,1024,0.51953125
01a0a594-d17f-7f32-a6dc-5cd1766b125b,s,A,QB2,10,2,UVH7s,13,-0.026666666666666672,0.0,0.0,524,1024,0.51171875
01a0a594-d17f-7f32-a6dc-5cd1766b125b,s,A,QB2,10,2,UVH7s,14,-0.013333333333333336,0.0,0.0,537,1024,0.5244140625
01a0a594-d17f-7f32-a6dc-5cd1766b125b,s,A,QB2,10,2,UVH7s,15,0.0,0.0,0.0,534,1024,0.521484375
01a0a594-d17f-7f32-a6dc-5cd1766b125b,s,A,QB2,10,2,UVH7s,16,0.013333333333333336,0.0,0.0,533,1024,0.5205078125
01a0a594-d17f-7f32-a6dc-5cd1766b125b,s,A,QB2,10,2,UVH7s,17,0.026666666666666672,0.0,0.0,527,1024,0.5146484375
01a0a594-d17f-7f32-a6dc-5cd1766b125b,s,A,QB2,10,2,UVH7s,18,0.04000000000000001,0.0,0.0,557,1024,0.5439453125
01a0a594-d17f-7f32-a6dc-5cd1766b125b,s,A,QB2,10,2,UVH7s,19,0.053333333333333344,0.0,0.0,519,1024,0.5068359375
01a0a594-d17f-7f32-a6dc-5cd1766b125b,s,A,QB2,10,2,UVH7s,20,0.06666666666666665,0.0,0.0,527,1024,0.5146484375
01a0a594-d17f-7f32-a6dc-5cd1766b125b,s,A,QB2,10,2,UVH7s,21,0.08000000000000002,0.0,0.0,556,1024,0.54296875
01a0a594-d17f-7f32-a6dc-5cd1766b125b,s,A,QB2,10,2,UVH7s,22,0.09333333333333332,0.0,0.0,538,1024,0.525390625
01a0a594-d17f-7f32-a6dc-5cd1766b125b,s,A,QB2,10,2,UVH7s,23,0.10666666666666669,0.0,0.0,543,1024,0.5302734375
01a0a594-d17f-7f32-a6dc-5cd1766b125b,s,A,QB2,10,2,UVH7s,24,0.12,0.0,0.0,531,1024,0.5185546875
01a0a594-d17f-7f32-a6dc-5cd1766b125b,s,A,QB2,10,2,UVH7s,25,0.13333333333333336,0.0,0.0,506,1024,0.494140625
01a0a594-d17f-7f32-a6dc-5cd1766b125b,s,A,QB2,10,2,UVH7s,26,0.14666666666666667,0.0,0.0,515,1024,0.5029296875
01a0a594-d17f-7f32-a6dc-5cd1766b125b,s,A,QB2,10,2,UVH7s,27,0.16000000000000003,0.0,0.0,517,1024,0.5048828125
01a0a594-d17f-7f32-a6dc-5cd1766b125b,s,A,QB2,10,2,UVH7s,28,0.17333333333333334,0.0,0.0,548,1024,0.53515625
01a0a594-d17f-7f32-a6dc-5cd1766b125b,s,A,QB2,10,2,UVH7s,29,0.1866666666666667,0.0,0.0,535,1024,0.5224609375
01a0a594-d17f-7f32-a6dc-5cd1766b125b,s,A,QB2,10,2,UVH7s,30,0.2,0.0,0.0,520,1024,0.5078125
01a0a594-d17f-7f32-a6dc-5cd1766b125b,s,A,QB2,10,3,UVH9s,0,-0.2,0.0,0.0,486,1024,0.474609375
01a0a594-d17f-7f32-a6dc-5cd1766b125b,s,A,QB2,10,3,UVH9s,1,-0.18666666666666668,0.0,0.0,502,1024,0.490234375
01a0a594-d17f-7f32-a6dc-5cd1766b125b,s,A,QB2,10,3,UVH9s,2,-0.17333333333333334,0.0,0.0,513,1024,0.5009765625
01a0a594-d17f-7f32-a6dc-5cd1766b125b,s,A,QB2,10,3,UVH9s,3,-0.16,0.0,0.0,515,1024,0.5029296875
01a0a594-d17f-7f32-a6dc-5cd1766b125b,s,A,QB2,10,3,UVH9s,4,-0.14666666666666667,0.0,0.0,517,1024,0.5048828125
01a0a594-d17f-7f32-a6dc-5cd1766b125b,s,A,QB2,10,3,UVH9s,5,-0.13333333333333336,0.0,0.0,541,1024,0.5283203125
01a0a594-d17f-7f32-a6dc-5cd1766b125b,s,A,QB2,10,3,UVH9s,6,-0.12000000000000001,0.0,0.0,504,1024,0.4921875
01a0a594-d17f-7f32-a6dc-5cd1766b125b,s,A,QB2,10,3,UVH9s,7,-0.10666666666666667,0.0,0.0,506,1024,0.494140625
01a0a594-d17f-7f32-a6dc-5cd1766b125b,s,A,QB2,10,3,UVH9s,8,-0.09333333333333334,0.0,0.0,505,1024,0.4931640625
01a0a594-d17f-7f32-a6dc-5cd1766b125b,s,A,QB2,10,3,UVH9s,9,-0.08,0.0,0.0,503,1024,0.4912109375
01a0a594-d17f-7f32-a6dc-5cd1766b125b,s,A,QB2,10,3,UVH9s,10,-0.06666666666666668,0.0,0.0,517,1024,0.5048828125
01a0a594-d17f-7f32-a6dc-5cd1766b125b,s,A,QB2,10,3,UVH9s,11,-0.053333333333333344,0.0,0.0,500,1024,0.48828125
01a0a594-d17f-7f32-a6dc-5cd1766b125b,s,A,QB2,10,3,UVH9s,12,-0.04000000000000001,0.0,0.0,538,1024,0.525390625
01a0a594-d17f-7f32-a6dc-5cd1766b125b,s,A,QB2,10,3,UVH9s,13,-0.026666666666666672,0.0,0.0,558,1024,0.544921875
01a0a594-d17f-7f32-a6dc-5cd1766b125b,s,A,QB2,10,3,UVH9s,14,-0.013333333333333336,0.0,0.0,515,1024,0.5029296875
01a0a594-d17f-7f32-a6dc-5cd1766b125b,s,A,QB2,10,3,UVH9s,15,0.0,0.0,0.0,540,1024,0.52734375
01a0a594-d17f-7f32-a6dc-5cd1766b125b,s,A,QB2,10,3,UVH9s,16,0.013333333333333336,0.0,0.0,535,1024,0.5224609375
01a0a594-d17f-7f32-a6dc-5cd1766b125b,s,A,QB2,10,3,UVH9s,17,0.026666666666666672,0.0,0.0,530,1024,0.517578125
01a0a594-d17f-7f32-a6dc-5cd1766b125b,s,A,QB2,10,3,UVH9s,18,0.04000000000000001,0.0,0.0,524,1024,0.51171875
01a0a594-d17f-7f32-a6dc-5cd1766b125b,s,A,QB2,10,3,UVH9s,19,0.053333333333333344,0.0,0.0,517,1024,0.5048828125
01a0a594-d17f-7f32-a6dc-5cd1766b125b,s,A,QB2,10,3,UVH9s,20,0.06666666666666665,0.0,0.0,514,1024,0.501953125
01a0a594-d17f-7f32-a6dc-5cd1766b125b,s,A,QB2,10,3,UVH9s,21,0.08000000000000002,0.0,0.0,510,1024,0.498046875
01a0a594-d17f-7f32-a6dc-5cd1766b125b,s,A,QB2,10,3,UVH9s,22,0.09333333333333332,0.0,0.0,495,1024,0.4833984375
01a0a594-d17f-7f32-a6dc-5cd1766b125b,s,A,QB2,10,3,UVH9s,23,0.10666666666666669,0.0,0.0,519,1024,0.5068359375
01a0a594-d17f-7f32-a6dc-5cd1766b125b,s,A,QB2,10,3,UVH9s,24,0.12,0.0,0.0,490,1024,0.478515625
01a0a594-d17f-7f32-a6dc-5cd1766b125b,s,A,QB2,10,3,UVH9s,25,0.13333333333333336,0.0,0.0,500,1024,0.48828125
01a0a594-d17f-7f32-a6dc-5cd1766b125b,s,A,QB2,10,3,UVH9s,26,0.14666666666666667,0.0,0.0,546,1024,0.533203125
01a0a594-d17f-7f32-a6dc-5cd1766b125b,s,A,QB2,10,3,UVH9s,27,0.16000000000000003,0.0,0.0,516,1024,0.50390625
01a0a594-d17f-7f32-a6dc-5cd1766b125b,s,A,QB2,10,3,UVH9s,28,0.17333333333333334,0.0,0.0,507,1024,0.4951171875
01a0a594-d17f-7f32-a6dc-5cd1766b125b,s,A,QB2,10,3,UVH9s,29,0.1866666666666667,0.0,0.0,535,1024,0.5224609375
01a0a594-d17f-7f32-a6dc-5cd1766b125b,s,A,QB2,10,3,UVH9s,30,0.2,0.0,0.0,543,1024,0.5302734375
01a0a594-d17f-7f32-a6dc-5cd1766b125b,s,A,QB2,10,4,UVH11s,0,-0.2,0.0,0.0,567,1024,0.5537109375
01a0a594-d17f-7f32-a6dc-5cd1766b125b,s,A,QB2,10,4,UVH11s,1,-0.18666666666666668,0.0,0.0,530,1024,0.517578125
01a0a594-d17f-7f32-a6dc-5cd1766b125b,s,A,QB2,10,4,UVH11s,2,-0.17333333333333334,0.0,0.0,552,1024,0.5390625
01a0a594-d17f-7f32-a6dc-5cd1766b125b,s,A,QB2,10,4,UVH11s,3,-0.16,0.0,0.0,522,1024,0.509765625
01a0a594-d17f-7f32-a6dc-5cd1766b125b,s,A,QB2,10,4,UVH11s,4,-0.14666666666666667,0.0,0.0,519,1024,0.5068359375
01a0a594-d17f-7f32-a6dc-5cd1766b125b,s,A,QB2,10,4,UVH11s,5,-0.13333333333333336,0.0,0.0,537,1024,0.5244140625
01a0a594-d17f-7f32-a6dc-5cd1766b125b,s,A,QB2,10,4,UVH11s,6,-0.12000000000000001,0.0,0.0,529,1024,0.5166015625
01a0a594-d17f-7f32-a6dc-5cd1766b125b,s,A,QB2,10,4,UVH11s,7,-0.10666666666666667,0.0,0.0,531,1024,0.5185546875
01a0a594-d17f-7f32-a6dc-5cd1766b125b,s,A,QB2,10,4,UVH11s,8,-0.09333333333333334,0.0,0.0,510,1024,0.498046875
01a0a594-d17f-7f32-a6dc-5cd1766b125b,s,A,QB2,10,4,UVH11s,9,-0.08,0.0,0.0,532,1024,0.51953125
01a0a594-d17f-7f32-a6dc-5cd1766b125b,s,A,QB2,10,4,UVH11s,10,-0.06666666666666668,0.0,0.0,514,1024,0.501953125
01a0a594-d17f-7f32-a6dc-5cd1766b125b,s,A,QB2,10,4,UVH11s,11,-0.053333333333333344,0.0,0.0,557,1024,0.5439453125
01a0a594-d17f-7f32-a6dc-5cd1766b125b,s,A,QB2,10,4,UVH11s,12,-0.04000000000000001,0.0,0.0,526,1024,0.513671875
01a0a594-d17f-7f32-a6dc-5cd1766b125b,s,A,QB2,10,4,UVH11s,13,-0.026666666666666672,0.0,0.0,526,1024,0.513671875
01a0a594-d17f-7f32-a6dc-5cd1766b125b,s,A,QB2,10,4,UVH11s,14,-0.013333333333333336,0.0,0.0,516,1024,0.50390625
01a0a594-d17f-7f32-a6dc-5cd1766b125b,s,A,QB2,10,4,UVH11s,15,0.0,0.0,0.0,509,1024,0.4970703125
01a0a594-d17f-7f32-a6dc-5cd1766b125b,s,A,QB2,10,4,UVH11s,16,0.013333333333333336,0.0,0.0,527,1024,0.5146484375
01a0a594-d17f-7f32-a6dc-5cd1766b125b,s,A,QB2,10,4,UVH11s,17,0.026666666666666672,0.0,0.0,503,1024,0.4912109375
01a0a594-d17f-7f32-a6dc-5cd1766b125b,s,A,QB2,10,4,UVH11s,18,0.04000000000000001,0.0,0.0,494,1024,0.482421875
01a0a594-d17f-7f32-a6dc-5cd1766b125b,s,A,QB2,10,4,UVH11s,19,0.053333333333333344,0.0,0.0,512,1024,0.5
01a0a594-d17f-7f32-a6dc-5cd1766b125b,s,A,QB2,10,4,UVH11s,20,0.06666666666666665,0.0,0.0,533,1024,0.5205078125
01a0a594-d17f-7f32-a6dc-5cd1766b125b,s,A,QB2,10,4,UVH11s,21,0.08000000000000002,0.0,0.0,532,1024,0.51953125
01a0a594-d17f-7f32-a6dc-5cd1766b125b,s,A,QB2,10,4,UVH11s,22,0.09333333333333332,0.0,0.0,524,1024,0.51171875
01a0a594-d17f-7f32-a6dc-5cd1766b125b,s,A,QB2,10,4,UVH11s,23,0.10666666666666669,0.0,0.0,513,1024,0.5009765625
01a0a594-d17f-7f32-a6dc-5cd1766b125b,s,A,QB2,10,4,UVH11s,24,0.12,0.0,0.0,532,1024,0.51953125
01a0a594-d17f-7f32-a6dc-5cd1766b125b,s,A,QB2,10,4,UVH11s,25,0.13333333333333336,0.0,0.0,518,1024,0.505859375
01a0a594-d17f-7f32-a6dc-5cd1766b125b,s,A,QB2,10,4,UVH11s,26,0.14666666666666667,0.0,0.0,558,1024,0.544921875
01a0a594-d17f-7f32-a6dc-5cd1766b125b,s,A,QB2,10,4,UVH11s,27,0.16000000000000003,0.0,0.0,555,1024,0.5419921875
01a0a594-d17f-7f32-a6dc-5cd1766b125b,s,A,QB2,10,4,UVH11s,28,0.17333333333333334,0.0,0.0,536,1024,0.5234375
01a0a594-d17f-7f32-a6dc-5cd1766b125b,s,A,QB2,10,4,UVH11s,29,0.1866666666666667,0.0,0.0,515,1024,0.5029296875
01a0a594-d17f-7f32-a6dc-5cd1766b125b,s,A,QB2,10,4,UVH11s,30,0.2,0.0,0.0,553,1024,0.5400390625
01a0a594-d17f-7f32-a6dc-5cd1766b125b,s,A,QB2,10,5,UVH13s,0,-0.2,0.0,0.0,516,1024,0.50390625
01a0a594-d17f-7f32-a6dc-5cd1766b125b,s,A,QB2,10,5,UVH13s,1,-0.18666666666666668,0.0,0.0,479,1024,0.4677734375
01a0a594-d17f-7f32-a6dc-5cd1766b125b,s,A,QB2,10,5,UVH13s,2,-0.17333333333333334,0.0,0.0,493,1024,0.4814453125
01a0a594-d17f-7f32-a6dc-5cd1766b125b,s,A,QB2,10,5,UVH13s,3,-0.16,0.0,0.0,497,1024,0.4853515625
01a0a594-d17f-7f32-a6dc-5cd1766b125b,s,A,QB2,10,5,UVH13s,4,-0.14666666666666667,0.0,0.0,510,1024,0.498046875
01a0a594-d17f-7f32-a6dc-5cd1766b125b,s,A,QB2,10,5,UVH13s,5,-0.13333333333333336,0.0,0.0,469,1024,0.4580078125
01a0a594-d17f-7f32-a6dc-5cd1766b125b,s,A,QB2,10,5,UVH13s,6,-0.12000000000000001,0.0,0.0,511,1024,0.4990234375
01a0a594-d17f-7f32-a6dc-5cd1766b125b,s,A,QB2,10,5,UVH13s,7,-0.10666666666666667,0.0,0.0,518,1024,0.505859375
01a0a594-d17f-7f32-a6dc-5cd1766b125b,s,A,QB2,10,5,UVH13s,8,-0.09333333333333334,0.0,0.0,535,1024,0.5224609375
01a0a594-d17f-7f32-a6dc-5cd1766b125b,s,A,QB2,10,5,UVH13s,9,-0.08,0.0,0.0,480,1024,0.46875
01a0a594-d17f-7f32-a6dc-5cd1766b125b,s,A,QB2,10,5,UVH13s,10,-0.06666666666666668,0.0,0.0,527,1024,0.5146484375
01a0a594-d17f-7f32-a6dc-5cd1766b125b,s,A,QB2,10,5,UVH13s,11,-0.053333333333333344,0.0,0.0,521,1024,0.5087890625
01a0a594-d17f-7f32-a6dc-5cd1766b125b,s,A,QB2,10,5,UVH13s,12,-0.04000000000000001,0.0,0.0,513,1024,0.5009765625
01a0a594-d17f-7f32-a6dc-5cd1766b125b,s,A,QB2,10,5,UVH13s,13,-0.026666666666666672,0.0,0.0,475,1024,0.4638671875
01a0a594-d17f-7f32-a6dc-5cd1766b125b,s,A,QB2,10,5,UVH13s,14,-0.013333333333333336,0.0,0.0,501,1024,0.4892578125
01a0a594-d17f-7f32-a6dc-5cd1766b125b,s,A,QB2,10,5,UVH13s,15,0.0,0.0,0.0,512,1024,0.5
01a0a594-d17f-7f32-a6dc-5cd1766b125b,s,A,QB2,10,5,UVH13s,16,0.013333333333333336,0.0,0.0,535,1024,0.5224609375
01a0a594-d17f-7f32-a6dc-5cd1766b125b,s,A,QB2,10,5,UVH13s,17,0.026666666666666672,0.0,0.0,497,1024,0.4853515625
01a0a594-d17f-7f32-a6dc-5cd1766b125b,s,A,QB2,10,5,UVH13s,18,0.04000000000000001,0.0,0.0,494,1024,0.482421875
01a0a594-d17f-7f32-a6dc-5cd1766b125b,s,A,QB2,10,5,UVH13s,19,0.053333333333333344,0.0,0.0,513,1024,0.5009765625
01a0a594-d17f-7f32-a6dc-5cd1766b125b,s,A,QB2,10,5,UVH13s,20,0.06666666666666665,0.0,0.0,508,1024,0.49609375
01a0a594-d17f-7f32-a6dc-5cd1766b125b,s,A,QB2,10,5,UVH13s,21,0.08000000000000002,0.0,0.0,538,1024,0.525390625
01a0a594-d17f-7f32-a6dc-5cd1766b125b,s,A,QB2,10,5,UVH13s,22,0.09333333333333332,0.0,0.0,481,1024,0.4697265625
01a0a594-d17f-7f32-a6dc-5cd1766b125b,s,A,QB2,10,5,UVH13s,23,0.10666666666666669,0.0,0.0,490,1024,0.478515625
01a0a594-d17f-7f32-a6dc-5cd1766b125b,s,A,QB2,10,5,UVH13s,24,0.12,0.0,0.0,523,1024,0.5107421875
01a0a594-d17f-7f32-a6dc-5cd1766b125b,s,A,QB2,10,5,UVH13s,25,0.13333333333333336,0.0,0.0,496,1024,0.484375
01a0a594-d17f-7f32-a6dc-5cd1766b125b,s,A,QB2,10,5,UVH13s,26,0.14666666666666667,0.0,0.0,485,1024,0.4736328125
01a0a594-d17f-7f32-a6dc-5cd1766b125b,s,A,QB2,10,5,UVH13s,27,0.16000000000000003,0.0,0.0,518,1024,0.505859375
01a0a594-d17f-7f32-a6dc-5cd1766b125b,s,A,QB2,10,5,UVH13s,28,0.17333333333333334,0.0,0.0,499,1024,0.4873046875
01a0a594-d17f-7f32-a6dc-5cd1766b125b,s,A,QB2,10,5,UVH13s,29,0.1866666666666667,0.0,0.0,502,1024,0.490234375
01a0a594-d17f-7f32-a6dc-5cd1766b125b,s,A,QB2,10,5,UVH13s,30,0.2,0.0,0.0,478,1024,0.466796875
01a0a594-d17f-7f32-a6dc-5cd1766b125b,s,A,QB19,11,0,standard_pi_2,0,-0.2,0.0,0.0,318,1024,0.310546875
01a0a594-d17f-7f32-a6dc-5cd1766b125b,s,A,QB19,11,0,standard_pi_2,1,-0.18666666666666668,0.0,0.0,344,1024,0.3359375
01a0a594-d17f-7f32-a6dc-5cd1766b125b,s,A,QB19,11,0,standard_pi_2,2,-0.17333333333333334,0.0,0.0,340,1024,0.33203125
01a0a594-d17f-7f32-a6dc-5cd1766b125b,s,A,QB19,11,0,standard_pi_2,3,-0.16,0.0,0.0,382,1024,0.373046875
01a0a594-d17f-7f32-a6dc-5cd1766b125b,s,A,QB19,11,0,standard_pi_2,4,-0.14666666666666667,0.0,0.0,376,1024,0.3671875
01a0a594-d17f-7f32-a6dc-5cd1766b125b,s,A,QB19,11,0,standard_pi_2,5,-0.13333333333333336,0.0,0.0,423,1024,0.4130859375
01a0a594-d17f-7f32-a6dc-5cd1766b125b,s,A,QB19,11,0,standard_pi_2,6,-0.12000000000000001,0.0,0.0,430,1024,0.419921875
01a0a594-d17f-7f32-a6dc-5cd1766b125b,s,A,QB19,11,0,standard_pi_2,7,-0.10666666666666667,0.0,0.0,418,1024,0.408203125
01a0a594-d17f-7f32-a6dc-5cd1766b125b,s,A,QB19,11,0,standard_pi_2,8,-0.09333333333333334,0.0,0.0,426,1024,0.416015625
01a0a594-d17f-7f32-a6dc-5cd1766b125b,s,A,QB19,11,0,standard_pi_2,9,-0.08,0.0,0.0,402,1024,0.392578125
01a0a594-d17f-7f32-a6dc-5cd1766b125b,s,A,QB19,11,0,standard_pi_2,10,-0.06666666666666668,0.0,0.0,445,1024,0.4345703125
01a0a594-d17f-7f32-a6dc-5cd1766b125b,s,A,QB19,11,0,standard_pi_2,11,-0.053333333333333344,0.0,0.0,456,1024,0.4453125
01a0a594-d17f-7f32-a6dc-5cd1766b125b,s,A,QB19,11,0,standard_pi_2,12,-0.04000000000000001,0.0,0.0,461,1024,0.4501953125
01a0a594-d17f-7f32-a6dc-5cd1766b125b,s,A,QB19,11,0,standard_pi_2,13,-0.026666666666666672,0.0,0.0,478,1024,0.466796875
01a0a594-d17f-7f32-a6dc-5cd1766b125b,s,A,QB19,11,0,standard_pi_2,14,-0.013333333333333336,0.0,0.0,484,1024,0.47265625
01a0a594-d17f-7f32-a6dc-5cd1766b125b,s,A,QB19,11,0,standard_pi_2,15,0.0,0.0,0.0,504,1024,0.4921875
01a0a594-d17f-7f32-a6dc-5cd1766b125b,s,A,QB19,11,0,standard_pi_2,16,0.013333333333333336,0.0,0.0,498,1024,0.486328125
01a0a594-d17f-7f32-a6dc-5cd1766b125b,s,A,QB19,11,0,standard_pi_2,17,0.026666666666666672,0.0,0.0,504,1024,0.4921875
01a0a594-d17f-7f32-a6dc-5cd1766b125b,s,A,QB19,11,0,standard_pi_2,18,0.04000000000000001,0.0,0.0,544,1024,0.53125
01a0a594-d17f-7f32-a6dc-5cd1766b125b,s,A,QB19,11,0,standard_pi_2,19,0.053333333333333344,0.0,0.0,518,1024,0.505859375
01a0a594-d17f-7f32-a6dc-5cd1766b125b,s,A,QB19,11,0,standard_pi_2,20,0.06666666666666665,0.0,0.0,541,1024,0.5283203125
01a0a594-d17f-7f32-a6dc-5cd1766b125b,s,A,QB19,11,0,standard_pi_2,21,0.08000000000000002,0.0,0.0,564,1024,0.55078125
01a0a594-d17f-7f32-a6dc-5cd1766b125b,s,A,QB19,11,0,standard_pi_2,22,0.09333333333333332,0.0,0.0,561,1024,0.5478515625
01a0a594-d17f-7f32-a6dc-5cd1766b125b,s,A,QB19,11,0,standard_pi_2,23,0.10666666666666669,0.0,0.0,592,1024,0.578125
01a0a594-d17f-7f32-a6dc-5cd1766b125b,s,A,QB19,11,0,standard_pi_2,24,0.12,0.0,0.0,589,1024,0.5751953125
01a0a594-d17f-7f32-a6dc-5cd1766b125b,s,A,QB19,11,0,standard_pi_2,25,0.13333333333333336,0.0,0.0,592,1024,0.578125
01a0a594-d17f-7f32-a6dc-5cd1766b125b,s,A,QB19,11,0,standard_pi_2,26,0.14666666666666667,0.0,0.0,588,1024,0.57421875
01a0a594-d17f-7f32-a6dc-5cd1766b125b,s,A,QB19,11,0,standard_pi_2,27,0.16000000000000003,0.0,0.0,648,1024,0.6328125
01a0a594-d17f-7f32-a6dc-5cd1766b125b,s,A,QB19,11,0,standard_pi_2,28,0.17333333333333334,0.0,0.0,631,1024,0.6162109375
01a0a594-d17f-7f32-a6dc-5cd1766b125b,s,A,QB19,11,0,standard_pi_2,29,0.1866666666666667,0.0,0.0,648,1024,0.6328125
01a0a594-d17f-7f32-a6dc-5cd1766b125b,s,A,QB19,11,0,standard_pi_2,30,0.2,0.0,0.0,639,1024,0.6240234375
01a0a594-d17f-7f32-a6dc-5cd1766b125b,s,A,QB19,11,1,UVH5s,0,-0.2,0.0,0.0,505,1024,0.4931640625
01a0a594-d17f-7f32-a6dc-5cd1766b125b,s,A,QB19,11,1,UVH5s,1,-0.18666666666666668,0.0,0.0,514,1024,0.501953125
01a0a594-d17f-7f32-a6dc-5cd1766b125b,s,A,QB19,11,1,UVH5s,2,-0.17333333333333334,0.0,0.0,526,1024,0.513671875
01a0a594-d17f-7f32-a6dc-5cd1766b125b,s,A,QB19,11,1,UVH5s,3,-0.16,0.0,0.0,523,1024,0.5107421875
01a0a594-d17f-7f32-a6dc-5cd1766b125b,s,A,QB19,11,1,UVH5s,4,-0.14666666666666667,0.0,0.0,518,1024,0.505859375
01a0a594-d17f-7f32-a6dc-5cd1766b125b,s,A,QB19,11,1,UVH5s,5,-0.13333333333333336,0.0,0.0,543,1024,0.5302734375
01a0a594-d17f-7f32-a6dc-5cd1766b125b,s,A,QB19,11,1,UVH5s,6,-0.12000000000000001,0.0,0.0,533,1024,0.5205078125
01a0a594-d17f-7f32-a6dc-5cd1766b125b,s,A,QB19,11,1,UVH5s,7,-0.10666666666666667,0.0,0.0,560,1024,0.546875
01a0a594-d17f-7f32-a6dc-5cd1766b125b,s,A,QB19,11,1,UVH5s,8,-0.09333333333333334,0.0,0.0,554,1024,0.541015625
01a0a594-d17f-7f32-a6dc-5cd1766b125b,s,A,QB19,11,1,UVH5s,9,-0.08,0.0,0.0,531,1024,0.5185546875
01a0a594-d17f-7f32-a6dc-5cd1766b125b,s,A,QB19,11,1,UVH5s,10,-0.06666666666666668,0.0,0.0,546,1024,0.533203125
01a0a594-d17f-7f32-a6dc-5cd1766b125b,s,A,QB19,11,1,UVH5s,11,-0.053333333333333344,0.0,0.0,559,1024,0.5458984375
01a0a594-d17f-7f32-a6dc-5cd1766b125b,s,A,QB19,11,1,UVH5s,12,-0.04000000000000001,0.0,0.0,556,1024,0.54296875
01a0a594-d17f-7f32-a6dc-5cd1766b125b,s,A,QB19,11,1,UVH5s,13,-0.026666666666666672,0.0,0.0,577,1024,0.5634765625
01a0a594-d17f-7f32-a6dc-5cd1766b125b,s,A,QB19,11,1,UVH5s,14,-0.013333333333333336,0.0,0.0,552,1024,0.5390625
01a0a594-d17f-7f32-a6dc-5cd1766b125b,s,A,QB19,11,1,UVH5s,15,0.0,0.0,0.0,533,1024,0.5205078125
01a0a594-d17f-7f32-a6dc-5cd1766b125b,s,A,QB19,11,1,UVH5s,16,0.013333333333333336,0.0,0.0,545,1024,0.5322265625
01a0a594-d17f-7f32-a6dc-5cd1766b125b,s,A,QB19,11,1,UVH5s,17,0.026666666666666672,0.0,0.0,576,1024,0.5625
01a0a594-d17f-7f32-a6dc-5cd1766b125b,s,A,QB19,11,1,UVH5s,18,0.04000000000000001,0.0,0.0,569,1024,0.5556640625
01a0a594-d17f-7f32-a6dc-5cd1766b125b,s,A,QB19,11,1,UVH5s,19,0.053333333333333344,0.0,0.0,571,1024,0.5576171875
01a0a594-d17f-7f32-a6dc-5cd1766b125b,s,A,QB19,11,1,UVH5s,20,0.06666666666666665,0.0,0.0,560,1024,0.546875
01a0a594-d17f-7f32-a6dc-5cd1766b125b,s,A,QB19,11,1,UVH5s,21,0.08000000000000002,0.0,0.0,547,1024,0.5341796875
01a0a594-d17f-7f32-a6dc-5cd1766b125b,s,A,QB19,11,1,UVH5s,22,0.09333333333333332,0.0,0.0,537,1024,0.5244140625
01a0a594-d17f-7f32-a6dc-5cd1766b125b,s,A,QB19,11,1,UVH5s,23,0.10666666666666669,0.0,0.0,563,1024,0.5498046875
01a0a594-d17f-7f32-a6dc-5cd1766b125b,s,A,QB19,11,1,UVH5s,24,0.12,0.0,0.0,552,1024,0.5390625
01a0a594-d17f-7f32-a6dc-5cd1766b125b,s,A,QB19,11,1,UVH5s,25,0.13333333333333336,0.0,0.0,558,1024,0.544921875
01a0a594-d17f-7f32-a6dc-5cd1766b125b,s,A,QB19,11,1,UVH5s,26,0.14666666666666667,0.0,0.0,565,1024,0.5517578125
01a0a594-d17f-7f32-a6dc-5cd1766b125b,s,A,QB19,11,1,UVH5s,27,0.16000000000000003,0.0,0.0,566,1024,0.552734375
01a0a594-d17f-7f32-a6dc-5cd1766b125b,s,A,QB19,11,1,UVH5s,28,0.17333333333333334,0.0,0.0,553,1024,0.5400390625
01a0a594-d17f-7f32-a6dc-5cd1766b125b,s,A,QB19,11,1,UVH5s,29,0.1866666666666667,0.0,0.0,573,1024,0.5595703125
01a0a594-d17f-7f32-a6dc-5cd1766b125b,s,A,QB19,11,1,UVH5s,30,0.2,0.0,0.0,596,1024,0.58203125
01a0a594-d17f-7f32-a6dc-5cd1766b125b,s,A,QB19,11,2,UVH7s,0,-0.2,0.0,0.0,584,1024,0.5703125
01a0a594-d17f-7f32-a6dc-5cd1766b125b,s,A,QB19,11,2,UVH7s,1,-0.18666666666666668,0.0,0.0,564,1024,0.55078125
01a0a594-d17f-7f32-a6dc-5cd1766b125b,s,A,QB19,11,2,UVH7s,2,-0.17333333333333334,0.0,0.0,549,1024,0.5361328125
01a0a594-d17f-7f32-a6dc-5cd1766b125b,s,A,QB19,11,2,UVH7s,3,-0.16,0.0,0.0,537,1024,0.5244140625
01a0a594-d17f-7f32-a6dc-5cd1766b125b,s,A,QB19,11,2,UVH7s,4,-0.14666666666666667,0.0,0.0,519,1024,0.5068359375
01a0a594-d17f-7f32-a6dc-5cd1766b125b,s,A,QB19,11,2,UVH7s,5,-0.13333333333333336,0.0,0.0,544,1024,0.53125
01a0a594-d17f-7f32-a6dc-5cd1766b125b,s,A,QB19,11,2,UVH7s,6,-0.12000000000000001,0.0,0.0,541,1024,0.5283203125
01a0a594-d17f-7f32-a6dc-5cd1766b125b,s,A,QB19,11,2,UVH7s,7,-0.10666666666666667,0.0,0.0,553,1024,0.5400390625
01a0a594-d17f-7f32-a6dc-5cd1766b125b,s,A,QB19,11,2,UVH7s,8,-0.09333333333333334,0.0,0.0,517,1024,0.5048828125
01a0a594-d17f-7f32-a6dc-5cd1766b125b,s,A,QB19,11,2,UVH7s,9,-0.08,0.0,0.0,520,1024,0.5078125
01a0a594-d17f-7f32-a6dc-5cd1766b125b,s,A,QB19,11,2,UVH7s,10,-0.06666666666666668,0.0,0.0,530,1024,0.517578125
01a0a594-d17f-7f32-a6dc-5cd1766b125b,s,A,QB19,11,2,UVH7s,11,-0.053333333333333344,0.0,0.0,523,1024,0.5107421875
01a0a594-d17f-7f32-a6dc-5cd1766b125b,s,A,QB19,11,2,UVH7s,12,-0.04000000000000001,0.0,0.0,560,1024,0.546875
01a0a594-d17f-7f32-a6dc-5cd1766b125b,s,A,QB19,11,2,UVH7s,13,-0.026666666666666672,0.0,0.0,553,1024,0.5400390625
01a0a594-d17f-7f32-a6dc-5cd1766b125b,s,A,QB19,11,2,UVH7s,14,-0.013333333333333336,0.0,0.0,508,1024,0.49609375
01a0a594-d17f-7f32-a6dc-5cd1766b125b,s,A,QB19,11,2,UVH7s,15,0.0,0.0,0.0,505,1024,0.4931640625
01a0a594-d17f-7f32-a6dc-5cd1766b125b,s,A,QB19,11,2,UVH7s,16,0.013333333333333336,0.0,0.0,549,1024,0.5361328125
01a0a594-d17f-7f32-a6dc-5cd1766b125b,s,A,QB19,11,2,UVH7s,17,0.026666666666666672,0.0,0.0,525,1024,0.5126953125
01a0a594-d17f-7f32-a6dc-5cd1766b125b,s,A,QB19,11,2,UVH7s,18,0.04000000000000001,0.0,0.0,549,1024,0.5361328125
01a0a594-d17f-7f32-a6dc-5cd1766b125b,s,A,QB19,11,2,UVH7s,19,0.053333333333333344,0.0,0.0,522,1024,0.509765625
01a0a594-d17f-7f32-a6dc-5cd1766b125b,s,A,QB19,11,2,UVH7s,20,0.06666666666666665,0.0,0.0,536,1024,0.5234375
01a0a594-d17f-7f32-a6dc-5cd1766b125b,s,A,QB19,11,2,UVH7s,21,0.08000000000000002,0.0,0.0,526,1024,0.513671875
01a0a594-d17f-7f32-a6dc-5cd1766b125b,s,A,QB19,11,2,UVH7s,22,0.09333333333333332,0.0,0.0,524,1024,0.51171875
01a0a594-d17f-7f32-a6dc-5cd1766b125b,s,A,QB19,11,2,UVH7s,23,0.10666666666666669,0.0,0.0,499,1024,0.4873046875
01a0a594-d17f-7f32-a6dc-5cd1766b125b,s,A,QB19,11,2,UVH7s,24,0.12,0.0,0.0,504,1024,0.4921875
01a0a594-d17f-7f32-a6dc-5cd1766b125b,s,A,QB19,11,2,UVH7s,25,0.13333333333333336,0.0,0.0,510,1024,0.498046875
01a0a594-d17f-7f32-a6dc-5cd1766b125b,s,A,QB19,11,2,UVH7s,26,0.14666666666666667,0.0,0.0,537,1024,0.5244140625
01a0a594-d17f-7f32-a6dc-5cd1766b125b,s,A,QB19,11,2,UVH7s,27,0.16000000000000003,0.0,0.0,496,1024,0.484375
01a0a594-d17f-7f32-a6dc-5cd1766b125b,s,A,QB19,11,2,UVH7s,28,0.17333333333333334,0.0,0.0,487,1024,0.4755859375
01a0a594-d17f-7f32-a6dc-5cd1766b125b,s,A,QB19,11,2,UVH7s,29,0.1866666666666667,0.0,0.0,490,1024,0.478515625
01a0a594-d17f-7f32-a6dc-5cd1766b125b,s,A,QB19,11,2,UVH7s,30,0.2,0.0,0.0,458,1024,0.447265625
01a0a594-d17f-7f32-a6dc-5cd1766b125b,s,A,QB19,11,3,UVH9s,0,-0.2,0.0,0.0,512,1024,0.5
01a0a594-d17f-7f32-a6dc-5cd1766b125b,s,A,QB19,11,3,UVH9s,1,-0.18666666666666668,0.0,0.0,517,1024,0.5048828125
01a0a594-d17f-7f32-a6dc-5cd1766b125b,s,A,QB19,11,3,UVH9s,2,-0.17333333333333334,0.0,0.0,505,1024,0.4931640625
01a0a594-d17f-7f32-a6dc-5cd1766b125b,s,A,QB19,11,3,UVH9s,3,-0.16,0.0,0.0,523,1024,0.5107421875
01a0a594-d17f-7f32-a6dc-5cd1766b125b,s,A,QB19,11,3,UVH9s,4,-0.14666666666666667,0.0,0.0,548,1024,0.53515625
01a0a594-d17f-7f32-a6dc-5cd1766b125b,s,A,QB19,11,3,UVH9s,5,-0.13333333333333336,0.0,0.0,518,1024,0.505859375
01a0a594-d17f-7f32-a6dc-5cd1766b125b,s,A,QB19,11,3,UVH9s,6,-0.12000000000000001,0.0,0.0,505,1024,0.4931640625
01a0a594-d17f-7f32-a6dc-5cd1766b125b,s,A,QB19,11,3,UVH9s,7,-0.10666666666666667,0.0,0.0,485,1024,0.4736328125
01a0a594-d17f-7f32-a6dc-5cd1766b125b,s,A,QB19,11,3,UVH9s,8,-0.09333333333333334,0.0,0.0,513,1024,0.5009765625
01a0a594-d17f-7f32-a6dc-5cd1766b125b,s,A,QB19,11,3,UVH9s,9,-0.08,0.0,0.0,512,1024,0.5
01a0a594-d17f-7f32-a6dc-5cd1766b125b,s,A,QB19,11,3,UVH9s,10,-0.06666666666666668,0.0,0.0,491,1024,0.4794921875
01a0a594-d17f-7f32-a6dc-5cd1766b125b,s,A,QB19,11,3,UVH9s,11,-0.053333333333333344,0.0,0.0,486,1024,0.474609375
01a0a594-d17f-7f32-a6dc-5cd1766b125b,s,A,QB19,11,3,UVH9s,12,-0.04000000000000001,0.0,0.0,515,1024,0.5029296875
01a0a594-d17f-7f32-a6dc-5cd1766b125b,s,A,QB19,11,3,UVH9s,13,-0.026666666666666672,0.0,0.0,478,1024,0.466796875
01a0a594-d17f-7f32-a6dc-5cd1766b125b,s,A,QB19,11,3,UVH9s,14,-0.013333333333333336,0.0,0.0,507,1024,0.4951171875
01a0a594-d17f-7f32-a6dc-5cd1766b125b,s,A,QB19,11,3,UVH9s,15,0.0,0.0,0.0,489,1024,0.4775390625
01a0a594-d17f-7f32-a6dc-5cd1766b125b,s,A,QB19,11,3,UVH9s,16,0.013333333333333336,0.0,0.0,483,1024,0.4716796875
01a0a594-d17f-7f32-a6dc-5cd1766b125b,s,A,QB19,11,3,UVH9s,17,0.026666666666666672,0.0,0.0,535,1024,0.5224609375
01a0a594-d17f-7f32-a6dc-5cd1766b125b,s,A,QB19,11,3,UVH9s,18,0.04000000000000001,0.0,0.0,522,1024,0.509765625
01a0a594-d17f-7f32-a6dc-5cd1766b125b,s,A,QB19,11,3,UVH9s,19,0.053333333333333344,0.0,0.0,546,1024,0.533203125
01a0a594-d17f-7f32-a6dc-5cd1766b125b,s,A,QB19,11,3,UVH9s,20,0.06666666666666665,0.0,0.0,506,1024,0.494140625
01a0a594-d17f-7f32-a6dc-5cd1766b125b,s,A,QB19,11,3,UVH9s,21,0.08000000000000002,0.0,0.0,498,1024,0.486328125
01a0a594-d17f-7f32-a6dc-5cd1766b125b,s,A,QB19,11,3,UVH9s,22,0.09333333333333332,0.0,0.0,524,1024,0.51171875
01a0a594-d17f-7f32-a6dc-5cd1766b125b,s,A,QB19,11,3,UVH9s,23,0.10666666666666669,0.0,0.0,528,1024,0.515625
01a0a594-d17f-7f32-a6dc-5cd1766b125b,s,A,QB19,11,3,UVH9s,24,0.12,0.0,0.0,501,1024,0.4892578125
01a0a594-d17f-7f32-a6dc-5cd1766b125b,s,A,QB19,11,3,UVH9s,25,0.13333333333333336,0.0,0.0,532,1024,0.51953125
01a0a594-d17f-7f32-a6dc-5cd1766b125b,s,A,QB19,11,3,UVH9s,26,0.14666666666666667,0.0,0.0,503,1024,0.4912109375
01a0a594-d17f-7f32-a6dc-5cd1766b125b,s,A,QB19,11,3,UVH9s,27,0.16000000000000003,0.0,0.0,477,1024,0.4658203125
01a0a594-d17f-7f32-a6dc-5cd1766b125b,s,A,QB19,11,3,UVH9s,28,0.17333333333333334,0.0,0.0,515,1024,0.5029296875
01a0a594-d17f-7f32-a6dc-5cd1766b125b,s,A,QB19,11,3,UVH9s,29,0.1866666666666667,0.0,0.0,510,1024,0.498046875
01a0a594-d17f-7f32-a6dc-5cd1766b125b,s,A,QB19,11,3,UVH9s,30,0.2,0.0,0.0,510,1024,0.498046875
01a0a594-d17f-7f32-a6dc-5cd1766b125b,s,A,QB19,11,4,UVH11s,0,-0.2,0.0,0.0,541,1024,0.5283203125
01a0a594-d17f-7f32-a6dc-5cd1766b125b,s,A,QB19,11,4,UVH11s,1,-0.18666666666666668,0.0,0.0,517,1024,0.5048828125
01a0a594-d17f-7f32-a6dc-5cd1766b125b,s,A,QB19,11,4,UVH11s,2,-0.17333333333333334,0.0,0.0,544,1024,0.53125
01a0a594-d17f-7f32-a6dc-5cd1766b125b,s,A,QB19,11,4,UVH11s,3,-0.16,0.0,0.0,505,1024,0.4931640625
01a0a594-d17f-7f32-a6dc-5cd1766b125b,s,A,QB19,11,4,UVH11s,4,-0.14666666666666667,0.0,0.0,513,1024,0.5009765625
01a0a594-d17f-7f32-a6dc-5cd1766b125b,s,A,QB19,11,4,UVH11s,5,-0.13333333333333336,0.0,0.0,548,1024,0.53515625
01a0a594-d17f-7f32-a6dc-5cd1766b125b,s,A,QB19,11,4,UVH11s,6,-0.12000000000000001,0.0,0.0,546,1024,0.533203125
01a0a594-d17f-7f32-a6dc-5cd1766b125b,s,A,QB19,11,4,UVH11s,7,-0.10666666666666667,0.0,0.0,503,1024,0.4912109375
01a0a594-d17f-7f32-a6dc-5cd1766b125b,s,A,QB19,11,4,UVH11s,8,-0.09333333333333334,0.0,0.0,521,1024,0.5087890625
01a0a594-d17f-7f32-a6dc-5cd1766b125b,s,A,QB19,11,4,UVH11s,9,-0.08,0.0,0.0,536,1024,0.5234375
01a0a594-d17f-7f32-a6dc-5cd1766b125b,s,A,QB19,11,4,UVH11s,10,-0.06666666666666668,0.0,0.0,533,1024,0.5205078125
01a0a594-d17f-7f32-a6dc-5cd1766b125b,s,A,QB19,11,4,UVH11s,11,-0.053333333333333344,0.0,0.0,546,1024,0.533203125
01a0a594-d17f-7f32-a6dc-5cd1766b125b,s,A,QB19,11,4,UVH11s,12,-0.04000000000000001,0.0,0.0,518,1024,0.505859375
01a0a594-d17f-7f32-a6dc-5cd1766b125b,s,A,QB19,11,4,UVH11s,13,-0.026666666666666672,0.0,0.0,533,1024,0.5205078125
01a0a594-d17f-7f32-a6dc-5cd1766b125b,s,A,QB19,11,4,UVH11s,14,-0.013333333333333336,0.0,0.0,540,1024,0.52734375
01a0a594-d17f-7f32-a6dc-5cd1766b125b,s,A,QB19,11,4,UVH11s,15,0.0,0.0,0.0,559,1024,0.5458984375
01a0a594-d17f-7f32-a6dc-5cd1766b125b,s,A,QB19,11,4,UVH11s,16,0.013333333333333336,0.0,0.0,541,1024,0.5283203125
01a0a594-d17f-7f32-a6dc-5cd1766b125b,s,A,QB19,11,4,UVH11s,17,0.026666666666666672,0.0,0.0,557,1024,0.5439453125
01a0a594-d17f-7f32-a6dc-5cd1766b125b,s,A,QB19,11,4,UVH11s,18,0.04000000000000001,0.0,0.0,518,1024,0.505859375
01a0a594-d17f-7f32-a6dc-5cd1766b125b,s,A,QB19,11,4,UVH11s,19,0.053333333333333344,0.0,0.0,539,1024,0.5263671875
01a0a594-d17f-7f32-a6dc-5cd1766b125b,s,A,QB19,11,4,UVH11s,20,0.06666666666666665,0.0,0.0,544,1024,0.53125
01a0a594-d17f-7f32-a6dc-5cd1766b125b,s,A,QB19,11,4,UVH11s,21,0.08000000000000002,0.0,0.0,519,1024,0.5068359375
01a0a594-d17f-7f32-a6dc-5cd1766b125b,s,A,QB19,11,4,UVH11s,22,0.09333333333333332,0.0,0.0,539,1024,0.5263671875
01a0a594-d17f-7f32-a6dc-5cd1766b125b,s,A,QB19,11,4,UVH11s,23,0.10666666666666669,0.0,0.0,554,1024,0.541015625
01a0a594-d17f-7f32-a6dc-5cd1766b125b,s,A,QB19,11,4,UVH11s,24,0.12,0.0,0.0,549,1024,0.5361328125
01a0a594-d17f-7f32-a6dc-5cd1766b125b,s,A,QB19,11,4,UVH11s,25,0.13333333333333336,0.0,0.0,544,1024,0.53125
01a0a594-d17f-7f32-a6dc-5cd1766b125b,s,A,QB19,11,4,UVH11s,26,0.14666666666666667,0.0,0.0,523,1024,0.5107421875
01a0a594-d17f-7f32-a6dc-5cd1766b125b,s,A,QB19,11,4,UVH11s,27,0.16000000000000003,0.0,0.0,577,1024,0.5634765625
01a0a594-d17f-7f32-a6dc-5cd1766b125b,s,A,QB19,11,4,UVH11s,28,0.17333333333333334,0.0,0.0,536,1024,0.5234375
01a0a594-d17f-7f32-a6dc-5cd1766b125b,s,A,QB19,11,4,UVH11s,29,0.1866666666666667,0.0,0.0,534,1024,0.521484375
01a0a594-d17f-7f32-a6dc-5cd1766b125b,s,A,QB19,11,4,UVH11s,30,0.2,0.0,0.0,568,1024,0.5546875
01a0a594-d17f-7f32-a6dc-5cd1766b125b,s,A,QB19,11,5,UVH13s,0,-0.2,0.0,0.0,489,1024,0.4775390625
01a0a594-d17f-7f32-a6dc-5cd1766b125b,s,A,QB19,11,5,UVH13s,1,-0.18666666666666668,0.0,0.0,497,1024,0.4853515625
01a0a594-d17f-7f32-a6dc-5cd1766b125b,s,A,QB19,11,5,UVH13s,2,-0.17333333333333334,0.0,0.0,490,1024,0.478515625
01a0a594-d17f-7f32-a6dc-5cd1766b125b,s,A,QB19,11,5,UVH13s,3,-0.16,0.0,0.0,483,1024,0.4716796875
01a0a594-d17f-7f32-a6dc-5cd1766b125b,s,A,QB19,11,5,UVH13s,4,-0.14666666666666667,0.0,0.0,494,1024,0.482421875
01a0a594-d17f-7f32-a6dc-5cd1766b125b,s,A,QB19,11,5,UVH13s,5,-0.13333333333333336,0.0,0.0,493,1024,0.4814453125
01a0a594-d17f-7f32-a6dc-5cd1766b125b,s,A,QB19,11,5,UVH13s,6,-0.12000000000000001,0.0,0.0,495,1024,0.4833984375
01a0a594-d17f-7f32-a6dc-5cd1766b125b,s,A,QB19,11,5,UVH13s,7,-0.10666666666666667,0.0,0.0,486,1024,0.474609375
01a0a594-d17f-7f32-a6dc-5cd1766b125b,s,A,QB19,11,5,UVH13s,8,-0.09333333333333334,0.0,0.0,491,1024,0.4794921875
01a0a594-d17f-7f32-a6dc-5cd1766b125b,s,A,QB19,11,5,UVH13s,9,-0.08,0.0,0.0,457,1024,0.4462890625
01a0a594-d17f-7f32-a6dc-5cd1766b125b,s,A,QB19,11,5,UVH13s,10,-0.06666666666666668,0.0,0.0,461,1024,0.4501953125
01a0a594-d17f-7f32-a6dc-5cd1766b125b,s,A,QB19,11,5,UVH13s,11,-0.053333333333333344,0.0,0.0,469,1024,0.4580078125
01a0a594-d17f-7f32-a6dc-5cd1766b125b,s,A,QB19,11,5,UVH13s,12,-0.04000000000000001,0.0,0.0,510,1024,0.498046875
01a0a594-d17f-7f32-a6dc-5cd1766b125b,s,A,QB19,11,5,UVH13s,13,-0.026666666666666672,0.0,0.0,501,1024,0.4892578125
01a0a594-d17f-7f32-a6dc-5cd1766b125b,s,A,QB19,11,5,UVH13s,14,-0.013333333333333336,0.0,0.0,472,1024,0.4609375
01a0a594-d17f-7f32-a6dc-5cd1766b125b,s,A,QB19,11,5,UVH13s,15,0.0,0.0,0.0,478,1024,0.466796875
01a0a594-d17f-7f32-a6dc-5cd1766b125b,s,A,QB19,11,5,UVH13s,16,0.013333333333333336,0.0,0.0,485,1024,0.4736328125
01a0a594-d17f-7f32-a6dc-5cd1766b125b,s,A,QB19,11,5,UVH13s,17,0.026666666666666672,0.0,0.0,481,1024,0.4697265625
01a0a594-d17f-7f32-a6dc-5cd1766b125b,s,A,QB19,11,5,UVH13s,18,0.04000000000000001,0.0,0.0,479,1024,0.4677734375
01a0a594-d17f-7f32-a6dc-5cd1766b125b,s,A,QB19,11,5,UVH13s,19,0.053333333333333344,0.0,0.0,461,1024,0.4501953125
01a0a594-d17f-7f32-a6dc-5cd1766b125b,s,A,QB19,11,5,UVH13s,20,0.06666666666666665,0.0,0.0,444,1024,0.43359375
01a0a594-d17f-7f32-a6dc-5cd1766b125b,s,A,QB19,11,5,UVH13s,21,0.08000000000000002,0.0,0.0,475,1024,0.4638671875
01a0a594-d17f-7f32-a6dc-5cd1766b125b,s,A,QB19,11,5,UVH13s,22,0.09333333333333332,0.0,0.0,488,1024,0.4765625
01a0a594-d17f-7f32-a6dc-5cd1766b125b,s,A,QB19,11,5,UVH13s,23,0.10666666666666669,0.0,0.0,474,1024,0.462890625
01a0a594-d17f-7f32-a6dc-5cd1766b125b,s,A,QB19,11,5,UVH13s,24,0.12,0.0,0.0,495,1024,0.4833984375
01a0a594-d17f-7f32-a6dc-5cd1766b125b,s,A,QB19,11,5,UVH13s,25,0.13333333333333336,0.0,0.0,500,1024,0.48828125
01a0a594-d17f-7f32-a6dc-5cd1766b125b,s,A,QB19,11,5,UVH13s,26,0.14666666666666667,0.0,0.0,480,1024,0.46875
01a0a594-d17f-7f32-a6dc-5cd1766b125b,s,A,QB19,11,5,UVH13s,27,0.16000000000000003,0.0,0.0,456,1024,0.4453125
01a0a594-d17f-7f32-a6dc-5cd1766b125b,s,A,QB19,11,5,UVH13s,28,0.17333333333333334,0.0,0.0,480,1024,0.46875
01a0a594-d17f-7f32-a6dc-5cd1766b125b,s,A,QB19,11,5,UVH13s,29,0.1866666666666667,0.0,0.0,490,1024,0.478515625
01a0a594-d17f-7f32-a6dc-5cd1766b125b,s,A,QB19,11,5,UVH13s,30,0.2,0.0,0.0,488,1024,0.4765625
01a0a594-d17f-7f32-a6dc-5cd1766b125b,s,A,QB6,12,0,standard_pi_2,0,-0.2,0.0,0.0,357,1024,0.3486328125
01a0a594-d17f-7f32-a6dc-5cd1766b125b,s,A,QB6,12,0,standard_pi_2,1,-0.18666666666666668,0.0,0.0,356,1024,0.34765625
01a0a594-d17f-7f32-a6dc-5cd1766b125b,s,A,QB6,12,0,standard_pi_2,2,-0.17333333333333334,0.0,0.0,391,1024,0.3818359375
01a0a594-d17f-7f32-a6dc-5cd1766b125b,s,A,QB6,12,0,standard_pi_2,3,-0.16,0.0,0.0,357,1024,0.3486328125
01a0a594-d17f-7f32-a6dc-5cd1766b125b,s,A,QB6,12,0,standard_pi_2,4,-0.14666666666666667,0.0,0.0,418,1024,0.408203125
01a0a594-d17f-7f32-a6dc-5cd1766b125b,s,A,QB6,12,0,standard_pi_2,5,-0.13333333333333336,0.0,0.0,382,1024,0.373046875
01a0a594-d17f-7f32-a6dc-5cd1766b125b,s,A,QB6,12,0,standard_pi_2,6,-0.12000000000000001,0.0,0.0,436,1024,0.42578125
01a0a594-d17f-7f32-a6dc-5cd1766b125b,s,A,QB6,12,0,standard_pi_2,7,-0.10666666666666667,0.0,0.0,439,1024,0.4287109375
01a0a594-d17f-7f32-a6dc-5cd1766b125b,s,A,QB6,12,0,standard_pi_2,8,-0.09333333333333334,0.0,0.0,454,1024,0.443359375
01a0a594-d17f-7f32-a6dc-5cd1766b125b,s,A,QB6,12,0,standard_pi_2,9,-0.08,0.0,0.0,419,1024,0.4091796875
01a0a594-d17f-7f32-a6dc-5cd1766b125b,s,A,QB6,12,0,standard_pi_2,10,-0.06666666666666668,0.0,0.0,457,1024,0.4462890625
01a0a594-d17f-7f32-a6dc-5cd1766b125b,s,A,QB6,12,0,standard_pi_2,11,-0.053333333333333344,0.0,0.0,454,1024,0.443359375
01a0a594-d17f-7f32-a6dc-5cd1766b125b,s,A,QB6,12,0,standard_pi_2,12,-0.04000000000000001,0.0,0.0,481,1024,0.4697265625
01a0a594-d17f-7f32-a6dc-5cd1766b125b,s,A,QB6,12,0,standard_pi_2,13,-0.026666666666666672,0.0,0.0,500,1024,0.48828125
01a0a594-d17f-7f32-a6dc-5cd1766b125b,s,A,QB6,12,0,standard_pi_2,14,-0.013333333333333336,0.0,0.0,476,1024,0.46484375
01a0a594-d17f-7f32-a6dc-5cd1766b125b,s,A,QB6,12,0,standard_pi_2,15,0.0,0.0,0.0,491,1024,0.4794921875
01a0a594-d17f-7f32-a6dc-5cd1766b125b,s,A,QB6,12,0,standard_pi_2,16,0.013333333333333336,0.0,0.0,538,1024,0.525390625
01a0a594-d17f-7f32-a6dc-5cd1766b125b,s,A,QB6,12,0,standard_pi_2,17,0.026666666666666672,0.0,0.0,532,1024,0.51953125
01a0a594-d17f-7f32-a6dc-5cd1766b125b,s,A,QB6,12,0,standard_pi_2,18,0.04000000000000001,0.0,0.0,546,1024,0.533203125
01a0a594-d17f-7f32-a6dc-5cd1766b125b,s,A,QB6,12,0,standard_pi_2,19,0.053333333333333344,0.0,0.0,541,1024,0.5283203125
01a0a594-d17f-7f32-a6dc-5cd1766b125b,s,A,QB6,12,0,standard_pi_2,20,0.06666666666666665,0.0,0.0,549,1024,0.5361328125
01a0a594-d17f-7f32-a6dc-5cd1766b125b,s,A,QB6,12,0,standard_pi_2,21,0.08000000000000002,0.0,0.0,549,1024,0.5361328125
01a0a594-d17f-7f32-a6dc-5cd1766b125b,s,A,QB6,12,0,standard_pi_2,22,0.09333333333333332,0.0,0.0,567,1024,0.5537109375
01a0a594-d17f-7f32-a6dc-5cd1766b125b,s,A,QB6,12,0,standard_pi_2,23,0.10666666666666669,0.0,0.0,581,1024,0.5673828125
01a0a594-d17f-7f32-a6dc-5cd1766b125b,s,A,QB6,12,0,standard_pi_2,24,0.12,0.0,0.0,564,1024,0.55078125
01a0a594-d17f-7f32-a6dc-5cd1766b125b,s,A,QB6,12,0,standard_pi_2,25,0.13333333333333336,0.0,0.0,602,1024,0.587890625
01a0a594-d17f-7f32-a6dc-5cd1766b125b,s,A,QB6,12,0,standard_pi_2,26,0.14666666666666667,0.0,0.0,636,1024,0.62109375
01a0a594-d17f-7f32-a6dc-5cd1766b125b,s,A,QB6,12,0,standard_pi_2,27,0.16000000000000003,0.0,0.0,622,1024,0.607421875
01a0a594-d17f-7f32-a6dc-5cd1766b125b,s,A,QB6,12,0,standard_pi_2,28,0.17333333333333334,0.0,0.0,644,1024,0.62890625
01a0a594-d17f-7f32-a6dc-5cd1766b125b,s,A,QB6,12,0,standard_pi_2,29,0.1866666666666667,0.0,0.0,633,1024,0.6181640625
01a0a594-d17f-7f32-a6dc-5cd1766b125b,s,A,QB6,12,0,standard_pi_2,30,0.2,0.0,0.0,672,1024,0.65625
01a0a594-d17f-7f32-a6dc-5cd1766b125b,s,A,QB6,12,1,UVH5s,0,-0.2,0.0,0.0,517,1024,0.5048828125
01a0a594-d17f-7f32-a6dc-5cd1766b125b,s,A,QB6,12,1,UVH5s,1,-0.18666666666666668,0.0,0.0,520,1024,0.5078125
01a0a594-d17f-7f32-a6dc-5cd1766b125b,s,A,QB6,12,1,UVH5s,2,-0.17333333333333334,0.0,0.0,500,1024,0.48828125
01a0a594-d17f-7f32-a6dc-5cd1766b125b,s,A,QB6,12,1,UVH5s,3,-0.16,0.0,0.0,551,1024,0.5380859375
01a0a594-d17f-7f32-a6dc-5cd1766b125b,s,A,QB6,12,1,UVH5s,4,-0.14666666666666667,0.0,0.0,544,1024,0.53125
01a0a594-d17f-7f32-a6dc-5cd1766b125b,s,A,QB6,12,1,UVH5s,5,-0.13333333333333336,0.0,0.0,547,1024,0.5341796875
01a0a594-d17f-7f32-a6dc-5cd1766b125b,s,A,QB6,12,1,UVH5s,6,-0.12000000000000001,0.0,0.0,538,1024,0.525390625
01a0a594-d17f-7f32-a6dc-5cd1766b125b,s,A,QB6,12,1,UVH5s,7,-0.10666666666666667,0.0,0.0,549,1024,0.5361328125
01a0a594-d17f-7f32-a6dc-5cd1766b125b,s,A,QB6,12,1,UVH5s,8,-0.09333333333333334,0.0,0.0,532,1024,0.51953125
01a0a594-d17f-7f32-a6dc-5cd1766b125b,s,A,QB6,12,1,UVH5s,9,-0.08,0.0,0.0,504,1024,0.4921875
01a0a594-d17f-7f32-a6dc-5cd1766b125b,s,A,QB6,12,1,UVH5s,10,-0.06666666666666668,0.0,0.0,556,1024,0.54296875
01a0a594-d17f-7f32-a6dc-5cd1766b125b,s,A,QB6,12,1,UVH5s,11,-0.053333333333333344,0.0,0.0,550,1024,0.537109375
01a0a594-d17f-7f32-a6dc-5cd1766b125b,s,A,QB6,12,1,UVH5s,12,-0.04000000000000001,0.0,0.0,529,1024,0.5166015625
01a0a594-d17f-7f32-a6dc-5cd1766b125b,s,A,QB6,12,1,UVH5s,13,-0.026666666666666672,0.0,0.0,565,1024,0.5517578125
01a0a594-d17f-7f32-a6dc-5cd1766b125b,s,A,QB6,12,1,UVH5s,14,-0.013333333333333336,0.0,0.0,544,1024,0.53125
01a0a594-d17f-7f32-a6dc-5cd1766b125b,s,A,QB6,12,1,UVH5s,15,0.0,0.0,0.0,539,1024,0.5263671875
01a0a594-d17f-7f32-a6dc-5cd1766b125b,s,A,QB6,12,1,UVH5s,16,0.013333333333333336,0.0,0.0,554,1024,0.541015625
01a0a594-d17f-7f32-a6dc-5cd1766b125b,s,A,QB6,12,1,UVH5s,17,0.026666666666666672,0.0,0.0,536,1024,0.5234375
01a0a594-d17f-7f32-a6dc-5cd1766b125b,s,A,QB6,12,1,UVH5s,18,0.04000000000000001,0.0,0.0,501,1024,0.4892578125
01a0a594-d17f-7f32-a6dc-5cd1766b125b,s,A,QB6,12,1,UVH5s,19,0.053333333333333344,0.0,0.0,513,1024,0.5009765625
01a0a594-d17f-7f32-a6dc-5cd1766b125b,s,A,QB6,12,1,UVH5s,20,0.06666666666666665,0.0,0.0,530,1024,0.517578125
01a0a594-d17f-7f32-a6dc-5cd1766b125b,s,A,QB6,12,1,UVH5s,21,0.08000000000000002,0.0,0.0,539,1024,0.5263671875
01a0a594-d17f-7f32-a6dc-5cd1766b125b,s,A,QB6,12,1,UVH5s,22,0.09333333333333332,0.0,0.0,510,1024,0.498046875
01a0a594-d17f-7f32-a6dc-5cd1766b125b,s,A,QB6,12,1,UVH5s,23,0.10666666666666669,0.0,0.0,528,1024,0.515625
01a0a594-d17f-7f32-a6dc-5cd1766b125b,s,A,QB6,12,1,UVH5s,24,0.12,0.0,0.0,555,1024,0.5419921875
01a0a594-d17f-7f32-a6dc-5cd1766b125b,s,A,QB6,12,1,UVH5s,25,0.13333333333333336,0.0,0.0,565,1024,0.5517578125
01a0a594-d17f-7f32-a6dc-5cd1766b125b,s,A,QB6,12,1,UVH5s,26,0.14666666666666667,0.0,0.0,518,1024,0.505859375
01a0a594-d17f-7f32-a6dc-5cd1766b125b,s,A,QB6,12,1,UVH5s,27,0.16000000000000003,0.0,0.0,530,1024,0.517578125
01a0a594-d17f-7f32-a6dc-5cd1766b125b,s,A,QB6,12,1,UVH5s,28,0.17333333333333334,0.0,0.0,507,1024,0.4951171875
01a0a594-d17f-7f32-a6dc-5cd1766b125b,s,A,QB6,12,1,UVH5s,29,0.1866666666666667,0.0,0.0,527,1024,0.5146484375
01a0a594-d17f-7f32-a6dc-5cd1766b125b,s,A,QB6,12,1,UVH5s,30,0.2,0.0,0.0,537,1024,0.5244140625
01a0a594-d17f-7f32-a6dc-5cd1766b125b,s,A,QB6,12,2,UVH7s,0,-0.2,0.0,0.0,584,1024,0.5703125
01a0a594-d17f-7f32-a6dc-5cd1766b125b,s,A,QB6,12,2,UVH7s,1,-0.18666666666666668,0.0,0.0,574,1024,0.560546875
01a0a594-d17f-7f32-a6dc-5cd1766b125b,s,A,QB6,12,2,UVH7s,2,-0.17333333333333334,0.0,0.0,561,1024,0.5478515625
01a0a594-d17f-7f32-a6dc-5cd1766b125b,s,A,QB6,12,2,UVH7s,3,-0.16,0.0,0.0,582,1024,0.568359375
01a0a594-d17f-7f32-a6dc-5cd1766b125b,s,A,QB6,12,2,UVH7s,4,-0.14666666666666667,0.0,0.0,535,1024,0.5224609375
01a0a594-d17f-7f32-a6dc-5cd1766b125b,s,A,QB6,12,2,UVH7s,5,-0.13333333333333336,0.0,0.0,576,1024,0.5625
01a0a594-d17f-7f32-a6dc-5cd1766b125b,s,A,QB6,12,2,UVH7s,6,-0.12000000000000001,0.0,0.0,582,1024,0.568359375
01a0a594-d17f-7f32-a6dc-5cd1766b125b,s,A,QB6,12,2,UVH7s,7,-0.10666666666666667,0.0,0.0,586,1024,0.572265625
01a0a594-d17f-7f32-a6dc-5cd1766b125b,s,A,QB6,12,2,UVH7s,8,-0.09333333333333334,0.0,0.0,592,1024,0.578125
01a0a594-d17f-7f32-a6dc-5cd1766b125b,s,A,QB6,12,2,UVH7s,9,-0.08,0.0,0.0,569,1024,0.5556640625
01a0a594-d17f-7f32-a6dc-5cd1766b125b,s,A,QB6,12,2,UVH7s,10,-0.06666666666666668,0.0,0.0,576,1024,0.5625
01a0a594-d17f-7f32-a6dc-5cd1766b125b,s,A,QB6,12,2,UVH7s,11,-0.053333333333333344,0.0,0.0,573,1024,0.5595703125
01a0a594-d17f-7f32-a6dc-5cd1766b125b,s,A,QB6,12,2,UVH7s,12,-0.04000000000000001,0.0,0.0,552,1024,0.5390625
01a0a594-d17f-7f32-a6dc-5cd1766b125b,s,A,QB6,12,2,UVH7s,13,-0.026666666666666672,0.0,0.0,587,1024,0.5732421875
01a0a594-d17f-7f32-a6dc-5cd1766b125b,s,A,QB6,12,2,UVH7s,14,-0.013333333333333336,0.0,0.0,572,1024,0.55859375
01a0a594-d17f-7f32-a6dc-5cd1766b125b,s,A,QB6,12,2,UVH7s,15,0.0,0.0,0.0,561,1024,0.5478515625
01a0a594-d17f-7f32-a6dc-5cd1766b125b,s,A,QB6,12,2,UVH7s,16,0.013333333333333336,0.0,0.0,596,1024,0.58203125
01a0a594-d17f-7f32-a6dc-5cd1766b125b,s,A,QB6,12,2,UVH7s,17,0.026666666666666672,0.0,0.0,599,1024,0.5849609375
01a0a594-d17f-7f32-a6dc-5cd1766b125b,s,A,QB6,12,2,UVH7s,18,0.04000000000000001,0.0,0.0,578,1024,0.564453125
01a0a594-d17f-7f32-a6dc-5cd1766b125b,s,A,QB6,12,2,UVH7s,19,0.053333333333333344,0.0,0.0,571,1024,0.5576171875
01a0a594-d17f-7f32-a6dc-5cd1766b125b,s,A,QB6,12,2,UVH7s,20,0.06666666666666665,0.0,0.0,569,1024,0.5556640625
01a0a594-d17f-7f32-a6dc-5cd1766b125b,s,A,QB6,12,2,UVH7s,21,0.08000000000000002,0.0,0.0,597,1024,0.5830078125
01a0a594-d17f-7f32-a6dc-5cd1766b125b,s,A,QB6,12,2,UVH7s,22,0.09333333333333332,0.0,0.0,569,1024,0.5556640625
01a0a594-d17f-7f32-a6dc-5cd1766b125b,s,A,QB6,12,2,UVH7s,23,0.10666666666666669,0.0,0.0,571,1024,0.5576171875
01a0a594-d17f-7f32-a6dc-5cd1766b125b,s,A,QB6,12,2,UVH7s,24,0.12,0.0,0.0,596,1024,0.58203125
01a0a594-d17f-7f32-a6dc-5cd1766b125b,s,A,QB6,12,2,UVH7s,25,0.13333333333333336,0.0,0.0,600,1024,0.5859375
01a0a594-d17f-7f32-a6dc-5cd1766b125b,s,A,QB6,12,2,UVH7s,26,0.14666666666666667,0.0,0.0,565,1024,0.5517578125
01a0a594-d17f-7f32-a6dc-5cd1766b125b,s,A,QB6,12,2,UVH7s,27,0.16000000000000003,0.0,0.0,573,1024,0.5595703125
01a0a594-d17f-7f32-a6dc-5cd1766b125b,s,A,QB6,12,2,UVH7s,28,0.17333333333333334,0.0,0.0,596,1024,0.58203125
01a0a594-d17f-7f32-a6dc-5cd1766b125b,s,A,QB6,12,2,UVH7s,29,0.1866666666666667,0.0,0.0,563,1024,0.5498046875
01a0a594-d17f-7f32-a6dc-5cd1766b125b,s,A,QB6,12,2,UVH7s,30,0.2,0.0,0.0,572,1024,0.55859375
01a0a594-d17f-7f32-a6dc-5cd1766b125b,s,A,QB6,12,3,UVH9s,0,-0.2,0.0,0.0,496,1024,0.484375
01a0a594-d17f-7f32-a6dc-5cd1766b125b,s,A,QB6,12,3,UVH9s,1,-0.18666666666666668,0.0,0.0,520,1024,0.5078125
01a0a594-d17f-7f32-a6dc-5cd1766b125b,s,A,QB6,12,3,UVH9s,2,-0.17333333333333334,0.0,0.0,479,1024,0.4677734375
01a0a594-d17f-7f32-a6dc-5cd1766b125b,s,A,QB6,12,3,UVH9s,3,-0.16,0.0,0.0,469,1024,0.4580078125
01a0a594-d17f-7f32-a6dc-5cd1766b125b,s,A,QB6,12,3,UVH9s,4,-0.14666666666666667,0.0,0.0,513,1024,0.5009765625
01a0a594-d17f-7f32-a6dc-5cd1766b125b,s,A,QB6,12,3,UVH9s,5,-0.13333333333333336,0.0,0.0,509,1024,0.4970703125
01a0a594-d17f-7f32-a6dc-5cd1766b125b,s,A,QB6,12,3,UVH9s,6,-0.12000000000000001,0.0,0.0,523,1024,0.5107421875
01a0a594-d17f-7f32-a6dc-5cd1766b125b,s,A,QB6,12,3,UVH9s,7,-0.10666666666666667,0.0,0.0,495,1024,0.4833984375
01a0a594-d17f-7f32-a6dc-5cd1766b125b,s,A,QB6,12,3,UVH9s,8,-0.09333333333333334,0.0,0.0,518,1024,0.505859375
01a0a594-d17f-7f32-a6dc-5cd1766b125b,s,A,QB6,12,3,UVH9s,9,-0.08,0.0,0.0,496,1024,0.484375
01a0a594-d17f-7f32-a6dc-5cd1766b125b,s,A,QB6,12,3,UVH9s,10,-0.06666666666666668,0.0,0.0,485,1024,0.4736328125
01a0a594-d17f-7f32-a6dc-5cd1766b125b,s,A,QB6,12,3,UVH9s,11,-0.053333333333333344,0.0,0.0,477,1024,0.4658203125
01a0a594-d17f-7f32-a6dc-5cd1766b125b,s,A,QB6,12,3,UVH9s,12,-0.04000000000000001,0.0,0.0,481,1024,0.4697265625
01a0a594-d17f-7f32-a6dc-5cd1766b125b,s,A,QB6,12,3,UVH9s,13,-0.026666666666666672,0.0,0.0,511,1024,0.4990234375
01a0a594-d17f-7f32-a6dc-5cd1766b125b,s,A,QB6,12,3,UVH9s,14,-0.013333333333333336,0.0,0.0,465,1024,0.4541015625
01a0a594-d17f-7f32-a6dc-5cd1766b125b,s,A,QB6,12,3,UVH9s,15,0.0,0.0,0.0,512,1024,0.5
01a0a594-d17f-7f32-a6dc-5cd1766b125b,s,A,QB6,12,3,UVH9s,16,0.013333333333333336,0.0,0.0,515,1024,0.5029296875
01a0a594-d17f-7f32-a6dc-5cd1766b125b,s,A,QB6,12,3,UVH9s,17,0.026666666666666672,0.0,0.0,483,1024,0.4716796875
01a0a594-d17f-7f32-a6dc-5cd1766b125b,s,A,QB6,12,3,UVH9s,18,0.04000000000000001,0.0,0.0,472,1024,0.4609375
01a0a594-d17f-7f32-a6dc-5cd1766b125b,s,A,QB6,12,3,UVH9s,19,0.053333333333333344,0.0,0.0,489,1024,0.4775390625
01a0a594-d17f-7f32-a6dc-5cd1766b125b,s,A,QB6,12,3,UVH9s,20,0.06666666666666665,0.0,0.0,486,1024,0.474609375
01a0a594-d17f-7f32-a6dc-5cd1766b125b,s,A,QB6,12,3,UVH9s,21,0.08000000000000002,0.0,0.0,495,1024,0.4833984375
01a0a594-d17f-7f32-a6dc-5cd1766b125b,s,A,QB6,12,3,UVH9s,22,0.09333333333333332,0.0,0.0,495,1024,0.4833984375
01a0a594-d17f-7f32-a6dc-5cd1766b125b,s,A,QB6,12,3,UVH9s,23,0.10666666666666669,0.0,0.0,476,1024,0.46484375
01a0a594-d17f-7f32-a6dc-5cd1766b125b,s,A,QB6,12,3,UVH9s,24,0.12,0.0,0.0,476,1024,0.46484375
01a0a594-d17f-7f32-a6dc-5cd1766b125b,s,A,QB6,12,3,UVH9s,25,0.13333333333333336,0.0,0.0,482,1024,0.470703125
01a0a594-d17f-7f32-a6dc-5cd1766b125b,s,A,QB6,12,3,UVH9s,26,0.14666666666666667,0.0,0.0,505,1024,0.4931640625
01a0a594-d17f-7f32-a6dc-5cd1766b125b,s,A,QB6,12,3,UVH9s,27,0.16000000000000003,0.0,0.0,498,1024,0.486328125
01a0a594-d17f-7f32-a6dc-5cd1766b125b,s,A,QB6,12,3,UVH9s,28,0.17333333333333334,0.0,0.0,488,1024,0.4765625
01a0a594-d17f-7f32-a6dc-5cd1766b125b,s,A,QB6,12,3,UVH9s,29,0.1866666666666667,0.0,0.0,489,1024,0.4775390625
01a0a594-d17f-7f32-a6dc-5cd1766b125b,s,A,QB6,12,3,UVH9s,30,0.2,0.0,0.0,508,1024,0.49609375
01a0a594-d17f-7f32-a6dc-5cd1766b125b,s,A,QB6,12,4,UVH11s,0,-0.2,0.0,0.0,475,1024,0.4638671875
01a0a594-d17f-7f32-a6dc-5cd1766b125b,s,A,QB6,12,4,UVH11s,1,-0.18666666666666668,0.0,0.0,468,1024,0.45703125
01a0a594-d17f-7f32-a6dc-5cd1766b125b,s,A,QB6,12,4,UVH11s,2,-0.17333333333333334,0.0,0.0,511,1024,0.4990234375
01a0a594-d17f-7f32-a6dc-5cd1766b125b,s,A,QB6,12,4,UVH11s,3,-0.16,0.0,0.0,499,1024,0.4873046875
01a0a594-d17f-7f32-a6dc-5cd1766b125b,s,A,QB6,12,4,UVH11s,4,-0.14666666666666667,0.0,0.0,502,1024,0.490234375
01a0a594-d17f-7f32-a6dc-5cd1766b125b,s,A,QB6,12,4,UVH11s,5,-0.13333333333333336,0.0,0.0,473,1024,0.4619140625
01a0a594-d17f-7f32-a6dc-5cd1766b125b,s,A,QB6,12,4,UVH11s,6,-0.12000000000000001,0.0,0.0,504,1024,0.4921875
01a0a594-d17f-7f32-a6dc-5cd1766b125b,s,A,QB6,12,4,UVH11s,7,-0.10666666666666667,0.0,0.0,486,1024,0.474609375
01a0a594-d17f-7f32-a6dc-5cd1766b125b,s,A,QB6,12,4,UVH11s,8,-0.09333333333333334,0.0,0.0,487,1024,0.4755859375
01a0a594-d17f-7f32-a6dc-5cd1766b125b,s,A,QB6,12,4,UVH11s,9,-0.08,0.0,0.0,489,1024,0.4775390625
01a0a594-d17f-7f32-a6dc-5cd1766b125b,s,A,QB6,12,4,UVH11s,10,-0.06666666666666668,0.0,0.0,507,1024,0.4951171875
01a0a594-d17f-7f32-a6dc-5cd1766b125b,s,A,QB6,12,4,UVH11s,11,-0.053333333333333344,0.0,0.0,494,1024,0.482421875
01a0a594-d17f-7f32-a6dc-5cd1766b125b,s,A,QB6,12,4,UVH11s,12,-0.04000000000000001,0.0,0.0,486,1024,0.474609375
01a0a594-d17f-7f32-a6dc-5cd1766b125b,s,A,QB6,12,4,UVH11s,13,-0.026666666666666672,0.0,0.0,511,1024,0.4990234375
01a0a594-d17f-7f32-a6dc-5cd1766b125b,s,A,QB6,12,4,UVH11s,14,-0.013333333333333336,0.0,0.0,481,1024,0.4697265625
01a0a594-d17f-7f32-a6dc-5cd1766b125b,s,A,QB6,12,4,UVH11s,15,0.0,0.0,0.0,509,1024,0.4970703125
01a0a594-d17f-7f32-a6dc-5cd1766b125b,s,A,QB6,12,4,UVH11s,16,0.013333333333333336,0.0,0.0,499,1024,0.4873046875
01a0a594-d17f-7f32-a6dc-5cd1766b125b,s,A,QB6,12,4,UVH11s,17,0.026666666666666672,0.0,0.0,542,1024,0.529296875
01a0a594-d17f-7f32-a6dc-5cd1766b125b,s,A,QB6,12,4,UVH11s,18,0.04000000000000001,0.0,0.0,484,1024,0.47265625
01a0a594-d17f-7f32-a6dc-5cd1766b125b,s,A,QB6,12,4,UVH11s,19,0.053333333333333344,0.0,0.0,506,1024,0.494140625
01a0a594-d17f-7f32-a6dc-5cd1766b125b,s,A,QB6,12,4,UVH11s,20,0.06666666666666665,0.0,0.0,539,1024,0.5263671875
01a0a594-d17f-7f32-a6dc-5cd1766b125b,s,A,QB6,12,4,UVH11s,21,0.08000000000000002,0.0,0.0,512,1024,0.5
01a0a594-d17f-7f32-a6dc-5cd1766b125b,s,A,QB6,12,4,UVH11s,22,0.09333333333333332,0.0,0.0,507,1024,0.4951171875
01a0a594-d17f-7f32-a6dc-5cd1766b125b,s,A,QB6,12,4,UVH11s,23,0.10666666666666669,0.0,0.0,510,1024,0.498046875
01a0a594-d17f-7f32-a6dc-5cd1766b125b,s,A,QB6,12,4,UVH11s,24,0.12,0.0,0.0,520,1024,0.5078125
01a0a594-d17f-7f32-a6dc-5cd1766b125b,s,A,QB6,12,4,UVH11s,25,0.13333333333333336,0.0,0.0,550,1024,0.537109375
01a0a594-d17f-7f32-a6dc-5cd1766b125b,s,A,QB6,12,4,UVH11s,26,0.14666666666666667,0.0,0.0,512,1024,0.5
01a0a594-d17f-7f32-a6dc-5cd1766b125b,s,A,QB6,12,4,UVH11s,27,0.16000000000000003,0.0,0.0,506,1024,0.494140625
01a0a594-d17f-7f32-a6dc-5cd1766b125b,s,A,QB6,12,4,UVH11s,28,0.17333333333333334,0.0,0.0,530,1024,0.517578125
01a0a594-d17f-7f32-a6dc-5cd1766b125b,s,A,QB6,12,4,UVH11s,29,0.1866666666666667,0.0,0.0,549,1024,0.5361328125
01a0a594-d17f-7f32-a6dc-5cd1766b125b,s,A,QB6,12,4,UVH11s,30,0.2,0.0,0.0,530,1024,0.517578125
01a0a594-d17f-7f32-a6dc-5cd1766b125b,s,A,QB6,12,5,UVH13s,0,-0.2,0.0,0.0,577,1024,0.5634765625
01a0a594-d17f-7f32-a6dc-5cd1766b125b,s,A,QB6,12,5,UVH13s,1,-0.18666666666666668,0.0,0.0,529,1024,0.5166015625
01a0a594-d17f-7f32-a6dc-5cd1766b125b,s,A,QB6,12,5,UVH13s,2,-0.17333333333333334,0.0,0.0,544,1024,0.53125
01a0a594-d17f-7f32-a6dc-5cd1766b125b,s,A,QB6,12,5,UVH13s,3,-0.16,0.0,0.0,550,1024,0.537109375
01a0a594-d17f-7f32-a6dc-5cd1766b125b,s,A,QB6,12,5,UVH13s,4,-0.14666666666666667,0.0,0.0,568,1024,0.5546875
01a0a594-d17f-7f32-a6dc-5cd1766b125b,s,A,QB6,12,5,UVH13s,5,-0.13333333333333336,0.0,0.0,558,1024,0.544921875
01a0a594-d17f-7f32-a6dc-5cd1766b125b,s,A,QB6,12,5,UVH13s,6,-0.12000000000000001,0.0,0.0,542,1024,0.529296875
01a0a594-d17f-7f32-a6dc-5cd1766b125b,s,A,QB6,12,5,UVH13s,7,-0.10666666666666667,0.0,0.0,554,1024,0.541015625
01a0a594-d17f-7f32-a6dc-5cd1766b125b,s,A,QB6,12,5,UVH13s,8,-0.09333333333333334,0.0,0.0,538,1024,0.525390625
01a0a594-d17f-7f32-a6dc-5cd1766b125b,s,A,QB6,12,5,UVH13s,9,-0.08,0.0,0.0,540,1024,0.52734375
01a0a594-d17f-7f32-a6dc-5cd1766b125b,s,A,QB6,12,5,UVH13s,10,-0.06666666666666668,0.0,0.0,549,1024,0.5361328125
01a0a594-d17f-7f32-a6dc-5cd1766b125b,s,A,QB6,12,5,UVH13s,11,-0.053333333333333344,0.0,0.0,554,1024,0.541015625
01a0a594-d17f-7f32-a6dc-5cd1766b125b,s,A,QB6,12,5,UVH13s,12,-0.04000000000000001,0.0,0.0,546,1024,0.533203125
01a0a594-d17f-7f32-a6dc-5cd1766b125b,s,A,QB6,12,5,UVH13s,13,-0.026666666666666672,0.0,0.0,524,1024,0.51171875
01a0a594-d17f-7f32-a6dc-5cd1766b125b,s,A,QB6,12,5,UVH13s,14,-0.013333333333333336,0.0,0.0,539,1024,0.5263671875
01a0a594-d17f-7f32-a6dc-5cd1766b125b,s,A,QB6,12,5,UVH13s,15,0.0,0.0,0.0,542,1024,0.529296875
01a0a594-d17f-7f32-a6dc-5cd1766b125b,s,A,QB6,12,5,UVH13s,16,0.013333333333333336,0.0,0.0,532,1024,0.51953125
01a0a594-d17f-7f32-a6dc-5cd1766b125b,s,A,QB6,12,5,UVH13s,17,0.026666666666666672,0.0,0.0,547,1024,0.5341796875
01a0a594-d17f-7f32-a6dc-5cd1766b125b,s,A,QB6,12,5,UVH13s,18,0.04000000000000001,0.0,0.0,527,1024,0.5146484375
01a0a594-d17f-7f32-a6dc-5cd1766b125b,s,A,QB6,12,5,UVH13s,19,0.053333333333333344,0.0,0.0,533,1024,0.5205078125
01a0a594-d17f-7f32-a6dc-5cd1766b125b,s,A,QB6,12,5,UVH13s,20,0.06666666666666665,0.0,0.0,529,1024,0.5166015625
01a0a594-d17f-7f32-a6dc-5cd1766b125b,s,A,QB6,12,5,UVH13s,21,0.08000000000000002,0.0,0.0,562,1024,0.548828125
01a0a594-d17f-7f32-a6dc-5cd1766b125b,s,A,QB6,12,5,UVH13s,22,0.09333333333333332,0.0,0.0,549,1024,0.5361328125
01a0a594-d17f-7f32-a6dc-5cd1766b125b,s,A,QB6,12,5,UVH13s,23,0.10666666666666669,0.0,0.0,545,1024,0.5322265625
01a0a594-d17f-7f32-a6dc-5cd1766b125b,s,A,QB6,12,5,UVH13s,24,0.12,0.0,0.0,524,1024,0.51171875
01a0a594-d17f-7f32-a6dc-5cd1766b125b,s,A,QB6,12,5,UVH13s,25,0.13333333333333336,0.0,0.0,552,1024,0.5390625
01a0a594-d17f-7f32-a6dc-5cd1766b125b,s,A,QB6,12,5,UVH13s,26,0.14666666666666667,0.0,0.0,520,1024,0.5078125
01a0a594-d17f-7f32-a6dc-5cd1766b125b,s,A,QB6,12,5,UVH13s,27,0.16000000000000003,0.0,0.0,548,1024,0.53515625
01a0a594-d17f-7f32-a6dc-5cd1766b125b,s,A,QB6,12,5,UVH13s,28,0.17333333333333334,0.0,0.0,524,1024,0.51171875
01a0a594-d17f-7f32-a6dc-5cd1766b125b,s,A,QB6,12,5,UVH13s,29,0.1866666666666667,0.0,0.0,559,1024,0.5458984375
01a0a594-d17f-7f32-a6dc-5cd1766b125b,s,A,QB6,12,5,UVH13s,30,0.2,0.0,0.0,553,1024,0.5400390625
01a0a594-d17f-7f32-a6dc-5cd1766b125b,s,A,QB20,13,0,standard_pi_2,0,-0.2,0.0,0.0,364,1024,0.35546875
01a0a594-d17f-7f32-a6dc-5cd1766b125b,s,A,QB20,13,0,standard_pi_2,1,-0.18666666666666668,0.0,0.0,379,1024,0.3701171875
01a0a594-d17f-7f32-a6dc-5cd1766b125b,s,A,QB20,13,0,standard_pi_2,2,-0.17333333333333334,0.0,0.0,363,1024,0.3544921875
01a0a594-d17f-7f32-a6dc-5cd1766b125b,s,A,QB20,13,0,standard_pi_2,3,-0.16,0.0,0.0,376,1024,0.3671875
01a0a594-d17f-7f32-a6dc-5cd1766b125b,s,A,QB20,13,0,standard_pi_2,4,-0.14666666666666667,0.0,0.0,384,1024,0.375
01a0a594-d17f-7f32-a6dc-5cd1766b125b,s,A,QB20,13,0,standard_pi_2,5,-0.13333333333333336,0.0,0.0,408,1024,0.3984375
01a0a594-d17f-7f32-a6dc-5cd1766b125b,s,A,QB20,13,0,standard_pi_2,6,-0.12000000000000001,0.0,0.0,393,1024,0.3837890625
01a0a594-d17f-7f32-a6dc-5cd1766b125b,s,A,QB20,13,0,standard_pi_2,7,-0.10666666666666667,0.0,0.0,416,1024,0.40625
01a0a594-d17f-7f32-a6dc-5cd1766b125b,s,A,QB20,13,0,standard_pi_2,8,-0.09333333333333334,0.0,0.0,409,1024,0.3994140625
01a0a594-d17f-7f32-a6dc-5cd1766b125b,s,A,QB20,13,0,standard_pi_2,9,-0.08,0.0,0.0,449,1024,0.4384765625
01a0a594-d17f-7f32-a6dc-5cd1766b125b,s,A,QB20,13,0,standard_pi_2,10,-0.06666666666666668,0.0,0.0,458,1024,0.447265625
01a0a594-d17f-7f32-a6dc-5cd1766b125b,s,A,QB20,13,0,standard_pi_2,11,-0.053333333333333344,0.0,0.0,461,1024,0.4501953125
01a0a594-d17f-7f32-a6dc-5cd1766b125b,s,A,QB20,13,0,standard_pi_2,12,-0.04000000000000001,0.0,0.0,485,1024,0.4736328125
01a0a594-d17f-7f32-a6dc-5cd1766b125b,s,A,QB20,13,0,standard_pi_2,13,-0.026666666666666672,0.0,0.0,478,1024,0.466796875
01a0a594-d17f-7f32-a6dc-5cd1766b125b,s,A,QB20,13,0,standard_pi_2,14,-0.013333333333333336,0.0,0.0,501,1024,0.4892578125
01a0a594-d17f-7f32-a6dc-5cd1766b125b,s,A,QB20,13,0,standard_pi_2,15,0.0,0.0,0.0,497,1024,0.4853515625
01a0a594-d17f-7f32-a6dc-5cd1766b125b,s,A,QB20,13,0,standard_pi_2,16,0.013333333333333336,0.0,0.0,534,1024,0.521484375
01a0a594-d17f-7f32-a6dc-5cd1766b125b,s,A,QB20,13,0,standard_pi_2,17,0.026666666666666672,0.0,0.0,532,1024,0.51953125
01a0a594-d17f-7f32-a6dc-5cd1766b125b,s,A,QB20,13,0,standard_pi_2,18,0.04000000000000001,0.0,0.0,534,1024,0.521484375
01a0a594-d17f-7f32-a6dc-5cd1766b125b,s,A,QB20,13,0,standard_pi_2,19,0.053333333333333344,0.0,0.0,537,1024,0.5244140625
01a0a594-d17f-7f32-a6dc-5cd1766b125b,s,A,QB20,13,0,standard_pi_2,20,0.06666666666666665,0.0,0.0,537,1024,0.5244140625
01a0a594-d17f-7f32-a6dc-5cd1766b125b,s,A,QB20,13,0,standard_pi_2,21,0.08000000000000002,0.0,0.0,596,1024,0.58203125
01a0a594-d17f-7f32-a6dc-5cd1766b125b,s,A,QB20,13,0,standard_pi_2,22,0.09333333333333332,0.0,0.0,572,1024,0.55859375
01a0a594-d17f-7f32-a6dc-5cd1766b125b,s,A,QB20,13,0,standard_pi_2,23,0.10666666666666669,0.0,0.0,553,1024,0.5400390625
01a0a594-d17f-7f32-a6dc-5cd1766b125b,s,A,QB20,13,0,standard_pi_2,24,0.12,0.0,0.0,585,1024,0.5712890625
01a0a594-d17f-7f32-a6dc-5cd1766b125b,s,A,QB20,13,0,standard_pi_2,25,0.13333333333333336,0.0,0.0,618,1024,0.603515625
01a0a594-d17f-7f32-a6dc-5cd1766b125b,s,A,QB20,13,0,standard_pi_2,26,0.14666666666666667,0.0,0.0,626,1024,0.611328125
01a0a594-d17f-7f32-a6dc-5cd1766b125b,s,A,QB20,13,0,standard_pi_2,27,0.16000000000000003,0.0,0.0,644,1024,0.62890625
01a0a594-d17f-7f32-a6dc-5cd1766b125b,s,A,QB20,13,0,standard_pi_2,28,0.17333333333333334,0.0,0.0,634,1024,0.619140625
01a0a594-d17f-7f32-a6dc-5cd1766b125b,s,A,QB20,13,0,standard_pi_2,29,0.1866666666666667,0.0,0.0,646,1024,0.630859375
01a0a594-d17f-7f32-a6dc-5cd1766b125b,s,A,QB20,13,0,standard_pi_2,30,0.2,0.0,0.0,650,1024,0.634765625
01a0a594-d17f-7f32-a6dc-5cd1766b125b,s,A,QB20,13,1,UVH5s,0,-0.2,0.0,0.0,503,1024,0.4912109375
01a0a594-d17f-7f32-a6dc-5cd1766b125b,s,A,QB20,13,1,UVH5s,1,-0.18666666666666668,0.0,0.0,509,1024,0.4970703125
01a0a594-d17f-7f32-a6dc-5cd1766b125b,s,A,QB20,13,1,UVH5s,2,-0.17333333333333334,0.0,0.0,497,1024,0.4853515625
01a0a594-d17f-7f32-a6dc-5cd1766b125b,s,A,QB20,13,1,UVH5s,3,-0.16,0.0,0.0,516,1024,0.50390625
01a0a594-d17f-7f32-a6dc-5cd1766b125b,s,A,QB20,13,1,UVH5s,4,-0.14666666666666667,0.0,0.0,509,1024,0.4970703125
01a0a594-d17f-7f32-a6dc-5cd1766b125b,s,A,QB20,13,1,UVH5s,5,-0.13333333333333336,0.0,0.0,526,1024,0.513671875
01a0a594-d17f-7f32-a6dc-5cd1766b125b,s,A,QB20,13,1,UVH5s,6,-0.12000000000000001,0.0,0.0,504,1024,0.4921875
01a0a594-d17f-7f32-a6dc-5cd1766b125b,s,A,QB20,13,1,UVH5s,7,-0.10666666666666667,0.0,0.0,542,1024,0.529296875
01a0a594-d17f-7f32-a6dc-5cd1766b125b,s,A,QB20,13,1,UVH5s,8,-0.09333333333333334,0.0,0.0,534,1024,0.521484375
01a0a594-d17f-7f32-a6dc-5cd1766b125b,s,A,QB20,13,1,UVH5s,9,-0.08,0.0,0.0,545,1024,0.5322265625
01a0a594-d17f-7f32-a6dc-5cd1766b125b,s,A,QB20,13,1,UVH5s,10,-0.06666666666666668,0.0,0.0,520,1024,0.5078125
01a0a594-d17f-7f32-a6dc-5cd1766b125b,s,A,QB20,13,1,UVH5s,11,-0.053333333333333344,0.0,0.0,498,1024,0.486328125
01a0a594-d17f-7f32-a6dc-5cd1766b125b,s,A,QB20,13,1,UVH5s,12,-0.04000000000000001,0.0,0.0,515,1024,0.5029296875
01a0a594-d17f-7f32-a6dc-5cd1766b125b,s,A,QB20,13,1,UVH5s,13,-0.026666666666666672,0.0,0.0,544,1024,0.53125
01a0a594-d17f-7f32-a6dc-5cd1766b125b,s,A,QB20,13,1,UVH5s,14,-0.013333333333333336,0.0,0.0,519,1024,0.5068359375
01a0a594-d17f-7f32-a6dc-5cd1766b125b,s,A,QB20,13,1,UVH5s,15,0.0,0.0,0.0,522,1024,0.509765625
01a0a594-d17f-7f32-a6dc-5cd1766b125b,s,A,QB20,13,1,UVH5s,16,0.013333333333333336,0.0,0.0,503,1024,0.4912109375
01a0a594-d17f-7f32-a6dc-5cd1766b125b,s,A,QB20,13,1,UVH5s,17,0.026666666666666672,0.0,0.0,495,1024,0.4833984375
01a0a594-d17f-7f32-a6dc-5cd1766b125b,s,A,QB20,13,1,UVH5s,18,0.04000000000000001,0.0,0.0,494,1024,0.482421875
01a0a594-d17f-7f32-a6dc-5cd1766b125b,s,A,QB20,13,1,UVH5s,19,0.053333333333333344,0.0,0.0,487,1024,0.4755859375
01a0a594-d17f-7f32-a6dc-5cd1766b125b,s,A,QB20,13,1,UVH5s,20,0.06666666666666665,0.0,0.0,489,1024,0.4775390625
01a0a594-d17f-7f32-a6dc-5cd1766b125b,s,A,QB20,13,1,UVH5s,21,0.08000000000000002,0.0,0.0,510,1024,0.498046875
01a0a594-d17f-7f32-a6dc-5cd1766b125b,s,A,QB20,13,1,UVH5s,22,0.09333333333333332,0.0,0.0,497,1024,0.4853515625
01a0a594-d17f-7f32-a6dc-5cd1766b125b,s,A,QB20,13,1,UVH5s,23,0.10666666666666669,0.0,0.0,504,1024,0.4921875
01a0a594-d17f-7f32-a6dc-5cd1766b125b,s,A,QB20,13,1,UVH5s,24,0.12,0.0,0.0,512,1024,0.5
01a0a594-d17f-7f32-a6dc-5cd1766b125b,s,A,QB20,13,1,UVH5s,25,0.13333333333333336,0.0,0.0,506,1024,0.494140625
01a0a594-d17f-7f32-a6dc-5cd1766b125b,s,A,QB20,13,1,UVH5s,26,0.14666666666666667,0.0,0.0,521,1024,0.5087890625
01a0a594-d17f-7f32-a6dc-5cd1766b125b,s,A,QB20,13,1,UVH5s,27,0.16000000000000003,0.0,0.0,505,1024,0.4931640625
01a0a594-d17f-7f32-a6dc-5cd1766b125b,s,A,QB20,13,1,UVH5s,28,0.17333333333333334,0.0,0.0,520,1024,0.5078125
01a0a594-d17f-7f32-a6dc-5cd1766b125b,s,A,QB20,13,1,UVH5s,29,0.1866666666666667,0.0,0.0,524,1024,0.51171875
01a0a594-d17f-7f32-a6dc-5cd1766b125b,s,A,QB20,13,1,UVH5s,30,0.2,0.0,0.0,510,1024,0.498046875
01a0a594-d17f-7f32-a6dc-5cd1766b125b,s,A,QB20,13,2,UVH7s,0,-0.2,0.0,0.0,549,1024,0.5361328125
01a0a594-d17f-7f32-a6dc-5cd1766b125b,s,A,QB20,13,2,UVH7s,1,-0.18666666666666668,0.0,0.0,549,1024,0.5361328125
01a0a594-d17f-7f32-a6dc-5cd1766b125b,s,A,QB20,13,2,UVH7s,2,-0.17333333333333334,0.0,0.0,562,1024,0.548828125
01a0a594-d17f-7f32-a6dc-5cd1766b125b,s,A,QB20,13,2,UVH7s,3,-0.16,0.0,0.0,561,1024,0.5478515625
01a0a594-d17f-7f32-a6dc-5cd1766b125b,s,A,QB20,13,2,UVH7s,4,-0.14666666666666667,0.0,0.0,544,1024,0.53125
01a0a594-d17f-7f32-a6dc-5cd1766b125b,s,A,QB20,13,2,UVH7s,5,-0.13333333333333336,0.0,0.0,547,1024,0.5341796875
01a0a594-d17f-7f32-a6dc-5cd1766b125b,s,A,QB20,13,2,UVH7s,6,-0.12000000000000001,0.0,0.0,493,1024,0.4814453125
01a0a594-d17f-7f32-a6dc-5cd1766b125b,s,A,QB20,13,2,UVH7s,7,-0.10666666666666667,0.0,0.0,519,1024,0.5068359375
01a0a594-d17f-7f32-a6dc-5cd1766b125b,s,A,QB20,13,2,UVH7s,8,-0.09333333333333334,0.0,0.0,520,1024,0.5078125
01a0a594-d17f-7f32-a6dc-5cd1766b125b,s,A,QB20,13,2,UVH7s,9,-0.08,0.0,0.0,521,1024,0.5087890625
01a0a594-d17f-7f32-a6dc-5cd1766b125b,s,A,QB20,13,2,UVH7s,10,-0.06666666666666668,0.0,0.0,526,1024,0.513671875
01a0a594-d17f-7f32-a6dc-5cd1766b125b,s,A,QB20,13,2,UVH7s,11,-0.053333333333333344,0.0,0.0,532,1024,0.51953125
01a0a594-d17f-7f32-a6dc-5cd1766b125b,s,A,QB20,13,2,UVH7s,12,-0.04000000000000001,0.0,0.0,523,1024,0.5107421875
01a0a594-d17f-7f32-a6dc-5cd1766b125b,s,A,QB20,13,2,UVH7s,13,-0.026666666666666672,0.0,0.0,528,1024,0.515625
01a0a594-d17f-7f32-a6dc-5cd1766b125b,s,A,QB20,13,2,UVH7s,14,-0.013333333333333336,0.0,0.0,546,1024,0.533203125
01a0a594-d17f-7f32-a6dc-5cd1766b125b,s,A,QB20,13,2,UVH7s,15,0.0,0.0,0.0,513,1024,0.5009765625
01a0a594-d17f-7f32-a6dc-5cd1766b125b,s,A,QB20,13,2,UVH7s,16,0.013333333333333336,0.0,0.0,536,1024,0.5234375
01a0a594-d17f-7f32-a6dc-5cd1766b125b,s,A,QB20,13,2,UVH7s,17,0.026666666666666672,0.0,0.0,538,1024,0.525390625
01a0a594-d17f-7f32-a6dc-5cd1766b125b,s,A,QB20,13,2,UVH7s,18,0.04000000000000001,0.0,0.0,541,1024,0.5283203125
01a0a594-d17f-7f32-a6dc-5cd1766b125b,s,A,QB20,13,2,UVH7s,19,0.053333333333333344,0.0,0.0,549,1024,0.5361328125
01a0a594-d17f-7f32-a6dc-5cd1766b125b,s,A,QB20,13,2,UVH7s,20,0.06666666666666665,0.0,0.0,529,1024,0.5166015625
01a0a594-d17f-7f32-a6dc-5cd1766b125b,s,A,QB20,13,2,UVH7s,21,0.08000000000000002,0.0,0.0,557,1024,0.5439453125
01a0a594-d17f-7f32-a6dc-5cd1766b125b,s,A,QB20,13,2,UVH7s,22,0.09333333333333332,0.0,0.0,532,1024,0.51953125
01a0a594-d17f-7f32-a6dc-5cd1766b125b,s,A,QB20,13,2,UVH7s,23,0.10666666666666669,0.0,0.0,517,1024,0.5048828125
01a0a594-d17f-7f32-a6dc-5cd1766b125b,s,A,QB20,13,2,UVH7s,24,0.12,0.0,0.0,532,1024,0.51953125
01a0a594-d17f-7f32-a6dc-5cd1766b125b,s,A,QB20,13,2,UVH7s,25,0.13333333333333336,0.0,0.0,504,1024,0.4921875
01a0a594-d17f-7f32-a6dc-5cd1766b125b,s,A,QB20,13,2,UVH7s,26,0.14666666666666667,0.0,0.0,529,1024,0.5166015625
01a0a594-d17f-7f32-a6dc-5cd1766b125b,s,A,QB20,13,2,UVH7s,27,0.16000000000000003,0.0,0.0,506,1024,0.494140625
01a0a594-d17f-7f32-a6dc-5cd1766b125b,s,A,QB20,13,2,UVH7s,28,0.17333333333333334,0.0,0.0,508,1024,0.49609375
01a0a594-d17f-7f32-a6dc-5cd1766b125b,s,A,QB20,13,2,UVH7s,29,0.1866666666666667,0.0,0.0,511,1024,0.4990234375
01a0a594-d17f-7f32-a6dc-5cd1766b125b,s,A,QB20,13,2,UVH7s,30,0.2,0.0,0.0,501,1024,0.4892578125
01a0a594-d17f-7f32-a6dc-5cd1766b125b,s,A,QB20,13,3,UVH9s,0,-0.2,0.0,0.0,534,1024,0.521484375
01a0a594-d17f-7f32-a6dc-5cd1766b125b,s,A,QB20,13,3,UVH9s,1,-0.18666666666666668,0.0,0.0,566,1024,0.552734375
01a0a594-d17f-7f32-a6dc-5cd1766b125b,s,A,QB20,13,3,UVH9s,2,-0.17333333333333334,0.0,0.0,523,1024,0.5107421875
01a0a594-d17f-7f32-a6dc-5cd1766b125b,s,A,QB20,13,3,UVH9s,3,-0.16,0.0,0.0,503,1024,0.4912109375
01a0a594-d17f-7f32-a6dc-5cd1766b125b,s,A,QB20,13,3,UVH9s,4,-0.14666666666666667,0.0,0.0,520,1024,0.5078125
01a0a594-d17f-7f32-a6dc-5cd1766b125b,s,A,QB20,13,3,UVH9s,5,-0.13333333333333336,0.0,0.0,521,1024,0.5087890625
01a0a594-d17f-7f32-a6dc-5cd1766b125b,s,A,QB20,13,3,UVH9s,6,-0.12000000000000001,0.0,0.0,531,1024,0.5185546875
01a0a594-d17f-7f32-a6dc-5cd1766b125b,s,A,QB20,13,3,UVH9s,7,-0.10666666666666667,0.0,0.0,524,1024,0.51171875
01a0a594-d17f-7f32-a6dc-5cd1766b125b,s,A,QB20,13,3,UVH9s,8,-0.09333333333333334,0.0,0.0,552,1024,0.5390625
01a0a594-d17f-7f32-a6dc-5cd1766b125b,s,A,QB20,13,3,UVH9s,9,-0.08,0.0,0.0,552,1024,0.5390625
01a0a594-d17f-7f32-a6dc-5cd1766b125b,s,A,QB20,13,3,UVH9s,10,-0.06666666666666668,0.0,0.0,528,1024,0.515625
01a0a594-d17f-7f32-a6dc-5cd1766b125b,s,A,QB20,13,3,UVH9s,11,-0.053333333333333344,0.0,0.0,560,1024,0.546875
01a0a594-d17f-7f32-a6dc-5cd1766b125b,s,A,QB20,13,3,UVH9s,12,-0.04000000000000001,0.0,0.0,564,1024,0.55078125
01a0a594-d17f-7f32-a6dc-5cd1766b125b,s,A,QB20,13,3,UVH9s,13,-0.026666666666666672,0.0,0.0,560,1024,0.546875
01a0a594-d17f-7f32-a6dc-5cd1766b125b,s,A,QB20,13,3,UVH9s,14,-0.013333333333333336,0.0,0.0,535,1024,0.5224609375
01a0a594-d17f-7f32-a6dc-5cd1766b125b,s,A,QB20,13,3,UVH9s,15,0.0,0.0,0.0,535,1024,0.5224609375
01a0a594-d17f-7f32-a6dc-5cd1766b125b,s,A,QB20,13,3,UVH9s,16,0.013333333333333336,0.0,0.0,532,1024,0.51953125
01a0a594-d17f-7f32-a6dc-5cd1766b125b,s,A,QB20,13,3,UVH9s,17,0.026666666666666672,0.0,0.0,553,1024,0.5400390625
01a0a594-d17f-7f32-a6dc-5cd1766b125b,s,A,QB20,13,3,UVH9s,18,0.04000000000000001,0.0,0.0,534,1024,0.521484375
01a0a594-d17f-7f32-a6dc-5cd1766b125b,s,A,QB20,13,3,UVH9s,19,0.053333333333333344,0.0,0.0,556,1024,0.54296875
01a0a594-d17f-7f32-a6dc-5cd1766b125b,s,A,QB20,13,3,UVH9s,20,0.06666666666666665,0.0,0.0,534,1024,0.521484375
01a0a594-d17f-7f32-a6dc-5cd1766b125b,s,A,QB20,13,3,UVH9s,21,0.08000000000000002,0.0,0.0,541,1024,0.5283203125
01a0a594-d17f-7f32-a6dc-5cd1766b125b,s,A,QB20,13,3,UVH9s,22,0.09333333333333332,0.0,0.0,548,1024,0.53515625
01a0a594-d17f-7f32-a6dc-5cd1766b125b,s,A,QB20,13,3,UVH9s,23,0.10666666666666669,0.0,0.0,543,1024,0.5302734375
01a0a594-d17f-7f32-a6dc-5cd1766b125b,s,A,QB20,13,3,UVH9s,24,0.12,0.0,0.0,541,1024,0.5283203125
01a0a594-d17f-7f32-a6dc-5cd1766b125b,s,A,QB20,13,3,UVH9s,25,0.13333333333333336,0.0,0.0,541,1024,0.5283203125
01a0a594-d17f-7f32-a6dc-5cd1766b125b,s,A,QB20,13,3,UVH9s,26,0.14666666666666667,0.0,0.0,562,1024,0.548828125
01a0a594-d17f-7f32-a6dc-5cd1766b125b,s,A,QB20,13,3,UVH9s,27,0.16000000000000003,0.0,0.0,553,1024,0.5400390625
01a0a594-d17f-7f32-a6dc-5cd1766b125b,s,A,QB20,13,3,UVH9s,28,0.17333333333333334,0.0,0.0,565,1024,0.5517578125
01a0a594-d17f-7f32-a6dc-5cd1766b125b,s,A,QB20,13,3,UVH9s,29,0.1866666666666667,0.0,0.0,590,1024,0.576171875
01a0a594-d17f-7f32-a6dc-5cd1766b125b,s,A,QB20,13,3,UVH9s,30,0.2,0.0,0.0,545,1024,0.5322265625
01a0a594-d17f-7f32-a6dc-5cd1766b125b,s,A,QB20,13,4,UVH11s,0,-0.2,0.0,0.0,544,1024,0.53125
01a0a594-d17f-7f32-a6dc-5cd1766b125b,s,A,QB20,13,4,UVH11s,1,-0.18666666666666668,0.0,0.0,546,1024,0.533203125
01a0a594-d17f-7f32-a6dc-5cd1766b125b,s,A,QB20,13,4,UVH11s,2,-0.17333333333333334,0.0,0.0,554,1024,0.541015625
01a0a594-d17f-7f32-a6dc-5cd1766b125b,s,A,QB20,13,4,UVH11s,3,-0.16,0.0,0.0,514,1024,0.501953125
01a0a594-d17f-7f32-a6dc-5cd1766b125b,s,A,QB20,13,4,UVH11s,4,-0.14666666666666667,0.0,0.0,525,1024,0.5126953125
01a0a594-d17f-7f32-a6dc-5cd1766b125b,s,A,QB20,13,4,UVH11s,5,-0.13333333333333336,0.0,0.0,527,1024,0.5146484375
01a0a594-d17f-7f32-a6dc-5cd1766b125b,s,A,QB20,13,4,UVH11s,6,-0.12000000000000001,0.0,0.0,525,1024,0.5126953125
01a0a594-d17f-7f32-a6dc-5cd1766b125b,s,A,QB20,13,4,UVH11s,7,-0.10666666666666667,0.0,0.0,515,1024,0.5029296875
01a0a594-d17f-7f32-a6dc-5cd1766b125b,s,A,QB20,13,4,UVH11s,8,-0.09333333333333334,0.0,0.0,521,1024,0.5087890625
01a0a594-d17f-7f32-a6dc-5cd1766b125b,s,A,QB20,13,4,UVH11s,9,-0.08,0.0,0.0,534,1024,0.521484375
01a0a594-d17f-7f32-a6dc-5cd1766b125b,s,A,QB20,13,4,UVH11s,10,-0.06666666666666668,0.0,0.0,498,1024,0.486328125
01a0a594-d17f-7f32-a6dc-5cd1766b125b,s,A,QB20,13,4,UVH11s,11,-0.053333333333333344,0.0,0.0,508,1024,0.49609375
01a0a594-d17f-7f32-a6dc-5cd1766b125b,s,A,QB20,13,4,UVH11s,12,-0.04000000000000001,0.0,0.0,509,1024,0.4970703125
01a0a594-d17f-7f32-a6dc-5cd1766b125b,s,A,QB20,13,4,UVH11s,13,-0.026666666666666672,0.0,0.0,491,1024,0.4794921875
01a0a594-d17f-7f32-a6dc-5cd1766b125b,s,A,QB20,13,4,UVH11s,14,-0.013333333333333336,0.0,0.0,489,1024,0.4775390625
01a0a594-d17f-7f32-a6dc-5cd1766b125b,s,A,QB20,13,4,UVH11s,15,0.0,0.0,0.0,515,1024,0.5029296875
01a0a594-d17f-7f32-a6dc-5cd1766b125b,s,A,QB20,13,4,UVH11s,16,0.013333333333333336,0.0,0.0,517,1024,0.5048828125
01a0a594-d17f-7f32-a6dc-5cd1766b125b,s,A,QB20,13,4,UVH11s,17,0.026666666666666672,0.0,0.0,522,1024,0.509765625
01a0a594-d17f-7f32-a6dc-5cd1766b125b,s,A,QB20,13,4,UVH11s,18,0.04000000000000001,0.0,0.0,501,1024,0.4892578125
01a0a594-d17f-7f32-a6dc-5cd1766b125b,s,A,QB20,13,4,UVH11s,19,0.053333333333333344,0.0,0.0,476,1024,0.46484375
01a0a594-d17f-7f32-a6dc-5cd1766b125b,s,A,QB20,13,4,UVH11s,20,0.06666666666666665,0.0,0.0,508,1024,0.49609375
01a0a594-d17f-7f32-a6dc-5cd1766b125b,s,A,QB20,13,4,UVH11s,21,0.08000000000000002,0.0,0.0,507,1024,0.4951171875
01a0a594-d17f-7f32-a6dc-5cd1766b125b,s,A,QB20,13,4,UVH11s,22,0.09333333333333332,0.0,0.0,465,1024,0.4541015625
01a0a594-d17f-7f32-a6dc-5cd1766b125b,s,A,QB20,13,4,UVH11s,23,0.10666666666666669,0.0,0.0,474,1024,0.462890625
01a0a594-d17f-7f32-a6dc-5cd1766b125b,s,A,QB20,13,4,UVH11s,24,0.12,0.0,0.0,487,1024,0.4755859375
01a0a594-d17f-7f32-a6dc-5cd1766b125b,s,A,QB20,13,4,UVH11s,25,0.13333333333333336,0.0,0.0,501,1024,0.4892578125
01a0a594-d17f-7f32-a6dc-5cd1766b125b,s,A,QB20,13,4,UVH11s,26,0.14666666666666667,0.0,0.0,513,1024,0.5009765625
01a0a594-d17f-7f32-a6dc-5cd1766b125b,s,A,QB20,13,4,UVH11s,27,0.16000000000000003,0.0,0.0,507,1024,0.4951171875
01a0a594-d17f-7f32-a6dc-5cd1766b125b,s,A,QB20,13,4,UVH11s,28,0.17333333333333334,0.0,0.0,486,1024,0.474609375
01a0a594-d17f-7f32-a6dc-5cd1766b125b,s,A,QB20,13,4,UVH11s,29,0.1866666666666667,0.0,0.0,516,1024,0.50390625
01a0a594-d17f-7f32-a6dc-5cd1766b125b,s,A,QB20,13,4,UVH11s,30,0.2,0.0,0.0,508,1024,0.49609375
01a0a594-d17f-7f32-a6dc-5cd1766b125b,s,A,QB20,13,5,UVH13s,0,-0.2,0.0,0.0,511,1024,0.4990234375
01a0a594-d17f-7f32-a6dc-5cd1766b125b,s,A,QB20,13,5,UVH13s,1,-0.18666666666666668,0.0,0.0,534,1024,0.521484375
01a0a594-d17f-7f32-a6dc-5cd1766b125b,s,A,QB20,13,5,UVH13s,2,-0.17333333333333334,0.0,0.0,536,1024,0.5234375
01a0a594-d17f-7f32-a6dc-5cd1766b125b,s,A,QB20,13,5,UVH13s,3,-0.16,0.0,0.0,524,1024,0.51171875
01a0a594-d17f-7f32-a6dc-5cd1766b125b,s,A,QB20,13,5,UVH13s,4,-0.14666666666666667,0.0,0.0,552,1024,0.5390625
01a0a594-d17f-7f32-a6dc-5cd1766b125b,s,A,QB20,13,5,UVH13s,5,-0.13333333333333336,0.0,0.0,559,1024,0.5458984375
01a0a594-d17f-7f32-a6dc-5cd1766b125b,s,A,QB20,13,5,UVH13s,6,-0.12000000000000001,0.0,0.0,540,1024,0.52734375
01a0a594-d17f-7f32-a6dc-5cd1766b125b,s,A,QB20,13,5,UVH13s,7,-0.10666666666666667,0.0,0.0,543,1024,0.5302734375
01a0a594-d17f-7f32-a6dc-5cd1766b125b,s,A,QB20,13,5,UVH13s,8,-0.09333333333333334,0.0,0.0,530,1024,0.517578125
01a0a594-d17f-7f32-a6dc-5cd1766b125b,s,A,QB20,13,5,UVH13s,9,-0.08,0.0,0.0,524,1024,0.51171875
01a0a594-d17f-7f32-a6dc-5cd1766b125b,s,A,QB20,13,5,UVH13s,10,-0.06666666666666668,0.0,0.0,528,1024,0.515625
01a0a594-d17f-7f32-a6dc-5cd1766b125b,s,A,QB20,13,5,UVH13s,11,-0.053333333333333344,0.0,0.0,521,1024,0.5087890625
01a0a594-d17f-7f32-a6dc-5cd1766b125b,s,A,QB20,13,5,UVH13s,12,-0.04000000000000001,0.0,0.0,548,1024,0.53515625
01a0a594-d17f-7f32-a6dc-5cd1766b125b,s,A,QB20,13,5,UVH13s,13,-0.026666666666666672,0.0,0.0,515,1024,0.5029296875
01a0a594-d17f-7f32-a6dc-5cd1766b125b,s,A,QB20,13,5,UVH13s,14,-0.013333333333333336,0.0,0.0,565,1024,0.5517578125
01a0a594-d17f-7f32-a6dc-5cd1766b125b,s,A,QB20,13,5,UVH13s,15,0.0,0.0,0.0,544,1024,0.53125
01a0a594-d17f-7f32-a6dc-5cd1766b125b,s,A,QB20,13,5,UVH13s,16,0.013333333333333336,0.0,0.0,524,1024,0.51171875
01a0a594-d17f-7f32-a6dc-5cd1766b125b,s,A,QB20,13,5,UVH13s,17,0.026666666666666672,0.0,0.0,527,1024,0.5146484375
01a0a594-d17f-7f32-a6dc-5cd1766b125b,s,A,QB20,13,5,UVH13s,18,0.04000000000000001,0.0,0.0,539,1024,0.5263671875
01a0a594-d17f-7f32-a6dc-5cd1766b125b,s,A,QB20,13,5,UVH13s,19,0.053333333333333344,0.0,0.0,535,1024,0.5224609375
01a0a594-d17f-7f32-a6dc-5cd1766b125b,s,A,QB20,13,5,UVH13s,20,0.06666666666666665,0.0,0.0,528,1024,0.515625
01a0a594-d17f-7f32-a6dc-5cd1766b125b,s,A,QB20,13,5,UVH13s,21,0.08000000000000002,0.0,0.0,539,1024,0.5263671875
01a0a594-d17f-7f32-a6dc-5cd1766b125b,s,A,QB20,13,5,UVH13s,22,0.09333333333333332,0.0,0.0,564,1024,0.55078125
01a0a594-d17f-7f32-a6dc-5cd1766b125b,s,A,QB20,13,5,UVH13s,23,0.10666666666666669,0.0,0.0,543,1024,0.5302734375
01a0a594-d17f-7f32-a6dc-5cd1766b125b,s,A,QB20,13,5,UVH13s,24,0.12,0.0,0.0,496,1024,0.484375
01a0a594-d17f-7f32-a6dc-5cd1766b125b,s,A,QB20,13,5,UVH13s,25,0.13333333333333336,0.0,0.0,513,1024,0.5009765625
01a0a594-d17f-7f32-a6dc-5cd1766b125b,s,A,QB20,13,5,UVH13s,26,0.14666666666666667,0.0,0.0,552,1024,0.5390625
01a0a594-d17f-7f32-a6dc-5cd1766b125b,s,A,QB20,13,5,UVH13s,27,0.16000000000000003,0.0,0.0,534,1024,0.521484375
01a0a594-d17f-7f32-a6dc-5cd1766b125b,s,A,QB20,13,5,UVH13s,28,0.17333333333333334,0.0,0.0,540,1024,0.52734375
01a0a594-d17f-7f32-a6dc-5cd1766b125b,s,A,QB20,13,5,UVH13s,29,0.1866666666666667,0.0,0.0,551,1024,0.5380859375
01a0a594-d17f-7f32-a6dc-5cd1766b125b,s,A,QB20,13,5,UVH13s,30,0.2,0.0,0.0,515,1024,0.5029296875
01a0a594-d17f-7f32-a6dc-5cd1766b125b,s,A,QB13,14,0,standard_pi_2,0,-0.2,0.0,0.0,325,1024,0.3173828125
01a0a594-d17f-7f32-a6dc-5cd1766b125b,s,A,QB13,14,0,standard_pi_2,1,-0.18666666666666668,0.0,0.0,377,1024,0.3681640625
01a0a594-d17f-7f32-a6dc-5cd1766b125b,s,A,QB13,14,0,standard_pi_2,2,-0.17333333333333334,0.0,0.0,382,1024,0.373046875
01a0a594-d17f-7f32-a6dc-5cd1766b125b,s,A,QB13,14,0,standard_pi_2,3,-0.16,0.0,0.0,348,1024,0.33984375
01a0a594-d17f-7f32-a6dc-5cd1766b125b,s,A,QB13,14,0,standard_pi_2,4,-0.14666666666666667,0.0,0.0,362,1024,0.353515625
01a0a594-d17f-7f32-a6dc-5cd1766b125b,s,A,QB13,14,0,standard_pi_2,5,-0.13333333333333336,0.0,0.0,417,1024,0.4072265625
01a0a594-d17f-7f32-a6dc-5cd1766b125b,s,A,QB13,14,0,standard_pi_2,6,-0.12000000000000001,0.0,0.0,396,1024,0.38671875
01a0a594-d17f-7f32-a6dc-5cd1766b125b,s,A,QB13,14,0,standard_pi_2,7,-0.10666666666666667,0.0,0.0,439,1024,0.4287109375
01a0a594-d17f-7f32-a6dc-5cd1766b125b,s,A,QB13,14,0,standard_pi_2,8,-0.09333333333333334,0.0,0.0,416,1024,0.40625
01a0a594-d17f-7f32-a6dc-5cd1766b125b,s,A,QB13,14,0,standard_pi_2,9,-0.08,0.0,0.0,439,1024,0.4287109375
01a0a594-d17f-7f32-a6dc-5cd1766b125b,s,A,QB13,14,0,standard_pi_2,10,-0.06666666666666668,0.0,0.0,444,1024,0.43359375
01a0a594-d17f-7f32-a6dc-5cd1766b125b,s,A,QB13,14,0,standard_pi_2,11,-0.053333333333333344,0.0,0.0,455,1024,0.4443359375
01a0a594-d17f-7f32-a6dc-5cd1766b125b,s,A,QB13,14,0,standard_pi_2,12,-0.04000000000000001,0.0,0.0,477,1024,0.4658203125
01a0a594-d17f-7f32-a6dc-5cd1766b125b,s,A,QB13,14,0,standard_pi_2,13,-0.026666666666666672,0.0,0.0,470,1024,0.458984375
01a0a594-d17f-7f32-a6dc-5cd1766b125b,s,A,QB13,14,0,standard_pi_2,14,-0.013333333333333336,0.0,0.0,453,1024,0.4423828125
01a0a594-d17f-7f32-a6dc-5cd1766b125b,s,A,QB13,14,0,standard_pi_2,15,0.0,0.0,0.0,499,1024,0.4873046875
01a0a594-d17f-7f32-a6dc-5cd1766b125b,s,A,QB13,14,0,standard_pi_2,16,0.013333333333333336,0.0,0.0,488,1024,0.4765625
01a0a594-d17f-7f32-a6dc-5cd1766b125b,s,A,QB13,14,0,standard_pi_2,17,0.026666666666666672,0.0,0.0,524,1024,0.51171875
01a0a594-d17f-7f32-a6dc-5cd1766b125b,s,A,QB13,14,0,standard_pi_2,18,0.04000000000000001,0.0,0.0,534,1024,0.521484375
01a0a594-d17f-7f32-a6dc-5cd1766b125b,s,A,QB13,14,0,standard_pi_2,19,0.053333333333333344,0.0,0.0,532,1024,0.51953125
01a0a594-d17f-7f32-a6dc-5cd1766b125b,s,A,QB13,14,0,standard_pi_2,20,0.06666666666666665,0.0,0.0,537,1024,0.5244140625
01a0a594-d17f-7f32-a6dc-5cd1766b125b,s,A,QB13,14,0,standard_pi_2,21,0.08000000000000002,0.0,0.0,533,1024,0.5205078125
01a0a594-d17f-7f32-a6dc-5cd1766b125b,s,A,QB13,14,0,standard_pi_2,22,0.09333333333333332,0.0,0.0,556,1024,0.54296875
01a0a594-d17f-7f32-a6dc-5cd1766b125b,s,A,QB13,14,0,standard_pi_2,23,0.10666666666666669,0.0,0.0,546,1024,0.533203125
01a0a594-d17f-7f32-a6dc-5cd1766b125b,s,A,QB13,14,0,standard_pi_2,24,0.12,0.0,0.0,609,1024,0.5947265625
01a0a594-d17f-7f32-a6dc-5cd1766b125b,s,A,QB13,14,0,standard_pi_2,25,0.13333333333333336,0.0,0.0,608,1024,0.59375
01a0a594-d17f-7f32-a6dc-5cd1766b125b,s,A,QB13,14,0,standard_pi_2,26,0.14666666666666667,0.0,0.0,596,1024,0.58203125
01a0a594-d17f-7f32-a6dc-5cd1766b125b,s,A,QB13,14,0,standard_pi_2,27,0.16000000000000003,0.0,0.0,591,1024,0.5771484375
01a0a594-d17f-7f32-a6dc-5cd1766b125b,s,A,QB13,14,0,standard_pi_2,28,0.17333333333333334,0.0,0.0,608,1024,0.59375
01a0a594-d17f-7f32-a6dc-5cd1766b125b,s,A,QB13,14,0,standard_pi_2,29,0.1866666666666667,0.0,0.0,612,1024,0.59765625
01a0a594-d17f-7f32-a6dc-5cd1766b125b,s,A,QB13,14,0,standard_pi_2,30,0.2,0.0,0.0,670,1024,0.654296875
01a0a594-d17f-7f32-a6dc-5cd1766b125b,s,A,QB13,14,1,UVH5s,0,-0.2,0.0,0.0,498,1024,0.486328125
01a0a594-d17f-7f32-a6dc-5cd1766b125b,s,A,QB13,14,1,UVH5s,1,-0.18666666666666668,0.0,0.0,502,1024,0.490234375
01a0a594-d17f-7f32-a6dc-5cd1766b125b,s,A,QB13,14,1,UVH5s,2,-0.17333333333333334,0.0,0.0,528,1024,0.515625
01a0a594-d17f-7f32-a6dc-5cd1766b125b,s,A,QB13,14,1,UVH5s,3,-0.16,0.0,0.0,508,1024,0.49609375
01a0a594-d17f-7f32-a6dc-5cd1766b125b,s,A,QB13,14,1,UVH5s,4,-0.14666666666666667,0.0,0.0,526,1024,0.513671875
01a0a594-d17f-7f32-a6dc-5cd1766b125b,s,A,QB13,14,1,UVH5s,5,-0.13333333333333336,0.0,0.0,512,1024,0.5
01a0a594-d17f-7f32-a6dc-5cd1766b125b,s,A,QB13,14,1,UVH5s,6,-0.12000000000000001,0.0,0.0,492,1024,0.48046875
01a0a594-d17f-7f32-a6dc-5cd1766b125b,s,A,QB13,14,1,UVH5s,7,-0.10666666666666667,0.0,0.0,511,1024,0.4990234375
01a0a594-d17f-7f32-a6dc-5cd1766b125b,s,A,QB13,14,1,UVH5s,8,-0.09333333333333334,0.0,0.0,497,1024,0.4853515625
01a0a594-d17f-7f32-a6dc-5cd1766b125b,s,A,QB13,14,1,UVH5s,9,-0.08,0.0,0.0,516,1024,0.50390625
01a0a594-d17f-7f32-a6dc-5cd1766b125b,s,A,QB13,14,1,UVH5s,10,-0.06666666666666668,0.0,0.0,571,1024,0.5576171875
01a0a594-d17f-7f32-a6dc-5cd1766b125b,s,A,QB13,14,1,UVH5s,11,-0.053333333333333344,0.0,0.0,513,1024,0.5009765625
01a0a594-d17f-7f32-a6dc-5cd1766b125b,s,A,QB13,14,1,UVH5s,12,-0.04000000000000001,0.0,0.0,528,1024,0.515625
01a0a594-d17f-7f32-a6dc-5cd1766b125b,s,A,QB13,14,1,UVH5s,13,-0.026666666666666672,0.0,0.0,534,1024,0.521484375
01a0a594-d17f-7f32-a6dc-5cd1766b125b,s,A,QB13,14,1,UVH5s,14,-0.013333333333333336,0.0,0.0,546,1024,0.533203125
01a0a594-d17f-7f32-a6dc-5cd1766b125b,s,A,QB13,14,1,UVH5s,15,0.0,0.0,0.0,515,1024,0.5029296875
01a0a594-d17f-7f32-a6dc-5cd1766b125b,s,A,QB13,14,1,UVH5s,16,0.013333333333333336,0.0,0.0,543,1024,0.5302734375
01a0a594-d17f-7f32-a6dc-5cd1766b125b,s,A,QB13,14,1,UVH5s,17,0.026666666666666672,0.0,0.0,533,1024,0.5205078125
01a0a594-d17f-7f32-a6dc-5cd1766b125b,s,A,QB13,14,1,UVH5s,18,0.04000000000000001,0.0,0.0,522,1024,0.509765625
01a0a594-d17f-7f32-a6dc-5cd1766b125b,s,A,QB13,14,1,UVH5s,19,0.053333333333333344,0.0,0.0,466,1024,0.455078125
01a0a594-d17f-7f32-a6dc-5cd1766b125b,s,A,QB13,14,1,UVH5s,20,0.06666666666666665,0.0,0.0,488,1024,0.4765625
01a0a594-d17f-7f32-a6dc-5cd1766b125b,s,A,QB13,14,1,UVH5s,21,0.08000000000000002,0.0,0.0,537,1024,0.5244140625
01a0a594-d17f-7f32-a6dc-5cd1766b125b,s,A,QB13,14,1,UVH5s,22,0.09333333333333332,0.0,0.0,507,1024,0.4951171875
01a0a594-d17f-7f32-a6dc-5cd1766b125b,s,A,QB13,14,1,UVH5s,23,0.10666666666666669,0.0,0.0,535,1024,0.5224609375
01a0a594-d17f-7f32-a6dc-5cd1766b125b,s,A,QB13,14,1,UVH5s,24,0.12,0.0,0.0,517,1024,0.5048828125
01a0a594-d17f-7f32-a6dc-5cd1766b125b,s,A,QB13,14,1,UVH5s,25,0.13333333333333336,0.0,0.0,491,1024,0.4794921875
01a0a594-d17f-7f32-a6dc-5cd1766b125b,s,A,QB13,14,1,UVH5s,26,0.14666666666666667,0.0,0.0,534,1024,0.521484375
01a0a594-d17f-7f32-a6dc-5cd1766b125b,s,A,QB13,14,1,UVH5s,27,0.16000000000000003,0.0,0.0,535,1024,0.5224609375
01a0a594-d17f-7f32-a6dc-5cd1766b125b,s,A,QB13,14,1,UVH5s,28,0.17333333333333334,0.0,0.0,518,1024,0.505859375
01a0a594-d17f-7f32-a6dc-5cd1766b125b,s,A,QB13,14,1,UVH5s,29,0.1866666666666667,0.0,0.0,527,1024,0.5146484375
01a0a594-d17f-7f32-a6dc-5cd1766b125b,s,A,QB13,14,1,UVH5s,30,0.2,0.0,0.0,493,1024,0.4814453125
01a0a594-d17f-7f32-a6dc-5cd1766b125b,s,A,QB13,14,2,UVH7s,0,-0.2,0.0,0.0,544,1024,0.53125
01a0a594-d17f-7f32-a6dc-5cd1766b125b,s,A,QB13,14,2,UVH7s,1,-0.18666666666666668,0.0,0.0,542,1024,0.529296875
01a0a594-d17f-7f32-a6dc-5cd1766b125b,s,A,QB13,14,2,UVH7s,2,-0.17333333333333334,0.0,0.0,533,1024,0.5205078125
01a0a594-d17f-7f32-a6dc-5cd1766b125b,s,A,QB13,14,2,UVH7s,3,-0.16,0.0,0.0,552,1024,0.5390625
01a0a594-d17f-7f32-a6dc-5cd1766b125b,s,A,QB13,14,2,UVH7s,4,-0.14666666666666667,0.0,0.0,535,1024,0.5224609375
01a0a594-d17f-7f32-a6dc-5cd1766b125b,s,A,QB13,14,2,UVH7s,5,-0.13333333333333336,0.0,0.0,524,1024,0.51171875
01a0a594-d17f-7f32-a6dc-5cd1766b125b,s,A,QB13,14,2,UVH7s,6,-0.12000000000000001,0.0,0.0,515,1024,0.5029296875
01a0a594-d17f-7f32-a6dc-5cd1766b125b,s,A,QB13,14,2,UVH7s,7,-0.10666666666666667,0.0,0.0,539,1024,0.5263671875
01a0a594-d17f-7f32-a6dc-5cd1766b125b,s,A,QB13,14,2,UVH7s,8,-0.09333333333333334,0.0,0.0,495,1024,0.4833984375
01a0a594-d17f-7f32-a6dc-5cd1766b125b,s,A,QB13,14,2,UVH7s,9,-0.08,0.0,0.0,492,1024,0.48046875
01a0a594-d17f-7f32-a6dc-5cd1766b125b,s,A,QB13,14,2,UVH7s,10,-0.06666666666666668,0.0,0.0,455,1024,0.4443359375
01a0a594-d17f-7f32-a6dc-5cd1766b125b,s,A,QB13,14,2,UVH7s,11,-0.053333333333333344,0.0,0.0,495,1024,0.4833984375
01a0a594-d17f-7f32-a6dc-5cd1766b125b,s,A,QB13,14,2,UVH7s,12,-0.04000000000000001,0.0,0.0,498,1024,0.486328125
01a0a594-d17f-7f32-a6dc-5cd1766b125b,s,A,QB13,14,2,UVH7s,13,-0.026666666666666672,0.0,0.0,468,1024,0.45703125
01a0a594-d17f-7f32-a6dc-5cd1766b125b,s,A,QB13,14,2,UVH7s,14,-0.013333333333333336,0.0,0.0,509,1024,0.4970703125
01a0a594-d17f-7f32-a6dc-5cd1766b125b,s,A,QB13,14,2,UVH7s,15,0.0,0.0,0.0,475,1024,0.4638671875
01a0a594-d17f-7f32-a6dc-5cd1766b125b,s,A,QB13,14,2,UVH7s,16,0.013333333333333336,0.0,0.0,472,1024,0.4609375
01a0a594-d17f-7f32-a6dc-5cd1766b125b,s,A,QB13,14,2,UVH7s,17,0.026666666666666672,0.0,0.0,489,1024,0.4775390625
01a0a594-d17f-7f32-a6dc-5cd1766b125b,s,A,QB13,14,2,UVH7s,18,0.04000000000000001,0.0,0.0,474,1024,0.462890625
01a0a594-d17f-7f32-a6dc-5cd1766b125b,s,A,QB13,14,2,UVH7s,19,0.053333333333333344,0.0,0.0,495,1024,0.4833984375
01a0a594-d17f-7f32-a6dc-5cd1766b125b,s,A,QB13,14,2,UVH7s,20,0.06666666666666665,0.0,0.0,487,1024,0.4755859375
01a0a594-d17f-7f32-a6dc-5cd1766b125b,s,A,QB13,14,2,UVH7s,21,0.08000000000000002,0.0,0.0,461,1024,0.4501953125
01a0a594-d17f-7f32-a6dc-5cd1766b125b,s,A,QB13,14,2,UVH7s,22,0.09333333333333332,0.0,0.0,507,1024,0.4951171875
01a0a594-d17f-7f32-a6dc-5cd1766b125b,s,A,QB13,14,2,UVH7s,23,0.10666666666666669,0.0,0.0,472,1024,0.4609375
01a0a594-d17f-7f32-a6dc-5cd1766b125b,s,A,QB13,14,2,UVH7s,24,0.12,0.0,0.0,499,1024,0.4873046875
01a0a594-d17f-7f32-a6dc-5cd1766b125b,s,A,QB13,14,2,UVH7s,25,0.13333333333333336,0.0,0.0,492,1024,0.48046875
01a0a594-d17f-7f32-a6dc-5cd1766b125b,s,A,QB13,14,2,UVH7s,26,0.14666666666666667,0.0,0.0,486,1024,0.474609375
01a0a594-d17f-7f32-a6dc-5cd1766b125b,s,A,QB13,14,2,UVH7s,27,0.16000000000000003,0.0,0.0,487,1024,0.4755859375
01a0a594-d17f-7f32-a6dc-5cd1766b125b,s,A,QB13,14,2,UVH7s,28,0.17333333333333334,0.0,0.0,450,1024,0.439453125
01a0a594-d17f-7f32-a6dc-5cd1766b125b,s,A,QB13,14,2,UVH7s,29,0.1866666666666667,0.0,0.0,485,1024,0.4736328125
01a0a594-d17f-7f32-a6dc-5cd1766b125b,s,A,QB13,14,2,UVH7s,30,0.2,0.0,0.0,471,1024,0.4599609375
01a0a594-d17f-7f32-a6dc-5cd1766b125b,s,A,QB13,14,3,UVH9s,0,-0.2,0.0,0.0,542,1024,0.529296875
01a0a594-d17f-7f32-a6dc-5cd1766b125b,s,A,QB13,14,3,UVH9s,1,-0.18666666666666668,0.0,0.0,524,1024,0.51171875
01a0a594-d17f-7f32-a6dc-5cd1766b125b,s,A,QB13,14,3,UVH9s,2,-0.17333333333333334,0.0,0.0,541,1024,0.5283203125
01a0a594-d17f-7f32-a6dc-5cd1766b125b,s,A,QB13,14,3,UVH9s,3,-0.16,0.0,0.0,543,1024,0.5302734375
01a0a594-d17f-7f32-a6dc-5cd1766b125b,s,A,QB13,14,3,UVH9s,4,-0.14666666666666667,0.0,0.0,570,1024,0.556640625
01a0a594-d17f-7f32-a6dc-5cd1766b125b,s,A,QB13,14,3,UVH9s,5,-0.13333333333333336,0.0,0.0,547,1024,0.5341796875
01a0a594-d17f-7f32-a6dc-5cd1766b125b,s,A,QB13,14,3,UVH9s,6,-0.12000000000000001,0.0,0.0,533,1024,0.5205078125
01a0a594-d17f-7f32-a6dc-5cd1766b125b,s,A,QB13,14,3,UVH9s,7,-0.10666666666666667,0.0,0.0,518,1024,0.505859375
01a0a594-d17f-7f32-a6dc-5cd1766b125b,s,A,QB13,14,3,UVH9s,8,-0.09333333333333334,0.0,0.0,542,1024,0.529296875
01a0a594-d17f-7f32-a6dc-5cd1766b125b,s,A,QB13,14,3,UVH9s,9,-0.08,0.0,0.0,535,1024,0.5224609375
01a0a594-d17f-7f32-a6dc-5cd1766b125b,s,A,QB13,14,3,UVH9s,10,-0.06666666666666668,0.0,0.0,529,1024,0.5166015625
01a0a594-d17f-7f32-a6dc-5cd1766b125b,s,A,QB13,14,3,UVH9s,11,-0.053333333333333344,0.0,0.0,541,1024,0.5283203125
01a0a594-d17f-7f32-a6dc-5cd1766b125b,s,A,QB13,14,3,UVH9s,12,-0.04000000000000001,0.0,0.0,544,1024,0.53125
01a0a594-d17f-7f32-a6dc-5cd1766b125b,s,A,QB13,14,3,UVH9s,13,-0.026666666666666672,0.0,0.0,530,1024,0.517578125
01a0a594-d17f-7f32-a6dc-5cd1766b125b,s,A,QB13,14,3,UVH9s,14,-0.013333333333333336,0.0,0.0,496,1024,0.484375
01a0a594-d17f-7f32-a6dc-5cd1766b125b,s,A,QB13,14,3,UVH9s,15,0.0,0.0,0.0,532,1024,0.51953125
01a0a594-d17f-7f32-a6dc-5cd1766b125b,s,A,QB13,14,3,UVH9s,16,0.013333333333333336,0.0,0.0,516,1024,0.50390625
01a0a594-d17f-7f32-a6dc-5cd1766b125b,s,A,QB13,14,3,UVH9s,17,0.026666666666666672,0.0,0.0,536,1024,0.5234375
01a0a594-d17f-7f32-a6dc-5cd1766b125b,s,A,QB13,14,3,UVH9s,18,0.04000000000000001,0.0,0.0,537,1024,0.5244140625
01a0a594-d17f-7f32-a6dc-5cd1766b125b,s,A,QB13,14,3,UVH9s,19,0.053333333333333344,0.0,0.0,506,1024,0.494140625
01a0a594-d17f-7f32-a6dc-5cd1766b125b,s,A,QB13,14,3,UVH9s,20,0.06666666666666665,0.0,0.0,520,1024,0.5078125
01a0a594-d17f-7f32-a6dc-5cd1766b125b,s,A,QB13,14,3,UVH9s,21,0.08000000000000002,0.0,0.0,530,1024,0.517578125
01a0a594-d17f-7f32-a6dc-5cd1766b125b,s,A,QB13,14,3,UVH9s,22,0.09333333333333332,0.0,0.0,535,1024,0.5224609375
01a0a594-d17f-7f32-a6dc-5cd1766b125b,s,A,QB13,14,3,UVH9s,23,0.10666666666666669,0.0,0.0,515,1024,0.5029296875
01a0a594-d17f-7f32-a6dc-5cd1766b125b,s,A,QB13,14,3,UVH9s,24,0.12,0.0,0.0,539,1024,0.5263671875
01a0a594-d17f-7f32-a6dc-5cd1766b125b,s,A,QB13,14,3,UVH9s,25,0.13333333333333336,0.0,0.0,519,1024,0.5068359375
01a0a594-d17f-7f32-a6dc-5cd1766b125b,s,A,QB13,14,3,UVH9s,26,0.14666666666666667,0.0,0.0,520,1024,0.5078125
01a0a594-d17f-7f32-a6dc-5cd1766b125b,s,A,QB13,14,3,UVH9s,27,0.16000000000000003,0.0,0.0,538,1024,0.525390625
01a0a594-d17f-7f32-a6dc-5cd1766b125b,s,A,QB13,14,3,UVH9s,28,0.17333333333333334,0.0,0.0,509,1024,0.4970703125
01a0a594-d17f-7f32-a6dc-5cd1766b125b,s,A,QB13,14,3,UVH9s,29,0.1866666666666667,0.0,0.0,529,1024,0.5166015625
01a0a594-d17f-7f32-a6dc-5cd1766b125b,s,A,QB13,14,3,UVH9s,30,0.2,0.0,0.0,512,1024,0.5
01a0a594-d17f-7f32-a6dc-5cd1766b125b,s,A,QB13,14,4,UVH11s,0,-0.2,0.0,0.0,603,1024,0.5888671875
01a0a594-d17f-7f32-a6dc-5cd1766b125b,s,A,QB13,14,4,UVH11s,1,-0.18666666666666668,0.0,0.0,552,1024,0.5390625
01a0a594-d17f-7f32-a6dc-5cd1766b125b,s,A,QB13,14,4,UVH11s,2,-0.17333333333333334,0.0,0.0,551,1024,0.5380859375
01a0a594-d17f-7f32-a6dc-5cd1766b125b,s,A,QB13,14,4,UVH11s,3,-0.16,0.0,0.0,536,1024,0.5234375
01a0a594-d17f-7f32-a6dc-5cd1766b125b,s,A,QB13,14,4,UVH11s,4,-0.14666666666666667,0.0,0.0,520,1024,0.5078125
01a0a594-d17f-7f32-a6dc-5cd1766b125b,s,A,QB13,14,4,UVH11s,5,-0.13333333333333336,0.0,0.0,530,1024,0.517578125
01a0a594-d17f-7f32-a6dc-5cd1766b125b,s,A,QB13,14,4,UVH11s,6,-0.12000000000000001,0.0,0.0,542,1024,0.529296875
01a0a594-d17f-7f32-a6dc-5cd1766b125b,s,A,QB13,14,4,UVH11s,7,-0.10666666666666667,0.0,0.0,511,1024,0.4990234375
01a0a594-d17f-7f32-a6dc-5cd1766b125b,s,A,QB13,14,4,UVH11s,8,-0.09333333333333334,0.0,0.0,527,1024,0.5146484375
01a0a594-d17f-7f32-a6dc-5cd1766b125b,s,A,QB13,14,4,UVH11s,9,-0.08,0.0,0.0,534,1024,0.521484375
01a0a594-d17f-7f32-a6dc-5cd1766b125b,s,A,QB13,14,4,UVH11s,10,-0.06666666666666668,0.0,0.0,513,1024,0.5009765625
01a0a594-d17f-7f32-a6dc-5cd1766b125b,s,A,QB13,14,4,UVH11s,11,-0.053333333333333344,0.0,0.0,492,1024,0.48046875
01a0a594-d17f-7f32-a6dc-5cd1766b125b,s,A,QB13,14,4,UVH11s,12,-0.04000000000000001,0.0,0.0,494,1024,0.482421875
01a0a594-d17f-7f32-a6dc-5cd1766b125b,s,A,QB13,14,4,UVH11s,13,-0.026666666666666672,0.0,0.0,483,1024,0.4716796875
01a0a594-d17f-7f32-a6dc-5cd1766b125b,s,A,QB13,14,4,UVH11s,14,-0.013333333333333336,0.0,0.0,489,1024,0.4775390625
01a0a594-d17f-7f32-a6dc-5cd1766b125b,s,A,QB13,14,4,UVH11s,15,0.0,0.0,0.0,498,1024,0.486328125
01a0a594-d17f-7f32-a6dc-5cd1766b125b,s,A,QB13,14,4,UVH11s,16,0.013333333333333336,0.0,0.0,503,1024,0.4912109375
01a0a594-d17f-7f32-a6dc-5cd1766b125b,s,A,QB13,14,4,UVH11s,17,0.026666666666666672,0.0,0.0,486,1024,0.474609375
01a0a594-d17f-7f32-a6dc-5cd1766b125b,s,A,QB13,14,4,UVH11s,18,0.04000000000000001,0.0,0.0,485,1024,0.4736328125
01a0a594-d17f-7f32-a6dc-5cd1766b125b,s,A,QB13,14,4,UVH11s,19,0.053333333333333344,0.0,0.0,498,1024,0.486328125
01a0a594-d17f-7f32-a6dc-5cd1766b125b,s,A,QB13,14,4,UVH11s,20,0.06666666666666665,0.0,0.0,464,1024,0.453125
01a0a594-d17f-7f32-a6dc-5cd1766b125b,s,A,QB13,14,4,UVH11s,21,0.08000000000000002,0.0,0.0,475,1024,0.4638671875
01a0a594-d17f-7f32-a6dc-5cd1766b125b,s,A,QB13,14,4,UVH11s,22,0.09333333333333332,0.0,0.0,477,1024,0.4658203125
01a0a594-d17f-7f32-a6dc-5cd1766b125b,s,A,QB13,14,4,UVH11s,23,0.10666666666666669,0.0,0.0,437,1024,0.4267578125
01a0a594-d17f-7f32-a6dc-5cd1766b125b,s,A,QB13,14,4,UVH11s,24,0.12,0.0,0.0,460,1024,0.44921875
01a0a594-d17f-7f32-a6dc-5cd1766b125b,s,A,QB13,14,4,UVH11s,25,0.13333333333333336,0.0,0.0,437,1024,0.4267578125
01a0a594-d17f-7f32-a6dc-5cd1766b125b,s,A,QB13,14,4,UVH11s,26,0.14666666666666667,0.0,0.0,436,1024,0.42578125
01a0a594-d17f-7f32-a6dc-5cd1766b125b,s,A,QB13,14,4,UVH11s,27,0.16000000000000003,0.0,0.0,448,1024,0.4375
01a0a594-d17f-7f32-a6dc-5cd1766b125b,s,A,QB13,14,4,UVH11s,28,0.17333333333333334,0.0,0.0,407,1024,0.3974609375
01a0a594-d17f-7f32-a6dc-5cd1766b125b,s,A,QB13,14,4,UVH11s,29,0.1866666666666667,0.0,0.0,429,1024,0.4189453125
01a0a594-d17f-7f32-a6dc-5cd1766b125b,s,A,QB13,14,4,UVH11s,30,0.2,0.0,0.0,456,1024,0.4453125
01a0a594-d17f-7f32-a6dc-5cd1766b125b,s,A,QB13,14,5,UVH13s,0,-0.2,0.0,0.0,570,1024,0.556640625
01a0a594-d17f-7f32-a6dc-5cd1766b125b,s,A,QB13,14,5,UVH13s,1,-0.18666666666666668,0.0,0.0,507,1024,0.4951171875
01a0a594-d17f-7f32-a6dc-5cd1766b125b,s,A,QB13,14,5,UVH13s,2,-0.17333333333333334,0.0,0.0,541,1024,0.5283203125
01a0a594-d17f-7f32-a6dc-5cd1766b125b,s,A,QB13,14,5,UVH13s,3,-0.16,0.0,0.0,558,1024,0.544921875
01a0a594-d17f-7f32-a6dc-5cd1766b125b,s,A,QB13,14,5,UVH13s,4,-0.14666666666666667,0.0,0.0,571,1024,0.5576171875
01a0a594-d17f-7f32-a6dc-5cd1766b125b,s,A,QB13,14,5,UVH13s,5,-0.13333333333333336,0.0,0.0,556,1024,0.54296875
01a0a594-d17f-7f32-a6dc-5cd1766b125b,s,A,QB13,14,5,UVH13s,6,-0.12000000000000001,0.0,0.0,559,1024,0.5458984375
01a0a594-d17f-7f32-a6dc-5cd1766b125b,s,A,QB13,14,5,UVH13s,7,-0.10666666666666667,0.0,0.0,576,1024,0.5625
01a0a594-d17f-7f32-a6dc-5cd1766b125b,s,A,QB13,14,5,UVH13s,8,-0.09333333333333334,0.0,0.0,554,1024,0.541015625
01a0a594-d17f-7f32-a6dc-5cd1766b125b,s,A,QB13,14,5,UVH13s,9,-0.08,0.0,0.0,540,1024,0.52734375
01a0a594-d17f-7f32-a6dc-5cd1766b125b,s,A,QB13,14,5,UVH13s,10,-0.06666666666666668,0.0,0.0,567,1024,0.5537109375
01a0a594-d17f-7f32-a6dc-5cd1766b125b,s,A,QB13,14,5,UVH13s,11,-0.053333333333333344,0.0,0.0,555,1024,0.5419921875
01a0a594-d17f-7f32-a6dc-5cd1766b125b,s,A,QB13,14,5,UVH13s,12,-0.04000000000000001,0.0,0.0,560,1024,0.546875
01a0a594-d17f-7f32-a6dc-5cd1766b125b,s,A,QB13,14,5,UVH13s,13,-0.026666666666666672,0.0,0.0,549,1024,0.5361328125
01a0a594-d17f-7f32-a6dc-5cd1766b125b,s,A,QB13,14,5,UVH13s,14,-0.013333333333333336,0.0,0.0,567,1024,0.5537109375
01a0a594-d17f-7f32-a6dc-5cd1766b125b,s,A,QB13,14,5,UVH13s,15,0.0,0.0,0.0,574,1024,0.560546875
01a0a594-d17f-7f32-a6dc-5cd1766b125b,s,A,QB13,14,5,UVH13s,16,0.013333333333333336,0.0,0.0,582,1024,0.568359375
01a0a594-d17f-7f32-a6dc-5cd1766b125b,s,A,QB13,14,5,UVH13s,17,0.026666666666666672,0.0,0.0,572,1024,0.55859375
01a0a594-d17f-7f32-a6dc-5cd1766b125b,s,A,QB13,14,5,UVH13s,18,0.04000000000000001,0.0,0.0,582,1024,0.568359375
01a0a594-d17f-7f32-a6dc-5cd1766b125b,s,A,QB13,14,5,UVH13s,19,0.053333333333333344,0.0,0.0,551,1024,0.5380859375
01a0a594-d17f-7f32-a6dc-5cd1766b125b,s,A,QB13,14,5,UVH13s,20,0.06666666666666665,0.0,0.0,558,1024,0.544921875
01a0a594-d17f-7f32-a6dc-5cd1766b125b,s,A,QB13,14,5,UVH13s,21,0.08000000000000002,0.0,0.0,588,1024,0.57421875
01a0a594-d17f-7f32-a6dc-5cd1766b125b,s,A,QB13,14,5,UVH13s,22,0.09333333333333332,0.0,0.0,561,1024,0.5478515625
01a0a594-d17f-7f32-a6dc-5cd1766b125b,s,A,QB13,14,5,UVH13s,23,0.10666666666666669,0.0,0.0,555,1024,0.5419921875
01a0a594-d17f-7f32-a6dc-5cd1766b125b,s,A,QB13,14,5,UVH13s,24,0.12,0.0,0.0,579,1024,0.5654296875
01a0a594-d17f-7f32-a6dc-5cd1766b125b,s,A,QB13,14,5,UVH13s,25,0.13333333333333336,0.0,0.0,574,1024,0.560546875
01a0a594-d17f-7f32-a6dc-5cd1766b125b,s,A,QB13,14,5,UVH13s,26,0.14666666666666667,0.0,0.0,594,1024,0.580078125
01a0a594-d17f-7f32-a6dc-5cd1766b125b,s,A,QB13,14,5,UVH13s,27,0.16000000000000003,0.0,0.0,572,1024,0.55859375
01a0a594-d17f-7f32-a6dc-5cd1766b125b,s,A,QB13,14,5,UVH13s,28,0.17333333333333334,0.0,0.0,551,1024,0.5380859375
01a0a594-d17f-7f32-a6dc-5cd1766b125b,s,A,QB13,14,5,UVH13s,29,0.1866666666666667,0.0,0.0,580,1024,0.56640625
01a0a594-d17f-7f32-a6dc-5cd1766b125b,s,A,QB13,14,5,UVH13s,30,0.2,0.0,0.0,550,1024,0.537109375
01a0a594-d17f-7f32-a6dc-5cd1766b125b,s,A,QB17,15,0,standard_pi_2,0,-0.2,0.0,0.0,357,1024,0.3486328125
01a0a594-d17f-7f32-a6dc-5cd1766b125b,s,A,QB17,15,0,standard_pi_2,1,-0.18666666666666668,0.0,0.0,402,1024,0.392578125
01a0a594-d17f-7f32-a6dc-5cd1766b125b,s,A,QB17,15,0,standard_pi_2,2,-0.17333333333333334,0.0,0.0,375,1024,0.3662109375
01a0a594-d17f-7f32-a6dc-5cd1766b125b,s,A,QB17,15,0,standard_pi_2,3,-0.16,0.0,0.0,414,1024,0.404296875
01a0a594-d17f-7f32-a6dc-5cd1766b125b,s,A,QB17,15,0,standard_pi_2,4,-0.14666666666666667,0.0,0.0,409,1024,0.3994140625
01a0a594-d17f-7f32-a6dc-5cd1766b125b,s,A,QB17,15,0,standard_pi_2,5,-0.13333333333333336,0.0,0.0,426,1024,0.416015625
01a0a594-d17f-7f32-a6dc-5cd1766b125b,s,A,QB17,15,0,standard_pi_2,6,-0.12000000000000001,0.0,0.0,417,1024,0.4072265625
01a0a594-d17f-7f32-a6dc-5cd1766b125b,s,A,QB17,15,0,standard_pi_2,7,-0.10666666666666667,0.0,0.0,458,1024,0.447265625
01a0a594-d17f-7f32-a6dc-5cd1766b125b,s,A,QB17,15,0,standard_pi_2,8,-0.09333333333333334,0.0,0.0,448,1024,0.4375
01a0a594-d17f-7f32-a6dc-5cd1766b125b,s,A,QB17,15,0,standard_pi_2,9,-0.08,0.0,0.0,447,1024,0.4365234375
01a0a594-d17f-7f32-a6dc-5cd1766b125b,s,A,QB17,15,0,standard_pi_2,10,-0.06666666666666668,0.0,0.0,452,1024,0.44140625
01a0a594-d17f-7f32-a6dc-5cd1766b125b,s,A,QB17,15,0,standard_pi_2,11,-0.053333333333333344,0.0,0.0,447,1024,0.4365234375
01a0a594-d17f-7f32-a6dc-5cd1766b125b,s,A,QB17,15,0,standard_pi_2,12,-0.04000000000000001,0.0,0.0,492,1024,0.48046875
01a0a594-d17f-7f32-a6dc-5cd1766b125b,s,A,QB17,15,0,standard_pi_2,13,-0.026666666666666672,0.0,0.0,517,1024,0.5048828125
01a0a594-d17f-7f32-a6dc-5cd1766b125b,s,A,QB17,15,0,standard_pi_2,14,-0.013333333333333336,0.0,0.0,513,1024,0.5009765625
01a0a594-d17f-7f32-a6dc-5cd1766b125b,s,A,QB17,15,0,standard_pi_2,15,0.0,0.0,0.0,530,1024,0.517578125
01a0a594-d17f-7f32-a6dc-5cd1766b125b,s,A,QB17,15,0,standard_pi_2,16,0.013333333333333336,0.0,0.0,553,1024,0.5400390625
01a0a594-d17f-7f32-a6dc-5cd1766b125b,s,A,QB17,15,0,standard_pi_2,17,0.026666666666666672,0.0,0.0,544,1024,0.53125
01a0a594-d17f-7f32-a6dc-5cd1766b125b,s,A,QB17,15,0,standard_pi_2,18,0.04000000000000001,0.0,0.0,563,1024,0.5498046875
01a0a594-d17f-7f32-a6dc-5cd1766b125b,s,A,QB17,15,0,standard_pi_2,19,0.053333333333333344,0.0,0.0,542,1024,0.529296875
01a0a594-d17f-7f32-a6dc-5cd1766b125b,s,A,QB17,15,0,standard_pi_2,20,0.06666666666666665,0.0,0.0,570,1024,0.556640625
01a0a594-d17f-7f32-a6dc-5cd1766b125b,s,A,QB17,15,0,standard_pi_2,21,0.08000000000000002,0.0,0.0,613,1024,0.5986328125
01a0a594-d17f-7f32-a6dc-5cd1766b125b,s,A,QB17,15,0,standard_pi_2,22,0.09333333333333332,0.0,0.0,585,1024,0.5712890625
01a0a594-d17f-7f32-a6dc-5cd1766b125b,s,A,QB17,15,0,standard_pi_2,23,0.10666666666666669,0.0,0.0,615,1024,0.6005859375
01a0a594-d17f-7f32-a6dc-5cd1766b125b,s,A,QB17,15,0,standard_pi_2,24,0.12,0.0,0.0,613,1024,0.5986328125
01a0a594-d17f-7f32-a6dc-5cd1766b125b,s,A,QB17,15,0,standard_pi_2,25,0.13333333333333336,0.0,0.0,646,1024,0.630859375
01a0a594-d17f-7f32-a6dc-5cd1766b125b,s,A,QB17,15,0,standard_pi_2,26,0.14666666666666667,0.0,0.0,631,1024,0.6162109375
01a0a594-d17f-7f32-a6dc-5cd1766b125b,s,A,QB17,15,0,standard_pi_2,27,0.16000000000000003,0.0,0.0,640,1024,0.625
01a0a594-d17f-7f32-a6dc-5cd1766b125b,s,A,QB17,15,0,standard_pi_2,28,0.17333333333333334,0.0,0.0,636,1024,0.62109375
01a0a594-d17f-7f32-a6dc-5cd1766b125b,s,A,QB17,15,0,standard_pi_2,29,0.1866666666666667,0.0,0.0,669,1024,0.6533203125
01a0a594-d17f-7f32-a6dc-5cd1766b125b,s,A,QB17,15,0,standard_pi_2,30,0.2,0.0,0.0,661,1024,0.6455078125
01a0a594-d17f-7f32-a6dc-5cd1766b125b,s,A,QB17,15,1,UVH5s,0,-0.2,0.0,0.0,458,1024,0.447265625
01a0a594-d17f-7f32-a6dc-5cd1766b125b,s,A,QB17,15,1,UVH5s,1,-0.18666666666666668,0.0,0.0,469,1024,0.4580078125
01a0a594-d17f-7f32-a6dc-5cd1766b125b,s,A,QB17,15,1,UVH5s,2,-0.17333333333333334,0.0,0.0,478,1024,0.466796875
01a0a594-d17f-7f32-a6dc-5cd1766b125b,s,A,QB17,15,1,UVH5s,3,-0.16,0.0,0.0,447,1024,0.4365234375
01a0a594-d17f-7f32-a6dc-5cd1766b125b,s,A,QB17,15,1,UVH5s,4,-0.14666666666666667,0.0,0.0,494,1024,0.482421875
01a0a594-d17f-7f32-a6dc-5cd1766b125b,s,A,QB17,15,1,UVH5s,5,-0.13333333333333336,0.0,0.0,485,1024,0.4736328125
01a0a594-d17f-7f32-a6dc-5cd1766b125b,s,A,QB17,15,1,UVH5s,6,-0.12000000000000001,0.0,0.0,485,1024,0.4736328125
01a0a594-d17f-7f32-a6dc-5cd1766b125b,s,A,QB17,15,1,UVH5s,7,-0.10666666666666667,0.0,0.0,460,1024,0.44921875
01a0a594-d17f-7f32-a6dc-5cd1766b125b,s,A,QB17,15,1,UVH5s,8,-0.09333333333333334,0.0,0.0,467,1024,0.4560546875
01a0a594-d17f-7f32-a6dc-5cd1766b125b,s,A,QB17,15,1,UVH5s,9,-0.08,0.0,0.0,472,1024,0.4609375
01a0a594-d17f-7f32-a6dc-5cd1766b125b,s,A,QB17,15,1,UVH5s,10,-0.06666666666666668,0.0,0.0,481,1024,0.4697265625
01a0a594-d17f-7f32-a6dc-5cd1766b125b,s,A,QB17,15,1,UVH5s,11,-0.053333333333333344,0.0,0.0,485,1024,0.4736328125
01a0a594-d17f-7f32-a6dc-5cd1766b125b,s,A,QB17,15,1,UVH5s,12,-0.04000000000000001,0.0,0.0,477,1024,0.4658203125
01a0a594-d17f-7f32-a6dc-5cd1766b125b,s,A,QB17,15,1,UVH5s,13,-0.026666666666666672,0.0,0.0,491,1024,0.4794921875
01a0a594-d17f-7f32-a6dc-5cd1766b125b,s,A,QB17,15,1,UVH5s,14,-0.013333333333333336,0.0,0.0,487,1024,0.4755859375
01a0a594-d17f-7f32-a6dc-5cd1766b125b,s,A,QB17,15,1,UVH5s,15,0.0,0.0,0.0,481,1024,0.4697265625
01a0a594-d17f-7f32-a6dc-5cd1766b125b,s,A,QB17,15,1,UVH5s,16,0.013333333333333336,0.0,0.0,470,1024,0.458984375
01a0a594-d17f-7f32-a6dc-5cd1766b125b,s,A,QB17,15,1,UVH5s,17,0.026666666666666672,0.0,0.0,461,1024,0.4501953125
01a0a594-d17f-7f32-a6dc-5cd1766b125b,s,A,QB17,15,1,UVH5s,18,0.04000000000000001,0.0,0.0,457,1024,0.4462890625
01a0a594-d17f-7f32-a6dc-5cd1766b125b,s,A,QB17,15,1,UVH5s,19,0.053333333333333344,0.0,0.0,459,1024,0.4482421875
01a0a594-d17f-7f32-a6dc-5cd1766b125b,s,A,QB17,15,1,UVH5s,20,0.06666666666666665,0.0,0.0,456,1024,0.4453125
01a0a594-d17f-7f32-a6dc-5cd1766b125b,s,A,QB17,15,1,UVH5s,21,0.08000000000000002,0.0,0.0,471,1024,0.4599609375
01a0a594-d17f-7f32-a6dc-5cd1766b125b,s,A,QB17,15,1,UVH5s,22,0.09333333333333332,0.0,0.0,450,1024,0.439453125
01a0a594-d17f-7f32-a6dc-5cd1766b125b,s,A,QB17,15,1,UVH5s,23,0.10666666666666669,0.0,0.0,452,1024,0.44140625
01a0a594-d17f-7f32-a6dc-5cd1766b125b,s,A,QB17,15,1,UVH5s,24,0.12,0.0,0.0,478,1024,0.466796875
01a0a594-d17f-7f32-a6dc-5cd1766b125b,s,A,QB17,15,1,UVH5s,25,0.13333333333333336,0.0,0.0,492,1024,0.48046875
01a0a594-d17f-7f32-a6dc-5cd1766b125b,s,A,QB17,15,1,UVH5s,26,0.14666666666666667,0.0,0.0,510,1024,0.498046875
01a0a594-d17f-7f32-a6dc-5cd1766b125b,s,A,QB17,15,1,UVH5s,27,0.16000000000000003,0.0,0.0,494,1024,0.482421875
01a0a594-d17f-7f32-a6dc-5cd1766b125b,s,A,QB17,15,1,UVH5s,28,0.17333333333333334,0.0,0.0,460,1024,0.44921875
01a0a594-d17f-7f32-a6dc-5cd1766b125b,s,A,QB17,15,1,UVH5s,29,0.1866666666666667,0.0,0.0,449,1024,0.4384765625
01a0a594-d17f-7f32-a6dc-5cd1766b125b,s,A,QB17,15,1,UVH5s,30,0.2,0.0,0.0,473,1024,0.4619140625
01a0a594-d17f-7f32-a6dc-5cd1766b125b,s,A,QB17,15,2,UVH7s,0,-0.2,0.0,0.0,525,1024,0.5126953125
01a0a594-d17f-7f32-a6dc-5cd1766b125b,s,A,QB17,15,2,UVH7s,1,-0.18666666666666668,0.0,0.0,503,1024,0.4912109375
01a0a594-d17f-7f32-a6dc-5cd1766b125b,s,A,QB17,15,2,UVH7s,2,-0.17333333333333334,0.0,0.0,490,1024,0.478515625
01a0a594-d17f-7f32-a6dc-5cd1766b125b,s,A,QB17,15,2,UVH7s,3,-0.16,0.0,0.0,507,1024,0.4951171875
01a0a594-d17f-7f32-a6dc-5cd1766b125b,s,A,QB17,15,2,UVH7s,4,-0.14666666666666667,0.0,0.0,484,1024,0.47265625
01a0a594-d17f-7f32-a6dc-5cd1766b125b,s,A,QB17,15,2,UVH7s,5,-0.13333333333333336,0.0,0.0,469,1024,0.4580078125
01a0a594-d17f-7f32-a6dc-5cd1766b125b,s,A,QB17,15,2,UVH7s,6,-0.12000000000000001,0.0,0.0,496,1024,0.484375
01a0a594-d17f-7f32-a6dc-5cd1766b125b,s,A,QB17,15,2,UVH7s,7,-0.10666666666666667,0.0,0.0,470,1024,0.458984375
01a0a594-d17f-7f32-a6dc-5cd1766b125b,s,A,QB17,15,2,UVH7s,8,-0.09333333333333334,0.0,0.0,452,1024,0.44140625
01a0a594-d17f-7f32-a6dc-5cd1766b125b,s,A,QB17,15,2,UVH7s,9,-0.08,0.0,0.0,521,1024,0.5087890625
01a0a594-d17f-7f32-a6dc-5cd1766b125b,s,A,QB17,15,2,UVH7s,10,-0.06666666666666668,0.0,0.0,495,1024,0.4833984375
01a0a594-d17f-7f32-a6dc-5cd1766b125b,s,A,QB17,15,2,UVH7s,11,-0.053333333333333344,0.0,0.0,456,1024,0.4453125
01a0a594-d17f-7f32-a6dc-5cd1766b125b,s,A,QB17,15,2,UVH7s,12,-0.04000000000000001,0.0,0.0,428,1024,0.41796875
01a0a594-d17f-7f32-a6dc-5cd1766b125b,s,A,QB17,15,2,UVH7s,13,-0.026666666666666672,0.0,0.0,470,1024,0.458984375
01a0a594-d17f-7f32-a6dc-5cd1766b125b,s,A,QB17,15,2,UVH7s,14,-0.013333333333333336,0.0,0.0,465,1024,0.4541015625
01a0a594-d17f-7f32-a6dc-5cd1766b125b,s,A,QB17,15,2,UVH7s,15,0.0,0.0,0.0,496,1024,0.484375
01a0a594-d17f-7f32-a6dc-5cd1766b125b,s,A,QB17,15,2,UVH7s,16,0.013333333333333336,0.0,0.0,465,1024,0.4541015625
01a0a594-d17f-7f32-a6dc-5cd1766b125b,s,A,QB17,15,2,UVH7s,17,0.026666666666666672,0.0,0.0,482,1024,0.470703125
01a0a594-d17f-7f32-a6dc-5cd1766b125b,s,A,QB17,15,2,UVH7s,18,0.04000000000000001,0.0,0.0,461,1024,0.4501953125
01a0a594-d17f-7f32-a6dc-5cd1766b125b,s,A,QB17,15,2,UVH7s,19,0.053333333333333344,0.0,0.0,478,1024,0.466796875
01a0a594-d17f-7f32-a6dc-5cd1766b125b,s,A,QB17,15,2,UVH7s,20,0.06666666666666665,0.0,0.0,484,1024,0.47265625
01a0a594-d17f-7f32-a6dc-5cd1766b125b,s,A,QB17,15,2,UVH7s,21,0.08000000000000002,0.0,0.0,505,1024,0.4931640625
01a0a594-d17f-7f32-a6dc-5cd1766b125b,s,A,QB17,15,2,UVH7s,22,0.09333333333333332,0.0,0.0,460,1024,0.44921875
01a0a594-d17f-7f32-a6dc-5cd1766b125b,s,A,QB17,15,2,UVH7s,23,0.10666666666666669,0.0,0.0,459,1024,0.4482421875
01a0a594-d17f-7f32-a6dc-5cd1766b125b,s,A,QB17,15,2,UVH7s,24,0.12,0.0,0.0,491,1024,0.4794921875
01a0a594-d17f-7f32-a6dc-5cd1766b125b,s,A,QB17,15,2,UVH7s,25,0.13333333333333336,0.0,0.0,481,1024,0.4697265625
01a0a594-d17f-7f32-a6dc-5cd1766b125b,s,A,QB17,15,2,UVH7s,26,0.14666666666666667,0.0,0.0,480,1024,0.46875
01a0a594-d17f-7f32-a6dc-5cd1766b125b,s,A,QB17,15,2,UVH7s,27,0.16000000000000003,0.0,0.0,479,1024,0.4677734375
01a0a594-d17f-7f32-a6dc-5cd1766b125b,s,A,QB17,15,2,UVH7s,28,0.17333333333333334,0.0,0.0,467,1024,0.4560546875
01a0a594-d17f-7f32-a6dc-5cd1766b125b,s,A,QB17,15,2,UVH7s,29,0.1866666666666667,0.0,0.0,461,1024,0.4501953125
01a0a594-d17f-7f32-a6dc-5cd1766b125b,s,A,QB17,15,2,UVH7s,30,0.2,0.0,0.0,482,1024,0.470703125
01a0a594-d17f-7f32-a6dc-5cd1766b125b,s,A,QB17,15,3,UVH9s,0,-0.2,0.0,0.0,467,1024,0.4560546875
01a0a594-d17f-7f32-a6dc-5cd1766b125b,s,A,QB17,15,3,UVH9s,1,-0.18666666666666668,0.0,0.0,520,1024,0.5078125
01a0a594-d17f-7f32-a6dc-5cd1766b125b,s,A,QB17,15,3,UVH9s,2,-0.17333333333333334,0.0,0.0,492,1024,0.48046875
01a0a594-d17f-7f32-a6dc-5cd1766b125b,s,A,QB17,15,3,UVH9s,3,-0.16,0.0,0.0,469,1024,0.4580078125
01a0a594-d17f-7f32-a6dc-5cd1766b125b,s,A,QB17,15,3,UVH9s,4,-0.14666666666666667,0.0,0.0,477,1024,0.4658203125
01a0a594-d17f-7f32-a6dc-5cd1766b125b,s,A,QB17,15,3,UVH9s,5,-0.13333333333333336,0.0,0.0,507,1024,0.4951171875
01a0a594-d17f-7f32-a6dc-5cd1766b125b,s,A,QB17,15,3,UVH9s,6,-0.12000000000000001,0.0,0.0,502,1024,0.490234375
01a0a594-d17f-7f32-a6dc-5cd1766b125b,s,A,QB17,15,3,UVH9s,7,-0.10666666666666667,0.0,0.0,459,1024,0.4482421875
01a0a594-d17f-7f32-a6dc-5cd1766b125b,s,A,QB17,15,3,UVH9s,8,-0.09333333333333334,0.0,0.0,505,1024,0.4931640625
01a0a594-d17f-7f32-a6dc-5cd1766b125b,s,A,QB17,15,3,UVH9s,9,-0.08,0.0,0.0,501,1024,0.4892578125
01a0a594-d17f-7f32-a6dc-5cd1766b125b,s,A,QB17,15,3,UVH9s,10,-0.06666666666666668,0.0,0.0,463,1024,0.4521484375
01a0a594-d17f-7f32-a6dc-5cd1766b125b,s,A,QB17,15,3,UVH9s,11,-0.053333333333333344,0.0,0.0,468,1024,0.45703125
01a0a594-d17f-7f32-a6dc-5cd1766b125b,s,A,QB17,15,3,UVH9s,12,-0.04000000000000001,0.0,0.0,506,1024,0.494140625
01a0a594-d17f-7f32-a6dc-5cd1766b125b,s,A,QB17,15,3,UVH9s,13,-0.026666666666666672,0.0,0.0,508,1024,0.49609375
01a0a594-d17f-7f32-a6dc-5cd1766b125b,s,A,QB17,15,3,UVH9s,14,-0.013333333333333336,0.0,0.0,484,1024,0.47265625
01a0a594-d17f-7f32-a6dc-5cd1766b125b,s,A,QB17,15,3,UVH9s,15,0.0,0.0,0.0,492,1024,0.48046875
01a0a594-d17f-7f32-a6dc-5cd1766b125b,s,A,QB17,15,3,UVH9s,16,0.013333333333333336,0.0,0.0,500,1024,0.48828125
01a0a594-d17f-7f32-a6dc-5cd1766b125b,s,A,QB17,15,3,UVH9s,17,0.026666666666666672,0.0,0.0,504,1024,0.4921875
01a0a594-d17f-7f32-a6dc-5cd1766b125b,s,A,QB17,15,3,UVH9s,18,0.04000000000000001,0.0,0.0,478,1024,0.466796875
01a0a594-d17f-7f32-a6dc-5cd1766b125b,s,A,QB17,15,3,UVH9s,19,0.053333333333333344,0.0,0.0,507,1024,0.4951171875
01a0a594-d17f-7f32-a6dc-5cd1766b125b,s,A,QB17,15,3,UVH9s,20,0.06666666666666665,0.0,0.0,491,1024,0.4794921875
01a0a594-d17f-7f32-a6dc-5cd1766b125b,s,A,QB17,15,3,UVH9s,21,0.08000000000000002,0.0,0.0,505,1024,0.4931640625
01a0a594-d17f-7f32-a6dc-5cd1766b125b,s,A,QB17,15,3,UVH9s,22,0.09333333333333332,0.0,0.0,473,1024,0.4619140625
01a0a594-d17f-7f32-a6dc-5cd1766b125b,s,A,QB17,15,3,UVH9s,23,0.10666666666666669,0.0,0.0,519,1024,0.5068359375
01a0a594-d17f-7f32-a6dc-5cd1766b125b,s,A,QB17,15,3,UVH9s,24,0.12,0.0,0.0,494,1024,0.482421875
01a0a594-d17f-7f32-a6dc-5cd1766b125b,s,A,QB17,15,3,UVH9s,25,0.13333333333333336,0.0,0.0,507,1024,0.4951171875
01a0a594-d17f-7f32-a6dc-5cd1766b125b,s,A,QB17,15,3,UVH9s,26,0.14666666666666667,0.0,0.0,501,1024,0.4892578125
01a0a594-d17f-7f32-a6dc-5cd1766b125b,s,A,QB17,15,3,UVH9s,27,0.16000000000000003,0.0,0.0,493,1024,0.4814453125
01a0a594-d17f-7f32-a6dc-5cd1766b125b,s,A,QB17,15,3,UVH9s,28,0.17333333333333334,0.0,0.0,546,1024,0.533203125
01a0a594-d17f-7f32-a6dc-5cd1766b125b,s,A,QB17,15,3,UVH9s,29,0.1866666666666667,0.0,0.0,510,1024,0.498046875
01a0a594-d17f-7f32-a6dc-5cd1766b125b,s,A,QB17,15,3,UVH9s,30,0.2,0.0,0.0,492,1024,0.48046875
01a0a594-d17f-7f32-a6dc-5cd1766b125b,s,A,QB17,15,4,UVH11s,0,-0.2,0.0,0.0,560,1024,0.546875
01a0a594-d17f-7f32-a6dc-5cd1766b125b,s,A,QB17,15,4,UVH11s,1,-0.18666666666666668,0.0,0.0,546,1024,0.533203125
01a0a594-d17f-7f32-a6dc-5cd1766b125b,s,A,QB17,15,4,UVH11s,2,-0.17333333333333334,0.0,0.0,535,1024,0.5224609375
01a0a594-d17f-7f32-a6dc-5cd1766b125b,s,A,QB17,15,4,UVH11s,3,-0.16,0.0,0.0,534,1024,0.521484375
01a0a594-d17f-7f32-a6dc-5cd1766b125b,s,A,QB17,15,4,UVH11s,4,-0.14666666666666667,0.0,0.0,487,1024,0.4755859375
01a0a594-d17f-7f32-a6dc-5cd1766b125b,s,A,QB17,15,4,UVH11s,5,-0.13333333333333336,0.0,0.0,536,1024,0.5234375
01a0a594-d17f-7f32-a6dc-5cd1766b125b,s,A,QB17,15,4,UVH11s,6,-0.12000000000000001,0.0,0.0,508,1024,0.49609375
01a0a594-d17f-7f32-a6dc-5cd1766b125b,s,A,QB17,15,4,UVH11s,7,-0.10666666666666667,0.0,0.0,507,1024,0.4951171875
01a0a594-d17f-7f32-a6dc-5cd1766b125b,s,A,QB17,15,4,UVH11s,8,-0.09333333333333334,0.0,0.0,496,1024,0.484375
01a0a594-d17f-7f32-a6dc-5cd1766b125b,s,A,QB17,15,4,UVH11s,9,-0.08,0.0,0.0,516,1024,0.50390625
01a0a594-d17f-7f32-a6dc-5cd1766b125b,s,A,QB17,15,4,UVH11s,10,-0.06666666666666668,0.0,0.0,491,1024,0.4794921875
01a0a594-d17f-7f32-a6dc-5cd1766b125b,s,A,QB17,15,4,UVH11s,11,-0.053333333333333344,0.0,0.0,500,1024,0.48828125
01a0a594-d17f-7f32-a6dc-5cd1766b125b,s,A,QB17,15,4,UVH11s,12,-0.04000000000000001,0.0,0.0,443,1024,0.4326171875
01a0a594-d17f-7f32-a6dc-5cd1766b125b,s,A,QB17,15,4,UVH11s,13,-0.026666666666666672,0.0,0.0,494,1024,0.482421875
01a0a594-d17f-7f32-a6dc-5cd1766b125b,s,A,QB17,15,4,UVH11s,14,-0.013333333333333336,0.0,0.0,492,1024,0.48046875
01a0a594-d17f-7f32-a6dc-5cd1766b125b,s,A,QB17,15,4,UVH11s,15,0.0,0.0,0.0,486,1024,0.474609375
01a0a594-d17f-7f32-a6dc-5cd1766b125b,s,A,QB17,15,4,UVH11s,16,0.013333333333333336,0.0,0.0,485,1024,0.4736328125
01a0a594-d17f-7f32-a6dc-5cd1766b125b,s,A,QB17,15,4,UVH11s,17,0.026666666666666672,0.0,0.0,477,1024,0.4658203125
01a0a594-d17f-7f32-a6dc-5cd1766b125b,s,A,QB17,15,4,UVH11s,18,0.04000000000000001,0.0,0.0,493,1024,0.4814453125
01a0a594-d17f-7f32-a6dc-5cd1766b125b,s,A,QB17,15,4,UVH11s,19,0.053333333333333344,0.0,0.0,508,1024,0.49609375
01a0a594-d17f-7f32-a6dc-5cd1766b125b,s,A,QB17,15,4,UVH11s,20,0.06666666666666665,0.0,0.0,475,1024,0.4638671875
01a0a594-d17f-7f32-a6dc-5cd1766b125b,s,A,QB17,15,4,UVH11s,21,0.08000000000000002,0.0,0.0,496,1024,0.484375
01a0a594-d17f-7f32-a6dc-5cd1766b125b,s,A,QB17,15,4,UVH11s,22,0.09333333333333332,0.0,0.0,484,1024,0.47265625
01a0a594-d17f-7f32-a6dc-5cd1766b125b,s,A,QB17,15,4,UVH11s,23,0.10666666666666669,0.0,0.0,490,1024,0.478515625
01a0a594-d17f-7f32-a6dc-5cd1766b125b,s,A,QB17,15,4,UVH11s,24,0.12,0.0,0.0,472,1024,0.4609375
01a0a594-d17f-7f32-a6dc-5cd1766b125b,s,A,QB17,15,4,UVH11s,25,0.13333333333333336,0.0,0.0,461,1024,0.4501953125
01a0a594-d17f-7f32-a6dc-5cd1766b125b,s,A,QB17,15,4,UVH11s,26,0.14666666666666667,0.0,0.0,466,1024,0.455078125
01a0a594-d17f-7f32-a6dc-5cd1766b125b,s,A,QB17,15,4,UVH11s,27,0.16000000000000003,0.0,0.0,453,1024,0.4423828125
01a0a594-d17f-7f32-a6dc-5cd1766b125b,s,A,QB17,15,4,UVH11s,28,0.17333333333333334,0.0,0.0,513,1024,0.5009765625
01a0a594-d17f-7f32-a6dc-5cd1766b125b,s,A,QB17,15,4,UVH11s,29,0.1866666666666667,0.0,0.0,486,1024,0.474609375
01a0a594-d17f-7f32-a6dc-5cd1766b125b,s,A,QB17,15,4,UVH11s,30,0.2,0.0,0.0,504,1024,0.4921875
01a0a594-d17f-7f32-a6dc-5cd1766b125b,s,A,QB17,15,5,UVH13s,0,-0.2,0.0,0.0,449,1024,0.4384765625
01a0a594-d17f-7f32-a6dc-5cd1766b125b,s,A,QB17,15,5,UVH13s,1,-0.18666666666666668,0.0,0.0,482,1024,0.470703125
01a0a594-d17f-7f32-a6dc-5cd1766b125b,s,A,QB17,15,5,UVH13s,2,-0.17333333333333334,0.0,0.0,498,1024,0.486328125
01a0a594-d17f-7f32-a6dc-5cd1766b125b,s,A,QB17,15,5,UVH13s,3,-0.16,0.0,0.0,471,1024,0.4599609375
01a0a594-d17f-7f32-a6dc-5cd1766b125b,s,A,QB17,15,5,UVH13s,4,-0.14666666666666667,0.0,0.0,491,1024,0.4794921875
01a0a594-d17f-7f32-a6dc-5cd1766b125b,s,A,QB17,15,5,UVH13s,5,-0.13333333333333336,0.0,0.0,482,1024,0.470703125
01a0a594-d17f-7f32-a6dc-5cd1766b125b,s,A,QB17,15,5,UVH13s,6,-0.12000000000000001,0.0,0.0,479,1024,0.4677734375
01a0a594-d17f-7f32-a6dc-5cd1766b125b,s,A,QB17,15,5,UVH13s,7,-0.10666666666666667,0.0,0.0,457,1024,0.4462890625
01a0a594-d17f-7f32-a6dc-5cd1766b125b,s,A,QB17,15,5,UVH13s,8,-0.09333333333333334,0.0,0.0,465,1024,0.4541015625
01a0a594-d17f-7f32-a6dc-5cd1766b125b,s,A,QB17,15,5,UVH13s,9,-0.08,0.0,0.0,461,1024,0.4501953125
01a0a594-d17f-7f32-a6dc-5cd1766b125b,s,A,QB17,15,5,UVH13s,10,-0.06666666666666668,0.0,0.0,480,1024,0.46875
01a0a594-d17f-7f32-a6dc-5cd1766b125b,s,A,QB17,15,5,UVH13s,11,-0.053333333333333344,0.0,0.0,457,1024,0.4462890625
01a0a594-d17f-7f32-a6dc-5cd1766b125b,s,A,QB17,15,5,UVH13s,12,-0.04000000000000001,0.0,0.0,462,1024,0.451171875
01a0a594-d17f-7f32-a6dc-5cd1766b125b,s,A,QB17,15,5,UVH13s,13,-0.026666666666666672,0.0,0.0,486,1024,0.474609375
01a0a594-d17f-7f32-a6dc-5cd1766b125b,s,A,QB17,15,5,UVH13s,14,-0.013333333333333336,0.0,0.0,475,1024,0.4638671875
01a0a594-d17f-7f32-a6dc-5cd1766b125b,s,A,QB17,15,5,UVH13s,15,0.0,0.0,0.0,434,1024,0.423828125
01a0a594-d17f-7f32-a6dc-5cd1766b125b,s,A,QB17,15,5,UVH13s,16,0.013333333333333336,0.0,0.0,488,1024,0.4765625
01a0a594-d17f-7f32-a6dc-5cd1766b125b,s,A,QB17,15,5,UVH13s,17,0.026666666666666672,0.0,0.0,466,1024,0.455078125
01a0a594-d17f-7f32-a6dc-5cd1766b125b,s,A,QB17,15,5,UVH13s,18,0.04000000000000001,0.0,0.0,464,1024,0.453125
01a0a594-d17f-7f32-a6dc-5cd1766b125b,s,A,QB17,15,5,UVH13s,19,0.053333333333333344,0.0,0.0,454,1024,0.443359375
01a0a594-d17f-7f32-a6dc-5cd1766b125b,s,A,QB17,15,5,UVH13s,20,0.06666666666666665,0.0,0.0,474,1024,0.462890625
01a0a594-d17f-7f32-a6dc-5cd1766b125b,s,A,QB17,15,5,UVH13s,21,0.08000000000000002,0.0,0.0,481,1024,0.4697265625
01a0a594-d17f-7f32-a6dc-5cd1766b125b,s,A,QB17,15,5,UVH13s,22,0.09333333333333332,0.0,0.0,452,1024,0.44140625
01a0a594-d17f-7f32-a6dc-5cd1766b125b,s,A,QB17,15,5,UVH13s,23,0.10666666666666669,0.0,0.0,461,1024,0.4501953125
01a0a594-d17f-7f32-a6dc-5cd1766b125b,s,A,QB17,15,5,UVH13s,24,0.12,0.0,0.0,436,1024,0.42578125
01a0a594-d17f-7f32-a6dc-5cd1766b125b,s,A,QB17,15,5,UVH13s,25,0.13333333333333336,0.0,0.0,457,1024,0.4462890625
01a0a594-d17f-7f32-a6dc-5cd1766b125b,s,A,QB17,15,5,UVH13s,26,0.14666666666666667,0.0,0.0,439,1024,0.4287109375
01a0a594-d17f-7f32-a6dc-5cd1766b125b,s,A,QB17,15,5,UVH13s,27,0.16000000000000003,0.0,0.0,452,1024,0.44140625
01a0a594-d17f-7f32-a6dc-5cd1766b125b,s,A,QB17,15,5,UVH13s,28,0.17333333333333334,0.0,0.0,438,1024,0.427734375
01a0a594-d17f-7f32-a6dc-5cd1766b125b,s,A,QB17,15,5,UVH13s,29,0.1866666666666667,0.0,0.0,436,1024,0.42578125
01a0a594-d17f-7f32-a6dc-5cd1766b125b,s,A,QB17,15,5,UVH13s,30,0.2,0.0,0.0,449,1024,0.4384765625
01a0a594-d17f-7f32-a6dc-5cd1766b125b,s,A,QB3,16,0,standard_pi_2,0,-0.2,0.0,0.0,337,1024,0.3291015625
01a0a594-d17f-7f32-a6dc-5cd1766b125b,s,A,QB3,16,0,standard_pi_2,1,-0.18666666666666668,0.0,0.0,363,1024,0.3544921875
01a0a594-d17f-7f32-a6dc-5cd1766b125b,s,A,QB3,16,0,standard_pi_2,2,-0.17333333333333334,0.0,0.0,388,1024,0.37890625
01a0a594-d17f-7f32-a6dc-5cd1766b125b,s,A,QB3,16,0,standard_pi_2,3,-0.16,0.0,0.0,398,1024,0.388671875
01a0a594-d17f-7f32-a6dc-5cd1766b125b,s,A,QB3,16,0,standard_pi_2,4,-0.14666666666666667,0.0,0.0,401,1024,0.3916015625
01a0a594-d17f-7f32-a6dc-5cd1766b125b,s,A,QB3,16,0,standard_pi_2,5,-0.13333333333333336,0.0,0.0,415,1024,0.4052734375
01a0a594-d17f-7f32-a6dc-5cd1766b125b,s,A,QB3,16,0,standard_pi_2,6,-0.12000000000000001,0.0,0.0,412,1024,0.40234375
01a0a594-d17f-7f32-a6dc-5cd1766b125b,s,A,QB3,16,0,standard_pi_2,7,-0.10666666666666667,0.0,0.0,428,1024,0.41796875
01a0a594-d17f-7f32-a6dc-5cd1766b125b,s,A,QB3,16,0,standard_pi_2,8,-0.09333333333333334,0.0,0.0,453,1024,0.4423828125
01a0a594-d17f-7f32-a6dc-5cd1766b125b,s,A,QB3,16,0,standard_pi_2,9,-0.08,0.0,0.0,406,1024,0.396484375
01a0a594-d17f-7f32-a6dc-5cd1766b125b,s,A,QB3,16,0,standard_pi_2,10,-0.06666666666666668,0.0,0.0,496,1024,0.484375
01a0a594-d17f-7f32-a6dc-5cd1766b125b,s,A,QB3,16,0,standard_pi_2,11,-0.053333333333333344,0.0,0.0,452,1024,0.44140625
01a0a594-d17f-7f32-a6dc-5cd1766b125b,s,A,QB3,16,0,standard_pi_2,12,-0.04000000000000001,0.0,0.0,511,1024,0.4990234375
01a0a594-d17f-7f32-a6dc-5cd1766b125b,s,A,QB3,16,0,standard_pi_2,13,-0.026666666666666672,0.0,0.0,493,1024,0.4814453125
01a0a594-d17f-7f32-a6dc-5cd1766b125b,s,A,QB3,16,0,standard_pi_2,14,-0.013333333333333336,0.0,0.0,476,1024,0.46484375
01a0a594-d17f-7f32-a6dc-5cd1766b125b,s,A,QB3,16,0,standard_pi_2,15,0.0,0.0,0.0,503,1024,0.4912109375
01a0a594-d17f-7f32-a6dc-5cd1766b125b,s,A,QB3,16,0,standard_pi_2,16,0.013333333333333336,0.0,0.0,491,1024,0.4794921875
01a0a594-d17f-7f32-a6dc-5cd1766b125b,s,A,QB3,16,0,standard_pi_2,17,0.026666666666666672,0.0,0.0,511,1024,0.4990234375
01a0a594-d17f-7f32-a6dc-5cd1766b125b,s,A,QB3,16,0,standard_pi_2,18,0.04000000000000001,0.0,0.0,508,1024,0.49609375
01a0a594-d17f-7f32-a6dc-5cd1766b125b,s,A,QB3,16,0,standard_pi_2,19,0.053333333333333344,0.0,0.0,526,1024,0.513671875
01a0a594-d17f-7f32-a6dc-5cd1766b125b,s,A,QB3,16,0,standard_pi_2,20,0.06666666666666665,0.0,0.0,554,1024,0.541015625
01a0a594-d17f-7f32-a6dc-5cd1766b125b,s,A,QB3,16,0,standard_pi_2,21,0.08000000000000002,0.0,0.0,531,1024,0.5185546875
01a0a594-d17f-7f32-a6dc-5cd1766b125b,s,A,QB3,16,0,standard_pi_2,22,0.09333333333333332,0.0,0.0,571,1024,0.5576171875
01a0a594-d17f-7f32-a6dc-5cd1766b125b,s,A,QB3,16,0,standard_pi_2,23,0.10666666666666669,0.0,0.0,557,1024,0.5439453125
01a0a594-d17f-7f32-a6dc-5cd1766b125b,s,A,QB3,16,0,standard_pi_2,24,0.12,0.0,0.0,590,1024,0.576171875
01a0a594-d17f-7f32-a6dc-5cd1766b125b,s,A,QB3,16,0,standard_pi_2,25,0.13333333333333336,0.0,0.0,582,1024,0.568359375
01a0a594-d17f-7f32-a6dc-5cd1766b125b,s,A,QB3,16,0,standard_pi_2,26,0.14666666666666667,0.0,0.0,617,1024,0.6025390625
01a0a594-d17f-7f32-a6dc-5cd1766b125b,s,A,QB3,16,0,standard_pi_2,27,0.16000000000000003,0.0,0.0,644,1024,0.62890625
01a0a594-d17f-7f32-a6dc-5cd1766b125b,s,A,QB3,16,0,standard_pi_2,28,0.17333333333333334,0.0,0.0,612,1024,0.59765625
01a0a594-d17f-7f32-a6dc-5cd1766b125b,s,A,QB3,16,0,standard_pi_2,29,0.1866666666666667,0.0,0.0,645,1024,0.6298828125
01a0a594-d17f-7f32-a6dc-5cd1766b125b,s,A,QB3,16,0,standard_pi_2,30,0.2,0.0,0.0,646,1024,0.630859375
01a0a594-d17f-7f32-a6dc-5cd1766b125b,s,A,QB3,16,1,UVH5s,0,-0.2,0.0,0.0,447,1024,0.4365234375
01a0a594-d17f-7f32-a6dc-5cd1766b125b,s,A,QB3,16,1,UVH5s,1,-0.18666666666666668,0.0,0.0,463,1024,0.4521484375
01a0a594-d17f-7f32-a6dc-5cd1766b125b,s,A,QB3,16,1,UVH5s,2,-0.17333333333333334,0.0,0.0,496,1024,0.484375
01a0a594-d17f-7f32-a6dc-5cd1766b125b,s,A,QB3,16,1,UVH5s,3,-0.16,0.0,0.0,502,1024,0.490234375
01a0a594-d17f-7f32-a6dc-5cd1766b125b,s,A,QB3,16,1,UVH5s,4,-0.14666666666666667,0.0,0.0,486,1024,0.474609375
01a0a594-d17f-7f32-a6dc-5cd1766b125b,s,A,QB3,16,1,UVH5s,5,-0.13333333333333336,0.0,0.0,492,1024,0.48046875
01a0a594-d17f-7f32-a6dc-5cd1766b125b,s,A,QB3,16,1,UVH5s,6,-0.12000000000000001,0.0,0.0,488,1024,0.4765625
01a0a594-d17f-7f32-a6dc-5cd1766b125b,s,A,QB3,16,1,UVH5s,7,-0.10666666666666667,0.0,0.0,524,1024,0.51171875
01a0a594-d17f-7f32-a6dc-5cd1766b125b,s,A,QB3,16,1,UVH5s,8,-0.09333333333333334,0.0,0.0,479,1024,0.4677734375
01a0a594-d17f-7f32-a6dc-5cd1766b125b,s,A,QB3,16,1,UVH5s,9,-0.08,0.0,0.0,501,1024,0.4892578125
01a0a594-d17f-7f32-a6dc-5cd1766b125b,s,A,QB3,16,1,UVH5s,10,-0.06666666666666668,0.0,0.0,492,1024,0.48046875
01a0a594-d17f-7f32-a6dc-5cd1766b125b,s,A,QB3,16,1,UVH5s,11,-0.053333333333333344,0.0,0.0,508,1024,0.49609375
01a0a594-d17f-7f32-a6dc-5cd1766b125b,s,A,QB3,16,1,UVH5s,12,-0.04000000000000001,0.0,0.0,497,1024,0.4853515625
01a0a594-d17f-7f32-a6dc-5cd1766b125b,s,A,QB3,16,1,UVH5s,13,-0.026666666666666672,0.0,0.0,477,1024,0.4658203125
01a0a594-d17f-7f32-a6dc-5cd1766b125b,s,A,QB3,16,1,UVH5s,14,-0.013333333333333336,0.0,0.0,481,1024,0.4697265625
01a0a594-d17f-7f32-a6dc-5cd1766b125b,s,A,QB3,16,1,UVH5s,15,0.0,0.0,0.0,503,1024,0.4912109375
01a0a594-d17f-7f32-a6dc-5cd1766b125b,s,A,QB3,16,1,UVH5s,16,0.013333333333333336,0.0,0.0,467,1024,0.4560546875
01a0a594-d17f-7f32-a6dc-5cd1766b125b,s,A,QB3,16,1,UVH5s,17,0.026666666666666672,0.0,0.0,482,1024,0.470703125
01a0a594-d17f-7f32-a6dc-5cd1766b125b,s,A,QB3,16,1,UVH5s,18,0.04000000000000001,0.0,0.0,519,1024,0.5068359375
01a0a594-d17f-7f32-a6dc-5cd1766b125b,s,A,QB3,16,1,UVH5s,19,0.053333333333333344,0.0,0.0,521,1024,0.5087890625
01a0a594-d17f-7f32-a6dc-5cd1766b125b,s,A,QB3,16,1,UVH5s,20,0.06666666666666665,0.0,0.0,490,1024,0.478515625
01a0a594-d17f-7f32-a6dc-5cd1766b125b,s,A,QB3,16,1,UVH5s,21,0.08000000000000002,0.0,0.0,514,1024,0.501953125
01a0a594-d17f-7f32-a6dc-5cd1766b125b,s,A,QB3,16,1,UVH5s,22,0.09333333333333332,0.0,0.0,472,1024,0.4609375
01a0a594-d17f-7f32-a6dc-5cd1766b125b,s,A,QB3,16,1,UVH5s,23,0.10666666666666669,0.0,0.0,518,1024,0.505859375
01a0a594-d17f-7f32-a6dc-5cd1766b125b,s,A,QB3,16,1,UVH5s,24,0.12,0.0,0.0,480,1024,0.46875
01a0a594-d17f-7f32-a6dc-5cd1766b125b,s,A,QB3,16,1,UVH5s,25,0.13333333333333336,0.0,0.0,506,1024,0.494140625
01a0a594-d17f-7f32-a6dc-5cd1766b125b,s,A,QB3,16,1,UVH5s,26,0.14666666666666667,0.0,0.0,479,1024,0.4677734375
01a0a594-d17f-7f32-a6dc-5cd1766b125b,s,A,QB3,16,1,UVH5s,27,0.16000000000000003,0.0,0.0,494,1024,0.482421875
01a0a594-d17f-7f32-a6dc-5cd1766b125b,s,A,QB3,16,1,UVH5s,28,0.17333333333333334,0.0,0.0,502,1024,0.490234375
01a0a594-d17f-7f32-a6dc-5cd1766b125b,s,A,QB3,16,1,UVH5s,29,0.1866666666666667,0.0,0.0,496,1024,0.484375
01a0a594-d17f-7f32-a6dc-5cd1766b125b,s,A,QB3,16,1,UVH5s,30,0.2,0.0,0.0,527,1024,0.5146484375
01a0a594-d17f-7f32-a6dc-5cd1766b125b,s,A,QB3,16,2,UVH7s,0,-0.2,0.0,0.0,587,1024,0.5732421875
01a0a594-d17f-7f32-a6dc-5cd1766b125b,s,A,QB3,16,2,UVH7s,1,-0.18666666666666668,0.0,0.0,550,1024,0.537109375
01a0a594-d17f-7f32-a6dc-5cd1766b125b,s,A,QB3,16,2,UVH7s,2,-0.17333333333333334,0.0,0.0,561,1024,0.5478515625
01a0a594-d17f-7f32-a6dc-5cd1766b125b,s,A,QB3,16,2,UVH7s,3,-0.16,0.0,0.0,543,1024,0.5302734375
01a0a594-d17f-7f32-a6dc-5cd1766b125b,s,A,QB3,16,2,UVH7s,4,-0.14666666666666667,0.0,0.0,540,1024,0.52734375
01a0a594-d17f-7f32-a6dc-5cd1766b125b,s,A,QB3,16,2,UVH7s,5,-0.13333333333333336,0.0,0.0,529,1024,0.5166015625
01a0a594-d17f-7f32-a6dc-5cd1766b125b,s,A,QB3,16,2,UVH7s,6,-0.12000000000000001,0.0,0.0,554,1024,0.541015625
01a0a594-d17f-7f32-a6dc-5cd1766b125b,s,A,QB3,16,2,UVH7s,7,-0.10666666666666667,0.0,0.0,534,1024,0.521484375
01a0a594-d17f-7f32-a6dc-5cd1766b125b,s,A,QB3,16,2,UVH7s,8,-0.09333333333333334,0.0,0.0,545,1024,0.5322265625
01a0a594-d17f-7f32-a6dc-5cd1766b125b,s,A,QB3,16,2,UVH7s,9,-0.08,0.0,0.0,530,1024,0.517578125
01a0a594-d17f-7f32-a6dc-5cd1766b125b,s,A,QB3,16,2,UVH7s,10,-0.06666666666666668,0.0,0.0,522,1024,0.509765625
01a0a594-d17f-7f32-a6dc-5cd1766b125b,s,A,QB3,16,2,UVH7s,11,-0.053333333333333344,0.0,0.0,559,1024,0.5458984375
01a0a594-d17f-7f32-a6dc-5cd1766b125b,s,A,QB3,16,2,UVH7s,12,-0.04000000000000001,0.0,0.0,516,1024,0.50390625
01a0a594-d17f-7f32-a6dc-5cd1766b125b,s,A,QB3,16,2,UVH7s,13,-0.026666666666666672,0.0,0.0,559,1024,0.5458984375
01a0a594-d17f-7f32-a6dc-5cd1766b125b,s,A,QB3,16,2,UVH7s,14,-0.013333333333333336,0.0,0.0,507,1024,0.4951171875
01a0a594-d17f-7f32-a6dc-5cd1766b125b,s,A,QB3,16,2,UVH7s,15,0.0,0.0,0.0,523,1024,0.5107421875
01a0a594-d17f-7f32-a6dc-5cd1766b125b,s,A,QB3,16,2,UVH7s,16,0.013333333333333336,0.0,0.0,552,1024,0.5390625
01a0a594-d17f-7f32-a6dc-5cd1766b125b,s,A,QB3,16,2,UVH7s,17,0.026666666666666672,0.0,0.0,552,1024,0.5390625
01a0a594-d17f-7f32-a6dc-5cd1766b125b,s,A,QB3,16,2,UVH7s,18,0.04000000000000001,0.0,0.0,572,1024,0.55859375
01a0a594-d17f-7f32-a6dc-5cd1766b125b,s,A,QB3,16,2,UVH7s,19,0.053333333333333344,0.0,0.0,507,1024,0.4951171875
01a0a594-d17f-7f32-a6dc-5cd1766b125b,s,A,QB3,16,2,UVH7s,20,0.06666666666666665,0.0,0.0,535,1024,0.5224609375
01a0a594-d17f-7f32-a6dc-5cd1766b125b,s,A,QB3,16,2,UVH7s,21,0.08000000000000002,0.0,0.0,511,1024,0.4990234375
01a0a594-d17f-7f32-a6dc-5cd1766b125b,s,A,QB3,16,2,UVH7s,22,0.09333333333333332,0.0,0.0,529,1024,0.5166015625
01a0a594-d17f-7f32-a6dc-5cd1766b125b,s,A,QB3,16,2,UVH7s,23,0.10666666666666669,0.0,0.0,521,1024,0.5087890625
01a0a594-d17f-7f32-a6dc-5cd1766b125b,s,A,QB3,16,2,UVH7s,24,0.12,0.0,0.0,541,1024,0.5283203125
01a0a594-d17f-7f32-a6dc-5cd1766b125b,s,A,QB3,16,2,UVH7s,25,0.13333333333333336,0.0,0.0,510,1024,0.498046875
01a0a594-d17f-7f32-a6dc-5cd1766b125b,s,A,QB3,16,2,UVH7s,26,0.14666666666666667,0.0,0.0,526,1024,0.513671875
01a0a594-d17f-7f32-a6dc-5cd1766b125b,s,A,QB3,16,2,UVH7s,27,0.16000000000000003,0.0,0.0,479,1024,0.4677734375
01a0a594-d17f-7f32-a6dc-5cd1766b125b,s,A,QB3,16,2,UVH7s,28,0.17333333333333334,0.0,0.0,469,1024,0.4580078125
01a0a594-d17f-7f32-a6dc-5cd1766b125b,s,A,QB3,16,2,UVH7s,29,0.1866666666666667,0.0,0.0,479,1024,0.4677734375
01a0a594-d17f-7f32-a6dc-5cd1766b125b,s,A,QB3,16,2,UVH7s,30,0.2,0.0,0.0,501,1024,0.4892578125
01a0a594-d17f-7f32-a6dc-5cd1766b125b,s,A,QB3,16,3,UVH9s,0,-0.2,0.0,0.0,510,1024,0.498046875
01a0a594-d17f-7f32-a6dc-5cd1766b125b,s,A,QB3,16,3,UVH9s,1,-0.18666666666666668,0.0,0.0,515,1024,0.5029296875
01a0a594-d17f-7f32-a6dc-5cd1766b125b,s,A,QB3,16,3,UVH9s,2,-0.17333333333333334,0.0,0.0,507,1024,0.4951171875
01a0a594-d17f-7f32-a6dc-5cd1766b125b,s,A,QB3,16,3,UVH9s,3,-0.16,0.0,0.0,532,1024,0.51953125
01a0a594-d17f-7f32-a6dc-5cd1766b125b,s,A,QB3,16,3,UVH9s,4,-0.14666666666666667,0.0,0.0,519,1024,0.5068359375
01a0a594-d17f-7f32-a6dc-5cd1766b125b,s,A,QB3,16,3,UVH9s,5,-0.13333333333333336,0.0,0.0,520,1024,0.5078125
01a0a594-d17f-7f32-a6dc-5cd1766b125b,s,A,QB3,16,3,UVH9s,6,-0.12000000000000001,0.0,0.0,544,1024,0.53125
01a0a594-d17f-7f32-a6dc-5cd1766b125b,s,A,QB3,16,3,UVH9s,7,-0.10666666666666667,0.0,0.0,533,1024,0.5205078125
01a0a594-d17f-7f32-a6dc-5cd1766b125b,s,A,QB3,16,3,UVH9s,8,-0.09333333333333334,0.0,0.0,528,1024,0.515625
01a0a594-d17f-7f32-a6dc-5cd1766b125b,s,A,QB3,16,3,UVH9s,9,-0.08,0.0,0.0,518,1024,0.505859375
01a0a594-d17f-7f32-a6dc-5cd1766b125b,s,A,QB3,16,3,UVH9s,10,-0.06666666666666668,0.0,0.0,516,1024,0.50390625
01a0a594-d17f-7f32-a6dc-5cd1766b125b,s,A,QB3,16,3,UVH9s,11,-0.053333333333333344,0.0,0.0,530,1024,0.517578125
01a0a594-d17f-7f32-a6dc-5cd1766b125b,s,A,QB3,16,3,UVH9s,12,-0.04000000000000001,0.0,0.0,512,1024,0.5
01a0a594-d17f-7f32-a6dc-5cd1766b125b,s,A,QB3,16,3,UVH9s,13,-0.026666666666666672,0.0,0.0,530,1024,0.517578125
01a0a594-d17f-7f32-a6dc-5cd1766b125b,s,A,QB3,16,3,UVH9s,14,-0.013333333333333336,0.0,0.0,515,1024,0.5029296875
01a0a594-d17f-7f32-a6dc-5cd1766b125b,s,A,QB3,16,3,UVH9s,15,0.0,0.0,0.0,551,1024,0.5380859375
01a0a594-d17f-7f32-a6dc-5cd1766b125b,s,A,QB3,16,3,UVH9s,16,0.013333333333333336,0.0,0.0,522,1024,0.509765625
01a0a594-d17f-7f32-a6dc-5cd1766b125b,s,A,QB3,16,3,UVH9s,17,0.026666666666666672,0.0,0.0,520,1024,0.5078125
01a0a594-d17f-7f32-a6dc-5cd1766b125b,s,A,QB3,16,3,UVH9s,18,0.04000000000000001,0.0,0.0,516,1024,0.50390625
01a0a594-d17f-7f32-a6dc-5cd1766b125b,s,A,QB3,16,3,UVH9s,19,0.053333333333333344,0.0,0.0,498,1024,0.486328125
01a0a594-d17f-7f32-a6dc-5cd1766b125b,s,A,QB3,16,3,UVH9s,20,0.06666666666666665,0.0,0.0,525,1024,0.5126953125
01a0a594-d17f-7f32-a6dc-5cd1766b125b,s,A,QB3,16,3,UVH9s,21,0.08000000000000002,0.0,0.0,504,1024,0.4921875
01a0a594-d17f-7f32-a6dc-5cd1766b125b,s,A,QB3,16,3,UVH9s,22,0.09333333333333332,0.0,0.0,529,1024,0.5166015625
01a0a594-d17f-7f32-a6dc-5cd1766b125b,s,A,QB3,16,3,UVH9s,23,0.10666666666666669,0.0,0.0,536,1024,0.5234375
01a0a594-d17f-7f32-a6dc-5cd1766b125b,s,A,QB3,16,3,UVH9s,24,0.12,0.0,0.0,545,1024,0.5322265625
01a0a594-d17f-7f32-a6dc-5cd1766b125b,s,A,QB3,16,3,UVH9s,25,0.13333333333333336,0.0,0.0,549,1024,0.5361328125
01a0a594-d17f-7f32-a6dc-5cd1766b125b,s,A,QB3,16,3,UVH9s,26,0.14666666666666667,0.0,0.0,557,1024,0.5439453125
01a0a594-d17f-7f32-a6dc-5cd1766b125b,s,A,QB3,16,3,UVH9s,27,0.16000000000000003,0.0,0.0,547,1024,0.5341796875
01a0a594-d17f-7f32-a6dc-5cd1766b125b,s,A,QB3,16,3,UVH9s,28,0.17333333333333334,0.0,0.0,552,1024,0.5390625
01a0a594-d17f-7f32-a6dc-5cd1766b125b,s,A,QB3,16,3,UVH9s,29,0.1866666666666667,0.0,0.0,567,1024,0.5537109375
01a0a594-d17f-7f32-a6dc-5cd1766b125b,s,A,QB3,16,3,UVH9s,30,0.2,0.0,0.0,519,1024,0.5068359375
01a0a594-d17f-7f32-a6dc-5cd1766b125b,s,A,QB3,16,4,UVH11s,0,-0.2,0.0,0.0,533,1024,0.5205078125
01a0a594-d17f-7f32-a6dc-5cd1766b125b,s,A,QB3,16,4,UVH11s,1,-0.18666666666666668,0.0,0.0,528,1024,0.515625
01a0a594-d17f-7f32-a6dc-5cd1766b125b,s,A,QB3,16,4,UVH11s,2,-0.17333333333333334,0.0,0.0,517,1024,0.5048828125
01a0a594-d17f-7f32-a6dc-5cd1766b125b,s,A,QB3,16,4,UVH11s,3,-0.16,0.0,0.0,475,1024,0.4638671875
01a0a594-d17f-7f32-a6dc-5cd1766b125b,s,A,QB3,16,4,UVH11s,4,-0.14666666666666667,0.0,0.0,500,1024,0.48828125
01a0a594-d17f-7f32-a6dc-5cd1766b125b,s,A,QB3,16,4,UVH11s,5,-0.13333333333333336,0.0,0.0,500,1024,0.48828125
01a0a594-d17f-7f32-a6dc-5cd1766b125b,s,A,QB3,16,4,UVH11s,6,-0.12000000000000001,0.0,0.0,537,1024,0.5244140625
01a0a594-d17f-7f32-a6dc-5cd1766b125b,s,A,QB3,16,4,UVH11s,7,-0.10666666666666667,0.0,0.0,518,1024,0.505859375
01a0a594-d17f-7f32-a6dc-5cd1766b125b,s,A,QB3,16,4,UVH11s,8,-0.09333333333333334,0.0,0.0,487,1024,0.4755859375
01a0a594-d17f-7f32-a6dc-5cd1766b125b,s,A,QB3,16,4,UVH11s,9,-0.08,0.0,0.0,471,1024,0.4599609375
01a0a594-d17f-7f32-a6dc-5cd1766b125b,s,A,QB3,16,4,UVH11s,10,-0.06666666666666668,0.0,0.0,516,1024,0.50390625
01a0a594-d17f-7f32-a6dc-5cd1766b125b,s,A,QB3,16,4,UVH11s,11,-0.053333333333333344,0.0,0.0,507,1024,0.4951171875
01a0a594-d17f-7f32-a6dc-5cd1766b125b,s,A,QB3,16,4,UVH11s,12,-0.04000000000000001,0.0,0.0,503,1024,0.4912109375
01a0a594-d17f-7f32-a6dc-5cd1766b125b,s,A,QB3,16,4,UVH11s,13,-0.026666666666666672,0.0,0.0,525,1024,0.5126953125
01a0a594-d17f-7f32-a6dc-5cd1766b125b,s,A,QB3,16,4,UVH11s,14,-0.013333333333333336,0.0,0.0,488,1024,0.4765625
01a0a594-d17f-7f32-a6dc-5cd1766b125b,s,A,QB3,16,4,UVH11s,15,0.0,0.0,0.0,491,1024,0.4794921875
01a0a594-d17f-7f32-a6dc-5cd1766b125b,s,A,QB3,16,4,UVH11s,16,0.013333333333333336,0.0,0.0,491,1024,0.4794921875
01a0a594-d17f-7f32-a6dc-5cd1766b125b,s,A,QB3,16,4,UVH11s,17,0.026666666666666672,0.0,0.0,481,1024,0.4697265625
01a0a594-d17f-7f32-a6dc-5cd1766b125b,s,A,QB3,16,4,UVH11s,18,0.04000000000000001,0.0,0.0,515,1024,0.5029296875
01a0a594-d17f-7f32-a6dc-5cd1766b125b,s,A,QB3,16,4,UVH11s,19,0.053333333333333344,0.0,0.0,470,1024,0.458984375
01a0a594-d17f-7f32-a6dc-5cd1766b125b,s,A,QB3,16,4,UVH11s,20,0.06666666666666665,0.0,0.0,494,1024,0.482421875
01a0a594-d17f-7f32-a6dc-5cd1766b125b,s,A,QB3,16,4,UVH11s,21,0.08000000000000002,0.0,0.0,503,1024,0.4912109375
01a0a594-d17f-7f32-a6dc-5cd1766b125b,s,A,QB3,16,4,UVH11s,22,0.09333333333333332,0.0,0.0,494,1024,0.482421875
01a0a594-d17f-7f32-a6dc-5cd1766b125b,s,A,QB3,16,4,UVH11s,23,0.10666666666666669,0.0,0.0,503,1024,0.4912109375
01a0a594-d17f-7f32-a6dc-5cd1766b125b,s,A,QB3,16,4,UVH11s,24,0.12,0.0,0.0,508,1024,0.49609375
01a0a594-d17f-7f32-a6dc-5cd1766b125b,s,A,QB3,16,4,UVH11s,25,0.13333333333333336,0.0,0.0,470,1024,0.458984375
01a0a594-d17f-7f32-a6dc-5cd1766b125b,s,A,QB3,16,4,UVH11s,26,0.14666666666666667,0.0,0.0,512,1024,0.5
01a0a594-d17f-7f32-a6dc-5cd1766b125b,s,A,QB3,16,4,UVH11s,27,0.16000000000000003,0.0,0.0,510,1024,0.498046875
01a0a594-d17f-7f32-a6dc-5cd1766b125b,s,A,QB3,16,4,UVH11s,28,0.17333333333333334,0.0,0.0,522,1024,0.509765625
01a0a594-d17f-7f32-a6dc-5cd1766b125b,s,A,QB3,16,4,UVH11s,29,0.1866666666666667,0.0,0.0,508,1024,0.49609375
01a0a594-d17f-7f32-a6dc-5cd1766b125b,s,A,QB3,16,4,UVH11s,30,0.2,0.0,0.0,507,1024,0.4951171875
01a0a594-d17f-7f32-a6dc-5cd1766b125b,s,A,QB3,16,5,UVH13s,0,-0.2,0.0,0.0,500,1024,0.48828125
01a0a594-d17f-7f32-a6dc-5cd1766b125b,s,A,QB3,16,5,UVH13s,1,-0.18666666666666668,0.0,0.0,482,1024,0.470703125
01a0a594-d17f-7f32-a6dc-5cd1766b125b,s,A,QB3,16,5,UVH13s,2,-0.17333333333333334,0.0,0.0,496,1024,0.484375
01a0a594-d17f-7f32-a6dc-5cd1766b125b,s,A,QB3,16,5,UVH13s,3,-0.16,0.0,0.0,511,1024,0.4990234375
01a0a594-d17f-7f32-a6dc-5cd1766b125b,s,A,QB3,16,5,UVH13s,4,-0.14666666666666667,0.0,0.0,543,1024,0.5302734375
01a0a594-d17f-7f32-a6dc-5cd1766b125b,s,A,QB3,16,5,UVH13s,5,-0.13333333333333336,0.0,0.0,503,1024,0.4912109375
01a0a594-d17f-7f32-a6dc-5cd1766b125b,s,A,QB3,16,5,UVH13s,6,-0.12000000000000001,0.0,0.0,486,1024,0.474609375
01a0a594-d17f-7f32-a6dc-5cd1766b125b,s,A,QB3,16,5,UVH13s,7,-0.10666666666666667,0.0,0.0,513,1024,0.5009765625
01a0a594-d17f-7f32-a6dc-5cd1766b125b,s,A,QB3,16,5,UVH13s,8,-0.09333333333333334,0.0,0.0,488,1024,0.4765625
01a0a594-d17f-7f32-a6dc-5cd1766b125b,s,A,QB3,16,5,UVH13s,9,-0.08,0.0,0.0,489,1024,0.4775390625
01a0a594-d17f-7f32-a6dc-5cd1766b125b,s,A,QB3,16,5,UVH13s,10,-0.06666666666666668,0.0,0.0,495,1024,0.4833984375
01a0a594-d17f-7f32-a6dc-5cd1766b125b,s,A,QB3,16,5,UVH13s,11,-0.053333333333333344,0.0,0.0,519,1024,0.5068359375
01a0a594-d17f-7f32-a6dc-5cd1766b125b,s,A,QB3,16,5,UVH13s,12,-0.04000000000000001,0.0,0.0,516,1024,0.50390625
01a0a594-d17f-7f32-a6dc-5cd1766b125b,s,A,QB3,16,5,UVH13s,13,-0.026666666666666672,0.0,0.0,495,1024,0.4833984375
01a0a594-d17f-7f32-a6dc-5cd1766b125b,s,A,QB3,16,5,UVH13s,14,-0.013333333333333336,0.0,0.0,507,1024,0.4951171875
01a0a594-d17f-7f32-a6dc-5cd1766b125b,s,A,QB3,16,5,UVH13s,15,0.0,0.0,0.0,498,1024,0.486328125
01a0a594-d17f-7f32-a6dc-5cd1766b125b,s,A,QB3,16,5,UVH13s,16,0.013333333333333336,0.0,0.0,513,1024,0.5009765625
01a0a594-d17f-7f32-a6dc-5cd1766b125b,s,A,QB3,16,5,UVH13s,17,0.026666666666666672,0.0,0.0,536,1024,0.5234375
01a0a594-d17f-7f32-a6dc-5cd1766b125b,s,A,QB3,16,5,UVH13s,18,0.04000000000000001,0.0,0.0,501,1024,0.4892578125
01a0a594-d17f-7f32-a6dc-5cd1766b125b,s,A,QB3,16,5,UVH13s,19,0.053333333333333344,0.0,0.0,505,1024,0.4931640625
01a0a594-d17f-7f32-a6dc-5cd1766b125b,s,A,QB3,16,5,UVH13s,20,0.06666666666666665,0.0,0.0,523,1024,0.5107421875
01a0a594-d17f-7f32-a6dc-5cd1766b125b,s,A,QB3,16,5,UVH13s,21,0.08000000000000002,0.0,0.0,529,1024,0.5166015625
01a0a594-d17f-7f32-a6dc-5cd1766b125b,s,A,QB3,16,5,UVH13s,22,0.09333333333333332,0.0,0.0,515,1024,0.5029296875
01a0a594-d17f-7f32-a6dc-5cd1766b125b,s,A,QB3,16,5,UVH13s,23,0.10666666666666669,0.0,0.0,526,1024,0.513671875
01a0a594-d17f-7f32-a6dc-5cd1766b125b,s,A,QB3,16,5,UVH13s,24,0.12,0.0,0.0,533,1024,0.5205078125
01a0a594-d17f-7f32-a6dc-5cd1766b125b,s,A,QB3,16,5,UVH13s,25,0.13333333333333336,0.0,0.0,511,1024,0.4990234375
01a0a594-d17f-7f32-a6dc-5cd1766b125b,s,A,QB3,16,5,UVH13s,26,0.14666666666666667,0.0,0.0,530,1024,0.517578125
01a0a594-d17f-7f32-a6dc-5cd1766b125b,s,A,QB3,16,5,UVH13s,27,0.16000000000000003,0.0,0.0,526,1024,0.513671875
01a0a594-d17f-7f32-a6dc-5cd1766b125b,s,A,QB3,16,5,UVH13s,28,0.17333333333333334,0.0,0.0,493,1024,0.4814453125
01a0a594-d17f-7f32-a6dc-5cd1766b125b,s,A,QB3,16,5,UVH13s,29,0.1866666666666667,0.0,0.0,527,1024,0.5146484375
01a0a594-d17f-7f32-a6dc-5cd1766b125b,s,A,QB3,16,5,UVH13s,30,0.2,0.0,0.0,515,1024,0.5029296875
01a0a594-d17f-7f32-a6dc-5cd1766b125b,s,A,QB8,17,0,standard_pi_2,0,-0.2,0.0,0.0,362,1024,0.353515625
01a0a594-d17f-7f32-a6dc-5cd1766b125b,s,A,QB8,17,0,standard_pi_2,1,-0.18666666666666668,0.0,0.0,335,1024,0.3271484375
01a0a594-d17f-7f32-a6dc-5cd1766b125b,s,A,QB8,17,0,standard_pi_2,2,-0.17333333333333334,0.0,0.0,376,1024,0.3671875
01a0a594-d17f-7f32-a6dc-5cd1766b125b,s,A,QB8,17,0,standard_pi_2,3,-0.16,0.0,0.0,378,1024,0.369140625
01a0a594-d17f-7f32-a6dc-5cd1766b125b,s,A,QB8,17,0,standard_pi_2,4,-0.14666666666666667,0.0,0.0,412,1024,0.40234375
01a0a594-d17f-7f32-a6dc-5cd1766b125b,s,A,QB8,17,0,standard_pi_2,5,-0.13333333333333336,0.0,0.0,404,1024,0.39453125
01a0a594-d17f-7f32-a6dc-5cd1766b125b,s,A,QB8,17,0,standard_pi_2,6,-0.12000000000000001,0.0,0.0,425,1024,0.4150390625
01a0a594-d17f-7f32-a6dc-5cd1766b125b,s,A,QB8,17,0,standard_pi_2,7,-0.10666666666666667,0.0,0.0,441,1024,0.4306640625
01a0a594-d17f-7f32-a6dc-5cd1766b125b,s,A,QB8,17,0,standard_pi_2,8,-0.09333333333333334,0.0,0.0,430,1024,0.419921875
01a0a594-d17f-7f32-a6dc-5cd1766b125b,s,A,QB8,17,0,standard_pi_2,9,-0.08,0.0,0.0,448,1024,0.4375
01a0a594-d17f-7f32-a6dc-5cd1766b125b,s,A,QB8,17,0,standard_pi_2,10,-0.06666666666666668,0.0,0.0,464,1024,0.453125
01a0a594-d17f-7f32-a6dc-5cd1766b125b,s,A,QB8,17,0,standard_pi_2,11,-0.053333333333333344,0.0,0.0,453,1024,0.4423828125
01a0a594-d17f-7f32-a6dc-5cd1766b125b,s,A,QB8,17,0,standard_pi_2,12,-0.04000000000000001,0.0,0.0,436,1024,0.42578125
01a0a594-d17f-7f32-a6dc-5cd1766b125b,s,A,QB8,17,0,standard_pi_2,13,-0.026666666666666672,0.0,0.0,432,1024,0.421875
01a0a594-d17f-7f32-a6dc-5cd1766b125b,s,A,QB8,17,0,standard_pi_2,14,-0.013333333333333336,0.0,0.0,477,1024,0.4658203125
01a0a594-d17f-7f32-a6dc-5cd1766b125b,s,A,QB8,17,0,standard_pi_2,15,0.0,0.0,0.0,466,1024,0.455078125
01a0a594-d17f-7f32-a6dc-5cd1766b125b,s,A,QB8,17,0,standard_pi_2,16,0.013333333333333336,0.0,0.0,509,1024,0.4970703125
01a0a594-d17f-7f32-a6dc-5cd1766b125b,s,A,QB8,17,0,standard_pi_2,17,0.026666666666666672,0.0,0.0,542,1024,0.529296875
01a0a594-d17f-7f32-a6dc-5cd1766b125b,s,A,QB8,17,0,standard_pi_2,18,0.04000000000000001,0.0,0.0,535,1024,0.5224609375
01a0a594-d17f-7f32-a6dc-5cd1766b125b,s,A,QB8,17,0,standard_pi_2,19,0.053333333333333344,0.0,0.0,544,1024,0.53125
01a0a594-d17f-7f32-a6dc-5cd1766b125b,s,A,QB8,17,0,standard_pi_2,20,0.06666666666666665,0.0,0.0,528,1024,0.515625
01a0a594-d17f-7f32-a6dc-5cd1766b125b,s,A,QB8,17,0,standard_pi_2,21,0.08000000000000002,0.0,0.0,554,1024,0.541015625
01a0a594-d17f-7f32-a6dc-5cd1766b125b,s,A,QB8,17,0,standard_pi_2,22,0.09333333333333332,0.0,0.0,547,1024,0.5341796875
01a0a594-d17f-7f32-a6dc-5cd1766b125b,s,A,QB8,17,0,standard_pi_2,23,0.10666666666666669,0.0,0.0,574,1024,0.560546875
01a0a594-d17f-7f32-a6dc-5cd1766b125b,s,A,QB8,17,0,standard_pi_2,24,0.12,0.0,0.0,587,1024,0.5732421875
01a0a594-d17f-7f32-a6dc-5cd1766b125b,s,A,QB8,17,0,standard_pi_2,25,0.13333333333333336,0.0,0.0,592,1024,0.578125
01a0a594-d17f-7f32-a6dc-5cd1766b125b,s,A,QB8,17,0,standard_pi_2,26,0.14666666666666667,0.0,0.0,621,1024,0.6064453125
01a0a594-d17f-7f32-a6dc-5cd1766b125b,s,A,QB8,17,0,standard_pi_2,27,0.16000000000000003,0.0,0.0,627,1024,0.6123046875
01a0a594-d17f-7f32-a6dc-5cd1766b125b,s,A,QB8,17,0,standard_pi_2,28,0.17333333333333334,0.0,0.0,615,1024,0.6005859375
01a0a594-d17f-7f32-a6dc-5cd1766b125b,s,A,QB8,17,0,standard_pi_2,29,0.1866666666666667,0.0,0.0,632,1024,0.6171875
01a0a594-d17f-7f32-a6dc-5cd1766b125b,s,A,QB8,17,0,standard_pi_2,30,0.2,0.0,0.0,642,1024,0.626953125
01a0a594-d17f-7f32-a6dc-5cd1766b125b,s,A,QB8,17,1,UVH5s,0,-0.2,0.0,0.0,498,1024,0.486328125
01a0a594-d17f-7f32-a6dc-5cd1766b125b,s,A,QB8,17,1,UVH5s,1,-0.18666666666666668,0.0,0.0,513,1024,0.5009765625
01a0a594-d17f-7f32-a6dc-5cd1766b125b,s,A,QB8,17,1,UVH5s,2,-0.17333333333333334,0.0,0.0,502,1024,0.490234375
01a0a594-d17f-7f32-a6dc-5cd1766b125b,s,A,QB8,17,1,UVH5s,3,-0.16,0.0,0.0,480,1024,0.46875
01a0a594-d17f-7f32-a6dc-5cd1766b125b,s,A,QB8,17,1,UVH5s,4,-0.14666666666666667,0.0,0.0,488,1024,0.4765625
01a0a594-d17f-7f32-a6dc-5cd1766b125b,s,A,QB8,17,1,UVH5s,5,-0.13333333333333336,0.0,0.0,489,1024,0.4775390625
01a0a594-d17f-7f32-a6dc-5cd1766b125b,s,A,QB8,17,1,UVH5s,6,-0.12000000000000001,0.0,0.0,530,1024,0.517578125
01a0a594-d17f-7f32-a6dc-5cd1766b125b,s,A,QB8,17,1,UVH5s,7,-0.10666666666666667,0.0,0.0,519,1024,0.5068359375
01a0a594-d17f-7f32-a6dc-5cd1766b125b,s,A,QB8,17,1,UVH5s,8,-0.09333333333333334,0.0,0.0,530,1024,0.517578125
01a0a594-d17f-7f32-a6dc-5cd1766b125b,s,A,QB8,17,1,UVH5s,9,-0.08,0.0,0.0,532,1024,0.51953125
01a0a594-d17f-7f32-a6dc-5cd1766b125b,s,A,QB8,17,1,UVH5s,10,-0.06666666666666668,0.0,0.0,531,1024,0.5185546875
01a0a594-d17f-7f32-a6dc-5cd1766b125b,s,A,QB8,17,1,UVH5s,11,-0.053333333333333344,0.0,0.0,539,1024,0.5263671875
01a0a594-d17f-7f32-a6dc-5cd1766b125b,s,A,QB8,17,1,UVH5s,12,-0.04000000000000001,0.0,0.0,529,1024,0.5166015625
01a0a594-d17f-7f32-a6dc-5cd1766b125b,s,A,QB8,17,1,UVH5s,13,-0.026666666666666672,0.0,0.0,510,1024,0.498046875
01a0a594-d17f-7f32-a6dc-5cd1766b125b,s,A,QB8,17,1,UVH5s,14,-0.013333333333333336,0.0,0.0,532,1024,0.51953125
01a0a594-d17f-7f32-a6dc-5cd1766b125b,s,A,QB8,17,1,UVH5s,15,0.0,0.0,0.0,534,1024,0.521484375
01a0a594-d17f-7f32-a6dc-5cd1766b125b,s,A,QB8,17,1,UVH5s,16,0.013333333333333336,0.0,0.0,537,1024,0.5244140625
01a0a594-d17f-7f32-a6dc-5cd1766b125b,s,A,QB8,17,1,UVH5s,17,0.026666666666666672,0.0,0.0,509,1024,0.4970703125
01a0a594-d17f-7f32-a6dc-5cd1766b125b,s,A,QB8,17,1,UVH5s,18,0.04000000000000001,0.0,0.0,540,1024,0.52734375
01a0a594-d17f-7f32-a6dc-5cd1766b125b,s,A,QB8,17,1,UVH5s,19,0.053333333333333344,0.0,0.0,532,1024,0.51953125
01a0a594-d17f-7f32-a6dc-5cd1766b125b,s,A,QB8,17,1,UVH5s,20,0.06666666666666665,0.0,0.0,525,1024,0.5126953125
01a0a594-d17f-7f32-a6dc-5cd1766b125b,s,A,QB8,17,1,UVH5s,21,0.08000000000000002,0.0,0.0,514,1024,0.501953125
01a0a594-d17f-7f32-a6dc-5cd1766b125b,s,A,QB8,17,1,UVH5s,22,0.09333333333333332,0.0,0.0,525,1024,0.5126953125
01a0a594-d17f-7f32-a6dc-5cd1766b125b,s,A,QB8,17,1,UVH5s,23,0.10666666666666669,0.0,0.0,526,1024,0.513671875
01a0a594-d17f-7f32-a6dc-5cd1766b125b,s,A,QB8,17,1,UVH5s,24,0.12,0.0,0.0,508,1024,0.49609375
01a0a594-d17f-7f32-a6dc-5cd1766b125b,s,A,QB8,17,1,UVH5s,25,0.13333333333333336,0.0,0.0,531,1024,0.5185546875
01a0a594-d17f-7f32-a6dc-5cd1766b125b,s,A,QB8,17,1,UVH5s,26,0.14666666666666667,0.0,0.0,526,1024,0.513671875
01a0a594-d17f-7f32-a6dc-5cd1766b125b,s,A,QB8,17,1,UVH5s,27,0.16000000000000003,0.0,0.0,521,1024,0.5087890625
01a0a594-d17f-7f32-a6dc-5cd1766b125b,s,A,QB8,17,1,UVH5s,28,0.17333333333333334,0.0,0.0,520,1024,0.5078125
01a0a594-d17f-7f32-a6dc-5cd1766b125b,s,A,QB8,17,1,UVH5s,29,0.1866666666666667,0.0,0.0,559,1024,0.5458984375
01a0a594-d17f-7f32-a6dc-5cd1766b125b,s,A,QB8,17,1,UVH5s,30,0.2,0.0,0.0,524,1024,0.51171875
01a0a594-d17f-7f32-a6dc-5cd1766b125b,s,A,QB8,17,2,UVH7s,0,-0.2,0.0,0.0,539,1024,0.5263671875
01a0a594-d17f-7f32-a6dc-5cd1766b125b,s,A,QB8,17,2,UVH7s,1,-0.18666666666666668,0.0,0.0,567,1024,0.5537109375
01a0a594-d17f-7f32-a6dc-5cd1766b125b,s,A,QB8,17,2,UVH7s,2,-0.17333333333333334,0.0,0.0,548,1024,0.53515625
01a0a594-d17f-7f32-a6dc-5cd1766b125b,s,A,QB8,17,2,UVH7s,3,-0.16,0.0,0.0,555,1024,0.5419921875
01a0a594-d17f-7f32-a6dc-5cd1766b125b,s,A,QB8,17,2,UVH7s,4,-0.14666666666666667,0.0,0.0,533,1024,0.5205078125
01a0a594-d17f-7f32-a6dc-5cd1766b125b,s,A,QB8,17,2,UVH7s,5,-0.13333333333333336,0.0,0.0,552,1024,0.5390625
01a0a594-d17f-7f32-a6dc-5cd1766b125b,s,A,QB8,17,2,UVH7s,6,-0.12000000000000001,0.0,0.0,561,1024,0.5478515625
01a0a594-d17f-7f32-a6dc-5cd1766b125b,s,A,QB8,17,2,UVH7s,7,-0.10666666666666667,0.0,0.0,556,1024,0.54296875
01a0a594-d17f-7f32-a6dc-5cd1766b125b,s,A,QB8,17,2,UVH7s,8,-0.09333333333333334,0.0,0.0,546,1024,0.533203125
01a0a594-d17f-7f32-a6dc-5cd1766b125b,s,A,QB8,17,2,UVH7s,9,-0.08,0.0,0.0,534,1024,0.521484375
01a0a594-d17f-7f32-a6dc-5cd1766b125b,s,A,QB8,17,2,UVH7s,10,-0.06666666666666668,0.0,0.0,540,1024,0.52734375
01a0a594-d17f-7f32-a6dc-5cd1766b125b,s,A,QB8,17,2,UVH7s,11,-0.053333333333333344,0.0,0.0,536,1024,0.5234375
01a0a594-d17f-7f32-a6dc-5cd1766b125b,s,A,QB8,17,2,UVH7s,12,-0.04000000000000001,0.0,0.0,545,1024,0.5322265625
01a0a594-d17f-7f32-a6dc-5cd1766b125b,s,A,QB8,17,2,UVH7s,13,-0.026666666666666672,0.0,0.0,513,1024,0.5009765625
01a0a594-d17f-7f32-a6dc-5cd1766b125b,s,A,QB8,17,2,UVH7s,14,-0.013333333333333336,0.0,0.0,540,1024,0.52734375
01a0a594-d17f-7f32-a6dc-5cd1766b125b,s,A,QB8,17,2,UVH7s,15,0.0,0.0,0.0,529,1024,0.5166015625
01a0a594-d17f-7f32-a6dc-5cd1766b125b,s,A,QB8,17,2,UVH7s,16,0.013333333333333336,0.0,0.0,522,1024,0.509765625
01a0a594-d17f-7f32-a6dc-5cd1766b125b,s,A,QB8,17,2,UVH7s,17,0.026666666666666672,0.0,0.0,528,1024,0.515625
01a0a594-d17f-7f32-a6dc-5cd1766b125b,s,A,QB8,17,2,UVH7s,18,0.04000000000000001,0.0,0.0,527,1024,0.5146484375
01a0a594-d17f-7f32-a6dc-5cd1766b125b,s,A,QB8,17,2,UVH7s,19,0.053333333333333344,0.0,0.0,509,1024,0.4970703125
01a0a594-d17f-7f32-a6dc-5cd1766b125b,s,A,QB8,17,2,UVH7s,20,0.06666666666666665,0.0,0.0,548,1024,0.53515625
01a0a594-d17f-7f32-a6dc-5cd1766b125b,s,A,QB8,17,2,UVH7s,21,0.08000000000000002,0.0,0.0,533,1024,0.5205078125
01a0a594-d17f-7f32-a6dc-5cd1766b125b,s,A,QB8,17,2,UVH7s,22,0.09333333333333332,0.0,0.0,516,1024,0.50390625
01a0a594-d17f-7f32-a6dc-5cd1766b125b,s,A,QB8,17,2,UVH7s,23,0.10666666666666669,0.0,0.0,545,1024,0.5322265625
01a0a594-d17f-7f32-a6dc-5cd1766b125b,s,A,QB8,17,2,UVH7s,24,0.12,0.0,0.0,530,1024,0.517578125
01a0a594-d17f-7f32-a6dc-5cd1766b125b,s,A,QB8,17,2,UVH7s,25,0.13333333333333336,0.0,0.0,514,1024,0.501953125
01a0a594-d17f-7f32-a6dc-5cd1766b125b,s,A,QB8,17,2,UVH7s,26,0.14666666666666667,0.0,0.0,528,1024,0.515625
01a0a594-d17f-7f32-a6dc-5cd1766b125b,s,A,QB8,17,2,UVH7s,27,0.16000000000000003,0.0,0.0,501,1024,0.4892578125
01a0a594-d17f-7f32-a6dc-5cd1766b125b,s,A,QB8,17,2,UVH7s,28,0.17333333333333334,0.0,0.0,499,1024,0.4873046875
01a0a594-d17f-7f32-a6dc-5cd1766b125b,s,A,QB8,17,2,UVH7s,29,0.1866666666666667,0.0,0.0,489,1024,0.4775390625
01a0a594-d17f-7f32-a6dc-5cd1766b125b,s,A,QB8,17,2,UVH7s,30,0.2,0.0,0.0,504,1024,0.4921875
01a0a594-d17f-7f32-a6dc-5cd1766b125b,s,A,QB8,17,3,UVH9s,0,-0.2,0.0,0.0,498,1024,0.486328125
01a0a594-d17f-7f32-a6dc-5cd1766b125b,s,A,QB8,17,3,UVH9s,1,-0.18666666666666668,0.0,0.0,454,1024,0.443359375
01a0a594-d17f-7f32-a6dc-5cd1766b125b,s,A,QB8,17,3,UVH9s,2,-0.17333333333333334,0.0,0.0,515,1024,0.5029296875
01a0a594-d17f-7f32-a6dc-5cd1766b125b,s,A,QB8,17,3,UVH9s,3,-0.16,0.0,0.0,493,1024,0.4814453125
01a0a594-d17f-7f32-a6dc-5cd1766b125b,s,A,QB8,17,3,UVH9s,4,-0.14666666666666667,0.0,0.0,493,1024,0.4814453125
01a0a594-d17f-7f32-a6dc-5cd1766b125b,s,A,QB8,17,3,UVH9s,5,-0.13333333333333336,0.0,0.0,501,1024,0.4892578125
01a0a594-d17f-7f32-a6dc-5cd1766b125b,s,A,QB8,17,3,UVH9s,6,-0.12000000000000001,0.0,0.0,540,1024,0.52734375
01a0a594-d17f-7f32-a6dc-5cd1766b125b,s,A,QB8,17,3,UVH9s,7,-0.10666666666666667,0.0,0.0,518,1024,0.505859375
01a0a594-d17f-7f32-a6dc-5cd1766b125b,s,A,QB8,17,3,UVH9s,8,-0.09333333333333334,0.0,0.0,511,1024,0.4990234375
01a0a594-d17f-7f32-a6dc-5cd1766b125b,s,A,QB8,17,3,UVH9s,9,-0.08,0.0,0.0,523,1024,0.5107421875
01a0a594-d17f-7f32-a6dc-5cd1766b125b,s,A,QB8,17,3,UVH9s,10,-0.06666666666666668,0.0,0.0,513,1024,0.5009765625
01a0a594-d17f-7f32-a6dc-5cd1766b125b,s,A,QB8,17,3,UVH9s,11,-0.053333333333333344,0.0,0.0,514,1024,0.501953125
01a0a594-d17f-7f32-a6dc-5cd1766b125b,s,A,QB8,17,3,UVH9s,12,-0.04000000000000001,0.0,0.0,493,1024,0.4814453125
01a0a594-d17f-7f32-a6dc-5cd1766b125b,s,A,QB8,17,3,UVH9s,13,-0.026666666666666672,0.0,0.0,499,1024,0.4873046875
01a0a594-d17f-7f32-a6dc-5cd1766b125b,s,A,QB8,17,3,UVH9s,14,-0.013333333333333336,0.0,0.0,537,1024,0.5244140625
01a0a594-d17f-7f32-a6dc-5cd1766b125b,s,A,QB8,17,3,UVH9s,15,0.0,0.0,0.0,515,1024,0.5029296875
01a0a594-d17f-7f32-a6dc-5cd1766b125b,s,A,QB8,17,3,UVH9s,16,0.013333333333333336,0.0,0.0,524,1024,0.51171875
01a0a594-d17f-7f32-a6dc-5cd1766b125b,s,A,QB8,17,3,UVH9s,17,0.026666666666666672,0.0,0.0,519,1024,0.5068359375
01a0a594-d17f-7f32-a6dc-5cd1766b125b,s,A,QB8,17,3,UVH9s,18,0.04000000000000001,0.0,0.0,488,1024,0.4765625
01a0a594-d17f-7f32-a6dc-5cd1766b125b,s,A,QB8,17,3,UVH9s,19,0.053333333333333344,0.0,0.0,510,1024,0.498046875
01a0a594-d17f-7f32-a6dc-5cd1766b125b,s,A,QB8,17,3,UVH9s,20,0.06666666666666665,0.0,0.0,494,1024,0.482421875
01a0a594-d17f-7f32-a6dc-5cd1766b125b,s,A,QB8,17,3,UVH9s,21,0.08000000000000002,0.0,0.0,499,1024,0.4873046875
01a0a594-d17f-7f32-a6dc-5cd1766b125b,s,A,QB8,17,3,UVH9s,22,0.09333333333333332,0.0,0.0,501,1024,0.4892578125
01a0a594-d17f-7f32-a6dc-5cd1766b125b,s,A,QB8,17,3,UVH9s,23,0.10666666666666669,0.0,0.0,499,1024,0.4873046875
01a0a594-d17f-7f32-a6dc-5cd1766b125b,s,A,QB8,17,3,UVH9s,24,0.12,0.0,0.0,543,1024,0.5302734375
01a0a594-d17f-7f32-a6dc-5cd1766b125b,s,A,QB8,17,3,UVH9s,25,0.13333333333333336,0.0,0.0,497,1024,0.4853515625
01a0a594-d17f-7f32-a6dc-5cd1766b125b,s,A,QB8,17,3,UVH9s,26,0.14666666666666667,0.0,0.0,528,1024,0.515625
01a0a594-d17f-7f32-a6dc-5cd1766b125b,s,A,QB8,17,3,UVH9s,27,0.16000000000000003,0.0,0.0,513,1024,0.5009765625
01a0a594-d17f-7f32-a6dc-5cd1766b125b,s,A,QB8,17,3,UVH9s,28,0.17333333333333334,0.0,0.0,506,1024,0.494140625
01a0a594-d17f-7f32-a6dc-5cd1766b125b,s,A,QB8,17,3,UVH9s,29,0.1866666666666667,0.0,0.0,506,1024,0.494140625
01a0a594-d17f-7f32-a6dc-5cd1766b125b,s,A,QB8,17,3,UVH9s,30,0.2,0.0,0.0,500,1024,0.48828125
01a0a594-d17f-7f32-a6dc-5cd1766b125b,s,A,QB8,17,4,UVH11s,0,-0.2,0.0,0.0,524,1024,0.51171875
01a0a594-d17f-7f32-a6dc-5cd1766b125b,s,A,QB8,17,4,UVH11s,1,-0.18666666666666668,0.0,0.0,540,1024,0.52734375
01a0a594-d17f-7f32-a6dc-5cd1766b125b,s,A,QB8,17,4,UVH11s,2,-0.17333333333333334,0.0,0.0,533,1024,0.5205078125
01a0a594-d17f-7f32-a6dc-5cd1766b125b,s,A,QB8,17,4,UVH11s,3,-0.16,0.0,0.0,524,1024,0.51171875
01a0a594-d17f-7f32-a6dc-5cd1766b125b,s,A,QB8,17,4,UVH11s,4,-0.14666666666666667,0.0,0.0,501,1024,0.4892578125
01a0a594-d17f-7f32-a6dc-5cd1766b125b,s,A,QB8,17,4,UVH11s,5,-0.13333333333333336,0.0,0.0,491,1024,0.4794921875
01a0a594-d17f-7f32-a6dc-5cd1766b125b,s,A,QB8,17,4,UVH11s,6,-0.12000000000000001,0.0,0.0,514,1024,0.501953125
01a0a594-d17f-7f32-a6dc-5cd1766b125b,s,A,QB8,17,4,UVH11s,7,-0.10666666666666667,0.0,0.0,536,1024,0.5234375
01a0a594-d17f-7f32-a6dc-5cd1766b125b,s,A,QB8,17,4,UVH11s,8,-0.09333333333333334,0.0,0.0,503,1024,0.4912109375
01a0a594-d17f-7f32-a6dc-5cd1766b125b,s,A,QB8,17,4,UVH11s,9,-0.08,0.0,0.0,496,1024,0.484375
01a0a594-d17f-7f32-a6dc-5cd1766b125b,s,A,QB8,17,4,UVH11s,10,-0.06666666666666668,0.0,0.0,487,1024,0.4755859375
01a0a594-d17f-7f32-a6dc-5cd1766b125b,s,A,QB8,17,4,UVH11s,11,-0.053333333333333344,0.0,0.0,539,1024,0.5263671875
01a0a594-d17f-7f32-a6dc-5cd1766b125b,s,A,QB8,17,4,UVH11s,12,-0.04000000000000001,0.0,0.0,482,1024,0.470703125
01a0a594-d17f-7f32-a6dc-5cd1766b125b,s,A,QB8,17,4,UVH11s,13,-0.026666666666666672,0.0,0.0,497,1024,0.4853515625
01a0a594-d17f-7f32-a6dc-5cd1766b125b,s,A,QB8,17,4,UVH11s,14,-0.013333333333333336,0.0,0.0,486,1024,0.474609375
01a0a594-d17f-7f32-a6dc-5cd1766b125b,s,A,QB8,17,4,UVH11s,15,0.0,0.0,0.0,473,1024,0.4619140625
01a0a594-d17f-7f32-a6dc-5cd1766b125b,s,A,QB8,17,4,UVH11s,16,0.013333333333333336,0.0,0.0,497,1024,0.4853515625
01a0a594-d17f-7f32-a6dc-5cd1766b125b,s,A,QB8,17,4,UVH11s,17,0.026666666666666672,0.0,0.0,506,1024,0.494140625
01a0a594-d17f-7f32-a6dc-5cd1766b125b,s,A,QB8,17,4,UVH11s,18,0.04000000000000001,0.0,0.0,487,1024,0.4755859375
01a0a594-d17f-7f32-a6dc-5cd1766b125b,s,A,QB8,17,4,UVH11s,19,0.053333333333333344,0.0,0.0,488,1024,0.4765625
01a0a594-d17f-7f32-a6dc-5cd1766b125b,s,A,QB8,17,4,UVH11s,20,0.06666666666666665,0.0,0.0,494,1024,0.482421875
01a0a594-d17f-7f32-a6dc-5cd1766b125b,s,A,QB8,17,4,UVH11s,21,0.08000000000000002,0.0,0.0,484,1024,0.47265625
01a0a594-d17f-7f32-a6dc-5cd1766b125b,s,A,QB8,17,4,UVH11s,22,0.09333333333333332,0.0,0.0,471,1024,0.4599609375
01a0a594-d17f-7f32-a6dc-5cd1766b125b,s,A,QB8,17,4,UVH11s,23,0.10666666666666669,0.0,0.0,488,1024,0.4765625
01a0a594-d17f-7f32-a6dc-5cd1766b125b,s,A,QB8,17,4,UVH11s,24,0.12,0.0,0.0,484,1024,0.47265625
01a0a594-d17f-7f32-a6dc-5cd1766b125b,s,A,QB8,17,4,UVH11s,25,0.13333333333333336,0.0,0.0,477,1024,0.4658203125
01a0a594-d17f-7f32-a6dc-5cd1766b125b,s,A,QB8,17,4,UVH11s,26,0.14666666666666667,0.0,0.0,490,1024,0.478515625
01a0a594-d17f-7f32-a6dc-5cd1766b125b,s,A,QB8,17,4,UVH11s,27,0.16000000000000003,0.0,0.0,479,1024,0.4677734375
01a0a594-d17f-7f32-a6dc-5cd1766b125b,s,A,QB8,17,4,UVH11s,28,0.17333333333333334,0.0,0.0,474,1024,0.462890625
01a0a594-d17f-7f32-a6dc-5cd1766b125b,s,A,QB8,17,4,UVH11s,29,0.1866666666666667,0.0,0.0,483,1024,0.4716796875
01a0a594-d17f-7f32-a6dc-5cd1766b125b,s,A,QB8,17,4,UVH11s,30,0.2,0.0,0.0,507,1024,0.4951171875
01a0a594-d17f-7f32-a6dc-5cd1766b125b,s,A,QB8,17,5,UVH13s,0,-0.2,0.0,0.0,504,1024,0.4921875
01a0a594-d17f-7f32-a6dc-5cd1766b125b,s,A,QB8,17,5,UVH13s,1,-0.18666666666666668,0.0,0.0,557,1024,0.5439453125
01a0a594-d17f-7f32-a6dc-5cd1766b125b,s,A,QB8,17,5,UVH13s,2,-0.17333333333333334,0.0,0.0,520,1024,0.5078125
01a0a594-d17f-7f32-a6dc-5cd1766b125b,s,A,QB8,17,5,UVH13s,3,-0.16,0.0,0.0,518,1024,0.505859375
01a0a594-d17f-7f32-a6dc-5cd1766b125b,s,A,QB8,17,5,UVH13s,4,-0.14666666666666667,0.0,0.0,530,1024,0.517578125
01a0a594-d17f-7f32-a6dc-5cd1766b125b,s,A,QB8,17,5,UVH13s,5,-0.13333333333333336,0.0,0.0,533,1024,0.5205078125
01a0a594-d17f-7f32-a6dc-5cd1766b125b,s,A,QB8,17,5,UVH13s,6,-0.12000000000000001,0.0,0.0,529,1024,0.5166015625
01a0a594-d17f-7f32-a6dc-5cd1766b125b,s,A,QB8,17,5,UVH13s,7,-0.10666666666666667,0.0,0.0,508,1024,0.49609375
01a0a594-d17f-7f32-a6dc-5cd1766b125b,s,A,QB8,17,5,UVH13s,8,-0.09333333333333334,0.0,0.0,512,1024,0.5
01a0a594-d17f-7f32-a6dc-5cd1766b125b,s,A,QB8,17,5,UVH13s,9,-0.08,0.0,0.0,553,1024,0.5400390625
01a0a594-d17f-7f32-a6dc-5cd1766b125b,s,A,QB8,17,5,UVH13s,10,-0.06666666666666668,0.0,0.0,554,1024,0.541015625
01a0a594-d17f-7f32-a6dc-5cd1766b125b,s,A,QB8,17,5,UVH13s,11,-0.053333333333333344,0.0,0.0,523,1024,0.5107421875
01a0a594-d17f-7f32-a6dc-5cd1766b125b,s,A,QB8,17,5,UVH13s,12,-0.04000000000000001,0.0,0.0,565,1024,0.5517578125
01a0a594-d17f-7f32-a6dc-5cd1766b125b,s,A,QB8,17,5,UVH13s,13,-0.026666666666666672,0.0,0.0,520,1024,0.5078125
01a0a594-d17f-7f32-a6dc-5cd1766b125b,s,A,QB8,17,5,UVH13s,14,-0.013333333333333336,0.0,0.0,565,1024,0.5517578125
01a0a594-d17f-7f32-a6dc-5cd1766b125b,s,A,QB8,17,5,UVH13s,15,0.0,0.0,0.0,577,1024,0.5634765625
01a0a594-d17f-7f32-a6dc-5cd1766b125b,s,A,QB8,17,5,UVH13s,16,0.013333333333333336,0.0,0.0,533,1024,0.5205078125
01a0a594-d17f-7f32-a6dc-5cd1766b125b,s,A,QB8,17,5,UVH13s,17,0.026666666666666672,0.0,0.0,539,1024,0.5263671875
01a0a594-d17f-7f32-a6dc-5cd1766b125b,s,A,QB8,17,5,UVH13s,18,0.04000000000000001,0.0,0.0,551,1024,0.5380859375
01a0a594-d17f-7f32-a6dc-5cd1766b125b,s,A,QB8,17,5,UVH13s,19,0.053333333333333344,0.0,0.0,543,1024,0.5302734375
01a0a594-d17f-7f32-a6dc-5cd1766b125b,s,A,QB8,17,5,UVH13s,20,0.06666666666666665,0.0,0.0,564,1024,0.55078125
01a0a594-d17f-7f32-a6dc-5cd1766b125b,s,A,QB8,17,5,UVH13s,21,0.08000000000000002,0.0,0.0,526,1024,0.513671875
01a0a594-d17f-7f32-a6dc-5cd1766b125b,s,A,QB8,17,5,UVH13s,22,0.09333333333333332,0.0,0.0,535,1024,0.5224609375
01a0a594-d17f-7f32-a6dc-5cd1766b125b,s,A,QB8,17,5,UVH13s,23,0.10666666666666669,0.0,0.0,544,1024,0.53125
01a0a594-d17f-7f32-a6dc-5cd1766b125b,s,A,QB8,17,5,UVH13s,24,0.12,0.0,0.0,536,1024,0.5234375
01a0a594-d17f-7f32-a6dc-5cd1766b125b,s,A,QB8,17,5,UVH13s,25,0.13333333333333336,0.0,0.0,525,1024,0.5126953125
01a0a594-d17f-7f32-a6dc-5cd1766b125b,s,A,QB8,17,5,UVH13s,26,0.14666666666666667,0.0,0.0,555,1024,0.5419921875
01a0a594-d17f-7f32-a6dc-5cd1766b125b,s,A,QB8,17,5,UVH13s,27,0.16000000000000003,0.0,0.0,537,1024,0.5244140625
01a0a594-d17f-7f32-a6dc-5cd1766b125b,s,A,QB8,17,5,UVH13s,28,0.17333333333333334,0.0,0.0,547,1024,0.5341796875
01a0a594-d17f-7f32-a6dc-5cd1766b125b,s,A,QB8,17,5,UVH13s,29,0.1866666666666667,0.0,0.0,526,1024,0.513671875
01a0a594-d17f-7f32-a6dc-5cd1766b125b,s,A,QB8,17,5,UVH13s,30,0.2,0.0,0.0,543,1024,0.5302734375
01a0a594-d17f-7f32-a6dc-5cd1766b125b,s,A,QB7,18,0,standard_pi_2,0,-0.2,0.0,0.0,396,1024,0.38671875
01a0a594-d17f-7f32-a6dc-5cd1766b125b,s,A,QB7,18,0,standard_pi_2,1,-0.18666666666666668,0.0,0.0,432,1024,0.421875
01a0a594-d17f-7f32-a6dc-5cd1766b125b,s,A,QB7,18,0,standard_pi_2,2,-0.17333333333333334,0.0,0.0,414,1024,0.404296875
01a0a594-d17f-7f32-a6dc-5cd1766b125b,s,A,QB7,18,0,standard_pi_2,3,-0.16,0.0,0.0,383,1024,0.3740234375
01a0a594-d17f-7f32-a6dc-5cd1766b125b,s,A,QB7,18,0,standard_pi_2,4,-0.14666666666666667,0.0,0.0,456,1024,0.4453125
01a0a594-d17f-7f32-a6dc-5cd1766b125b,s,A,QB7,18,0,standard_pi_2,5,-0.13333333333333336,0.0,0.0,396,1024,0.38671875
01a0a594-d17f-7f32-a6dc-5cd1766b125b,s,A,QB7,18,0,standard_pi_2,6,-0.12000000000000001,0.0,0.0,431,1024,0.4208984375
01a0a594-d17f-7f32-a6dc-5cd1766b125b,s,A,QB7,18,0,standard_pi_2,7,-0.10666666666666667,0.0,0.0,462,1024,0.451171875
01a0a594-d17f-7f32-a6dc-5cd1766b125b,s,A,QB7,18,0,standard_pi_2,8,-0.09333333333333334,0.0,0.0,461,1024,0.4501953125
01a0a594-d17f-7f32-a6dc-5cd1766b125b,s,A,QB7,18,0,standard_pi_2,9,-0.08,0.0,0.0,475,1024,0.4638671875
01a0a594-d17f-7f32-a6dc-5cd1766b125b,s,A,QB7,18,0,standard_pi_2,10,-0.06666666666666668,0.0,0.0,458,1024,0.447265625
01a0a594-d17f-7f32-a6dc-5cd1766b125b,s,A,QB7,18,0,standard_pi_2,11,-0.053333333333333344,0.0,0.0,489,1024,0.4775390625
01a0a594-d17f-7f32-a6dc-5cd1766b125b,s,A,QB7,18,0,standard_pi_2,12,-0.04000000000000001,0.0,0.0,506,1024,0.494140625
01a0a594-d17f-7f32-a6dc-5cd1766b125b,s,A,QB7,18,0,standard_pi_2,13,-0.026666666666666672,0.0,0.0,533,1024,0.5205078125
01a0a594-d17f-7f32-a6dc-5cd1766b125b,s,A,QB7,18,0,standard_pi_2,14,-0.013333333333333336,0.0,0.0,539,1024,0.5263671875
01a0a594-d17f-7f32-a6dc-5cd1766b125b,s,A,QB7,18,0,standard_pi_2,15,0.0,0.0,0.0,525,1024,0.5126953125
01a0a594-d17f-7f32-a6dc-5cd1766b125b,s,A,QB7,18,0,standard_pi_2,16,0.013333333333333336,0.0,0.0,558,1024,0.544921875
01a0a594-d17f-7f32-a6dc-5cd1766b125b,s,A,QB7,18,0,standard_pi_2,17,0.026666666666666672,0.0,0.0,570,1024,0.556640625
01a0a594-d17f-7f32-a6dc-5cd1766b125b,s,A,QB7,18,0,standard_pi_2,18,0.04000000000000001,0.0,0.0,566,1024,0.552734375
01a0a594-d17f-7f32-a6dc-5cd1766b125b,s,A,QB7,18,0,standard_pi_2,19,0.053333333333333344,0.0,0.0,583,1024,0.5693359375
01a0a594-d17f-7f32-a6dc-5cd1766b125b,s,A,QB7,18,0,standard_pi_2,20,0.06666666666666665,0.0,0.0,577,1024,0.5634765625
01a0a594-d17f-7f32-a6dc-5cd1766b125b,s,A,QB7,18,0,standard_pi_2,21,0.08000000000000002,0.0,0.0,614,1024,0.599609375
01a0a594-d17f-7f32-a6dc-5cd1766b125b,s,A,QB7,18,0,standard_pi_2,22,0.09333333333333332,0.0,0.0,605,1024,0.5908203125
01a0a594-d17f-7f32-a6dc-5cd1766b125b,s,A,QB7,18,0,standard_pi_2,23,0.10666666666666669,0.0,0.0,604,1024,0.58984375
01a0a594-d17f-7f32-a6dc-5cd1766b125b,s,A,QB7,18,0,standard_pi_2,24,0.12,0.0,0.0,623,1024,0.6083984375
01a0a594-d17f-7f32-a6dc-5cd1766b125b,s,A,QB7,18,0,standard_pi_2,25,0.13333333333333336,0.0,0.0,613,1024,0.5986328125
01a0a594-d17f-7f32-a6dc-5cd1766b125b,s,A,QB7,18,0,standard_pi_2,26,0.14666666666666667,0.0,0.0,658,1024,0.642578125
01a0a594-d17f-7f32-a6dc-5cd1766b125b,s,A,QB7,18,0,standard_pi_2,27,0.16000000000000003,0.0,0.0,632,1024,0.6171875
01a0a594-d17f-7f32-a6dc-5cd1766b125b,s,A,QB7,18,0,standard_pi_2,28,0.17333333333333334,0.0,0.0,661,1024,0.6455078125
01a0a594-d17f-7f32-a6dc-5cd1766b125b,s,A,QB7,18,0,standard_pi_2,29,0.1866666666666667,0.0,0.0,655,1024,0.6396484375
01a0a594-d17f-7f32-a6dc-5cd1766b125b,s,A,QB7,18,0,standard_pi_2,30,0.2,0.0,0.0,675,1024,0.6591796875
01a0a594-d17f-7f32-a6dc-5cd1766b125b,s,A,QB7,18,1,UVH5s,0,-0.2,0.0,0.0,444,1024,0.43359375
01a0a594-d17f-7f32-a6dc-5cd1766b125b,s,A,QB7,18,1,UVH5s,1,-0.18666666666666668,0.0,0.0,438,1024,0.427734375
01a0a594-d17f-7f32-a6dc-5cd1766b125b,s,A,QB7,18,1,UVH5s,2,-0.17333333333333334,0.0,0.0,478,1024,0.466796875
01a0a594-d17f-7f32-a6dc-5cd1766b125b,s,A,QB7,18,1,UVH5s,3,-0.16,0.0,0.0,429,1024,0.4189453125
01a0a594-d17f-7f32-a6dc-5cd1766b125b,s,A,QB7,18,1,UVH5s,4,-0.14666666666666667,0.0,0.0,447,1024,0.4365234375
01a0a594-d17f-7f32-a6dc-5cd1766b125b,s,A,QB7,18,1,UVH5s,5,-0.13333333333333336,0.0,0.0,458,1024,0.447265625
01a0a594-d17f-7f32-a6dc-5cd1766b125b,s,A,QB7,18,1,UVH5s,6,-0.12000000000000001,0.0,0.0,447,1024,0.4365234375
01a0a594-d17f-7f32-a6dc-5cd1766b125b,s,A,QB7,18,1,UVH5s,7,-0.10666666666666667,0.0,0.0,452,1024,0.44140625
01a0a594-d17f-7f32-a6dc-5cd1766b125b,s,A,QB7,18,1,UVH5s,8,-0.09333333333333334,0.0,0.0,456,1024,0.4453125
01a0a594-d17f-7f32-a6dc-5cd1766b125b,s,A,QB7,18,1,UVH5s,9,-0.08,0.0,0.0,420,1024,0.41015625
01a0a594-d17f-7f32-a6dc-5cd1766b125b,s,A,QB7,18,1,UVH5s,10,-0.06666666666666668,0.0,0.0,453,1024,0.4423828125
01a0a594-d17f-7f32-a6dc-5cd1766b125b,s,A,QB7,18,1,UVH5s,11,-0.053333333333333344,0.0,0.0,415,1024,0.4052734375
01a0a594-d17f-7f32-a6dc-5cd1766b125b,s,A,QB7,18,1,UVH5s,12,-0.04000000000000001,0.0,0.0,415,1024,0.4052734375
01a0a594-d17f-7f32-a6dc-5cd1766b125b,s,A,QB7,18,1,UVH5s,13,-0.026666666666666672,0.0,0.0,453,1024,0.4423828125
01a0a594-d17f-7f32-a6dc-5cd1766b125b,s,A,QB7,18,1,UVH5s,14,-0.013333333333333336,0.0,0.0,423,1024,0.4130859375
01a0a594-d17f-7f32-a6dc-5cd1766b125b,s,A,QB7,18,1,UVH5s,15,0.0,0.0,0.0,433,1024,0.4228515625
01a0a594-d17f-7f32-a6dc-5cd1766b125b,s,A,QB7,18,1,UVH5s,16,0.013333333333333336,0.0,0.0,396,1024,0.38671875
01a0a594-d17f-7f32-a6dc-5cd1766b125b,s,A,QB7,18,1,UVH5s,17,0.026666666666666672,0.0,0.0,450,1024,0.439453125
01a0a594-d17f-7f32-a6dc-5cd1766b125b,s,A,QB7,18,1,UVH5s,18,0.04000000000000001,0.0,0.0,437,1024,0.4267578125
01a0a594-d17f-7f32-a6dc-5cd1766b125b,s,A,QB7,18,1,UVH5s,19,0.053333333333333344,0.0,0.0,387,1024,0.3779296875
01a0a594-d17f-7f32-a6dc-5cd1766b125b,s,A,QB7,18,1,UVH5s,20,0.06666666666666665,0.0,0.0,417,1024,0.4072265625
01a0a594-d17f-7f32-a6dc-5cd1766b125b,s,A,QB7,18,1,UVH5s,21,0.08000000000000002,0.0,0.0,408,1024,0.3984375
01a0a594-d17f-7f32-a6dc-5cd1766b125b,s,A,QB7,18,1,UVH5s,22,0.09333333333333332,0.0,0.0,447,1024,0.4365234375
01a0a594-d17f-7f32-a6dc-5cd1766b125b,s,A,QB7,18,1,UVH5s,23,0.10666666666666669,0.0,0.0,395,1024,0.3857421875
01a0a594-d17f-7f32-a6dc-5cd1766b125b,s,A,QB7,18,1,UVH5s,24,0.12,0.0,0.0,427,1024,0.4169921875
01a0a594-d17f-7f32-a6dc-5cd1766b125b,s,A,QB7,18,1,UVH5s,25,0.13333333333333336,0.0,0.0,409,1024,0.3994140625
01a0a594-d17f-7f32-a6dc-5cd1766b125b,s,A,QB7,18,1,UVH5s,26,0.14666666666666667,0.0,0.0,390,1024,0.380859375
01a0a594-d17f-7f32-a6dc-5cd1766b125b,s,A,QB7,18,1,UVH5s,27,0.16000000000000003,0.0,0.0,386,1024,0.376953125
01a0a594-d17f-7f32-a6dc-5cd1766b125b,s,A,QB7,18,1,UVH5s,28,0.17333333333333334,0.0,0.0,407,1024,0.3974609375
01a0a594-d17f-7f32-a6dc-5cd1766b125b,s,A,QB7,18,1,UVH5s,29,0.1866666666666667,0.0,0.0,393,1024,0.3837890625
01a0a594-d17f-7f32-a6dc-5cd1766b125b,s,A,QB7,18,1,UVH5s,30,0.2,0.0,0.0,400,1024,0.390625
01a0a594-d17f-7f32-a6dc-5cd1766b125b,s,A,QB7,18,2,UVH7s,0,-0.2,0.0,0.0,412,1024,0.40234375
01a0a594-d17f-7f32-a6dc-5cd1766b125b,s,A,QB7,18,2,UVH7s,1,-0.18666666666666668,0.0,0.0,407,1024,0.3974609375
01a0a594-d17f-7f32-a6dc-5cd1766b125b,s,A,QB7,18,2,UVH7s,2,-0.17333333333333334,0.0,0.0,371,1024,0.3623046875
01a0a594-d17f-7f32-a6dc-5cd1766b125b,s,A,QB7,18,2,UVH7s,3,-0.16,0.0,0.0,384,1024,0.375
01a0a594-d17f-7f32-a6dc-5cd1766b125b,s,A,QB7,18,2,UVH7s,4,-0.14666666666666667,0.0,0.0,362,1024,0.353515625
01a0a594-d17f-7f32-a6dc-5cd1766b125b,s,A,QB7,18,2,UVH7s,5,-0.13333333333333336,0.0,0.0,420,1024,0.41015625
01a0a594-d17f-7f32-a6dc-5cd1766b125b,s,A,QB7,18,2,UVH7s,6,-0.12000000000000001,0.0,0.0,412,1024,0.40234375
01a0a594-d17f-7f32-a6dc-5cd1766b125b,s,A,QB7,18,2,UVH7s,7,-0.10666666666666667,0.0,0.0,380,1024,0.37109375
01a0a594-d17f-7f32-a6dc-5cd1766b125b,s,A,QB7,18,2,UVH7s,8,-0.09333333333333334,0.0,0.0,403,1024,0.3935546875
01a0a594-d17f-7f32-a6dc-5cd1766b125b,s,A,QB7,18,2,UVH7s,9,-0.08,0.0,0.0,377,1024,0.3681640625
01a0a594-d17f-7f32-a6dc-5cd1766b125b,s,A,QB7,18,2,UVH7s,10,-0.06666666666666668,0.0,0.0,396,1024,0.38671875
01a0a594-d17f-7f32-a6dc-5cd1766b125b,s,A,QB7,18,2,UVH7s,11,-0.053333333333333344,0.0,0.0,407,1024,0.3974609375
01a0a594-d17f-7f32-a6dc-5cd1766b125b,s,A,QB7,18,2,UVH7s,12,-0.04000000000000001,0.0,0.0,424,1024,0.4140625
01a0a594-d17f-7f32-a6dc-5cd1766b125b,s,A,QB7,18,2,UVH7s,13,-0.026666666666666672,0.0,0.0,441,1024,0.4306640625
01a0a594-d17f-7f32-a6dc-5cd1766b125b,s,A,QB7,18,2,UVH7s,14,-0.013333333333333336,0.0,0.0,417,1024,0.4072265625
01a0a594-d17f-7f32-a6dc-5cd1766b125b,s,A,QB7,18,2,UVH7s,15,0.0,0.0,0.0,410,1024,0.400390625
01a0a594-d17f-7f32-a6dc-5cd1766b125b,s,A,QB7,18,2,UVH7s,16,0.013333333333333336,0.0,0.0,435,1024,0.4248046875
01a0a594-d17f-7f32-a6dc-5cd1766b125b,s,A,QB7,18,2,UVH7s,17,0.026666666666666672,0.0,0.0,442,1024,0.431640625
01a0a594-d17f-7f32-a6dc-5cd1766b125b,s,A,QB7,18,2,UVH7s,18,0.04000000000000001,0.0,0.0,406,1024,0.396484375
01a0a594-d17f-7f32-a6dc-5cd1766b125b,s,A,QB7,18,2,UVH7s,19,0.053333333333333344,0.0,0.0,438,1024,0.427734375
01a0a594-d17f-7f32-a6dc-5cd1766b125b,s,A,QB7,18,2,UVH7s,20,0.06666666666666665,0.0,0.0,473,1024,0.4619140625
01a0a594-d17f-7f32-a6dc-5cd1766b125b,s,A,QB7,18,2,UVH7s,21,0.08000000000000002,0.0,0.0,421,1024,0.4111328125
01a0a594-d17f-7f32-a6dc-5cd1766b125b,s,A,QB7,18,2,UVH7s,22,0.09333333333333332,0.0,0.0,452,1024,0.44140625
01a0a594-d17f-7f32-a6dc-5cd1766b125b,s,A,QB7,18,2,UVH7s,23,0.10666666666666669,0.0,0.0,444,1024,0.43359375
01a0a594-d17f-7f32-a6dc-5cd1766b125b,s,A,QB7,18,2,UVH7s,24,0.12,0.0,0.0,443,1024,0.4326171875
01a0a594-d17f-7f32-a6dc-5cd1766b125b,s,A,QB7,18,2,UVH7s,25,0.13333333333333336,0.0,0.0,491,1024,0.4794921875
01a0a594-d17f-7f32-a6dc-5cd1766b125b,s,A,QB7,18,2,UVH7s,26,0.14666666666666667,0.0,0.0,436,1024,0.42578125
01a0a594-d17f-7f32-a6dc-5cd1766b125b,s,A,QB7,18,2,UVH7s,27,0.16000000000000003,0.0,0.0,462,1024,0.451171875
01a0a594-d17f-7f32-a6dc-5cd1766b125b,s,A,QB7,18,2,UVH7s,28,0.17333333333333334,0.0,0.0,443,1024,0.4326171875
01a0a594-d17f-7f32-a6dc-5cd1766b125b,s,A,QB7,18,2,UVH7s,29,0.1866666666666667,0.0,0.0,465,1024,0.4541015625
01a0a594-d17f-7f32-a6dc-5cd1766b125b,s,A,QB7,18,2,UVH7s,30,0.2,0.0,0.0,453,1024,0.4423828125
01a0a594-d17f-7f32-a6dc-5cd1766b125b,s,A,QB7,18,3,UVH9s,0,-0.2,0.0,0.0,419,1024,0.4091796875
01a0a594-d17f-7f32-a6dc-5cd1766b125b,s,A,QB7,18,3,UVH9s,1,-0.18666666666666668,0.0,0.0,419,1024,0.4091796875
01a0a594-d17f-7f32-a6dc-5cd1766b125b,s,A,QB7,18,3,UVH9s,2,-0.17333333333333334,0.0,0.0,432,1024,0.421875
01a0a594-d17f-7f32-a6dc-5cd1766b125b,s,A,QB7,18,3,UVH9s,3,-0.16,0.0,0.0,443,1024,0.4326171875
01a0a594-d17f-7f32-a6dc-5cd1766b125b,s,A,QB7,18,3,UVH9s,4,-0.14666666666666667,0.0,0.0,407,1024,0.3974609375
01a0a594-d17f-7f32-a6dc-5cd1766b125b,s,A,QB7,18,3,UVH9s,5,-0.13333333333333336,0.0,0.0,426,1024,0.416015625
01a0a594-d17f-7f32-a6dc-5cd1766b125b,s,A,QB7,18,3,UVH9s,6,-0.12000000000000001,0.0,0.0,401,1024,0.3916015625
01a0a594-d17f-7f32-a6dc-5cd1766b125b,s,A,QB7,18,3,UVH9s,7,-0.10666666666666667,0.0,0.0,418,1024,0.408203125
01a0a594-d17f-7f32-a6dc-5cd1766b125b,s,A,QB7,18,3,UVH9s,8,-0.09333333333333334,0.0,0.0,436,1024,0.42578125
01a0a594-d17f-7f32-a6dc-5cd1766b125b,s,A,QB7,18,3,UVH9s,9,-0.08,0.0,0.0,414,1024,0.404296875
01a0a594-d17f-7f32-a6dc-5cd1766b125b,s,A,QB7,18,3,UVH9s,10,-0.06666666666666668,0.0,0.0,410,1024,0.400390625
01a0a594-d17f-7f32-a6dc-5cd1766b125b,s,A,QB7,18,3,UVH9s,11,-0.053333333333333344,0.0,0.0,419,1024,0.4091796875
01a0a594-d17f-7f32-a6dc-5cd1766b125b,s,A,QB7,18,3,UVH9s,12,-0.04000000000000001,0.0,0.0,406,1024,0.396484375
01a0a594-d17f-7f32-a6dc-5cd1766b125b,s,A,QB7,18,3,UVH9s,13,-0.026666666666666672,0.0,0.0,431,1024,0.4208984375
01a0a594-d17f-7f32-a6dc-5cd1766b125b,s,A,QB7,18,3,UVH9s,14,-0.013333333333333336,0.0,0.0,415,1024,0.4052734375
01a0a594-d17f-7f32-a6dc-5cd1766b125b,s,A,QB7,18,3,UVH9s,15,0.0,0.0,0.0,435,1024,0.4248046875
01a0a594-d17f-7f32-a6dc-5cd1766b125b,s,A,QB7,18,3,UVH9s,16,0.013333333333333336,0.0,0.0,398,1024,0.388671875
01a0a594-d17f-7f32-a6dc-5cd1766b125b,s,A,QB7,18,3,UVH9s,17,0.026666666666666672,0.0,0.0,431,1024,0.4208984375
01a0a594-d17f-7f32-a6dc-5cd1766b125b,s,A,QB7,18,3,UVH9s,18,0.04000000000000001,0.0,0.0,406,1024,0.396484375
01a0a594-d17f-7f32-a6dc-5cd1766b125b,s,A,QB7,18,3,UVH9s,19,0.053333333333333344,0.0,0.0,416,1024,0.40625
01a0a594-d17f-7f32-a6dc-5cd1766b125b,s,A,QB7,18,3,UVH9s,20,0.06666666666666665,0.0,0.0,447,1024,0.4365234375
01a0a594-d17f-7f32-a6dc-5cd1766b125b,s,A,QB7,18,3,UVH9s,21,0.08000000000000002,0.0,0.0,394,1024,0.384765625
01a0a594-d17f-7f32-a6dc-5cd1766b125b,s,A,QB7,18,3,UVH9s,22,0.09333333333333332,0.0,0.0,437,1024,0.4267578125
01a0a594-d17f-7f32-a6dc-5cd1766b125b,s,A,QB7,18,3,UVH9s,23,0.10666666666666669,0.0,0.0,408,1024,0.3984375
01a0a594-d17f-7f32-a6dc-5cd1766b125b,s,A,QB7,18,3,UVH9s,24,0.12,0.0,0.0,401,1024,0.3916015625
01a0a594-d17f-7f32-a6dc-5cd1766b125b,s,A,QB7,18,3,UVH9s,25,0.13333333333333336,0.0,0.0,401,1024,0.3916015625
01a0a594-d17f-7f32-a6dc-5cd1766b125b,s,A,QB7,18,3,UVH9s,26,0.14666666666666667,0.0,0.0,405,1024,0.3955078125
01a0a594-d17f-7f32-a6dc-5cd1766b125b,s,A,QB7,18,3,UVH9s,27,0.16000000000000003,0.0,0.0,401,1024,0.3916015625
01a0a594-d17f-7f32-a6dc-5cd1766b125b,s,A,QB7,18,3,UVH9s,28,0.17333333333333334,0.0,0.0,405,1024,0.3955078125
01a0a594-d17f-7f32-a6dc-5cd1766b125b,s,A,QB7,18,3,UVH9s,29,0.1866666666666667,0.0,0.0,407,1024,0.3974609375
01a0a594-d17f-7f32-a6dc-5cd1766b125b,s,A,QB7,18,3,UVH9s,30,0.2,0.0,0.0,407,1024,0.3974609375
01a0a594-d17f-7f32-a6dc-5cd1766b125b,s,A,QB7,18,4,UVH11s,0,-0.2,0.0,0.0,611,1024,0.5966796875
01a0a594-d17f-7f32-a6dc-5cd1766b125b,s,A,QB7,18,4,UVH11s,1,-0.18666666666666668,0.0,0.0,622,1024,0.607421875
01a0a594-d17f-7f32-a6dc-5cd1766b125b,s,A,QB7,18,4,UVH11s,2,-0.17333333333333334,0.0,0.0,612,1024,0.59765625
01a0a594-d17f-7f32-a6dc-5cd1766b125b,s,A,QB7,18,4,UVH11s,3,-0.16,0.0,0.0,628,1024,0.61328125
01a0a594-d17f-7f32-a6dc-5cd1766b125b,s,A,QB7,18,4,UVH11s,4,-0.14666666666666667,0.0,0.0,571,1024,0.5576171875
01a0a594-d17f-7f32-a6dc-5cd1766b125b,s,A,QB7,18,4,UVH11s,5,-0.13333333333333336,0.0,0.0,580,1024,0.56640625
01a0a594-d17f-7f32-a6dc-5cd1766b125b,s,A,QB7,18,4,UVH11s,6,-0.12000000000000001,0.0,0.0,604,1024,0.58984375
01a0a594-d17f-7f32-a6dc-5cd1766b125b,s,A,QB7,18,4,UVH11s,7,-0.10666666666666667,0.0,0.0,590,1024,0.576171875
01a0a594-d17f-7f32-a6dc-5cd1766b125b,s,A,QB7,18,4,UVH11s,8,-0.09333333333333334,0.0,0.0,546,1024,0.533203125
01a0a594-d17f-7f32-a6dc-5cd1766b125b,s,A,QB7,18,4,UVH11s,9,-0.08,0.0,0.0,550,1024,0.537109375
01a0a594-d17f-7f32-a6dc-5cd1766b125b,s,A,QB7,18,4,UVH11s,10,-0.06666666666666668,0.0,0.0,537,1024,0.5244140625
01a0a594-d17f-7f32-a6dc-5cd1766b125b,s,A,QB7,18,4,UVH11s,11,-0.053333333333333344,0.0,0.0,523,1024,0.5107421875
01a0a594-d17f-7f32-a6dc-5cd1766b125b,s,A,QB7,18,4,UVH11s,12,-0.04000000000000001,0.0,0.0,546,1024,0.533203125
01a0a594-d17f-7f32-a6dc-5cd1766b125b,s,A,QB7,18,4,UVH11s,13,-0.026666666666666672,0.0,0.0,533,1024,0.5205078125
01a0a594-d17f-7f32-a6dc-5cd1766b125b,s,A,QB7,18,4,UVH11s,14,-0.013333333333333336,0.0,0.0,501,1024,0.4892578125
01a0a594-d17f-7f32-a6dc-5cd1766b125b,s,A,QB7,18,4,UVH11s,15,0.0,0.0,0.0,482,1024,0.470703125
01a0a594-d17f-7f32-a6dc-5cd1766b125b,s,A,QB7,18,4,UVH11s,16,0.013333333333333336,0.0,0.0,504,1024,0.4921875
01a0a594-d17f-7f32-a6dc-5cd1766b125b,s,A,QB7,18,4,UVH11s,17,0.026666666666666672,0.0,0.0,496,1024,0.484375
01a0a594-d17f-7f32-a6dc-5cd1766b125b,s,A,QB7,18,4,UVH11s,18,0.04000000000000001,0.0,0.0,472,1024,0.4609375
01a0a594-d17f-7f32-a6dc-5cd1766b125b,s,A,QB7,18,4,UVH11s,19,0.053333333333333344,0.0,0.0,459,1024,0.4482421875
01a0a594-d17f-7f32-a6dc-5cd1766b125b,s,A,QB7,18,4,UVH11s,20,0.06666666666666665,0.0,0.0,454,1024,0.443359375
01a0a594-d17f-7f32-a6dc-5cd1766b125b,s,A,QB7,18,4,UVH11s,21,0.08000000000000002,0.0,0.0,470,1024,0.458984375
01a0a594-d17f-7f32-a6dc-5cd1766b125b,s,A,QB7,18,4,UVH11s,22,0.09333333333333332,0.0,0.0,450,1024,0.439453125
01a0a594-d17f-7f32-a6dc-5cd1766b125b,s,A,QB7,18,4,UVH11s,23,0.10666666666666669,0.0,0.0,440,1024,0.4296875
01a0a594-d17f-7f32-a6dc-5cd1766b125b,s,A,QB7,18,4,UVH11s,24,0.12,0.0,0.0,433,1024,0.4228515625
01a0a594-d17f-7f32-a6dc-5cd1766b125b,s,A,QB7,18,4,UVH11s,25,0.13333333333333336,0.0,0.0,423,1024,0.4130859375
01a0a594-d17f-7f32-a6dc-5cd1766b125b,s,A,QB7,18,4,UVH11s,26,0.14666666666666667,0.0,0.0,416,1024,0.40625
01a0a594-d17f-7f32-a6dc-5cd1766b125b,s,A,QB7,18,4,UVH11s,27,0.16000000000000003,0.0,0.0,399,1024,0.3896484375
01a0a594-d17f-7f32-a6dc-5cd1766b125b,s,A,QB7,18,4,UVH11s,28,0.17333333333333334,0.0,0.0,415,1024,0.4052734375
01a0a594-d17f-7f32-a6dc-5cd1766b125b,s,A,QB7,18,4,UVH11s,29,0.1866666666666667,0.0,0.0,390,1024,0.380859375
01a0a594-d17f-7f32-a6dc-5cd1766b125b,s,A,QB7,18,4,UVH11s,30,0.2,0.0,0.0,374,1024,0.365234375
01a0a594-d17f-7f32-a6dc-5cd1766b125b,s,A,QB7,18,5,UVH13s,0,-0.2,0.0,0.0,596,1024,0.58203125
01a0a594-d17f-7f32-a6dc-5cd1766b125b,s,A,QB7,18,5,UVH13s,1,-0.18666666666666668,0.0,0.0,614,1024,0.599609375
01a0a594-d17f-7f32-a6dc-5cd1766b125b,s,A,QB7,18,5,UVH13s,2,-0.17333333333333334,0.0,0.0,620,1024,0.60546875
01a0a594-d17f-7f32-a6dc-5cd1766b125b,s,A,QB7,18,5,UVH13s,3,-0.16,0.0,0.0,620,1024,0.60546875
01a0a594-d17f-7f32-a6dc-5cd1766b125b,s,A,QB7,18,5,UVH13s,4,-0.14666666666666667,0.0,0.0,627,1024,0.6123046875
01a0a594-d17f-7f32-a6dc-5cd1766b125b,s,A,QB7,18,5,UVH13s,5,-0.13333333333333336,0.0,0.0,614,1024,0.599609375
01a0a594-d17f-7f32-a6dc-5cd1766b125b,s,A,QB7,18,5,UVH13s,6,-0.12000000000000001,0.0,0.0,637,1024,0.6220703125
01a0a594-d17f-7f32-a6dc-5cd1766b125b,s,A,QB7,18,5,UVH13s,7,-0.10666666666666667,0.0,0.0,624,1024,0.609375
01a0a594-d17f-7f32-a6dc-5cd1766b125b,s,A,QB7,18,5,UVH13s,8,-0.09333333333333334,0.0,0.0,641,1024,0.6259765625
01a0a594-d17f-7f32-a6dc-5cd1766b125b,s,A,QB7,18,5,UVH13s,9,-0.08,0.0,0.0,659,1024,0.6435546875
01a0a594-d17f-7f32-a6dc-5cd1766b125b,s,A,QB7,18,5,UVH13s,10,-0.06666666666666668,0.0,0.0,612,1024,0.59765625
01a0a594-d17f-7f32-a6dc-5cd1766b125b,s,A,QB7,18,5,UVH13s,11,-0.053333333333333344,0.0,0.0,592,1024,0.578125
01a0a594-d17f-7f32-a6dc-5cd1766b125b,s,A,QB7,18,5,UVH13s,12,-0.04000000000000001,0.0,0.0,654,1024,0.638671875
01a0a594-d17f-7f32-a6dc-5cd1766b125b,s,A,QB7,18,5,UVH13s,13,-0.026666666666666672,0.0,0.0,627,1024,0.6123046875
01a0a594-d17f-7f32-a6dc-5cd1766b125b,s,A,QB7,18,5,UVH13s,14,-0.013333333333333336,0.0,0.0,641,1024,0.6259765625
01a0a594-d17f-7f32-a6dc-5cd1766b125b,s,A,QB7,18,5,UVH13s,15,0.0,0.0,0.0,641,1024,0.6259765625
01a0a594-d17f-7f32-a6dc-5cd1766b125b,s,A,QB7,18,5,UVH13s,16,0.013333333333333336,0.0,0.0,641,1024,0.6259765625
01a0a594-d17f-7f32-a6dc-5cd1766b125b,s,A,QB7,18,5,UVH13s,17,0.026666666666666672,0.0,0.0,630,1024,0.615234375
01a0a594-d17f-7f32-a6dc-5cd1766b125b,s,A,QB7,18,5,UVH13s,18,0.04000000000000001,0.0,0.0,638,1024,0.623046875
01a0a594-d17f-7f32-a6dc-5cd1766b125b,s,A,QB7,18,5,UVH13s,19,0.053333333333333344,0.0,0.0,636,1024,0.62109375
01a0a594-d17f-7f32-a6dc-5cd1766b125b,s,A,QB7,18,5,UVH13s,20,0.06666666666666665,0.0,0.0,641,1024,0.6259765625
01a0a594-d17f-7f32-a6dc-5cd1766b125b,s,A,QB7,18,5,UVH13s,21,0.08000000000000002,0.0,0.0,652,1024,0.63671875
01a0a594-d17f-7f32-a6dc-5cd1766b125b,s,A,QB7,18,5,UVH13s,22,0.09333333333333332,0.0,0.0,646,1024,0.630859375
01a0a594-d17f-7f32-a6dc-5cd1766b125b,s,A,QB7,18,5,UVH13s,23,0.10666666666666669,0.0,0.0,646,1024,0.630859375
01a0a594-d17f-7f32-a6dc-5cd1766b125b,s,A,QB7,18,5,UVH13s,24,0.12,0.0,0.0,633,1024,0.6181640625
01a0a594-d17f-7f32-a6dc-5cd1766b125b,s,A,QB7,18,5,UVH13s,25,0.13333333333333336,0.0,0.0,650,1024,0.634765625
01a0a594-d17f-7f32-a6dc-5cd1766b125b,s,A,QB7,18,5,UVH13s,26,0.14666666666666667,0.0,0.0,610,1024,0.595703125
01a0a594-d17f-7f32-a6dc-5cd1766b125b,s,A,QB7,18,5,UVH13s,27,0.16000000000000003,0.0,0.0,655,1024,0.6396484375
01a0a594-d17f-7f32-a6dc-5cd1766b125b,s,A,QB7,18,5,UVH13s,28,0.17333333333333334,0.0,0.0,661,1024,0.6455078125
01a0a594-d17f-7f32-a6dc-5cd1766b125b,s,A,QB7,18,5,UVH13s,29,0.1866666666666667,0.0,0.0,672,1024,0.65625
01a0a594-d17f-7f32-a6dc-5cd1766b125b,s,A,QB7,18,5,UVH13s,30,0.2,0.0,0.0,643,1024,0.6279296875
01a0a594-d17f-7f32-a6dc-5cd1766b125b,s,A,QB12,19,0,standard_pi_2,0,-0.2,0.0,0.0,333,1024,0.3251953125
01a0a594-d17f-7f32-a6dc-5cd1766b125b,s,A,QB12,19,0,standard_pi_2,1,-0.18666666666666668,0.0,0.0,314,1024,0.306640625
01a0a594-d17f-7f32-a6dc-5cd1766b125b,s,A,QB12,19,0,standard_pi_2,2,-0.17333333333333334,0.0,0.0,346,1024,0.337890625
01a0a594-d17f-7f32-a6dc-5cd1766b125b,s,A,QB12,19,0,standard_pi_2,3,-0.16,0.0,0.0,335,1024,0.3271484375
01a0a594-d17f-7f32-a6dc-5cd1766b125b,s,A,QB12,19,0,standard_pi_2,4,-0.14666666666666667,0.0,0.0,365,1024,0.3564453125
01a0a594-d17f-7f32-a6dc-5cd1766b125b,s,A,QB12,19,0,standard_pi_2,5,-0.13333333333333336,0.0,0.0,371,1024,0.3623046875
01a0a594-d17f-7f32-a6dc-5cd1766b125b,s,A,QB12,19,0,standard_pi_2,6,-0.12000000000000001,0.0,0.0,356,1024,0.34765625
01a0a594-d17f-7f32-a6dc-5cd1766b125b,s,A,QB12,19,0,standard_pi_2,7,-0.10666666666666667,0.0,0.0,402,1024,0.392578125
01a0a594-d17f-7f32-a6dc-5cd1766b125b,s,A,QB12,19,0,standard_pi_2,8,-0.09333333333333334,0.0,0.0,413,1024,0.4033203125
01a0a594-d17f-7f32-a6dc-5cd1766b125b,s,A,QB12,19,0,standard_pi_2,9,-0.08,0.0,0.0,431,1024,0.4208984375
01a0a594-d17f-7f32-a6dc-5cd1766b125b,s,A,QB12,19,0,standard_pi_2,10,-0.06666666666666668,0.0,0.0,422,1024,0.412109375
01a0a594-d17f-7f32-a6dc-5cd1766b125b,s,A,QB12,19,0,standard_pi_2,11,-0.053333333333333344,0.0,0.0,432,1024,0.421875
01a0a594-d17f-7f32-a6dc-5cd1766b125b,s,A,QB12,19,0,standard_pi_2,12,-0.04000000000000001,0.0,0.0,431,1024,0.4208984375
01a0a594-d17f-7f32-a6dc-5cd1766b125b,s,A,QB12,19,0,standard_pi_2,13,-0.026666666666666672,0.0,0.0,409,1024,0.3994140625
01a0a594-d17f-7f32-a6dc-5cd1766b125b,s,A,QB12,19,0,standard_pi_2,14,-0.013333333333333336,0.0,0.0,410,1024,0.400390625
01a0a594-d17f-7f32-a6dc-5cd1766b125b,s,A,QB12,19,0,standard_pi_2,15,0.0,0.0,0.0,449,1024,0.4384765625
01a0a594-d17f-7f32-a6dc-5cd1766b125b,s,A,QB12,19,0,standard_pi_2,16,0.013333333333333336,0.0,0.0,473,1024,0.4619140625
01a0a594-d17f-7f32-a6dc-5cd1766b125b,s,A,QB12,19,0,standard_pi_2,17,0.026666666666666672,0.0,0.0,485,1024,0.4736328125
01a0a594-d17f-7f32-a6dc-5cd1766b125b,s,A,QB12,19,0,standard_pi_2,18,0.04000000000000001,0.0,0.0,487,1024,0.4755859375
01a0a594-d17f-7f32-a6dc-5cd1766b125b,s,A,QB12,19,0,standard_pi_2,19,0.053333333333333344,0.0,0.0,505,1024,0.4931640625
01a0a594-d17f-7f32-a6dc-5cd1766b125b,s,A,QB12,19,0,standard_pi_2,20,0.06666666666666665,0.0,0.0,492,1024,0.48046875
01a0a594-d17f-7f32-a6dc-5cd1766b125b,s,A,QB12,19,0,standard_pi_2,21,0.08000000000000002,0.0,0.0,518,1024,0.505859375
01a0a594-d17f-7f32-a6dc-5cd1766b125b,s,A,QB12,19,0,standard_pi_2,22,0.09333333333333332,0.0,0.0,533,1024,0.5205078125
01a0a594-d17f-7f32-a6dc-5cd1766b125b,s,A,QB12,19,0,standard_pi_2,23,0.10666666666666669,0.0,0.0,519,1024,0.5068359375
01a0a594-d17f-7f32-a6dc-5cd1766b125b,s,A,QB12,19,0,standard_pi_2,24,0.12,0.0,0.0,593,1024,0.5791015625
01a0a594-d17f-7f32-a6dc-5cd1766b125b,s,A,QB12,19,0,standard_pi_2,25,0.13333333333333336,0.0,0.0,589,1024,0.5751953125
01a0a594-d17f-7f32-a6dc-5cd1766b125b,s,A,QB12,19,0,standard_pi_2,26,0.14666666666666667,0.0,0.0,553,1024,0.5400390625
01a0a594-d17f-7f32-a6dc-5cd1766b125b,s,A,QB12,19,0,standard_pi_2,27,0.16000000000000003,0.0,0.0,581,1024,0.5673828125
01a0a594-d17f-7f32-a6dc-5cd1766b125b,s,A,QB12,19,0,standard_pi_2,28,0.17333333333333334,0.0,0.0,584,1024,0.5703125
01a0a594-d17f-7f32-a6dc-5cd1766b125b,s,A,QB12,19,0,standard_pi_2,29,0.1866666666666667,0.0,0.0,620,1024,0.60546875
01a0a594-d17f-7f32-a6dc-5cd1766b125b,s,A,QB12,19,0,standard_pi_2,30,0.2,0.0,0.0,629,1024,0.6142578125
01a0a594-d17f-7f32-a6dc-5cd1766b125b,s,A,QB12,19,1,UVH5s,0,-0.2,0.0,0.0,451,1024,0.4404296875
01a0a594-d17f-7f32-a6dc-5cd1766b125b,s,A,QB12,19,1,UVH5s,1,-0.18666666666666668,0.0,0.0,471,1024,0.4599609375
01a0a594-d17f-7f32-a6dc-5cd1766b125b,s,A,QB12,19,1,UVH5s,2,-0.17333333333333334,0.0,0.0,480,1024,0.46875
01a0a594-d17f-7f32-a6dc-5cd1766b125b,s,A,QB12,19,1,UVH5s,3,-0.16,0.0,0.0,458,1024,0.447265625
01a0a594-d17f-7f32-a6dc-5cd1766b125b,s,A,QB12,19,1,UVH5s,4,-0.14666666666666667,0.0,0.0,489,1024,0.4775390625
01a0a594-d17f-7f32-a6dc-5cd1766b125b,s,A,QB12,19,1,UVH5s,5,-0.13333333333333336,0.0,0.0,455,1024,0.4443359375
01a0a594-d17f-7f32-a6dc-5cd1766b125b,s,A,QB12,19,1,UVH5s,6,-0.12000000000000001,0.0,0.0,453,1024,0.4423828125
01a0a594-d17f-7f32-a6dc-5cd1766b125b,s,A,QB12,19,1,UVH5s,7,-0.10666666666666667,0.0,0.0,430,1024,0.419921875
01a0a594-d17f-7f32-a6dc-5cd1766b125b,s,A,QB12,19,1,UVH5s,8,-0.09333333333333334,0.0,0.0,471,1024,0.4599609375
01a0a594-d17f-7f32-a6dc-5cd1766b125b,s,A,QB12,19,1,UVH5s,9,-0.08,0.0,0.0,451,1024,0.4404296875
01a0a594-d17f-7f32-a6dc-5cd1766b125b,s,A,QB12,19,1,UVH5s,10,-0.06666666666666668,0.0,0.0,448,1024,0.4375
01a0a594-d17f-7f32-a6dc-5cd1766b125b,s,A,QB12,19,1,UVH5s,11,-0.053333333333333344,0.0,0.0,487,1024,0.4755859375
01a0a594-d17f-7f32-a6dc-5cd1766b125b,s,A,QB12,19,1,UVH5s,12,-0.04000000000000001,0.0,0.0,452,1024,0.44140625
01a0a594-d17f-7f32-a6dc-5cd1766b125b,s,A,QB12,19,1,UVH5s,13,-0.026666666666666672,0.0,0.0,451,1024,0.4404296875
01a0a594-d17f-7f32-a6dc-5cd1766b125b,s,A,QB12,19,1,UVH5s,14,-0.013333333333333336,0.0,0.0,473,1024,0.4619140625
01a0a594-d17f-7f32-a6dc-5cd1766b125b,s,A,QB12,19,1,UVH5s,15,0.0,0.0,0.0,485,1024,0.4736328125
01a0a594-d17f-7f32-a6dc-5cd1766b125b,s,A,QB12,19,1,UVH5s,16,0.013333333333333336,0.0,0.0,423,1024,0.4130859375
01a0a594-d17f-7f32-a6dc-5cd1766b125b,s,A,QB12,19,1,UVH5s,17,0.026666666666666672,0.0,0.0,459,1024,0.4482421875
01a0a594-d17f-7f32-a6dc-5cd1766b125b,s,A,QB12,19,1,UVH5s,18,0.04000000000000001,0.0,0.0,461,1024,0.4501953125
01a0a594-d17f-7f32-a6dc-5cd1766b125b,s,A,QB12,19,1,UVH5s,19,0.053333333333333344,0.0,0.0,439,1024,0.4287109375
01a0a594-d17f-7f32-a6dc-5cd1766b125b,s,A,QB12,19,1,UVH5s,20,0.06666666666666665,0.0,0.0,451,1024,0.4404296875
01a0a594-d17f-7f32-a6dc-5cd1766b125b,s,A,QB12,19,1,UVH5s,21,0.08000000000000002,0.0,0.0,455,1024,0.4443359375
01a0a594-d17f-7f32-a6dc-5cd1766b125b,s,A,QB12,19,1,UVH5s,22,0.09333333333333332,0.0,0.0,433,1024,0.4228515625
01a0a594-d17f-7f32-a6dc-5cd1766b125b,s,A,QB12,19,1,UVH5s,23,0.10666666666666669,0.0,0.0,474,1024,0.462890625
01a0a594-d17f-7f32-a6dc-5cd1766b125b,s,A,QB12,19,1,UVH5s,24,0.12,0.0,0.0,438,1024,0.427734375
01a0a594-d17f-7f32-a6dc-5cd1766b125b,s,A,QB12,19,1,UVH5s,25,0.13333333333333336,0.0,0.0,455,1024,0.4443359375
01a0a594-d17f-7f32-a6dc-5cd1766b125b,s,A,QB12,19,1,UVH5s,26,0.14666666666666667,0.0,0.0,470,1024,0.458984375
01a0a594-d17f-7f32-a6dc-5cd1766b125b,s,A,QB12,19,1,UVH5s,27,0.16000000000000003,0.0,0.0,442,1024,0.431640625
01a0a594-d17f-7f32-a6dc-5cd1766b125b,s,A,QB12,19,1,UVH5s,28,0.17333333333333334,0.0,0.0,445,1024,0.4345703125
01a0a594-d17f-7f32-a6dc-5cd1766b125b,s,A,QB12,19,1,UVH5s,29,0.1866666666666667,0.0,0.0,434,1024,0.423828125
01a0a594-d17f-7f32-a6dc-5cd1766b125b,s,A,QB12,19,1,UVH5s,30,0.2,0.0,0.0,465,1024,0.4541015625
01a0a594-d17f-7f32-a6dc-5cd1766b125b,s,A,QB12,19,2,UVH7s,0,-0.2,0.0,0.0,500,1024,0.48828125
01a0a594-d17f-7f32-a6dc-5cd1766b125b,s,A,QB12,19,2,UVH7s,1,-0.18666666666666668,0.0,0.0,499,1024,0.4873046875
01a0a594-d17f-7f32-a6dc-5cd1766b125b,s,A,QB12,19,2,UVH7s,2,-0.17333333333333334,0.0,0.0,524,1024,0.51171875
01a0a594-d17f-7f32-a6dc-5cd1766b125b,s,A,QB12,19,2,UVH7s,3,-0.16,0.0,0.0,490,1024,0.478515625
01a0a594-d17f-7f32-a6dc-5cd1766b125b,s,A,QB12,19,2,UVH7s,4,-0.14666666666666667,0.0,0.0,507,1024,0.4951171875
01a0a594-d17f-7f32-a6dc-5cd1766b125b,s,A,QB12,19,2,UVH7s,5,-0.13333333333333336,0.0,0.0,506,1024,0.494140625
01a0a594-d17f-7f32-a6dc-5cd1766b125b,s,A,QB12,19,2,UVH7s,6,-0.12000000000000001,0.0,0.0,481,1024,0.4697265625
01a0a594-d17f-7f32-a6dc-5cd1766b125b,s,A,QB12,19,2,UVH7s,7,-0.10666666666666667,0.0,0.0,475,1024,0.4638671875
01a0a594-d17f-7f32-a6dc-5cd1766b125b,s,A,QB12,19,2,UVH7s,8,-0.09333333333333334,0.0,0.0,463,1024,0.4521484375
01a0a594-d17f-7f32-a6dc-5cd1766b125b,s,A,QB12,19,2,UVH7s,9,-0.08,0.0,0.0,474,1024,0.462890625
01a0a594-d17f-7f32-a6dc-5cd1766b125b,s,A,QB12,19,2,UVH7s,10,-0.06666666666666668,0.0,0.0,451,1024,0.4404296875
01a0a594-d17f-7f32-a6dc-5cd1766b125b,s,A,QB12,19,2,UVH7s,11,-0.053333333333333344,0.0,0.0,479,1024,0.4677734375
01a0a594-d17f-7f32-a6dc-5cd1766b125b,s,A,QB12,19,2,UVH7s,12,-0.04000000000000001,0.0,0.0,426,1024,0.416015625
01a0a594-d17f-7f32-a6dc-5cd1766b125b,s,A,QB12,19,2,UVH7s,13,-0.026666666666666672,0.0,0.0,450,1024,0.439453125
01a0a594-d17f-7f32-a6dc-5cd1766b125b,s,A,QB12,19,2,UVH7s,14,-0.013333333333333336,0.0,0.0,423,1024,0.4130859375
01a0a594-d17f-7f32-a6dc-5cd1766b125b,s,A,QB12,19,2,UVH7s,15,0.0,0.0,0.0,468,1024,0.45703125
01a0a594-d17f-7f32-a6dc-5cd1766b125b,s,A,QB12,19,2,UVH7s,16,0.013333333333333336,0.0,0.0,458,1024,0.447265625
01a0a594-d17f-7f32-a6dc-5cd1766b125b,s,A,QB12,19,2,UVH7s,17,0.026666666666666672,0.0,0.0,461,1024,0.4501953125
01a0a594-d17f-7f32-a6dc-5cd1766b125b,s,A,QB12,19,2,UVH7s,18,0.04000000000000001,0.0,0.0,424,1024,0.4140625
01a0a594-d17f-7f32-a6dc-5cd1766b125b,s,A,QB12,19,2,UVH7s,19,0.053333333333333344,0.0,0.0,434,1024,0.423828125
01a0a594-d17f-7f32-a6dc-5cd1766b125b,s,A,QB12,19,2,UVH7s,20,0.06666666666666665,0.0,0.0,411,1024,0.4013671875
01a0a594-d17f-7f32-a6dc-5cd1766b125b,s,A,QB12,19,2,UVH7s,21,0.08000000000000002,0.0,0.0,424,1024,0.4140625
01a0a594-d17f-7f32-a6dc-5cd1766b125b,s,A,QB12,19,2,UVH7s,22,0.09333333333333332,0.0,0.0,417,1024,0.4072265625
01a0a594-d17f-7f32-a6dc-5cd1766b125b,s,A,QB12,19,2,UVH7s,23,0.10666666666666669,0.0,0.0,427,1024,0.4169921875
01a0a594-d17f-7f32-a6dc-5cd1766b125b,s,A,QB12,19,2,UVH7s,24,0.12,0.0,0.0,430,1024,0.419921875
01a0a594-d17f-7f32-a6dc-5cd1766b125b,s,A,QB12,19,2,UVH7s,25,0.13333333333333336,0.0,0.0,422,1024,0.412109375
01a0a594-d17f-7f32-a6dc-5cd1766b125b,s,A,QB12,19,2,UVH7s,26,0.14666666666666667,0.0,0.0,364,1024,0.35546875
01a0a594-d17f-7f32-a6dc-5cd1766b125b,s,A,QB12,19,2,UVH7s,27,0.16000000000000003,0.0,0.0,413,1024,0.4033203125
01a0a594-d17f-7f32-a6dc-5cd1766b125b,s,A,QB12,19,2,UVH7s,28,0.17333333333333334,0.0,0.0,392,1024,0.3828125
01a0a594-d17f-7f32-a6dc-5cd1766b125b,s,A,QB12,19,2,UVH7s,29,0.1866666666666667,0.0,0.0,371,1024,0.3623046875
01a0a594-d17f-7f32-a6dc-5cd1766b125b,s,A,QB12,19,2,UVH7s,30,0.2,0.0,0.0,390,1024,0.380859375
01a0a594-d17f-7f32-a6dc-5cd1766b125b,s,A,QB12,19,3,UVH9s,0,-0.2,0.0,0.0,480,1024,0.46875
01a0a594-d17f-7f32-a6dc-5cd1766b125b,s,A,QB12,19,3,UVH9s,1,-0.18666666666666668,0.0,0.0,500,1024,0.48828125
01a0a594-d17f-7f32-a6dc-5cd1766b125b,s,A,QB12,19,3,UVH9s,2,-0.17333333333333334,0.0,0.0,495,1024,0.4833984375
01a0a594-d17f-7f32-a6dc-5cd1766b125b,s,A,QB12,19,3,UVH9s,3,-0.16,0.0,0.0,510,1024,0.498046875
01a0a594-d17f-7f32-a6dc-5cd1766b125b,s,A,QB12,19,3,UVH9s,4,-0.14666666666666667,0.0,0.0,522,1024,0.509765625
01a0a594-d17f-7f32-a6dc-5cd1766b125b,s,A,QB12,19,3,UVH9s,5,-0.13333333333333336,0.0,0.0,527,1024,0.5146484375
01a0a594-d17f-7f32-a6dc-5cd1766b125b,s,A,QB12,19,3,UVH9s,6,-0.12000000000000001,0.0,0.0,497,1024,0.4853515625
01a0a594-d17f-7f32-a6dc-5cd1766b125b,s,A,QB12,19,3,UVH9s,7,-0.10666666666666667,0.0,0.0,520,1024,0.5078125
01a0a594-d17f-7f32-a6dc-5cd1766b125b,s,A,QB12,19,3,UVH9s,8,-0.09333333333333334,0.0,0.0,527,1024,0.5146484375
01a0a594-d17f-7f32-a6dc-5cd1766b125b,s,A,QB12,19,3,UVH9s,9,-0.08,0.0,0.0,515,1024,0.5029296875
01a0a594-d17f-7f32-a6dc-5cd1766b125b,s,A,QB12,19,3,UVH9s,10,-0.06666666666666668,0.0,0.0,536,1024,0.5234375
01a0a594-d17f-7f32-a6dc-5cd1766b125b,s,A,QB12,19,3,UVH9s,11,-0.053333333333333344,0.0,0.0,527,1024,0.5146484375
01a0a594-d17f-7f32-a6dc-5cd1766b125b,s,A,QB12,19,3,UVH9s,12,-0.04000000000000001,0.0,0.0,512,1024,0.5
01a0a594-d17f-7f32-a6dc-5cd1766b125b,s,A,QB12,19,3,UVH9s,13,-0.026666666666666672,0.0,0.0,512,1024,0.5
01a0a594-d17f-7f32-a6dc-5cd1766b125b,s,A,QB12,19,3,UVH9s,14,-0.013333333333333336,0.0,0.0,488,1024,0.4765625
01a0a594-d17f-7f32-a6dc-5cd1766b125b,s,A,QB12,19,3,UVH9s,15,0.0,0.0,0.0,523,1024,0.5107421875
01a0a594-d17f-7f32-a6dc-5cd1766b125b,s,A,QB12,19,3,UVH9s,16,0.013333333333333336,0.0,0.0,512,1024,0.5
01a0a594-d17f-7f32-a6dc-5cd1766b125b,s,A,QB12,19,3,UVH9s,17,0.026666666666666672,0.0,0.0,506,1024,0.494140625
01a0a594-d17f-7f32-a6dc-5cd1766b125b,s,A,QB12,19,3,UVH9s,18,0.04000000000000001,0.0,0.0,538,1024,0.525390625
01a0a594-d17f-7f32-a6dc-5cd1766b125b,s,A,QB12,19,3,UVH9s,19,0.053333333333333344,0.0,0.0,524,1024,0.51171875
01a0a594-d17f-7f32-a6dc-5cd1766b125b,s,A,QB12,19,3,UVH9s,20,0.06666666666666665,0.0,0.0,516,1024,0.50390625
01a0a594-d17f-7f32-a6dc-5cd1766b125b,s,A,QB12,19,3,UVH9s,21,0.08000000000000002,0.0,0.0,527,1024,0.5146484375
01a0a594-d17f-7f32-a6dc-5cd1766b125b,s,A,QB12,19,3,UVH9s,22,0.09333333333333332,0.0,0.0,519,1024,0.5068359375
01a0a594-d17f-7f32-a6dc-5cd1766b125b,s,A,QB12,19,3,UVH9s,23,0.10666666666666669,0.0,0.0,529,1024,0.5166015625
01a0a594-d17f-7f32-a6dc-5cd1766b125b,s,A,QB12,19,3,UVH9s,24,0.12,0.0,0.0,518,1024,0.505859375
01a0a594-d17f-7f32-a6dc-5cd1766b125b,s,A,QB12,19,3,UVH9s,25,0.13333333333333336,0.0,0.0,516,1024,0.50390625
01a0a594-d17f-7f32-a6dc-5cd1766b125b,s,A,QB12,19,3,UVH9s,26,0.14666666666666667,0.0,0.0,531,1024,0.5185546875
01a0a594-d17f-7f32-a6dc-5cd1766b125b,s,A,QB12,19,3,UVH9s,27,0.16000000000000003,0.0,0.0,543,1024,0.5302734375
01a0a594-d17f-7f32-a6dc-5cd1766b125b,s,A,QB12,19,3,UVH9s,28,0.17333333333333334,0.0,0.0,531,1024,0.5185546875
01a0a594-d17f-7f32-a6dc-5cd1766b125b,s,A,QB12,19,3,UVH9s,29,0.1866666666666667,0.0,0.0,497,1024,0.4853515625
01a0a594-d17f-7f32-a6dc-5cd1766b125b,s,A,QB12,19,3,UVH9s,30,0.2,0.0,0.0,530,1024,0.517578125
01a0a594-d17f-7f32-a6dc-5cd1766b125b,s,A,QB12,19,4,UVH11s,0,-0.2,0.0,0.0,556,1024,0.54296875
01a0a594-d17f-7f32-a6dc-5cd1766b125b,s,A,QB12,19,4,UVH11s,1,-0.18666666666666668,0.0,0.0,583,1024,0.5693359375
01a0a594-d17f-7f32-a6dc-5cd1766b125b,s,A,QB12,19,4,UVH11s,2,-0.17333333333333334,0.0,0.0,560,1024,0.546875
01a0a594-d17f-7f32-a6dc-5cd1766b125b,s,A,QB12,19,4,UVH11s,3,-0.16,0.0,0.0,571,1024,0.5576171875
01a0a594-d17f-7f32-a6dc-5cd1766b125b,s,A,QB12,19,4,UVH11s,4,-0.14666666666666667,0.0,0.0,577,1024,0.5634765625
01a0a594-d17f-7f32-a6dc-5cd1766b125b,s,A,QB12,19,4,UVH11s,5,-0.13333333333333336,0.0,0.0,586,1024,0.572265625
01a0a594-d17f-7f32-a6dc-5cd1766b125b,s,A,QB12,19,4,UVH11s,6,-0.12000000000000001,0.0,0.0,581,1024,0.5673828125
01a0a594-d17f-7f32-a6dc-5cd1766b125b,s,A,QB12,19,4,UVH11s,7,-0.10666666666666667,0.0,0.0,612,1024,0.59765625
01a0a594-d17f-7f32-a6dc-5cd1766b125b,s,A,QB12,19,4,UVH11s,8,-0.09333333333333334,0.0,0.0,584,1024,0.5703125
01a0a594-d17f-7f32-a6dc-5cd1766b125b,s,A,QB12,19,4,UVH11s,9,-0.08,0.0,0.0,573,1024,0.5595703125
01a0a594-d17f-7f32-a6dc-5cd1766b125b,s,A,QB12,19,4,UVH11s,10,-0.06666666666666668,0.0,0.0,595,1024,0.5810546875
01a0a594-d17f-7f32-a6dc-5cd1766b125b,s,A,QB12,19,4,UVH11s,11,-0.053333333333333344,0.0,0.0,604,1024,0.58984375
01a0a594-d17f-7f32-a6dc-5cd1766b125b,s,A,QB12,19,4,UVH11s,12,-0.04000000000000001,0.0,0.0,608,1024,0.59375
01a0a594-d17f-7f32-a6dc-5cd1766b125b,s,A,QB12,19,4,UVH11s,13,-0.026666666666666672,0.0,0.0,610,1024,0.595703125
01a0a594-d17f-7f32-a6dc-5cd1766b125b,s,A,QB12,19,4,UVH11s,14,-0.013333333333333336,0.0,0.0,615,1024,0.6005859375
01a0a594-d17f-7f32-a6dc-5cd1766b125b,s,A,QB12,19,4,UVH11s,15,0.0,0.0,0.0,629,1024,0.6142578125
01a0a594-d17f-7f32-a6dc-5cd1766b125b,s,A,QB12,19,4,UVH11s,16,0.013333333333333336,0.0,0.0,602,1024,0.587890625
01a0a594-d17f-7f32-a6dc-5cd1766b125b,s,A,QB12,19,4,UVH11s,17,0.026666666666666672,0.0,0.0,599,1024,0.5849609375
01a0a594-d17f-7f32-a6dc-5cd1766b125b,s,A,QB12,19,4,UVH11s,18,0.04000000000000001,0.0,0.0,622,1024,0.607421875
01a0a594-d17f-7f32-a6dc-5cd1766b125b,s,A,QB12,19,4,UVH11s,19,0.053333333333333344,0.0,0.0,617,1024,0.6025390625
01a0a594-d17f-7f32-a6dc-5cd1766b125b,s,A,QB12,19,4,UVH11s,20,0.06666666666666665,0.0,0.0,627,1024,0.6123046875
01a0a594-d17f-7f32-a6dc-5cd1766b125b,s,A,QB12,19,4,UVH11s,21,0.08000000000000002,0.0,0.0,623,1024,0.6083984375
01a0a594-d17f-7f32-a6dc-5cd1766b125b,s,A,QB12,19,4,UVH11s,22,0.09333333333333332,0.0,0.0,660,1024,0.64453125
01a0a594-d17f-7f32-a6dc-5cd1766b125b,s,A,QB12,19,4,UVH11s,23,0.10666666666666669,0.0,0.0,624,1024,0.609375
01a0a594-d17f-7f32-a6dc-5cd1766b125b,s,A,QB12,19,4,UVH11s,24,0.12,0.0,0.0,626,1024,0.611328125
01a0a594-d17f-7f32-a6dc-5cd1766b125b,s,A,QB12,19,4,UVH11s,25,0.13333333333333336,0.0,0.0,636,1024,0.62109375
01a0a594-d17f-7f32-a6dc-5cd1766b125b,s,A,QB12,19,4,UVH11s,26,0.14666666666666667,0.0,0.0,583,1024,0.5693359375
01a0a594-d17f-7f32-a6dc-5cd1766b125b,s,A,QB12,19,4,UVH11s,27,0.16000000000000003,0.0,0.0,610,1024,0.595703125
01a0a594-d17f-7f32-a6dc-5cd1766b125b,s,A,QB12,19,4,UVH11s,28,0.17333333333333334,0.0,0.0,600,1024,0.5859375
01a0a594-d17f-7f32-a6dc-5cd1766b125b,s,A,QB12,19,4,UVH11s,29,0.1866666666666667,0.0,0.0,608,1024,0.59375
01a0a594-d17f-7f32-a6dc-5cd1766b125b,s,A,QB12,19,4,UVH11s,30,0.2,0.0,0.0,587,1024,0.5732421875
01a0a594-d17f-7f32-a6dc-5cd1766b125b,s,A,QB12,19,5,UVH13s,0,-0.2,0.0,0.0,517,1024,0.5048828125
01a0a594-d17f-7f32-a6dc-5cd1766b125b,s,A,QB12,19,5,UVH13s,1,-0.18666666666666668,0.0,0.0,528,1024,0.515625
01a0a594-d17f-7f32-a6dc-5cd1766b125b,s,A,QB12,19,5,UVH13s,2,-0.17333333333333334,0.0,0.0,499,1024,0.4873046875
01a0a594-d17f-7f32-a6dc-5cd1766b125b,s,A,QB12,19,5,UVH13s,3,-0.16,0.0,0.0,522,1024,0.509765625
01a0a594-d17f-7f32-a6dc-5cd1766b125b,s,A,QB12,19,5,UVH13s,4,-0.14666666666666667,0.0,0.0,523,1024,0.5107421875
01a0a594-d17f-7f32-a6dc-5cd1766b125b,s,A,QB12,19,5,UVH13s,5,-0.13333333333333336,0.0,0.0,520,1024,0.5078125
01a0a594-d17f-7f32-a6dc-5cd1766b125b,s,A,QB12,19,5,UVH13s,6,-0.12000000000000001,0.0,0.0,497,1024,0.4853515625
01a0a594-d17f-7f32-a6dc-5cd1766b125b,s,A,QB12,19,5,UVH13s,7,-0.10666666666666667,0.0,0.0,502,1024,0.490234375
01a0a594-d17f-7f32-a6dc-5cd1766b125b,s,A,QB12,19,5,UVH13s,8,-0.09333333333333334,0.0,0.0,507,1024,0.4951171875
01a0a594-d17f-7f32-a6dc-5cd1766b125b,s,A,QB12,19,5,UVH13s,9,-0.08,0.0,0.0,483,1024,0.4716796875
01a0a594-d17f-7f32-a6dc-5cd1766b125b,s,A,QB12,19,5,UVH13s,10,-0.06666666666666668,0.0,0.0,500,1024,0.48828125
01a0a594-d17f-7f32-a6dc-5cd1766b125b,s,A,QB12,19,5,UVH13s,11,-0.053333333333333344,0.0,0.0,510,1024,0.498046875
01a0a594-d17f-7f32-a6dc-5cd1766b125b,s,A,QB12,19,5,UVH13s,12,-0.04000000000000001,0.0,0.0,482,1024,0.470703125
01a0a594-d17f-7f32-a6dc-5cd1766b125b,s,A,QB12,19,5,UVH13s,13,-0.026666666666666672,0.0,0.0,510,1024,0.498046875
01a0a594-d17f-7f32-a6dc-5cd1766b125b,s,A,QB12,19,5,UVH13s,14,-0.013333333333333336,0.0,0.0,502,1024,0.490234375
01a0a594-d17f-7f32-a6dc-5cd1766b125b,s,A,QB12,19,5,UVH13s,15,0.0,0.0,0.0,509,1024,0.4970703125
01a0a594-d17f-7f32-a6dc-5cd1766b125b,s,A,QB12,19,5,UVH13s,16,0.013333333333333336,0.0,0.0,498,1024,0.486328125
01a0a594-d17f-7f32-a6dc-5cd1766b125b,s,A,QB12,19,5,UVH13s,17,0.026666666666666672,0.0,0.0,514,1024,0.501953125
01a0a594-d17f-7f32-a6dc-5cd1766b125b,s,A,QB12,19,5,UVH13s,18,0.04000000000000001,0.0,0.0,518,1024,0.505859375
01a0a594-d17f-7f32-a6dc-5cd1766b125b,s,A,QB12,19,5,UVH13s,19,0.053333333333333344,0.0,0.0,505,1024,0.4931640625
01a0a594-d17f-7f32-a6dc-5cd1766b125b,s,A,QB12,19,5,UVH13s,20,0.06666666666666665,0.0,0.0,503,1024,0.4912109375
01a0a594-d17f-7f32-a6dc-5cd1766b125b,s,A,QB12,19,5,UVH13s,21,0.08000000000000002,0.0,0.0,491,1024,0.4794921875
01a0a594-d17f-7f32-a6dc-5cd1766b125b,s,A,QB12,19,5,UVH13s,22,0.09333333333333332,0.0,0.0,498,1024,0.486328125
01a0a594-d17f-7f32-a6dc-5cd1766b125b,s,A,QB12,19,5,UVH13s,23,0.10666666666666669,0.0,0.0,515,1024,0.5029296875
01a0a594-d17f-7f32-a6dc-5cd1766b125b,s,A,QB12,19,5,UVH13s,24,0.12,0.0,0.0,509,1024,0.4970703125
01a0a594-d17f-7f32-a6dc-5cd1766b125b,s,A,QB12,19,5,UVH13s,25,0.13333333333333336,0.0,0.0,476,1024,0.46484375
01a0a594-d17f-7f32-a6dc-5cd1766b125b,s,A,QB12,19,5,UVH13s,26,0.14666666666666667,0.0,0.0,482,1024,0.470703125
01a0a594-d17f-7f32-a6dc-5cd1766b125b,s,A,QB12,19,5,UVH13s,27,0.16000000000000003,0.0,0.0,513,1024,0.5009765625
01a0a594-d17f-7f32-a6dc-5cd1766b125b,s,A,QB12,19,5,UVH13s,28,0.17333333333333334,0.0,0.0,526,1024,0.513671875
01a0a594-d17f-7f32-a6dc-5cd1766b125b,s,A,QB12,19,5,UVH13s,29,0.1866666666666667,0.0,0.0,486,1024,0.474609375
01a0a594-d17f-7f32-a6dc-5cd1766b125b,s,A,QB12,19,5,UVH13s,30,0.2,0.0,0.0,499,1024,0.4873046875
