job_id,family,panel,qubit,logical_q,circuit_idx,circuit,sweep_idx,epsilon,detuning_Hz,detuning_MHz,n1,shots,p1_raw
01a0a597-81f1-7011-9024-b8d544cd9dd8,s,C,QB5,0,0,standard_pi_2,0,0.0,-9000000.0,-9.0,547,1024,0.5341796875
01a0a597-81f1-7011-9024-b8d544cd9dd8,s,C,QB5,0,0,standard_pi_2,1,0.0,-8550000.0,-8.55,524,1024,0.51171875
01a0a597-81f1-7011-9024-b8d544cd9dd8,s,C,QB5,0,0,standard_pi_2,2,0.0,-8100000.0,-8.1,542,1024,0.529296875
01a0a597-81f1-7011-9024-b8d544cd9dd8,s,C,QB5,0,0,standard_pi_2,3,0.0,-7650000.0,-7.65,538,1024,0.525390625
01a0a597-81f1-7011-9024-b8d544cd9dd8,s,C,QB5,0,0,standard_pi_2,4,0.0,-7200000.0,-7.2,524,1024,0.51171875
01a0a597-81f1-7011-9024-b8d544cd9dd8,s,C,QB5,0,0,standard_pi_2,5,0.0,-6750000.0,-6.75,526,1024,0.513671875
01a0a597-81f1-7011-9024-b8d544cd9dd8,s,C,QB5,0,0,standard_pi_2,6,0.0,-6300000.0,-6.3,530,1024,0.517578125
01a0a597-81f1-7011-9024-b8d544cd9dd8,s,C,QB5,0,0,standard_pi_2,7,0.0,-5850000.0,-5.85,547,1024,0.5341796875
01a0a597-81f1-7011-9024-b8d544cd9dd8,s,C,QB5,0,0,standard_pi_2,8,0.0,-5400000.0,-5.4,547,1024,0.5341796875
01a0a597-81f1-7011-9024-b8d544cd9dd8,s,C,QB5,0,0,standard_pi_2,9,0.0,-4950000.0,-4.95,512,1024,0.5
01a0a597-81f1-7011-9024-b8d544cd9dd8,s,C,QB5,0,0,standard_pi_2,10,0.0,-4500000.0,-4.5,549,1024,0.5361328125
01a0a597-81f1-7011-9024-b8d544cd9dd8,s,C,QB5,0,0,standard_pi_2,11,0.0,-4050000.0,-4.05,525,1024,0.5126953125
01a0a597-81f1-7011-9024-b8d544cd9dd8,s,C,QB5,0,0,standard_pi_2,12,0.0,-3600000.0,-3.6,542,1024,0.529296875
01a0a597-81f1-7011-9024-b8d544cd9dd8,s,C,QB5,0,0,standard_pi_2,13,0.0,-3150000.0,-3.15,512,1024,0.5
01a0a597-81f1-7011-9024-b8d544cd9dd8,s,C,QB5,0,0,standard_pi_2,14,0.0,-2700000.0,-2.7,510,1024,0.498046875
01a0a597-81f1-7011-9024-b8d544cd9dd8,s,C,QB5,0,0,standard_pi_2,15,0.0,-2250000.0,-2.25,524,1024,0.51171875
01a0a597-81f1-7011-9024-b8d544cd9dd8,s,C,QB5,0,0,standard_pi_2,16,0.0,-1800000.0,-1.8,521,1024,0.5087890625
01a0a597-81f1-7011-9024-b8d544cd9dd8,s,C,QB5,0,0,standard_pi_2,17,0.0,-1350000.0,-1.35,505,1024,0.4931640625
01a0a597-81f1-7011-9024-b8d544cd9dd8,s,C,QB5,0,0,standard_pi_2,18,0.0,-900000.0,-0.9,507,1024,0.4951171875
01a0a597-81f1-7011-9024-b8d544cd9dd8,s,C,QB5,0,0,standard_pi_2,19,0.0,-450000.0,-0.45,490,1024,0.478515625
01a0a597-81f1-7011-9024-b8d544cd9dd8,s,C,QB5,0,0,standard_pi_2,20,0.0,0.0,0.0,540,1024,0.52734375
01a0a597-81f1-7011-9024-b8d544cd9dd8,s,C,QB5,0,0,standard_pi_2,21,0.0,450000.0,0.45,495,1024,0.4833984375
01a0a597-81f1-7011-9024-b8d544cd9dd8,s,C,QB5,0,0,standard_pi_2,22,0.0,900000.0,0.9,555,1024,0.5419921875
01a0a597-81f1-7011-9024-b8d544cd9dd8,s,C,QB5,0,0,standard_pi_2,23,0.0,1350000.0,1.35,517,1024,0.5048828125
01a0a597-81f1-7011-9024-b8d544cd9dd8,s,C,QB5,0,0,standard_pi_2,24,0.0,1800000.0,1.8,494,1024,0.482421875
01a0a597-81f1-7011-9024-b8d544cd9dd8,s,C,QB5,0,0,standard_pi_2,25,0.0,2250000.0,2.25,457,1024,0.4462890625
01a0a597-81f1-7011-9024-b8d544cd9dd8,s,C,QB5,0,0,standard_pi_2,26,0.0,2700000.0,2.7,493,1024,0.4814453125
01a0a597-81f1-7011-9024-b8d544cd9dd8,s,C,QB5,0,0,standard_pi_2,27,0.0,3150000.0,3.15,503,1024,0.4912109375
01a0a597-81f1-7011-9024-b8d544cd9dd8,s,C,QB5,0,0,standard_pi_2,28,0.0,3600000.0,3.6,513,1024,0.5009765625
01a0a597-81f1-7011-9024-b8d544cd9dd8,s,C,QB5,0,0,standard_pi_2,29,0.0,4050000.0,4.05,485,1024,0.4736328125
01a0a597-81f1-7011-9024-b8d544cd9dd8,s,C,QB5,0,0,standard_pi_2,30,0.0,4500000.0,4.5,451,1024,0.4404296875
01a0a597-81f1-7011-9024-b8d544cd9dd8,s,C,QB5,0,0,standard_pi_2,31,0.0,4950000.0,4.95,500,1024,0.48828125
01a0a597-81f1-7011-9024-b8d544cd9dd8,s,C,QB5,0,0,standard_pi_2,32,0.0,5400000.0,5.4,505,1024,0.4931640625
01a0a597-81f1-7011-9024-b8d544cd9dd8,s,C,QB5,0,0,standard_pi_2,33,0.0,5850000.0,5.85,486,1024,0.474609375
01a0a597-81f1-7011-9024-b8d544cd9dd8,s,C,QB5,0,0,standard_pi_2,34,0.0,6300000.0,6.3,480,1024,0.46875
01a0a597-81f1-7011-9024-b8d544cd9dd8,s,C,QB5,0,0,standard_pi_2,35,0.0,6750000.0,6.75,449,1024,0.4384765625
01a0a597-81f1-7011-9024-b8d544cd9dd8,s,C,QB5,0,0,standard_pi_2,36,0.0,7200000.0,7.2,458,1024,0.447265625
01a0a597-81f1-7011-9024-b8d544cd9dd8,s,C,QB5,0,0,standard_pi_2,37,0.0,7650000.0,7.65,464,1024,0.453125
01a0a597-81f1-7011-9024-b8d544cd9dd8,s,C,QB5,0,0,standard_pi_2,38,0.0,8100000.0,8.1,480,1024,0.46875
01a0a597-81f1-7011-9024-b8d544cd9dd8,s,C,QB5,0,0,standard_pi_2,39,0.0,8550000.0,8.55,472,1024,0.4609375
01a0a597-81f1-7011-9024-b8d544cd9dd8,s,C,QB5,0,0,standard_pi_2,40,0.0,9000000.0,9.0,460,1024,0.44921875
01a0a597-81f1-7011-9024-b8d544cd9dd8,s,C,QB5,0,1,UVH5s,0,0.0,-9000000.0,-9.0,724,1024,0.70703125
01a0a597-81f1-7011-9024-b8d544cd9dd8,s,C,QB5,0,1,UVH5s,1,0.0,-8550000.0,-8.55,700,1024,0.68359375
01a0a597-81f1-7011-9024-b8d544cd9dd8,s,C,QB5,0,1,UVH5s,2,0.0,-8100000.0,-8.1,719,1024,0.7021484375
01a0a597-81f1-7011-9024-b8d544cd9dd8,s,C,QB5,0,1,UVH5s,3,0.0,-7650000.0,-7.65,724,1024,0.70703125
01a0a597-81f1-7011-9024-b8d544cd9dd8,s,C,QB5,0,1,UVH5s,4,0.0,-7200000.0,-7.2,701,1024,0.6845703125
01a0a597-81f1-7011-9024-b8d544cd9dd8,s,C,QB5,0,1,UVH5s,5,0.0,-6750000.0,-6.75,724,1024,0.70703125
01a0a597-81f1-7011-9024-b8d544cd9dd8,s,C,QB5,0,1,UVH5s,6,0.0,-6300000.0,-6.3,696,1024,0.6796875
01a0a597-81f1-7011-9024-b8d544cd9dd8,s,C,QB5,0,1,UVH5s,7,0.0,-5850000.0,-5.85,664,1024,0.6484375
01a0a597-81f1-7011-9024-b8d544cd9dd8,s,C,QB5,0,1,UVH5s,8,0.0,-5400000.0,-5.4,661,1024,0.6455078125
01a0a597-81f1-7011-9024-b8d544cd9dd8,s,C,QB5,0,1,UVH5s,9,0.0,-4950000.0,-4.95,655,1024,0.6396484375
01a0a597-81f1-7011-9024-b8d544cd9dd8,s,C,QB5,0,1,UVH5s,10,0.0,-4500000.0,-4.5,641,1024,0.6259765625
01a0a597-81f1-7011-9024-b8d544cd9dd8,s,C,QB5,0,1,UVH5s,11,0.0,-4050000.0,-4.05,641,1024,0.6259765625
01a0a597-81f1-7011-9024-b8d544cd9dd8,s,C,QB5,0,1,UVH5s,12,0.0,-3600000.0,-3.6,600,1024,0.5859375
01a0a597-81f1-7011-9024-b8d544cd9dd8,s,C,QB5,0,1,UVH5s,13,0.0,-3150000.0,-3.15,624,1024,0.609375
01a0a597-81f1-7011-9024-b8d544cd9dd8,s,C,QB5,0,1,UVH5s,14,0.0,-2700000.0,-2.7,598,1024,0.583984375
01a0a597-81f1-7011-9024-b8d544cd9dd8,s,C,QB5,0,1,UVH5s,15,0.0,-2250000.0,-2.25,558,1024,0.544921875
01a0a597-81f1-7011-9024-b8d544cd9dd8,s,C,QB5,0,1,UVH5s,16,0.0,-1800000.0,-1.8,552,1024,0.5390625
01a0a597-81f1-7011-9024-b8d544cd9dd8,s,C,QB5,0,1,UVH5s,17,0.0,-1350000.0,-1.35,554,1024,0.541015625
01a0a597-81f1-7011-9024-b8d544cd9dd8,s,C,QB5,0,1,UVH5s,18,0.0,-900000.0,-0.9,564,1024,0.55078125
01a0a597-81f1-7011-9024-b8d544cd9dd8,s,C,QB5,0,1,UVH5s,19,0.0,-450000.0,-0.45,550,1024,0.537109375
01a0a597-81f1-7011-9024-b8d544cd9dd8,s,C,QB5,0,1,UVH5s,20,0.0,0.0,0.0,533,1024,0.5205078125
01a0a597-81f1-7011-9024-b8d544cd9dd8,s,C,QB5,0,1,UVH5s,21,0.0,450000.0,0.45,512,1024,0.5
01a0a597-81f1-7011-9024-b8d544cd9dd8,s,C,QB5,0,1,UVH5s,22,0.0,900000.0,0.9,544,1024,0.53125
01a0a597-81f1-7011-9024-b8d544cd9dd8,s,C,QB5,0,1,UVH5s,23,0.0,1350000.0,1.35,543,1024,0.5302734375
01a0a597-81f1-7011-9024-b8d544cd9dd8,s,C,QB5,0,1,UVH5s,24,0.0,1800000.0,1.8,547,1024,0.5341796875
01a0a597-81f1-7011-9024-b8d544cd9dd8,s,C,QB5,0,1,UVH5s,25,0.0,2250000.0,2.25,524,1024,0.51171875
01a0a597-81f1-7011-9024-b8d544cd9dd8,s,C,QB5,0,1,UVH5s,26,0.0,2700000.0,2.7,557,1024,0.5439453125
01a0a597-81f1-7011-9024-b8d544cd9dd8,s,C,QB5,0,1,UVH5s,27,0.0,3150000.0,3.15,564,1024,0.55078125
01a0a597-81f1-7011-9024-b8d544cd9dd8,s,C,QB5,0,1,UVH5s,28,0.0,3600000.0,3.6,598,1024,0.583984375
01a0a597-81f1-7011-9024-b8d544cd9dd8,s,C,QB5,0,1,UVH5s,29,0.0,4050000.0,4.05,569,1024,0.5556640625
01a0a597-81f1-7011-9024-b8d544cd9dd8,s,C,QB5,0,1,UVH5s,30,0.0,4500000.0,4.5,618,1024,0.603515625
01a0a597-81f1-7011-9024-b8d544cd9dd8,s,C,QB5,0,1,UVH5s,31,0.0,4950000.0,4.95,626,1024,0.611328125
01a0a597-81f1-7011-9024-b8d544cd9dd8,s,C,QB5,0,1,UVH5s,32,0.0,5400000.0,5.4,627,1024,0.6123046875
01a0a597-81f1-7011-9024-b8d544cd9dd8,s,C,QB5,0,1,UVH5s,33,0.0,5850000.0,5.85,659,1024,0.6435546875
01a0a597-81f1-7011-9024-b8d544cd9dd8,s,C,QB5,0,1,UVH5s,34,0.0,6300000.0,6.3,673,1024,0.6572265625
01a0a597-81f1-7011-9024-b8d544cd9dd8,s,C,QB5,0,1,UVH5s,35,0.0,6750000.0,6.75,755,1024,0.7373046875
01a0a597-81f1-7011-9024-b8d544cd9dd8,s,C,QB5,0,1,UVH5s,36,0.0,7200000.0,7.2,748,1024,0.73046875
01a0a597-81f1-7011-9024-b8d544cd9dd8,s,C,QB5,0,1,UVH5s,37,0.0,7650000.0,7.65,754,1024,0.736328125
01a0a597-81f1-7011-9024-b8d544cd9dd8,s,C,QB5,0,1,UVH5s,38,0.0,8100000.0,8.1,791,1024,0.7724609375
01a0a597-81f1-7011-9024-b8d544cd9dd8,s,C,QB5,0,1,UVH5s,39,0.0,8550000.0,8.55,801,1024,0.7822265625
01a0a597-81f1-7011-9024-b8d544cd9dd8,s,C,QB5,0,1,UVH5s,40,0.0,9000000.0,9.0,812,1024,0.79296875
01a0a597-81f1-7011-9024-b8d544cd9dd8,s,C,QB5,0,2,UVH7s,0,0.0,-9000000.0,-9.0,654,1024,0.638671875
01a0a597-81f1-7011-9024-b8d544cd9dd8,s,C,QB5,0,2,UVH7s,1,0.0,-8550000.0,-8.55,621,1024,0.6064453125
01a0a597-81f1-7011-9024-b8d544cd9dd8,s,C,QB5,0,2,UVH7s,2,0.0,-8100000.0,-8.1,646,1024,0.630859375
01a0a597-81f1-7011-9024-b8d544cd9dd8,s,C,QB5,0,2,UVH7s,3,0.0,-7650000.0,-7.65,624,1024,0.609375
01a0a597-81f1-7011-9024-b8d544cd9dd8,s,C,QB5,0,2,UVH7s,4,0.0,-7200000.0,-7.2,582,1024,0.568359375
01a0a597-81f1-7011-9024-b8d544cd9dd8,s,C,QB5,0,2,UVH7s,5,0.0,-6750000.0,-6.75,594,1024,0.580078125
01a0a597-81f1-7011-9024-b8d544cd9dd8,s,C,QB5,0,2,UVH7s,6,0.0,-6300000.0,-6.3,615,1024,0.6005859375
01a0a597-81f1-7011-9024-b8d544cd9dd8,s,C,QB5,0,2,UVH7s,7,0.0,-5850000.0,-5.85,567,1024,0.5537109375
01a0a597-81f1-7011-9024-b8d544cd9dd8,s,C,QB5,0,2,UVH7s,8,0.0,-5400000.0,-5.4,580,1024,0.56640625
01a0a597-81f1-7011-9024-b8d544cd9dd8,s,C,QB5,0,2,UVH7s,9,0.0,-4950000.0,-4.95,530,1024,0.517578125
01a0a597-81f1-7011-9024-b8d544cd9dd8,s,C,QB5,0,2,UVH7s,10,0.0,-4500000.0,-4.5,511,1024,0.4990234375
01a0a597-81f1-7011-9024-b8d544cd9dd8,s,C,QB5,0,2,UVH7s,11,0.0,-4050000.0,-4.05,525,1024,0.5126953125
01a0a597-81f1-7011-9024-b8d544cd9dd8,s,C,QB5,0,2,UVH7s,12,0.0,-3600000.0,-3.6,532,1024,0.51953125
01a0a597-81f1-7011-9024-b8d544cd9dd8,s,C,QB5,0,2,UVH7s,13,0.0,-3150000.0,-3.15,514,1024,0.501953125
01a0a597-81f1-7011-9024-b8d544cd9dd8,s,C,QB5,0,2,UVH7s,14,0.0,-2700000.0,-2.7,501,1024,0.4892578125
01a0a597-81f1-7011-9024-b8d544cd9dd8,s,C,QB5,0,2,UVH7s,15,0.0,-2250000.0,-2.25,489,1024,0.4775390625
01a0a597-81f1-7011-9024-b8d544cd9dd8,s,C,QB5,0,2,UVH7s,16,0.0,-1800000.0,-1.8,537,1024,0.5244140625
01a0a597-81f1-7011-9024-b8d544cd9dd8,s,C,QB5,0,2,UVH7s,17,0.0,-1350000.0,-1.35,518,1024,0.505859375
01a0a597-81f1-7011-9024-b8d544cd9dd8,s,C,QB5,0,2,UVH7s,18,0.0,-900000.0,-0.9,531,1024,0.5185546875
01a0a597-81f1-7011-9024-b8d544cd9dd8,s,C,QB5,0,2,UVH7s,19,0.0,-450000.0,-0.45,514,1024,0.501953125
01a0a597-81f1-7011-9024-b8d544cd9dd8,s,C,QB5,0,2,UVH7s,20,0.0,0.0,0.0,542,1024,0.529296875
01a0a597-81f1-7011-9024-b8d544cd9dd8,s,C,QB5,0,2,UVH7s,21,0.0,450000.0,0.45,544,1024,0.53125
01a0a597-81f1-7011-9024-b8d544cd9dd8,s,C,QB5,0,2,UVH7s,22,0.0,900000.0,0.9,525,1024,0.5126953125
01a0a597-81f1-7011-9024-b8d544cd9dd8,s,C,QB5,0,2,UVH7s,23,0.0,1350000.0,1.35,535,1024,0.5224609375
01a0a597-81f1-7011-9024-b8d544cd9dd8,s,C,QB5,0,2,UVH7s,24,0.0,1800000.0,1.8,523,1024,0.5107421875
01a0a597-81f1-7011-9024-b8d544cd9dd8,s,C,QB5,0,2,UVH7s,25,0.0,2250000.0,2.25,486,1024,0.474609375
01a0a597-81f1-7011-9024-b8d544cd9dd8,s,C,QB5,0,2,UVH7s,26,0.0,2700000.0,2.7,476,1024,0.46484375
01a0a597-81f1-7011-9024-b8d544cd9dd8,s,C,QB5,0,2,UVH7s,27,0.0,3150000.0,3.15,488,1024,0.4765625
01a0a597-81f1-7011-9024-b8d544cd9dd8,s,C,QB5,0,2,UVH7s,28,0.0,3600000.0,3.6,484,1024,0.47265625
01a0a597-81f1-7011-9024-b8d544cd9dd8,s,C,QB5,0,2,UVH7s,29,0.0,4050000.0,4.05,490,1024,0.478515625
01a0a597-81f1-7011-9024-b8d544cd9dd8,s,C,QB5,0,2,UVH7s,30,0.0,4500000.0,4.5,491,1024,0.4794921875
01a0a597-81f1-7011-9024-b8d544cd9dd8,s,C,QB5,0,2,UVH7s,31,0.0,4950000.0,4.95,463,1024,0.4521484375
01a0a597-81f1-7011-9024-b8d544cd9dd8,s,C,QB5,0,2,UVH7s,32,0.0,5400000.0,5.4,482,1024,0.470703125
01a0a597-81f1-7011-9024-b8d544cd9dd8,s,C,QB5,0,2,UVH7s,33,0.0,5850000.0,5.85,501,1024,0.4892578125
01a0a597-81f1-7011-9024-b8d544cd9dd8,s,C,QB5,0,2,UVH7s,34,0.0,6300000.0,6.3,552,1024,0.5390625
01a0a597-81f1-7011-9024-b8d544cd9dd8,s,C,QB5,0,2,UVH7s,35,0.0,6750000.0,6.75,573,1024,0.5595703125
01a0a597-81f1-7011-9024-b8d544cd9dd8,s,C,QB5,0,2,UVH7s,36,0.0,7200000.0,7.2,554,1024,0.541015625
01a0a597-81f1-7011-9024-b8d544cd9dd8,s,C,QB5,0,2,UVH7s,37,0.0,7650000.0,7.65,606,1024,0.591796875
01a0a597-81f1-7011-9024-b8d544cd9dd8,s,C,QB5,0,2,UVH7s,38,0.0,8100000.0,8.1,597,1024,0.5830078125
01a0a597-81f1-7011-9024-b8d544cd9dd8,s,C,QB5,0,2,UVH7s,39,0.0,8550000.0,8.55,620,1024,0.60546875
01a0a597-81f1-7011-9024-b8d544cd9dd8,s,C,QB5,0,2,UVH7s,40,0.0,9000000.0,9.0,661,1024,0.6455078125
01a0a597-81f1-7011-9024-b8d544cd9dd8,s,C,QB5,0,3,UVH9s,0,0.0,-9000000.0,-9.0,348,1024,0.33984375
01a0a597-81f1-7011-9024-b8d544cd9dd8,s,C,QB5,0,3,UVH9s,1,0.0,-8550000.0,-8.55,364,1024,0.35546875
01a0a597-81f1-7011-9024-b8d544cd9dd8,s,C,QB5,0,3,UVH9s,2,0.0,-8100000.0,-8.1,389,1024,0.3798828125
01a0a597-81f1-7011-9024-b8d544cd9dd8,s,C,QB5,0,3,UVH9s,3,0.0,-7650000.0,-7.65,442,1024,0.431640625
01a0a597-81f1-7011-9024-b8d544cd9dd8,s,C,QB5,0,3,UVH9s,4,0.0,-7200000.0,-7.2,432,1024,0.421875
01a0a597-81f1-7011-9024-b8d544cd9dd8,s,C,QB5,0,3,UVH9s,5,0.0,-6750000.0,-6.75,420,1024,0.41015625
01a0a597-81f1-7011-9024-b8d544cd9dd8,s,C,QB5,0,3,UVH9s,6,0.0,-6300000.0,-6.3,428,1024,0.41796875
01a0a597-81f1-7011-9024-b8d544cd9dd8,s,C,QB5,0,3,UVH9s,7,0.0,-5850000.0,-5.85,446,1024,0.435546875
01a0a597-81f1-7011-9024-b8d544cd9dd8,s,C,QB5,0,3,UVH9s,8,0.0,-5400000.0,-5.4,480,1024,0.46875
01a0a597-81f1-7011-9024-b8d544cd9dd8,s,C,QB5,0,3,UVH9s,9,0.0,-4950000.0,-4.95,467,1024,0.4560546875
01a0a597-81f1-7011-9024-b8d544cd9dd8,s,C,QB5,0,3,UVH9s,10,0.0,-4500000.0,-4.5,487,1024,0.4755859375
01a0a597-81f1-7011-9024-b8d544cd9dd8,s,C,QB5,0,3,UVH9s,11,0.0,-4050000.0,-4.05,514,1024,0.501953125
01a0a597-81f1-7011-9024-b8d544cd9dd8,s,C,QB5,0,3,UVH9s,12,0.0,-3600000.0,-3.6,509,1024,0.4970703125
01a0a597-81f1-7011-9024-b8d544cd9dd8,s,C,QB5,0,3,UVH9s,13,0.0,-3150000.0,-3.15,482,1024,0.470703125
01a0a597-81f1-7011-9024-b8d544cd9dd8,s,C,QB5,0,3,UVH9s,14,0.0,-2700000.0,-2.7,504,1024,0.4921875
01a0a597-81f1-7011-9024-b8d544cd9dd8,s,C,QB5,0,3,UVH9s,15,0.0,-2250000.0,-2.25,515,1024,0.5029296875
01a0a597-81f1-7011-9024-b8d544cd9dd8,s,C,QB5,0,3,UVH9s,16,0.0,-1800000.0,-1.8,505,1024,0.4931640625
01a0a597-81f1-7011-9024-b8d544cd9dd8,s,C,QB5,0,3,UVH9s,17,0.0,-1350000.0,-1.35,490,1024,0.478515625
01a0a597-81f1-7011-9024-b8d544cd9dd8,s,C,QB5,0,3,UVH9s,18,0.0,-900000.0,-0.9,549,1024,0.5361328125
01a0a597-81f1-7011-9024-b8d544cd9dd8,s,C,QB5,0,3,UVH9s,19,0.0,-450000.0,-0.45,533,1024,0.5205078125
01a0a597-81f1-7011-9024-b8d544cd9dd8,s,C,QB5,0,3,UVH9s,20,0.0,0.0,0.0,532,1024,0.51953125
01a0a597-81f1-7011-9024-b8d544cd9dd8,s,C,QB5,0,3,UVH9s,21,0.0,450000.0,0.45,515,1024,0.5029296875
01a0a597-81f1-7011-9024-b8d544cd9dd8,s,C,QB5,0,3,UVH9s,22,0.0,900000.0,0.9,484,1024,0.47265625
01a0a597-81f1-7011-9024-b8d544cd9dd8,s,C,QB5,0,3,UVH9s,23,0.0,1350000.0,1.35,541,1024,0.5283203125
01a0a597-81f1-7011-9024-b8d544cd9dd8,s,C,QB5,0,3,UVH9s,24,0.0,1800000.0,1.8,552,1024,0.5390625
01a0a597-81f1-7011-9024-b8d544cd9dd8,s,C,QB5,0,3,UVH9s,25,0.0,2250000.0,2.25,534,1024,0.521484375
01a0a597-81f1-7011-9024-b8d544cd9dd8,s,C,QB5,0,3,UVH9s,26,0.0,2700000.0,2.7,526,1024,0.513671875
01a0a597-81f1-7011-9024-b8d544cd9dd8,s,C,QB5,0,3,UVH9s,27,0.0,3150000.0,3.15,528,1024,0.515625
01a0a597-81f1-7011-9024-b8d544cd9dd8,s,C,QB5,0,3,UVH9s,28,0.0,3600000.0,3.6,553,1024,0.5400390625
01a0a597-81f1-7011-9024-b8d544cd9dd8,s,C,QB5,0,3,UVH9s,29,0.0,4050000.0,4.05,543,1024,0.5302734375
01a0a597-81f1-7011-9024-b8d544cd9dd8,s,C,QB5,0,3,UVH9s,30,0.0,4500000.0,4.5,537,1024,0.5244140625
01a0a597-81f1-7011-9024-b8d544cd9dd8,s,C,QB5,0,3,UVH9s,31,0.0,4950000.0,4.95,517,1024,0.5048828125
01a0a597-81f1-7011-9024-b8d544cd9dd8,s,C,QB5,0,3,UVH9s,32,0.0,5400000.0,5.4,505,1024,0.4931640625
01a0a597-81f1-7011-9024-b8d544cd9dd8,s,C,QB5,0,3,UVH9s,33,0.0,5850000.0,5.85,509,1024,0.4970703125
01a0a597-81f1-7011-9024-b8d544cd9dd8,s,C,QB5,0,3,UVH9s,34,0.0,6300000.0,6.3,483,1024,0.4716796875
01a0a597-81f1-7011-9024-b8d544cd9dd8,s,C,QB5,0,3,UVH9s,35,0.0,6750000.0,6.75,461,1024,0.4501953125
01a0a597-81f1-7011-9024-b8d544cd9dd8,s,C,QB5,0,3,UVH9s,36,0.0,7200000.0,7.2,455,1024,0.4443359375
01a0a597-81f1-7011-9024-b8d544cd9dd8,s,C,QB5,0,3,UVH9s,37,0.0,7650000.0,7.65,432,1024,0.421875
01a0a597-81f1-7011-9024-b8d544cd9dd8,s,C,QB5,0,3,UVH9s,38,0.0,8100000.0,8.1,401,1024,0.3916015625
01a0a597-81f1-7011-9024-b8d544cd9dd8,s,C,QB5,0,3,UVH9s,39,0.0,8550000.0,8.55,371,1024,0.3623046875
01a0a597-81f1-7011-9024-b8d544cd9dd8,s,C,QB5,0,3,UVH9s,40,0.0,9000000.0,9.0,346,1024,0.337890625
01a0a597-81f1-7011-9024-b8d544cd9dd8,s,C,QB5,0,4,UVH11s,0,0.0,-9000000.0,-9.0,538,1024,0.525390625
01a0a597-81f1-7011-9024-b8d544cd9dd8,s,C,QB5,0,4,UVH11s,1,0.0,-8550000.0,-8.55,518,1024,0.505859375
01a0a597-81f1-7011-9024-b8d544cd9dd8,s,C,QB5,0,4,UVH11s,2,0.0,-8100000.0,-8.1,502,1024,0.490234375
01a0a597-81f1-7011-9024-b8d544cd9dd8,s,C,QB5,0,4,UVH11s,3,0.0,-7650000.0,-7.65,470,1024,0.458984375
01a0a597-81f1-7011-9024-b8d544cd9dd8,s,C,QB5,0,4,UVH11s,4,0.0,-7200000.0,-7.2,467,1024,0.4560546875
01a0a597-81f1-7011-9024-b8d544cd9dd8,s,C,QB5,0,4,UVH11s,5,0.0,-6750000.0,-6.75,503,1024,0.4912109375
01a0a597-81f1-7011-9024-b8d544cd9dd8,s,C,QB5,0,4,UVH11s,6,0.0,-6300000.0,-6.3,515,1024,0.5029296875
01a0a597-81f1-7011-9024-b8d544cd9dd8,s,C,QB5,0,4,UVH11s,7,0.0,-5850000.0,-5.85,495,1024,0.4833984375
01a0a597-81f1-7011-9024-b8d544cd9dd8,s,C,QB5,0,4,UVH11s,8,0.0,-5400000.0,-5.4,528,1024,0.515625
01a0a597-81f1-7011-9024-b8d544cd9dd8,s,C,QB5,0,4,UVH11s,9,0.0,-4950000.0,-4.95,484,1024,0.47265625
01a0a597-81f1-7011-9024-b8d544cd9dd8,s,C,QB5,0,4,UVH11s,10,0.0,-4500000.0,-4.5,483,1024,0.4716796875
01a0a597-81f1-7011-9024-b8d544cd9dd8,s,C,QB5,0,4,UVH11s,11,0.0,-4050000.0,-4.05,507,1024,0.4951171875
01a0a597-81f1-7011-9024-b8d544cd9dd8,s,C,QB5,0,4,UVH11s,12,0.0,-3600000.0,-3.6,512,1024,0.5
01a0a597-81f1-7011-9024-b8d544cd9dd8,s,C,QB5,0,4,UVH11s,13,0.0,-3150000.0,-3.15,538,1024,0.525390625
01a0a597-81f1-7011-9024-b8d544cd9dd8,s,C,QB5,0,4,UVH11s,14,0.0,-2700000.0,-2.7,517,1024,0.5048828125
01a0a597-81f1-7011-9024-b8d544cd9dd8,s,C,QB5,0,4,UVH11s,15,0.0,-2250000.0,-2.25,509,1024,0.4970703125
01a0a597-81f1-7011-9024-b8d544cd9dd8,s,C,QB5,0,4,UVH11s,16,0.0,-1800000.0,-1.8,527,1024,0.5146484375
01a0a597-81f1-7011-9024-b8d544cd9dd8,s,C,QB5,0,4,UVH11s,17,0.0,-1350000.0,-1.35,536,1024,0.5234375
01a0a597-81f1-7011-9024-b8d544cd9dd8,s,C,QB5,0,4,UVH11s,18,0.0,-900000.0,-0.9,548,1024,0.53515625
01a0a597-81f1-7011-9024-b8d544cd9dd8,s,C,QB5,0,4,UVH11s,19,0.0,-450000.0,-0.45,535,1024,0.5224609375
01a0a597-81f1-7011-9024-b8d544cd9dd8,s,C,QB5,0,4,UVH11s,20,0.0,0.0,0.0,551,1024,0.5380859375
01a0a597-81f1-7011-9024-b8d544cd9dd8,s,C,QB5,0,4,UVH11s,21,0.0,450000.0,0.45,541,1024,0.5283203125
01a0a597-81f1-7011-9024-b8d544cd9dd8,s,C,QB5,0,4,UVH11s,22,0.0,900000.0,0.9,546,1024,0.533203125
01a0a597-81f1-7011-9024-b8d544cd9dd8,s,C,QB5,0,4,UVH11s,23,0.0,1350000.0,1.35,557,1024,0.5439453125
01a0a597-81f1-7011-9024-b8d544cd9dd8,s,C,QB5,0,4,UVH11s,24,0.0,1800000.0,1.8,545,1024,0.5322265625
01a0a597-81f1-7011-9024-b8d544cd9dd8,s,C,QB5,0,4,UVH11s,25,0.0,2250000.0,2.25,475,1024,0.4638671875
01a0a597-81f1-7011-9024-b8d544cd9dd8,s,C,QB5,0,4,UVH11s,26,0.0,2700000.0,2.7,549,1024,0.5361328125
01a0a597-81f1-7011-9024-b8d544cd9dd8,s,C,QB5,0,4,UVH11s,27,0.0,3150000.0,3.15,548,1024,0.53515625
01a0a597-81f1-7011-9024-b8d544cd9dd8,s,C,QB5,0,4,UVH11s,28,0.0,3600000.0,3.6,589,1024,0.5751953125
01a0a597-81f1-7011-9024-b8d544cd9dd8,s,C,QB5,0,4,UVH11s,29,0.0,4050000.0,4.05,578,1024,0.564453125
01a0a597-81f1-7011-9024-b8d544cd9dd8,s,C,QB5,0,4,UVH11s,30,0.0,4500000.0,4.5,529,1024,0.5166015625
01a0a597-81f1-7011-9024-b8d544cd9dd8,s,C,QB5,0,4,UVH11s,31,0.0,4950000.0,4.95,549,1024,0.5361328125
01a0a597-81f1-7011-9024-b8d544cd9dd8,s,C,QB5,0,4,UVH11s,32,0.0,5400000.0,5.4,553,1024,0.5400390625
01a0a597-81f1-7011-9024-b8d544cd9dd8,s,C,QB5,0,4,UVH11s,33,0.0,5850000.0,5.85,544,1024,0.53125
01a0a597-81f1-7011-9024-b8d544cd9dd8,s,C,QB5,0,4,UVH11s,34,0.0,6300000.0,6.3,539,1024,0.5263671875
01a0a597-81f1-7011-9024-b8d544cd9dd8,s,C,QB5,0,4,UVH11s,35,0.0,6750000.0,6.75,541,1024,0.5283203125
01a0a597-81f1-7011-9024-b8d544cd9dd8,s,C,QB5,0,4,UVH11s,36,0.0,7200000.0,7.2,544,1024,0.53125
01a0a597-81f1-7011-9024-b8d544cd9dd8,s,C,QB5,0,4,UVH11s,37,0.0,7650000.0,7.65,517,1024,0.5048828125
01a0a597-81f1-7011-9024-b8d544cd9dd8,s,C,QB5,0,4,UVH11s,38,0.0,8100000.0,8.1,504,1024,0.4921875
01a0a597-81f1-7011-9024-b8d544cd9dd8,s,C,QB5,0,4,UVH11s,39,0.0,8550000.0,8.55,499,1024,0.4873046875
01a0a597-81f1-7011-9024-b8d544cd9dd8,s,C,QB5,0,4,UVH11s,40,0.0,9000000.0,9.0,490,1024,0.478515625
01a0a597-81f1-7011-9024-b8d544cd9dd8,s,C,QB5,0,5,UVH13s,0,0.0,-9000000.0,-9.0,571,1024,0.5576171875
01a0a597-81f1-7011-9024-b8d544cd9dd8,s,C,QB5,0,5,UVH13s,1,0.0,-8550000.0,-8.55,586,1024,0.572265625
01a0a597-81f1-7011-9024-b8d544cd9dd8,s,C,QB5,0,5,UVH13s,2,0.0,-8100000.0,-8.1,554,1024,0.541015625
01a0a597-81f1-7011-9024-b8d544cd9dd8,s,C,QB5,0,5,UVH13s,3,0.0,-7650000.0,-7.65,522,1024,0.509765625
01a0a597-81f1-7011-9024-b8d544cd9dd8,s,C,QB5,0,5,UVH13s,4,0.0,-7200000.0,-7.2,559,1024,0.5458984375
01a0a597-81f1-7011-9024-b8d544cd9dd8,s,C,QB5,0,5,UVH13s,5,0.0,-6750000.0,-6.75,513,1024,0.5009765625
01a0a597-81f1-7011-9024-b8d544cd9dd8,s,C,QB5,0,5,UVH13s,6,0.0,-6300000.0,-6.3,506,1024,0.494140625
01a0a597-81f1-7011-9024-b8d544cd9dd8,s,C,QB5,0,5,UVH13s,7,0.0,-5850000.0,-5.85,527,1024,0.5146484375
01a0a597-81f1-7011-9024-b8d544cd9dd8,s,C,QB5,0,5,UVH13s,8,0.0,-5400000.0,-5.4,535,1024,0.5224609375
01a0a597-81f1-7011-9024-b8d544cd9dd8,s,C,QB5,0,5,UVH13s,9,0.0,-4950000.0,-4.95,533,1024,0.5205078125
01a0a597-81f1-7011-9024-b8d544cd9dd8,s,C,QB5,0,5,UVH13s,10,0.0,-4500000.0,-4.5,534,1024,0.521484375
01a0a597-81f1-7011-9024-b8d544cd9dd8,s,C,QB5,0,5,UVH13s,11,0.0,-4050000.0,-4.05,529,1024,0.5166015625
01a0a597-81f1-7011-9024-b8d544cd9dd8,s,C,QB5,0,5,UVH13s,12,0.0,-3600000.0,-3.6,567,1024,0.5537109375
01a0a597-81f1-7011-9024-b8d544cd9dd8,s,C,QB5,0,5,UVH13s,13,0.0,-3150000.0,-3.15,517,1024,0.5048828125
01a0a597-81f1-7011-9024-b8d544cd9dd8,s,C,QB5,0,5,UVH13s,14,0.0,-2700000.0,-2.7,550,1024,0.537109375
01a0a597-81f1-7011-9024-b8d544cd9dd8,s,C,QB5,0,5,UVH13s,15,0.0,-2250000.0,-2.25,575,1024,0.5615234375
01a0a597-81f1-7011-9024-b8d544cd9dd8,s,C,QB5,0,5,UVH13s,16,0.0,-1800000.0,-1.8,515,1024,0.5029296875
01a0a597-81f1-7011-9024-b8d544cd9dd8,s,C,QB5,0,5,UVH13s,17,0.0,-1350000.0,-1.35,558,1024,0.544921875
01a0a597-81f1-7011-9024-b8d544cd9dd8,s,C,QB5,0,5,UVH13s,18,0.0,-900000.0,-0.9,558,1024,0.544921875
01a0a597-81f1-7011-9024-b8d544cd9dd8,s,C,QB5,0,5,UVH13s,19,0.0,-450000.0,-0.45,546,1024,0.533203125
01a0a597-81f1-7011-9024-b8d544cd9dd8,s,C,QB5,0,5,UVH13s,20,0.0,0.0,0.0,532,1024,0.51953125
01a0a597-81f1-7011-9024-b8d544cd9dd8,s,C,QB5,0,5,UVH13s,21,0.0,450000.0,0.45,538,1024,0.525390625
01a0a597-81f1-7011-9024-b8d544cd9dd8,s,C,QB5,0,5,UVH13s,22,0.0,900000.0,0.9,520,1024,0.5078125
01a0a597-81f1-7011-9024-b8d544cd9dd8,s,C,QB5,0,5,UVH13s,23,0.0,1350000.0,1.35,533,1024,0.5205078125
01a0a597-81f1-7011-9024-b8d544cd9dd8,s,C,QB5,0,5,UVH13s,24,0.0,1800000.0,1.8,543,1024,0.5302734375
01a0a597-81f1-7011-9024-b8d544cd9dd8,s,C,QB5,0,5,UVH13s,25,0.0,2250000.0,2.25,554,1024,0.541015625
01a0a597-81f1-7011-9024-b8d544cd9dd8,s,C,QB5,0,5,UVH13s,26,0.0,2700000.0,2.7,529,1024,0.5166015625
01a0a597-81f1-7011-9024-b8d544cd9dd8,s,C,QB5,0,5,UVH13s,27,0.0,3150000.0,3.15,511,1024,0.4990234375
01a0a597-81f1-7011-9024-b8d544cd9dd8,s,C,QB5,0,5,UVH13s,28,0.0,3600000.0,3.6,561,1024,0.5478515625
01a0a597-81f1-7011-9024-b8d544cd9dd8,s,C,QB5,0,5,UVH13s,29,0.0,4050000.0,4.05,548,1024,0.53515625
01a0a597-81f1-7011-9024-b8d544cd9dd8,s,C,QB5,0,5,UVH13s,30,0.0,4500000.0,4.5,518,1024,0.505859375
01a0a597-81f1-7011-9024-b8d544cd9dd8,s,C,QB5,0,5,UVH13s,31,0.0,4950000.0,4.95,526,1024,0.513671875
01a0a597-81f1-7011-9024-b8d544cd9dd8,s,C,QB5,0,5,UVH13s,32,0.0,5400000.0,5.4,532,1024,0.51953125
01a0a597-81f1-7011-9024-b8d544cd9dd8,s,C,QB5,0,5,UVH13s,33,0.0,5850000.0,5.85,553,1024,0.5400390625
01a0a597-81f1-7011-9024-b8d544cd9dd8,s,C,QB5,0,5,UVH13s,34,0.0,6300000.0,6.3,521,1024,0.5087890625
01a0a597-81f1-7011-9024-b8d544cd9dd8,s,C,QB5,0,5,UVH13s,35,0.0,6750000.0,6.75,535,1024,0.5224609375
01a0a597-81f1-7011-9024-b8d544cd9dd8,s,C,QB5,0,5,UVH13s,36,0.0,7200000.0,7.2,515,1024,0.5029296875
01a0a597-81f1-7011-9024-b8d544cd9dd8,s,C,QB5,0,5,UVH13s,37,0.0,7650000.0,7.65,513,1024,0.5009765625
01a0a597-81f1-7011-9024-b8d544cd9dd8,s,C,QB5,0,5,UVH13s,38,0.0,8100000.0,8.1,525,1024,0.5126953125
01a0a597-81f1-7011-9024-b8d544cd9dd8,s,C,QB5,0,5,UVH13s,39,0.0,8550000.0,8.55,542,1024,0.529296875
01a0a597-81f1-7011-9024-b8d544cd9dd8,s,C,QB5,0,5,UVH13s,40,0.0,9000000.0,9.0,527,1024,0.5146484375
01a0a597-81f1-7011-9024-b8d544cd9dd8,s,C,QB10,1,0,standard_pi_2,0,0.0,-9000000.0,-9.0,539,1024,0.5263671875
01a0a597-81f1-7011-9024-b8d544cd9dd8,s,C,QB10,1,0,standard_pi_2,1,0.0,-8550000.0,-8.55,554,1024,0.541015625
01a0a597-81f1-7011-9024-b8d544cd9dd8,s,C,QB10,1,0,standard_pi_2,2,0.0,-8100000.0,-8.1,539,1024,0.5263671875
01a0a597-81f1-7011-9024-b8d544cd9dd8,s,C,QB10,1,0,standard_pi_2,3,0.0,-7650000.0,-7.65,537,1024,0.5244140625
01a0a597-81f1-7011-9024-b8d544cd9dd8,s,C,QB10,1,0,standard_pi_2,4,0.0,-7200000.0,-7.2,563,1024,0.5498046875
01a0a597-81f1-7011-9024-b8d544cd9dd8,s,C,QB10,1,0,standard_pi_2,5,0.0,-6750000.0,-6.75,558,1024,0.544921875
01a0a597-81f1-7011-9024-b8d544cd9dd8,s,C,QB10,1,0,standard_pi_2,6,0.0,-6300000.0,-6.3,529,1024,0.5166015625
01a0a597-81f1-7011-9024-b8d544cd9dd8,s,C,QB10,1,0,standard_pi_2,7,0.0,-5850000.0,-5.85,550,1024,0.537109375
01a0a597-81f1-7011-9024-b8d544cd9dd8,s,C,QB10,1,0,standard_pi_2,8,0.0,-5400000.0,-5.4,542,1024,0.529296875
01a0a597-81f1-7011-9024-b8d544cd9dd8,s,C,QB10,1,0,standard_pi_2,9,0.0,-4950000.0,-4.95,531,1024,0.5185546875
01a0a597-81f1-7011-9024-b8d544cd9dd8,s,C,QB10,1,0,standard_pi_2,10,0.0,-4500000.0,-4.5,491,1024,0.4794921875
01a0a597-81f1-7011-9024-b8d544cd9dd8,s,C,QB10,1,0,standard_pi_2,11,0.0,-4050000.0,-4.05,556,1024,0.54296875
01a0a597-81f1-7011-9024-b8d544cd9dd8,s,C,QB10,1,0,standard_pi_2,12,0.0,-3600000.0,-3.6,524,1024,0.51171875
01a0a597-81f1-7011-9024-b8d544cd9dd8,s,C,QB10,1,0,standard_pi_2,13,0.0,-3150000.0,-3.15,534,1024,0.521484375
01a0a597-81f1-7011-9024-b8d544cd9dd8,s,C,QB10,1,0,standard_pi_2,14,0.0,-2700000.0,-2.7,521,1024,0.5087890625
01a0a597-81f1-7011-9024-b8d544cd9dd8,s,C,QB10,1,0,standard_pi_2,15,0.0,-2250000.0,-2.25,536,1024,0.5234375
01a0a597-81f1-7011-9024-b8d544cd9dd8,s,C,QB10,1,0,standard_pi_2,16,0.0,-1800000.0,-1.8,544,1024,0.53125
01a0a597-81f1-7011-9024-b8d544cd9dd8,s,C,QB10,1,0,standard_pi_2,17,0.0,-1350000.0,-1.35,504,1024,0.4921875
01a0a597-81f1-7011-9024-b8d544cd9dd8,s,C,QB10,1,0,standard_pi_2,18,0.0,-900000.0,-0.9,512,1024,0.5
01a0a597-81f1-7011-9024-b8d544cd9dd8,s,C,QB10,1,0,standard_pi_2,19,0.0,-450000.0,-0.45,510,1024,0.498046875
01a0a597-81f1-7011-9024-b8d544cd9dd8,s,C,QB10,1,0,standard_pi_2,20,0.0,0.0,0.0,486,1024,0.474609375
01a0a597-81f1-7011-9024-b8d544cd9dd8,s,C,QB10,1,0,standard_pi_2,21,0.0,450000.0,0.45,506,1024,0.494140625
01a0a597-81f1-7011-9024-b8d544cd9dd8,s,C,QB10,1,0,standard_pi_2,22,0.0,900000.0,0.9,506,1024,0.494140625
01a0a597-81f1-7011-9024-b8d544cd9dd8,s,C,QB10,1,0,standard_pi_2,23,0.0,1350000.0,1.35,506,1024,0.494140625
01a0a597-81f1-7011-9024-b8d544cd9dd8,s,C,QB10,1,0,standard_pi_2,24,0.0,1800000.0,1.8,496,1024,0.484375
01a0a597-81f1-7011-9024-b8d544cd9dd8,s,C,QB10,1,0,standard_pi_2,25,0.0,2250000.0,2.25,494,1024,0.482421875
01a0a597-81f1-7011-9024-b8d544cd9dd8,s,C,QB10,1,0,standard_pi_2,26,0.0,2700000.0,2.7,490,1024,0.478515625
01a0a597-81f1-7011-9024-b8d544cd9dd8,s,C,QB10,1,0,standard_pi_2,27,0.0,3150000.0,3.15,525,1024,0.5126953125
01a0a597-81f1-7011-9024-b8d544cd9dd8,s,C,QB10,1,0,standard_pi_2,28,0.0,3600000.0,3.6,471,1024,0.4599609375
01a0a597-81f1-7011-9024-b8d544cd9dd8,s,C,QB10,1,0,standard_pi_2,29,0.0,4050000.0,4.05,478,1024,0.466796875
01a0a597-81f1-7011-9024-b8d544cd9dd8,s,C,QB10,1,0,standard_pi_2,30,0.0,4500000.0,4.5,477,1024,0.4658203125
01a0a597-81f1-7011-9024-b8d544cd9dd8,s,C,QB10,1,0,standard_pi_2,31,0.0,4950000.0,4.95,482,1024,0.470703125
01a0a597-81f1-7011-9024-b8d544cd9dd8,s,C,QB10,1,0,standard_pi_2,32,0.0,5400000.0,5.4,471,1024,0.4599609375
01a0a597-81f1-7011-9024-b8d544cd9dd8,s,C,QB10,1,0,standard_pi_2,33,0.0,5850000.0,5.85,477,1024,0.4658203125
01a0a597-81f1-7011-9024-b8d544cd9dd8,s,C,QB10,1,0,standard_pi_2,34,0.0,6300000.0,6.3,475,1024,0.4638671875
01a0a597-81f1-7011-9024-b8d544cd9dd8,s,C,QB10,1,0,standard_pi_2,35,0.0,6750000.0,6.75,482,1024,0.470703125
01a0a597-81f1-7011-9024-b8d544cd9dd8,s,C,QB10,1,0,standard_pi_2,36,0.0,7200000.0,7.2,462,1024,0.451171875
01a0a597-81f1-7011-9024-b8d544cd9dd8,s,C,QB10,1,0,standard_pi_2,37,0.0,7650000.0,7.65,464,1024,0.453125
01a0a597-81f1-7011-9024-b8d544cd9dd8,s,C,QB10,1,0,standard_pi_2,38,0.0,8100000.0,8.1,439,1024,0.4287109375
01a0a597-81f1-7011-9024-b8d544cd9dd8,s,C,QB10,1,0,standard_pi_2,39,0.0,8550000.0,8.55,408,1024,0.3984375
01a0a597-81f1-7011-9024-b8d544cd9dd8,s,C,QB10,1,0,standard_pi_2,40,0.0,9000000.0,9.0,442,1024,0.431640625
01a0a597-81f1-7011-9024-b8d544cd9dd8,s,C,QB10,1,1,UVH5s,0,0.0,-9000000.0,-9.0,699,1024,0.6826171875
01a0a597-81f1-7011-9024-b8d544cd9dd8,s,C,QB10,1,1,UVH5s,1,0.0,-8550000.0,-8.55,697,1024,0.6806640625
01a0a597-81f1-7011-9024-b8d544cd9dd8,s,C,QB10,1,1,UVH5s,2,0.0,-8100000.0,-8.1,687,1024,0.6708984375
01a0a597-81f1-7011-9024-b8d544cd9dd8,s,C,QB10,1,1,UVH5s,3,0.0,-7650000.0,-7.65,659,1024,0.6435546875
01a0a597-81f1-7011-9024-b8d544cd9dd8,s,C,QB10,1,1,UVH5s,4,0.0,-7200000.0,-7.2,661,1024,0.6455078125
01a0a597-81f1-7011-9024-b8d544cd9dd8,s,C,QB10,1,1,UVH5s,5,0.0,-6750000.0,-6.75,662,1024,0.646484375
01a0a597-81f1-7011-9024-b8d544cd9dd8,s,C,QB10,1,1,UVH5s,6,0.0,-6300000.0,-6.3,628,1024,0.61328125
01a0a597-81f1-7011-9024-b8d544cd9dd8,s,C,QB10,1,1,UVH5s,7,0.0,-5850000.0,-5.85,627,1024,0.6123046875
01a0a597-81f1-7011-9024-b8d544cd9dd8,s,C,QB10,1,1,UVH5s,8,0.0,-5400000.0,-5.4,618,1024,0.603515625
01a0a597-81f1-7011-9024-b8d544cd9dd8,s,C,QB10,1,1,UVH5s,9,0.0,-4950000.0,-4.95,594,1024,0.580078125
01a0a597-81f1-7011-9024-b8d544cd9dd8,s,C,QB10,1,1,UVH5s,10,0.0,-4500000.0,-4.5,544,1024,0.53125
01a0a597-81f1-7011-9024-b8d544cd9dd8,s,C,QB10,1,1,UVH5s,11,0.0,-4050000.0,-4.05,564,1024,0.55078125
01a0a597-81f1-7011-9024-b8d544cd9dd8,s,C,QB10,1,1,UVH5s,12,0.0,-3600000.0,-3.6,522,1024,0.509765625
01a0a597-81f1-7011-9024-b8d544cd9dd8,s,C,QB10,1,1,UVH5s,13,0.0,-3150000.0,-3.15,550,1024,0.537109375
01a0a597-81f1-7011-9024-b8d544cd9dd8,s,C,QB10,1,1,UVH5s,14,0.0,-2700000.0,-2.7,524,1024,0.51171875
01a0a597-81f1-7011-9024-b8d544cd9dd8,s,C,QB10,1,1,UVH5s,15,0.0,-2250000.0,-2.25,526,1024,0.513671875
01a0a597-81f1-7011-9024-b8d544cd9dd8,s,C,QB10,1,1,UVH5s,16,0.0,-1800000.0,-1.8,499,1024,0.4873046875
01a0a597-81f1-7011-9024-b8d544cd9dd8,s,C,QB10,1,1,UVH5s,17,0.0,-1350000.0,-1.35,510,1024,0.498046875
01a0a597-81f1-7011-9024-b8d544cd9dd8,s,C,QB10,1,1,UVH5s,18,0.0,-900000.0,-0.9,519,1024,0.5068359375
01a0a597-81f1-7011-9024-b8d544cd9dd8,s,C,QB10,1,1,UVH5s,19,0.0,-450000.0,-0.45,484,1024,0.47265625
01a0a597-81f1-7011-9024-b8d544cd9dd8,s,C,QB10,1,1,UVH5s,20,0.0,0.0,0.0,482,1024,0.470703125
01a0a597-81f1-7011-9024-b8d544cd9dd8,s,C,QB10,1,1,UVH5s,21,0.0,450000.0,0.45,474,1024,0.462890625
01a0a597-81f1-7011-9024-b8d544cd9dd8,s,C,QB10,1,1,UVH5s,22,0.0,900000.0,0.9,462,1024,0.451171875
01a0a597-81f1-7011-9024-b8d544cd9dd8,s,C,QB10,1,1,UVH5s,23,0.0,1350000.0,1.35,504,1024,0.4921875
01a0a597-81f1-7011-9024-b8d544cd9dd8,s,C,QB10,1,1,UVH5s,24,0.0,1800000.0,1.8,503,1024,0.4912109375
01a0a597-81f1-7011-9024-b8d544cd9dd8,s,C,QB10,1,1,UVH5s,25,0.0,2250000.0,2.25,498,1024,0.486328125
01a0a597-81f1-7011-9024-b8d544cd9dd8,s,C,QB10,1,1,UVH5s,26,0.0,2700000.0,2.7,508,1024,0.49609375
01a0a597-81f1-7011-9024-b8d544cd9dd8,s,C,QB10,1,1,UVH5s,27,0.0,3150000.0,3.15,562,1024,0.548828125
01a0a597-81f1-7011-9024-b8d544cd9dd8,s,C,QB10,1,1,UVH5s,28,0.0,3600000.0,3.6,553,1024,0.5400390625
01a0a597-81f1-7011-9024-b8d544cd9dd8,s,C,QB10,1,1,UVH5s,29,0.0,4050000.0,4.05,576,1024,0.5625
01a0a597-81f1-7011-9024-b8d544cd9dd8,s,C,QB10,1,1,UVH5s,30,0.0,4500000.0,4.5,560,1024,0.546875
01a0a597-81f1-7011-9024-b8d544cd9dd8,s,C,QB10,1,1,UVH5s,31,0.0,4950000.0,4.95,598,1024,0.583984375
01a0a597-81f1-7011-9024-b8d544cd9dd8,s,C,QB10,1,1,UVH5s,32,0.0,5400000.0,5.4,634,1024,0.619140625
01a0a597-81f1-7011-9024-b8d544cd9dd8,s,C,QB10,1,1,UVH5s,33,0.0,5850000.0,5.85,675,1024,0.6591796875
01a0a597-81f1-7011-9024-b8d544cd9dd8,s,C,QB10,1,1,UVH5s,34,0.0,6300000.0,6.3,664,1024,0.6484375
01a0a597-81f1-7011-9024-b8d544cd9dd8,s,C,QB10,1,1,UVH5s,35,0.0,6750000.0,6.75,730,1024,0.712890625
01a0a597-81f1-7011-9024-b8d544cd9dd8,s,C,QB10,1,1,UVH5s,36,0.0,7200000.0,7.2,727,1024,0.7099609375
01a0a597-81f1-7011-9024-b8d544cd9dd8,s,C,QB10,1,1,UVH5s,37,0.0,7650000.0,7.65,758,1024,0.740234375
01a0a597-81f1-7011-9024-b8d544cd9dd8,s,C,QB10,1,1,UVH5s,38,0.0,8100000.0,8.1,759,1024,0.7412109375
01a0a597-81f1-7011-9024-b8d544cd9dd8,s,C,QB10,1,1,UVH5s,39,0.0,8550000.0,8.55,797,1024,0.7783203125
01a0a597-81f1-7011-9024-b8d544cd9dd8,s,C,QB10,1,1,UVH5s,40,0.0,9000000.0,9.0,823,1024,0.8037109375
01a0a597-81f1-7011-9024-b8d544cd9dd8,s,C,QB10,1,2,UVH7s,0,0.0,-9000000.0,-9.0,585,1024,0.5712890625
01a0a597-81f1-7011-9024-b8d544cd9dd8,s,C,QB10,1,2,UVH7s,1,0.0,-8550000.0,-8.55,564,1024,0.55078125
01a0a597-81f1-7011-9024-b8d544cd9dd8,s,C,QB10,1,2,UVH7s,2,0.0,-8100000.0,-8.1,571,1024,0.5576171875
01a0a597-81f1-7011-9024-b8d544cd9dd8,s,C,QB10,1,2,UVH7s,3,0.0,-7650000.0,-7.65,562,1024,0.548828125
01a0a597-81f1-7011-9024-b8d544cd9dd8,s,C,QB10,1,2,UVH7s,4,0.0,-7200000.0,-7.2,560,1024,0.546875
01a0a597-81f1-7011-9024-b8d544cd9dd8,s,C,QB10,1,2,UVH7s,5,0.0,-6750000.0,-6.75,523,1024,0.5107421875
01a0a597-81f1-7011-9024-b8d544cd9dd8,s,C,QB10,1,2,UVH7s,6,0.0,-6300000.0,-6.3,519,1024,0.5068359375
01a0a597-81f1-7011-9024-b8d544cd9dd8,s,C,QB10,1,2,UVH7s,7,0.0,-5850000.0,-5.85,512,1024,0.5
01a0a597-81f1-7011-9024-b8d544cd9dd8,s,C,QB10,1,2,UVH7s,8,0.0,-5400000.0,-5.4,492,1024,0.48046875
01a0a597-81f1-7011-9024-b8d544cd9dd8,s,C,QB10,1,2,UVH7s,9,0.0,-4950000.0,-4.95,506,1024,0.494140625
01a0a597-81f1-7011-9024-b8d544cd9dd8,s,C,QB10,1,2,UVH7s,10,0.0,-4500000.0,-4.5,483,1024,0.4716796875
01a0a597-81f1-7011-9024-b8d544cd9dd8,s,C,QB10,1,2,UVH7s,11,0.0,-4050000.0,-4.05,466,1024,0.455078125
01a0a597-81f1-7011-9024-b8d544cd9dd8,s,C,QB10,1,2,UVH7s,12,0.0,-3600000.0,-3.6,486,1024,0.474609375
01a0a597-81f1-7011-9024-b8d544cd9dd8,s,C,QB10,1,2,UVH7s,13,0.0,-3150000.0,-3.15,480,1024,0.46875
01a0a597-81f1-7011-9024-b8d544cd9dd8,s,C,QB10,1,2,UVH7s,14,0.0,-2700000.0,-2.7,475,1024,0.4638671875
01a0a597-81f1-7011-9024-b8d544cd9dd8,s,C,QB10,1,2,UVH7s,15,0.0,-2250000.0,-2.25,476,1024,0.46484375
01a0a597-81f1-7011-9024-b8d544cd9dd8,s,C,QB10,1,2,UVH7s,16,0.0,-1800000.0,-1.8,467,1024,0.4560546875
01a0a597-81f1-7011-9024-b8d544cd9dd8,s,C,QB10,1,2,UVH7s,17,0.0,-1350000.0,-1.35,459,1024,0.4482421875
01a0a597-81f1-7011-9024-b8d544cd9dd8,s,C,QB10,1,2,UVH7s,18,0.0,-900000.0,-0.9,459,1024,0.4482421875
01a0a597-81f1-7011-9024-b8d544cd9dd8,s,C,QB10,1,2,UVH7s,19,0.0,-450000.0,-0.45,479,1024,0.4677734375
01a0a597-81f1-7011-9024-b8d544cd9dd8,s,C,QB10,1,2,UVH7s,20,0.0,0.0,0.0,463,1024,0.4521484375
01a0a597-81f1-7011-9024-b8d544cd9dd8,s,C,QB10,1,2,UVH7s,21,0.0,450000.0,0.45,474,1024,0.462890625
01a0a597-81f1-7011-9024-b8d544cd9dd8,s,C,QB10,1,2,UVH7s,22,0.0,900000.0,0.9,472,1024,0.4609375
01a0a597-81f1-7011-9024-b8d544cd9dd8,s,C,QB10,1,2,UVH7s,23,0.0,1350000.0,1.35,453,1024,0.4423828125
01a0a597-81f1-7011-9024-b8d544cd9dd8,s,C,QB10,1,2,UVH7s,24,0.0,1800000.0,1.8,476,1024,0.46484375
01a0a597-81f1-7011-9024-b8d544cd9dd8,s,C,QB10,1,2,UVH7s,25,0.0,2250000.0,2.25,466,1024,0.455078125
01a0a597-81f1-7011-9024-b8d544cd9dd8,s,C,QB10,1,2,UVH7s,26,0.0,2700000.0,2.7,454,1024,0.443359375
01a0a597-81f1-7011-9024-b8d544cd9dd8,s,C,QB10,1,2,UVH7s,27,0.0,3150000.0,3.15,479,1024,0.4677734375
01a0a597-81f1-7011-9024-b8d544cd9dd8,s,C,QB10,1,2,UVH7s,28,0.0,3600000.0,3.6,453,1024,0.4423828125
01a0a597-81f1-7011-9024-b8d544cd9dd8,s,C,QB10,1,2,UVH7s,29,0.0,4050000.0,4.05,515,1024,0.5029296875
01a0a597-81f1-7011-9024-b8d544cd9dd8,s,C,QB10,1,2,UVH7s,30,0.0,4500000.0,4.5,492,1024,0.48046875
01a0a597-81f1-7011-9024-b8d544cd9dd8,s,C,QB10,1,2,UVH7s,31,0.0,4950000.0,4.95,473,1024,0.4619140625
01a0a597-81f1-7011-9024-b8d544cd9dd8,s,C,QB10,1,2,UVH7s,32,0.0,5400000.0,5.4,498,1024,0.486328125
01a0a597-81f1-7011-9024-b8d544cd9dd8,s,C,QB10,1,2,UVH7s,33,0.0,5850000.0,5.85,506,1024,0.494140625
01a0a597-81f1-7011-9024-b8d544cd9dd8,s,C,QB10,1,2,UVH7s,34,0.0,6300000.0,6.3,533,1024,0.5205078125
01a0a597-81f1-7011-9024-b8d544cd9dd8,s,C,QB10,1,2,UVH7s,35,0.0,6750000.0,6.75,557,1024,0.5439453125
01a0a597-81f1-7011-9024-b8d544cd9dd8,s,C,QB10,1,2,UVH7s,36,0.0,7200000.0,7.2,573,1024,0.5595703125
01a0a597-81f1-7011-9024-b8d544cd9dd8,s,C,QB10,1,2,UVH7s,37,0.0,7650000.0,7.65,645,1024,0.6298828125
01a0a597-81f1-7011-9024-b8d544cd9dd8,s,C,QB10,1,2,UVH7s,38,0.0,8100000.0,8.1,650,1024,0.634765625
01a0a597-81f1-7011-9024-b8d544cd9dd8,s,C,QB10,1,2,UVH7s,39,0.0,8550000.0,8.55,646,1024,0.630859375
01a0a597-81f1-7011-9024-b8d544cd9dd8,s,C,QB10,1,2,UVH7s,40,0.0,9000000.0,9.0,698,1024,0.681640625
01a0a597-81f1-7011-9024-b8d544cd9dd8,s,C,QB10,1,3,UVH9s,0,0.0,-9000000.0,-9.0,400,1024,0.390625
01a0a597-81f1-7011-9024-b8d544cd9dd8,s,C,QB10,1,3,UVH9s,1,0.0,-8550000.0,-8.55,386,1024,0.376953125
01a0a597-81f1-7011-9024-b8d544cd9dd8,s,C,QB10,1,3,UVH9s,2,0.0,-8100000.0,-8.1,406,1024,0.396484375
01a0a597-81f1-7011-9024-b8d544cd9dd8,s,C,QB10,1,3,UVH9s,3,0.0,-7650000.0,-7.65,427,1024,0.4169921875
01a0a597-81f1-7011-9024-b8d544cd9dd8,s,C,QB10,1,3,UVH9s,4,0.0,-7200000.0,-7.2,452,1024,0.44140625
01a0a597-81f1-7011-9024-b8d544cd9dd8,s,C,QB10,1,3,UVH9s,5,0.0,-6750000.0,-6.75,444,1024,0.43359375
01a0a597-81f1-7011-9024-b8d544cd9dd8,s,C,QB10,1,3,UVH9s,6,0.0,-6300000.0,-6.3,434,1024,0.423828125
01a0a597-81f1-7011-9024-b8d544cd9dd8,s,C,QB10,1,3,UVH9s,7,0.0,-5850000.0,-5.85,492,1024,0.48046875
01a0a597-81f1-7011-9024-b8d544cd9dd8,s,C,QB10,1,3,UVH9s,8,0.0,-5400000.0,-5.4,501,1024,0.4892578125
01a0a597-81f1-7011-9024-b8d544cd9dd8,s,C,QB10,1,3,UVH9s,9,0.0,-4950000.0,-4.95,481,1024,0.4697265625
01a0a597-81f1-7011-9024-b8d544cd9dd8,s,C,QB10,1,3,UVH9s,10,0.0,-4500000.0,-4.5,510,1024,0.498046875
01a0a597-81f1-7011-9024-b8d544cd9dd8,s,C,QB10,1,3,UVH9s,11,0.0,-4050000.0,-4.05,493,1024,0.4814453125
01a0a597-81f1-7011-9024-b8d544cd9dd8,s,C,QB10,1,3,UVH9s,12,0.0,-3600000.0,-3.6,497,1024,0.4853515625
01a0a597-81f1-7011-9024-b8d544cd9dd8,s,C,QB10,1,3,UVH9s,13,0.0,-3150000.0,-3.15,475,1024,0.4638671875
01a0a597-81f1-7011-9024-b8d544cd9dd8,s,C,QB10,1,3,UVH9s,14,0.0,-2700000.0,-2.7,538,1024,0.525390625
01a0a597-81f1-7011-9024-b8d544cd9dd8,s,C,QB10,1,3,UVH9s,15,0.0,-2250000.0,-2.25,461,1024,0.4501953125
01a0a597-81f1-7011-9024-b8d544cd9dd8,s,C,QB10,1,3,UVH9s,16,0.0,-1800000.0,-1.8,517,1024,0.5048828125
01a0a597-81f1-7011-9024-b8d544cd9dd8,s,C,QB10,1,3,UVH9s,17,0.0,-1350000.0,-1.35,527,1024,0.5146484375
01a0a597-81f1-7011-9024-b8d544cd9dd8,s,C,QB10,1,3,UVH9s,18,0.0,-900000.0,-0.9,502,1024,0.490234375
01a0a597-81f1-7011-9024-b8d544cd9dd8,s,C,QB10,1,3,UVH9s,19,0.0,-450000.0,-0.45,506,1024,0.494140625
01a0a597-81f1-7011-9024-b8d544cd9dd8,s,C,QB10,1,3,UVH9s,20,0.0,0.0,0.0,497,1024,0.4853515625
01a0a597-81f1-7011-9024-b8d544cd9dd8,s,C,QB10,1,3,UVH9s,21,0.0,450000.0,0.45,515,1024,0.5029296875
01a0a597-81f1-7011-9024-b8d544cd9dd8,s,C,QB10,1,3,UVH9s,22,0.0,900000.0,0.9,508,1024,0.49609375
01a0a597-81f1-7011-9024-b8d544cd9dd8,s,C,QB10,1,3,UVH9s,23,0.0,1350000.0,1.35,482,1024,0.470703125
01a0a597-81f1-7011-9024-b8d544cd9dd8,s,C,QB10,1,3,UVH9s,24,0.0,1800000.0,1.8,486,1024,0.474609375
01a0a597-81f1-7011-9024-b8d544cd9dd8,s,C,QB10,1,3,UVH9s,25,0.0,2250000.0,2.25,521,1024,0.5087890625
01a0a597-81f1-7011-9024-b8d544cd9dd8,s,C,QB10,1,3,UVH9s,26,0.0,2700000.0,2.7,508,1024,0.49609375
01a0a597-81f1-7011-9024-b8d544cd9dd8,s,C,QB10,1,3,UVH9s,27,0.0,3150000.0,3.15,498,1024,0.486328125
01a0a597-81f1-7011-9024-b8d544cd9dd8,s,C,QB10,1,3,UVH9s,28,0.0,3600000.0,3.6,503,1024,0.4912109375
01a0a597-81f1-7011-9024-b8d544cd9dd8,s,C,QB10,1,3,UVH9s,29,0.0,4050000.0,4.05,545,1024,0.5322265625
01a0a597-81f1-7011-9024-b8d544cd9dd8,s,C,QB10,1,3,UVH9s,30,0.0,4500000.0,4.5,508,1024,0.49609375
01a0a597-81f1-7011-9024-b8d544cd9dd8,s,C,QB10,1,3,UVH9s,31,0.0,4950000.0,4.95,506,1024,0.494140625
01a0a597-81f1-7011-9024-b8d544cd9dd8,s,C,QB10,1,3,UVH9s,32,0.0,5400000.0,5.4,487,1024,0.4755859375
01a0a597-81f1-7011-9024-b8d544cd9dd8,s,C,QB10,1,3,UVH9s,33,0.0,5850000.0,5.85,497,1024,0.4853515625
01a0a597-81f1-7011-9024-b8d544cd9dd8,s,C,QB10,1,3,UVH9s,34,0.0,6300000.0,6.3,515,1024,0.5029296875
01a0a597-81f1-7011-9024-b8d544cd9dd8,s,C,QB10,1,3,UVH9s,35,0.0,6750000.0,6.75,463,1024,0.4521484375
01a0a597-81f1-7011-9024-b8d544cd9dd8,s,C,QB10,1,3,UVH9s,36,0.0,7200000.0,7.2,493,1024,0.4814453125
01a0a597-81f1-7011-9024-b8d544cd9dd8,s,C,QB10,1,3,UVH9s,37,0.0,7650000.0,7.65,436,1024,0.42578125
01a0a597-81f1-7011-9024-b8d544cd9dd8,s,C,QB10,1,3,UVH9s,38,0.0,8100000.0,8.1,398,1024,0.388671875
01a0a597-81f1-7011-9024-b8d544cd9dd8,s,C,QB10,1,3,UVH9s,39,0.0,8550000.0,8.55,367,1024,0.3583984375
01a0a597-81f1-7011-9024-b8d544cd9dd8,s,C,QB10,1,3,UVH9s,40,0.0,9000000.0,9.0,348,1024,0.33984375
01a0a597-81f1-7011-9024-b8d544cd9dd8,s,C,QB10,1,4,UVH11s,0,0.0,-9000000.0,-9.0,493,1024,0.4814453125
01a0a597-81f1-7011-9024-b8d544cd9dd8,s,C,QB10,1,4,UVH11s,1,0.0,-8550000.0,-8.55,463,1024,0.4521484375
01a0a597-81f1-7011-9024-b8d544cd9dd8,s,C,QB10,1,4,UVH11s,2,0.0,-8100000.0,-8.1,495,1024,0.4833984375
01a0a597-81f1-7011-9024-b8d544cd9dd8,s,C,QB10,1,4,UVH11s,3,0.0,-7650000.0,-7.65,461,1024,0.4501953125
01a0a597-81f1-7011-9024-b8d544cd9dd8,s,C,QB10,1,4,UVH11s,4,0.0,-7200000.0,-7.2,440,1024,0.4296875
01a0a597-81f1-7011-9024-b8d544cd9dd8,s,C,QB10,1,4,UVH11s,5,0.0,-6750000.0,-6.75,478,1024,0.466796875
01a0a597-81f1-7011-9024-b8d544cd9dd8,s,C,QB10,1,4,UVH11s,6,0.0,-6300000.0,-6.3,439,1024,0.4287109375
01a0a597-81f1-7011-9024-b8d544cd9dd8,s,C,QB10,1,4,UVH11s,7,0.0,-5850000.0,-5.85,472,1024,0.4609375
01a0a597-81f1-7011-9024-b8d544cd9dd8,s,C,QB10,1,4,UVH11s,8,0.0,-5400000.0,-5.4,460,1024,0.44921875
01a0a597-81f1-7011-9024-b8d544cd9dd8,s,C,QB10,1,4,UVH11s,9,0.0,-4950000.0,-4.95,455,1024,0.4443359375
01a0a597-81f1-7011-9024-b8d544cd9dd8,s,C,QB10,1,4,UVH11s,10,0.0,-4500000.0,-4.5,445,1024,0.4345703125
01a0a597-81f1-7011-9024-b8d544cd9dd8,s,C,QB10,1,4,UVH11s,11,0.0,-4050000.0,-4.05,451,1024,0.4404296875
01a0a597-81f1-7011-9024-b8d544cd9dd8,s,C,QB10,1,4,UVH11s,12,0.0,-3600000.0,-3.6,466,1024,0.455078125
01a0a597-81f1-7011-9024-b8d544cd9dd8,s,C,QB10,1,4,UVH11s,13,0.0,-3150000.0,-3.15,475,1024,0.4638671875
01a0a597-81f1-7011-9024-b8d544cd9dd8,s,C,QB10,1,4,UVH11s,14,0.0,-2700000.0,-2.7,484,1024,0.47265625
01a0a597-81f1-7011-9024-b8d544cd9dd8,s,C,QB10,1,4,UVH11s,15,0.0,-2250000.0,-2.25,499,1024,0.4873046875
01a0a597-81f1-7011-9024-b8d544cd9dd8,s,C,QB10,1,4,UVH11s,16,0.0,-1800000.0,-1.8,483,1024,0.4716796875
01a0a597-81f1-7011-9024-b8d544cd9dd8,s,C,QB10,1,4,UVH11s,17,0.0,-1350000.0,-1.35,482,1024,0.470703125
01a0a597-81f1-7011-9024-b8d544cd9dd8,s,C,QB10,1,4,UVH11s,18,0.0,-900000.0,-0.9,519,1024,0.5068359375
01a0a597-81f1-7011-9024-b8d544cd9dd8,s,C,QB10,1,4,UVH11s,19,0.0,-450000.0,-0.45,500,1024,0.48828125
01a0a597-81f1-7011-9024-b8d544cd9dd8,s,C,QB10,1,4,UVH11s,20,0.0,0.0,0.0,515,1024,0.5029296875
01a0a597-81f1-7011-9024-b8d544cd9dd8,s,C,QB10,1,4,UVH11s,21,0.0,450000.0,0.45,515,1024,0.5029296875
01a0a597-81f1-7011-9024-b8d544cd9dd8,s,C,QB10,1,4,UVH11s,22,0.0,900000.0,0.9,475,1024,0.4638671875
01a0a597-81f1-7011-9024-b8d544cd9dd8,s,C,QB10,1,4,UVH11s,23,0.0,1350000.0,1.35,502,1024,0.490234375
01a0a597-81f1-7011-9024-b8d544cd9dd8,s,C,QB10,1,4,UVH11s,24,0.0,1800000.0,1.8,469,1024,0.4580078125
01a0a597-81f1-7011-9024-b8d544cd9dd8,s,C,QB10,1,4,UVH11s,25,0.0,2250000.0,2.25,518,1024,0.505859375
01a0a597-81f1-7011-9024-b8d544cd9dd8,s,C,QB10,1,4,UVH11s,26,0.0,2700000.0,2.7,498,1024,0.486328125
01a0a597-81f1-7011-9024-b8d544cd9dd8,s,C,QB10,1,4,UVH11s,27,0.0,3150000.0,3.15,512,1024,0.5
01a0a597-81f1-7011-9024-b8d544cd9dd8,s,C,QB10,1,4,UVH11s,28,0.0,3600000.0,3.6,519,1024,0.5068359375
01a0a597-81f1-7011-9024-b8d544cd9dd8,s,C,QB10,1,4,UVH11s,29,0.0,4050000.0,4.05,509,1024,0.4970703125
01a0a597-81f1-7011-9024-b8d544cd9dd8,s,C,QB10,1,4,UVH11s,30,0.0,4500000.0,4.5,528,1024,0.515625
01a0a597-81f1-7011-9024-b8d544cd9dd8,s,C,QB10,1,4,UVH11s,31,0.0,4950000.0,4.95,518,1024,0.505859375
01a0a597-81f1-7011-9024-b8d544cd9dd8,s,C,QB10,1,4,UVH11s,32,0.0,5400000.0,5.4,481,1024,0.4697265625
01a0a597-81f1-7011-9024-b8d544cd9dd8,s,C,QB10,1,4,UVH11s,33,0.0,5850000.0,5.85,545,1024,0.5322265625
01a0a597-81f1-7011-9024-b8d544cd9dd8,s,C,QB10,1,4,UVH11s,34,0.0,6300000.0,6.3,510,1024,0.498046875
01a0a597-81f1-7011-9024-b8d544cd9dd8,s,C,QB10,1,4,UVH11s,35,0.0,6750000.0,6.75,478,1024,0.466796875
01a0a597-81f1-7011-9024-b8d544cd9dd8,s,C,QB10,1,4,UVH11s,36,0.0,7200000.0,7.2,512,1024,0.5
01a0a597-81f1-7011-9024-b8d544cd9dd8,s,C,QB10,1,4,UVH11s,37,0.0,7650000.0,7.65,467,1024,0.4560546875
01a0a597-81f1-7011-9024-b8d544cd9dd8,s,C,QB10,1,4,UVH11s,38,0.0,8100000.0,8.1,497,1024,0.4853515625
01a0a597-81f1-7011-9024-b8d544cd9dd8,s,C,QB10,1,4,UVH11s,39,0.0,8550000.0,8.55,474,1024,0.462890625
01a0a597-81f1-7011-9024-b8d544cd9dd8,s,C,QB10,1,4,UVH11s,40,0.0,9000000.0,9.0,481,1024,0.4697265625
01a0a597-81f1-7011-9024-b8d544cd9dd8,s,C,QB10,1,5,UVH13s,0,0.0,-9000000.0,-9.0,585,1024,0.5712890625
01a0a597-81f1-7011-9024-b8d544cd9dd8,s,C,QB10,1,5,UVH13s,1,0.0,-8550000.0,-8.55,533,1024,0.5205078125
01a0a597-81f1-7011-9024-b8d544cd9dd8,s,C,QB10,1,5,UVH13s,2,0.0,-8100000.0,-8.1,552,1024,0.5390625
01a0a597-81f1-7011-9024-b8d544cd9dd8,s,C,QB10,1,5,UVH13s,3,0.0,-7650000.0,-7.65,539,1024,0.5263671875
01a0a597-81f1-7011-9024-b8d544cd9dd8,s,C,QB10,1,5,UVH13s,4,0.0,-7200000.0,-7.2,521,1024,0.5087890625
01a0a597-81f1-7011-9024-b8d544cd9dd8,s,C,QB10,1,5,UVH13s,5,0.0,-6750000.0,-6.75,523,1024,0.5107421875
01a0a597-81f1-7011-9024-b8d544cd9dd8,s,C,QB10,1,5,UVH13s,6,0.0,-6300000.0,-6.3,526,1024,0.513671875
01a0a597-81f1-7011-9024-b8d544cd9dd8,s,C,QB10,1,5,UVH13s,7,0.0,-5850000.0,-5.85,499,1024,0.4873046875
01a0a597-81f1-7011-9024-b8d544cd9dd8,s,C,QB10,1,5,UVH13s,8,0.0,-5400000.0,-5.4,534,1024,0.521484375
01a0a597-81f1-7011-9024-b8d544cd9dd8,s,C,QB10,1,5,UVH13s,9,0.0,-4950000.0,-4.95,512,1024,0.5
01a0a597-81f1-7011-9024-b8d544cd9dd8,s,C,QB10,1,5,UVH13s,10,0.0,-4500000.0,-4.5,528,1024,0.515625
01a0a597-81f1-7011-9024-b8d544cd9dd8,s,C,QB10,1,5,UVH13s,11,0.0,-4050000.0,-4.05,490,1024,0.478515625
01a0a597-81f1-7011-9024-b8d544cd9dd8,s,C,QB10,1,5,UVH13s,12,0.0,-3600000.0,-3.6,532,1024,0.51953125
01a0a597-81f1-7011-9024-b8d544cd9dd8,s,C,QB10,1,5,UVH13s,13,0.0,-3150000.0,-3.15,510,1024,0.498046875
01a0a597-81f1-7011-9024-b8d544cd9dd8,s,C,QB10,1,5,UVH13s,14,0.0,-2700000.0,-2.7,527,1024,0.5146484375
01a0a597-81f1-7011-9024-b8d544cd9dd8,s,C,QB10,1,5,UVH13s,15,0.0,-2250000.0,-2.25,520,1024,0.5078125
01a0a597-81f1-7011-9024-b8d544cd9dd8,s,C,QB10,1,5,UVH13s,16,0.0,-1800000.0,-1.8,464,1024,0.453125
01a0a597-81f1-7011-9024-b8d544cd9dd8,s,C,QB10,1,5,UVH13s,17,0.0,-1350000.0,-1.35,540,1024,0.52734375
01a0a597-81f1-7011-9024-b8d544cd9dd8,s,C,QB10,1,5,UVH13s,18,0.0,-900000.0,-0.9,475,1024,0.4638671875
01a0a597-81f1-7011-9024-b8d544cd9dd8,s,C,QB10,1,5,UVH13s,19,0.0,-450000.0,-0.45,503,1024,0.4912109375
01a0a597-81f1-7011-9024-b8d544cd9dd8,s,C,QB10,1,5,UVH13s,20,0.0,0.0,0.0,498,1024,0.486328125
01a0a597-81f1-7011-9024-b8d544cd9dd8,s,C,QB10,1,5,UVH13s,21,0.0,450000.0,0.45,483,1024,0.4716796875
01a0a597-81f1-7011-9024-b8d544cd9dd8,s,C,QB10,1,5,UVH13s,22,0.0,900000.0,0.9,529,1024,0.5166015625
01a0a597-81f1-7011-9024-b8d544cd9dd8,s,C,QB10,1,5,UVH13s,23,0.0,1350000.0,1.35,516,1024,0.50390625
01a0a597-81f1-7011-9024-b8d544cd9dd8,s,C,QB10,1,5,UVH13s,24,0.0,1800000.0,1.8,491,1024,0.4794921875
01a0a597-81f1-7011-9024-b8d544cd9dd8,s,C,QB10,1,5,UVH13s,25,0.0,2250000.0,2.25,512,1024,0.5
01a0a597-81f1-7011-9024-b8d544cd9dd8,s,C,QB10,1,5,UVH13s,26,0.0,2700000.0,2.7,511,1024,0.4990234375
01a0a597-81f1-7011-9024-b8d544cd9dd8,s,C,QB10,1,5,UVH13s,27,0.0,3150000.0,3.15,512,1024,0.5
01a0a597-81f1-7011-9024-b8d544cd9dd8,s,C,QB10,1,5,UVH13s,28,0.0,3600000.0,3.6,518,1024,0.505859375
01a0a597-81f1-7011-9024-b8d544cd9dd8,s,C,QB10,1,5,UVH13s,29,0.0,4050000.0,4.05,502,1024,0.490234375
01a0a597-81f1-7011-9024-b8d544cd9dd8,s,C,QB10,1,5,UVH13s,30,0.0,4500000.0,4.5,530,1024,0.517578125
01a0a597-81f1-7011-9024-b8d544cd9dd8,s,C,QB10,1,5,UVH13s,31,0.0,4950000.0,4.95,471,1024,0.4599609375
01a0a597-81f1-7011-9024-b8d544cd9dd8,s,C,QB10,1,5,UVH13s,32,0.0,5400000.0,5.4,503,1024,0.4912109375
01a0a597-81f1-7011-9024-b8d544cd9dd8,s,C,QB10,1,5,UVH13s,33,0.0,5850000.0,5.85,514,1024,0.501953125
01a0a597-81f1-7011-9024-b8d544cd9dd8,s,C,QB10,1,5,UVH13s,34,0.0,6300000.0,6.3,496,1024,0.484375
01a0a597-81f1-7011-9024-b8d544cd9dd8,s,C,QB10,1,5,UVH13s,35,0.0,6750000.0,6.75,486,1024,0.474609375
01a0a597-81f1-7011-9024-b8d544cd9dd8,s,C,QB10,1,5,UVH13s,36,0.0,7200000.0,7.2,497,1024,0.4853515625
01a0a597-81f1-7011-9024-b8d544cd9dd8,s,C,QB10,1,5,UVH13s,37,0.0,7650000.0,7.65,470,1024,0.458984375
01a0a597-81f1-7011-9024-b8d544cd9dd8,s,C,QB10,1,5,UVH13s,38,0.0,8100000.0,8.1,481,1024,0.4697265625
01a0a597-81f1-7011-9024-b8d544cd9dd8,s,C,QB10,1,5,UVH13s,39,0.0,8550000.0,8.55,473,1024,0.4619140625
01a0a597-81f1-7011-9024-b8d544cd9dd8,s,C,QB10,1,5,UVH13s,40,0.0,9000000.0,9.0,434,1024,0.423828125
01a0a597-81f1-7011-9024-b8d544cd9dd8,s,C,QB11,2,0,standard_pi_2,0,0.0,-9000000.0,-9.0,546,1024,0.533203125
01a0a597-81f1-7011-9024-b8d544cd9dd8,s,C,QB11,2,0,standard_pi_2,1,0.0,-8550000.0,-8.55,559,1024,0.5458984375
01a0a597-81f1-7011-9024-b8d544cd9dd8,s,C,QB11,2,0,standard_pi_2,2,0.0,-8100000.0,-8.1,540,1024,0.52734375
01a0a597-81f1-7011-9024-b8d544cd9dd8,s,C,QB11,2,0,standard_pi_2,3,0.0,-7650000.0,-7.65,527,1024,0.5146484375
01a0a597-81f1-7011-9024-b8d544cd9dd8,s,C,QB11,2,0,standard_pi_2,4,0.0,-7200000.0,-7.2,531,1024,0.5185546875
01a0a597-81f1-7011-9024-b8d544cd9dd8,s,C,QB11,2,0,standard_pi_2,5,0.0,-6750000.0,-6.75,535,1024,0.5224609375
01a0a597-81f1-7011-9024-b8d544cd9dd8,s,C,QB11,2,0,standard_pi_2,6,0.0,-6300000.0,-6.3,527,1024,0.5146484375
01a0a597-81f1-7011-9024-b8d544cd9dd8,s,C,QB11,2,0,standard_pi_2,7,0.0,-5850000.0,-5.85,520,1024,0.5078125
01a0a597-81f1-7011-9024-b8d544cd9dd8,s,C,QB11,2,0,standard_pi_2,8,0.0,-5400000.0,-5.4,545,1024,0.5322265625
01a0a597-81f1-7011-9024-b8d544cd9dd8,s,C,QB11,2,0,standard_pi_2,9,0.0,-4950000.0,-4.95,531,1024,0.5185546875
01a0a597-81f1-7011-9024-b8d544cd9dd8,s,C,QB11,2,0,standard_pi_2,10,0.0,-4500000.0,-4.5,515,1024,0.5029296875
01a0a597-81f1-7011-9024-b8d544cd9dd8,s,C,QB11,2,0,standard_pi_2,11,0.0,-4050000.0,-4.05,513,1024,0.5009765625
01a0a597-81f1-7011-9024-b8d544cd9dd8,s,C,QB11,2,0,standard_pi_2,12,0.0,-3600000.0,-3.6,519,1024,0.5068359375
01a0a597-81f1-7011-9024-b8d544cd9dd8,s,C,QB11,2,0,standard_pi_2,13,0.0,-3150000.0,-3.15,524,1024,0.51171875
01a0a597-81f1-7011-9024-b8d544cd9dd8,s,C,QB11,2,0,standard_pi_2,14,0.0,-2700000.0,-2.7,534,1024,0.521484375
01a0a597-81f1-7011-9024-b8d544cd9dd8,s,C,QB11,2,0,standard_pi_2,15,0.0,-2250000.0,-2.25,499,1024,0.4873046875
01a0a597-81f1-7011-9024-b8d544cd9dd8,s,C,QB11,2,0,standard_pi_2,16,0.0,-1800000.0,-1.8,523,1024,0.5107421875
01a0a597-81f1-7011-9024-b8d544cd9dd8,s,C,QB11,2,0,standard_pi_2,17,0.0,-1350000.0,-1.35,505,1024,0.4931640625
01a0a597-81f1-7011-9024-b8d544cd9dd8,s,C,QB11,2,0,standard_pi_2,18,0.0,-900000.0,-0.9,493,1024,0.4814453125
01a0a597-81f1-7011-9024-b8d544cd9dd8,s,C,QB11,2,0,standard_pi_2,19,0.0,-450000.0,-0.45,511,1024,0.4990234375
01a0a597-81f1-7011-9024-b8d544cd9dd8,s,C,QB11,2,0,standard_pi_2,20,0.0,0.0,0.0,493,1024,0.4814453125
01a0a597-81f1-7011-9024-b8d544cd9dd8,s,C,QB11,2,0,standard_pi_2,21,0.0,450000.0,0.45,482,1024,0.470703125
01a0a597-81f1-7011-9024-b8d544cd9dd8,s,C,QB11,2,0,standard_pi_2,22,0.0,900000.0,0.9,501,1024,0.4892578125
01a0a597-81f1-7011-9024-b8d544cd9dd8,s,C,QB11,2,0,standard_pi_2,23,0.0,1350000.0,1.35,510,1024,0.498046875
01a0a597-81f1-7011-9024-b8d544cd9dd8,s,C,QB11,2,0,standard_pi_2,24,0.0,1800000.0,1.8,487,1024,0.4755859375
01a0a597-81f1-7011-9024-b8d544cd9dd8,s,C,QB11,2,0,standard_pi_2,25,0.0,2250000.0,2.25,503,1024,0.4912109375
01a0a597-81f1-7011-9024-b8d544cd9dd8,s,C,QB11,2,0,standard_pi_2,26,0.0,2700000.0,2.7,496,1024,0.484375
01a0a597-81f1-7011-9024-b8d544cd9dd8,s,C,QB11,2,0,standard_pi_2,27,0.0,3150000.0,3.15,484,1024,0.47265625
01a0a597-81f1-7011-9024-b8d544cd9dd8,s,C,QB11,2,0,standard_pi_2,28,0.0,3600000.0,3.6,483,1024,0.4716796875
01a0a597-81f1-7011-9024-b8d544cd9dd8,s,C,QB11,2,0,standard_pi_2,29,0.0,4050000.0,4.05,484,1024,0.47265625
01a0a597-81f1-7011-9024-b8d544cd9dd8,s,C,QB11,2,0,standard_pi_2,30,0.0,4500000.0,4.5,455,1024,0.4443359375
01a0a597-81f1-7011-9024-b8d544cd9dd8,s,C,QB11,2,0,standard_pi_2,31,0.0,4950000.0,4.95,462,1024,0.451171875
01a0a597-81f1-7011-9024-b8d544cd9dd8,s,C,QB11,2,0,standard_pi_2,32,0.0,5400000.0,5.4,466,1024,0.455078125
01a0a597-81f1-7011-9024-b8d544cd9dd8,s,C,QB11,2,0,standard_pi_2,33,0.0,5850000.0,5.85,516,1024,0.50390625
01a0a597-81f1-7011-9024-b8d544cd9dd8,s,C,QB11,2,0,standard_pi_2,34,0.0,6300000.0,6.3,482,1024,0.470703125
01a0a597-81f1-7011-9024-b8d544cd9dd8,s,C,QB11,2,0,standard_pi_2,35,0.0,6750000.0,6.75,465,1024,0.4541015625
01a0a597-81f1-7011-9024-b8d544cd9dd8,s,C,QB11,2,0,standard_pi_2,36,0.0,7200000.0,7.2,498,1024,0.486328125
01a0a597-81f1-7011-9024-b8d544cd9dd8,s,C,QB11,2,0,standard_pi_2,37,0.0,7650000.0,7.65,465,1024,0.4541015625
01a0a597-81f1-7011-9024-b8d544cd9dd8,s,C,QB11,2,0,standard_pi_2,38,0.0,8100000.0,8.1,455,1024,0.4443359375
01a0a597-81f1-7011-9024-b8d544cd9dd8,s,C,QB11,2,0,standard_pi_2,39,0.0,8550000.0,8.55,465,1024,0.4541015625
01a0a597-81f1-7011-9024-b8d544cd9dd8,s,C,QB11,2,0,standard_pi_2,40,0.0,9000000.0,9.0,430,1024,0.419921875
01a0a597-81f1-7011-9024-b8d544cd9dd8,s,C,QB11,2,1,UVH5s,0,0.0,-9000000.0,-9.0,685,1024,0.6689453125
01a0a597-81f1-7011-9024-b8d544cd9dd8,s,C,QB11,2,1,UVH5s,1,0.0,-8550000.0,-8.55,679,1024,0.6630859375
01a0a597-81f1-7011-9024-b8d544cd9dd8,s,C,QB11,2,1,UVH5s,2,0.0,-8100000.0,-8.1,661,1024,0.6455078125
01a0a597-81f1-7011-9024-b8d544cd9dd8,s,C,QB11,2,1,UVH5s,3,0.0,-7650000.0,-7.65,672,1024,0.65625
01a0a597-81f1-7011-9024-b8d544cd9dd8,s,C,QB11,2,1,UVH5s,4,0.0,-7200000.0,-7.2,664,1024,0.6484375
01a0a597-81f1-7011-9024-b8d544cd9dd8,s,C,QB11,2,1,UVH5s,5,0.0,-6750000.0,-6.75,662,1024,0.646484375
01a0a597-81f1-7011-9024-b8d544cd9dd8,s,C,QB11,2,1,UVH5s,6,0.0,-6300000.0,-6.3,628,1024,0.61328125
01a0a597-81f1-7011-9024-b8d544cd9dd8,s,C,QB11,2,1,UVH5s,7,0.0,-5850000.0,-5.85,607,1024,0.5927734375
01a0a597-81f1-7011-9024-b8d544cd9dd8,s,C,QB11,2,1,UVH5s,8,0.0,-5400000.0,-5.4,610,1024,0.595703125
01a0a597-81f1-7011-9024-b8d544cd9dd8,s,C,QB11,2,1,UVH5s,9,0.0,-4950000.0,-4.95,609,1024,0.5947265625
01a0a597-81f1-7011-9024-b8d544cd9dd8,s,C,QB11,2,1,UVH5s,10,0.0,-4500000.0,-4.5,587,1024,0.5732421875
01a0a597-81f1-7011-9024-b8d544cd9dd8,s,C,QB11,2,1,UVH5s,11,0.0,-4050000.0,-4.05,576,1024,0.5625
01a0a597-81f1-7011-9024-b8d544cd9dd8,s,C,QB11,2,1,UVH5s,12,0.0,-3600000.0,-3.6,601,1024,0.5869140625
01a0a597-81f1-7011-9024-b8d544cd9dd8,s,C,QB11,2,1,UVH5s,13,0.0,-3150000.0,-3.15,551,1024,0.5380859375
01a0a597-81f1-7011-9024-b8d544cd9dd8,s,C,QB11,2,1,UVH5s,14,0.0,-2700000.0,-2.7,575,1024,0.5615234375
01a0a597-81f1-7011-9024-b8d544cd9dd8,s,C,QB11,2,1,UVH5s,15,0.0,-2250000.0,-2.25,574,1024,0.560546875
01a0a597-81f1-7011-9024-b8d544cd9dd8,s,C,QB11,2,1,UVH5s,16,0.0,-1800000.0,-1.8,528,1024,0.515625
01a0a597-81f1-7011-9024-b8d544cd9dd8,s,C,QB11,2,1,UVH5s,17,0.0,-1350000.0,-1.35,547,1024,0.5341796875
01a0a597-81f1-7011-9024-b8d544cd9dd8,s,C,QB11,2,1,UVH5s,18,0.0,-900000.0,-0.9,547,1024,0.5341796875
01a0a597-81f1-7011-9024-b8d544cd9dd8,s,C,QB11,2,1,UVH5s,19,0.0,-450000.0,-0.45,509,1024,0.4970703125
01a0a597-81f1-7011-9024-b8d544cd9dd8,s,C,QB11,2,1,UVH5s,20,0.0,0.0,0.0,526,1024,0.513671875
01a0a597-81f1-7011-9024-b8d544cd9dd8,s,C,QB11,2,1,UVH5s,21,0.0,450000.0,0.45,552,1024,0.5390625
01a0a597-81f1-7011-9024-b8d544cd9dd8,s,C,QB11,2,1,UVH5s,22,0.0,900000.0,0.9,535,1024,0.5224609375
01a0a597-81f1-7011-9024-b8d544cd9dd8,s,C,QB11,2,1,UVH5s,23,0.0,1350000.0,1.35,540,1024,0.52734375
01a0a597-81f1-7011-9024-b8d544cd9dd8,s,C,QB11,2,1,UVH5s,24,0.0,1800000.0,1.8,514,1024,0.501953125
01a0a597-81f1-7011-9024-b8d544cd9dd8,s,C,QB11,2,1,UVH5s,25,0.0,2250000.0,2.25,545,1024,0.5322265625
01a0a597-81f1-7011-9024-b8d544cd9dd8,s,C,QB11,2,1,UVH5s,26,0.0,2700000.0,2.7,533,1024,0.5205078125
01a0a597-81f1-7011-9024-b8d544cd9dd8,s,C,QB11,2,1,UVH5s,27,0.0,3150000.0,3.15,598,1024,0.583984375
01a0a597-81f1-7011-9024-b8d544cd9dd8,s,C,QB11,2,1,UVH5s,28,0.0,3600000.0,3.6,584,1024,0.5703125
01a0a597-81f1-7011-9024-b8d544cd9dd8,s,C,QB11,2,1,UVH5s,29,0.0,4050000.0,4.05,624,1024,0.609375
01a0a597-81f1-7011-9024-b8d544cd9dd8,s,C,QB11,2,1,UVH5s,30,0.0,4500000.0,4.5,656,1024,0.640625
01a0a597-81f1-7011-9024-b8d544cd9dd8,s,C,QB11,2,1,UVH5s,31,0.0,4950000.0,4.95,652,1024,0.63671875
01a0a597-81f1-7011-9024-b8d544cd9dd8,s,C,QB11,2,1,UVH5s,32,0.0,5400000.0,5.4,683,1024,0.6669921875
01a0a597-81f1-7011-9024-b8d544cd9dd8,s,C,QB11,2,1,UVH5s,33,0.0,5850000.0,5.85,691,1024,0.6748046875
01a0a597-81f1-7011-9024-b8d544cd9dd8,s,C,QB11,2,1,UVH5s,34,0.0,6300000.0,6.3,755,1024,0.7373046875
01a0a597-81f1-7011-9024-b8d544cd9dd8,s,C,QB11,2,1,UVH5s,35,0.0,6750000.0,6.75,730,1024,0.712890625
01a0a597-81f1-7011-9024-b8d544cd9dd8,s,C,QB11,2,1,UVH5s,36,0.0,7200000.0,7.2,755,1024,0.7373046875
01a0a597-81f1-7011-9024-b8d544cd9dd8,s,C,QB11,2,1,UVH5s,37,0.0,7650000.0,7.65,818,1024,0.798828125
01a0a597-81f1-7011-9024-b8d544cd9dd8,s,C,QB11,2,1,UVH5s,38,0.0,8100000.0,8.1,795,1024,0.7763671875
01a0a597-81f1-7011-9024-b8d544cd9dd8,s,C,QB11,2,1,UVH5s,39,0.0,8550000.0,8.55,837,1024,0.8173828125
01a0a597-81f1-7011-9024-b8d544cd9dd8,s,C,QB11,2,1,UVH5s,40,0.0,9000000.0,9.0,844,1024,0.82421875
01a0a597-81f1-7011-9024-b8d544cd9dd8,s,C,QB11,2,2,UVH7s,0,0.0,-9000000.0,-9.0,633,1024,0.6181640625
01a0a597-81f1-7011-9024-b8d544cd9dd8,s,C,QB11,2,2,UVH7s,1,0.0,-8550000.0,-8.55,633,1024,0.6181640625
01a0a597-81f1-7011-9024-b8d544cd9dd8,s,C,QB11,2,2,UVH7s,2,0.0,-8100000.0,-8.1,629,1024,0.6142578125
01a0a597-81f1-7011-9024-b8d544cd9dd8,s,C,QB11,2,2,UVH7s,3,0.0,-7650000.0,-7.65,603,1024,0.5888671875
01a0a597-81f1-7011-9024-b8d544cd9dd8,s,C,QB11,2,2,UVH7s,4,0.0,-7200000.0,-7.2,589,1024,0.5751953125
01a0a597-81f1-7011-9024-b8d544cd9dd8,s,C,QB11,2,2,UVH7s,5,0.0,-6750000.0,-6.75,604,1024,0.58984375
01a0a597-81f1-7011-9024-b8d544cd9dd8,s,C,QB11,2,2,UVH7s,6,0.0,-6300000.0,-6.3,591,1024,0.5771484375
01a0a597-81f1-7011-9024-b8d544cd9dd8,s,C,QB11,2,2,UVH7s,7,0.0,-5850000.0,-5.85,569,1024,0.5556640625
01a0a597-81f1-7011-9024-b8d544cd9dd8,s,C,QB11,2,2,UVH7s,8,0.0,-5400000.0,-5.4,545,1024,0.5322265625
01a0a597-81f1-7011-9024-b8d544cd9dd8,s,C,QB11,2,2,UVH7s,9,0.0,-4950000.0,-4.95,530,1024,0.517578125
01a0a597-81f1-7011-9024-b8d544cd9dd8,s,C,QB11,2,2,UVH7s,10,0.0,-4500000.0,-4.5,505,1024,0.4931640625
01a0a597-81f1-7011-9024-b8d544cd9dd8,s,C,QB11,2,2,UVH7s,11,0.0,-4050000.0,-4.05,502,1024,0.490234375
01a0a597-81f1-7011-9024-b8d544cd9dd8,s,C,QB11,2,2,UVH7s,12,0.0,-3600000.0,-3.6,522,1024,0.509765625
01a0a597-81f1-7011-9024-b8d544cd9dd8,s,C,QB11,2,2,UVH7s,13,0.0,-3150000.0,-3.15,485,1024,0.4736328125
01a0a597-81f1-7011-9024-b8d544cd9dd8,s,C,QB11,2,2,UVH7s,14,0.0,-2700000.0,-2.7,519,1024,0.5068359375
01a0a597-81f1-7011-9024-b8d544cd9dd8,s,C,QB11,2,2,UVH7s,15,0.0,-2250000.0,-2.25,480,1024,0.46875
01a0a597-81f1-7011-9024-b8d544cd9dd8,s,C,QB11,2,2,UVH7s,16,0.0,-1800000.0,-1.8,491,1024,0.4794921875
01a0a597-81f1-7011-9024-b8d544cd9dd8,s,C,QB11,2,2,UVH7s,17,0.0,-1350000.0,-1.35,516,1024,0.50390625
01a0a597-81f1-7011-9024-b8d544cd9dd8,s,C,QB11,2,2,UVH7s,18,0.0,-900000.0,-0.9,512,1024,0.5
01a0a597-81f1-7011-9024-b8d544cd9dd8,s,C,QB11,2,2,UVH7s,19,0.0,-450000.0,-0.45,494,1024,0.482421875
01a0a597-81f1-7011-9024-b8d544cd9dd8,s,C,QB11,2,2,UVH7s,20,0.0,0.0,0.0,494,1024,0.482421875
01a0a597-81f1-7011-9024-b8d544cd9dd8,s,C,QB11,2,2,UVH7s,21,0.0,450000.0,0.45,483,1024,0.4716796875
01a0a597-81f1-7011-9024-b8d544cd9dd8,s,C,QB11,2,2,UVH7s,22,0.0,900000.0,0.9,533,1024,0.5205078125
01a0a597-81f1-7011-9024-b8d544cd9dd8,s,C,QB11,2,2,UVH7s,23,0.0,1350000.0,1.35,536,1024,0.5234375
01a0a597-81f1-7011-9024-b8d544cd9dd8,s,C,QB11,2,2,UVH7s,24,0.0,1800000.0,1.8,502,1024,0.490234375
01a0a597-81f1-7011-9024-b8d544cd9dd8,s,C,QB11,2,2,UVH7s,25,0.0,2250000.0,2.25,513,1024,0.5009765625
01a0a597-81f1-7011-9024-b8d544cd9dd8,s,C,QB11,2,2,UVH7s,26,0.0,2700000.0,2.7,512,1024,0.5
01a0a597-81f1-7011-9024-b8d544cd9dd8,s,C,QB11,2,2,UVH7s,27,0.0,3150000.0,3.15,492,1024,0.48046875
01a0a597-81f1-7011-9024-b8d544cd9dd8,s,C,QB11,2,2,UVH7s,28,0.0,3600000.0,3.6,531,1024,0.5185546875
01a0a597-81f1-7011-9024-b8d544cd9dd8,s,C,QB11,2,2,UVH7s,29,0.0,4050000.0,4.05,536,1024,0.5234375
01a0a597-81f1-7011-9024-b8d544cd9dd8,s,C,QB11,2,2,UVH7s,30,0.0,4500000.0,4.5,561,1024,0.5478515625
01a0a597-81f1-7011-9024-b8d544cd9dd8,s,C,QB11,2,2,UVH7s,31,0.0,4950000.0,4.95,534,1024,0.521484375
01a0a597-81f1-7011-9024-b8d544cd9dd8,s,C,QB11,2,2,UVH7s,32,0.0,5400000.0,5.4,547,1024,0.5341796875
01a0a597-81f1-7011-9024-b8d544cd9dd8,s,C,QB11,2,2,UVH7s,33,0.0,5850000.0,5.85,578,1024,0.564453125
01a0a597-81f1-7011-9024-b8d544cd9dd8,s,C,QB11,2,2,UVH7s,34,0.0,6300000.0,6.3,596,1024,0.58203125
01a0a597-81f1-7011-9024-b8d544cd9dd8,s,C,QB11,2,2,UVH7s,35,0.0,6750000.0,6.75,633,1024,0.6181640625
01a0a597-81f1-7011-9024-b8d544cd9dd8,s,C,QB11,2,2,UVH7s,36,0.0,7200000.0,7.2,637,1024,0.6220703125
01a0a597-81f1-7011-9024-b8d544cd9dd8,s,C,QB11,2,2,UVH7s,37,0.0,7650000.0,7.65,648,1024,0.6328125
01a0a597-81f1-7011-9024-b8d544cd9dd8,s,C,QB11,2,2,UVH7s,38,0.0,8100000.0,8.1,658,1024,0.642578125
01a0a597-81f1-7011-9024-b8d544cd9dd8,s,C,QB11,2,2,UVH7s,39,0.0,8550000.0,8.55,689,1024,0.6728515625
01a0a597-81f1-7011-9024-b8d544cd9dd8,s,C,QB11,2,2,UVH7s,40,0.0,9000000.0,9.0,706,1024,0.689453125
01a0a597-81f1-7011-9024-b8d544cd9dd8,s,C,QB11,2,3,UVH9s,0,0.0,-9000000.0,-9.0,381,1024,0.3720703125
01a0a597-81f1-7011-9024-b8d544cd9dd8,s,C,QB11,2,3,UVH9s,1,0.0,-8550000.0,-8.55,349,1024,0.3408203125
01a0a597-81f1-7011-9024-b8d544cd9dd8,s,C,QB11,2,3,UVH9s,2,0.0,-8100000.0,-8.1,385,1024,0.3759765625
01a0a597-81f1-7011-9024-b8d544cd9dd8,s,C,QB11,2,3,UVH9s,3,0.0,-7650000.0,-7.65,404,1024,0.39453125
01a0a597-81f1-7011-9024-b8d544cd9dd8,s,C,QB11,2,3,UVH9s,4,0.0,-7200000.0,-7.2,405,1024,0.3955078125
01a0a597-81f1-7011-9024-b8d544cd9dd8,s,C,QB11,2,3,UVH9s,5,0.0,-6750000.0,-6.75,433,1024,0.4228515625
01a0a597-81f1-7011-9024-b8d544cd9dd8,s,C,QB11,2,3,UVH9s,6,0.0,-6300000.0,-6.3,455,1024,0.4443359375
01a0a597-81f1-7011-9024-b8d544cd9dd8,s,C,QB11,2,3,UVH9s,7,0.0,-5850000.0,-5.85,418,1024,0.408203125
01a0a597-81f1-7011-9024-b8d544cd9dd8,s,C,QB11,2,3,UVH9s,8,0.0,-5400000.0,-5.4,432,1024,0.421875
01a0a597-81f1-7011-9024-b8d544cd9dd8,s,C,QB11,2,3,UVH9s,9,0.0,-4950000.0,-4.95,443,1024,0.4326171875
01a0a597-81f1-7011-9024-b8d544cd9dd8,s,C,QB11,2,3,UVH9s,10,0.0,-4500000.0,-4.5,454,1024,0.443359375
01a0a597-81f1-7011-9024-b8d544cd9dd8,s,C,QB11,2,3,UVH9s,11,0.0,-4050000.0,-4.05,439,1024,0.4287109375
01a0a597-81f1-7011-9024-b8d544cd9dd8,s,C,QB11,2,3,UVH9s,12,0.0,-3600000.0,-3.6,439,1024,0.4287109375
01a0a597-81f1-7011-9024-b8d544cd9dd8,s,C,QB11,2,3,UVH9s,13,0.0,-3150000.0,-3.15,424,1024,0.4140625
01a0a597-81f1-7011-9024-b8d544cd9dd8,s,C,QB11,2,3,UVH9s,14,0.0,-2700000.0,-2.7,460,1024,0.44921875
01a0a597-81f1-7011-9024-b8d544cd9dd8,s,C,QB11,2,3,UVH9s,15,0.0,-2250000.0,-2.25,462,1024,0.451171875
01a0a597-81f1-7011-9024-b8d544cd9dd8,s,C,QB11,2,3,UVH9s,16,0.0,-1800000.0,-1.8,441,1024,0.4306640625
01a0a597-81f1-7011-9024-b8d544cd9dd8,s,C,QB11,2,3,UVH9s,17,0.0,-1350000.0,-1.35,416,1024,0.40625
01a0a597-81f1-7011-9024-b8d544cd9dd8,s,C,QB11,2,3,UVH9s,18,0.0,-900000.0,-0.9,424,1024,0.4140625
01a0a597-81f1-7011-9024-b8d544cd9dd8,s,C,QB11,2,3,UVH9s,19,0.0,-450000.0,-0.45,451,1024,0.4404296875
01a0a597-81f1-7011-9024-b8d544cd9dd8,s,C,QB11,2,3,UVH9s,20,0.0,0.0,0.0,449,1024,0.4384765625
01a0a597-81f1-7011-9024-b8d544cd9dd8,s,C,QB11,2,3,UVH9s,21,0.0,450000.0,0.45,457,1024,0.4462890625
01a0a597-81f1-7011-9024-b8d544cd9dd8,s,C,QB11,2,3,UVH9s,22,0.0,900000.0,0.9,449,1024,0.4384765625
01a0a597-81f1-7011-9024-b8d544cd9dd8,s,C,QB11,2,3,UVH9s,23,0.0,1350000.0,1.35,428,1024,0.41796875
01a0a597-81f1-7011-9024-b8d544cd9dd8,s,C,QB11,2,3,UVH9s,24,0.0,1800000.0,1.8,459,1024,0.4482421875
01a0a597-81f1-7011-9024-b8d544cd9dd8,s,C,QB11,2,3,UVH9s,25,0.0,2250000.0,2.25,426,1024,0.416015625
01a0a597-81f1-7011-9024-b8d544cd9dd8,s,C,QB11,2,3,UVH9s,26,0.0,2700000.0,2.7,440,1024,0.4296875
01a0a597-81f1-7011-9024-b8d544cd9dd8,s,C,QB11,2,3,UVH9s,27,0.0,3150000.0,3.15,455,1024,0.4443359375
01a0a597-81f1-7011-9024-b8d544cd9dd8,s,C,QB11,2,3,UVH9s,28,0.0,3600000.0,3.6,461,1024,0.4501953125
01a0a597-81f1-7011-9024-b8d544cd9dd8,s,C,QB11,2,3,UVH9s,29,0.0,4050000.0,4.05,447,1024,0.4365234375
01a0a597-81f1-7011-9024-b8d544cd9dd8,s,C,QB11,2,3,UVH9s,30,0.0,4500000.0,4.5,427,1024,0.4169921875
01a0a597-81f1-7011-9024-b8d544cd9dd8,s,C,QB11,2,3,UVH9s,31,0.0,4950000.0,4.95,449,1024,0.4384765625
01a0a597-81f1-7011-9024-b8d544cd9dd8,s,C,QB11,2,3,UVH9s,32,0.0,5400000.0,5.4,427,1024,0.4169921875
01a0a597-81f1-7011-9024-b8d544cd9dd8,s,C,QB11,2,3,UVH9s,33,0.0,5850000.0,5.85,432,1024,0.421875
01a0a597-81f1-7011-9024-b8d544cd9dd8,s,C,QB11,2,3,UVH9s,34,0.0,6300000.0,6.3,439,1024,0.4287109375
01a0a597-81f1-7011-9024-b8d544cd9dd8,s,C,QB11,2,3,UVH9s,35,0.0,6750000.0,6.75,406,1024,0.396484375
01a0a597-81f1-7011-9024-b8d544cd9dd8,s,C,QB11,2,3,UVH9s,36,0.0,7200000.0,7.2,391,1024,0.3818359375
01a0a597-81f1-7011-9024-b8d544cd9dd8,s,C,QB11,2,3,UVH9s,37,0.0,7650000.0,7.65,381,1024,0.3720703125
01a0a597-81f1-7011-9024-b8d544cd9dd8,s,C,QB11,2,3,UVH9s,38,0.0,8100000.0,8.1,328,1024,0.3203125
01a0a597-81f1-7011-9024-b8d544cd9dd8,s,C,QB11,2,3,UVH9s,39,0.0,8550000.0,8.55,298,1024,0.291015625
01a0a597-81f1-7011-9024-b8d544cd9dd8,s,C,QB11,2,3,UVH9s,40,0.0,9000000.0,9.0,305,1024,0.2978515625
01a0a597-81f1-7011-9024-b8d544cd9dd8,s,C,QB11,2,4,UVH11s,0,0.0,-9000000.0,-9.0,541,1024,0.5283203125
01a0a597-81f1-7011-9024-b8d544cd9dd8,s,C,QB11,2,4,UVH11s,1,0.0,-8550000.0,-8.55,512,1024,0.5
01a0a597-81f1-7011-9024-b8d544cd9dd8,s,C,QB11,2,4,UVH11s,2,0.0,-8100000.0,-8.1,505,1024,0.4931640625
01a0a597-81f1-7011-9024-b8d544cd9dd8,s,C,QB11,2,4,UVH11s,3,0.0,-7650000.0,-7.65,519,1024,0.5068359375
01a0a597-81f1-7011-9024-b8d544cd9dd8,s,C,QB11,2,4,UVH11s,4,0.0,-7200000.0,-7.2,523,1024,0.5107421875
01a0a597-81f1-7011-9024-b8d544cd9dd8,s,C,QB11,2,4,UVH11s,5,0.0,-6750000.0,-6.75,494,1024,0.482421875
01a0a597-81f1-7011-9024-b8d544cd9dd8,s,C,QB11,2,4,UVH11s,6,0.0,-6300000.0,-6.3,520,1024,0.5078125
01a0a597-81f1-7011-9024-b8d544cd9dd8,s,C,QB11,2,4,UVH11s,7,0.0,-5850000.0,-5.85,492,1024,0.48046875
01a0a597-81f1-7011-9024-b8d544cd9dd8,s,C,QB11,2,4,UVH11s,8,0.0,-5400000.0,-5.4,494,1024,0.482421875
01a0a597-81f1-7011-9024-b8d544cd9dd8,s,C,QB11,2,4,UVH11s,9,0.0,-4950000.0,-4.95,498,1024,0.486328125
01a0a597-81f1-7011-9024-b8d544cd9dd8,s,C,QB11,2,4,UVH11s,10,0.0,-4500000.0,-4.5,523,1024,0.5107421875
01a0a597-81f1-7011-9024-b8d544cd9dd8,s,C,QB11,2,4,UVH11s,11,0.0,-4050000.0,-4.05,552,1024,0.5390625
01a0a597-81f1-7011-9024-b8d544cd9dd8,s,C,QB11,2,4,UVH11s,12,0.0,-3600000.0,-3.6,548,1024,0.53515625
01a0a597-81f1-7011-9024-b8d544cd9dd8,s,C,QB11,2,4,UVH11s,13,0.0,-3150000.0,-3.15,559,1024,0.5458984375
01a0a597-81f1-7011-9024-b8d544cd9dd8,s,C,QB11,2,4,UVH11s,14,0.0,-2700000.0,-2.7,503,1024,0.4912109375
01a0a597-81f1-7011-9024-b8d544cd9dd8,s,C,QB11,2,4,UVH11s,15,0.0,-2250000.0,-2.25,531,1024,0.5185546875
01a0a597-81f1-7011-9024-b8d544cd9dd8,s,C,QB11,2,4,UVH11s,16,0.0,-1800000.0,-1.8,499,1024,0.4873046875
01a0a597-81f1-7011-9024-b8d544cd9dd8,s,C,QB11,2,4,UVH11s,17,0.0,-1350000.0,-1.35,523,1024,0.5107421875
01a0a597-81f1-7011-9024-b8d544cd9dd8,s,C,QB11,2,4,UVH11s,18,0.0,-900000.0,-0.9,555,1024,0.5419921875
01a0a597-81f1-7011-9024-b8d544cd9dd8,s,C,QB11,2,4,UVH11s,19,0.0,-450000.0,-0.45,530,1024,0.517578125
01a0a597-81f1-7011-9024-b8d544cd9dd8,s,C,QB11,2,4,UVH11s,20,0.0,0.0,0.0,559,1024,0.5458984375
01a0a597-81f1-7011-9024-b8d544cd9dd8,s,C,QB11,2,4,UVH11s,21,0.0,450000.0,0.45,520,1024,0.5078125
01a0a597-81f1-7011-9024-b8d544cd9dd8,s,C,QB11,2,4,UVH11s,22,0.0,900000.0,0.9,519,1024,0.5068359375
01a0a597-81f1-7011-9024-b8d544cd9dd8,s,C,QB11,2,4,UVH11s,23,0.0,1350000.0,1.35,503,1024,0.4912109375
01a0a597-81f1-7011-9024-b8d544cd9dd8,s,C,QB11,2,4,UVH11s,24,0.0,1800000.0,1.8,531,1024,0.5185546875
01a0a597-81f1-7011-9024-b8d544cd9dd8,s,C,QB11,2,4,UVH11s,25,0.0,2250000.0,2.25,549,1024,0.5361328125
01a0a597-81f1-7011-9024-b8d544cd9dd8,s,C,QB11,2,4,UVH11s,26,0.0,2700000.0,2.7,535,1024,0.5224609375
01a0a597-81f1-7011-9024-b8d544cd9dd8,s,C,QB11,2,4,UVH11s,27,0.0,3150000.0,3.15,512,1024,0.5
01a0a597-81f1-7011-9024-b8d544cd9dd8,s,C,QB11,2,4,UVH11s,28,0.0,3600000.0,3.6,520,1024,0.5078125
01a0a597-81f1-7011-9024-b8d544cd9dd8,s,C,QB11,2,4,UVH11s,29,0.0,4050000.0,4.05,546,1024,0.533203125
01a0a597-81f1-7011-9024-b8d544cd9dd8,s,C,QB11,2,4,UVH11s,30,0.0,4500000.0,4.5,549,1024,0.5361328125
01a0a597-81f1-7011-9024-b8d544cd9dd8,s,C,QB11,2,4,UVH11s,31,0.0,4950000.0,4.95,543,1024,0.5302734375
01a0a597-81f1-7011-9024-b8d544cd9dd8,s,C,QB11,2,4,UVH11s,32,0.0,5400000.0,5.4,540,1024,0.52734375
01a0a597-81f1-7011-9024-b8d544cd9dd8,s,C,QB11,2,4,UVH11s,33,0.0,5850000.0,5.85,504,1024,0.4921875
01a0a597-81f1-7011-9024-b8d544cd9dd8,s,C,QB11,2,4,UVH11s,34,0.0,6300000.0,6.3,535,1024,0.5224609375
01a0a597-81f1-7011-9024-b8d544cd9dd8,s,C,QB11,2,4,UVH11s,35,0.0,6750000.0,6.75,564,1024,0.55078125
01a0a597-81f1-7011-9024-b8d544cd9dd8,s,C,QB11,2,4,UVH11s,36,0.0,7200000.0,7.2,534,1024,0.521484375
01a0a597-81f1-7011-9024-b8d544cd9dd8,s,C,QB11,2,4,UVH11s,37,0.0,7650000.0,7.65,510,1024,0.498046875
01a0a597-81f1-7011-9024-b8d544cd9dd8,s,C,QB11,2,4,UVH11s,38,0.0,8100000.0,8.1,527,1024,0.5146484375
01a0a597-81f1-7011-9024-b8d544cd9dd8,s,C,QB11,2,4,UVH11s,39,0.0,8550000.0,8.55,520,1024,0.5078125
01a0a597-81f1-7011-9024-b8d544cd9dd8,s,C,QB11,2,4,UVH11s,40,0.0,9000000.0,9.0,487,1024,0.4755859375
01a0a597-81f1-7011-9024-b8d544cd9dd8,s,C,QB11,2,5,UVH13s,0,0.0,-9000000.0,-9.0,586,1024,0.572265625
01a0a597-81f1-7011-9024-b8d544cd9dd8,s,C,QB11,2,5,UVH13s,1,0.0,-8550000.0,-8.55,556,1024,0.54296875
01a0a597-81f1-7011-9024-b8d544cd9dd8,s,C,QB11,2,5,UVH13s,2,0.0,-8100000.0,-8.1,557,1024,0.5439453125
01a0a597-81f1-7011-9024-b8d544cd9dd8,s,C,QB11,2,5,UVH13s,3,0.0,-7650000.0,-7.65,543,1024,0.5302734375
01a0a597-81f1-7011-9024-b8d544cd9dd8,s,C,QB11,2,5,UVH13s,4,0.0,-7200000.0,-7.2,575,1024,0.5615234375
01a0a597-81f1-7011-9024-b8d544cd9dd8,s,C,QB11,2,5,UVH13s,5,0.0,-6750000.0,-6.75,567,1024,0.5537109375
01a0a597-81f1-7011-9024-b8d544cd9dd8,s,C,QB11,2,5,UVH13s,6,0.0,-6300000.0,-6.3,523,1024,0.5107421875
01a0a597-81f1-7011-9024-b8d544cd9dd8,s,C,QB11,2,5,UVH13s,7,0.0,-5850000.0,-5.85,569,1024,0.5556640625
01a0a597-81f1-7011-9024-b8d544cd9dd8,s,C,QB11,2,5,UVH13s,8,0.0,-5400000.0,-5.4,527,1024,0.5146484375
01a0a597-81f1-7011-9024-b8d544cd9dd8,s,C,QB11,2,5,UVH13s,9,0.0,-4950000.0,-4.95,514,1024,0.501953125
01a0a597-81f1-7011-9024-b8d544cd9dd8,s,C,QB11,2,5,UVH13s,10,0.0,-4500000.0,-4.5,546,1024,0.533203125
01a0a597-81f1-7011-9024-b8d544cd9dd8,s,C,QB11,2,5,UVH13s,11,0.0,-4050000.0,-4.05,525,1024,0.5126953125
01a0a597-81f1-7011-9024-b8d544cd9dd8,s,C,QB11,2,5,UVH13s,12,0.0,-3600000.0,-3.6,512,1024,0.5
01a0a597-81f1-7011-9024-b8d544cd9dd8,s,C,QB11,2,5,UVH13s,13,0.0,-3150000.0,-3.15,543,1024,0.5302734375
01a0a597-81f1-7011-9024-b8d544cd9dd8,s,C,QB11,2,5,UVH13s,14,0.0,-2700000.0,-2.7,497,1024,0.4853515625
01a0a597-81f1-7011-9024-b8d544cd9dd8,s,C,QB11,2,5,UVH13s,15,0.0,-2250000.0,-2.25,497,1024,0.4853515625
01a0a597-81f1-7011-9024-b8d544cd9dd8,s,C,QB11,2,5,UVH13s,16,0.0,-1800000.0,-1.8,528,1024,0.515625
01a0a597-81f1-7011-9024-b8d544cd9dd8,s,C,QB11,2,5,UVH13s,17,0.0,-1350000.0,-1.35,528,1024,0.515625
01a0a597-81f1-7011-9024-b8d544cd9dd8,s,C,QB11,2,5,UVH13s,18,0.0,-900000.0,-0.9,520,1024,0.5078125
01a0a597-81f1-7011-9024-b8d544cd9dd8,s,C,QB11,2,5,UVH13s,19,0.0,-450000.0,-0.45,492,1024,0.48046875
01a0a597-81f1-7011-9024-b8d544cd9dd8,s,C,QB11,2,5,UVH13s,20,0.0,0.0,0.0,506,1024,0.494140625
01a0a597-81f1-7011-9024-b8d544cd9dd8,s,C,QB11,2,5,UVH13s,21,0.0,450000.0,0.45,502,1024,0.490234375
01a0a597-81f1-7011-9024-b8d544cd9dd8,s,C,QB11,2,5,UVH13s,22,0.0,900000.0,0.9,479,1024,0.4677734375
01a0a597-81f1-7011-9024-b8d544cd9dd8,s,C,QB11,2,5,UVH13s,23,0.0,1350000.0,1.35,492,1024,0.48046875
01a0a597-81f1-7011-9024-b8d544cd9dd8,s,C,QB11,2,5,UVH13s,24,0.0,1800000.0,1.8,496,1024,0.484375
01a0a597-81f1-7011-9024-b8d544cd9dd8,s,C,QB11,2,5,UVH13s,25,0.0,2250000.0,2.25,526,1024,0.513671875
01a0a597-81f1-7011-9024-b8d544cd9dd8,s,C,QB11,2,5,UVH13s,26,0.0,2700000.0,2.7,502,1024,0.490234375
01a0a597-81f1-7011-9024-b8d544cd9dd8,s,C,QB11,2,5,UVH13s,27,0.0,3150000.0,3.15,492,1024,0.48046875
01a0a597-81f1-7011-9024-b8d544cd9dd8,s,C,QB11,2,5,UVH13s,28,0.0,3600000.0,3.6,486,1024,0.474609375
01a0a597-81f1-7011-9024-b8d544cd9dd8,s,C,QB11,2,5,UVH13s,29,0.0,4050000.0,4.05,493,1024,0.4814453125
01a0a597-81f1-7011-9024-b8d544cd9dd8,s,C,QB11,2,5,UVH13s,30,0.0,4500000.0,4.5,490,1024,0.478515625
01a0a597-81f1-7011-9024-b8d544cd9dd8,s,C,QB11,2,5,UVH13s,31,0.0,4950000.0,4.95,487,1024,0.4755859375
01a0a597-81f1-7011-9024-b8d544cd9dd8,s,C,QB11,2,5,UVH13s,32,0.0,5400000.0,5.4,500,1024,0.48828125
01a0a597-81f1-7011-9024-b8d544cd9dd8,s,C,QB11,2,5,UVH13s,33,0.0,5850000.0,5.85,470,1024,0.458984375
01a0a597-81f1-7011-9024-b8d544cd9dd8,s,C,QB11,2,5,UVH13s,34,0.0,6300000.0,6.3,499,1024,0.4873046875
01a0a597-81f1-7011-9024-b8d544cd9dd8,s,C,QB11,2,5,UVH13s,35,0.0,6750000.0,6.75,472,1024,0.4609375
01a0a597-81f1-7011-9024-b8d544cd9dd8,s,C,QB11,2,5,UVH13s,36,0.0,7200000.0,7.2,480,1024,0.46875
01a0a597-81f1-7011-9024-b8d544cd9dd8,s,C,QB11,2,5,UVH13s,37,0.0,7650000.0,7.65,472,1024,0.4609375
01a0a597-81f1-7011-9024-b8d544cd9dd8,s,C,QB11,2,5,UVH13s,38,0.0,8100000.0,8.1,474,1024,0.462890625
01a0a597-81f1-7011-9024-b8d544cd9dd8,s,C,QB11,2,5,UVH13s,39,0.0,8550000.0,8.55,474,1024,0.462890625
01a0a597-81f1-7011-9024-b8d544cd9dd8,s,C,QB11,2,5,UVH13s,40,0.0,9000000.0,9.0,472,1024,0.4609375
01a0a597-81f1-7011-9024-b8d544cd9dd8,s,C,QB9,3,0,standard_pi_2,0,0.0,-9000000.0,-9.0,551,1024,0.5380859375
01a0a597-81f1-7011-9024-b8d544cd9dd8,s,C,QB9,3,0,standard_pi_2,1,0.0,-8550000.0,-8.55,561,1024,0.5478515625
01a0a597-81f1-7011-9024-b8d544cd9dd8,s,C,QB9,3,0,standard_pi_2,2,0.0,-8100000.0,-8.1,556,1024,0.54296875
01a0a597-81f1-7011-9024-b8d544cd9dd8,s,C,QB9,3,0,standard_pi_2,3,0.0,-7650000.0,-7.65,562,1024,0.548828125
01a0a597-81f1-7011-9024-b8d544cd9dd8,s,C,QB9,3,0,standard_pi_2,4,0.0,-7200000.0,-7.2,566,1024,0.552734375
01a0a597-81f1-7011-9024-b8d544cd9dd8,s,C,QB9,3,0,standard_pi_2,5,0.0,-6750000.0,-6.75,560,1024,0.546875
01a0a597-81f1-7011-9024-b8d544cd9dd8,s,C,QB9,3,0,standard_pi_2,6,0.0,-6300000.0,-6.3,546,1024,0.533203125
01a0a597-81f1-7011-9024-b8d544cd9dd8,s,C,QB9,3,0,standard_pi_2,7,0.0,-5850000.0,-5.85,540,1024,0.52734375
01a0a597-81f1-7011-9024-b8d544cd9dd8,s,C,QB9,3,0,standard_pi_2,8,0.0,-5400000.0,-5.4,536,1024,0.5234375
01a0a597-81f1-7011-9024-b8d544cd9dd8,s,C,QB9,3,0,standard_pi_2,9,0.0,-4950000.0,-4.95,551,1024,0.5380859375
01a0a597-81f1-7011-9024-b8d544cd9dd8,s,C,QB9,3,0,standard_pi_2,10,0.0,-4500000.0,-4.5,560,1024,0.546875
01a0a597-81f1-7011-9024-b8d544cd9dd8,s,C,QB9,3,0,standard_pi_2,11,0.0,-4050000.0,-4.05,529,1024,0.5166015625
01a0a597-81f1-7011-9024-b8d544cd9dd8,s,C,QB9,3,0,standard_pi_2,12,0.0,-3600000.0,-3.6,544,1024,0.53125
01a0a597-81f1-7011-9024-b8d544cd9dd8,s,C,QB9,3,0,standard_pi_2,13,0.0,-3150000.0,-3.15,500,1024,0.48828125
01a0a597-81f1-7011-9024-b8d544cd9dd8,s,C,QB9,3,0,standard_pi_2,14,0.0,-2700000.0,-2.7,525,1024,0.5126953125
01a0a597-81f1-7011-9024-b8d544cd9dd8,s,C,QB9,3,0,standard_pi_2,15,0.0,-2250000.0,-2.25,530,1024,0.517578125
01a0a597-81f1-7011-9024-b8d544cd9dd8,s,C,QB9,3,0,standard_pi_2,16,0.0,-1800000.0,-1.8,505,1024,0.4931640625
01a0a597-81f1-7011-9024-b8d544cd9dd8,s,C,QB9,3,0,standard_pi_2,17,0.0,-1350000.0,-1.35,522,1024,0.509765625
01a0a597-81f1-7011-9024-b8d544cd9dd8,s,C,QB9,3,0,standard_pi_2,18,0.0,-900000.0,-0.9,515,1024,0.5029296875
01a0a597-81f1-7011-9024-b8d544cd9dd8,s,C,QB9,3,0,standard_pi_2,19,0.0,-450000.0,-0.45,506,1024,0.494140625
01a0a597-81f1-7011-9024-b8d544cd9dd8,s,C,QB9,3,0,standard_pi_2,20,0.0,0.0,0.0,526,1024,0.513671875
01a0a597-81f1-7011-9024-b8d544cd9dd8,s,C,QB9,3,0,standard_pi_2,21,0.0,450000.0,0.45,522,1024,0.509765625
01a0a597-81f1-7011-9024-b8d544cd9dd8,s,C,QB9,3,0,standard_pi_2,22,0.0,900000.0,0.9,508,1024,0.49609375
01a0a597-81f1-7011-9024-b8d544cd9dd8,s,C,QB9,3,0,standard_pi_2,23,0.0,1350000.0,1.35,510,1024,0.498046875
01a0a597-81f1-7011-9024-b8d544cd9dd8,s,C,QB9,3,0,standard_pi_2,24,0.0,1800000.0,1.8,462,1024,0.451171875
01a0a597-81f1-7011-9024-b8d544cd9dd8,s,C,QB9,3,0,standard_pi_2,25,0.0,2250000.0,2.25,483,1024,0.4716796875
01a0a597-81f1-7011-9024-b8d544cd9dd8,s,C,QB9,3,0,standard_pi_2,26,0.0,2700000.0,2.7,514,1024,0.501953125
01a0a597-81f1-7011-9024-b8d544cd9dd8,s,C,QB9,3,0,standard_pi_2,27,0.0,3150000.0,3.15,484,1024,0.47265625
01a0a597-81f1-7011-9024-b8d544cd9dd8,s,C,QB9,3,0,standard_pi_2,28,0.0,3600000.0,3.6,474,1024,0.462890625
01a0a597-81f1-7011-9024-b8d544cd9dd8,s,C,QB9,3,0,standard_pi_2,29,0.0,4050000.0,4.05,464,1024,0.453125
01a0a597-81f1-7011-9024-b8d544cd9dd8,s,C,QB9,3,0,standard_pi_2,30,0.0,4500000.0,4.5,473,1024,0.4619140625
01a0a597-81f1-7011-9024-b8d544cd9dd8,s,C,QB9,3,0,standard_pi_2,31,0.0,4950000.0,4.95,466,1024,0.455078125
01a0a597-81f1-7011-9024-b8d544cd9dd8,s,C,QB9,3,0,standard_pi_2,32,0.0,5400000.0,5.4,457,1024,0.4462890625
01a0a597-81f1-7011-9024-b8d544cd9dd8,s,C,QB9,3,0,standard_pi_2,33,0.0,5850000.0,5.85,442,1024,0.431640625
01a0a597-81f1-7011-9024-b8d544cd9dd8,s,C,QB9,3,0,standard_pi_2,34,0.0,6300000.0,6.3,473,1024,0.4619140625
01a0a597-81f1-7011-9024-b8d544cd9dd8,s,C,QB9,3,0,standard_pi_2,35,0.0,6750000.0,6.75,431,1024,0.4208984375
01a0a597-81f1-7011-9024-b8d544cd9dd8,s,C,QB9,3,0,standard_pi_2,36,0.0,7200000.0,7.2,446,1024,0.435546875
01a0a597-81f1-7011-9024-b8d544cd9dd8,s,C,QB9,3,0,standard_pi_2,37,0.0,7650000.0,7.65,455,1024,0.4443359375
01a0a597-81f1-7011-9024-b8d544cd9dd8,s,C,QB9,3,0,standard_pi_2,38,0.0,8100000.0,8.1,450,1024,0.439453125
01a0a597-81f1-7011-9024-b8d544cd9dd8,s,C,QB9,3,0,standard_pi_2,39,0.0,8550000.0,8.55,434,1024,0.423828125
01a0a597-81f1-7011-9024-b8d544cd9dd8,s,C,QB9,3,0,standard_pi_2,40,0.0,9000000.0,9.0,414,1024,0.404296875
01a0a597-81f1-7011-9024-b8d544cd9dd8,s,C,QB9,3,1,UVH5s,0,0.0,-9000000.0,-9.0,690,1024,0.673828125
01a0a597-81f1-7011-9024-b8d544cd9dd8,s,C,QB9,3,1,UVH5s,1,0.0,-8550000.0,-8.55,658,1024,0.642578125
01a0a597-81f1-7011-9024-b8d544cd9dd8,s,C,QB9,3,1,UVH5s,2,0.0,-8100000.0,-8.1,714,1024,0.697265625
01a0a597-81f1-7011-9024-b8d544cd9dd8,s,C,QB9,3,1,UVH5s,3,0.0,-7650000.0,-7.65,681,1024,0.6650390625
01a0a597-81f1-7011-9024-b8d544cd9dd8,s,C,QB9,3,1,UVH5s,4,0.0,-7200000.0,-7.2,683,1024,0.6669921875
01a0a597-81f1-7011-9024-b8d544cd9dd8,s,C,QB9,3,1,UVH5s,5,0.0,-6750000.0,-6.75,652,1024,0.63671875
01a0a597-81f1-7011-9024-b8d544cd9dd8,s,C,QB9,3,1,UVH5s,6,0.0,-6300000.0,-6.3,636,1024,0.62109375
01a0a597-81f1-7011-9024-b8d544cd9dd8,s,C,QB9,3,1,UVH5s,7,0.0,-5850000.0,-5.85,667,1024,0.6513671875
01a0a597-81f1-7011-9024-b8d544cd9dd8,s,C,QB9,3,1,UVH5s,8,0.0,-5400000.0,-5.4,617,1024,0.6025390625
01a0a597-81f1-7011-9024-b8d544cd9dd8,s,C,QB9,3,1,UVH5s,9,0.0,-4950000.0,-4.95,612,1024,0.59765625
01a0a597-81f1-7011-9024-b8d544cd9dd8,s,C,QB9,3,1,UVH5s,10,0.0,-4500000.0,-4.5,587,1024,0.5732421875
01a0a597-81f1-7011-9024-b8d544cd9dd8,s,C,QB9,3,1,UVH5s,11,0.0,-4050000.0,-4.05,550,1024,0.537109375
01a0a597-81f1-7011-9024-b8d544cd9dd8,s,C,QB9,3,1,UVH5s,12,0.0,-3600000.0,-3.6,597,1024,0.5830078125
01a0a597-81f1-7011-9024-b8d544cd9dd8,s,C,QB9,3,1,UVH5s,13,0.0,-3150000.0,-3.15,567,1024,0.5537109375
01a0a597-81f1-7011-9024-b8d544cd9dd8,s,C,QB9,3,1,UVH5s,14,0.0,-2700000.0,-2.7,543,1024,0.5302734375
01a0a597-81f1-7011-9024-b8d544cd9dd8,s,C,QB9,3,1,UVH5s,15,0.0,-2250000.0,-2.25,546,1024,0.533203125
01a0a597-81f1-7011-9024-b8d544cd9dd8,s,C,QB9,3,1,UVH5s,16,0.0,-1800000.0,-1.8,541,1024,0.5283203125
01a0a597-81f1-7011-9024-b8d544cd9dd8,s,C,QB9,3,1,UVH5s,17,0.0,-1350000.0,-1.35,493,1024,0.4814453125
01a0a597-81f1-7011-9024-b8d544cd9dd8,s,C,QB9,3,1,UVH5s,18,0.0,-900000.0,-0.9,523,1024,0.5107421875
01a0a597-81f1-7011-9024-b8d544cd9dd8,s,C,QB9,3,1,UVH5s,19,0.0,-450000.0,-0.45,519,1024,0.5068359375
01a0a597-81f1-7011-9024-b8d544cd9dd8,s,C,QB9,3,1,UVH5s,20,0.0,0.0,0.0,489,1024,0.4775390625
01a0a597-81f1-7011-9024-b8d544cd9dd8,s,C,QB9,3,1,UVH5s,21,0.0,450000.0,0.45,506,1024,0.494140625
01a0a597-81f1-7011-9024-b8d544cd9dd8,s,C,QB9,3,1,UVH5s,22,0.0,900000.0,0.9,512,1024,0.5
01a0a597-81f1-7011-9024-b8d544cd9dd8,s,C,QB9,3,1,UVH5s,23,0.0,1350000.0,1.35,512,1024,0.5
01a0a597-81f1-7011-9024-b8d544cd9dd8,s,C,QB9,3,1,UVH5s,24,0.0,1800000.0,1.8,518,1024,0.505859375
01a0a597-81f1-7011-9024-b8d544cd9dd8,s,C,QB9,3,1,UVH5s,25,0.0,2250000.0,2.25,516,1024,0.50390625
01a0a597-81f1-7011-9024-b8d544cd9dd8,s,C,QB9,3,1,UVH5s,26,0.0,2700000.0,2.7,523,1024,0.5107421875
01a0a597-81f1-7011-9024-b8d544cd9dd8,s,C,QB9,3,1,UVH5s,27,0.0,3150000.0,3.15,515,1024,0.5029296875
01a0a597-81f1-7011-9024-b8d544cd9dd8,s,C,QB9,3,1,UVH5s,28,0.0,3600000.0,3.6,555,1024,0.5419921875
01a0a597-81f1-7011-9024-b8d544cd9dd8,s,C,QB9,3,1,UVH5s,29,0.0,4050000.0,4.05,605,1024,0.5908203125
01a0a597-81f1-7011-9024-b8d544cd9dd8,s,C,QB9,3,1,UVH5s,30,0.0,4500000.0,4.5,613,1024,0.5986328125
01a0a597-81f1-7011-9024-b8d544cd9dd8,s,C,QB9,3,1,UVH5s,31,0.0,4950000.0,4.95,619,1024,0.6044921875
01a0a597-81f1-7011-9024-b8d544cd9dd8,s,C,QB9,3,1,UVH5s,32,0.0,5400000.0,5.4,653,1024,0.6376953125
01a0a597-81f1-7011-9024-b8d544cd9dd8,s,C,QB9,3,1,UVH5s,33,0.0,5850000.0,5.85,643,1024,0.6279296875
01a0a597-81f1-7011-9024-b8d544cd9dd8,s,C,QB9,3,1,UVH5s,34,0.0,6300000.0,6.3,673,1024,0.6572265625
01a0a597-81f1-7011-9024-b8d544cd9dd8,s,C,QB9,3,1,UVH5s,35,0.0,6750000.0,6.75,702,1024,0.685546875
01a0a597-81f1-7011-9024-b8d544cd9dd8,s,C,QB9,3,1,UVH5s,36,0.0,7200000.0,7.2,734,1024,0.716796875
01a0a597-81f1-7011-9024-b8d544cd9dd8,s,C,QB9,3,1,UVH5s,37,0.0,7650000.0,7.65,732,1024,0.71484375
01a0a597-81f1-7011-9024-b8d544cd9dd8,s,C,QB9,3,1,UVH5s,38,0.0,8100000.0,8.1,760,1024,0.7421875
01a0a597-81f1-7011-9024-b8d544cd9dd8,s,C,QB9,3,1,UVH5s,39,0.0,8550000.0,8.55,801,1024,0.7822265625
01a0a597-81f1-7011-9024-b8d544cd9dd8,s,C,QB9,3,1,UVH5s,40,0.0,9000000.0,9.0,797,1024,0.7783203125
01a0a597-81f1-7011-9024-b8d544cd9dd8,s,C,QB9,3,2,UVH7s,0,0.0,-9000000.0,-9.0,561,1024,0.5478515625
01a0a597-81f1-7011-9024-b8d544cd9dd8,s,C,QB9,3,2,UVH7s,1,0.0,-8550000.0,-8.55,534,1024,0.521484375
01a0a597-81f1-7011-9024-b8d544cd9dd8,s,C,QB9,3,2,UVH7s,2,0.0,-8100000.0,-8.1,549,1024,0.5361328125
01a0a597-81f1-7011-9024-b8d544cd9dd8,s,C,QB9,3,2,UVH7s,3,0.0,-7650000.0,-7.65,567,1024,0.5537109375
01a0a597-81f1-7011-9024-b8d544cd9dd8,s,C,QB9,3,2,UVH7s,4,0.0,-7200000.0,-7.2,575,1024,0.5615234375
01a0a597-81f1-7011-9024-b8d544cd9dd8,s,C,QB9,3,2,UVH7s,5,0.0,-6750000.0,-6.75,533,1024,0.5205078125
01a0a597-81f1-7011-9024-b8d544cd9dd8,s,C,QB9,3,2,UVH7s,6,0.0,-6300000.0,-6.3,516,1024,0.50390625
01a0a597-81f1-7011-9024-b8d544cd9dd8,s,C,QB9,3,2,UVH7s,7,0.0,-5850000.0,-5.85,470,1024,0.458984375
01a0a597-81f1-7011-9024-b8d544cd9dd8,s,C,QB9,3,2,UVH7s,8,0.0,-5400000.0,-5.4,514,1024,0.501953125
01a0a597-81f1-7011-9024-b8d544cd9dd8,s,C,QB9,3,2,UVH7s,9,0.0,-4950000.0,-4.95,480,1024,0.46875
01a0a597-81f1-7011-9024-b8d544cd9dd8,s,C,QB9,3,2,UVH7s,10,0.0,-4500000.0,-4.5,449,1024,0.4384765625
01a0a597-81f1-7011-9024-b8d544cd9dd8,s,C,QB9,3,2,UVH7s,11,0.0,-4050000.0,-4.05,468,1024,0.45703125
01a0a597-81f1-7011-9024-b8d544cd9dd8,s,C,QB9,3,2,UVH7s,12,0.0,-3600000.0,-3.6,464,1024,0.453125
01a0a597-81f1-7011-9024-b8d544cd9dd8,s,C,QB9,3,2,UVH7s,13,0.0,-3150000.0,-3.15,466,1024,0.455078125
01a0a597-81f1-7011-9024-b8d544cd9dd8,s,C,QB9,3,2,UVH7s,14,0.0,-2700000.0,-2.7,464,1024,0.453125
01a0a597-81f1-7011-9024-b8d544cd9dd8,s,C,QB9,3,2,UVH7s,15,0.0,-2250000.0,-2.25,460,1024,0.44921875
01a0a597-81f1-7011-9024-b8d544cd9dd8,s,C,QB9,3,2,UVH7s,16,0.0,-1800000.0,-1.8,459,1024,0.4482421875
01a0a597-81f1-7011-9024-b8d544cd9dd8,s,C,QB9,3,2,UVH7s,17,0.0,-1350000.0,-1.35,483,1024,0.4716796875
01a0a597-81f1-7011-9024-b8d544cd9dd8,s,C,QB9,3,2,UVH7s,18,0.0,-900000.0,-0.9,463,1024,0.4521484375
01a0a597-81f1-7011-9024-b8d544cd9dd8,s,C,QB9,3,2,UVH7s,19,0.0,-450000.0,-0.45,472,1024,0.4609375
01a0a597-81f1-7011-9024-b8d544cd9dd8,s,C,QB9,3,2,UVH7s,20,0.0,0.0,0.0,483,1024,0.4716796875
01a0a597-81f1-7011-9024-b8d544cd9dd8,s,C,QB9,3,2,UVH7s,21,0.0,450000.0,0.45,508,1024,0.49609375
01a0a597-81f1-7011-9024-b8d544cd9dd8,s,C,QB9,3,2,UVH7s,22,0.0,900000.0,0.9,450,1024,0.439453125
01a0a597-81f1-7011-9024-b8d544cd9dd8,s,C,QB9,3,2,UVH7s,23,0.0,1350000.0,1.35,500,1024,0.48828125
01a0a597-81f1-7011-9024-b8d544cd9dd8,s,C,QB9,3,2,UVH7s,24,0.0,1800000.0,1.8,479,1024,0.4677734375
01a0a597-81f1-7011-9024-b8d544cd9dd8,s,C,QB9,3,2,UVH7s,25,0.0,2250000.0,2.25,467,1024,0.4560546875
01a0a597-81f1-7011-9024-b8d544cd9dd8,s,C,QB9,3,2,UVH7s,26,0.0,2700000.0,2.7,456,1024,0.4453125
01a0a597-81f1-7011-9024-b8d544cd9dd8,s,C,QB9,3,2,UVH7s,27,0.0,3150000.0,3.15,468,1024,0.45703125
01a0a597-81f1-7011-9024-b8d544cd9dd8,s,C,QB9,3,2,UVH7s,28,0.0,3600000.0,3.6,476,1024,0.46484375
01a0a597-81f1-7011-9024-b8d544cd9dd8,s,C,QB9,3,2,UVH7s,29,0.0,4050000.0,4.05,463,1024,0.4521484375
01a0a597-81f1-7011-9024-b8d544cd9dd8,s,C,QB9,3,2,UVH7s,30,0.0,4500000.0,4.5,438,1024,0.427734375
01a0a597-81f1-7011-9024-b8d544cd9dd8,s,C,QB9,3,2,UVH7s,31,0.0,4950000.0,4.95,472,1024,0.4609375
01a0a597-81f1-7011-9024-b8d544cd9dd8,s,C,QB9,3,2,UVH7s,32,0.0,5400000.0,5.4,491,1024,0.4794921875
01a0a597-81f1-7011-9024-b8d544cd9dd8,s,C,QB9,3,2,UVH7s,33,0.0,5850000.0,5.85,514,1024,0.501953125
01a0a597-81f1-7011-9024-b8d544cd9dd8,s,C,QB9,3,2,UVH7s,34,0.0,6300000.0,6.3,534,1024,0.521484375
01a0a597-81f1-7011-9024-b8d544cd9dd8,s,C,QB9,3,2,UVH7s,35,0.0,6750000.0,6.75,530,1024,0.517578125
01a0a597-81f1-7011-9024-b8d544cd9dd8,s,C,QB9,3,2,UVH7s,36,0.0,7200000.0,7.2,573,1024,0.5595703125
01a0a597-81f1-7011-9024-b8d544cd9dd8,s,C,QB9,3,2,UVH7s,37,0.0,7650000.0,7.65,586,1024,0.572265625
01a0a597-81f1-7011-9024-b8d544cd9dd8,s,C,QB9,3,2,UVH7s,38,0.0,8100000.0,8.1,630,1024,0.615234375
01a0a597-81f1-7011-9024-b8d544cd9dd8,s,C,QB9,3,2,UVH7s,39,0.0,8550000.0,8.55,624,1024,0.609375
01a0a597-81f1-7011-9024-b8d544cd9dd8,s,C,QB9,3,2,UVH7s,40,0.0,9000000.0,9.0,657,1024,0.6416015625
01a0a597-81f1-7011-9024-b8d544cd9dd8,s,C,QB9,3,3,UVH9s,0,0.0,-9000000.0,-9.0,342,1024,0.333984375
01a0a597-81f1-7011-9024-b8d544cd9dd8,s,C,QB9,3,3,UVH9s,1,0.0,-8550000.0,-8.55,380,1024,0.37109375
01a0a597-81f1-7011-9024-b8d544cd9dd8,s,C,QB9,3,3,UVH9s,2,0.0,-8100000.0,-8.1,373,1024,0.3642578125
01a0a597-81f1-7011-9024-b8d544cd9dd8,s,C,QB9,3,3,UVH9s,3,0.0,-7650000.0,-7.65,379,1024,0.3701171875
01a0a597-81f1-7011-9024-b8d544cd9dd8,s,C,QB9,3,3,UVH9s,4,0.0,-7200000.0,-7.2,416,1024,0.40625
01a0a597-81f1-7011-9024-b8d544cd9dd8,s,C,QB9,3,3,UVH9s,5,0.0,-6750000.0,-6.75,437,1024,0.4267578125
01a0a597-81f1-7011-9024-b8d544cd9dd8,s,C,QB9,3,3,UVH9s,6,0.0,-6300000.0,-6.3,416,1024,0.40625
01a0a597-81f1-7011-9024-b8d544cd9dd8,s,C,QB9,3,3,UVH9s,7,0.0,-5850000.0,-5.85,462,1024,0.451171875
01a0a597-81f1-7011-9024-b8d544cd9dd8,s,C,QB9,3,3,UVH9s,8,0.0,-5400000.0,-5.4,457,1024,0.4462890625
01a0a597-81f1-7011-9024-b8d544cd9dd8,s,C,QB9,3,3,UVH9s,9,0.0,-4950000.0,-4.95,472,1024,0.4609375
01a0a597-81f1-7011-9024-b8d544cd9dd8,s,C,QB9,3,3,UVH9s,10,0.0,-4500000.0,-4.5,468,1024,0.45703125
01a0a597-81f1-7011-9024-b8d544cd9dd8,s,C,QB9,3,3,UVH9s,11,0.0,-4050000.0,-4.05,484,1024,0.47265625
01a0a597-81f1-7011-9024-b8d544cd9dd8,s,C,QB9,3,3,UVH9s,12,0.0,-3600000.0,-3.6,474,1024,0.462890625
01a0a597-81f1-7011-9024-b8d544cd9dd8,s,C,QB9,3,3,UVH9s,13,0.0,-3150000.0,-3.15,502,1024,0.490234375
01a0a597-81f1-7011-9024-b8d544cd9dd8,s,C,QB9,3,3,UVH9s,14,0.0,-2700000.0,-2.7,489,1024,0.4775390625
01a0a597-81f1-7011-9024-b8d544cd9dd8,s,C,QB9,3,3,UVH9s,15,0.0,-2250000.0,-2.25,487,1024,0.4755859375
01a0a597-81f1-7011-9024-b8d544cd9dd8,s,C,QB9,3,3,UVH9s,16,0.0,-1800000.0,-1.8,481,1024,0.4697265625
01a0a597-81f1-7011-9024-b8d544cd9dd8,s,C,QB9,3,3,UVH9s,17,0.0,-1350000.0,-1.35,479,1024,0.4677734375
01a0a597-81f1-7011-9024-b8d544cd9dd8,s,C,QB9,3,3,UVH9s,18,0.0,-900000.0,-0.9,459,1024,0.4482421875
01a0a597-81f1-7011-9024-b8d544cd9dd8,s,C,QB9,3,3,UVH9s,19,0.0,-450000.0,-0.45,467,1024,0.4560546875
01a0a597-81f1-7011-9024-b8d544cd9dd8,s,C,QB9,3,3,UVH9s,20,0.0,0.0,0.0,490,1024,0.478515625
01a0a597-81f1-7011-9024-b8d544cd9dd8,s,C,QB9,3,3,UVH9s,21,0.0,450000.0,0.45,471,1024,0.4599609375
01a0a597-81f1-7011-9024-b8d544cd9dd8,s,C,QB9,3,3,UVH9s,22,0.0,900000.0,0.9,509,1024,0.4970703125
01a0a597-81f1-7011-9024-b8d544cd9dd8,s,C,QB9,3,3,UVH9s,23,0.0,1350000.0,1.35,468,1024,0.45703125
01a0a597-81f1-7011-9024-b8d544cd9dd8,s,C,QB9,3,3,UVH9s,24,0.0,1800000.0,1.8,474,1024,0.462890625
01a0a597-81f1-7011-9024-b8d544cd9dd8,s,C,QB9,3,3,UVH9s,25,0.0,2250000.0,2.25,495,1024,0.4833984375
01a0a597-81f1-7011-9024-b8d544cd9dd8,s,C,QB9,3,3,UVH9s,26,0.0,2700000.0,2.7,495,1024,0.4833984375
01a0a597-81f1-7011-9024-b8d544cd9dd8,s,C,QB9,3,3,UVH9s,27,0.0,3150000.0,3.15,505,1024,0.4931640625
01a0a597-81f1-7011-9024-b8d544cd9dd8,s,C,QB9,3,3,UVH9s,28,0.0,3600000.0,3.6,514,1024,0.501953125
01a0a597-81f1-7011-9024-b8d544cd9dd8,s,C,QB9,3,3,UVH9s,29,0.0,4050000.0,4.05,497,1024,0.4853515625
01a0a597-81f1-7011-9024-b8d544cd9dd8,s,C,QB9,3,3,UVH9s,30,0.0,4500000.0,4.5,482,1024,0.470703125
01a0a597-81f1-7011-9024-b8d544cd9dd8,s,C,QB9,3,3,UVH9s,31,0.0,4950000.0,4.95,478,1024,0.466796875
01a0a597-81f1-7011-9024-b8d544cd9dd8,s,C,QB9,3,3,UVH9s,32,0.0,5400000.0,5.4,503,1024,0.4912109375
01a0a597-81f1-7011-9024-b8d544cd9dd8,s,C,QB9,3,3,UVH9s,33,0.0,5850000.0,5.85,480,1024,0.46875
01a0a597-81f1-7011-9024-b8d544cd9dd8,s,C,QB9,3,3,UVH9s,34,0.0,6300000.0,6.3,511,1024,0.4990234375
01a0a597-81f1-7011-9024-b8d544cd9dd8,s,C,QB9,3,3,UVH9s,35,0.0,6750000.0,6.75,440,1024,0.4296875
01a0a597-81f1-7011-9024-b8d544cd9dd8,s,C,QB9,3,3,UVH9s,36,0.0,7200000.0,7.2,447,1024,0.4365234375
01a0a597-81f1-7011-9024-b8d544cd9dd8,s,C,QB9,3,3,UVH9s,37,0.0,7650000.0,7.65,381,1024,0.3720703125
01a0a597-81f1-7011-9024-b8d544cd9dd8,s,C,QB9,3,3,UVH9s,38,0.0,8100000.0,8.1,387,1024,0.3779296875
01a0a597-81f1-7011-9024-b8d544cd9dd8,s,C,QB9,3,3,UVH9s,39,0.0,8550000.0,8.55,380,1024,0.37109375
01a0a597-81f1-7011-9024-b8d544cd9dd8,s,C,QB9,3,3,UVH9s,40,0.0,9000000.0,9.0,341,1024,0.3330078125
01a0a597-81f1-7011-9024-b8d544cd9dd8,s,C,QB9,3,4,UVH11s,0,0.0,-9000000.0,-9.0,576,1024,0.5625
01a0a597-81f1-7011-9024-b8d544cd9dd8,s,C,QB9,3,4,UVH11s,1,0.0,-8550000.0,-8.55,525,1024,0.5126953125
01a0a597-81f1-7011-9024-b8d544cd9dd8,s,C,QB9,3,4,UVH11s,2,0.0,-8100000.0,-8.1,498,1024,0.486328125
01a0a597-81f1-7011-9024-b8d544cd9dd8,s,C,QB9,3,4,UVH11s,3,0.0,-7650000.0,-7.65,526,1024,0.513671875
01a0a597-81f1-7011-9024-b8d544cd9dd8,s,C,QB9,3,4,UVH11s,4,0.0,-7200000.0,-7.2,509,1024,0.4970703125
01a0a597-81f1-7011-9024-b8d544cd9dd8,s,C,QB9,3,4,UVH11s,5,0.0,-6750000.0,-6.75,506,1024,0.494140625
01a0a597-81f1-7011-9024-b8d544cd9dd8,s,C,QB9,3,4,UVH11s,6,0.0,-6300000.0,-6.3,503,1024,0.4912109375
01a0a597-81f1-7011-9024-b8d544cd9dd8,s,C,QB9,3,4,UVH11s,7,0.0,-5850000.0,-5.85,512,1024,0.5
01a0a597-81f1-7011-9024-b8d544cd9dd8,s,C,QB9,3,4,UVH11s,8,0.0,-5400000.0,-5.4,501,1024,0.4892578125
01a0a597-81f1-7011-9024-b8d544cd9dd8,s,C,QB9,3,4,UVH11s,9,0.0,-4950000.0,-4.95,510,1024,0.498046875
01a0a597-81f1-7011-9024-b8d544cd9dd8,s,C,QB9,3,4,UVH11s,10,0.0,-4500000.0,-4.5,535,1024,0.5224609375
01a0a597-81f1-7011-9024-b8d544cd9dd8,s,C,QB9,3,4,UVH11s,11,0.0,-4050000.0,-4.05,459,1024,0.4482421875
01a0a597-81f1-7011-9024-b8d544cd9dd8,s,C,QB9,3,4,UVH11s,12,0.0,-3600000.0,-3.6,511,1024,0.4990234375
01a0a597-81f1-7011-9024-b8d544cd9dd8,s,C,QB9,3,4,UVH11s,13,0.0,-3150000.0,-3.15,498,1024,0.486328125
01a0a597-81f1-7011-9024-b8d544cd9dd8,s,C,QB9,3,4,UVH11s,14,0.0,-2700000.0,-2.7,528,1024,0.515625
01a0a597-81f1-7011-9024-b8d544cd9dd8,s,C,QB9,3,4,UVH11s,15,0.0,-2250000.0,-2.25,510,1024,0.498046875
01a0a597-81f1-7011-9024-b8d544cd9dd8,s,C,QB9,3,4,UVH11s,16,0.0,-1800000.0,-1.8,522,1024,0.509765625
01a0a597-81f1-7011-9024-b8d544cd9dd8,s,C,QB9,3,4,UVH11s,17,0.0,-1350000.0,-1.35,533,1024,0.5205078125
01a0a597-81f1-7011-9024-b8d544cd9dd8,s,C,QB9,3,4,UVH11s,18,0.0,-900000.0,-0.9,492,1024,0.48046875
01a0a597-81f1-7011-9024-b8d544cd9dd8,s,C,QB9,3,4,UVH11s,19,0.0,-450000.0,-0.45,510,1024,0.498046875
01a0a597-81f1-7011-9024-b8d544cd9dd8,s,C,QB9,3,4,UVH11s,20,0.0,0.0,0.0,529,1024,0.5166015625
01a0a597-81f1-7011-9024-b8d544cd9dd8,s,C,QB9,3,4,UVH11s,21,0.0,450000.0,0.45,547,1024,0.5341796875
01a0a597-81f1-7011-9024-b8d544cd9dd8,s,C,QB9,3,4,UVH11s,22,0.0,900000.0,0.9,526,1024,0.513671875
01a0a597-81f1-7011-9024-b8d544cd9dd8,s,C,QB9,3,4,UVH11s,23,0.0,1350000.0,1.35,526,1024,0.513671875
01a0a597-81f1-7011-9024-b8d544cd9dd8,s,C,QB9,3,4,UVH11s,24,0.0,1800000.0,1.8,526,1024,0.513671875
01a0a597-81f1-7011-9024-b8d544cd9dd8,s,C,QB9,3,4,UVH11s,25,0.0,2250000.0,2.25,530,1024,0.517578125
01a0a597-81f1-7011-9024-b8d544cd9dd8,s,C,QB9,3,4,UVH11s,26,0.0,2700000.0,2.7,518,1024,0.505859375
01a0a597-81f1-7011-9024-b8d544cd9dd8,s,C,QB9,3,4,UVH11s,27,0.0,3150000.0,3.15,540,1024,0.52734375
01a0a597-81f1-7011-9024-b8d544cd9dd8,s,C,QB9,3,4,UVH11s,28,0.0,3600000.0,3.6,539,1024,0.5263671875
01a0a597-81f1-7011-9024-b8d544cd9dd8,s,C,QB9,3,4,UVH11s,29,0.0,4050000.0,4.05,532,1024,0.51953125
01a0a597-81f1-7011-9024-b8d544cd9dd8,s,C,QB9,3,4,UVH11s,30,0.0,4500000.0,4.5,505,1024,0.4931640625
01a0a597-81f1-7011-9024-b8d544cd9dd8,s,C,QB9,3,4,UVH11s,31,0.0,4950000.0,4.95,513,1024,0.5009765625
01a0a597-81f1-7011-9024-b8d544cd9dd8,s,C,QB9,3,4,UVH11s,32,0.0,5400000.0,5.4,534,1024,0.521484375
01a0a597-81f1-7011-9024-b8d544cd9dd8,s,C,QB9,3,4,UVH11s,33,0.0,5850000.0,5.85,510,1024,0.498046875
01a0a597-81f1-7011-9024-b8d544cd9dd8,s,C,QB9,3,4,UVH11s,34,0.0,6300000.0,6.3,518,1024,0.505859375
01a0a597-81f1-7011-9024-b8d544cd9dd8,s,C,QB9,3,4,UVH11s,35,0.0,6750000.0,6.75,525,1024,0.5126953125
01a0a597-81f1-7011-9024-b8d544cd9dd8,s,C,QB9,3,4,UVH11s,36,0.0,7200000.0,7.2,510,1024,0.498046875
01a0a597-81f1-7011-9024-b8d544cd9dd8,s,C,QB9,3,4,UVH11s,37,0.0,7650000.0,7.65,499,1024,0.4873046875
01a0a597-81f1-7011-9024-b8d544cd9dd8,s,C,QB9,3,4,UVH11s,38,0.0,8100000.0,8.1,512,1024,0.5
01a0a597-81f1-7011-9024-b8d544cd9dd8,s,C,QB9,3,4,UVH11s,39,0.0,8550000.0,8.55,498,1024,0.486328125
01a0a597-81f1-7011-9024-b8d544cd9dd8,s,C,QB9,3,4,UVH11s,40,0.0,9000000.0,9.0,493,1024,0.4814453125
01a0a597-81f1-7011-9024-b8d544cd9dd8,s,C,QB9,3,5,UVH13s,0,0.0,-9000000.0,-9.0,545,1024,0.5322265625
01a0a597-81f1-7011-9024-b8d544cd9dd8,s,C,QB9,3,5,UVH13s,1,0.0,-8550000.0,-8.55,557,1024,0.5439453125
01a0a597-81f1-7011-9024-b8d544cd9dd8,s,C,QB9,3,5,UVH13s,2,0.0,-8100000.0,-8.1,519,1024,0.5068359375
01a0a597-81f1-7011-9024-b8d544cd9dd8,s,C,QB9,3,5,UVH13s,3,0.0,-7650000.0,-7.65,490,1024,0.478515625
01a0a597-81f1-7011-9024-b8d544cd9dd8,s,C,QB9,3,5,UVH13s,4,0.0,-7200000.0,-7.2,541,1024,0.5283203125
01a0a597-81f1-7011-9024-b8d544cd9dd8,s,C,QB9,3,5,UVH13s,5,0.0,-6750000.0,-6.75,481,1024,0.4697265625
01a0a597-81f1-7011-9024-b8d544cd9dd8,s,C,QB9,3,5,UVH13s,6,0.0,-6300000.0,-6.3,501,1024,0.4892578125
01a0a597-81f1-7011-9024-b8d544cd9dd8,s,C,QB9,3,5,UVH13s,7,0.0,-5850000.0,-5.85,458,1024,0.447265625
01a0a597-81f1-7011-9024-b8d544cd9dd8,s,C,QB9,3,5,UVH13s,8,0.0,-5400000.0,-5.4,488,1024,0.4765625
01a0a597-81f1-7011-9024-b8d544cd9dd8,s,C,QB9,3,5,UVH13s,9,0.0,-4950000.0,-4.95,478,1024,0.466796875
01a0a597-81f1-7011-9024-b8d544cd9dd8,s,C,QB9,3,5,UVH13s,10,0.0,-4500000.0,-4.5,489,1024,0.4775390625
01a0a597-81f1-7011-9024-b8d544cd9dd8,s,C,QB9,3,5,UVH13s,11,0.0,-4050000.0,-4.05,501,1024,0.4892578125
01a0a597-81f1-7011-9024-b8d544cd9dd8,s,C,QB9,3,5,UVH13s,12,0.0,-3600000.0,-3.6,468,1024,0.45703125
01a0a597-81f1-7011-9024-b8d544cd9dd8,s,C,QB9,3,5,UVH13s,13,0.0,-3150000.0,-3.15,481,1024,0.4697265625
01a0a597-81f1-7011-9024-b8d544cd9dd8,s,C,QB9,3,5,UVH13s,14,0.0,-2700000.0,-2.7,516,1024,0.50390625
01a0a597-81f1-7011-9024-b8d544cd9dd8,s,C,QB9,3,5,UVH13s,15,0.0,-2250000.0,-2.25,496,1024,0.484375
01a0a597-81f1-7011-9024-b8d544cd9dd8,s,C,QB9,3,5,UVH13s,16,0.0,-1800000.0,-1.8,467,1024,0.4560546875
01a0a597-81f1-7011-9024-b8d544cd9dd8,s,C,QB9,3,5,UVH13s,17,0.0,-1350000.0,-1.35,471,1024,0.4599609375
01a0a597-81f1-7011-9024-b8d544cd9dd8,s,C,QB9,3,5,UVH13s,18,0.0,-900000.0,-0.9,490,1024,0.478515625
01a0a597-81f1-7011-9024-b8d544cd9dd8,s,C,QB9,3,5,UVH13s,19,0.0,-450000.0,-0.45,492,1024,0.48046875
01a0a597-81f1-7011-9024-b8d544cd9dd8,s,C,QB9,3,5,UVH13s,20,0.0,0.0,0.0,473,1024,0.4619140625
01a0a597-81f1-7011-9024-b8d544cd9dd8,s,C,QB9,3,5,UVH13s,21,0.0,450000.0,0.45,487,1024,0.4755859375
01a0a597-81f1-7011-9024-b8d544cd9dd8,s,C,QB9,3,5,UVH13s,22,0.0,900000.0,0.9,491,1024,0.4794921875
01a0a597-81f1-7011-9024-b8d544cd9dd8,s,C,QB9,3,5,UVH13s,23,0.0,1350000.0,1.35,472,1024,0.4609375
01a0a597-81f1-7011-9024-b8d544cd9dd8,s,C,QB9,3,5,UVH13s,24,0.0,1800000.0,1.8,494,1024,0.482421875
01a0a597-81f1-7011-9024-b8d544cd9dd8,s,C,QB9,3,5,UVH13s,25,0.0,2250000.0,2.25,489,1024,0.4775390625
01a0a597-81f1-7011-9024-b8d544cd9dd8,s,C,QB9,3,5,UVH13s,26,0.0,2700000.0,2.7,494,1024,0.482421875
01a0a597-81f1-7011-9024-b8d544cd9dd8,s,C,QB9,3,5,UVH13s,27,0.0,3150000.0,3.15,494,1024,0.482421875
01a0a597-81f1-7011-9024-b8d544cd9dd8,s,C,QB9,3,5,UVH13s,28,0.0,3600000.0,3.6,495,1024,0.4833984375
01a0a597-81f1-7011-9024-b8d544cd9dd8,s,C,QB9,3,5,UVH13s,29,0.0,4050000.0,4.05,479,1024,0.4677734375
01a0a597-81f1-7011-9024-b8d544cd9dd8,s,C,QB9,3,5,UVH13s,30,0.0,4500000.0,4.5,478,1024,0.466796875
01a0a597-81f1-7011-9024-b8d544cd9dd8,s,C,QB9,3,5,UVH13s,31,0.0,4950000.0,4.95,465,1024,0.4541015625
01a0a597-81f1-7011-9024-b8d544cd9dd8,s,C,QB9,3,5,UVH13s,32,0.0,5400000.0,5.4,489,1024,0.4775390625
01a0a597-81f1-7011-9024-b8d544cd9dd8,s,C,QB9,3,5,UVH13s,33,0.0,5850000.0,5.85,493,1024,0.4814453125
01a0a597-81f1-7011-9024-b8d544cd9dd8,s,C,QB9,3,5,UVH13s,34,0.0,6300000.0,6.3,458,1024,0.447265625
01a0a597-81f1-7011-9024-b8d544cd9dd8,s,C,QB9,3,5,UVH13s,35,0.0,6750000.0,6.75,510,1024,0.498046875
01a0a597-81f1-7011-9024-b8d544cd9dd8,s,C,QB9,3,5,UVH13s,36,0.0,7200000.0,7.2,474,1024,0.462890625
01a0a597-81f1-7011-9024-b8d544cd9dd8,s,C,QB9,3,5,UVH13s,37,0.0,7650000.0,7.65,450,1024,0.439453125
01a0a597-81f1-7011-9024-b8d544cd9dd8,s,C,QB9,3,5,UVH13s,38,0.0,8100000.0,8.1,449,1024,0.4384765625
01a0a597-81f1-7011-9024-b8d544cd9dd8,s,C,QB9,3,5,UVH13s,39,0.0,8550000.0,8.55,460,1024,0.44921875
01a0a597-81f1-7011-9024-b8d544cd9dd8,s,C,QB9,3,5,UVH13s,40,0.0,9000000.0,9.0,422,1024,0.412109375
01a0a597-81f1-7011-9024-b8d544cd9dd8,s,C,QB1,4,0,standard_pi_2,0,0.0,-9000000.0,-9.0,549,1024,0.5361328125
01a0a597-81f1-7011-9024-b8d544cd9dd8,s,C,QB1,4,0,standard_pi_2,1,0.0,-8550000.0,-8.55,533,1024,0.5205078125
01a0a597-81f1-7011-9024-b8d544cd9dd8,s,C,QB1,4,0,standard_pi_2,2,0.0,-8100000.0,-8.1,570,1024,0.556640625
01a0a597-81f1-7011-9024-b8d544cd9dd8,s,C,QB1,4,0,standard_pi_2,3,0.0,-7650000.0,-7.65,536,1024,0.5234375
01a0a597-81f1-7011-9024-b8d544cd9dd8,s,C,QB1,4,0,standard_pi_2,4,0.0,-7200000.0,-7.2,563,1024,0.5498046875
01a0a597-81f1-7011-9024-b8d544cd9dd8,s,C,QB1,4,0,standard_pi_2,5,0.0,-6750000.0,-6.75,551,1024,0.5380859375
01a0a597-81f1-7011-9024-b8d544cd9dd8,s,C,QB1,4,0,standard_pi_2,6,0.0,-6300000.0,-6.3,575,1024,0.5615234375
01a0a597-81f1-7011-9024-b8d544cd9dd8,s,C,QB1,4,0,standard_pi_2,7,0.0,-5850000.0,-5.85,536,1024,0.5234375
01a0a597-81f1-7011-9024-b8d544cd9dd8,s,C,QB1,4,0,standard_pi_2,8,0.0,-5400000.0,-5.4,546,1024,0.533203125
01a0a597-81f1-7011-9024-b8d544cd9dd8,s,C,QB1,4,0,standard_pi_2,9,0.0,-4950000.0,-4.95,549,1024,0.5361328125
01a0a597-81f1-7011-9024-b8d544cd9dd8,s,C,QB1,4,0,standard_pi_2,10,0.0,-4500000.0,-4.5,541,1024,0.5283203125
01a0a597-81f1-7011-9024-b8d544cd9dd8,s,C,QB1,4,0,standard_pi_2,11,0.0,-4050000.0,-4.05,547,1024,0.5341796875
01a0a597-81f1-7011-9024-b8d544cd9dd8,s,C,QB1,4,0,standard_pi_2,12,0.0,-3600000.0,-3.6,527,1024,0.5146484375
01a0a597-81f1-7011-9024-b8d544cd9dd8,s,C,QB1,4,0,standard_pi_2,13,0.0,-3150000.0,-3.15,537,1024,0.5244140625
01a0a597-81f1-7011-9024-b8d544cd9dd8,s,C,QB1,4,0,standard_pi_2,14,0.0,-2700000.0,-2.7,507,1024,0.4951171875
01a0a597-81f1-7011-9024-b8d544cd9dd8,s,C,QB1,4,0,standard_pi_2,15,0.0,-2250000.0,-2.25,531,1024,0.5185546875
01a0a597-81f1-7011-9024-b8d544cd9dd8,s,C,QB1,4,0,standard_pi_2,16,0.0,-1800000.0,-1.8,542,1024,0.529296875
01a0a597-81f1-7011-9024-b8d544cd9dd8,s,C,QB1,4,0,standard_pi_2,17,0.0,-1350000.0,-1.35,512,1024,0.5
01a0a597-81f1-7011-9024-b8d544cd9dd8,s,C,QB1,4,0,standard_pi_2,18,0.0,-900000.0,-0.9,493,1024,0.4814453125
01a0a597-81f1-7011-9024-b8d544cd9dd8,s,C,QB1,4,0,standard_pi_2,19,0.0,-450000.0,-0.45,514,1024,0.501953125
01a0a597-81f1-7011-9024-b8d544cd9dd8,s,C,QB1,4,0,standard_pi_2,20,0.0,0.0,0.0,528,1024,0.515625
01a0a597-81f1-7011-9024-b8d544cd9dd8,s,C,QB1,4,0,standard_pi_2,21,0.0,450000.0,0.45,536,1024,0.5234375
01a0a597-81f1-7011-9024-b8d544cd9dd8,s,C,QB1,4,0,standard_pi_2,22,0.0,900000.0,0.9,522,1024,0.509765625
01a0a597-81f1-7011-9024-b8d544cd9dd8,s,C,QB1,4,0,standard_pi_2,23,0.0,1350000.0,1.35,507,1024,0.4951171875
01a0a597-81f1-7011-9024-b8d544cd9dd8,s,C,QB1,4,0,standard_pi_2,24,0.0,1800000.0,1.8,490,1024,0.478515625
01a0a597-81f1-7011-9024-b8d544cd9dd8,s,C,QB1,4,0,standard_pi_2,25,0.0,2250000.0,2.25,513,1024,0.5009765625
01a0a597-81f1-7011-9024-b8d544cd9dd8,s,C,QB1,4,0,standard_pi_2,26,0.0,2700000.0,2.7,482,1024,0.470703125
01a0a597-81f1-7011-9024-b8d544cd9dd8,s,C,QB1,4,0,standard_pi_2,27,0.0,3150000.0,3.15,533,1024,0.5205078125
01a0a597-81f1-7011-9024-b8d544cd9dd8,s,C,QB1,4,0,standard_pi_2,28,0.0,3600000.0,3.6,489,1024,0.4775390625
01a0a597-81f1-7011-9024-b8d544cd9dd8,s,C,QB1,4,0,standard_pi_2,29,0.0,4050000.0,4.05,519,1024,0.5068359375
01a0a597-81f1-7011-9024-b8d544cd9dd8,s,C,QB1,4,0,standard_pi_2,30,0.0,4500000.0,4.5,469,1024,0.4580078125
01a0a597-81f1-7011-9024-b8d544cd9dd8,s,C,QB1,4,0,standard_pi_2,31,0.0,4950000.0,4.95,486,1024,0.474609375
01a0a597-81f1-7011-9024-b8d544cd9dd8,s,C,QB1,4,0,standard_pi_2,32,0.0,5400000.0,5.4,478,1024,0.466796875
01a0a597-81f1-7011-9024-b8d544cd9dd8,s,C,QB1,4,0,standard_pi_2,33,0.0,5850000.0,5.85,432,1024,0.421875
01a0a597-81f1-7011-9024-b8d544cd9dd8,s,C,QB1,4,0,standard_pi_2,34,0.0,6300000.0,6.3,471,1024,0.4599609375
01a0a597-81f1-7011-9024-b8d544cd9dd8,s,C,QB1,4,0,standard_pi_2,35,0.0,6750000.0,6.75,482,1024,0.470703125
01a0a597-81f1-7011-9024-b8d544cd9dd8,s,C,QB1,4,0,standard_pi_2,36,0.0,7200000.0,7.2,483,1024,0.4716796875
01a0a597-81f1-7011-9024-b8d544cd9dd8,s,C,QB1,4,0,standard_pi_2,37,0.0,7650000.0,7.65,481,1024,0.4697265625
01a0a597-81f1-7011-9024-b8d544cd9dd8,s,C,QB1,4,0,standard_pi_2,38,0.0,8100000.0,8.1,465,1024,0.4541015625
01a0a597-81f1-7011-9024-b8d544cd9dd8,s,C,QB1,4,0,standard_pi_2,39,0.0,8550000.0,8.55,451,1024,0.4404296875
01a0a597-81f1-7011-9024-b8d544cd9dd8,s,C,QB1,4,0,standard_pi_2,40,0.0,9000000.0,9.0,454,1024,0.443359375
01a0a597-81f1-7011-9024-b8d544cd9dd8,s,C,QB1,4,1,UVH5s,0,0.0,-9000000.0,-9.0,730,1024,0.712890625
01a0a597-81f1-7011-9024-b8d544cd9dd8,s,C,QB1,4,1,UVH5s,1,0.0,-8550000.0,-8.55,707,1024,0.6904296875
01a0a597-81f1-7011-9024-b8d544cd9dd8,s,C,QB1,4,1,UVH5s,2,0.0,-8100000.0,-8.1,720,1024,0.703125
01a0a597-81f1-7011-9024-b8d544cd9dd8,s,C,QB1,4,1,UVH5s,3,0.0,-7650000.0,-7.65,727,1024,0.7099609375
01a0a597-81f1-7011-9024-b8d544cd9dd8,s,C,QB1,4,1,UVH5s,4,0.0,-7200000.0,-7.2,700,1024,0.68359375
01a0a597-81f1-7011-9024-b8d544cd9dd8,s,C,QB1,4,1,UVH5s,5,0.0,-6750000.0,-6.75,689,1024,0.6728515625
01a0a597-81f1-7011-9024-b8d544cd9dd8,s,C,QB1,4,1,UVH5s,6,0.0,-6300000.0,-6.3,711,1024,0.6943359375
01a0a597-81f1-7011-9024-b8d544cd9dd8,s,C,QB1,4,1,UVH5s,7,0.0,-5850000.0,-5.85,672,1024,0.65625
01a0a597-81f1-7011-9024-b8d544cd9dd8,s,C,QB1,4,1,UVH5s,8,0.0,-5400000.0,-5.4,648,1024,0.6328125
01a0a597-81f1-7011-9024-b8d544cd9dd8,s,C,QB1,4,1,UVH5s,9,0.0,-4950000.0,-4.95,635,1024,0.6201171875
01a0a597-81f1-7011-9024-b8d544cd9dd8,s,C,QB1,4,1,UVH5s,10,0.0,-4500000.0,-4.5,609,1024,0.5947265625
01a0a597-81f1-7011-9024-b8d544cd9dd8,s,C,QB1,4,1,UVH5s,11,0.0,-4050000.0,-4.05,599,1024,0.5849609375
01a0a597-81f1-7011-9024-b8d544cd9dd8,s,C,QB1,4,1,UVH5s,12,0.0,-3600000.0,-3.6,571,1024,0.5576171875
01a0a597-81f1-7011-9024-b8d544cd9dd8,s,C,QB1,4,1,UVH5s,13,0.0,-3150000.0,-3.15,546,1024,0.533203125
01a0a597-81f1-7011-9024-b8d544cd9dd8,s,C,QB1,4,1,UVH5s,14,0.0,-2700000.0,-2.7,577,1024,0.5634765625
01a0a597-81f1-7011-9024-b8d544cd9dd8,s,C,QB1,4,1,UVH5s,15,0.0,-2250000.0,-2.25,542,1024,0.529296875
01a0a597-81f1-7011-9024-b8d544cd9dd8,s,C,QB1,4,1,UVH5s,16,0.0,-1800000.0,-1.8,530,1024,0.517578125
01a0a597-81f1-7011-9024-b8d544cd9dd8,s,C,QB1,4,1,UVH5s,17,0.0,-1350000.0,-1.35,537,1024,0.5244140625
01a0a597-81f1-7011-9024-b8d544cd9dd8,s,C,QB1,4,1,UVH5s,18,0.0,-900000.0,-0.9,506,1024,0.494140625
01a0a597-81f1-7011-9024-b8d544cd9dd8,s,C,QB1,4,1,UVH5s,19,0.0,-450000.0,-0.45,542,1024,0.529296875
01a0a597-81f1-7011-9024-b8d544cd9dd8,s,C,QB1,4,1,UVH5s,20,0.0,0.0,0.0,546,1024,0.533203125
01a0a597-81f1-7011-9024-b8d544cd9dd8,s,C,QB1,4,1,UVH5s,21,0.0,450000.0,0.45,522,1024,0.509765625
01a0a597-81f1-7011-9024-b8d544cd9dd8,s,C,QB1,4,1,UVH5s,22,0.0,900000.0,0.9,586,1024,0.572265625
01a0a597-81f1-7011-9024-b8d544cd9dd8,s,C,QB1,4,1,UVH5s,23,0.0,1350000.0,1.35,537,1024,0.5244140625
01a0a597-81f1-7011-9024-b8d544cd9dd8,s,C,QB1,4,1,UVH5s,24,0.0,1800000.0,1.8,532,1024,0.51953125
01a0a597-81f1-7011-9024-b8d544cd9dd8,s,C,QB1,4,1,UVH5s,25,0.0,2250000.0,2.25,571,1024,0.5576171875
01a0a597-81f1-7011-9024-b8d544cd9dd8,s,C,QB1,4,1,UVH5s,26,0.0,2700000.0,2.7,592,1024,0.578125
01a0a597-81f1-7011-9024-b8d544cd9dd8,s,C,QB1,4,1,UVH5s,27,0.0,3150000.0,3.15,576,1024,0.5625
01a0a597-81f1-7011-9024-b8d544cd9dd8,s,C,QB1,4,1,UVH5s,28,0.0,3600000.0,3.6,582,1024,0.568359375
01a0a597-81f1-7011-9024-b8d544cd9dd8,s,C,QB1,4,1,UVH5s,29,0.0,4050000.0,4.05,584,1024,0.5703125
01a0a597-81f1-7011-9024-b8d544cd9dd8,s,C,QB1,4,1,UVH5s,30,0.0,4500000.0,4.5,636,1024,0.62109375
01a0a597-81f1-7011-9024-b8d544cd9dd8,s,C,QB1,4,1,UVH5s,31,0.0,4950000.0,4.95,659,1024,0.6435546875
01a0a597-81f1-7011-9024-b8d544cd9dd8,s,C,QB1,4,1,UVH5s,32,0.0,5400000.0,5.4,669,1024,0.6533203125
01a0a597-81f1-7011-9024-b8d544cd9dd8,s,C,QB1,4,1,UVH5s,33,0.0,5850000.0,5.85,685,1024,0.6689453125
01a0a597-81f1-7011-9024-b8d544cd9dd8,s,C,QB1,4,1,UVH5s,34,0.0,6300000.0,6.3,714,1024,0.697265625
01a0a597-81f1-7011-9024-b8d544cd9dd8,s,C,QB1,4,1,UVH5s,35,0.0,6750000.0,6.75,747,1024,0.7294921875
01a0a597-81f1-7011-9024-b8d544cd9dd8,s,C,QB1,4,1,UVH5s,36,0.0,7200000.0,7.2,755,1024,0.7373046875
01a0a597-81f1-7011-9024-b8d544cd9dd8,s,C,QB1,4,1,UVH5s,37,0.0,7650000.0,7.65,768,1024,0.75
01a0a597-81f1-7011-9024-b8d544cd9dd8,s,C,QB1,4,1,UVH5s,38,0.0,8100000.0,8.1,804,1024,0.78515625
01a0a597-81f1-7011-9024-b8d544cd9dd8,s,C,QB1,4,1,UVH5s,39,0.0,8550000.0,8.55,798,1024,0.779296875
01a0a597-81f1-7011-9024-b8d544cd9dd8,s,C,QB1,4,1,UVH5s,40,0.0,9000000.0,9.0,841,1024,0.8212890625
01a0a597-81f1-7011-9024-b8d544cd9dd8,s,C,QB1,4,2,UVH7s,0,0.0,-9000000.0,-9.0,591,1024,0.5771484375
01a0a597-81f1-7011-9024-b8d544cd9dd8,s,C,QB1,4,2,UVH7s,1,0.0,-8550000.0,-8.55,576,1024,0.5625
01a0a597-81f1-7011-9024-b8d544cd9dd8,s,C,QB1,4,2,UVH7s,2,0.0,-8100000.0,-8.1,573,1024,0.5595703125
01a0a597-81f1-7011-9024-b8d544cd9dd8,s,C,QB1,4,2,UVH7s,3,0.0,-7650000.0,-7.65,593,1024,0.5791015625
01a0a597-81f1-7011-9024-b8d544cd9dd8,s,C,QB1,4,2,UVH7s,4,0.0,-7200000.0,-7.2,546,1024,0.533203125
01a0a597-81f1-7011-9024-b8d544cd9dd8,s,C,QB1,4,2,UVH7s,5,0.0,-6750000.0,-6.75,564,1024,0.55078125
01a0a597-81f1-7011-9024-b8d544cd9dd8,s,C,QB1,4,2,UVH7s,6,0.0,-6300000.0,-6.3,552,1024,0.5390625
01a0a597-81f1-7011-9024-b8d544cd9dd8,s,C,QB1,4,2,UVH7s,7,0.0,-5850000.0,-5.85,522,1024,0.509765625
01a0a597-81f1-7011-9024-b8d544cd9dd8,s,C,QB1,4,2,UVH7s,8,0.0,-5400000.0,-5.4,528,1024,0.515625
01a0a597-81f1-7011-9024-b8d544cd9dd8,s,C,QB1,4,2,UVH7s,9,0.0,-4950000.0,-4.95,481,1024,0.4697265625
01a0a597-81f1-7011-9024-b8d544cd9dd8,s,C,QB1,4,2,UVH7s,10,0.0,-4500000.0,-4.5,528,1024,0.515625
01a0a597-81f1-7011-9024-b8d544cd9dd8,s,C,QB1,4,2,UVH7s,11,0.0,-4050000.0,-4.05,504,1024,0.4921875
01a0a597-81f1-7011-9024-b8d544cd9dd8,s,C,QB1,4,2,UVH7s,12,0.0,-3600000.0,-3.6,502,1024,0.490234375
01a0a597-81f1-7011-9024-b8d544cd9dd8,s,C,QB1,4,2,UVH7s,13,0.0,-3150000.0,-3.15,515,1024,0.5029296875
01a0a597-81f1-7011-9024-b8d544cd9dd8,s,C,QB1,4,2,UVH7s,14,0.0,-2700000.0,-2.7,507,1024,0.4951171875
01a0a597-81f1-7011-9024-b8d544cd9dd8,s,C,QB1,4,2,UVH7s,15,0.0,-2250000.0,-2.25,473,1024,0.4619140625
01a0a597-81f1-7011-9024-b8d544cd9dd8,s,C,QB1,4,2,UVH7s,16,0.0,-1800000.0,-1.8,467,1024,0.4560546875
01a0a597-81f1-7011-9024-b8d544cd9dd8,s,C,QB1,4,2,UVH7s,17,0.0,-1350000.0,-1.35,502,1024,0.490234375
01a0a597-81f1-7011-9024-b8d544cd9dd8,s,C,QB1,4,2,UVH7s,18,0.0,-900000.0,-0.9,460,1024,0.44921875
01a0a597-81f1-7011-9024-b8d544cd9dd8,s,C,QB1,4,2,UVH7s,19,0.0,-450000.0,-0.45,521,1024,0.5087890625
01a0a597-81f1-7011-9024-b8d544cd9dd8,s,C,QB1,4,2,UVH7s,20,0.0,0.0,0.0,502,1024,0.490234375
01a0a597-81f1-7011-9024-b8d544cd9dd8,s,C,QB1,4,2,UVH7s,21,0.0,450000.0,0.45,494,1024,0.482421875
01a0a597-81f1-7011-9024-b8d544cd9dd8,s,C,QB1,4,2,UVH7s,22,0.0,900000.0,0.9,520,1024,0.5078125
01a0a597-81f1-7011-9024-b8d544cd9dd8,s,C,QB1,4,2,UVH7s,23,0.0,1350000.0,1.35,491,1024,0.4794921875
01a0a597-81f1-7011-9024-b8d544cd9dd8,s,C,QB1,4,2,UVH7s,24,0.0,1800000.0,1.8,485,1024,0.4736328125
01a0a597-81f1-7011-9024-b8d544cd9dd8,s,C,QB1,4,2,UVH7s,25,0.0,2250000.0,2.25,490,1024,0.478515625
01a0a597-81f1-7011-9024-b8d544cd9dd8,s,C,QB1,4,2,UVH7s,26,0.0,2700000.0,2.7,495,1024,0.4833984375
01a0a597-81f1-7011-9024-b8d544cd9dd8,s,C,QB1,4,2,UVH7s,27,0.0,3150000.0,3.15,483,1024,0.4716796875
01a0a597-81f1-7011-9024-b8d544cd9dd8,s,C,QB1,4,2,UVH7s,28,0.0,3600000.0,3.6,484,1024,0.47265625
01a0a597-81f1-7011-9024-b8d544cd9dd8,s,C,QB1,4,2,UVH7s,29,0.0,4050000.0,4.05,509,1024,0.4970703125
01a0a597-81f1-7011-9024-b8d544cd9dd8,s,C,QB1,4,2,UVH7s,30,0.0,4500000.0,4.5,500,1024,0.48828125
01a0a597-81f1-7011-9024-b8d544cd9dd8,s,C,QB1,4,2,UVH7s,31,0.0,4950000.0,4.95,494,1024,0.482421875
01a0a597-81f1-7011-9024-b8d544cd9dd8,s,C,QB1,4,2,UVH7s,32,0.0,5400000.0,5.4,521,1024,0.5087890625
01a0a597-81f1-7011-9024-b8d544cd9dd8,s,C,QB1,4,2,UVH7s,33,0.0,5850000.0,5.85,531,1024,0.5185546875
01a0a597-81f1-7011-9024-b8d544cd9dd8,s,C,QB1,4,2,UVH7s,34,0.0,6300000.0,6.3,545,1024,0.5322265625
01a0a597-81f1-7011-9024-b8d544cd9dd8,s,C,QB1,4,2,UVH7s,35,0.0,6750000.0,6.75,575,1024,0.5615234375
01a0a597-81f1-7011-9024-b8d544cd9dd8,s,C,QB1,4,2,UVH7s,36,0.0,7200000.0,7.2,603,1024,0.5888671875
01a0a597-81f1-7011-9024-b8d544cd9dd8,s,C,QB1,4,2,UVH7s,37,0.0,7650000.0,7.65,648,1024,0.6328125
01a0a597-81f1-7011-9024-b8d544cd9dd8,s,C,QB1,4,2,UVH7s,38,0.0,8100000.0,8.1,638,1024,0.623046875
01a0a597-81f1-7011-9024-b8d544cd9dd8,s,C,QB1,4,2,UVH7s,39,0.0,8550000.0,8.55,695,1024,0.6787109375
01a0a597-81f1-7011-9024-b8d544cd9dd8,s,C,QB1,4,2,UVH7s,40,0.0,9000000.0,9.0,702,1024,0.685546875
01a0a597-81f1-7011-9024-b8d544cd9dd8,s,C,QB1,4,3,UVH9s,0,0.0,-9000000.0,-9.0,387,1024,0.3779296875
01a0a597-81f1-7011-9024-b8d544cd9dd8,s,C,QB1,4,3,UVH9s,1,0.0,-8550000.0,-8.55,398,1024,0.388671875
01a0a597-81f1-7011-9024-b8d544cd9dd8,s,C,QB1,4,3,UVH9s,2,0.0,-8100000.0,-8.1,446,1024,0.435546875
01a0a597-81f1-7011-9024-b8d544cd9dd8,s,C,QB1,4,3,UVH9s,3,0.0,-7650000.0,-7.65,416,1024,0.40625
01a0a597-81f1-7011-9024-b8d544cd9dd8,s,C,QB1,4,3,UVH9s,4,0.0,-7200000.0,-7.2,466,1024,0.455078125
01a0a597-81f1-7011-9024-b8d544cd9dd8,s,C,QB1,4,3,UVH9s,5,0.0,-6750000.0,-6.75,460,1024,0.44921875
01a0a597-81f1-7011-9024-b8d544cd9dd8,s,C,QB1,4,3,UVH9s,6,0.0,-6300000.0,-6.3,453,1024,0.4423828125
01a0a597-81f1-7011-9024-b8d544cd9dd8,s,C,QB1,4,3,UVH9s,7,0.0,-5850000.0,-5.85,491,1024,0.4794921875
01a0a597-81f1-7011-9024-b8d544cd9dd8,s,C,QB1,4,3,UVH9s,8,0.0,-5400000.0,-5.4,501,1024,0.4892578125
01a0a597-81f1-7011-9024-b8d544cd9dd8,s,C,QB1,4,3,UVH9s,9,0.0,-4950000.0,-4.95,529,1024,0.5166015625
01a0a597-81f1-7011-9024-b8d544cd9dd8,s,C,QB1,4,3,UVH9s,10,0.0,-4500000.0,-4.5,510,1024,0.498046875
01a0a597-81f1-7011-9024-b8d544cd9dd8,s,C,QB1,4,3,UVH9s,11,0.0,-4050000.0,-4.05,529,1024,0.5166015625
01a0a597-81f1-7011-9024-b8d544cd9dd8,s,C,QB1,4,3,UVH9s,12,0.0,-3600000.0,-3.6,540,1024,0.52734375
01a0a597-81f1-7011-9024-b8d544cd9dd8,s,C,QB1,4,3,UVH9s,13,0.0,-3150000.0,-3.15,561,1024,0.5478515625
01a0a597-81f1-7011-9024-b8d544cd9dd8,s,C,QB1,4,3,UVH9s,14,0.0,-2700000.0,-2.7,567,1024,0.5537109375
01a0a597-81f1-7011-9024-b8d544cd9dd8,s,C,QB1,4,3,UVH9s,15,0.0,-2250000.0,-2.25,538,1024,0.525390625
01a0a597-81f1-7011-9024-b8d544cd9dd8,s,C,QB1,4,3,UVH9s,16,0.0,-1800000.0,-1.8,560,1024,0.546875
01a0a597-81f1-7011-9024-b8d544cd9dd8,s,C,QB1,4,3,UVH9s,17,0.0,-1350000.0,-1.35,557,1024,0.5439453125
01a0a597-81f1-7011-9024-b8d544cd9dd8,s,C,QB1,4,3,UVH9s,18,0.0,-900000.0,-0.9,517,1024,0.5048828125
01a0a597-81f1-7011-9024-b8d544cd9dd8,s,C,QB1,4,3,UVH9s,19,0.0,-450000.0,-0.45,525,1024,0.5126953125
01a0a597-81f1-7011-9024-b8d544cd9dd8,s,C,QB1,4,3,UVH9s,20,0.0,0.0,0.0,510,1024,0.498046875
01a0a597-81f1-7011-9024-b8d544cd9dd8,s,C,QB1,4,3,UVH9s,21,0.0,450000.0,0.45,514,1024,0.501953125
01a0a597-81f1-7011-9024-b8d544cd9dd8,s,C,QB1,4,3,UVH9s,22,0.0,900000.0,0.9,549,1024,0.5361328125
01a0a597-81f1-7011-9024-b8d544cd9dd8,s,C,QB1,4,3,UVH9s,23,0.0,1350000.0,1.35,534,1024,0.521484375
01a0a597-81f1-7011-9024-b8d544cd9dd8,s,C,QB1,4,3,UVH9s,24,0.0,1800000.0,1.8,570,1024,0.556640625
01a0a597-81f1-7011-9024-b8d544cd9dd8,s,C,QB1,4,3,UVH9s,25,0.0,2250000.0,2.25,531,1024,0.5185546875
01a0a597-81f1-7011-9024-b8d544cd9dd8,s,C,QB1,4,3,UVH9s,26,0.0,2700000.0,2.7,573,1024,0.5595703125
01a0a597-81f1-7011-9024-b8d544cd9dd8,s,C,QB1,4,3,UVH9s,27,0.0,3150000.0,3.15,544,1024,0.53125
01a0a597-81f1-7011-9024-b8d544cd9dd8,s,C,QB1,4,3,UVH9s,28,0.0,3600000.0,3.6,538,1024,0.525390625
01a0a597-81f1-7011-9024-b8d544cd9dd8,s,C,QB1,4,3,UVH9s,29,0.0,4050000.0,4.05,527,1024,0.5146484375
01a0a597-81f1-7011-9024-b8d544cd9dd8,s,C,QB1,4,3,UVH9s,30,0.0,4500000.0,4.5,540,1024,0.52734375
01a0a597-81f1-7011-9024-b8d544cd9dd8,s,C,QB1,4,3,UVH9s,31,0.0,4950000.0,4.95,555,1024,0.5419921875
01a0a597-81f1-7011-9024-b8d544cd9dd8,s,C,QB1,4,3,UVH9s,32,0.0,5400000.0,5.4,544,1024,0.53125
01a0a597-81f1-7011-9024-b8d544cd9dd8,s,C,QB1,4,3,UVH9s,33,0.0,5850000.0,5.85,536,1024,0.5234375
01a0a597-81f1-7011-9024-b8d544cd9dd8,s,C,QB1,4,3,UVH9s,34,0.0,6300000.0,6.3,508,1024,0.49609375
01a0a597-81f1-7011-9024-b8d544cd9dd8,s,C,QB1,4,3,UVH9s,35,0.0,6750000.0,6.75,534,1024,0.521484375
01a0a597-81f1-7011-9024-b8d544cd9dd8,s,C,QB1,4,3,UVH9s,36,0.0,7200000.0,7.2,509,1024,0.4970703125
01a0a597-81f1-7011-9024-b8d544cd9dd8,s,C,QB1,4,3,UVH9s,37,0.0,7650000.0,7.65,447,1024,0.4365234375
01a0a597-81f1-7011-9024-b8d544cd9dd8,s,C,QB1,4,3,UVH9s,38,0.0,8100000.0,8.1,417,1024,0.4072265625
01a0a597-81f1-7011-9024-b8d544cd9dd8,s,C,QB1,4,3,UVH9s,39,0.0,8550000.0,8.55,383,1024,0.3740234375
01a0a597-81f1-7011-9024-b8d544cd9dd8,s,C,QB1,4,3,UVH9s,40,0.0,9000000.0,9.0,382,1024,0.373046875
01a0a597-81f1-7011-9024-b8d544cd9dd8,s,C,QB1,4,4,UVH11s,0,0.0,-9000000.0,-9.0,532,1024,0.51953125
01a0a597-81f1-7011-9024-b8d544cd9dd8,s,C,QB1,4,4,UVH11s,1,0.0,-8550000.0,-8.55,507,1024,0.4951171875
01a0a597-81f1-7011-9024-b8d544cd9dd8,s,C,QB1,4,4,UVH11s,2,0.0,-8100000.0,-8.1,543,1024,0.5302734375
01a0a597-81f1-7011-9024-b8d544cd9dd8,s,C,QB1,4,4,UVH11s,3,0.0,-7650000.0,-7.65,498,1024,0.486328125
01a0a597-81f1-7011-9024-b8d544cd9dd8,s,C,QB1,4,4,UVH11s,4,0.0,-7200000.0,-7.2,483,1024,0.4716796875
01a0a597-81f1-7011-9024-b8d544cd9dd8,s,C,QB1,4,4,UVH11s,5,0.0,-6750000.0,-6.75,472,1024,0.4609375
01a0a597-81f1-7011-9024-b8d544cd9dd8,s,C,QB1,4,4,UVH11s,6,0.0,-6300000.0,-6.3,499,1024,0.4873046875
01a0a597-81f1-7011-9024-b8d544cd9dd8,s,C,QB1,4,4,UVH11s,7,0.0,-5850000.0,-5.85,474,1024,0.462890625
01a0a597-81f1-7011-9024-b8d544cd9dd8,s,C,QB1,4,4,UVH11s,8,0.0,-5400000.0,-5.4,497,1024,0.4853515625
01a0a597-81f1-7011-9024-b8d544cd9dd8,s,C,QB1,4,4,UVH11s,9,0.0,-4950000.0,-4.95,499,1024,0.4873046875
01a0a597-81f1-7011-9024-b8d544cd9dd8,s,C,QB1,4,4,UVH11s,10,0.0,-4500000.0,-4.5,487,1024,0.4755859375
01a0a597-81f1-7011-9024-b8d544cd9dd8,s,C,QB1,4,4,UVH11s,11,0.0,-4050000.0,-4.05,493,1024,0.4814453125
01a0a597-81f1-7011-9024-b8d544cd9dd8,s,C,QB1,4,4,UVH11s,12,0.0,-3600000.0,-3.6,482,1024,0.470703125
01a0a597-81f1-7011-9024-b8d544cd9dd8,s,C,QB1,4,4,UVH11s,13,0.0,-3150000.0,-3.15,463,1024,0.4521484375
01a0a597-81f1-7011-9024-b8d544cd9dd8,s,C,QB1,4,4,UVH11s,14,0.0,-2700000.0,-2.7,479,1024,0.4677734375
01a0a597-81f1-7011-9024-b8d544cd9dd8,s,C,QB1,4,4,UVH11s,15,0.0,-2250000.0,-2.25,507,1024,0.4951171875
01a0a597-81f1-7011-9024-b8d544cd9dd8,s,C,QB1,4,4,UVH11s,16,0.0,-1800000.0,-1.8,492,1024,0.48046875
01a0a597-81f1-7011-9024-b8d544cd9dd8,s,C,QB1,4,4,UVH11s,17,0.0,-1350000.0,-1.35,496,1024,0.484375
01a0a597-81f1-7011-9024-b8d544cd9dd8,s,C,QB1,4,4,UVH11s,18,0.0,-900000.0,-0.9,507,1024,0.4951171875
01a0a597-81f1-7011-9024-b8d544cd9dd8,s,C,QB1,4,4,UVH11s,19,0.0,-450000.0,-0.45,506,1024,0.494140625
01a0a597-81f1-7011-9024-b8d544cd9dd8,s,C,QB1,4,4,UVH11s,20,0.0,0.0,0.0,526,1024,0.513671875
01a0a597-81f1-7011-9024-b8d544cd9dd8,s,C,QB1,4,4,UVH11s,21,0.0,450000.0,0.45,465,1024,0.4541015625
01a0a597-81f1-7011-9024-b8d544cd9dd8,s,C,QB1,4,4,UVH11s,22,0.0,900000.0,0.9,480,1024,0.46875
01a0a597-81f1-7011-9024-b8d544cd9dd8,s,C,QB1,4,4,UVH11s,23,0.0,1350000.0,1.35,498,1024,0.486328125
01a0a597-81f1-7011-9024-b8d544cd9dd8,s,C,QB1,4,4,UVH11s,24,0.0,1800000.0,1.8,515,1024,0.5029296875
01a0a597-81f1-7011-9024-b8d544cd9dd8,s,C,QB1,4,4,UVH11s,25,0.0,2250000.0,2.25,508,1024,0.49609375
01a0a597-81f1-7011-9024-b8d544cd9dd8,s,C,QB1,4,4,UVH11s,26,0.0,2700000.0,2.7,505,1024,0.4931640625
01a0a597-81f1-7011-9024-b8d544cd9dd8,s,C,QB1,4,4,UVH11s,27,0.0,3150000.0,3.15,513,1024,0.5009765625
01a0a597-81f1-7011-9024-b8d544cd9dd8,s,C,QB1,4,4,UVH11s,28,0.0,3600000.0,3.6,524,1024,0.51171875
01a0a597-81f1-7011-9024-b8d544cd9dd8,s,C,QB1,4,4,UVH11s,29,0.0,4050000.0,4.05,484,1024,0.47265625
01a0a597-81f1-7011-9024-b8d544cd9dd8,s,C,QB1,4,4,UVH11s,30,0.0,4500000.0,4.5,507,1024,0.4951171875
01a0a597-81f1-7011-9024-b8d544cd9dd8,s,C,QB1,4,4,UVH11s,31,0.0,4950000.0,4.95,489,1024,0.4775390625
01a0a597-81f1-7011-9024-b8d544cd9dd8,s,C,QB1,4,4,UVH11s,32,0.0,5400000.0,5.4,529,1024,0.5166015625
01a0a597-81f1-7011-9024-b8d544cd9dd8,s,C,QB1,4,4,UVH11s,33,0.0,5850000.0,5.85,508,1024,0.49609375
01a0a597-81f1-7011-9024-b8d544cd9dd8,s,C,QB1,4,4,UVH11s,34,0.0,6300000.0,6.3,508,1024,0.49609375
01a0a597-81f1-7011-9024-b8d544cd9dd8,s,C,QB1,4,4,UVH11s,35,0.0,6750000.0,6.75,546,1024,0.533203125
01a0a597-81f1-7011-9024-b8d544cd9dd8,s,C,QB1,4,4,UVH11s,36,0.0,7200000.0,7.2,500,1024,0.48828125
01a0a597-81f1-7011-9024-b8d544cd9dd8,s,C,QB1,4,4,UVH11s,37,0.0,7650000.0,7.65,517,1024,0.5048828125
01a0a597-81f1-7011-9024-b8d544cd9dd8,s,C,QB1,4,4,UVH11s,38,0.0,8100000.0,8.1,504,1024,0.4921875
01a0a597-81f1-7011-9024-b8d544cd9dd8,s,C,QB1,4,4,UVH11s,39,0.0,8550000.0,8.55,487,1024,0.4755859375
01a0a597-81f1-7011-9024-b8d544cd9dd8,s,C,QB1,4,4,UVH11s,40,0.0,9000000.0,9.0,476,1024,0.46484375
01a0a597-81f1-7011-9024-b8d544cd9dd8,s,C,QB1,4,5,UVH13s,0,0.0,-9000000.0,-9.0,595,1024,0.5810546875
01a0a597-81f1-7011-9024-b8d544cd9dd8,s,C,QB1,4,5,UVH13s,1,0.0,-8550000.0,-8.55,561,1024,0.5478515625
01a0a597-81f1-7011-9024-b8d544cd9dd8,s,C,QB1,4,5,UVH13s,2,0.0,-8100000.0,-8.1,597,1024,0.5830078125
01a0a597-81f1-7011-9024-b8d544cd9dd8,s,C,QB1,4,5,UVH13s,3,0.0,-7650000.0,-7.65,583,1024,0.5693359375
01a0a597-81f1-7011-9024-b8d544cd9dd8,s,C,QB1,4,5,UVH13s,4,0.0,-7200000.0,-7.2,545,1024,0.5322265625
01a0a597-81f1-7011-9024-b8d544cd9dd8,s,C,QB1,4,5,UVH13s,5,0.0,-6750000.0,-6.75,537,1024,0.5244140625
01a0a597-81f1-7011-9024-b8d544cd9dd8,s,C,QB1,4,5,UVH13s,6,0.0,-6300000.0,-6.3,558,1024,0.544921875
01a0a597-81f1-7011-9024-b8d544cd9dd8,s,C,QB1,4,5,UVH13s,7,0.0,-5850000.0,-5.85,551,1024,0.5380859375
01a0a597-81f1-7011-9024-b8d544cd9dd8,s,C,QB1,4,5,UVH13s,8,0.0,-5400000.0,-5.4,551,1024,0.5380859375
01a0a597-81f1-7011-9024-b8d544cd9dd8,s,C,QB1,4,5,UVH13s,9,0.0,-4950000.0,-4.95,527,1024,0.5146484375
01a0a597-81f1-7011-9024-b8d544cd9dd8,s,C,QB1,4,5,UVH13s,10,0.0,-4500000.0,-4.5,514,1024,0.501953125
01a0a597-81f1-7011-9024-b8d544cd9dd8,s,C,QB1,4,5,UVH13s,11,0.0,-4050000.0,-4.05,494,1024,0.482421875
01a0a597-81f1-7011-9024-b8d544cd9dd8,s,C,QB1,4,5,UVH13s,12,0.0,-3600000.0,-3.6,532,1024,0.51953125
01a0a597-81f1-7011-9024-b8d544cd9dd8,s,C,QB1,4,5,UVH13s,13,0.0,-3150000.0,-3.15,533,1024,0.5205078125
01a0a597-81f1-7011-9024-b8d544cd9dd8,s,C,QB1,4,5,UVH13s,14,0.0,-2700000.0,-2.7,520,1024,0.5078125
01a0a597-81f1-7011-9024-b8d544cd9dd8,s,C,QB1,4,5,UVH13s,15,0.0,-2250000.0,-2.25,521,1024,0.5087890625
01a0a597-81f1-7011-9024-b8d544cd9dd8,s,C,QB1,4,5,UVH13s,16,0.0,-1800000.0,-1.8,531,1024,0.5185546875
01a0a597-81f1-7011-9024-b8d544cd9dd8,s,C,QB1,4,5,UVH13s,17,0.0,-1350000.0,-1.35,527,1024,0.5146484375
01a0a597-81f1-7011-9024-b8d544cd9dd8,s,C,QB1,4,5,UVH13s,18,0.0,-900000.0,-0.9,516,1024,0.50390625
01a0a597-81f1-7011-9024-b8d544cd9dd8,s,C,QB1,4,5,UVH13s,19,0.0,-450000.0,-0.45,531,1024,0.5185546875
01a0a597-81f1-7011-9024-b8d544cd9dd8,s,C,QB1,4,5,UVH13s,20,0.0,0.0,0.0,506,1024,0.494140625
01a0a597-81f1-7011-9024-b8d544cd9dd8,s,C,QB1,4,5,UVH13s,21,0.0,450000.0,0.45,504,1024,0.4921875
01a0a597-81f1-7011-9024-b8d544cd9dd8,s,C,QB1,4,5,UVH13s,22,0.0,900000.0,0.9,523,1024,0.5107421875
01a0a597-81f1-7011-9024-b8d544cd9dd8,s,C,QB1,4,5,UVH13s,23,0.0,1350000.0,1.35,492,1024,0.48046875
01a0a597-81f1-7011-9024-b8d544cd9dd8,s,C,QB1,4,5,UVH13s,24,0.0,1800000.0,1.8,533,1024,0.5205078125
01a0a597-81f1-7011-9024-b8d544cd9dd8,s,C,QB1,4,5,UVH13s,25,0.0,2250000.0,2.25,478,1024,0.466796875
01a0a597-81f1-7011-9024-b8d544cd9dd8,s,C,QB1,4,5,UVH13s,26,0.0,2700000.0,2.7,518,1024,0.505859375
01a0a597-81f1-7011-9024-b8d544cd9dd8,s,C,QB1,4,5,UVH13s,27,0.0,3150000.0,3.15,518,1024,0.505859375
01a0a597-81f1-7011-9024-b8d544cd9dd8,s,C,QB1,4,5,UVH13s,28,0.0,3600000.0,3.6,517,1024,0.5048828125
01a0a597-81f1-7011-9024-b8d544cd9dd8,s,C,QB1,4,5,UVH13s,29,0.0,4050000.0,4.05,513,1024,0.5009765625
01a0a597-81f1-7011-9024-b8d544cd9dd8,s,C,QB1,4,5,UVH13s,30,0.0,4500000.0,4.5,490,1024,0.478515625
01a0a597-81f1-7011-9024-b8d544cd9dd8,s,C,QB1,4,5,UVH13s,31,0.0,4950000.0,4.95,489,1024,0.4775390625
01a0a597-81f1-7011-9024-b8d544cd9dd8,s,C,QB1,4,5,UVH13s,32,0.0,5400000.0,5.4,492,1024,0.48046875
01a0a597-81f1-7011-9024-b8d544cd9dd8,s,C,QB1,4,5,UVH13s,33,0.0,5850000.0,5.85,506,1024,0.494140625
01a0a597-81f1-7011-9024-b8d544cd9dd8,s,C,QB1,4,5,UVH13s,34,0.0,6300000.0,6.3,494,1024,0.482421875
01a0a597-81f1-7011-9024-b8d544cd9dd8,s,C,QB1,4,5,UVH13s,35,0.0,6750000.0,6.75,499,1024,0.4873046875
01a0a597-81f1-7011-9024-b8d544cd9dd8,s,C,QB1,4,5,UVH13s,36,0.0,7200000.0,7.2,442,1024,0.431640625
01a0a597-81f1-7011-9024-b8d544cd9dd8,s,C,QB1,4,5,UVH13s,37,0.0,7650000.0,7.65,463,1024,0.4521484375
01a0a597-81f1-7011-9024-b8d544cd9dd8,s,C,QB1,4,5,UVH13s,38,0.0,8100000.0,8.1,453,1024,0.4423828125
01a0a597-81f1-7011-9024-b8d544cd9dd8,s,C,QB1,4,5,UVH13s,39,0.0,8550000.0,8.55,451,1024,0.4404296875
01a0a597-81f1-7011-9024-b8d544cd9dd8,s,C,QB1,4,5,UVH13s,40,0.0,9000000.0,9.0,428,1024,0.41796875
01a0a597-81f1-7011-9024-b8d544cd9dd8,s,C,QB15,5,0,standard_pi_2,0,0.0,-9000000.0,-9.0,522,1024,0.509765625
01a0a597-81f1-7011-9024-b8d544cd9dd8,s,C,QB15,5,0,standard_pi_2,1,0.0,-8550000.0,-8.55,519,1024,0.5068359375
01a0a597-81f1-7011-9024-b8d544cd9dd8,s,C,QB15,5,0,standard_pi_2,2,0.0,-8100000.0,-8.1,537,1024,0.5244140625
01a0a597-81f1-7011-9024-b8d544cd9dd8,s,C,QB15,5,0,standard_pi_2,3,0.0,-7650000.0,-7.65,547,1024,0.5341796875
01a0a597-81f1-7011-9024-b8d544cd9dd8,s,C,QB15,5,0,standard_pi_2,4,0.0,-7200000.0,-7.2,523,1024,0.5107421875
01a0a597-81f1-7011-9024-b8d544cd9dd8,s,C,QB15,5,0,standard_pi_2,5,0.0,-6750000.0,-6.75,506,1024,0.494140625
01a0a597-81f1-7011-9024-b8d544cd9dd8,s,C,QB15,5,0,standard_pi_2,6,0.0,-6300000.0,-6.3,522,1024,0.509765625
01a0a597-81f1-7011-9024-b8d544cd9dd8,s,C,QB15,5,0,standard_pi_2,7,0.0,-5850000.0,-5.85,520,1024,0.5078125
01a0a597-81f1-7011-9024-b8d544cd9dd8,s,C,QB15,5,0,standard_pi_2,8,0.0,-5400000.0,-5.4,535,1024,0.5224609375
01a0a597-81f1-7011-9024-b8d544cd9dd8,s,C,QB15,5,0,standard_pi_2,9,0.0,-4950000.0,-4.95,544,1024,0.53125
01a0a597-81f1-7011-9024-b8d544cd9dd8,s,C,QB15,5,0,standard_pi_2,10,0.0,-4500000.0,-4.5,528,1024,0.515625
01a0a597-81f1-7011-9024-b8d544cd9dd8,s,C,QB15,5,0,standard_pi_2,11,0.0,-4050000.0,-4.05,505,1024,0.4931640625
01a0a597-81f1-7011-9024-b8d544cd9dd8,s,C,QB15,5,0,standard_pi_2,12,0.0,-3600000.0,-3.6,496,1024,0.484375
01a0a597-81f1-7011-9024-b8d544cd9dd8,s,C,QB15,5,0,standard_pi_2,13,0.0,-3150000.0,-3.15,519,1024,0.5068359375
01a0a597-81f1-7011-9024-b8d544cd9dd8,s,C,QB15,5,0,standard_pi_2,14,0.0,-2700000.0,-2.7,497,1024,0.4853515625
01a0a597-81f1-7011-9024-b8d544cd9dd8,s,C,QB15,5,0,standard_pi_2,15,0.0,-2250000.0,-2.25,505,1024,0.4931640625
01a0a597-81f1-7011-9024-b8d544cd9dd8,s,C,QB15,5,0,standard_pi_2,16,0.0,-1800000.0,-1.8,510,1024,0.498046875
01a0a597-81f1-7011-9024-b8d544cd9dd8,s,C,QB15,5,0,standard_pi_2,17,0.0,-1350000.0,-1.35,488,1024,0.4765625
01a0a597-81f1-7011-9024-b8d544cd9dd8,s,C,QB15,5,0,standard_pi_2,18,0.0,-900000.0,-0.9,486,1024,0.474609375
01a0a597-81f1-7011-9024-b8d544cd9dd8,s,C,QB15,5,0,standard_pi_2,19,0.0,-450000.0,-0.45,499,1024,0.4873046875
01a0a597-81f1-7011-9024-b8d544cd9dd8,s,C,QB15,5,0,standard_pi_2,20,0.0,0.0,0.0,501,1024,0.4892578125
01a0a597-81f1-7011-9024-b8d544cd9dd8,s,C,QB15,5,0,standard_pi_2,21,0.0,450000.0,0.45,501,1024,0.4892578125
01a0a597-81f1-7011-9024-b8d544cd9dd8,s,C,QB15,5,0,standard_pi_2,22,0.0,900000.0,0.9,487,1024,0.4755859375
01a0a597-81f1-7011-9024-b8d544cd9dd8,s,C,QB15,5,0,standard_pi_2,23,0.0,1350000.0,1.35,499,1024,0.4873046875
01a0a597-81f1-7011-9024-b8d544cd9dd8,s,C,QB15,5,0,standard_pi_2,24,0.0,1800000.0,1.8,470,1024,0.458984375
01a0a597-81f1-7011-9024-b8d544cd9dd8,s,C,QB15,5,0,standard_pi_2,25,0.0,2250000.0,2.25,470,1024,0.458984375
01a0a597-81f1-7011-9024-b8d544cd9dd8,s,C,QB15,5,0,standard_pi_2,26,0.0,2700000.0,2.7,450,1024,0.439453125
01a0a597-81f1-7011-9024-b8d544cd9dd8,s,C,QB15,5,0,standard_pi_2,27,0.0,3150000.0,3.15,484,1024,0.47265625
01a0a597-81f1-7011-9024-b8d544cd9dd8,s,C,QB15,5,0,standard_pi_2,28,0.0,3600000.0,3.6,495,1024,0.4833984375
01a0a597-81f1-7011-9024-b8d544cd9dd8,s,C,QB15,5,0,standard_pi_2,29,0.0,4050000.0,4.05,483,1024,0.4716796875
01a0a597-81f1-7011-9024-b8d544cd9dd8,s,C,QB15,5,0,standard_pi_2,30,0.0,4500000.0,4.5,473,1024,0.4619140625
01a0a597-81f1-7011-9024-b8d544cd9dd8,s,C,QB15,5,0,standard_pi_2,31,0.0,4950000.0,4.95,463,1024,0.4521484375
01a0a597-81f1-7011-9024-b8d544cd9dd8,s,C,QB15,5,0,standard_pi_2,32,0.0,5400000.0,5.4,482,1024,0.470703125
01a0a597-81f1-7011-9024-b8d544cd9dd8,s,C,QB15,5,0,standard_pi_2,33,0.0,5850000.0,5.85,473,1024,0.4619140625
01a0a597-81f1-7011-9024-b8d544cd9dd8,s,C,QB15,5,0,standard_pi_2,34,0.0,6300000.0,6.3,457,1024,0.4462890625
01a0a597-81f1-7011-9024-b8d544cd9dd8,s,C,QB15,5,0,standard_pi_2,35,0.0,6750000.0,6.75,419,1024,0.4091796875
01a0a597-81f1-7011-9024-b8d544cd9dd8,s,C,QB15,5,0,standard_pi_2,36,0.0,7200000.0,7.2,434,1024,0.423828125
01a0a597-81f1-7011-9024-b8d544cd9dd8,s,C,QB15,5,0,standard_pi_2,37,0.0,7650000.0,7.65,440,1024,0.4296875
01a0a597-81f1-7011-9024-b8d544cd9dd8,s,C,QB15,5,0,standard_pi_2,38,0.0,8100000.0,8.1,443,1024,0.4326171875
01a0a597-81f1-7011-9024-b8d544cd9dd8,s,C,QB15,5,0,standard_pi_2,39,0.0,8550000.0,8.55,445,1024,0.4345703125
01a0a597-81f1-7011-9024-b8d544cd9dd8,s,C,QB15,5,0,standard_pi_2,40,0.0,9000000.0,9.0,440,1024,0.4296875
01a0a597-81f1-7011-9024-b8d544cd9dd8,s,C,QB15,5,1,UVH5s,0,0.0,-9000000.0,-9.0,683,1024,0.6669921875
01a0a597-81f1-7011-9024-b8d544cd9dd8,s,C,QB15,5,1,UVH5s,1,0.0,-8550000.0,-8.55,671,1024,0.6552734375
01a0a597-81f1-7011-9024-b8d544cd9dd8,s,C,QB15,5,1,UVH5s,2,0.0,-8100000.0,-8.1,658,1024,0.642578125
01a0a597-81f1-7011-9024-b8d544cd9dd8,s,C,QB15,5,1,UVH5s,3,0.0,-7650000.0,-7.65,653,1024,0.6376953125
01a0a597-81f1-7011-9024-b8d544cd9dd8,s,C,QB15,5,1,UVH5s,4,0.0,-7200000.0,-7.2,670,1024,0.654296875
01a0a597-81f1-7011-9024-b8d544cd9dd8,s,C,QB15,5,1,UVH5s,5,0.0,-6750000.0,-6.75,667,1024,0.6513671875
01a0a597-81f1-7011-9024-b8d544cd9dd8,s,C,QB15,5,1,UVH5s,6,0.0,-6300000.0,-6.3,634,1024,0.619140625
01a0a597-81f1-7011-9024-b8d544cd9dd8,s,C,QB15,5,1,UVH5s,7,0.0,-5850000.0,-5.85,629,1024,0.6142578125
01a0a597-81f1-7011-9024-b8d544cd9dd8,s,C,QB15,5,1,UVH5s,8,0.0,-5400000.0,-5.4,641,1024,0.6259765625
01a0a597-81f1-7011-9024-b8d544cd9dd8,s,C,QB15,5,1,UVH5s,9,0.0,-4950000.0,-4.95,606,1024,0.591796875
01a0a597-81f1-7011-9024-b8d544cd9dd8,s,C,QB15,5,1,UVH5s,10,0.0,-4500000.0,-4.5,571,1024,0.5576171875
01a0a597-81f1-7011-9024-b8d544cd9dd8,s,C,QB15,5,1,UVH5s,11,0.0,-4050000.0,-4.05,587,1024,0.5732421875
01a0a597-81f1-7011-9024-b8d544cd9dd8,s,C,QB15,5,1,UVH5s,12,0.0,-3600000.0,-3.6,562,1024,0.548828125
01a0a597-81f1-7011-9024-b8d544cd9dd8,s,C,QB15,5,1,UVH5s,13,0.0,-3150000.0,-3.15,565,1024,0.5517578125
01a0a597-81f1-7011-9024-b8d544cd9dd8,s,C,QB15,5,1,UVH5s,14,0.0,-2700000.0,-2.7,531,1024,0.5185546875
01a0a597-81f1-7011-9024-b8d544cd9dd8,s,C,QB15,5,1,UVH5s,15,0.0,-2250000.0,-2.25,553,1024,0.5400390625
01a0a597-81f1-7011-9024-b8d544cd9dd8,s,C,QB15,5,1,UVH5s,16,0.0,-1800000.0,-1.8,521,1024,0.5087890625
01a0a597-81f1-7011-9024-b8d544cd9dd8,s,C,QB15,5,1,UVH5s,17,0.0,-1350000.0,-1.35,533,1024,0.5205078125
01a0a597-81f1-7011-9024-b8d544cd9dd8,s,C,QB15,5,1,UVH5s,18,0.0,-900000.0,-0.9,537,1024,0.5244140625
01a0a597-81f1-7011-9024-b8d544cd9dd8,s,C,QB15,5,1,UVH5s,19,0.0,-450000.0,-0.45,522,1024,0.509765625
01a0a597-81f1-7011-9024-b8d544cd9dd8,s,C,QB15,5,1,UVH5s,20,0.0,0.0,0.0,565,1024,0.5517578125
01a0a597-81f1-7011-9024-b8d544cd9dd8,s,C,QB15,5,1,UVH5s,21,0.0,450000.0,0.45,543,1024,0.5302734375
01a0a597-81f1-7011-9024-b8d544cd9dd8,s,C,QB15,5,1,UVH5s,22,0.0,900000.0,0.9,574,1024,0.560546875
01a0a597-81f1-7011-9024-b8d544cd9dd8,s,C,QB15,5,1,UVH5s,23,0.0,1350000.0,1.35,539,1024,0.5263671875
01a0a597-81f1-7011-9024-b8d544cd9dd8,s,C,QB15,5,1,UVH5s,24,0.0,1800000.0,1.8,519,1024,0.5068359375
01a0a597-81f1-7011-9024-b8d544cd9dd8,s,C,QB15,5,1,UVH5s,25,0.0,2250000.0,2.25,540,1024,0.52734375
01a0a597-81f1-7011-9024-b8d544cd9dd8,s,C,QB15,5,1,UVH5s,26,0.0,2700000.0,2.7,555,1024,0.5419921875
01a0a597-81f1-7011-9024-b8d544cd9dd8,s,C,QB15,5,1,UVH5s,27,0.0,3150000.0,3.15,588,1024,0.57421875
01a0a597-81f1-7011-9024-b8d544cd9dd8,s,C,QB15,5,1,UVH5s,28,0.0,3600000.0,3.6,633,1024,0.6181640625
01a0a597-81f1-7011-9024-b8d544cd9dd8,s,C,QB15,5,1,UVH5s,29,0.0,4050000.0,4.05,610,1024,0.595703125
01a0a597-81f1-7011-9024-b8d544cd9dd8,s,C,QB15,5,1,UVH5s,30,0.0,4500000.0,4.5,637,1024,0.6220703125
01a0a597-81f1-7011-9024-b8d544cd9dd8,s,C,QB15,5,1,UVH5s,31,0.0,4950000.0,4.95,652,1024,0.63671875
01a0a597-81f1-7011-9024-b8d544cd9dd8,s,C,QB15,5,1,UVH5s,32,0.0,5400000.0,5.4,648,1024,0.6328125
01a0a597-81f1-7011-9024-b8d544cd9dd8,s,C,QB15,5,1,UVH5s,33,0.0,5850000.0,5.85,684,1024,0.66796875
01a0a597-81f1-7011-9024-b8d544cd9dd8,s,C,QB15,5,1,UVH5s,34,0.0,6300000.0,6.3,714,1024,0.697265625
01a0a597-81f1-7011-9024-b8d544cd9dd8,s,C,QB15,5,1,UVH5s,35,0.0,6750000.0,6.75,742,1024,0.724609375
01a0a597-81f1-7011-9024-b8d544cd9dd8,s,C,QB15,5,1,UVH5s,36,0.0,7200000.0,7.2,727,1024,0.7099609375
01a0a597-81f1-7011-9024-b8d544cd9dd8,s,C,QB15,5,1,UVH5s,37,0.0,7650000.0,7.65,769,1024,0.7509765625
01a0a597-81f1-7011-9024-b8d544cd9dd8,s,C,QB15,5,1,UVH5s,38,0.0,8100000.0,8.1,800,1024,0.78125
01a0a597-81f1-7011-9024-b8d544cd9dd8,s,C,QB15,5,1,UVH5s,39,0.0,8550000.0,8.55,814,1024,0.794921875
01a0a597-81f1-7011-9024-b8d544cd9dd8,s,C,QB15,5,1,UVH5s,40,0.0,9000000.0,9.0,840,1024,0.8203125
01a0a597-81f1-7011-9024-b8d544cd9dd8,s,C,QB15,5,2,UVH7s,0,0.0,-9000000.0,-9.0,587,1024,0.5732421875
01a0a597-81f1-7011-9024-b8d544cd9dd8,s,C,QB15,5,2,UVH7s,1,0.0,-8550000.0,-8.55,602,1024,0.587890625
01a0a597-81f1-7011-9024-b8d544cd9dd8,s,C,QB15,5,2,UVH7s,2,0.0,-8100000.0,-8.1,583,1024,0.5693359375
01a0a597-81f1-7011-9024-b8d544cd9dd8,s,C,QB15,5,2,UVH7s,3,0.0,-7650000.0,-7.65,575,1024,0.5615234375
01a0a597-81f1-7011-9024-b8d544cd9dd8,s,C,QB15,5,2,UVH7s,4,0.0,-7200000.0,-7.2,556,1024,0.54296875
01a0a597-81f1-7011-9024-b8d544cd9dd8,s,C,QB15,5,2,UVH7s,5,0.0,-6750000.0,-6.75,564,1024,0.55078125
01a0a597-81f1-7011-9024-b8d544cd9dd8,s,C,QB15,5,2,UVH7s,6,0.0,-6300000.0,-6.3,583,1024,0.5693359375
01a0a597-81f1-7011-9024-b8d544cd9dd8,s,C,QB15,5,2,UVH7s,7,0.0,-5850000.0,-5.85,556,1024,0.54296875
01a0a597-81f1-7011-9024-b8d544cd9dd8,s,C,QB15,5,2,UVH7s,8,0.0,-5400000.0,-5.4,552,1024,0.5390625
01a0a597-81f1-7011-9024-b8d544cd9dd8,s,C,QB15,5,2,UVH7s,9,0.0,-4950000.0,-4.95,531,1024,0.5185546875
01a0a597-81f1-7011-9024-b8d544cd9dd8,s,C,QB15,5,2,UVH7s,10,0.0,-4500000.0,-4.5,497,1024,0.4853515625
01a0a597-81f1-7011-9024-b8d544cd9dd8,s,C,QB15,5,2,UVH7s,11,0.0,-4050000.0,-4.05,525,1024,0.5126953125
01a0a597-81f1-7011-9024-b8d544cd9dd8,s,C,QB15,5,2,UVH7s,12,0.0,-3600000.0,-3.6,496,1024,0.484375
01a0a597-81f1-7011-9024-b8d544cd9dd8,s,C,QB15,5,2,UVH7s,13,0.0,-3150000.0,-3.15,511,1024,0.4990234375
01a0a597-81f1-7011-9024-b8d544cd9dd8,s,C,QB15,5,2,UVH7s,14,0.0,-2700000.0,-2.7,517,1024,0.5048828125
01a0a597-81f1-7011-9024-b8d544cd9dd8,s,C,QB15,5,2,UVH7s,15,0.0,-2250000.0,-2.25,466,1024,0.455078125
01a0a597-81f1-7011-9024-b8d544cd9dd8,s,C,QB15,5,2,UVH7s,16,0.0,-1800000.0,-1.8,492,1024,0.48046875
01a0a597-81f1-7011-9024-b8d544cd9dd8,s,C,QB15,5,2,UVH7s,17,0.0,-1350000.0,-1.35,509,1024,0.4970703125
01a0a597-81f1-7011-9024-b8d544cd9dd8,s,C,QB15,5,2,UVH7s,18,0.0,-900000.0,-0.9,501,1024,0.4892578125
01a0a597-81f1-7011-9024-b8d544cd9dd8,s,C,QB15,5,2,UVH7s,19,0.0,-450000.0,-0.45,499,1024,0.4873046875
01a0a597-81f1-7011-9024-b8d544cd9dd8,s,C,QB15,5,2,UVH7s,20,0.0,0.0,0.0,480,1024,0.46875
01a0a597-81f1-7011-9024-b8d544cd9dd8,s,C,QB15,5,2,UVH7s,21,0.0,450000.0,0.45,484,1024,0.47265625
01a0a597-81f1-7011-9024-b8d544cd9dd8,s,C,QB15,5,2,UVH7s,22,0.0,900000.0,0.9,452,1024,0.44140625
01a0a597-81f1-7011-9024-b8d544cd9dd8,s,C,QB15,5,2,UVH7s,23,0.0,1350000.0,1.35,497,1024,0.4853515625
01a0a597-81f1-7011-9024-b8d544cd9dd8,s,C,QB15,5,2,UVH7s,24,0.0,1800000.0,1.8,459,1024,0.4482421875
01a0a597-81f1-7011-9024-b8d544cd9dd8,s,C,QB15,5,2,UVH7s,25,0.0,2250000.0,2.25,479,1024,0.4677734375
01a0a597-81f1-7011-9024-b8d544cd9dd8,s,C,QB15,5,2,UVH7s,26,0.0,2700000.0,2.7,476,1024,0.46484375
01a0a597-81f1-7011-9024-b8d544cd9dd8,s,C,QB15,5,2,UVH7s,27,0.0,3150000.0,3.15,469,1024,0.4580078125
01a0a597-81f1-7011-9024-b8d544cd9dd8,s,C,QB15,5,2,UVH7s,28,0.0,3600000.0,3.6,466,1024,0.455078125
01a0a597-81f1-7011-9024-b8d544cd9dd8,s,C,QB15,5,2,UVH7s,29,0.0,4050000.0,4.05,476,1024,0.46484375
01a0a597-81f1-7011-9024-b8d544cd9dd8,s,C,QB15,5,2,UVH7s,30,0.0,4500000.0,4.5,455,1024,0.4443359375
01a0a597-81f1-7011-9024-b8d544cd9dd8,s,C,QB15,5,2,UVH7s,31,0.0,4950000.0,4.95,480,1024,0.46875
01a0a597-81f1-7011-9024-b8d544cd9dd8,s,C,QB15,5,2,UVH7s,32,0.0,5400000.0,5.4,474,1024,0.462890625
01a0a597-81f1-7011-9024-b8d544cd9dd8,s,C,QB15,5,2,UVH7s,33,0.0,5850000.0,5.85,491,1024,0.4794921875
01a0a597-81f1-7011-9024-b8d544cd9dd8,s,C,QB15,5,2,UVH7s,34,0.0,6300000.0,6.3,478,1024,0.466796875
01a0a597-81f1-7011-9024-b8d544cd9dd8,s,C,QB15,5,2,UVH7s,35,0.0,6750000.0,6.75,496,1024,0.484375
01a0a597-81f1-7011-9024-b8d544cd9dd8,s,C,QB15,5,2,UVH7s,36,0.0,7200000.0,7.2,562,1024,0.548828125
01a0a597-81f1-7011-9024-b8d544cd9dd8,s,C,QB15,5,2,UVH7s,37,0.0,7650000.0,7.65,599,1024,0.5849609375
01a0a597-81f1-7011-9024-b8d544cd9dd8,s,C,QB15,5,2,UVH7s,38,0.0,8100000.0,8.1,597,1024,0.5830078125
01a0a597-81f1-7011-9024-b8d544cd9dd8,s,C,QB15,5,2,UVH7s,39,0.0,8550000.0,8.55,629,1024,0.6142578125
01a0a597-81f1-7011-9024-b8d544cd9dd8,s,C,QB15,5,2,UVH7s,40,0.0,9000000.0,9.0,649,1024,0.6337890625
01a0a597-81f1-7011-9024-b8d544cd9dd8,s,C,QB15,5,3,UVH9s,0,0.0,-9000000.0,-9.0,417,1024,0.4072265625
01a0a597-81f1-7011-9024-b8d544cd9dd8,s,C,QB15,5,3,UVH9s,1,0.0,-8550000.0,-8.55,418,1024,0.408203125
01a0a597-81f1-7011-9024-b8d544cd9dd8,s,C,QB15,5,3,UVH9s,2,0.0,-8100000.0,-8.1,432,1024,0.421875
01a0a597-81f1-7011-9024-b8d544cd9dd8,s,C,QB15,5,3,UVH9s,3,0.0,-7650000.0,-7.65,415,1024,0.4052734375
01a0a597-81f1-7011-9024-b8d544cd9dd8,s,C,QB15,5,3,UVH9s,4,0.0,-7200000.0,-7.2,420,1024,0.41015625
01a0a597-81f1-7011-9024-b8d544cd9dd8,s,C,QB15,5,3,UVH9s,5,0.0,-6750000.0,-6.75,428,1024,0.41796875
01a0a597-81f1-7011-9024-b8d544cd9dd8,s,C,QB15,5,3,UVH9s,6,0.0,-6300000.0,-6.3,475,1024,0.4638671875
01a0a597-81f1-7011-9024-b8d544cd9dd8,s,C,QB15,5,3,UVH9s,7,0.0,-5850000.0,-5.85,437,1024,0.4267578125
01a0a597-81f1-7011-9024-b8d544cd9dd8,s,C,QB15,5,3,UVH9s,8,0.0,-5400000.0,-5.4,479,1024,0.4677734375
01a0a597-81f1-7011-9024-b8d544cd9dd8,s,C,QB15,5,3,UVH9s,9,0.0,-4950000.0,-4.95,462,1024,0.451171875
01a0a597-81f1-7011-9024-b8d544cd9dd8,s,C,QB15,5,3,UVH9s,10,0.0,-4500000.0,-4.5,490,1024,0.478515625
01a0a597-81f1-7011-9024-b8d544cd9dd8,s,C,QB15,5,3,UVH9s,11,0.0,-4050000.0,-4.05,521,1024,0.5087890625
01a0a597-81f1-7011-9024-b8d544cd9dd8,s,C,QB15,5,3,UVH9s,12,0.0,-3600000.0,-3.6,476,1024,0.46484375
01a0a597-81f1-7011-9024-b8d544cd9dd8,s,C,QB15,5,3,UVH9s,13,0.0,-3150000.0,-3.15,486,1024,0.474609375
01a0a597-81f1-7011-9024-b8d544cd9dd8,s,C,QB15,5,3,UVH9s,14,0.0,-2700000.0,-2.7,490,1024,0.478515625
01a0a597-81f1-7011-9024-b8d544cd9dd8,s,C,QB15,5,3,UVH9s,15,0.0,-2250000.0,-2.25,488,1024,0.4765625
01a0a597-81f1-7011-9024-b8d544cd9dd8,s,C,QB15,5,3,UVH9s,16,0.0,-1800000.0,-1.8,502,1024,0.490234375
01a0a597-81f1-7011-9024-b8d544cd9dd8,s,C,QB15,5,3,UVH9s,17,0.0,-1350000.0,-1.35,482,1024,0.470703125
01a0a597-81f1-7011-9024-b8d544cd9dd8,s,C,QB15,5,3,UVH9s,18,0.0,-900000.0,-0.9,493,1024,0.4814453125
01a0a597-81f1-7011-9024-b8d544cd9dd8,s,C,QB15,5,3,UVH9s,19,0.0,-450000.0,-0.45,533,1024,0.5205078125
01a0a597-81f1-7011-9024-b8d544cd9dd8,s,C,QB15,5,3,UVH9s,20,0.0,0.0,0.0,510,1024,0.498046875
01a0a597-81f1-7011-9024-b8d544cd9dd8,s,C,QB15,5,3,UVH9s,21,0.0,450000.0,0.45,467,1024,0.4560546875
01a0a597-81f1-7011-9024-b8d544cd9dd8,s,C,QB15,5,3,UVH9s,22,0.0,900000.0,0.9,497,1024,0.4853515625
01a0a597-81f1-7011-9024-b8d544cd9dd8,s,C,QB15,5,3,UVH9s,23,0.0,1350000.0,1.35,467,1024,0.4560546875
01a0a597-81f1-7011-9024-b8d544cd9dd8,s,C,QB15,5,3,UVH9s,24,0.0,1800000.0,1.8,471,1024,0.4599609375
01a0a597-81f1-7011-9024-b8d544cd9dd8,s,C,QB15,5,3,UVH9s,25,0.0,2250000.0,2.25,487,1024,0.4755859375
01a0a597-81f1-7011-9024-b8d544cd9dd8,s,C,QB15,5,3,UVH9s,26,0.0,2700000.0,2.7,477,1024,0.4658203125
01a0a597-81f1-7011-9024-b8d544cd9dd8,s,C,QB15,5,3,UVH9s,27,0.0,3150000.0,3.15,477,1024,0.4658203125
01a0a597-81f1-7011-9024-b8d544cd9dd8,s,C,QB15,5,3,UVH9s,28,0.0,3600000.0,3.6,473,1024,0.4619140625
01a0a597-81f1-7011-9024-b8d544cd9dd8,s,C,QB15,5,3,UVH9s,29,0.0,4050000.0,4.05,478,1024,0.466796875
01a0a597-81f1-7011-9024-b8d544cd9dd8,s,C,QB15,5,3,UVH9s,30,0.0,4500000.0,4.5,498,1024,0.486328125
01a0a597-81f1-7011-9024-b8d544cd9dd8,s,C,QB15,5,3,UVH9s,31,0.0,4950000.0,4.95,470,1024,0.458984375
01a0a597-81f1-7011-9024-b8d544cd9dd8,s,C,QB15,5,3,UVH9s,32,0.0,5400000.0,5.4,479,1024,0.4677734375
01a0a597-81f1-7011-9024-b8d544cd9dd8,s,C,QB15,5,3,UVH9s,33,0.0,5850000.0,5.85,452,1024,0.44140625
01a0a597-81f1-7011-9024-b8d544cd9dd8,s,C,QB15,5,3,UVH9s,34,0.0,6300000.0,6.3,436,1024,0.42578125
01a0a597-81f1-7011-9024-b8d544cd9dd8,s,C,QB15,5,3,UVH9s,35,0.0,6750000.0,6.75,457,1024,0.4462890625
01a0a597-81f1-7011-9024-b8d544cd9dd8,s,C,QB15,5,3,UVH9s,36,0.0,7200000.0,7.2,417,1024,0.4072265625
01a0a597-81f1-7011-9024-b8d544cd9dd8,s,C,QB15,5,3,UVH9s,37,0.0,7650000.0,7.65,393,1024,0.3837890625
01a0a597-81f1-7011-9024-b8d544cd9dd8,s,C,QB15,5,3,UVH9s,38,0.0,8100000.0,8.1,364,1024,0.35546875
01a0a597-81f1-7011-9024-b8d544cd9dd8,s,C,QB15,5,3,UVH9s,39,0.0,8550000.0,8.55,332,1024,0.32421875
01a0a597-81f1-7011-9024-b8d544cd9dd8,s,C,QB15,5,3,UVH9s,40,0.0,9000000.0,9.0,308,1024,0.30078125
01a0a597-81f1-7011-9024-b8d544cd9dd8,s,C,QB15,5,4,UVH11s,0,0.0,-9000000.0,-9.0,549,1024,0.5361328125
01a0a597-81f1-7011-9024-b8d544cd9dd8,s,C,QB15,5,4,UVH11s,1,0.0,-8550000.0,-8.55,515,1024,0.5029296875
01a0a597-81f1-7011-9024-b8d544cd9dd8,s,C,QB15,5,4,UVH11s,2,0.0,-8100000.0,-8.1,471,1024,0.4599609375
01a0a597-81f1-7011-9024-b8d544cd9dd8,s,C,QB15,5,4,UVH11s,3,0.0,-7650000.0,-7.65,509,1024,0.4970703125
01a0a597-81f1-7011-9024-b8d544cd9dd8,s,C,QB15,5,4,UVH11s,4,0.0,-7200000.0,-7.2,522,1024,0.509765625
01a0a597-81f1-7011-9024-b8d544cd9dd8,s,C,QB15,5,4,UVH11s,5,0.0,-6750000.0,-6.75,505,1024,0.4931640625
01a0a597-81f1-7011-9024-b8d544cd9dd8,s,C,QB15,5,4,UVH11s,6,0.0,-6300000.0,-6.3,512,1024,0.5
01a0a597-81f1-7011-9024-b8d544cd9dd8,s,C,QB15,5,4,UVH11s,7,0.0,-5850000.0,-5.85,503,1024,0.4912109375
01a0a597-81f1-7011-9024-b8d544cd9dd8,s,C,QB15,5,4,UVH11s,8,0.0,-5400000.0,-5.4,537,1024,0.5244140625
01a0a597-81f1-7011-9024-b8d544cd9dd8,s,C,QB15,5,4,UVH11s,9,0.0,-4950000.0,-4.95,534,1024,0.521484375
01a0a597-81f1-7011-9024-b8d544cd9dd8,s,C,QB15,5,4,UVH11s,10,0.0,-4500000.0,-4.5,528,1024,0.515625
01a0a597-81f1-7011-9024-b8d544cd9dd8,s,C,QB15,5,4,UVH11s,11,0.0,-4050000.0,-4.05,539,1024,0.5263671875
01a0a597-81f1-7011-9024-b8d544cd9dd8,s,C,QB15,5,4,UVH11s,12,0.0,-3600000.0,-3.6,538,1024,0.525390625
01a0a597-81f1-7011-9024-b8d544cd9dd8,s,C,QB15,5,4,UVH11s,13,0.0,-3150000.0,-3.15,537,1024,0.5244140625
01a0a597-81f1-7011-9024-b8d544cd9dd8,s,C,QB15,5,4,UVH11s,14,0.0,-2700000.0,-2.7,546,1024,0.533203125
01a0a597-81f1-7011-9024-b8d544cd9dd8,s,C,QB15,5,4,UVH11s,15,0.0,-2250000.0,-2.25,533,1024,0.5205078125
01a0a597-81f1-7011-9024-b8d544cd9dd8,s,C,QB15,5,4,UVH11s,16,0.0,-1800000.0,-1.8,555,1024,0.5419921875
01a0a597-81f1-7011-9024-b8d544cd9dd8,s,C,QB15,5,4,UVH11s,17,0.0,-1350000.0,-1.35,546,1024,0.533203125
01a0a597-81f1-7011-9024-b8d544cd9dd8,s,C,QB15,5,4,UVH11s,18,0.0,-900000.0,-0.9,535,1024,0.5224609375
01a0a597-81f1-7011-9024-b8d544cd9dd8,s,C,QB15,5,4,UVH11s,19,0.0,-450000.0,-0.45,529,1024,0.5166015625
01a0a597-81f1-7011-9024-b8d544cd9dd8,s,C,QB15,5,4,UVH11s,20,0.0,0.0,0.0,540,1024,0.52734375
01a0a597-81f1-7011-9024-b8d544cd9dd8,s,C,QB15,5,4,UVH11s,21,0.0,450000.0,0.45,536,1024,0.5234375
01a0a597-81f1-7011-9024-b8d544cd9dd8,s,C,QB15,5,4,UVH11s,22,0.0,900000.0,0.9,518,1024,0.505859375
01a0a597-81f1-7011-9024-b8d544cd9dd8,s,C,QB15,5,4,UVH11s,23,0.0,1350000.0,1.35,540,1024,0.52734375
01a0a597-81f1-7011-9024-b8d544cd9dd8,s,C,QB15,5,4,UVH11s,24,0.0,1800000.0,1.8,507,1024,0.4951171875
01a0a597-81f1-7011-9024-b8d544cd9dd8,s,C,QB15,5,4,UVH11s,25,0.0,2250000.0,2.25,541,1024,0.5283203125
01a0a597-81f1-7011-9024-b8d544cd9dd8,s,C,QB15,5,4,UVH11s,26,0.0,2700000.0,2.7,550,1024,0.537109375
01a0a597-81f1-7011-9024-b8d544cd9dd8,s,C,QB15,5,4,UVH11s,27,0.0,3150000.0,3.15,553,1024,0.5400390625
01a0a597-81f1-7011-9024-b8d544cd9dd8,s,C,QB15,5,4,UVH11s,28,0.0,3600000.0,3.6,539,1024,0.5263671875
01a0a597-81f1-7011-9024-b8d544cd9dd8,s,C,QB15,5,4,UVH11s,29,0.0,4050000.0,4.05,551,1024,0.5380859375
01a0a597-81f1-7011-9024-b8d544cd9dd8,s,C,QB15,5,4,UVH11s,30,0.0,4500000.0,4.5,516,1024,0.50390625
01a0a597-81f1-7011-9024-b8d544cd9dd8,s,C,QB15,5,4,UVH11s,31,0.0,4950000.0,4.95,514,1024,0.501953125
01a0a597-81f1-7011-9024-b8d544cd9dd8,s,C,QB15,5,4,UVH11s,32,0.0,5400000.0,5.4,523,1024,0.5107421875
01a0a597-81f1-7011-9024-b8d544cd9dd8,s,C,QB15,5,4,UVH11s,33,0.0,5850000.0,5.85,511,1024,0.4990234375
01a0a597-81f1-7011-9024-b8d544cd9dd8,s,C,QB15,5,4,UVH11s,34,0.0,6300000.0,6.3,516,1024,0.50390625
01a0a597-81f1-7011-9024-b8d544cd9dd8,s,C,QB15,5,4,UVH11s,35,0.0,6750000.0,6.75,503,1024,0.4912109375
01a0a597-81f1-7011-9024-b8d544cd9dd8,s,C,QB15,5,4,UVH11s,36,0.0,7200000.0,7.2,499,1024,0.4873046875
01a0a597-81f1-7011-9024-b8d544cd9dd8,s,C,QB15,5,4,UVH11s,37,0.0,7650000.0,7.65,496,1024,0.484375
01a0a597-81f1-7011-9024-b8d544cd9dd8,s,C,QB15,5,4,UVH11s,38,0.0,8100000.0,8.1,476,1024,0.46484375
01a0a597-81f1-7011-9024-b8d544cd9dd8,s,C,QB15,5,4,UVH11s,39,0.0,8550000.0,8.55,493,1024,0.4814453125
01a0a597-81f1-7011-9024-b8d544cd9dd8,s,C,QB15,5,4,UVH11s,40,0.0,9000000.0,9.0,485,1024,0.4736328125
01a0a597-81f1-7011-9024-b8d544cd9dd8,s,C,QB15,5,5,UVH13s,0,0.0,-9000000.0,-9.0,597,1024,0.5830078125
01a0a597-81f1-7011-9024-b8d544cd9dd8,s,C,QB15,5,5,UVH13s,1,0.0,-8550000.0,-8.55,604,1024,0.58984375
01a0a597-81f1-7011-9024-b8d544cd9dd8,s,C,QB15,5,5,UVH13s,2,0.0,-8100000.0,-8.1,590,1024,0.576171875
01a0a597-81f1-7011-9024-b8d544cd9dd8,s,C,QB15,5,5,UVH13s,3,0.0,-7650000.0,-7.65,561,1024,0.5478515625
01a0a597-81f1-7011-9024-b8d544cd9dd8,s,C,QB15,5,5,UVH13s,4,0.0,-7200000.0,-7.2,600,1024,0.5859375
01a0a597-81f1-7011-9024-b8d544cd9dd8,s,C,QB15,5,5,UVH13s,5,0.0,-6750000.0,-6.75,529,1024,0.5166015625
01a0a597-81f1-7011-9024-b8d544cd9dd8,s,C,QB15,5,5,UVH13s,6,0.0,-6300000.0,-6.3,559,1024,0.5458984375
01a0a597-81f1-7011-9024-b8d544cd9dd8,s,C,QB15,5,5,UVH13s,7,0.0,-5850000.0,-5.85,556,1024,0.54296875
01a0a597-81f1-7011-9024-b8d544cd9dd8,s,C,QB15,5,5,UVH13s,8,0.0,-5400000.0,-5.4,565,1024,0.5517578125
01a0a597-81f1-7011-9024-b8d544cd9dd8,s,C,QB15,5,5,UVH13s,9,0.0,-4950000.0,-4.95,552,1024,0.5390625
01a0a597-81f1-7011-9024-b8d544cd9dd8,s,C,QB15,5,5,UVH13s,10,0.0,-4500000.0,-4.5,584,1024,0.5703125
01a0a597-81f1-7011-9024-b8d544cd9dd8,s,C,QB15,5,5,UVH13s,11,0.0,-4050000.0,-4.05,518,1024,0.505859375
01a0a597-81f1-7011-9024-b8d544cd9dd8,s,C,QB15,5,5,UVH13s,12,0.0,-3600000.0,-3.6,548,1024,0.53515625
01a0a597-81f1-7011-9024-b8d544cd9dd8,s,C,QB15,5,5,UVH13s,13,0.0,-3150000.0,-3.15,574,1024,0.560546875
01a0a597-81f1-7011-9024-b8d544cd9dd8,s,C,QB15,5,5,UVH13s,14,0.0,-2700000.0,-2.7,569,1024,0.5556640625
01a0a597-81f1-7011-9024-b8d544cd9dd8,s,C,QB15,5,5,UVH13s,15,0.0,-2250000.0,-2.25,578,1024,0.564453125
01a0a597-81f1-7011-9024-b8d544cd9dd8,s,C,QB15,5,5,UVH13s,16,0.0,-1800000.0,-1.8,567,1024,0.5537109375
01a0a597-81f1-7011-9024-b8d544cd9dd8,s,C,QB15,5,5,UVH13s,17,0.0,-1350000.0,-1.35,556,1024,0.54296875
01a0a597-81f1-7011-9024-b8d544cd9dd8,s,C,QB15,5,5,UVH13s,18,0.0,-900000.0,-0.9,574,1024,0.560546875
01a0a597-81f1-7011-9024-b8d544cd9dd8,s,C,QB15,5,5,UVH13s,19,0.0,-450000.0,-0.45,551,1024,0.5380859375
01a0a597-81f1-7011-9024-b8d544cd9dd8,s,C,QB15,5,5,UVH13s,20,0.0,0.0,0.0,550,1024,0.537109375
01a0a597-81f1-7011-9024-b8d544cd9dd8,s,C,QB15,5,5,UVH13s,21,0.0,450000.0,0.45,552,1024,0.5390625
01a0a597-81f1-7011-9024-b8d544cd9dd8,s,C,QB15,5,5,UVH13s,22,0.0,900000.0,0.9,560,1024,0.546875
01a0a597-81f1-7011-9024-b8d544cd9dd8,s,C,QB15,5,5,UVH13s,23,0.0,1350000.0,1.35,551,1024,0.5380859375
01a0a597-81f1-7011-9024-b8d544cd9dd8,s,C,QB15,5,5,UVH13s,24,0.0,1800000.0,1.8,581,1024,0.5673828125
01a0a597-81f1-7011-9024-b8d544cd9dd8,s,C,QB15,5,5,UVH13s,25,0.0,2250000.0,2.25,573,1024,0.5595703125
01a0a597-81f1-7011-9024-b8d544cd9dd8,s,C,QB15,5,5,UVH13s,26,0.0,2700000.0,2.7,572,1024,0.55859375
01a0a597-81f1-7011-9024-b8d544cd9dd8,s,C,QB15,5,5,UVH13s,27,0.0,3150000.0,3.15,556,1024,0.54296875
01a0a597-81f1-7011-9024-b8d544cd9dd8,s,C,QB15,5,5,UVH13s,28,0.0,3600000.0,3.6,563,1024,0.5498046875
01a0a597-81f1-7011-9024-b8d544cd9dd8,s,C,QB15,5,5,UVH13s,29,0.0,4050000.0,4.05,576,1024,0.5625
01a0a597-81f1-7011-9024-b8d544cd9dd8,s,C,QB15,5,5,UVH13s,30,0.0,4500000.0,4.5,564,1024,0.55078125
01a0a597-81f1-7011-9024-b8d544cd9dd8,s,C,QB15,5,5,UVH13s,31,0.0,4950000.0,4.95,572,1024,0.55859375
01a0a597-81f1-7011-9024-b8d544cd9dd8,s,C,QB15,5,5,UVH13s,32,0.0,5400000.0,5.4,563,1024,0.5498046875
01a0a597-81f1-7011-9024-b8d544cd9dd8,s,C,QB15,5,5,UVH13s,33,0.0,5850000.0,5.85,551,1024,0.5380859375
01a0a597-81f1-7011-9024-b8d544cd9dd8,s,C,QB15,5,5,UVH13s,34,0.0,6300000.0,6.3,554,1024,0.541015625
01a0a597-81f1-7011-9024-b8d544cd9dd8,s,C,QB15,5,5,UVH13s,35,0.0,6750000.0,6.75,554,1024,0.541015625
01a0a597-81f1-7011-9024-b8d544cd9dd8,s,C,QB15,5,5,UVH13s,36,0.0,7200000.0,7.2,522,1024,0.509765625
01a0a597-81f1-7011-9024-b8d544cd9dd8,s,C,QB15,5,5,UVH13s,37,0.0,7650000.0,7.65,554,1024,0.541015625
01a0a597-81f1-7011-9024-b8d544cd9dd8,s,C,QB15,5,5,UVH13s,38,0.0,8100000.0,8.1,537,1024,0.5244140625
01a0a597-81f1-7011-9024-b8d544cd9dd8,s,C,QB15,5,5,UVH13s,39,0.0,8550000.0,8.55,527,1024,0.5146484375
01a0a597-81f1-7011-9024-b8d544cd9dd8,s,C,QB15,5,5,UVH13s,40,0.0,9000000.0,9.0,520,1024,0.5078125
01a0a597-81f1-7011-9024-b8d544cd9dd8,s,C,QB18,6,0,standard_pi_2,0,0.0,-9000000.0,-9.0,513,1024,0.5009765625
01a0a597-81f1-7011-9024-b8d544cd9dd8,s,C,QB18,6,0,standard_pi_2,1,0.0,-8550000.0,-8.55,554,1024,0.541015625
01a0a597-81f1-7011-9024-b8d544cd9dd8,s,C,QB18,6,0,standard_pi_2,2,0.0,-8100000.0,-8.1,505,1024,0.4931640625
01a0a597-81f1-7011-9024-b8d544cd9dd8,s,C,QB18,6,0,standard_pi_2,3,0.0,-7650000.0,-7.65,530,1024,0.517578125
01a0a597-81f1-7011-9024-b8d544cd9dd8,s,C,QB18,6,0,standard_pi_2,4,0.0,-7200000.0,-7.2,523,1024,0.5107421875
01a0a597-81f1-7011-9024-b8d544cd9dd8,s,C,QB18,6,0,standard_pi_2,5,0.0,-6750000.0,-6.75,546,1024,0.533203125
01a0a597-81f1-7011-9024-b8d544cd9dd8,s,C,QB18,6,0,standard_pi_2,6,0.0,-6300000.0,-6.3,547,1024,0.5341796875
01a0a597-81f1-7011-9024-b8d544cd9dd8,s,C,QB18,6,0,standard_pi_2,7,0.0,-5850000.0,-5.85,546,1024,0.533203125
01a0a597-81f1-7011-9024-b8d544cd9dd8,s,C,QB18,6,0,standard_pi_2,8,0.0,-5400000.0,-5.4,564,1024,0.55078125
01a0a597-81f1-7011-9024-b8d544cd9dd8,s,C,QB18,6,0,standard_pi_2,9,0.0,-4950000.0,-4.95,547,1024,0.5341796875
01a0a597-81f1-7011-9024-b8d544cd9dd8,s,C,QB18,6,0,standard_pi_2,10,0.0,-4500000.0,-4.5,561,1024,0.5478515625
01a0a597-81f1-7011-9024-b8d544cd9dd8,s,C,QB18,6,0,standard_pi_2,11,0.0,-4050000.0,-4.05,539,1024,0.5263671875
01a0a597-81f1-7011-9024-b8d544cd9dd8,s,C,QB18,6,0,standard_pi_2,12,0.0,-3600000.0,-3.6,521,1024,0.5087890625
01a0a597-81f1-7011-9024-b8d544cd9dd8,s,C,QB18,6,0,standard_pi_2,13,0.0,-3150000.0,-3.15,528,1024,0.515625
01a0a597-81f1-7011-9024-b8d544cd9dd8,s,C,QB18,6,0,standard_pi_2,14,0.0,-2700000.0,-2.7,513,1024,0.5009765625
01a0a597-81f1-7011-9024-b8d544cd9dd8,s,C,QB18,6,0,standard_pi_2,15,0.0,-2250000.0,-2.25,529,1024,0.5166015625
01a0a597-81f1-7011-9024-b8d544cd9dd8,s,C,QB18,6,0,standard_pi_2,16,0.0,-1800000.0,-1.8,525,1024,0.5126953125
01a0a597-81f1-7011-9024-b8d544cd9dd8,s,C,QB18,6,0,standard_pi_2,17,0.0,-1350000.0,-1.35,538,1024,0.525390625
01a0a597-81f1-7011-9024-b8d544cd9dd8,s,C,QB18,6,0,standard_pi_2,18,0.0,-900000.0,-0.9,528,1024,0.515625
01a0a597-81f1-7011-9024-b8d544cd9dd8,s,C,QB18,6,0,standard_pi_2,19,0.0,-450000.0,-0.45,505,1024,0.4931640625
01a0a597-81f1-7011-9024-b8d544cd9dd8,s,C,QB18,6,0,standard_pi_2,20,0.0,0.0,0.0,503,1024,0.4912109375
01a0a597-81f1-7011-9024-b8d544cd9dd8,s,C,QB18,6,0,standard_pi_2,21,0.0,450000.0,0.45,519,1024,0.5068359375
01a0a597-81f1-7011-9024-b8d544cd9dd8,s,C,QB18,6,0,standard_pi_2,22,0.0,900000.0,0.9,516,1024,0.50390625
01a0a597-81f1-7011-9024-b8d544cd9dd8,s,C,QB18,6,0,standard_pi_2,23,0.0,1350000.0,1.35,538,1024,0.525390625
01a0a597-81f1-7011-9024-b8d544cd9dd8,s,C,QB18,6,0,standard_pi_2,24,0.0,1800000.0,1.8,515,1024,0.5029296875
01a0a597-81f1-7011-9024-b8d544cd9dd8,s,C,QB18,6,0,standard_pi_2,25,0.0,2250000.0,2.25,498,1024,0.486328125
01a0a597-81f1-7011-9024-b8d544cd9dd8,s,C,QB18,6,0,standard_pi_2,26,0.0,2700000.0,2.7,511,1024,0.4990234375
01a0a597-81f1-7011-9024-b8d544cd9dd8,s,C,QB18,6,0,standard_pi_2,27,0.0,3150000.0,3.15,498,1024,0.486328125
01a0a597-81f1-7011-9024-b8d544cd9dd8,s,C,QB18,6,0,standard_pi_2,28,0.0,3600000.0,3.6,497,1024,0.4853515625
01a0a597-81f1-7011-9024-b8d544cd9dd8,s,C,QB18,6,0,standard_pi_2,29,0.0,4050000.0,4.05,492,1024,0.48046875
01a0a597-81f1-7011-9024-b8d544cd9dd8,s,C,QB18,6,0,standard_pi_2,30,0.0,4500000.0,4.5,490,1024,0.478515625
01a0a597-81f1-7011-9024-b8d544cd9dd8,s,C,QB18,6,0,standard_pi_2,31,0.0,4950000.0,4.95,486,1024,0.474609375
01a0a597-81f1-7011-9024-b8d544cd9dd8,s,C,QB18,6,0,standard_pi_2,32,0.0,5400000.0,5.4,472,1024,0.4609375
01a0a597-81f1-7011-9024-b8d544cd9dd8,s,C,QB18,6,0,standard_pi_2,33,0.0,5850000.0,5.85,451,1024,0.4404296875
01a0a597-81f1-7011-9024-b8d544cd9dd8,s,C,QB18,6,0,standard_pi_2,34,0.0,6300000.0,6.3,462,1024,0.451171875
01a0a597-81f1-7011-9024-b8d544cd9dd8,s,C,QB18,6,0,standard_pi_2,35,0.0,6750000.0,6.75,474,1024,0.462890625
01a0a597-81f1-7011-9024-b8d544cd9dd8,s,C,QB18,6,0,standard_pi_2,36,0.0,7200000.0,7.2,476,1024,0.46484375
01a0a597-81f1-7011-9024-b8d544cd9dd8,s,C,QB18,6,0,standard_pi_2,37,0.0,7650000.0,7.65,474,1024,0.462890625
01a0a597-81f1-7011-9024-b8d544cd9dd8,s,C,QB18,6,0,standard_pi_2,38,0.0,8100000.0,8.1,482,1024,0.470703125
01a0a597-81f1-7011-9024-b8d544cd9dd8,s,C,QB18,6,0,standard_pi_2,39,0.0,8550000.0,8.55,476,1024,0.46484375
01a0a597-81f1-7011-9024-b8d544cd9dd8,s,C,QB18,6,0,standard_pi_2,40,0.0,9000000.0,9.0,456,1024,0.4453125
01a0a597-81f1-7011-9024-b8d544cd9dd8,s,C,QB18,6,1,UVH5s,0,0.0,-9000000.0,-9.0,685,1024,0.6689453125
01a0a597-81f1-7011-9024-b8d544cd9dd8,s,C,QB18,6,1,UVH5s,1,0.0,-8550000.0,-8.55,689,1024,0.6728515625
01a0a597-81f1-7011-9024-b8d544cd9dd8,s,C,QB18,6,1,UVH5s,2,0.0,-8100000.0,-8.1,707,1024,0.6904296875
01a0a597-81f1-7011-9024-b8d544cd9dd8,s,C,QB18,6,1,UVH5s,3,0.0,-7650000.0,-7.65,683,1024,0.6669921875
01a0a597-81f1-7011-9024-b8d544cd9dd8,s,C,QB18,6,1,UVH5s,4,0.0,-7200000.0,-7.2,688,1024,0.671875
01a0a597-81f1-7011-9024-b8d544cd9dd8,s,C,QB18,6,1,UVH5s,5,0.0,-6750000.0,-6.75,691,1024,0.6748046875
01a0a597-81f1-7011-9024-b8d544cd9dd8,s,C,QB18,6,1,UVH5s,6,0.0,-6300000.0,-6.3,668,1024,0.65234375
01a0a597-81f1-7011-9024-b8d544cd9dd8,s,C,QB18,6,1,UVH5s,7,0.0,-5850000.0,-5.85,650,1024,0.634765625
01a0a597-81f1-7011-9024-b8d544cd9dd8,s,C,QB18,6,1,UVH5s,8,0.0,-5400000.0,-5.4,621,1024,0.6064453125
01a0a597-81f1-7011-9024-b8d544cd9dd8,s,C,QB18,6,1,UVH5s,9,0.0,-4950000.0,-4.95,606,1024,0.591796875
01a0a597-81f1-7011-9024-b8d544cd9dd8,s,C,QB18,6,1,UVH5s,10,0.0,-4500000.0,-4.5,609,1024,0.5947265625
01a0a597-81f1-7011-9024-b8d544cd9dd8,s,C,QB18,6,1,UVH5s,11,0.0,-4050000.0,-4.05,584,1024,0.5703125
01a0a597-81f1-7011-9024-b8d544cd9dd8,s,C,QB18,6,1,UVH5s,12,0.0,-3600000.0,-3.6,578,1024,0.564453125
01a0a597-81f1-7011-9024-b8d544cd9dd8,s,C,QB18,6,1,UVH5s,13,0.0,-3150000.0,-3.15,552,1024,0.5390625
01a0a597-81f1-7011-9024-b8d544cd9dd8,s,C,QB18,6,1,UVH5s,14,0.0,-2700000.0,-2.7,537,1024,0.5244140625
01a0a597-81f1-7011-9024-b8d544cd9dd8,s,C,QB18,6,1,UVH5s,15,0.0,-2250000.0,-2.25,532,1024,0.51953125
01a0a597-81f1-7011-9024-b8d544cd9dd8,s,C,QB18,6,1,UVH5s,16,0.0,-1800000.0,-1.8,533,1024,0.5205078125
01a0a597-81f1-7011-9024-b8d544cd9dd8,s,C,QB18,6,1,UVH5s,17,0.0,-1350000.0,-1.35,478,1024,0.466796875
01a0a597-81f1-7011-9024-b8d544cd9dd8,s,C,QB18,6,1,UVH5s,18,0.0,-900000.0,-0.9,491,1024,0.4794921875
01a0a597-81f1-7011-9024-b8d544cd9dd8,s,C,QB18,6,1,UVH5s,19,0.0,-450000.0,-0.45,489,1024,0.4775390625
01a0a597-81f1-7011-9024-b8d544cd9dd8,s,C,QB18,6,1,UVH5s,20,0.0,0.0,0.0,510,1024,0.498046875
01a0a597-81f1-7011-9024-b8d544cd9dd8,s,C,QB18,6,1,UVH5s,21,0.0,450000.0,0.45,526,1024,0.513671875
01a0a597-81f1-7011-9024-b8d544cd9dd8,s,C,QB18,6,1,UVH5s,22,0.0,900000.0,0.9,494,1024,0.482421875
01a0a597-81f1-7011-9024-b8d544cd9dd8,s,C,QB18,6,1,UVH5s,23,0.0,1350000.0,1.35,520,1024,0.5078125
01a0a597-81f1-7011-9024-b8d544cd9dd8,s,C,QB18,6,1,UVH5s,24,0.0,1800000.0,1.8,536,1024,0.5234375
01a0a597-81f1-7011-9024-b8d544cd9dd8,s,C,QB18,6,1,UVH5s,25,0.0,2250000.0,2.25,541,1024,0.5283203125
01a0a597-81f1-7011-9024-b8d544cd9dd8,s,C,QB18,6,1,UVH5s,26,0.0,2700000.0,2.7,551,1024,0.5380859375
01a0a597-81f1-7011-9024-b8d544cd9dd8,s,C,QB18,6,1,UVH5s,27,0.0,3150000.0,3.15,580,1024,0.56640625
01a0a597-81f1-7011-9024-b8d544cd9dd8,s,C,QB18,6,1,UVH5s,28,0.0,3600000.0,3.6,577,1024,0.5634765625
01a0a597-81f1-7011-9024-b8d544cd9dd8,s,C,QB18,6,1,UVH5s,29,0.0,4050000.0,4.05,582,1024,0.568359375
01a0a597-81f1-7011-9024-b8d544cd9dd8,s,C,QB18,6,1,UVH5s,30,0.0,4500000.0,4.5,620,1024,0.60546875
01a0a597-81f1-7011-9024-b8d544cd9dd8,s,C,QB18,6,1,UVH5s,31,0.0,4950000.0,4.95,646,1024,0.630859375
01a0a597-81f1-7011-9024-b8d544cd9dd8,s,C,QB18,6,1,UVH5s,32,0.0,5400000.0,5.4,642,1024,0.626953125
01a0a597-81f1-7011-9024-b8d544cd9dd8,s,C,QB18,6,1,UVH5s,33,0.0,5850000.0,5.85,674,1024,0.658203125
01a0a597-81f1-7011-9024-b8d544cd9dd8,s,C,QB18,6,1,UVH5s,34,0.0,6300000.0,6.3,712,1024,0.6953125
01a0a597-81f1-7011-9024-b8d544cd9dd8,s,C,QB18,6,1,UVH5s,35,0.0,6750000.0,6.75,730,1024,0.712890625
01a0a597-81f1-7011-9024-b8d544cd9dd8,s,C,QB18,6,1,UVH5s,36,0.0,7200000.0,7.2,733,1024,0.7158203125
01a0a597-81f1-7011-9024-b8d544cd9dd8,s,C,QB18,6,1,UVH5s,37,0.0,7650000.0,7.65,768,1024,0.75
01a0a597-81f1-7011-9024-b8d544cd9dd8,s,C,QB18,6,1,UVH5s,38,0.0,8100000.0,8.1,809,1024,0.7900390625
01a0a597-81f1-7011-9024-b8d544cd9dd8,s,C,QB18,6,1,UVH5s,39,0.0,8550000.0,8.55,801,1024,0.7822265625
01a0a597-81f1-7011-9024-b8d544cd9dd8,s,C,QB18,6,1,UVH5s,40,0.0,9000000.0,9.0,814,1024,0.794921875
01a0a597-81f1-7011-9024-b8d544cd9dd8,s,C,QB18,6,2,UVH7s,0,0.0,-9000000.0,-9.0,568,1024,0.5546875
01a0a597-81f1-7011-9024-b8d544cd9dd8,s,C,QB18,6,2,UVH7s,1,0.0,-8550000.0,-8.55,593,1024,0.5791015625
01a0a597-81f1-7011-9024-b8d544cd9dd8,s,C,QB18,6,2,UVH7s,2,0.0,-8100000.0,-8.1,599,1024,0.5849609375
01a0a597-81f1-7011-9024-b8d544cd9dd8,s,C,QB18,6,2,UVH7s,3,0.0,-7650000.0,-7.65,566,1024,0.552734375
01a0a597-81f1-7011-9024-b8d544cd9dd8,s,C,QB18,6,2,UVH7s,4,0.0,-7200000.0,-7.2,533,1024,0.5205078125
01a0a597-81f1-7011-9024-b8d544cd9dd8,s,C,QB18,6,2,UVH7s,5,0.0,-6750000.0,-6.75,559,1024,0.5458984375
01a0a597-81f1-7011-9024-b8d544cd9dd8,s,C,QB18,6,2,UVH7s,6,0.0,-6300000.0,-6.3,550,1024,0.537109375
01a0a597-81f1-7011-9024-b8d544cd9dd8,s,C,QB18,6,2,UVH7s,7,0.0,-5850000.0,-5.85,511,1024,0.4990234375
01a0a597-81f1-7011-9024-b8d544cd9dd8,s,C,QB18,6,2,UVH7s,8,0.0,-5400000.0,-5.4,528,1024,0.515625
01a0a597-81f1-7011-9024-b8d544cd9dd8,s,C,QB18,6,2,UVH7s,9,0.0,-4950000.0,-4.95,516,1024,0.50390625
01a0a597-81f1-7011-9024-b8d544cd9dd8,s,C,QB18,6,2,UVH7s,10,0.0,-4500000.0,-4.5,484,1024,0.47265625
01a0a597-81f1-7011-9024-b8d544cd9dd8,s,C,QB18,6,2,UVH7s,11,0.0,-4050000.0,-4.05,494,1024,0.482421875
01a0a597-81f1-7011-9024-b8d544cd9dd8,s,C,QB18,6,2,UVH7s,12,0.0,-3600000.0,-3.6,470,1024,0.458984375
01a0a597-81f1-7011-9024-b8d544cd9dd8,s,C,QB18,6,2,UVH7s,13,0.0,-3150000.0,-3.15,500,1024,0.48828125
01a0a597-81f1-7011-9024-b8d544cd9dd8,s,C,QB18,6,2,UVH7s,14,0.0,-2700000.0,-2.7,504,1024,0.4921875
01a0a597-81f1-7011-9024-b8d544cd9dd8,s,C,QB18,6,2,UVH7s,15,0.0,-2250000.0,-2.25,481,1024,0.4697265625
01a0a597-81f1-7011-9024-b8d544cd9dd8,s,C,QB18,6,2,UVH7s,16,0.0,-1800000.0,-1.8,491,1024,0.4794921875
01a0a597-81f1-7011-9024-b8d544cd9dd8,s,C,QB18,6,2,UVH7s,17,0.0,-1350000.0,-1.35,483,1024,0.4716796875
01a0a597-81f1-7011-9024-b8d544cd9dd8,s,C,QB18,6,2,UVH7s,18,0.0,-900000.0,-0.9,504,1024,0.4921875
01a0a597-81f1-7011-9024-b8d544cd9dd8,s,C,QB18,6,2,UVH7s,19,0.0,-450000.0,-0.45,507,1024,0.4951171875
01a0a597-81f1-7011-9024-b8d544cd9dd8,s,C,QB18,6,2,UVH7s,20,0.0,0.0,0.0,496,1024,0.484375
01a0a597-81f1-7011-9024-b8d544cd9dd8,s,C,QB18,6,2,UVH7s,21,0.0,450000.0,0.45,537,1024,0.5244140625
01a0a597-81f1-7011-9024-b8d544cd9dd8,s,C,QB18,6,2,UVH7s,22,0.0,900000.0,0.9,489,1024,0.4775390625
01a0a597-81f1-7011-9024-b8d544cd9dd8,s,C,QB18,6,2,UVH7s,23,0.0,1350000.0,1.35,491,1024,0.4794921875
01a0a597-81f1-7011-9024-b8d544cd9dd8,s,C,QB18,6,2,UVH7s,24,0.0,1800000.0,1.8,506,1024,0.494140625
01a0a597-81f1-7011-9024-b8d544cd9dd8,s,C,QB18,6,2,UVH7s,25,0.0,2250000.0,2.25,493,1024,0.4814453125
01a0a597-81f1-7011-9024-b8d544cd9dd8,s,C,QB18,6,2,UVH7s,26,0.0,2700000.0,2.7,517,1024,0.5048828125
01a0a597-81f1-7011-9024-b8d544cd9dd8,s,C,QB18,6,2,UVH7s,27,0.0,3150000.0,3.15,522,1024,0.509765625
01a0a597-81f1-7011-9024-b8d544cd9dd8,s,C,QB18,6,2,UVH7s,28,0.0,3600000.0,3.6,482,1024,0.470703125
01a0a597-81f1-7011-9024-b8d544cd9dd8,s,C,QB18,6,2,UVH7s,29,0.0,4050000.0,4.05,489,1024,0.4775390625
01a0a597-81f1-7011-9024-b8d544cd9dd8,s,C,QB18,6,2,UVH7s,30,0.0,4500000.0,4.5,496,1024,0.484375
01a0a597-81f1-7011-9024-b8d544cd9dd8,s,C,QB18,6,2,UVH7s,31,0.0,4950000.0,4.95,494,1024,0.482421875
01a0a597-81f1-7011-9024-b8d544cd9dd8,s,C,QB18,6,2,UVH7s,32,0.0,5400000.0,5.4,546,1024,0.533203125
01a0a597-81f1-7011-9024-b8d544cd9dd8,s,C,QB18,6,2,UVH7s,33,0.0,5850000.0,5.85,552,1024,0.5390625
01a0a597-81f1-7011-9024-b8d544cd9dd8,s,C,QB18,6,2,UVH7s,34,0.0,6300000.0,6.3,560,1024,0.546875
01a0a597-81f1-7011-9024-b8d544cd9dd8,s,C,QB18,6,2,UVH7s,35,0.0,6750000.0,6.75,546,1024,0.533203125
01a0a597-81f1-7011-9024-b8d544cd9dd8,s,C,QB18,6,2,UVH7s,36,0.0,7200000.0,7.2,616,1024,0.6015625
01a0a597-81f1-7011-9024-b8d544cd9dd8,s,C,QB18,6,2,UVH7s,37,0.0,7650000.0,7.65,633,1024,0.6181640625
01a0a597-81f1-7011-9024-b8d544cd9dd8,s,C,QB18,6,2,UVH7s,38,0.0,8100000.0,8.1,640,1024,0.625
01a0a597-81f1-7011-9024-b8d544cd9dd8,s,C,QB18,6,2,UVH7s,39,0.0,8550000.0,8.55,661,1024,0.6455078125
01a0a597-81f1-7011-9024-b8d544cd9dd8,s,C,QB18,6,2,UVH7s,40,0.0,9000000.0,9.0,687,1024,0.6708984375
01a0a597-81f1-7011-9024-b8d544cd9dd8,s,C,QB18,6,3,UVH9s,0,0.0,-9000000.0,-9.0,381,1024,0.3720703125
01a0a597-81f1-7011-9024-b8d544cd9dd8,s,C,QB18,6,3,UVH9s,1,0.0,-8550000.0,-8.55,371,1024,0.3623046875
01a0a597-81f1-7011-9024-b8d544cd9dd8,s,C,QB18,6,3,UVH9s,2,0.0,-8100000.0,-8.1,407,1024,0.3974609375
01a0a597-81f1-7011-9024-b8d544cd9dd8,s,C,QB18,6,3,UVH9s,3,0.0,-7650000.0,-7.65,416,1024,0.40625
01a0a597-81f1-7011-9024-b8d544cd9dd8,s,C,QB18,6,3,UVH9s,4,0.0,-7200000.0,-7.2,407,1024,0.3974609375
01a0a597-81f1-7011-9024-b8d544cd9dd8,s,C,QB18,6,3,UVH9s,5,0.0,-6750000.0,-6.75,421,1024,0.4111328125
01a0a597-81f1-7011-9024-b8d544cd9dd8,s,C,QB18,6,3,UVH9s,6,0.0,-6300000.0,-6.3,439,1024,0.4287109375
01a0a597-81f1-7011-9024-b8d544cd9dd8,s,C,QB18,6,3,UVH9s,7,0.0,-5850000.0,-5.85,442,1024,0.431640625
01a0a597-81f1-7011-9024-b8d544cd9dd8,s,C,QB18,6,3,UVH9s,8,0.0,-5400000.0,-5.4,456,1024,0.4453125
01a0a597-81f1-7011-9024-b8d544cd9dd8,s,C,QB18,6,3,UVH9s,9,0.0,-4950000.0,-4.95,462,1024,0.451171875
01a0a597-81f1-7011-9024-b8d544cd9dd8,s,C,QB18,6,3,UVH9s,10,0.0,-4500000.0,-4.5,455,1024,0.4443359375
01a0a597-81f1-7011-9024-b8d544cd9dd8,s,C,QB18,6,3,UVH9s,11,0.0,-4050000.0,-4.05,472,1024,0.4609375
01a0a597-81f1-7011-9024-b8d544cd9dd8,s,C,QB18,6,3,UVH9s,12,0.0,-3600000.0,-3.6,498,1024,0.486328125
01a0a597-81f1-7011-9024-b8d544cd9dd8,s,C,QB18,6,3,UVH9s,13,0.0,-3150000.0,-3.15,493,1024,0.4814453125
01a0a597-81f1-7011-9024-b8d544cd9dd8,s,C,QB18,6,3,UVH9s,14,0.0,-2700000.0,-2.7,462,1024,0.451171875
01a0a597-81f1-7011-9024-b8d544cd9dd8,s,C,QB18,6,3,UVH9s,15,0.0,-2250000.0,-2.25,487,1024,0.4755859375
01a0a597-81f1-7011-9024-b8d544cd9dd8,s,C,QB18,6,3,UVH9s,16,0.0,-1800000.0,-1.8,517,1024,0.5048828125
01a0a597-81f1-7011-9024-b8d544cd9dd8,s,C,QB18,6,3,UVH9s,17,0.0,-1350000.0,-1.35,496,1024,0.484375
01a0a597-81f1-7011-9024-b8d544cd9dd8,s,C,QB18,6,3,UVH9s,18,0.0,-900000.0,-0.9,483,1024,0.4716796875
01a0a597-81f1-7011-9024-b8d544cd9dd8,s,C,QB18,6,3,UVH9s,19,0.0,-450000.0,-0.45,506,1024,0.494140625
01a0a597-81f1-7011-9024-b8d544cd9dd8,s,C,QB18,6,3,UVH9s,20,0.0,0.0,0.0,487,1024,0.4755859375
01a0a597-81f1-7011-9024-b8d544cd9dd8,s,C,QB18,6,3,UVH9s,21,0.0,450000.0,0.45,531,1024,0.5185546875
01a0a597-81f1-7011-9024-b8d544cd9dd8,s,C,QB18,6,3,UVH9s,22,0.0,900000.0,0.9,463,1024,0.4521484375
01a0a597-81f1-7011-9024-b8d544cd9dd8,s,C,QB18,6,3,UVH9s,23,0.0,1350000.0,1.35,496,1024,0.484375
01a0a597-81f1-7011-9024-b8d544cd9dd8,s,C,QB18,6,3,UVH9s,24,0.0,1800000.0,1.8,493,1024,0.4814453125
01a0a597-81f1-7011-9024-b8d544cd9dd8,s,C,QB18,6,3,UVH9s,25,0.0,2250000.0,2.25,514,1024,0.501953125
01a0a597-81f1-7011-9024-b8d544cd9dd8,s,C,QB18,6,3,UVH9s,26,0.0,2700000.0,2.7,536,1024,0.5234375
01a0a597-81f1-7011-9024-b8d544cd9dd8,s,C,QB18,6,3,UVH9s,27,0.0,3150000.0,3.15,488,1024,0.4765625
01a0a597-81f1-7011-9024-b8d544cd9dd8,s,C,QB18,6,3,UVH9s,28,0.0,3600000.0,3.6,506,1024,0.494140625
01a0a597-81f1-7011-9024-b8d544cd9dd8,s,C,QB18,6,3,UVH9s,29,0.0,4050000.0,4.05,519,1024,0.5068359375
01a0a597-81f1-7011-9024-b8d544cd9dd8,s,C,QB18,6,3,UVH9s,30,0.0,4500000.0,4.5,524,1024,0.51171875
01a0a597-81f1-7011-9024-b8d544cd9dd8,s,C,QB18,6,3,UVH9s,31,0.0,4950000.0,4.95,516,1024,0.50390625
01a0a597-81f1-7011-9024-b8d544cd9dd8,s,C,QB18,6,3,UVH9s,32,0.0,5400000.0,5.4,497,1024,0.4853515625
01a0a597-81f1-7011-9024-b8d544cd9dd8,s,C,QB18,6,3,UVH9s,33,0.0,5850000.0,5.85,486,1024,0.474609375
01a0a597-81f1-7011-9024-b8d544cd9dd8,s,C,QB18,6,3,UVH9s,34,0.0,6300000.0,6.3,461,1024,0.4501953125
01a0a597-81f1-7011-9024-b8d544cd9dd8,s,C,QB18,6,3,UVH9s,35,0.0,6750000.0,6.75,442,1024,0.431640625
01a0a597-81f1-7011-9024-b8d544cd9dd8,s,C,QB18,6,3,UVH9s,36,0.0,7200000.0,7.2,445,1024,0.4345703125
01a0a597-81f1-7011-9024-b8d544cd9dd8,s,C,QB18,6,3,UVH9s,37,0.0,7650000.0,7.65,428,1024,0.41796875
01a0a597-81f1-7011-9024-b8d544cd9dd8,s,C,QB18,6,3,UVH9s,38,0.0,8100000.0,8.1,380,1024,0.37109375
01a0a597-81f1-7011-9024-b8d544cd9dd8,s,C,QB18,6,3,UVH9s,39,0.0,8550000.0,8.55,359,1024,0.3505859375
01a0a597-81f1-7011-9024-b8d544cd9dd8,s,C,QB18,6,3,UVH9s,40,0.0,9000000.0,9.0,320,1024,0.3125
01a0a597-81f1-7011-9024-b8d544cd9dd8,s,C,QB18,6,4,UVH11s,0,0.0,-9000000.0,-9.0,502,1024,0.490234375
01a0a597-81f1-7011-9024-b8d544cd9dd8,s,C,QB18,6,4,UVH11s,1,0.0,-8550000.0,-8.55,502,1024,0.490234375
01a0a597-81f1-7011-9024-b8d544cd9dd8,s,C,QB18,6,4,UVH11s,2,0.0,-8100000.0,-8.1,479,1024,0.4677734375
01a0a597-81f1-7011-9024-b8d544cd9dd8,s,C,QB18,6,4,UVH11s,3,0.0,-7650000.0,-7.65,505,1024,0.4931640625
01a0a597-81f1-7011-9024-b8d544cd9dd8,s,C,QB18,6,4,UVH11s,4,0.0,-7200000.0,-7.2,477,1024,0.4658203125
01a0a597-81f1-7011-9024-b8d544cd9dd8,s,C,QB18,6,4,UVH11s,5,0.0,-6750000.0,-6.75,481,1024,0.4697265625
01a0a597-81f1-7011-9024-b8d544cd9dd8,s,C,QB18,6,4,UVH11s,6,0.0,-6300000.0,-6.3,468,1024,0.45703125
01a0a597-81f1-7011-9024-b8d544cd9dd8,s,C,QB18,6,4,UVH11s,7,0.0,-5850000.0,-5.85,490,1024,0.478515625
01a0a597-81f1-7011-9024-b8d544cd9dd8,s,C,QB18,6,4,UVH11s,8,0.0,-5400000.0,-5.4,484,1024,0.47265625
01a0a597-81f1-7011-9024-b8d544cd9dd8,s,C,QB18,6,4,UVH11s,9,0.0,-4950000.0,-4.95,500,1024,0.48828125
01a0a597-81f1-7011-9024-b8d544cd9dd8,s,C,QB18,6,4,UVH11s,10,0.0,-4500000.0,-4.5,516,1024,0.50390625
01a0a597-81f1-7011-9024-b8d544cd9dd8,s,C,QB18,6,4,UVH11s,11,0.0,-4050000.0,-4.05,545,1024,0.5322265625
01a0a597-81f1-7011-9024-b8d544cd9dd8,s,C,QB18,6,4,UVH11s,12,0.0,-3600000.0,-3.6,508,1024,0.49609375
01a0a597-81f1-7011-9024-b8d544cd9dd8,s,C,QB18,6,4,UVH11s,13,0.0,-3150000.0,-3.15,509,1024,0.4970703125
01a0a597-81f1-7011-9024-b8d544cd9dd8,s,C,QB18,6,4,UVH11s,14,0.0,-2700000.0,-2.7,487,1024,0.4755859375
01a0a597-81f1-7011-9024-b8d544cd9dd8,s,C,QB18,6,4,UVH11s,15,0.0,-2250000.0,-2.25,545,1024,0.5322265625
01a0a597-81f1-7011-9024-b8d544cd9dd8,s,C,QB18,6,4,UVH11s,16,0.0,-1800000.0,-1.8,499,1024,0.4873046875
01a0a597-81f1-7011-9024-b8d544cd9dd8,s,C,QB18,6,4,UVH11s,17,0.0,-1350000.0,-1.35,505,1024,0.4931640625
01a0a597-81f1-7011-9024-b8d544cd9dd8,s,C,QB18,6,4,UVH11s,18,0.0,-900000.0,-0.9,507,1024,0.4951171875
01a0a597-81f1-7011-9024-b8d544cd9dd8,s,C,QB18,6,4,UVH11s,19,0.0,-450000.0,-0.45,527,1024,0.5146484375
01a0a597-81f1-7011-9024-b8d544cd9dd8,s,C,QB18,6,4,UVH11s,20,0.0,0.0,0.0,531,1024,0.5185546875
01a0a597-81f1-7011-9024-b8d544cd9dd8,s,C,QB18,6,4,UVH11s,21,0.0,450000.0,0.45,507,1024,0.4951171875
01a0a597-81f1-7011-9024-b8d544cd9dd8,s,C,QB18,6,4,UVH11s,22,0.0,900000.0,0.9,513,1024,0.5009765625
01a0a597-81f1-7011-9024-b8d544cd9dd8,s,C,QB18,6,4,UVH11s,23,0.0,1350000.0,1.35,497,1024,0.4853515625
01a0a597-81f1-7011-9024-b8d544cd9dd8,s,C,QB18,6,4,UVH11s,24,0.0,1800000.0,1.8,538,1024,0.525390625
01a0a597-81f1-7011-9024-b8d544cd9dd8,s,C,QB18,6,4,UVH11s,25,0.0,2250000.0,2.25,525,1024,0.5126953125
01a0a597-81f1-7011-9024-b8d544cd9dd8,s,C,QB18,6,4,UVH11s,26,0.0,2700000.0,2.7,529,1024,0.5166015625
01a0a597-81f1-7011-9024-b8d544cd9dd8,s,C,QB18,6,4,UVH11s,27,0.0,3150000.0,3.15,521,1024,0.5087890625
01a0a597-81f1-7011-9024-b8d544cd9dd8,s,C,QB18,6,4,UVH11s,28,0.0,3600000.0,3.6,531,1024,0.5185546875
01a0a597-81f1-7011-9024-b8d544cd9dd8,s,C,QB18,6,4,UVH11s,29,0.0,4050000.0,4.05,516,1024,0.50390625
01a0a597-81f1-7011-9024-b8d544cd9dd8,s,C,QB18,6,4,UVH11s,30,0.0,4500000.0,4.5,518,1024,0.505859375
01a0a597-81f1-7011-9024-b8d544cd9dd8,s,C,QB18,6,4,UVH11s,31,0.0,4950000.0,4.95,486,1024,0.474609375
01a0a597-81f1-7011-9024-b8d544cd9dd8,s,C,QB18,6,4,UVH11s,32,0.0,5400000.0,5.4,506,1024,0.494140625
01a0a597-81f1-7011-9024-b8d544cd9dd8,s,C,QB18,6,4,UVH11s,33,0.0,5850000.0,5.85,485,1024,0.4736328125
01a0a597-81f1-7011-9024-b8d544cd9dd8,s,C,QB18,6,4,UVH11s,34,0.0,6300000.0,6.3,516,1024,0.50390625
01a0a597-81f1-7011-9024-b8d544cd9dd8,s,C,QB18,6,4,UVH11s,35,0.0,6750000.0,6.75,495,1024,0.4833984375
01a0a597-81f1-7011-9024-b8d544cd9dd8,s,C,QB18,6,4,UVH11s,36,0.0,7200000.0,7.2,491,1024,0.4794921875
01a0a597-81f1-7011-9024-b8d544cd9dd8,s,C,QB18,6,4,UVH11s,37,0.0,7650000.0,7.65,471,1024,0.4599609375
01a0a597-81f1-7011-9024-b8d544cd9dd8,s,C,QB18,6,4,UVH11s,38,0.0,8100000.0,8.1,442,1024,0.431640625
01a0a597-81f1-7011-9024-b8d544cd9dd8,s,C,QB18,6,4,UVH11s,39,0.0,8550000.0,8.55,470,1024,0.458984375
01a0a597-81f1-7011-9024-b8d544cd9dd8,s,C,QB18,6,4,UVH11s,40,0.0,9000000.0,9.0,455,1024,0.4443359375
01a0a597-81f1-7011-9024-b8d544cd9dd8,s,C,QB18,6,5,UVH13s,0,0.0,-9000000.0,-9.0,564,1024,0.55078125
01a0a597-81f1-7011-9024-b8d544cd9dd8,s,C,QB18,6,5,UVH13s,1,0.0,-8550000.0,-8.55,537,1024,0.5244140625
01a0a597-81f1-7011-9024-b8d544cd9dd8,s,C,QB18,6,5,UVH13s,2,0.0,-8100000.0,-8.1,537,1024,0.5244140625
01a0a597-81f1-7011-9024-b8d544cd9dd8,s,C,QB18,6,5,UVH13s,3,0.0,-7650000.0,-7.65,524,1024,0.51171875
01a0a597-81f1-7011-9024-b8d544cd9dd8,s,C,QB18,6,5,UVH13s,4,0.0,-7200000.0,-7.2,523,1024,0.5107421875
01a0a597-81f1-7011-9024-b8d544cd9dd8,s,C,QB18,6,5,UVH13s,5,0.0,-6750000.0,-6.75,475,1024,0.4638671875
01a0a597-81f1-7011-9024-b8d544cd9dd8,s,C,QB18,6,5,UVH13s,6,0.0,-6300000.0,-6.3,496,1024,0.484375
01a0a597-81f1-7011-9024-b8d544cd9dd8,s,C,QB18,6,5,UVH13s,7,0.0,-5850000.0,-5.85,511,1024,0.4990234375
01a0a597-81f1-7011-9024-b8d544cd9dd8,s,C,QB18,6,5,UVH13s,8,0.0,-5400000.0,-5.4,498,1024,0.486328125
01a0a597-81f1-7011-9024-b8d544cd9dd8,s,C,QB18,6,5,UVH13s,9,0.0,-4950000.0,-4.95,511,1024,0.4990234375
01a0a597-81f1-7011-9024-b8d544cd9dd8,s,C,QB18,6,5,UVH13s,10,0.0,-4500000.0,-4.5,508,1024,0.49609375
01a0a597-81f1-7011-9024-b8d544cd9dd8,s,C,QB18,6,5,UVH13s,11,0.0,-4050000.0,-4.05,506,1024,0.494140625
01a0a597-81f1-7011-9024-b8d544cd9dd8,s,C,QB18,6,5,UVH13s,12,0.0,-3600000.0,-3.6,488,1024,0.4765625
01a0a597-81f1-7011-9024-b8d544cd9dd8,s,C,QB18,6,5,UVH13s,13,0.0,-3150000.0,-3.15,525,1024,0.5126953125
01a0a597-81f1-7011-9024-b8d544cd9dd8,s,C,QB18,6,5,UVH13s,14,0.0,-2700000.0,-2.7,501,1024,0.4892578125
01a0a597-81f1-7011-9024-b8d544cd9dd8,s,C,QB18,6,5,UVH13s,15,0.0,-2250000.0,-2.25,516,1024,0.50390625
01a0a597-81f1-7011-9024-b8d544cd9dd8,s,C,QB18,6,5,UVH13s,16,0.0,-1800000.0,-1.8,526,1024,0.513671875
01a0a597-81f1-7011-9024-b8d544cd9dd8,s,C,QB18,6,5,UVH13s,17,0.0,-1350000.0,-1.35,511,1024,0.4990234375
01a0a597-81f1-7011-9024-b8d544cd9dd8,s,C,QB18,6,5,UVH13s,18,0.0,-900000.0,-0.9,481,1024,0.4697265625
01a0a597-81f1-7011-9024-b8d544cd9dd8,s,C,QB18,6,5,UVH13s,19,0.0,-450000.0,-0.45,505,1024,0.4931640625
01a0a597-81f1-7011-9024-b8d544cd9dd8,s,C,QB18,6,5,UVH13s,20,0.0,0.0,0.0,506,1024,0.494140625
01a0a597-81f1-7011-9024-b8d544cd9dd8,s,C,QB18,6,5,UVH13s,21,0.0,450000.0,0.45,543,1024,0.5302734375
01a0a597-81f1-7011-9024-b8d544cd9dd8,s,C,QB18,6,5,UVH13s,22,0.0,900000.0,0.9,517,1024,0.5048828125
01a0a597-81f1-7011-9024-b8d544cd9dd8,s,C,QB18,6,5,UVH13s,23,0.0,1350000.0,1.35,517,1024,0.5048828125
01a0a597-81f1-7011-9024-b8d544cd9dd8,s,C,QB18,6,5,UVH13s,24,0.0,1800000.0,1.8,492,1024,0.48046875
01a0a597-81f1-7011-9024-b8d544cd9dd8,s,C,QB18,6,5,UVH13s,25,0.0,2250000.0,2.25,518,1024,0.505859375
01a0a597-81f1-7011-9024-b8d544cd9dd8,s,C,QB18,6,5,UVH13s,26,0.0,2700000.0,2.7,500,1024,0.48828125
01a0a597-81f1-7011-9024-b8d544cd9dd8,s,C,QB18,6,5,UVH13s,27,0.0,3150000.0,3.15,507,1024,0.4951171875
01a0a597-81f1-7011-9024-b8d544cd9dd8,s,C,QB18,6,5,UVH13s,28,0.0,3600000.0,3.6,507,1024,0.4951171875
01a0a597-81f1-7011-9024-b8d544cd9dd8,s,C,QB18,6,5,UVH13s,29,0.0,4050000.0,4.05,516,1024,0.50390625
01a0a597-81f1-7011-9024-b8d544cd9dd8,s,C,QB18,6,5,UVH13s,30,0.0,4500000.0,4.5,491,1024,0.4794921875
01a0a597-81f1-7011-9024-b8d544cd9dd8,s,C,QB18,6,5,UVH13s,31,0.0,4950000.0,4.95,504,1024,0.4921875
01a0a597-81f1-7011-9024-b8d544cd9dd8,s,C,QB18,6,5,UVH13s,32,0.0,5400000.0,5.4,519,1024,0.5068359375
01a0a597-81f1-7011-9024-b8d544cd9dd8,s,C,QB18,6,5,UVH13s,33,0.0,5850000.0,5.85,512,1024,0.5
01a0a597-81f1-7011-9024-b8d544cd9dd8,s,C,QB18,6,5,UVH13s,34,0.0,6300000.0,6.3,515,1024,0.5029296875
01a0a597-81f1-7011-9024-b8d544cd9dd8,s,C,QB18,6,5,UVH13s,35,0.0,6750000.0,6.75,516,1024,0.50390625
01a0a597-81f1-7011-9024-b8d544cd9dd8,s,C,QB18,6,5,UVH13s,36,0.0,7200000.0,7.2,491,1024,0.4794921875
01a0a597-81f1-7011-9024-b8d544cd9dd8,s,C,QB18,6,5,UVH13s,37,0.0,7650000.0,7.65,514,1024,0.501953125
01a0a597-81f1-7011-9024-b8d544cd9dd8,s,C,QB18,6,5,UVH13s,38,0.0,8100000.0,8.1,533,1024,0.5205078125
01a0a597-81f1-7011-9024-b8d544cd9dd8,s,C,QB18,6,5,UVH13s,39,0.0,8550000.0,8.55,479,1024,0.4677734375
01a0a597-81f1-7011-9024-b8d544cd9dd8,s,C,QB18,6,5,UVH13s,40,0.0,9000000.0,9.0,511,1024,0.4990234375
01a0a597-81f1-7011-9024-b8d544cd9dd8,s,C,QB16,7,0,standard_pi_2,0,0.0,-9000000.0,-9.0,541,1024,0.5283203125
01a0a597-81f1-7011-9024-b8d544cd9dd8,s,C,QB16,7,0,standard_pi_2,1,0.0,-8550000.0,-8.55,555,1024,0.5419921875
01a0a597-81f1-7011-9024-b8d544cd9dd8,s,C,QB16,7,0,standard_pi_2,2,0.0,-8100000.0,-8.1,529,1024,0.5166015625
01a0a597-81f1-7011-9024-b8d544cd9dd8,s,C,QB16,7,0,standard_pi_2,3,0.0,-7650000.0,-7.65,499,1024,0.4873046875
01a0a597-81f1-7011-9024-b8d544cd9dd8,s,C,QB16,7,0,standard_pi_2,4,0.0,-7200000.0,-7.2,550,1024,0.537109375
01a0a597-81f1-7011-9024-b8d544cd9dd8,s,C,QB16,7,0,standard_pi_2,5,0.0,-6750000.0,-6.75,552,1024,0.5390625
01a0a597-81f1-7011-9024-b8d544cd9dd8,s,C,QB16,7,0,standard_pi_2,6,0.0,-6300000.0,-6.3,502,1024,0.490234375
01a0a597-81f1-7011-9024-b8d544cd9dd8,s,C,QB16,7,0,standard_pi_2,7,0.0,-5850000.0,-5.85,542,1024,0.529296875
01a0a597-81f1-7011-9024-b8d544cd9dd8,s,C,QB16,7,0,standard_pi_2,8,0.0,-5400000.0,-5.4,549,1024,0.5361328125
01a0a597-81f1-7011-9024-b8d544cd9dd8,s,C,QB16,7,0,standard_pi_2,9,0.0,-4950000.0,-4.95,530,1024,0.517578125
01a0a597-81f1-7011-9024-b8d544cd9dd8,s,C,QB16,7,0,standard_pi_2,10,0.0,-4500000.0,-4.5,517,1024,0.5048828125
01a0a597-81f1-7011-9024-b8d544cd9dd8,s,C,QB16,7,0,standard_pi_2,11,0.0,-4050000.0,-4.05,513,1024,0.5009765625
01a0a597-81f1-7011-9024-b8d544cd9dd8,s,C,QB16,7,0,standard_pi_2,12,0.0,-3600000.0,-3.6,522,1024,0.509765625
01a0a597-81f1-7011-9024-b8d544cd9dd8,s,C,QB16,7,0,standard_pi_2,13,0.0,-3150000.0,-3.15,517,1024,0.5048828125
01a0a597-81f1-7011-9024-b8d544cd9dd8,s,C,QB16,7,0,standard_pi_2,14,0.0,-2700000.0,-2.7,514,1024,0.501953125
01a0a597-81f1-7011-9024-b8d544cd9dd8,s,C,QB16,7,0,standard_pi_2,15,0.0,-2250000.0,-2.25,517,1024,0.5048828125
01a0a597-81f1-7011-9024-b8d544cd9dd8,s,C,QB16,7,0,standard_pi_2,16,0.0,-1800000.0,-1.8,493,1024,0.4814453125
01a0a597-81f1-7011-9024-b8d544cd9dd8,s,C,QB16,7,0,standard_pi_2,17,0.0,-1350000.0,-1.35,490,1024,0.478515625
01a0a597-81f1-7011-9024-b8d544cd9dd8,s,C,QB16,7,0,standard_pi_2,18,0.0,-900000.0,-0.9,482,1024,0.470703125
01a0a597-81f1-7011-9024-b8d544cd9dd8,s,C,QB16,7,0,standard_pi_2,19,0.0,-450000.0,-0.45,525,1024,0.5126953125
01a0a597-81f1-7011-9024-b8d544cd9dd8,s,C,QB16,7,0,standard_pi_2,20,0.0,0.0,0.0,494,1024,0.482421875
01a0a597-81f1-7011-9024-b8d544cd9dd8,s,C,QB16,7,0,standard_pi_2,21,0.0,450000.0,0.45,486,1024,0.474609375
01a0a597-81f1-7011-9024-b8d544cd9dd8,s,C,QB16,7,0,standard_pi_2,22,0.0,900000.0,0.9,498,1024,0.486328125
01a0a597-81f1-7011-9024-b8d544cd9dd8,s,C,QB16,7,0,standard_pi_2,23,0.0,1350000.0,1.35,499,1024,0.4873046875
01a0a597-81f1-7011-9024-b8d544cd9dd8,s,C,QB16,7,0,standard_pi_2,24,0.0,1800000.0,1.8,498,1024,0.486328125
01a0a597-81f1-7011-9024-b8d544cd9dd8,s,C,QB16,7,0,standard_pi_2,25,0.0,2250000.0,2.25,469,1024,0.4580078125
01a0a597-81f1-7011-9024-b8d544cd9dd8,s,C,QB16,7,0,standard_pi_2,26,0.0,2700000.0,2.7,499,1024,0.4873046875
01a0a597-81f1-7011-9024-b8d544cd9dd8,s,C,QB16,7,0,standard_pi_2,27,0.0,3150000.0,3.15,483,1024,0.4716796875
01a0a597-81f1-7011-9024-b8d544cd9dd8,s,C,QB16,7,0,standard_pi_2,28,0.0,3600000.0,3.6,507,1024,0.4951171875
01a0a597-81f1-7011-9024-b8d544cd9dd8,s,C,QB16,7,0,standard_pi_2,29,0.0,4050000.0,4.05,489,1024,0.4775390625
01a0a597-81f1-7011-9024-b8d544cd9dd8,s,C,QB16,7,0,standard_pi_2,30,0.0,4500000.0,4.5,492,1024,0.48046875
01a0a597-81f1-7011-9024-b8d544cd9dd8,s,C,QB16,7,0,standard_pi_2,31,0.0,4950000.0,4.95,477,1024,0.4658203125
01a0a597-81f1-7011-9024-b8d544cd9dd8,s,C,QB16,7,0,standard_pi_2,32,0.0,5400000.0,5.4,497,1024,0.4853515625
01a0a597-81f1-7011-9024-b8d544cd9dd8,s,C,QB16,7,0,standard_pi_2,33,0.0,5850000.0,5.85,480,1024,0.46875
01a0a597-81f1-7011-9024-b8d544cd9dd8,s,C,QB16,7,0,standard_pi_2,34,0.0,6300000.0,6.3,509,1024,0.4970703125
01a0a597-81f1-7011-9024-b8d544cd9dd8,s,C,QB16,7,0,standard_pi_2,35,0.0,6750000.0,6.75,475,1024,0.4638671875
01a0a597-81f1-7011-9024-b8d544cd9dd8,s,C,QB16,7,0,standard_pi_2,36,0.0,7200000.0,7.2,490,1024,0.478515625
01a0a597-81f1-7011-9024-b8d544cd9dd8,s,C,QB16,7,0,standard_pi_2,37,0.0,7650000.0,7.65,476,1024,0.46484375
01a0a597-81f1-7011-9024-b8d544cd9dd8,s,C,QB16,7,0,standard_pi_2,38,0.0,8100000.0,8.1,458,1024,0.447265625
01a0a597-81f1-7011-9024-b8d544cd9dd8,s,C,QB16,7,0,standard_pi_2,39,0.0,8550000.0,8.55,445,1024,0.4345703125
01a0a597-81f1-7011-9024-b8d544cd9dd8,s,C,QB16,7,0,standard_pi_2,40,0.0,9000000.0,9.0,436,1024,0.42578125
01a0a597-81f1-7011-9024-b8d544cd9dd8,s,C,QB16,7,1,UVH5s,0,0.0,-9000000.0,-9.0,679,1024,0.6630859375
01a0a597-81f1-7011-9024-b8d544cd9dd8,s,C,QB16,7,1,UVH5s,1,0.0,-8550000.0,-8.55,683,1024,0.6669921875
01a0a597-81f1-7011-9024-b8d544cd9dd8,s,C,QB16,7,1,UVH5s,2,0.0,-8100000.0,-8.1,686,1024,0.669921875
01a0a597-81f1-7011-9024-b8d544cd9dd8,s,C,QB16,7,1,UVH5s,3,0.0,-7650000.0,-7.65,692,1024,0.67578125
01a0a597-81f1-7011-9024-b8d544cd9dd8,s,C,QB16,7,1,UVH5s,4,0.0,-7200000.0,-7.2,687,1024,0.6708984375
01a0a597-81f1-7011-9024-b8d544cd9dd8,s,C,QB16,7,1,UVH5s,5,0.0,-6750000.0,-6.75,655,1024,0.6396484375
01a0a597-81f1-7011-9024-b8d544cd9dd8,s,C,QB16,7,1,UVH5s,6,0.0,-6300000.0,-6.3,634,1024,0.619140625
01a0a597-81f1-7011-9024-b8d544cd9dd8,s,C,QB16,7,1,UVH5s,7,0.0,-5850000.0,-5.85,619,1024,0.6044921875
01a0a597-81f1-7011-9024-b8d544cd9dd8,s,C,QB16,7,1,UVH5s,8,0.0,-5400000.0,-5.4,606,1024,0.591796875
01a0a597-81f1-7011-9024-b8d544cd9dd8,s,C,QB16,7,1,UVH5s,9,0.0,-4950000.0,-4.95,567,1024,0.5537109375
01a0a597-81f1-7011-9024-b8d544cd9dd8,s,C,QB16,7,1,UVH5s,10,0.0,-4500000.0,-4.5,572,1024,0.55859375
01a0a597-81f1-7011-9024-b8d544cd9dd8,s,C,QB16,7,1,UVH5s,11,0.0,-4050000.0,-4.05,566,1024,0.552734375
01a0a597-81f1-7011-9024-b8d544cd9dd8,s,C,QB16,7,1,UVH5s,12,0.0,-3600000.0,-3.6,526,1024,0.513671875
01a0a597-81f1-7011-9024-b8d544cd9dd8,s,C,QB16,7,1,UVH5s,13,0.0,-3150000.0,-3.15,528,1024,0.515625
01a0a597-81f1-7011-9024-b8d544cd9dd8,s,C,QB16,7,1,UVH5s,14,0.0,-2700000.0,-2.7,514,1024,0.501953125
01a0a597-81f1-7011-9024-b8d544cd9dd8,s,C,QB16,7,1,UVH5s,15,0.0,-2250000.0,-2.25,497,1024,0.4853515625
01a0a597-81f1-7011-9024-b8d544cd9dd8,s,C,QB16,7,1,UVH5s,16,0.0,-1800000.0,-1.8,462,1024,0.451171875
01a0a597-81f1-7011-9024-b8d544cd9dd8,s,C,QB16,7,1,UVH5s,17,0.0,-1350000.0,-1.35,481,1024,0.4697265625
01a0a597-81f1-7011-9024-b8d544cd9dd8,s,C,QB16,7,1,UVH5s,18,0.0,-900000.0,-0.9,465,1024,0.4541015625
01a0a597-81f1-7011-9024-b8d544cd9dd8,s,C,QB16,7,1,UVH5s,19,0.0,-450000.0,-0.45,484,1024,0.47265625
01a0a597-81f1-7011-9024-b8d544cd9dd8,s,C,QB16,7,1,UVH5s,20,0.0,0.0,0.0,487,1024,0.4755859375
01a0a597-81f1-7011-9024-b8d544cd9dd8,s,C,QB16,7,1,UVH5s,21,0.0,450000.0,0.45,455,1024,0.4443359375
01a0a597-81f1-7011-9024-b8d544cd9dd8,s,C,QB16,7,1,UVH5s,22,0.0,900000.0,0.9,490,1024,0.478515625
01a0a597-81f1-7011-9024-b8d544cd9dd8,s,C,QB16,7,1,UVH5s,23,0.0,1350000.0,1.35,493,1024,0.4814453125
01a0a597-81f1-7011-9024-b8d544cd9dd8,s,C,QB16,7,1,UVH5s,24,0.0,1800000.0,1.8,499,1024,0.4873046875
01a0a597-81f1-7011-9024-b8d544cd9dd8,s,C,QB16,7,1,UVH5s,25,0.0,2250000.0,2.25,505,1024,0.4931640625
01a0a597-81f1-7011-9024-b8d544cd9dd8,s,C,QB16,7,1,UVH5s,26,0.0,2700000.0,2.7,525,1024,0.5126953125
01a0a597-81f1-7011-9024-b8d544cd9dd8,s,C,QB16,7,1,UVH5s,27,0.0,3150000.0,3.15,548,1024,0.53515625
01a0a597-81f1-7011-9024-b8d544cd9dd8,s,C,QB16,7,1,UVH5s,28,0.0,3600000.0,3.6,539,1024,0.5263671875
01a0a597-81f1-7011-9024-b8d544cd9dd8,s,C,QB16,7,1,UVH5s,29,0.0,4050000.0,4.05,548,1024,0.53515625
01a0a597-81f1-7011-9024-b8d544cd9dd8,s,C,QB16,7,1,UVH5s,30,0.0,4500000.0,4.5,595,1024,0.5810546875
01a0a597-81f1-7011-9024-b8d544cd9dd8,s,C,QB16,7,1,UVH5s,31,0.0,4950000.0,4.95,597,1024,0.5830078125
01a0a597-81f1-7011-9024-b8d544cd9dd8,s,C,QB16,7,1,UVH5s,32,0.0,5400000.0,5.4,638,1024,0.623046875
01a0a597-81f1-7011-9024-b8d544cd9dd8,s,C,QB16,7,1,UVH5s,33,0.0,5850000.0,5.85,653,1024,0.6376953125
01a0a597-81f1-7011-9024-b8d544cd9dd8,s,C,QB16,7,1,UVH5s,34,0.0,6300000.0,6.3,633,1024,0.6181640625
01a0a597-81f1-7011-9024-b8d544cd9dd8,s,C,QB16,7,1,UVH5s,35,0.0,6750000.0,6.75,681,1024,0.6650390625
01a0a597-81f1-7011-9024-b8d544cd9dd8,s,C,QB16,7,1,UVH5s,36,0.0,7200000.0,7.2,710,1024,0.693359375
01a0a597-81f1-7011-9024-b8d544cd9dd8,s,C,QB16,7,1,UVH5s,37,0.0,7650000.0,7.65,745,1024,0.7275390625
01a0a597-81f1-7011-9024-b8d544cd9dd8,s,C,QB16,7,1,UVH5s,38,0.0,8100000.0,8.1,774,1024,0.755859375
01a0a597-81f1-7011-9024-b8d544cd9dd8,s,C,QB16,7,1,UVH5s,39,0.0,8550000.0,8.55,796,1024,0.77734375
01a0a597-81f1-7011-9024-b8d544cd9dd8,s,C,QB16,7,1,UVH5s,40,0.0,9000000.0,9.0,818,1024,0.798828125
01a0a597-81f1-7011-9024-b8d544cd9dd8,s,C,QB16,7,2,UVH7s,0,0.0,-9000000.0,-9.0,578,1024,0.564453125
01a0a597-81f1-7011-9024-b8d544cd9dd8,s,C,QB16,7,2,UVH7s,1,0.0,-8550000.0,-8.55,586,1024,0.572265625
01a0a597-81f1-7011-9024-b8d544cd9dd8,s,C,QB16,7,2,UVH7s,2,0.0,-8100000.0,-8.1,579,1024,0.5654296875
01a0a597-81f1-7011-9024-b8d544cd9dd8,s,C,QB16,7,2,UVH7s,3,0.0,-7650000.0,-7.65,581,1024,0.5673828125
01a0a597-81f1-7011-9024-b8d544cd9dd8,s,C,QB16,7,2,UVH7s,4,0.0,-7200000.0,-7.2,547,1024,0.5341796875
01a0a597-81f1-7011-9024-b8d544cd9dd8,s,C,QB16,7,2,UVH7s,5,0.0,-6750000.0,-6.75,547,1024,0.5341796875
01a0a597-81f1-7011-9024-b8d544cd9dd8,s,C,QB16,7,2,UVH7s,6,0.0,-6300000.0,-6.3,554,1024,0.541015625
01a0a597-81f1-7011-9024-b8d544cd9dd8,s,C,QB16,7,2,UVH7s,7,0.0,-5850000.0,-5.85,502,1024,0.490234375
01a0a597-81f1-7011-9024-b8d544cd9dd8,s,C,QB16,7,2,UVH7s,8,0.0,-5400000.0,-5.4,506,1024,0.494140625
01a0a597-81f1-7011-9024-b8d544cd9dd8,s,C,QB16,7,2,UVH7s,9,0.0,-4950000.0,-4.95,502,1024,0.490234375
01a0a597-81f1-7011-9024-b8d544cd9dd8,s,C,QB16,7,2,UVH7s,10,0.0,-4500000.0,-4.5,489,1024,0.4775390625
01a0a597-81f1-7011-9024-b8d544cd9dd8,s,C,QB16,7,2,UVH7s,11,0.0,-4050000.0,-4.05,475,1024,0.4638671875
01a0a597-81f1-7011-9024-b8d544cd9dd8,s,C,QB16,7,2,UVH7s,12,0.0,-3600000.0,-3.6,494,1024,0.482421875
01a0a597-81f1-7011-9024-b8d544cd9dd8,s,C,QB16,7,2,UVH7s,13,0.0,-3150000.0,-3.15,481,1024,0.4697265625
01a0a597-81f1-7011-9024-b8d544cd9dd8,s,C,QB16,7,2,UVH7s,14,0.0,-2700000.0,-2.7,492,1024,0.48046875
01a0a597-81f1-7011-9024-b8d544cd9dd8,s,C,QB16,7,2,UVH7s,15,0.0,-2250000.0,-2.25,476,1024,0.46484375
01a0a597-81f1-7011-9024-b8d544cd9dd8,s,C,QB16,7,2,UVH7s,16,0.0,-1800000.0,-1.8,465,1024,0.4541015625
01a0a597-81f1-7011-9024-b8d544cd9dd8,s,C,QB16,7,2,UVH7s,17,0.0,-1350000.0,-1.35,529,1024,0.5166015625
01a0a597-81f1-7011-9024-b8d544cd9dd8,s,C,QB16,7,2,UVH7s,18,0.0,-900000.0,-0.9,480,1024,0.46875
01a0a597-81f1-7011-9024-b8d544cd9dd8,s,C,QB16,7,2,UVH7s,19,0.0,-450000.0,-0.45,495,1024,0.4833984375
01a0a597-81f1-7011-9024-b8d544cd9dd8,s,C,QB16,7,2,UVH7s,20,0.0,0.0,0.0,485,1024,0.4736328125
01a0a597-81f1-7011-9024-b8d544cd9dd8,s,C,QB16,7,2,UVH7s,21,0.0,450000.0,0.45,450,1024,0.439453125
01a0a597-81f1-7011-9024-b8d544cd9dd8,s,C,QB16,7,2,UVH7s,22,0.0,900000.0,0.9,504,1024,0.4921875
01a0a597-81f1-7011-9024-b8d544cd9dd8,s,C,QB16,7,2,UVH7s,23,0.0,1350000.0,1.35,498,1024,0.486328125
01a0a597-81f1-7011-9024-b8d544cd9dd8,s,C,QB16,7,2,UVH7s,24,0.0,1800000.0,1.8,496,1024,0.484375
01a0a597-81f1-7011-9024-b8d544cd9dd8,s,C,QB16,7,2,UVH7s,25,0.0,2250000.0,2.25,456,1024,0.4453125
01a0a597-81f1-7011-9024-b8d544cd9dd8,s,C,QB16,7,2,UVH7s,26,0.0,2700000.0,2.7,482,1024,0.470703125
01a0a597-81f1-7011-9024-b8d544cd9dd8,s,C,QB16,7,2,UVH7s,27,0.0,3150000.0,3.15,482,1024,0.470703125
01a0a597-81f1-7011-9024-b8d544cd9dd8,s,C,QB16,7,2,UVH7s,28,0.0,3600000.0,3.6,487,1024,0.4755859375
01a0a597-81f1-7011-9024-b8d544cd9dd8,s,C,QB16,7,2,UVH7s,29,0.0,4050000.0,4.05,468,1024,0.45703125
01a0a597-81f1-7011-9024-b8d544cd9dd8,s,C,QB16,7,2,UVH7s,30,0.0,4500000.0,4.5,504,1024,0.4921875
01a0a597-81f1-7011-9024-b8d544cd9dd8,s,C,QB16,7,2,UVH7s,31,0.0,4950000.0,4.95,508,1024,0.49609375
01a0a597-81f1-7011-9024-b8d544cd9dd8,s,C,QB16,7,2,UVH7s,32,0.0,5400000.0,5.4,504,1024,0.4921875
01a0a597-81f1-7011-9024-b8d544cd9dd8,s,C,QB16,7,2,UVH7s,33,0.0,5850000.0,5.85,524,1024,0.51171875
01a0a597-81f1-7011-9024-b8d544cd9dd8,s,C,QB16,7,2,UVH7s,34,0.0,6300000.0,6.3,588,1024,0.57421875
01a0a597-81f1-7011-9024-b8d544cd9dd8,s,C,QB16,7,2,UVH7s,35,0.0,6750000.0,6.75,576,1024,0.5625
01a0a597-81f1-7011-9024-b8d544cd9dd8,s,C,QB16,7,2,UVH7s,36,0.0,7200000.0,7.2,597,1024,0.5830078125
01a0a597-81f1-7011-9024-b8d544cd9dd8,s,C,QB16,7,2,UVH7s,37,0.0,7650000.0,7.65,624,1024,0.609375
01a0a597-81f1-7011-9024-b8d544cd9dd8,s,C,QB16,7,2,UVH7s,38,0.0,8100000.0,8.1,643,1024,0.6279296875
01a0a597-81f1-7011-9024-b8d544cd9dd8,s,C,QB16,7,2,UVH7s,39,0.0,8550000.0,8.55,672,1024,0.65625
01a0a597-81f1-7011-9024-b8d544cd9dd8,s,C,QB16,7,2,UVH7s,40,0.0,9000000.0,9.0,703,1024,0.6865234375
01a0a597-81f1-7011-9024-b8d544cd9dd8,s,C,QB16,7,3,UVH9s,0,0.0,-9000000.0,-9.0,402,1024,0.392578125
01a0a597-81f1-7011-9024-b8d544cd9dd8,s,C,QB16,7,3,UVH9s,1,0.0,-8550000.0,-8.55,389,1024,0.3798828125
01a0a597-81f1-7011-9024-b8d544cd9dd8,s,C,QB16,7,3,UVH9s,2,0.0,-8100000.0,-8.1,442,1024,0.431640625
01a0a597-81f1-7011-9024-b8d544cd9dd8,s,C,QB16,7,3,UVH9s,3,0.0,-7650000.0,-7.65,466,1024,0.455078125
01a0a597-81f1-7011-9024-b8d544cd9dd8,s,C,QB16,7,3,UVH9s,4,0.0,-7200000.0,-7.2,460,1024,0.44921875
01a0a597-81f1-7011-9024-b8d544cd9dd8,s,C,QB16,7,3,UVH9s,5,0.0,-6750000.0,-6.75,479,1024,0.4677734375
01a0a597-81f1-7011-9024-b8d544cd9dd8,s,C,QB16,7,3,UVH9s,6,0.0,-6300000.0,-6.3,488,1024,0.4765625
01a0a597-81f1-7011-9024-b8d544cd9dd8,s,C,QB16,7,3,UVH9s,7,0.0,-5850000.0,-5.85,506,1024,0.494140625
01a0a597-81f1-7011-9024-b8d544cd9dd8,s,C,QB16,7,3,UVH9s,8,0.0,-5400000.0,-5.4,491,1024,0.4794921875
01a0a597-81f1-7011-9024-b8d544cd9dd8,s,C,QB16,7,3,UVH9s,9,0.0,-4950000.0,-4.95,501,1024,0.4892578125
01a0a597-81f1-7011-9024-b8d544cd9dd8,s,C,QB16,7,3,UVH9s,10,0.0,-4500000.0,-4.5,515,1024,0.5029296875
01a0a597-81f1-7011-9024-b8d544cd9dd8,s,C,QB16,7,3,UVH9s,11,0.0,-4050000.0,-4.05,505,1024,0.4931640625
01a0a597-81f1-7011-9024-b8d544cd9dd8,s,C,QB16,7,3,UVH9s,12,0.0,-3600000.0,-3.6,496,1024,0.484375
01a0a597-81f1-7011-9024-b8d544cd9dd8,s,C,QB16,7,3,UVH9s,13,0.0,-3150000.0,-3.15,501,1024,0.4892578125
01a0a597-81f1-7011-9024-b8d544cd9dd8,s,C,QB16,7,3,UVH9s,14,0.0,-2700000.0,-2.7,554,1024,0.541015625
01a0a597-81f1-7011-9024-b8d544cd9dd8,s,C,QB16,7,3,UVH9s,15,0.0,-2250000.0,-2.25,514,1024,0.501953125
01a0a597-81f1-7011-9024-b8d544cd9dd8,s,C,QB16,7,3,UVH9s,16,0.0,-1800000.0,-1.8,523,1024,0.5107421875
01a0a597-81f1-7011-9024-b8d544cd9dd8,s,C,QB16,7,3,UVH9s,17,0.0,-1350000.0,-1.35,551,1024,0.5380859375
01a0a597-81f1-7011-9024-b8d544cd9dd8,s,C,QB16,7,3,UVH9s,18,0.0,-900000.0,-0.9,512,1024,0.5
01a0a597-81f1-7011-9024-b8d544cd9dd8,s,C,QB16,7,3,UVH9s,19,0.0,-450000.0,-0.45,503,1024,0.4912109375
01a0a597-81f1-7011-9024-b8d544cd9dd8,s,C,QB16,7,3,UVH9s,20,0.0,0.0,0.0,524,1024,0.51171875
01a0a597-81f1-7011-9024-b8d544cd9dd8,s,C,QB16,7,3,UVH9s,21,0.0,450000.0,0.45,503,1024,0.4912109375
01a0a597-81f1-7011-9024-b8d544cd9dd8,s,C,QB16,7,3,UVH9s,22,0.0,900000.0,0.9,514,1024,0.501953125
01a0a597-81f1-7011-9024-b8d544cd9dd8,s,C,QB16,7,3,UVH9s,23,0.0,1350000.0,1.35,517,1024,0.5048828125
01a0a597-81f1-7011-9024-b8d544cd9dd8,s,C,QB16,7,3,UVH9s,24,0.0,1800000.0,1.8,530,1024,0.517578125
01a0a597-81f1-7011-9024-b8d544cd9dd8,s,C,QB16,7,3,UVH9s,25,0.0,2250000.0,2.25,501,1024,0.4892578125
01a0a597-81f1-7011-9024-b8d544cd9dd8,s,C,QB16,7,3,UVH9s,26,0.0,2700000.0,2.7,536,1024,0.5234375
01a0a597-81f1-7011-9024-b8d544cd9dd8,s,C,QB16,7,3,UVH9s,27,0.0,3150000.0,3.15,522,1024,0.509765625
01a0a597-81f1-7011-9024-b8d544cd9dd8,s,C,QB16,7,3,UVH9s,28,0.0,3600000.0,3.6,521,1024,0.5087890625
01a0a597-81f1-7011-9024-b8d544cd9dd8,s,C,QB16,7,3,UVH9s,29,0.0,4050000.0,4.05,521,1024,0.5087890625
01a0a597-81f1-7011-9024-b8d544cd9dd8,s,C,QB16,7,3,UVH9s,30,0.0,4500000.0,4.5,513,1024,0.5009765625
01a0a597-81f1-7011-9024-b8d544cd9dd8,s,C,QB16,7,3,UVH9s,31,0.0,4950000.0,4.95,495,1024,0.4833984375
01a0a597-81f1-7011-9024-b8d544cd9dd8,s,C,QB16,7,3,UVH9s,32,0.0,5400000.0,5.4,492,1024,0.48046875
01a0a597-81f1-7011-9024-b8d544cd9dd8,s,C,QB16,7,3,UVH9s,33,0.0,5850000.0,5.85,455,1024,0.4443359375
01a0a597-81f1-7011-9024-b8d544cd9dd8,s,C,QB16,7,3,UVH9s,34,0.0,6300000.0,6.3,441,1024,0.4306640625
01a0a597-81f1-7011-9024-b8d544cd9dd8,s,C,QB16,7,3,UVH9s,35,0.0,6750000.0,6.75,457,1024,0.4462890625
01a0a597-81f1-7011-9024-b8d544cd9dd8,s,C,QB16,7,3,UVH9s,36,0.0,7200000.0,7.2,406,1024,0.396484375
01a0a597-81f1-7011-9024-b8d544cd9dd8,s,C,QB16,7,3,UVH9s,37,0.0,7650000.0,7.65,420,1024,0.41015625
01a0a597-81f1-7011-9024-b8d544cd9dd8,s,C,QB16,7,3,UVH9s,38,0.0,8100000.0,8.1,371,1024,0.3623046875
01a0a597-81f1-7011-9024-b8d544cd9dd8,s,C,QB16,7,3,UVH9s,39,0.0,8550000.0,8.55,346,1024,0.337890625
01a0a597-81f1-7011-9024-b8d544cd9dd8,s,C,QB16,7,3,UVH9s,40,0.0,9000000.0,9.0,304,1024,0.296875
01a0a597-81f1-7011-9024-b8d544cd9dd8,s,C,QB16,7,4,UVH11s,0,0.0,-9000000.0,-9.0,490,1024,0.478515625
01a0a597-81f1-7011-9024-b8d544cd9dd8,s,C,QB16,7,4,UVH11s,1,0.0,-8550000.0,-8.55,456,1024,0.4453125
01a0a597-81f1-7011-9024-b8d544cd9dd8,s,C,QB16,7,4,UVH11s,2,0.0,-8100000.0,-8.1,439,1024,0.4287109375
01a0a597-81f1-7011-9024-b8d544cd9dd8,s,C,QB16,7,4,UVH11s,3,0.0,-7650000.0,-7.65,457,1024,0.4462890625
01a0a597-81f1-7011-9024-b8d544cd9dd8,s,C,QB16,7,4,UVH11s,4,0.0,-7200000.0,-7.2,488,1024,0.4765625
01a0a597-81f1-7011-9024-b8d544cd9dd8,s,C,QB16,7,4,UVH11s,5,0.0,-6750000.0,-6.75,442,1024,0.431640625
01a0a597-81f1-7011-9024-b8d544cd9dd8,s,C,QB16,7,4,UVH11s,6,0.0,-6300000.0,-6.3,466,1024,0.455078125
01a0a597-81f1-7011-9024-b8d544cd9dd8,s,C,QB16,7,4,UVH11s,7,0.0,-5850000.0,-5.85,466,1024,0.455078125
01a0a597-81f1-7011-9024-b8d544cd9dd8,s,C,QB16,7,4,UVH11s,8,0.0,-5400000.0,-5.4,474,1024,0.462890625
01a0a597-81f1-7011-9024-b8d544cd9dd8,s,C,QB16,7,4,UVH11s,9,0.0,-4950000.0,-4.95,478,1024,0.466796875
01a0a597-81f1-7011-9024-b8d544cd9dd8,s,C,QB16,7,4,UVH11s,10,0.0,-4500000.0,-4.5,498,1024,0.486328125
01a0a597-81f1-7011-9024-b8d544cd9dd8,s,C,QB16,7,4,UVH11s,11,0.0,-4050000.0,-4.05,455,1024,0.4443359375
01a0a597-81f1-7011-9024-b8d544cd9dd8,s,C,QB16,7,4,UVH11s,12,0.0,-3600000.0,-3.6,482,1024,0.470703125
01a0a597-81f1-7011-9024-b8d544cd9dd8,s,C,QB16,7,4,UVH11s,13,0.0,-3150000.0,-3.15,490,1024,0.478515625
01a0a597-81f1-7011-9024-b8d544cd9dd8,s,C,QB16,7,4,UVH11s,14,0.0,-2700000.0,-2.7,465,1024,0.4541015625
01a0a597-81f1-7011-9024-b8d544cd9dd8,s,C,QB16,7,4,UVH11s,15,0.0,-2250000.0,-2.25,500,1024,0.48828125
01a0a597-81f1-7011-9024-b8d544cd9dd8,s,C,QB16,7,4,UVH11s,16,0.0,-1800000.0,-1.8,456,1024,0.4453125
01a0a597-81f1-7011-9024-b8d544cd9dd8,s,C,QB16,7,4,UVH11s,17,0.0,-1350000.0,-1.35,469,1024,0.4580078125
01a0a597-81f1-7011-9024-b8d544cd9dd8,s,C,QB16,7,4,UVH11s,18,0.0,-900000.0,-0.9,485,1024,0.4736328125
01a0a597-81f1-7011-9024-b8d544cd9dd8,s,C,QB16,7,4,UVH11s,19,0.0,-450000.0,-0.45,493,1024,0.4814453125
01a0a597-81f1-7011-9024-b8d544cd9dd8,s,C,QB16,7,4,UVH11s,20,0.0,0.0,0.0,464,1024,0.453125
01a0a597-81f1-7011-9024-b8d544cd9dd8,s,C,QB16,7,4,UVH11s,21,0.0,450000.0,0.45,487,1024,0.4755859375
01a0a597-81f1-7011-9024-b8d544cd9dd8,s,C,QB16,7,4,UVH11s,22,0.0,900000.0,0.9,484,1024,0.47265625
01a0a597-81f1-7011-9024-b8d544cd9dd8,s,C,QB16,7,4,UVH11s,23,0.0,1350000.0,1.35,484,1024,0.47265625
01a0a597-81f1-7011-9024-b8d544cd9dd8,s,C,QB16,7,4,UVH11s,24,0.0,1800000.0,1.8,490,1024,0.478515625
01a0a597-81f1-7011-9024-b8d544cd9dd8,s,C,QB16,7,4,UVH11s,25,0.0,2250000.0,2.25,467,1024,0.4560546875
01a0a597-81f1-7011-9024-b8d544cd9dd8,s,C,QB16,7,4,UVH11s,26,0.0,2700000.0,2.7,461,1024,0.4501953125
01a0a597-81f1-7011-9024-b8d544cd9dd8,s,C,QB16,7,4,UVH11s,27,0.0,3150000.0,3.15,471,1024,0.4599609375
01a0a597-81f1-7011-9024-b8d544cd9dd8,s,C,QB16,7,4,UVH11s,28,0.0,3600000.0,3.6,468,1024,0.45703125
01a0a597-81f1-7011-9024-b8d544cd9dd8,s,C,QB16,7,4,UVH11s,29,0.0,4050000.0,4.05,463,1024,0.4521484375
01a0a597-81f1-7011-9024-b8d544cd9dd8,s,C,QB16,7,4,UVH11s,30,0.0,4500000.0,4.5,485,1024,0.4736328125
01a0a597-81f1-7011-9024-b8d544cd9dd8,s,C,QB16,7,4,UVH11s,31,0.0,4950000.0,4.95,458,1024,0.447265625
01a0a597-81f1-7011-9024-b8d544cd9dd8,s,C,QB16,7,4,UVH11s,32,0.0,5400000.0,5.4,471,1024,0.4599609375
01a0a597-81f1-7011-9024-b8d544cd9dd8,s,C,QB16,7,4,UVH11s,33,0.0,5850000.0,5.85,457,1024,0.4462890625
01a0a597-81f1-7011-9024-b8d544cd9dd8,s,C,QB16,7,4,UVH11s,34,0.0,6300000.0,6.3,466,1024,0.455078125
01a0a597-81f1-7011-9024-b8d544cd9dd8,s,C,QB16,7,4,UVH11s,35,0.0,6750000.0,6.75,449,1024,0.4384765625
01a0a597-81f1-7011-9024-b8d544cd9dd8,s,C,QB16,7,4,UVH11s,36,0.0,7200000.0,7.2,457,1024,0.4462890625
01a0a597-81f1-7011-9024-b8d544cd9dd8,s,C,QB16,7,4,UVH11s,37,0.0,7650000.0,7.65,469,1024,0.4580078125
01a0a597-81f1-7011-9024-b8d544cd9dd8,s,C,QB16,7,4,UVH11s,38,0.0,8100000.0,8.1,429,1024,0.4189453125
01a0a597-81f1-7011-9024-b8d544cd9dd8,s,C,QB16,7,4,UVH11s,39,0.0,8550000.0,8.55,421,1024,0.4111328125
01a0a597-81f1-7011-9024-b8d544cd9dd8,s,C,QB16,7,4,UVH11s,40,0.0,9000000.0,9.0,434,1024,0.423828125
01a0a597-81f1-7011-9024-b8d544cd9dd8,s,C,QB16,7,5,UVH13s,0,0.0,-9000000.0,-9.0,600,1024,0.5859375
01a0a597-81f1-7011-9024-b8d544cd9dd8,s,C,QB16,7,5,UVH13s,1,0.0,-8550000.0,-8.55,594,1024,0.580078125
01a0a597-81f1-7011-9024-b8d544cd9dd8,s,C,QB16,7,5,UVH13s,2,0.0,-8100000.0,-8.1,575,1024,0.5615234375
01a0a597-81f1-7011-9024-b8d544cd9dd8,s,C,QB16,7,5,UVH13s,3,0.0,-7650000.0,-7.65,579,1024,0.5654296875
01a0a597-81f1-7011-9024-b8d544cd9dd8,s,C,QB16,7,5,UVH13s,4,0.0,-7200000.0,-7.2,567,1024,0.5537109375
01a0a597-81f1-7011-9024-b8d544cd9dd8,s,C,QB16,7,5,UVH13s,5,0.0,-6750000.0,-6.75,540,1024,0.52734375
01a0a597-81f1-7011-9024-b8d544cd9dd8,s,C,QB16,7,5,UVH13s,6,0.0,-6300000.0,-6.3,571,1024,0.5576171875
01a0a597-81f1-7011-9024-b8d544cd9dd8,s,C,QB16,7,5,UVH13s,7,0.0,-5850000.0,-5.85,573,1024,0.5595703125
01a0a597-81f1-7011-9024-b8d544cd9dd8,s,C,QB16,7,5,UVH13s,8,0.0,-5400000.0,-5.4,538,1024,0.525390625
01a0a597-81f1-7011-9024-b8d544cd9dd8,s,C,QB16,7,5,UVH13s,9,0.0,-4950000.0,-4.95,523,1024,0.5107421875
01a0a597-81f1-7011-9024-b8d544cd9dd8,s,C,QB16,7,5,UVH13s,10,0.0,-4500000.0,-4.5,532,1024,0.51953125
01a0a597-81f1-7011-9024-b8d544cd9dd8,s,C,QB16,7,5,UVH13s,11,0.0,-4050000.0,-4.05,552,1024,0.5390625
01a0a597-81f1-7011-9024-b8d544cd9dd8,s,C,QB16,7,5,UVH13s,12,0.0,-3600000.0,-3.6,524,1024,0.51171875
01a0a597-81f1-7011-9024-b8d544cd9dd8,s,C,QB16,7,5,UVH13s,13,0.0,-3150000.0,-3.15,549,1024,0.5361328125
01a0a597-81f1-7011-9024-b8d544cd9dd8,s,C,QB16,7,5,UVH13s,14,0.0,-2700000.0,-2.7,543,1024,0.5302734375
01a0a597-81f1-7011-9024-b8d544cd9dd8,s,C,QB16,7,5,UVH13s,15,0.0,-2250000.0,-2.25,523,1024,0.5107421875
01a0a597-81f1-7011-9024-b8d544cd9dd8,s,C,QB16,7,5,UVH13s,16,0.0,-1800000.0,-1.8,522,1024,0.509765625
01a0a597-81f1-7011-9024-b8d544cd9dd8,s,C,QB16,7,5,UVH13s,17,0.0,-1350000.0,-1.35,569,1024,0.5556640625
01a0a597-81f1-7011-9024-b8d544cd9dd8,s,C,QB16,7,5,UVH13s,18,0.0,-900000.0,-0.9,549,1024,0.5361328125
01a0a597-81f1-7011-9024-b8d544cd9dd8,s,C,QB16,7,5,UVH13s,19,0.0,-450000.0,-0.45,537,1024,0.5244140625
01a0a597-81f1-7011-9024-b8d544cd9dd8,s,C,QB16,7,5,UVH13s,20,0.0,0.0,0.0,536,1024,0.5234375
01a0a597-81f1-7011-9024-b8d544cd9dd8,s,C,QB16,7,5,UVH13s,21,0.0,450000.0,0.45,527,1024,0.5146484375
01a0a597-81f1-7011-9024-b8d544cd9dd8,s,C,QB16,7,5,UVH13s,22,0.0,900000.0,0.9,542,1024,0.529296875
01a0a597-81f1-7011-9024-b8d544cd9dd8,s,C,QB16,7,5,UVH13s,23,0.0,1350000.0,1.35,483,1024,0.4716796875
01a0a597-81f1-7011-9024-b8d544cd9dd8,s,C,QB16,7,5,UVH13s,24,0.0,1800000.0,1.8,539,1024,0.5263671875
01a0a597-81f1-7011-9024-b8d544cd9dd8,s,C,QB16,7,5,UVH13s,25,0.0,2250000.0,2.25,532,1024,0.51953125
01a0a597-81f1-7011-9024-b8d544cd9dd8,s,C,QB16,7,5,UVH13s,26,0.0,2700000.0,2.7,536,1024,0.5234375
01a0a597-81f1-7011-9024-b8d544cd9dd8,s,C,QB16,7,5,UVH13s,27,0.0,3150000.0,3.15,545,1024,0.5322265625
01a0a597-81f1-7011-9024-b8d544cd9dd8,s,C,QB16,7,5,UVH13s,28,0.0,3600000.0,3.6,521,1024,0.5087890625
01a0a597-81f1-7011-9024-b8d544cd9dd8,s,C,QB16,7,5,UVH13s,29,0.0,4050000.0,4.05,521,1024,0.5087890625
01a0a597-81f1-7011-9024-b8d544cd9dd8,s,C,QB16,7,5,UVH13s,30,0.0,4500000.0,4.5,562,1024,0.548828125
01a0a597-81f1-7011-9024-b8d544cd9dd8,s,C,QB16,7,5,UVH13s,31,0.0,4950000.0,4.95,484,1024,0.47265625
01a0a597-81f1-7011-9024-b8d544cd9dd8,s,C,QB16,7,5,UVH13s,32,0.0,5400000.0,5.4,557,1024,0.5439453125
01a0a597-81f1-7011-9024-b8d544cd9dd8,s,C,QB16,7,5,UVH13s,33,0.0,5850000.0,5.85,533,1024,0.5205078125
01a0a597-81f1-7011-9024-b8d544cd9dd8,s,C,QB16,7,5,UVH13s,34,0.0,6300000.0,6.3,509,1024,0.4970703125
01a0a597-81f1-7011-9024-b8d544cd9dd8,s,C,QB16,7,5,UVH13s,35,0.0,6750000.0,6.75,513,1024,0.5009765625
01a0a597-81f1-7011-9024-b8d544cd9dd8,s,C,QB16,7,5,UVH13s,36,0.0,7200000.0,7.2,512,1024,0.5
01a0a597-81f1-7011-9024-b8d544cd9dd8,s,C,QB16,7,5,UVH13s,37,0.0,7650000.0,7.65,524,1024,0.51171875
01a0a597-81f1-7011-9024-b8d544cd9dd8,s,C,QB16,7,5,UVH13s,38,0.0,8100000.0,8.1,526,1024,0.513671875
01a0a597-81f1-7011-9024-b8d544cd9dd8,s,C,QB16,7,5,UVH13s,39,0.0,8550000.0,8.55,523,1024,0.5107421875
01a0a597-81f1-7011-9024-b8d544cd9dd8,s,C,QB16,7,5,UVH13s,40,0.0,9000000.0,9.0,518,1024,0.505859375
01a0a597-81f1-7011-9024-b8d544cd9dd8,s,C,QB4,8,0,standard_pi_2,0,0.0,-9000000.0,-9.0,560,1024,0.546875
01a0a597-81f1-7011-9024-b8d544cd9dd8,s,C,QB4,8,0,standard_pi_2,1,0.0,-8550000.0,-8.55,540,1024,0.52734375
01a0a597-81f1-7011-9024-b8d544cd9dd8,s,C,QB4,8,0,standard_pi_2,2,0.0,-8100000.0,-8.1,545,1024,0.5322265625
01a0a597-81f1-7011-9024-b8d544cd9dd8,s,C,QB4,8,0,standard_pi_2,3,0.0,-7650000.0,-7.65,567,1024,0.5537109375
01a0a597-81f1-7011-9024-b8d544cd9dd8,s,C,QB4,8,0,standard_pi_2,4,0.0,-7200000.0,-7.2,534,1024,0.521484375
01a0a597-81f1-7011-9024-b8d544cd9dd8,s,C,QB4,8,0,standard_pi_2,5,0.0,-6750000.0,-6.75,549,1024,0.5361328125
01a0a597-81f1-7011-9024-b8d544cd9dd8,s,C,QB4,8,0,standard_pi_2,6,0.0,-6300000.0,-6.3,553,1024,0.5400390625
01a0a597-81f1-7011-9024-b8d544cd9dd8,s,C,QB4,8,0,standard_pi_2,7,0.0,-5850000.0,-5.85,518,1024,0.505859375
01a0a597-81f1-7011-9024-b8d544cd9dd8,s,C,QB4,8,0,standard_pi_2,8,0.0,-5400000.0,-5.4,526,1024,0.513671875
01a0a597-81f1-7011-9024-b8d544cd9dd8,s,C,QB4,8,0,standard_pi_2,9,0.0,-4950000.0,-4.95,523,1024,0.5107421875
01a0a597-81f1-7011-9024-b8d544cd9dd8,s,C,QB4,8,0,standard_pi_2,10,0.0,-4500000.0,-4.5,510,1024,0.498046875
01a0a597-81f1-7011-9024-b8d544cd9dd8,s,C,QB4,8,0,standard_pi_2,11,0.0,-4050000.0,-4.05,540,1024,0.52734375
01a0a597-81f1-7011-9024-b8d544cd9dd8,s,C,QB4,8,0,standard_pi_2,12,0.0,-3600000.0,-3.6,532,1024,0.51953125
01a0a597-81f1-7011-9024-b8d544cd9dd8,s,C,QB4,8,0,standard_pi_2,13,0.0,-3150000.0,-3.15,519,1024,0.5068359375
01a0a597-81f1-7011-9024-b8d544cd9dd8,s,C,QB4,8,0,standard_pi_2,14,0.0,-2700000.0,-2.7,506,1024,0.494140625
01a0a597-81f1-7011-9024-b8d544cd9dd8,s,C,QB4,8,0,standard_pi_2,15,0.0,-2250000.0,-2.25,500,1024,0.48828125
01a0a597-81f1-7011-9024-b8d544cd9dd8,s,C,QB4,8,0,standard_pi_2,16,0.0,-1800000.0,-1.8,528,1024,0.515625
01a0a597-81f1-7011-9024-b8d544cd9dd8,s,C,QB4,8,0,standard_pi_2,17,0.0,-1350000.0,-1.35,526,1024,0.513671875
01a0a597-81f1-7011-9024-b8d544cd9dd8,s,C,QB4,8,0,standard_pi_2,18,0.0,-900000.0,-0.9,515,1024,0.5029296875
01a0a597-81f1-7011-9024-b8d544cd9dd8,s,C,QB4,8,0,standard_pi_2,19,0.0,-450000.0,-0.45,535,1024,0.5224609375
01a0a597-81f1-7011-9024-b8d544cd9dd8,s,C,QB4,8,0,standard_pi_2,20,0.0,0.0,0.0,517,1024,0.5048828125
01a0a597-81f1-7011-9024-b8d544cd9dd8,s,C,QB4,8,0,standard_pi_2,21,0.0,450000.0,0.45,483,1024,0.4716796875
01a0a597-81f1-7011-9024-b8d544cd9dd8,s,C,QB4,8,0,standard_pi_2,22,0.0,900000.0,0.9,495,1024,0.4833984375
01a0a597-81f1-7011-9024-b8d544cd9dd8,s,C,QB4,8,0,standard_pi_2,23,0.0,1350000.0,1.35,497,1024,0.4853515625
01a0a597-81f1-7011-9024-b8d544cd9dd8,s,C,QB4,8,0,standard_pi_2,24,0.0,1800000.0,1.8,476,1024,0.46484375
01a0a597-81f1-7011-9024-b8d544cd9dd8,s,C,QB4,8,0,standard_pi_2,25,0.0,2250000.0,2.25,487,1024,0.4755859375
01a0a597-81f1-7011-9024-b8d544cd9dd8,s,C,QB4,8,0,standard_pi_2,26,0.0,2700000.0,2.7,471,1024,0.4599609375
01a0a597-81f1-7011-9024-b8d544cd9dd8,s,C,QB4,8,0,standard_pi_2,27,0.0,3150000.0,3.15,496,1024,0.484375
01a0a597-81f1-7011-9024-b8d544cd9dd8,s,C,QB4,8,0,standard_pi_2,28,0.0,3600000.0,3.6,478,1024,0.466796875
01a0a597-81f1-7011-9024-b8d544cd9dd8,s,C,QB4,8,0,standard_pi_2,29,0.0,4050000.0,4.05,491,1024,0.4794921875
01a0a597-81f1-7011-9024-b8d544cd9dd8,s,C,QB4,8,0,standard_pi_2,30,0.0,4500000.0,4.5,501,1024,0.4892578125
01a0a597-81f1-7011-9024-b8d544cd9dd8,s,C,QB4,8,0,standard_pi_2,31,0.0,4950000.0,4.95,428,1024,0.41796875
01a0a597-81f1-7011-9024-b8d544cd9dd8,s,C,QB4,8,0,standard_pi_2,32,0.0,5400000.0,5.4,449,1024,0.4384765625
01a0a597-81f1-7011-9024-b8d544cd9dd8,s,C,QB4,8,0,standard_pi_2,33,0.0,5850000.0,5.85,463,1024,0.4521484375
01a0a597-81f1-7011-9024-b8d544cd9dd8,s,C,QB4,8,0,standard_pi_2,34,0.0,6300000.0,6.3,472,1024,0.4609375
01a0a597-81f1-7011-9024-b8d544cd9dd8,s,C,QB4,8,0,standard_pi_2,35,0.0,6750000.0,6.75,465,1024,0.4541015625
01a0a597-81f1-7011-9024-b8d544cd9dd8,s,C,QB4,8,0,standard_pi_2,36,0.0,7200000.0,7.2,444,1024,0.43359375
01a0a597-81f1-7011-9024-b8d544cd9dd8,s,C,QB4,8,0,standard_pi_2,37,0.0,7650000.0,7.65,444,1024,0.43359375
01a0a597-81f1-7011-9024-b8d544cd9dd8,s,C,QB4,8,0,standard_pi_2,38,0.0,8100000.0,8.1,454,1024,0.443359375
01a0a597-81f1-7011-9024-b8d544cd9dd8,s,C,QB4,8,0,standard_pi_2,39,0.0,8550000.0,8.55,450,1024,0.439453125
01a0a597-81f1-7011-9024-b8d544cd9dd8,s,C,QB4,8,0,standard_pi_2,40,0.0,9000000.0,9.0,489,1024,0.4775390625
01a0a597-81f1-7011-9024-b8d544cd9dd8,s,C,QB4,8,1,UVH5s,0,0.0,-9000000.0,-9.0,683,1024,0.6669921875
01a0a597-81f1-7011-9024-b8d544cd9dd8,s,C,QB4,8,1,UVH5s,1,0.0,-8550000.0,-8.55,677,1024,0.6611328125
01a0a597-81f1-7011-9024-b8d544cd9dd8,s,C,QB4,8,1,UVH5s,2,0.0,-8100000.0,-8.1,645,1024,0.6298828125
01a0a597-81f1-7011-9024-b8d544cd9dd8,s,C,QB4,8,1,UVH5s,3,0.0,-7650000.0,-7.65,671,1024,0.6552734375
01a0a597-81f1-7011-9024-b8d544cd9dd8,s,C,QB4,8,1,UVH5s,4,0.0,-7200000.0,-7.2,666,1024,0.650390625
01a0a597-81f1-7011-9024-b8d544cd9dd8,s,C,QB4,8,1,UVH5s,5,0.0,-6750000.0,-6.75,672,1024,0.65625
01a0a597-81f1-7011-9024-b8d544cd9dd8,s,C,QB4,8,1,UVH5s,6,0.0,-6300000.0,-6.3,665,1024,0.6494140625
01a0a597-81f1-7011-9024-b8d544cd9dd8,s,C,QB4,8,1,UVH5s,7,0.0,-5850000.0,-5.85,635,1024,0.6201171875
01a0a597-81f1-7011-9024-b8d544cd9dd8,s,C,QB4,8,1,UVH5s,8,0.0,-5400000.0,-5.4,648,1024,0.6328125
01a0a597-81f1-7011-9024-b8d544cd9dd8,s,C,QB4,8,1,UVH5s,9,0.0,-4950000.0,-4.95,602,1024,0.587890625
01a0a597-81f1-7011-9024-b8d544cd9dd8,s,C,QB4,8,1,UVH5s,10,0.0,-4500000.0,-4.5,583,1024,0.5693359375
01a0a597-81f1-7011-9024-b8d544cd9dd8,s,C,QB4,8,1,UVH5s,11,0.0,-4050000.0,-4.05,590,1024,0.576171875
01a0a597-81f1-7011-9024-b8d544cd9dd8,s,C,QB4,8,1,UVH5s,12,0.0,-3600000.0,-3.6,549,1024,0.5361328125
01a0a597-81f1-7011-9024-b8d544cd9dd8,s,C,QB4,8,1,UVH5s,13,0.0,-3150000.0,-3.15,586,1024,0.572265625
01a0a597-81f1-7011-9024-b8d544cd9dd8,s,C,QB4,8,1,UVH5s,14,0.0,-2700000.0,-2.7,541,1024,0.5283203125
01a0a597-81f1-7011-9024-b8d544cd9dd8,s,C,QB4,8,1,UVH5s,15,0.0,-2250000.0,-2.25,576,1024,0.5625
01a0a597-81f1-7011-9024-b8d544cd9dd8,s,C,QB4,8,1,UVH5s,16,0.0,-1800000.0,-1.8,529,1024,0.5166015625
01a0a597-81f1-7011-9024-b8d544cd9dd8,s,C,QB4,8,1,UVH5s,17,0.0,-1350000.0,-1.35,526,1024,0.513671875
01a0a597-81f1-7011-9024-b8d544cd9dd8,s,C,QB4,8,1,UVH5s,18,0.0,-900000.0,-0.9,524,1024,0.51171875
01a0a597-81f1-7011-9024-b8d544cd9dd8,s,C,QB4,8,1,UVH5s,19,0.0,-450000.0,-0.45,546,1024,0.533203125
01a0a597-81f1-7011-9024-b8d544cd9dd8,s,C,QB4,8,1,UVH5s,20,0.0,0.0,0.0,542,1024,0.529296875
01a0a597-81f1-7011-9024-b8d544cd9dd8,s,C,QB4,8,1,UVH5s,21,0.0,450000.0,0.45,507,1024,0.4951171875
01a0a597-81f1-7011-9024-b8d544cd9dd8,s,C,QB4,8,1,UVH5s,22,0.0,900000.0,0.9,519,1024,0.5068359375
01a0a597-81f1-7011-9024-b8d544cd9dd8,s,C,QB4,8,1,UVH5s,23,0.0,1350000.0,1.35,541,1024,0.5283203125
01a0a597-81f1-7011-9024-b8d544cd9dd8,s,C,QB4,8,1,UVH5s,24,0.0,1800000.0,1.8,538,1024,0.525390625
01a0a597-81f1-7011-9024-b8d544cd9dd8,s,C,QB4,8,1,UVH5s,25,0.0,2250000.0,2.25,548,1024,0.53515625
01a0a597-81f1-7011-9024-b8d544cd9dd8,s,C,QB4,8,1,UVH5s,26,0.0,2700000.0,2.7,566,1024,0.552734375
01a0a597-81f1-7011-9024-b8d544cd9dd8,s,C,QB4,8,1,UVH5s,27,0.0,3150000.0,3.15,567,1024,0.5537109375
01a0a597-81f1-7011-9024-b8d544cd9dd8,s,C,QB4,8,1,UVH5s,28,0.0,3600000.0,3.6,616,1024,0.6015625
01a0a597-81f1-7011-9024-b8d544cd9dd8,s,C,QB4,8,1,UVH5s,29,0.0,4050000.0,4.05,627,1024,0.6123046875
01a0a597-81f1-7011-9024-b8d544cd9dd8,s,C,QB4,8,1,UVH5s,30,0.0,4500000.0,4.5,646,1024,0.630859375
01a0a597-81f1-7011-9024-b8d544cd9dd8,s,C,QB4,8,1,UVH5s,31,0.0,4950000.0,4.95,683,1024,0.6669921875
01a0a597-81f1-7011-9024-b8d544cd9dd8,s,C,QB4,8,1,UVH5s,32,0.0,5400000.0,5.4,677,1024,0.6611328125
01a0a597-81f1-7011-9024-b8d544cd9dd8,s,C,QB4,8,1,UVH5s,33,0.0,5850000.0,5.85,695,1024,0.6787109375
01a0a597-81f1-7011-9024-b8d544cd9dd8,s,C,QB4,8,1,UVH5s,34,0.0,6300000.0,6.3,730,1024,0.712890625
01a0a597-81f1-7011-9024-b8d544cd9dd8,s,C,QB4,8,1,UVH5s,35,0.0,6750000.0,6.75,732,1024,0.71484375
01a0a597-81f1-7011-9024-b8d544cd9dd8,s,C,QB4,8,1,UVH5s,36,0.0,7200000.0,7.2,756,1024,0.73828125
01a0a597-81f1-7011-9024-b8d544cd9dd8,s,C,QB4,8,1,UVH5s,37,0.0,7650000.0,7.65,774,1024,0.755859375
01a0a597-81f1-7011-9024-b8d544cd9dd8,s,C,QB4,8,1,UVH5s,38,0.0,8100000.0,8.1,806,1024,0.787109375
01a0a597-81f1-7011-9024-b8d544cd9dd8,s,C,QB4,8,1,UVH5s,39,0.0,8550000.0,8.55,830,1024,0.810546875
01a0a597-81f1-7011-9024-b8d544cd9dd8,s,C,QB4,8,1,UVH5s,40,0.0,9000000.0,9.0,847,1024,0.8271484375
01a0a597-81f1-7011-9024-b8d544cd9dd8,s,C,QB4,8,2,UVH7s,0,0.0,-9000000.0,-9.0,587,1024,0.5732421875
01a0a597-81f1-7011-9024-b8d544cd9dd8,s,C,QB4,8,2,UVH7s,1,0.0,-8550000.0,-8.55,607,1024,0.5927734375
01a0a597-81f1-7011-9024-b8d544cd9dd8,s,C,QB4,8,2,UVH7s,2,0.0,-8100000.0,-8.1,580,1024,0.56640625
01a0a597-81f1-7011-9024-b8d544cd9dd8,s,C,QB4,8,2,UVH7s,3,0.0,-7650000.0,-7.65,588,1024,0.57421875
01a0a597-81f1-7011-9024-b8d544cd9dd8,s,C,QB4,8,2,UVH7s,4,0.0,-7200000.0,-7.2,598,1024,0.583984375
01a0a597-81f1-7011-9024-b8d544cd9dd8,s,C,QB4,8,2,UVH7s,5,0.0,-6750000.0,-6.75,564,1024,0.55078125
01a0a597-81f1-7011-9024-b8d544cd9dd8,s,C,QB4,8,2,UVH7s,6,0.0,-6300000.0,-6.3,569,1024,0.5556640625
01a0a597-81f1-7011-9024-b8d544cd9dd8,s,C,QB4,8,2,UVH7s,7,0.0,-5850000.0,-5.85,587,1024,0.5732421875
01a0a597-81f1-7011-9024-b8d544cd9dd8,s,C,QB4,8,2,UVH7s,8,0.0,-5400000.0,-5.4,539,1024,0.5263671875
01a0a597-81f1-7011-9024-b8d544cd9dd8,s,C,QB4,8,2,UVH7s,9,0.0,-4950000.0,-4.95,528,1024,0.515625
01a0a597-81f1-7011-9024-b8d544cd9dd8,s,C,QB4,8,2,UVH7s,10,0.0,-4500000.0,-4.5,554,1024,0.541015625
01a0a597-81f1-7011-9024-b8d544cd9dd8,s,C,QB4,8,2,UVH7s,11,0.0,-4050000.0,-4.05,552,1024,0.5390625
01a0a597-81f1-7011-9024-b8d544cd9dd8,s,C,QB4,8,2,UVH7s,12,0.0,-3600000.0,-3.6,533,1024,0.5205078125
01a0a597-81f1-7011-9024-b8d544cd9dd8,s,C,QB4,8,2,UVH7s,13,0.0,-3150000.0,-3.15,507,1024,0.4951171875
01a0a597-81f1-7011-9024-b8d544cd9dd8,s,C,QB4,8,2,UVH7s,14,0.0,-2700000.0,-2.7,491,1024,0.4794921875
01a0a597-81f1-7011-9024-b8d544cd9dd8,s,C,QB4,8,2,UVH7s,15,0.0,-2250000.0,-2.25,552,1024,0.5390625
01a0a597-81f1-7011-9024-b8d544cd9dd8,s,C,QB4,8,2,UVH7s,16,0.0,-1800000.0,-1.8,493,1024,0.4814453125
01a0a597-81f1-7011-9024-b8d544cd9dd8,s,C,QB4,8,2,UVH7s,17,0.0,-1350000.0,-1.35,496,1024,0.484375
01a0a597-81f1-7011-9024-b8d544cd9dd8,s,C,QB4,8,2,UVH7s,18,0.0,-900000.0,-0.9,520,1024,0.5078125
01a0a597-81f1-7011-9024-b8d544cd9dd8,s,C,QB4,8,2,UVH7s,19,0.0,-450000.0,-0.45,538,1024,0.525390625
01a0a597-81f1-7011-9024-b8d544cd9dd8,s,C,QB4,8,2,UVH7s,20,0.0,0.0,0.0,506,1024,0.494140625
01a0a597-81f1-7011-9024-b8d544cd9dd8,s,C,QB4,8,2,UVH7s,21,0.0,450000.0,0.45,531,1024,0.5185546875
01a0a597-81f1-7011-9024-b8d544cd9dd8,s,C,QB4,8,2,UVH7s,22,0.0,900000.0,0.9,531,1024,0.5185546875
01a0a597-81f1-7011-9024-b8d544cd9dd8,s,C,QB4,8,2,UVH7s,23,0.0,1350000.0,1.35,491,1024,0.4794921875
01a0a597-81f1-7011-9024-b8d544cd9dd8,s,C,QB4,8,2,UVH7s,24,0.0,1800000.0,1.8,548,1024,0.53515625
01a0a597-81f1-7011-9024-b8d544cd9dd8,s,C,QB4,8,2,UVH7s,25,0.0,2250000.0,2.25,517,1024,0.5048828125
01a0a597-81f1-7011-9024-b8d544cd9dd8,s,C,QB4,8,2,UVH7s,26,0.0,2700000.0,2.7,491,1024,0.4794921875
01a0a597-81f1-7011-9024-b8d544cd9dd8,s,C,QB4,8,2,UVH7s,27,0.0,3150000.0,3.15,491,1024,0.4794921875
01a0a597-81f1-7011-9024-b8d544cd9dd8,s,C,QB4,8,2,UVH7s,28,0.0,3600000.0,3.6,482,1024,0.470703125
01a0a597-81f1-7011-9024-b8d544cd9dd8,s,C,QB4,8,2,UVH7s,29,0.0,4050000.0,4.05,524,1024,0.51171875
01a0a597-81f1-7011-9024-b8d544cd9dd8,s,C,QB4,8,2,UVH7s,30,0.0,4500000.0,4.5,511,1024,0.4990234375
01a0a597-81f1-7011-9024-b8d544cd9dd8,s,C,QB4,8,2,UVH7s,31,0.0,4950000.0,4.95,530,1024,0.517578125
01a0a597-81f1-7011-9024-b8d544cd9dd8,s,C,QB4,8,2,UVH7s,32,0.0,5400000.0,5.4,520,1024,0.5078125
01a0a597-81f1-7011-9024-b8d544cd9dd8,s,C,QB4,8,2,UVH7s,33,0.0,5850000.0,5.85,571,1024,0.5576171875
01a0a597-81f1-7011-9024-b8d544cd9dd8,s,C,QB4,8,2,UVH7s,34,0.0,6300000.0,6.3,594,1024,0.580078125
01a0a597-81f1-7011-9024-b8d544cd9dd8,s,C,QB4,8,2,UVH7s,35,0.0,6750000.0,6.75,600,1024,0.5859375
01a0a597-81f1-7011-9024-b8d544cd9dd8,s,C,QB4,8,2,UVH7s,36,0.0,7200000.0,7.2,653,1024,0.6376953125
01a0a597-81f1-7011-9024-b8d544cd9dd8,s,C,QB4,8,2,UVH7s,37,0.0,7650000.0,7.65,686,1024,0.669921875
01a0a597-81f1-7011-9024-b8d544cd9dd8,s,C,QB4,8,2,UVH7s,38,0.0,8100000.0,8.1,677,1024,0.6611328125
01a0a597-81f1-7011-9024-b8d544cd9dd8,s,C,QB4,8,2,UVH7s,39,0.0,8550000.0,8.55,680,1024,0.6640625
01a0a597-81f1-7011-9024-b8d544cd9dd8,s,C,QB4,8,2,UVH7s,40,0.0,9000000.0,9.0,700,1024,0.68359375
01a0a597-81f1-7011-9024-b8d544cd9dd8,s,C,QB4,8,3,UVH9s,0,0.0,-9000000.0,-9.0,416,1024,0.40625
01a0a597-81f1-7011-9024-b8d544cd9dd8,s,C,QB4,8,3,UVH9s,1,0.0,-8550000.0,-8.55,425,1024,0.4150390625
01a0a597-81f1-7011-9024-b8d544cd9dd8,s,C,QB4,8,3,UVH9s,2,0.0,-8100000.0,-8.1,435,1024,0.4248046875
01a0a597-81f1-7011-9024-b8d544cd9dd8,s,C,QB4,8,3,UVH9s,3,0.0,-7650000.0,-7.65,402,1024,0.392578125
01a0a597-81f1-7011-9024-b8d544cd9dd8,s,C,QB4,8,3,UVH9s,4,0.0,-7200000.0,-7.2,437,1024,0.4267578125
01a0a597-81f1-7011-9024-b8d544cd9dd8,s,C,QB4,8,3,UVH9s,5,0.0,-6750000.0,-6.75,467,1024,0.4560546875
01a0a597-81f1-7011-9024-b8d544cd9dd8,s,C,QB4,8,3,UVH9s,6,0.0,-6300000.0,-6.3,437,1024,0.4267578125
01a0a597-81f1-7011-9024-b8d544cd9dd8,s,C,QB4,8,3,UVH9s,7,0.0,-5850000.0,-5.85,468,1024,0.45703125
01a0a597-81f1-7011-9024-b8d544cd9dd8,s,C,QB4,8,3,UVH9s,8,0.0,-5400000.0,-5.4,481,1024,0.4697265625
01a0a597-81f1-7011-9024-b8d544cd9dd8,s,C,QB4,8,3,UVH9s,9,0.0,-4950000.0,-4.95,494,1024,0.482421875
01a0a597-81f1-7011-9024-b8d544cd9dd8,s,C,QB4,8,3,UVH9s,10,0.0,-4500000.0,-4.5,446,1024,0.435546875
01a0a597-81f1-7011-9024-b8d544cd9dd8,s,C,QB4,8,3,UVH9s,11,0.0,-4050000.0,-4.05,503,1024,0.4912109375
01a0a597-81f1-7011-9024-b8d544cd9dd8,s,C,QB4,8,3,UVH9s,12,0.0,-3600000.0,-3.6,508,1024,0.49609375
01a0a597-81f1-7011-9024-b8d544cd9dd8,s,C,QB4,8,3,UVH9s,13,0.0,-3150000.0,-3.15,496,1024,0.484375
01a0a597-81f1-7011-9024-b8d544cd9dd8,s,C,QB4,8,3,UVH9s,14,0.0,-2700000.0,-2.7,508,1024,0.49609375
01a0a597-81f1-7011-9024-b8d544cd9dd8,s,C,QB4,8,3,UVH9s,15,0.0,-2250000.0,-2.25,491,1024,0.4794921875
01a0a597-81f1-7011-9024-b8d544cd9dd8,s,C,QB4,8,3,UVH9s,16,0.0,-1800000.0,-1.8,496,1024,0.484375
01a0a597-81f1-7011-9024-b8d544cd9dd8,s,C,QB4,8,3,UVH9s,17,0.0,-1350000.0,-1.35,511,1024,0.4990234375
01a0a597-81f1-7011-9024-b8d544cd9dd8,s,C,QB4,8,3,UVH9s,18,0.0,-900000.0,-0.9,502,1024,0.490234375
01a0a597-81f1-7011-9024-b8d544cd9dd8,s,C,QB4,8,3,UVH9s,19,0.0,-450000.0,-0.45,505,1024,0.4931640625
01a0a597-81f1-7011-9024-b8d544cd9dd8,s,C,QB4,8,3,UVH9s,20,0.0,0.0,0.0,517,1024,0.5048828125
01a0a597-81f1-7011-9024-b8d544cd9dd8,s,C,QB4,8,3,UVH9s,21,0.0,450000.0,0.45,512,1024,0.5
01a0a597-81f1-7011-9024-b8d544cd9dd8,s,C,QB4,8,3,UVH9s,22,0.0,900000.0,0.9,505,1024,0.4931640625
01a0a597-81f1-7011-9024-b8d544cd9dd8,s,C,QB4,8,3,UVH9s,23,0.0,1350000.0,1.35,547,1024,0.5341796875
01a0a597-81f1-7011-9024-b8d544cd9dd8,s,C,QB4,8,3,UVH9s,24,0.0,1800000.0,1.8,507,1024,0.4951171875
01a0a597-81f1-7011-9024-b8d544cd9dd8,s,C,QB4,8,3,UVH9s,25,0.0,2250000.0,2.25,532,1024,0.51953125
01a0a597-81f1-7011-9024-b8d544cd9dd8,s,C,QB4,8,3,UVH9s,26,0.0,2700000.0,2.7,536,1024,0.5234375
01a0a597-81f1-7011-9024-b8d544cd9dd8,s,C,QB4,8,3,UVH9s,27,0.0,3150000.0,3.15,503,1024,0.4912109375
01a0a597-81f1-7011-9024-b8d544cd9dd8,s,C,QB4,8,3,UVH9s,28,0.0,3600000.0,3.6,509,1024,0.4970703125
01a0a597-81f1-7011-9024-b8d544cd9dd8,s,C,QB4,8,3,UVH9s,29,0.0,4050000.0,4.05,522,1024,0.509765625
01a0a597-81f1-7011-9024-b8d544cd9dd8,s,C,QB4,8,3,UVH9s,30,0.0,4500000.0,4.5,499,1024,0.4873046875
01a0a597-81f1-7011-9024-b8d544cd9dd8,s,C,QB4,8,3,UVH9s,31,0.0,4950000.0,4.95,514,1024,0.501953125
01a0a597-81f1-7011-9024-b8d544cd9dd8,s,C,QB4,8,3,UVH9s,32,0.0,5400000.0,5.4,509,1024,0.4970703125
01a0a597-81f1-7011-9024-b8d544cd9dd8,s,C,QB4,8,3,UVH9s,33,0.0,5850000.0,5.85,506,1024,0.494140625
01a0a597-81f1-7011-9024-b8d544cd9dd8,s,C,QB4,8,3,UVH9s,34,0.0,6300000.0,6.3,484,1024,0.47265625
01a0a597-81f1-7011-9024-b8d544cd9dd8,s,C,QB4,8,3,UVH9s,35,0.0,6750000.0,6.75,473,1024,0.4619140625
01a0a597-81f1-7011-9024-b8d544cd9dd8,s,C,QB4,8,3,UVH9s,36,0.0,7200000.0,7.2,455,1024,0.4443359375
01a0a597-81f1-7011-9024-b8d544cd9dd8,s,C,QB4,8,3,UVH9s,37,0.0,7650000.0,7.65,404,1024,0.39453125
01a0a597-81f1-7011-9024-b8d544cd9dd8,s,C,QB4,8,3,UVH9s,38,0.0,8100000.0,8.1,400,1024,0.390625
01a0a597-81f1-7011-9024-b8d544cd9dd8,s,C,QB4,8,3,UVH9s,39,0.0,8550000.0,8.55,346,1024,0.337890625
01a0a597-81f1-7011-9024-b8d544cd9dd8,s,C,QB4,8,3,UVH9s,40,0.0,9000000.0,9.0,357,1024,0.3486328125
01a0a597-81f1-7011-9024-b8d544cd9dd8,s,C,QB4,8,4,UVH11s,0,0.0,-9000000.0,-9.0,506,1024,0.494140625
01a0a597-81f1-7011-9024-b8d544cd9dd8,s,C,QB4,8,4,UVH11s,1,0.0,-8550000.0,-8.55,489,1024,0.4775390625
01a0a597-81f1-7011-9024-b8d544cd9dd8,s,C,QB4,8,4,UVH11s,2,0.0,-8100000.0,-8.1,478,1024,0.466796875
01a0a597-81f1-7011-9024-b8d544cd9dd8,s,C,QB4,8,4,UVH11s,3,0.0,-7650000.0,-7.65,453,1024,0.4423828125
01a0a597-81f1-7011-9024-b8d544cd9dd8,s,C,QB4,8,4,UVH11s,4,0.0,-7200000.0,-7.2,472,1024,0.4609375
01a0a597-81f1-7011-9024-b8d544cd9dd8,s,C,QB4,8,4,UVH11s,5,0.0,-6750000.0,-6.75,477,1024,0.4658203125
01a0a597-81f1-7011-9024-b8d544cd9dd8,s,C,QB4,8,4,UVH11s,6,0.0,-6300000.0,-6.3,477,1024,0.4658203125
01a0a597-81f1-7011-9024-b8d544cd9dd8,s,C,QB4,8,4,UVH11s,7,0.0,-5850000.0,-5.85,482,1024,0.470703125
01a0a597-81f1-7011-9024-b8d544cd9dd8,s,C,QB4,8,4,UVH11s,8,0.0,-5400000.0,-5.4,495,1024,0.4833984375
01a0a597-81f1-7011-9024-b8d544cd9dd8,s,C,QB4,8,4,UVH11s,9,0.0,-4950000.0,-4.95,463,1024,0.4521484375
01a0a597-81f1-7011-9024-b8d544cd9dd8,s,C,QB4,8,4,UVH11s,10,0.0,-4500000.0,-4.5,497,1024,0.4853515625
01a0a597-81f1-7011-9024-b8d544cd9dd8,s,C,QB4,8,4,UVH11s,11,0.0,-4050000.0,-4.05,505,1024,0.4931640625
01a0a597-81f1-7011-9024-b8d544cd9dd8,s,C,QB4,8,4,UVH11s,12,0.0,-3600000.0,-3.6,528,1024,0.515625
01a0a597-81f1-7011-9024-b8d544cd9dd8,s,C,QB4,8,4,UVH11s,13,0.0,-3150000.0,-3.15,502,1024,0.490234375
01a0a597-81f1-7011-9024-b8d544cd9dd8,s,C,QB4,8,4,UVH11s,14,0.0,-2700000.0,-2.7,488,1024,0.4765625
01a0a597-81f1-7011-9024-b8d544cd9dd8,s,C,QB4,8,4,UVH11s,15,0.0,-2250000.0,-2.25,489,1024,0.4775390625
01a0a597-81f1-7011-9024-b8d544cd9dd8,s,C,QB4,8,4,UVH11s,16,0.0,-1800000.0,-1.8,510,1024,0.498046875
01a0a597-81f1-7011-9024-b8d544cd9dd8,s,C,QB4,8,4,UVH11s,17,0.0,-1350000.0,-1.35,494,1024,0.482421875
01a0a597-81f1-7011-9024-b8d544cd9dd8,s,C,QB4,8,4,UVH11s,18,0.0,-900000.0,-0.9,537,1024,0.5244140625
01a0a597-81f1-7011-9024-b8d544cd9dd8,s,C,QB4,8,4,UVH11s,19,0.0,-450000.0,-0.45,505,1024,0.4931640625
01a0a597-81f1-7011-9024-b8d544cd9dd8,s,C,QB4,8,4,UVH11s,20,0.0,0.0,0.0,520,1024,0.5078125
01a0a597-81f1-7011-9024-b8d544cd9dd8,s,C,QB4,8,4,UVH11s,21,0.0,450000.0,0.45,526,1024,0.513671875
01a0a597-81f1-7011-9024-b8d544cd9dd8,s,C,QB4,8,4,UVH11s,22,0.0,900000.0,0.9,531,1024,0.5185546875
01a0a597-81f1-7011-9024-b8d544cd9dd8,s,C,QB4,8,4,UVH11s,23,0.0,1350000.0,1.35,511,1024,0.4990234375
01a0a597-81f1-7011-9024-b8d544cd9dd8,s,C,QB4,8,4,UVH11s,24,0.0,1800000.0,1.8,532,1024,0.51953125
01a0a597-81f1-7011-9024-b8d544cd9dd8,s,C,QB4,8,4,UVH11s,25,0.0,2250000.0,2.25,509,1024,0.4970703125
01a0a597-81f1-7011-9024-b8d544cd9dd8,s,C,QB4,8,4,UVH11s,26,0.0,2700000.0,2.7,520,1024,0.5078125
01a0a597-81f1-7011-9024-b8d544cd9dd8,s,C,QB4,8,4,UVH11s,27,0.0,3150000.0,3.15,504,1024,0.4921875
01a0a597-81f1-7011-9024-b8d544cd9dd8,s,C,QB4,8,4,UVH11s,28,0.0,3600000.0,3.6,507,1024,0.4951171875
01a0a597-81f1-7011-9024-b8d544cd9dd8,s,C,QB4,8,4,UVH11s,29,0.0,4050000.0,4.05,493,1024,0.4814453125
01a0a597-81f1-7011-9024-b8d544cd9dd8,s,C,QB4,8,4,UVH11s,30,0.0,4500000.0,4.5,508,1024,0.49609375
01a0a597-81f1-7011-9024-b8d544cd9dd8,s,C,QB4,8,4,UVH11s,31,0.0,4950000.0,4.95,508,1024,0.49609375
01a0a597-81f1-7011-9024-b8d544cd9dd8,s,C,QB4,8,4,UVH11s,32,0.0,5400000.0,5.4,511,1024,0.4990234375
01a0a597-81f1-7011-9024-b8d544cd9dd8,s,C,QB4,8,4,UVH11s,33,0.0,5850000.0,5.85,525,1024,0.5126953125
01a0a597-81f1-7011-9024-b8d544cd9dd8,s,C,QB4,8,4,UVH11s,34,0.0,6300000.0,6.3,494,1024,0.482421875
01a0a597-81f1-7011-9024-b8d544cd9dd8,s,C,QB4,8,4,UVH11s,35,0.0,6750000.0,6.75,491,1024,0.4794921875
01a0a597-81f1-7011-9024-b8d544cd9dd8,s,C,QB4,8,4,UVH11s,36,0.0,7200000.0,7.2,492,1024,0.48046875
01a0a597-81f1-7011-9024-b8d544cd9dd8,s,C,QB4,8,4,UVH11s,37,0.0,7650000.0,7.65,440,1024,0.4296875
01a0a597-81f1-7011-9024-b8d544cd9dd8,s,C,QB4,8,4,UVH11s,38,0.0,8100000.0,8.1,494,1024,0.482421875
01a0a597-81f1-7011-9024-b8d544cd9dd8,s,C,QB4,8,4,UVH11s,39,0.0,8550000.0,8.55,421,1024,0.4111328125
01a0a597-81f1-7011-9024-b8d544cd9dd8,s,C,QB4,8,4,UVH11s,40,0.0,9000000.0,9.0,447,1024,0.4365234375
01a0a597-81f1-7011-9024-b8d544cd9dd8,s,C,QB4,8,5,UVH13s,0,0.0,-9000000.0,-9.0,568,1024,0.5546875
01a0a597-81f1-7011-9024-b8d544cd9dd8,s,C,QB4,8,5,UVH13s,1,0.0,-8550000.0,-8.55,553,1024,0.5400390625
01a0a597-81f1-7011-9024-b8d544cd9dd8,s,C,QB4,8,5,UVH13s,2,0.0,-8100000.0,-8.1,545,1024,0.5322265625
01a0a597-81f1-7011-9024-b8d544cd9dd8,s,C,QB4,8,5,UVH13s,3,0.0,-7650000.0,-7.65,550,1024,0.537109375
01a0a597-81f1-7011-9024-b8d544cd9dd8,s,C,QB4,8,5,UVH13s,4,0.0,-7200000.0,-7.2,552,1024,0.5390625
01a0a597-81f1-7011-9024-b8d544cd9dd8,s,C,QB4,8,5,UVH13s,5,0.0,-6750000.0,-6.75,546,1024,0.533203125
01a0a597-81f1-7011-9024-b8d544cd9dd8,s,C,QB4,8,5,UVH13s,6,0.0,-6300000.0,-6.3,549,1024,0.5361328125
01a0a597-81f1-7011-9024-b8d544cd9dd8,s,C,QB4,8,5,UVH13s,7,0.0,-5850000.0,-5.85,521,1024,0.5087890625
01a0a597-81f1-7011-9024-b8d544cd9dd8,s,C,QB4,8,5,UVH13s,8,0.0,-5400000.0,-5.4,517,1024,0.5048828125
01a0a597-81f1-7011-9024-b8d544cd9dd8,s,C,QB4,8,5,UVH13s,9,0.0,-4950000.0,-4.95,503,1024,0.4912109375
01a0a597-81f1-7011-9024-b8d544cd9dd8,s,C,QB4,8,5,UVH13s,10,0.0,-4500000.0,-4.5,524,1024,0.51171875
01a0a597-81f1-7011-9024-b8d544cd9dd8,s,C,QB4,8,5,UVH13s,11,0.0,-4050000.0,-4.05,510,1024,0.498046875
01a0a597-81f1-7011-9024-b8d544cd9dd8,s,C,QB4,8,5,UVH13s,12,0.0,-3600000.0,-3.6,517,1024,0.5048828125
01a0a597-81f1-7011-9024-b8d544cd9dd8,s,C,QB4,8,5,UVH13s,13,0.0,-3150000.0,-3.15,516,1024,0.50390625
01a0a597-81f1-7011-9024-b8d544cd9dd8,s,C,QB4,8,5,UVH13s,14,0.0,-2700000.0,-2.7,509,1024,0.4970703125
01a0a597-81f1-7011-9024-b8d544cd9dd8,s,C,QB4,8,5,UVH13s,15,0.0,-2250000.0,-2.25,505,1024,0.4931640625
01a0a597-81f1-7011-9024-b8d544cd9dd8,s,C,QB4,8,5,UVH13s,16,0.0,-1800000.0,-1.8,513,1024,0.5009765625
01a0a597-81f1-7011-9024-b8d544cd9dd8,s,C,QB4,8,5,UVH13s,17,0.0,-1350000.0,-1.35,508,1024,0.49609375
01a0a597-81f1-7011-9024-b8d544cd9dd8,s,C,QB4,8,5,UVH13s,18,0.0,-900000.0,-0.9,504,1024,0.4921875
01a0a597-81f1-7011-9024-b8d544cd9dd8,s,C,QB4,8,5,UVH13s,19,0.0,-450000.0,-0.45,499,1024,0.4873046875
01a0a597-81f1-7011-9024-b8d544cd9dd8,s,C,QB4,8,5,UVH13s,20,0.0,0.0,0.0,504,1024,0.4921875
01a0a597-81f1-7011-9024-b8d544cd9dd8,s,C,QB4,8,5,UVH13s,21,0.0,450000.0,0.45,524,1024,0.51171875
01a0a597-81f1-7011-9024-b8d544cd9dd8,s,C,QB4,8,5,UVH13s,22,0.0,900000.0,0.9,500,1024,0.48828125
01a0a597-81f1-7011-9024-b8d544cd9dd8,s,C,QB4,8,5,UVH13s,23,0.0,1350000.0,1.35,512,1024,0.5
01a0a597-81f1-7011-9024-b8d544cd9dd8,s,C,QB4,8,5,UVH13s,24,0.0,1800000.0,1.8,489,1024,0.4775390625
01a0a597-81f1-7011-9024-b8d544cd9dd8,s,C,QB4,8,5,UVH13s,25,0.0,2250000.0,2.25,524,1024,0.51171875
01a0a597-81f1-7011-9024-b8d544cd9dd8,s,C,QB4,8,5,UVH13s,26,0.0,2700000.0,2.7,528,1024,0.515625
01a0a597-81f1-7011-9024-b8d544cd9dd8,s,C,QB4,8,5,UVH13s,27,0.0,3150000.0,3.15,543,1024,0.5302734375
01a0a597-81f1-7011-9024-b8d544cd9dd8,s,C,QB4,8,5,UVH13s,28,0.0,3600000.0,3.6,516,1024,0.50390625
01a0a597-81f1-7011-9024-b8d544cd9dd8,s,C,QB4,8,5,UVH13s,29,0.0,4050000.0,4.05,511,1024,0.4990234375
01a0a597-81f1-7011-9024-b8d544cd9dd8,s,C,QB4,8,5,UVH13s,30,0.0,4500000.0,4.5,512,1024,0.5
01a0a597-81f1-7011-9024-b8d544cd9dd8,s,C,QB4,8,5,UVH13s,31,0.0,4950000.0,4.95,494,1024,0.482421875
01a0a597-81f1-7011-9024-b8d544cd9dd8,s,C,QB4,8,5,UVH13s,32,0.0,5400000.0,5.4,531,1024,0.5185546875
01a0a597-81f1-7011-9024-b8d544cd9dd8,s,C,QB4,8,5,UVH13s,33,0.0,5850000.0,5.85,483,1024,0.4716796875
01a0a597-81f1-7011-9024-b8d544cd9dd8,s,C,QB4,8,5,UVH13s,34,0.0,6300000.0,6.3,508,1024,0.49609375
01a0a597-81f1-7011-9024-b8d544cd9dd8,s,C,QB4,8,5,UVH13s,35,0.0,6750000.0,6.75,467,1024,0.4560546875
01a0a597-81f1-7011-9024-b8d544cd9dd8,s,C,QB4,8,5,UVH13s,36,0.0,7200000.0,7.2,493,1024,0.4814453125
01a0a597-81f1-7011-9024-b8d544cd9dd8,s,C,QB4,8,5,UVH13s,37,0.0,7650000.0,7.65,497,1024,0.4853515625
01a0a597-81f1-7011-9024-b8d544cd9dd8,s,C,QB4,8,5,UVH13s,38,0.0,8100000.0,8.1,469,1024,0.4580078125
01a0a597-81f1-7011-9024-b8d544cd9dd8,s,C,QB4,8,5,UVH13s,39,0.0,8550000.0,8.55,487,1024,0.4755859375
01a0a597-81f1-7011-9024-b8d544cd9dd8,s,C,QB4,8,5,UVH13s,40,0.0,9000000.0,9.0,481,1024,0.4697265625
01a0a597-81f1-7011-9024-b8d544cd9dd8,s,C,QB14,9,0,standard_pi_2,0,0.0,-9000000.0,-9.0,542,1024,0.529296875
01a0a597-81f1-7011-9024-b8d544cd9dd8,s,C,QB14,9,0,standard_pi_2,1,0.0,-8550000.0,-8.55,552,1024,0.5390625
01a0a597-81f1-7011-9024-b8d544cd9dd8,s,C,QB14,9,0,standard_pi_2,2,0.0,-8100000.0,-8.1,539,1024,0.5263671875
01a0a597-81f1-7011-9024-b8d544cd9dd8,s,C,QB14,9,0,standard_pi_2,3,0.0,-7650000.0,-7.65,541,1024,0.5283203125
01a0a597-81f1-7011-9024-b8d544cd9dd8,s,C,QB14,9,0,standard_pi_2,4,0.0,-7200000.0,-7.2,536,1024,0.5234375
01a0a597-81f1-7011-9024-b8d544cd9dd8,s,C,QB14,9,0,standard_pi_2,5,0.0,-6750000.0,-6.75,561,1024,0.5478515625
01a0a597-81f1-7011-9024-b8d544cd9dd8,s,C,QB14,9,0,standard_pi_2,6,0.0,-6300000.0,-6.3,572,1024,0.55859375
01a0a597-81f1-7011-9024-b8d544cd9dd8,s,C,QB14,9,0,standard_pi_2,7,0.0,-5850000.0,-5.85,558,1024,0.544921875
01a0a597-81f1-7011-9024-b8d544cd9dd8,s,C,QB14,9,0,standard_pi_2,8,0.0,-5400000.0,-5.4,555,1024,0.5419921875
01a0a597-81f1-7011-9024-b8d544cd9dd8,s,C,QB14,9,0,standard_pi_2,9,0.0,-4950000.0,-4.95,547,1024,0.5341796875
01a0a597-81f1-7011-9024-b8d544cd9dd8,s,C,QB14,9,0,standard_pi_2,10,0.0,-4500000.0,-4.5,543,1024,0.5302734375
01a0a597-81f1-7011-9024-b8d544cd9dd8,s,C,QB14,9,0,standard_pi_2,11,0.0,-4050000.0,-4.05,545,1024,0.5322265625
01a0a597-81f1-7011-9024-b8d544cd9dd8,s,C,QB14,9,0,standard_pi_2,12,0.0,-3600000.0,-3.6,537,1024,0.5244140625
01a0a597-81f1-7011-9024-b8d544cd9dd8,s,C,QB14,9,0,standard_pi_2,13,0.0,-3150000.0,-3.15,539,1024,0.5263671875
01a0a597-81f1-7011-9024-b8d544cd9dd8,s,C,QB14,9,0,standard_pi_2,14,0.0,-2700000.0,-2.7,530,1024,0.517578125
01a0a597-81f1-7011-9024-b8d544cd9dd8,s,C,QB14,9,0,standard_pi_2,15,0.0,-2250000.0,-2.25,525,1024,0.5126953125
01a0a597-81f1-7011-9024-b8d544cd9dd8,s,C,QB14,9,0,standard_pi_2,16,0.0,-1800000.0,-1.8,552,1024,0.5390625
01a0a597-81f1-7011-9024-b8d544cd9dd8,s,C,QB14,9,0,standard_pi_2,17,0.0,-1350000.0,-1.35,512,1024,0.5
01a0a597-81f1-7011-9024-b8d544cd9dd8,s,C,QB14,9,0,standard_pi_2,18,0.0,-900000.0,-0.9,549,1024,0.5361328125
01a0a597-81f1-7011-9024-b8d544cd9dd8,s,C,QB14,9,0,standard_pi_2,19,0.0,-450000.0,-0.45,527,1024,0.5146484375
01a0a597-81f1-7011-9024-b8d544cd9dd8,s,C,QB14,9,0,standard_pi_2,20,0.0,0.0,0.0,512,1024,0.5
01a0a597-81f1-7011-9024-b8d544cd9dd8,s,C,QB14,9,0,standard_pi_2,21,0.0,450000.0,0.45,515,1024,0.5029296875
01a0a597-81f1-7011-9024-b8d544cd9dd8,s,C,QB14,9,0,standard_pi_2,22,0.0,900000.0,0.9,524,1024,0.51171875
01a0a597-81f1-7011-9024-b8d544cd9dd8,s,C,QB14,9,0,standard_pi_2,23,0.0,1350000.0,1.35,536,1024,0.5234375
01a0a597-81f1-7011-9024-b8d544cd9dd8,s,C,QB14,9,0,standard_pi_2,24,0.0,1800000.0,1.8,475,1024,0.4638671875
01a0a597-81f1-7011-9024-b8d544cd9dd8,s,C,QB14,9,0,standard_pi_2,25,0.0,2250000.0,2.25,491,1024,0.4794921875
01a0a597-81f1-7011-9024-b8d544cd9dd8,s,C,QB14,9,0,standard_pi_2,26,0.0,2700000.0,2.7,487,1024,0.4755859375
01a0a597-81f1-7011-9024-b8d544cd9dd8,s,C,QB14,9,0,standard_pi_2,27,0.0,3150000.0,3.15,503,1024,0.4912109375
01a0a597-81f1-7011-9024-b8d544cd9dd8,s,C,QB14,9,0,standard_pi_2,28,0.0,3600000.0,3.6,500,1024,0.48828125
01a0a597-81f1-7011-9024-b8d544cd9dd8,s,C,QB14,9,0,standard_pi_2,29,0.0,4050000.0,4.05,521,1024,0.5087890625
01a0a597-81f1-7011-9024-b8d544cd9dd8,s,C,QB14,9,0,standard_pi_2,30,0.0,4500000.0,4.5,495,1024,0.4833984375
01a0a597-81f1-7011-9024-b8d544cd9dd8,s,C,QB14,9,0,standard_pi_2,31,0.0,4950000.0,4.95,487,1024,0.4755859375
01a0a597-81f1-7011-9024-b8d544cd9dd8,s,C,QB14,9,0,standard_pi_2,32,0.0,5400000.0,5.4,462,1024,0.451171875
01a0a597-81f1-7011-9024-b8d544cd9dd8,s,C,QB14,9,0,standard_pi_2,33,0.0,5850000.0,5.85,445,1024,0.4345703125
01a0a597-81f1-7011-9024-b8d544cd9dd8,s,C,QB14,9,0,standard_pi_2,34,0.0,6300000.0,6.3,466,1024,0.455078125
01a0a597-81f1-7011-9024-b8d544cd9dd8,s,C,QB14,9,0,standard_pi_2,35,0.0,6750000.0,6.75,492,1024,0.48046875
01a0a597-81f1-7011-9024-b8d544cd9dd8,s,C,QB14,9,0,standard_pi_2,36,0.0,7200000.0,7.2,479,1024,0.4677734375
01a0a597-81f1-7011-9024-b8d544cd9dd8,s,C,QB14,9,0,standard_pi_2,37,0.0,7650000.0,7.65,461,1024,0.4501953125
01a0a597-81f1-7011-9024-b8d544cd9dd8,s,C,QB14,9,0,standard_pi_2,38,0.0,8100000.0,8.1,421,1024,0.4111328125
01a0a597-81f1-7011-9024-b8d544cd9dd8,s,C,QB14,9,0,standard_pi_2,39,0.0,8550000.0,8.55,443,1024,0.4326171875
01a0a597-81f1-7011-9024-b8d544cd9dd8,s,C,QB14,9,0,standard_pi_2,40,0.0,9000000.0,9.0,477,1024,0.4658203125
01a0a597-81f1-7011-9024-b8d544cd9dd8,s,C,QB14,9,1,UVH5s,0,0.0,-9000000.0,-9.0,682,1024,0.666015625
01a0a597-81f1-7011-9024-b8d544cd9dd8,s,C,QB14,9,1,UVH5s,1,0.0,-8550000.0,-8.55,639,1024,0.6240234375
01a0a597-81f1-7011-9024-b8d544cd9dd8,s,C,QB14,9,1,UVH5s,2,0.0,-8100000.0,-8.1,682,1024,0.666015625
01a0a597-81f1-7011-9024-b8d544cd9dd8,s,C,QB14,9,1,UVH5s,3,0.0,-7650000.0,-7.65,656,1024,0.640625
01a0a597-81f1-7011-9024-b8d544cd9dd8,s,C,QB14,9,1,UVH5s,4,0.0,-7200000.0,-7.2,634,1024,0.619140625
01a0a597-81f1-7011-9024-b8d544cd9dd8,s,C,QB14,9,1,UVH5s,5,0.0,-6750000.0,-6.75,651,1024,0.6357421875
01a0a597-81f1-7011-9024-b8d544cd9dd8,s,C,QB14,9,1,UVH5s,6,0.0,-6300000.0,-6.3,633,1024,0.6181640625
01a0a597-81f1-7011-9024-b8d544cd9dd8,s,C,QB14,9,1,UVH5s,7,0.0,-5850000.0,-5.85,604,1024,0.58984375
01a0a597-81f1-7011-9024-b8d544cd9dd8,s,C,QB14,9,1,UVH5s,8,0.0,-5400000.0,-5.4,588,1024,0.57421875
01a0a597-81f1-7011-9024-b8d544cd9dd8,s,C,QB14,9,1,UVH5s,9,0.0,-4950000.0,-4.95,592,1024,0.578125
01a0a597-81f1-7011-9024-b8d544cd9dd8,s,C,QB14,9,1,UVH5s,10,0.0,-4500000.0,-4.5,590,1024,0.576171875
01a0a597-81f1-7011-9024-b8d544cd9dd8,s,C,QB14,9,1,UVH5s,11,0.0,-4050000.0,-4.05,585,1024,0.5712890625
01a0a597-81f1-7011-9024-b8d544cd9dd8,s,C,QB14,9,1,UVH5s,12,0.0,-3600000.0,-3.6,540,1024,0.52734375
01a0a597-81f1-7011-9024-b8d544cd9dd8,s,C,QB14,9,1,UVH5s,13,0.0,-3150000.0,-3.15,567,1024,0.5537109375
01a0a597-81f1-7011-9024-b8d544cd9dd8,s,C,QB14,9,1,UVH5s,14,0.0,-2700000.0,-2.7,540,1024,0.52734375
01a0a597-81f1-7011-9024-b8d544cd9dd8,s,C,QB14,9,1,UVH5s,15,0.0,-2250000.0,-2.25,531,1024,0.5185546875
01a0a597-81f1-7011-9024-b8d544cd9dd8,s,C,QB14,9,1,UVH5s,16,0.0,-1800000.0,-1.8,550,1024,0.537109375
01a0a597-81f1-7011-9024-b8d544cd9dd8,s,C,QB14,9,1,UVH5s,17,0.0,-1350000.0,-1.35,522,1024,0.509765625
01a0a597-81f1-7011-9024-b8d544cd9dd8,s,C,QB14,9,1,UVH5s,18,0.0,-900000.0,-0.9,544,1024,0.53125
01a0a597-81f1-7011-9024-b8d544cd9dd8,s,C,QB14,9,1,UVH5s,19,0.0,-450000.0,-0.45,494,1024,0.482421875
01a0a597-81f1-7011-9024-b8d544cd9dd8,s,C,QB14,9,1,UVH5s,20,0.0,0.0,0.0,471,1024,0.4599609375
01a0a597-81f1-7011-9024-b8d544cd9dd8,s,C,QB14,9,1,UVH5s,21,0.0,450000.0,0.45,518,1024,0.505859375
01a0a597-81f1-7011-9024-b8d544cd9dd8,s,C,QB14,9,1,UVH5s,22,0.0,900000.0,0.9,524,1024,0.51171875
01a0a597-81f1-7011-9024-b8d544cd9dd8,s,C,QB14,9,1,UVH5s,23,0.0,1350000.0,1.35,501,1024,0.4892578125
01a0a597-81f1-7011-9024-b8d544cd9dd8,s,C,QB14,9,1,UVH5s,24,0.0,1800000.0,1.8,535,1024,0.5224609375
01a0a597-81f1-7011-9024-b8d544cd9dd8,s,C,QB14,9,1,UVH5s,25,0.0,2250000.0,2.25,523,1024,0.5107421875
01a0a597-81f1-7011-9024-b8d544cd9dd8,s,C,QB14,9,1,UVH5s,26,0.0,2700000.0,2.7,553,1024,0.5400390625
01a0a597-81f1-7011-9024-b8d544cd9dd8,s,C,QB14,9,1,UVH5s,27,0.0,3150000.0,3.15,588,1024,0.57421875
01a0a597-81f1-7011-9024-b8d544cd9dd8,s,C,QB14,9,1,UVH5s,28,0.0,3600000.0,3.6,564,1024,0.55078125
01a0a597-81f1-7011-9024-b8d544cd9dd8,s,C,QB14,9,1,UVH5s,29,0.0,4050000.0,4.05,574,1024,0.560546875
01a0a597-81f1-7011-9024-b8d544cd9dd8,s,C,QB14,9,1,UVH5s,30,0.0,4500000.0,4.5,607,1024,0.5927734375
01a0a597-81f1-7011-9024-b8d544cd9dd8,s,C,QB14,9,1,UVH5s,31,0.0,4950000.0,4.95,651,1024,0.6357421875
01a0a597-81f1-7011-9024-b8d544cd9dd8,s,C,QB14,9,1,UVH5s,32,0.0,5400000.0,5.4,653,1024,0.6376953125
01a0a597-81f1-7011-9024-b8d544cd9dd8,s,C,QB14,9,1,UVH5s,33,0.0,5850000.0,5.85,678,1024,0.662109375
01a0a597-81f1-7011-9024-b8d544cd9dd8,s,C,QB14,9,1,UVH5s,34,0.0,6300000.0,6.3,735,1024,0.7177734375
01a0a597-81f1-7011-9024-b8d544cd9dd8,s,C,QB14,9,1,UVH5s,35,0.0,6750000.0,6.75,728,1024,0.7109375
01a0a597-81f1-7011-9024-b8d544cd9dd8,s,C,QB14,9,1,UVH5s,36,0.0,7200000.0,7.2,769,1024,0.7509765625
01a0a597-81f1-7011-9024-b8d544cd9dd8,s,C,QB14,9,1,UVH5s,37,0.0,7650000.0,7.65,787,1024,0.7685546875
01a0a597-81f1-7011-9024-b8d544cd9dd8,s,C,QB14,9,1,UVH5s,38,0.0,8100000.0,8.1,807,1024,0.7880859375
01a0a597-81f1-7011-9024-b8d544cd9dd8,s,C,QB14,9,1,UVH5s,39,0.0,8550000.0,8.55,839,1024,0.8193359375
01a0a597-81f1-7011-9024-b8d544cd9dd8,s,C,QB14,9,1,UVH5s,40,0.0,9000000.0,9.0,841,1024,0.8212890625
01a0a597-81f1-7011-9024-b8d544cd9dd8,s,C,QB14,9,2,UVH7s,0,0.0,-9000000.0,-9.0,618,1024,0.603515625
01a0a597-81f1-7011-9024-b8d544cd9dd8,s,C,QB14,9,2,UVH7s,1,0.0,-8550000.0,-8.55,605,1024,0.5908203125
01a0a597-81f1-7011-9024-b8d544cd9dd8,s,C,QB14,9,2,UVH7s,2,0.0,-8100000.0,-8.1,580,1024,0.56640625
01a0a597-81f1-7011-9024-b8d544cd9dd8,s,C,QB14,9,2,UVH7s,3,0.0,-7650000.0,-7.65,579,1024,0.5654296875
01a0a597-81f1-7011-9024-b8d544cd9dd8,s,C,QB14,9,2,UVH7s,4,0.0,-7200000.0,-7.2,577,1024,0.5634765625
01a0a597-81f1-7011-9024-b8d544cd9dd8,s,C,QB14,9,2,UVH7s,5,0.0,-6750000.0,-6.75,582,1024,0.568359375
01a0a597-81f1-7011-9024-b8d544cd9dd8,s,C,QB14,9,2,UVH7s,6,0.0,-6300000.0,-6.3,548,1024,0.53515625
01a0a597-81f1-7011-9024-b8d544cd9dd8,s,C,QB14,9,2,UVH7s,7,0.0,-5850000.0,-5.85,562,1024,0.548828125
01a0a597-81f1-7011-9024-b8d544cd9dd8,s,C,QB14,9,2,UVH7s,8,0.0,-5400000.0,-5.4,519,1024,0.5068359375
01a0a597-81f1-7011-9024-b8d544cd9dd8,s,C,QB14,9,2,UVH7s,9,0.0,-4950000.0,-4.95,512,1024,0.5
01a0a597-81f1-7011-9024-b8d544cd9dd8,s,C,QB14,9,2,UVH7s,10,0.0,-4500000.0,-4.5,538,1024,0.525390625
01a0a597-81f1-7011-9024-b8d544cd9dd8,s,C,QB14,9,2,UVH7s,11,0.0,-4050000.0,-4.05,502,1024,0.490234375
01a0a597-81f1-7011-9024-b8d544cd9dd8,s,C,QB14,9,2,UVH7s,12,0.0,-3600000.0,-3.6,484,1024,0.47265625
01a0a597-81f1-7011-9024-b8d544cd9dd8,s,C,QB14,9,2,UVH7s,13,0.0,-3150000.0,-3.15,513,1024,0.5009765625
01a0a597-81f1-7011-9024-b8d544cd9dd8,s,C,QB14,9,2,UVH7s,14,0.0,-2700000.0,-2.7,497,1024,0.4853515625
01a0a597-81f1-7011-9024-b8d544cd9dd8,s,C,QB14,9,2,UVH7s,15,0.0,-2250000.0,-2.25,500,1024,0.48828125
01a0a597-81f1-7011-9024-b8d544cd9dd8,s,C,QB14,9,2,UVH7s,16,0.0,-1800000.0,-1.8,507,1024,0.4951171875
01a0a597-81f1-7011-9024-b8d544cd9dd8,s,C,QB14,9,2,UVH7s,17,0.0,-1350000.0,-1.35,514,1024,0.501953125
01a0a597-81f1-7011-9024-b8d544cd9dd8,s,C,QB14,9,2,UVH7s,18,0.0,-900000.0,-0.9,508,1024,0.49609375
01a0a597-81f1-7011-9024-b8d544cd9dd8,s,C,QB14,9,2,UVH7s,19,0.0,-450000.0,-0.45,506,1024,0.494140625
01a0a597-81f1-7011-9024-b8d544cd9dd8,s,C,QB14,9,2,UVH7s,20,0.0,0.0,0.0,525,1024,0.5126953125
01a0a597-81f1-7011-9024-b8d544cd9dd8,s,C,QB14,9,2,UVH7s,21,0.0,450000.0,0.45,523,1024,0.5107421875
01a0a597-81f1-7011-9024-b8d544cd9dd8,s,C,QB14,9,2,UVH7s,22,0.0,900000.0,0.9,518,1024,0.505859375
01a0a597-81f1-7011-9024-b8d544cd9dd8,s,C,QB14,9,2,UVH7s,23,0.0,1350000.0,1.35,474,1024,0.462890625
01a0a597-81f1-7011-9024-b8d544cd9dd8,s,C,QB14,9,2,UVH7s,24,0.0,1800000.0,1.8,490,1024,0.478515625
01a0a597-81f1-7011-9024-b8d544cd9dd8,s,C,QB14,9,2,UVH7s,25,0.0,2250000.0,2.25,495,1024,0.4833984375
01a0a597-81f1-7011-9024-b8d544cd9dd8,s,C,QB14,9,2,UVH7s,26,0.0,2700000.0,2.7,477,1024,0.4658203125
01a0a597-81f1-7011-9024-b8d544cd9dd8,s,C,QB14,9,2,UVH7s,27,0.0,3150000.0,3.15,503,1024,0.4912109375
01a0a597-81f1-7011-9024-b8d544cd9dd8,s,C,QB14,9,2,UVH7s,28,0.0,3600000.0,3.6,497,1024,0.4853515625
01a0a597-81f1-7011-9024-b8d544cd9dd8,s,C,QB14,9,2,UVH7s,29,0.0,4050000.0,4.05,483,1024,0.4716796875
01a0a597-81f1-7011-9024-b8d544cd9dd8,s,C,QB14,9,2,UVH7s,30,0.0,4500000.0,4.5,520,1024,0.5078125
01a0a597-81f1-7011-9024-b8d544cd9dd8,s,C,QB14,9,2,UVH7s,31,0.0,4950000.0,4.95,526,1024,0.513671875
01a0a597-81f1-7011-9024-b8d544cd9dd8,s,C,QB14,9,2,UVH7s,32,0.0,5400000.0,5.4,516,1024,0.50390625
01a0a597-81f1-7011-9024-b8d544cd9dd8,s,C,QB14,9,2,UVH7s,33,0.0,5850000.0,5.85,592,1024,0.578125
01a0a597-81f1-7011-9024-b8d544cd9dd8,s,C,QB14,9,2,UVH7s,34,0.0,6300000.0,6.3,578,1024,0.564453125
01a0a597-81f1-7011-9024-b8d544cd9dd8,s,C,QB14,9,2,UVH7s,35,0.0,6750000.0,6.75,581,1024,0.5673828125
01a0a597-81f1-7011-9024-b8d544cd9dd8,s,C,QB14,9,2,UVH7s,36,0.0,7200000.0,7.2,607,1024,0.5927734375
01a0a597-81f1-7011-9024-b8d544cd9dd8,s,C,QB14,9,2,UVH7s,37,0.0,7650000.0,7.65,621,1024,0.6064453125
01a0a597-81f1-7011-9024-b8d544cd9dd8,s,C,QB14,9,2,UVH7s,38,0.0,8100000.0,8.1,636,1024,0.62109375
01a0a597-81f1-7011-9024-b8d544cd9dd8,s,C,QB14,9,2,UVH7s,39,0.0,8550000.0,8.55,678,1024,0.662109375
01a0a597-81f1-7011-9024-b8d544cd9dd8,s,C,QB14,9,2,UVH7s,40,0.0,9000000.0,9.0,726,1024,0.708984375
01a0a597-81f1-7011-9024-b8d544cd9dd8,s,C,QB14,9,3,UVH9s,0,0.0,-9000000.0,-9.0,365,1024,0.3564453125
01a0a597-81f1-7011-9024-b8d544cd9dd8,s,C,QB14,9,3,UVH9s,1,0.0,-8550000.0,-8.55,372,1024,0.36328125
01a0a597-81f1-7011-9024-b8d544cd9dd8,s,C,QB14,9,3,UVH9s,2,0.0,-8100000.0,-8.1,418,1024,0.408203125
01a0a597-81f1-7011-9024-b8d544cd9dd8,s,C,QB14,9,3,UVH9s,3,0.0,-7650000.0,-7.65,389,1024,0.3798828125
01a0a597-81f1-7011-9024-b8d544cd9dd8,s,C,QB14,9,3,UVH9s,4,0.0,-7200000.0,-7.2,423,1024,0.4130859375
01a0a597-81f1-7011-9024-b8d544cd9dd8,s,C,QB14,9,3,UVH9s,5,0.0,-6750000.0,-6.75,456,1024,0.4453125
01a0a597-81f1-7011-9024-b8d544cd9dd8,s,C,QB14,9,3,UVH9s,6,0.0,-6300000.0,-6.3,475,1024,0.4638671875
01a0a597-81f1-7011-9024-b8d544cd9dd8,s,C,QB14,9,3,UVH9s,7,0.0,-5850000.0,-5.85,469,1024,0.4580078125
01a0a597-81f1-7011-9024-b8d544cd9dd8,s,C,QB14,9,3,UVH9s,8,0.0,-5400000.0,-5.4,469,1024,0.4580078125
01a0a597-81f1-7011-9024-b8d544cd9dd8,s,C,QB14,9,3,UVH9s,9,0.0,-4950000.0,-4.95,485,1024,0.4736328125
01a0a597-81f1-7011-9024-b8d544cd9dd8,s,C,QB14,9,3,UVH9s,10,0.0,-4500000.0,-4.5,468,1024,0.45703125
01a0a597-81f1-7011-9024-b8d544cd9dd8,s,C,QB14,9,3,UVH9s,11,0.0,-4050000.0,-4.05,495,1024,0.4833984375
01a0a597-81f1-7011-9024-b8d544cd9dd8,s,C,QB14,9,3,UVH9s,12,0.0,-3600000.0,-3.6,465,1024,0.4541015625
01a0a597-81f1-7011-9024-b8d544cd9dd8,s,C,QB14,9,3,UVH9s,13,0.0,-3150000.0,-3.15,500,1024,0.48828125
01a0a597-81f1-7011-9024-b8d544cd9dd8,s,C,QB14,9,3,UVH9s,14,0.0,-2700000.0,-2.7,493,1024,0.4814453125
01a0a597-81f1-7011-9024-b8d544cd9dd8,s,C,QB14,9,3,UVH9s,15,0.0,-2250000.0,-2.25,509,1024,0.4970703125
01a0a597-81f1-7011-9024-b8d544cd9dd8,s,C,QB14,9,3,UVH9s,16,0.0,-1800000.0,-1.8,475,1024,0.4638671875
01a0a597-81f1-7011-9024-b8d544cd9dd8,s,C,QB14,9,3,UVH9s,17,0.0,-1350000.0,-1.35,505,1024,0.4931640625
01a0a597-81f1-7011-9024-b8d544cd9dd8,s,C,QB14,9,3,UVH9s,18,0.0,-900000.0,-0.9,512,1024,0.5
01a0a597-81f1-7011-9024-b8d544cd9dd8,s,C,QB14,9,3,UVH9s,19,0.0,-450000.0,-0.45,471,1024,0.4599609375
01a0a597-81f1-7011-9024-b8d544cd9dd8,s,C,QB14,9,3,UVH9s,20,0.0,0.0,0.0,515,1024,0.5029296875
01a0a597-81f1-7011-9024-b8d544cd9dd8,s,C,QB14,9,3,UVH9s,21,0.0,450000.0,0.45,484,1024,0.47265625
01a0a597-81f1-7011-9024-b8d544cd9dd8,s,C,QB14,9,3,UVH9s,22,0.0,900000.0,0.9,490,1024,0.478515625
01a0a597-81f1-7011-9024-b8d544cd9dd8,s,C,QB14,9,3,UVH9s,23,0.0,1350000.0,1.35,497,1024,0.4853515625
01a0a597-81f1-7011-9024-b8d544cd9dd8,s,C,QB14,9,3,UVH9s,24,0.0,1800000.0,1.8,510,1024,0.498046875
01a0a597-81f1-7011-9024-b8d544cd9dd8,s,C,QB14,9,3,UVH9s,25,0.0,2250000.0,2.25,530,1024,0.517578125
01a0a597-81f1-7011-9024-b8d544cd9dd8,s,C,QB14,9,3,UVH9s,26,0.0,2700000.0,2.7,506,1024,0.494140625
01a0a597-81f1-7011-9024-b8d544cd9dd8,s,C,QB14,9,3,UVH9s,27,0.0,3150000.0,3.15,504,1024,0.4921875
01a0a597-81f1-7011-9024-b8d544cd9dd8,s,C,QB14,9,3,UVH9s,28,0.0,3600000.0,3.6,529,1024,0.5166015625
01a0a597-81f1-7011-9024-b8d544cd9dd8,s,C,QB14,9,3,UVH9s,29,0.0,4050000.0,4.05,516,1024,0.50390625
01a0a597-81f1-7011-9024-b8d544cd9dd8,s,C,QB14,9,3,UVH9s,30,0.0,4500000.0,4.5,511,1024,0.4990234375
01a0a597-81f1-7011-9024-b8d544cd9dd8,s,C,QB14,9,3,UVH9s,31,0.0,4950000.0,4.95,520,1024,0.5078125
01a0a597-81f1-7011-9024-b8d544cd9dd8,s,C,QB14,9,3,UVH9s,32,0.0,5400000.0,5.4,501,1024,0.4892578125
01a0a597-81f1-7011-9024-b8d544cd9dd8,s,C,QB14,9,3,UVH9s,33,0.0,5850000.0,5.85,488,1024,0.4765625
01a0a597-81f1-7011-9024-b8d544cd9dd8,s,C,QB14,9,3,UVH9s,34,0.0,6300000.0,6.3,475,1024,0.4638671875
01a0a597-81f1-7011-9024-b8d544cd9dd8,s,C,QB14,9,3,UVH9s,35,0.0,6750000.0,6.75,457,1024,0.4462890625
01a0a597-81f1-7011-9024-b8d544cd9dd8,s,C,QB14,9,3,UVH9s,36,0.0,7200000.0,7.2,451,1024,0.4404296875
01a0a597-81f1-7011-9024-b8d544cd9dd8,s,C,QB14,9,3,UVH9s,37,0.0,7650000.0,7.65,429,1024,0.4189453125
01a0a597-81f1-7011-9024-b8d544cd9dd8,s,C,QB14,9,3,UVH9s,38,0.0,8100000.0,8.1,378,1024,0.369140625
01a0a597-81f1-7011-9024-b8d544cd9dd8,s,C,QB14,9,3,UVH9s,39,0.0,8550000.0,8.55,376,1024,0.3671875
01a0a597-81f1-7011-9024-b8d544cd9dd8,s,C,QB14,9,3,UVH9s,40,0.0,9000000.0,9.0,339,1024,0.3310546875
01a0a597-81f1-7011-9024-b8d544cd9dd8,s,C,QB14,9,4,UVH11s,0,0.0,-9000000.0,-9.0,525,1024,0.5126953125
01a0a597-81f1-7011-9024-b8d544cd9dd8,s,C,QB14,9,4,UVH11s,1,0.0,-8550000.0,-8.55,502,1024,0.490234375
01a0a597-81f1-7011-9024-b8d544cd9dd8,s,C,QB14,9,4,UVH11s,2,0.0,-8100000.0,-8.1,483,1024,0.4716796875
01a0a597-81f1-7011-9024-b8d544cd9dd8,s,C,QB14,9,4,UVH11s,3,0.0,-7650000.0,-7.65,473,1024,0.4619140625
01a0a597-81f1-7011-9024-b8d544cd9dd8,s,C,QB14,9,4,UVH11s,4,0.0,-7200000.0,-7.2,481,1024,0.4697265625
01a0a597-81f1-7011-9024-b8d544cd9dd8,s,C,QB14,9,4,UVH11s,5,0.0,-6750000.0,-6.75,489,1024,0.4775390625
01a0a597-81f1-7011-9024-b8d544cd9dd8,s,C,QB14,9,4,UVH11s,6,0.0,-6300000.0,-6.3,479,1024,0.4677734375
01a0a597-81f1-7011-9024-b8d544cd9dd8,s,C,QB14,9,4,UVH11s,7,0.0,-5850000.0,-5.85,477,1024,0.4658203125
01a0a597-81f1-7011-9024-b8d544cd9dd8,s,C,QB14,9,4,UVH11s,8,0.0,-5400000.0,-5.4,489,1024,0.4775390625
01a0a597-81f1-7011-9024-b8d544cd9dd8,s,C,QB14,9,4,UVH11s,9,0.0,-4950000.0,-4.95,506,1024,0.494140625
01a0a597-81f1-7011-9024-b8d544cd9dd8,s,C,QB14,9,4,UVH11s,10,0.0,-4500000.0,-4.5,491,1024,0.4794921875
01a0a597-81f1-7011-9024-b8d544cd9dd8,s,C,QB14,9,4,UVH11s,11,0.0,-4050000.0,-4.05,476,1024,0.46484375
01a0a597-81f1-7011-9024-b8d544cd9dd8,s,C,QB14,9,4,UVH11s,12,0.0,-3600000.0,-3.6,512,1024,0.5
01a0a597-81f1-7011-9024-b8d544cd9dd8,s,C,QB14,9,4,UVH11s,13,0.0,-3150000.0,-3.15,496,1024,0.484375
01a0a597-81f1-7011-9024-b8d544cd9dd8,s,C,QB14,9,4,UVH11s,14,0.0,-2700000.0,-2.7,478,1024,0.466796875
01a0a597-81f1-7011-9024-b8d544cd9dd8,s,C,QB14,9,4,UVH11s,15,0.0,-2250000.0,-2.25,477,1024,0.4658203125
01a0a597-81f1-7011-9024-b8d544cd9dd8,s,C,QB14,9,4,UVH11s,16,0.0,-1800000.0,-1.8,488,1024,0.4765625
01a0a597-81f1-7011-9024-b8d544cd9dd8,s,C,QB14,9,4,UVH11s,17,0.0,-1350000.0,-1.35,503,1024,0.4912109375
01a0a597-81f1-7011-9024-b8d544cd9dd8,s,C,QB14,9,4,UVH11s,18,0.0,-900000.0,-0.9,493,1024,0.4814453125
01a0a597-81f1-7011-9024-b8d544cd9dd8,s,C,QB14,9,4,UVH11s,19,0.0,-450000.0,-0.45,491,1024,0.4794921875
01a0a597-81f1-7011-9024-b8d544cd9dd8,s,C,QB14,9,4,UVH11s,20,0.0,0.0,0.0,481,1024,0.4697265625
01a0a597-81f1-7011-9024-b8d544cd9dd8,s,C,QB14,9,4,UVH11s,21,0.0,450000.0,0.45,510,1024,0.498046875
01a0a597-81f1-7011-9024-b8d544cd9dd8,s,C,QB14,9,4,UVH11s,22,0.0,900000.0,0.9,507,1024,0.4951171875
01a0a597-81f1-7011-9024-b8d544cd9dd8,s,C,QB14,9,4,UVH11s,23,0.0,1350000.0,1.35,527,1024,0.5146484375
01a0a597-81f1-7011-9024-b8d544cd9dd8,s,C,QB14,9,4,UVH11s,24,0.0,1800000.0,1.8,513,1024,0.5009765625
01a0a597-81f1-7011-9024-b8d544cd9dd8,s,C,QB14,9,4,UVH11s,25,0.0,2250000.0,2.25,508,1024,0.49609375
01a0a597-81f1-7011-9024-b8d544cd9dd8,s,C,QB14,9,4,UVH11s,26,0.0,2700000.0,2.7,535,1024,0.5224609375
01a0a597-81f1-7011-9024-b8d544cd9dd8,s,C,QB14,9,4,UVH11s,27,0.0,3150000.0,3.15,523,1024,0.5107421875
01a0a597-81f1-7011-9024-b8d544cd9dd8,s,C,QB14,9,4,UVH11s,28,0.0,3600000.0,3.6,536,1024,0.5234375
01a0a597-81f1-7011-9024-b8d544cd9dd8,s,C,QB14,9,4,UVH11s,29,0.0,4050000.0,4.05,518,1024,0.505859375
01a0a597-81f1-7011-9024-b8d544cd9dd8,s,C,QB14,9,4,UVH11s,30,0.0,4500000.0,4.5,532,1024,0.51953125
01a0a597-81f1-7011-9024-b8d544cd9dd8,s,C,QB14,9,4,UVH11s,31,0.0,4950000.0,4.95,538,1024,0.525390625
01a0a597-81f1-7011-9024-b8d544cd9dd8,s,C,QB14,9,4,UVH11s,32,0.0,5400000.0,5.4,523,1024,0.5107421875
01a0a597-81f1-7011-9024-b8d544cd9dd8,s,C,QB14,9,4,UVH11s,33,0.0,5850000.0,5.85,519,1024,0.5068359375
01a0a597-81f1-7011-9024-b8d544cd9dd8,s,C,QB14,9,4,UVH11s,34,0.0,6300000.0,6.3,542,1024,0.529296875
01a0a597-81f1-7011-9024-b8d544cd9dd8,s,C,QB14,9,4,UVH11s,35,0.0,6750000.0,6.75,510,1024,0.498046875
01a0a597-81f1-7011-9024-b8d544cd9dd8,s,C,QB14,9,4,UVH11s,36,0.0,7200000.0,7.2,469,1024,0.4580078125
01a0a597-81f1-7011-9024-b8d544cd9dd8,s,C,QB14,9,4,UVH11s,37,0.0,7650000.0,7.65,531,1024,0.5185546875
01a0a597-81f1-7011-9024-b8d544cd9dd8,s,C,QB14,9,4,UVH11s,38,0.0,8100000.0,8.1,506,1024,0.494140625
01a0a597-81f1-7011-9024-b8d544cd9dd8,s,C,QB14,9,4,UVH11s,39,0.0,8550000.0,8.55,468,1024,0.45703125
01a0a597-81f1-7011-9024-b8d544cd9dd8,s,C,QB14,9,4,UVH11s,40,0.0,9000000.0,9.0,461,1024,0.4501953125
01a0a597-81f1-7011-9024-b8d544cd9dd8,s,C,QB14,9,5,UVH13s,0,0.0,-9000000.0,-9.0,574,1024,0.560546875
01a0a597-81f1-7011-9024-b8d544cd9dd8,s,C,QB14,9,5,UVH13s,1,0.0,-8550000.0,-8.55,546,1024,0.533203125
01a0a597-81f1-7011-9024-b8d544cd9dd8,s,C,QB14,9,5,UVH13s,2,0.0,-8100000.0,-8.1,529,1024,0.5166015625
01a0a597-81f1-7011-9024-b8d544cd9dd8,s,C,QB14,9,5,UVH13s,3,0.0,-7650000.0,-7.65,556,1024,0.54296875
01a0a597-81f1-7011-9024-b8d544cd9dd8,s,C,QB14,9,5,UVH13s,4,0.0,-7200000.0,-7.2,503,1024,0.4912109375
01a0a597-81f1-7011-9024-b8d544cd9dd8,s,C,QB14,9,5,UVH13s,5,0.0,-6750000.0,-6.75,497,1024,0.4853515625
01a0a597-81f1-7011-9024-b8d544cd9dd8,s,C,QB14,9,5,UVH13s,6,0.0,-6300000.0,-6.3,522,1024,0.509765625
01a0a597-81f1-7011-9024-b8d544cd9dd8,s,C,QB14,9,5,UVH13s,7,0.0,-5850000.0,-5.85,533,1024,0.5205078125
01a0a597-81f1-7011-9024-b8d544cd9dd8,s,C,QB14,9,5,UVH13s,8,0.0,-5400000.0,-5.4,512,1024,0.5
01a0a597-81f1-7011-9024-b8d544cd9dd8,s,C,QB14,9,5,UVH13s,9,0.0,-4950000.0,-4.95,513,1024,0.5009765625
01a0a597-81f1-7011-9024-b8d544cd9dd8,s,C,QB14,9,5,UVH13s,10,0.0,-4500000.0,-4.5,524,1024,0.51171875
01a0a597-81f1-7011-9024-b8d544cd9dd8,s,C,QB14,9,5,UVH13s,11,0.0,-4050000.0,-4.05,497,1024,0.4853515625
01a0a597-81f1-7011-9024-b8d544cd9dd8,s,C,QB14,9,5,UVH13s,12,0.0,-3600000.0,-3.6,499,1024,0.4873046875
01a0a597-81f1-7011-9024-b8d544cd9dd8,s,C,QB14,9,5,UVH13s,13,0.0,-3150000.0,-3.15,514,1024,0.501953125
01a0a597-81f1-7011-9024-b8d544cd9dd8,s,C,QB14,9,5,UVH13s,14,0.0,-2700000.0,-2.7,490,1024,0.478515625
01a0a597-81f1-7011-9024-b8d544cd9dd8,s,C,QB14,9,5,UVH13s,15,0.0,-2250000.0,-2.25,533,1024,0.5205078125
01a0a597-81f1-7011-9024-b8d544cd9dd8,s,C,QB14,9,5,UVH13s,16,0.0,-1800000.0,-1.8,506,1024,0.494140625
01a0a597-81f1-7011-9024-b8d544cd9dd8,s,C,QB14,9,5,UVH13s,17,0.0,-1350000.0,-1.35,500,1024,0.48828125
01a0a597-81f1-7011-9024-b8d544cd9dd8,s,C,QB14,9,5,UVH13s,18,0.0,-900000.0,-0.9,484,1024,0.47265625
01a0a597-81f1-7011-9024-b8d544cd9dd8,s,C,QB14,9,5,UVH13s,19,0.0,-450000.0,-0.45,486,1024,0.474609375
01a0a597-81f1-7011-9024-b8d544cd9dd8,s,C,QB14,9,5,UVH13s,20,0.0,0.0,0.0,498,1024,0.486328125
01a0a597-81f1-7011-9024-b8d544cd9dd8,s,C,QB14,9,5,UVH13s,21,0.0,450000.0,0.45,487,1024,0.4755859375
01a0a597-81f1-7011-9024-b8d544cd9dd8,s,C,QB14,9,5,UVH13s,22,0.0,900000.0,0.9,447,1024,0.4365234375
01a0a597-81f1-7011-9024-b8d544cd9dd8,s,C,QB14,9,5,UVH13s,23,0.0,1350000.0,1.35,503,1024,0.4912109375
01a0a597-81f1-7011-9024-b8d544cd9dd8,s,C,QB14,9,5,UVH13s,24,0.0,1800000.0,1.8,507,1024,0.4951171875
01a0a597-81f1-7011-9024-b8d544cd9dd8,s,C,QB14,9,5,UVH13s,25,0.0,2250000.0,2.25,477,1024,0.4658203125
01a0a597-81f1-7011-9024-b8d544cd9dd8,s,C,QB14,9,5,UVH13s,26,0.0,2700000.0,2.7,503,1024,0.4912109375
01a0a597-81f1-7011-9024-b8d544cd9dd8,s,C,QB14,9,5,UVH13s,27,0.0,3150000.0,3.15,505,1024,0.4931640625
01a0a597-81f1-7011-9024-b8d544cd9dd8,s,C,QB14,9,5,UVH13s,28,0.0,3600000.0,3.6,477,1024,0.4658203125
01a0a597-81f1-7011-9024-b8d544cd9dd8,s,C,QB14,9,5,UVH13s,29,0.0,4050000.0,4.05,489,1024,0.4775390625
01a0a597-81f1-7011-9024-b8d544cd9dd8,s,C,QB14,9,5,UVH13s,30,0.0,4500000.0,4.5,495,1024,0.4833984375
01a0a597-81f1-7011-9024-b8d544cd9dd8,s,C,QB14,9,5,UVH13s,31,0.0,4950000.0,4.95,462,1024,0.451171875
01a0a597-81f1-7011-9024-b8d544cd9dd8,s,C,QB14,9,5,UVH13s,32,0.0,5400000.0,5.4,484,1024,0.47265625
01a0a597-81f1-7011-9024-b8d544cd9dd8,s,C,QB14,9,5,UVH13s,33,0.0,5850000.0,5.85,471,1024,0.4599609375
01a0a597-81f1-7011-9024-b8d544cd9dd8,s,C,QB14,9,5,UVH13s,34,0.0,6300000.0,6.3,486,1024,0.474609375
01a0a597-81f1-7011-9024-b8d544cd9dd8,s,C,QB14,9,5,UVH13s,35,0.0,6750000.0,6.75,464,1024,0.453125
01a0a597-81f1-7011-9024-b8d544cd9dd8,s,C,QB14,9,5,UVH13s,36,0.0,7200000.0,7.2,442,1024,0.431640625
01a0a597-81f1-7011-9024-b8d544cd9dd8,s,C,QB14,9,5,UVH13s,37,0.0,7650000.0,7.65,431,1024,0.4208984375
01a0a597-81f1-7011-9024-b8d544cd9dd8,s,C,QB14,9,5,UVH13s,38,0.0,8100000.0,8.1,471,1024,0.4599609375
01a0a597-81f1-7011-9024-b8d544cd9dd8,s,C,QB14,9,5,UVH13s,39,0.0,8550000.0,8.55,460,1024,0.44921875
01a0a597-81f1-7011-9024-b8d544cd9dd8,s,C,QB14,9,5,UVH13s,40,0.0,9000000.0,9.0,440,1024,0.4296875
01a0a597-81f1-7011-9024-b8d544cd9dd8,s,C,QB2,10,0,standard_pi_2,0,0.0,-9000000.0,-9.0,521,1024,0.5087890625
01a0a597-81f1-7011-9024-b8d544cd9dd8,s,C,QB2,10,0,standard_pi_2,1,0.0,-8550000.0,-8.55,481,1024,0.4697265625
01a0a597-81f1-7011-9024-b8d544cd9dd8,s,C,QB2,10,0,standard_pi_2,2,0.0,-8100000.0,-8.1,543,1024,0.5302734375
01a0a597-81f1-7011-9024-b8d544cd9dd8,s,C,QB2,10,0,standard_pi_2,3,0.0,-7650000.0,-7.65,518,1024,0.505859375
01a0a597-81f1-7011-9024-b8d544cd9dd8,s,C,QB2,10,0,standard_pi_2,4,0.0,-7200000.0,-7.2,498,1024,0.486328125
01a0a597-81f1-7011-9024-b8d544cd9dd8,s,C,QB2,10,0,standard_pi_2,5,0.0,-6750000.0,-6.75,528,1024,0.515625
01a0a597-81f1-7011-9024-b8d544cd9dd8,s,C,QB2,10,0,standard_pi_2,6,0.0,-6300000.0,-6.3,521,1024,0.5087890625
01a0a597-81f1-7011-9024-b8d544cd9dd8,s,C,QB2,10,0,standard_pi_2,7,0.0,-5850000.0,-5.85,523,1024,0.5107421875
01a0a597-81f1-7011-9024-b8d544cd9dd8,s,C,QB2,10,0,standard_pi_2,8,0.0,-5400000.0,-5.4,519,1024,0.5068359375
01a0a597-81f1-7011-9024-b8d544cd9dd8,s,C,QB2,10,0,standard_pi_2,9,0.0,-4950000.0,-4.95,512,1024,0.5
01a0a597-81f1-7011-9024-b8d544cd9dd8,s,C,QB2,10,0,standard_pi_2,10,0.0,-4500000.0,-4.5,524,1024,0.51171875
01a0a597-81f1-7011-9024-b8d544cd9dd8,s,C,QB2,10,0,standard_pi_2,11,0.0,-4050000.0,-4.05,520,1024,0.5078125
01a0a597-81f1-7011-9024-b8d544cd9dd8,s,C,QB2,10,0,standard_pi_2,12,0.0,-3600000.0,-3.6,490,1024,0.478515625
01a0a597-81f1-7011-9024-b8d544cd9dd8,s,C,QB2,10,0,standard_pi_2,13,0.0,-3150000.0,-3.15,527,1024,0.5146484375
01a0a597-81f1-7011-9024-b8d544cd9dd8,s,C,QB2,10,0,standard_pi_2,14,0.0,-2700000.0,-2.7,540,1024,0.52734375
01a0a597-81f1-7011-9024-b8d544cd9dd8,s,C,QB2,10,0,standard_pi_2,15,0.0,-2250000.0,-2.25,516,1024,0.50390625
01a0a597-81f1-7011-9024-b8d544cd9dd8,s,C,QB2,10,0,standard_pi_2,16,0.0,-1800000.0,-1.8,508,1024,0.49609375
01a0a597-81f1-7011-9024-b8d544cd9dd8,s,C,QB2,10,0,standard_pi_2,17,0.0,-1350000.0,-1.35,515,1024,0.5029296875
01a0a597-81f1-7011-9024-b8d544cd9dd8,s,C,QB2,10,0,standard_pi_2,18,0.0,-900000.0,-0.9,492,1024,0.48046875
01a0a597-81f1-7011-9024-b8d544cd9dd8,s,C,QB2,10,0,standard_pi_2,19,0.0,-450000.0,-0.45,518,1024,0.505859375
01a0a597-81f1-7011-9024-b8d544cd9dd8,s,C,QB2,10,0,standard_pi_2,20,0.0,0.0,0.0,481,1024,0.4697265625
01a0a597-81f1-7011-9024-b8d544cd9dd8,s,C,QB2,10,0,standard_pi_2,21,0.0,450000.0,0.45,501,1024,0.4892578125
01a0a597-81f1-7011-9024-b8d544cd9dd8,s,C,QB2,10,0,standard_pi_2,22,0.0,900000.0,0.9,495,1024,0.4833984375
01a0a597-81f1-7011-9024-b8d544cd9dd8,s,C,QB2,10,0,standard_pi_2,23,0.0,1350000.0,1.35,528,1024,0.515625
01a0a597-81f1-7011-9024-b8d544cd9dd8,s,C,QB2,10,0,standard_pi_2,24,0.0,1800000.0,1.8,470,1024,0.458984375
01a0a597-81f1-7011-9024-b8d544cd9dd8,s,C,QB2,10,0,standard_pi_2,25,0.0,2250000.0,2.25,479,1024,0.4677734375
01a0a597-81f1-7011-9024-b8d544cd9dd8,s,C,QB2,10,0,standard_pi_2,26,0.0,2700000.0,2.7,476,1024,0.46484375
01a0a597-81f1-7011-9024-b8d544cd9dd8,s,C,QB2,10,0,standard_pi_2,27,0.0,3150000.0,3.15,488,1024,0.4765625
01a0a597-81f1-7011-9024-b8d544cd9dd8,s,C,QB2,10,0,standard_pi_2,28,0.0,3600000.0,3.6,474,1024,0.462890625
01a0a597-81f1-7011-9024-b8d544cd9dd8,s,C,QB2,10,0,standard_pi_2,29,0.0,4050000.0,4.05,522,1024,0.509765625
01a0a597-81f1-7011-9024-b8d544cd9dd8,s,C,QB2,10,0,standard_pi_2,30,0.0,4500000.0,4.5,484,1024,0.47265625
01a0a597-81f1-7011-9024-b8d544cd9dd8,s,C,QB2,10,0,standard_pi_2,31,0.0,4950000.0,4.95,481,1024,0.4697265625
01a0a597-81f1-7011-9024-b8d544cd9dd8,s,C,QB2,10,0,standard_pi_2,32,0.0,5400000.0,5.4,485,1024,0.4736328125
01a0a597-81f1-7011-9024-b8d544cd9dd8,s,C,QB2,10,0,standard_pi_2,33,0.0,5850000.0,5.85,461,1024,0.4501953125
01a0a597-81f1-7011-9024-b8d544cd9dd8,s,C,QB2,10,0,standard_pi_2,34,0.0,6300000.0,6.3,474,1024,0.462890625
01a0a597-81f1-7011-9024-b8d544cd9dd8,s,C,QB2,10,0,standard_pi_2,35,0.0,6750000.0,6.75,465,1024,0.4541015625
01a0a597-81f1-7011-9024-b8d544cd9dd8,s,C,QB2,10,0,standard_pi_2,36,0.0,7200000.0,7.2,476,1024,0.46484375
01a0a597-81f1-7011-9024-b8d544cd9dd8,s,C,QB2,10,0,standard_pi_2,37,0.0,7650000.0,7.65,466,1024,0.455078125
01a0a597-81f1-7011-9024-b8d544cd9dd8,s,C,QB2,10,0,standard_pi_2,38,0.0,8100000.0,8.1,452,1024,0.44140625
01a0a597-81f1-7011-9024-b8d544cd9dd8,s,C,QB2,10,0,standard_pi_2,39,0.0,8550000.0,8.55,471,1024,0.4599609375
01a0a597-81f1-7011-9024-b8d544cd9dd8,s,C,QB2,10,0,standard_pi_2,40,0.0,9000000.0,9.0,464,1024,0.453125
01a0a597-81f1-7011-9024-b8d544cd9dd8,s,C,QB2,10,1,UVH5s,0,0.0,-9000000.0,-9.0,681,1024,0.6650390625
01a0a597-81f1-7011-9024-b8d544cd9dd8,s,C,QB2,10,1,UVH5s,1,0.0,-8550000.0,-8.55,662,1024,0.646484375
01a0a597-81f1-7011-9024-b8d544cd9dd8,s,C,QB2,10,1,UVH5s,2,0.0,-8100000.0,-8.1,679,1024,0.6630859375
01a0a597-81f1-7011-9024-b8d544cd9dd8,s,C,QB2,10,1,UVH5s,3,0.0,-7650000.0,-7.65,658,1024,0.642578125
01a0a597-81f1-7011-9024-b8d544cd9dd8,s,C,QB2,10,1,UVH5s,4,0.0,-7200000.0,-7.2,652,1024,0.63671875
01a0a597-81f1-7011-9024-b8d544cd9dd8,s,C,QB2,10,1,UVH5s,5,0.0,-6750000.0,-6.75,643,1024,0.6279296875
01a0a597-81f1-7011-9024-b8d544cd9dd8,s,C,QB2,10,1,UVH5s,6,0.0,-6300000.0,-6.3,665,1024,0.6494140625
01a0a597-81f1-7011-9024-b8d544cd9dd8,s,C,QB2,10,1,UVH5s,7,0.0,-5850000.0,-5.85,638,1024,0.623046875
01a0a597-81f1-7011-9024-b8d544cd9dd8,s,C,QB2,10,1,UVH5s,8,0.0,-5400000.0,-5.4,627,1024,0.6123046875
01a0a597-81f1-7011-9024-b8d544cd9dd8,s,C,QB2,10,1,UVH5s,9,0.0,-4950000.0,-4.95,625,1024,0.6103515625
01a0a597-81f1-7011-9024-b8d544cd9dd8,s,C,QB2,10,1,UVH5s,10,0.0,-4500000.0,-4.5,553,1024,0.5400390625
01a0a597-81f1-7011-9024-b8d544cd9dd8,s,C,QB2,10,1,UVH5s,11,0.0,-4050000.0,-4.05,560,1024,0.546875
01a0a597-81f1-7011-9024-b8d544cd9dd8,s,C,QB2,10,1,UVH5s,12,0.0,-3600000.0,-3.6,571,1024,0.5576171875
01a0a597-81f1-7011-9024-b8d544cd9dd8,s,C,QB2,10,1,UVH5s,13,0.0,-3150000.0,-3.15,563,1024,0.5498046875
01a0a597-81f1-7011-9024-b8d544cd9dd8,s,C,QB2,10,1,UVH5s,14,0.0,-2700000.0,-2.7,560,1024,0.546875
01a0a597-81f1-7011-9024-b8d544cd9dd8,s,C,QB2,10,1,UVH5s,15,0.0,-2250000.0,-2.25,528,1024,0.515625
01a0a597-81f1-7011-9024-b8d544cd9dd8,s,C,QB2,10,1,UVH5s,16,0.0,-1800000.0,-1.8,540,1024,0.52734375
01a0a597-81f1-7011-9024-b8d544cd9dd8,s,C,QB2,10,1,UVH5s,17,0.0,-1350000.0,-1.35,509,1024,0.4970703125
01a0a597-81f1-7011-9024-b8d544cd9dd8,s,C,QB2,10,1,UVH5s,18,0.0,-900000.0,-0.9,510,1024,0.498046875
01a0a597-81f1-7011-9024-b8d544cd9dd8,s,C,QB2,10,1,UVH5s,19,0.0,-450000.0,-0.45,520,1024,0.5078125
01a0a597-81f1-7011-9024-b8d544cd9dd8,s,C,QB2,10,1,UVH5s,20,0.0,0.0,0.0,505,1024,0.4931640625
01a0a597-81f1-7011-9024-b8d544cd9dd8,s,C,QB2,10,1,UVH5s,21,0.0,450000.0,0.45,498,1024,0.486328125
01a0a597-81f1-7011-9024-b8d544cd9dd8,s,C,QB2,10,1,UVH5s,22,0.0,900000.0,0.9,520,1024,0.5078125
01a0a597-81f1-7011-9024-b8d544cd9dd8,s,C,QB2,10,1,UVH5s,23,0.0,1350000.0,1.35,512,1024,0.5
01a0a597-81f1-7011-9024-b8d544cd9dd8,s,C,QB2,10,1,UVH5s,24,0.0,1800000.0,1.8,535,1024,0.5224609375
01a0a597-81f1-7011-9024-b8d544cd9dd8,s,C,QB2,10,1,UVH5s,25,0.0,2250000.0,2.25,526,1024,0.513671875
01a0a597-81f1-7011-9024-b8d544cd9dd8,s,C,QB2,10,1,UVH5s,26,0.0,2700000.0,2.7,538,1024,0.525390625
01a0a597-81f1-7011-9024-b8d544cd9dd8,s,C,QB2,10,1,UVH5s,27,0.0,3150000.0,3.15,537,1024,0.5244140625
01a0a597-81f1-7011-9024-b8d544cd9dd8,s,C,QB2,10,1,UVH5s,28,0.0,3600000.0,3.6,560,1024,0.546875
01a0a597-81f1-7011-9024-b8d544cd9dd8,s,C,QB2,10,1,UVH5s,29,0.0,4050000.0,4.05,551,1024,0.5380859375
01a0a597-81f1-7011-9024-b8d544cd9dd8,s,C,QB2,10,1,UVH5s,30,0.0,4500000.0,4.5,605,1024,0.5908203125
01a0a597-81f1-7011-9024-b8d544cd9dd8,s,C,QB2,10,1,UVH5s,31,0.0,4950000.0,4.95,617,1024,0.6025390625
01a0a597-81f1-7011-9024-b8d544cd9dd8,s,C,QB2,10,1,UVH5s,32,0.0,5400000.0,5.4,619,1024,0.6044921875
01a0a597-81f1-7011-9024-b8d544cd9dd8,s,C,QB2,10,1,UVH5s,33,0.0,5850000.0,5.85,658,1024,0.642578125
01a0a597-81f1-7011-9024-b8d544cd9dd8,s,C,QB2,10,1,UVH5s,34,0.0,6300000.0,6.3,675,1024,0.6591796875
01a0a597-81f1-7011-9024-b8d544cd9dd8,s,C,QB2,10,1,UVH5s,35,0.0,6750000.0,6.75,718,1024,0.701171875
01a0a597-81f1-7011-9024-b8d544cd9dd8,s,C,QB2,10,1,UVH5s,36,0.0,7200000.0,7.2,727,1024,0.7099609375
01a0a597-81f1-7011-9024-b8d544cd9dd8,s,C,QB2,10,1,UVH5s,37,0.0,7650000.0,7.65,730,1024,0.712890625
01a0a597-81f1-7011-9024-b8d544cd9dd8,s,C,QB2,10,1,UVH5s,38,0.0,8100000.0,8.1,742,1024,0.724609375
01a0a597-81f1-7011-9024-b8d544cd9dd8,s,C,QB2,10,1,UVH5s,39,0.0,8550000.0,8.55,752,1024,0.734375
01a0a597-81f1-7011-9024-b8d544cd9dd8,s,C,QB2,10,1,UVH5s,40,0.0,9000000.0,9.0,758,1024,0.740234375
01a0a597-81f1-7011-9024-b8d544cd9dd8,s,C,QB2,10,2,UVH7s,0,0.0,-9000000.0,-9.0,680,1024,0.6640625
01a0a597-81f1-7011-9024-b8d544cd9dd8,s,C,QB2,10,2,UVH7s,1,0.0,-8550000.0,-8.55,661,1024,0.6455078125
01a0a597-81f1-7011-9024-b8d544cd9dd8,s,C,QB2,10,2,UVH7s,2,0.0,-8100000.0,-8.1,639,1024,0.6240234375
01a0a597-81f1-7011-9024-b8d544cd9dd8,s,C,QB2,10,2,UVH7s,3,0.0,-7650000.0,-7.65,623,1024,0.6083984375
01a0a597-81f1-7011-9024-b8d544cd9dd8,s,C,QB2,10,2,UVH7s,4,0.0,-7200000.0,-7.2,615,1024,0.6005859375
01a0a597-81f1-7011-9024-b8d544cd9dd8,s,C,QB2,10,2,UVH7s,5,0.0,-6750000.0,-6.75,592,1024,0.578125
01a0a597-81f1-7011-9024-b8d544cd9dd8,s,C,QB2,10,2,UVH7s,6,0.0,-6300000.0,-6.3,607,1024,0.5927734375
01a0a597-81f1-7011-9024-b8d544cd9dd8,s,C,QB2,10,2,UVH7s,7,0.0,-5850000.0,-5.85,593,1024,0.5791015625
01a0a597-81f1-7011-9024-b8d544cd9dd8,s,C,QB2,10,2,UVH7s,8,0.0,-5400000.0,-5.4,544,1024,0.53125
01a0a597-81f1-7011-9024-b8d544cd9dd8,s,C,QB2,10,2,UVH7s,9,0.0,-4950000.0,-4.95,564,1024,0.55078125
01a0a597-81f1-7011-9024-b8d544cd9dd8,s,C,QB2,10,2,UVH7s,10,0.0,-4500000.0,-4.5,549,1024,0.5361328125
01a0a597-81f1-7011-9024-b8d544cd9dd8,s,C,QB2,10,2,UVH7s,11,0.0,-4050000.0,-4.05,542,1024,0.529296875
01a0a597-81f1-7011-9024-b8d544cd9dd8,s,C,QB2,10,2,UVH7s,12,0.0,-3600000.0,-3.6,529,1024,0.5166015625
01a0a597-81f1-7011-9024-b8d544cd9dd8,s,C,QB2,10,2,UVH7s,13,0.0,-3150000.0,-3.15,526,1024,0.513671875
01a0a597-81f1-7011-9024-b8d544cd9dd8,s,C,QB2,10,2,UVH7s,14,0.0,-2700000.0,-2.7,519,1024,0.5068359375
01a0a597-81f1-7011-9024-b8d544cd9dd8,s,C,QB2,10,2,UVH7s,15,0.0,-2250000.0,-2.25,498,1024,0.486328125
01a0a597-81f1-7011-9024-b8d544cd9dd8,s,C,QB2,10,2,UVH7s,16,0.0,-1800000.0,-1.8,510,1024,0.498046875
01a0a597-81f1-7011-9024-b8d544cd9dd8,s,C,QB2,10,2,UVH7s,17,0.0,-1350000.0,-1.35,537,1024,0.5244140625
01a0a597-81f1-7011-9024-b8d544cd9dd8,s,C,QB2,10,2,UVH7s,18,0.0,-900000.0,-0.9,536,1024,0.5234375
01a0a597-81f1-7011-9024-b8d544cd9dd8,s,C,QB2,10,2,UVH7s,19,0.0,-450000.0,-0.45,543,1024,0.5302734375
01a0a597-81f1-7011-9024-b8d544cd9dd8,s,C,QB2,10,2,UVH7s,20,0.0,0.0,0.0,524,1024,0.51171875
01a0a597-81f1-7011-9024-b8d544cd9dd8,s,C,QB2,10,2,UVH7s,21,0.0,450000.0,0.45,518,1024,0.505859375
01a0a597-81f1-7011-9024-b8d544cd9dd8,s,C,QB2,10,2,UVH7s,22,0.0,900000.0,0.9,547,1024,0.5341796875
01a0a597-81f1-7011-9024-b8d544cd9dd8,s,C,QB2,10,2,UVH7s,23,0.0,1350000.0,1.35,550,1024,0.537109375
01a0a597-81f1-7011-9024-b8d544cd9dd8,s,C,QB2,10,2,UVH7s,24,0.0,1800000.0,1.8,540,1024,0.52734375
01a0a597-81f1-7011-9024-b8d544cd9dd8,s,C,QB2,10,2,UVH7s,25,0.0,2250000.0,2.25,514,1024,0.501953125
01a0a597-81f1-7011-9024-b8d544cd9dd8,s,C,QB2,10,2,UVH7s,26,0.0,2700000.0,2.7,503,1024,0.4912109375
01a0a597-81f1-7011-9024-b8d544cd9dd8,s,C,QB2,10,2,UVH7s,27,0.0,3150000.0,3.15,525,1024,0.5126953125
01a0a597-81f1-7011-9024-b8d544cd9dd8,s,C,QB2,10,2,UVH7s,28,0.0,3600000.0,3.6,510,1024,0.498046875
01a0a597-81f1-7011-9024-b8d544cd9dd8,s,C,QB2,10,2,UVH7s,29,0.0,4050000.0,4.05,517,1024,0.5048828125
01a0a597-81f1-7011-9024-b8d544cd9dd8,s,C,QB2,10,2,UVH7s,30,0.0,4500000.0,4.5,489,1024,0.4775390625
01a0a597-81f1-7011-9024-b8d544cd9dd8,s,C,QB2,10,2,UVH7s,31,0.0,4950000.0,4.95,506,1024,0.494140625
01a0a597-81f1-7011-9024-b8d544cd9dd8,s,C,QB2,10,2,UVH7s,32,0.0,5400000.0,5.4,538,1024,0.525390625
01a0a597-81f1-7011-9024-b8d544cd9dd8,s,C,QB2,10,2,UVH7s,33,0.0,5850000.0,5.85,550,1024,0.537109375
01a0a597-81f1-7011-9024-b8d544cd9dd8,s,C,QB2,10,2,UVH7s,34,0.0,6300000.0,6.3,588,1024,0.57421875
01a0a597-81f1-7011-9024-b8d544cd9dd8,s,C,QB2,10,2,UVH7s,35,0.0,6750000.0,6.75,626,1024,0.611328125
01a0a597-81f1-7011-9024-b8d544cd9dd8,s,C,QB2,10,2,UVH7s,36,0.0,7200000.0,7.2,603,1024,0.5888671875
01a0a597-81f1-7011-9024-b8d544cd9dd8,s,C,QB2,10,2,UVH7s,37,0.0,7650000.0,7.65,626,1024,0.611328125
01a0a597-81f1-7011-9024-b8d544cd9dd8,s,C,QB2,10,2,UVH7s,38,0.0,8100000.0,8.1,631,1024,0.6162109375
01a0a597-81f1-7011-9024-b8d544cd9dd8,s,C,QB2,10,2,UVH7s,39,0.0,8550000.0,8.55,641,1024,0.6259765625
01a0a597-81f1-7011-9024-b8d544cd9dd8,s,C,QB2,10,2,UVH7s,40,0.0,9000000.0,9.0,700,1024,0.68359375
01a0a597-81f1-7011-9024-b8d544cd9dd8,s,C,QB2,10,3,UVH9s,0,0.0,-9000000.0,-9.0,426,1024,0.416015625
01a0a597-81f1-7011-9024-b8d544cd9dd8,s,C,QB2,10,3,UVH9s,1,0.0,-8550000.0,-8.55,413,1024,0.4033203125
01a0a597-81f1-7011-9024-b8d544cd9dd8,s,C,QB2,10,3,UVH9s,2,0.0,-8100000.0,-8.1,443,1024,0.4326171875
01a0a597-81f1-7011-9024-b8d544cd9dd8,s,C,QB2,10,3,UVH9s,3,0.0,-7650000.0,-7.65,433,1024,0.4228515625
01a0a597-81f1-7011-9024-b8d544cd9dd8,s,C,QB2,10,3,UVH9s,4,0.0,-7200000.0,-7.2,464,1024,0.453125
01a0a597-81f1-7011-9024-b8d544cd9dd8,s,C,QB2,10,3,UVH9s,5,0.0,-6750000.0,-6.75,481,1024,0.4697265625
01a0a597-81f1-7011-9024-b8d544cd9dd8,s,C,QB2,10,3,UVH9s,6,0.0,-6300000.0,-6.3,487,1024,0.4755859375
01a0a597-81f1-7011-9024-b8d544cd9dd8,s,C,QB2,10,3,UVH9s,7,0.0,-5850000.0,-5.85,510,1024,0.498046875
01a0a597-81f1-7011-9024-b8d544cd9dd8,s,C,QB2,10,3,UVH9s,8,0.0,-5400000.0,-5.4,507,1024,0.4951171875
01a0a597-81f1-7011-9024-b8d544cd9dd8,s,C,QB2,10,3,UVH9s,9,0.0,-4950000.0,-4.95,501,1024,0.4892578125
01a0a597-81f1-7011-9024-b8d544cd9dd8,s,C,QB2,10,3,UVH9s,10,0.0,-4500000.0,-4.5,549,1024,0.5361328125
01a0a597-81f1-7011-9024-b8d544cd9dd8,s,C,QB2,10,3,UVH9s,11,0.0,-4050000.0,-4.05,528,1024,0.515625
01a0a597-81f1-7011-9024-b8d544cd9dd8,s,C,QB2,10,3,UVH9s,12,0.0,-3600000.0,-3.6,535,1024,0.5224609375
01a0a597-81f1-7011-9024-b8d544cd9dd8,s,C,QB2,10,3,UVH9s,13,0.0,-3150000.0,-3.15,522,1024,0.509765625
01a0a597-81f1-7011-9024-b8d544cd9dd8,s,C,QB2,10,3,UVH9s,14,0.0,-2700000.0,-2.7,544,1024,0.53125
01a0a597-81f1-7011-9024-b8d544cd9dd8,s,C,QB2,10,3,UVH9s,15,0.0,-2250000.0,-2.25,523,1024,0.5107421875
01a0a597-81f1-7011-9024-b8d544cd9dd8,s,C,QB2,10,3,UVH9s,16,0.0,-1800000.0,-1.8,506,1024,0.494140625
01a0a597-81f1-7011-9024-b8d544cd9dd8,s,C,QB2,10,3,UVH9s,17,0.0,-1350000.0,-1.35,535,1024,0.5224609375
01a0a597-81f1-7011-9024-b8d544cd9dd8,s,C,QB2,10,3,UVH9s,18,0.0,-900000.0,-0.9,521,1024,0.5087890625
01a0a597-81f1-7011-9024-b8d544cd9dd8,s,C,QB2,10,3,UVH9s,19,0.0,-450000.0,-0.45,513,1024,0.5009765625
01a0a597-81f1-7011-9024-b8d544cd9dd8,s,C,QB2,10,3,UVH9s,20,0.0,0.0,0.0,503,1024,0.4912109375
01a0a597-81f1-7011-9024-b8d544cd9dd8,s,C,QB2,10,3,UVH9s,21,0.0,450000.0,0.45,524,1024,0.51171875
01a0a597-81f1-7011-9024-b8d544cd9dd8,s,C,QB2,10,3,UVH9s,22,0.0,900000.0,0.9,524,1024,0.51171875
01a0a597-81f1-7011-9024-b8d544cd9dd8,s,C,QB2,10,3,UVH9s,23,0.0,1350000.0,1.35,508,1024,0.49609375
01a0a597-81f1-7011-9024-b8d544cd9dd8,s,C,QB2,10,3,UVH9s,24,0.0,1800000.0,1.8,528,1024,0.515625
01a0a597-81f1-7011-9024-b8d544cd9dd8,s,C,QB2,10,3,UVH9s,25,0.0,2250000.0,2.25,525,1024,0.5126953125
01a0a597-81f1-7011-9024-b8d544cd9dd8,s,C,QB2,10,3,UVH9s,26,0.0,2700000.0,2.7,524,1024,0.51171875
01a0a597-81f1-7011-9024-b8d544cd9dd8,s,C,QB2,10,3,UVH9s,27,0.0,3150000.0,3.15,526,1024,0.513671875
01a0a597-81f1-7011-9024-b8d544cd9dd8,s,C,QB2,10,3,UVH9s,28,0.0,3600000.0,3.6,526,1024,0.513671875
01a0a597-81f1-7011-9024-b8d544cd9dd8,s,C,QB2,10,3,UVH9s,29,0.0,4050000.0,4.05,493,1024,0.4814453125
01a0a597-81f1-7011-9024-b8d544cd9dd8,s,C,QB2,10,3,UVH9s,30,0.0,4500000.0,4.5,491,1024,0.4794921875
01a0a597-81f1-7011-9024-b8d544cd9dd8,s,C,QB2,10,3,UVH9s,31,0.0,4950000.0,4.95,512,1024,0.5
01a0a597-81f1-7011-9024-b8d544cd9dd8,s,C,QB2,10,3,UVH9s,32,0.0,5400000.0,5.4,485,1024,0.4736328125
01a0a597-81f1-7011-9024-b8d544cd9dd8,s,C,QB2,10,3,UVH9s,33,0.0,5850000.0,5.85,458,1024,0.447265625
01a0a597-81f1-7011-9024-b8d544cd9dd8,s,C,QB2,10,3,UVH9s,34,0.0,6300000.0,6.3,465,1024,0.4541015625
01a0a597-81f1-7011-9024-b8d544cd9dd8,s,C,QB2,10,3,UVH9s,35,0.0,6750000.0,6.75,442,1024,0.431640625
01a0a597-81f1-7011-9024-b8d544cd9dd8,s,C,QB2,10,3,UVH9s,36,0.0,7200000.0,7.2,408,1024,0.3984375
01a0a597-81f1-7011-9024-b8d544cd9dd8,s,C,QB2,10,3,UVH9s,37,0.0,7650000.0,7.65,404,1024,0.39453125
01a0a597-81f1-7011-9024-b8d544cd9dd8,s,C,QB2,10,3,UVH9s,38,0.0,8100000.0,8.1,391,1024,0.3818359375
01a0a597-81f1-7011-9024-b8d544cd9dd8,s,C,QB2,10,3,UVH9s,39,0.0,8550000.0,8.55,390,1024,0.380859375
01a0a597-81f1-7011-9024-b8d544cd9dd8,s,C,QB2,10,3,UVH9s,40,0.0,9000000.0,9.0,328,1024,0.3203125
01a0a597-81f1-7011-9024-b8d544cd9dd8,s,C,QB2,10,4,UVH11s,0,0.0,-9000000.0,-9.0,536,1024,0.5234375
01a0a597-81f1-7011-9024-b8d544cd9dd8,s,C,QB2,10,4,UVH11s,1,0.0,-8550000.0,-8.55,542,1024,0.529296875
01a0a597-81f1-7011-9024-b8d544cd9dd8,s,C,QB2,10,4,UVH11s,2,0.0,-8100000.0,-8.1,514,1024,0.501953125
01a0a597-81f1-7011-9024-b8d544cd9dd8,s,C,QB2,10,4,UVH11s,3,0.0,-7650000.0,-7.65,514,1024,0.501953125
01a0a597-81f1-7011-9024-b8d544cd9dd8,s,C,QB2,10,4,UVH11s,4,0.0,-7200000.0,-7.2,535,1024,0.5224609375
01a0a597-81f1-7011-9024-b8d544cd9dd8,s,C,QB2,10,4,UVH11s,5,0.0,-6750000.0,-6.75,525,1024,0.5126953125
01a0a597-81f1-7011-9024-b8d544cd9dd8,s,C,QB2,10,4,UVH11s,6,0.0,-6300000.0,-6.3,512,1024,0.5
01a0a597-81f1-7011-9024-b8d544cd9dd8,s,C,QB2,10,4,UVH11s,7,0.0,-5850000.0,-5.85,509,1024,0.4970703125
01a0a597-81f1-7011-9024-b8d544cd9dd8,s,C,QB2,10,4,UVH11s,8,0.0,-5400000.0,-5.4,521,1024,0.5087890625
01a0a597-81f1-7011-9024-b8d544cd9dd8,s,C,QB2,10,4,UVH11s,9,0.0,-4950000.0,-4.95,525,1024,0.5126953125
01a0a597-81f1-7011-9024-b8d544cd9dd8,s,C,QB2,10,4,UVH11s,10,0.0,-4500000.0,-4.5,527,1024,0.5146484375
01a0a597-81f1-7011-9024-b8d544cd9dd8,s,C,QB2,10,4,UVH11s,11,0.0,-4050000.0,-4.05,513,1024,0.5009765625
01a0a597-81f1-7011-9024-b8d544cd9dd8,s,C,QB2,10,4,UVH11s,12,0.0,-3600000.0,-3.6,522,1024,0.509765625
01a0a597-81f1-7011-9024-b8d544cd9dd8,s,C,QB2,10,4,UVH11s,13,0.0,-3150000.0,-3.15,538,1024,0.525390625
01a0a597-81f1-7011-9024-b8d544cd9dd8,s,C,QB2,10,4,UVH11s,14,0.0,-2700000.0,-2.7,524,1024,0.51171875
01a0a597-81f1-7011-9024-b8d544cd9dd8,s,C,QB2,10,4,UVH11s,15,0.0,-2250000.0,-2.25,517,1024,0.5048828125
01a0a597-81f1-7011-9024-b8d544cd9dd8,s,C,QB2,10,4,UVH11s,16,0.0,-1800000.0,-1.8,523,1024,0.5107421875
01a0a597-81f1-7011-9024-b8d544cd9dd8,s,C,QB2,10,4,UVH11s,17,0.0,-1350000.0,-1.35,525,1024,0.5126953125
01a0a597-81f1-7011-9024-b8d544cd9dd8,s,C,QB2,10,4,UVH11s,18,0.0,-900000.0,-0.9,517,1024,0.5048828125
01a0a597-81f1-7011-9024-b8d544cd9dd8,s,C,QB2,10,4,UVH11s,19,0.0,-450000.0,-0.45,544,1024,0.53125
01a0a597-81f1-7011-9024-b8d544cd9dd8,s,C,QB2,10,4,UVH11s,20,0.0,0.0,0.0,551,1024,0.5380859375
01a0a597-81f1-7011-9024-b8d544cd9dd8,s,C,QB2,10,4,UVH11s,21,0.0,450000.0,0.45,528,1024,0.515625
01a0a597-81f1-7011-9024-b8d544cd9dd8,s,C,QB2,10,4,UVH11s,22,0.0,900000.0,0.9,544,1024,0.53125
01a0a597-81f1-7011-9024-b8d544cd9dd8,s,C,QB2,10,4,UVH11s,23,0.0,1350000.0,1.35,538,1024,0.525390625
01a0a597-81f1-7011-9024-b8d544cd9dd8,s,C,QB2,10,4,UVH11s,24,0.0,1800000.0,1.8,499,1024,0.4873046875
01a0a597-81f1-7011-9024-b8d544cd9dd8,s,C,QB2,10,4,UVH11s,25,0.0,2250000.0,2.25,512,1024,0.5
01a0a597-81f1-7011-9024-b8d544cd9dd8,s,C,QB2,10,4,UVH11s,26,0.0,2700000.0,2.7,525,1024,0.5126953125
01a0a597-81f1-7011-9024-b8d544cd9dd8,s,C,QB2,10,4,UVH11s,27,0.0,3150000.0,3.15,500,1024,0.48828125
01a0a597-81f1-7011-9024-b8d544cd9dd8,s,C,QB2,10,4,UVH11s,28,0.0,3600000.0,3.6,541,1024,0.5283203125
01a0a597-81f1-7011-9024-b8d544cd9dd8,s,C,QB2,10,4,UVH11s,29,0.0,4050000.0,4.05,498,1024,0.486328125
01a0a597-81f1-7011-9024-b8d544cd9dd8,s,C,QB2,10,4,UVH11s,30,0.0,4500000.0,4.5,502,1024,0.490234375
01a0a597-81f1-7011-9024-b8d544cd9dd8,s,C,QB2,10,4,UVH11s,31,0.0,4950000.0,4.95,517,1024,0.5048828125
01a0a597-81f1-7011-9024-b8d544cd9dd8,s,C,QB2,10,4,UVH11s,32,0.0,5400000.0,5.4,501,1024,0.4892578125
01a0a597-81f1-7011-9024-b8d544cd9dd8,s,C,QB2,10,4,UVH11s,33,0.0,5850000.0,5.85,488,1024,0.4765625
01a0a597-81f1-7011-9024-b8d544cd9dd8,s,C,QB2,10,4,UVH11s,34,0.0,6300000.0,6.3,503,1024,0.4912109375
01a0a597-81f1-7011-9024-b8d544cd9dd8,s,C,QB2,10,4,UVH11s,35,0.0,6750000.0,6.75,489,1024,0.4775390625
01a0a597-81f1-7011-9024-b8d544cd9dd8,s,C,QB2,10,4,UVH11s,36,0.0,7200000.0,7.2,494,1024,0.482421875
01a0a597-81f1-7011-9024-b8d544cd9dd8,s,C,QB2,10,4,UVH11s,37,0.0,7650000.0,7.65,477,1024,0.4658203125
01a0a597-81f1-7011-9024-b8d544cd9dd8,s,C,QB2,10,4,UVH11s,38,0.0,8100000.0,8.1,487,1024,0.4755859375
01a0a597-81f1-7011-9024-b8d544cd9dd8,s,C,QB2,10,4,UVH11s,39,0.0,8550000.0,8.55,478,1024,0.466796875
01a0a597-81f1-7011-9024-b8d544cd9dd8,s,C,QB2,10,4,UVH11s,40,0.0,9000000.0,9.0,479,1024,0.4677734375
01a0a597-81f1-7011-9024-b8d544cd9dd8,s,C,QB2,10,5,UVH13s,0,0.0,-9000000.0,-9.0,519,1024,0.5068359375
01a0a597-81f1-7011-9024-b8d544cd9dd8,s,C,QB2,10,5,UVH13s,1,0.0,-8550000.0,-8.55,541,1024,0.5283203125
01a0a597-81f1-7011-9024-b8d544cd9dd8,s,C,QB2,10,5,UVH13s,2,0.0,-8100000.0,-8.1,485,1024,0.4736328125
01a0a597-81f1-7011-9024-b8d544cd9dd8,s,C,QB2,10,5,UVH13s,3,0.0,-7650000.0,-7.65,524,1024,0.51171875
01a0a597-81f1-7011-9024-b8d544cd9dd8,s,C,QB2,10,5,UVH13s,4,0.0,-7200000.0,-7.2,490,1024,0.478515625
01a0a597-81f1-7011-9024-b8d544cd9dd8,s,C,QB2,10,5,UVH13s,5,0.0,-6750000.0,-6.75,498,1024,0.486328125
01a0a597-81f1-7011-9024-b8d544cd9dd8,s,C,QB2,10,5,UVH13s,6,0.0,-6300000.0,-6.3,479,1024,0.4677734375
01a0a597-81f1-7011-9024-b8d544cd9dd8,s,C,QB2,10,5,UVH13s,7,0.0,-5850000.0,-5.85,477,1024,0.4658203125
01a0a597-81f1-7011-9024-b8d544cd9dd8,s,C,QB2,10,5,UVH13s,8,0.0,-5400000.0,-5.4,496,1024,0.484375
01a0a597-81f1-7011-9024-b8d544cd9dd8,s,C,QB2,10,5,UVH13s,9,0.0,-4950000.0,-4.95,519,1024,0.5068359375
01a0a597-81f1-7011-9024-b8d544cd9dd8,s,C,QB2,10,5,UVH13s,10,0.0,-4500000.0,-4.5,523,1024,0.5107421875
01a0a597-81f1-7011-9024-b8d544cd9dd8,s,C,QB2,10,5,UVH13s,11,0.0,-4050000.0,-4.05,485,1024,0.4736328125
01a0a597-81f1-7011-9024-b8d544cd9dd8,s,C,QB2,10,5,UVH13s,12,0.0,-3600000.0,-3.6,509,1024,0.4970703125
01a0a597-81f1-7011-9024-b8d544cd9dd8,s,C,QB2,10,5,UVH13s,13,0.0,-3150000.0,-3.15,511,1024,0.4990234375
01a0a597-81f1-7011-9024-b8d544cd9dd8,s,C,QB2,10,5,UVH13s,14,0.0,-2700000.0,-2.7,512,1024,0.5
01a0a597-81f1-7011-9024-b8d544cd9dd8,s,C,QB2,10,5,UVH13s,15,0.0,-2250000.0,-2.25,521,1024,0.5087890625
01a0a597-81f1-7011-9024-b8d544cd9dd8,s,C,QB2,10,5,UVH13s,16,0.0,-1800000.0,-1.8,492,1024,0.48046875
01a0a597-81f1-7011-9024-b8d544cd9dd8,s,C,QB2,10,5,UVH13s,17,0.0,-1350000.0,-1.35,471,1024,0.4599609375
01a0a597-81f1-7011-9024-b8d544cd9dd8,s,C,QB2,10,5,UVH13s,18,0.0,-900000.0,-0.9,494,1024,0.482421875
01a0a597-81f1-7011-9024-b8d544cd9dd8,s,C,QB2,10,5,UVH13s,19,0.0,-450000.0,-0.45,486,1024,0.474609375
01a0a597-81f1-7011-9024-b8d544cd9dd8,s,C,QB2,10,5,UVH13s,20,0.0,0.0,0.0,480,1024,0.46875
01a0a597-81f1-7011-9024-b8d544cd9dd8,s,C,QB2,10,5,UVH13s,21,0.0,450000.0,0.45,497,1024,0.4853515625
01a0a597-81f1-7011-9024-b8d544cd9dd8,s,C,QB2,10,5,UVH13s,22,0.0,900000.0,0.9,496,1024,0.484375
01a0a597-81f1-7011-9024-b8d544cd9dd8,s,C,QB2,10,5,UVH13s,23,0.0,1350000.0,1.35,503,1024,0.4912109375
01a0a597-81f1-7011-9024-b8d544cd9dd8,s,C,QB2,10,5,UVH13s,24,0.0,1800000.0,1.8,527,1024,0.5146484375
01a0a597-81f1-7011-9024-b8d544cd9dd8,s,C,QB2,10,5,UVH13s,25,0.0,2250000.0,2.25,503,1024,0.4912109375
01a0a597-81f1-7011-9024-b8d544cd9dd8,s,C,QB2,10,5,UVH13s,26,0.0,2700000.0,2.7,487,1024,0.4755859375
01a0a597-81f1-7011-9024-b8d544cd9dd8,s,C,QB2,10,5,UVH13s,27,0.0,3150000.0,3.15,495,1024,0.4833984375
01a0a597-81f1-7011-9024-b8d544cd9dd8,s,C,QB2,10,5,UVH13s,28,0.0,3600000.0,3.6,515,1024,0.5029296875
01a0a597-81f1-7011-9024-b8d544cd9dd8,s,C,QB2,10,5,UVH13s,29,0.0,4050000.0,4.05,519,1024,0.5068359375
01a0a597-81f1-7011-9024-b8d544cd9dd8,s,C,QB2,10,5,UVH13s,30,0.0,4500000.0,4.5,502,1024,0.490234375
01a0a597-81f1-7011-9024-b8d544cd9dd8,s,C,QB2,10,5,UVH13s,31,0.0,4950000.0,4.95,515,1024,0.5029296875
01a0a597-81f1-7011-9024-b8d544cd9dd8,s,C,QB2,10,5,UVH13s,32,0.0,5400000.0,5.4,483,1024,0.4716796875
01a0a597-81f1-7011-9024-b8d544cd9dd8,s,C,QB2,10,5,UVH13s,33,0.0,5850000.0,5.85,481,1024,0.4697265625
01a0a597-81f1-7011-9024-b8d544cd9dd8,s,C,QB2,10,5,UVH13s,34,0.0,6300000.0,6.3,515,1024,0.5029296875
01a0a597-81f1-7011-9024-b8d544cd9dd8,s,C,QB2,10,5,UVH13s,35,0.0,6750000.0,6.75,476,1024,0.46484375
01a0a597-81f1-7011-9024-b8d544cd9dd8,s,C,QB2,10,5,UVH13s,36,0.0,7200000.0,7.2,533,1024,0.5205078125
01a0a597-81f1-7011-9024-b8d544cd9dd8,s,C,QB2,10,5,UVH13s,37,0.0,7650000.0,7.65,491,1024,0.4794921875
01a0a597-81f1-7011-9024-b8d544cd9dd8,s,C,QB2,10,5,UVH13s,38,0.0,8100000.0,8.1,477,1024,0.4658203125
01a0a597-81f1-7011-9024-b8d544cd9dd8,s,C,QB2,10,5,UVH13s,39,0.0,8550000.0,8.55,480,1024,0.46875
01a0a597-81f1-7011-9024-b8d544cd9dd8,s,C,QB2,10,5,UVH13s,40,0.0,9000000.0,9.0,513,1024,0.5009765625
01a0a597-81f1-7011-9024-b8d544cd9dd8,s,C,QB19,11,0,standard_pi_2,0,0.0,-9000000.0,-9.0,482,1024,0.470703125
01a0a597-81f1-7011-9024-b8d544cd9dd8,s,C,QB19,11,0,standard_pi_2,1,0.0,-8550000.0,-8.55,547,1024,0.5341796875
01a0a597-81f1-7011-9024-b8d544cd9dd8,s,C,QB19,11,0,standard_pi_2,2,0.0,-8100000.0,-8.1,536,1024,0.5234375
01a0a597-81f1-7011-9024-b8d544cd9dd8,s,C,QB19,11,0,standard_pi_2,3,0.0,-7650000.0,-7.65,511,1024,0.4990234375
01a0a597-81f1-7011-9024-b8d544cd9dd8,s,C,QB19,11,0,standard_pi_2,4,0.0,-7200000.0,-7.2,540,1024,0.52734375
01a0a597-81f1-7011-9024-b8d544cd9dd8,s,C,QB19,11,0,standard_pi_2,5,0.0,-6750000.0,-6.75,501,1024,0.4892578125
01a0a597-81f1-7011-9024-b8d544cd9dd8,s,C,QB19,11,0,standard_pi_2,6,0.0,-6300000.0,-6.3,521,1024,0.5087890625
01a0a597-81f1-7011-9024-b8d544cd9dd8,s,C,QB19,11,0,standard_pi_2,7,0.0,-5850000.0,-5.85,549,1024,0.5361328125
01a0a597-81f1-7011-9024-b8d544cd9dd8,s,C,QB19,11,0,standard_pi_2,8,0.0,-5400000.0,-5.4,508,1024,0.49609375
01a0a597-81f1-7011-9024-b8d544cd9dd8,s,C,QB19,11,0,standard_pi_2,9,0.0,-4950000.0,-4.95,521,1024,0.5087890625
01a0a597-81f1-7011-9024-b8d544cd9dd8,s,C,QB19,11,0,standard_pi_2,10,0.0,-4500000.0,-4.5,531,1024,0.5185546875
01a0a597-81f1-7011-9024-b8d544cd9dd8,s,C,QB19,11,0,standard_pi_2,11,0.0,-4050000.0,-4.05,551,1024,0.5380859375
01a0a597-81f1-7011-9024-b8d544cd9dd8,s,C,QB19,11,0,standard_pi_2,12,0.0,-3600000.0,-3.6,523,1024,0.5107421875
01a0a597-81f1-7011-9024-b8d544cd9dd8,s,C,QB19,11,0,standard_pi_2,13,0.0,-3150000.0,-3.15,535,1024,0.5224609375
01a0a597-81f1-7011-9024-b8d544cd9dd8,s,C,QB19,11,0,standard_pi_2,14,0.0,-2700000.0,-2.7,505,1024,0.4931640625
01a0a597-81f1-7011-9024-b8d544cd9dd8,s,C,QB19,11,0,standard_pi_2,15,0.0,-2250000.0,-2.25,489,1024,0.4775390625
01a0a597-81f1-7011-9024-b8d544cd9dd8,s,C,QB19,11,0,standard_pi_2,16,0.0,-1800000.0,-1.8,516,1024,0.50390625
01a0a597-81f1-7011-9024-b8d544cd9dd8,s,C,QB19,11,0,standard_pi_2,17,0.0,-1350000.0,-1.35,490,1024,0.478515625
01a0a597-81f1-7011-9024-b8d544cd9dd8,s,C,QB19,11,0,standard_pi_2,18,0.0,-900000.0,-0.9,509,1024,0.4970703125
01a0a597-81f1-7011-9024-b8d544cd9dd8,s,C,QB19,11,0,standard_pi_2,19,0.0,-450000.0,-0.45,508,1024,0.49609375
01a0a597-81f1-7011-9024-b8d544cd9dd8,s,C,QB19,11,0,standard_pi_2,20,0.0,0.0,0.0,487,1024,0.4755859375
01a0a597-81f1-7011-9024-b8d544cd9dd8,s,C,QB19,11,0,standard_pi_2,21,0.0,450000.0,0.45,511,1024,0.4990234375
01a0a597-81f1-7011-9024-b8d544cd9dd8,s,C,QB19,11,0,standard_pi_2,22,0.0,900000.0,0.9,466,1024,0.455078125
01a0a597-81f1-7011-9024-b8d544cd9dd8,s,C,QB19,11,0,standard_pi_2,23,0.0,1350000.0,1.35,458,1024,0.447265625
01a0a597-81f1-7011-9024-b8d544cd9dd8,s,C,QB19,11,0,standard_pi_2,24,0.0,1800000.0,1.8,473,1024,0.4619140625
01a0a597-81f1-7011-9024-b8d544cd9dd8,s,C,QB19,11,0,standard_pi_2,25,0.0,2250000.0,2.25,483,1024,0.4716796875
01a0a597-81f1-7011-9024-b8d544cd9dd8,s,C,QB19,11,0,standard_pi_2,26,0.0,2700000.0,2.7,491,1024,0.4794921875
01a0a597-81f1-7011-9024-b8d544cd9dd8,s,C,QB19,11,0,standard_pi_2,27,0.0,3150000.0,3.15,468,1024,0.45703125
01a0a597-81f1-7011-9024-b8d544cd9dd8,s,C,QB19,11,0,standard_pi_2,28,0.0,3600000.0,3.6,500,1024,0.48828125
01a0a597-81f1-7011-9024-b8d544cd9dd8,s,C,QB19,11,0,standard_pi_2,29,0.0,4050000.0,4.05,453,1024,0.4423828125
01a0a597-81f1-7011-9024-b8d544cd9dd8,s,C,QB19,11,0,standard_pi_2,30,0.0,4500000.0,4.5,454,1024,0.443359375
01a0a597-81f1-7011-9024-b8d544cd9dd8,s,C,QB19,11,0,standard_pi_2,31,0.0,4950000.0,4.95,483,1024,0.4716796875
01a0a597-81f1-7011-9024-b8d544cd9dd8,s,C,QB19,11,0,standard_pi_2,32,0.0,5400000.0,5.4,485,1024,0.4736328125
01a0a597-81f1-7011-9024-b8d544cd9dd8,s,C,QB19,11,0,standard_pi_2,33,0.0,5850000.0,5.85,480,1024,0.46875
01a0a597-81f1-7011-9024-b8d544cd9dd8,s,C,QB19,11,0,standard_pi_2,34,0.0,6300000.0,6.3,420,1024,0.41015625
01a0a597-81f1-7011-9024-b8d544cd9dd8,s,C,QB19,11,0,standard_pi_2,35,0.0,6750000.0,6.75,452,1024,0.44140625
01a0a597-81f1-7011-9024-b8d544cd9dd8,s,C,QB19,11,0,standard_pi_2,36,0.0,7200000.0,7.2,422,1024,0.412109375
01a0a597-81f1-7011-9024-b8d544cd9dd8,s,C,QB19,11,0,standard_pi_2,37,0.0,7650000.0,7.65,456,1024,0.4453125
01a0a597-81f1-7011-9024-b8d544cd9dd8,s,C,QB19,11,0,standard_pi_2,38,0.0,8100000.0,8.1,450,1024,0.439453125
01a0a597-81f1-7011-9024-b8d544cd9dd8,s,C,QB19,11,0,standard_pi_2,39,0.0,8550000.0,8.55,437,1024,0.4267578125
01a0a597-81f1-7011-9024-b8d544cd9dd8,s,C,QB19,11,0,standard_pi_2,40,0.0,9000000.0,9.0,389,1024,0.3798828125
01a0a597-81f1-7011-9024-b8d544cd9dd8,s,C,QB19,11,1,UVH5s,0,0.0,-9000000.0,-9.0,750,1024,0.732421875
01a0a597-81f1-7011-9024-b8d544cd9dd8,s,C,QB19,11,1,UVH5s,1,0.0,-8550000.0,-8.55,714,1024,0.697265625
01a0a597-81f1-7011-9024-b8d544cd9dd8,s,C,QB19,11,1,UVH5s,2,0.0,-8100000.0,-8.1,715,1024,0.6982421875
01a0a597-81f1-7011-9024-b8d544cd9dd8,s,C,QB19,11,1,UVH5s,3,0.0,-7650000.0,-7.65,735,1024,0.7177734375
01a0a597-81f1-7011-9024-b8d544cd9dd8,s,C,QB19,11,1,UVH5s,4,0.0,-7200000.0,-7.2,704,1024,0.6875
01a0a597-81f1-7011-9024-b8d544cd9dd8,s,C,QB19,11,1,UVH5s,5,0.0,-6750000.0,-6.75,690,1024,0.673828125
01a0a597-81f1-7011-9024-b8d544cd9dd8,s,C,QB19,11,1,UVH5s,6,0.0,-6300000.0,-6.3,685,1024,0.6689453125
01a0a597-81f1-7011-9024-b8d544cd9dd8,s,C,QB19,11,1,UVH5s,7,0.0,-5850000.0,-5.85,674,1024,0.658203125
01a0a597-81f1-7011-9024-b8d544cd9dd8,s,C,QB19,11,1,UVH5s,8,0.0,-5400000.0,-5.4,658,1024,0.642578125
01a0a597-81f1-7011-9024-b8d544cd9dd8,s,C,QB19,11,1,UVH5s,9,0.0,-4950000.0,-4.95,658,1024,0.642578125
01a0a597-81f1-7011-9024-b8d544cd9dd8,s,C,QB19,11,1,UVH5s,10,0.0,-4500000.0,-4.5,635,1024,0.6201171875
01a0a597-81f1-7011-9024-b8d544cd9dd8,s,C,QB19,11,1,UVH5s,11,0.0,-4050000.0,-4.05,602,1024,0.587890625
01a0a597-81f1-7011-9024-b8d544cd9dd8,s,C,QB19,11,1,UVH5s,12,0.0,-3600000.0,-3.6,598,1024,0.583984375
01a0a597-81f1-7011-9024-b8d544cd9dd8,s,C,QB19,11,1,UVH5s,13,0.0,-3150000.0,-3.15,611,1024,0.5966796875
01a0a597-81f1-7011-9024-b8d544cd9dd8,s,C,QB19,11,1,UVH5s,14,0.0,-2700000.0,-2.7,601,1024,0.5869140625
01a0a597-81f1-7011-9024-b8d544cd9dd8,s,C,QB19,11,1,UVH5s,15,0.0,-2250000.0,-2.25,548,1024,0.53515625
01a0a597-81f1-7011-9024-b8d544cd9dd8,s,C,QB19,11,1,UVH5s,16,0.0,-1800000.0,-1.8,574,1024,0.560546875
01a0a597-81f1-7011-9024-b8d544cd9dd8,s,C,QB19,11,1,UVH5s,17,0.0,-1350000.0,-1.35,549,1024,0.5361328125
01a0a597-81f1-7011-9024-b8d544cd9dd8,s,C,QB19,11,1,UVH5s,18,0.0,-900000.0,-0.9,569,1024,0.5556640625
01a0a597-81f1-7011-9024-b8d544cd9dd8,s,C,QB19,11,1,UVH5s,19,0.0,-450000.0,-0.45,565,1024,0.5517578125
01a0a597-81f1-7011-9024-b8d544cd9dd8,s,C,QB19,11,1,UVH5s,20,0.0,0.0,0.0,566,1024,0.552734375
01a0a597-81f1-7011-9024-b8d544cd9dd8,s,C,QB19,11,1,UVH5s,21,0.0,450000.0,0.45,524,1024,0.51171875
01a0a597-81f1-7011-9024-b8d544cd9dd8,s,C,QB19,11,1,UVH5s,22,0.0,900000.0,0.9,566,1024,0.552734375
01a0a597-81f1-7011-9024-b8d544cd9dd8,s,C,QB19,11,1,UVH5s,23,0.0,1350000.0,1.35,546,1024,0.533203125
01a0a597-81f1-7011-9024-b8d544cd9dd8,s,C,QB19,11,1,UVH5s,24,0.0,1800000.0,1.8,601,1024,0.5869140625
01a0a597-81f1-7011-9024-b8d544cd9dd8,s,C,QB19,11,1,UVH5s,25,0.0,2250000.0,2.25,608,1024,0.59375
01a0a597-81f1-7011-9024-b8d544cd9dd8,s,C,QB19,11,1,UVH5s,26,0.0,2700000.0,2.7,598,1024,0.583984375
01a0a597-81f1-7011-9024-b8d544cd9dd8,s,C,QB19,11,1,UVH5s,27,0.0,3150000.0,3.15,592,1024,0.578125
01a0a597-81f1-7011-9024-b8d544cd9dd8,s,C,QB19,11,1,UVH5s,28,0.0,3600000.0,3.6,592,1024,0.578125
01a0a597-81f1-7011-9024-b8d544cd9dd8,s,C,QB19,11,1,UVH5s,29,0.0,4050000.0,4.05,614,1024,0.599609375
01a0a597-81f1-7011-9024-b8d544cd9dd8,s,C,QB19,11,1,UVH5s,30,0.0,4500000.0,4.5,642,1024,0.626953125
01a0a597-81f1-7011-9024-b8d544cd9dd8,s,C,QB19,11,1,UVH5s,31,0.0,4950000.0,4.95,673,1024,0.6572265625
01a0a597-81f1-7011-9024-b8d544cd9dd8,s,C,QB19,11,1,UVH5s,32,0.0,5400000.0,5.4,654,1024,0.638671875
01a0a597-81f1-7011-9024-b8d544cd9dd8,s,C,QB19,11,1,UVH5s,33,0.0,5850000.0,5.85,713,1024,0.6962890625
01a0a597-81f1-7011-9024-b8d544cd9dd8,s,C,QB19,11,1,UVH5s,34,0.0,6300000.0,6.3,723,1024,0.7060546875
01a0a597-81f1-7011-9024-b8d544cd9dd8,s,C,QB19,11,1,UVH5s,35,0.0,6750000.0,6.75,749,1024,0.7314453125
01a0a597-81f1-7011-9024-b8d544cd9dd8,s,C,QB19,11,1,UVH5s,36,0.0,7200000.0,7.2,782,1024,0.763671875
01a0a597-81f1-7011-9024-b8d544cd9dd8,s,C,QB19,11,1,UVH5s,37,0.0,7650000.0,7.65,796,1024,0.77734375
01a0a597-81f1-7011-9024-b8d544cd9dd8,s,C,QB19,11,1,UVH5s,38,0.0,8100000.0,8.1,817,1024,0.7978515625
01a0a597-81f1-7011-9024-b8d544cd9dd8,s,C,QB19,11,1,UVH5s,39,0.0,8550000.0,8.55,813,1024,0.7939453125
01a0a597-81f1-7011-9024-b8d544cd9dd8,s,C,QB19,11,1,UVH5s,40,0.0,9000000.0,9.0,855,1024,0.8349609375
01a0a597-81f1-7011-9024-b8d544cd9dd8,s,C,QB19,11,2,UVH7s,0,0.0,-9000000.0,-9.0,596,1024,0.58203125
01a0a597-81f1-7011-9024-b8d544cd9dd8,s,C,QB19,11,2,UVH7s,1,0.0,-8550000.0,-8.55,583,1024,0.5693359375
01a0a597-81f1-7011-9024-b8d544cd9dd8,s,C,QB19,11,2,UVH7s,2,0.0,-8100000.0,-8.1,575,1024,0.5615234375
01a0a597-81f1-7011-9024-b8d544cd9dd8,s,C,QB19,11,2,UVH7s,3,0.0,-7650000.0,-7.65,594,1024,0.580078125
01a0a597-81f1-7011-9024-b8d544cd9dd8,s,C,QB19,11,2,UVH7s,4,0.0,-7200000.0,-7.2,613,1024,0.5986328125
01a0a597-81f1-7011-9024-b8d544cd9dd8,s,C,QB19,11,2,UVH7s,5,0.0,-6750000.0,-6.75,618,1024,0.603515625
01a0a597-81f1-7011-9024-b8d544cd9dd8,s,C,QB19,11,2,UVH7s,6,0.0,-6300000.0,-6.3,573,1024,0.5595703125
01a0a597-81f1-7011-9024-b8d544cd9dd8,s,C,QB19,11,2,UVH7s,7,0.0,-5850000.0,-5.85,543,1024,0.5302734375
01a0a597-81f1-7011-9024-b8d544cd9dd8,s,C,QB19,11,2,UVH7s,8,0.0,-5400000.0,-5.4,527,1024,0.5146484375
01a0a597-81f1-7011-9024-b8d544cd9dd8,s,C,QB19,11,2,UVH7s,9,0.0,-4950000.0,-4.95,566,1024,0.552734375
01a0a597-81f1-7011-9024-b8d544cd9dd8,s,C,QB19,11,2,UVH7s,10,0.0,-4500000.0,-4.5,545,1024,0.5322265625
01a0a597-81f1-7011-9024-b8d544cd9dd8,s,C,QB19,11,2,UVH7s,11,0.0,-4050000.0,-4.05,558,1024,0.544921875
01a0a597-81f1-7011-9024-b8d544cd9dd8,s,C,QB19,11,2,UVH7s,12,0.0,-3600000.0,-3.6,527,1024,0.5146484375
01a0a597-81f1-7011-9024-b8d544cd9dd8,s,C,QB19,11,2,UVH7s,13,0.0,-3150000.0,-3.15,514,1024,0.501953125
01a0a597-81f1-7011-9024-b8d544cd9dd8,s,C,QB19,11,2,UVH7s,14,0.0,-2700000.0,-2.7,496,1024,0.484375
01a0a597-81f1-7011-9024-b8d544cd9dd8,s,C,QB19,11,2,UVH7s,15,0.0,-2250000.0,-2.25,528,1024,0.515625
01a0a597-81f1-7011-9024-b8d544cd9dd8,s,C,QB19,11,2,UVH7s,16,0.0,-1800000.0,-1.8,513,1024,0.5009765625
01a0a597-81f1-7011-9024-b8d544cd9dd8,s,C,QB19,11,2,UVH7s,17,0.0,-1350000.0,-1.35,519,1024,0.5068359375
01a0a597-81f1-7011-9024-b8d544cd9dd8,s,C,QB19,11,2,UVH7s,18,0.0,-900000.0,-0.9,535,1024,0.5224609375
01a0a597-81f1-7011-9024-b8d544cd9dd8,s,C,QB19,11,2,UVH7s,19,0.0,-450000.0,-0.45,537,1024,0.5244140625
01a0a597-81f1-7011-9024-b8d544cd9dd8,s,C,QB19,11,2,UVH7s,20,0.0,0.0,0.0,544,1024,0.53125
01a0a597-81f1-7011-9024-b8d544cd9dd8,s,C,QB19,11,2,UVH7s,21,0.0,450000.0,0.45,523,1024,0.5107421875
01a0a597-81f1-7011-9024-b8d544cd9dd8,s,C,QB19,11,2,UVH7s,22,0.0,900000.0,0.9,547,1024,0.5341796875
01a0a597-81f1-7011-9024-b8d544cd9dd8,s,C,QB19,11,2,UVH7s,23,0.0,1350000.0,1.35,513,1024,0.5009765625
01a0a597-81f1-7011-9024-b8d544cd9dd8,s,C,QB19,11,2,UVH7s,24,0.0,1800000.0,1.8,510,1024,0.498046875
01a0a597-81f1-7011-9024-b8d544cd9dd8,s,C,QB19,11,2,UVH7s,25,0.0,2250000.0,2.25,539,1024,0.5263671875
01a0a597-81f1-7011-9024-b8d544cd9dd8,s,C,QB19,11,2,UVH7s,26,0.0,2700000.0,2.7,496,1024,0.484375
01a0a597-81f1-7011-9024-b8d544cd9dd8,s,C,QB19,11,2,UVH7s,27,0.0,3150000.0,3.15,492,1024,0.48046875
01a0a597-81f1-7011-9024-b8d544cd9dd8,s,C,QB19,11,2,UVH7s,28,0.0,3600000.0,3.6,501,1024,0.4892578125
01a0a597-81f1-7011-9024-b8d544cd9dd8,s,C,QB19,11,2,UVH7s,29,0.0,4050000.0,4.05,511,1024,0.4990234375
01a0a597-81f1-7011-9024-b8d544cd9dd8,s,C,QB19,11,2,UVH7s,30,0.0,4500000.0,4.5,531,1024,0.5185546875
01a0a597-81f1-7011-9024-b8d544cd9dd8,s,C,QB19,11,2,UVH7s,31,0.0,4950000.0,4.95,499,1024,0.4873046875
01a0a597-81f1-7011-9024-b8d544cd9dd8,s,C,QB19,11,2,UVH7s,32,0.0,5400000.0,5.4,526,1024,0.513671875
01a0a597-81f1-7011-9024-b8d544cd9dd8,s,C,QB19,11,2,UVH7s,33,0.0,5850000.0,5.85,557,1024,0.5439453125
01a0a597-81f1-7011-9024-b8d544cd9dd8,s,C,QB19,11,2,UVH7s,34,0.0,6300000.0,6.3,569,1024,0.5556640625
01a0a597-81f1-7011-9024-b8d544cd9dd8,s,C,QB19,11,2,UVH7s,35,0.0,6750000.0,6.75,601,1024,0.5869140625
01a0a597-81f1-7011-9024-b8d544cd9dd8,s,C,QB19,11,2,UVH7s,36,0.0,7200000.0,7.2,554,1024,0.541015625
01a0a597-81f1-7011-9024-b8d544cd9dd8,s,C,QB19,11,2,UVH7s,37,0.0,7650000.0,7.65,599,1024,0.5849609375
01a0a597-81f1-7011-9024-b8d544cd9dd8,s,C,QB19,11,2,UVH7s,38,0.0,8100000.0,8.1,653,1024,0.6376953125
01a0a597-81f1-7011-9024-b8d544cd9dd8,s,C,QB19,11,2,UVH7s,39,0.0,8550000.0,8.55,671,1024,0.6552734375
01a0a597-81f1-7011-9024-b8d544cd9dd8,s,C,QB19,11,2,UVH7s,40,0.0,9000000.0,9.0,678,1024,0.662109375
01a0a597-81f1-7011-9024-b8d544cd9dd8,s,C,QB19,11,3,UVH9s,0,0.0,-9000000.0,-9.0,330,1024,0.322265625
01a0a597-81f1-7011-9024-b8d544cd9dd8,s,C,QB19,11,3,UVH9s,1,0.0,-8550000.0,-8.55,377,1024,0.3681640625
01a0a597-81f1-7011-9024-b8d544cd9dd8,s,C,QB19,11,3,UVH9s,2,0.0,-8100000.0,-8.1,374,1024,0.365234375
01a0a597-81f1-7011-9024-b8d544cd9dd8,s,C,QB19,11,3,UVH9s,3,0.0,-7650000.0,-7.65,403,1024,0.3935546875
01a0a597-81f1-7011-9024-b8d544cd9dd8,s,C,QB19,11,3,UVH9s,4,0.0,-7200000.0,-7.2,432,1024,0.421875
01a0a597-81f1-7011-9024-b8d544cd9dd8,s,C,QB19,11,3,UVH9s,5,0.0,-6750000.0,-6.75,458,1024,0.447265625
01a0a597-81f1-7011-9024-b8d544cd9dd8,s,C,QB19,11,3,UVH9s,6,0.0,-6300000.0,-6.3,446,1024,0.435546875
01a0a597-81f1-7011-9024-b8d544cd9dd8,s,C,QB19,11,3,UVH9s,7,0.0,-5850000.0,-5.85,465,1024,0.4541015625
01a0a597-81f1-7011-9024-b8d544cd9dd8,s,C,QB19,11,3,UVH9s,8,0.0,-5400000.0,-5.4,458,1024,0.447265625
01a0a597-81f1-7011-9024-b8d544cd9dd8,s,C,QB19,11,3,UVH9s,9,0.0,-4950000.0,-4.95,417,1024,0.4072265625
01a0a597-81f1-7011-9024-b8d544cd9dd8,s,C,QB19,11,3,UVH9s,10,0.0,-4500000.0,-4.5,480,1024,0.46875
01a0a597-81f1-7011-9024-b8d544cd9dd8,s,C,QB19,11,3,UVH9s,11,0.0,-4050000.0,-4.05,458,1024,0.447265625
01a0a597-81f1-7011-9024-b8d544cd9dd8,s,C,QB19,11,3,UVH9s,12,0.0,-3600000.0,-3.6,521,1024,0.5087890625
01a0a597-81f1-7011-9024-b8d544cd9dd8,s,C,QB19,11,3,UVH9s,13,0.0,-3150000.0,-3.15,511,1024,0.4990234375
01a0a597-81f1-7011-9024-b8d544cd9dd8,s,C,QB19,11,3,UVH9s,14,0.0,-2700000.0,-2.7,487,1024,0.4755859375
01a0a597-81f1-7011-9024-b8d544cd9dd8,s,C,QB19,11,3,UVH9s,15,0.0,-2250000.0,-2.25,492,1024,0.48046875
01a0a597-81f1-7011-9024-b8d544cd9dd8,s,C,QB19,11,3,UVH9s,16,0.0,-1800000.0,-1.8,491,1024,0.4794921875
01a0a597-81f1-7011-9024-b8d544cd9dd8,s,C,QB19,11,3,UVH9s,17,0.0,-1350000.0,-1.35,493,1024,0.4814453125
01a0a597-81f1-7011-9024-b8d544cd9dd8,s,C,QB19,11,3,UVH9s,18,0.0,-900000.0,-0.9,519,1024,0.5068359375
01a0a597-81f1-7011-9024-b8d544cd9dd8,s,C,QB19,11,3,UVH9s,19,0.0,-450000.0,-0.45,513,1024,0.5009765625
01a0a597-81f1-7011-9024-b8d544cd9dd8,s,C,QB19,11,3,UVH9s,20,0.0,0.0,0.0,500,1024,0.48828125
01a0a597-81f1-7011-9024-b8d544cd9dd8,s,C,QB19,11,3,UVH9s,21,0.0,450000.0,0.45,500,1024,0.48828125
01a0a597-81f1-7011-9024-b8d544cd9dd8,s,C,QB19,11,3,UVH9s,22,0.0,900000.0,0.9,512,1024,0.5
01a0a597-81f1-7011-9024-b8d544cd9dd8,s,C,QB19,11,3,UVH9s,23,0.0,1350000.0,1.35,507,1024,0.4951171875
01a0a597-81f1-7011-9024-b8d544cd9dd8,s,C,QB19,11,3,UVH9s,24,0.0,1800000.0,1.8,487,1024,0.4755859375
01a0a597-81f1-7011-9024-b8d544cd9dd8,s,C,QB19,11,3,UVH9s,25,0.0,2250000.0,2.25,533,1024,0.5205078125
01a0a597-81f1-7011-9024-b8d544cd9dd8,s,C,QB19,11,3,UVH9s,26,0.0,2700000.0,2.7,502,1024,0.490234375
01a0a597-81f1-7011-9024-b8d544cd9dd8,s,C,QB19,11,3,UVH9s,27,0.0,3150000.0,3.15,507,1024,0.4951171875
01a0a597-81f1-7011-9024-b8d544cd9dd8,s,C,QB19,11,3,UVH9s,28,0.0,3600000.0,3.6,495,1024,0.4833984375
01a0a597-81f1-7011-9024-b8d544cd9dd8,s,C,QB19,11,3,UVH9s,29,0.0,4050000.0,4.05,500,1024,0.48828125
01a0a597-81f1-7011-9024-b8d544cd9dd8,s,C,QB19,11,3,UVH9s,30,0.0,4500000.0,4.5,480,1024,0.46875
01a0a597-81f1-7011-9024-b8d544cd9dd8,s,C,QB19,11,3,UVH9s,31,0.0,4950000.0,4.95,476,1024,0.46484375
01a0a597-81f1-7011-9024-b8d544cd9dd8,s,C,QB19,11,3,UVH9s,32,0.0,5400000.0,5.4,492,1024,0.48046875
01a0a597-81f1-7011-9024-b8d544cd9dd8,s,C,QB19,11,3,UVH9s,33,0.0,5850000.0,5.85,477,1024,0.4658203125
01a0a597-81f1-7011-9024-b8d544cd9dd8,s,C,QB19,11,3,UVH9s,34,0.0,6300000.0,6.3,429,1024,0.4189453125
01a0a597-81f1-7011-9024-b8d544cd9dd8,s,C,QB19,11,3,UVH9s,35,0.0,6750000.0,6.75,445,1024,0.4345703125
01a0a597-81f1-7011-9024-b8d544cd9dd8,s,C,QB19,11,3,UVH9s,36,0.0,7200000.0,7.2,432,1024,0.421875
01a0a597-81f1-7011-9024-b8d544cd9dd8,s,C,QB19,11,3,UVH9s,37,0.0,7650000.0,7.65,390,1024,0.380859375
01a0a597-81f1-7011-9024-b8d544cd9dd8,s,C,QB19,11,3,UVH9s,38,0.0,8100000.0,8.1,346,1024,0.337890625
01a0a597-81f1-7011-9024-b8d544cd9dd8,s,C,QB19,11,3,UVH9s,39,0.0,8550000.0,8.55,353,1024,0.3447265625
01a0a597-81f1-7011-9024-b8d544cd9dd8,s,C,QB19,11,3,UVH9s,40,0.0,9000000.0,9.0,306,1024,0.298828125
01a0a597-81f1-7011-9024-b8d544cd9dd8,s,C,QB19,11,4,UVH11s,0,0.0,-9000000.0,-9.0,578,1024,0.564453125
01a0a597-81f1-7011-9024-b8d544cd9dd8,s,C,QB19,11,4,UVH11s,1,0.0,-8550000.0,-8.55,566,1024,0.552734375
01a0a597-81f1-7011-9024-b8d544cd9dd8,s,C,QB19,11,4,UVH11s,2,0.0,-8100000.0,-8.1,552,1024,0.5390625
01a0a597-81f1-7011-9024-b8d544cd9dd8,s,C,QB19,11,4,UVH11s,3,0.0,-7650000.0,-7.65,526,1024,0.513671875
01a0a597-81f1-7011-9024-b8d544cd9dd8,s,C,QB19,11,4,UVH11s,4,0.0,-7200000.0,-7.2,529,1024,0.5166015625
01a0a597-81f1-7011-9024-b8d544cd9dd8,s,C,QB19,11,4,UVH11s,5,0.0,-6750000.0,-6.75,541,1024,0.5283203125
01a0a597-81f1-7011-9024-b8d544cd9dd8,s,C,QB19,11,4,UVH11s,6,0.0,-6300000.0,-6.3,568,1024,0.5546875
01a0a597-81f1-7011-9024-b8d544cd9dd8,s,C,QB19,11,4,UVH11s,7,0.0,-5850000.0,-5.85,539,1024,0.5263671875
01a0a597-81f1-7011-9024-b8d544cd9dd8,s,C,QB19,11,4,UVH11s,8,0.0,-5400000.0,-5.4,535,1024,0.5224609375
01a0a597-81f1-7011-9024-b8d544cd9dd8,s,C,QB19,11,4,UVH11s,9,0.0,-4950000.0,-4.95,539,1024,0.5263671875
01a0a597-81f1-7011-9024-b8d544cd9dd8,s,C,QB19,11,4,UVH11s,10,0.0,-4500000.0,-4.5,524,1024,0.51171875
01a0a597-81f1-7011-9024-b8d544cd9dd8,s,C,QB19,11,4,UVH11s,11,0.0,-4050000.0,-4.05,561,1024,0.5478515625
01a0a597-81f1-7011-9024-b8d544cd9dd8,s,C,QB19,11,4,UVH11s,12,0.0,-3600000.0,-3.6,568,1024,0.5546875
01a0a597-81f1-7011-9024-b8d544cd9dd8,s,C,QB19,11,4,UVH11s,13,0.0,-3150000.0,-3.15,550,1024,0.537109375
01a0a597-81f1-7011-9024-b8d544cd9dd8,s,C,QB19,11,4,UVH11s,14,0.0,-2700000.0,-2.7,553,1024,0.5400390625
01a0a597-81f1-7011-9024-b8d544cd9dd8,s,C,QB19,11,4,UVH11s,15,0.0,-2250000.0,-2.25,562,1024,0.548828125
01a0a597-81f1-7011-9024-b8d544cd9dd8,s,C,QB19,11,4,UVH11s,16,0.0,-1800000.0,-1.8,541,1024,0.5283203125
01a0a597-81f1-7011-9024-b8d544cd9dd8,s,C,QB19,11,4,UVH11s,17,0.0,-1350000.0,-1.35,558,1024,0.544921875
01a0a597-81f1-7011-9024-b8d544cd9dd8,s,C,QB19,11,4,UVH11s,18,0.0,-900000.0,-0.9,525,1024,0.5126953125
01a0a597-81f1-7011-9024-b8d544cd9dd8,s,C,QB19,11,4,UVH11s,19,0.0,-450000.0,-0.45,556,1024,0.54296875
01a0a597-81f1-7011-9024-b8d544cd9dd8,s,C,QB19,11,4,UVH11s,20,0.0,0.0,0.0,532,1024,0.51953125
01a0a597-81f1-7011-9024-b8d544cd9dd8,s,C,QB19,11,4,UVH11s,21,0.0,450000.0,0.45,542,1024,0.529296875
01a0a597-81f1-7011-9024-b8d544cd9dd8,s,C,QB19,11,4,UVH11s,22,0.0,900000.0,0.9,548,1024,0.53515625
01a0a597-81f1-7011-9024-b8d544cd9dd8,s,C,QB19,11,4,UVH11s,23,0.0,1350000.0,1.35,547,1024,0.5341796875
01a0a597-81f1-7011-9024-b8d544cd9dd8,s,C,QB19,11,4,UVH11s,24,0.0,1800000.0,1.8,544,1024,0.53125
01a0a597-81f1-7011-9024-b8d544cd9dd8,s,C,QB19,11,4,UVH11s,25,0.0,2250000.0,2.25,556,1024,0.54296875
01a0a597-81f1-7011-9024-b8d544cd9dd8,s,C,QB19,11,4,UVH11s,26,0.0,2700000.0,2.7,488,1024,0.4765625
01a0a597-81f1-7011-9024-b8d544cd9dd8,s,C,QB19,11,4,UVH11s,27,0.0,3150000.0,3.15,536,1024,0.5234375
01a0a597-81f1-7011-9024-b8d544cd9dd8,s,C,QB19,11,4,UVH11s,28,0.0,3600000.0,3.6,514,1024,0.501953125
01a0a597-81f1-7011-9024-b8d544cd9dd8,s,C,QB19,11,4,UVH11s,29,0.0,4050000.0,4.05,513,1024,0.5009765625
01a0a597-81f1-7011-9024-b8d544cd9dd8,s,C,QB19,11,4,UVH11s,30,0.0,4500000.0,4.5,521,1024,0.5087890625
01a0a597-81f1-7011-9024-b8d544cd9dd8,s,C,QB19,11,4,UVH11s,31,0.0,4950000.0,4.95,482,1024,0.470703125
01a0a597-81f1-7011-9024-b8d544cd9dd8,s,C,QB19,11,4,UVH11s,32,0.0,5400000.0,5.4,487,1024,0.4755859375
01a0a597-81f1-7011-9024-b8d544cd9dd8,s,C,QB19,11,4,UVH11s,33,0.0,5850000.0,5.85,509,1024,0.4970703125
01a0a597-81f1-7011-9024-b8d544cd9dd8,s,C,QB19,11,4,UVH11s,34,0.0,6300000.0,6.3,464,1024,0.453125
01a0a597-81f1-7011-9024-b8d544cd9dd8,s,C,QB19,11,4,UVH11s,35,0.0,6750000.0,6.75,503,1024,0.4912109375
01a0a597-81f1-7011-9024-b8d544cd9dd8,s,C,QB19,11,4,UVH11s,36,0.0,7200000.0,7.2,483,1024,0.4716796875
01a0a597-81f1-7011-9024-b8d544cd9dd8,s,C,QB19,11,4,UVH11s,37,0.0,7650000.0,7.65,465,1024,0.4541015625
01a0a597-81f1-7011-9024-b8d544cd9dd8,s,C,QB19,11,4,UVH11s,38,0.0,8100000.0,8.1,452,1024,0.44140625
01a0a597-81f1-7011-9024-b8d544cd9dd8,s,C,QB19,11,4,UVH11s,39,0.0,8550000.0,8.55,444,1024,0.43359375
01a0a597-81f1-7011-9024-b8d544cd9dd8,s,C,QB19,11,4,UVH11s,40,0.0,9000000.0,9.0,445,1024,0.4345703125
01a0a597-81f1-7011-9024-b8d544cd9dd8,s,C,QB19,11,5,UVH13s,0,0.0,-9000000.0,-9.0,552,1024,0.5390625
01a0a597-81f1-7011-9024-b8d544cd9dd8,s,C,QB19,11,5,UVH13s,1,0.0,-8550000.0,-8.55,513,1024,0.5009765625
01a0a597-81f1-7011-9024-b8d544cd9dd8,s,C,QB19,11,5,UVH13s,2,0.0,-8100000.0,-8.1,553,1024,0.5400390625
01a0a597-81f1-7011-9024-b8d544cd9dd8,s,C,QB19,11,5,UVH13s,3,0.0,-7650000.0,-7.65,516,1024,0.50390625
01a0a597-81f1-7011-9024-b8d544cd9dd8,s,C,QB19,11,5,UVH13s,4,0.0,-7200000.0,-7.2,520,1024,0.5078125
01a0a597-81f1-7011-9024-b8d544cd9dd8,s,C,QB19,11,5,UVH13s,5,0.0,-6750000.0,-6.75,475,1024,0.4638671875
01a0a597-81f1-7011-9024-b8d544cd9dd8,s,C,QB19,11,5,UVH13s,6,0.0,-6300000.0,-6.3,506,1024,0.494140625
01a0a597-81f1-7011-9024-b8d544cd9dd8,s,C,QB19,11,5,UVH13s,7,0.0,-5850000.0,-5.85,479,1024,0.4677734375
01a0a597-81f1-7011-9024-b8d544cd9dd8,s,C,QB19,11,5,UVH13s,8,0.0,-5400000.0,-5.4,503,1024,0.4912109375
01a0a597-81f1-7011-9024-b8d544cd9dd8,s,C,QB19,11,5,UVH13s,9,0.0,-4950000.0,-4.95,493,1024,0.4814453125
01a0a597-81f1-7011-9024-b8d544cd9dd8,s,C,QB19,11,5,UVH13s,10,0.0,-4500000.0,-4.5,487,1024,0.4755859375
01a0a597-81f1-7011-9024-b8d544cd9dd8,s,C,QB19,11,5,UVH13s,11,0.0,-4050000.0,-4.05,494,1024,0.482421875
01a0a597-81f1-7011-9024-b8d544cd9dd8,s,C,QB19,11,5,UVH13s,12,0.0,-3600000.0,-3.6,457,1024,0.4462890625
01a0a597-81f1-7011-9024-b8d544cd9dd8,s,C,QB19,11,5,UVH13s,13,0.0,-3150000.0,-3.15,486,1024,0.474609375
01a0a597-81f1-7011-9024-b8d544cd9dd8,s,C,QB19,11,5,UVH13s,14,0.0,-2700000.0,-2.7,482,1024,0.470703125
01a0a597-81f1-7011-9024-b8d544cd9dd8,s,C,QB19,11,5,UVH13s,15,0.0,-2250000.0,-2.25,478,1024,0.466796875
01a0a597-81f1-7011-9024-b8d544cd9dd8,s,C,QB19,11,5,UVH13s,16,0.0,-1800000.0,-1.8,483,1024,0.4716796875
01a0a597-81f1-7011-9024-b8d544cd9dd8,s,C,QB19,11,5,UVH13s,17,0.0,-1350000.0,-1.35,452,1024,0.44140625
01a0a597-81f1-7011-9024-b8d544cd9dd8,s,C,QB19,11,5,UVH13s,18,0.0,-900000.0,-0.9,482,1024,0.470703125
01a0a597-81f1-7011-9024-b8d544cd9dd8,s,C,QB19,11,5,UVH13s,19,0.0,-450000.0,-0.45,477,1024,0.4658203125
01a0a597-81f1-7011-9024-b8d544cd9dd8,s,C,QB19,11,5,UVH13s,20,0.0,0.0,0.0,489,1024,0.4775390625
01a0a597-81f1-7011-9024-b8d544cd9dd8,s,C,QB19,11,5,UVH13s,21,0.0,450000.0,0.45,462,1024,0.451171875
01a0a597-81f1-7011-9024-b8d544cd9dd8,s,C,QB19,11,5,UVH13s,22,0.0,900000.0,0.9,485,1024,0.4736328125
01a0a597-81f1-7011-9024-b8d544cd9dd8,s,C,QB19,11,5,UVH13s,23,0.0,1350000.0,1.35,505,1024,0.4931640625
01a0a597-81f1-7011-9024-b8d544cd9dd8,s,C,QB19,11,5,UVH13s,24,0.0,1800000.0,1.8,480,1024,0.46875
01a0a597-81f1-7011-9024-b8d544cd9dd8,s,C,QB19,11,5,UVH13s,25,0.0,2250000.0,2.25,474,1024,0.462890625
01a0a597-81f1-7011-9024-b8d544cd9dd8,s,C,QB19,11,5,UVH13s,26,0.0,2700000.0,2.7,478,1024,0.466796875
01a0a597-81f1-7011-9024-b8d544cd9dd8,s,C,QB19,11,5,UVH13s,27,0.0,3150000.0,3.15,462,1024,0.451171875
01a0a597-81f1-7011-9024-b8d544cd9dd8,s,C,QB19,11,5,UVH13s,28,0.0,3600000.0,3.6,481,1024,0.4697265625
01a0a597-81f1-7011-9024-b8d544cd9dd8,s,C,QB19,11,5,UVH13s,29,0.0,4050000.0,4.05,466,1024,0.455078125
01a0a597-81f1-7011-9024-b8d544cd9dd8,s,C,QB19,11,5,UVH13s,30,0.0,4500000.0,4.5,480,1024,0.46875
01a0a597-81f1-7011-9024-b8d544cd9dd8,s,C,QB19,11,5,UVH13s,31,0.0,4950000.0,4.95,474,1024,0.462890625
01a0a597-81f1-7011-9024-b8d544cd9dd8,s,C,QB19,11,5,UVH13s,32,0.0,5400000.0,5.4,443,1024,0.4326171875
01a0a597-81f1-7011-9024-b8d544cd9dd8,s,C,QB19,11,5,UVH13s,33,0.0,5850000.0,5.85,473,1024,0.4619140625
01a0a597-81f1-7011-9024-b8d544cd9dd8,s,C,QB19,11,5,UVH13s,34,0.0,6300000.0,6.3,447,1024,0.4365234375
01a0a597-81f1-7011-9024-b8d544cd9dd8,s,C,QB19,11,5,UVH13s,35,0.0,6750000.0,6.75,456,1024,0.4453125
01a0a597-81f1-7011-9024-b8d544cd9dd8,s,C,QB19,11,5,UVH13s,36,0.0,7200000.0,7.2,462,1024,0.451171875
01a0a597-81f1-7011-9024-b8d544cd9dd8,s,C,QB19,11,5,UVH13s,37,0.0,7650000.0,7.65,465,1024,0.4541015625
01a0a597-81f1-7011-9024-b8d544cd9dd8,s,C,QB19,11,5,UVH13s,38,0.0,8100000.0,8.1,456,1024,0.4453125
01a0a597-81f1-7011-9024-b8d544cd9dd8,s,C,QB19,11,5,UVH13s,39,0.0,8550000.0,8.55,462,1024,0.451171875
01a0a597-81f1-7011-9024-b8d544cd9dd8,s,C,QB19,11,5,UVH13s,40,0.0,9000000.0,9.0,471,1024,0.4599609375
01a0a597-81f1-7011-9024-b8d544cd9dd8,s,C,QB6,12,0,standard_pi_2,0,0.0,-9000000.0,-9.0,564,1024,0.55078125
01a0a597-81f1-7011-9024-b8d544cd9dd8,s,C,QB6,12,0,standard_pi_2,1,0.0,-8550000.0,-8.55,565,1024,0.5517578125
01a0a597-81f1-7011-9024-b8d544cd9dd8,s,C,QB6,12,0,standard_pi_2,2,0.0,-8100000.0,-8.1,559,1024,0.5458984375
01a0a597-81f1-7011-9024-b8d544cd9dd8,s,C,QB6,12,0,standard_pi_2,3,0.0,-7650000.0,-7.65,550,1024,0.537109375
01a0a597-81f1-7011-9024-b8d544cd9dd8,s,C,QB6,12,0,standard_pi_2,4,0.0,-7200000.0,-7.2,540,1024,0.52734375
01a0a597-81f1-7011-9024-b8d544cd9dd8,s,C,QB6,12,0,standard_pi_2,5,0.0,-6750000.0,-6.75,530,1024,0.517578125
01a0a597-81f1-7011-9024-b8d544cd9dd8,s,C,QB6,12,0,standard_pi_2,6,0.0,-6300000.0,-6.3,543,1024,0.5302734375
01a0a597-81f1-7011-9024-b8d544cd9dd8,s,C,QB6,12,0,standard_pi_2,7,0.0,-5850000.0,-5.85,548,1024,0.53515625
01a0a597-81f1-7011-9024-b8d544cd9dd8,s,C,QB6,12,0,standard_pi_2,8,0.0,-5400000.0,-5.4,543,1024,0.5302734375
01a0a597-81f1-7011-9024-b8d544cd9dd8,s,C,QB6,12,0,standard_pi_2,9,0.0,-4950000.0,-4.95,525,1024,0.5126953125
01a0a597-81f1-7011-9024-b8d544cd9dd8,s,C,QB6,12,0,standard_pi_2,10,0.0,-4500000.0,-4.5,563,1024,0.5498046875
01a0a597-81f1-7011-9024-b8d544cd9dd8,s,C,QB6,12,0,standard_pi_2,11,0.0,-4050000.0,-4.05,534,1024,0.521484375
01a0a597-81f1-7011-9024-b8d544cd9dd8,s,C,QB6,12,0,standard_pi_2,12,0.0,-3600000.0,-3.6,532,1024,0.51953125
01a0a597-81f1-7011-9024-b8d544cd9dd8,s,C,QB6,12,0,standard_pi_2,13,0.0,-3150000.0,-3.15,547,1024,0.5341796875
01a0a597-81f1-7011-9024-b8d544cd9dd8,s,C,QB6,12,0,standard_pi_2,14,0.0,-2700000.0,-2.7,517,1024,0.5048828125
01a0a597-81f1-7011-9024-b8d544cd9dd8,s,C,QB6,12,0,standard_pi_2,15,0.0,-2250000.0,-2.25,518,1024,0.505859375
01a0a597-81f1-7011-9024-b8d544cd9dd8,s,C,QB6,12,0,standard_pi_2,16,0.0,-1800000.0,-1.8,523,1024,0.5107421875
01a0a597-81f1-7011-9024-b8d544cd9dd8,s,C,QB6,12,0,standard_pi_2,17,0.0,-1350000.0,-1.35,530,1024,0.517578125
01a0a597-81f1-7011-9024-b8d544cd9dd8,s,C,QB6,12,0,standard_pi_2,18,0.0,-900000.0,-0.9,508,1024,0.49609375
01a0a597-81f1-7011-9024-b8d544cd9dd8,s,C,QB6,12,0,standard_pi_2,19,0.0,-450000.0,-0.45,497,1024,0.4853515625
01a0a597-81f1-7011-9024-b8d544cd9dd8,s,C,QB6,12,0,standard_pi_2,20,0.0,0.0,0.0,513,1024,0.5009765625
01a0a597-81f1-7011-9024-b8d544cd9dd8,s,C,QB6,12,0,standard_pi_2,21,0.0,450000.0,0.45,500,1024,0.48828125
01a0a597-81f1-7011-9024-b8d544cd9dd8,s,C,QB6,12,0,standard_pi_2,22,0.0,900000.0,0.9,499,1024,0.4873046875
01a0a597-81f1-7011-9024-b8d544cd9dd8,s,C,QB6,12,0,standard_pi_2,23,0.0,1350000.0,1.35,501,1024,0.4892578125
01a0a597-81f1-7011-9024-b8d544cd9dd8,s,C,QB6,12,0,standard_pi_2,24,0.0,1800000.0,1.8,486,1024,0.474609375
01a0a597-81f1-7011-9024-b8d544cd9dd8,s,C,QB6,12,0,standard_pi_2,25,0.0,2250000.0,2.25,517,1024,0.5048828125
01a0a597-81f1-7011-9024-b8d544cd9dd8,s,C,QB6,12,0,standard_pi_2,26,0.0,2700000.0,2.7,480,1024,0.46875
01a0a597-81f1-7011-9024-b8d544cd9dd8,s,C,QB6,12,0,standard_pi_2,27,0.0,3150000.0,3.15,476,1024,0.46484375
01a0a597-81f1-7011-9024-b8d544cd9dd8,s,C,QB6,12,0,standard_pi_2,28,0.0,3600000.0,3.6,462,1024,0.451171875
01a0a597-81f1-7011-9024-b8d544cd9dd8,s,C,QB6,12,0,standard_pi_2,29,0.0,4050000.0,4.05,494,1024,0.482421875
01a0a597-81f1-7011-9024-b8d544cd9dd8,s,C,QB6,12,0,standard_pi_2,30,0.0,4500000.0,4.5,478,1024,0.466796875
01a0a597-81f1-7011-9024-b8d544cd9dd8,s,C,QB6,12,0,standard_pi_2,31,0.0,4950000.0,4.95,458,1024,0.447265625
01a0a597-81f1-7011-9024-b8d544cd9dd8,s,C,QB6,12,0,standard_pi_2,32,0.0,5400000.0,5.4,464,1024,0.453125
01a0a597-81f1-7011-9024-b8d544cd9dd8,s,C,QB6,12,0,standard_pi_2,33,0.0,5850000.0,5.85,433,1024,0.4228515625
01a0a597-81f1-7011-9024-b8d544cd9dd8,s,C,QB6,12,0,standard_pi_2,34,0.0,6300000.0,6.3,483,1024,0.4716796875
01a0a597-81f1-7011-9024-b8d544cd9dd8,s,C,QB6,12,0,standard_pi_2,35,0.0,6750000.0,6.75,442,1024,0.431640625
01a0a597-81f1-7011-9024-b8d544cd9dd8,s,C,QB6,12,0,standard_pi_2,36,0.0,7200000.0,7.2,442,1024,0.431640625
01a0a597-81f1-7011-9024-b8d544cd9dd8,s,C,QB6,12,0,standard_pi_2,37,0.0,7650000.0,7.65,453,1024,0.4423828125
01a0a597-81f1-7011-9024-b8d544cd9dd8,s,C,QB6,12,0,standard_pi_2,38,0.0,8100000.0,8.1,433,1024,0.4228515625
01a0a597-81f1-7011-9024-b8d544cd9dd8,s,C,QB6,12,0,standard_pi_2,39,0.0,8550000.0,8.55,440,1024,0.4296875
01a0a597-81f1-7011-9024-b8d544cd9dd8,s,C,QB6,12,0,standard_pi_2,40,0.0,9000000.0,9.0,462,1024,0.451171875
01a0a597-81f1-7011-9024-b8d544cd9dd8,s,C,QB6,12,1,UVH5s,0,0.0,-9000000.0,-9.0,680,1024,0.6640625
01a0a597-81f1-7011-9024-b8d544cd9dd8,s,C,QB6,12,1,UVH5s,1,0.0,-8550000.0,-8.55,731,1024,0.7138671875
01a0a597-81f1-7011-9024-b8d544cd9dd8,s,C,QB6,12,1,UVH5s,2,0.0,-8100000.0,-8.1,706,1024,0.689453125
01a0a597-81f1-7011-9024-b8d544cd9dd8,s,C,QB6,12,1,UVH5s,3,0.0,-7650000.0,-7.65,723,1024,0.7060546875
01a0a597-81f1-7011-9024-b8d544cd9dd8,s,C,QB6,12,1,UVH5s,4,0.0,-7200000.0,-7.2,709,1024,0.6923828125
01a0a597-81f1-7011-9024-b8d544cd9dd8,s,C,QB6,12,1,UVH5s,5,0.0,-6750000.0,-6.75,653,1024,0.6376953125
01a0a597-81f1-7011-9024-b8d544cd9dd8,s,C,QB6,12,1,UVH5s,6,0.0,-6300000.0,-6.3,670,1024,0.654296875
01a0a597-81f1-7011-9024-b8d544cd9dd8,s,C,QB6,12,1,UVH5s,7,0.0,-5850000.0,-5.85,687,1024,0.6708984375
01a0a597-81f1-7011-9024-b8d544cd9dd8,s,C,QB6,12,1,UVH5s,8,0.0,-5400000.0,-5.4,650,1024,0.634765625
01a0a597-81f1-7011-9024-b8d544cd9dd8,s,C,QB6,12,1,UVH5s,9,0.0,-4950000.0,-4.95,660,1024,0.64453125
01a0a597-81f1-7011-9024-b8d544cd9dd8,s,C,QB6,12,1,UVH5s,10,0.0,-4500000.0,-4.5,588,1024,0.57421875
01a0a597-81f1-7011-9024-b8d544cd9dd8,s,C,QB6,12,1,UVH5s,11,0.0,-4050000.0,-4.05,620,1024,0.60546875
01a0a597-81f1-7011-9024-b8d544cd9dd8,s,C,QB6,12,1,UVH5s,12,0.0,-3600000.0,-3.6,616,1024,0.6015625
01a0a597-81f1-7011-9024-b8d544cd9dd8,s,C,QB6,12,1,UVH5s,13,0.0,-3150000.0,-3.15,595,1024,0.5810546875
01a0a597-81f1-7011-9024-b8d544cd9dd8,s,C,QB6,12,1,UVH5s,14,0.0,-2700000.0,-2.7,587,1024,0.5732421875
01a0a597-81f1-7011-9024-b8d544cd9dd8,s,C,QB6,12,1,UVH5s,15,0.0,-2250000.0,-2.25,550,1024,0.537109375
01a0a597-81f1-7011-9024-b8d544cd9dd8,s,C,QB6,12,1,UVH5s,16,0.0,-1800000.0,-1.8,537,1024,0.5244140625
01a0a597-81f1-7011-9024-b8d544cd9dd8,s,C,QB6,12,1,UVH5s,17,0.0,-1350000.0,-1.35,536,1024,0.5234375
01a0a597-81f1-7011-9024-b8d544cd9dd8,s,C,QB6,12,1,UVH5s,18,0.0,-900000.0,-0.9,543,1024,0.5302734375
01a0a597-81f1-7011-9024-b8d544cd9dd8,s,C,QB6,12,1,UVH5s,19,0.0,-450000.0,-0.45,526,1024,0.513671875
01a0a597-81f1-7011-9024-b8d544cd9dd8,s,C,QB6,12,1,UVH5s,20,0.0,0.0,0.0,539,1024,0.5263671875
01a0a597-81f1-7011-9024-b8d544cd9dd8,s,C,QB6,12,1,UVH5s,21,0.0,450000.0,0.45,558,1024,0.544921875
01a0a597-81f1-7011-9024-b8d544cd9dd8,s,C,QB6,12,1,UVH5s,22,0.0,900000.0,0.9,512,1024,0.5
01a0a597-81f1-7011-9024-b8d544cd9dd8,s,C,QB6,12,1,UVH5s,23,0.0,1350000.0,1.35,541,1024,0.5283203125
01a0a597-81f1-7011-9024-b8d544cd9dd8,s,C,QB6,12,1,UVH5s,24,0.0,1800000.0,1.8,545,1024,0.5322265625
01a0a597-81f1-7011-9024-b8d544cd9dd8,s,C,QB6,12,1,UVH5s,25,0.0,2250000.0,2.25,546,1024,0.533203125
01a0a597-81f1-7011-9024-b8d544cd9dd8,s,C,QB6,12,1,UVH5s,26,0.0,2700000.0,2.7,556,1024,0.54296875
01a0a597-81f1-7011-9024-b8d544cd9dd8,s,C,QB6,12,1,UVH5s,27,0.0,3150000.0,3.15,580,1024,0.56640625
01a0a597-81f1-7011-9024-b8d544cd9dd8,s,C,QB6,12,1,UVH5s,28,0.0,3600000.0,3.6,580,1024,0.56640625
01a0a597-81f1-7011-9024-b8d544cd9dd8,s,C,QB6,12,1,UVH5s,29,0.0,4050000.0,4.05,616,1024,0.6015625
01a0a597-81f1-7011-9024-b8d544cd9dd8,s,C,QB6,12,1,UVH5s,30,0.0,4500000.0,4.5,633,1024,0.6181640625
01a0a597-81f1-7011-9024-b8d544cd9dd8,s,C,QB6,12,1,UVH5s,31,0.0,4950000.0,4.95,628,1024,0.61328125
01a0a597-81f1-7011-9024-b8d544cd9dd8,s,C,QB6,12,1,UVH5s,32,0.0,5400000.0,5.4,629,1024,0.6142578125
01a0a597-81f1-7011-9024-b8d544cd9dd8,s,C,QB6,12,1,UVH5s,33,0.0,5850000.0,5.85,642,1024,0.626953125
01a0a597-81f1-7011-9024-b8d544cd9dd8,s,C,QB6,12,1,UVH5s,34,0.0,6300000.0,6.3,687,1024,0.6708984375
01a0a597-81f1-7011-9024-b8d544cd9dd8,s,C,QB6,12,1,UVH5s,35,0.0,6750000.0,6.75,677,1024,0.6611328125
01a0a597-81f1-7011-9024-b8d544cd9dd8,s,C,QB6,12,1,UVH5s,36,0.0,7200000.0,7.2,727,1024,0.7099609375
01a0a597-81f1-7011-9024-b8d544cd9dd8,s,C,QB6,12,1,UVH5s,37,0.0,7650000.0,7.65,741,1024,0.7236328125
01a0a597-81f1-7011-9024-b8d544cd9dd8,s,C,QB6,12,1,UVH5s,38,0.0,8100000.0,8.1,777,1024,0.7587890625
01a0a597-81f1-7011-9024-b8d544cd9dd8,s,C,QB6,12,1,UVH5s,39,0.0,8550000.0,8.55,802,1024,0.783203125
01a0a597-81f1-7011-9024-b8d544cd9dd8,s,C,QB6,12,1,UVH5s,40,0.0,9000000.0,9.0,811,1024,0.7919921875
01a0a597-81f1-7011-9024-b8d544cd9dd8,s,C,QB6,12,2,UVH7s,0,0.0,-9000000.0,-9.0,632,1024,0.6171875
01a0a597-81f1-7011-9024-b8d544cd9dd8,s,C,QB6,12,2,UVH7s,1,0.0,-8550000.0,-8.55,615,1024,0.6005859375
01a0a597-81f1-7011-9024-b8d544cd9dd8,s,C,QB6,12,2,UVH7s,2,0.0,-8100000.0,-8.1,669,1024,0.6533203125
01a0a597-81f1-7011-9024-b8d544cd9dd8,s,C,QB6,12,2,UVH7s,3,0.0,-7650000.0,-7.65,625,1024,0.6103515625
01a0a597-81f1-7011-9024-b8d544cd9dd8,s,C,QB6,12,2,UVH7s,4,0.0,-7200000.0,-7.2,631,1024,0.6162109375
01a0a597-81f1-7011-9024-b8d544cd9dd8,s,C,QB6,12,2,UVH7s,5,0.0,-6750000.0,-6.75,610,1024,0.595703125
01a0a597-81f1-7011-9024-b8d544cd9dd8,s,C,QB6,12,2,UVH7s,6,0.0,-6300000.0,-6.3,597,1024,0.5830078125
01a0a597-81f1-7011-9024-b8d544cd9dd8,s,C,QB6,12,2,UVH7s,7,0.0,-5850000.0,-5.85,573,1024,0.5595703125
01a0a597-81f1-7011-9024-b8d544cd9dd8,s,C,QB6,12,2,UVH7s,8,0.0,-5400000.0,-5.4,597,1024,0.5830078125
01a0a597-81f1-7011-9024-b8d544cd9dd8,s,C,QB6,12,2,UVH7s,9,0.0,-4950000.0,-4.95,558,1024,0.544921875
01a0a597-81f1-7011-9024-b8d544cd9dd8,s,C,QB6,12,2,UVH7s,10,0.0,-4500000.0,-4.5,572,1024,0.55859375
01a0a597-81f1-7011-9024-b8d544cd9dd8,s,C,QB6,12,2,UVH7s,11,0.0,-4050000.0,-4.05,559,1024,0.5458984375
01a0a597-81f1-7011-9024-b8d544cd9dd8,s,C,QB6,12,2,UVH7s,12,0.0,-3600000.0,-3.6,533,1024,0.5205078125
01a0a597-81f1-7011-9024-b8d544cd9dd8,s,C,QB6,12,2,UVH7s,13,0.0,-3150000.0,-3.15,569,1024,0.5556640625
01a0a597-81f1-7011-9024-b8d544cd9dd8,s,C,QB6,12,2,UVH7s,14,0.0,-2700000.0,-2.7,524,1024,0.51171875
01a0a597-81f1-7011-9024-b8d544cd9dd8,s,C,QB6,12,2,UVH7s,15,0.0,-2250000.0,-2.25,588,1024,0.57421875
01a0a597-81f1-7011-9024-b8d544cd9dd8,s,C,QB6,12,2,UVH7s,16,0.0,-1800000.0,-1.8,562,1024,0.548828125
01a0a597-81f1-7011-9024-b8d544cd9dd8,s,C,QB6,12,2,UVH7s,17,0.0,-1350000.0,-1.35,562,1024,0.548828125
01a0a597-81f1-7011-9024-b8d544cd9dd8,s,C,QB6,12,2,UVH7s,18,0.0,-900000.0,-0.9,529,1024,0.5166015625
01a0a597-81f1-7011-9024-b8d544cd9dd8,s,C,QB6,12,2,UVH7s,19,0.0,-450000.0,-0.45,593,1024,0.5791015625
01a0a597-81f1-7011-9024-b8d544cd9dd8,s,C,QB6,12,2,UVH7s,20,0.0,0.0,0.0,599,1024,0.5849609375
01a0a597-81f1-7011-9024-b8d544cd9dd8,s,C,QB6,12,2,UVH7s,21,0.0,450000.0,0.45,568,1024,0.5546875
01a0a597-81f1-7011-9024-b8d544cd9dd8,s,C,QB6,12,2,UVH7s,22,0.0,900000.0,0.9,573,1024,0.5595703125
01a0a597-81f1-7011-9024-b8d544cd9dd8,s,C,QB6,12,2,UVH7s,23,0.0,1350000.0,1.35,588,1024,0.57421875
01a0a597-81f1-7011-9024-b8d544cd9dd8,s,C,QB6,12,2,UVH7s,24,0.0,1800000.0,1.8,584,1024,0.5703125
01a0a597-81f1-7011-9024-b8d544cd9dd8,s,C,QB6,12,2,UVH7s,25,0.0,2250000.0,2.25,565,1024,0.5517578125
01a0a597-81f1-7011-9024-b8d544cd9dd8,s,C,QB6,12,2,UVH7s,26,0.0,2700000.0,2.7,553,1024,0.5400390625
01a0a597-81f1-7011-9024-b8d544cd9dd8,s,C,QB6,12,2,UVH7s,27,0.0,3150000.0,3.15,550,1024,0.537109375
01a0a597-81f1-7011-9024-b8d544cd9dd8,s,C,QB6,12,2,UVH7s,28,0.0,3600000.0,3.6,515,1024,0.5029296875
01a0a597-81f1-7011-9024-b8d544cd9dd8,s,C,QB6,12,2,UVH7s,29,0.0,4050000.0,4.05,534,1024,0.521484375
01a0a597-81f1-7011-9024-b8d544cd9dd8,s,C,QB6,12,2,UVH7s,30,0.0,4500000.0,4.5,530,1024,0.517578125
01a0a597-81f1-7011-9024-b8d544cd9dd8,s,C,QB6,12,2,UVH7s,31,0.0,4950000.0,4.95,548,1024,0.53515625
01a0a597-81f1-7011-9024-b8d544cd9dd8,s,C,QB6,12,2,UVH7s,32,0.0,5400000.0,5.4,545,1024,0.5322265625
01a0a597-81f1-7011-9024-b8d544cd9dd8,s,C,QB6,12,2,UVH7s,33,0.0,5850000.0,5.85,531,1024,0.5185546875
01a0a597-81f1-7011-9024-b8d544cd9dd8,s,C,QB6,12,2,UVH7s,34,0.0,6300000.0,6.3,565,1024,0.5517578125
01a0a597-81f1-7011-9024-b8d544cd9dd8,s,C,QB6,12,2,UVH7s,35,0.0,6750000.0,6.75,576,1024,0.5625
01a0a597-81f1-7011-9024-b8d544cd9dd8,s,C,QB6,12,2,UVH7s,36,0.0,7200000.0,7.2,597,1024,0.5830078125
01a0a597-81f1-7011-9024-b8d544cd9dd8,s,C,QB6,12,2,UVH7s,37,0.0,7650000.0,7.65,623,1024,0.6083984375
01a0a597-81f1-7011-9024-b8d544cd9dd8,s,C,QB6,12,2,UVH7s,38,0.0,8100000.0,8.1,641,1024,0.6259765625
01a0a597-81f1-7011-9024-b8d544cd9dd8,s,C,QB6,12,2,UVH7s,39,0.0,8550000.0,8.55,615,1024,0.6005859375
01a0a597-81f1-7011-9024-b8d544cd9dd8,s,C,QB6,12,2,UVH7s,40,0.0,9000000.0,9.0,709,1024,0.6923828125
01a0a597-81f1-7011-9024-b8d544cd9dd8,s,C,QB6,12,3,UVH9s,0,0.0,-9000000.0,-9.0,352,1024,0.34375
01a0a597-81f1-7011-9024-b8d544cd9dd8,s,C,QB6,12,3,UVH9s,1,0.0,-8550000.0,-8.55,409,1024,0.3994140625
01a0a597-81f1-7011-9024-b8d544cd9dd8,s,C,QB6,12,3,UVH9s,2,0.0,-8100000.0,-8.1,417,1024,0.4072265625
01a0a597-81f1-7011-9024-b8d544cd9dd8,s,C,QB6,12,3,UVH9s,3,0.0,-7650000.0,-7.65,426,1024,0.416015625
01a0a597-81f1-7011-9024-b8d544cd9dd8,s,C,QB6,12,3,UVH9s,4,0.0,-7200000.0,-7.2,440,1024,0.4296875
01a0a597-81f1-7011-9024-b8d544cd9dd8,s,C,QB6,12,3,UVH9s,5,0.0,-6750000.0,-6.75,486,1024,0.474609375
01a0a597-81f1-7011-9024-b8d544cd9dd8,s,C,QB6,12,3,UVH9s,6,0.0,-6300000.0,-6.3,469,1024,0.4580078125
01a0a597-81f1-7011-9024-b8d544cd9dd8,s,C,QB6,12,3,UVH9s,7,0.0,-5850000.0,-5.85,466,1024,0.455078125
01a0a597-81f1-7011-9024-b8d544cd9dd8,s,C,QB6,12,3,UVH9s,8,0.0,-5400000.0,-5.4,512,1024,0.5
01a0a597-81f1-7011-9024-b8d544cd9dd8,s,C,QB6,12,3,UVH9s,9,0.0,-4950000.0,-4.95,524,1024,0.51171875
01a0a597-81f1-7011-9024-b8d544cd9dd8,s,C,QB6,12,3,UVH9s,10,0.0,-4500000.0,-4.5,525,1024,0.5126953125
01a0a597-81f1-7011-9024-b8d544cd9dd8,s,C,QB6,12,3,UVH9s,11,0.0,-4050000.0,-4.05,533,1024,0.5205078125
01a0a597-81f1-7011-9024-b8d544cd9dd8,s,C,QB6,12,3,UVH9s,12,0.0,-3600000.0,-3.6,505,1024,0.4931640625
01a0a597-81f1-7011-9024-b8d544cd9dd8,s,C,QB6,12,3,UVH9s,13,0.0,-3150000.0,-3.15,478,1024,0.466796875
01a0a597-81f1-7011-9024-b8d544cd9dd8,s,C,QB6,12,3,UVH9s,14,0.0,-2700000.0,-2.7,472,1024,0.4609375
01a0a597-81f1-7011-9024-b8d544cd9dd8,s,C,QB6,12,3,UVH9s,15,0.0,-2250000.0,-2.25,508,1024,0.49609375
01a0a597-81f1-7011-9024-b8d544cd9dd8,s,C,QB6,12,3,UVH9s,16,0.0,-1800000.0,-1.8,498,1024,0.486328125
01a0a597-81f1-7011-9024-b8d544cd9dd8,s,C,QB6,12,3,UVH9s,17,0.0,-1350000.0,-1.35,482,1024,0.470703125
01a0a597-81f1-7011-9024-b8d544cd9dd8,s,C,QB6,12,3,UVH9s,18,0.0,-900000.0,-0.9,505,1024,0.4931640625
01a0a597-81f1-7011-9024-b8d544cd9dd8,s,C,QB6,12,3,UVH9s,19,0.0,-450000.0,-0.45,496,1024,0.484375
01a0a597-81f1-7011-9024-b8d544cd9dd8,s,C,QB6,12,3,UVH9s,20,0.0,0.0,0.0,471,1024,0.4599609375
01a0a597-81f1-7011-9024-b8d544cd9dd8,s,C,QB6,12,3,UVH9s,21,0.0,450000.0,0.45,492,1024,0.48046875
01a0a597-81f1-7011-9024-b8d544cd9dd8,s,C,QB6,12,3,UVH9s,22,0.0,900000.0,0.9,527,1024,0.5146484375
01a0a597-81f1-7011-9024-b8d544cd9dd8,s,C,QB6,12,3,UVH9s,23,0.0,1350000.0,1.35,513,1024,0.5009765625
01a0a597-81f1-7011-9024-b8d544cd9dd8,s,C,QB6,12,3,UVH9s,24,0.0,1800000.0,1.8,488,1024,0.4765625
01a0a597-81f1-7011-9024-b8d544cd9dd8,s,C,QB6,12,3,UVH9s,25,0.0,2250000.0,2.25,537,1024,0.5244140625
01a0a597-81f1-7011-9024-b8d544cd9dd8,s,C,QB6,12,3,UVH9s,26,0.0,2700000.0,2.7,539,1024,0.5263671875
01a0a597-81f1-7011-9024-b8d544cd9dd8,s,C,QB6,12,3,UVH9s,27,0.0,3150000.0,3.15,529,1024,0.5166015625
01a0a597-81f1-7011-9024-b8d544cd9dd8,s,C,QB6,12,3,UVH9s,28,0.0,3600000.0,3.6,515,1024,0.5029296875
01a0a597-81f1-7011-9024-b8d544cd9dd8,s,C,QB6,12,3,UVH9s,29,0.0,4050000.0,4.05,548,1024,0.53515625
01a0a597-81f1-7011-9024-b8d544cd9dd8,s,C,QB6,12,3,UVH9s,30,0.0,4500000.0,4.5,545,1024,0.5322265625
01a0a597-81f1-7011-9024-b8d544cd9dd8,s,C,QB6,12,3,UVH9s,31,0.0,4950000.0,4.95,559,1024,0.5458984375
01a0a597-81f1-7011-9024-b8d544cd9dd8,s,C,QB6,12,3,UVH9s,32,0.0,5400000.0,5.4,548,1024,0.53515625
01a0a597-81f1-7011-9024-b8d544cd9dd8,s,C,QB6,12,3,UVH9s,33,0.0,5850000.0,5.85,542,1024,0.529296875
01a0a597-81f1-7011-9024-b8d544cd9dd8,s,C,QB6,12,3,UVH9s,34,0.0,6300000.0,6.3,557,1024,0.5439453125
01a0a597-81f1-7011-9024-b8d544cd9dd8,s,C,QB6,12,3,UVH9s,35,0.0,6750000.0,6.75,527,1024,0.5146484375
01a0a597-81f1-7011-9024-b8d544cd9dd8,s,C,QB6,12,3,UVH9s,36,0.0,7200000.0,7.2,504,1024,0.4921875
01a0a597-81f1-7011-9024-b8d544cd9dd8,s,C,QB6,12,3,UVH9s,37,0.0,7650000.0,7.65,472,1024,0.4609375
01a0a597-81f1-7011-9024-b8d544cd9dd8,s,C,QB6,12,3,UVH9s,38,0.0,8100000.0,8.1,459,1024,0.4482421875
01a0a597-81f1-7011-9024-b8d544cd9dd8,s,C,QB6,12,3,UVH9s,39,0.0,8550000.0,8.55,424,1024,0.4140625
01a0a597-81f1-7011-9024-b8d544cd9dd8,s,C,QB6,12,3,UVH9s,40,0.0,9000000.0,9.0,383,1024,0.3740234375
01a0a597-81f1-7011-9024-b8d544cd9dd8,s,C,QB6,12,4,UVH11s,0,0.0,-9000000.0,-9.0,624,1024,0.609375
01a0a597-81f1-7011-9024-b8d544cd9dd8,s,C,QB6,12,4,UVH11s,1,0.0,-8550000.0,-8.55,651,1024,0.6357421875
01a0a597-81f1-7011-9024-b8d544cd9dd8,s,C,QB6,12,4,UVH11s,2,0.0,-8100000.0,-8.1,592,1024,0.578125
01a0a597-81f1-7011-9024-b8d544cd9dd8,s,C,QB6,12,4,UVH11s,3,0.0,-7650000.0,-7.65,615,1024,0.6005859375
01a0a597-81f1-7011-9024-b8d544cd9dd8,s,C,QB6,12,4,UVH11s,4,0.0,-7200000.0,-7.2,591,1024,0.5771484375
01a0a597-81f1-7011-9024-b8d544cd9dd8,s,C,QB6,12,4,UVH11s,5,0.0,-6750000.0,-6.75,611,1024,0.5966796875
01a0a597-81f1-7011-9024-b8d544cd9dd8,s,C,QB6,12,4,UVH11s,6,0.0,-6300000.0,-6.3,597,1024,0.5830078125
01a0a597-81f1-7011-9024-b8d544cd9dd8,s,C,QB6,12,4,UVH11s,7,0.0,-5850000.0,-5.85,571,1024,0.5576171875
01a0a597-81f1-7011-9024-b8d544cd9dd8,s,C,QB6,12,4,UVH11s,8,0.0,-5400000.0,-5.4,561,1024,0.5478515625
01a0a597-81f1-7011-9024-b8d544cd9dd8,s,C,QB6,12,4,UVH11s,9,0.0,-4950000.0,-4.95,579,1024,0.5654296875
01a0a597-81f1-7011-9024-b8d544cd9dd8,s,C,QB6,12,4,UVH11s,10,0.0,-4500000.0,-4.5,528,1024,0.515625
01a0a597-81f1-7011-9024-b8d544cd9dd8,s,C,QB6,12,4,UVH11s,11,0.0,-4050000.0,-4.05,545,1024,0.5322265625
01a0a597-81f1-7011-9024-b8d544cd9dd8,s,C,QB6,12,4,UVH11s,12,0.0,-3600000.0,-3.6,544,1024,0.53125
01a0a597-81f1-7011-9024-b8d544cd9dd8,s,C,QB6,12,4,UVH11s,13,0.0,-3150000.0,-3.15,554,1024,0.541015625
01a0a597-81f1-7011-9024-b8d544cd9dd8,s,C,QB6,12,4,UVH11s,14,0.0,-2700000.0,-2.7,565,1024,0.5517578125
01a0a597-81f1-7011-9024-b8d544cd9dd8,s,C,QB6,12,4,UVH11s,15,0.0,-2250000.0,-2.25,517,1024,0.5048828125
01a0a597-81f1-7011-9024-b8d544cd9dd8,s,C,QB6,12,4,UVH11s,16,0.0,-1800000.0,-1.8,491,1024,0.4794921875
01a0a597-81f1-7011-9024-b8d544cd9dd8,s,C,QB6,12,4,UVH11s,17,0.0,-1350000.0,-1.35,522,1024,0.509765625
01a0a597-81f1-7011-9024-b8d544cd9dd8,s,C,QB6,12,4,UVH11s,18,0.0,-900000.0,-0.9,500,1024,0.48828125
01a0a597-81f1-7011-9024-b8d544cd9dd8,s,C,QB6,12,4,UVH11s,19,0.0,-450000.0,-0.45,476,1024,0.46484375
01a0a597-81f1-7011-9024-b8d544cd9dd8,s,C,QB6,12,4,UVH11s,20,0.0,0.0,0.0,507,1024,0.4951171875
01a0a597-81f1-7011-9024-b8d544cd9dd8,s,C,QB6,12,4,UVH11s,21,0.0,450000.0,0.45,484,1024,0.47265625
01a0a597-81f1-7011-9024-b8d544cd9dd8,s,C,QB6,12,4,UVH11s,22,0.0,900000.0,0.9,495,1024,0.4833984375
01a0a597-81f1-7011-9024-b8d544cd9dd8,s,C,QB6,12,4,UVH11s,23,0.0,1350000.0,1.35,506,1024,0.494140625
01a0a597-81f1-7011-9024-b8d544cd9dd8,s,C,QB6,12,4,UVH11s,24,0.0,1800000.0,1.8,497,1024,0.4853515625
01a0a597-81f1-7011-9024-b8d544cd9dd8,s,C,QB6,12,4,UVH11s,25,0.0,2250000.0,2.25,445,1024,0.4345703125
01a0a597-81f1-7011-9024-b8d544cd9dd8,s,C,QB6,12,4,UVH11s,26,0.0,2700000.0,2.7,487,1024,0.4755859375
01a0a597-81f1-7011-9024-b8d544cd9dd8,s,C,QB6,12,4,UVH11s,27,0.0,3150000.0,3.15,484,1024,0.47265625
01a0a597-81f1-7011-9024-b8d544cd9dd8,s,C,QB6,12,4,UVH11s,28,0.0,3600000.0,3.6,489,1024,0.4775390625
01a0a597-81f1-7011-9024-b8d544cd9dd8,s,C,QB6,12,4,UVH11s,29,0.0,4050000.0,4.05,506,1024,0.494140625
01a0a597-81f1-7011-9024-b8d544cd9dd8,s,C,QB6,12,4,UVH11s,30,0.0,4500000.0,4.5,518,1024,0.505859375
01a0a597-81f1-7011-9024-b8d544cd9dd8,s,C,QB6,12,4,UVH11s,31,0.0,4950000.0,4.95,506,1024,0.494140625
01a0a597-81f1-7011-9024-b8d544cd9dd8,s,C,QB6,12,4,UVH11s,32,0.0,5400000.0,5.4,530,1024,0.517578125
01a0a597-81f1-7011-9024-b8d544cd9dd8,s,C,QB6,12,4,UVH11s,33,0.0,5850000.0,5.85,529,1024,0.5166015625
01a0a597-81f1-7011-9024-b8d544cd9dd8,s,C,QB6,12,4,UVH11s,34,0.0,6300000.0,6.3,533,1024,0.5205078125
01a0a597-81f1-7011-9024-b8d544cd9dd8,s,C,QB6,12,4,UVH11s,35,0.0,6750000.0,6.75,546,1024,0.533203125
01a0a597-81f1-7011-9024-b8d544cd9dd8,s,C,QB6,12,4,UVH11s,36,0.0,7200000.0,7.2,536,1024,0.5234375
01a0a597-81f1-7011-9024-b8d544cd9dd8,s,C,QB6,12,4,UVH11s,37,0.0,7650000.0,7.65,538,1024,0.525390625
01a0a597-81f1-7011-9024-b8d544cd9dd8,s,C,QB6,12,4,UVH11s,38,0.0,8100000.0,8.1,526,1024,0.513671875
01a0a597-81f1-7011-9024-b8d544cd9dd8,s,C,QB6,12,4,UVH11s,39,0.0,8550000.0,8.55,526,1024,0.513671875
01a0a597-81f1-7011-9024-b8d544cd9dd8,s,C,QB6,12,4,UVH11s,40,0.0,9000000.0,9.0,513,1024,0.5009765625
01a0a597-81f1-7011-9024-b8d544cd9dd8,s,C,QB6,12,5,UVH13s,0,0.0,-9000000.0,-9.0,579,1024,0.5654296875
01a0a597-81f1-7011-9024-b8d544cd9dd8,s,C,QB6,12,5,UVH13s,1,0.0,-8550000.0,-8.55,604,1024,0.58984375
01a0a597-81f1-7011-9024-b8d544cd9dd8,s,C,QB6,12,5,UVH13s,2,0.0,-8100000.0,-8.1,585,1024,0.5712890625
01a0a597-81f1-7011-9024-b8d544cd9dd8,s,C,QB6,12,5,UVH13s,3,0.0,-7650000.0,-7.65,568,1024,0.5546875
01a0a597-81f1-7011-9024-b8d544cd9dd8,s,C,QB6,12,5,UVH13s,4,0.0,-7200000.0,-7.2,576,1024,0.5625
01a0a597-81f1-7011-9024-b8d544cd9dd8,s,C,QB6,12,5,UVH13s,5,0.0,-6750000.0,-6.75,571,1024,0.5576171875
01a0a597-81f1-7011-9024-b8d544cd9dd8,s,C,QB6,12,5,UVH13s,6,0.0,-6300000.0,-6.3,561,1024,0.5478515625
01a0a597-81f1-7011-9024-b8d544cd9dd8,s,C,QB6,12,5,UVH13s,7,0.0,-5850000.0,-5.85,528,1024,0.515625
01a0a597-81f1-7011-9024-b8d544cd9dd8,s,C,QB6,12,5,UVH13s,8,0.0,-5400000.0,-5.4,520,1024,0.5078125
01a0a597-81f1-7011-9024-b8d544cd9dd8,s,C,QB6,12,5,UVH13s,9,0.0,-4950000.0,-4.95,512,1024,0.5
01a0a597-81f1-7011-9024-b8d544cd9dd8,s,C,QB6,12,5,UVH13s,10,0.0,-4500000.0,-4.5,515,1024,0.5029296875
01a0a597-81f1-7011-9024-b8d544cd9dd8,s,C,QB6,12,5,UVH13s,11,0.0,-4050000.0,-4.05,506,1024,0.494140625
01a0a597-81f1-7011-9024-b8d544cd9dd8,s,C,QB6,12,5,UVH13s,12,0.0,-3600000.0,-3.6,515,1024,0.5029296875
01a0a597-81f1-7011-9024-b8d544cd9dd8,s,C,QB6,12,5,UVH13s,13,0.0,-3150000.0,-3.15,516,1024,0.50390625
01a0a597-81f1-7011-9024-b8d544cd9dd8,s,C,QB6,12,5,UVH13s,14,0.0,-2700000.0,-2.7,515,1024,0.5029296875
01a0a597-81f1-7011-9024-b8d544cd9dd8,s,C,QB6,12,5,UVH13s,15,0.0,-2250000.0,-2.25,500,1024,0.48828125
01a0a597-81f1-7011-9024-b8d544cd9dd8,s,C,QB6,12,5,UVH13s,16,0.0,-1800000.0,-1.8,515,1024,0.5029296875
01a0a597-81f1-7011-9024-b8d544cd9dd8,s,C,QB6,12,5,UVH13s,17,0.0,-1350000.0,-1.35,519,1024,0.5068359375
01a0a597-81f1-7011-9024-b8d544cd9dd8,s,C,QB6,12,5,UVH13s,18,0.0,-900000.0,-0.9,517,1024,0.5048828125
01a0a597-81f1-7011-9024-b8d544cd9dd8,s,C,QB6,12,5,UVH13s,19,0.0,-450000.0,-0.45,516,1024,0.50390625
01a0a597-81f1-7011-9024-b8d544cd9dd8,s,C,QB6,12,5,UVH13s,20,0.0,0.0,0.0,560,1024,0.546875
01a0a597-81f1-7011-9024-b8d544cd9dd8,s,C,QB6,12,5,UVH13s,21,0.0,450000.0,0.45,551,1024,0.5380859375
01a0a597-81f1-7011-9024-b8d544cd9dd8,s,C,QB6,12,5,UVH13s,22,0.0,900000.0,0.9,553,1024,0.5400390625
01a0a597-81f1-7011-9024-b8d544cd9dd8,s,C,QB6,12,5,UVH13s,23,0.0,1350000.0,1.35,539,1024,0.5263671875
01a0a597-81f1-7011-9024-b8d544cd9dd8,s,C,QB6,12,5,UVH13s,24,0.0,1800000.0,1.8,535,1024,0.5224609375
01a0a597-81f1-7011-9024-b8d544cd9dd8,s,C,QB6,12,5,UVH13s,25,0.0,2250000.0,2.25,568,1024,0.5546875
01a0a597-81f1-7011-9024-b8d544cd9dd8,s,C,QB6,12,5,UVH13s,26,0.0,2700000.0,2.7,547,1024,0.5341796875
01a0a597-81f1-7011-9024-b8d544cd9dd8,s,C,QB6,12,5,UVH13s,27,0.0,3150000.0,3.15,553,1024,0.5400390625
01a0a597-81f1-7011-9024-b8d544cd9dd8,s,C,QB6,12,5,UVH13s,28,0.0,3600000.0,3.6,516,1024,0.50390625
01a0a597-81f1-7011-9024-b8d544cd9dd8,s,C,QB6,12,5,UVH13s,29,0.0,4050000.0,4.05,547,1024,0.5341796875
01a0a597-81f1-7011-9024-b8d544cd9dd8,s,C,QB6,12,5,UVH13s,30,0.0,4500000.0,4.5,519,1024,0.5068359375
01a0a597-81f1-7011-9024-b8d544cd9dd8,s,C,QB6,12,5,UVH13s,31,0.0,4950000.0,4.95,500,1024,0.48828125
01a0a597-81f1-7011-9024-b8d544cd9dd8,s,C,QB6,12,5,UVH13s,32,0.0,5400000.0,5.4,509,1024,0.4970703125
01a0a597-81f1-7011-9024-b8d544cd9dd8,s,C,QB6,12,5,UVH13s,33,0.0,5850000.0,5.85,512,1024,0.5
01a0a597-81f1-7011-9024-b8d544cd9dd8,s,C,QB6,12,5,UVH13s,34,0.0,6300000.0,6.3,516,1024,0.50390625
01a0a597-81f1-7011-9024-b8d544cd9dd8,s,C,QB6,12,5,UVH13s,35,0.0,6750000.0,6.75,477,1024,0.4658203125
01a0a597-81f1-7011-9024-b8d544cd9dd8,s,C,QB6,12,5,UVH13s,36,0.0,7200000.0,7.2,460,1024,0.44921875
01a0a597-81f1-7011-9024-b8d544cd9dd8,s,C,QB6,12,5,UVH13s,37,0.0,7650000.0,7.65,475,1024,0.4638671875
01a0a597-81f1-7011-9024-b8d544cd9dd8,s,C,QB6,12,5,UVH13s,38,0.0,8100000.0,8.1,473,1024,0.4619140625
01a0a597-81f1-7011-9024-b8d544cd9dd8,s,C,QB6,12,5,UVH13s,39,0.0,8550000.0,8.55,479,1024,0.4677734375
01a0a597-81f1-7011-9024-b8d544cd9dd8,s,C,QB6,12,5,UVH13s,40,0.0,9000000.0,9.0,442,1024,0.431640625
01a0a597-81f1-7011-9024-b8d544cd9dd8,s,C,QB20,13,0,standard_pi_2,0,0.0,-9000000.0,-9.0,543,1024,0.5302734375
01a0a597-81f1-7011-9024-b8d544cd9dd8,s,C,QB20,13,0,standard_pi_2,1,0.0,-8550000.0,-8.55,530,1024,0.517578125
01a0a597-81f1-7011-9024-b8d544cd9dd8,s,C,QB20,13,0,standard_pi_2,2,0.0,-8100000.0,-8.1,517,1024,0.5048828125
01a0a597-81f1-7011-9024-b8d544cd9dd8,s,C,QB20,13,0,standard_pi_2,3,0.0,-7650000.0,-7.65,518,1024,0.505859375
01a0a597-81f1-7011-9024-b8d544cd9dd8,s,C,QB20,13,0,standard_pi_2,4,0.0,-7200000.0,-7.2,545,1024,0.5322265625
01a0a597-81f1-7011-9024-b8d544cd9dd8,s,C,QB20,13,0,standard_pi_2,5,0.0,-6750000.0,-6.75,511,1024,0.4990234375
01a0a597-81f1-7011-9024-b8d544cd9dd8,s,C,QB20,13,0,standard_pi_2,6,0.0,-6300000.0,-6.3,540,1024,0.52734375
01a0a597-81f1-7011-9024-b8d544cd9dd8,s,C,QB20,13,0,standard_pi_2,7,0.0,-5850000.0,-5.85,524,1024,0.51171875
01a0a597-81f1-7011-9024-b8d544cd9dd8,s,C,QB20,13,0,standard_pi_2,8,0.0,-5400000.0,-5.4,526,1024,0.513671875
01a0a597-81f1-7011-9024-b8d544cd9dd8,s,C,QB20,13,0,standard_pi_2,9,0.0,-4950000.0,-4.95,496,1024,0.484375
01a0a597-81f1-7011-9024-b8d544cd9dd8,s,C,QB20,13,0,standard_pi_2,10,0.0,-4500000.0,-4.5,528,1024,0.515625
01a0a597-81f1-7011-9024-b8d544cd9dd8,s,C,QB20,13,0,standard_pi_2,11,0.0,-4050000.0,-4.05,529,1024,0.5166015625
01a0a597-81f1-7011-9024-b8d544cd9dd8,s,C,QB20,13,0,standard_pi_2,12,0.0,-3600000.0,-3.6,539,1024,0.5263671875
01a0a597-81f1-7011-9024-b8d544cd9dd8,s,C,QB20,13,0,standard_pi_2,13,0.0,-3150000.0,-3.15,505,1024,0.4931640625
01a0a597-81f1-7011-9024-b8d544cd9dd8,s,C,QB20,13,0,standard_pi_2,14,0.0,-2700000.0,-2.7,505,1024,0.4931640625
01a0a597-81f1-7011-9024-b8d544cd9dd8,s,C,QB20,13,0,standard_pi_2,15,0.0,-2250000.0,-2.25,526,1024,0.513671875
01a0a597-81f1-7011-9024-b8d544cd9dd8,s,C,QB20,13,0,standard_pi_2,16,0.0,-1800000.0,-1.8,523,1024,0.5107421875
01a0a597-81f1-7011-9024-b8d544cd9dd8,s,C,QB20,13,0,standard_pi_2,17,0.0,-1350000.0,-1.35,504,1024,0.4921875
01a0a597-81f1-7011-9024-b8d544cd9dd8,s,C,QB20,13,0,standard_pi_2,18,0.0,-900000.0,-0.9,517,1024,0.5048828125
01a0a597-81f1-7011-9024-b8d544cd9dd8,s,C,QB20,13,0,standard_pi_2,19,0.0,-450000.0,-0.45,502,1024,0.490234375
01a0a597-81f1-7011-9024-b8d544cd9dd8,s,C,QB20,13,0,standard_pi_2,20,0.0,0.0,0.0,514,1024,0.501953125
01a0a597-81f1-7011-9024-b8d544cd9dd8,s,C,QB20,13,0,standard_pi_2,21,0.0,450000.0,0.45,497,1024,0.4853515625
01a0a597-81f1-7011-9024-b8d544cd9dd8,s,C,QB20,13,0,standard_pi_2,22,0.0,900000.0,0.9,524,1024,0.51171875
01a0a597-81f1-7011-9024-b8d544cd9dd8,s,C,QB20,13,0,standard_pi_2,23,0.0,1350000.0,1.35,465,1024,0.4541015625
01a0a597-81f1-7011-9024-b8d544cd9dd8,s,C,QB20,13,0,standard_pi_2,24,0.0,1800000.0,1.8,496,1024,0.484375
01a0a597-81f1-7011-9024-b8d544cd9dd8,s,C,QB20,13,0,standard_pi_2,25,0.0,2250000.0,2.25,513,1024,0.5009765625
01a0a597-81f1-7011-9024-b8d544cd9dd8,s,C,QB20,13,0,standard_pi_2,26,0.0,2700000.0,2.7,510,1024,0.498046875
01a0a597-81f1-7011-9024-b8d544cd9dd8,s,C,QB20,13,0,standard_pi_2,27,0.0,3150000.0,3.15,472,1024,0.4609375
01a0a597-81f1-7011-9024-b8d544cd9dd8,s,C,QB20,13,0,standard_pi_2,28,0.0,3600000.0,3.6,500,1024,0.48828125
01a0a597-81f1-7011-9024-b8d544cd9dd8,s,C,QB20,13,0,standard_pi_2,29,0.0,4050000.0,4.05,479,1024,0.4677734375
01a0a597-81f1-7011-9024-b8d544cd9dd8,s,C,QB20,13,0,standard_pi_2,30,0.0,4500000.0,4.5,459,1024,0.4482421875
01a0a597-81f1-7011-9024-b8d544cd9dd8,s,C,QB20,13,0,standard_pi_2,31,0.0,4950000.0,4.95,440,1024,0.4296875
01a0a597-81f1-7011-9024-b8d544cd9dd8,s,C,QB20,13,0,standard_pi_2,32,0.0,5400000.0,5.4,456,1024,0.4453125
01a0a597-81f1-7011-9024-b8d544cd9dd8,s,C,QB20,13,0,standard_pi_2,33,0.0,5850000.0,5.85,456,1024,0.4453125
01a0a597-81f1-7011-9024-b8d544cd9dd8,s,C,QB20,13,0,standard_pi_2,34,0.0,6300000.0,6.3,460,1024,0.44921875
01a0a597-81f1-7011-9024-b8d544cd9dd8,s,C,QB20,13,0,standard_pi_2,35,0.0,6750000.0,6.75,477,1024,0.4658203125
01a0a597-81f1-7011-9024-b8d544cd9dd8,s,C,QB20,13,0,standard_pi_2,36,0.0,7200000.0,7.2,458,1024,0.447265625
01a0a597-81f1-7011-9024-b8d544cd9dd8,s,C,QB20,13,0,standard_pi_2,37,0.0,7650000.0,7.65,435,1024,0.4248046875
01a0a597-81f1-7011-9024-b8d544cd9dd8,s,C,QB20,13,0,standard_pi_2,38,0.0,8100000.0,8.1,457,1024,0.4462890625
01a0a597-81f1-7011-9024-b8d544cd9dd8,s,C,QB20,13,0,standard_pi_2,39,0.0,8550000.0,8.55,466,1024,0.455078125
01a0a597-81f1-7011-9024-b8d544cd9dd8,s,C,QB20,13,0,standard_pi_2,40,0.0,9000000.0,9.0,445,1024,0.4345703125
01a0a597-81f1-7011-9024-b8d544cd9dd8,s,C,QB20,13,1,UVH5s,0,0.0,-9000000.0,-9.0,713,1024,0.6962890625
01a0a597-81f1-7011-9024-b8d544cd9dd8,s,C,QB20,13,1,UVH5s,1,0.0,-8550000.0,-8.55,723,1024,0.7060546875
01a0a597-81f1-7011-9024-b8d544cd9dd8,s,C,QB20,13,1,UVH5s,2,0.0,-8100000.0,-8.1,721,1024,0.7041015625
01a0a597-81f1-7011-9024-b8d544cd9dd8,s,C,QB20,13,1,UVH5s,3,0.0,-7650000.0,-7.65,703,1024,0.6865234375
01a0a597-81f1-7011-9024-b8d544cd9dd8,s,C,QB20,13,1,UVH5s,4,0.0,-7200000.0,-7.2,691,1024,0.6748046875
01a0a597-81f1-7011-9024-b8d544cd9dd8,s,C,QB20,13,1,UVH5s,5,0.0,-6750000.0,-6.75,702,1024,0.685546875
01a0a597-81f1-7011-9024-b8d544cd9dd8,s,C,QB20,13,1,UVH5s,6,0.0,-6300000.0,-6.3,684,1024,0.66796875
01a0a597-81f1-7011-9024-b8d544cd9dd8,s,C,QB20,13,1,UVH5s,7,0.0,-5850000.0,-5.85,645,1024,0.6298828125
01a0a597-81f1-7011-9024-b8d544cd9dd8,s,C,QB20,13,1,UVH5s,8,0.0,-5400000.0,-5.4,649,1024,0.6337890625
01a0a597-81f1-7011-9024-b8d544cd9dd8,s,C,QB20,13,1,UVH5s,9,0.0,-4950000.0,-4.95,613,1024,0.5986328125
01a0a597-81f1-7011-9024-b8d544cd9dd8,s,C,QB20,13,1,UVH5s,10,0.0,-4500000.0,-4.5,630,1024,0.615234375
01a0a597-81f1-7011-9024-b8d544cd9dd8,s,C,QB20,13,1,UVH5s,11,0.0,-4050000.0,-4.05,599,1024,0.5849609375
01a0a597-81f1-7011-9024-b8d544cd9dd8,s,C,QB20,13,1,UVH5s,12,0.0,-3600000.0,-3.6,586,1024,0.572265625
01a0a597-81f1-7011-9024-b8d544cd9dd8,s,C,QB20,13,1,UVH5s,13,0.0,-3150000.0,-3.15,550,1024,0.537109375
01a0a597-81f1-7011-9024-b8d544cd9dd8,s,C,QB20,13,1,UVH5s,14,0.0,-2700000.0,-2.7,558,1024,0.544921875
01a0a597-81f1-7011-9024-b8d544cd9dd8,s,C,QB20,13,1,UVH5s,15,0.0,-2250000.0,-2.25,569,1024,0.5556640625
01a0a597-81f1-7011-9024-b8d544cd9dd8,s,C,QB20,13,1,UVH5s,16,0.0,-1800000.0,-1.8,514,1024,0.501953125
01a0a597-81f1-7011-9024-b8d544cd9dd8,s,C,QB20,13,1,UVH5s,17,0.0,-1350000.0,-1.35,482,1024,0.470703125
01a0a597-81f1-7011-9024-b8d544cd9dd8,s,C,QB20,13,1,UVH5s,18,0.0,-900000.0,-0.9,485,1024,0.4736328125
01a0a597-81f1-7011-9024-b8d544cd9dd8,s,C,QB20,13,1,UVH5s,19,0.0,-450000.0,-0.45,519,1024,0.5068359375
01a0a597-81f1-7011-9024-b8d544cd9dd8,s,C,QB20,13,1,UVH5s,20,0.0,0.0,0.0,529,1024,0.5166015625
01a0a597-81f1-7011-9024-b8d544cd9dd8,s,C,QB20,13,1,UVH5s,21,0.0,450000.0,0.45,495,1024,0.4833984375
01a0a597-81f1-7011-9024-b8d544cd9dd8,s,C,QB20,13,1,UVH5s,22,0.0,900000.0,0.9,515,1024,0.5029296875
01a0a597-81f1-7011-9024-b8d544cd9dd8,s,C,QB20,13,1,UVH5s,23,0.0,1350000.0,1.35,520,1024,0.5078125
01a0a597-81f1-7011-9024-b8d544cd9dd8,s,C,QB20,13,1,UVH5s,24,0.0,1800000.0,1.8,539,1024,0.5263671875
01a0a597-81f1-7011-9024-b8d544cd9dd8,s,C,QB20,13,1,UVH5s,25,0.0,2250000.0,2.25,540,1024,0.52734375
01a0a597-81f1-7011-9024-b8d544cd9dd8,s,C,QB20,13,1,UVH5s,26,0.0,2700000.0,2.7,549,1024,0.5361328125
01a0a597-81f1-7011-9024-b8d544cd9dd8,s,C,QB20,13,1,UVH5s,27,0.0,3150000.0,3.15,570,1024,0.556640625
01a0a597-81f1-7011-9024-b8d544cd9dd8,s,C,QB20,13,1,UVH5s,28,0.0,3600000.0,3.6,558,1024,0.544921875
01a0a597-81f1-7011-9024-b8d544cd9dd8,s,C,QB20,13,1,UVH5s,29,0.0,4050000.0,4.05,603,1024,0.5888671875
01a0a597-81f1-7011-9024-b8d544cd9dd8,s,C,QB20,13,1,UVH5s,30,0.0,4500000.0,4.5,618,1024,0.603515625
01a0a597-81f1-7011-9024-b8d544cd9dd8,s,C,QB20,13,1,UVH5s,31,0.0,4950000.0,4.95,623,1024,0.6083984375
01a0a597-81f1-7011-9024-b8d544cd9dd8,s,C,QB20,13,1,UVH5s,32,0.0,5400000.0,5.4,641,1024,0.6259765625
01a0a597-81f1-7011-9024-b8d544cd9dd8,s,C,QB20,13,1,UVH5s,33,0.0,5850000.0,5.85,677,1024,0.6611328125
01a0a597-81f1-7011-9024-b8d544cd9dd8,s,C,QB20,13,1,UVH5s,34,0.0,6300000.0,6.3,697,1024,0.6806640625
01a0a597-81f1-7011-9024-b8d544cd9dd8,s,C,QB20,13,1,UVH5s,35,0.0,6750000.0,6.75,729,1024,0.7119140625
01a0a597-81f1-7011-9024-b8d544cd9dd8,s,C,QB20,13,1,UVH5s,36,0.0,7200000.0,7.2,749,1024,0.7314453125
01a0a597-81f1-7011-9024-b8d544cd9dd8,s,C,QB20,13,1,UVH5s,37,0.0,7650000.0,7.65,753,1024,0.7353515625
01a0a597-81f1-7011-9024-b8d544cd9dd8,s,C,QB20,13,1,UVH5s,38,0.0,8100000.0,8.1,787,1024,0.7685546875
01a0a597-81f1-7011-9024-b8d544cd9dd8,s,C,QB20,13,1,UVH5s,39,0.0,8550000.0,8.55,800,1024,0.78125
01a0a597-81f1-7011-9024-b8d544cd9dd8,s,C,QB20,13,1,UVH5s,40,0.0,9000000.0,9.0,818,1024,0.798828125
01a0a597-81f1-7011-9024-b8d544cd9dd8,s,C,QB20,13,2,UVH7s,0,0.0,-9000000.0,-9.0,642,1024,0.626953125
01a0a597-81f1-7011-9024-b8d544cd9dd8,s,C,QB20,13,2,UVH7s,1,0.0,-8550000.0,-8.55,635,1024,0.6201171875
01a0a597-81f1-7011-9024-b8d544cd9dd8,s,C,QB20,13,2,UVH7s,2,0.0,-8100000.0,-8.1,632,1024,0.6171875
01a0a597-81f1-7011-9024-b8d544cd9dd8,s,C,QB20,13,2,UVH7s,3,0.0,-7650000.0,-7.65,633,1024,0.6181640625
01a0a597-81f1-7011-9024-b8d544cd9dd8,s,C,QB20,13,2,UVH7s,4,0.0,-7200000.0,-7.2,597,1024,0.5830078125
01a0a597-81f1-7011-9024-b8d544cd9dd8,s,C,QB20,13,2,UVH7s,5,0.0,-6750000.0,-6.75,610,1024,0.595703125
01a0a597-81f1-7011-9024-b8d544cd9dd8,s,C,QB20,13,2,UVH7s,6,0.0,-6300000.0,-6.3,587,1024,0.5732421875
01a0a597-81f1-7011-9024-b8d544cd9dd8,s,C,QB20,13,2,UVH7s,7,0.0,-5850000.0,-5.85,615,1024,0.6005859375
01a0a597-81f1-7011-9024-b8d544cd9dd8,s,C,QB20,13,2,UVH7s,8,0.0,-5400000.0,-5.4,569,1024,0.5556640625
01a0a597-81f1-7011-9024-b8d544cd9dd8,s,C,QB20,13,2,UVH7s,9,0.0,-4950000.0,-4.95,544,1024,0.53125
01a0a597-81f1-7011-9024-b8d544cd9dd8,s,C,QB20,13,2,UVH7s,10,0.0,-4500000.0,-4.5,550,1024,0.537109375
01a0a597-81f1-7011-9024-b8d544cd9dd8,s,C,QB20,13,2,UVH7s,11,0.0,-4050000.0,-4.05,533,1024,0.5205078125
01a0a597-81f1-7011-9024-b8d544cd9dd8,s,C,QB20,13,2,UVH7s,12,0.0,-3600000.0,-3.6,564,1024,0.55078125
01a0a597-81f1-7011-9024-b8d544cd9dd8,s,C,QB20,13,2,UVH7s,13,0.0,-3150000.0,-3.15,496,1024,0.484375
01a0a597-81f1-7011-9024-b8d544cd9dd8,s,C,QB20,13,2,UVH7s,14,0.0,-2700000.0,-2.7,542,1024,0.529296875
01a0a597-81f1-7011-9024-b8d544cd9dd8,s,C,QB20,13,2,UVH7s,15,0.0,-2250000.0,-2.25,524,1024,0.51171875
01a0a597-81f1-7011-9024-b8d544cd9dd8,s,C,QB20,13,2,UVH7s,16,0.0,-1800000.0,-1.8,539,1024,0.5263671875
01a0a597-81f1-7011-9024-b8d544cd9dd8,s,C,QB20,13,2,UVH7s,17,0.0,-1350000.0,-1.35,536,1024,0.5234375
01a0a597-81f1-7011-9024-b8d544cd9dd8,s,C,QB20,13,2,UVH7s,18,0.0,-900000.0,-0.9,505,1024,0.4931640625
01a0a597-81f1-7011-9024-b8d544cd9dd8,s,C,QB20,13,2,UVH7s,19,0.0,-450000.0,-0.45,560,1024,0.546875
01a0a597-81f1-7011-9024-b8d544cd9dd8,s,C,QB20,13,2,UVH7s,20,0.0,0.0,0.0,495,1024,0.4833984375
01a0a597-81f1-7011-9024-b8d544cd9dd8,s,C,QB20,13,2,UVH7s,21,0.0,450000.0,0.45,503,1024,0.4912109375
01a0a597-81f1-7011-9024-b8d544cd9dd8,s,C,QB20,13,2,UVH7s,22,0.0,900000.0,0.9,529,1024,0.5166015625
01a0a597-81f1-7011-9024-b8d544cd9dd8,s,C,QB20,13,2,UVH7s,23,0.0,1350000.0,1.35,513,1024,0.5009765625
01a0a597-81f1-7011-9024-b8d544cd9dd8,s,C,QB20,13,2,UVH7s,24,0.0,1800000.0,1.8,524,1024,0.51171875
01a0a597-81f1-7011-9024-b8d544cd9dd8,s,C,QB20,13,2,UVH7s,25,0.0,2250000.0,2.25,534,1024,0.521484375
01a0a597-81f1-7011-9024-b8d544cd9dd8,s,C,QB20,13,2,UVH7s,26,0.0,2700000.0,2.7,535,1024,0.5224609375
01a0a597-81f1-7011-9024-b8d544cd9dd8,s,C,QB20,13,2,UVH7s,27,0.0,3150000.0,3.15,505,1024,0.4931640625
01a0a597-81f1-7011-9024-b8d544cd9dd8,s,C,QB20,13,2,UVH7s,28,0.0,3600000.0,3.6,526,1024,0.513671875
01a0a597-81f1-7011-9024-b8d544cd9dd8,s,C,QB20,13,2,UVH7s,29,0.0,4050000.0,4.05,516,1024,0.50390625
01a0a597-81f1-7011-9024-b8d544cd9dd8,s,C,QB20,13,2,UVH7s,30,0.0,4500000.0,4.5,519,1024,0.5068359375
01a0a597-81f1-7011-9024-b8d544cd9dd8,s,C,QB20,13,2,UVH7s,31,0.0,4950000.0,4.95,495,1024,0.4833984375
01a0a597-81f1-7011-9024-b8d544cd9dd8,s,C,QB20,13,2,UVH7s,32,0.0,5400000.0,5.4,523,1024,0.5107421875
01a0a597-81f1-7011-9024-b8d544cd9dd8,s,C,QB20,13,2,UVH7s,33,0.0,5850000.0,5.85,526,1024,0.513671875
01a0a597-81f1-7011-9024-b8d544cd9dd8,s,C,QB20,13,2,UVH7s,34,0.0,6300000.0,6.3,539,1024,0.5263671875
01a0a597-81f1-7011-9024-b8d544cd9dd8,s,C,QB20,13,2,UVH7s,35,0.0,6750000.0,6.75,568,1024,0.5546875
01a0a597-81f1-7011-9024-b8d544cd9dd8,s,C,QB20,13,2,UVH7s,36,0.0,7200000.0,7.2,627,1024,0.6123046875
01a0a597-81f1-7011-9024-b8d544cd9dd8,s,C,QB20,13,2,UVH7s,37,0.0,7650000.0,7.65,610,1024,0.595703125
01a0a597-81f1-7011-9024-b8d544cd9dd8,s,C,QB20,13,2,UVH7s,38,0.0,8100000.0,8.1,643,1024,0.6279296875
01a0a597-81f1-7011-9024-b8d544cd9dd8,s,C,QB20,13,2,UVH7s,39,0.0,8550000.0,8.55,639,1024,0.6240234375
01a0a597-81f1-7011-9024-b8d544cd9dd8,s,C,QB20,13,2,UVH7s,40,0.0,9000000.0,9.0,669,1024,0.6533203125
01a0a597-81f1-7011-9024-b8d544cd9dd8,s,C,QB20,13,3,UVH9s,0,0.0,-9000000.0,-9.0,389,1024,0.3798828125
01a0a597-81f1-7011-9024-b8d544cd9dd8,s,C,QB20,13,3,UVH9s,1,0.0,-8550000.0,-8.55,412,1024,0.40234375
01a0a597-81f1-7011-9024-b8d544cd9dd8,s,C,QB20,13,3,UVH9s,2,0.0,-8100000.0,-8.1,412,1024,0.40234375
01a0a597-81f1-7011-9024-b8d544cd9dd8,s,C,QB20,13,3,UVH9s,3,0.0,-7650000.0,-7.65,447,1024,0.4365234375
01a0a597-81f1-7011-9024-b8d544cd9dd8,s,C,QB20,13,3,UVH9s,4,0.0,-7200000.0,-7.2,490,1024,0.478515625
01a0a597-81f1-7011-9024-b8d544cd9dd8,s,C,QB20,13,3,UVH9s,5,0.0,-6750000.0,-6.75,474,1024,0.462890625
01a0a597-81f1-7011-9024-b8d544cd9dd8,s,C,QB20,13,3,UVH9s,6,0.0,-6300000.0,-6.3,492,1024,0.48046875
01a0a597-81f1-7011-9024-b8d544cd9dd8,s,C,QB20,13,3,UVH9s,7,0.0,-5850000.0,-5.85,499,1024,0.4873046875
01a0a597-81f1-7011-9024-b8d544cd9dd8,s,C,QB20,13,3,UVH9s,8,0.0,-5400000.0,-5.4,505,1024,0.4931640625
01a0a597-81f1-7011-9024-b8d544cd9dd8,s,C,QB20,13,3,UVH9s,9,0.0,-4950000.0,-4.95,517,1024,0.5048828125
01a0a597-81f1-7011-9024-b8d544cd9dd8,s,C,QB20,13,3,UVH9s,10,0.0,-4500000.0,-4.5,524,1024,0.51171875
01a0a597-81f1-7011-9024-b8d544cd9dd8,s,C,QB20,13,3,UVH9s,11,0.0,-4050000.0,-4.05,536,1024,0.5234375
01a0a597-81f1-7011-9024-b8d544cd9dd8,s,C,QB20,13,3,UVH9s,12,0.0,-3600000.0,-3.6,545,1024,0.5322265625
01a0a597-81f1-7011-9024-b8d544cd9dd8,s,C,QB20,13,3,UVH9s,13,0.0,-3150000.0,-3.15,507,1024,0.4951171875
01a0a597-81f1-7011-9024-b8d544cd9dd8,s,C,QB20,13,3,UVH9s,14,0.0,-2700000.0,-2.7,545,1024,0.5322265625
01a0a597-81f1-7011-9024-b8d544cd9dd8,s,C,QB20,13,3,UVH9s,15,0.0,-2250000.0,-2.25,539,1024,0.5263671875
01a0a597-81f1-7011-9024-b8d544cd9dd8,s,C,QB20,13,3,UVH9s,16,0.0,-1800000.0,-1.8,541,1024,0.5283203125
01a0a597-81f1-7011-9024-b8d544cd9dd8,s,C,QB20,13,3,UVH9s,17,0.0,-1350000.0,-1.35,552,1024,0.5390625
01a0a597-81f1-7011-9024-b8d544cd9dd8,s,C,QB20,13,3,UVH9s,18,0.0,-900000.0,-0.9,538,1024,0.525390625
01a0a597-81f1-7011-9024-b8d544cd9dd8,s,C,QB20,13,3,UVH9s,19,0.0,-450000.0,-0.45,514,1024,0.501953125
01a0a597-81f1-7011-9024-b8d544cd9dd8,s,C,QB20,13,3,UVH9s,20,0.0,0.0,0.0,552,1024,0.5390625
01a0a597-81f1-7011-9024-b8d544cd9dd8,s,C,QB20,13,3,UVH9s,21,0.0,450000.0,0.45,532,1024,0.51953125
01a0a597-81f1-7011-9024-b8d544cd9dd8,s,C,QB20,13,3,UVH9s,22,0.0,900000.0,0.9,496,1024,0.484375
01a0a597-81f1-7011-9024-b8d544cd9dd8,s,C,QB20,13,3,UVH9s,23,0.0,1350000.0,1.35,519,1024,0.5068359375
01a0a597-81f1-7011-9024-b8d544cd9dd8,s,C,QB20,13,3,UVH9s,24,0.0,1800000.0,1.8,538,1024,0.525390625
01a0a597-81f1-7011-9024-b8d544cd9dd8,s,C,QB20,13,3,UVH9s,25,0.0,2250000.0,2.25,504,1024,0.4921875
01a0a597-81f1-7011-9024-b8d544cd9dd8,s,C,QB20,13,3,UVH9s,26,0.0,2700000.0,2.7,495,1024,0.4833984375
01a0a597-81f1-7011-9024-b8d544cd9dd8,s,C,QB20,13,3,UVH9s,27,0.0,3150000.0,3.15,508,1024,0.49609375
01a0a597-81f1-7011-9024-b8d544cd9dd8,s,C,QB20,13,3,UVH9s,28,0.0,3600000.0,3.6,518,1024,0.505859375
01a0a597-81f1-7011-9024-b8d544cd9dd8,s,C,QB20,13,3,UVH9s,29,0.0,4050000.0,4.05,544,1024,0.53125
01a0a597-81f1-7011-9024-b8d544cd9dd8,s,C,QB20,13,3,UVH9s,30,0.0,4500000.0,4.5,516,1024,0.50390625
01a0a597-81f1-7011-9024-b8d544cd9dd8,s,C,QB20,13,3,UVH9s,31,0.0,4950000.0,4.95,502,1024,0.490234375
01a0a597-81f1-7011-9024-b8d544cd9dd8,s,C,QB20,13,3,UVH9s,32,0.0,5400000.0,5.4,503,1024,0.4912109375
01a0a597-81f1-7011-9024-b8d544cd9dd8,s,C,QB20,13,3,UVH9s,33,0.0,5850000.0,5.85,507,1024,0.4951171875
01a0a597-81f1-7011-9024-b8d544cd9dd8,s,C,QB20,13,3,UVH9s,34,0.0,6300000.0,6.3,479,1024,0.4677734375
01a0a597-81f1-7011-9024-b8d544cd9dd8,s,C,QB20,13,3,UVH9s,35,0.0,6750000.0,6.75,456,1024,0.4453125
01a0a597-81f1-7011-9024-b8d544cd9dd8,s,C,QB20,13,3,UVH9s,36,0.0,7200000.0,7.2,414,1024,0.404296875
01a0a597-81f1-7011-9024-b8d544cd9dd8,s,C,QB20,13,3,UVH9s,37,0.0,7650000.0,7.65,423,1024,0.4130859375
01a0a597-81f1-7011-9024-b8d544cd9dd8,s,C,QB20,13,3,UVH9s,38,0.0,8100000.0,8.1,366,1024,0.357421875
01a0a597-81f1-7011-9024-b8d544cd9dd8,s,C,QB20,13,3,UVH9s,39,0.0,8550000.0,8.55,328,1024,0.3203125
01a0a597-81f1-7011-9024-b8d544cd9dd8,s,C,QB20,13,3,UVH9s,40,0.0,9000000.0,9.0,334,1024,0.326171875
01a0a597-81f1-7011-9024-b8d544cd9dd8,s,C,QB20,13,4,UVH11s,0,0.0,-9000000.0,-9.0,499,1024,0.4873046875
01a0a597-81f1-7011-9024-b8d544cd9dd8,s,C,QB20,13,4,UVH11s,1,0.0,-8550000.0,-8.55,465,1024,0.4541015625
01a0a597-81f1-7011-9024-b8d544cd9dd8,s,C,QB20,13,4,UVH11s,2,0.0,-8100000.0,-8.1,469,1024,0.4580078125
01a0a597-81f1-7011-9024-b8d544cd9dd8,s,C,QB20,13,4,UVH11s,3,0.0,-7650000.0,-7.65,454,1024,0.443359375
01a0a597-81f1-7011-9024-b8d544cd9dd8,s,C,QB20,13,4,UVH11s,4,0.0,-7200000.0,-7.2,453,1024,0.4423828125
01a0a597-81f1-7011-9024-b8d544cd9dd8,s,C,QB20,13,4,UVH11s,5,0.0,-6750000.0,-6.75,479,1024,0.4677734375
01a0a597-81f1-7011-9024-b8d544cd9dd8,s,C,QB20,13,4,UVH11s,6,0.0,-6300000.0,-6.3,474,1024,0.462890625
01a0a597-81f1-7011-9024-b8d544cd9dd8,s,C,QB20,13,4,UVH11s,7,0.0,-5850000.0,-5.85,479,1024,0.4677734375
01a0a597-81f1-7011-9024-b8d544cd9dd8,s,C,QB20,13,4,UVH11s,8,0.0,-5400000.0,-5.4,473,1024,0.4619140625
01a0a597-81f1-7011-9024-b8d544cd9dd8,s,C,QB20,13,4,UVH11s,9,0.0,-4950000.0,-4.95,470,1024,0.458984375
01a0a597-81f1-7011-9024-b8d544cd9dd8,s,C,QB20,13,4,UVH11s,10,0.0,-4500000.0,-4.5,475,1024,0.4638671875
01a0a597-81f1-7011-9024-b8d544cd9dd8,s,C,QB20,13,4,UVH11s,11,0.0,-4050000.0,-4.05,512,1024,0.5
01a0a597-81f1-7011-9024-b8d544cd9dd8,s,C,QB20,13,4,UVH11s,12,0.0,-3600000.0,-3.6,527,1024,0.5146484375
01a0a597-81f1-7011-9024-b8d544cd9dd8,s,C,QB20,13,4,UVH11s,13,0.0,-3150000.0,-3.15,483,1024,0.4716796875
01a0a597-81f1-7011-9024-b8d544cd9dd8,s,C,QB20,13,4,UVH11s,14,0.0,-2700000.0,-2.7,495,1024,0.4833984375
01a0a597-81f1-7011-9024-b8d544cd9dd8,s,C,QB20,13,4,UVH11s,15,0.0,-2250000.0,-2.25,490,1024,0.478515625
01a0a597-81f1-7011-9024-b8d544cd9dd8,s,C,QB20,13,4,UVH11s,16,0.0,-1800000.0,-1.8,501,1024,0.4892578125
01a0a597-81f1-7011-9024-b8d544cd9dd8,s,C,QB20,13,4,UVH11s,17,0.0,-1350000.0,-1.35,507,1024,0.4951171875
01a0a597-81f1-7011-9024-b8d544cd9dd8,s,C,QB20,13,4,UVH11s,18,0.0,-900000.0,-0.9,512,1024,0.5
01a0a597-81f1-7011-9024-b8d544cd9dd8,s,C,QB20,13,4,UVH11s,19,0.0,-450000.0,-0.45,511,1024,0.4990234375
01a0a597-81f1-7011-9024-b8d544cd9dd8,s,C,QB20,13,4,UVH11s,20,0.0,0.0,0.0,511,1024,0.4990234375
01a0a597-81f1-7011-9024-b8d544cd9dd8,s,C,QB20,13,4,UVH11s,21,0.0,450000.0,0.45,498,1024,0.486328125
01a0a597-81f1-7011-9024-b8d544cd9dd8,s,C,QB20,13,4,UVH11s,22,0.0,900000.0,0.9,526,1024,0.513671875
01a0a597-81f1-7011-9024-b8d544cd9dd8,s,C,QB20,13,4,UVH11s,23,0.0,1350000.0,1.35,489,1024,0.4775390625
01a0a597-81f1-7011-9024-b8d544cd9dd8,s,C,QB20,13,4,UVH11s,24,0.0,1800000.0,1.8,550,1024,0.537109375
01a0a597-81f1-7011-9024-b8d544cd9dd8,s,C,QB20,13,4,UVH11s,25,0.0,2250000.0,2.25,513,1024,0.5009765625
01a0a597-81f1-7011-9024-b8d544cd9dd8,s,C,QB20,13,4,UVH11s,26,0.0,2700000.0,2.7,505,1024,0.4931640625
01a0a597-81f1-7011-9024-b8d544cd9dd8,s,C,QB20,13,4,UVH11s,27,0.0,3150000.0,3.15,493,1024,0.4814453125
01a0a597-81f1-7011-9024-b8d544cd9dd8,s,C,QB20,13,4,UVH11s,28,0.0,3600000.0,3.6,523,1024,0.5107421875
01a0a597-81f1-7011-9024-b8d544cd9dd8,s,C,QB20,13,4,UVH11s,29,0.0,4050000.0,4.05,505,1024,0.4931640625
01a0a597-81f1-7011-9024-b8d544cd9dd8,s,C,QB20,13,4,UVH11s,30,0.0,4500000.0,4.5,526,1024,0.513671875
01a0a597-81f1-7011-9024-b8d544cd9dd8,s,C,QB20,13,4,UVH11s,31,0.0,4950000.0,4.95,477,1024,0.4658203125
01a0a597-81f1-7011-9024-b8d544cd9dd8,s,C,QB20,13,4,UVH11s,32,0.0,5400000.0,5.4,506,1024,0.494140625
01a0a597-81f1-7011-9024-b8d544cd9dd8,s,C,QB20,13,4,UVH11s,33,0.0,5850000.0,5.85,500,1024,0.48828125
01a0a597-81f1-7011-9024-b8d544cd9dd8,s,C,QB20,13,4,UVH11s,34,0.0,6300000.0,6.3,491,1024,0.4794921875
01a0a597-81f1-7011-9024-b8d544cd9dd8,s,C,QB20,13,4,UVH11s,35,0.0,6750000.0,6.75,482,1024,0.470703125
01a0a597-81f1-7011-9024-b8d544cd9dd8,s,C,QB20,13,4,UVH11s,36,0.0,7200000.0,7.2,497,1024,0.4853515625
01a0a597-81f1-7011-9024-b8d544cd9dd8,s,C,QB20,13,4,UVH11s,37,0.0,7650000.0,7.65,483,1024,0.4716796875
01a0a597-81f1-7011-9024-b8d544cd9dd8,s,C,QB20,13,4,UVH11s,38,0.0,8100000.0,8.1,475,1024,0.4638671875
01a0a597-81f1-7011-9024-b8d544cd9dd8,s,C,QB20,13,4,UVH11s,39,0.0,8550000.0,8.55,481,1024,0.4697265625
01a0a597-81f1-7011-9024-b8d544cd9dd8,s,C,QB20,13,4,UVH11s,40,0.0,9000000.0,9.0,479,1024,0.4677734375
01a0a597-81f1-7011-9024-b8d544cd9dd8,s,C,QB20,13,5,UVH13s,0,0.0,-9000000.0,-9.0,586,1024,0.572265625
01a0a597-81f1-7011-9024-b8d544cd9dd8,s,C,QB20,13,5,UVH13s,1,0.0,-8550000.0,-8.55,561,1024,0.5478515625
01a0a597-81f1-7011-9024-b8d544cd9dd8,s,C,QB20,13,5,UVH13s,2,0.0,-8100000.0,-8.1,569,1024,0.5556640625
01a0a597-81f1-7011-9024-b8d544cd9dd8,s,C,QB20,13,5,UVH13s,3,0.0,-7650000.0,-7.65,545,1024,0.5322265625
01a0a597-81f1-7011-9024-b8d544cd9dd8,s,C,QB20,13,5,UVH13s,4,0.0,-7200000.0,-7.2,494,1024,0.482421875
01a0a597-81f1-7011-9024-b8d544cd9dd8,s,C,QB20,13,5,UVH13s,5,0.0,-6750000.0,-6.75,539,1024,0.5263671875
01a0a597-81f1-7011-9024-b8d544cd9dd8,s,C,QB20,13,5,UVH13s,6,0.0,-6300000.0,-6.3,521,1024,0.5087890625
01a0a597-81f1-7011-9024-b8d544cd9dd8,s,C,QB20,13,5,UVH13s,7,0.0,-5850000.0,-5.85,537,1024,0.5244140625
01a0a597-81f1-7011-9024-b8d544cd9dd8,s,C,QB20,13,5,UVH13s,8,0.0,-5400000.0,-5.4,516,1024,0.50390625
01a0a597-81f1-7011-9024-b8d544cd9dd8,s,C,QB20,13,5,UVH13s,9,0.0,-4950000.0,-4.95,535,1024,0.5224609375
01a0a597-81f1-7011-9024-b8d544cd9dd8,s,C,QB20,13,5,UVH13s,10,0.0,-4500000.0,-4.5,503,1024,0.4912109375
01a0a597-81f1-7011-9024-b8d544cd9dd8,s,C,QB20,13,5,UVH13s,11,0.0,-4050000.0,-4.05,532,1024,0.51953125
01a0a597-81f1-7011-9024-b8d544cd9dd8,s,C,QB20,13,5,UVH13s,12,0.0,-3600000.0,-3.6,528,1024,0.515625
01a0a597-81f1-7011-9024-b8d544cd9dd8,s,C,QB20,13,5,UVH13s,13,0.0,-3150000.0,-3.15,499,1024,0.4873046875
01a0a597-81f1-7011-9024-b8d544cd9dd8,s,C,QB20,13,5,UVH13s,14,0.0,-2700000.0,-2.7,569,1024,0.5556640625
01a0a597-81f1-7011-9024-b8d544cd9dd8,s,C,QB20,13,5,UVH13s,15,0.0,-2250000.0,-2.25,528,1024,0.515625
01a0a597-81f1-7011-9024-b8d544cd9dd8,s,C,QB20,13,5,UVH13s,16,0.0,-1800000.0,-1.8,501,1024,0.4892578125
01a0a597-81f1-7011-9024-b8d544cd9dd8,s,C,QB20,13,5,UVH13s,17,0.0,-1350000.0,-1.35,537,1024,0.5244140625
01a0a597-81f1-7011-9024-b8d544cd9dd8,s,C,QB20,13,5,UVH13s,18,0.0,-900000.0,-0.9,522,1024,0.509765625
01a0a597-81f1-7011-9024-b8d544cd9dd8,s,C,QB20,13,5,UVH13s,19,0.0,-450000.0,-0.45,510,1024,0.498046875
01a0a597-81f1-7011-9024-b8d544cd9dd8,s,C,QB20,13,5,UVH13s,20,0.0,0.0,0.0,520,1024,0.5078125
01a0a597-81f1-7011-9024-b8d544cd9dd8,s,C,QB20,13,5,UVH13s,21,0.0,450000.0,0.45,552,1024,0.5390625
01a0a597-81f1-7011-9024-b8d544cd9dd8,s,C,QB20,13,5,UVH13s,22,0.0,900000.0,0.9,543,1024,0.5302734375
01a0a597-81f1-7011-9024-b8d544cd9dd8,s,C,QB20,13,5,UVH13s,23,0.0,1350000.0,1.35,528,1024,0.515625
01a0a597-81f1-7011-9024-b8d544cd9dd8,s,C,QB20,13,5,UVH13s,24,0.0,1800000.0,1.8,533,1024,0.5205078125
01a0a597-81f1-7011-9024-b8d544cd9dd8,s,C,QB20,13,5,UVH13s,25,0.0,2250000.0,2.25,565,1024,0.5517578125
01a0a597-81f1-7011-9024-b8d544cd9dd8,s,C,QB20,13,5,UVH13s,26,0.0,2700000.0,2.7,548,1024,0.53515625
01a0a597-81f1-7011-9024-b8d544cd9dd8,s,C,QB20,13,5,UVH13s,27,0.0,3150000.0,3.15,527,1024,0.5146484375
01a0a597-81f1-7011-9024-b8d544cd9dd8,s,C,QB20,13,5,UVH13s,28,0.0,3600000.0,3.6,549,1024,0.5361328125
01a0a597-81f1-7011-9024-b8d544cd9dd8,s,C,QB20,13,5,UVH13s,29,0.0,4050000.0,4.05,545,1024,0.5322265625
01a0a597-81f1-7011-9024-b8d544cd9dd8,s,C,QB20,13,5,UVH13s,30,0.0,4500000.0,4.5,515,1024,0.5029296875
01a0a597-81f1-7011-9024-b8d544cd9dd8,s,C,QB20,13,5,UVH13s,31,0.0,4950000.0,4.95,531,1024,0.5185546875
01a0a597-81f1-7011-9024-b8d544cd9dd8,s,C,QB20,13,5,UVH13s,32,0.0,5400000.0,5.4,527,1024,0.5146484375
01a0a597-81f1-7011-9024-b8d544cd9dd8,s,C,QB20,13,5,UVH13s,33,0.0,5850000.0,5.85,502,1024,0.490234375
01a0a597-81f1-7011-9024-b8d544cd9dd8,s,C,QB20,13,5,UVH13s,34,0.0,6300000.0,6.3,550,1024,0.537109375
01a0a597-81f1-7011-9024-b8d544cd9dd8,s,C,QB20,13,5,UVH13s,35,0.0,6750000.0,6.75,529,1024,0.5166015625
01a0a597-81f1-7011-9024-b8d544cd9dd8,s,C,QB20,13,5,UVH13s,36,0.0,7200000.0,7.2,516,1024,0.50390625
01a0a597-81f1-7011-9024-b8d544cd9dd8,s,C,QB20,13,5,UVH13s,37,0.0,7650000.0,7.65,523,1024,0.5107421875
01a0a597-81f1-7011-9024-b8d544cd9dd8,s,C,QB20,13,5,UVH13s,38,0.0,8100000.0,8.1,525,1024,0.5126953125
01a0a597-81f1-7011-9024-b8d544cd9dd8,s,C,QB20,13,5,UVH13s,39,0.0,8550000.0,8.55,514,1024,0.501953125
01a0a597-81f1-7011-9024-b8d544cd9dd8,s,C,QB20,13,5,UVH13s,40,0.0,9000000.0,9.0,521,1024,0.5087890625
01a0a597-81f1-7011-9024-b8d544cd9dd8,s,C,QB13,14,0,standard_pi_2,0,0.0,-9000000.0,-9.0,519,1024,0.5068359375
01a0a597-81f1-7011-9024-b8d544cd9dd8,s,C,QB13,14,0,standard_pi_2,1,0.0,-8550000.0,-8.55,538,1024,0.525390625
01a0a597-81f1-7011-9024-b8d544cd9dd8,s,C,QB13,14,0,standard_pi_2,2,0.0,-8100000.0,-8.1,547,1024,0.5341796875
01a0a597-81f1-7011-9024-b8d544cd9dd8,s,C,QB13,14,0,standard_pi_2,3,0.0,-7650000.0,-7.65,541,1024,0.5283203125
01a0a597-81f1-7011-9024-b8d544cd9dd8,s,C,QB13,14,0,standard_pi_2,4,0.0,-7200000.0,-7.2,530,1024,0.517578125
01a0a597-81f1-7011-9024-b8d544cd9dd8,s,C,QB13,14,0,standard_pi_2,5,0.0,-6750000.0,-6.75,544,1024,0.53125
01a0a597-81f1-7011-9024-b8d544cd9dd8,s,C,QB13,14,0,standard_pi_2,6,0.0,-6300000.0,-6.3,536,1024,0.5234375
01a0a597-81f1-7011-9024-b8d544cd9dd8,s,C,QB13,14,0,standard_pi_2,7,0.0,-5850000.0,-5.85,528,1024,0.515625
01a0a597-81f1-7011-9024-b8d544cd9dd8,s,C,QB13,14,0,standard_pi_2,8,0.0,-5400000.0,-5.4,496,1024,0.484375
01a0a597-81f1-7011-9024-b8d544cd9dd8,s,C,QB13,14,0,standard_pi_2,9,0.0,-4950000.0,-4.95,535,1024,0.5224609375
01a0a597-81f1-7011-9024-b8d544cd9dd8,s,C,QB13,14,0,standard_pi_2,10,0.0,-4500000.0,-4.5,527,1024,0.5146484375
01a0a597-81f1-7011-9024-b8d544cd9dd8,s,C,QB13,14,0,standard_pi_2,11,0.0,-4050000.0,-4.05,523,1024,0.5107421875
01a0a597-81f1-7011-9024-b8d544cd9dd8,s,C,QB13,14,0,standard_pi_2,12,0.0,-3600000.0,-3.6,519,1024,0.5068359375
01a0a597-81f1-7011-9024-b8d544cd9dd8,s,C,QB13,14,0,standard_pi_2,13,0.0,-3150000.0,-3.15,487,1024,0.4755859375
01a0a597-81f1-7011-9024-b8d544cd9dd8,s,C,QB13,14,0,standard_pi_2,14,0.0,-2700000.0,-2.7,477,1024,0.4658203125
01a0a597-81f1-7011-9024-b8d544cd9dd8,s,C,QB13,14,0,standard_pi_2,15,0.0,-2250000.0,-2.25,506,1024,0.494140625
01a0a597-81f1-7011-9024-b8d544cd9dd8,s,C,QB13,14,0,standard_pi_2,16,0.0,-1800000.0,-1.8,493,1024,0.4814453125
01a0a597-81f1-7011-9024-b8d544cd9dd8,s,C,QB13,14,0,standard_pi_2,17,0.0,-1350000.0,-1.35,487,1024,0.4755859375
01a0a597-81f1-7011-9024-b8d544cd9dd8,s,C,QB13,14,0,standard_pi_2,18,0.0,-900000.0,-0.9,502,1024,0.490234375
01a0a597-81f1-7011-9024-b8d544cd9dd8,s,C,QB13,14,0,standard_pi_2,19,0.0,-450000.0,-0.45,496,1024,0.484375
01a0a597-81f1-7011-9024-b8d544cd9dd8,s,C,QB13,14,0,standard_pi_2,20,0.0,0.0,0.0,468,1024,0.45703125
01a0a597-81f1-7011-9024-b8d544cd9dd8,s,C,QB13,14,0,standard_pi_2,21,0.0,450000.0,0.45,501,1024,0.4892578125
01a0a597-81f1-7011-9024-b8d544cd9dd8,s,C,QB13,14,0,standard_pi_2,22,0.0,900000.0,0.9,479,1024,0.4677734375
01a0a597-81f1-7011-9024-b8d544cd9dd8,s,C,QB13,14,0,standard_pi_2,23,0.0,1350000.0,1.35,508,1024,0.49609375
01a0a597-81f1-7011-9024-b8d544cd9dd8,s,C,QB13,14,0,standard_pi_2,24,0.0,1800000.0,1.8,475,1024,0.4638671875
01a0a597-81f1-7011-9024-b8d544cd9dd8,s,C,QB13,14,0,standard_pi_2,25,0.0,2250000.0,2.25,485,1024,0.4736328125
01a0a597-81f1-7011-9024-b8d544cd9dd8,s,C,QB13,14,0,standard_pi_2,26,0.0,2700000.0,2.7,439,1024,0.4287109375
01a0a597-81f1-7011-9024-b8d544cd9dd8,s,C,QB13,14,0,standard_pi_2,27,0.0,3150000.0,3.15,476,1024,0.46484375
01a0a597-81f1-7011-9024-b8d544cd9dd8,s,C,QB13,14,0,standard_pi_2,28,0.0,3600000.0,3.6,510,1024,0.498046875
01a0a597-81f1-7011-9024-b8d544cd9dd8,s,C,QB13,14,0,standard_pi_2,29,0.0,4050000.0,4.05,465,1024,0.4541015625
01a0a597-81f1-7011-9024-b8d544cd9dd8,s,C,QB13,14,0,standard_pi_2,30,0.0,4500000.0,4.5,481,1024,0.4697265625
01a0a597-81f1-7011-9024-b8d544cd9dd8,s,C,QB13,14,0,standard_pi_2,31,0.0,4950000.0,4.95,477,1024,0.4658203125
01a0a597-81f1-7011-9024-b8d544cd9dd8,s,C,QB13,14,0,standard_pi_2,32,0.0,5400000.0,5.4,444,1024,0.43359375
01a0a597-81f1-7011-9024-b8d544cd9dd8,s,C,QB13,14,0,standard_pi_2,33,0.0,5850000.0,5.85,484,1024,0.47265625
01a0a597-81f1-7011-9024-b8d544cd9dd8,s,C,QB13,14,0,standard_pi_2,34,0.0,6300000.0,6.3,451,1024,0.4404296875
01a0a597-81f1-7011-9024-b8d544cd9dd8,s,C,QB13,14,0,standard_pi_2,35,0.0,6750000.0,6.75,442,1024,0.431640625
01a0a597-81f1-7011-9024-b8d544cd9dd8,s,C,QB13,14,0,standard_pi_2,36,0.0,7200000.0,7.2,436,1024,0.42578125
01a0a597-81f1-7011-9024-b8d544cd9dd8,s,C,QB13,14,0,standard_pi_2,37,0.0,7650000.0,7.65,456,1024,0.4453125
01a0a597-81f1-7011-9024-b8d544cd9dd8,s,C,QB13,14,0,standard_pi_2,38,0.0,8100000.0,8.1,424,1024,0.4140625
01a0a597-81f1-7011-9024-b8d544cd9dd8,s,C,QB13,14,0,standard_pi_2,39,0.0,8550000.0,8.55,410,1024,0.400390625
01a0a597-81f1-7011-9024-b8d544cd9dd8,s,C,QB13,14,0,standard_pi_2,40,0.0,9000000.0,9.0,443,1024,0.4326171875
01a0a597-81f1-7011-9024-b8d544cd9dd8,s,C,QB13,14,1,UVH5s,0,0.0,-9000000.0,-9.0,724,1024,0.70703125
01a0a597-81f1-7011-9024-b8d544cd9dd8,s,C,QB13,14,1,UVH5s,1,0.0,-8550000.0,-8.55,678,1024,0.662109375
01a0a597-81f1-7011-9024-b8d544cd9dd8,s,C,QB13,14,1,UVH5s,2,0.0,-8100000.0,-8.1,733,1024,0.7158203125
01a0a597-81f1-7011-9024-b8d544cd9dd8,s,C,QB13,14,1,UVH5s,3,0.0,-7650000.0,-7.65,701,1024,0.6845703125
01a0a597-81f1-7011-9024-b8d544cd9dd8,s,C,QB13,14,1,UVH5s,4,0.0,-7200000.0,-7.2,687,1024,0.6708984375
01a0a597-81f1-7011-9024-b8d544cd9dd8,s,C,QB13,14,1,UVH5s,5,0.0,-6750000.0,-6.75,700,1024,0.68359375
01a0a597-81f1-7011-9024-b8d544cd9dd8,s,C,QB13,14,1,UVH5s,6,0.0,-6300000.0,-6.3,694,1024,0.677734375
01a0a597-81f1-7011-9024-b8d544cd9dd8,s,C,QB13,14,1,UVH5s,7,0.0,-5850000.0,-5.85,671,1024,0.6552734375
01a0a597-81f1-7011-9024-b8d544cd9dd8,s,C,QB13,14,1,UVH5s,8,0.0,-5400000.0,-5.4,619,1024,0.6044921875
01a0a597-81f1-7011-9024-b8d544cd9dd8,s,C,QB13,14,1,UVH5s,9,0.0,-4950000.0,-4.95,619,1024,0.6044921875
01a0a597-81f1-7011-9024-b8d544cd9dd8,s,C,QB13,14,1,UVH5s,10,0.0,-4500000.0,-4.5,627,1024,0.6123046875
01a0a597-81f1-7011-9024-b8d544cd9dd8,s,C,QB13,14,1,UVH5s,11,0.0,-4050000.0,-4.05,588,1024,0.57421875
01a0a597-81f1-7011-9024-b8d544cd9dd8,s,C,QB13,14,1,UVH5s,12,0.0,-3600000.0,-3.6,616,1024,0.6015625
01a0a597-81f1-7011-9024-b8d544cd9dd8,s,C,QB13,14,1,UVH5s,13,0.0,-3150000.0,-3.15,563,1024,0.5498046875
01a0a597-81f1-7011-9024-b8d544cd9dd8,s,C,QB13,14,1,UVH5s,14,0.0,-2700000.0,-2.7,560,1024,0.546875
01a0a597-81f1-7011-9024-b8d544cd9dd8,s,C,QB13,14,1,UVH5s,15,0.0,-2250000.0,-2.25,512,1024,0.5
01a0a597-81f1-7011-9024-b8d544cd9dd8,s,C,QB13,14,1,UVH5s,16,0.0,-1800000.0,-1.8,542,1024,0.529296875
01a0a597-81f1-7011-9024-b8d544cd9dd8,s,C,QB13,14,1,UVH5s,17,0.0,-1350000.0,-1.35,542,1024,0.529296875
01a0a597-81f1-7011-9024-b8d544cd9dd8,s,C,QB13,14,1,UVH5s,18,0.0,-900000.0,-0.9,528,1024,0.515625
01a0a597-81f1-7011-9024-b8d544cd9dd8,s,C,QB13,14,1,UVH5s,19,0.0,-450000.0,-0.45,526,1024,0.513671875
01a0a597-81f1-7011-9024-b8d544cd9dd8,s,C,QB13,14,1,UVH5s,20,0.0,0.0,0.0,542,1024,0.529296875
01a0a597-81f1-7011-9024-b8d544cd9dd8,s,C,QB13,14,1,UVH5s,21,0.0,450000.0,0.45,544,1024,0.53125
01a0a597-81f1-7011-9024-b8d544cd9dd8,s,C,QB13,14,1,UVH5s,22,0.0,900000.0,0.9,540,1024,0.52734375
01a0a597-81f1-7011-9024-b8d544cd9dd8,s,C,QB13,14,1,UVH5s,23,0.0,1350000.0,1.35,544,1024,0.53125
01a0a597-81f1-7011-9024-b8d544cd9dd8,s,C,QB13,14,1,UVH5s,24,0.0,1800000.0,1.8,549,1024,0.5361328125
01a0a597-81f1-7011-9024-b8d544cd9dd8,s,C,QB13,14,1,UVH5s,25,0.0,2250000.0,2.25,576,1024,0.5625
01a0a597-81f1-7011-9024-b8d544cd9dd8,s,C,QB13,14,1,UVH5s,26,0.0,2700000.0,2.7,546,1024,0.533203125
01a0a597-81f1-7011-9024-b8d544cd9dd8,s,C,QB13,14,1,UVH5s,27,0.0,3150000.0,3.15,564,1024,0.55078125
01a0a597-81f1-7011-9024-b8d544cd9dd8,s,C,QB13,14,1,UVH5s,28,0.0,3600000.0,3.6,580,1024,0.56640625
01a0a597-81f1-7011-9024-b8d544cd9dd8,s,C,QB13,14,1,UVH5s,29,0.0,4050000.0,4.05,634,1024,0.619140625
01a0a597-81f1-7011-9024-b8d544cd9dd8,s,C,QB13,14,1,UVH5s,30,0.0,4500000.0,4.5,628,1024,0.61328125
01a0a597-81f1-7011-9024-b8d544cd9dd8,s,C,QB13,14,1,UVH5s,31,0.0,4950000.0,4.95,644,1024,0.62890625
01a0a597-81f1-7011-9024-b8d544cd9dd8,s,C,QB13,14,1,UVH5s,32,0.0,5400000.0,5.4,691,1024,0.6748046875
01a0a597-81f1-7011-9024-b8d544cd9dd8,s,C,QB13,14,1,UVH5s,33,0.0,5850000.0,5.85,681,1024,0.6650390625
01a0a597-81f1-7011-9024-b8d544cd9dd8,s,C,QB13,14,1,UVH5s,34,0.0,6300000.0,6.3,709,1024,0.6923828125
01a0a597-81f1-7011-9024-b8d544cd9dd8,s,C,QB13,14,1,UVH5s,35,0.0,6750000.0,6.75,751,1024,0.7333984375
01a0a597-81f1-7011-9024-b8d544cd9dd8,s,C,QB13,14,1,UVH5s,36,0.0,7200000.0,7.2,739,1024,0.7216796875
01a0a597-81f1-7011-9024-b8d544cd9dd8,s,C,QB13,14,1,UVH5s,37,0.0,7650000.0,7.65,727,1024,0.7099609375
01a0a597-81f1-7011-9024-b8d544cd9dd8,s,C,QB13,14,1,UVH5s,38,0.0,8100000.0,8.1,787,1024,0.7685546875
01a0a597-81f1-7011-9024-b8d544cd9dd8,s,C,QB13,14,1,UVH5s,39,0.0,8550000.0,8.55,833,1024,0.8134765625
01a0a597-81f1-7011-9024-b8d544cd9dd8,s,C,QB13,14,1,UVH5s,40,0.0,9000000.0,9.0,839,1024,0.8193359375
01a0a597-81f1-7011-9024-b8d544cd9dd8,s,C,QB13,14,2,UVH7s,0,0.0,-9000000.0,-9.0,587,1024,0.5732421875
01a0a597-81f1-7011-9024-b8d544cd9dd8,s,C,QB13,14,2,UVH7s,1,0.0,-8550000.0,-8.55,611,1024,0.5966796875
01a0a597-81f1-7011-9024-b8d544cd9dd8,s,C,QB13,14,2,UVH7s,2,0.0,-8100000.0,-8.1,600,1024,0.5859375
01a0a597-81f1-7011-9024-b8d544cd9dd8,s,C,QB13,14,2,UVH7s,3,0.0,-7650000.0,-7.65,624,1024,0.609375
01a0a597-81f1-7011-9024-b8d544cd9dd8,s,C,QB13,14,2,UVH7s,4,0.0,-7200000.0,-7.2,588,1024,0.57421875
01a0a597-81f1-7011-9024-b8d544cd9dd8,s,C,QB13,14,2,UVH7s,5,0.0,-6750000.0,-6.75,602,1024,0.587890625
01a0a597-81f1-7011-9024-b8d544cd9dd8,s,C,QB13,14,2,UVH7s,6,0.0,-6300000.0,-6.3,568,1024,0.5546875
01a0a597-81f1-7011-9024-b8d544cd9dd8,s,C,QB13,14,2,UVH7s,7,0.0,-5850000.0,-5.85,532,1024,0.51953125
01a0a597-81f1-7011-9024-b8d544cd9dd8,s,C,QB13,14,2,UVH7s,8,0.0,-5400000.0,-5.4,550,1024,0.537109375
01a0a597-81f1-7011-9024-b8d544cd9dd8,s,C,QB13,14,2,UVH7s,9,0.0,-4950000.0,-4.95,512,1024,0.5
01a0a597-81f1-7011-9024-b8d544cd9dd8,s,C,QB13,14,2,UVH7s,10,0.0,-4500000.0,-4.5,541,1024,0.5283203125
01a0a597-81f1-7011-9024-b8d544cd9dd8,s,C,QB13,14,2,UVH7s,11,0.0,-4050000.0,-4.05,532,1024,0.51953125
01a0a597-81f1-7011-9024-b8d544cd9dd8,s,C,QB13,14,2,UVH7s,12,0.0,-3600000.0,-3.6,532,1024,0.51953125
01a0a597-81f1-7011-9024-b8d544cd9dd8,s,C,QB13,14,2,UVH7s,13,0.0,-3150000.0,-3.15,496,1024,0.484375
01a0a597-81f1-7011-9024-b8d544cd9dd8,s,C,QB13,14,2,UVH7s,14,0.0,-2700000.0,-2.7,494,1024,0.482421875
01a0a597-81f1-7011-9024-b8d544cd9dd8,s,C,QB13,14,2,UVH7s,15,0.0,-2250000.0,-2.25,490,1024,0.478515625
01a0a597-81f1-7011-9024-b8d544cd9dd8,s,C,QB13,14,2,UVH7s,16,0.0,-1800000.0,-1.8,489,1024,0.4775390625
01a0a597-81f1-7011-9024-b8d544cd9dd8,s,C,QB13,14,2,UVH7s,17,0.0,-1350000.0,-1.35,512,1024,0.5
01a0a597-81f1-7011-9024-b8d544cd9dd8,s,C,QB13,14,2,UVH7s,18,0.0,-900000.0,-0.9,486,1024,0.474609375
01a0a597-81f1-7011-9024-b8d544cd9dd8,s,C,QB13,14,2,UVH7s,19,0.0,-450000.0,-0.45,455,1024,0.4443359375
01a0a597-81f1-7011-9024-b8d544cd9dd8,s,C,QB13,14,2,UVH7s,20,0.0,0.0,0.0,497,1024,0.4853515625
01a0a597-81f1-7011-9024-b8d544cd9dd8,s,C,QB13,14,2,UVH7s,21,0.0,450000.0,0.45,499,1024,0.4873046875
01a0a597-81f1-7011-9024-b8d544cd9dd8,s,C,QB13,14,2,UVH7s,22,0.0,900000.0,0.9,487,1024,0.4755859375
01a0a597-81f1-7011-9024-b8d544cd9dd8,s,C,QB13,14,2,UVH7s,23,0.0,1350000.0,1.35,477,1024,0.4658203125
01a0a597-81f1-7011-9024-b8d544cd9dd8,s,C,QB13,14,2,UVH7s,24,0.0,1800000.0,1.8,467,1024,0.4560546875
01a0a597-81f1-7011-9024-b8d544cd9dd8,s,C,QB13,14,2,UVH7s,25,0.0,2250000.0,2.25,448,1024,0.4375
01a0a597-81f1-7011-9024-b8d544cd9dd8,s,C,QB13,14,2,UVH7s,26,0.0,2700000.0,2.7,467,1024,0.4560546875
01a0a597-81f1-7011-9024-b8d544cd9dd8,s,C,QB13,14,2,UVH7s,27,0.0,3150000.0,3.15,452,1024,0.44140625
01a0a597-81f1-7011-9024-b8d544cd9dd8,s,C,QB13,14,2,UVH7s,28,0.0,3600000.0,3.6,418,1024,0.408203125
01a0a597-81f1-7011-9024-b8d544cd9dd8,s,C,QB13,14,2,UVH7s,29,0.0,4050000.0,4.05,461,1024,0.4501953125
01a0a597-81f1-7011-9024-b8d544cd9dd8,s,C,QB13,14,2,UVH7s,30,0.0,4500000.0,4.5,468,1024,0.45703125
01a0a597-81f1-7011-9024-b8d544cd9dd8,s,C,QB13,14,2,UVH7s,31,0.0,4950000.0,4.95,490,1024,0.478515625
01a0a597-81f1-7011-9024-b8d544cd9dd8,s,C,QB13,14,2,UVH7s,32,0.0,5400000.0,5.4,469,1024,0.4580078125
01a0a597-81f1-7011-9024-b8d544cd9dd8,s,C,QB13,14,2,UVH7s,33,0.0,5850000.0,5.85,497,1024,0.4853515625
01a0a597-81f1-7011-9024-b8d544cd9dd8,s,C,QB13,14,2,UVH7s,34,0.0,6300000.0,6.3,520,1024,0.5078125
01a0a597-81f1-7011-9024-b8d544cd9dd8,s,C,QB13,14,2,UVH7s,35,0.0,6750000.0,6.75,508,1024,0.49609375
01a0a597-81f1-7011-9024-b8d544cd9dd8,s,C,QB13,14,2,UVH7s,36,0.0,7200000.0,7.2,559,1024,0.5458984375
01a0a597-81f1-7011-9024-b8d544cd9dd8,s,C,QB13,14,2,UVH7s,37,0.0,7650000.0,7.65,592,1024,0.578125
01a0a597-81f1-7011-9024-b8d544cd9dd8,s,C,QB13,14,2,UVH7s,38,0.0,8100000.0,8.1,602,1024,0.587890625
01a0a597-81f1-7011-9024-b8d544cd9dd8,s,C,QB13,14,2,UVH7s,39,0.0,8550000.0,8.55,634,1024,0.619140625
01a0a597-81f1-7011-9024-b8d544cd9dd8,s,C,QB13,14,2,UVH7s,40,0.0,9000000.0,9.0,655,1024,0.6396484375
01a0a597-81f1-7011-9024-b8d544cd9dd8,s,C,QB13,14,3,UVH9s,0,0.0,-9000000.0,-9.0,391,1024,0.3818359375
01a0a597-81f1-7011-9024-b8d544cd9dd8,s,C,QB13,14,3,UVH9s,1,0.0,-8550000.0,-8.55,408,1024,0.3984375
01a0a597-81f1-7011-9024-b8d544cd9dd8,s,C,QB13,14,3,UVH9s,2,0.0,-8100000.0,-8.1,409,1024,0.3994140625
01a0a597-81f1-7011-9024-b8d544cd9dd8,s,C,QB13,14,3,UVH9s,3,0.0,-7650000.0,-7.65,455,1024,0.4443359375
01a0a597-81f1-7011-9024-b8d544cd9dd8,s,C,QB13,14,3,UVH9s,4,0.0,-7200000.0,-7.2,468,1024,0.45703125
01a0a597-81f1-7011-9024-b8d544cd9dd8,s,C,QB13,14,3,UVH9s,5,0.0,-6750000.0,-6.75,462,1024,0.451171875
01a0a597-81f1-7011-9024-b8d544cd9dd8,s,C,QB13,14,3,UVH9s,6,0.0,-6300000.0,-6.3,482,1024,0.470703125
01a0a597-81f1-7011-9024-b8d544cd9dd8,s,C,QB13,14,3,UVH9s,7,0.0,-5850000.0,-5.85,500,1024,0.48828125
01a0a597-81f1-7011-9024-b8d544cd9dd8,s,C,QB13,14,3,UVH9s,8,0.0,-5400000.0,-5.4,489,1024,0.4775390625
01a0a597-81f1-7011-9024-b8d544cd9dd8,s,C,QB13,14,3,UVH9s,9,0.0,-4950000.0,-4.95,509,1024,0.4970703125
01a0a597-81f1-7011-9024-b8d544cd9dd8,s,C,QB13,14,3,UVH9s,10,0.0,-4500000.0,-4.5,545,1024,0.5322265625
01a0a597-81f1-7011-9024-b8d544cd9dd8,s,C,QB13,14,3,UVH9s,11,0.0,-4050000.0,-4.05,528,1024,0.515625
01a0a597-81f1-7011-9024-b8d544cd9dd8,s,C,QB13,14,3,UVH9s,12,0.0,-3600000.0,-3.6,543,1024,0.5302734375
01a0a597-81f1-7011-9024-b8d544cd9dd8,s,C,QB13,14,3,UVH9s,13,0.0,-3150000.0,-3.15,511,1024,0.4990234375
01a0a597-81f1-7011-9024-b8d544cd9dd8,s,C,QB13,14,3,UVH9s,14,0.0,-2700000.0,-2.7,567,1024,0.5537109375
01a0a597-81f1-7011-9024-b8d544cd9dd8,s,C,QB13,14,3,UVH9s,15,0.0,-2250000.0,-2.25,540,1024,0.52734375
01a0a597-81f1-7011-9024-b8d544cd9dd8,s,C,QB13,14,3,UVH9s,16,0.0,-1800000.0,-1.8,535,1024,0.5224609375
01a0a597-81f1-7011-9024-b8d544cd9dd8,s,C,QB13,14,3,UVH9s,17,0.0,-1350000.0,-1.35,541,1024,0.5283203125
01a0a597-81f1-7011-9024-b8d544cd9dd8,s,C,QB13,14,3,UVH9s,18,0.0,-900000.0,-0.9,549,1024,0.5361328125
01a0a597-81f1-7011-9024-b8d544cd9dd8,s,C,QB13,14,3,UVH9s,19,0.0,-450000.0,-0.45,548,1024,0.53515625
01a0a597-81f1-7011-9024-b8d544cd9dd8,s,C,QB13,14,3,UVH9s,20,0.0,0.0,0.0,539,1024,0.5263671875
01a0a597-81f1-7011-9024-b8d544cd9dd8,s,C,QB13,14,3,UVH9s,21,0.0,450000.0,0.45,508,1024,0.49609375
01a0a597-81f1-7011-9024-b8d544cd9dd8,s,C,QB13,14,3,UVH9s,22,0.0,900000.0,0.9,544,1024,0.53125
01a0a597-81f1-7011-9024-b8d544cd9dd8,s,C,QB13,14,3,UVH9s,23,0.0,1350000.0,1.35,555,1024,0.5419921875
01a0a597-81f1-7011-9024-b8d544cd9dd8,s,C,QB13,14,3,UVH9s,24,0.0,1800000.0,1.8,506,1024,0.494140625
01a0a597-81f1-7011-9024-b8d544cd9dd8,s,C,QB13,14,3,UVH9s,25,0.0,2250000.0,2.25,548,1024,0.53515625
01a0a597-81f1-7011-9024-b8d544cd9dd8,s,C,QB13,14,3,UVH9s,26,0.0,2700000.0,2.7,537,1024,0.5244140625
01a0a597-81f1-7011-9024-b8d544cd9dd8,s,C,QB13,14,3,UVH9s,27,0.0,3150000.0,3.15,530,1024,0.517578125
01a0a597-81f1-7011-9024-b8d544cd9dd8,s,C,QB13,14,3,UVH9s,28,0.0,3600000.0,3.6,507,1024,0.4951171875
01a0a597-81f1-7011-9024-b8d544cd9dd8,s,C,QB13,14,3,UVH9s,29,0.0,4050000.0,4.05,536,1024,0.5234375
01a0a597-81f1-7011-9024-b8d544cd9dd8,s,C,QB13,14,3,UVH9s,30,0.0,4500000.0,4.5,527,1024,0.5146484375
01a0a597-81f1-7011-9024-b8d544cd9dd8,s,C,QB13,14,3,UVH9s,31,0.0,4950000.0,4.95,532,1024,0.51953125
01a0a597-81f1-7011-9024-b8d544cd9dd8,s,C,QB13,14,3,UVH9s,32,0.0,5400000.0,5.4,486,1024,0.474609375
01a0a597-81f1-7011-9024-b8d544cd9dd8,s,C,QB13,14,3,UVH9s,33,0.0,5850000.0,5.85,506,1024,0.494140625
01a0a597-81f1-7011-9024-b8d544cd9dd8,s,C,QB13,14,3,UVH9s,34,0.0,6300000.0,6.3,486,1024,0.474609375
01a0a597-81f1-7011-9024-b8d544cd9dd8,s,C,QB13,14,3,UVH9s,35,0.0,6750000.0,6.75,448,1024,0.4375
01a0a597-81f1-7011-9024-b8d544cd9dd8,s,C,QB13,14,3,UVH9s,36,0.0,7200000.0,7.2,421,1024,0.4111328125
01a0a597-81f1-7011-9024-b8d544cd9dd8,s,C,QB13,14,3,UVH9s,37,0.0,7650000.0,7.65,392,1024,0.3828125
01a0a597-81f1-7011-9024-b8d544cd9dd8,s,C,QB13,14,3,UVH9s,38,0.0,8100000.0,8.1,362,1024,0.353515625
01a0a597-81f1-7011-9024-b8d544cd9dd8,s,C,QB13,14,3,UVH9s,39,0.0,8550000.0,8.55,334,1024,0.326171875
01a0a597-81f1-7011-9024-b8d544cd9dd8,s,C,QB13,14,3,UVH9s,40,0.0,9000000.0,9.0,286,1024,0.279296875
01a0a597-81f1-7011-9024-b8d544cd9dd8,s,C,QB13,14,4,UVH11s,0,0.0,-9000000.0,-9.0,443,1024,0.4326171875
01a0a597-81f1-7011-9024-b8d544cd9dd8,s,C,QB13,14,4,UVH11s,1,0.0,-8550000.0,-8.55,421,1024,0.4111328125
01a0a597-81f1-7011-9024-b8d544cd9dd8,s,C,QB13,14,4,UVH11s,2,0.0,-8100000.0,-8.1,430,1024,0.419921875
01a0a597-81f1-7011-9024-b8d544cd9dd8,s,C,QB13,14,4,UVH11s,3,0.0,-7650000.0,-7.65,392,1024,0.3828125
01a0a597-81f1-7011-9024-b8d544cd9dd8,s,C,QB13,14,4,UVH11s,4,0.0,-7200000.0,-7.2,418,1024,0.408203125
01a0a597-81f1-7011-9024-b8d544cd9dd8,s,C,QB13,14,4,UVH11s,5,0.0,-6750000.0,-6.75,437,1024,0.4267578125
01a0a597-81f1-7011-9024-b8d544cd9dd8,s,C,QB13,14,4,UVH11s,6,0.0,-6300000.0,-6.3,401,1024,0.3916015625
01a0a597-81f1-7011-9024-b8d544cd9dd8,s,C,QB13,14,4,UVH11s,7,0.0,-5850000.0,-5.85,431,1024,0.4208984375
01a0a597-81f1-7011-9024-b8d544cd9dd8,s,C,QB13,14,4,UVH11s,8,0.0,-5400000.0,-5.4,438,1024,0.427734375
01a0a597-81f1-7011-9024-b8d544cd9dd8,s,C,QB13,14,4,UVH11s,9,0.0,-4950000.0,-4.95,437,1024,0.4267578125
01a0a597-81f1-7011-9024-b8d544cd9dd8,s,C,QB13,14,4,UVH11s,10,0.0,-4500000.0,-4.5,462,1024,0.451171875
01a0a597-81f1-7011-9024-b8d544cd9dd8,s,C,QB13,14,4,UVH11s,11,0.0,-4050000.0,-4.05,452,1024,0.44140625
01a0a597-81f1-7011-9024-b8d544cd9dd8,s,C,QB13,14,4,UVH11s,12,0.0,-3600000.0,-3.6,476,1024,0.46484375
01a0a597-81f1-7011-9024-b8d544cd9dd8,s,C,QB13,14,4,UVH11s,13,0.0,-3150000.0,-3.15,451,1024,0.4404296875
01a0a597-81f1-7011-9024-b8d544cd9dd8,s,C,QB13,14,4,UVH11s,14,0.0,-2700000.0,-2.7,441,1024,0.4306640625
01a0a597-81f1-7011-9024-b8d544cd9dd8,s,C,QB13,14,4,UVH11s,15,0.0,-2250000.0,-2.25,456,1024,0.4453125
01a0a597-81f1-7011-9024-b8d544cd9dd8,s,C,QB13,14,4,UVH11s,16,0.0,-1800000.0,-1.8,476,1024,0.46484375
01a0a597-81f1-7011-9024-b8d544cd9dd8,s,C,QB13,14,4,UVH11s,17,0.0,-1350000.0,-1.35,474,1024,0.462890625
01a0a597-81f1-7011-9024-b8d544cd9dd8,s,C,QB13,14,4,UVH11s,18,0.0,-900000.0,-0.9,454,1024,0.443359375
01a0a597-81f1-7011-9024-b8d544cd9dd8,s,C,QB13,14,4,UVH11s,19,0.0,-450000.0,-0.45,476,1024,0.46484375
01a0a597-81f1-7011-9024-b8d544cd9dd8,s,C,QB13,14,4,UVH11s,20,0.0,0.0,0.0,444,1024,0.43359375
01a0a597-81f1-7011-9024-b8d544cd9dd8,s,C,QB13,14,4,UVH11s,21,0.0,450000.0,0.45,487,1024,0.4755859375
01a0a597-81f1-7011-9024-b8d544cd9dd8,s,C,QB13,14,4,UVH11s,22,0.0,900000.0,0.9,472,1024,0.4609375
01a0a597-81f1-7011-9024-b8d544cd9dd8,s,C,QB13,14,4,UVH11s,23,0.0,1350000.0,1.35,487,1024,0.4755859375
01a0a597-81f1-7011-9024-b8d544cd9dd8,s,C,QB13,14,4,UVH11s,24,0.0,1800000.0,1.8,477,1024,0.4658203125
01a0a597-81f1-7011-9024-b8d544cd9dd8,s,C,QB13,14,4,UVH11s,25,0.0,2250000.0,2.25,490,1024,0.478515625
01a0a597-81f1-7011-9024-b8d544cd9dd8,s,C,QB13,14,4,UVH11s,26,0.0,2700000.0,2.7,479,1024,0.4677734375
01a0a597-81f1-7011-9024-b8d544cd9dd8,s,C,QB13,14,4,UVH11s,27,0.0,3150000.0,3.15,475,1024,0.4638671875
01a0a597-81f1-7011-9024-b8d544cd9dd8,s,C,QB13,14,4,UVH11s,28,0.0,3600000.0,3.6,490,1024,0.478515625
01a0a597-81f1-7011-9024-b8d544cd9dd8,s,C,QB13,14,4,UVH11s,29,0.0,4050000.0,4.05,454,1024,0.443359375
01a0a597-81f1-7011-9024-b8d544cd9dd8,s,C,QB13,14,4,UVH11s,30,0.0,4500000.0,4.5,456,1024,0.4453125
01a0a597-81f1-7011-9024-b8d544cd9dd8,s,C,QB13,14,4,UVH11s,31,0.0,4950000.0,4.95,481,1024,0.4697265625
01a0a597-81f1-7011-9024-b8d544cd9dd8,s,C,QB13,14,4,UVH11s,32,0.0,5400000.0,5.4,455,1024,0.4443359375
01a0a597-81f1-7011-9024-b8d544cd9dd8,s,C,QB13,14,4,UVH11s,33,0.0,5850000.0,5.85,447,1024,0.4365234375
01a0a597-81f1-7011-9024-b8d544cd9dd8,s,C,QB13,14,4,UVH11s,34,0.0,6300000.0,6.3,421,1024,0.4111328125
01a0a597-81f1-7011-9024-b8d544cd9dd8,s,C,QB13,14,4,UVH11s,35,0.0,6750000.0,6.75,464,1024,0.453125
01a0a597-81f1-7011-9024-b8d544cd9dd8,s,C,QB13,14,4,UVH11s,36,0.0,7200000.0,7.2,471,1024,0.4599609375
01a0a597-81f1-7011-9024-b8d544cd9dd8,s,C,QB13,14,4,UVH11s,37,0.0,7650000.0,7.65,449,1024,0.4384765625
01a0a597-81f1-7011-9024-b8d544cd9dd8,s,C,QB13,14,4,UVH11s,38,0.0,8100000.0,8.1,438,1024,0.427734375
01a0a597-81f1-7011-9024-b8d544cd9dd8,s,C,QB13,14,4,UVH11s,39,0.0,8550000.0,8.55,409,1024,0.3994140625
01a0a597-81f1-7011-9024-b8d544cd9dd8,s,C,QB13,14,4,UVH11s,40,0.0,9000000.0,9.0,429,1024,0.4189453125
01a0a597-81f1-7011-9024-b8d544cd9dd8,s,C,QB13,14,5,UVH13s,0,0.0,-9000000.0,-9.0,615,1024,0.6005859375
01a0a597-81f1-7011-9024-b8d544cd9dd8,s,C,QB13,14,5,UVH13s,1,0.0,-8550000.0,-8.55,559,1024,0.5458984375
01a0a597-81f1-7011-9024-b8d544cd9dd8,s,C,QB13,14,5,UVH13s,2,0.0,-8100000.0,-8.1,568,1024,0.5546875
01a0a597-81f1-7011-9024-b8d544cd9dd8,s,C,QB13,14,5,UVH13s,3,0.0,-7650000.0,-7.65,549,1024,0.5361328125
01a0a597-81f1-7011-9024-b8d544cd9dd8,s,C,QB13,14,5,UVH13s,4,0.0,-7200000.0,-7.2,533,1024,0.5205078125
01a0a597-81f1-7011-9024-b8d544cd9dd8,s,C,QB13,14,5,UVH13s,5,0.0,-6750000.0,-6.75,547,1024,0.5341796875
01a0a597-81f1-7011-9024-b8d544cd9dd8,s,C,QB13,14,5,UVH13s,6,0.0,-6300000.0,-6.3,538,1024,0.525390625
01a0a597-81f1-7011-9024-b8d544cd9dd8,s,C,QB13,14,5,UVH13s,7,0.0,-5850000.0,-5.85,552,1024,0.5390625
01a0a597-81f1-7011-9024-b8d544cd9dd8,s,C,QB13,14,5,UVH13s,8,0.0,-5400000.0,-5.4,573,1024,0.5595703125
01a0a597-81f1-7011-9024-b8d544cd9dd8,s,C,QB13,14,5,UVH13s,9,0.0,-4950000.0,-4.95,559,1024,0.5458984375
01a0a597-81f1-7011-9024-b8d544cd9dd8,s,C,QB13,14,5,UVH13s,10,0.0,-4500000.0,-4.5,557,1024,0.5439453125
01a0a597-81f1-7011-9024-b8d544cd9dd8,s,C,QB13,14,5,UVH13s,11,0.0,-4050000.0,-4.05,547,1024,0.5341796875
01a0a597-81f1-7011-9024-b8d544cd9dd8,s,C,QB13,14,5,UVH13s,12,0.0,-3600000.0,-3.6,523,1024,0.5107421875
01a0a597-81f1-7011-9024-b8d544cd9dd8,s,C,QB13,14,5,UVH13s,13,0.0,-3150000.0,-3.15,526,1024,0.513671875
01a0a597-81f1-7011-9024-b8d544cd9dd8,s,C,QB13,14,5,UVH13s,14,0.0,-2700000.0,-2.7,530,1024,0.517578125
01a0a597-81f1-7011-9024-b8d544cd9dd8,s,C,QB13,14,5,UVH13s,15,0.0,-2250000.0,-2.25,553,1024,0.5400390625
01a0a597-81f1-7011-9024-b8d544cd9dd8,s,C,QB13,14,5,UVH13s,16,0.0,-1800000.0,-1.8,571,1024,0.5576171875
01a0a597-81f1-7011-9024-b8d544cd9dd8,s,C,QB13,14,5,UVH13s,17,0.0,-1350000.0,-1.35,554,1024,0.541015625
01a0a597-81f1-7011-9024-b8d544cd9dd8,s,C,QB13,14,5,UVH13s,18,0.0,-900000.0,-0.9,544,1024,0.53125
01a0a597-81f1-7011-9024-b8d544cd9dd8,s,C,QB13,14,5,UVH13s,19,0.0,-450000.0,-0.45,533,1024,0.5205078125
01a0a597-81f1-7011-9024-b8d544cd9dd8,s,C,QB13,14,5,UVH13s,20,0.0,0.0,0.0,594,1024,0.580078125
01a0a597-81f1-7011-9024-b8d544cd9dd8,s,C,QB13,14,5,UVH13s,21,0.0,450000.0,0.45,557,1024,0.5439453125
01a0a597-81f1-7011-9024-b8d544cd9dd8,s,C,QB13,14,5,UVH13s,22,0.0,900000.0,0.9,577,1024,0.5634765625
01a0a597-81f1-7011-9024-b8d544cd9dd8,s,C,QB13,14,5,UVH13s,23,0.0,1350000.0,1.35,561,1024,0.5478515625
01a0a597-81f1-7011-9024-b8d544cd9dd8,s,C,QB13,14,5,UVH13s,24,0.0,1800000.0,1.8,563,1024,0.5498046875
01a0a597-81f1-7011-9024-b8d544cd9dd8,s,C,QB13,14,5,UVH13s,25,0.0,2250000.0,2.25,558,1024,0.544921875
01a0a597-81f1-7011-9024-b8d544cd9dd8,s,C,QB13,14,5,UVH13s,26,0.0,2700000.0,2.7,588,1024,0.57421875
01a0a597-81f1-7011-9024-b8d544cd9dd8,s,C,QB13,14,5,UVH13s,27,0.0,3150000.0,3.15,535,1024,0.5224609375
01a0a597-81f1-7011-9024-b8d544cd9dd8,s,C,QB13,14,5,UVH13s,28,0.0,3600000.0,3.6,559,1024,0.5458984375
01a0a597-81f1-7011-9024-b8d544cd9dd8,s,C,QB13,14,5,UVH13s,29,0.0,4050000.0,4.05,567,1024,0.5537109375
01a0a597-81f1-7011-9024-b8d544cd9dd8,s,C,QB13,14,5,UVH13s,30,0.0,4500000.0,4.5,554,1024,0.541015625
01a0a597-81f1-7011-9024-b8d544cd9dd8,s,C,QB13,14,5,UVH13s,31,0.0,4950000.0,4.95,560,1024,0.546875
01a0a597-81f1-7011-9024-b8d544cd9dd8,s,C,QB13,14,5,UVH13s,32,0.0,5400000.0,5.4,541,1024,0.5283203125
01a0a597-81f1-7011-9024-b8d544cd9dd8,s,C,QB13,14,5,UVH13s,33,0.0,5850000.0,5.85,557,1024,0.5439453125
01a0a597-81f1-7011-9024-b8d544cd9dd8,s,C,QB13,14,5,UVH13s,34,0.0,6300000.0,6.3,560,1024,0.546875
01a0a597-81f1-7011-9024-b8d544cd9dd8,s,C,QB13,14,5,UVH13s,35,0.0,6750000.0,6.75,573,1024,0.5595703125
01a0a597-81f1-7011-9024-b8d544cd9dd8,s,C,QB13,14,5,UVH13s,36,0.0,7200000.0,7.2,518,1024,0.505859375
01a0a597-81f1-7011-9024-b8d544cd9dd8,s,C,QB13,14,5,UVH13s,37,0.0,7650000.0,7.65,560,1024,0.546875
01a0a597-81f1-7011-9024-b8d544cd9dd8,s,C,QB13,14,5,UVH13s,38,0.0,8100000.0,8.1,541,1024,0.5283203125
01a0a597-81f1-7011-9024-b8d544cd9dd8,s,C,QB13,14,5,UVH13s,39,0.0,8550000.0,8.55,550,1024,0.537109375
01a0a597-81f1-7011-9024-b8d544cd9dd8,s,C,QB13,14,5,UVH13s,40,0.0,9000000.0,9.0,567,1024,0.5537109375
01a0a597-81f1-7011-9024-b8d544cd9dd8,s,C,QB17,15,0,standard_pi_2,0,0.0,-9000000.0,-9.0,540,1024,0.52734375
01a0a597-81f1-7011-9024-b8d544cd9dd8,s,C,QB17,15,0,standard_pi_2,1,0.0,-8550000.0,-8.55,558,1024,0.544921875
01a0a597-81f1-7011-9024-b8d544cd9dd8,s,C,QB17,15,0,standard_pi_2,2,0.0,-8100000.0,-8.1,558,1024,0.544921875
01a0a597-81f1-7011-9024-b8d544cd9dd8,s,C,QB17,15,0,standard_pi_2,3,0.0,-7650000.0,-7.65,562,1024,0.548828125
01a0a597-81f1-7011-9024-b8d544cd9dd8,s,C,QB17,15,0,standard_pi_2,4,0.0,-7200000.0,-7.2,546,1024,0.533203125
01a0a597-81f1-7011-9024-b8d544cd9dd8,s,C,QB17,15,0,standard_pi_2,5,0.0,-6750000.0,-6.75,559,1024,0.5458984375
01a0a597-81f1-7011-9024-b8d544cd9dd8,s,C,QB17,15,0,standard_pi_2,6,0.0,-6300000.0,-6.3,530,1024,0.517578125
01a0a597-81f1-7011-9024-b8d544cd9dd8,s,C,QB17,15,0,standard_pi_2,7,0.0,-5850000.0,-5.85,547,1024,0.5341796875
01a0a597-81f1-7011-9024-b8d544cd9dd8,s,C,QB17,15,0,standard_pi_2,8,0.0,-5400000.0,-5.4,519,1024,0.5068359375
01a0a597-81f1-7011-9024-b8d544cd9dd8,s,C,QB17,15,0,standard_pi_2,9,0.0,-4950000.0,-4.95,546,1024,0.533203125
01a0a597-81f1-7011-9024-b8d544cd9dd8,s,C,QB17,15,0,standard_pi_2,10,0.0,-4500000.0,-4.5,552,1024,0.5390625
01a0a597-81f1-7011-9024-b8d544cd9dd8,s,C,QB17,15,0,standard_pi_2,11,0.0,-4050000.0,-4.05,532,1024,0.51953125
01a0a597-81f1-7011-9024-b8d544cd9dd8,s,C,QB17,15,0,standard_pi_2,12,0.0,-3600000.0,-3.6,518,1024,0.505859375
01a0a597-81f1-7011-9024-b8d544cd9dd8,s,C,QB17,15,0,standard_pi_2,13,0.0,-3150000.0,-3.15,526,1024,0.513671875
01a0a597-81f1-7011-9024-b8d544cd9dd8,s,C,QB17,15,0,standard_pi_2,14,0.0,-2700000.0,-2.7,527,1024,0.5146484375
01a0a597-81f1-7011-9024-b8d544cd9dd8,s,C,QB17,15,0,standard_pi_2,15,0.0,-2250000.0,-2.25,544,1024,0.53125
01a0a597-81f1-7011-9024-b8d544cd9dd8,s,C,QB17,15,0,standard_pi_2,16,0.0,-1800000.0,-1.8,518,1024,0.505859375
01a0a597-81f1-7011-9024-b8d544cd9dd8,s,C,QB17,15,0,standard_pi_2,17,0.0,-1350000.0,-1.35,522,1024,0.509765625
01a0a597-81f1-7011-9024-b8d544cd9dd8,s,C,QB17,15,0,standard_pi_2,18,0.0,-900000.0,-0.9,521,1024,0.5087890625
01a0a597-81f1-7011-9024-b8d544cd9dd8,s,C,QB17,15,0,standard_pi_2,19,0.0,-450000.0,-0.45,505,1024,0.4931640625
01a0a597-81f1-7011-9024-b8d544cd9dd8,s,C,QB17,15,0,standard_pi_2,20,0.0,0.0,0.0,538,1024,0.525390625
01a0a597-81f1-7011-9024-b8d544cd9dd8,s,C,QB17,15,0,standard_pi_2,21,0.0,450000.0,0.45,555,1024,0.5419921875
01a0a597-81f1-7011-9024-b8d544cd9dd8,s,C,QB17,15,0,standard_pi_2,22,0.0,900000.0,0.9,532,1024,0.51953125
01a0a597-81f1-7011-9024-b8d544cd9dd8,s,C,QB17,15,0,standard_pi_2,23,0.0,1350000.0,1.35,520,1024,0.5078125
01a0a597-81f1-7011-9024-b8d544cd9dd8,s,C,QB17,15,0,standard_pi_2,24,0.0,1800000.0,1.8,527,1024,0.5146484375
01a0a597-81f1-7011-9024-b8d544cd9dd8,s,C,QB17,15,0,standard_pi_2,25,0.0,2250000.0,2.25,500,1024,0.48828125
01a0a597-81f1-7011-9024-b8d544cd9dd8,s,C,QB17,15,0,standard_pi_2,26,0.0,2700000.0,2.7,484,1024,0.47265625
01a0a597-81f1-7011-9024-b8d544cd9dd8,s,C,QB17,15,0,standard_pi_2,27,0.0,3150000.0,3.15,496,1024,0.484375
01a0a597-81f1-7011-9024-b8d544cd9dd8,s,C,QB17,15,0,standard_pi_2,28,0.0,3600000.0,3.6,488,1024,0.4765625
01a0a597-81f1-7011-9024-b8d544cd9dd8,s,C,QB17,15,0,standard_pi_2,29,0.0,4050000.0,4.05,536,1024,0.5234375
01a0a597-81f1-7011-9024-b8d544cd9dd8,s,C,QB17,15,0,standard_pi_2,30,0.0,4500000.0,4.5,510,1024,0.498046875
01a0a597-81f1-7011-9024-b8d544cd9dd8,s,C,QB17,15,0,standard_pi_2,31,0.0,4950000.0,4.95,504,1024,0.4921875
01a0a597-81f1-7011-9024-b8d544cd9dd8,s,C,QB17,15,0,standard_pi_2,32,0.0,5400000.0,5.4,487,1024,0.4755859375
01a0a597-81f1-7011-9024-b8d544cd9dd8,s,C,QB17,15,0,standard_pi_2,33,0.0,5850000.0,5.85,475,1024,0.4638671875
01a0a597-81f1-7011-9024-b8d544cd9dd8,s,C,QB17,15,0,standard_pi_2,34,0.0,6300000.0,6.3,486,1024,0.474609375
01a0a597-81f1-7011-9024-b8d544cd9dd8,s,C,QB17,15,0,standard_pi_2,35,0.0,6750000.0,6.75,456,1024,0.4453125
01a0a597-81f1-7011-9024-b8d544cd9dd8,s,C,QB17,15,0,standard_pi_2,36,0.0,7200000.0,7.2,495,1024,0.4833984375
01a0a597-81f1-7011-9024-b8d544cd9dd8,s,C,QB17,15,0,standard_pi_2,37,0.0,7650000.0,7.65,490,1024,0.478515625
01a0a597-81f1-7011-9024-b8d544cd9dd8,s,C,QB17,15,0,standard_pi_2,38,0.0,8100000.0,8.1,479,1024,0.4677734375
01a0a597-81f1-7011-9024-b8d544cd9dd8,s,C,QB17,15,0,standard_pi_2,39,0.0,8550000.0,8.55,490,1024,0.478515625
01a0a597-81f1-7011-9024-b8d544cd9dd8,s,C,QB17,15,0,standard_pi_2,40,0.0,9000000.0,9.0,463,1024,0.4521484375
01a0a597-81f1-7011-9024-b8d544cd9dd8,s,C,QB17,15,1,UVH5s,0,0.0,-9000000.0,-9.0,669,1024,0.6533203125
01a0a597-81f1-7011-9024-b8d544cd9dd8,s,C,QB17,15,1,UVH5s,1,0.0,-8550000.0,-8.55,683,1024,0.6669921875
01a0a597-81f1-7011-9024-b8d544cd9dd8,s,C,QB17,15,1,UVH5s,2,0.0,-8100000.0,-8.1,667,1024,0.6513671875
01a0a597-81f1-7011-9024-b8d544cd9dd8,s,C,QB17,15,1,UVH5s,3,0.0,-7650000.0,-7.65,665,1024,0.6494140625
01a0a597-81f1-7011-9024-b8d544cd9dd8,s,C,QB17,15,1,UVH5s,4,0.0,-7200000.0,-7.2,654,1024,0.638671875
01a0a597-81f1-7011-9024-b8d544cd9dd8,s,C,QB17,15,1,UVH5s,5,0.0,-6750000.0,-6.75,637,1024,0.6220703125
01a0a597-81f1-7011-9024-b8d544cd9dd8,s,C,QB17,15,1,UVH5s,6,0.0,-6300000.0,-6.3,594,1024,0.580078125
01a0a597-81f1-7011-9024-b8d544cd9dd8,s,C,QB17,15,1,UVH5s,7,0.0,-5850000.0,-5.85,619,1024,0.6044921875
01a0a597-81f1-7011-9024-b8d544cd9dd8,s,C,QB17,15,1,UVH5s,8,0.0,-5400000.0,-5.4,569,1024,0.5556640625
01a0a597-81f1-7011-9024-b8d544cd9dd8,s,C,QB17,15,1,UVH5s,9,0.0,-4950000.0,-4.95,596,1024,0.58203125
01a0a597-81f1-7011-9024-b8d544cd9dd8,s,C,QB17,15,1,UVH5s,10,0.0,-4500000.0,-4.5,560,1024,0.546875
01a0a597-81f1-7011-9024-b8d544cd9dd8,s,C,QB17,15,1,UVH5s,11,0.0,-4050000.0,-4.05,534,1024,0.521484375
01a0a597-81f1-7011-9024-b8d544cd9dd8,s,C,QB17,15,1,UVH5s,12,0.0,-3600000.0,-3.6,542,1024,0.529296875
01a0a597-81f1-7011-9024-b8d544cd9dd8,s,C,QB17,15,1,UVH5s,13,0.0,-3150000.0,-3.15,508,1024,0.49609375
01a0a597-81f1-7011-9024-b8d544cd9dd8,s,C,QB17,15,1,UVH5s,14,0.0,-2700000.0,-2.7,515,1024,0.5029296875
01a0a597-81f1-7011-9024-b8d544cd9dd8,s,C,QB17,15,1,UVH5s,15,0.0,-2250000.0,-2.25,483,1024,0.4716796875
01a0a597-81f1-7011-9024-b8d544cd9dd8,s,C,QB17,15,1,UVH5s,16,0.0,-1800000.0,-1.8,497,1024,0.4853515625
01a0a597-81f1-7011-9024-b8d544cd9dd8,s,C,QB17,15,1,UVH5s,17,0.0,-1350000.0,-1.35,485,1024,0.4736328125
01a0a597-81f1-7011-9024-b8d544cd9dd8,s,C,QB17,15,1,UVH5s,18,0.0,-900000.0,-0.9,472,1024,0.4609375
01a0a597-81f1-7011-9024-b8d544cd9dd8,s,C,QB17,15,1,UVH5s,19,0.0,-450000.0,-0.45,463,1024,0.4521484375
01a0a597-81f1-7011-9024-b8d544cd9dd8,s,C,QB17,15,1,UVH5s,20,0.0,0.0,0.0,494,1024,0.482421875
01a0a597-81f1-7011-9024-b8d544cd9dd8,s,C,QB17,15,1,UVH5s,21,0.0,450000.0,0.45,480,1024,0.46875
01a0a597-81f1-7011-9024-b8d544cd9dd8,s,C,QB17,15,1,UVH5s,22,0.0,900000.0,0.9,507,1024,0.4951171875
01a0a597-81f1-7011-9024-b8d544cd9dd8,s,C,QB17,15,1,UVH5s,23,0.0,1350000.0,1.35,522,1024,0.509765625
01a0a597-81f1-7011-9024-b8d544cd9dd8,s,C,QB17,15,1,UVH5s,24,0.0,1800000.0,1.8,468,1024,0.45703125
01a0a597-81f1-7011-9024-b8d544cd9dd8,s,C,QB17,15,1,UVH5s,25,0.0,2250000.0,2.25,517,1024,0.5048828125
01a0a597-81f1-7011-9024-b8d544cd9dd8,s,C,QB17,15,1,UVH5s,26,0.0,2700000.0,2.7,504,1024,0.4921875
01a0a597-81f1-7011-9024-b8d544cd9dd8,s,C,QB17,15,1,UVH5s,27,0.0,3150000.0,3.15,525,1024,0.5126953125
01a0a597-81f1-7011-9024-b8d544cd9dd8,s,C,QB17,15,1,UVH5s,28,0.0,3600000.0,3.6,553,1024,0.5400390625
01a0a597-81f1-7011-9024-b8d544cd9dd8,s,C,QB17,15,1,UVH5s,29,0.0,4050000.0,4.05,581,1024,0.5673828125
01a0a597-81f1-7011-9024-b8d544cd9dd8,s,C,QB17,15,1,UVH5s,30,0.0,4500000.0,4.5,589,1024,0.5751953125
01a0a597-81f1-7011-9024-b8d544cd9dd8,s,C,QB17,15,1,UVH5s,31,0.0,4950000.0,4.95,613,1024,0.5986328125
01a0a597-81f1-7011-9024-b8d544cd9dd8,s,C,QB17,15,1,UVH5s,32,0.0,5400000.0,5.4,620,1024,0.60546875
01a0a597-81f1-7011-9024-b8d544cd9dd8,s,C,QB17,15,1,UVH5s,33,0.0,5850000.0,5.85,661,1024,0.6455078125
01a0a597-81f1-7011-9024-b8d544cd9dd8,s,C,QB17,15,1,UVH5s,34,0.0,6300000.0,6.3,706,1024,0.689453125
01a0a597-81f1-7011-9024-b8d544cd9dd8,s,C,QB17,15,1,UVH5s,35,0.0,6750000.0,6.75,712,1024,0.6953125
01a0a597-81f1-7011-9024-b8d544cd9dd8,s,C,QB17,15,1,UVH5s,36,0.0,7200000.0,7.2,744,1024,0.7265625
01a0a597-81f1-7011-9024-b8d544cd9dd8,s,C,QB17,15,1,UVH5s,37,0.0,7650000.0,7.65,757,1024,0.7392578125
01a0a597-81f1-7011-9024-b8d544cd9dd8,s,C,QB17,15,1,UVH5s,38,0.0,8100000.0,8.1,779,1024,0.7607421875
01a0a597-81f1-7011-9024-b8d544cd9dd8,s,C,QB17,15,1,UVH5s,39,0.0,8550000.0,8.55,781,1024,0.7626953125
01a0a597-81f1-7011-9024-b8d544cd9dd8,s,C,QB17,15,1,UVH5s,40,0.0,9000000.0,9.0,779,1024,0.7607421875
01a0a597-81f1-7011-9024-b8d544cd9dd8,s,C,QB17,15,2,UVH7s,0,0.0,-9000000.0,-9.0,530,1024,0.517578125
01a0a597-81f1-7011-9024-b8d544cd9dd8,s,C,QB17,15,2,UVH7s,1,0.0,-8550000.0,-8.55,520,1024,0.5078125
01a0a597-81f1-7011-9024-b8d544cd9dd8,s,C,QB17,15,2,UVH7s,2,0.0,-8100000.0,-8.1,533,1024,0.5205078125
01a0a597-81f1-7011-9024-b8d544cd9dd8,s,C,QB17,15,2,UVH7s,3,0.0,-7650000.0,-7.65,547,1024,0.5341796875
01a0a597-81f1-7011-9024-b8d544cd9dd8,s,C,QB17,15,2,UVH7s,4,0.0,-7200000.0,-7.2,538,1024,0.525390625
01a0a597-81f1-7011-9024-b8d544cd9dd8,s,C,QB17,15,2,UVH7s,5,0.0,-6750000.0,-6.75,508,1024,0.49609375
01a0a597-81f1-7011-9024-b8d544cd9dd8,s,C,QB17,15,2,UVH7s,6,0.0,-6300000.0,-6.3,502,1024,0.490234375
01a0a597-81f1-7011-9024-b8d544cd9dd8,s,C,QB17,15,2,UVH7s,7,0.0,-5850000.0,-5.85,507,1024,0.4951171875
01a0a597-81f1-7011-9024-b8d544cd9dd8,s,C,QB17,15,2,UVH7s,8,0.0,-5400000.0,-5.4,505,1024,0.4931640625
01a0a597-81f1-7011-9024-b8d544cd9dd8,s,C,QB17,15,2,UVH7s,9,0.0,-4950000.0,-4.95,489,1024,0.4775390625
01a0a597-81f1-7011-9024-b8d544cd9dd8,s,C,QB17,15,2,UVH7s,10,0.0,-4500000.0,-4.5,459,1024,0.4482421875
01a0a597-81f1-7011-9024-b8d544cd9dd8,s,C,QB17,15,2,UVH7s,11,0.0,-4050000.0,-4.05,448,1024,0.4375
01a0a597-81f1-7011-9024-b8d544cd9dd8,s,C,QB17,15,2,UVH7s,12,0.0,-3600000.0,-3.6,442,1024,0.431640625
01a0a597-81f1-7011-9024-b8d544cd9dd8,s,C,QB17,15,2,UVH7s,13,0.0,-3150000.0,-3.15,461,1024,0.4501953125
01a0a597-81f1-7011-9024-b8d544cd9dd8,s,C,QB17,15,2,UVH7s,14,0.0,-2700000.0,-2.7,439,1024,0.4287109375
01a0a597-81f1-7011-9024-b8d544cd9dd8,s,C,QB17,15,2,UVH7s,15,0.0,-2250000.0,-2.25,459,1024,0.4482421875
01a0a597-81f1-7011-9024-b8d544cd9dd8,s,C,QB17,15,2,UVH7s,16,0.0,-1800000.0,-1.8,458,1024,0.447265625
01a0a597-81f1-7011-9024-b8d544cd9dd8,s,C,QB17,15,2,UVH7s,17,0.0,-1350000.0,-1.35,475,1024,0.4638671875
01a0a597-81f1-7011-9024-b8d544cd9dd8,s,C,QB17,15,2,UVH7s,18,0.0,-900000.0,-0.9,474,1024,0.462890625
01a0a597-81f1-7011-9024-b8d544cd9dd8,s,C,QB17,15,2,UVH7s,19,0.0,-450000.0,-0.45,465,1024,0.4541015625
01a0a597-81f1-7011-9024-b8d544cd9dd8,s,C,QB17,15,2,UVH7s,20,0.0,0.0,0.0,488,1024,0.4765625
01a0a597-81f1-7011-9024-b8d544cd9dd8,s,C,QB17,15,2,UVH7s,21,0.0,450000.0,0.45,479,1024,0.4677734375
01a0a597-81f1-7011-9024-b8d544cd9dd8,s,C,QB17,15,2,UVH7s,22,0.0,900000.0,0.9,443,1024,0.4326171875
01a0a597-81f1-7011-9024-b8d544cd9dd8,s,C,QB17,15,2,UVH7s,23,0.0,1350000.0,1.35,465,1024,0.4541015625
01a0a597-81f1-7011-9024-b8d544cd9dd8,s,C,QB17,15,2,UVH7s,24,0.0,1800000.0,1.8,466,1024,0.455078125
01a0a597-81f1-7011-9024-b8d544cd9dd8,s,C,QB17,15,2,UVH7s,25,0.0,2250000.0,2.25,482,1024,0.470703125
01a0a597-81f1-7011-9024-b8d544cd9dd8,s,C,QB17,15,2,UVH7s,26,0.0,2700000.0,2.7,481,1024,0.4697265625
01a0a597-81f1-7011-9024-b8d544cd9dd8,s,C,QB17,15,2,UVH7s,27,0.0,3150000.0,3.15,489,1024,0.4775390625
01a0a597-81f1-7011-9024-b8d544cd9dd8,s,C,QB17,15,2,UVH7s,28,0.0,3600000.0,3.6,473,1024,0.4619140625
01a0a597-81f1-7011-9024-b8d544cd9dd8,s,C,QB17,15,2,UVH7s,29,0.0,4050000.0,4.05,485,1024,0.4736328125
01a0a597-81f1-7011-9024-b8d544cd9dd8,s,C,QB17,15,2,UVH7s,30,0.0,4500000.0,4.5,539,1024,0.5263671875
01a0a597-81f1-7011-9024-b8d544cd9dd8,s,C,QB17,15,2,UVH7s,31,0.0,4950000.0,4.95,547,1024,0.5341796875
01a0a597-81f1-7011-9024-b8d544cd9dd8,s,C,QB17,15,2,UVH7s,32,0.0,5400000.0,5.4,543,1024,0.5302734375
01a0a597-81f1-7011-9024-b8d544cd9dd8,s,C,QB17,15,2,UVH7s,33,0.0,5850000.0,5.85,586,1024,0.572265625
01a0a597-81f1-7011-9024-b8d544cd9dd8,s,C,QB17,15,2,UVH7s,34,0.0,6300000.0,6.3,597,1024,0.5830078125
01a0a597-81f1-7011-9024-b8d544cd9dd8,s,C,QB17,15,2,UVH7s,35,0.0,6750000.0,6.75,630,1024,0.615234375
01a0a597-81f1-7011-9024-b8d544cd9dd8,s,C,QB17,15,2,UVH7s,36,0.0,7200000.0,7.2,657,1024,0.6416015625
01a0a597-81f1-7011-9024-b8d544cd9dd8,s,C,QB17,15,2,UVH7s,37,0.0,7650000.0,7.65,656,1024,0.640625
01a0a597-81f1-7011-9024-b8d544cd9dd8,s,C,QB17,15,2,UVH7s,38,0.0,8100000.0,8.1,700,1024,0.68359375
01a0a597-81f1-7011-9024-b8d544cd9dd8,s,C,QB17,15,2,UVH7s,39,0.0,8550000.0,8.55,695,1024,0.6787109375
01a0a597-81f1-7011-9024-b8d544cd9dd8,s,C,QB17,15,2,UVH7s,40,0.0,9000000.0,9.0,719,1024,0.7021484375
01a0a597-81f1-7011-9024-b8d544cd9dd8,s,C,QB17,15,3,UVH9s,0,0.0,-9000000.0,-9.0,359,1024,0.3505859375
01a0a597-81f1-7011-9024-b8d544cd9dd8,s,C,QB17,15,3,UVH9s,1,0.0,-8550000.0,-8.55,403,1024,0.3935546875
01a0a597-81f1-7011-9024-b8d544cd9dd8,s,C,QB17,15,3,UVH9s,2,0.0,-8100000.0,-8.1,406,1024,0.396484375
01a0a597-81f1-7011-9024-b8d544cd9dd8,s,C,QB17,15,3,UVH9s,3,0.0,-7650000.0,-7.65,405,1024,0.3955078125
01a0a597-81f1-7011-9024-b8d544cd9dd8,s,C,QB17,15,3,UVH9s,4,0.0,-7200000.0,-7.2,427,1024,0.4169921875
01a0a597-81f1-7011-9024-b8d544cd9dd8,s,C,QB17,15,3,UVH9s,5,0.0,-6750000.0,-6.75,457,1024,0.4462890625
01a0a597-81f1-7011-9024-b8d544cd9dd8,s,C,QB17,15,3,UVH9s,6,0.0,-6300000.0,-6.3,465,1024,0.4541015625
01a0a597-81f1-7011-9024-b8d544cd9dd8,s,C,QB17,15,3,UVH9s,7,0.0,-5850000.0,-5.85,499,1024,0.4873046875
01a0a597-81f1-7011-9024-b8d544cd9dd8,s,C,QB17,15,3,UVH9s,8,0.0,-5400000.0,-5.4,472,1024,0.4609375
01a0a597-81f1-7011-9024-b8d544cd9dd8,s,C,QB17,15,3,UVH9s,9,0.0,-4950000.0,-4.95,509,1024,0.4970703125
01a0a597-81f1-7011-9024-b8d544cd9dd8,s,C,QB17,15,3,UVH9s,10,0.0,-4500000.0,-4.5,478,1024,0.466796875
01a0a597-81f1-7011-9024-b8d544cd9dd8,s,C,QB17,15,3,UVH9s,11,0.0,-4050000.0,-4.05,496,1024,0.484375
01a0a597-81f1-7011-9024-b8d544cd9dd8,s,C,QB17,15,3,UVH9s,12,0.0,-3600000.0,-3.6,491,1024,0.4794921875
01a0a597-81f1-7011-9024-b8d544cd9dd8,s,C,QB17,15,3,UVH9s,13,0.0,-3150000.0,-3.15,471,1024,0.4599609375
01a0a597-81f1-7011-9024-b8d544cd9dd8,s,C,QB17,15,3,UVH9s,14,0.0,-2700000.0,-2.7,485,1024,0.4736328125
01a0a597-81f1-7011-9024-b8d544cd9dd8,s,C,QB17,15,3,UVH9s,15,0.0,-2250000.0,-2.25,495,1024,0.4833984375
01a0a597-81f1-7011-9024-b8d544cd9dd8,s,C,QB17,15,3,UVH9s,16,0.0,-1800000.0,-1.8,489,1024,0.4775390625
01a0a597-81f1-7011-9024-b8d544cd9dd8,s,C,QB17,15,3,UVH9s,17,0.0,-1350000.0,-1.35,473,1024,0.4619140625
01a0a597-81f1-7011-9024-b8d544cd9dd8,s,C,QB17,15,3,UVH9s,18,0.0,-900000.0,-0.9,515,1024,0.5029296875
01a0a597-81f1-7011-9024-b8d544cd9dd8,s,C,QB17,15,3,UVH9s,19,0.0,-450000.0,-0.45,496,1024,0.484375
01a0a597-81f1-7011-9024-b8d544cd9dd8,s,C,QB17,15,3,UVH9s,20,0.0,0.0,0.0,497,1024,0.4853515625
01a0a597-81f1-7011-9024-b8d544cd9dd8,s,C,QB17,15,3,UVH9s,21,0.0,450000.0,0.45,480,1024,0.46875
01a0a597-81f1-7011-9024-b8d544cd9dd8,s,C,QB17,15,3,UVH9s,22,0.0,900000.0,0.9,506,1024,0.494140625
01a0a597-81f1-7011-9024-b8d544cd9dd8,s,C,QB17,15,3,UVH9s,23,0.0,1350000.0,1.35,492,1024,0.48046875
01a0a597-81f1-7011-9024-b8d544cd9dd8,s,C,QB17,15,3,UVH9s,24,0.0,1800000.0,1.8,490,1024,0.478515625
01a0a597-81f1-7011-9024-b8d544cd9dd8,s,C,QB17,15,3,UVH9s,25,0.0,2250000.0,2.25,515,1024,0.5029296875
01a0a597-81f1-7011-9024-b8d544cd9dd8,s,C,QB17,15,3,UVH9s,26,0.0,2700000.0,2.7,492,1024,0.48046875
01a0a597-81f1-7011-9024-b8d544cd9dd8,s,C,QB17,15,3,UVH9s,27,0.0,3150000.0,3.15,476,1024,0.46484375
01a0a597-81f1-7011-9024-b8d544cd9dd8,s,C,QB17,15,3,UVH9s,28,0.0,3600000.0,3.6,510,1024,0.498046875
01a0a597-81f1-7011-9024-b8d544cd9dd8,s,C,QB17,15,3,UVH9s,29,0.0,4050000.0,4.05,497,1024,0.4853515625
01a0a597-81f1-7011-9024-b8d544cd9dd8,s,C,QB17,15,3,UVH9s,30,0.0,4500000.0,4.5,496,1024,0.484375
01a0a597-81f1-7011-9024-b8d544cd9dd8,s,C,QB17,15,3,UVH9s,31,0.0,4950000.0,4.95,464,1024,0.453125
01a0a597-81f1-7011-9024-b8d544cd9dd8,s,C,QB17,15,3,UVH9s,32,0.0,5400000.0,5.4,481,1024,0.4697265625
01a0a597-81f1-7011-9024-b8d544cd9dd8,s,C,QB17,15,3,UVH9s,33,0.0,5850000.0,5.85,499,1024,0.4873046875
01a0a597-81f1-7011-9024-b8d544cd9dd8,s,C,QB17,15,3,UVH9s,34,0.0,6300000.0,6.3,462,1024,0.451171875
01a0a597-81f1-7011-9024-b8d544cd9dd8,s,C,QB17,15,3,UVH9s,35,0.0,6750000.0,6.75,450,1024,0.439453125
01a0a597-81f1-7011-9024-b8d544cd9dd8,s,C,QB17,15,3,UVH9s,36,0.0,7200000.0,7.2,425,1024,0.4150390625
01a0a597-81f1-7011-9024-b8d544cd9dd8,s,C,QB17,15,3,UVH9s,37,0.0,7650000.0,7.65,403,1024,0.3935546875
01a0a597-81f1-7011-9024-b8d544cd9dd8,s,C,QB17,15,3,UVH9s,38,0.0,8100000.0,8.1,423,1024,0.4130859375
01a0a597-81f1-7011-9024-b8d544cd9dd8,s,C,QB17,15,3,UVH9s,39,0.0,8550000.0,8.55,374,1024,0.365234375
01a0a597-81f1-7011-9024-b8d544cd9dd8,s,C,QB17,15,3,UVH9s,40,0.0,9000000.0,9.0,315,1024,0.3076171875
01a0a597-81f1-7011-9024-b8d544cd9dd8,s,C,QB17,15,4,UVH11s,0,0.0,-9000000.0,-9.0,446,1024,0.435546875
01a0a597-81f1-7011-9024-b8d544cd9dd8,s,C,QB17,15,4,UVH11s,1,0.0,-8550000.0,-8.55,434,1024,0.423828125
01a0a597-81f1-7011-9024-b8d544cd9dd8,s,C,QB17,15,4,UVH11s,2,0.0,-8100000.0,-8.1,411,1024,0.4013671875
01a0a597-81f1-7011-9024-b8d544cd9dd8,s,C,QB17,15,4,UVH11s,3,0.0,-7650000.0,-7.65,428,1024,0.41796875
01a0a597-81f1-7011-9024-b8d544cd9dd8,s,C,QB17,15,4,UVH11s,4,0.0,-7200000.0,-7.2,428,1024,0.41796875
01a0a597-81f1-7011-9024-b8d544cd9dd8,s,C,QB17,15,4,UVH11s,5,0.0,-6750000.0,-6.75,437,1024,0.4267578125
01a0a597-81f1-7011-9024-b8d544cd9dd8,s,C,QB17,15,4,UVH11s,6,0.0,-6300000.0,-6.3,414,1024,0.404296875
01a0a597-81f1-7011-9024-b8d544cd9dd8,s,C,QB17,15,4,UVH11s,7,0.0,-5850000.0,-5.85,451,1024,0.4404296875
01a0a597-81f1-7011-9024-b8d544cd9dd8,s,C,QB17,15,4,UVH11s,8,0.0,-5400000.0,-5.4,436,1024,0.42578125
01a0a597-81f1-7011-9024-b8d544cd9dd8,s,C,QB17,15,4,UVH11s,9,0.0,-4950000.0,-4.95,436,1024,0.42578125
01a0a597-81f1-7011-9024-b8d544cd9dd8,s,C,QB17,15,4,UVH11s,10,0.0,-4500000.0,-4.5,442,1024,0.431640625
01a0a597-81f1-7011-9024-b8d544cd9dd8,s,C,QB17,15,4,UVH11s,11,0.0,-4050000.0,-4.05,431,1024,0.4208984375
01a0a597-81f1-7011-9024-b8d544cd9dd8,s,C,QB17,15,4,UVH11s,12,0.0,-3600000.0,-3.6,415,1024,0.4052734375
01a0a597-81f1-7011-9024-b8d544cd9dd8,s,C,QB17,15,4,UVH11s,13,0.0,-3150000.0,-3.15,461,1024,0.4501953125
01a0a597-81f1-7011-9024-b8d544cd9dd8,s,C,QB17,15,4,UVH11s,14,0.0,-2700000.0,-2.7,452,1024,0.44140625
01a0a597-81f1-7011-9024-b8d544cd9dd8,s,C,QB17,15,4,UVH11s,15,0.0,-2250000.0,-2.25,484,1024,0.47265625
01a0a597-81f1-7011-9024-b8d544cd9dd8,s,C,QB17,15,4,UVH11s,16,0.0,-1800000.0,-1.8,505,1024,0.4931640625
01a0a597-81f1-7011-9024-b8d544cd9dd8,s,C,QB17,15,4,UVH11s,17,0.0,-1350000.0,-1.35,485,1024,0.4736328125
01a0a597-81f1-7011-9024-b8d544cd9dd8,s,C,QB17,15,4,UVH11s,18,0.0,-900000.0,-0.9,502,1024,0.490234375
01a0a597-81f1-7011-9024-b8d544cd9dd8,s,C,QB17,15,4,UVH11s,19,0.0,-450000.0,-0.45,479,1024,0.4677734375
01a0a597-81f1-7011-9024-b8d544cd9dd8,s,C,QB17,15,4,UVH11s,20,0.0,0.0,0.0,492,1024,0.48046875
01a0a597-81f1-7011-9024-b8d544cd9dd8,s,C,QB17,15,4,UVH11s,21,0.0,450000.0,0.45,522,1024,0.509765625
01a0a597-81f1-7011-9024-b8d544cd9dd8,s,C,QB17,15,4,UVH11s,22,0.0,900000.0,0.9,529,1024,0.5166015625
01a0a597-81f1-7011-9024-b8d544cd9dd8,s,C,QB17,15,4,UVH11s,23,0.0,1350000.0,1.35,473,1024,0.4619140625
01a0a597-81f1-7011-9024-b8d544cd9dd8,s,C,QB17,15,4,UVH11s,24,0.0,1800000.0,1.8,525,1024,0.5126953125
01a0a597-81f1-7011-9024-b8d544cd9dd8,s,C,QB17,15,4,UVH11s,25,0.0,2250000.0,2.25,526,1024,0.513671875
01a0a597-81f1-7011-9024-b8d544cd9dd8,s,C,QB17,15,4,UVH11s,26,0.0,2700000.0,2.7,516,1024,0.50390625
01a0a597-81f1-7011-9024-b8d544cd9dd8,s,C,QB17,15,4,UVH11s,27,0.0,3150000.0,3.15,521,1024,0.5087890625
01a0a597-81f1-7011-9024-b8d544cd9dd8,s,C,QB17,15,4,UVH11s,28,0.0,3600000.0,3.6,537,1024,0.5244140625
01a0a597-81f1-7011-9024-b8d544cd9dd8,s,C,QB17,15,4,UVH11s,29,0.0,4050000.0,4.05,550,1024,0.537109375
01a0a597-81f1-7011-9024-b8d544cd9dd8,s,C,QB17,15,4,UVH11s,30,0.0,4500000.0,4.5,551,1024,0.5380859375
01a0a597-81f1-7011-9024-b8d544cd9dd8,s,C,QB17,15,4,UVH11s,31,0.0,4950000.0,4.95,528,1024,0.515625
01a0a597-81f1-7011-9024-b8d544cd9dd8,s,C,QB17,15,4,UVH11s,32,0.0,5400000.0,5.4,520,1024,0.5078125
01a0a597-81f1-7011-9024-b8d544cd9dd8,s,C,QB17,15,4,UVH11s,33,0.0,5850000.0,5.85,507,1024,0.4951171875
01a0a597-81f1-7011-9024-b8d544cd9dd8,s,C,QB17,15,4,UVH11s,34,0.0,6300000.0,6.3,518,1024,0.505859375
01a0a597-81f1-7011-9024-b8d544cd9dd8,s,C,QB17,15,4,UVH11s,35,0.0,6750000.0,6.75,531,1024,0.5185546875
01a0a597-81f1-7011-9024-b8d544cd9dd8,s,C,QB17,15,4,UVH11s,36,0.0,7200000.0,7.2,492,1024,0.48046875
01a0a597-81f1-7011-9024-b8d544cd9dd8,s,C,QB17,15,4,UVH11s,37,0.0,7650000.0,7.65,527,1024,0.5146484375
01a0a597-81f1-7011-9024-b8d544cd9dd8,s,C,QB17,15,4,UVH11s,38,0.0,8100000.0,8.1,508,1024,0.49609375
01a0a597-81f1-7011-9024-b8d544cd9dd8,s,C,QB17,15,4,UVH11s,39,0.0,8550000.0,8.55,511,1024,0.4990234375
01a0a597-81f1-7011-9024-b8d544cd9dd8,s,C,QB17,15,4,UVH11s,40,0.0,9000000.0,9.0,472,1024,0.4609375
01a0a597-81f1-7011-9024-b8d544cd9dd8,s,C,QB17,15,5,UVH13s,0,0.0,-9000000.0,-9.0,576,1024,0.5625
01a0a597-81f1-7011-9024-b8d544cd9dd8,s,C,QB17,15,5,UVH13s,1,0.0,-8550000.0,-8.55,559,1024,0.5458984375
01a0a597-81f1-7011-9024-b8d544cd9dd8,s,C,QB17,15,5,UVH13s,2,0.0,-8100000.0,-8.1,542,1024,0.529296875
01a0a597-81f1-7011-9024-b8d544cd9dd8,s,C,QB17,15,5,UVH13s,3,0.0,-7650000.0,-7.65,519,1024,0.5068359375
01a0a597-81f1-7011-9024-b8d544cd9dd8,s,C,QB17,15,5,UVH13s,4,0.0,-7200000.0,-7.2,483,1024,0.4716796875
01a0a597-81f1-7011-9024-b8d544cd9dd8,s,C,QB17,15,5,UVH13s,5,0.0,-6750000.0,-6.75,504,1024,0.4921875
01a0a597-81f1-7011-9024-b8d544cd9dd8,s,C,QB17,15,5,UVH13s,6,0.0,-6300000.0,-6.3,436,1024,0.42578125
01a0a597-81f1-7011-9024-b8d544cd9dd8,s,C,QB17,15,5,UVH13s,7,0.0,-5850000.0,-5.85,494,1024,0.482421875
01a0a597-81f1-7011-9024-b8d544cd9dd8,s,C,QB17,15,5,UVH13s,8,0.0,-5400000.0,-5.4,450,1024,0.439453125
01a0a597-81f1-7011-9024-b8d544cd9dd8,s,C,QB17,15,5,UVH13s,9,0.0,-4950000.0,-4.95,508,1024,0.49609375
01a0a597-81f1-7011-9024-b8d544cd9dd8,s,C,QB17,15,5,UVH13s,10,0.0,-4500000.0,-4.5,474,1024,0.462890625
01a0a597-81f1-7011-9024-b8d544cd9dd8,s,C,QB17,15,5,UVH13s,11,0.0,-4050000.0,-4.05,452,1024,0.44140625
01a0a597-81f1-7011-9024-b8d544cd9dd8,s,C,QB17,15,5,UVH13s,12,0.0,-3600000.0,-3.6,493,1024,0.4814453125
01a0a597-81f1-7011-9024-b8d544cd9dd8,s,C,QB17,15,5,UVH13s,13,0.0,-3150000.0,-3.15,450,1024,0.439453125
01a0a597-81f1-7011-9024-b8d544cd9dd8,s,C,QB17,15,5,UVH13s,14,0.0,-2700000.0,-2.7,440,1024,0.4296875
01a0a597-81f1-7011-9024-b8d544cd9dd8,s,C,QB17,15,5,UVH13s,15,0.0,-2250000.0,-2.25,482,1024,0.470703125
01a0a597-81f1-7011-9024-b8d544cd9dd8,s,C,QB17,15,5,UVH13s,16,0.0,-1800000.0,-1.8,451,1024,0.4404296875
01a0a597-81f1-7011-9024-b8d544cd9dd8,s,C,QB17,15,5,UVH13s,17,0.0,-1350000.0,-1.35,462,1024,0.451171875
01a0a597-81f1-7011-9024-b8d544cd9dd8,s,C,QB17,15,5,UVH13s,18,0.0,-900000.0,-0.9,435,1024,0.4248046875
01a0a597-81f1-7011-9024-b8d544cd9dd8,s,C,QB17,15,5,UVH13s,19,0.0,-450000.0,-0.45,461,1024,0.4501953125
01a0a597-81f1-7011-9024-b8d544cd9dd8,s,C,QB17,15,5,UVH13s,20,0.0,0.0,0.0,449,1024,0.4384765625
01a0a597-81f1-7011-9024-b8d544cd9dd8,s,C,QB17,15,5,UVH13s,21,0.0,450000.0,0.45,455,1024,0.4443359375
01a0a597-81f1-7011-9024-b8d544cd9dd8,s,C,QB17,15,5,UVH13s,22,0.0,900000.0,0.9,449,1024,0.4384765625
01a0a597-81f1-7011-9024-b8d544cd9dd8,s,C,QB17,15,5,UVH13s,23,0.0,1350000.0,1.35,456,1024,0.4453125
01a0a597-81f1-7011-9024-b8d544cd9dd8,s,C,QB17,15,5,UVH13s,24,0.0,1800000.0,1.8,470,1024,0.458984375
01a0a597-81f1-7011-9024-b8d544cd9dd8,s,C,QB17,15,5,UVH13s,25,0.0,2250000.0,2.25,473,1024,0.4619140625
01a0a597-81f1-7011-9024-b8d544cd9dd8,s,C,QB17,15,5,UVH13s,26,0.0,2700000.0,2.7,463,1024,0.4521484375
01a0a597-81f1-7011-9024-b8d544cd9dd8,s,C,QB17,15,5,UVH13s,27,0.0,3150000.0,3.15,490,1024,0.478515625
01a0a597-81f1-7011-9024-b8d544cd9dd8,s,C,QB17,15,5,UVH13s,28,0.0,3600000.0,3.6,483,1024,0.4716796875
01a0a597-81f1-7011-9024-b8d544cd9dd8,s,C,QB17,15,5,UVH13s,29,0.0,4050000.0,4.05,497,1024,0.4853515625
01a0a597-81f1-7011-9024-b8d544cd9dd8,s,C,QB17,15,5,UVH13s,30,0.0,4500000.0,4.5,471,1024,0.4599609375
01a0a597-81f1-7011-9024-b8d544cd9dd8,s,C,QB17,15,5,UVH13s,31,0.0,4950000.0,4.95,488,1024,0.4765625
01a0a597-81f1-7011-9024-b8d544cd9dd8,s,C,QB17,15,5,UVH13s,32,0.0,5400000.0,5.4,462,1024,0.451171875
01a0a597-81f1-7011-9024-b8d544cd9dd8,s,C,QB17,15,5,UVH13s,33,0.0,5850000.0,5.85,494,1024,0.482421875
01a0a597-81f1-7011-9024-b8d544cd9dd8,s,C,QB17,15,5,UVH13s,34,0.0,6300000.0,6.3,458,1024,0.447265625
01a0a597-81f1-7011-9024-b8d544cd9dd8,s,C,QB17,15,5,UVH13s,35,0.0,6750000.0,6.75,445,1024,0.4345703125
01a0a597-81f1-7011-9024-b8d544cd9dd8,s,C,QB17,15,5,UVH13s,36,0.0,7200000.0,7.2,479,1024,0.4677734375
01a0a597-81f1-7011-9024-b8d544cd9dd8,s,C,QB17,15,5,UVH13s,37,0.0,7650000.0,7.65,430,1024,0.419921875
01a0a597-81f1-7011-9024-b8d544cd9dd8,s,C,QB17,15,5,UVH13s,38,0.0,8100000.0,8.1,463,1024,0.4521484375
01a0a597-81f1-7011-9024-b8d544cd9dd8,s,C,QB17,15,5,UVH13s,39,0.0,8550000.0,8.55,437,1024,0.4267578125
01a0a597-81f1-7011-9024-b8d544cd9dd8,s,C,QB17,15,5,UVH13s,40,0.0,9000000.0,9.0,447,1024,0.4365234375
01a0a597-81f1-7011-9024-b8d544cd9dd8,s,C,QB3,16,0,standard_pi_2,0,0.0,-9000000.0,-9.0,538,1024,0.525390625
01a0a597-81f1-7011-9024-b8d544cd9dd8,s,C,QB3,16,0,standard_pi_2,1,0.0,-8550000.0,-8.55,548,1024,0.53515625
01a0a597-81f1-7011-9024-b8d544cd9dd8,s,C,QB3,16,0,standard_pi_2,2,0.0,-8100000.0,-8.1,546,1024,0.533203125
01a0a597-81f1-7011-9024-b8d544cd9dd8,s,C,QB3,16,0,standard_pi_2,3,0.0,-7650000.0,-7.65,536,1024,0.5234375
01a0a597-81f1-7011-9024-b8d544cd9dd8,s,C,QB3,16,0,standard_pi_2,4,0.0,-7200000.0,-7.2,562,1024,0.548828125
01a0a597-81f1-7011-9024-b8d544cd9dd8,s,C,QB3,16,0,standard_pi_2,5,0.0,-6750000.0,-6.75,561,1024,0.5478515625
01a0a597-81f1-7011-9024-b8d544cd9dd8,s,C,QB3,16,0,standard_pi_2,6,0.0,-6300000.0,-6.3,565,1024,0.5517578125
01a0a597-81f1-7011-9024-b8d544cd9dd8,s,C,QB3,16,0,standard_pi_2,7,0.0,-5850000.0,-5.85,555,1024,0.5419921875
01a0a597-81f1-7011-9024-b8d544cd9dd8,s,C,QB3,16,0,standard_pi_2,8,0.0,-5400000.0,-5.4,537,1024,0.5244140625
01a0a597-81f1-7011-9024-b8d544cd9dd8,s,C,QB3,16,0,standard_pi_2,9,0.0,-4950000.0,-4.95,517,1024,0.5048828125
01a0a597-81f1-7011-9024-b8d544cd9dd8,s,C,QB3,16,0,standard_pi_2,10,0.0,-4500000.0,-4.5,553,1024,0.5400390625
01a0a597-81f1-7011-9024-b8d544cd9dd8,s,C,QB3,16,0,standard_pi_2,11,0.0,-4050000.0,-4.05,528,1024,0.515625
01a0a597-81f1-7011-9024-b8d544cd9dd8,s,C,QB3,16,0,standard_pi_2,12,0.0,-3600000.0,-3.6,519,1024,0.5068359375
01a0a597-81f1-7011-9024-b8d544cd9dd8,s,C,QB3,16,0,standard_pi_2,13,0.0,-3150000.0,-3.15,549,1024,0.5361328125
01a0a597-81f1-7011-9024-b8d544cd9dd8,s,C,QB3,16,0,standard_pi_2,14,0.0,-2700000.0,-2.7,529,1024,0.5166015625
01a0a597-81f1-7011-9024-b8d544cd9dd8,s,C,QB3,16,0,standard_pi_2,15,0.0,-2250000.0,-2.25,497,1024,0.4853515625
01a0a597-81f1-7011-9024-b8d544cd9dd8,s,C,QB3,16,0,standard_pi_2,16,0.0,-1800000.0,-1.8,548,1024,0.53515625
01a0a597-81f1-7011-9024-b8d544cd9dd8,s,C,QB3,16,0,standard_pi_2,17,0.0,-1350000.0,-1.35,544,1024,0.53125
01a0a597-81f1-7011-9024-b8d544cd9dd8,s,C,QB3,16,0,standard_pi_2,18,0.0,-900000.0,-0.9,505,1024,0.4931640625
01a0a597-81f1-7011-9024-b8d544cd9dd8,s,C,QB3,16,0,standard_pi_2,19,0.0,-450000.0,-0.45,500,1024,0.48828125
01a0a597-81f1-7011-9024-b8d544cd9dd8,s,C,QB3,16,0,standard_pi_2,20,0.0,0.0,0.0,500,1024,0.48828125
01a0a597-81f1-7011-9024-b8d544cd9dd8,s,C,QB3,16,0,standard_pi_2,21,0.0,450000.0,0.45,488,1024,0.4765625
01a0a597-81f1-7011-9024-b8d544cd9dd8,s,C,QB3,16,0,standard_pi_2,22,0.0,900000.0,0.9,477,1024,0.4658203125
01a0a597-81f1-7011-9024-b8d544cd9dd8,s,C,QB3,16,0,standard_pi_2,23,0.0,1350000.0,1.35,502,1024,0.490234375
01a0a597-81f1-7011-9024-b8d544cd9dd8,s,C,QB3,16,0,standard_pi_2,24,0.0,1800000.0,1.8,489,1024,0.4775390625
01a0a597-81f1-7011-9024-b8d544cd9dd8,s,C,QB3,16,0,standard_pi_2,25,0.0,2250000.0,2.25,477,1024,0.4658203125
01a0a597-81f1-7011-9024-b8d544cd9dd8,s,C,QB3,16,0,standard_pi_2,26,0.0,2700000.0,2.7,487,1024,0.4755859375
01a0a597-81f1-7011-9024-b8d544cd9dd8,s,C,QB3,16,0,standard_pi_2,27,0.0,3150000.0,3.15,456,1024,0.4453125
01a0a597-81f1-7011-9024-b8d544cd9dd8,s,C,QB3,16,0,standard_pi_2,28,0.0,3600000.0,3.6,502,1024,0.490234375
01a0a597-81f1-7011-9024-b8d544cd9dd8,s,C,QB3,16,0,standard_pi_2,29,0.0,4050000.0,4.05,461,1024,0.4501953125
01a0a597-81f1-7011-9024-b8d544cd9dd8,s,C,QB3,16,0,standard_pi_2,30,0.0,4500000.0,4.5,469,1024,0.4580078125
01a0a597-81f1-7011-9024-b8d544cd9dd8,s,C,QB3,16,0,standard_pi_2,31,0.0,4950000.0,4.95,447,1024,0.4365234375
01a0a597-81f1-7011-9024-b8d544cd9dd8,s,C,QB3,16,0,standard_pi_2,32,0.0,5400000.0,5.4,460,1024,0.44921875
01a0a597-81f1-7011-9024-b8d544cd9dd8,s,C,QB3,16,0,standard_pi_2,33,0.0,5850000.0,5.85,481,1024,0.4697265625
01a0a597-81f1-7011-9024-b8d544cd9dd8,s,C,QB3,16,0,standard_pi_2,34,0.0,6300000.0,6.3,468,1024,0.45703125
01a0a597-81f1-7011-9024-b8d544cd9dd8,s,C,QB3,16,0,standard_pi_2,35,0.0,6750000.0,6.75,478,1024,0.466796875
01a0a597-81f1-7011-9024-b8d544cd9dd8,s,C,QB3,16,0,standard_pi_2,36,0.0,7200000.0,7.2,474,1024,0.462890625
01a0a597-81f1-7011-9024-b8d544cd9dd8,s,C,QB3,16,0,standard_pi_2,37,0.0,7650000.0,7.65,464,1024,0.453125
01a0a597-81f1-7011-9024-b8d544cd9dd8,s,C,QB3,16,0,standard_pi_2,38,0.0,8100000.0,8.1,435,1024,0.4248046875
01a0a597-81f1-7011-9024-b8d544cd9dd8,s,C,QB3,16,0,standard_pi_2,39,0.0,8550000.0,8.55,442,1024,0.431640625
01a0a597-81f1-7011-9024-b8d544cd9dd8,s,C,QB3,16,0,standard_pi_2,40,0.0,9000000.0,9.0,486,1024,0.474609375
01a0a597-81f1-7011-9024-b8d544cd9dd8,s,C,QB3,16,1,UVH5s,0,0.0,-9000000.0,-9.0,676,1024,0.66015625
01a0a597-81f1-7011-9024-b8d544cd9dd8,s,C,QB3,16,1,UVH5s,1,0.0,-8550000.0,-8.55,680,1024,0.6640625
01a0a597-81f1-7011-9024-b8d544cd9dd8,s,C,QB3,16,1,UVH5s,2,0.0,-8100000.0,-8.1,673,1024,0.6572265625
01a0a597-81f1-7011-9024-b8d544cd9dd8,s,C,QB3,16,1,UVH5s,3,0.0,-7650000.0,-7.65,653,1024,0.6376953125
01a0a597-81f1-7011-9024-b8d544cd9dd8,s,C,QB3,16,1,UVH5s,4,0.0,-7200000.0,-7.2,625,1024,0.6103515625
01a0a597-81f1-7011-9024-b8d544cd9dd8,s,C,QB3,16,1,UVH5s,5,0.0,-6750000.0,-6.75,651,1024,0.6357421875
01a0a597-81f1-7011-9024-b8d544cd9dd8,s,C,QB3,16,1,UVH5s,6,0.0,-6300000.0,-6.3,646,1024,0.630859375
01a0a597-81f1-7011-9024-b8d544cd9dd8,s,C,QB3,16,1,UVH5s,7,0.0,-5850000.0,-5.85,611,1024,0.5966796875
01a0a597-81f1-7011-9024-b8d544cd9dd8,s,C,QB3,16,1,UVH5s,8,0.0,-5400000.0,-5.4,615,1024,0.6005859375
01a0a597-81f1-7011-9024-b8d544cd9dd8,s,C,QB3,16,1,UVH5s,9,0.0,-4950000.0,-4.95,602,1024,0.587890625
01a0a597-81f1-7011-9024-b8d544cd9dd8,s,C,QB3,16,1,UVH5s,10,0.0,-4500000.0,-4.5,572,1024,0.55859375
01a0a597-81f1-7011-9024-b8d544cd9dd8,s,C,QB3,16,1,UVH5s,11,0.0,-4050000.0,-4.05,571,1024,0.5576171875
01a0a597-81f1-7011-9024-b8d544cd9dd8,s,C,QB3,16,1,UVH5s,12,0.0,-3600000.0,-3.6,573,1024,0.5595703125
01a0a597-81f1-7011-9024-b8d544cd9dd8,s,C,QB3,16,1,UVH5s,13,0.0,-3150000.0,-3.15,574,1024,0.560546875
01a0a597-81f1-7011-9024-b8d544cd9dd8,s,C,QB3,16,1,UVH5s,14,0.0,-2700000.0,-2.7,534,1024,0.521484375
01a0a597-81f1-7011-9024-b8d544cd9dd8,s,C,QB3,16,1,UVH5s,15,0.0,-2250000.0,-2.25,499,1024,0.4873046875
01a0a597-81f1-7011-9024-b8d544cd9dd8,s,C,QB3,16,1,UVH5s,16,0.0,-1800000.0,-1.8,557,1024,0.5439453125
01a0a597-81f1-7011-9024-b8d544cd9dd8,s,C,QB3,16,1,UVH5s,17,0.0,-1350000.0,-1.35,508,1024,0.49609375
01a0a597-81f1-7011-9024-b8d544cd9dd8,s,C,QB3,16,1,UVH5s,18,0.0,-900000.0,-0.9,482,1024,0.470703125
01a0a597-81f1-7011-9024-b8d544cd9dd8,s,C,QB3,16,1,UVH5s,19,0.0,-450000.0,-0.45,493,1024,0.4814453125
01a0a597-81f1-7011-9024-b8d544cd9dd8,s,C,QB3,16,1,UVH5s,20,0.0,0.0,0.0,494,1024,0.482421875
01a0a597-81f1-7011-9024-b8d544cd9dd8,s,C,QB3,16,1,UVH5s,21,0.0,450000.0,0.45,527,1024,0.5146484375
01a0a597-81f1-7011-9024-b8d544cd9dd8,s,C,QB3,16,1,UVH5s,22,0.0,900000.0,0.9,501,1024,0.4892578125
01a0a597-81f1-7011-9024-b8d544cd9dd8,s,C,QB3,16,1,UVH5s,23,0.0,1350000.0,1.35,528,1024,0.515625
01a0a597-81f1-7011-9024-b8d544cd9dd8,s,C,QB3,16,1,UVH5s,24,0.0,1800000.0,1.8,527,1024,0.5146484375
01a0a597-81f1-7011-9024-b8d544cd9dd8,s,C,QB3,16,1,UVH5s,25,0.0,2250000.0,2.25,508,1024,0.49609375
01a0a597-81f1-7011-9024-b8d544cd9dd8,s,C,QB3,16,1,UVH5s,26,0.0,2700000.0,2.7,533,1024,0.5205078125
01a0a597-81f1-7011-9024-b8d544cd9dd8,s,C,QB3,16,1,UVH5s,27,0.0,3150000.0,3.15,548,1024,0.53515625
01a0a597-81f1-7011-9024-b8d544cd9dd8,s,C,QB3,16,1,UVH5s,28,0.0,3600000.0,3.6,564,1024,0.55078125
01a0a597-81f1-7011-9024-b8d544cd9dd8,s,C,QB3,16,1,UVH5s,29,0.0,4050000.0,4.05,605,1024,0.5908203125
01a0a597-81f1-7011-9024-b8d544cd9dd8,s,C,QB3,16,1,UVH5s,30,0.0,4500000.0,4.5,622,1024,0.607421875
01a0a597-81f1-7011-9024-b8d544cd9dd8,s,C,QB3,16,1,UVH5s,31,0.0,4950000.0,4.95,626,1024,0.611328125
01a0a597-81f1-7011-9024-b8d544cd9dd8,s,C,QB3,16,1,UVH5s,32,0.0,5400000.0,5.4,621,1024,0.6064453125
01a0a597-81f1-7011-9024-b8d544cd9dd8,s,C,QB3,16,1,UVH5s,33,0.0,5850000.0,5.85,675,1024,0.6591796875
01a0a597-81f1-7011-9024-b8d544cd9dd8,s,C,QB3,16,1,UVH5s,34,0.0,6300000.0,6.3,693,1024,0.6767578125
01a0a597-81f1-7011-9024-b8d544cd9dd8,s,C,QB3,16,1,UVH5s,35,0.0,6750000.0,6.75,700,1024,0.68359375
01a0a597-81f1-7011-9024-b8d544cd9dd8,s,C,QB3,16,1,UVH5s,36,0.0,7200000.0,7.2,752,1024,0.734375
01a0a597-81f1-7011-9024-b8d544cd9dd8,s,C,QB3,16,1,UVH5s,37,0.0,7650000.0,7.65,780,1024,0.76171875
01a0a597-81f1-7011-9024-b8d544cd9dd8,s,C,QB3,16,1,UVH5s,38,0.0,8100000.0,8.1,801,1024,0.7822265625
01a0a597-81f1-7011-9024-b8d544cd9dd8,s,C,QB3,16,1,UVH5s,39,0.0,8550000.0,8.55,812,1024,0.79296875
01a0a597-81f1-7011-9024-b8d544cd9dd8,s,C,QB3,16,1,UVH5s,40,0.0,9000000.0,9.0,805,1024,0.7861328125
01a0a597-81f1-7011-9024-b8d544cd9dd8,s,C,QB3,16,2,UVH7s,0,0.0,-9000000.0,-9.0,561,1024,0.5478515625
01a0a597-81f1-7011-9024-b8d544cd9dd8,s,C,QB3,16,2,UVH7s,1,0.0,-8550000.0,-8.55,551,1024,0.5380859375
01a0a597-81f1-7011-9024-b8d544cd9dd8,s,C,QB3,16,2,UVH7s,2,0.0,-8100000.0,-8.1,553,1024,0.5400390625
01a0a597-81f1-7011-9024-b8d544cd9dd8,s,C,QB3,16,2,UVH7s,3,0.0,-7650000.0,-7.65,580,1024,0.56640625
01a0a597-81f1-7011-9024-b8d544cd9dd8,s,C,QB3,16,2,UVH7s,4,0.0,-7200000.0,-7.2,587,1024,0.5732421875
01a0a597-81f1-7011-9024-b8d544cd9dd8,s,C,QB3,16,2,UVH7s,5,0.0,-6750000.0,-6.75,550,1024,0.537109375
01a0a597-81f1-7011-9024-b8d544cd9dd8,s,C,QB3,16,2,UVH7s,6,0.0,-6300000.0,-6.3,556,1024,0.54296875
01a0a597-81f1-7011-9024-b8d544cd9dd8,s,C,QB3,16,2,UVH7s,7,0.0,-5850000.0,-5.85,553,1024,0.5400390625
01a0a597-81f1-7011-9024-b8d544cd9dd8,s,C,QB3,16,2,UVH7s,8,0.0,-5400000.0,-5.4,559,1024,0.5458984375
01a0a597-81f1-7011-9024-b8d544cd9dd8,s,C,QB3,16,2,UVH7s,9,0.0,-4950000.0,-4.95,531,1024,0.5185546875
01a0a597-81f1-7011-9024-b8d544cd9dd8,s,C,QB3,16,2,UVH7s,10,0.0,-4500000.0,-4.5,513,1024,0.5009765625
01a0a597-81f1-7011-9024-b8d544cd9dd8,s,C,QB3,16,2,UVH7s,11,0.0,-4050000.0,-4.05,511,1024,0.4990234375
01a0a597-81f1-7011-9024-b8d544cd9dd8,s,C,QB3,16,2,UVH7s,12,0.0,-3600000.0,-3.6,541,1024,0.5283203125
01a0a597-81f1-7011-9024-b8d544cd9dd8,s,C,QB3,16,2,UVH7s,13,0.0,-3150000.0,-3.15,516,1024,0.50390625
01a0a597-81f1-7011-9024-b8d544cd9dd8,s,C,QB3,16,2,UVH7s,14,0.0,-2700000.0,-2.7,545,1024,0.5322265625
01a0a597-81f1-7011-9024-b8d544cd9dd8,s,C,QB3,16,2,UVH7s,15,0.0,-2250000.0,-2.25,528,1024,0.515625
01a0a597-81f1-7011-9024-b8d544cd9dd8,s,C,QB3,16,2,UVH7s,16,0.0,-1800000.0,-1.8,512,1024,0.5
01a0a597-81f1-7011-9024-b8d544cd9dd8,s,C,QB3,16,2,UVH7s,17,0.0,-1350000.0,-1.35,542,1024,0.529296875
01a0a597-81f1-7011-9024-b8d544cd9dd8,s,C,QB3,16,2,UVH7s,18,0.0,-900000.0,-0.9,552,1024,0.5390625
01a0a597-81f1-7011-9024-b8d544cd9dd8,s,C,QB3,16,2,UVH7s,19,0.0,-450000.0,-0.45,530,1024,0.517578125
01a0a597-81f1-7011-9024-b8d544cd9dd8,s,C,QB3,16,2,UVH7s,20,0.0,0.0,0.0,538,1024,0.525390625
01a0a597-81f1-7011-9024-b8d544cd9dd8,s,C,QB3,16,2,UVH7s,21,0.0,450000.0,0.45,504,1024,0.4921875
01a0a597-81f1-7011-9024-b8d544cd9dd8,s,C,QB3,16,2,UVH7s,22,0.0,900000.0,0.9,523,1024,0.5107421875
01a0a597-81f1-7011-9024-b8d544cd9dd8,s,C,QB3,16,2,UVH7s,23,0.0,1350000.0,1.35,558,1024,0.544921875
01a0a597-81f1-7011-9024-b8d544cd9dd8,s,C,QB3,16,2,UVH7s,24,0.0,1800000.0,1.8,530,1024,0.517578125
01a0a597-81f1-7011-9024-b8d544cd9dd8,s,C,QB3,16,2,UVH7s,25,0.0,2250000.0,2.25,513,1024,0.5009765625
01a0a597-81f1-7011-9024-b8d544cd9dd8,s,C,QB3,16,2,UVH7s,26,0.0,2700000.0,2.7,522,1024,0.509765625
01a0a597-81f1-7011-9024-b8d544cd9dd8,s,C,QB3,16,2,UVH7s,27,0.0,3150000.0,3.15,471,1024,0.4599609375
01a0a597-81f1-7011-9024-b8d544cd9dd8,s,C,QB3,16,2,UVH7s,28,0.0,3600000.0,3.6,535,1024,0.5224609375
01a0a597-81f1-7011-9024-b8d544cd9dd8,s,C,QB3,16,2,UVH7s,29,0.0,4050000.0,4.05,524,1024,0.51171875
01a0a597-81f1-7011-9024-b8d544cd9dd8,s,C,QB3,16,2,UVH7s,30,0.0,4500000.0,4.5,509,1024,0.4970703125
01a0a597-81f1-7011-9024-b8d544cd9dd8,s,C,QB3,16,2,UVH7s,31,0.0,4950000.0,4.95,552,1024,0.5390625
01a0a597-81f1-7011-9024-b8d544cd9dd8,s,C,QB3,16,2,UVH7s,32,0.0,5400000.0,5.4,565,1024,0.5517578125
01a0a597-81f1-7011-9024-b8d544cd9dd8,s,C,QB3,16,2,UVH7s,33,0.0,5850000.0,5.85,571,1024,0.5576171875
01a0a597-81f1-7011-9024-b8d544cd9dd8,s,C,QB3,16,2,UVH7s,34,0.0,6300000.0,6.3,601,1024,0.5869140625
01a0a597-81f1-7011-9024-b8d544cd9dd8,s,C,QB3,16,2,UVH7s,35,0.0,6750000.0,6.75,602,1024,0.587890625
01a0a597-81f1-7011-9024-b8d544cd9dd8,s,C,QB3,16,2,UVH7s,36,0.0,7200000.0,7.2,614,1024,0.599609375
01a0a597-81f1-7011-9024-b8d544cd9dd8,s,C,QB3,16,2,UVH7s,37,0.0,7650000.0,7.65,670,1024,0.654296875
01a0a597-81f1-7011-9024-b8d544cd9dd8,s,C,QB3,16,2,UVH7s,38,0.0,8100000.0,8.1,664,1024,0.6484375
01a0a597-81f1-7011-9024-b8d544cd9dd8,s,C,QB3,16,2,UVH7s,39,0.0,8550000.0,8.55,686,1024,0.669921875
01a0a597-81f1-7011-9024-b8d544cd9dd8,s,C,QB3,16,2,UVH7s,40,0.0,9000000.0,9.0,747,1024,0.7294921875
01a0a597-81f1-7011-9024-b8d544cd9dd8,s,C,QB3,16,3,UVH9s,0,0.0,-9000000.0,-9.0,374,1024,0.365234375
01a0a597-81f1-7011-9024-b8d544cd9dd8,s,C,QB3,16,3,UVH9s,1,0.0,-8550000.0,-8.55,391,1024,0.3818359375
01a0a597-81f1-7011-9024-b8d544cd9dd8,s,C,QB3,16,3,UVH9s,2,0.0,-8100000.0,-8.1,403,1024,0.3935546875
01a0a597-81f1-7011-9024-b8d544cd9dd8,s,C,QB3,16,3,UVH9s,3,0.0,-7650000.0,-7.65,450,1024,0.439453125
01a0a597-81f1-7011-9024-b8d544cd9dd8,s,C,QB3,16,3,UVH9s,4,0.0,-7200000.0,-7.2,416,1024,0.40625
01a0a597-81f1-7011-9024-b8d544cd9dd8,s,C,QB3,16,3,UVH9s,5,0.0,-6750000.0,-6.75,447,1024,0.4365234375
01a0a597-81f1-7011-9024-b8d544cd9dd8,s,C,QB3,16,3,UVH9s,6,0.0,-6300000.0,-6.3,490,1024,0.478515625
01a0a597-81f1-7011-9024-b8d544cd9dd8,s,C,QB3,16,3,UVH9s,7,0.0,-5850000.0,-5.85,484,1024,0.47265625
01a0a597-81f1-7011-9024-b8d544cd9dd8,s,C,QB3,16,3,UVH9s,8,0.0,-5400000.0,-5.4,505,1024,0.4931640625
01a0a597-81f1-7011-9024-b8d544cd9dd8,s,C,QB3,16,3,UVH9s,9,0.0,-4950000.0,-4.95,467,1024,0.4560546875
01a0a597-81f1-7011-9024-b8d544cd9dd8,s,C,QB3,16,3,UVH9s,10,0.0,-4500000.0,-4.5,533,1024,0.5205078125
01a0a597-81f1-7011-9024-b8d544cd9dd8,s,C,QB3,16,3,UVH9s,11,0.0,-4050000.0,-4.05,513,1024,0.5009765625
01a0a597-81f1-7011-9024-b8d544cd9dd8,s,C,QB3,16,3,UVH9s,12,0.0,-3600000.0,-3.6,519,1024,0.5068359375
01a0a597-81f1-7011-9024-b8d544cd9dd8,s,C,QB3,16,3,UVH9s,13,0.0,-3150000.0,-3.15,535,1024,0.5224609375
01a0a597-81f1-7011-9024-b8d544cd9dd8,s,C,QB3,16,3,UVH9s,14,0.0,-2700000.0,-2.7,523,1024,0.5107421875
01a0a597-81f1-7011-9024-b8d544cd9dd8,s,C,QB3,16,3,UVH9s,15,0.0,-2250000.0,-2.25,530,1024,0.517578125
01a0a597-81f1-7011-9024-b8d544cd9dd8,s,C,QB3,16,3,UVH9s,16,0.0,-1800000.0,-1.8,508,1024,0.49609375
01a0a597-81f1-7011-9024-b8d544cd9dd8,s,C,QB3,16,3,UVH9s,17,0.0,-1350000.0,-1.35,554,1024,0.541015625
01a0a597-81f1-7011-9024-b8d544cd9dd8,s,C,QB3,16,3,UVH9s,18,0.0,-900000.0,-0.9,502,1024,0.490234375
01a0a597-81f1-7011-9024-b8d544cd9dd8,s,C,QB3,16,3,UVH9s,19,0.0,-450000.0,-0.45,547,1024,0.5341796875
01a0a597-81f1-7011-9024-b8d544cd9dd8,s,C,QB3,16,3,UVH9s,20,0.0,0.0,0.0,533,1024,0.5205078125
01a0a597-81f1-7011-9024-b8d544cd9dd8,s,C,QB3,16,3,UVH9s,21,0.0,450000.0,0.45,518,1024,0.505859375
01a0a597-81f1-7011-9024-b8d544cd9dd8,s,C,QB3,16,3,UVH9s,22,0.0,900000.0,0.9,531,1024,0.5185546875
01a0a597-81f1-7011-9024-b8d544cd9dd8,s,C,QB3,16,3,UVH9s,23,0.0,1350000.0,1.35,506,1024,0.494140625
01a0a597-81f1-7011-9024-b8d544cd9dd8,s,C,QB3,16,3,UVH9s,24,0.0,1800000.0,1.8,533,1024,0.5205078125
01a0a597-81f1-7011-9024-b8d544cd9dd8,s,C,QB3,16,3,UVH9s,25,0.0,2250000.0,2.25,517,1024,0.5048828125
01a0a597-81f1-7011-9024-b8d544cd9dd8,s,C,QB3,16,3,UVH9s,26,0.0,2700000.0,2.7,524,1024,0.51171875
01a0a597-81f1-7011-9024-b8d544cd9dd8,s,C,QB3,16,3,UVH9s,27,0.0,3150000.0,3.15,512,1024,0.5
01a0a597-81f1-7011-9024-b8d544cd9dd8,s,C,QB3,16,3,UVH9s,28,0.0,3600000.0,3.6,530,1024,0.517578125
01a0a597-81f1-7011-9024-b8d544cd9dd8,s,C,QB3,16,3,UVH9s,29,0.0,4050000.0,4.05,516,1024,0.50390625
01a0a597-81f1-7011-9024-b8d544cd9dd8,s,C,QB3,16,3,UVH9s,30,0.0,4500000.0,4.5,533,1024,0.5205078125
01a0a597-81f1-7011-9024-b8d544cd9dd8,s,C,QB3,16,3,UVH9s,31,0.0,4950000.0,4.95,498,1024,0.486328125
01a0a597-81f1-7011-9024-b8d544cd9dd8,s,C,QB3,16,3,UVH9s,32,0.0,5400000.0,5.4,520,1024,0.5078125
01a0a597-81f1-7011-9024-b8d544cd9dd8,s,C,QB3,16,3,UVH9s,33,0.0,5850000.0,5.85,534,1024,0.521484375
01a0a597-81f1-7011-9024-b8d544cd9dd8,s,C,QB3,16,3,UVH9s,34,0.0,6300000.0,6.3,484,1024,0.47265625
01a0a597-81f1-7011-9024-b8d544cd9dd8,s,C,QB3,16,3,UVH9s,35,0.0,6750000.0,6.75,507,1024,0.4951171875
01a0a597-81f1-7011-9024-b8d544cd9dd8,s,C,QB3,16,3,UVH9s,36,0.0,7200000.0,7.2,503,1024,0.4912109375
01a0a597-81f1-7011-9024-b8d544cd9dd8,s,C,QB3,16,3,UVH9s,37,0.0,7650000.0,7.65,429,1024,0.4189453125
01a0a597-81f1-7011-9024-b8d544cd9dd8,s,C,QB3,16,3,UVH9s,38,0.0,8100000.0,8.1,405,1024,0.3955078125
01a0a597-81f1-7011-9024-b8d544cd9dd8,s,C,QB3,16,3,UVH9s,39,0.0,8550000.0,8.55,378,1024,0.369140625
01a0a597-81f1-7011-9024-b8d544cd9dd8,s,C,QB3,16,3,UVH9s,40,0.0,9000000.0,9.0,364,1024,0.35546875
01a0a597-81f1-7011-9024-b8d544cd9dd8,s,C,QB3,16,4,UVH11s,0,0.0,-9000000.0,-9.0,473,1024,0.4619140625
01a0a597-81f1-7011-9024-b8d544cd9dd8,s,C,QB3,16,4,UVH11s,1,0.0,-8550000.0,-8.55,455,1024,0.4443359375
01a0a597-81f1-7011-9024-b8d544cd9dd8,s,C,QB3,16,4,UVH11s,2,0.0,-8100000.0,-8.1,473,1024,0.4619140625
01a0a597-81f1-7011-9024-b8d544cd9dd8,s,C,QB3,16,4,UVH11s,3,0.0,-7650000.0,-7.65,468,1024,0.45703125
01a0a597-81f1-7011-9024-b8d544cd9dd8,s,C,QB3,16,4,UVH11s,4,0.0,-7200000.0,-7.2,470,1024,0.458984375
01a0a597-81f1-7011-9024-b8d544cd9dd8,s,C,QB3,16,4,UVH11s,5,0.0,-6750000.0,-6.75,478,1024,0.466796875
01a0a597-81f1-7011-9024-b8d544cd9dd8,s,C,QB3,16,4,UVH11s,6,0.0,-6300000.0,-6.3,456,1024,0.4453125
01a0a597-81f1-7011-9024-b8d544cd9dd8,s,C,QB3,16,4,UVH11s,7,0.0,-5850000.0,-5.85,502,1024,0.490234375
01a0a597-81f1-7011-9024-b8d544cd9dd8,s,C,QB3,16,4,UVH11s,8,0.0,-5400000.0,-5.4,487,1024,0.4755859375
01a0a597-81f1-7011-9024-b8d544cd9dd8,s,C,QB3,16,4,UVH11s,9,0.0,-4950000.0,-4.95,500,1024,0.48828125
01a0a597-81f1-7011-9024-b8d544cd9dd8,s,C,QB3,16,4,UVH11s,10,0.0,-4500000.0,-4.5,507,1024,0.4951171875
01a0a597-81f1-7011-9024-b8d544cd9dd8,s,C,QB3,16,4,UVH11s,11,0.0,-4050000.0,-4.05,536,1024,0.5234375
01a0a597-81f1-7011-9024-b8d544cd9dd8,s,C,QB3,16,4,UVH11s,12,0.0,-3600000.0,-3.6,518,1024,0.505859375
01a0a597-81f1-7011-9024-b8d544cd9dd8,s,C,QB3,16,4,UVH11s,13,0.0,-3150000.0,-3.15,547,1024,0.5341796875
01a0a597-81f1-7011-9024-b8d544cd9dd8,s,C,QB3,16,4,UVH11s,14,0.0,-2700000.0,-2.7,515,1024,0.5029296875
01a0a597-81f1-7011-9024-b8d544cd9dd8,s,C,QB3,16,4,UVH11s,15,0.0,-2250000.0,-2.25,512,1024,0.5
01a0a597-81f1-7011-9024-b8d544cd9dd8,s,C,QB3,16,4,UVH11s,16,0.0,-1800000.0,-1.8,506,1024,0.494140625
01a0a597-81f1-7011-9024-b8d544cd9dd8,s,C,QB3,16,4,UVH11s,17,0.0,-1350000.0,-1.35,524,1024,0.51171875
01a0a597-81f1-7011-9024-b8d544cd9dd8,s,C,QB3,16,4,UVH11s,18,0.0,-900000.0,-0.9,527,1024,0.5146484375
01a0a597-81f1-7011-9024-b8d544cd9dd8,s,C,QB3,16,4,UVH11s,19,0.0,-450000.0,-0.45,487,1024,0.4755859375
01a0a597-81f1-7011-9024-b8d544cd9dd8,s,C,QB3,16,4,UVH11s,20,0.0,0.0,0.0,506,1024,0.494140625
01a0a597-81f1-7011-9024-b8d544cd9dd8,s,C,QB3,16,4,UVH11s,21,0.0,450000.0,0.45,513,1024,0.5009765625
01a0a597-81f1-7011-9024-b8d544cd9dd8,s,C,QB3,16,4,UVH11s,22,0.0,900000.0,0.9,487,1024,0.4755859375
01a0a597-81f1-7011-9024-b8d544cd9dd8,s,C,QB3,16,4,UVH11s,23,0.0,1350000.0,1.35,509,1024,0.4970703125
01a0a597-81f1-7011-9024-b8d544cd9dd8,s,C,QB3,16,4,UVH11s,24,0.0,1800000.0,1.8,508,1024,0.49609375
01a0a597-81f1-7011-9024-b8d544cd9dd8,s,C,QB3,16,4,UVH11s,25,0.0,2250000.0,2.25,492,1024,0.48046875
01a0a597-81f1-7011-9024-b8d544cd9dd8,s,C,QB3,16,4,UVH11s,26,0.0,2700000.0,2.7,515,1024,0.5029296875
01a0a597-81f1-7011-9024-b8d544cd9dd8,s,C,QB3,16,4,UVH11s,27,0.0,3150000.0,3.15,474,1024,0.462890625
01a0a597-81f1-7011-9024-b8d544cd9dd8,s,C,QB3,16,4,UVH11s,28,0.0,3600000.0,3.6,454,1024,0.443359375
01a0a597-81f1-7011-9024-b8d544cd9dd8,s,C,QB3,16,4,UVH11s,29,0.0,4050000.0,4.05,468,1024,0.45703125
01a0a597-81f1-7011-9024-b8d544cd9dd8,s,C,QB3,16,4,UVH11s,30,0.0,4500000.0,4.5,500,1024,0.48828125
01a0a597-81f1-7011-9024-b8d544cd9dd8,s,C,QB3,16,4,UVH11s,31,0.0,4950000.0,4.95,486,1024,0.474609375
01a0a597-81f1-7011-9024-b8d544cd9dd8,s,C,QB3,16,4,UVH11s,32,0.0,5400000.0,5.4,460,1024,0.44921875
01a0a597-81f1-7011-9024-b8d544cd9dd8,s,C,QB3,16,4,UVH11s,33,0.0,5850000.0,5.85,467,1024,0.4560546875
01a0a597-81f1-7011-9024-b8d544cd9dd8,s,C,QB3,16,4,UVH11s,34,0.0,6300000.0,6.3,456,1024,0.4453125
01a0a597-81f1-7011-9024-b8d544cd9dd8,s,C,QB3,16,4,UVH11s,35,0.0,6750000.0,6.75,443,1024,0.4326171875
01a0a597-81f1-7011-9024-b8d544cd9dd8,s,C,QB3,16,4,UVH11s,36,0.0,7200000.0,7.2,439,1024,0.4287109375
01a0a597-81f1-7011-9024-b8d544cd9dd8,s,C,QB3,16,4,UVH11s,37,0.0,7650000.0,7.65,457,1024,0.4462890625
01a0a597-81f1-7011-9024-b8d544cd9dd8,s,C,QB3,16,4,UVH11s,38,0.0,8100000.0,8.1,444,1024,0.43359375
01a0a597-81f1-7011-9024-b8d544cd9dd8,s,C,QB3,16,4,UVH11s,39,0.0,8550000.0,8.55,433,1024,0.4228515625
01a0a597-81f1-7011-9024-b8d544cd9dd8,s,C,QB3,16,4,UVH11s,40,0.0,9000000.0,9.0,435,1024,0.4248046875
01a0a597-81f1-7011-9024-b8d544cd9dd8,s,C,QB3,16,5,UVH13s,0,0.0,-9000000.0,-9.0,554,1024,0.541015625
01a0a597-81f1-7011-9024-b8d544cd9dd8,s,C,QB3,16,5,UVH13s,1,0.0,-8550000.0,-8.55,558,1024,0.544921875
01a0a597-81f1-7011-9024-b8d544cd9dd8,s,C,QB3,16,5,UVH13s,2,0.0,-8100000.0,-8.1,539,1024,0.5263671875
01a0a597-81f1-7011-9024-b8d544cd9dd8,s,C,QB3,16,5,UVH13s,3,0.0,-7650000.0,-7.65,532,1024,0.51953125
01a0a597-81f1-7011-9024-b8d544cd9dd8,s,C,QB3,16,5,UVH13s,4,0.0,-7200000.0,-7.2,563,1024,0.5498046875
01a0a597-81f1-7011-9024-b8d544cd9dd8,s,C,QB3,16,5,UVH13s,5,0.0,-6750000.0,-6.75,500,1024,0.48828125
01a0a597-81f1-7011-9024-b8d544cd9dd8,s,C,QB3,16,5,UVH13s,6,0.0,-6300000.0,-6.3,542,1024,0.529296875
01a0a597-81f1-7011-9024-b8d544cd9dd8,s,C,QB3,16,5,UVH13s,7,0.0,-5850000.0,-5.85,537,1024,0.5244140625
01a0a597-81f1-7011-9024-b8d544cd9dd8,s,C,QB3,16,5,UVH13s,8,0.0,-5400000.0,-5.4,535,1024,0.5224609375
01a0a597-81f1-7011-9024-b8d544cd9dd8,s,C,QB3,16,5,UVH13s,9,0.0,-4950000.0,-4.95,521,1024,0.5087890625
01a0a597-81f1-7011-9024-b8d544cd9dd8,s,C,QB3,16,5,UVH13s,10,0.0,-4500000.0,-4.5,498,1024,0.486328125
01a0a597-81f1-7011-9024-b8d544cd9dd8,s,C,QB3,16,5,UVH13s,11,0.0,-4050000.0,-4.05,498,1024,0.486328125
01a0a597-81f1-7011-9024-b8d544cd9dd8,s,C,QB3,16,5,UVH13s,12,0.0,-3600000.0,-3.6,526,1024,0.513671875
01a0a597-81f1-7011-9024-b8d544cd9dd8,s,C,QB3,16,5,UVH13s,13,0.0,-3150000.0,-3.15,513,1024,0.5009765625
01a0a597-81f1-7011-9024-b8d544cd9dd8,s,C,QB3,16,5,UVH13s,14,0.0,-2700000.0,-2.7,515,1024,0.5029296875
01a0a597-81f1-7011-9024-b8d544cd9dd8,s,C,QB3,16,5,UVH13s,15,0.0,-2250000.0,-2.25,511,1024,0.4990234375
01a0a597-81f1-7011-9024-b8d544cd9dd8,s,C,QB3,16,5,UVH13s,16,0.0,-1800000.0,-1.8,517,1024,0.5048828125
01a0a597-81f1-7011-9024-b8d544cd9dd8,s,C,QB3,16,5,UVH13s,17,0.0,-1350000.0,-1.35,522,1024,0.509765625
01a0a597-81f1-7011-9024-b8d544cd9dd8,s,C,QB3,16,5,UVH13s,18,0.0,-900000.0,-0.9,489,1024,0.4775390625
01a0a597-81f1-7011-9024-b8d544cd9dd8,s,C,QB3,16,5,UVH13s,19,0.0,-450000.0,-0.45,551,1024,0.5380859375
01a0a597-81f1-7011-9024-b8d544cd9dd8,s,C,QB3,16,5,UVH13s,20,0.0,0.0,0.0,523,1024,0.5107421875
01a0a597-81f1-7011-9024-b8d544cd9dd8,s,C,QB3,16,5,UVH13s,21,0.0,450000.0,0.45,504,1024,0.4921875
01a0a597-81f1-7011-9024-b8d544cd9dd8,s,C,QB3,16,5,UVH13s,22,0.0,900000.0,0.9,523,1024,0.5107421875
01a0a597-81f1-7011-9024-b8d544cd9dd8,s,C,QB3,16,5,UVH13s,23,0.0,1350000.0,1.35,519,1024,0.5068359375
01a0a597-81f1-7011-9024-b8d544cd9dd8,s,C,QB3,16,5,UVH13s,24,0.0,1800000.0,1.8,512,1024,0.5
01a0a597-81f1-7011-9024-b8d544cd9dd8,s,C,QB3,16,5,UVH13s,25,0.0,2250000.0,2.25,568,1024,0.5546875
01a0a597-81f1-7011-9024-b8d544cd9dd8,s,C,QB3,16,5,UVH13s,26,0.0,2700000.0,2.7,540,1024,0.52734375
01a0a597-81f1-7011-9024-b8d544cd9dd8,s,C,QB3,16,5,UVH13s,27,0.0,3150000.0,3.15,521,1024,0.5087890625
01a0a597-81f1-7011-9024-b8d544cd9dd8,s,C,QB3,16,5,UVH13s,28,0.0,3600000.0,3.6,496,1024,0.484375
01a0a597-81f1-7011-9024-b8d544cd9dd8,s,C,QB3,16,5,UVH13s,29,0.0,4050000.0,4.05,508,1024,0.49609375
01a0a597-81f1-7011-9024-b8d544cd9dd8,s,C,QB3,16,5,UVH13s,30,0.0,4500000.0,4.5,538,1024,0.525390625
01a0a597-81f1-7011-9024-b8d544cd9dd8,s,C,QB3,16,5,UVH13s,31,0.0,4950000.0,4.95,523,1024,0.5107421875
01a0a597-81f1-7011-9024-b8d544cd9dd8,s,C,QB3,16,5,UVH13s,32,0.0,5400000.0,5.4,514,1024,0.501953125
01a0a597-81f1-7011-9024-b8d544cd9dd8,s,C,QB3,16,5,UVH13s,33,0.0,5850000.0,5.85,520,1024,0.5078125
01a0a597-81f1-7011-9024-b8d544cd9dd8,s,C,QB3,16,5,UVH13s,34,0.0,6300000.0,6.3,497,1024,0.4853515625
01a0a597-81f1-7011-9024-b8d544cd9dd8,s,C,QB3,16,5,UVH13s,35,0.0,6750000.0,6.75,509,1024,0.4970703125
01a0a597-81f1-7011-9024-b8d544cd9dd8,s,C,QB3,16,5,UVH13s,36,0.0,7200000.0,7.2,537,1024,0.5244140625
01a0a597-81f1-7011-9024-b8d544cd9dd8,s,C,QB3,16,5,UVH13s,37,0.0,7650000.0,7.65,493,1024,0.4814453125
01a0a597-81f1-7011-9024-b8d544cd9dd8,s,C,QB3,16,5,UVH13s,38,0.0,8100000.0,8.1,487,1024,0.4755859375
01a0a597-81f1-7011-9024-b8d544cd9dd8,s,C,QB3,16,5,UVH13s,39,0.0,8550000.0,8.55,485,1024,0.4736328125
01a0a597-81f1-7011-9024-b8d544cd9dd8,s,C,QB3,16,5,UVH13s,40,0.0,9000000.0,9.0,491,1024,0.4794921875
01a0a597-81f1-7011-9024-b8d544cd9dd8,s,C,QB8,17,0,standard_pi_2,0,0.0,-9000000.0,-9.0,520,1024,0.5078125
01a0a597-81f1-7011-9024-b8d544cd9dd8,s,C,QB8,17,0,standard_pi_2,1,0.0,-8550000.0,-8.55,559,1024,0.5458984375
01a0a597-81f1-7011-9024-b8d544cd9dd8,s,C,QB8,17,0,standard_pi_2,2,0.0,-8100000.0,-8.1,521,1024,0.5087890625
01a0a597-81f1-7011-9024-b8d544cd9dd8,s,C,QB8,17,0,standard_pi_2,3,0.0,-7650000.0,-7.65,533,1024,0.5205078125
01a0a597-81f1-7011-9024-b8d544cd9dd8,s,C,QB8,17,0,standard_pi_2,4,0.0,-7200000.0,-7.2,508,1024,0.49609375
01a0a597-81f1-7011-9024-b8d544cd9dd8,s,C,QB8,17,0,standard_pi_2,5,0.0,-6750000.0,-6.75,523,1024,0.5107421875
01a0a597-81f1-7011-9024-b8d544cd9dd8,s,C,QB8,17,0,standard_pi_2,6,0.0,-6300000.0,-6.3,542,1024,0.529296875
01a0a597-81f1-7011-9024-b8d544cd9dd8,s,C,QB8,17,0,standard_pi_2,7,0.0,-5850000.0,-5.85,521,1024,0.5087890625
01a0a597-81f1-7011-9024-b8d544cd9dd8,s,C,QB8,17,0,standard_pi_2,8,0.0,-5400000.0,-5.4,549,1024,0.5361328125
01a0a597-81f1-7011-9024-b8d544cd9dd8,s,C,QB8,17,0,standard_pi_2,9,0.0,-4950000.0,-4.95,518,1024,0.505859375
01a0a597-81f1-7011-9024-b8d544cd9dd8,s,C,QB8,17,0,standard_pi_2,10,0.0,-4500000.0,-4.5,536,1024,0.5234375
01a0a597-81f1-7011-9024-b8d544cd9dd8,s,C,QB8,17,0,standard_pi_2,11,0.0,-4050000.0,-4.05,535,1024,0.5224609375
01a0a597-81f1-7011-9024-b8d544cd9dd8,s,C,QB8,17,0,standard_pi_2,12,0.0,-3600000.0,-3.6,535,1024,0.5224609375
01a0a597-81f1-7011-9024-b8d544cd9dd8,s,C,QB8,17,0,standard_pi_2,13,0.0,-3150000.0,-3.15,498,1024,0.486328125
01a0a597-81f1-7011-9024-b8d544cd9dd8,s,C,QB8,17,0,standard_pi_2,14,0.0,-2700000.0,-2.7,489,1024,0.4775390625
01a0a597-81f1-7011-9024-b8d544cd9dd8,s,C,QB8,17,0,standard_pi_2,15,0.0,-2250000.0,-2.25,504,1024,0.4921875
01a0a597-81f1-7011-9024-b8d544cd9dd8,s,C,QB8,17,0,standard_pi_2,16,0.0,-1800000.0,-1.8,521,1024,0.5087890625
01a0a597-81f1-7011-9024-b8d544cd9dd8,s,C,QB8,17,0,standard_pi_2,17,0.0,-1350000.0,-1.35,527,1024,0.5146484375
01a0a597-81f1-7011-9024-b8d544cd9dd8,s,C,QB8,17,0,standard_pi_2,18,0.0,-900000.0,-0.9,505,1024,0.4931640625
01a0a597-81f1-7011-9024-b8d544cd9dd8,s,C,QB8,17,0,standard_pi_2,19,0.0,-450000.0,-0.45,506,1024,0.494140625
01a0a597-81f1-7011-9024-b8d544cd9dd8,s,C,QB8,17,0,standard_pi_2,20,0.0,0.0,0.0,488,1024,0.4765625
01a0a597-81f1-7011-9024-b8d544cd9dd8,s,C,QB8,17,0,standard_pi_2,21,0.0,450000.0,0.45,476,1024,0.46484375
01a0a597-81f1-7011-9024-b8d544cd9dd8,s,C,QB8,17,0,standard_pi_2,22,0.0,900000.0,0.9,511,1024,0.4990234375
01a0a597-81f1-7011-9024-b8d544cd9dd8,s,C,QB8,17,0,standard_pi_2,23,0.0,1350000.0,1.35,458,1024,0.447265625
01a0a597-81f1-7011-9024-b8d544cd9dd8,s,C,QB8,17,0,standard_pi_2,24,0.0,1800000.0,1.8,476,1024,0.46484375
01a0a597-81f1-7011-9024-b8d544cd9dd8,s,C,QB8,17,0,standard_pi_2,25,0.0,2250000.0,2.25,478,1024,0.466796875
01a0a597-81f1-7011-9024-b8d544cd9dd8,s,C,QB8,17,0,standard_pi_2,26,0.0,2700000.0,2.7,473,1024,0.4619140625
01a0a597-81f1-7011-9024-b8d544cd9dd8,s,C,QB8,17,0,standard_pi_2,27,0.0,3150000.0,3.15,486,1024,0.474609375
01a0a597-81f1-7011-9024-b8d544cd9dd8,s,C,QB8,17,0,standard_pi_2,28,0.0,3600000.0,3.6,484,1024,0.47265625
01a0a597-81f1-7011-9024-b8d544cd9dd8,s,C,QB8,17,0,standard_pi_2,29,0.0,4050000.0,4.05,484,1024,0.47265625
01a0a597-81f1-7011-9024-b8d544cd9dd8,s,C,QB8,17,0,standard_pi_2,30,0.0,4500000.0,4.5,466,1024,0.455078125
01a0a597-81f1-7011-9024-b8d544cd9dd8,s,C,QB8,17,0,standard_pi_2,31,0.0,4950000.0,4.95,470,1024,0.458984375
01a0a597-81f1-7011-9024-b8d544cd9dd8,s,C,QB8,17,0,standard_pi_2,32,0.0,5400000.0,5.4,468,1024,0.45703125
01a0a597-81f1-7011-9024-b8d544cd9dd8,s,C,QB8,17,0,standard_pi_2,33,0.0,5850000.0,5.85,475,1024,0.4638671875
01a0a597-81f1-7011-9024-b8d544cd9dd8,s,C,QB8,17,0,standard_pi_2,34,0.0,6300000.0,6.3,459,1024,0.4482421875
01a0a597-81f1-7011-9024-b8d544cd9dd8,s,C,QB8,17,0,standard_pi_2,35,0.0,6750000.0,6.75,444,1024,0.43359375
01a0a597-81f1-7011-9024-b8d544cd9dd8,s,C,QB8,17,0,standard_pi_2,36,0.0,7200000.0,7.2,435,1024,0.4248046875
01a0a597-81f1-7011-9024-b8d544cd9dd8,s,C,QB8,17,0,standard_pi_2,37,0.0,7650000.0,7.65,410,1024,0.400390625
01a0a597-81f1-7011-9024-b8d544cd9dd8,s,C,QB8,17,0,standard_pi_2,38,0.0,8100000.0,8.1,426,1024,0.416015625
01a0a597-81f1-7011-9024-b8d544cd9dd8,s,C,QB8,17,0,standard_pi_2,39,0.0,8550000.0,8.55,446,1024,0.435546875
01a0a597-81f1-7011-9024-b8d544cd9dd8,s,C,QB8,17,0,standard_pi_2,40,0.0,9000000.0,9.0,437,1024,0.4267578125
01a0a597-81f1-7011-9024-b8d544cd9dd8,s,C,QB8,17,1,UVH5s,0,0.0,-9000000.0,-9.0,720,1024,0.703125
01a0a597-81f1-7011-9024-b8d544cd9dd8,s,C,QB8,17,1,UVH5s,1,0.0,-8550000.0,-8.55,704,1024,0.6875
01a0a597-81f1-7011-9024-b8d544cd9dd8,s,C,QB8,17,1,UVH5s,2,0.0,-8100000.0,-8.1,716,1024,0.69921875
01a0a597-81f1-7011-9024-b8d544cd9dd8,s,C,QB8,17,1,UVH5s,3,0.0,-7650000.0,-7.65,696,1024,0.6796875
01a0a597-81f1-7011-9024-b8d544cd9dd8,s,C,QB8,17,1,UVH5s,4,0.0,-7200000.0,-7.2,698,1024,0.681640625
01a0a597-81f1-7011-9024-b8d544cd9dd8,s,C,QB8,17,1,UVH5s,5,0.0,-6750000.0,-6.75,673,1024,0.6572265625
01a0a597-81f1-7011-9024-b8d544cd9dd8,s,C,QB8,17,1,UVH5s,6,0.0,-6300000.0,-6.3,653,1024,0.6376953125
01a0a597-81f1-7011-9024-b8d544cd9dd8,s,C,QB8,17,1,UVH5s,7,0.0,-5850000.0,-5.85,667,1024,0.6513671875
01a0a597-81f1-7011-9024-b8d544cd9dd8,s,C,QB8,17,1,UVH5s,8,0.0,-5400000.0,-5.4,629,1024,0.6142578125
01a0a597-81f1-7011-9024-b8d544cd9dd8,s,C,QB8,17,1,UVH5s,9,0.0,-4950000.0,-4.95,642,1024,0.626953125
01a0a597-81f1-7011-9024-b8d544cd9dd8,s,C,QB8,17,1,UVH5s,10,0.0,-4500000.0,-4.5,614,1024,0.599609375
01a0a597-81f1-7011-9024-b8d544cd9dd8,s,C,QB8,17,1,UVH5s,11,0.0,-4050000.0,-4.05,573,1024,0.5595703125
01a0a597-81f1-7011-9024-b8d544cd9dd8,s,C,QB8,17,1,UVH5s,12,0.0,-3600000.0,-3.6,600,1024,0.5859375
01a0a597-81f1-7011-9024-b8d544cd9dd8,s,C,QB8,17,1,UVH5s,13,0.0,-3150000.0,-3.15,592,1024,0.578125
01a0a597-81f1-7011-9024-b8d544cd9dd8,s,C,QB8,17,1,UVH5s,14,0.0,-2700000.0,-2.7,562,1024,0.548828125
01a0a597-81f1-7011-9024-b8d544cd9dd8,s,C,QB8,17,1,UVH5s,15,0.0,-2250000.0,-2.25,570,1024,0.556640625
01a0a597-81f1-7011-9024-b8d544cd9dd8,s,C,QB8,17,1,UVH5s,16,0.0,-1800000.0,-1.8,535,1024,0.5224609375
01a0a597-81f1-7011-9024-b8d544cd9dd8,s,C,QB8,17,1,UVH5s,17,0.0,-1350000.0,-1.35,531,1024,0.5185546875
01a0a597-81f1-7011-9024-b8d544cd9dd8,s,C,QB8,17,1,UVH5s,18,0.0,-900000.0,-0.9,553,1024,0.5400390625
01a0a597-81f1-7011-9024-b8d544cd9dd8,s,C,QB8,17,1,UVH5s,19,0.0,-450000.0,-0.45,541,1024,0.5283203125
01a0a597-81f1-7011-9024-b8d544cd9dd8,s,C,QB8,17,1,UVH5s,20,0.0,0.0,0.0,551,1024,0.5380859375
01a0a597-81f1-7011-9024-b8d544cd9dd8,s,C,QB8,17,1,UVH5s,21,0.0,450000.0,0.45,533,1024,0.5205078125
01a0a597-81f1-7011-9024-b8d544cd9dd8,s,C,QB8,17,1,UVH5s,22,0.0,900000.0,0.9,531,1024,0.5185546875
01a0a597-81f1-7011-9024-b8d544cd9dd8,s,C,QB8,17,1,UVH5s,23,0.0,1350000.0,1.35,568,1024,0.5546875
01a0a597-81f1-7011-9024-b8d544cd9dd8,s,C,QB8,17,1,UVH5s,24,0.0,1800000.0,1.8,546,1024,0.533203125
01a0a597-81f1-7011-9024-b8d544cd9dd8,s,C,QB8,17,1,UVH5s,25,0.0,2250000.0,2.25,527,1024,0.5146484375
01a0a597-81f1-7011-9024-b8d544cd9dd8,s,C,QB8,17,1,UVH5s,26,0.0,2700000.0,2.7,585,1024,0.5712890625
01a0a597-81f1-7011-9024-b8d544cd9dd8,s,C,QB8,17,1,UVH5s,27,0.0,3150000.0,3.15,585,1024,0.5712890625
01a0a597-81f1-7011-9024-b8d544cd9dd8,s,C,QB8,17,1,UVH5s,28,0.0,3600000.0,3.6,524,1024,0.51171875
01a0a597-81f1-7011-9024-b8d544cd9dd8,s,C,QB8,17,1,UVH5s,29,0.0,4050000.0,4.05,596,1024,0.58203125
01a0a597-81f1-7011-9024-b8d544cd9dd8,s,C,QB8,17,1,UVH5s,30,0.0,4500000.0,4.5,599,1024,0.5849609375
01a0a597-81f1-7011-9024-b8d544cd9dd8,s,C,QB8,17,1,UVH5s,31,0.0,4950000.0,4.95,642,1024,0.626953125
01a0a597-81f1-7011-9024-b8d544cd9dd8,s,C,QB8,17,1,UVH5s,32,0.0,5400000.0,5.4,674,1024,0.658203125
01a0a597-81f1-7011-9024-b8d544cd9dd8,s,C,QB8,17,1,UVH5s,33,0.0,5850000.0,5.85,655,1024,0.6396484375
01a0a597-81f1-7011-9024-b8d544cd9dd8,s,C,QB8,17,1,UVH5s,34,0.0,6300000.0,6.3,692,1024,0.67578125
01a0a597-81f1-7011-9024-b8d544cd9dd8,s,C,QB8,17,1,UVH5s,35,0.0,6750000.0,6.75,725,1024,0.7080078125
01a0a597-81f1-7011-9024-b8d544cd9dd8,s,C,QB8,17,1,UVH5s,36,0.0,7200000.0,7.2,741,1024,0.7236328125
01a0a597-81f1-7011-9024-b8d544cd9dd8,s,C,QB8,17,1,UVH5s,37,0.0,7650000.0,7.65,758,1024,0.740234375
01a0a597-81f1-7011-9024-b8d544cd9dd8,s,C,QB8,17,1,UVH5s,38,0.0,8100000.0,8.1,791,1024,0.7724609375
01a0a597-81f1-7011-9024-b8d544cd9dd8,s,C,QB8,17,1,UVH5s,39,0.0,8550000.0,8.55,779,1024,0.7607421875
01a0a597-81f1-7011-9024-b8d544cd9dd8,s,C,QB8,17,1,UVH5s,40,0.0,9000000.0,9.0,836,1024,0.81640625
01a0a597-81f1-7011-9024-b8d544cd9dd8,s,C,QB8,17,2,UVH7s,0,0.0,-9000000.0,-9.0,641,1024,0.6259765625
01a0a597-81f1-7011-9024-b8d544cd9dd8,s,C,QB8,17,2,UVH7s,1,0.0,-8550000.0,-8.55,644,1024,0.62890625
01a0a597-81f1-7011-9024-b8d544cd9dd8,s,C,QB8,17,2,UVH7s,2,0.0,-8100000.0,-8.1,610,1024,0.595703125
01a0a597-81f1-7011-9024-b8d544cd9dd8,s,C,QB8,17,2,UVH7s,3,0.0,-7650000.0,-7.65,598,1024,0.583984375
01a0a597-81f1-7011-9024-b8d544cd9dd8,s,C,QB8,17,2,UVH7s,4,0.0,-7200000.0,-7.2,619,1024,0.6044921875
01a0a597-81f1-7011-9024-b8d544cd9dd8,s,C,QB8,17,2,UVH7s,5,0.0,-6750000.0,-6.75,594,1024,0.580078125
01a0a597-81f1-7011-9024-b8d544cd9dd8,s,C,QB8,17,2,UVH7s,6,0.0,-6300000.0,-6.3,604,1024,0.58984375
01a0a597-81f1-7011-9024-b8d544cd9dd8,s,C,QB8,17,2,UVH7s,7,0.0,-5850000.0,-5.85,571,1024,0.5576171875
01a0a597-81f1-7011-9024-b8d544cd9dd8,s,C,QB8,17,2,UVH7s,8,0.0,-5400000.0,-5.4,540,1024,0.52734375
01a0a597-81f1-7011-9024-b8d544cd9dd8,s,C,QB8,17,2,UVH7s,9,0.0,-4950000.0,-4.95,547,1024,0.5341796875
01a0a597-81f1-7011-9024-b8d544cd9dd8,s,C,QB8,17,2,UVH7s,10,0.0,-4500000.0,-4.5,526,1024,0.513671875
01a0a597-81f1-7011-9024-b8d544cd9dd8,s,C,QB8,17,2,UVH7s,11,0.0,-4050000.0,-4.05,544,1024,0.53125
01a0a597-81f1-7011-9024-b8d544cd9dd8,s,C,QB8,17,2,UVH7s,12,0.0,-3600000.0,-3.6,528,1024,0.515625
01a0a597-81f1-7011-9024-b8d544cd9dd8,s,C,QB8,17,2,UVH7s,13,0.0,-3150000.0,-3.15,529,1024,0.5166015625
01a0a597-81f1-7011-9024-b8d544cd9dd8,s,C,QB8,17,2,UVH7s,14,0.0,-2700000.0,-2.7,529,1024,0.5166015625
01a0a597-81f1-7011-9024-b8d544cd9dd8,s,C,QB8,17,2,UVH7s,15,0.0,-2250000.0,-2.25,538,1024,0.525390625
01a0a597-81f1-7011-9024-b8d544cd9dd8,s,C,QB8,17,2,UVH7s,16,0.0,-1800000.0,-1.8,544,1024,0.53125
01a0a597-81f1-7011-9024-b8d544cd9dd8,s,C,QB8,17,2,UVH7s,17,0.0,-1350000.0,-1.35,512,1024,0.5
01a0a597-81f1-7011-9024-b8d544cd9dd8,s,C,QB8,17,2,UVH7s,18,0.0,-900000.0,-0.9,515,1024,0.5029296875
01a0a597-81f1-7011-9024-b8d544cd9dd8,s,C,QB8,17,2,UVH7s,19,0.0,-450000.0,-0.45,529,1024,0.5166015625
01a0a597-81f1-7011-9024-b8d544cd9dd8,s,C,QB8,17,2,UVH7s,20,0.0,0.0,0.0,552,1024,0.5390625
01a0a597-81f1-7011-9024-b8d544cd9dd8,s,C,QB8,17,2,UVH7s,21,0.0,450000.0,0.45,546,1024,0.533203125
01a0a597-81f1-7011-9024-b8d544cd9dd8,s,C,QB8,17,2,UVH7s,22,0.0,900000.0,0.9,546,1024,0.533203125
01a0a597-81f1-7011-9024-b8d544cd9dd8,s,C,QB8,17,2,UVH7s,23,0.0,1350000.0,1.35,530,1024,0.517578125
01a0a597-81f1-7011-9024-b8d544cd9dd8,s,C,QB8,17,2,UVH7s,24,0.0,1800000.0,1.8,507,1024,0.4951171875
01a0a597-81f1-7011-9024-b8d544cd9dd8,s,C,QB8,17,2,UVH7s,25,0.0,2250000.0,2.25,522,1024,0.509765625
01a0a597-81f1-7011-9024-b8d544cd9dd8,s,C,QB8,17,2,UVH7s,26,0.0,2700000.0,2.7,530,1024,0.517578125
01a0a597-81f1-7011-9024-b8d544cd9dd8,s,C,QB8,17,2,UVH7s,27,0.0,3150000.0,3.15,520,1024,0.5078125
01a0a597-81f1-7011-9024-b8d544cd9dd8,s,C,QB8,17,2,UVH7s,28,0.0,3600000.0,3.6,516,1024,0.50390625
01a0a597-81f1-7011-9024-b8d544cd9dd8,s,C,QB8,17,2,UVH7s,29,0.0,4050000.0,4.05,512,1024,0.5
01a0a597-81f1-7011-9024-b8d544cd9dd8,s,C,QB8,17,2,UVH7s,30,0.0,4500000.0,4.5,539,1024,0.5263671875
01a0a597-81f1-7011-9024-b8d544cd9dd8,s,C,QB8,17,2,UVH7s,31,0.0,4950000.0,4.95,521,1024,0.5087890625
01a0a597-81f1-7011-9024-b8d544cd9dd8,s,C,QB8,17,2,UVH7s,32,0.0,5400000.0,5.4,512,1024,0.5
01a0a597-81f1-7011-9024-b8d544cd9dd8,s,C,QB8,17,2,UVH7s,33,0.0,5850000.0,5.85,529,1024,0.5166015625
01a0a597-81f1-7011-9024-b8d544cd9dd8,s,C,QB8,17,2,UVH7s,34,0.0,6300000.0,6.3,565,1024,0.5517578125
01a0a597-81f1-7011-9024-b8d544cd9dd8,s,C,QB8,17,2,UVH7s,35,0.0,6750000.0,6.75,583,1024,0.5693359375
01a0a597-81f1-7011-9024-b8d544cd9dd8,s,C,QB8,17,2,UVH7s,36,0.0,7200000.0,7.2,592,1024,0.578125
01a0a597-81f1-7011-9024-b8d544cd9dd8,s,C,QB8,17,2,UVH7s,37,0.0,7650000.0,7.65,628,1024,0.61328125
01a0a597-81f1-7011-9024-b8d544cd9dd8,s,C,QB8,17,2,UVH7s,38,0.0,8100000.0,8.1,629,1024,0.6142578125
01a0a597-81f1-7011-9024-b8d544cd9dd8,s,C,QB8,17,2,UVH7s,39,0.0,8550000.0,8.55,641,1024,0.6259765625
01a0a597-81f1-7011-9024-b8d544cd9dd8,s,C,QB8,17,2,UVH7s,40,0.0,9000000.0,9.0,712,1024,0.6953125
01a0a597-81f1-7011-9024-b8d544cd9dd8,s,C,QB8,17,3,UVH9s,0,0.0,-9000000.0,-9.0,404,1024,0.39453125
01a0a597-81f1-7011-9024-b8d544cd9dd8,s,C,QB8,17,3,UVH9s,1,0.0,-8550000.0,-8.55,388,1024,0.37890625
01a0a597-81f1-7011-9024-b8d544cd9dd8,s,C,QB8,17,3,UVH9s,2,0.0,-8100000.0,-8.1,421,1024,0.4111328125
01a0a597-81f1-7011-9024-b8d544cd9dd8,s,C,QB8,17,3,UVH9s,3,0.0,-7650000.0,-7.65,426,1024,0.416015625
01a0a597-81f1-7011-9024-b8d544cd9dd8,s,C,QB8,17,3,UVH9s,4,0.0,-7200000.0,-7.2,431,1024,0.4208984375
01a0a597-81f1-7011-9024-b8d544cd9dd8,s,C,QB8,17,3,UVH9s,5,0.0,-6750000.0,-6.75,455,1024,0.4443359375
01a0a597-81f1-7011-9024-b8d544cd9dd8,s,C,QB8,17,3,UVH9s,6,0.0,-6300000.0,-6.3,463,1024,0.4521484375
01a0a597-81f1-7011-9024-b8d544cd9dd8,s,C,QB8,17,3,UVH9s,7,0.0,-5850000.0,-5.85,464,1024,0.453125
01a0a597-81f1-7011-9024-b8d544cd9dd8,s,C,QB8,17,3,UVH9s,8,0.0,-5400000.0,-5.4,475,1024,0.4638671875
01a0a597-81f1-7011-9024-b8d544cd9dd8,s,C,QB8,17,3,UVH9s,9,0.0,-4950000.0,-4.95,496,1024,0.484375
01a0a597-81f1-7011-9024-b8d544cd9dd8,s,C,QB8,17,3,UVH9s,10,0.0,-4500000.0,-4.5,477,1024,0.4658203125
01a0a597-81f1-7011-9024-b8d544cd9dd8,s,C,QB8,17,3,UVH9s,11,0.0,-4050000.0,-4.05,487,1024,0.4755859375
01a0a597-81f1-7011-9024-b8d544cd9dd8,s,C,QB8,17,3,UVH9s,12,0.0,-3600000.0,-3.6,510,1024,0.498046875
01a0a597-81f1-7011-9024-b8d544cd9dd8,s,C,QB8,17,3,UVH9s,13,0.0,-3150000.0,-3.15,511,1024,0.4990234375
01a0a597-81f1-7011-9024-b8d544cd9dd8,s,C,QB8,17,3,UVH9s,14,0.0,-2700000.0,-2.7,512,1024,0.5
01a0a597-81f1-7011-9024-b8d544cd9dd8,s,C,QB8,17,3,UVH9s,15,0.0,-2250000.0,-2.25,515,1024,0.5029296875
01a0a597-81f1-7011-9024-b8d544cd9dd8,s,C,QB8,17,3,UVH9s,16,0.0,-1800000.0,-1.8,494,1024,0.482421875
01a0a597-81f1-7011-9024-b8d544cd9dd8,s,C,QB8,17,3,UVH9s,17,0.0,-1350000.0,-1.35,532,1024,0.51953125
01a0a597-81f1-7011-9024-b8d544cd9dd8,s,C,QB8,17,3,UVH9s,18,0.0,-900000.0,-0.9,501,1024,0.4892578125
01a0a597-81f1-7011-9024-b8d544cd9dd8,s,C,QB8,17,3,UVH9s,19,0.0,-450000.0,-0.45,492,1024,0.48046875
01a0a597-81f1-7011-9024-b8d544cd9dd8,s,C,QB8,17,3,UVH9s,20,0.0,0.0,0.0,522,1024,0.509765625
01a0a597-81f1-7011-9024-b8d544cd9dd8,s,C,QB8,17,3,UVH9s,21,0.0,450000.0,0.45,517,1024,0.5048828125
01a0a597-81f1-7011-9024-b8d544cd9dd8,s,C,QB8,17,3,UVH9s,22,0.0,900000.0,0.9,562,1024,0.548828125
01a0a597-81f1-7011-9024-b8d544cd9dd8,s,C,QB8,17,3,UVH9s,23,0.0,1350000.0,1.35,527,1024,0.5146484375
01a0a597-81f1-7011-9024-b8d544cd9dd8,s,C,QB8,17,3,UVH9s,24,0.0,1800000.0,1.8,525,1024,0.5126953125
01a0a597-81f1-7011-9024-b8d544cd9dd8,s,C,QB8,17,3,UVH9s,25,0.0,2250000.0,2.25,503,1024,0.4912109375
01a0a597-81f1-7011-9024-b8d544cd9dd8,s,C,QB8,17,3,UVH9s,26,0.0,2700000.0,2.7,572,1024,0.55859375
01a0a597-81f1-7011-9024-b8d544cd9dd8,s,C,QB8,17,3,UVH9s,27,0.0,3150000.0,3.15,511,1024,0.4990234375
01a0a597-81f1-7011-9024-b8d544cd9dd8,s,C,QB8,17,3,UVH9s,28,0.0,3600000.0,3.6,543,1024,0.5302734375
01a0a597-81f1-7011-9024-b8d544cd9dd8,s,C,QB8,17,3,UVH9s,29,0.0,4050000.0,4.05,516,1024,0.50390625
01a0a597-81f1-7011-9024-b8d544cd9dd8,s,C,QB8,17,3,UVH9s,30,0.0,4500000.0,4.5,553,1024,0.5400390625
01a0a597-81f1-7011-9024-b8d544cd9dd8,s,C,QB8,17,3,UVH9s,31,0.0,4950000.0,4.95,516,1024,0.50390625
01a0a597-81f1-7011-9024-b8d544cd9dd8,s,C,QB8,17,3,UVH9s,32,0.0,5400000.0,5.4,506,1024,0.494140625
01a0a597-81f1-7011-9024-b8d544cd9dd8,s,C,QB8,17,3,UVH9s,33,0.0,5850000.0,5.85,492,1024,0.48046875
01a0a597-81f1-7011-9024-b8d544cd9dd8,s,C,QB8,17,3,UVH9s,34,0.0,6300000.0,6.3,498,1024,0.486328125
01a0a597-81f1-7011-9024-b8d544cd9dd8,s,C,QB8,17,3,UVH9s,35,0.0,6750000.0,6.75,473,1024,0.4619140625
01a0a597-81f1-7011-9024-b8d544cd9dd8,s,C,QB8,17,3,UVH9s,36,0.0,7200000.0,7.2,460,1024,0.44921875
01a0a597-81f1-7011-9024-b8d544cd9dd8,s,C,QB8,17,3,UVH9s,37,0.0,7650000.0,7.65,437,1024,0.4267578125
01a0a597-81f1-7011-9024-b8d544cd9dd8,s,C,QB8,17,3,UVH9s,38,0.0,8100000.0,8.1,403,1024,0.3935546875
01a0a597-81f1-7011-9024-b8d544cd9dd8,s,C,QB8,17,3,UVH9s,39,0.0,8550000.0,8.55,397,1024,0.3876953125
01a0a597-81f1-7011-9024-b8d544cd9dd8,s,C,QB8,17,3,UVH9s,40,0.0,9000000.0,9.0,344,1024,0.3359375
01a0a597-81f1-7011-9024-b8d544cd9dd8,s,C,QB8,17,4,UVH11s,0,0.0,-9000000.0,-9.0,531,1024,0.5185546875
01a0a597-81f1-7011-9024-b8d544cd9dd8,s,C,QB8,17,4,UVH11s,1,0.0,-8550000.0,-8.55,530,1024,0.517578125
01a0a597-81f1-7011-9024-b8d544cd9dd8,s,C,QB8,17,4,UVH11s,2,0.0,-8100000.0,-8.1,504,1024,0.4921875
01a0a597-81f1-7011-9024-b8d544cd9dd8,s,C,QB8,17,4,UVH11s,3,0.0,-7650000.0,-7.65,531,1024,0.5185546875
01a0a597-81f1-7011-9024-b8d544cd9dd8,s,C,QB8,17,4,UVH11s,4,0.0,-7200000.0,-7.2,522,1024,0.509765625
01a0a597-81f1-7011-9024-b8d544cd9dd8,s,C,QB8,17,4,UVH11s,5,0.0,-6750000.0,-6.75,509,1024,0.4970703125
01a0a597-81f1-7011-9024-b8d544cd9dd8,s,C,QB8,17,4,UVH11s,6,0.0,-6300000.0,-6.3,513,1024,0.5009765625
01a0a597-81f1-7011-9024-b8d544cd9dd8,s,C,QB8,17,4,UVH11s,7,0.0,-5850000.0,-5.85,478,1024,0.466796875
01a0a597-81f1-7011-9024-b8d544cd9dd8,s,C,QB8,17,4,UVH11s,8,0.0,-5400000.0,-5.4,496,1024,0.484375
01a0a597-81f1-7011-9024-b8d544cd9dd8,s,C,QB8,17,4,UVH11s,9,0.0,-4950000.0,-4.95,496,1024,0.484375
01a0a597-81f1-7011-9024-b8d544cd9dd8,s,C,QB8,17,4,UVH11s,10,0.0,-4500000.0,-4.5,487,1024,0.4755859375
01a0a597-81f1-7011-9024-b8d544cd9dd8,s,C,QB8,17,4,UVH11s,11,0.0,-4050000.0,-4.05,501,1024,0.4892578125
01a0a597-81f1-7011-9024-b8d544cd9dd8,s,C,QB8,17,4,UVH11s,12,0.0,-3600000.0,-3.6,488,1024,0.4765625
01a0a597-81f1-7011-9024-b8d544cd9dd8,s,C,QB8,17,4,UVH11s,13,0.0,-3150000.0,-3.15,482,1024,0.470703125
01a0a597-81f1-7011-9024-b8d544cd9dd8,s,C,QB8,17,4,UVH11s,14,0.0,-2700000.0,-2.7,496,1024,0.484375
01a0a597-81f1-7011-9024-b8d544cd9dd8,s,C,QB8,17,4,UVH11s,15,0.0,-2250000.0,-2.25,493,1024,0.4814453125
01a0a597-81f1-7011-9024-b8d544cd9dd8,s,C,QB8,17,4,UVH11s,16,0.0,-1800000.0,-1.8,530,1024,0.517578125
01a0a597-81f1-7011-9024-b8d544cd9dd8,s,C,QB8,17,4,UVH11s,17,0.0,-1350000.0,-1.35,484,1024,0.47265625
01a0a597-81f1-7011-9024-b8d544cd9dd8,s,C,QB8,17,4,UVH11s,18,0.0,-900000.0,-0.9,495,1024,0.4833984375
01a0a597-81f1-7011-9024-b8d544cd9dd8,s,C,QB8,17,4,UVH11s,19,0.0,-450000.0,-0.45,489,1024,0.4775390625
01a0a597-81f1-7011-9024-b8d544cd9dd8,s,C,QB8,17,4,UVH11s,20,0.0,0.0,0.0,484,1024,0.47265625
01a0a597-81f1-7011-9024-b8d544cd9dd8,s,C,QB8,17,4,UVH11s,21,0.0,450000.0,0.45,507,1024,0.4951171875
01a0a597-81f1-7011-9024-b8d544cd9dd8,s,C,QB8,17,4,UVH11s,22,0.0,900000.0,0.9,504,1024,0.4921875
01a0a597-81f1-7011-9024-b8d544cd9dd8,s,C,QB8,17,4,UVH11s,23,0.0,1350000.0,1.35,484,1024,0.47265625
01a0a597-81f1-7011-9024-b8d544cd9dd8,s,C,QB8,17,4,UVH11s,24,0.0,1800000.0,1.8,498,1024,0.486328125
01a0a597-81f1-7011-9024-b8d544cd9dd8,s,C,QB8,17,4,UVH11s,25,0.0,2250000.0,2.25,491,1024,0.4794921875
01a0a597-81f1-7011-9024-b8d544cd9dd8,s,C,QB8,17,4,UVH11s,26,0.0,2700000.0,2.7,480,1024,0.46875
01a0a597-81f1-7011-9024-b8d544cd9dd8,s,C,QB8,17,4,UVH11s,27,0.0,3150000.0,3.15,504,1024,0.4921875
01a0a597-81f1-7011-9024-b8d544cd9dd8,s,C,QB8,17,4,UVH11s,28,0.0,3600000.0,3.6,477,1024,0.4658203125
01a0a597-81f1-7011-9024-b8d544cd9dd8,s,C,QB8,17,4,UVH11s,29,0.0,4050000.0,4.05,510,1024,0.498046875
01a0a597-81f1-7011-9024-b8d544cd9dd8,s,C,QB8,17,4,UVH11s,30,0.0,4500000.0,4.5,455,1024,0.4443359375
01a0a597-81f1-7011-9024-b8d544cd9dd8,s,C,QB8,17,4,UVH11s,31,0.0,4950000.0,4.95,500,1024,0.48828125
01a0a597-81f1-7011-9024-b8d544cd9dd8,s,C,QB8,17,4,UVH11s,32,0.0,5400000.0,5.4,498,1024,0.486328125
01a0a597-81f1-7011-9024-b8d544cd9dd8,s,C,QB8,17,4,UVH11s,33,0.0,5850000.0,5.85,459,1024,0.4482421875
01a0a597-81f1-7011-9024-b8d544cd9dd8,s,C,QB8,17,4,UVH11s,34,0.0,6300000.0,6.3,485,1024,0.4736328125
01a0a597-81f1-7011-9024-b8d544cd9dd8,s,C,QB8,17,4,UVH11s,35,0.0,6750000.0,6.75,461,1024,0.4501953125
01a0a597-81f1-7011-9024-b8d544cd9dd8,s,C,QB8,17,4,UVH11s,36,0.0,7200000.0,7.2,463,1024,0.4521484375
01a0a597-81f1-7011-9024-b8d544cd9dd8,s,C,QB8,17,4,UVH11s,37,0.0,7650000.0,7.65,456,1024,0.4453125
01a0a597-81f1-7011-9024-b8d544cd9dd8,s,C,QB8,17,4,UVH11s,38,0.0,8100000.0,8.1,468,1024,0.45703125
01a0a597-81f1-7011-9024-b8d544cd9dd8,s,C,QB8,17,4,UVH11s,39,0.0,8550000.0,8.55,431,1024,0.4208984375
01a0a597-81f1-7011-9024-b8d544cd9dd8,s,C,QB8,17,4,UVH11s,40,0.0,9000000.0,9.0,432,1024,0.421875
01a0a597-81f1-7011-9024-b8d544cd9dd8,s,C,QB8,17,5,UVH13s,0,0.0,-9000000.0,-9.0,552,1024,0.5390625
01a0a597-81f1-7011-9024-b8d544cd9dd8,s,C,QB8,17,5,UVH13s,1,0.0,-8550000.0,-8.55,563,1024,0.5498046875
01a0a597-81f1-7011-9024-b8d544cd9dd8,s,C,QB8,17,5,UVH13s,2,0.0,-8100000.0,-8.1,544,1024,0.53125
01a0a597-81f1-7011-9024-b8d544cd9dd8,s,C,QB8,17,5,UVH13s,3,0.0,-7650000.0,-7.65,553,1024,0.5400390625
01a0a597-81f1-7011-9024-b8d544cd9dd8,s,C,QB8,17,5,UVH13s,4,0.0,-7200000.0,-7.2,534,1024,0.521484375
01a0a597-81f1-7011-9024-b8d544cd9dd8,s,C,QB8,17,5,UVH13s,5,0.0,-6750000.0,-6.75,547,1024,0.5341796875
01a0a597-81f1-7011-9024-b8d544cd9dd8,s,C,QB8,17,5,UVH13s,6,0.0,-6300000.0,-6.3,524,1024,0.51171875
01a0a597-81f1-7011-9024-b8d544cd9dd8,s,C,QB8,17,5,UVH13s,7,0.0,-5850000.0,-5.85,511,1024,0.4990234375
01a0a597-81f1-7011-9024-b8d544cd9dd8,s,C,QB8,17,5,UVH13s,8,0.0,-5400000.0,-5.4,533,1024,0.5205078125
01a0a597-81f1-7011-9024-b8d544cd9dd8,s,C,QB8,17,5,UVH13s,9,0.0,-4950000.0,-4.95,531,1024,0.5185546875
01a0a597-81f1-7011-9024-b8d544cd9dd8,s,C,QB8,17,5,UVH13s,10,0.0,-4500000.0,-4.5,543,1024,0.5302734375
01a0a597-81f1-7011-9024-b8d544cd9dd8,s,C,QB8,17,5,UVH13s,11,0.0,-4050000.0,-4.05,551,1024,0.5380859375
01a0a597-81f1-7011-9024-b8d544cd9dd8,s,C,QB8,17,5,UVH13s,12,0.0,-3600000.0,-3.6,521,1024,0.5087890625
01a0a597-81f1-7011-9024-b8d544cd9dd8,s,C,QB8,17,5,UVH13s,13,0.0,-3150000.0,-3.15,528,1024,0.515625
01a0a597-81f1-7011-9024-b8d544cd9dd8,s,C,QB8,17,5,UVH13s,14,0.0,-2700000.0,-2.7,500,1024,0.48828125
01a0a597-81f1-7011-9024-b8d544cd9dd8,s,C,QB8,17,5,UVH13s,15,0.0,-2250000.0,-2.25,530,1024,0.517578125
01a0a597-81f1-7011-9024-b8d544cd9dd8,s,C,QB8,17,5,UVH13s,16,0.0,-1800000.0,-1.8,519,1024,0.5068359375
01a0a597-81f1-7011-9024-b8d544cd9dd8,s,C,QB8,17,5,UVH13s,17,0.0,-1350000.0,-1.35,514,1024,0.501953125
01a0a597-81f1-7011-9024-b8d544cd9dd8,s,C,QB8,17,5,UVH13s,18,0.0,-900000.0,-0.9,549,1024,0.5361328125
01a0a597-81f1-7011-9024-b8d544cd9dd8,s,C,QB8,17,5,UVH13s,19,0.0,-450000.0,-0.45,525,1024,0.5126953125
01a0a597-81f1-7011-9024-b8d544cd9dd8,s,C,QB8,17,5,UVH13s,20,0.0,0.0,0.0,522,1024,0.509765625
01a0a597-81f1-7011-9024-b8d544cd9dd8,s,C,QB8,17,5,UVH13s,21,0.0,450000.0,0.45,543,1024,0.5302734375
01a0a597-81f1-7011-9024-b8d544cd9dd8,s,C,QB8,17,5,UVH13s,22,0.0,900000.0,0.9,585,1024,0.5712890625
01a0a597-81f1-7011-9024-b8d544cd9dd8,s,C,QB8,17,5,UVH13s,23,0.0,1350000.0,1.35,527,1024,0.5146484375
01a0a597-81f1-7011-9024-b8d544cd9dd8,s,C,QB8,17,5,UVH13s,24,0.0,1800000.0,1.8,543,1024,0.5302734375
01a0a597-81f1-7011-9024-b8d544cd9dd8,s,C,QB8,17,5,UVH13s,25,0.0,2250000.0,2.25,533,1024,0.5205078125
01a0a597-81f1-7011-9024-b8d544cd9dd8,s,C,QB8,17,5,UVH13s,26,0.0,2700000.0,2.7,506,1024,0.494140625
01a0a597-81f1-7011-9024-b8d544cd9dd8,s,C,QB8,17,5,UVH13s,27,0.0,3150000.0,3.15,538,1024,0.525390625
01a0a597-81f1-7011-9024-b8d544cd9dd8,s,C,QB8,17,5,UVH13s,28,0.0,3600000.0,3.6,530,1024,0.517578125
01a0a597-81f1-7011-9024-b8d544cd9dd8,s,C,QB8,17,5,UVH13s,29,0.0,4050000.0,4.05,553,1024,0.5400390625
01a0a597-81f1-7011-9024-b8d544cd9dd8,s,C,QB8,17,5,UVH13s,30,0.0,4500000.0,4.5,530,1024,0.517578125
01a0a597-81f1-7011-9024-b8d544cd9dd8,s,C,QB8,17,5,UVH13s,31,0.0,4950000.0,4.95,529,1024,0.5166015625
01a0a597-81f1-7011-9024-b8d544cd9dd8,s,C,QB8,17,5,UVH13s,32,0.0,5400000.0,5.4,520,1024,0.5078125
01a0a597-81f1-7011-9024-b8d544cd9dd8,s,C,QB8,17,5,UVH13s,33,0.0,5850000.0,5.85,530,1024,0.517578125
01a0a597-81f1-7011-9024-b8d544cd9dd8,s,C,QB8,17,5,UVH13s,34,0.0,6300000.0,6.3,526,1024,0.513671875
01a0a597-81f1-7011-9024-b8d544cd9dd8,s,C,QB8,17,5,UVH13s,35,0.0,6750000.0,6.75,519,1024,0.5068359375
01a0a597-81f1-7011-9024-b8d544cd9dd8,s,C,QB8,17,5,UVH13s,36,0.0,7200000.0,7.2,534,1024,0.521484375
01a0a597-81f1-7011-9024-b8d544cd9dd8,s,C,QB8,17,5,UVH13s,37,0.0,7650000.0,7.65,532,1024,0.51953125
01a0a597-81f1-7011-9024-b8d544cd9dd8,s,C,QB8,17,5,UVH13s,38,0.0,8100000.0,8.1,515,1024,0.5029296875
01a0a597-81f1-7011-9024-b8d544cd9dd8,s,C,QB8,17,5,UVH13s,39,0.0,8550000.0,8.55,491,1024,0.4794921875
01a0a597-81f1-7011-9024-b8d544cd9dd8,s,C,QB8,17,5,UVH13s,40,0.0,9000000.0,9.0,521,1024,0.5087890625
01a0a597-81f1-7011-9024-b8d544cd9dd8,s,C,QB7,18,0,standard_pi_2,0,0.0,-9000000.0,-9.0,578,1024,0.564453125
01a0a597-81f1-7011-9024-b8d544cd9dd8,s,C,QB7,18,0,standard_pi_2,1,0.0,-8550000.0,-8.55,606,1024,0.591796875
01a0a597-81f1-7011-9024-b8d544cd9dd8,s,C,QB7,18,0,standard_pi_2,2,0.0,-8100000.0,-8.1,575,1024,0.5615234375
01a0a597-81f1-7011-9024-b8d544cd9dd8,s,C,QB7,18,0,standard_pi_2,3,0.0,-7650000.0,-7.65,576,1024,0.5625
01a0a597-81f1-7011-9024-b8d544cd9dd8,s,C,QB7,18,0,standard_pi_2,4,0.0,-7200000.0,-7.2,582,1024,0.568359375
01a0a597-81f1-7011-9024-b8d544cd9dd8,s,C,QB7,18,0,standard_pi_2,5,0.0,-6750000.0,-6.75,564,1024,0.55078125
01a0a597-81f1-7011-9024-b8d544cd9dd8,s,C,QB7,18,0,standard_pi_2,6,0.0,-6300000.0,-6.3,557,1024,0.5439453125
01a0a597-81f1-7011-9024-b8d544cd9dd8,s,C,QB7,18,0,standard_pi_2,7,0.0,-5850000.0,-5.85,595,1024,0.5810546875
01a0a597-81f1-7011-9024-b8d544cd9dd8,s,C,QB7,18,0,standard_pi_2,8,0.0,-5400000.0,-5.4,591,1024,0.5771484375
01a0a597-81f1-7011-9024-b8d544cd9dd8,s,C,QB7,18,0,standard_pi_2,9,0.0,-4950000.0,-4.95,558,1024,0.544921875
01a0a597-81f1-7011-9024-b8d544cd9dd8,s,C,QB7,18,0,standard_pi_2,10,0.0,-4500000.0,-4.5,561,1024,0.5478515625
01a0a597-81f1-7011-9024-b8d544cd9dd8,s,C,QB7,18,0,standard_pi_2,11,0.0,-4050000.0,-4.05,548,1024,0.53515625
01a0a597-81f1-7011-9024-b8d544cd9dd8,s,C,QB7,18,0,standard_pi_2,12,0.0,-3600000.0,-3.6,590,1024,0.576171875
01a0a597-81f1-7011-9024-b8d544cd9dd8,s,C,QB7,18,0,standard_pi_2,13,0.0,-3150000.0,-3.15,546,1024,0.533203125
01a0a597-81f1-7011-9024-b8d544cd9dd8,s,C,QB7,18,0,standard_pi_2,14,0.0,-2700000.0,-2.7,565,1024,0.5517578125
01a0a597-81f1-7011-9024-b8d544cd9dd8,s,C,QB7,18,0,standard_pi_2,15,0.0,-2250000.0,-2.25,529,1024,0.5166015625
01a0a597-81f1-7011-9024-b8d544cd9dd8,s,C,QB7,18,0,standard_pi_2,16,0.0,-1800000.0,-1.8,558,1024,0.544921875
01a0a597-81f1-7011-9024-b8d544cd9dd8,s,C,QB7,18,0,standard_pi_2,17,0.0,-1350000.0,-1.35,545,1024,0.5322265625
01a0a597-81f1-7011-9024-b8d544cd9dd8,s,C,QB7,18,0,standard_pi_2,18,0.0,-900000.0,-0.9,538,1024,0.525390625
01a0a597-81f1-7011-9024-b8d544cd9dd8,s,C,QB7,18,0,standard_pi_2,19,0.0,-450000.0,-0.45,528,1024,0.515625
01a0a597-81f1-7011-9024-b8d544cd9dd8,s,C,QB7,18,0,standard_pi_2,20,0.0,0.0,0.0,540,1024,0.52734375
01a0a597-81f1-7011-9024-b8d544cd9dd8,s,C,QB7,18,0,standard_pi_2,21,0.0,450000.0,0.45,518,1024,0.505859375
01a0a597-81f1-7011-9024-b8d544cd9dd8,s,C,QB7,18,0,standard_pi_2,22,0.0,900000.0,0.9,534,1024,0.521484375
01a0a597-81f1-7011-9024-b8d544cd9dd8,s,C,QB7,18,0,standard_pi_2,23,0.0,1350000.0,1.35,516,1024,0.50390625
01a0a597-81f1-7011-9024-b8d544cd9dd8,s,C,QB7,18,0,standard_pi_2,24,0.0,1800000.0,1.8,523,1024,0.5107421875
01a0a597-81f1-7011-9024-b8d544cd9dd8,s,C,QB7,18,0,standard_pi_2,25,0.0,2250000.0,2.25,507,1024,0.4951171875
01a0a597-81f1-7011-9024-b8d544cd9dd8,s,C,QB7,18,0,standard_pi_2,26,0.0,2700000.0,2.7,528,1024,0.515625
01a0a597-81f1-7011-9024-b8d544cd9dd8,s,C,QB7,18,0,standard_pi_2,27,0.0,3150000.0,3.15,543,1024,0.5302734375
01a0a597-81f1-7011-9024-b8d544cd9dd8,s,C,QB7,18,0,standard_pi_2,28,0.0,3600000.0,3.6,533,1024,0.5205078125
01a0a597-81f1-7011-9024-b8d544cd9dd8,s,C,QB7,18,0,standard_pi_2,29,0.0,4050000.0,4.05,486,1024,0.474609375
01a0a597-81f1-7011-9024-b8d544cd9dd8,s,C,QB7,18,0,standard_pi_2,30,0.0,4500000.0,4.5,520,1024,0.5078125
01a0a597-81f1-7011-9024-b8d544cd9dd8,s,C,QB7,18,0,standard_pi_2,31,0.0,4950000.0,4.95,502,1024,0.490234375
01a0a597-81f1-7011-9024-b8d544cd9dd8,s,C,QB7,18,0,standard_pi_2,32,0.0,5400000.0,5.4,514,1024,0.501953125
01a0a597-81f1-7011-9024-b8d544cd9dd8,s,C,QB7,18,0,standard_pi_2,33,0.0,5850000.0,5.85,511,1024,0.4990234375
01a0a597-81f1-7011-9024-b8d544cd9dd8,s,C,QB7,18,0,standard_pi_2,34,0.0,6300000.0,6.3,507,1024,0.4951171875
01a0a597-81f1-7011-9024-b8d544cd9dd8,s,C,QB7,18,0,standard_pi_2,35,0.0,6750000.0,6.75,447,1024,0.4365234375
01a0a597-81f1-7011-9024-b8d544cd9dd8,s,C,QB7,18,0,standard_pi_2,36,0.0,7200000.0,7.2,489,1024,0.4775390625
01a0a597-81f1-7011-9024-b8d544cd9dd8,s,C,QB7,18,0,standard_pi_2,37,0.0,7650000.0,7.65,463,1024,0.4521484375
01a0a597-81f1-7011-9024-b8d544cd9dd8,s,C,QB7,18,0,standard_pi_2,38,0.0,8100000.0,8.1,478,1024,0.466796875
01a0a597-81f1-7011-9024-b8d544cd9dd8,s,C,QB7,18,0,standard_pi_2,39,0.0,8550000.0,8.55,450,1024,0.439453125
01a0a597-81f1-7011-9024-b8d544cd9dd8,s,C,QB7,18,0,standard_pi_2,40,0.0,9000000.0,9.0,442,1024,0.431640625
01a0a597-81f1-7011-9024-b8d544cd9dd8,s,C,QB7,18,1,UVH5s,0,0.0,-9000000.0,-9.0,623,1024,0.6083984375
01a0a597-81f1-7011-9024-b8d544cd9dd8,s,C,QB7,18,1,UVH5s,1,0.0,-8550000.0,-8.55,595,1024,0.5810546875
01a0a597-81f1-7011-9024-b8d544cd9dd8,s,C,QB7,18,1,UVH5s,2,0.0,-8100000.0,-8.1,618,1024,0.603515625
01a0a597-81f1-7011-9024-b8d544cd9dd8,s,C,QB7,18,1,UVH5s,3,0.0,-7650000.0,-7.65,614,1024,0.599609375
01a0a597-81f1-7011-9024-b8d544cd9dd8,s,C,QB7,18,1,UVH5s,4,0.0,-7200000.0,-7.2,623,1024,0.6083984375
01a0a597-81f1-7011-9024-b8d544cd9dd8,s,C,QB7,18,1,UVH5s,5,0.0,-6750000.0,-6.75,579,1024,0.5654296875
01a0a597-81f1-7011-9024-b8d544cd9dd8,s,C,QB7,18,1,UVH5s,6,0.0,-6300000.0,-6.3,556,1024,0.54296875
01a0a597-81f1-7011-9024-b8d544cd9dd8,s,C,QB7,18,1,UVH5s,7,0.0,-5850000.0,-5.85,535,1024,0.5224609375
01a0a597-81f1-7011-9024-b8d544cd9dd8,s,C,QB7,18,1,UVH5s,8,0.0,-5400000.0,-5.4,548,1024,0.53515625
01a0a597-81f1-7011-9024-b8d544cd9dd8,s,C,QB7,18,1,UVH5s,9,0.0,-4950000.0,-4.95,513,1024,0.5009765625
01a0a597-81f1-7011-9024-b8d544cd9dd8,s,C,QB7,18,1,UVH5s,10,0.0,-4500000.0,-4.5,511,1024,0.4990234375
01a0a597-81f1-7011-9024-b8d544cd9dd8,s,C,QB7,18,1,UVH5s,11,0.0,-4050000.0,-4.05,479,1024,0.4677734375
01a0a597-81f1-7011-9024-b8d544cd9dd8,s,C,QB7,18,1,UVH5s,12,0.0,-3600000.0,-3.6,476,1024,0.46484375
01a0a597-81f1-7011-9024-b8d544cd9dd8,s,C,QB7,18,1,UVH5s,13,0.0,-3150000.0,-3.15,485,1024,0.4736328125
01a0a597-81f1-7011-9024-b8d544cd9dd8,s,C,QB7,18,1,UVH5s,14,0.0,-2700000.0,-2.7,456,1024,0.4453125
01a0a597-81f1-7011-9024-b8d544cd9dd8,s,C,QB7,18,1,UVH5s,15,0.0,-2250000.0,-2.25,430,1024,0.419921875
01a0a597-81f1-7011-9024-b8d544cd9dd8,s,C,QB7,18,1,UVH5s,16,0.0,-1800000.0,-1.8,463,1024,0.4521484375
01a0a597-81f1-7011-9024-b8d544cd9dd8,s,C,QB7,18,1,UVH5s,17,0.0,-1350000.0,-1.35,432,1024,0.421875
01a0a597-81f1-7011-9024-b8d544cd9dd8,s,C,QB7,18,1,UVH5s,18,0.0,-900000.0,-0.9,423,1024,0.4130859375
01a0a597-81f1-7011-9024-b8d544cd9dd8,s,C,QB7,18,1,UVH5s,19,0.0,-450000.0,-0.45,446,1024,0.435546875
01a0a597-81f1-7011-9024-b8d544cd9dd8,s,C,QB7,18,1,UVH5s,20,0.0,0.0,0.0,429,1024,0.4189453125
01a0a597-81f1-7011-9024-b8d544cd9dd8,s,C,QB7,18,1,UVH5s,21,0.0,450000.0,0.45,434,1024,0.423828125
01a0a597-81f1-7011-9024-b8d544cd9dd8,s,C,QB7,18,1,UVH5s,22,0.0,900000.0,0.9,443,1024,0.4326171875
01a0a597-81f1-7011-9024-b8d544cd9dd8,s,C,QB7,18,1,UVH5s,23,0.0,1350000.0,1.35,443,1024,0.4326171875
01a0a597-81f1-7011-9024-b8d544cd9dd8,s,C,QB7,18,1,UVH5s,24,0.0,1800000.0,1.8,458,1024,0.447265625
01a0a597-81f1-7011-9024-b8d544cd9dd8,s,C,QB7,18,1,UVH5s,25,0.0,2250000.0,2.25,477,1024,0.4658203125
01a0a597-81f1-7011-9024-b8d544cd9dd8,s,C,QB7,18,1,UVH5s,26,0.0,2700000.0,2.7,456,1024,0.4453125
01a0a597-81f1-7011-9024-b8d544cd9dd8,s,C,QB7,18,1,UVH5s,27,0.0,3150000.0,3.15,477,1024,0.4658203125
01a0a597-81f1-7011-9024-b8d544cd9dd8,s,C,QB7,18,1,UVH5s,28,0.0,3600000.0,3.6,509,1024,0.4970703125
01a0a597-81f1-7011-9024-b8d544cd9dd8,s,C,QB7,18,1,UVH5s,29,0.0,4050000.0,4.05,543,1024,0.5302734375
01a0a597-81f1-7011-9024-b8d544cd9dd8,s,C,QB7,18,1,UVH5s,30,0.0,4500000.0,4.5,569,1024,0.5556640625
01a0a597-81f1-7011-9024-b8d544cd9dd8,s,C,QB7,18,1,UVH5s,31,0.0,4950000.0,4.95,590,1024,0.576171875
01a0a597-81f1-7011-9024-b8d544cd9dd8,s,C,QB7,18,1,UVH5s,32,0.0,5400000.0,5.4,576,1024,0.5625
01a0a597-81f1-7011-9024-b8d544cd9dd8,s,C,QB7,18,1,UVH5s,33,0.0,5850000.0,5.85,619,1024,0.6044921875
01a0a597-81f1-7011-9024-b8d544cd9dd8,s,C,QB7,18,1,UVH5s,34,0.0,6300000.0,6.3,662,1024,0.646484375
01a0a597-81f1-7011-9024-b8d544cd9dd8,s,C,QB7,18,1,UVH5s,35,0.0,6750000.0,6.75,689,1024,0.6728515625
01a0a597-81f1-7011-9024-b8d544cd9dd8,s,C,QB7,18,1,UVH5s,36,0.0,7200000.0,7.2,710,1024,0.693359375
01a0a597-81f1-7011-9024-b8d544cd9dd8,s,C,QB7,18,1,UVH5s,37,0.0,7650000.0,7.65,758,1024,0.740234375
01a0a597-81f1-7011-9024-b8d544cd9dd8,s,C,QB7,18,1,UVH5s,38,0.0,8100000.0,8.1,773,1024,0.7548828125
01a0a597-81f1-7011-9024-b8d544cd9dd8,s,C,QB7,18,1,UVH5s,39,0.0,8550000.0,8.55,766,1024,0.748046875
01a0a597-81f1-7011-9024-b8d544cd9dd8,s,C,QB7,18,1,UVH5s,40,0.0,9000000.0,9.0,822,1024,0.802734375
01a0a597-81f1-7011-9024-b8d544cd9dd8,s,C,QB7,18,2,UVH7s,0,0.0,-9000000.0,-9.0,676,1024,0.66015625
01a0a597-81f1-7011-9024-b8d544cd9dd8,s,C,QB7,18,2,UVH7s,1,0.0,-8550000.0,-8.55,668,1024,0.65234375
01a0a597-81f1-7011-9024-b8d544cd9dd8,s,C,QB7,18,2,UVH7s,2,0.0,-8100000.0,-8.1,655,1024,0.6396484375
01a0a597-81f1-7011-9024-b8d544cd9dd8,s,C,QB7,18,2,UVH7s,3,0.0,-7650000.0,-7.65,634,1024,0.619140625
01a0a597-81f1-7011-9024-b8d544cd9dd8,s,C,QB7,18,2,UVH7s,4,0.0,-7200000.0,-7.2,639,1024,0.6240234375
01a0a597-81f1-7011-9024-b8d544cd9dd8,s,C,QB7,18,2,UVH7s,5,0.0,-6750000.0,-6.75,607,1024,0.5927734375
01a0a597-81f1-7011-9024-b8d544cd9dd8,s,C,QB7,18,2,UVH7s,6,0.0,-6300000.0,-6.3,626,1024,0.611328125
01a0a597-81f1-7011-9024-b8d544cd9dd8,s,C,QB7,18,2,UVH7s,7,0.0,-5850000.0,-5.85,590,1024,0.576171875
01a0a597-81f1-7011-9024-b8d544cd9dd8,s,C,QB7,18,2,UVH7s,8,0.0,-5400000.0,-5.4,550,1024,0.537109375
01a0a597-81f1-7011-9024-b8d544cd9dd8,s,C,QB7,18,2,UVH7s,9,0.0,-4950000.0,-4.95,528,1024,0.515625
01a0a597-81f1-7011-9024-b8d544cd9dd8,s,C,QB7,18,2,UVH7s,10,0.0,-4500000.0,-4.5,544,1024,0.53125
01a0a597-81f1-7011-9024-b8d544cd9dd8,s,C,QB7,18,2,UVH7s,11,0.0,-4050000.0,-4.05,522,1024,0.509765625
01a0a597-81f1-7011-9024-b8d544cd9dd8,s,C,QB7,18,2,UVH7s,12,0.0,-3600000.0,-3.6,499,1024,0.4873046875
01a0a597-81f1-7011-9024-b8d544cd9dd8,s,C,QB7,18,2,UVH7s,13,0.0,-3150000.0,-3.15,510,1024,0.498046875
01a0a597-81f1-7011-9024-b8d544cd9dd8,s,C,QB7,18,2,UVH7s,14,0.0,-2700000.0,-2.7,477,1024,0.4658203125
01a0a597-81f1-7011-9024-b8d544cd9dd8,s,C,QB7,18,2,UVH7s,15,0.0,-2250000.0,-2.25,457,1024,0.4462890625
01a0a597-81f1-7011-9024-b8d544cd9dd8,s,C,QB7,18,2,UVH7s,16,0.0,-1800000.0,-1.8,439,1024,0.4287109375
01a0a597-81f1-7011-9024-b8d544cd9dd8,s,C,QB7,18,2,UVH7s,17,0.0,-1350000.0,-1.35,442,1024,0.431640625
01a0a597-81f1-7011-9024-b8d544cd9dd8,s,C,QB7,18,2,UVH7s,18,0.0,-900000.0,-0.9,426,1024,0.416015625
01a0a597-81f1-7011-9024-b8d544cd9dd8,s,C,QB7,18,2,UVH7s,19,0.0,-450000.0,-0.45,418,1024,0.408203125
01a0a597-81f1-7011-9024-b8d544cd9dd8,s,C,QB7,18,2,UVH7s,20,0.0,0.0,0.0,411,1024,0.4013671875
01a0a597-81f1-7011-9024-b8d544cd9dd8,s,C,QB7,18,2,UVH7s,21,0.0,450000.0,0.45,411,1024,0.4013671875
01a0a597-81f1-7011-9024-b8d544cd9dd8,s,C,QB7,18,2,UVH7s,22,0.0,900000.0,0.9,403,1024,0.3935546875
01a0a597-81f1-7011-9024-b8d544cd9dd8,s,C,QB7,18,2,UVH7s,23,0.0,1350000.0,1.35,411,1024,0.4013671875
01a0a597-81f1-7011-9024-b8d544cd9dd8,s,C,QB7,18,2,UVH7s,24,0.0,1800000.0,1.8,395,1024,0.3857421875
01a0a597-81f1-7011-9024-b8d544cd9dd8,s,C,QB7,18,2,UVH7s,25,0.0,2250000.0,2.25,397,1024,0.3876953125
01a0a597-81f1-7011-9024-b8d544cd9dd8,s,C,QB7,18,2,UVH7s,26,0.0,2700000.0,2.7,400,1024,0.390625
01a0a597-81f1-7011-9024-b8d544cd9dd8,s,C,QB7,18,2,UVH7s,27,0.0,3150000.0,3.15,389,1024,0.3798828125
01a0a597-81f1-7011-9024-b8d544cd9dd8,s,C,QB7,18,2,UVH7s,28,0.0,3600000.0,3.6,429,1024,0.4189453125
01a0a597-81f1-7011-9024-b8d544cd9dd8,s,C,QB7,18,2,UVH7s,29,0.0,4050000.0,4.05,447,1024,0.4365234375
01a0a597-81f1-7011-9024-b8d544cd9dd8,s,C,QB7,18,2,UVH7s,30,0.0,4500000.0,4.5,424,1024,0.4140625
01a0a597-81f1-7011-9024-b8d544cd9dd8,s,C,QB7,18,2,UVH7s,31,0.0,4950000.0,4.95,447,1024,0.4365234375
01a0a597-81f1-7011-9024-b8d544cd9dd8,s,C,QB7,18,2,UVH7s,32,0.0,5400000.0,5.4,510,1024,0.498046875
01a0a597-81f1-7011-9024-b8d544cd9dd8,s,C,QB7,18,2,UVH7s,33,0.0,5850000.0,5.85,488,1024,0.4765625
01a0a597-81f1-7011-9024-b8d544cd9dd8,s,C,QB7,18,2,UVH7s,34,0.0,6300000.0,6.3,513,1024,0.5009765625
01a0a597-81f1-7011-9024-b8d544cd9dd8,s,C,QB7,18,2,UVH7s,35,0.0,6750000.0,6.75,554,1024,0.541015625
01a0a597-81f1-7011-9024-b8d544cd9dd8,s,C,QB7,18,2,UVH7s,36,0.0,7200000.0,7.2,595,1024,0.5810546875
01a0a597-81f1-7011-9024-b8d544cd9dd8,s,C,QB7,18,2,UVH7s,37,0.0,7650000.0,7.65,620,1024,0.60546875
01a0a597-81f1-7011-9024-b8d544cd9dd8,s,C,QB7,18,2,UVH7s,38,0.0,8100000.0,8.1,631,1024,0.6162109375
01a0a597-81f1-7011-9024-b8d544cd9dd8,s,C,QB7,18,2,UVH7s,39,0.0,8550000.0,8.55,651,1024,0.6357421875
01a0a597-81f1-7011-9024-b8d544cd9dd8,s,C,QB7,18,2,UVH7s,40,0.0,9000000.0,9.0,679,1024,0.6630859375
01a0a597-81f1-7011-9024-b8d544cd9dd8,s,C,QB7,18,3,UVH9s,0,0.0,-9000000.0,-9.0,395,1024,0.3857421875
01a0a597-81f1-7011-9024-b8d544cd9dd8,s,C,QB7,18,3,UVH9s,1,0.0,-8550000.0,-8.55,440,1024,0.4296875
01a0a597-81f1-7011-9024-b8d544cd9dd8,s,C,QB7,18,3,UVH9s,2,0.0,-8100000.0,-8.1,420,1024,0.41015625
01a0a597-81f1-7011-9024-b8d544cd9dd8,s,C,QB7,18,3,UVH9s,3,0.0,-7650000.0,-7.65,443,1024,0.4326171875
01a0a597-81f1-7011-9024-b8d544cd9dd8,s,C,QB7,18,3,UVH9s,4,0.0,-7200000.0,-7.2,420,1024,0.41015625
01a0a597-81f1-7011-9024-b8d544cd9dd8,s,C,QB7,18,3,UVH9s,5,0.0,-6750000.0,-6.75,467,1024,0.4560546875
01a0a597-81f1-7011-9024-b8d544cd9dd8,s,C,QB7,18,3,UVH9s,6,0.0,-6300000.0,-6.3,460,1024,0.44921875
01a0a597-81f1-7011-9024-b8d544cd9dd8,s,C,QB7,18,3,UVH9s,7,0.0,-5850000.0,-5.85,453,1024,0.4423828125
01a0a597-81f1-7011-9024-b8d544cd9dd8,s,C,QB7,18,3,UVH9s,8,0.0,-5400000.0,-5.4,464,1024,0.453125
01a0a597-81f1-7011-9024-b8d544cd9dd8,s,C,QB7,18,3,UVH9s,9,0.0,-4950000.0,-4.95,424,1024,0.4140625
01a0a597-81f1-7011-9024-b8d544cd9dd8,s,C,QB7,18,3,UVH9s,10,0.0,-4500000.0,-4.5,466,1024,0.455078125
01a0a597-81f1-7011-9024-b8d544cd9dd8,s,C,QB7,18,3,UVH9s,11,0.0,-4050000.0,-4.05,490,1024,0.478515625
01a0a597-81f1-7011-9024-b8d544cd9dd8,s,C,QB7,18,3,UVH9s,12,0.0,-3600000.0,-3.6,470,1024,0.458984375
01a0a597-81f1-7011-9024-b8d544cd9dd8,s,C,QB7,18,3,UVH9s,13,0.0,-3150000.0,-3.15,449,1024,0.4384765625
01a0a597-81f1-7011-9024-b8d544cd9dd8,s,C,QB7,18,3,UVH9s,14,0.0,-2700000.0,-2.7,419,1024,0.4091796875
01a0a597-81f1-7011-9024-b8d544cd9dd8,s,C,QB7,18,3,UVH9s,15,0.0,-2250000.0,-2.25,473,1024,0.4619140625
01a0a597-81f1-7011-9024-b8d544cd9dd8,s,C,QB7,18,3,UVH9s,16,0.0,-1800000.0,-1.8,436,1024,0.42578125
01a0a597-81f1-7011-9024-b8d544cd9dd8,s,C,QB7,18,3,UVH9s,17,0.0,-1350000.0,-1.35,431,1024,0.4208984375
01a0a597-81f1-7011-9024-b8d544cd9dd8,s,C,QB7,18,3,UVH9s,18,0.0,-900000.0,-0.9,436,1024,0.42578125
01a0a597-81f1-7011-9024-b8d544cd9dd8,s,C,QB7,18,3,UVH9s,19,0.0,-450000.0,-0.45,448,1024,0.4375
01a0a597-81f1-7011-9024-b8d544cd9dd8,s,C,QB7,18,3,UVH9s,20,0.0,0.0,0.0,416,1024,0.40625
01a0a597-81f1-7011-9024-b8d544cd9dd8,s,C,QB7,18,3,UVH9s,21,0.0,450000.0,0.45,418,1024,0.408203125
01a0a597-81f1-7011-9024-b8d544cd9dd8,s,C,QB7,18,3,UVH9s,22,0.0,900000.0,0.9,412,1024,0.40234375
01a0a597-81f1-7011-9024-b8d544cd9dd8,s,C,QB7,18,3,UVH9s,23,0.0,1350000.0,1.35,400,1024,0.390625
01a0a597-81f1-7011-9024-b8d544cd9dd8,s,C,QB7,18,3,UVH9s,24,0.0,1800000.0,1.8,411,1024,0.4013671875
01a0a597-81f1-7011-9024-b8d544cd9dd8,s,C,QB7,18,3,UVH9s,25,0.0,2250000.0,2.25,390,1024,0.380859375
01a0a597-81f1-7011-9024-b8d544cd9dd8,s,C,QB7,18,3,UVH9s,26,0.0,2700000.0,2.7,396,1024,0.38671875
01a0a597-81f1-7011-9024-b8d544cd9dd8,s,C,QB7,18,3,UVH9s,27,0.0,3150000.0,3.15,373,1024,0.3642578125
01a0a597-81f1-7011-9024-b8d544cd9dd8,s,C,QB7,18,3,UVH9s,28,0.0,3600000.0,3.6,393,1024,0.3837890625
01a0a597-81f1-7011-9024-b8d544cd9dd8,s,C,QB7,18,3,UVH9s,29,0.0,4050000.0,4.05,395,1024,0.3857421875
01a0a597-81f1-7011-9024-b8d544cd9dd8,s,C,QB7,18,3,UVH9s,30,0.0,4500000.0,4.5,383,1024,0.3740234375
01a0a597-81f1-7011-9024-b8d544cd9dd8,s,C,QB7,18,3,UVH9s,31,0.0,4950000.0,4.95,412,1024,0.40234375
01a0a597-81f1-7011-9024-b8d544cd9dd8,s,C,QB7,18,3,UVH9s,32,0.0,5400000.0,5.4,373,1024,0.3642578125
01a0a597-81f1-7011-9024-b8d544cd9dd8,s,C,QB7,18,3,UVH9s,33,0.0,5850000.0,5.85,373,1024,0.3642578125
01a0a597-81f1-7011-9024-b8d544cd9dd8,s,C,QB7,18,3,UVH9s,34,0.0,6300000.0,6.3,362,1024,0.353515625
01a0a597-81f1-7011-9024-b8d544cd9dd8,s,C,QB7,18,3,UVH9s,35,0.0,6750000.0,6.75,336,1024,0.328125
01a0a597-81f1-7011-9024-b8d544cd9dd8,s,C,QB7,18,3,UVH9s,36,0.0,7200000.0,7.2,334,1024,0.326171875
01a0a597-81f1-7011-9024-b8d544cd9dd8,s,C,QB7,18,3,UVH9s,37,0.0,7650000.0,7.65,317,1024,0.3095703125
01a0a597-81f1-7011-9024-b8d544cd9dd8,s,C,QB7,18,3,UVH9s,38,0.0,8100000.0,8.1,260,1024,0.25390625
01a0a597-81f1-7011-9024-b8d544cd9dd8,s,C,QB7,18,3,UVH9s,39,0.0,8550000.0,8.55,236,1024,0.23046875
01a0a597-81f1-7011-9024-b8d544cd9dd8,s,C,QB7,18,3,UVH9s,40,0.0,9000000.0,9.0,229,1024,0.2236328125
01a0a597-81f1-7011-9024-b8d544cd9dd8,s,C,QB7,18,4,UVH11s,0,0.0,-9000000.0,-9.0,344,1024,0.3359375
01a0a597-81f1-7011-9024-b8d544cd9dd8,s,C,QB7,18,4,UVH11s,1,0.0,-8550000.0,-8.55,332,1024,0.32421875
01a0a597-81f1-7011-9024-b8d544cd9dd8,s,C,QB7,18,4,UVH11s,2,0.0,-8100000.0,-8.1,312,1024,0.3046875
01a0a597-81f1-7011-9024-b8d544cd9dd8,s,C,QB7,18,4,UVH11s,3,0.0,-7650000.0,-7.65,291,1024,0.2841796875
01a0a597-81f1-7011-9024-b8d544cd9dd8,s,C,QB7,18,4,UVH11s,4,0.0,-7200000.0,-7.2,313,1024,0.3056640625
01a0a597-81f1-7011-9024-b8d544cd9dd8,s,C,QB7,18,4,UVH11s,5,0.0,-6750000.0,-6.75,331,1024,0.3232421875
01a0a597-81f1-7011-9024-b8d544cd9dd8,s,C,QB7,18,4,UVH11s,6,0.0,-6300000.0,-6.3,310,1024,0.302734375
01a0a597-81f1-7011-9024-b8d544cd9dd8,s,C,QB7,18,4,UVH11s,7,0.0,-5850000.0,-5.85,334,1024,0.326171875
01a0a597-81f1-7011-9024-b8d544cd9dd8,s,C,QB7,18,4,UVH11s,8,0.0,-5400000.0,-5.4,315,1024,0.3076171875
01a0a597-81f1-7011-9024-b8d544cd9dd8,s,C,QB7,18,4,UVH11s,9,0.0,-4950000.0,-4.95,356,1024,0.34765625
01a0a597-81f1-7011-9024-b8d544cd9dd8,s,C,QB7,18,4,UVH11s,10,0.0,-4500000.0,-4.5,383,1024,0.3740234375
01a0a597-81f1-7011-9024-b8d544cd9dd8,s,C,QB7,18,4,UVH11s,11,0.0,-4050000.0,-4.05,379,1024,0.3701171875
01a0a597-81f1-7011-9024-b8d544cd9dd8,s,C,QB7,18,4,UVH11s,12,0.0,-3600000.0,-3.6,389,1024,0.3798828125
01a0a597-81f1-7011-9024-b8d544cd9dd8,s,C,QB7,18,4,UVH11s,13,0.0,-3150000.0,-3.15,405,1024,0.3955078125
01a0a597-81f1-7011-9024-b8d544cd9dd8,s,C,QB7,18,4,UVH11s,14,0.0,-2700000.0,-2.7,425,1024,0.4150390625
01a0a597-81f1-7011-9024-b8d544cd9dd8,s,C,QB7,18,4,UVH11s,15,0.0,-2250000.0,-2.25,441,1024,0.4306640625
01a0a597-81f1-7011-9024-b8d544cd9dd8,s,C,QB7,18,4,UVH11s,16,0.0,-1800000.0,-1.8,479,1024,0.4677734375
01a0a597-81f1-7011-9024-b8d544cd9dd8,s,C,QB7,18,4,UVH11s,17,0.0,-1350000.0,-1.35,457,1024,0.4462890625
01a0a597-81f1-7011-9024-b8d544cd9dd8,s,C,QB7,18,4,UVH11s,18,0.0,-900000.0,-0.9,464,1024,0.453125
01a0a597-81f1-7011-9024-b8d544cd9dd8,s,C,QB7,18,4,UVH11s,19,0.0,-450000.0,-0.45,499,1024,0.4873046875
01a0a597-81f1-7011-9024-b8d544cd9dd8,s,C,QB7,18,4,UVH11s,20,0.0,0.0,0.0,515,1024,0.5029296875
01a0a597-81f1-7011-9024-b8d544cd9dd8,s,C,QB7,18,4,UVH11s,21,0.0,450000.0,0.45,501,1024,0.4892578125
01a0a597-81f1-7011-9024-b8d544cd9dd8,s,C,QB7,18,4,UVH11s,22,0.0,900000.0,0.9,518,1024,0.505859375
01a0a597-81f1-7011-9024-b8d544cd9dd8,s,C,QB7,18,4,UVH11s,23,0.0,1350000.0,1.35,550,1024,0.537109375
01a0a597-81f1-7011-9024-b8d544cd9dd8,s,C,QB7,18,4,UVH11s,24,0.0,1800000.0,1.8,560,1024,0.546875
01a0a597-81f1-7011-9024-b8d544cd9dd8,s,C,QB7,18,4,UVH11s,25,0.0,2250000.0,2.25,551,1024,0.5380859375
01a0a597-81f1-7011-9024-b8d544cd9dd8,s,C,QB7,18,4,UVH11s,26,0.0,2700000.0,2.7,600,1024,0.5859375
01a0a597-81f1-7011-9024-b8d544cd9dd8,s,C,QB7,18,4,UVH11s,27,0.0,3150000.0,3.15,578,1024,0.564453125
01a0a597-81f1-7011-9024-b8d544cd9dd8,s,C,QB7,18,4,UVH11s,28,0.0,3600000.0,3.6,581,1024,0.5673828125
01a0a597-81f1-7011-9024-b8d544cd9dd8,s,C,QB7,18,4,UVH11s,29,0.0,4050000.0,4.05,544,1024,0.53125
01a0a597-81f1-7011-9024-b8d544cd9dd8,s,C,QB7,18,4,UVH11s,30,0.0,4500000.0,4.5,586,1024,0.572265625
01a0a597-81f1-7011-9024-b8d544cd9dd8,s,C,QB7,18,4,UVH11s,31,0.0,4950000.0,4.95,592,1024,0.578125
01a0a597-81f1-7011-9024-b8d544cd9dd8,s,C,QB7,18,4,UVH11s,32,0.0,5400000.0,5.4,613,1024,0.5986328125
01a0a597-81f1-7011-9024-b8d544cd9dd8,s,C,QB7,18,4,UVH11s,33,0.0,5850000.0,5.85,601,1024,0.5869140625
01a0a597-81f1-7011-9024-b8d544cd9dd8,s,C,QB7,18,4,UVH11s,34,0.0,6300000.0,6.3,636,1024,0.62109375
01a0a597-81f1-7011-9024-b8d544cd9dd8,s,C,QB7,18,4,UVH11s,35,0.0,6750000.0,6.75,596,1024,0.58203125
01a0a597-81f1-7011-9024-b8d544cd9dd8,s,C,QB7,18,4,UVH11s,36,0.0,7200000.0,7.2,556,1024,0.54296875
01a0a597-81f1-7011-9024-b8d544cd9dd8,s,C,QB7,18,4,UVH11s,37,0.0,7650000.0,7.65,627,1024,0.6123046875
01a0a597-81f1-7011-9024-b8d544cd9dd8,s,C,QB7,18,4,UVH11s,38,0.0,8100000.0,8.1,597,1024,0.5830078125
01a0a597-81f1-7011-9024-b8d544cd9dd8,s,C,QB7,18,4,UVH11s,39,0.0,8550000.0,8.55,569,1024,0.5556640625
01a0a597-81f1-7011-9024-b8d544cd9dd8,s,C,QB7,18,4,UVH11s,40,0.0,9000000.0,9.0,584,1024,0.5703125
01a0a597-81f1-7011-9024-b8d544cd9dd8,s,C,QB7,18,5,UVH13s,0,0.0,-9000000.0,-9.0,670,1024,0.654296875
01a0a597-81f1-7011-9024-b8d544cd9dd8,s,C,QB7,18,5,UVH13s,1,0.0,-8550000.0,-8.55,659,1024,0.6435546875
01a0a597-81f1-7011-9024-b8d544cd9dd8,s,C,QB7,18,5,UVH13s,2,0.0,-8100000.0,-8.1,640,1024,0.625
01a0a597-81f1-7011-9024-b8d544cd9dd8,s,C,QB7,18,5,UVH13s,3,0.0,-7650000.0,-7.65,652,1024,0.63671875
01a0a597-81f1-7011-9024-b8d544cd9dd8,s,C,QB7,18,5,UVH13s,4,0.0,-7200000.0,-7.2,616,1024,0.6015625
01a0a597-81f1-7011-9024-b8d544cd9dd8,s,C,QB7,18,5,UVH13s,5,0.0,-6750000.0,-6.75,617,1024,0.6025390625
01a0a597-81f1-7011-9024-b8d544cd9dd8,s,C,QB7,18,5,UVH13s,6,0.0,-6300000.0,-6.3,632,1024,0.6171875
01a0a597-81f1-7011-9024-b8d544cd9dd8,s,C,QB7,18,5,UVH13s,7,0.0,-5850000.0,-5.85,647,1024,0.6318359375
01a0a597-81f1-7011-9024-b8d544cd9dd8,s,C,QB7,18,5,UVH13s,8,0.0,-5400000.0,-5.4,655,1024,0.6396484375
01a0a597-81f1-7011-9024-b8d544cd9dd8,s,C,QB7,18,5,UVH13s,9,0.0,-4950000.0,-4.95,638,1024,0.623046875
01a0a597-81f1-7011-9024-b8d544cd9dd8,s,C,QB7,18,5,UVH13s,10,0.0,-4500000.0,-4.5,618,1024,0.603515625
01a0a597-81f1-7011-9024-b8d544cd9dd8,s,C,QB7,18,5,UVH13s,11,0.0,-4050000.0,-4.05,600,1024,0.5859375
01a0a597-81f1-7011-9024-b8d544cd9dd8,s,C,QB7,18,5,UVH13s,12,0.0,-3600000.0,-3.6,635,1024,0.6201171875
01a0a597-81f1-7011-9024-b8d544cd9dd8,s,C,QB7,18,5,UVH13s,13,0.0,-3150000.0,-3.15,643,1024,0.6279296875
01a0a597-81f1-7011-9024-b8d544cd9dd8,s,C,QB7,18,5,UVH13s,14,0.0,-2700000.0,-2.7,604,1024,0.58984375
01a0a597-81f1-7011-9024-b8d544cd9dd8,s,C,QB7,18,5,UVH13s,15,0.0,-2250000.0,-2.25,660,1024,0.64453125
01a0a597-81f1-7011-9024-b8d544cd9dd8,s,C,QB7,18,5,UVH13s,16,0.0,-1800000.0,-1.8,632,1024,0.6171875
01a0a597-81f1-7011-9024-b8d544cd9dd8,s,C,QB7,18,5,UVH13s,17,0.0,-1350000.0,-1.35,658,1024,0.642578125
01a0a597-81f1-7011-9024-b8d544cd9dd8,s,C,QB7,18,5,UVH13s,18,0.0,-900000.0,-0.9,623,1024,0.6083984375
01a0a597-81f1-7011-9024-b8d544cd9dd8,s,C,QB7,18,5,UVH13s,19,0.0,-450000.0,-0.45,610,1024,0.595703125
01a0a597-81f1-7011-9024-b8d544cd9dd8,s,C,QB7,18,5,UVH13s,20,0.0,0.0,0.0,646,1024,0.630859375
01a0a597-81f1-7011-9024-b8d544cd9dd8,s,C,QB7,18,5,UVH13s,21,0.0,450000.0,0.45,598,1024,0.583984375
01a0a597-81f1-7011-9024-b8d544cd9dd8,s,C,QB7,18,5,UVH13s,22,0.0,900000.0,0.9,610,1024,0.595703125
01a0a597-81f1-7011-9024-b8d544cd9dd8,s,C,QB7,18,5,UVH13s,23,0.0,1350000.0,1.35,655,1024,0.6396484375
01a0a597-81f1-7011-9024-b8d544cd9dd8,s,C,QB7,18,5,UVH13s,24,0.0,1800000.0,1.8,645,1024,0.6298828125
01a0a597-81f1-7011-9024-b8d544cd9dd8,s,C,QB7,18,5,UVH13s,25,0.0,2250000.0,2.25,634,1024,0.619140625
01a0a597-81f1-7011-9024-b8d544cd9dd8,s,C,QB7,18,5,UVH13s,26,0.0,2700000.0,2.7,624,1024,0.609375
01a0a597-81f1-7011-9024-b8d544cd9dd8,s,C,QB7,18,5,UVH13s,27,0.0,3150000.0,3.15,627,1024,0.6123046875
01a0a597-81f1-7011-9024-b8d544cd9dd8,s,C,QB7,18,5,UVH13s,28,0.0,3600000.0,3.6,581,1024,0.5673828125
01a0a597-81f1-7011-9024-b8d544cd9dd8,s,C,QB7,18,5,UVH13s,29,0.0,4050000.0,4.05,599,1024,0.5849609375
01a0a597-81f1-7011-9024-b8d544cd9dd8,s,C,QB7,18,5,UVH13s,30,0.0,4500000.0,4.5,612,1024,0.59765625
01a0a597-81f1-7011-9024-b8d544cd9dd8,s,C,QB7,18,5,UVH13s,31,0.0,4950000.0,4.95,582,1024,0.568359375
01a0a597-81f1-7011-9024-b8d544cd9dd8,s,C,QB7,18,5,UVH13s,32,0.0,5400000.0,5.4,622,1024,0.607421875
01a0a597-81f1-7011-9024-b8d544cd9dd8,s,C,QB7,18,5,UVH13s,33,0.0,5850000.0,5.85,566,1024,0.552734375
01a0a597-81f1-7011-9024-b8d544cd9dd8,s,C,QB7,18,5,UVH13s,34,0.0,6300000.0,6.3,566,1024,0.552734375
01a0a597-81f1-7011-9024-b8d544cd9dd8,s,C,QB7,18,5,UVH13s,35,0.0,6750000.0,6.75,581,1024,0.5673828125
01a0a597-81f1-7011-9024-b8d544cd9dd8,s,C,QB7,18,5,UVH13s,36,0.0,7200000.0,7.2,572,1024,0.55859375
01a0a597-81f1-7011-9024-b8d544cd9dd8,s,C,QB7,18,5,UVH13s,37,0.0,7650000.0,7.65,571,1024,0.5576171875
01a0a597-81f1-7011-9024-b8d544cd9dd8,s,C,QB7,18,5,UVH13s,38,0.0,8100000.0,8.1,563,1024,0.5498046875
01a0a597-81f1-7011-9024-b8d544cd9dd8,s,C,QB7,18,5,UVH13s,39,0.0,8550000.0,8.55,509,1024,0.4970703125
01a0a597-81f1-7011-9024-b8d544cd9dd8,s,C,QB7,18,5,UVH13s,40,0.0,9000000.0,9.0,540,1024,0.52734375
01a0a597-81f1-7011-9024-b8d544cd9dd8,s,C,QB12,19,0,standard_pi_2,0,0.0,-9000000.0,-9.0,509,1024,0.4970703125
01a0a597-81f1-7011-9024-b8d544cd9dd8,s,C,QB12,19,0,standard_pi_2,1,0.0,-8550000.0,-8.55,509,1024,0.4970703125
01a0a597-81f1-7011-9024-b8d544cd9dd8,s,C,QB12,19,0,standard_pi_2,2,0.0,-8100000.0,-8.1,498,1024,0.486328125
01a0a597-81f1-7011-9024-b8d544cd9dd8,s,C,QB12,19,0,standard_pi_2,3,0.0,-7650000.0,-7.65,495,1024,0.4833984375
01a0a597-81f1-7011-9024-b8d544cd9dd8,s,C,QB12,19,0,standard_pi_2,4,0.0,-7200000.0,-7.2,521,1024,0.5087890625
01a0a597-81f1-7011-9024-b8d544cd9dd8,s,C,QB12,19,0,standard_pi_2,5,0.0,-6750000.0,-6.75,513,1024,0.5009765625
01a0a597-81f1-7011-9024-b8d544cd9dd8,s,C,QB12,19,0,standard_pi_2,6,0.0,-6300000.0,-6.3,494,1024,0.482421875
01a0a597-81f1-7011-9024-b8d544cd9dd8,s,C,QB12,19,0,standard_pi_2,7,0.0,-5850000.0,-5.85,477,1024,0.4658203125
01a0a597-81f1-7011-9024-b8d544cd9dd8,s,C,QB12,19,0,standard_pi_2,8,0.0,-5400000.0,-5.4,484,1024,0.47265625
01a0a597-81f1-7011-9024-b8d544cd9dd8,s,C,QB12,19,0,standard_pi_2,9,0.0,-4950000.0,-4.95,476,1024,0.46484375
01a0a597-81f1-7011-9024-b8d544cd9dd8,s,C,QB12,19,0,standard_pi_2,10,0.0,-4500000.0,-4.5,489,1024,0.4775390625
01a0a597-81f1-7011-9024-b8d544cd9dd8,s,C,QB12,19,0,standard_pi_2,11,0.0,-4050000.0,-4.05,495,1024,0.4833984375
01a0a597-81f1-7011-9024-b8d544cd9dd8,s,C,QB12,19,0,standard_pi_2,12,0.0,-3600000.0,-3.6,522,1024,0.509765625
01a0a597-81f1-7011-9024-b8d544cd9dd8,s,C,QB12,19,0,standard_pi_2,13,0.0,-3150000.0,-3.15,471,1024,0.4599609375
01a0a597-81f1-7011-9024-b8d544cd9dd8,s,C,QB12,19,0,standard_pi_2,14,0.0,-2700000.0,-2.7,472,1024,0.4609375
01a0a597-81f1-7011-9024-b8d544cd9dd8,s,C,QB12,19,0,standard_pi_2,15,0.0,-2250000.0,-2.25,481,1024,0.4697265625
01a0a597-81f1-7011-9024-b8d544cd9dd8,s,C,QB12,19,0,standard_pi_2,16,0.0,-1800000.0,-1.8,467,1024,0.4560546875
01a0a597-81f1-7011-9024-b8d544cd9dd8,s,C,QB12,19,0,standard_pi_2,17,0.0,-1350000.0,-1.35,461,1024,0.4501953125
01a0a597-81f1-7011-9024-b8d544cd9dd8,s,C,QB12,19,0,standard_pi_2,18,0.0,-900000.0,-0.9,473,1024,0.4619140625
01a0a597-81f1-7011-9024-b8d544cd9dd8,s,C,QB12,19,0,standard_pi_2,19,0.0,-450000.0,-0.45,453,1024,0.4423828125
01a0a597-81f1-7011-9024-b8d544cd9dd8,s,C,QB12,19,0,standard_pi_2,20,0.0,0.0,0.0,490,1024,0.478515625
01a0a597-81f1-7011-9024-b8d544cd9dd8,s,C,QB12,19,0,standard_pi_2,21,0.0,450000.0,0.45,474,1024,0.462890625
01a0a597-81f1-7011-9024-b8d544cd9dd8,s,C,QB12,19,0,standard_pi_2,22,0.0,900000.0,0.9,461,1024,0.4501953125
01a0a597-81f1-7011-9024-b8d544cd9dd8,s,C,QB12,19,0,standard_pi_2,23,0.0,1350000.0,1.35,480,1024,0.46875
01a0a597-81f1-7011-9024-b8d544cd9dd8,s,C,QB12,19,0,standard_pi_2,24,0.0,1800000.0,1.8,456,1024,0.4453125
01a0a597-81f1-7011-9024-b8d544cd9dd8,s,C,QB12,19,0,standard_pi_2,25,0.0,2250000.0,2.25,413,1024,0.4033203125
01a0a597-81f1-7011-9024-b8d544cd9dd8,s,C,QB12,19,0,standard_pi_2,26,0.0,2700000.0,2.7,437,1024,0.4267578125
01a0a597-81f1-7011-9024-b8d544cd9dd8,s,C,QB12,19,0,standard_pi_2,27,0.0,3150000.0,3.15,449,1024,0.4384765625
01a0a597-81f1-7011-9024-b8d544cd9dd8,s,C,QB12,19,0,standard_pi_2,28,0.0,3600000.0,3.6,443,1024,0.4326171875
01a0a597-81f1-7011-9024-b8d544cd9dd8,s,C,QB12,19,0,standard_pi_2,29,0.0,4050000.0,4.05,406,1024,0.396484375
01a0a597-81f1-7011-9024-b8d544cd9dd8,s,C,QB12,19,0,standard_pi_2,30,0.0,4500000.0,4.5,418,1024,0.408203125
01a0a597-81f1-7011-9024-b8d544cd9dd8,s,C,QB12,19,0,standard_pi_2,31,0.0,4950000.0,4.95,457,1024,0.4462890625
01a0a597-81f1-7011-9024-b8d544cd9dd8,s,C,QB12,19,0,standard_pi_2,32,0.0,5400000.0,5.4,436,1024,0.42578125
01a0a597-81f1-7011-9024-b8d544cd9dd8,s,C,QB12,19,0,standard_pi_2,33,0.0,5850000.0,5.85,404,1024,0.39453125
01a0a597-81f1-7011-9024-b8d544cd9dd8,s,C,QB12,19,0,standard_pi_2,34,0.0,6300000.0,6.3,424,1024,0.4140625
01a0a597-81f1-7011-9024-b8d544cd9dd8,s,C,QB12,19,0,standard_pi_2,35,0.0,6750000.0,6.75,441,1024,0.4306640625
01a0a597-81f1-7011-9024-b8d544cd9dd8,s,C,QB12,19,0,standard_pi_2,36,0.0,7200000.0,7.2,441,1024,0.4306640625
01a0a597-81f1-7011-9024-b8d544cd9dd8,s,C,QB12,19,0,standard_pi_2,37,0.0,7650000.0,7.65,435,1024,0.4248046875
01a0a597-81f1-7011-9024-b8d544cd9dd8,s,C,QB12,19,0,standard_pi_2,38,0.0,8100000.0,8.1,419,1024,0.4091796875
01a0a597-81f1-7011-9024-b8d544cd9dd8,s,C,QB12,19,0,standard_pi_2,39,0.0,8550000.0,8.55,398,1024,0.388671875
01a0a597-81f1-7011-9024-b8d544cd9dd8,s,C,QB12,19,0,standard_pi_2,40,0.0,9000000.0,9.0,401,1024,0.3916015625
01a0a597-81f1-7011-9024-b8d544cd9dd8,s,C,QB12,19,1,UVH5s,0,0.0,-9000000.0,-9.0,790,1024,0.771484375
01a0a597-81f1-7011-9024-b8d544cd9dd8,s,C,QB12,19,1,UVH5s,1,0.0,-8550000.0,-8.55,768,1024,0.75
01a0a597-81f1-7011-9024-b8d544cd9dd8,s,C,QB12,19,1,UVH5s,2,0.0,-8100000.0,-8.1,767,1024,0.7490234375
01a0a597-81f1-7011-9024-b8d544cd9dd8,s,C,QB12,19,1,UVH5s,3,0.0,-7650000.0,-7.65,767,1024,0.7490234375
01a0a597-81f1-7011-9024-b8d544cd9dd8,s,C,QB12,19,1,UVH5s,4,0.0,-7200000.0,-7.2,751,1024,0.7333984375
01a0a597-81f1-7011-9024-b8d544cd9dd8,s,C,QB12,19,1,UVH5s,5,0.0,-6750000.0,-6.75,723,1024,0.7060546875
01a0a597-81f1-7011-9024-b8d544cd9dd8,s,C,QB12,19,1,UVH5s,6,0.0,-6300000.0,-6.3,705,1024,0.6884765625
01a0a597-81f1-7011-9024-b8d544cd9dd8,s,C,QB12,19,1,UVH5s,7,0.0,-5850000.0,-5.85,664,1024,0.6484375
01a0a597-81f1-7011-9024-b8d544cd9dd8,s,C,QB12,19,1,UVH5s,8,0.0,-5400000.0,-5.4,655,1024,0.6396484375
01a0a597-81f1-7011-9024-b8d544cd9dd8,s,C,QB12,19,1,UVH5s,9,0.0,-4950000.0,-4.95,673,1024,0.6572265625
01a0a597-81f1-7011-9024-b8d544cd9dd8,s,C,QB12,19,1,UVH5s,10,0.0,-4500000.0,-4.5,635,1024,0.6201171875
01a0a597-81f1-7011-9024-b8d544cd9dd8,s,C,QB12,19,1,UVH5s,11,0.0,-4050000.0,-4.05,601,1024,0.5869140625
01a0a597-81f1-7011-9024-b8d544cd9dd8,s,C,QB12,19,1,UVH5s,12,0.0,-3600000.0,-3.6,601,1024,0.5869140625
01a0a597-81f1-7011-9024-b8d544cd9dd8,s,C,QB12,19,1,UVH5s,13,0.0,-3150000.0,-3.15,542,1024,0.529296875
01a0a597-81f1-7011-9024-b8d544cd9dd8,s,C,QB12,19,1,UVH5s,14,0.0,-2700000.0,-2.7,527,1024,0.5146484375
01a0a597-81f1-7011-9024-b8d544cd9dd8,s,C,QB12,19,1,UVH5s,15,0.0,-2250000.0,-2.25,531,1024,0.5185546875
01a0a597-81f1-7011-9024-b8d544cd9dd8,s,C,QB12,19,1,UVH5s,16,0.0,-1800000.0,-1.8,501,1024,0.4892578125
01a0a597-81f1-7011-9024-b8d544cd9dd8,s,C,QB12,19,1,UVH5s,17,0.0,-1350000.0,-1.35,485,1024,0.4736328125
01a0a597-81f1-7011-9024-b8d544cd9dd8,s,C,QB12,19,1,UVH5s,18,0.0,-900000.0,-0.9,466,1024,0.455078125
01a0a597-81f1-7011-9024-b8d544cd9dd8,s,C,QB12,19,1,UVH5s,19,0.0,-450000.0,-0.45,472,1024,0.4609375
01a0a597-81f1-7011-9024-b8d544cd9dd8,s,C,QB12,19,1,UVH5s,20,0.0,0.0,0.0,476,1024,0.46484375
01a0a597-81f1-7011-9024-b8d544cd9dd8,s,C,QB12,19,1,UVH5s,21,0.0,450000.0,0.45,435,1024,0.4248046875
01a0a597-81f1-7011-9024-b8d544cd9dd8,s,C,QB12,19,1,UVH5s,22,0.0,900000.0,0.9,451,1024,0.4404296875
01a0a597-81f1-7011-9024-b8d544cd9dd8,s,C,QB12,19,1,UVH5s,23,0.0,1350000.0,1.35,466,1024,0.455078125
01a0a597-81f1-7011-9024-b8d544cd9dd8,s,C,QB12,19,1,UVH5s,24,0.0,1800000.0,1.8,437,1024,0.4267578125
01a0a597-81f1-7011-9024-b8d544cd9dd8,s,C,QB12,19,1,UVH5s,25,0.0,2250000.0,2.25,441,1024,0.4306640625
01a0a597-81f1-7011-9024-b8d544cd9dd8,s,C,QB12,19,1,UVH5s,26,0.0,2700000.0,2.7,492,1024,0.48046875
01a0a597-81f1-7011-9024-b8d544cd9dd8,s,C,QB12,19,1,UVH5s,27,0.0,3150000.0,3.15,476,1024,0.46484375
01a0a597-81f1-7011-9024-b8d544cd9dd8,s,C,QB12,19,1,UVH5s,28,0.0,3600000.0,3.6,505,1024,0.4931640625
01a0a597-81f1-7011-9024-b8d544cd9dd8,s,C,QB12,19,1,UVH5s,29,0.0,4050000.0,4.05,526,1024,0.513671875
01a0a597-81f1-7011-9024-b8d544cd9dd8,s,C,QB12,19,1,UVH5s,30,0.0,4500000.0,4.5,553,1024,0.5400390625
01a0a597-81f1-7011-9024-b8d544cd9dd8,s,C,QB12,19,1,UVH5s,31,0.0,4950000.0,4.95,572,1024,0.55859375
01a0a597-81f1-7011-9024-b8d544cd9dd8,s,C,QB12,19,1,UVH5s,32,0.0,5400000.0,5.4,596,1024,0.58203125
01a0a597-81f1-7011-9024-b8d544cd9dd8,s,C,QB12,19,1,UVH5s,33,0.0,5850000.0,5.85,602,1024,0.587890625
01a0a597-81f1-7011-9024-b8d544cd9dd8,s,C,QB12,19,1,UVH5s,34,0.0,6300000.0,6.3,633,1024,0.6181640625
01a0a597-81f1-7011-9024-b8d544cd9dd8,s,C,QB12,19,1,UVH5s,35,0.0,6750000.0,6.75,637,1024,0.6220703125
01a0a597-81f1-7011-9024-b8d544cd9dd8,s,C,QB12,19,1,UVH5s,36,0.0,7200000.0,7.2,662,1024,0.646484375
01a0a597-81f1-7011-9024-b8d544cd9dd8,s,C,QB12,19,1,UVH5s,37,0.0,7650000.0,7.65,733,1024,0.7158203125
01a0a597-81f1-7011-9024-b8d544cd9dd8,s,C,QB12,19,1,UVH5s,38,0.0,8100000.0,8.1,758,1024,0.740234375
01a0a597-81f1-7011-9024-b8d544cd9dd8,s,C,QB12,19,1,UVH5s,39,0.0,8550000.0,8.55,753,1024,0.7353515625
01a0a597-81f1-7011-9024-b8d544cd9dd8,s,C,QB12,19,1,UVH5s,40,0.0,9000000.0,9.0,778,1024,0.759765625
01a0a597-81f1-7011-9024-b8d544cd9dd8,s,C,QB12,19,2,UVH7s,0,0.0,-9000000.0,-9.0,698,1024,0.681640625
01a0a597-81f1-7011-9024-b8d544cd9dd8,s,C,QB12,19,2,UVH7s,1,0.0,-8550000.0,-8.55,671,1024,0.6552734375
01a0a597-81f1-7011-9024-b8d544cd9dd8,s,C,QB12,19,2,UVH7s,2,0.0,-8100000.0,-8.1,670,1024,0.654296875
01a0a597-81f1-7011-9024-b8d544cd9dd8,s,C,QB12,19,2,UVH7s,3,0.0,-7650000.0,-7.65,661,1024,0.6455078125
01a0a597-81f1-7011-9024-b8d544cd9dd8,s,C,QB12,19,2,UVH7s,4,0.0,-7200000.0,-7.2,645,1024,0.6298828125
01a0a597-81f1-7011-9024-b8d544cd9dd8,s,C,QB12,19,2,UVH7s,5,0.0,-6750000.0,-6.75,596,1024,0.58203125
01a0a597-81f1-7011-9024-b8d544cd9dd8,s,C,QB12,19,2,UVH7s,6,0.0,-6300000.0,-6.3,562,1024,0.548828125
01a0a597-81f1-7011-9024-b8d544cd9dd8,s,C,QB12,19,2,UVH7s,7,0.0,-5850000.0,-5.85,599,1024,0.5849609375
01a0a597-81f1-7011-9024-b8d544cd9dd8,s,C,QB12,19,2,UVH7s,8,0.0,-5400000.0,-5.4,553,1024,0.5400390625
01a0a597-81f1-7011-9024-b8d544cd9dd8,s,C,QB12,19,2,UVH7s,9,0.0,-4950000.0,-4.95,564,1024,0.55078125
01a0a597-81f1-7011-9024-b8d544cd9dd8,s,C,QB12,19,2,UVH7s,10,0.0,-4500000.0,-4.5,501,1024,0.4892578125
01a0a597-81f1-7011-9024-b8d544cd9dd8,s,C,QB12,19,2,UVH7s,11,0.0,-4050000.0,-4.05,500,1024,0.48828125
01a0a597-81f1-7011-9024-b8d544cd9dd8,s,C,QB12,19,2,UVH7s,12,0.0,-3600000.0,-3.6,495,1024,0.4833984375
01a0a597-81f1-7011-9024-b8d544cd9dd8,s,C,QB12,19,2,UVH7s,13,0.0,-3150000.0,-3.15,463,1024,0.4521484375
01a0a597-81f1-7011-9024-b8d544cd9dd8,s,C,QB12,19,2,UVH7s,14,0.0,-2700000.0,-2.7,470,1024,0.458984375
01a0a597-81f1-7011-9024-b8d544cd9dd8,s,C,QB12,19,2,UVH7s,15,0.0,-2250000.0,-2.25,468,1024,0.45703125
01a0a597-81f1-7011-9024-b8d544cd9dd8,s,C,QB12,19,2,UVH7s,16,0.0,-1800000.0,-1.8,458,1024,0.447265625
01a0a597-81f1-7011-9024-b8d544cd9dd8,s,C,QB12,19,2,UVH7s,17,0.0,-1350000.0,-1.35,459,1024,0.4482421875
01a0a597-81f1-7011-9024-b8d544cd9dd8,s,C,QB12,19,2,UVH7s,18,0.0,-900000.0,-0.9,441,1024,0.4306640625
01a0a597-81f1-7011-9024-b8d544cd9dd8,s,C,QB12,19,2,UVH7s,19,0.0,-450000.0,-0.45,452,1024,0.44140625
01a0a597-81f1-7011-9024-b8d544cd9dd8,s,C,QB12,19,2,UVH7s,20,0.0,0.0,0.0,458,1024,0.447265625
01a0a597-81f1-7011-9024-b8d544cd9dd8,s,C,QB12,19,2,UVH7s,21,0.0,450000.0,0.45,471,1024,0.4599609375
01a0a597-81f1-7011-9024-b8d544cd9dd8,s,C,QB12,19,2,UVH7s,22,0.0,900000.0,0.9,439,1024,0.4287109375
01a0a597-81f1-7011-9024-b8d544cd9dd8,s,C,QB12,19,2,UVH7s,23,0.0,1350000.0,1.35,443,1024,0.4326171875
01a0a597-81f1-7011-9024-b8d544cd9dd8,s,C,QB12,19,2,UVH7s,24,0.0,1800000.0,1.8,431,1024,0.4208984375
01a0a597-81f1-7011-9024-b8d544cd9dd8,s,C,QB12,19,2,UVH7s,25,0.0,2250000.0,2.25,425,1024,0.4150390625
01a0a597-81f1-7011-9024-b8d544cd9dd8,s,C,QB12,19,2,UVH7s,26,0.0,2700000.0,2.7,429,1024,0.4189453125
01a0a597-81f1-7011-9024-b8d544cd9dd8,s,C,QB12,19,2,UVH7s,27,0.0,3150000.0,3.15,411,1024,0.4013671875
01a0a597-81f1-7011-9024-b8d544cd9dd8,s,C,QB12,19,2,UVH7s,28,0.0,3600000.0,3.6,400,1024,0.390625
01a0a597-81f1-7011-9024-b8d544cd9dd8,s,C,QB12,19,2,UVH7s,29,0.0,4050000.0,4.05,418,1024,0.408203125
01a0a597-81f1-7011-9024-b8d544cd9dd8,s,C,QB12,19,2,UVH7s,30,0.0,4500000.0,4.5,412,1024,0.40234375
01a0a597-81f1-7011-9024-b8d544cd9dd8,s,C,QB12,19,2,UVH7s,31,0.0,4950000.0,4.95,409,1024,0.3994140625
01a0a597-81f1-7011-9024-b8d544cd9dd8,s,C,QB12,19,2,UVH7s,32,0.0,5400000.0,5.4,390,1024,0.380859375
01a0a597-81f1-7011-9024-b8d544cd9dd8,s,C,QB12,19,2,UVH7s,33,0.0,5850000.0,5.85,432,1024,0.421875
01a0a597-81f1-7011-9024-b8d544cd9dd8,s,C,QB12,19,2,UVH7s,34,0.0,6300000.0,6.3,430,1024,0.419921875
01a0a597-81f1-7011-9024-b8d544cd9dd8,s,C,QB12,19,2,UVH7s,35,0.0,6750000.0,6.75,459,1024,0.4482421875
01a0a597-81f1-7011-9024-b8d544cd9dd8,s,C,QB12,19,2,UVH7s,36,0.0,7200000.0,7.2,479,1024,0.4677734375
01a0a597-81f1-7011-9024-b8d544cd9dd8,s,C,QB12,19,2,UVH7s,37,0.0,7650000.0,7.65,494,1024,0.482421875
01a0a597-81f1-7011-9024-b8d544cd9dd8,s,C,QB12,19,2,UVH7s,38,0.0,8100000.0,8.1,545,1024,0.5322265625
01a0a597-81f1-7011-9024-b8d544cd9dd8,s,C,QB12,19,2,UVH7s,39,0.0,8550000.0,8.55,553,1024,0.5400390625
01a0a597-81f1-7011-9024-b8d544cd9dd8,s,C,QB12,19,2,UVH7s,40,0.0,9000000.0,9.0,546,1024,0.533203125
01a0a597-81f1-7011-9024-b8d544cd9dd8,s,C,QB12,19,3,UVH9s,0,0.0,-9000000.0,-9.0,343,1024,0.3349609375
01a0a597-81f1-7011-9024-b8d544cd9dd8,s,C,QB12,19,3,UVH9s,1,0.0,-8550000.0,-8.55,330,1024,0.322265625
01a0a597-81f1-7011-9024-b8d544cd9dd8,s,C,QB12,19,3,UVH9s,2,0.0,-8100000.0,-8.1,332,1024,0.32421875
01a0a597-81f1-7011-9024-b8d544cd9dd8,s,C,QB12,19,3,UVH9s,3,0.0,-7650000.0,-7.65,357,1024,0.3486328125
01a0a597-81f1-7011-9024-b8d544cd9dd8,s,C,QB12,19,3,UVH9s,4,0.0,-7200000.0,-7.2,410,1024,0.400390625
01a0a597-81f1-7011-9024-b8d544cd9dd8,s,C,QB12,19,3,UVH9s,5,0.0,-6750000.0,-6.75,363,1024,0.3544921875
01a0a597-81f1-7011-9024-b8d544cd9dd8,s,C,QB12,19,3,UVH9s,6,0.0,-6300000.0,-6.3,387,1024,0.3779296875
01a0a597-81f1-7011-9024-b8d544cd9dd8,s,C,QB12,19,3,UVH9s,7,0.0,-5850000.0,-5.85,403,1024,0.3935546875
01a0a597-81f1-7011-9024-b8d544cd9dd8,s,C,QB12,19,3,UVH9s,8,0.0,-5400000.0,-5.4,429,1024,0.4189453125
01a0a597-81f1-7011-9024-b8d544cd9dd8,s,C,QB12,19,3,UVH9s,9,0.0,-4950000.0,-4.95,426,1024,0.416015625
01a0a597-81f1-7011-9024-b8d544cd9dd8,s,C,QB12,19,3,UVH9s,10,0.0,-4500000.0,-4.5,452,1024,0.44140625
01a0a597-81f1-7011-9024-b8d544cd9dd8,s,C,QB12,19,3,UVH9s,11,0.0,-4050000.0,-4.05,417,1024,0.4072265625
01a0a597-81f1-7011-9024-b8d544cd9dd8,s,C,QB12,19,3,UVH9s,12,0.0,-3600000.0,-3.6,439,1024,0.4287109375
01a0a597-81f1-7011-9024-b8d544cd9dd8,s,C,QB12,19,3,UVH9s,13,0.0,-3150000.0,-3.15,458,1024,0.447265625
01a0a597-81f1-7011-9024-b8d544cd9dd8,s,C,QB12,19,3,UVH9s,14,0.0,-2700000.0,-2.7,455,1024,0.4443359375
01a0a597-81f1-7011-9024-b8d544cd9dd8,s,C,QB12,19,3,UVH9s,15,0.0,-2250000.0,-2.25,467,1024,0.4560546875
01a0a597-81f1-7011-9024-b8d544cd9dd8,s,C,QB12,19,3,UVH9s,16,0.0,-1800000.0,-1.8,489,1024,0.4775390625
01a0a597-81f1-7011-9024-b8d544cd9dd8,s,C,QB12,19,3,UVH9s,17,0.0,-1350000.0,-1.35,497,1024,0.4853515625
01a0a597-81f1-7011-9024-b8d544cd9dd8,s,C,QB12,19,3,UVH9s,18,0.0,-900000.0,-0.9,504,1024,0.4921875
01a0a597-81f1-7011-9024-b8d544cd9dd8,s,C,QB12,19,3,UVH9s,19,0.0,-450000.0,-0.45,513,1024,0.5009765625
01a0a597-81f1-7011-9024-b8d544cd9dd8,s,C,QB12,19,3,UVH9s,20,0.0,0.0,0.0,520,1024,0.5078125
01a0a597-81f1-7011-9024-b8d544cd9dd8,s,C,QB12,19,3,UVH9s,21,0.0,450000.0,0.45,531,1024,0.5185546875
01a0a597-81f1-7011-9024-b8d544cd9dd8,s,C,QB12,19,3,UVH9s,22,0.0,900000.0,0.9,561,1024,0.5478515625
01a0a597-81f1-7011-9024-b8d544cd9dd8,s,C,QB12,19,3,UVH9s,23,0.0,1350000.0,1.35,549,1024,0.5361328125
01a0a597-81f1-7011-9024-b8d544cd9dd8,s,C,QB12,19,3,UVH9s,24,0.0,1800000.0,1.8,569,1024,0.5556640625
01a0a597-81f1-7011-9024-b8d544cd9dd8,s,C,QB12,19,3,UVH9s,25,0.0,2250000.0,2.25,532,1024,0.51953125
01a0a597-81f1-7011-9024-b8d544cd9dd8,s,C,QB12,19,3,UVH9s,26,0.0,2700000.0,2.7,506,1024,0.494140625
01a0a597-81f1-7011-9024-b8d544cd9dd8,s,C,QB12,19,3,UVH9s,27,0.0,3150000.0,3.15,524,1024,0.51171875
01a0a597-81f1-7011-9024-b8d544cd9dd8,s,C,QB12,19,3,UVH9s,28,0.0,3600000.0,3.6,524,1024,0.51171875
01a0a597-81f1-7011-9024-b8d544cd9dd8,s,C,QB12,19,3,UVH9s,29,0.0,4050000.0,4.05,513,1024,0.5009765625
01a0a597-81f1-7011-9024-b8d544cd9dd8,s,C,QB12,19,3,UVH9s,30,0.0,4500000.0,4.5,473,1024,0.4619140625
01a0a597-81f1-7011-9024-b8d544cd9dd8,s,C,QB12,19,3,UVH9s,31,0.0,4950000.0,4.95,474,1024,0.462890625
01a0a597-81f1-7011-9024-b8d544cd9dd8,s,C,QB12,19,3,UVH9s,32,0.0,5400000.0,5.4,468,1024,0.45703125
01a0a597-81f1-7011-9024-b8d544cd9dd8,s,C,QB12,19,3,UVH9s,33,0.0,5850000.0,5.85,429,1024,0.4189453125
01a0a597-81f1-7011-9024-b8d544cd9dd8,s,C,QB12,19,3,UVH9s,34,0.0,6300000.0,6.3,378,1024,0.369140625
01a0a597-81f1-7011-9024-b8d544cd9dd8,s,C,QB12,19,3,UVH9s,35,0.0,6750000.0,6.75,398,1024,0.388671875
01a0a597-81f1-7011-9024-b8d544cd9dd8,s,C,QB12,19,3,UVH9s,36,0.0,7200000.0,7.2,347,1024,0.3388671875
01a0a597-81f1-7011-9024-b8d544cd9dd8,s,C,QB12,19,3,UVH9s,37,0.0,7650000.0,7.65,328,1024,0.3203125
01a0a597-81f1-7011-9024-b8d544cd9dd8,s,C,QB12,19,3,UVH9s,38,0.0,8100000.0,8.1,324,1024,0.31640625
01a0a597-81f1-7011-9024-b8d544cd9dd8,s,C,QB12,19,3,UVH9s,39,0.0,8550000.0,8.55,313,1024,0.3056640625
01a0a597-81f1-7011-9024-b8d544cd9dd8,s,C,QB12,19,3,UVH9s,40,0.0,9000000.0,9.0,275,1024,0.2685546875
01a0a597-81f1-7011-9024-b8d544cd9dd8,s,C,QB12,19,4,UVH11s,0,0.0,-9000000.0,-9.0,481,1024,0.4697265625
01a0a597-81f1-7011-9024-b8d544cd9dd8,s,C,QB12,19,4,UVH11s,1,0.0,-8550000.0,-8.55,494,1024,0.482421875
01a0a597-81f1-7011-9024-b8d544cd9dd8,s,C,QB12,19,4,UVH11s,2,0.0,-8100000.0,-8.1,437,1024,0.4267578125
01a0a597-81f1-7011-9024-b8d544cd9dd8,s,C,QB12,19,4,UVH11s,3,0.0,-7650000.0,-7.65,486,1024,0.474609375
01a0a597-81f1-7011-9024-b8d544cd9dd8,s,C,QB12,19,4,UVH11s,4,0.0,-7200000.0,-7.2,500,1024,0.48828125
01a0a597-81f1-7011-9024-b8d544cd9dd8,s,C,QB12,19,4,UVH11s,5,0.0,-6750000.0,-6.75,499,1024,0.4873046875
01a0a597-81f1-7011-9024-b8d544cd9dd8,s,C,QB12,19,4,UVH11s,6,0.0,-6300000.0,-6.3,501,1024,0.4892578125
01a0a597-81f1-7011-9024-b8d544cd9dd8,s,C,QB12,19,4,UVH11s,7,0.0,-5850000.0,-5.85,518,1024,0.505859375
01a0a597-81f1-7011-9024-b8d544cd9dd8,s,C,QB12,19,4,UVH11s,8,0.0,-5400000.0,-5.4,551,1024,0.5380859375
01a0a597-81f1-7011-9024-b8d544cd9dd8,s,C,QB12,19,4,UVH11s,9,0.0,-4950000.0,-4.95,567,1024,0.5537109375
01a0a597-81f1-7011-9024-b8d544cd9dd8,s,C,QB12,19,4,UVH11s,10,0.0,-4500000.0,-4.5,574,1024,0.560546875
01a0a597-81f1-7011-9024-b8d544cd9dd8,s,C,QB12,19,4,UVH11s,11,0.0,-4050000.0,-4.05,565,1024,0.5517578125
01a0a597-81f1-7011-9024-b8d544cd9dd8,s,C,QB12,19,4,UVH11s,12,0.0,-3600000.0,-3.6,595,1024,0.5810546875
01a0a597-81f1-7011-9024-b8d544cd9dd8,s,C,QB12,19,4,UVH11s,13,0.0,-3150000.0,-3.15,601,1024,0.5869140625
01a0a597-81f1-7011-9024-b8d544cd9dd8,s,C,QB12,19,4,UVH11s,14,0.0,-2700000.0,-2.7,616,1024,0.6015625
01a0a597-81f1-7011-9024-b8d544cd9dd8,s,C,QB12,19,4,UVH11s,15,0.0,-2250000.0,-2.25,625,1024,0.6103515625
01a0a597-81f1-7011-9024-b8d544cd9dd8,s,C,QB12,19,4,UVH11s,16,0.0,-1800000.0,-1.8,627,1024,0.6123046875
01a0a597-81f1-7011-9024-b8d544cd9dd8,s,C,QB12,19,4,UVH11s,17,0.0,-1350000.0,-1.35,626,1024,0.611328125
01a0a597-81f1-7011-9024-b8d544cd9dd8,s,C,QB12,19,4,UVH11s,18,0.0,-900000.0,-0.9,624,1024,0.609375
01a0a597-81f1-7011-9024-b8d544cd9dd8,s,C,QB12,19,4,UVH11s,19,0.0,-450000.0,-0.45,594,1024,0.580078125
01a0a597-81f1-7011-9024-b8d544cd9dd8,s,C,QB12,19,4,UVH11s,20,0.0,0.0,0.0,608,1024,0.59375
01a0a597-81f1-7011-9024-b8d544cd9dd8,s,C,QB12,19,4,UVH11s,21,0.0,450000.0,0.45,622,1024,0.607421875
01a0a597-81f1-7011-9024-b8d544cd9dd8,s,C,QB12,19,4,UVH11s,22,0.0,900000.0,0.9,628,1024,0.61328125
01a0a597-81f1-7011-9024-b8d544cd9dd8,s,C,QB12,19,4,UVH11s,23,0.0,1350000.0,1.35,619,1024,0.6044921875
01a0a597-81f1-7011-9024-b8d544cd9dd8,s,C,QB12,19,4,UVH11s,24,0.0,1800000.0,1.8,600,1024,0.5859375
01a0a597-81f1-7011-9024-b8d544cd9dd8,s,C,QB12,19,4,UVH11s,25,0.0,2250000.0,2.25,573,1024,0.5595703125
01a0a597-81f1-7011-9024-b8d544cd9dd8,s,C,QB12,19,4,UVH11s,26,0.0,2700000.0,2.7,585,1024,0.5712890625
01a0a597-81f1-7011-9024-b8d544cd9dd8,s,C,QB12,19,4,UVH11s,27,0.0,3150000.0,3.15,543,1024,0.5302734375
01a0a597-81f1-7011-9024-b8d544cd9dd8,s,C,QB12,19,4,UVH11s,28,0.0,3600000.0,3.6,536,1024,0.5234375
01a0a597-81f1-7011-9024-b8d544cd9dd8,s,C,QB12,19,4,UVH11s,29,0.0,4050000.0,4.05,502,1024,0.490234375
01a0a597-81f1-7011-9024-b8d544cd9dd8,s,C,QB12,19,4,UVH11s,30,0.0,4500000.0,4.5,499,1024,0.4873046875
01a0a597-81f1-7011-9024-b8d544cd9dd8,s,C,QB12,19,4,UVH11s,31,0.0,4950000.0,4.95,470,1024,0.458984375
01a0a597-81f1-7011-9024-b8d544cd9dd8,s,C,QB12,19,4,UVH11s,32,0.0,5400000.0,5.4,478,1024,0.466796875
01a0a597-81f1-7011-9024-b8d544cd9dd8,s,C,QB12,19,4,UVH11s,33,0.0,5850000.0,5.85,448,1024,0.4375
01a0a597-81f1-7011-9024-b8d544cd9dd8,s,C,QB12,19,4,UVH11s,34,0.0,6300000.0,6.3,422,1024,0.412109375
01a0a597-81f1-7011-9024-b8d544cd9dd8,s,C,QB12,19,4,UVH11s,35,0.0,6750000.0,6.75,433,1024,0.4228515625
01a0a597-81f1-7011-9024-b8d544cd9dd8,s,C,QB12,19,4,UVH11s,36,0.0,7200000.0,7.2,417,1024,0.4072265625
01a0a597-81f1-7011-9024-b8d544cd9dd8,s,C,QB12,19,4,UVH11s,37,0.0,7650000.0,7.65,427,1024,0.4169921875
01a0a597-81f1-7011-9024-b8d544cd9dd8,s,C,QB12,19,4,UVH11s,38,0.0,8100000.0,8.1,366,1024,0.357421875
01a0a597-81f1-7011-9024-b8d544cd9dd8,s,C,QB12,19,4,UVH11s,39,0.0,8550000.0,8.55,363,1024,0.3544921875
01a0a597-81f1-7011-9024-b8d544cd9dd8,s,C,QB12,19,4,UVH11s,40,0.0,9000000.0,9.0,369,1024,0.3603515625
01a0a597-81f1-7011-9024-b8d544cd9dd8,s,C,QB12,19,5,UVH13s,0,0.0,-9000000.0,-9.0,583,1024,0.5693359375
01a0a597-81f1-7011-9024-b8d544cd9dd8,s,C,QB12,19,5,UVH13s,1,0.0,-8550000.0,-8.55,538,1024,0.525390625
01a0a597-81f1-7011-9024-b8d544cd9dd8,s,C,QB12,19,5,UVH13s,2,0.0,-8100000.0,-8.1,557,1024,0.5439453125
01a0a597-81f1-7011-9024-b8d544cd9dd8,s,C,QB12,19,5,UVH13s,3,0.0,-7650000.0,-7.65,529,1024,0.5166015625
01a0a597-81f1-7011-9024-b8d544cd9dd8,s,C,QB12,19,5,UVH13s,4,0.0,-7200000.0,-7.2,533,1024,0.5205078125
01a0a597-81f1-7011-9024-b8d544cd9dd8,s,C,QB12,19,5,UVH13s,5,0.0,-6750000.0,-6.75,517,1024,0.5048828125
01a0a597-81f1-7011-9024-b8d544cd9dd8,s,C,QB12,19,5,UVH13s,6,0.0,-6300000.0,-6.3,558,1024,0.544921875
01a0a597-81f1-7011-9024-b8d544cd9dd8,s,C,QB12,19,5,UVH13s,7,0.0,-5850000.0,-5.85,550,1024,0.537109375
01a0a597-81f1-7011-9024-b8d544cd9dd8,s,C,QB12,19,5,UVH13s,8,0.0,-5400000.0,-5.4,525,1024,0.5126953125
01a0a597-81f1-7011-9024-b8d544cd9dd8,s,C,QB12,19,5,UVH13s,9,0.0,-4950000.0,-4.95,510,1024,0.498046875
01a0a597-81f1-7011-9024-b8d544cd9dd8,s,C,QB12,19,5,UVH13s,10,0.0,-4500000.0,-4.5,519,1024,0.5068359375
01a0a597-81f1-7011-9024-b8d544cd9dd8,s,C,QB12,19,5,UVH13s,11,0.0,-4050000.0,-4.05,548,1024,0.53515625
01a0a597-81f1-7011-9024-b8d544cd9dd8,s,C,QB12,19,5,UVH13s,12,0.0,-3600000.0,-3.6,565,1024,0.5517578125
01a0a597-81f1-7011-9024-b8d544cd9dd8,s,C,QB12,19,5,UVH13s,13,0.0,-3150000.0,-3.15,567,1024,0.5537109375
01a0a597-81f1-7011-9024-b8d544cd9dd8,s,C,QB12,19,5,UVH13s,14,0.0,-2700000.0,-2.7,540,1024,0.52734375
01a0a597-81f1-7011-9024-b8d544cd9dd8,s,C,QB12,19,5,UVH13s,15,0.0,-2250000.0,-2.25,539,1024,0.5263671875
01a0a597-81f1-7011-9024-b8d544cd9dd8,s,C,QB12,19,5,UVH13s,16,0.0,-1800000.0,-1.8,515,1024,0.5029296875
01a0a597-81f1-7011-9024-b8d544cd9dd8,s,C,QB12,19,5,UVH13s,17,0.0,-1350000.0,-1.35,555,1024,0.5419921875
01a0a597-81f1-7011-9024-b8d544cd9dd8,s,C,QB12,19,5,UVH13s,18,0.0,-900000.0,-0.9,527,1024,0.5146484375
01a0a597-81f1-7011-9024-b8d544cd9dd8,s,C,QB12,19,5,UVH13s,19,0.0,-450000.0,-0.45,496,1024,0.484375
01a0a597-81f1-7011-9024-b8d544cd9dd8,s,C,QB12,19,5,UVH13s,20,0.0,0.0,0.0,510,1024,0.498046875
01a0a597-81f1-7011-9024-b8d544cd9dd8,s,C,QB12,19,5,UVH13s,21,0.0,450000.0,0.45,477,1024,0.4658203125
01a0a597-81f1-7011-9024-b8d544cd9dd8,s,C,QB12,19,5,UVH13s,22,0.0,900000.0,0.9,470,1024,0.458984375
01a0a597-81f1-7011-9024-b8d544cd9dd8,s,C,QB12,19,5,UVH13s,23,0.0,1350000.0,1.35,477,1024,0.4658203125
01a0a597-81f1-7011-9024-b8d544cd9dd8,s,C,QB12,19,5,UVH13s,24,0.0,1800000.0,1.8,449,1024,0.4384765625
01a0a597-81f1-7011-9024-b8d544cd9dd8,s,C,QB12,19,5,UVH13s,25,0.0,2250000.0,2.25,441,1024,0.4306640625
01a0a597-81f1-7011-9024-b8d544cd9dd8,s,C,QB12,19,5,UVH13s,26,0.0,2700000.0,2.7,446,1024,0.435546875
01a0a597-81f1-7011-9024-b8d544cd9dd8,s,C,QB12,19,5,UVH13s,27,0.0,3150000.0,3.15,463,1024,0.4521484375
01a0a597-81f1-7011-9024-b8d544cd9dd8,s,C,QB12,19,5,UVH13s,28,0.0,3600000.0,3.6,448,1024,0.4375
01a0a597-81f1-7011-9024-b8d544cd9dd8,s,C,QB12,19,5,UVH13s,29,0.0,4050000.0,4.05,470,1024,0.458984375
01a0a597-81f1-7011-9024-b8d544cd9dd8,s,C,QB12,19,5,UVH13s,30,0.0,4500000.0,4.5,480,1024,0.46875
01a0a597-81f1-7011-9024-b8d544cd9dd8,s,C,QB12,19,5,UVH13s,31,0.0,4950000.0,4.95,496,1024,0.484375
01a0a597-81f1-7011-9024-b8d544cd9dd8,s,C,QB12,19,5,UVH13s,32,0.0,5400000.0,5.4,518,1024,0.505859375
01a0a597-81f1-7011-9024-b8d544cd9dd8,s,C,QB12,19,5,UVH13s,33,0.0,5850000.0,5.85,538,1024,0.525390625
01a0a597-81f1-7011-9024-b8d544cd9dd8,s,C,QB12,19,5,UVH13s,34,0.0,6300000.0,6.3,499,1024,0.4873046875
01a0a597-81f1-7011-9024-b8d544cd9dd8,s,C,QB12,19,5,UVH13s,35,0.0,6750000.0,6.75,534,1024,0.521484375
01a0a597-81f1-7011-9024-b8d544cd9dd8,s,C,QB12,19,5,UVH13s,36,0.0,7200000.0,7.2,525,1024,0.5126953125
01a0a597-81f1-7011-9024-b8d544cd9dd8,s,C,QB12,19,5,UVH13s,37,0.0,7650000.0,7.65,533,1024,0.5205078125
01a0a597-81f1-7011-9024-b8d544cd9dd8,s,C,QB12,19,5,UVH13s,38,0.0,8100000.0,8.1,531,1024,0.5185546875
01a0a597-81f1-7011-9024-b8d544cd9dd8,s,C,QB12,19,5,UVH13s,39,0.0,8550000.0,8.55,509,1024,0.4970703125
01a0a597-81f1-7011-9024-b8d544cd9dd8,s,C,QB12,19,5,UVH13s,40,0.0,9000000.0,9.0,487,1024,0.4755859375
