job_id,family,panel,qubit,logical_q,circuit_idx,circuit,sweep_idx,epsilon,detuning_Hz,detuning_MHz,n1,shots,p1_raw
01a0a57f-e612-73a0-a4c0-523ced5dc57c,d,D,QB8,0,0,standard_pi_2,0,0.07,-9000000.0,-9.0,630,1024,0.615234375
01a0a57f-e612-73a0-a4c0-523ced5dc57c,d,D,QB8,0,0,standard_pi_2,1,0.07,-8550000.0,-8.55,604,1024,0.58984375
01a0a57f-e612-73a0-a4c0-523ced5dc57c,d,D,QB8,0,0,standard_pi_2,2,0.07,-8100000.0,-8.1,579,1024,0.5654296875
01a0a57f-e612-73a0-a4c0-523ced5dc57c,d,D,QB8,0,0,standard_pi_2,3,0.07,-7650000.0,-7.65,598,1024,0.583984375
01a0a57f-e612-73a0-a4c0-523ced5dc57c,d,D,QB8,0,0,standard_pi_2,4,0.07,-7200000.0,-7.2,554,1024,0.541015625
01a0a57f-e612-73a0-a4c0-523ced5dc57c,d,D,QB8,0,0,standard_pi_2,5,0.07,-6750000.0,-6.75,578,1024,0.564453125
01a0a57f-e612-73a0-a4c0-523ced5dc57c,d,D,QB8,0,0,standard_pi_2,6,0.07,-6300000.0,-6.3,580,1024,0.56640625
01a0a57f-e612-73a0-a4c0-523ced5dc57c,d,D,QB8,0,0,standard_pi_2,7,0.07,-5850000.0,-5.85,552,1024,0.5390625
01a0a57f-e612-73a0-a4c0-523ced5dc57c,d,D,QB8,0,0,standard_pi_2,8,0.07,-5400000.0,-5.4,537,1024,0.5244140625
01a0a57f-e612-73a0-a4c0-523ced5dc57c,d,D,QB8,0,0,standard_pi_2,9,0.07,-4950000.0,-4.95,588,1024,0.57421875
01a0a57f-e612-73a0-a4c0-523ced5dc57c,d,D,QB8,0,0,standard_pi_2,10,0.07,-4500000.0,-4.5,544,1024,0.53125
01a0a57f-e612-73a0-a4c0-523ced5dc57c,d,D,QB8,0,0,standard_pi_2,11,0.07,-4050000.0,-4.05,550,1024,0.537109375
01a0a57f-e612-73a0-a4c0-523ced5dc57c,d,D,QB8,0,0,standard_pi_2,12,0.07,-3600000.0,-3.6,584,1024,0.5703125
01a0a57f-e612-73a0-a4c0-523ced5dc57c,d,D,QB8,0,0,standard_pi_2,13,0.07,-3150000.0,-3.15,569,1024,0.5556640625
01a0a57f-e612-73a0-a4c0-523ced5dc57c,d,D,QB8,0,0,standard_pi_2,14,0.07,-2700000.0,-2.7,571,1024,0.5576171875
01a0a57f-e612-73a0-a4c0-523ced5dc57c,d,D,QB8,0,0,standard_pi_2,15,0.07,-2250000.0,-2.25,564,1024,0.55078125
01a0a57f-e612-73a0-a4c0-523ced5dc57c,d,D,QB8,0,0,standard_pi_2,16,0.07,-1800000.0,-1.8,526,1024,0.513671875
01a0a57f-e612-73a0-a4c0-523ced5dc57c,d,D,QB8,0,0,standard_pi_2,17,0.07,-1350000.0,-1.35,559,1024,0.5458984375
01a0a57f-e612-73a0-a4c0-523ced5dc57c,d,D,QB8,0,0,standard_pi_2,18,0.07,-900000.0,-0.9,550,1024,0.537109375
01a0a57f-e612-73a0-a4c0-523ced5dc57c,d,D,QB8,0,0,standard_pi_2,19,0.07,-450000.0,-0.45,557,1024,0.5439453125
01a0a57f-e612-73a0-a4c0-523ced5dc57c,d,D,QB8,0,0,standard_pi_2,20,0.07,0.0,0.0,548,1024,0.53515625
01a0a57f-e612-73a0-a4c0-523ced5dc57c,d,D,QB8,0,0,standard_pi_2,21,0.07,450000.0,0.45,544,1024,0.53125
01a0a57f-e612-73a0-a4c0-523ced5dc57c,d,D,QB8,0,0,standard_pi_2,22,0.07,900000.0,0.9,512,1024,0.5
01a0a57f-e612-73a0-a4c0-523ced5dc57c,d,D,QB8,0,0,standard_pi_2,23,0.07,1350000.0,1.35,544,1024,0.53125
01a0a57f-e612-73a0-a4c0-523ced5dc57c,d,D,QB8,0,0,standard_pi_2,24,0.07,1800000.0,1.8,528,1024,0.515625
01a0a57f-e612-73a0-a4c0-523ced5dc57c,d,D,QB8,0,0,standard_pi_2,25,0.07,2250000.0,2.25,520,1024,0.5078125
01a0a57f-e612-73a0-a4c0-523ced5dc57c,d,D,QB8,0,0,standard_pi_2,26,0.07,2700000.0,2.7,489,1024,0.4775390625
01a0a57f-e612-73a0-a4c0-523ced5dc57c,d,D,QB8,0,0,standard_pi_2,27,0.07,3150000.0,3.15,547,1024,0.5341796875
01a0a57f-e612-73a0-a4c0-523ced5dc57c,d,D,QB8,0,0,standard_pi_2,28,0.07,3600000.0,3.6,554,1024,0.541015625
01a0a57f-e612-73a0-a4c0-523ced5dc57c,d,D,QB8,0,0,standard_pi_2,29,0.07,4050000.0,4.05,545,1024,0.5322265625
01a0a57f-e612-73a0-a4c0-523ced5dc57c,d,D,QB8,0,0,standard_pi_2,30,0.07,4500000.0,4.5,502,1024,0.490234375
01a0a57f-e612-73a0-a4c0-523ced5dc57c,d,D,QB8,0,0,standard_pi_2,31,0.07,4950000.0,4.95,522,1024,0.509765625
01a0a57f-e612-73a0-a4c0-523ced5dc57c,d,D,QB8,0,0,standard_pi_2,32,0.07,5400000.0,5.4,517,1024,0.5048828125
01a0a57f-e612-73a0-a4c0-523ced5dc57c,d,D,QB8,0,0,standard_pi_2,33,0.07,5850000.0,5.85,507,1024,0.4951171875
01a0a57f-e612-73a0-a4c0-523ced5dc57c,d,D,QB8,0,0,standard_pi_2,34,0.07,6300000.0,6.3,520,1024,0.5078125
01a0a57f-e612-73a0-a4c0-523ced5dc57c,d,D,QB8,0,0,standard_pi_2,35,0.07,6750000.0,6.75,519,1024,0.5068359375
01a0a57f-e612-73a0-a4c0-523ced5dc57c,d,D,QB8,0,0,standard_pi_2,36,0.07,7200000.0,7.2,516,1024,0.50390625
01a0a57f-e612-73a0-a4c0-523ced5dc57c,d,D,QB8,0,0,standard_pi_2,37,0.07,7650000.0,7.65,494,1024,0.482421875
01a0a57f-e612-73a0-a4c0-523ced5dc57c,d,D,QB8,0,0,standard_pi_2,38,0.07,8100000.0,8.1,470,1024,0.458984375
01a0a57f-e612-73a0-a4c0-523ced5dc57c,d,D,QB8,0,0,standard_pi_2,39,0.07,8550000.0,8.55,497,1024,0.4853515625
01a0a57f-e612-73a0-a4c0-523ced5dc57c,d,D,QB8,0,0,standard_pi_2,40,0.07,9000000.0,9.0,460,1024,0.44921875
01a0a57f-e612-73a0-a4c0-523ced5dc57c,d,D,QB8,0,1,UVH4d,0,0.07,-9000000.0,-9.0,349,1024,0.3408203125
01a0a57f-e612-73a0-a4c0-523ced5dc57c,d,D,QB8,0,1,UVH4d,1,0.07,-8550000.0,-8.55,400,1024,0.390625
01a0a57f-e612-73a0-a4c0-523ced5dc57c,d,D,QB8,0,1,UVH4d,2,0.07,-8100000.0,-8.1,416,1024,0.40625
01a0a57f-e612-73a0-a4c0-523ced5dc57c,d,D,QB8,0,1,UVH4d,3,0.07,-7650000.0,-7.65,364,1024,0.35546875
01a0a57f-e612-73a0-a4c0-523ced5dc57c,d,D,QB8,0,1,UVH4d,4,0.07,-7200000.0,-7.2,404,1024,0.39453125
01a0a57f-e612-73a0-a4c0-523ced5dc57c,d,D,QB8,0,1,UVH4d,5,0.07,-6750000.0,-6.75,432,1024,0.421875
01a0a57f-e612-73a0-a4c0-523ced5dc57c,d,D,QB8,0,1,UVH4d,6,0.07,-6300000.0,-6.3,412,1024,0.40234375
01a0a57f-e612-73a0-a4c0-523ced5dc57c,d,D,QB8,0,1,UVH4d,7,0.07,-5850000.0,-5.85,421,1024,0.4111328125
01a0a57f-e612-73a0-a4c0-523ced5dc57c,d,D,QB8,0,1,UVH4d,8,0.07,-5400000.0,-5.4,451,1024,0.4404296875
01a0a57f-e612-73a0-a4c0-523ced5dc57c,d,D,QB8,0,1,UVH4d,9,0.07,-4950000.0,-4.95,438,1024,0.427734375
01a0a57f-e612-73a0-a4c0-523ced5dc57c,d,D,QB8,0,1,UVH4d,10,0.07,-4500000.0,-4.5,458,1024,0.447265625
01a0a57f-e612-73a0-a4c0-523ced5dc57c,d,D,QB8,0,1,UVH4d,11,0.07,-4050000.0,-4.05,468,1024,0.45703125
01a0a57f-e612-73a0-a4c0-523ced5dc57c,d,D,QB8,0,1,UVH4d,12,0.07,-3600000.0,-3.6,494,1024,0.482421875
01a0a57f-e612-73a0-a4c0-523ced5dc57c,d,D,QB8,0,1,UVH4d,13,0.07,-3150000.0,-3.15,486,1024,0.474609375
01a0a57f-e612-73a0-a4c0-523ced5dc57c,d,D,QB8,0,1,UVH4d,14,0.07,-2700000.0,-2.7,474,1024,0.462890625
01a0a57f-e612-73a0-a4c0-523ced5dc57c,d,D,QB8,0,1,UVH4d,15,0.07,-2250000.0,-2.25,511,1024,0.4990234375
01a0a57f-e612-73a0-a4c0-523ced5dc57c,d,D,QB8,0,1,UVH4d,16,0.07,-1800000.0,-1.8,499,1024,0.4873046875
01a0a57f-e612-73a0-a4c0-523ced5dc57c,d,D,QB8,0,1,UVH4d,17,0.07,-1350000.0,-1.35,521,1024,0.5087890625
01a0a57f-e612-73a0-a4c0-523ced5dc57c,d,D,QB8,0,1,UVH4d,18,0.07,-900000.0,-0.9,547,1024,0.5341796875
01a0a57f-e612-73a0-a4c0-523ced5dc57c,d,D,QB8,0,1,UVH4d,19,0.07,-450000.0,-0.45,500,1024,0.48828125
01a0a57f-e612-73a0-a4c0-523ced5dc57c,d,D,QB8,0,1,UVH4d,20,0.07,0.0,0.0,505,1024,0.4931640625
01a0a57f-e612-73a0-a4c0-523ced5dc57c,d,D,QB8,0,1,UVH4d,21,0.07,450000.0,0.45,492,1024,0.48046875
01a0a57f-e612-73a0-a4c0-523ced5dc57c,d,D,QB8,0,1,UVH4d,22,0.07,900000.0,0.9,508,1024,0.49609375
01a0a57f-e612-73a0-a4c0-523ced5dc57c,d,D,QB8,0,1,UVH4d,23,0.07,1350000.0,1.35,520,1024,0.5078125
01a0a57f-e612-73a0-a4c0-523ced5dc57c,d,D,QB8,0,1,UVH4d,24,0.07,1800000.0,1.8,529,1024,0.5166015625
01a0a57f-e612-73a0-a4c0-523ced5dc57c,d,D,QB8,0,1,UVH4d,25,0.07,2250000.0,2.25,539,1024,0.5263671875
01a0a57f-e612-73a0-a4c0-523ced5dc57c,d,D,QB8,0,1,UVH4d,26,0.07,2700000.0,2.7,503,1024,0.4912109375
01a0a57f-e612-73a0-a4c0-523ced5dc57c,d,D,QB8,0,1,UVH4d,27,0.07,3150000.0,3.15,504,1024,0.4921875
01a0a57f-e612-73a0-a4c0-523ced5dc57c,d,D,QB8,0,1,UVH4d,28,0.07,3600000.0,3.6,521,1024,0.5087890625
01a0a57f-e612-73a0-a4c0-523ced5dc57c,d,D,QB8,0,1,UVH4d,29,0.07,4050000.0,4.05,529,1024,0.5166015625
01a0a57f-e612-73a0-a4c0-523ced5dc57c,d,D,QB8,0,1,UVH4d,30,0.07,4500000.0,4.5,558,1024,0.544921875
01a0a57f-e612-73a0-a4c0-523ced5dc57c,d,D,QB8,0,1,UVH4d,31,0.07,4950000.0,4.95,547,1024,0.5341796875
01a0a57f-e612-73a0-a4c0-523ced5dc57c,d,D,QB8,0,1,UVH4d,32,0.07,5400000.0,5.4,533,1024,0.5205078125
01a0a57f-e612-73a0-a4c0-523ced5dc57c,d,D,QB8,0,1,UVH4d,33,0.07,5850000.0,5.85,528,1024,0.515625
01a0a57f-e612-73a0-a4c0-523ced5dc57c,d,D,QB8,0,1,UVH4d,34,0.07,6300000.0,6.3,580,1024,0.56640625
01a0a57f-e612-73a0-a4c0-523ced5dc57c,d,D,QB8,0,1,UVH4d,35,0.07,6750000.0,6.75,567,1024,0.5537109375
01a0a57f-e612-73a0-a4c0-523ced5dc57c,d,D,QB8,0,1,UVH4d,36,0.07,7200000.0,7.2,571,1024,0.5576171875
01a0a57f-e612-73a0-a4c0-523ced5dc57c,d,D,QB8,0,1,UVH4d,37,0.07,7650000.0,7.65,559,1024,0.5458984375
01a0a57f-e612-73a0-a4c0-523ced5dc57c,d,D,QB8,0,1,UVH4d,38,0.07,8100000.0,8.1,606,1024,0.591796875
01a0a57f-e612-73a0-a4c0-523ced5dc57c,d,D,QB8,0,1,UVH4d,39,0.07,8550000.0,8.55,603,1024,0.5888671875
01a0a57f-e612-73a0-a4c0-523ced5dc57c,d,D,QB8,0,1,UVH4d,40,0.07,9000000.0,9.0,613,1024,0.5986328125
01a0a57f-e612-73a0-a4c0-523ced5dc57c,d,D,QB8,0,2,UVH5d,0,0.07,-9000000.0,-9.0,143,1024,0.1396484375
01a0a57f-e612-73a0-a4c0-523ced5dc57c,d,D,QB8,0,2,UVH5d,1,0.07,-8550000.0,-8.55,157,1024,0.1533203125
01a0a57f-e612-73a0-a4c0-523ced5dc57c,d,D,QB8,0,2,UVH5d,2,0.07,-8100000.0,-8.1,186,1024,0.181640625
01a0a57f-e612-73a0-a4c0-523ced5dc57c,d,D,QB8,0,2,UVH5d,3,0.07,-7650000.0,-7.65,211,1024,0.2060546875
01a0a57f-e612-73a0-a4c0-523ced5dc57c,d,D,QB8,0,2,UVH5d,4,0.07,-7200000.0,-7.2,243,1024,0.2373046875
01a0a57f-e612-73a0-a4c0-523ced5dc57c,d,D,QB8,0,2,UVH5d,5,0.07,-6750000.0,-6.75,257,1024,0.2509765625
01a0a57f-e612-73a0-a4c0-523ced5dc57c,d,D,QB8,0,2,UVH5d,6,0.07,-6300000.0,-6.3,283,1024,0.2763671875
01a0a57f-e612-73a0-a4c0-523ced5dc57c,d,D,QB8,0,2,UVH5d,7,0.07,-5850000.0,-5.85,317,1024,0.3095703125
01a0a57f-e612-73a0-a4c0-523ced5dc57c,d,D,QB8,0,2,UVH5d,8,0.07,-5400000.0,-5.4,347,1024,0.3388671875
01a0a57f-e612-73a0-a4c0-523ced5dc57c,d,D,QB8,0,2,UVH5d,9,0.07,-4950000.0,-4.95,375,1024,0.3662109375
01a0a57f-e612-73a0-a4c0-523ced5dc57c,d,D,QB8,0,2,UVH5d,10,0.07,-4500000.0,-4.5,381,1024,0.3720703125
01a0a57f-e612-73a0-a4c0-523ced5dc57c,d,D,QB8,0,2,UVH5d,11,0.07,-4050000.0,-4.05,425,1024,0.4150390625
01a0a57f-e612-73a0-a4c0-523ced5dc57c,d,D,QB8,0,2,UVH5d,12,0.07,-3600000.0,-3.6,407,1024,0.3974609375
01a0a57f-e612-73a0-a4c0-523ced5dc57c,d,D,QB8,0,2,UVH5d,13,0.07,-3150000.0,-3.15,473,1024,0.4619140625
01a0a57f-e612-73a0-a4c0-523ced5dc57c,d,D,QB8,0,2,UVH5d,14,0.07,-2700000.0,-2.7,478,1024,0.466796875
01a0a57f-e612-73a0-a4c0-523ced5dc57c,d,D,QB8,0,2,UVH5d,15,0.07,-2250000.0,-2.25,513,1024,0.5009765625
01a0a57f-e612-73a0-a4c0-523ced5dc57c,d,D,QB8,0,2,UVH5d,16,0.07,-1800000.0,-1.8,481,1024,0.4697265625
01a0a57f-e612-73a0-a4c0-523ced5dc57c,d,D,QB8,0,2,UVH5d,17,0.07,-1350000.0,-1.35,490,1024,0.478515625
01a0a57f-e612-73a0-a4c0-523ced5dc57c,d,D,QB8,0,2,UVH5d,18,0.07,-900000.0,-0.9,503,1024,0.4912109375
01a0a57f-e612-73a0-a4c0-523ced5dc57c,d,D,QB8,0,2,UVH5d,19,0.07,-450000.0,-0.45,497,1024,0.4853515625
01a0a57f-e612-73a0-a4c0-523ced5dc57c,d,D,QB8,0,2,UVH5d,20,0.07,0.0,0.0,512,1024,0.5
01a0a57f-e612-73a0-a4c0-523ced5dc57c,d,D,QB8,0,2,UVH5d,21,0.07,450000.0,0.45,500,1024,0.48828125
01a0a57f-e612-73a0-a4c0-523ced5dc57c,d,D,QB8,0,2,UVH5d,22,0.07,900000.0,0.9,495,1024,0.4833984375
01a0a57f-e612-73a0-a4c0-523ced5dc57c,d,D,QB8,0,2,UVH5d,23,0.07,1350000.0,1.35,480,1024,0.46875
01a0a57f-e612-73a0-a4c0-523ced5dc57c,d,D,QB8,0,2,UVH5d,24,0.07,1800000.0,1.8,477,1024,0.4658203125
01a0a57f-e612-73a0-a4c0-523ced5dc57c,d,D,QB8,0,2,UVH5d,25,0.07,2250000.0,2.25,485,1024,0.4736328125
01a0a57f-e612-73a0-a4c0-523ced5dc57c,d,D,QB8,0,2,UVH5d,26,0.07,2700000.0,2.7,484,1024,0.47265625
01a0a57f-e612-73a0-a4c0-523ced5dc57c,d,D,QB8,0,2,UVH5d,27,0.07,3150000.0,3.15,457,1024,0.4462890625
01a0a57f-e612-73a0-a4c0-523ced5dc57c,d,D,QB8,0,2,UVH5d,28,0.07,3600000.0,3.6,504,1024,0.4921875
01a0a57f-e612-73a0-a4c0-523ced5dc57c,d,D,QB8,0,2,UVH5d,29,0.07,4050000.0,4.05,479,1024,0.4677734375
01a0a57f-e612-73a0-a4c0-523ced5dc57c,d,D,QB8,0,2,UVH5d,30,0.07,4500000.0,4.5,490,1024,0.478515625
01a0a57f-e612-73a0-a4c0-523ced5dc57c,d,D,QB8,0,2,UVH5d,31,0.07,4950000.0,4.95,459,1024,0.4482421875
01a0a57f-e612-73a0-a4c0-523ced5dc57c,d,D,QB8,0,2,UVH5d,32,0.07,5400000.0,5.4,501,1024,0.4892578125
01a0a57f-e612-73a0-a4c0-523ced5dc57c,d,D,QB8,0,2,UVH5d,33,0.07,5850000.0,5.85,498,1024,0.486328125
01a0a57f-e612-73a0-a4c0-523ced5dc57c,d,D,QB8,0,2,UVH5d,34,0.07,6300000.0,6.3,478,1024,0.466796875
01a0a57f-e612-73a0-a4c0-523ced5dc57c,d,D,QB8,0,2,UVH5d,35,0.07,6750000.0,6.75,518,1024,0.505859375
01a0a57f-e612-73a0-a4c0-523ced5dc57c,d,D,QB8,0,2,UVH5d,36,0.07,7200000.0,7.2,503,1024,0.4912109375
01a0a57f-e612-73a0-a4c0-523ced5dc57c,d,D,QB8,0,2,UVH5d,37,0.07,7650000.0,7.65,494,1024,0.482421875
01a0a57f-e612-73a0-a4c0-523ced5dc57c,d,D,QB8,0,2,UVH5d,38,0.07,8100000.0,8.1,509,1024,0.4970703125
01a0a57f-e612-73a0-a4c0-523ced5dc57c,d,D,QB8,0,2,UVH5d,39,0.07,8550000.0,8.55,515,1024,0.5029296875
01a0a57f-e612-73a0-a4c0-523ced5dc57c,d,D,QB8,0,2,UVH5d,40,0.07,9000000.0,9.0,502,1024,0.490234375
01a0a57f-e612-73a0-a4c0-523ced5dc57c,d,D,QB8,0,3,UVH6d,0,0.07,-9000000.0,-9.0,572,1024,0.55859375
01a0a57f-e612-73a0-a4c0-523ced5dc57c,d,D,QB8,0,3,UVH6d,1,0.07,-8550000.0,-8.55,570,1024,0.556640625
01a0a57f-e612-73a0-a4c0-523ced5dc57c,d,D,QB8,0,3,UVH6d,2,0.07,-8100000.0,-8.1,559,1024,0.5458984375
01a0a57f-e612-73a0-a4c0-523ced5dc57c,d,D,QB8,0,3,UVH6d,3,0.07,-7650000.0,-7.65,496,1024,0.484375
01a0a57f-e612-73a0-a4c0-523ced5dc57c,d,D,QB8,0,3,UVH6d,4,0.07,-7200000.0,-7.2,549,1024,0.5361328125
01a0a57f-e612-73a0-a4c0-523ced5dc57c,d,D,QB8,0,3,UVH6d,5,0.07,-6750000.0,-6.75,527,1024,0.5146484375
01a0a57f-e612-73a0-a4c0-523ced5dc57c,d,D,QB8,0,3,UVH6d,6,0.07,-6300000.0,-6.3,537,1024,0.5244140625
01a0a57f-e612-73a0-a4c0-523ced5dc57c,d,D,QB8,0,3,UVH6d,7,0.07,-5850000.0,-5.85,506,1024,0.494140625
01a0a57f-e612-73a0-a4c0-523ced5dc57c,d,D,QB8,0,3,UVH6d,8,0.07,-5400000.0,-5.4,508,1024,0.49609375
01a0a57f-e612-73a0-a4c0-523ced5dc57c,d,D,QB8,0,3,UVH6d,9,0.07,-4950000.0,-4.95,493,1024,0.4814453125
01a0a57f-e612-73a0-a4c0-523ced5dc57c,d,D,QB8,0,3,UVH6d,10,0.07,-4500000.0,-4.5,533,1024,0.5205078125
01a0a57f-e612-73a0-a4c0-523ced5dc57c,d,D,QB8,0,3,UVH6d,11,0.07,-4050000.0,-4.05,490,1024,0.478515625
01a0a57f-e612-73a0-a4c0-523ced5dc57c,d,D,QB8,0,3,UVH6d,12,0.07,-3600000.0,-3.6,499,1024,0.4873046875
01a0a57f-e612-73a0-a4c0-523ced5dc57c,d,D,QB8,0,3,UVH6d,13,0.07,-3150000.0,-3.15,495,1024,0.4833984375
01a0a57f-e612-73a0-a4c0-523ced5dc57c,d,D,QB8,0,3,UVH6d,14,0.07,-2700000.0,-2.7,499,1024,0.4873046875
01a0a57f-e612-73a0-a4c0-523ced5dc57c,d,D,QB8,0,3,UVH6d,15,0.07,-2250000.0,-2.25,494,1024,0.482421875
01a0a57f-e612-73a0-a4c0-523ced5dc57c,d,D,QB8,0,3,UVH6d,16,0.07,-1800000.0,-1.8,482,1024,0.470703125
01a0a57f-e612-73a0-a4c0-523ced5dc57c,d,D,QB8,0,3,UVH6d,17,0.07,-1350000.0,-1.35,476,1024,0.46484375
01a0a57f-e612-73a0-a4c0-523ced5dc57c,d,D,QB8,0,3,UVH6d,18,0.07,-900000.0,-0.9,501,1024,0.4892578125
01a0a57f-e612-73a0-a4c0-523ced5dc57c,d,D,QB8,0,3,UVH6d,19,0.07,-450000.0,-0.45,518,1024,0.505859375
01a0a57f-e612-73a0-a4c0-523ced5dc57c,d,D,QB8,0,3,UVH6d,20,0.07,0.0,0.0,516,1024,0.50390625
01a0a57f-e612-73a0-a4c0-523ced5dc57c,d,D,QB8,0,3,UVH6d,21,0.07,450000.0,0.45,492,1024,0.48046875
01a0a57f-e612-73a0-a4c0-523ced5dc57c,d,D,QB8,0,3,UVH6d,22,0.07,900000.0,0.9,505,1024,0.4931640625
01a0a57f-e612-73a0-a4c0-523ced5dc57c,d,D,QB8,0,3,UVH6d,23,0.07,1350000.0,1.35,490,1024,0.478515625
01a0a57f-e612-73a0-a4c0-523ced5dc57c,d,D,QB8,0,3,UVH6d,24,0.07,1800000.0,1.8,520,1024,0.5078125
01a0a57f-e612-73a0-a4c0-523ced5dc57c,d,D,QB8,0,3,UVH6d,25,0.07,2250000.0,2.25,494,1024,0.482421875
01a0a57f-e612-73a0-a4c0-523ced5dc57c,d,D,QB8,0,3,UVH6d,26,0.07,2700000.0,2.7,502,1024,0.490234375
01a0a57f-e612-73a0-a4c0-523ced5dc57c,d,D,QB8,0,3,UVH6d,27,0.07,3150000.0,3.15,505,1024,0.4931640625
01a0a57f-e612-73a0-a4c0-523ced5dc57c,d,D,QB8,0,3,UVH6d,28,0.07,3600000.0,3.6,491,1024,0.4794921875
01a0a57f-e612-73a0-a4c0-523ced5dc57c,d,D,QB8,0,3,UVH6d,29,0.07,4050000.0,4.05,523,1024,0.5107421875
01a0a57f-e612-73a0-a4c0-523ced5dc57c,d,D,QB8,0,3,UVH6d,30,0.07,4500000.0,4.5,506,1024,0.494140625
01a0a57f-e612-73a0-a4c0-523ced5dc57c,d,D,QB8,0,3,UVH6d,31,0.07,4950000.0,4.95,505,1024,0.4931640625
01a0a57f-e612-73a0-a4c0-523ced5dc57c,d,D,QB8,0,3,UVH6d,32,0.07,5400000.0,5.4,534,1024,0.521484375
01a0a57f-e612-73a0-a4c0-523ced5dc57c,d,D,QB8,0,3,UVH6d,33,0.07,5850000.0,5.85,528,1024,0.515625
01a0a57f-e612-73a0-a4c0-523ced5dc57c,d,D,QB8,0,3,UVH6d,34,0.07,6300000.0,6.3,516,1024,0.50390625
01a0a57f-e612-73a0-a4c0-523ced5dc57c,d,D,QB8,0,3,UVH6d,35,0.07,6750000.0,6.75,538,1024,0.525390625
01a0a57f-e612-73a0-a4c0-523ced5dc57c,d,D,QB8,0,3,UVH6d,36,0.07,7200000.0,7.2,582,1024,0.568359375
01a0a57f-e612-73a0-a4c0-523ced5dc57c,d,D,QB8,0,3,UVH6d,37,0.07,7650000.0,7.65,576,1024,0.5625
01a0a57f-e612-73a0-a4c0-523ced5dc57c,d,D,QB8,0,3,UVH6d,38,0.07,8100000.0,8.1,573,1024,0.5595703125
01a0a57f-e612-73a0-a4c0-523ced5dc57c,d,D,QB8,0,3,UVH6d,39,0.07,8550000.0,8.55,588,1024,0.57421875
01a0a57f-e612-73a0-a4c0-523ced5dc57c,d,D,QB8,0,3,UVH6d,40,0.07,9000000.0,9.0,661,1024,0.6455078125
01a0a57f-e612-73a0-a4c0-523ced5dc57c,d,D,QB8,0,4,UVH7d,0,0.07,-9000000.0,-9.0,636,1024,0.62109375
01a0a57f-e612-73a0-a4c0-523ced5dc57c,d,D,QB8,0,4,UVH7d,1,0.07,-8550000.0,-8.55,593,1024,0.5791015625
01a0a57f-e612-73a0-a4c0-523ced5dc57c,d,D,QB8,0,4,UVH7d,2,0.07,-8100000.0,-8.1,596,1024,0.58203125
01a0a57f-e612-73a0-a4c0-523ced5dc57c,d,D,QB8,0,4,UVH7d,3,0.07,-7650000.0,-7.65,553,1024,0.5400390625
01a0a57f-e612-73a0-a4c0-523ced5dc57c,d,D,QB8,0,4,UVH7d,4,0.07,-7200000.0,-7.2,572,1024,0.55859375
01a0a57f-e612-73a0-a4c0-523ced5dc57c,d,D,QB8,0,4,UVH7d,5,0.07,-6750000.0,-6.75,544,1024,0.53125
01a0a57f-e612-73a0-a4c0-523ced5dc57c,d,D,QB8,0,4,UVH7d,6,0.07,-6300000.0,-6.3,540,1024,0.52734375
01a0a57f-e612-73a0-a4c0-523ced5dc57c,d,D,QB8,0,4,UVH7d,7,0.07,-5850000.0,-5.85,540,1024,0.52734375
01a0a57f-e612-73a0-a4c0-523ced5dc57c,d,D,QB8,0,4,UVH7d,8,0.07,-5400000.0,-5.4,561,1024,0.5478515625
01a0a57f-e612-73a0-a4c0-523ced5dc57c,d,D,QB8,0,4,UVH7d,9,0.07,-4950000.0,-4.95,529,1024,0.5166015625
01a0a57f-e612-73a0-a4c0-523ced5dc57c,d,D,QB8,0,4,UVH7d,10,0.07,-4500000.0,-4.5,522,1024,0.509765625
01a0a57f-e612-73a0-a4c0-523ced5dc57c,d,D,QB8,0,4,UVH7d,11,0.07,-4050000.0,-4.05,551,1024,0.5380859375
01a0a57f-e612-73a0-a4c0-523ced5dc57c,d,D,QB8,0,4,UVH7d,12,0.07,-3600000.0,-3.6,511,1024,0.4990234375
01a0a57f-e612-73a0-a4c0-523ced5dc57c,d,D,QB8,0,4,UVH7d,13,0.07,-3150000.0,-3.15,513,1024,0.5009765625
01a0a57f-e612-73a0-a4c0-523ced5dc57c,d,D,QB8,0,4,UVH7d,14,0.07,-2700000.0,-2.7,557,1024,0.5439453125
01a0a57f-e612-73a0-a4c0-523ced5dc57c,d,D,QB8,0,4,UVH7d,15,0.07,-2250000.0,-2.25,536,1024,0.5234375
01a0a57f-e612-73a0-a4c0-523ced5dc57c,d,D,QB8,0,4,UVH7d,16,0.07,-1800000.0,-1.8,515,1024,0.5029296875
01a0a57f-e612-73a0-a4c0-523ced5dc57c,d,D,QB8,0,4,UVH7d,17,0.07,-1350000.0,-1.35,544,1024,0.53125
01a0a57f-e612-73a0-a4c0-523ced5dc57c,d,D,QB8,0,4,UVH7d,18,0.07,-900000.0,-0.9,544,1024,0.53125
01a0a57f-e612-73a0-a4c0-523ced5dc57c,d,D,QB8,0,4,UVH7d,19,0.07,-450000.0,-0.45,545,1024,0.5322265625
01a0a57f-e612-73a0-a4c0-523ced5dc57c,d,D,QB8,0,4,UVH7d,20,0.07,0.0,0.0,508,1024,0.49609375
01a0a57f-e612-73a0-a4c0-523ced5dc57c,d,D,QB8,0,4,UVH7d,21,0.07,450000.0,0.45,538,1024,0.525390625
01a0a57f-e612-73a0-a4c0-523ced5dc57c,d,D,QB8,0,4,UVH7d,22,0.07,900000.0,0.9,550,1024,0.537109375
01a0a57f-e612-73a0-a4c0-523ced5dc57c,d,D,QB8,0,4,UVH7d,23,0.07,1350000.0,1.35,488,1024,0.4765625
01a0a57f-e612-73a0-a4c0-523ced5dc57c,d,D,QB8,0,4,UVH7d,24,0.07,1800000.0,1.8,521,1024,0.5087890625
01a0a57f-e612-73a0-a4c0-523ced5dc57c,d,D,QB8,0,4,UVH7d,25,0.07,2250000.0,2.25,504,1024,0.4921875
01a0a57f-e612-73a0-a4c0-523ced5dc57c,d,D,QB8,0,4,UVH7d,26,0.07,2700000.0,2.7,514,1024,0.501953125
01a0a57f-e612-73a0-a4c0-523ced5dc57c,d,D,QB8,0,4,UVH7d,27,0.07,3150000.0,3.15,499,1024,0.4873046875
01a0a57f-e612-73a0-a4c0-523ced5dc57c,d,D,QB8,0,4,UVH7d,28,0.07,3600000.0,3.6,504,1024,0.4921875
01a0a57f-e612-73a0-a4c0-523ced5dc57c,d,D,QB8,0,4,UVH7d,29,0.07,4050000.0,4.05,503,1024,0.4912109375
01a0a57f-e612-73a0-a4c0-523ced5dc57c,d,D,QB8,0,4,UVH7d,30,0.07,4500000.0,4.5,522,1024,0.509765625
01a0a57f-e612-73a0-a4c0-523ced5dc57c,d,D,QB8,0,4,UVH7d,31,0.07,4950000.0,4.95,479,1024,0.4677734375
01a0a57f-e612-73a0-a4c0-523ced5dc57c,d,D,QB8,0,4,UVH7d,32,0.07,5400000.0,5.4,494,1024,0.482421875
01a0a57f-e612-73a0-a4c0-523ced5dc57c,d,D,QB8,0,4,UVH7d,33,0.07,5850000.0,5.85,403,1024,0.3935546875
01a0a57f-e612-73a0-a4c0-523ced5dc57c,d,D,QB8,0,4,UVH7d,34,0.07,6300000.0,6.3,463,1024,0.4521484375
01a0a57f-e612-73a0-a4c0-523ced5dc57c,d,D,QB8,0,4,UVH7d,35,0.07,6750000.0,6.75,473,1024,0.4619140625
01a0a57f-e612-73a0-a4c0-523ced5dc57c,d,D,QB8,0,4,UVH7d,36,0.07,7200000.0,7.2,421,1024,0.4111328125
01a0a57f-e612-73a0-a4c0-523ced5dc57c,d,D,QB8,0,4,UVH7d,37,0.07,7650000.0,7.65,394,1024,0.384765625
01a0a57f-e612-73a0-a4c0-523ced5dc57c,d,D,QB8,0,4,UVH7d,38,0.07,8100000.0,8.1,403,1024,0.3935546875
01a0a57f-e612-73a0-a4c0-523ced5dc57c,d,D,QB8,0,4,UVH7d,39,0.07,8550000.0,8.55,386,1024,0.376953125
01a0a57f-e612-73a0-a4c0-523ced5dc57c,d,D,QB8,0,4,UVH7d,40,0.07,9000000.0,9.0,355,1024,0.3466796875
01a0a57f-e612-73a0-a4c0-523ced5dc57c,d,D,QB8,0,5,UVH8d,0,0.07,-9000000.0,-9.0,533,1024,0.5205078125
01a0a57f-e612-73a0-a4c0-523ced5dc57c,d,D,QB8,0,5,UVH8d,1,0.07,-8550000.0,-8.55,522,1024,0.509765625
01a0a57f-e612-73a0-a4c0-523ced5dc57c,d,D,QB8,0,5,UVH8d,2,0.07,-8100000.0,-8.1,556,1024,0.54296875
01a0a57f-e612-73a0-a4c0-523ced5dc57c,d,D,QB8,0,5,UVH8d,3,0.07,-7650000.0,-7.65,539,1024,0.5263671875
01a0a57f-e612-73a0-a4c0-523ced5dc57c,d,D,QB8,0,5,UVH8d,4,0.07,-7200000.0,-7.2,543,1024,0.5302734375
01a0a57f-e612-73a0-a4c0-523ced5dc57c,d,D,QB8,0,5,UVH8d,5,0.07,-6750000.0,-6.75,515,1024,0.5029296875
01a0a57f-e612-73a0-a4c0-523ced5dc57c,d,D,QB8,0,5,UVH8d,6,0.07,-6300000.0,-6.3,537,1024,0.5244140625
01a0a57f-e612-73a0-a4c0-523ced5dc57c,d,D,QB8,0,5,UVH8d,7,0.07,-5850000.0,-5.85,530,1024,0.517578125
01a0a57f-e612-73a0-a4c0-523ced5dc57c,d,D,QB8,0,5,UVH8d,8,0.07,-5400000.0,-5.4,532,1024,0.51953125
01a0a57f-e612-73a0-a4c0-523ced5dc57c,d,D,QB8,0,5,UVH8d,9,0.07,-4950000.0,-4.95,538,1024,0.525390625
01a0a57f-e612-73a0-a4c0-523ced5dc57c,d,D,QB8,0,5,UVH8d,10,0.07,-4500000.0,-4.5,512,1024,0.5
01a0a57f-e612-73a0-a4c0-523ced5dc57c,d,D,QB8,0,5,UVH8d,11,0.07,-4050000.0,-4.05,526,1024,0.513671875
01a0a57f-e612-73a0-a4c0-523ced5dc57c,d,D,QB8,0,5,UVH8d,12,0.07,-3600000.0,-3.6,508,1024,0.49609375
01a0a57f-e612-73a0-a4c0-523ced5dc57c,d,D,QB8,0,5,UVH8d,13,0.07,-3150000.0,-3.15,528,1024,0.515625
01a0a57f-e612-73a0-a4c0-523ced5dc57c,d,D,QB8,0,5,UVH8d,14,0.07,-2700000.0,-2.7,503,1024,0.4912109375
01a0a57f-e612-73a0-a4c0-523ced5dc57c,d,D,QB8,0,5,UVH8d,15,0.07,-2250000.0,-2.25,514,1024,0.501953125
01a0a57f-e612-73a0-a4c0-523ced5dc57c,d,D,QB8,0,5,UVH8d,16,0.07,-1800000.0,-1.8,511,1024,0.4990234375
01a0a57f-e612-73a0-a4c0-523ced5dc57c,d,D,QB8,0,5,UVH8d,17,0.07,-1350000.0,-1.35,517,1024,0.5048828125
01a0a57f-e612-73a0-a4c0-523ced5dc57c,d,D,QB8,0,5,UVH8d,18,0.07,-900000.0,-0.9,513,1024,0.5009765625
01a0a57f-e612-73a0-a4c0-523ced5dc57c,d,D,QB8,0,5,UVH8d,19,0.07,-450000.0,-0.45,488,1024,0.4765625
01a0a57f-e612-73a0-a4c0-523ced5dc57c,d,D,QB8,0,5,UVH8d,20,0.07,0.0,0.0,512,1024,0.5
01a0a57f-e612-73a0-a4c0-523ced5dc57c,d,D,QB8,0,5,UVH8d,21,0.07,450000.0,0.45,496,1024,0.484375
01a0a57f-e612-73a0-a4c0-523ced5dc57c,d,D,QB8,0,5,UVH8d,22,0.07,900000.0,0.9,505,1024,0.4931640625
01a0a57f-e612-73a0-a4c0-523ced5dc57c,d,D,QB8,0,5,UVH8d,23,0.07,1350000.0,1.35,507,1024,0.4951171875
01a0a57f-e612-73a0-a4c0-523ced5dc57c,d,D,QB8,0,5,UVH8d,24,0.07,1800000.0,1.8,508,1024,0.49609375
01a0a57f-e612-73a0-a4c0-523ced5dc57c,d,D,QB8,0,5,UVH8d,25,0.07,2250000.0,2.25,479,1024,0.4677734375
01a0a57f-e612-73a0-a4c0-523ced5dc57c,d,D,QB8,0,5,UVH8d,26,0.07,2700000.0,2.7,490,1024,0.478515625
01a0a57f-e612-73a0-a4c0-523ced5dc57c,d,D,QB8,0,5,UVH8d,27,0.07,3150000.0,3.15,490,1024,0.478515625
01a0a57f-e612-73a0-a4c0-523ced5dc57c,d,D,QB8,0,5,UVH8d,28,0.07,3600000.0,3.6,488,1024,0.4765625
01a0a57f-e612-73a0-a4c0-523ced5dc57c,d,D,QB8,0,5,UVH8d,29,0.07,4050000.0,4.05,495,1024,0.4833984375
01a0a57f-e612-73a0-a4c0-523ced5dc57c,d,D,QB8,0,5,UVH8d,30,0.07,4500000.0,4.5,471,1024,0.4599609375
01a0a57f-e612-73a0-a4c0-523ced5dc57c,d,D,QB8,0,5,UVH8d,31,0.07,4950000.0,4.95,470,1024,0.458984375
01a0a57f-e612-73a0-a4c0-523ced5dc57c,d,D,QB8,0,5,UVH8d,32,0.07,5400000.0,5.4,480,1024,0.46875
01a0a57f-e612-73a0-a4c0-523ced5dc57c,d,D,QB8,0,5,UVH8d,33,0.07,5850000.0,5.85,478,1024,0.466796875
01a0a57f-e612-73a0-a4c0-523ced5dc57c,d,D,QB8,0,5,UVH8d,34,0.07,6300000.0,6.3,441,1024,0.4306640625
01a0a57f-e612-73a0-a4c0-523ced5dc57c,d,D,QB8,0,5,UVH8d,35,0.07,6750000.0,6.75,464,1024,0.453125
01a0a57f-e612-73a0-a4c0-523ced5dc57c,d,D,QB8,0,5,UVH8d,36,0.07,7200000.0,7.2,431,1024,0.4208984375
01a0a57f-e612-73a0-a4c0-523ced5dc57c,d,D,QB8,0,5,UVH8d,37,0.07,7650000.0,7.65,497,1024,0.4853515625
01a0a57f-e612-73a0-a4c0-523ced5dc57c,d,D,QB8,0,5,UVH8d,38,0.07,8100000.0,8.1,470,1024,0.458984375
01a0a57f-e612-73a0-a4c0-523ced5dc57c,d,D,QB8,0,5,UVH8d,39,0.07,8550000.0,8.55,441,1024,0.4306640625
01a0a57f-e612-73a0-a4c0-523ced5dc57c,d,D,QB8,0,5,UVH8d,40,0.07,9000000.0,9.0,417,1024,0.4072265625
01a0a57f-e612-73a0-a4c0-523ced5dc57c,d,D,QB9,1,0,standard_pi_2,0,0.07,-9000000.0,-9.0,616,1024,0.6015625
01a0a57f-e612-73a0-a4c0-523ced5dc57c,d,D,QB9,1,0,standard_pi_2,1,0.07,-8550000.0,-8.55,601,1024,0.5869140625
01a0a57f-e612-73a0-a4c0-523ced5dc57c,d,D,QB9,1,0,standard_pi_2,2,0.07,-8100000.0,-8.1,632,1024,0.6171875
01a0a57f-e612-73a0-a4c0-523ced5dc57c,d,D,QB9,1,0,standard_pi_2,3,0.07,-7650000.0,-7.65,607,1024,0.5927734375
01a0a57f-e612-73a0-a4c0-523ced5dc57c,d,D,QB9,1,0,standard_pi_2,4,0.07,-7200000.0,-7.2,620,1024,0.60546875
01a0a57f-e612-73a0-a4c0-523ced5dc57c,d,D,QB9,1,0,standard_pi_2,5,0.07,-6750000.0,-6.75,637,1024,0.6220703125
01a0a57f-e612-73a0-a4c0-523ced5dc57c,d,D,QB9,1,0,standard_pi_2,6,0.07,-6300000.0,-6.3,597,1024,0.5830078125
01a0a57f-e612-73a0-a4c0-523ced5dc57c,d,D,QB9,1,0,standard_pi_2,7,0.07,-5850000.0,-5.85,595,1024,0.5810546875
01a0a57f-e612-73a0-a4c0-523ced5dc57c,d,D,QB9,1,0,standard_pi_2,8,0.07,-5400000.0,-5.4,615,1024,0.6005859375
01a0a57f-e612-73a0-a4c0-523ced5dc57c,d,D,QB9,1,0,standard_pi_2,9,0.07,-4950000.0,-4.95,572,1024,0.55859375
01a0a57f-e612-73a0-a4c0-523ced5dc57c,d,D,QB9,1,0,standard_pi_2,10,0.07,-4500000.0,-4.5,584,1024,0.5703125
01a0a57f-e612-73a0-a4c0-523ced5dc57c,d,D,QB9,1,0,standard_pi_2,11,0.07,-4050000.0,-4.05,577,1024,0.5634765625
01a0a57f-e612-73a0-a4c0-523ced5dc57c,d,D,QB9,1,0,standard_pi_2,12,0.07,-3600000.0,-3.6,570,1024,0.556640625
01a0a57f-e612-73a0-a4c0-523ced5dc57c,d,D,QB9,1,0,standard_pi_2,13,0.07,-3150000.0,-3.15,579,1024,0.5654296875
01a0a57f-e612-73a0-a4c0-523ced5dc57c,d,D,QB9,1,0,standard_pi_2,14,0.07,-2700000.0,-2.7,608,1024,0.59375
01a0a57f-e612-73a0-a4c0-523ced5dc57c,d,D,QB9,1,0,standard_pi_2,15,0.07,-2250000.0,-2.25,573,1024,0.5595703125
01a0a57f-e612-73a0-a4c0-523ced5dc57c,d,D,QB9,1,0,standard_pi_2,16,0.07,-1800000.0,-1.8,581,1024,0.5673828125
01a0a57f-e612-73a0-a4c0-523ced5dc57c,d,D,QB9,1,0,standard_pi_2,17,0.07,-1350000.0,-1.35,563,1024,0.5498046875
01a0a57f-e612-73a0-a4c0-523ced5dc57c,d,D,QB9,1,0,standard_pi_2,18,0.07,-900000.0,-0.9,554,1024,0.541015625
01a0a57f-e612-73a0-a4c0-523ced5dc57c,d,D,QB9,1,0,standard_pi_2,19,0.07,-450000.0,-0.45,574,1024,0.560546875
01a0a57f-e612-73a0-a4c0-523ced5dc57c,d,D,QB9,1,0,standard_pi_2,20,0.07,0.0,0.0,555,1024,0.5419921875
01a0a57f-e612-73a0-a4c0-523ced5dc57c,d,D,QB9,1,0,standard_pi_2,21,0.07,450000.0,0.45,552,1024,0.5390625
01a0a57f-e612-73a0-a4c0-523ced5dc57c,d,D,QB9,1,0,standard_pi_2,22,0.07,900000.0,0.9,552,1024,0.5390625
01a0a57f-e612-73a0-a4c0-523ced5dc57c,d,D,QB9,1,0,standard_pi_2,23,0.07,1350000.0,1.35,548,1024,0.53515625
01a0a57f-e612-73a0-a4c0-523ced5dc57c,d,D,QB9,1,0,standard_pi_2,24,0.07,1800000.0,1.8,527,1024,0.5146484375
01a0a57f-e612-73a0-a4c0-523ced5dc57c,d,D,QB9,1,0,standard_pi_2,25,0.07,2250000.0,2.25,524,1024,0.51171875
01a0a57f-e612-73a0-a4c0-523ced5dc57c,d,D,QB9,1,0,standard_pi_2,26,0.07,2700000.0,2.7,560,1024,0.546875
01a0a57f-e612-73a0-a4c0-523ced5dc57c,d,D,QB9,1,0,standard_pi_2,27,0.07,3150000.0,3.15,494,1024,0.482421875
01a0a57f-e612-73a0-a4c0-523ced5dc57c,d,D,QB9,1,0,standard_pi_2,28,0.07,3600000.0,3.6,495,1024,0.4833984375
01a0a57f-e612-73a0-a4c0-523ced5dc57c,d,D,QB9,1,0,standard_pi_2,29,0.07,4050000.0,4.05,511,1024,0.4990234375
01a0a57f-e612-73a0-a4c0-523ced5dc57c,d,D,QB9,1,0,standard_pi_2,30,0.07,4500000.0,4.5,516,1024,0.50390625
01a0a57f-e612-73a0-a4c0-523ced5dc57c,d,D,QB9,1,0,standard_pi_2,31,0.07,4950000.0,4.95,532,1024,0.51953125
01a0a57f-e612-73a0-a4c0-523ced5dc57c,d,D,QB9,1,0,standard_pi_2,32,0.07,5400000.0,5.4,495,1024,0.4833984375
01a0a57f-e612-73a0-a4c0-523ced5dc57c,d,D,QB9,1,0,standard_pi_2,33,0.07,5850000.0,5.85,526,1024,0.513671875
01a0a57f-e612-73a0-a4c0-523ced5dc57c,d,D,QB9,1,0,standard_pi_2,34,0.07,6300000.0,6.3,474,1024,0.462890625
01a0a57f-e612-73a0-a4c0-523ced5dc57c,d,D,QB9,1,0,standard_pi_2,35,0.07,6750000.0,6.75,529,1024,0.5166015625
01a0a57f-e612-73a0-a4c0-523ced5dc57c,d,D,QB9,1,0,standard_pi_2,36,0.07,7200000.0,7.2,461,1024,0.4501953125
01a0a57f-e612-73a0-a4c0-523ced5dc57c,d,D,QB9,1,0,standard_pi_2,37,0.07,7650000.0,7.65,504,1024,0.4921875
01a0a57f-e612-73a0-a4c0-523ced5dc57c,d,D,QB9,1,0,standard_pi_2,38,0.07,8100000.0,8.1,509,1024,0.4970703125
01a0a57f-e612-73a0-a4c0-523ced5dc57c,d,D,QB9,1,0,standard_pi_2,39,0.07,8550000.0,8.55,489,1024,0.4775390625
01a0a57f-e612-73a0-a4c0-523ced5dc57c,d,D,QB9,1,0,standard_pi_2,40,0.07,9000000.0,9.0,488,1024,0.4765625
01a0a57f-e612-73a0-a4c0-523ced5dc57c,d,D,QB9,1,1,UVH4d,0,0.07,-9000000.0,-9.0,381,1024,0.3720703125
01a0a57f-e612-73a0-a4c0-523ced5dc57c,d,D,QB9,1,1,UVH4d,1,0.07,-8550000.0,-8.55,367,1024,0.3583984375
01a0a57f-e612-73a0-a4c0-523ced5dc57c,d,D,QB9,1,1,UVH4d,2,0.07,-8100000.0,-8.1,368,1024,0.359375
01a0a57f-e612-73a0-a4c0-523ced5dc57c,d,D,QB9,1,1,UVH4d,3,0.07,-7650000.0,-7.65,386,1024,0.376953125
01a0a57f-e612-73a0-a4c0-523ced5dc57c,d,D,QB9,1,1,UVH4d,4,0.07,-7200000.0,-7.2,415,1024,0.4052734375
01a0a57f-e612-73a0-a4c0-523ced5dc57c,d,D,QB9,1,1,UVH4d,5,0.07,-6750000.0,-6.75,400,1024,0.390625
01a0a57f-e612-73a0-a4c0-523ced5dc57c,d,D,QB9,1,1,UVH4d,6,0.07,-6300000.0,-6.3,433,1024,0.4228515625
01a0a57f-e612-73a0-a4c0-523ced5dc57c,d,D,QB9,1,1,UVH4d,7,0.07,-5850000.0,-5.85,440,1024,0.4296875
01a0a57f-e612-73a0-a4c0-523ced5dc57c,d,D,QB9,1,1,UVH4d,8,0.07,-5400000.0,-5.4,446,1024,0.435546875
01a0a57f-e612-73a0-a4c0-523ced5dc57c,d,D,QB9,1,1,UVH4d,9,0.07,-4950000.0,-4.95,438,1024,0.427734375
01a0a57f-e612-73a0-a4c0-523ced5dc57c,d,D,QB9,1,1,UVH4d,10,0.07,-4500000.0,-4.5,459,1024,0.4482421875
01a0a57f-e612-73a0-a4c0-523ced5dc57c,d,D,QB9,1,1,UVH4d,11,0.07,-4050000.0,-4.05,453,1024,0.4423828125
01a0a57f-e612-73a0-a4c0-523ced5dc57c,d,D,QB9,1,1,UVH4d,12,0.07,-3600000.0,-3.6,496,1024,0.484375
01a0a57f-e612-73a0-a4c0-523ced5dc57c,d,D,QB9,1,1,UVH4d,13,0.07,-3150000.0,-3.15,453,1024,0.4423828125
01a0a57f-e612-73a0-a4c0-523ced5dc57c,d,D,QB9,1,1,UVH4d,14,0.07,-2700000.0,-2.7,465,1024,0.4541015625
01a0a57f-e612-73a0-a4c0-523ced5dc57c,d,D,QB9,1,1,UVH4d,15,0.07,-2250000.0,-2.25,467,1024,0.4560546875
01a0a57f-e612-73a0-a4c0-523ced5dc57c,d,D,QB9,1,1,UVH4d,16,0.07,-1800000.0,-1.8,465,1024,0.4541015625
01a0a57f-e612-73a0-a4c0-523ced5dc57c,d,D,QB9,1,1,UVH4d,17,0.07,-1350000.0,-1.35,461,1024,0.4501953125
01a0a57f-e612-73a0-a4c0-523ced5dc57c,d,D,QB9,1,1,UVH4d,18,0.07,-900000.0,-0.9,479,1024,0.4677734375
01a0a57f-e612-73a0-a4c0-523ced5dc57c,d,D,QB9,1,1,UVH4d,19,0.07,-450000.0,-0.45,454,1024,0.443359375
01a0a57f-e612-73a0-a4c0-523ced5dc57c,d,D,QB9,1,1,UVH4d,20,0.07,0.0,0.0,472,1024,0.4609375
01a0a57f-e612-73a0-a4c0-523ced5dc57c,d,D,QB9,1,1,UVH4d,21,0.07,450000.0,0.45,473,1024,0.4619140625
01a0a57f-e612-73a0-a4c0-523ced5dc57c,d,D,QB9,1,1,UVH4d,22,0.07,900000.0,0.9,483,1024,0.4716796875
01a0a57f-e612-73a0-a4c0-523ced5dc57c,d,D,QB9,1,1,UVH4d,23,0.07,1350000.0,1.35,472,1024,0.4609375
01a0a57f-e612-73a0-a4c0-523ced5dc57c,d,D,QB9,1,1,UVH4d,24,0.07,1800000.0,1.8,466,1024,0.455078125
01a0a57f-e612-73a0-a4c0-523ced5dc57c,d,D,QB9,1,1,UVH4d,25,0.07,2250000.0,2.25,472,1024,0.4609375
01a0a57f-e612-73a0-a4c0-523ced5dc57c,d,D,QB9,1,1,UVH4d,26,0.07,2700000.0,2.7,485,1024,0.4736328125
01a0a57f-e612-73a0-a4c0-523ced5dc57c,d,D,QB9,1,1,UVH4d,27,0.07,3150000.0,3.15,515,1024,0.5029296875
01a0a57f-e612-73a0-a4c0-523ced5dc57c,d,D,QB9,1,1,UVH4d,28,0.07,3600000.0,3.6,486,1024,0.474609375
01a0a57f-e612-73a0-a4c0-523ced5dc57c,d,D,QB9,1,1,UVH4d,29,0.07,4050000.0,4.05,495,1024,0.4833984375
01a0a57f-e612-73a0-a4c0-523ced5dc57c,d,D,QB9,1,1,UVH4d,30,0.07,4500000.0,4.5,502,1024,0.490234375
01a0a57f-e612-73a0-a4c0-523ced5dc57c,d,D,QB9,1,1,UVH4d,31,0.07,4950000.0,4.95,509,1024,0.4970703125
01a0a57f-e612-73a0-a4c0-523ced5dc57c,d,D,QB9,1,1,UVH4d,32,0.07,5400000.0,5.4,528,1024,0.515625
01a0a57f-e612-73a0-a4c0-523ced5dc57c,d,D,QB9,1,1,UVH4d,33,0.07,5850000.0,5.85,570,1024,0.556640625
01a0a57f-e612-73a0-a4c0-523ced5dc57c,d,D,QB9,1,1,UVH4d,34,0.07,6300000.0,6.3,555,1024,0.5419921875
01a0a57f-e612-73a0-a4c0-523ced5dc57c,d,D,QB9,1,1,UVH4d,35,0.07,6750000.0,6.75,586,1024,0.572265625
01a0a57f-e612-73a0-a4c0-523ced5dc57c,d,D,QB9,1,1,UVH4d,36,0.07,7200000.0,7.2,532,1024,0.51953125
01a0a57f-e612-73a0-a4c0-523ced5dc57c,d,D,QB9,1,1,UVH4d,37,0.07,7650000.0,7.65,581,1024,0.5673828125
01a0a57f-e612-73a0-a4c0-523ced5dc57c,d,D,QB9,1,1,UVH4d,38,0.07,8100000.0,8.1,543,1024,0.5302734375
01a0a57f-e612-73a0-a4c0-523ced5dc57c,d,D,QB9,1,1,UVH4d,39,0.07,8550000.0,8.55,620,1024,0.60546875
01a0a57f-e612-73a0-a4c0-523ced5dc57c,d,D,QB9,1,1,UVH4d,40,0.07,9000000.0,9.0,603,1024,0.5888671875
01a0a57f-e612-73a0-a4c0-523ced5dc57c,d,D,QB9,1,2,UVH5d,0,0.07,-9000000.0,-9.0,165,1024,0.1611328125
01a0a57f-e612-73a0-a4c0-523ced5dc57c,d,D,QB9,1,2,UVH5d,1,0.07,-8550000.0,-8.55,193,1024,0.1884765625
01a0a57f-e612-73a0-a4c0-523ced5dc57c,d,D,QB9,1,2,UVH5d,2,0.07,-8100000.0,-8.1,201,1024,0.1962890625
01a0a57f-e612-73a0-a4c0-523ced5dc57c,d,D,QB9,1,2,UVH5d,3,0.07,-7650000.0,-7.65,226,1024,0.220703125
01a0a57f-e612-73a0-a4c0-523ced5dc57c,d,D,QB9,1,2,UVH5d,4,0.07,-7200000.0,-7.2,242,1024,0.236328125
01a0a57f-e612-73a0-a4c0-523ced5dc57c,d,D,QB9,1,2,UVH5d,5,0.07,-6750000.0,-6.75,266,1024,0.259765625
01a0a57f-e612-73a0-a4c0-523ced5dc57c,d,D,QB9,1,2,UVH5d,6,0.07,-6300000.0,-6.3,296,1024,0.2890625
01a0a57f-e612-73a0-a4c0-523ced5dc57c,d,D,QB9,1,2,UVH5d,7,0.07,-5850000.0,-5.85,319,1024,0.3115234375
01a0a57f-e612-73a0-a4c0-523ced5dc57c,d,D,QB9,1,2,UVH5d,8,0.07,-5400000.0,-5.4,367,1024,0.3583984375
01a0a57f-e612-73a0-a4c0-523ced5dc57c,d,D,QB9,1,2,UVH5d,9,0.07,-4950000.0,-4.95,387,1024,0.3779296875
01a0a57f-e612-73a0-a4c0-523ced5dc57c,d,D,QB9,1,2,UVH5d,10,0.07,-4500000.0,-4.5,389,1024,0.3798828125
01a0a57f-e612-73a0-a4c0-523ced5dc57c,d,D,QB9,1,2,UVH5d,11,0.07,-4050000.0,-4.05,424,1024,0.4140625
01a0a57f-e612-73a0-a4c0-523ced5dc57c,d,D,QB9,1,2,UVH5d,12,0.07,-3600000.0,-3.6,395,1024,0.3857421875
01a0a57f-e612-73a0-a4c0-523ced5dc57c,d,D,QB9,1,2,UVH5d,13,0.07,-3150000.0,-3.15,446,1024,0.435546875
01a0a57f-e612-73a0-a4c0-523ced5dc57c,d,D,QB9,1,2,UVH5d,14,0.07,-2700000.0,-2.7,433,1024,0.4228515625
01a0a57f-e612-73a0-a4c0-523ced5dc57c,d,D,QB9,1,2,UVH5d,15,0.07,-2250000.0,-2.25,469,1024,0.4580078125
01a0a57f-e612-73a0-a4c0-523ced5dc57c,d,D,QB9,1,2,UVH5d,16,0.07,-1800000.0,-1.8,481,1024,0.4697265625
01a0a57f-e612-73a0-a4c0-523ced5dc57c,d,D,QB9,1,2,UVH5d,17,0.07,-1350000.0,-1.35,488,1024,0.4765625
01a0a57f-e612-73a0-a4c0-523ced5dc57c,d,D,QB9,1,2,UVH5d,18,0.07,-900000.0,-0.9,485,1024,0.4736328125
01a0a57f-e612-73a0-a4c0-523ced5dc57c,d,D,QB9,1,2,UVH5d,19,0.07,-450000.0,-0.45,476,1024,0.46484375
01a0a57f-e612-73a0-a4c0-523ced5dc57c,d,D,QB9,1,2,UVH5d,20,0.07,0.0,0.0,434,1024,0.423828125
01a0a57f-e612-73a0-a4c0-523ced5dc57c,d,D,QB9,1,2,UVH5d,21,0.07,450000.0,0.45,477,1024,0.4658203125
01a0a57f-e612-73a0-a4c0-523ced5dc57c,d,D,QB9,1,2,UVH5d,22,0.07,900000.0,0.9,469,1024,0.4580078125
01a0a57f-e612-73a0-a4c0-523ced5dc57c,d,D,QB9,1,2,UVH5d,23,0.07,1350000.0,1.35,479,1024,0.4677734375
01a0a57f-e612-73a0-a4c0-523ced5dc57c,d,D,QB9,1,2,UVH5d,24,0.07,1800000.0,1.8,478,1024,0.466796875
01a0a57f-e612-73a0-a4c0-523ced5dc57c,d,D,QB9,1,2,UVH5d,25,0.07,2250000.0,2.25,464,1024,0.453125
01a0a57f-e612-73a0-a4c0-523ced5dc57c,d,D,QB9,1,2,UVH5d,26,0.07,2700000.0,2.7,461,1024,0.4501953125
01a0a57f-e612-73a0-a4c0-523ced5dc57c,d,D,QB9,1,2,UVH5d,27,0.07,3150000.0,3.15,435,1024,0.4248046875
01a0a57f-e612-73a0-a4c0-523ced5dc57c,d,D,QB9,1,2,UVH5d,28,0.07,3600000.0,3.6,463,1024,0.4521484375
01a0a57f-e612-73a0-a4c0-523ced5dc57c,d,D,QB9,1,2,UVH5d,29,0.07,4050000.0,4.05,471,1024,0.4599609375
01a0a57f-e612-73a0-a4c0-523ced5dc57c,d,D,QB9,1,2,UVH5d,30,0.07,4500000.0,4.5,498,1024,0.486328125
01a0a57f-e612-73a0-a4c0-523ced5dc57c,d,D,QB9,1,2,UVH5d,31,0.07,4950000.0,4.95,478,1024,0.466796875
01a0a57f-e612-73a0-a4c0-523ced5dc57c,d,D,QB9,1,2,UVH5d,32,0.07,5400000.0,5.4,489,1024,0.4775390625
01a0a57f-e612-73a0-a4c0-523ced5dc57c,d,D,QB9,1,2,UVH5d,33,0.07,5850000.0,5.85,525,1024,0.5126953125
01a0a57f-e612-73a0-a4c0-523ced5dc57c,d,D,QB9,1,2,UVH5d,34,0.07,6300000.0,6.3,529,1024,0.5166015625
01a0a57f-e612-73a0-a4c0-523ced5dc57c,d,D,QB9,1,2,UVH5d,35,0.07,6750000.0,6.75,489,1024,0.4775390625
01a0a57f-e612-73a0-a4c0-523ced5dc57c,d,D,QB9,1,2,UVH5d,36,0.07,7200000.0,7.2,513,1024,0.5009765625
01a0a57f-e612-73a0-a4c0-523ced5dc57c,d,D,QB9,1,2,UVH5d,37,0.07,7650000.0,7.65,523,1024,0.5107421875
01a0a57f-e612-73a0-a4c0-523ced5dc57c,d,D,QB9,1,2,UVH5d,38,0.07,8100000.0,8.1,538,1024,0.525390625
01a0a57f-e612-73a0-a4c0-523ced5dc57c,d,D,QB9,1,2,UVH5d,39,0.07,8550000.0,8.55,548,1024,0.53515625
01a0a57f-e612-73a0-a4c0-523ced5dc57c,d,D,QB9,1,2,UVH5d,40,0.07,9000000.0,9.0,523,1024,0.5107421875
01a0a57f-e612-73a0-a4c0-523ced5dc57c,d,D,QB9,1,3,UVH6d,0,0.07,-9000000.0,-9.0,534,1024,0.521484375
01a0a57f-e612-73a0-a4c0-523ced5dc57c,d,D,QB9,1,3,UVH6d,1,0.07,-8550000.0,-8.55,525,1024,0.5126953125
01a0a57f-e612-73a0-a4c0-523ced5dc57c,d,D,QB9,1,3,UVH6d,2,0.07,-8100000.0,-8.1,543,1024,0.5302734375
01a0a57f-e612-73a0-a4c0-523ced5dc57c,d,D,QB9,1,3,UVH6d,3,0.07,-7650000.0,-7.65,559,1024,0.5458984375
01a0a57f-e612-73a0-a4c0-523ced5dc57c,d,D,QB9,1,3,UVH6d,4,0.07,-7200000.0,-7.2,518,1024,0.505859375
01a0a57f-e612-73a0-a4c0-523ced5dc57c,d,D,QB9,1,3,UVH6d,5,0.07,-6750000.0,-6.75,510,1024,0.498046875
01a0a57f-e612-73a0-a4c0-523ced5dc57c,d,D,QB9,1,3,UVH6d,6,0.07,-6300000.0,-6.3,518,1024,0.505859375
01a0a57f-e612-73a0-a4c0-523ced5dc57c,d,D,QB9,1,3,UVH6d,7,0.07,-5850000.0,-5.85,505,1024,0.4931640625
01a0a57f-e612-73a0-a4c0-523ced5dc57c,d,D,QB9,1,3,UVH6d,8,0.07,-5400000.0,-5.4,487,1024,0.4755859375
01a0a57f-e612-73a0-a4c0-523ced5dc57c,d,D,QB9,1,3,UVH6d,9,0.07,-4950000.0,-4.95,491,1024,0.4794921875
01a0a57f-e612-73a0-a4c0-523ced5dc57c,d,D,QB9,1,3,UVH6d,10,0.07,-4500000.0,-4.5,510,1024,0.498046875
01a0a57f-e612-73a0-a4c0-523ced5dc57c,d,D,QB9,1,3,UVH6d,11,0.07,-4050000.0,-4.05,518,1024,0.505859375
01a0a57f-e612-73a0-a4c0-523ced5dc57c,d,D,QB9,1,3,UVH6d,12,0.07,-3600000.0,-3.6,493,1024,0.4814453125
01a0a57f-e612-73a0-a4c0-523ced5dc57c,d,D,QB9,1,3,UVH6d,13,0.07,-3150000.0,-3.15,519,1024,0.5068359375
01a0a57f-e612-73a0-a4c0-523ced5dc57c,d,D,QB9,1,3,UVH6d,14,0.07,-2700000.0,-2.7,519,1024,0.5068359375
01a0a57f-e612-73a0-a4c0-523ced5dc57c,d,D,QB9,1,3,UVH6d,15,0.07,-2250000.0,-2.25,507,1024,0.4951171875
01a0a57f-e612-73a0-a4c0-523ced5dc57c,d,D,QB9,1,3,UVH6d,16,0.07,-1800000.0,-1.8,488,1024,0.4765625
01a0a57f-e612-73a0-a4c0-523ced5dc57c,d,D,QB9,1,3,UVH6d,17,0.07,-1350000.0,-1.35,476,1024,0.46484375
01a0a57f-e612-73a0-a4c0-523ced5dc57c,d,D,QB9,1,3,UVH6d,18,0.07,-900000.0,-0.9,511,1024,0.4990234375
01a0a57f-e612-73a0-a4c0-523ced5dc57c,d,D,QB9,1,3,UVH6d,19,0.07,-450000.0,-0.45,525,1024,0.5126953125
01a0a57f-e612-73a0-a4c0-523ced5dc57c,d,D,QB9,1,3,UVH6d,20,0.07,0.0,0.0,540,1024,0.52734375
01a0a57f-e612-73a0-a4c0-523ced5dc57c,d,D,QB9,1,3,UVH6d,21,0.07,450000.0,0.45,500,1024,0.48828125
01a0a57f-e612-73a0-a4c0-523ced5dc57c,d,D,QB9,1,3,UVH6d,22,0.07,900000.0,0.9,521,1024,0.5087890625
01a0a57f-e612-73a0-a4c0-523ced5dc57c,d,D,QB9,1,3,UVH6d,23,0.07,1350000.0,1.35,527,1024,0.5146484375
01a0a57f-e612-73a0-a4c0-523ced5dc57c,d,D,QB9,1,3,UVH6d,24,0.07,1800000.0,1.8,486,1024,0.474609375
01a0a57f-e612-73a0-a4c0-523ced5dc57c,d,D,QB9,1,3,UVH6d,25,0.07,2250000.0,2.25,500,1024,0.48828125
01a0a57f-e612-73a0-a4c0-523ced5dc57c,d,D,QB9,1,3,UVH6d,26,0.07,2700000.0,2.7,500,1024,0.48828125
01a0a57f-e612-73a0-a4c0-523ced5dc57c,d,D,QB9,1,3,UVH6d,27,0.07,3150000.0,3.15,492,1024,0.48046875
01a0a57f-e612-73a0-a4c0-523ced5dc57c,d,D,QB9,1,3,UVH6d,28,0.07,3600000.0,3.6,531,1024,0.5185546875
01a0a57f-e612-73a0-a4c0-523ced5dc57c,d,D,QB9,1,3,UVH6d,29,0.07,4050000.0,4.05,507,1024,0.4951171875
01a0a57f-e612-73a0-a4c0-523ced5dc57c,d,D,QB9,1,3,UVH6d,30,0.07,4500000.0,4.5,516,1024,0.50390625
01a0a57f-e612-73a0-a4c0-523ced5dc57c,d,D,QB9,1,3,UVH6d,31,0.07,4950000.0,4.95,523,1024,0.5107421875
01a0a57f-e612-73a0-a4c0-523ced5dc57c,d,D,QB9,1,3,UVH6d,32,0.07,5400000.0,5.4,553,1024,0.5400390625
01a0a57f-e612-73a0-a4c0-523ced5dc57c,d,D,QB9,1,3,UVH6d,33,0.07,5850000.0,5.85,520,1024,0.5078125
01a0a57f-e612-73a0-a4c0-523ced5dc57c,d,D,QB9,1,3,UVH6d,34,0.07,6300000.0,6.3,522,1024,0.509765625
01a0a57f-e612-73a0-a4c0-523ced5dc57c,d,D,QB9,1,3,UVH6d,35,0.07,6750000.0,6.75,578,1024,0.564453125
01a0a57f-e612-73a0-a4c0-523ced5dc57c,d,D,QB9,1,3,UVH6d,36,0.07,7200000.0,7.2,568,1024,0.5546875
01a0a57f-e612-73a0-a4c0-523ced5dc57c,d,D,QB9,1,3,UVH6d,37,0.07,7650000.0,7.65,574,1024,0.560546875
01a0a57f-e612-73a0-a4c0-523ced5dc57c,d,D,QB9,1,3,UVH6d,38,0.07,8100000.0,8.1,578,1024,0.564453125
01a0a57f-e612-73a0-a4c0-523ced5dc57c,d,D,QB9,1,3,UVH6d,39,0.07,8550000.0,8.55,608,1024,0.59375
01a0a57f-e612-73a0-a4c0-523ced5dc57c,d,D,QB9,1,3,UVH6d,40,0.07,9000000.0,9.0,655,1024,0.6396484375
01a0a57f-e612-73a0-a4c0-523ced5dc57c,d,D,QB9,1,4,UVH7d,0,0.07,-9000000.0,-9.0,629,1024,0.6142578125
01a0a57f-e612-73a0-a4c0-523ced5dc57c,d,D,QB9,1,4,UVH7d,1,0.07,-8550000.0,-8.55,611,1024,0.5966796875
01a0a57f-e612-73a0-a4c0-523ced5dc57c,d,D,QB9,1,4,UVH7d,2,0.07,-8100000.0,-8.1,593,1024,0.5791015625
01a0a57f-e612-73a0-a4c0-523ced5dc57c,d,D,QB9,1,4,UVH7d,3,0.07,-7650000.0,-7.65,563,1024,0.5498046875
01a0a57f-e612-73a0-a4c0-523ced5dc57c,d,D,QB9,1,4,UVH7d,4,0.07,-7200000.0,-7.2,589,1024,0.5751953125
01a0a57f-e612-73a0-a4c0-523ced5dc57c,d,D,QB9,1,4,UVH7d,5,0.07,-6750000.0,-6.75,587,1024,0.5732421875
01a0a57f-e612-73a0-a4c0-523ced5dc57c,d,D,QB9,1,4,UVH7d,6,0.07,-6300000.0,-6.3,571,1024,0.5576171875
01a0a57f-e612-73a0-a4c0-523ced5dc57c,d,D,QB9,1,4,UVH7d,7,0.07,-5850000.0,-5.85,572,1024,0.55859375
01a0a57f-e612-73a0-a4c0-523ced5dc57c,d,D,QB9,1,4,UVH7d,8,0.07,-5400000.0,-5.4,547,1024,0.5341796875
01a0a57f-e612-73a0-a4c0-523ced5dc57c,d,D,QB9,1,4,UVH7d,9,0.07,-4950000.0,-4.95,551,1024,0.5380859375
01a0a57f-e612-73a0-a4c0-523ced5dc57c,d,D,QB9,1,4,UVH7d,10,0.07,-4500000.0,-4.5,553,1024,0.5400390625
01a0a57f-e612-73a0-a4c0-523ced5dc57c,d,D,QB9,1,4,UVH7d,11,0.07,-4050000.0,-4.05,565,1024,0.5517578125
01a0a57f-e612-73a0-a4c0-523ced5dc57c,d,D,QB9,1,4,UVH7d,12,0.07,-3600000.0,-3.6,548,1024,0.53515625
01a0a57f-e612-73a0-a4c0-523ced5dc57c,d,D,QB9,1,4,UVH7d,13,0.07,-3150000.0,-3.15,565,1024,0.5517578125
01a0a57f-e612-73a0-a4c0-523ced5dc57c,d,D,QB9,1,4,UVH7d,14,0.07,-2700000.0,-2.7,574,1024,0.560546875
01a0a57f-e612-73a0-a4c0-523ced5dc57c,d,D,QB9,1,4,UVH7d,15,0.07,-2250000.0,-2.25,593,1024,0.5791015625
01a0a57f-e612-73a0-a4c0-523ced5dc57c,d,D,QB9,1,4,UVH7d,16,0.07,-1800000.0,-1.8,590,1024,0.576171875
01a0a57f-e612-73a0-a4c0-523ced5dc57c,d,D,QB9,1,4,UVH7d,17,0.07,-1350000.0,-1.35,543,1024,0.5302734375
01a0a57f-e612-73a0-a4c0-523ced5dc57c,d,D,QB9,1,4,UVH7d,18,0.07,-900000.0,-0.9,563,1024,0.5498046875
01a0a57f-e612-73a0-a4c0-523ced5dc57c,d,D,QB9,1,4,UVH7d,19,0.07,-450000.0,-0.45,548,1024,0.53515625
01a0a57f-e612-73a0-a4c0-523ced5dc57c,d,D,QB9,1,4,UVH7d,20,0.07,0.0,0.0,553,1024,0.5400390625
01a0a57f-e612-73a0-a4c0-523ced5dc57c,d,D,QB9,1,4,UVH7d,21,0.07,450000.0,0.45,542,1024,0.529296875
01a0a57f-e612-73a0-a4c0-523ced5dc57c,d,D,QB9,1,4,UVH7d,22,0.07,900000.0,0.9,570,1024,0.556640625
01a0a57f-e612-73a0-a4c0-523ced5dc57c,d,D,QB9,1,4,UVH7d,23,0.07,1350000.0,1.35,552,1024,0.5390625
01a0a57f-e612-73a0-a4c0-523ced5dc57c,d,D,QB9,1,4,UVH7d,24,0.07,1800000.0,1.8,566,1024,0.552734375
01a0a57f-e612-73a0-a4c0-523ced5dc57c,d,D,QB9,1,4,UVH7d,25,0.07,2250000.0,2.25,558,1024,0.544921875
01a0a57f-e612-73a0-a4c0-523ced5dc57c,d,D,QB9,1,4,UVH7d,26,0.07,2700000.0,2.7,550,1024,0.537109375
01a0a57f-e612-73a0-a4c0-523ced5dc57c,d,D,QB9,1,4,UVH7d,27,0.07,3150000.0,3.15,560,1024,0.546875
01a0a57f-e612-73a0-a4c0-523ced5dc57c,d,D,QB9,1,4,UVH7d,28,0.07,3600000.0,3.6,540,1024,0.52734375
01a0a57f-e612-73a0-a4c0-523ced5dc57c,d,D,QB9,1,4,UVH7d,29,0.07,4050000.0,4.05,528,1024,0.515625
01a0a57f-e612-73a0-a4c0-523ced5dc57c,d,D,QB9,1,4,UVH7d,30,0.07,4500000.0,4.5,516,1024,0.50390625
01a0a57f-e612-73a0-a4c0-523ced5dc57c,d,D,QB9,1,4,UVH7d,31,0.07,4950000.0,4.95,510,1024,0.498046875
01a0a57f-e612-73a0-a4c0-523ced5dc57c,d,D,QB9,1,4,UVH7d,32,0.07,5400000.0,5.4,519,1024,0.5068359375
01a0a57f-e612-73a0-a4c0-523ced5dc57c,d,D,QB9,1,4,UVH7d,33,0.07,5850000.0,5.85,513,1024,0.5009765625
01a0a57f-e612-73a0-a4c0-523ced5dc57c,d,D,QB9,1,4,UVH7d,34,0.07,6300000.0,6.3,448,1024,0.4375
01a0a57f-e612-73a0-a4c0-523ced5dc57c,d,D,QB9,1,4,UVH7d,35,0.07,6750000.0,6.75,460,1024,0.44921875
01a0a57f-e612-73a0-a4c0-523ced5dc57c,d,D,QB9,1,4,UVH7d,36,0.07,7200000.0,7.2,469,1024,0.4580078125
01a0a57f-e612-73a0-a4c0-523ced5dc57c,d,D,QB9,1,4,UVH7d,37,0.07,7650000.0,7.65,419,1024,0.4091796875
01a0a57f-e612-73a0-a4c0-523ced5dc57c,d,D,QB9,1,4,UVH7d,38,0.07,8100000.0,8.1,418,1024,0.408203125
01a0a57f-e612-73a0-a4c0-523ced5dc57c,d,D,QB9,1,4,UVH7d,39,0.07,8550000.0,8.55,419,1024,0.4091796875
01a0a57f-e612-73a0-a4c0-523ced5dc57c,d,D,QB9,1,4,UVH7d,40,0.07,9000000.0,9.0,403,1024,0.3935546875
01a0a57f-e612-73a0-a4c0-523ced5dc57c,d,D,QB9,1,5,UVH8d,0,0.07,-9000000.0,-9.0,473,1024,0.4619140625
01a0a57f-e612-73a0-a4c0-523ced5dc57c,d,D,QB9,1,5,UVH8d,1,0.07,-8550000.0,-8.55,479,1024,0.4677734375
01a0a57f-e612-73a0-a4c0-523ced5dc57c,d,D,QB9,1,5,UVH8d,2,0.07,-8100000.0,-8.1,473,1024,0.4619140625
01a0a57f-e612-73a0-a4c0-523ced5dc57c,d,D,QB9,1,5,UVH8d,3,0.07,-7650000.0,-7.65,483,1024,0.4716796875
01a0a57f-e612-73a0-a4c0-523ced5dc57c,d,D,QB9,1,5,UVH8d,4,0.07,-7200000.0,-7.2,471,1024,0.4599609375
01a0a57f-e612-73a0-a4c0-523ced5dc57c,d,D,QB9,1,5,UVH8d,5,0.07,-6750000.0,-6.75,456,1024,0.4453125
01a0a57f-e612-73a0-a4c0-523ced5dc57c,d,D,QB9,1,5,UVH8d,6,0.07,-6300000.0,-6.3,473,1024,0.4619140625
01a0a57f-e612-73a0-a4c0-523ced5dc57c,d,D,QB9,1,5,UVH8d,7,0.07,-5850000.0,-5.85,436,1024,0.42578125
01a0a57f-e612-73a0-a4c0-523ced5dc57c,d,D,QB9,1,5,UVH8d,8,0.07,-5400000.0,-5.4,455,1024,0.4443359375
01a0a57f-e612-73a0-a4c0-523ced5dc57c,d,D,QB9,1,5,UVH8d,9,0.07,-4950000.0,-4.95,441,1024,0.4306640625
01a0a57f-e612-73a0-a4c0-523ced5dc57c,d,D,QB9,1,5,UVH8d,10,0.07,-4500000.0,-4.5,473,1024,0.4619140625
01a0a57f-e612-73a0-a4c0-523ced5dc57c,d,D,QB9,1,5,UVH8d,11,0.07,-4050000.0,-4.05,438,1024,0.427734375
01a0a57f-e612-73a0-a4c0-523ced5dc57c,d,D,QB9,1,5,UVH8d,12,0.07,-3600000.0,-3.6,426,1024,0.416015625
01a0a57f-e612-73a0-a4c0-523ced5dc57c,d,D,QB9,1,5,UVH8d,13,0.07,-3150000.0,-3.15,442,1024,0.431640625
01a0a57f-e612-73a0-a4c0-523ced5dc57c,d,D,QB9,1,5,UVH8d,14,0.07,-2700000.0,-2.7,468,1024,0.45703125
01a0a57f-e612-73a0-a4c0-523ced5dc57c,d,D,QB9,1,5,UVH8d,15,0.07,-2250000.0,-2.25,452,1024,0.44140625
01a0a57f-e612-73a0-a4c0-523ced5dc57c,d,D,QB9,1,5,UVH8d,16,0.07,-1800000.0,-1.8,475,1024,0.4638671875
01a0a57f-e612-73a0-a4c0-523ced5dc57c,d,D,QB9,1,5,UVH8d,17,0.07,-1350000.0,-1.35,450,1024,0.439453125
01a0a57f-e612-73a0-a4c0-523ced5dc57c,d,D,QB9,1,5,UVH8d,18,0.07,-900000.0,-0.9,480,1024,0.46875
01a0a57f-e612-73a0-a4c0-523ced5dc57c,d,D,QB9,1,5,UVH8d,19,0.07,-450000.0,-0.45,472,1024,0.4609375
01a0a57f-e612-73a0-a4c0-523ced5dc57c,d,D,QB9,1,5,UVH8d,20,0.07,0.0,0.0,448,1024,0.4375
01a0a57f-e612-73a0-a4c0-523ced5dc57c,d,D,QB9,1,5,UVH8d,21,0.07,450000.0,0.45,480,1024,0.46875
01a0a57f-e612-73a0-a4c0-523ced5dc57c,d,D,QB9,1,5,UVH8d,22,0.07,900000.0,0.9,459,1024,0.4482421875
01a0a57f-e612-73a0-a4c0-523ced5dc57c,d,D,QB9,1,5,UVH8d,23,0.07,1350000.0,1.35,500,1024,0.48828125
01a0a57f-e612-73a0-a4c0-523ced5dc57c,d,D,QB9,1,5,UVH8d,24,0.07,1800000.0,1.8,511,1024,0.4990234375
01a0a57f-e612-73a0-a4c0-523ced5dc57c,d,D,QB9,1,5,UVH8d,25,0.07,2250000.0,2.25,471,1024,0.4599609375
01a0a57f-e612-73a0-a4c0-523ced5dc57c,d,D,QB9,1,5,UVH8d,26,0.07,2700000.0,2.7,480,1024,0.46875
01a0a57f-e612-73a0-a4c0-523ced5dc57c,d,D,QB9,1,5,UVH8d,27,0.07,3150000.0,3.15,495,1024,0.4833984375
01a0a57f-e612-73a0-a4c0-523ced5dc57c,d,D,QB9,1,5,UVH8d,28,0.07,3600000.0,3.6,491,1024,0.4794921875
01a0a57f-e612-73a0-a4c0-523ced5dc57c,d,D,QB9,1,5,UVH8d,29,0.07,4050000.0,4.05,466,1024,0.455078125
01a0a57f-e612-73a0-a4c0-523ced5dc57c,d,D,QB9,1,5,UVH8d,30,0.07,4500000.0,4.5,477,1024,0.4658203125
01a0a57f-e612-73a0-a4c0-523ced5dc57c,d,D,QB9,1,5,UVH8d,31,0.07,4950000.0,4.95,450,1024,0.439453125
01a0a57f-e612-73a0-a4c0-523ced5dc57c,d,D,QB9,1,5,UVH8d,32,0.07,5400000.0,5.4,513,1024,0.5009765625
01a0a57f-e612-73a0-a4c0-523ced5dc57c,d,D,QB9,1,5,UVH8d,33,0.07,5850000.0,5.85,475,1024,0.4638671875
01a0a57f-e612-73a0-a4c0-523ced5dc57c,d,D,QB9,1,5,UVH8d,34,0.07,6300000.0,6.3,457,1024,0.4462890625
01a0a57f-e612-73a0-a4c0-523ced5dc57c,d,D,QB9,1,5,UVH8d,35,0.07,6750000.0,6.75,467,1024,0.4560546875
01a0a57f-e612-73a0-a4c0-523ced5dc57c,d,D,QB9,1,5,UVH8d,36,0.07,7200000.0,7.2,449,1024,0.4384765625
01a0a57f-e612-73a0-a4c0-523ced5dc57c,d,D,QB9,1,5,UVH8d,37,0.07,7650000.0,7.65,446,1024,0.435546875
01a0a57f-e612-73a0-a4c0-523ced5dc57c,d,D,QB9,1,5,UVH8d,38,0.07,8100000.0,8.1,426,1024,0.416015625
01a0a57f-e612-73a0-a4c0-523ced5dc57c,d,D,QB9,1,5,UVH8d,39,0.07,8550000.0,8.55,466,1024,0.455078125
01a0a57f-e612-73a0-a4c0-523ced5dc57c,d,D,QB9,1,5,UVH8d,40,0.07,9000000.0,9.0,403,1024,0.3935546875
01a0a57f-e612-73a0-a4c0-523ced5dc57c,d,D,QB2,2,0,standard_pi_2,0,0.07,-9000000.0,-9.0,588,1024,0.57421875
01a0a57f-e612-73a0-a4c0-523ced5dc57c,d,D,QB2,2,0,standard_pi_2,1,0.07,-8550000.0,-8.55,589,1024,0.5751953125
01a0a57f-e612-73a0-a4c0-523ced5dc57c,d,D,QB2,2,0,standard_pi_2,2,0.07,-8100000.0,-8.1,584,1024,0.5703125
01a0a57f-e612-73a0-a4c0-523ced5dc57c,d,D,QB2,2,0,standard_pi_2,3,0.07,-7650000.0,-7.65,533,1024,0.5205078125
01a0a57f-e612-73a0-a4c0-523ced5dc57c,d,D,QB2,2,0,standard_pi_2,4,0.07,-7200000.0,-7.2,592,1024,0.578125
01a0a57f-e612-73a0-a4c0-523ced5dc57c,d,D,QB2,2,0,standard_pi_2,5,0.07,-6750000.0,-6.75,558,1024,0.544921875
01a0a57f-e612-73a0-a4c0-523ced5dc57c,d,D,QB2,2,0,standard_pi_2,6,0.07,-6300000.0,-6.3,590,1024,0.576171875
01a0a57f-e612-73a0-a4c0-523ced5dc57c,d,D,QB2,2,0,standard_pi_2,7,0.07,-5850000.0,-5.85,587,1024,0.5732421875
01a0a57f-e612-73a0-a4c0-523ced5dc57c,d,D,QB2,2,0,standard_pi_2,8,0.07,-5400000.0,-5.4,568,1024,0.5546875
01a0a57f-e612-73a0-a4c0-523ced5dc57c,d,D,QB2,2,0,standard_pi_2,9,0.07,-4950000.0,-4.95,569,1024,0.5556640625
01a0a57f-e612-73a0-a4c0-523ced5dc57c,d,D,QB2,2,0,standard_pi_2,10,0.07,-4500000.0,-4.5,576,1024,0.5625
01a0a57f-e612-73a0-a4c0-523ced5dc57c,d,D,QB2,2,0,standard_pi_2,11,0.07,-4050000.0,-4.05,574,1024,0.560546875
01a0a57f-e612-73a0-a4c0-523ced5dc57c,d,D,QB2,2,0,standard_pi_2,12,0.07,-3600000.0,-3.6,562,1024,0.548828125
01a0a57f-e612-73a0-a4c0-523ced5dc57c,d,D,QB2,2,0,standard_pi_2,13,0.07,-3150000.0,-3.15,571,1024,0.5576171875
01a0a57f-e612-73a0-a4c0-523ced5dc57c,d,D,QB2,2,0,standard_pi_2,14,0.07,-2700000.0,-2.7,555,1024,0.5419921875
01a0a57f-e612-73a0-a4c0-523ced5dc57c,d,D,QB2,2,0,standard_pi_2,15,0.07,-2250000.0,-2.25,580,1024,0.56640625
01a0a57f-e612-73a0-a4c0-523ced5dc57c,d,D,QB2,2,0,standard_pi_2,16,0.07,-1800000.0,-1.8,546,1024,0.533203125
01a0a57f-e612-73a0-a4c0-523ced5dc57c,d,D,QB2,2,0,standard_pi_2,17,0.07,-1350000.0,-1.35,579,1024,0.5654296875
01a0a57f-e612-73a0-a4c0-523ced5dc57c,d,D,QB2,2,0,standard_pi_2,18,0.07,-900000.0,-0.9,577,1024,0.5634765625
01a0a57f-e612-73a0-a4c0-523ced5dc57c,d,D,QB2,2,0,standard_pi_2,19,0.07,-450000.0,-0.45,542,1024,0.529296875
01a0a57f-e612-73a0-a4c0-523ced5dc57c,d,D,QB2,2,0,standard_pi_2,20,0.07,0.0,0.0,594,1024,0.580078125
01a0a57f-e612-73a0-a4c0-523ced5dc57c,d,D,QB2,2,0,standard_pi_2,21,0.07,450000.0,0.45,560,1024,0.546875
01a0a57f-e612-73a0-a4c0-523ced5dc57c,d,D,QB2,2,0,standard_pi_2,22,0.07,900000.0,0.9,493,1024,0.4814453125
01a0a57f-e612-73a0-a4c0-523ced5dc57c,d,D,QB2,2,0,standard_pi_2,23,0.07,1350000.0,1.35,562,1024,0.548828125
01a0a57f-e612-73a0-a4c0-523ced5dc57c,d,D,QB2,2,0,standard_pi_2,24,0.07,1800000.0,1.8,538,1024,0.525390625
01a0a57f-e612-73a0-a4c0-523ced5dc57c,d,D,QB2,2,0,standard_pi_2,25,0.07,2250000.0,2.25,524,1024,0.51171875
01a0a57f-e612-73a0-a4c0-523ced5dc57c,d,D,QB2,2,0,standard_pi_2,26,0.07,2700000.0,2.7,505,1024,0.4931640625
01a0a57f-e612-73a0-a4c0-523ced5dc57c,d,D,QB2,2,0,standard_pi_2,27,0.07,3150000.0,3.15,552,1024,0.5390625
01a0a57f-e612-73a0-a4c0-523ced5dc57c,d,D,QB2,2,0,standard_pi_2,28,0.07,3600000.0,3.6,559,1024,0.5458984375
01a0a57f-e612-73a0-a4c0-523ced5dc57c,d,D,QB2,2,0,standard_pi_2,29,0.07,4050000.0,4.05,525,1024,0.5126953125
01a0a57f-e612-73a0-a4c0-523ced5dc57c,d,D,QB2,2,0,standard_pi_2,30,0.07,4500000.0,4.5,529,1024,0.5166015625
01a0a57f-e612-73a0-a4c0-523ced5dc57c,d,D,QB2,2,0,standard_pi_2,31,0.07,4950000.0,4.95,534,1024,0.521484375
01a0a57f-e612-73a0-a4c0-523ced5dc57c,d,D,QB2,2,0,standard_pi_2,32,0.07,5400000.0,5.4,539,1024,0.5263671875
01a0a57f-e612-73a0-a4c0-523ced5dc57c,d,D,QB2,2,0,standard_pi_2,33,0.07,5850000.0,5.85,523,1024,0.5107421875
01a0a57f-e612-73a0-a4c0-523ced5dc57c,d,D,QB2,2,0,standard_pi_2,34,0.07,6300000.0,6.3,519,1024,0.5068359375
01a0a57f-e612-73a0-a4c0-523ced5dc57c,d,D,QB2,2,0,standard_pi_2,35,0.07,6750000.0,6.75,525,1024,0.5126953125
01a0a57f-e612-73a0-a4c0-523ced5dc57c,d,D,QB2,2,0,standard_pi_2,36,0.07,7200000.0,7.2,473,1024,0.4619140625
01a0a57f-e612-73a0-a4c0-523ced5dc57c,d,D,QB2,2,0,standard_pi_2,37,0.07,7650000.0,7.65,500,1024,0.48828125
01a0a57f-e612-73a0-a4c0-523ced5dc57c,d,D,QB2,2,0,standard_pi_2,38,0.07,8100000.0,8.1,529,1024,0.5166015625
01a0a57f-e612-73a0-a4c0-523ced5dc57c,d,D,QB2,2,0,standard_pi_2,39,0.07,8550000.0,8.55,520,1024,0.5078125
01a0a57f-e612-73a0-a4c0-523ced5dc57c,d,D,QB2,2,0,standard_pi_2,40,0.07,9000000.0,9.0,542,1024,0.529296875
01a0a57f-e612-73a0-a4c0-523ced5dc57c,d,D,QB2,2,1,UVH4d,0,0.07,-9000000.0,-9.0,403,1024,0.3935546875
01a0a57f-e612-73a0-a4c0-523ced5dc57c,d,D,QB2,2,1,UVH4d,1,0.07,-8550000.0,-8.55,458,1024,0.447265625
01a0a57f-e612-73a0-a4c0-523ced5dc57c,d,D,QB2,2,1,UVH4d,2,0.07,-8100000.0,-8.1,426,1024,0.416015625
01a0a57f-e612-73a0-a4c0-523ced5dc57c,d,D,QB2,2,1,UVH4d,3,0.07,-7650000.0,-7.65,446,1024,0.435546875
01a0a57f-e612-73a0-a4c0-523ced5dc57c,d,D,QB2,2,1,UVH4d,4,0.07,-7200000.0,-7.2,431,1024,0.4208984375
01a0a57f-e612-73a0-a4c0-523ced5dc57c,d,D,QB2,2,1,UVH4d,5,0.07,-6750000.0,-6.75,435,1024,0.4248046875
01a0a57f-e612-73a0-a4c0-523ced5dc57c,d,D,QB2,2,1,UVH4d,6,0.07,-6300000.0,-6.3,453,1024,0.4423828125
01a0a57f-e612-73a0-a4c0-523ced5dc57c,d,D,QB2,2,1,UVH4d,7,0.07,-5850000.0,-5.85,449,1024,0.4384765625
01a0a57f-e612-73a0-a4c0-523ced5dc57c,d,D,QB2,2,1,UVH4d,8,0.07,-5400000.0,-5.4,472,1024,0.4609375
01a0a57f-e612-73a0-a4c0-523ced5dc57c,d,D,QB2,2,1,UVH4d,9,0.07,-4950000.0,-4.95,515,1024,0.5029296875
01a0a57f-e612-73a0-a4c0-523ced5dc57c,d,D,QB2,2,1,UVH4d,10,0.07,-4500000.0,-4.5,486,1024,0.474609375
01a0a57f-e612-73a0-a4c0-523ced5dc57c,d,D,QB2,2,1,UVH4d,11,0.07,-4050000.0,-4.05,517,1024,0.5048828125
01a0a57f-e612-73a0-a4c0-523ced5dc57c,d,D,QB2,2,1,UVH4d,12,0.07,-3600000.0,-3.6,509,1024,0.4970703125
01a0a57f-e612-73a0-a4c0-523ced5dc57c,d,D,QB2,2,1,UVH4d,13,0.07,-3150000.0,-3.15,534,1024,0.521484375
01a0a57f-e612-73a0-a4c0-523ced5dc57c,d,D,QB2,2,1,UVH4d,14,0.07,-2700000.0,-2.7,540,1024,0.52734375
01a0a57f-e612-73a0-a4c0-523ced5dc57c,d,D,QB2,2,1,UVH4d,15,0.07,-2250000.0,-2.25,546,1024,0.533203125
01a0a57f-e612-73a0-a4c0-523ced5dc57c,d,D,QB2,2,1,UVH4d,16,0.07,-1800000.0,-1.8,512,1024,0.5
01a0a57f-e612-73a0-a4c0-523ced5dc57c,d,D,QB2,2,1,UVH4d,17,0.07,-1350000.0,-1.35,523,1024,0.5107421875
01a0a57f-e612-73a0-a4c0-523ced5dc57c,d,D,QB2,2,1,UVH4d,18,0.07,-900000.0,-0.9,536,1024,0.5234375
01a0a57f-e612-73a0-a4c0-523ced5dc57c,d,D,QB2,2,1,UVH4d,19,0.07,-450000.0,-0.45,529,1024,0.5166015625
01a0a57f-e612-73a0-a4c0-523ced5dc57c,d,D,QB2,2,1,UVH4d,20,0.07,0.0,0.0,538,1024,0.525390625
01a0a57f-e612-73a0-a4c0-523ced5dc57c,d,D,QB2,2,1,UVH4d,21,0.07,450000.0,0.45,540,1024,0.52734375
01a0a57f-e612-73a0-a4c0-523ced5dc57c,d,D,QB2,2,1,UVH4d,22,0.07,900000.0,0.9,515,1024,0.5029296875
01a0a57f-e612-73a0-a4c0-523ced5dc57c,d,D,QB2,2,1,UVH4d,23,0.07,1350000.0,1.35,523,1024,0.5107421875
01a0a57f-e612-73a0-a4c0-523ced5dc57c,d,D,QB2,2,1,UVH4d,24,0.07,1800000.0,1.8,570,1024,0.556640625
01a0a57f-e612-73a0-a4c0-523ced5dc57c,d,D,QB2,2,1,UVH4d,25,0.07,2250000.0,2.25,548,1024,0.53515625
01a0a57f-e612-73a0-a4c0-523ced5dc57c,d,D,QB2,2,1,UVH4d,26,0.07,2700000.0,2.7,556,1024,0.54296875
01a0a57f-e612-73a0-a4c0-523ced5dc57c,d,D,QB2,2,1,UVH4d,27,0.07,3150000.0,3.15,557,1024,0.5439453125
01a0a57f-e612-73a0-a4c0-523ced5dc57c,d,D,QB2,2,1,UVH4d,28,0.07,3600000.0,3.6,559,1024,0.5458984375
01a0a57f-e612-73a0-a4c0-523ced5dc57c,d,D,QB2,2,1,UVH4d,29,0.07,4050000.0,4.05,519,1024,0.5068359375
01a0a57f-e612-73a0-a4c0-523ced5dc57c,d,D,QB2,2,1,UVH4d,30,0.07,4500000.0,4.5,537,1024,0.5244140625
01a0a57f-e612-73a0-a4c0-523ced5dc57c,d,D,QB2,2,1,UVH4d,31,0.07,4950000.0,4.95,555,1024,0.5419921875
01a0a57f-e612-73a0-a4c0-523ced5dc57c,d,D,QB2,2,1,UVH4d,32,0.07,5400000.0,5.4,577,1024,0.5634765625
01a0a57f-e612-73a0-a4c0-523ced5dc57c,d,D,QB2,2,1,UVH4d,33,0.07,5850000.0,5.85,570,1024,0.556640625
01a0a57f-e612-73a0-a4c0-523ced5dc57c,d,D,QB2,2,1,UVH4d,34,0.07,6300000.0,6.3,565,1024,0.5517578125
01a0a57f-e612-73a0-a4c0-523ced5dc57c,d,D,QB2,2,1,UVH4d,35,0.07,6750000.0,6.75,573,1024,0.5595703125
01a0a57f-e612-73a0-a4c0-523ced5dc57c,d,D,QB2,2,1,UVH4d,36,0.07,7200000.0,7.2,583,1024,0.5693359375
01a0a57f-e612-73a0-a4c0-523ced5dc57c,d,D,QB2,2,1,UVH4d,37,0.07,7650000.0,7.65,570,1024,0.556640625
01a0a57f-e612-73a0-a4c0-523ced5dc57c,d,D,QB2,2,1,UVH4d,38,0.07,8100000.0,8.1,600,1024,0.5859375
01a0a57f-e612-73a0-a4c0-523ced5dc57c,d,D,QB2,2,1,UVH4d,39,0.07,8550000.0,8.55,584,1024,0.5703125
01a0a57f-e612-73a0-a4c0-523ced5dc57c,d,D,QB2,2,1,UVH4d,40,0.07,9000000.0,9.0,602,1024,0.587890625
01a0a57f-e612-73a0-a4c0-523ced5dc57c,d,D,QB2,2,2,UVH5d,0,0.07,-9000000.0,-9.0,128,1024,0.125
01a0a57f-e612-73a0-a4c0-523ced5dc57c,d,D,QB2,2,2,UVH5d,1,0.07,-8550000.0,-8.55,145,1024,0.1416015625
01a0a57f-e612-73a0-a4c0-523ced5dc57c,d,D,QB2,2,2,UVH5d,2,0.07,-8100000.0,-8.1,159,1024,0.1552734375
01a0a57f-e612-73a0-a4c0-523ced5dc57c,d,D,QB2,2,2,UVH5d,3,0.07,-7650000.0,-7.65,211,1024,0.2060546875
01a0a57f-e612-73a0-a4c0-523ced5dc57c,d,D,QB2,2,2,UVH5d,4,0.07,-7200000.0,-7.2,205,1024,0.2001953125
01a0a57f-e612-73a0-a4c0-523ced5dc57c,d,D,QB2,2,2,UVH5d,5,0.07,-6750000.0,-6.75,247,1024,0.2412109375
01a0a57f-e612-73a0-a4c0-523ced5dc57c,d,D,QB2,2,2,UVH5d,6,0.07,-6300000.0,-6.3,290,1024,0.283203125
01a0a57f-e612-73a0-a4c0-523ced5dc57c,d,D,QB2,2,2,UVH5d,7,0.07,-5850000.0,-5.85,299,1024,0.2919921875
01a0a57f-e612-73a0-a4c0-523ced5dc57c,d,D,QB2,2,2,UVH5d,8,0.07,-5400000.0,-5.4,351,1024,0.3427734375
01a0a57f-e612-73a0-a4c0-523ced5dc57c,d,D,QB2,2,2,UVH5d,9,0.07,-4950000.0,-4.95,362,1024,0.353515625
01a0a57f-e612-73a0-a4c0-523ced5dc57c,d,D,QB2,2,2,UVH5d,10,0.07,-4500000.0,-4.5,377,1024,0.3681640625
01a0a57f-e612-73a0-a4c0-523ced5dc57c,d,D,QB2,2,2,UVH5d,11,0.07,-4050000.0,-4.05,416,1024,0.40625
01a0a57f-e612-73a0-a4c0-523ced5dc57c,d,D,QB2,2,2,UVH5d,12,0.07,-3600000.0,-3.6,417,1024,0.4072265625
01a0a57f-e612-73a0-a4c0-523ced5dc57c,d,D,QB2,2,2,UVH5d,13,0.07,-3150000.0,-3.15,453,1024,0.4423828125
01a0a57f-e612-73a0-a4c0-523ced5dc57c,d,D,QB2,2,2,UVH5d,14,0.07,-2700000.0,-2.7,470,1024,0.458984375
01a0a57f-e612-73a0-a4c0-523ced5dc57c,d,D,QB2,2,2,UVH5d,15,0.07,-2250000.0,-2.25,480,1024,0.46875
01a0a57f-e612-73a0-a4c0-523ced5dc57c,d,D,QB2,2,2,UVH5d,16,0.07,-1800000.0,-1.8,475,1024,0.4638671875
01a0a57f-e612-73a0-a4c0-523ced5dc57c,d,D,QB2,2,2,UVH5d,17,0.07,-1350000.0,-1.35,444,1024,0.43359375
01a0a57f-e612-73a0-a4c0-523ced5dc57c,d,D,QB2,2,2,UVH5d,18,0.07,-900000.0,-0.9,477,1024,0.4658203125
01a0a57f-e612-73a0-a4c0-523ced5dc57c,d,D,QB2,2,2,UVH5d,19,0.07,-450000.0,-0.45,439,1024,0.4287109375
01a0a57f-e612-73a0-a4c0-523ced5dc57c,d,D,QB2,2,2,UVH5d,20,0.07,0.0,0.0,470,1024,0.458984375
01a0a57f-e612-73a0-a4c0-523ced5dc57c,d,D,QB2,2,2,UVH5d,21,0.07,450000.0,0.45,457,1024,0.4462890625
01a0a57f-e612-73a0-a4c0-523ced5dc57c,d,D,QB2,2,2,UVH5d,22,0.07,900000.0,0.9,428,1024,0.41796875
01a0a57f-e612-73a0-a4c0-523ced5dc57c,d,D,QB2,2,2,UVH5d,23,0.07,1350000.0,1.35,460,1024,0.44921875
01a0a57f-e612-73a0-a4c0-523ced5dc57c,d,D,QB2,2,2,UVH5d,24,0.07,1800000.0,1.8,443,1024,0.4326171875
01a0a57f-e612-73a0-a4c0-523ced5dc57c,d,D,QB2,2,2,UVH5d,25,0.07,2250000.0,2.25,428,1024,0.41796875
01a0a57f-e612-73a0-a4c0-523ced5dc57c,d,D,QB2,2,2,UVH5d,26,0.07,2700000.0,2.7,453,1024,0.4423828125
01a0a57f-e612-73a0-a4c0-523ced5dc57c,d,D,QB2,2,2,UVH5d,27,0.07,3150000.0,3.15,442,1024,0.431640625
01a0a57f-e612-73a0-a4c0-523ced5dc57c,d,D,QB2,2,2,UVH5d,28,0.07,3600000.0,3.6,436,1024,0.42578125
01a0a57f-e612-73a0-a4c0-523ced5dc57c,d,D,QB2,2,2,UVH5d,29,0.07,4050000.0,4.05,425,1024,0.4150390625
01a0a57f-e612-73a0-a4c0-523ced5dc57c,d,D,QB2,2,2,UVH5d,30,0.07,4500000.0,4.5,415,1024,0.4052734375
01a0a57f-e612-73a0-a4c0-523ced5dc57c,d,D,QB2,2,2,UVH5d,31,0.07,4950000.0,4.95,420,1024,0.41015625
01a0a57f-e612-73a0-a4c0-523ced5dc57c,d,D,QB2,2,2,UVH5d,32,0.07,5400000.0,5.4,439,1024,0.4287109375
01a0a57f-e612-73a0-a4c0-523ced5dc57c,d,D,QB2,2,2,UVH5d,33,0.07,5850000.0,5.85,449,1024,0.4384765625
01a0a57f-e612-73a0-a4c0-523ced5dc57c,d,D,QB2,2,2,UVH5d,34,0.07,6300000.0,6.3,431,1024,0.4208984375
01a0a57f-e612-73a0-a4c0-523ced5dc57c,d,D,QB2,2,2,UVH5d,35,0.07,6750000.0,6.75,435,1024,0.4248046875
01a0a57f-e612-73a0-a4c0-523ced5dc57c,d,D,QB2,2,2,UVH5d,36,0.07,7200000.0,7.2,411,1024,0.4013671875
01a0a57f-e612-73a0-a4c0-523ced5dc57c,d,D,QB2,2,2,UVH5d,37,0.07,7650000.0,7.65,448,1024,0.4375
01a0a57f-e612-73a0-a4c0-523ced5dc57c,d,D,QB2,2,2,UVH5d,38,0.07,8100000.0,8.1,434,1024,0.423828125
01a0a57f-e612-73a0-a4c0-523ced5dc57c,d,D,QB2,2,2,UVH5d,39,0.07,8550000.0,8.55,395,1024,0.3857421875
01a0a57f-e612-73a0-a4c0-523ced5dc57c,d,D,QB2,2,2,UVH5d,40,0.07,9000000.0,9.0,417,1024,0.4072265625
01a0a57f-e612-73a0-a4c0-523ced5dc57c,d,D,QB2,2,3,UVH6d,0,0.07,-9000000.0,-9.0,623,1024,0.6083984375
01a0a57f-e612-73a0-a4c0-523ced5dc57c,d,D,QB2,2,3,UVH6d,1,0.07,-8550000.0,-8.55,576,1024,0.5625
01a0a57f-e612-73a0-a4c0-523ced5dc57c,d,D,QB2,2,3,UVH6d,2,0.07,-8100000.0,-8.1,604,1024,0.58984375
01a0a57f-e612-73a0-a4c0-523ced5dc57c,d,D,QB2,2,3,UVH6d,3,0.07,-7650000.0,-7.65,564,1024,0.55078125
01a0a57f-e612-73a0-a4c0-523ced5dc57c,d,D,QB2,2,3,UVH6d,4,0.07,-7200000.0,-7.2,549,1024,0.5361328125
01a0a57f-e612-73a0-a4c0-523ced5dc57c,d,D,QB2,2,3,UVH6d,5,0.07,-6750000.0,-6.75,529,1024,0.5166015625
01a0a57f-e612-73a0-a4c0-523ced5dc57c,d,D,QB2,2,3,UVH6d,6,0.07,-6300000.0,-6.3,480,1024,0.46875
01a0a57f-e612-73a0-a4c0-523ced5dc57c,d,D,QB2,2,3,UVH6d,7,0.07,-5850000.0,-5.85,520,1024,0.5078125
01a0a57f-e612-73a0-a4c0-523ced5dc57c,d,D,QB2,2,3,UVH6d,8,0.07,-5400000.0,-5.4,486,1024,0.474609375
01a0a57f-e612-73a0-a4c0-523ced5dc57c,d,D,QB2,2,3,UVH6d,9,0.07,-4950000.0,-4.95,496,1024,0.484375
01a0a57f-e612-73a0-a4c0-523ced5dc57c,d,D,QB2,2,3,UVH6d,10,0.07,-4500000.0,-4.5,493,1024,0.4814453125
01a0a57f-e612-73a0-a4c0-523ced5dc57c,d,D,QB2,2,3,UVH6d,11,0.07,-4050000.0,-4.05,480,1024,0.46875
01a0a57f-e612-73a0-a4c0-523ced5dc57c,d,D,QB2,2,3,UVH6d,12,0.07,-3600000.0,-3.6,481,1024,0.4697265625
01a0a57f-e612-73a0-a4c0-523ced5dc57c,d,D,QB2,2,3,UVH6d,13,0.07,-3150000.0,-3.15,484,1024,0.47265625
01a0a57f-e612-73a0-a4c0-523ced5dc57c,d,D,QB2,2,3,UVH6d,14,0.07,-2700000.0,-2.7,497,1024,0.4853515625
01a0a57f-e612-73a0-a4c0-523ced5dc57c,d,D,QB2,2,3,UVH6d,15,0.07,-2250000.0,-2.25,500,1024,0.48828125
01a0a57f-e612-73a0-a4c0-523ced5dc57c,d,D,QB2,2,3,UVH6d,16,0.07,-1800000.0,-1.8,493,1024,0.4814453125
01a0a57f-e612-73a0-a4c0-523ced5dc57c,d,D,QB2,2,3,UVH6d,17,0.07,-1350000.0,-1.35,487,1024,0.4755859375
01a0a57f-e612-73a0-a4c0-523ced5dc57c,d,D,QB2,2,3,UVH6d,18,0.07,-900000.0,-0.9,474,1024,0.462890625
01a0a57f-e612-73a0-a4c0-523ced5dc57c,d,D,QB2,2,3,UVH6d,19,0.07,-450000.0,-0.45,486,1024,0.474609375
01a0a57f-e612-73a0-a4c0-523ced5dc57c,d,D,QB2,2,3,UVH6d,20,0.07,0.0,0.0,491,1024,0.4794921875
01a0a57f-e612-73a0-a4c0-523ced5dc57c,d,D,QB2,2,3,UVH6d,21,0.07,450000.0,0.45,496,1024,0.484375
01a0a57f-e612-73a0-a4c0-523ced5dc57c,d,D,QB2,2,3,UVH6d,22,0.07,900000.0,0.9,515,1024,0.5029296875
01a0a57f-e612-73a0-a4c0-523ced5dc57c,d,D,QB2,2,3,UVH6d,23,0.07,1350000.0,1.35,465,1024,0.4541015625
01a0a57f-e612-73a0-a4c0-523ced5dc57c,d,D,QB2,2,3,UVH6d,24,0.07,1800000.0,1.8,491,1024,0.4794921875
01a0a57f-e612-73a0-a4c0-523ced5dc57c,d,D,QB2,2,3,UVH6d,25,0.07,2250000.0,2.25,478,1024,0.466796875
01a0a57f-e612-73a0-a4c0-523ced5dc57c,d,D,QB2,2,3,UVH6d,26,0.07,2700000.0,2.7,515,1024,0.5029296875
01a0a57f-e612-73a0-a4c0-523ced5dc57c,d,D,QB2,2,3,UVH6d,27,0.07,3150000.0,3.15,510,1024,0.498046875
01a0a57f-e612-73a0-a4c0-523ced5dc57c,d,D,QB2,2,3,UVH6d,28,0.07,3600000.0,3.6,486,1024,0.474609375
01a0a57f-e612-73a0-a4c0-523ced5dc57c,d,D,QB2,2,3,UVH6d,29,0.07,4050000.0,4.05,512,1024,0.5
01a0a57f-e612-73a0-a4c0-523ced5dc57c,d,D,QB2,2,3,UVH6d,30,0.07,4500000.0,4.5,495,1024,0.4833984375
01a0a57f-e612-73a0-a4c0-523ced5dc57c,d,D,QB2,2,3,UVH6d,31,0.07,4950000.0,4.95,517,1024,0.5048828125
01a0a57f-e612-73a0-a4c0-523ced5dc57c,d,D,QB2,2,3,UVH6d,32,0.07,5400000.0,5.4,531,1024,0.5185546875
01a0a57f-e612-73a0-a4c0-523ced5dc57c,d,D,QB2,2,3,UVH6d,33,0.07,5850000.0,5.85,530,1024,0.517578125
01a0a57f-e612-73a0-a4c0-523ced5dc57c,d,D,QB2,2,3,UVH6d,34,0.07,6300000.0,6.3,562,1024,0.548828125
01a0a57f-e612-73a0-a4c0-523ced5dc57c,d,D,QB2,2,3,UVH6d,35,0.07,6750000.0,6.75,592,1024,0.578125
01a0a57f-e612-73a0-a4c0-523ced5dc57c,d,D,QB2,2,3,UVH6d,36,0.07,7200000.0,7.2,558,1024,0.544921875
01a0a57f-e612-73a0-a4c0-523ced5dc57c,d,D,QB2,2,3,UVH6d,37,0.07,7650000.0,7.65,599,1024,0.5849609375
01a0a57f-e612-73a0-a4c0-523ced5dc57c,d,D,QB2,2,3,UVH6d,38,0.07,8100000.0,8.1,640,1024,0.625
01a0a57f-e612-73a0-a4c0-523ced5dc57c,d,D,QB2,2,3,UVH6d,39,0.07,8550000.0,8.55,630,1024,0.615234375
01a0a57f-e612-73a0-a4c0-523ced5dc57c,d,D,QB2,2,3,UVH6d,40,0.07,9000000.0,9.0,689,1024,0.6728515625
01a0a57f-e612-73a0-a4c0-523ced5dc57c,d,D,QB2,2,4,UVH7d,0,0.07,-9000000.0,-9.0,560,1024,0.546875
01a0a57f-e612-73a0-a4c0-523ced5dc57c,d,D,QB2,2,4,UVH7d,1,0.07,-8550000.0,-8.55,521,1024,0.5087890625
01a0a57f-e612-73a0-a4c0-523ced5dc57c,d,D,QB2,2,4,UVH7d,2,0.07,-8100000.0,-8.1,561,1024,0.5478515625
01a0a57f-e612-73a0-a4c0-523ced5dc57c,d,D,QB2,2,4,UVH7d,3,0.07,-7650000.0,-7.65,489,1024,0.4775390625
01a0a57f-e612-73a0-a4c0-523ced5dc57c,d,D,QB2,2,4,UVH7d,4,0.07,-7200000.0,-7.2,494,1024,0.482421875
01a0a57f-e612-73a0-a4c0-523ced5dc57c,d,D,QB2,2,4,UVH7d,5,0.07,-6750000.0,-6.75,502,1024,0.490234375
01a0a57f-e612-73a0-a4c0-523ced5dc57c,d,D,QB2,2,4,UVH7d,6,0.07,-6300000.0,-6.3,487,1024,0.4755859375
01a0a57f-e612-73a0-a4c0-523ced5dc57c,d,D,QB2,2,4,UVH7d,7,0.07,-5850000.0,-5.85,499,1024,0.4873046875
01a0a57f-e612-73a0-a4c0-523ced5dc57c,d,D,QB2,2,4,UVH7d,8,0.07,-5400000.0,-5.4,493,1024,0.4814453125
01a0a57f-e612-73a0-a4c0-523ced5dc57c,d,D,QB2,2,4,UVH7d,9,0.07,-4950000.0,-4.95,514,1024,0.501953125
01a0a57f-e612-73a0-a4c0-523ced5dc57c,d,D,QB2,2,4,UVH7d,10,0.07,-4500000.0,-4.5,484,1024,0.47265625
01a0a57f-e612-73a0-a4c0-523ced5dc57c,d,D,QB2,2,4,UVH7d,11,0.07,-4050000.0,-4.05,477,1024,0.4658203125
01a0a57f-e612-73a0-a4c0-523ced5dc57c,d,D,QB2,2,4,UVH7d,12,0.07,-3600000.0,-3.6,471,1024,0.4599609375
01a0a57f-e612-73a0-a4c0-523ced5dc57c,d,D,QB2,2,4,UVH7d,13,0.07,-3150000.0,-3.15,487,1024,0.4755859375
01a0a57f-e612-73a0-a4c0-523ced5dc57c,d,D,QB2,2,4,UVH7d,14,0.07,-2700000.0,-2.7,490,1024,0.478515625
01a0a57f-e612-73a0-a4c0-523ced5dc57c,d,D,QB2,2,4,UVH7d,15,0.07,-2250000.0,-2.25,471,1024,0.4599609375
01a0a57f-e612-73a0-a4c0-523ced5dc57c,d,D,QB2,2,4,UVH7d,16,0.07,-1800000.0,-1.8,503,1024,0.4912109375
01a0a57f-e612-73a0-a4c0-523ced5dc57c,d,D,QB2,2,4,UVH7d,17,0.07,-1350000.0,-1.35,495,1024,0.4833984375
01a0a57f-e612-73a0-a4c0-523ced5dc57c,d,D,QB2,2,4,UVH7d,18,0.07,-900000.0,-0.9,467,1024,0.4560546875
01a0a57f-e612-73a0-a4c0-523ced5dc57c,d,D,QB2,2,4,UVH7d,19,0.07,-450000.0,-0.45,486,1024,0.474609375
01a0a57f-e612-73a0-a4c0-523ced5dc57c,d,D,QB2,2,4,UVH7d,20,0.07,0.0,0.0,475,1024,0.4638671875
01a0a57f-e612-73a0-a4c0-523ced5dc57c,d,D,QB2,2,4,UVH7d,21,0.07,450000.0,0.45,448,1024,0.4375
01a0a57f-e612-73a0-a4c0-523ced5dc57c,d,D,QB2,2,4,UVH7d,22,0.07,900000.0,0.9,501,1024,0.4892578125
01a0a57f-e612-73a0-a4c0-523ced5dc57c,d,D,QB2,2,4,UVH7d,23,0.07,1350000.0,1.35,491,1024,0.4794921875
01a0a57f-e612-73a0-a4c0-523ced5dc57c,d,D,QB2,2,4,UVH7d,24,0.07,1800000.0,1.8,468,1024,0.45703125
01a0a57f-e612-73a0-a4c0-523ced5dc57c,d,D,QB2,2,4,UVH7d,25,0.07,2250000.0,2.25,461,1024,0.4501953125
01a0a57f-e612-73a0-a4c0-523ced5dc57c,d,D,QB2,2,4,UVH7d,26,0.07,2700000.0,2.7,496,1024,0.484375
01a0a57f-e612-73a0-a4c0-523ced5dc57c,d,D,QB2,2,4,UVH7d,27,0.07,3150000.0,3.15,500,1024,0.48828125
01a0a57f-e612-73a0-a4c0-523ced5dc57c,d,D,QB2,2,4,UVH7d,28,0.07,3600000.0,3.6,492,1024,0.48046875
01a0a57f-e612-73a0-a4c0-523ced5dc57c,d,D,QB2,2,4,UVH7d,29,0.07,4050000.0,4.05,455,1024,0.4443359375
01a0a57f-e612-73a0-a4c0-523ced5dc57c,d,D,QB2,2,4,UVH7d,30,0.07,4500000.0,4.5,440,1024,0.4296875
01a0a57f-e612-73a0-a4c0-523ced5dc57c,d,D,QB2,2,4,UVH7d,31,0.07,4950000.0,4.95,436,1024,0.42578125
01a0a57f-e612-73a0-a4c0-523ced5dc57c,d,D,QB2,2,4,UVH7d,32,0.07,5400000.0,5.4,436,1024,0.42578125
01a0a57f-e612-73a0-a4c0-523ced5dc57c,d,D,QB2,2,4,UVH7d,33,0.07,5850000.0,5.85,429,1024,0.4189453125
01a0a57f-e612-73a0-a4c0-523ced5dc57c,d,D,QB2,2,4,UVH7d,34,0.07,6300000.0,6.3,406,1024,0.396484375
01a0a57f-e612-73a0-a4c0-523ced5dc57c,d,D,QB2,2,4,UVH7d,35,0.07,6750000.0,6.75,407,1024,0.3974609375
01a0a57f-e612-73a0-a4c0-523ced5dc57c,d,D,QB2,2,4,UVH7d,36,0.07,7200000.0,7.2,383,1024,0.3740234375
01a0a57f-e612-73a0-a4c0-523ced5dc57c,d,D,QB2,2,4,UVH7d,37,0.07,7650000.0,7.65,349,1024,0.3408203125
01a0a57f-e612-73a0-a4c0-523ced5dc57c,d,D,QB2,2,4,UVH7d,38,0.07,8100000.0,8.1,388,1024,0.37890625
01a0a57f-e612-73a0-a4c0-523ced5dc57c,d,D,QB2,2,4,UVH7d,39,0.07,8550000.0,8.55,353,1024,0.3447265625
01a0a57f-e612-73a0-a4c0-523ced5dc57c,d,D,QB2,2,4,UVH7d,40,0.07,9000000.0,9.0,358,1024,0.349609375
01a0a57f-e612-73a0-a4c0-523ced5dc57c,d,D,QB2,2,5,UVH8d,0,0.07,-9000000.0,-9.0,531,1024,0.5185546875
01a0a57f-e612-73a0-a4c0-523ced5dc57c,d,D,QB2,2,5,UVH8d,1,0.07,-8550000.0,-8.55,514,1024,0.501953125
01a0a57f-e612-73a0-a4c0-523ced5dc57c,d,D,QB2,2,5,UVH8d,2,0.07,-8100000.0,-8.1,513,1024,0.5009765625
01a0a57f-e612-73a0-a4c0-523ced5dc57c,d,D,QB2,2,5,UVH8d,3,0.07,-7650000.0,-7.65,534,1024,0.521484375
01a0a57f-e612-73a0-a4c0-523ced5dc57c,d,D,QB2,2,5,UVH8d,4,0.07,-7200000.0,-7.2,521,1024,0.5087890625
01a0a57f-e612-73a0-a4c0-523ced5dc57c,d,D,QB2,2,5,UVH8d,5,0.07,-6750000.0,-6.75,525,1024,0.5126953125
01a0a57f-e612-73a0-a4c0-523ced5dc57c,d,D,QB2,2,5,UVH8d,6,0.07,-6300000.0,-6.3,508,1024,0.49609375
01a0a57f-e612-73a0-a4c0-523ced5dc57c,d,D,QB2,2,5,UVH8d,7,0.07,-5850000.0,-5.85,509,1024,0.4970703125
01a0a57f-e612-73a0-a4c0-523ced5dc57c,d,D,QB2,2,5,UVH8d,8,0.07,-5400000.0,-5.4,516,1024,0.50390625
01a0a57f-e612-73a0-a4c0-523ced5dc57c,d,D,QB2,2,5,UVH8d,9,0.07,-4950000.0,-4.95,511,1024,0.4990234375
01a0a57f-e612-73a0-a4c0-523ced5dc57c,d,D,QB2,2,5,UVH8d,10,0.07,-4500000.0,-4.5,538,1024,0.525390625
01a0a57f-e612-73a0-a4c0-523ced5dc57c,d,D,QB2,2,5,UVH8d,11,0.07,-4050000.0,-4.05,523,1024,0.5107421875
01a0a57f-e612-73a0-a4c0-523ced5dc57c,d,D,QB2,2,5,UVH8d,12,0.07,-3600000.0,-3.6,520,1024,0.5078125
01a0a57f-e612-73a0-a4c0-523ced5dc57c,d,D,QB2,2,5,UVH8d,13,0.07,-3150000.0,-3.15,515,1024,0.5029296875
01a0a57f-e612-73a0-a4c0-523ced5dc57c,d,D,QB2,2,5,UVH8d,14,0.07,-2700000.0,-2.7,499,1024,0.4873046875
01a0a57f-e612-73a0-a4c0-523ced5dc57c,d,D,QB2,2,5,UVH8d,15,0.07,-2250000.0,-2.25,537,1024,0.5244140625
01a0a57f-e612-73a0-a4c0-523ced5dc57c,d,D,QB2,2,5,UVH8d,16,0.07,-1800000.0,-1.8,502,1024,0.490234375
01a0a57f-e612-73a0-a4c0-523ced5dc57c,d,D,QB2,2,5,UVH8d,17,0.07,-1350000.0,-1.35,519,1024,0.5068359375
01a0a57f-e612-73a0-a4c0-523ced5dc57c,d,D,QB2,2,5,UVH8d,18,0.07,-900000.0,-0.9,506,1024,0.494140625
01a0a57f-e612-73a0-a4c0-523ced5dc57c,d,D,QB2,2,5,UVH8d,19,0.07,-450000.0,-0.45,514,1024,0.501953125
01a0a57f-e612-73a0-a4c0-523ced5dc57c,d,D,QB2,2,5,UVH8d,20,0.07,0.0,0.0,476,1024,0.46484375
01a0a57f-e612-73a0-a4c0-523ced5dc57c,d,D,QB2,2,5,UVH8d,21,0.07,450000.0,0.45,490,1024,0.478515625
01a0a57f-e612-73a0-a4c0-523ced5dc57c,d,D,QB2,2,5,UVH8d,22,0.07,900000.0,0.9,491,1024,0.4794921875
01a0a57f-e612-73a0-a4c0-523ced5dc57c,d,D,QB2,2,5,UVH8d,23,0.07,1350000.0,1.35,536,1024,0.5234375
01a0a57f-e612-73a0-a4c0-523ced5dc57c,d,D,QB2,2,5,UVH8d,24,0.07,1800000.0,1.8,502,1024,0.490234375
01a0a57f-e612-73a0-a4c0-523ced5dc57c,d,D,QB2,2,5,UVH8d,25,0.07,2250000.0,2.25,542,1024,0.529296875
01a0a57f-e612-73a0-a4c0-523ced5dc57c,d,D,QB2,2,5,UVH8d,26,0.07,2700000.0,2.7,516,1024,0.50390625
01a0a57f-e612-73a0-a4c0-523ced5dc57c,d,D,QB2,2,5,UVH8d,27,0.07,3150000.0,3.15,483,1024,0.4716796875
01a0a57f-e612-73a0-a4c0-523ced5dc57c,d,D,QB2,2,5,UVH8d,28,0.07,3600000.0,3.6,499,1024,0.4873046875
01a0a57f-e612-73a0-a4c0-523ced5dc57c,d,D,QB2,2,5,UVH8d,29,0.07,4050000.0,4.05,515,1024,0.5029296875
01a0a57f-e612-73a0-a4c0-523ced5dc57c,d,D,QB2,2,5,UVH8d,30,0.07,4500000.0,4.5,492,1024,0.48046875
01a0a57f-e612-73a0-a4c0-523ced5dc57c,d,D,QB2,2,5,UVH8d,31,0.07,4950000.0,4.95,498,1024,0.486328125
01a0a57f-e612-73a0-a4c0-523ced5dc57c,d,D,QB2,2,5,UVH8d,32,0.07,5400000.0,5.4,507,1024,0.4951171875
01a0a57f-e612-73a0-a4c0-523ced5dc57c,d,D,QB2,2,5,UVH8d,33,0.07,5850000.0,5.85,460,1024,0.44921875
01a0a57f-e612-73a0-a4c0-523ced5dc57c,d,D,QB2,2,5,UVH8d,34,0.07,6300000.0,6.3,508,1024,0.49609375
01a0a57f-e612-73a0-a4c0-523ced5dc57c,d,D,QB2,2,5,UVH8d,35,0.07,6750000.0,6.75,488,1024,0.4765625
01a0a57f-e612-73a0-a4c0-523ced5dc57c,d,D,QB2,2,5,UVH8d,36,0.07,7200000.0,7.2,502,1024,0.490234375
01a0a57f-e612-73a0-a4c0-523ced5dc57c,d,D,QB2,2,5,UVH8d,37,0.07,7650000.0,7.65,483,1024,0.4716796875
01a0a57f-e612-73a0-a4c0-523ced5dc57c,d,D,QB2,2,5,UVH8d,38,0.07,8100000.0,8.1,478,1024,0.466796875
01a0a57f-e612-73a0-a4c0-523ced5dc57c,d,D,QB2,2,5,UVH8d,39,0.07,8550000.0,8.55,445,1024,0.4345703125
01a0a57f-e612-73a0-a4c0-523ced5dc57c,d,D,QB2,2,5,UVH8d,40,0.07,9000000.0,9.0,434,1024,0.423828125
01a0a57f-e612-73a0-a4c0-523ced5dc57c,d,D,QB4,3,0,standard_pi_2,0,0.07,-9000000.0,-9.0,609,1024,0.5947265625
01a0a57f-e612-73a0-a4c0-523ced5dc57c,d,D,QB4,3,0,standard_pi_2,1,0.07,-8550000.0,-8.55,573,1024,0.5595703125
01a0a57f-e612-73a0-a4c0-523ced5dc57c,d,D,QB4,3,0,standard_pi_2,2,0.07,-8100000.0,-8.1,613,1024,0.5986328125
01a0a57f-e612-73a0-a4c0-523ced5dc57c,d,D,QB4,3,0,standard_pi_2,3,0.07,-7650000.0,-7.65,592,1024,0.578125
01a0a57f-e612-73a0-a4c0-523ced5dc57c,d,D,QB4,3,0,standard_pi_2,4,0.07,-7200000.0,-7.2,599,1024,0.5849609375
01a0a57f-e612-73a0-a4c0-523ced5dc57c,d,D,QB4,3,0,standard_pi_2,5,0.07,-6750000.0,-6.75,579,1024,0.5654296875
01a0a57f-e612-73a0-a4c0-523ced5dc57c,d,D,QB4,3,0,standard_pi_2,6,0.07,-6300000.0,-6.3,595,1024,0.5810546875
01a0a57f-e612-73a0-a4c0-523ced5dc57c,d,D,QB4,3,0,standard_pi_2,7,0.07,-5850000.0,-5.85,586,1024,0.572265625
01a0a57f-e612-73a0-a4c0-523ced5dc57c,d,D,QB4,3,0,standard_pi_2,8,0.07,-5400000.0,-5.4,593,1024,0.5791015625
01a0a57f-e612-73a0-a4c0-523ced5dc57c,d,D,QB4,3,0,standard_pi_2,9,0.07,-4950000.0,-4.95,572,1024,0.55859375
01a0a57f-e612-73a0-a4c0-523ced5dc57c,d,D,QB4,3,0,standard_pi_2,10,0.07,-4500000.0,-4.5,613,1024,0.5986328125
01a0a57f-e612-73a0-a4c0-523ced5dc57c,d,D,QB4,3,0,standard_pi_2,11,0.07,-4050000.0,-4.05,601,1024,0.5869140625
01a0a57f-e612-73a0-a4c0-523ced5dc57c,d,D,QB4,3,0,standard_pi_2,12,0.07,-3600000.0,-3.6,568,1024,0.5546875
01a0a57f-e612-73a0-a4c0-523ced5dc57c,d,D,QB4,3,0,standard_pi_2,13,0.07,-3150000.0,-3.15,541,1024,0.5283203125
01a0a57f-e612-73a0-a4c0-523ced5dc57c,d,D,QB4,3,0,standard_pi_2,14,0.07,-2700000.0,-2.7,580,1024,0.56640625
01a0a57f-e612-73a0-a4c0-523ced5dc57c,d,D,QB4,3,0,standard_pi_2,15,0.07,-2250000.0,-2.25,561,1024,0.5478515625
01a0a57f-e612-73a0-a4c0-523ced5dc57c,d,D,QB4,3,0,standard_pi_2,16,0.07,-1800000.0,-1.8,561,1024,0.5478515625
01a0a57f-e612-73a0-a4c0-523ced5dc57c,d,D,QB4,3,0,standard_pi_2,17,0.07,-1350000.0,-1.35,558,1024,0.544921875
01a0a57f-e612-73a0-a4c0-523ced5dc57c,d,D,QB4,3,0,standard_pi_2,18,0.07,-900000.0,-0.9,542,1024,0.529296875
01a0a57f-e612-73a0-a4c0-523ced5dc57c,d,D,QB4,3,0,standard_pi_2,19,0.07,-450000.0,-0.45,564,1024,0.55078125
01a0a57f-e612-73a0-a4c0-523ced5dc57c,d,D,QB4,3,0,standard_pi_2,20,0.07,0.0,0.0,582,1024,0.568359375
01a0a57f-e612-73a0-a4c0-523ced5dc57c,d,D,QB4,3,0,standard_pi_2,21,0.07,450000.0,0.45,539,1024,0.5263671875
01a0a57f-e612-73a0-a4c0-523ced5dc57c,d,D,QB4,3,0,standard_pi_2,22,0.07,900000.0,0.9,551,1024,0.5380859375
01a0a57f-e612-73a0-a4c0-523ced5dc57c,d,D,QB4,3,0,standard_pi_2,23,0.07,1350000.0,1.35,535,1024,0.5224609375
01a0a57f-e612-73a0-a4c0-523ced5dc57c,d,D,QB4,3,0,standard_pi_2,24,0.07,1800000.0,1.8,542,1024,0.529296875
01a0a57f-e612-73a0-a4c0-523ced5dc57c,d,D,QB4,3,0,standard_pi_2,25,0.07,2250000.0,2.25,560,1024,0.546875
01a0a57f-e612-73a0-a4c0-523ced5dc57c,d,D,QB4,3,0,standard_pi_2,26,0.07,2700000.0,2.7,542,1024,0.529296875
01a0a57f-e612-73a0-a4c0-523ced5dc57c,d,D,QB4,3,0,standard_pi_2,27,0.07,3150000.0,3.15,508,1024,0.49609375
01a0a57f-e612-73a0-a4c0-523ced5dc57c,d,D,QB4,3,0,standard_pi_2,28,0.07,3600000.0,3.6,533,1024,0.5205078125
01a0a57f-e612-73a0-a4c0-523ced5dc57c,d,D,QB4,3,0,standard_pi_2,29,0.07,4050000.0,4.05,545,1024,0.5322265625
01a0a57f-e612-73a0-a4c0-523ced5dc57c,d,D,QB4,3,0,standard_pi_2,30,0.07,4500000.0,4.5,509,1024,0.4970703125
01a0a57f-e612-73a0-a4c0-523ced5dc57c,d,D,QB4,3,0,standard_pi_2,31,0.07,4950000.0,4.95,481,1024,0.4697265625
01a0a57f-e612-73a0-a4c0-523ced5dc57c,d,D,QB4,3,0,standard_pi_2,32,0.07,5400000.0,5.4,520,1024,0.5078125
01a0a57f-e612-73a0-a4c0-523ced5dc57c,d,D,QB4,3,0,standard_pi_2,33,0.07,5850000.0,5.85,529,1024,0.5166015625
01a0a57f-e612-73a0-a4c0-523ced5dc57c,d,D,QB4,3,0,standard_pi_2,34,0.07,6300000.0,6.3,494,1024,0.482421875
01a0a57f-e612-73a0-a4c0-523ced5dc57c,d,D,QB4,3,0,standard_pi_2,35,0.07,6750000.0,6.75,488,1024,0.4765625
01a0a57f-e612-73a0-a4c0-523ced5dc57c,d,D,QB4,3,0,standard_pi_2,36,0.07,7200000.0,7.2,511,1024,0.4990234375
01a0a57f-e612-73a0-a4c0-523ced5dc57c,d,D,QB4,3,0,standard_pi_2,37,0.07,7650000.0,7.65,507,1024,0.4951171875
01a0a57f-e612-73a0-a4c0-523ced5dc57c,d,D,QB4,3,0,standard_pi_2,38,0.07,8100000.0,8.1,491,1024,0.4794921875
01a0a57f-e612-73a0-a4c0-523ced5dc57c,d,D,QB4,3,0,standard_pi_2,39,0.07,8550000.0,8.55,488,1024,0.4765625
01a0a57f-e612-73a0-a4c0-523ced5dc57c,d,D,QB4,3,0,standard_pi_2,40,0.07,9000000.0,9.0,477,1024,0.4658203125
01a0a57f-e612-73a0-a4c0-523ced5dc57c,d,D,QB4,3,1,UVH4d,0,0.07,-9000000.0,-9.0,424,1024,0.4140625
01a0a57f-e612-73a0-a4c0-523ced5dc57c,d,D,QB4,3,1,UVH4d,1,0.07,-8550000.0,-8.55,394,1024,0.384765625
01a0a57f-e612-73a0-a4c0-523ced5dc57c,d,D,QB4,3,1,UVH4d,2,0.07,-8100000.0,-8.1,432,1024,0.421875
01a0a57f-e612-73a0-a4c0-523ced5dc57c,d,D,QB4,3,1,UVH4d,3,0.07,-7650000.0,-7.65,448,1024,0.4375
01a0a57f-e612-73a0-a4c0-523ced5dc57c,d,D,QB4,3,1,UVH4d,4,0.07,-7200000.0,-7.2,449,1024,0.4384765625
01a0a57f-e612-73a0-a4c0-523ced5dc57c,d,D,QB4,3,1,UVH4d,5,0.07,-6750000.0,-6.75,457,1024,0.4462890625
01a0a57f-e612-73a0-a4c0-523ced5dc57c,d,D,QB4,3,1,UVH4d,6,0.07,-6300000.0,-6.3,468,1024,0.45703125
01a0a57f-e612-73a0-a4c0-523ced5dc57c,d,D,QB4,3,1,UVH4d,7,0.07,-5850000.0,-5.85,488,1024,0.4765625
01a0a57f-e612-73a0-a4c0-523ced5dc57c,d,D,QB4,3,1,UVH4d,8,0.07,-5400000.0,-5.4,465,1024,0.4541015625
01a0a57f-e612-73a0-a4c0-523ced5dc57c,d,D,QB4,3,1,UVH4d,9,0.07,-4950000.0,-4.95,495,1024,0.4833984375
01a0a57f-e612-73a0-a4c0-523ced5dc57c,d,D,QB4,3,1,UVH4d,10,0.07,-4500000.0,-4.5,506,1024,0.494140625
01a0a57f-e612-73a0-a4c0-523ced5dc57c,d,D,QB4,3,1,UVH4d,11,0.07,-4050000.0,-4.05,519,1024,0.5068359375
01a0a57f-e612-73a0-a4c0-523ced5dc57c,d,D,QB4,3,1,UVH4d,12,0.07,-3600000.0,-3.6,534,1024,0.521484375
01a0a57f-e612-73a0-a4c0-523ced5dc57c,d,D,QB4,3,1,UVH4d,13,0.07,-3150000.0,-3.15,537,1024,0.5244140625
01a0a57f-e612-73a0-a4c0-523ced5dc57c,d,D,QB4,3,1,UVH4d,14,0.07,-2700000.0,-2.7,514,1024,0.501953125
01a0a57f-e612-73a0-a4c0-523ced5dc57c,d,D,QB4,3,1,UVH4d,15,0.07,-2250000.0,-2.25,538,1024,0.525390625
01a0a57f-e612-73a0-a4c0-523ced5dc57c,d,D,QB4,3,1,UVH4d,16,0.07,-1800000.0,-1.8,552,1024,0.5390625
01a0a57f-e612-73a0-a4c0-523ced5dc57c,d,D,QB4,3,1,UVH4d,17,0.07,-1350000.0,-1.35,514,1024,0.501953125
01a0a57f-e612-73a0-a4c0-523ced5dc57c,d,D,QB4,3,1,UVH4d,18,0.07,-900000.0,-0.9,538,1024,0.525390625
01a0a57f-e612-73a0-a4c0-523ced5dc57c,d,D,QB4,3,1,UVH4d,19,0.07,-450000.0,-0.45,518,1024,0.505859375
01a0a57f-e612-73a0-a4c0-523ced5dc57c,d,D,QB4,3,1,UVH4d,20,0.07,0.0,0.0,521,1024,0.5087890625
01a0a57f-e612-73a0-a4c0-523ced5dc57c,d,D,QB4,3,1,UVH4d,21,0.07,450000.0,0.45,509,1024,0.4970703125
01a0a57f-e612-73a0-a4c0-523ced5dc57c,d,D,QB4,3,1,UVH4d,22,0.07,900000.0,0.9,530,1024,0.517578125
01a0a57f-e612-73a0-a4c0-523ced5dc57c,d,D,QB4,3,1,UVH4d,23,0.07,1350000.0,1.35,527,1024,0.5146484375
01a0a57f-e612-73a0-a4c0-523ced5dc57c,d,D,QB4,3,1,UVH4d,24,0.07,1800000.0,1.8,538,1024,0.525390625
01a0a57f-e612-73a0-a4c0-523ced5dc57c,d,D,QB4,3,1,UVH4d,25,0.07,2250000.0,2.25,520,1024,0.5078125
01a0a57f-e612-73a0-a4c0-523ced5dc57c,d,D,QB4,3,1,UVH4d,26,0.07,2700000.0,2.7,521,1024,0.5087890625
01a0a57f-e612-73a0-a4c0-523ced5dc57c,d,D,QB4,3,1,UVH4d,27,0.07,3150000.0,3.15,537,1024,0.5244140625
01a0a57f-e612-73a0-a4c0-523ced5dc57c,d,D,QB4,3,1,UVH4d,28,0.07,3600000.0,3.6,561,1024,0.5478515625
01a0a57f-e612-73a0-a4c0-523ced5dc57c,d,D,QB4,3,1,UVH4d,29,0.07,4050000.0,4.05,544,1024,0.53125
01a0a57f-e612-73a0-a4c0-523ced5dc57c,d,D,QB4,3,1,UVH4d,30,0.07,4500000.0,4.5,526,1024,0.513671875
01a0a57f-e612-73a0-a4c0-523ced5dc57c,d,D,QB4,3,1,UVH4d,31,0.07,4950000.0,4.95,596,1024,0.58203125
01a0a57f-e612-73a0-a4c0-523ced5dc57c,d,D,QB4,3,1,UVH4d,32,0.07,5400000.0,5.4,586,1024,0.572265625
01a0a57f-e612-73a0-a4c0-523ced5dc57c,d,D,QB4,3,1,UVH4d,33,0.07,5850000.0,5.85,601,1024,0.5869140625
01a0a57f-e612-73a0-a4c0-523ced5dc57c,d,D,QB4,3,1,UVH4d,34,0.07,6300000.0,6.3,610,1024,0.595703125
01a0a57f-e612-73a0-a4c0-523ced5dc57c,d,D,QB4,3,1,UVH4d,35,0.07,6750000.0,6.75,594,1024,0.580078125
01a0a57f-e612-73a0-a4c0-523ced5dc57c,d,D,QB4,3,1,UVH4d,36,0.07,7200000.0,7.2,633,1024,0.6181640625
01a0a57f-e612-73a0-a4c0-523ced5dc57c,d,D,QB4,3,1,UVH4d,37,0.07,7650000.0,7.65,615,1024,0.6005859375
01a0a57f-e612-73a0-a4c0-523ced5dc57c,d,D,QB4,3,1,UVH4d,38,0.07,8100000.0,8.1,663,1024,0.6474609375
01a0a57f-e612-73a0-a4c0-523ced5dc57c,d,D,QB4,3,1,UVH4d,39,0.07,8550000.0,8.55,627,1024,0.6123046875
01a0a57f-e612-73a0-a4c0-523ced5dc57c,d,D,QB4,3,1,UVH4d,40,0.07,9000000.0,9.0,639,1024,0.6240234375
01a0a57f-e612-73a0-a4c0-523ced5dc57c,d,D,QB4,3,2,UVH5d,0,0.07,-9000000.0,-9.0,160,1024,0.15625
01a0a57f-e612-73a0-a4c0-523ced5dc57c,d,D,QB4,3,2,UVH5d,1,0.07,-8550000.0,-8.55,205,1024,0.2001953125
01a0a57f-e612-73a0-a4c0-523ced5dc57c,d,D,QB4,3,2,UVH5d,2,0.07,-8100000.0,-8.1,210,1024,0.205078125
01a0a57f-e612-73a0-a4c0-523ced5dc57c,d,D,QB4,3,2,UVH5d,3,0.07,-7650000.0,-7.65,239,1024,0.2333984375
01a0a57f-e612-73a0-a4c0-523ced5dc57c,d,D,QB4,3,2,UVH5d,4,0.07,-7200000.0,-7.2,249,1024,0.2431640625
01a0a57f-e612-73a0-a4c0-523ced5dc57c,d,D,QB4,3,2,UVH5d,5,0.07,-6750000.0,-6.75,285,1024,0.2783203125
01a0a57f-e612-73a0-a4c0-523ced5dc57c,d,D,QB4,3,2,UVH5d,6,0.07,-6300000.0,-6.3,338,1024,0.330078125
01a0a57f-e612-73a0-a4c0-523ced5dc57c,d,D,QB4,3,2,UVH5d,7,0.07,-5850000.0,-5.85,370,1024,0.361328125
01a0a57f-e612-73a0-a4c0-523ced5dc57c,d,D,QB4,3,2,UVH5d,8,0.07,-5400000.0,-5.4,374,1024,0.365234375
01a0a57f-e612-73a0-a4c0-523ced5dc57c,d,D,QB4,3,2,UVH5d,9,0.07,-4950000.0,-4.95,427,1024,0.4169921875
01a0a57f-e612-73a0-a4c0-523ced5dc57c,d,D,QB4,3,2,UVH5d,10,0.07,-4500000.0,-4.5,440,1024,0.4296875
01a0a57f-e612-73a0-a4c0-523ced5dc57c,d,D,QB4,3,2,UVH5d,11,0.07,-4050000.0,-4.05,457,1024,0.4462890625
01a0a57f-e612-73a0-a4c0-523ced5dc57c,d,D,QB4,3,2,UVH5d,12,0.07,-3600000.0,-3.6,472,1024,0.4609375
01a0a57f-e612-73a0-a4c0-523ced5dc57c,d,D,QB4,3,2,UVH5d,13,0.07,-3150000.0,-3.15,485,1024,0.4736328125
01a0a57f-e612-73a0-a4c0-523ced5dc57c,d,D,QB4,3,2,UVH5d,14,0.07,-2700000.0,-2.7,484,1024,0.47265625
01a0a57f-e612-73a0-a4c0-523ced5dc57c,d,D,QB4,3,2,UVH5d,15,0.07,-2250000.0,-2.25,489,1024,0.4775390625
01a0a57f-e612-73a0-a4c0-523ced5dc57c,d,D,QB4,3,2,UVH5d,16,0.07,-1800000.0,-1.8,541,1024,0.5283203125
01a0a57f-e612-73a0-a4c0-523ced5dc57c,d,D,QB4,3,2,UVH5d,17,0.07,-1350000.0,-1.35,534,1024,0.521484375
01a0a57f-e612-73a0-a4c0-523ced5dc57c,d,D,QB4,3,2,UVH5d,18,0.07,-900000.0,-0.9,515,1024,0.5029296875
01a0a57f-e612-73a0-a4c0-523ced5dc57c,d,D,QB4,3,2,UVH5d,19,0.07,-450000.0,-0.45,519,1024,0.5068359375
01a0a57f-e612-73a0-a4c0-523ced5dc57c,d,D,QB4,3,2,UVH5d,20,0.07,0.0,0.0,525,1024,0.5126953125
01a0a57f-e612-73a0-a4c0-523ced5dc57c,d,D,QB4,3,2,UVH5d,21,0.07,450000.0,0.45,493,1024,0.4814453125
01a0a57f-e612-73a0-a4c0-523ced5dc57c,d,D,QB4,3,2,UVH5d,22,0.07,900000.0,0.9,498,1024,0.486328125
01a0a57f-e612-73a0-a4c0-523ced5dc57c,d,D,QB4,3,2,UVH5d,23,0.07,1350000.0,1.35,502,1024,0.490234375
01a0a57f-e612-73a0-a4c0-523ced5dc57c,d,D,QB4,3,2,UVH5d,24,0.07,1800000.0,1.8,526,1024,0.513671875
01a0a57f-e612-73a0-a4c0-523ced5dc57c,d,D,QB4,3,2,UVH5d,25,0.07,2250000.0,2.25,511,1024,0.4990234375
01a0a57f-e612-73a0-a4c0-523ced5dc57c,d,D,QB4,3,2,UVH5d,26,0.07,2700000.0,2.7,511,1024,0.4990234375
01a0a57f-e612-73a0-a4c0-523ced5dc57c,d,D,QB4,3,2,UVH5d,27,0.07,3150000.0,3.15,502,1024,0.490234375
01a0a57f-e612-73a0-a4c0-523ced5dc57c,d,D,QB4,3,2,UVH5d,28,0.07,3600000.0,3.6,448,1024,0.4375
01a0a57f-e612-73a0-a4c0-523ced5dc57c,d,D,QB4,3,2,UVH5d,29,0.07,4050000.0,4.05,474,1024,0.462890625
01a0a57f-e612-73a0-a4c0-523ced5dc57c,d,D,QB4,3,2,UVH5d,30,0.07,4500000.0,4.5,508,1024,0.49609375
01a0a57f-e612-73a0-a4c0-523ced5dc57c,d,D,QB4,3,2,UVH5d,31,0.07,4950000.0,4.95,497,1024,0.4853515625
01a0a57f-e612-73a0-a4c0-523ced5dc57c,d,D,QB4,3,2,UVH5d,32,0.07,5400000.0,5.4,484,1024,0.47265625
01a0a57f-e612-73a0-a4c0-523ced5dc57c,d,D,QB4,3,2,UVH5d,33,0.07,5850000.0,5.85,474,1024,0.462890625
01a0a57f-e612-73a0-a4c0-523ced5dc57c,d,D,QB4,3,2,UVH5d,34,0.07,6300000.0,6.3,482,1024,0.470703125
01a0a57f-e612-73a0-a4c0-523ced5dc57c,d,D,QB4,3,2,UVH5d,35,0.07,6750000.0,6.75,545,1024,0.5322265625
01a0a57f-e612-73a0-a4c0-523ced5dc57c,d,D,QB4,3,2,UVH5d,36,0.07,7200000.0,7.2,542,1024,0.529296875
01a0a57f-e612-73a0-a4c0-523ced5dc57c,d,D,QB4,3,2,UVH5d,37,0.07,7650000.0,7.65,529,1024,0.5166015625
01a0a57f-e612-73a0-a4c0-523ced5dc57c,d,D,QB4,3,2,UVH5d,38,0.07,8100000.0,8.1,512,1024,0.5
01a0a57f-e612-73a0-a4c0-523ced5dc57c,d,D,QB4,3,2,UVH5d,39,0.07,8550000.0,8.55,510,1024,0.498046875
01a0a57f-e612-73a0-a4c0-523ced5dc57c,d,D,QB4,3,2,UVH5d,40,0.07,9000000.0,9.0,495,1024,0.4833984375
01a0a57f-e612-73a0-a4c0-523ced5dc57c,d,D,QB4,3,3,UVH6d,0,0.07,-9000000.0,-9.0,549,1024,0.5361328125
01a0a57f-e612-73a0-a4c0-523ced5dc57c,d,D,QB4,3,3,UVH6d,1,0.07,-8550000.0,-8.55,573,1024,0.5595703125
01a0a57f-e612-73a0-a4c0-523ced5dc57c,d,D,QB4,3,3,UVH6d,2,0.07,-8100000.0,-8.1,545,1024,0.5322265625
01a0a57f-e612-73a0-a4c0-523ced5dc57c,d,D,QB4,3,3,UVH6d,3,0.07,-7650000.0,-7.65,547,1024,0.5341796875
01a0a57f-e612-73a0-a4c0-523ced5dc57c,d,D,QB4,3,3,UVH6d,4,0.07,-7200000.0,-7.2,542,1024,0.529296875
01a0a57f-e612-73a0-a4c0-523ced5dc57c,d,D,QB4,3,3,UVH6d,5,0.07,-6750000.0,-6.75,539,1024,0.5263671875
01a0a57f-e612-73a0-a4c0-523ced5dc57c,d,D,QB4,3,3,UVH6d,6,0.07,-6300000.0,-6.3,543,1024,0.5302734375
01a0a57f-e612-73a0-a4c0-523ced5dc57c,d,D,QB4,3,3,UVH6d,7,0.07,-5850000.0,-5.85,534,1024,0.521484375
01a0a57f-e612-73a0-a4c0-523ced5dc57c,d,D,QB4,3,3,UVH6d,8,0.07,-5400000.0,-5.4,509,1024,0.4970703125
01a0a57f-e612-73a0-a4c0-523ced5dc57c,d,D,QB4,3,3,UVH6d,9,0.07,-4950000.0,-4.95,494,1024,0.482421875
01a0a57f-e612-73a0-a4c0-523ced5dc57c,d,D,QB4,3,3,UVH6d,10,0.07,-4500000.0,-4.5,498,1024,0.486328125
01a0a57f-e612-73a0-a4c0-523ced5dc57c,d,D,QB4,3,3,UVH6d,11,0.07,-4050000.0,-4.05,491,1024,0.4794921875
01a0a57f-e612-73a0-a4c0-523ced5dc57c,d,D,QB4,3,3,UVH6d,12,0.07,-3600000.0,-3.6,508,1024,0.49609375
01a0a57f-e612-73a0-a4c0-523ced5dc57c,d,D,QB4,3,3,UVH6d,13,0.07,-3150000.0,-3.15,498,1024,0.486328125
01a0a57f-e612-73a0-a4c0-523ced5dc57c,d,D,QB4,3,3,UVH6d,14,0.07,-2700000.0,-2.7,500,1024,0.48828125
01a0a57f-e612-73a0-a4c0-523ced5dc57c,d,D,QB4,3,3,UVH6d,15,0.07,-2250000.0,-2.25,478,1024,0.466796875
01a0a57f-e612-73a0-a4c0-523ced5dc57c,d,D,QB4,3,3,UVH6d,16,0.07,-1800000.0,-1.8,484,1024,0.47265625
01a0a57f-e612-73a0-a4c0-523ced5dc57c,d,D,QB4,3,3,UVH6d,17,0.07,-1350000.0,-1.35,503,1024,0.4912109375
01a0a57f-e612-73a0-a4c0-523ced5dc57c,d,D,QB4,3,3,UVH6d,18,0.07,-900000.0,-0.9,473,1024,0.4619140625
01a0a57f-e612-73a0-a4c0-523ced5dc57c,d,D,QB4,3,3,UVH6d,19,0.07,-450000.0,-0.45,485,1024,0.4736328125
01a0a57f-e612-73a0-a4c0-523ced5dc57c,d,D,QB4,3,3,UVH6d,20,0.07,0.0,0.0,462,1024,0.451171875
01a0a57f-e612-73a0-a4c0-523ced5dc57c,d,D,QB4,3,3,UVH6d,21,0.07,450000.0,0.45,480,1024,0.46875
01a0a57f-e612-73a0-a4c0-523ced5dc57c,d,D,QB4,3,3,UVH6d,22,0.07,900000.0,0.9,497,1024,0.4853515625
01a0a57f-e612-73a0-a4c0-523ced5dc57c,d,D,QB4,3,3,UVH6d,23,0.07,1350000.0,1.35,495,1024,0.4833984375
01a0a57f-e612-73a0-a4c0-523ced5dc57c,d,D,QB4,3,3,UVH6d,24,0.07,1800000.0,1.8,484,1024,0.47265625
01a0a57f-e612-73a0-a4c0-523ced5dc57c,d,D,QB4,3,3,UVH6d,25,0.07,2250000.0,2.25,457,1024,0.4462890625
01a0a57f-e612-73a0-a4c0-523ced5dc57c,d,D,QB4,3,3,UVH6d,26,0.07,2700000.0,2.7,435,1024,0.4248046875
01a0a57f-e612-73a0-a4c0-523ced5dc57c,d,D,QB4,3,3,UVH6d,27,0.07,3150000.0,3.15,504,1024,0.4921875
01a0a57f-e612-73a0-a4c0-523ced5dc57c,d,D,QB4,3,3,UVH6d,28,0.07,3600000.0,3.6,487,1024,0.4755859375
01a0a57f-e612-73a0-a4c0-523ced5dc57c,d,D,QB4,3,3,UVH6d,29,0.07,4050000.0,4.05,465,1024,0.4541015625
01a0a57f-e612-73a0-a4c0-523ced5dc57c,d,D,QB4,3,3,UVH6d,30,0.07,4500000.0,4.5,466,1024,0.455078125
01a0a57f-e612-73a0-a4c0-523ced5dc57c,d,D,QB4,3,3,UVH6d,31,0.07,4950000.0,4.95,464,1024,0.453125
01a0a57f-e612-73a0-a4c0-523ced5dc57c,d,D,QB4,3,3,UVH6d,32,0.07,5400000.0,5.4,457,1024,0.4462890625
01a0a57f-e612-73a0-a4c0-523ced5dc57c,d,D,QB4,3,3,UVH6d,33,0.07,5850000.0,5.85,468,1024,0.45703125
01a0a57f-e612-73a0-a4c0-523ced5dc57c,d,D,QB4,3,3,UVH6d,34,0.07,6300000.0,6.3,517,1024,0.5048828125
01a0a57f-e612-73a0-a4c0-523ced5dc57c,d,D,QB4,3,3,UVH6d,35,0.07,6750000.0,6.75,498,1024,0.486328125
01a0a57f-e612-73a0-a4c0-523ced5dc57c,d,D,QB4,3,3,UVH6d,36,0.07,7200000.0,7.2,546,1024,0.533203125
01a0a57f-e612-73a0-a4c0-523ced5dc57c,d,D,QB4,3,3,UVH6d,37,0.07,7650000.0,7.65,531,1024,0.5185546875
01a0a57f-e612-73a0-a4c0-523ced5dc57c,d,D,QB4,3,3,UVH6d,38,0.07,8100000.0,8.1,569,1024,0.5556640625
01a0a57f-e612-73a0-a4c0-523ced5dc57c,d,D,QB4,3,3,UVH6d,39,0.07,8550000.0,8.55,569,1024,0.5556640625
01a0a57f-e612-73a0-a4c0-523ced5dc57c,d,D,QB4,3,3,UVH6d,40,0.07,9000000.0,9.0,583,1024,0.5693359375
01a0a57f-e612-73a0-a4c0-523ced5dc57c,d,D,QB4,3,4,UVH7d,0,0.07,-9000000.0,-9.0,557,1024,0.5439453125
01a0a57f-e612-73a0-a4c0-523ced5dc57c,d,D,QB4,3,4,UVH7d,1,0.07,-8550000.0,-8.55,548,1024,0.53515625
01a0a57f-e612-73a0-a4c0-523ced5dc57c,d,D,QB4,3,4,UVH7d,2,0.07,-8100000.0,-8.1,532,1024,0.51953125
01a0a57f-e612-73a0-a4c0-523ced5dc57c,d,D,QB4,3,4,UVH7d,3,0.07,-7650000.0,-7.65,559,1024,0.5458984375
01a0a57f-e612-73a0-a4c0-523ced5dc57c,d,D,QB4,3,4,UVH7d,4,0.07,-7200000.0,-7.2,508,1024,0.49609375
01a0a57f-e612-73a0-a4c0-523ced5dc57c,d,D,QB4,3,4,UVH7d,5,0.07,-6750000.0,-6.75,506,1024,0.494140625
01a0a57f-e612-73a0-a4c0-523ced5dc57c,d,D,QB4,3,4,UVH7d,6,0.07,-6300000.0,-6.3,516,1024,0.50390625
01a0a57f-e612-73a0-a4c0-523ced5dc57c,d,D,QB4,3,4,UVH7d,7,0.07,-5850000.0,-5.85,523,1024,0.5107421875
01a0a57f-e612-73a0-a4c0-523ced5dc57c,d,D,QB4,3,4,UVH7d,8,0.07,-5400000.0,-5.4,502,1024,0.490234375
01a0a57f-e612-73a0-a4c0-523ced5dc57c,d,D,QB4,3,4,UVH7d,9,0.07,-4950000.0,-4.95,498,1024,0.486328125
01a0a57f-e612-73a0-a4c0-523ced5dc57c,d,D,QB4,3,4,UVH7d,10,0.07,-4500000.0,-4.5,494,1024,0.482421875
01a0a57f-e612-73a0-a4c0-523ced5dc57c,d,D,QB4,3,4,UVH7d,11,0.07,-4050000.0,-4.05,500,1024,0.48828125
01a0a57f-e612-73a0-a4c0-523ced5dc57c,d,D,QB4,3,4,UVH7d,12,0.07,-3600000.0,-3.6,482,1024,0.470703125
01a0a57f-e612-73a0-a4c0-523ced5dc57c,d,D,QB4,3,4,UVH7d,13,0.07,-3150000.0,-3.15,477,1024,0.4658203125
01a0a57f-e612-73a0-a4c0-523ced5dc57c,d,D,QB4,3,4,UVH7d,14,0.07,-2700000.0,-2.7,499,1024,0.4873046875
01a0a57f-e612-73a0-a4c0-523ced5dc57c,d,D,QB4,3,4,UVH7d,15,0.07,-2250000.0,-2.25,477,1024,0.4658203125
01a0a57f-e612-73a0-a4c0-523ced5dc57c,d,D,QB4,3,4,UVH7d,16,0.07,-1800000.0,-1.8,496,1024,0.484375
01a0a57f-e612-73a0-a4c0-523ced5dc57c,d,D,QB4,3,4,UVH7d,17,0.07,-1350000.0,-1.35,492,1024,0.48046875
01a0a57f-e612-73a0-a4c0-523ced5dc57c,d,D,QB4,3,4,UVH7d,18,0.07,-900000.0,-0.9,485,1024,0.4736328125
01a0a57f-e612-73a0-a4c0-523ced5dc57c,d,D,QB4,3,4,UVH7d,19,0.07,-450000.0,-0.45,487,1024,0.4755859375
01a0a57f-e612-73a0-a4c0-523ced5dc57c,d,D,QB4,3,4,UVH7d,20,0.07,0.0,0.0,480,1024,0.46875
01a0a57f-e612-73a0-a4c0-523ced5dc57c,d,D,QB4,3,4,UVH7d,21,0.07,450000.0,0.45,481,1024,0.4697265625
01a0a57f-e612-73a0-a4c0-523ced5dc57c,d,D,QB4,3,4,UVH7d,22,0.07,900000.0,0.9,482,1024,0.470703125
01a0a57f-e612-73a0-a4c0-523ced5dc57c,d,D,QB4,3,4,UVH7d,23,0.07,1350000.0,1.35,492,1024,0.48046875
01a0a57f-e612-73a0-a4c0-523ced5dc57c,d,D,QB4,3,4,UVH7d,24,0.07,1800000.0,1.8,474,1024,0.462890625
01a0a57f-e612-73a0-a4c0-523ced5dc57c,d,D,QB4,3,4,UVH7d,25,0.07,2250000.0,2.25,476,1024,0.46484375
01a0a57f-e612-73a0-a4c0-523ced5dc57c,d,D,QB4,3,4,UVH7d,26,0.07,2700000.0,2.7,490,1024,0.478515625
01a0a57f-e612-73a0-a4c0-523ced5dc57c,d,D,QB4,3,4,UVH7d,27,0.07,3150000.0,3.15,493,1024,0.4814453125
01a0a57f-e612-73a0-a4c0-523ced5dc57c,d,D,QB4,3,4,UVH7d,28,0.07,3600000.0,3.6,477,1024,0.4658203125
01a0a57f-e612-73a0-a4c0-523ced5dc57c,d,D,QB4,3,4,UVH7d,29,0.07,4050000.0,4.05,465,1024,0.4541015625
01a0a57f-e612-73a0-a4c0-523ced5dc57c,d,D,QB4,3,4,UVH7d,30,0.07,4500000.0,4.5,469,1024,0.4580078125
01a0a57f-e612-73a0-a4c0-523ced5dc57c,d,D,QB4,3,4,UVH7d,31,0.07,4950000.0,4.95,445,1024,0.4345703125
01a0a57f-e612-73a0-a4c0-523ced5dc57c,d,D,QB4,3,4,UVH7d,32,0.07,5400000.0,5.4,425,1024,0.4150390625
01a0a57f-e612-73a0-a4c0-523ced5dc57c,d,D,QB4,3,4,UVH7d,33,0.07,5850000.0,5.85,438,1024,0.427734375
01a0a57f-e612-73a0-a4c0-523ced5dc57c,d,D,QB4,3,4,UVH7d,34,0.07,6300000.0,6.3,413,1024,0.4033203125
01a0a57f-e612-73a0-a4c0-523ced5dc57c,d,D,QB4,3,4,UVH7d,35,0.07,6750000.0,6.75,409,1024,0.3994140625
01a0a57f-e612-73a0-a4c0-523ced5dc57c,d,D,QB4,3,4,UVH7d,36,0.07,7200000.0,7.2,393,1024,0.3837890625
01a0a57f-e612-73a0-a4c0-523ced5dc57c,d,D,QB4,3,4,UVH7d,37,0.07,7650000.0,7.65,378,1024,0.369140625
01a0a57f-e612-73a0-a4c0-523ced5dc57c,d,D,QB4,3,4,UVH7d,38,0.07,8100000.0,8.1,341,1024,0.3330078125
01a0a57f-e612-73a0-a4c0-523ced5dc57c,d,D,QB4,3,4,UVH7d,39,0.07,8550000.0,8.55,372,1024,0.36328125
01a0a57f-e612-73a0-a4c0-523ced5dc57c,d,D,QB4,3,4,UVH7d,40,0.07,9000000.0,9.0,337,1024,0.3291015625
01a0a57f-e612-73a0-a4c0-523ced5dc57c,d,D,QB4,3,5,UVH8d,0,0.07,-9000000.0,-9.0,554,1024,0.541015625
01a0a57f-e612-73a0-a4c0-523ced5dc57c,d,D,QB4,3,5,UVH8d,1,0.07,-8550000.0,-8.55,575,1024,0.5615234375
01a0a57f-e612-73a0-a4c0-523ced5dc57c,d,D,QB4,3,5,UVH8d,2,0.07,-8100000.0,-8.1,546,1024,0.533203125
01a0a57f-e612-73a0-a4c0-523ced5dc57c,d,D,QB4,3,5,UVH8d,3,0.07,-7650000.0,-7.65,524,1024,0.51171875
01a0a57f-e612-73a0-a4c0-523ced5dc57c,d,D,QB4,3,5,UVH8d,4,0.07,-7200000.0,-7.2,543,1024,0.5302734375
01a0a57f-e612-73a0-a4c0-523ced5dc57c,d,D,QB4,3,5,UVH8d,5,0.07,-6750000.0,-6.75,528,1024,0.515625
01a0a57f-e612-73a0-a4c0-523ced5dc57c,d,D,QB4,3,5,UVH8d,6,0.07,-6300000.0,-6.3,533,1024,0.5205078125
01a0a57f-e612-73a0-a4c0-523ced5dc57c,d,D,QB4,3,5,UVH8d,7,0.07,-5850000.0,-5.85,524,1024,0.51171875
01a0a57f-e612-73a0-a4c0-523ced5dc57c,d,D,QB4,3,5,UVH8d,8,0.07,-5400000.0,-5.4,540,1024,0.52734375
01a0a57f-e612-73a0-a4c0-523ced5dc57c,d,D,QB4,3,5,UVH8d,9,0.07,-4950000.0,-4.95,517,1024,0.5048828125
01a0a57f-e612-73a0-a4c0-523ced5dc57c,d,D,QB4,3,5,UVH8d,10,0.07,-4500000.0,-4.5,524,1024,0.51171875
01a0a57f-e612-73a0-a4c0-523ced5dc57c,d,D,QB4,3,5,UVH8d,11,0.07,-4050000.0,-4.05,548,1024,0.53515625
01a0a57f-e612-73a0-a4c0-523ced5dc57c,d,D,QB4,3,5,UVH8d,12,0.07,-3600000.0,-3.6,515,1024,0.5029296875
01a0a57f-e612-73a0-a4c0-523ced5dc57c,d,D,QB4,3,5,UVH8d,13,0.07,-3150000.0,-3.15,552,1024,0.5390625
01a0a57f-e612-73a0-a4c0-523ced5dc57c,d,D,QB4,3,5,UVH8d,14,0.07,-2700000.0,-2.7,528,1024,0.515625
01a0a57f-e612-73a0-a4c0-523ced5dc57c,d,D,QB4,3,5,UVH8d,15,0.07,-2250000.0,-2.25,570,1024,0.556640625
01a0a57f-e612-73a0-a4c0-523ced5dc57c,d,D,QB4,3,5,UVH8d,16,0.07,-1800000.0,-1.8,497,1024,0.4853515625
01a0a57f-e612-73a0-a4c0-523ced5dc57c,d,D,QB4,3,5,UVH8d,17,0.07,-1350000.0,-1.35,545,1024,0.5322265625
01a0a57f-e612-73a0-a4c0-523ced5dc57c,d,D,QB4,3,5,UVH8d,18,0.07,-900000.0,-0.9,541,1024,0.5283203125
01a0a57f-e612-73a0-a4c0-523ced5dc57c,d,D,QB4,3,5,UVH8d,19,0.07,-450000.0,-0.45,542,1024,0.529296875
01a0a57f-e612-73a0-a4c0-523ced5dc57c,d,D,QB4,3,5,UVH8d,20,0.07,0.0,0.0,537,1024,0.5244140625
01a0a57f-e612-73a0-a4c0-523ced5dc57c,d,D,QB4,3,5,UVH8d,21,0.07,450000.0,0.45,487,1024,0.4755859375
01a0a57f-e612-73a0-a4c0-523ced5dc57c,d,D,QB4,3,5,UVH8d,22,0.07,900000.0,0.9,528,1024,0.515625
01a0a57f-e612-73a0-a4c0-523ced5dc57c,d,D,QB4,3,5,UVH8d,23,0.07,1350000.0,1.35,541,1024,0.5283203125
01a0a57f-e612-73a0-a4c0-523ced5dc57c,d,D,QB4,3,5,UVH8d,24,0.07,1800000.0,1.8,510,1024,0.498046875
01a0a57f-e612-73a0-a4c0-523ced5dc57c,d,D,QB4,3,5,UVH8d,25,0.07,2250000.0,2.25,515,1024,0.5029296875
01a0a57f-e612-73a0-a4c0-523ced5dc57c,d,D,QB4,3,5,UVH8d,26,0.07,2700000.0,2.7,501,1024,0.4892578125
01a0a57f-e612-73a0-a4c0-523ced5dc57c,d,D,QB4,3,5,UVH8d,27,0.07,3150000.0,3.15,520,1024,0.5078125
01a0a57f-e612-73a0-a4c0-523ced5dc57c,d,D,QB4,3,5,UVH8d,28,0.07,3600000.0,3.6,493,1024,0.4814453125
01a0a57f-e612-73a0-a4c0-523ced5dc57c,d,D,QB4,3,5,UVH8d,29,0.07,4050000.0,4.05,498,1024,0.486328125
01a0a57f-e612-73a0-a4c0-523ced5dc57c,d,D,QB4,3,5,UVH8d,30,0.07,4500000.0,4.5,469,1024,0.4580078125
01a0a57f-e612-73a0-a4c0-523ced5dc57c,d,D,QB4,3,5,UVH8d,31,0.07,4950000.0,4.95,475,1024,0.4638671875
01a0a57f-e612-73a0-a4c0-523ced5dc57c,d,D,QB4,3,5,UVH8d,32,0.07,5400000.0,5.4,482,1024,0.470703125
01a0a57f-e612-73a0-a4c0-523ced5dc57c,d,D,QB4,3,5,UVH8d,33,0.07,5850000.0,5.85,494,1024,0.482421875
01a0a57f-e612-73a0-a4c0-523ced5dc57c,d,D,QB4,3,5,UVH8d,34,0.07,6300000.0,6.3,472,1024,0.4609375
01a0a57f-e612-73a0-a4c0-523ced5dc57c,d,D,QB4,3,5,UVH8d,35,0.07,6750000.0,6.75,458,1024,0.447265625
01a0a57f-e612-73a0-a4c0-523ced5dc57c,d,D,QB4,3,5,UVH8d,36,0.07,7200000.0,7.2,466,1024,0.455078125
01a0a57f-e612-73a0-a4c0-523ced5dc57c,d,D,QB4,3,5,UVH8d,37,0.07,7650000.0,7.65,472,1024,0.4609375
01a0a57f-e612-73a0-a4c0-523ced5dc57c,d,D,QB4,3,5,UVH8d,38,0.07,8100000.0,8.1,437,1024,0.4267578125
01a0a57f-e612-73a0-a4c0-523ced5dc57c,d,D,QB4,3,5,UVH8d,39,0.07,8550000.0,8.55,434,1024,0.423828125
01a0a57f-e612-73a0-a4c0-523ced5dc57c,d,D,QB4,3,5,UVH8d,40,0.07,9000000.0,9.0,447,1024,0.4365234375
01a0a57f-e612-73a0-a4c0-523ced5dc57c,d,D,QB11,4,0,standard_pi_2,0,0.07,-9000000.0,-9.0,585,1024,0.5712890625
01a0a57f-e612-73a0-a4c0-523ced5dc57c,d,D,QB11,4,0,standard_pi_2,1,0.07,-8550000.0,-8.55,602,1024,0.587890625
01a0a57f-e612-73a0-a4c0-523ced5dc57c,d,D,QB11,4,0,standard_pi_2,2,0.07,-8100000.0,-8.1,594,1024,0.580078125
01a0a57f-e612-73a0-a4c0-523ced5dc57c,d,D,QB11,4,0,standard_pi_2,3,0.07,-7650000.0,-7.65,598,1024,0.583984375
01a0a57f-e612-73a0-a4c0-523ced5dc57c,d,D,QB11,4,0,standard_pi_2,4,0.07,-7200000.0,-7.2,594,1024,0.580078125
01a0a57f-e612-73a0-a4c0-523ced5dc57c,d,D,QB11,4,0,standard_pi_2,5,0.07,-6750000.0,-6.75,578,1024,0.564453125
01a0a57f-e612-73a0-a4c0-523ced5dc57c,d,D,QB11,4,0,standard_pi_2,6,0.07,-6300000.0,-6.3,584,1024,0.5703125
01a0a57f-e612-73a0-a4c0-523ced5dc57c,d,D,QB11,4,0,standard_pi_2,7,0.07,-5850000.0,-5.85,588,1024,0.57421875
01a0a57f-e612-73a0-a4c0-523ced5dc57c,d,D,QB11,4,0,standard_pi_2,8,0.07,-5400000.0,-5.4,584,1024,0.5703125
01a0a57f-e612-73a0-a4c0-523ced5dc57c,d,D,QB11,4,0,standard_pi_2,9,0.07,-4950000.0,-4.95,550,1024,0.537109375
01a0a57f-e612-73a0-a4c0-523ced5dc57c,d,D,QB11,4,0,standard_pi_2,10,0.07,-4500000.0,-4.5,586,1024,0.572265625
01a0a57f-e612-73a0-a4c0-523ced5dc57c,d,D,QB11,4,0,standard_pi_2,11,0.07,-4050000.0,-4.05,555,1024,0.5419921875
01a0a57f-e612-73a0-a4c0-523ced5dc57c,d,D,QB11,4,0,standard_pi_2,12,0.07,-3600000.0,-3.6,571,1024,0.5576171875
01a0a57f-e612-73a0-a4c0-523ced5dc57c,d,D,QB11,4,0,standard_pi_2,13,0.07,-3150000.0,-3.15,580,1024,0.56640625
01a0a57f-e612-73a0-a4c0-523ced5dc57c,d,D,QB11,4,0,standard_pi_2,14,0.07,-2700000.0,-2.7,583,1024,0.5693359375
01a0a57f-e612-73a0-a4c0-523ced5dc57c,d,D,QB11,4,0,standard_pi_2,15,0.07,-2250000.0,-2.25,595,1024,0.5810546875
01a0a57f-e612-73a0-a4c0-523ced5dc57c,d,D,QB11,4,0,standard_pi_2,16,0.07,-1800000.0,-1.8,573,1024,0.5595703125
01a0a57f-e612-73a0-a4c0-523ced5dc57c,d,D,QB11,4,0,standard_pi_2,17,0.07,-1350000.0,-1.35,559,1024,0.5458984375
01a0a57f-e612-73a0-a4c0-523ced5dc57c,d,D,QB11,4,0,standard_pi_2,18,0.07,-900000.0,-0.9,538,1024,0.525390625
01a0a57f-e612-73a0-a4c0-523ced5dc57c,d,D,QB11,4,0,standard_pi_2,19,0.07,-450000.0,-0.45,568,1024,0.5546875
01a0a57f-e612-73a0-a4c0-523ced5dc57c,d,D,QB11,4,0,standard_pi_2,20,0.07,0.0,0.0,552,1024,0.5390625
01a0a57f-e612-73a0-a4c0-523ced5dc57c,d,D,QB11,4,0,standard_pi_2,21,0.07,450000.0,0.45,556,1024,0.54296875
01a0a57f-e612-73a0-a4c0-523ced5dc57c,d,D,QB11,4,0,standard_pi_2,22,0.07,900000.0,0.9,577,1024,0.5634765625
01a0a57f-e612-73a0-a4c0-523ced5dc57c,d,D,QB11,4,0,standard_pi_2,23,0.07,1350000.0,1.35,560,1024,0.546875
01a0a57f-e612-73a0-a4c0-523ced5dc57c,d,D,QB11,4,0,standard_pi_2,24,0.07,1800000.0,1.8,537,1024,0.5244140625
01a0a57f-e612-73a0-a4c0-523ced5dc57c,d,D,QB11,4,0,standard_pi_2,25,0.07,2250000.0,2.25,540,1024,0.52734375
01a0a57f-e612-73a0-a4c0-523ced5dc57c,d,D,QB11,4,0,standard_pi_2,26,0.07,2700000.0,2.7,538,1024,0.525390625
01a0a57f-e612-73a0-a4c0-523ced5dc57c,d,D,QB11,4,0,standard_pi_2,27,0.07,3150000.0,3.15,544,1024,0.53125
01a0a57f-e612-73a0-a4c0-523ced5dc57c,d,D,QB11,4,0,standard_pi_2,28,0.07,3600000.0,3.6,528,1024,0.515625
01a0a57f-e612-73a0-a4c0-523ced5dc57c,d,D,QB11,4,0,standard_pi_2,29,0.07,4050000.0,4.05,530,1024,0.517578125
01a0a57f-e612-73a0-a4c0-523ced5dc57c,d,D,QB11,4,0,standard_pi_2,30,0.07,4500000.0,4.5,528,1024,0.515625
01a0a57f-e612-73a0-a4c0-523ced5dc57c,d,D,QB11,4,0,standard_pi_2,31,0.07,4950000.0,4.95,545,1024,0.5322265625
01a0a57f-e612-73a0-a4c0-523ced5dc57c,d,D,QB11,4,0,standard_pi_2,32,0.07,5400000.0,5.4,517,1024,0.5048828125
01a0a57f-e612-73a0-a4c0-523ced5dc57c,d,D,QB11,4,0,standard_pi_2,33,0.07,5850000.0,5.85,530,1024,0.517578125
01a0a57f-e612-73a0-a4c0-523ced5dc57c,d,D,QB11,4,0,standard_pi_2,34,0.07,6300000.0,6.3,507,1024,0.4951171875
01a0a57f-e612-73a0-a4c0-523ced5dc57c,d,D,QB11,4,0,standard_pi_2,35,0.07,6750000.0,6.75,490,1024,0.478515625
01a0a57f-e612-73a0-a4c0-523ced5dc57c,d,D,QB11,4,0,standard_pi_2,36,0.07,7200000.0,7.2,504,1024,0.4921875
01a0a57f-e612-73a0-a4c0-523ced5dc57c,d,D,QB11,4,0,standard_pi_2,37,0.07,7650000.0,7.65,508,1024,0.49609375
01a0a57f-e612-73a0-a4c0-523ced5dc57c,d,D,QB11,4,0,standard_pi_2,38,0.07,8100000.0,8.1,496,1024,0.484375
01a0a57f-e612-73a0-a4c0-523ced5dc57c,d,D,QB11,4,0,standard_pi_2,39,0.07,8550000.0,8.55,501,1024,0.4892578125
01a0a57f-e612-73a0-a4c0-523ced5dc57c,d,D,QB11,4,0,standard_pi_2,40,0.07,9000000.0,9.0,477,1024,0.4658203125
01a0a57f-e612-73a0-a4c0-523ced5dc57c,d,D,QB11,4,1,UVH4d,0,0.07,-9000000.0,-9.0,411,1024,0.4013671875
01a0a57f-e612-73a0-a4c0-523ced5dc57c,d,D,QB11,4,1,UVH4d,1,0.07,-8550000.0,-8.55,417,1024,0.4072265625
01a0a57f-e612-73a0-a4c0-523ced5dc57c,d,D,QB11,4,1,UVH4d,2,0.07,-8100000.0,-8.1,411,1024,0.4013671875
01a0a57f-e612-73a0-a4c0-523ced5dc57c,d,D,QB11,4,1,UVH4d,3,0.07,-7650000.0,-7.65,426,1024,0.416015625
01a0a57f-e612-73a0-a4c0-523ced5dc57c,d,D,QB11,4,1,UVH4d,4,0.07,-7200000.0,-7.2,444,1024,0.43359375
01a0a57f-e612-73a0-a4c0-523ced5dc57c,d,D,QB11,4,1,UVH4d,5,0.07,-6750000.0,-6.75,460,1024,0.44921875
01a0a57f-e612-73a0-a4c0-523ced5dc57c,d,D,QB11,4,1,UVH4d,6,0.07,-6300000.0,-6.3,442,1024,0.431640625
01a0a57f-e612-73a0-a4c0-523ced5dc57c,d,D,QB11,4,1,UVH4d,7,0.07,-5850000.0,-5.85,463,1024,0.4521484375
01a0a57f-e612-73a0-a4c0-523ced5dc57c,d,D,QB11,4,1,UVH4d,8,0.07,-5400000.0,-5.4,477,1024,0.4658203125
01a0a57f-e612-73a0-a4c0-523ced5dc57c,d,D,QB11,4,1,UVH4d,9,0.07,-4950000.0,-4.95,488,1024,0.4765625
01a0a57f-e612-73a0-a4c0-523ced5dc57c,d,D,QB11,4,1,UVH4d,10,0.07,-4500000.0,-4.5,502,1024,0.490234375
01a0a57f-e612-73a0-a4c0-523ced5dc57c,d,D,QB11,4,1,UVH4d,11,0.07,-4050000.0,-4.05,479,1024,0.4677734375
01a0a57f-e612-73a0-a4c0-523ced5dc57c,d,D,QB11,4,1,UVH4d,12,0.07,-3600000.0,-3.6,504,1024,0.4921875
01a0a57f-e612-73a0-a4c0-523ced5dc57c,d,D,QB11,4,1,UVH4d,13,0.07,-3150000.0,-3.15,512,1024,0.5
01a0a57f-e612-73a0-a4c0-523ced5dc57c,d,D,QB11,4,1,UVH4d,14,0.07,-2700000.0,-2.7,504,1024,0.4921875
01a0a57f-e612-73a0-a4c0-523ced5dc57c,d,D,QB11,4,1,UVH4d,15,0.07,-2250000.0,-2.25,504,1024,0.4921875
01a0a57f-e612-73a0-a4c0-523ced5dc57c,d,D,QB11,4,1,UVH4d,16,0.07,-1800000.0,-1.8,506,1024,0.494140625
01a0a57f-e612-73a0-a4c0-523ced5dc57c,d,D,QB11,4,1,UVH4d,17,0.07,-1350000.0,-1.35,509,1024,0.4970703125
01a0a57f-e612-73a0-a4c0-523ced5dc57c,d,D,QB11,4,1,UVH4d,18,0.07,-900000.0,-0.9,495,1024,0.4833984375
01a0a57f-e612-73a0-a4c0-523ced5dc57c,d,D,QB11,4,1,UVH4d,19,0.07,-450000.0,-0.45,468,1024,0.45703125
01a0a57f-e612-73a0-a4c0-523ced5dc57c,d,D,QB11,4,1,UVH4d,20,0.07,0.0,0.0,512,1024,0.5
01a0a57f-e612-73a0-a4c0-523ced5dc57c,d,D,QB11,4,1,UVH4d,21,0.07,450000.0,0.45,535,1024,0.5224609375
01a0a57f-e612-73a0-a4c0-523ced5dc57c,d,D,QB11,4,1,UVH4d,22,0.07,900000.0,0.9,521,1024,0.5087890625
01a0a57f-e612-73a0-a4c0-523ced5dc57c,d,D,QB11,4,1,UVH4d,23,0.07,1350000.0,1.35,532,1024,0.51953125
01a0a57f-e612-73a0-a4c0-523ced5dc57c,d,D,QB11,4,1,UVH4d,24,0.07,1800000.0,1.8,525,1024,0.5126953125
01a0a57f-e612-73a0-a4c0-523ced5dc57c,d,D,QB11,4,1,UVH4d,25,0.07,2250000.0,2.25,519,1024,0.5068359375
01a0a57f-e612-73a0-a4c0-523ced5dc57c,d,D,QB11,4,1,UVH4d,26,0.07,2700000.0,2.7,507,1024,0.4951171875
01a0a57f-e612-73a0-a4c0-523ced5dc57c,d,D,QB11,4,1,UVH4d,27,0.07,3150000.0,3.15,516,1024,0.50390625
01a0a57f-e612-73a0-a4c0-523ced5dc57c,d,D,QB11,4,1,UVH4d,28,0.07,3600000.0,3.6,545,1024,0.5322265625
01a0a57f-e612-73a0-a4c0-523ced5dc57c,d,D,QB11,4,1,UVH4d,29,0.07,4050000.0,4.05,576,1024,0.5625
01a0a57f-e612-73a0-a4c0-523ced5dc57c,d,D,QB11,4,1,UVH4d,30,0.07,4500000.0,4.5,542,1024,0.529296875
01a0a57f-e612-73a0-a4c0-523ced5dc57c,d,D,QB11,4,1,UVH4d,31,0.07,4950000.0,4.95,582,1024,0.568359375
01a0a57f-e612-73a0-a4c0-523ced5dc57c,d,D,QB11,4,1,UVH4d,32,0.07,5400000.0,5.4,558,1024,0.544921875
01a0a57f-e612-73a0-a4c0-523ced5dc57c,d,D,QB11,4,1,UVH4d,33,0.07,5850000.0,5.85,575,1024,0.5615234375
01a0a57f-e612-73a0-a4c0-523ced5dc57c,d,D,QB11,4,1,UVH4d,34,0.07,6300000.0,6.3,572,1024,0.55859375
01a0a57f-e612-73a0-a4c0-523ced5dc57c,d,D,QB11,4,1,UVH4d,35,0.07,6750000.0,6.75,597,1024,0.5830078125
01a0a57f-e612-73a0-a4c0-523ced5dc57c,d,D,QB11,4,1,UVH4d,36,0.07,7200000.0,7.2,615,1024,0.6005859375
01a0a57f-e612-73a0-a4c0-523ced5dc57c,d,D,QB11,4,1,UVH4d,37,0.07,7650000.0,7.65,580,1024,0.56640625
01a0a57f-e612-73a0-a4c0-523ced5dc57c,d,D,QB11,4,1,UVH4d,38,0.07,8100000.0,8.1,609,1024,0.5947265625
01a0a57f-e612-73a0-a4c0-523ced5dc57c,d,D,QB11,4,1,UVH4d,39,0.07,8550000.0,8.55,605,1024,0.5908203125
01a0a57f-e612-73a0-a4c0-523ced5dc57c,d,D,QB11,4,1,UVH4d,40,0.07,9000000.0,9.0,612,1024,0.59765625
01a0a57f-e612-73a0-a4c0-523ced5dc57c,d,D,QB11,4,2,UVH5d,0,0.07,-9000000.0,-9.0,125,1024,0.1220703125
01a0a57f-e612-73a0-a4c0-523ced5dc57c,d,D,QB11,4,2,UVH5d,1,0.07,-8550000.0,-8.55,150,1024,0.146484375
01a0a57f-e612-73a0-a4c0-523ced5dc57c,d,D,QB11,4,2,UVH5d,2,0.07,-8100000.0,-8.1,172,1024,0.16796875
01a0a57f-e612-73a0-a4c0-523ced5dc57c,d,D,QB11,4,2,UVH5d,3,0.07,-7650000.0,-7.65,213,1024,0.2080078125
01a0a57f-e612-73a0-a4c0-523ced5dc57c,d,D,QB11,4,2,UVH5d,4,0.07,-7200000.0,-7.2,242,1024,0.236328125
01a0a57f-e612-73a0-a4c0-523ced5dc57c,d,D,QB11,4,2,UVH5d,5,0.07,-6750000.0,-6.75,275,1024,0.2685546875
01a0a57f-e612-73a0-a4c0-523ced5dc57c,d,D,QB11,4,2,UVH5d,6,0.07,-6300000.0,-6.3,268,1024,0.26171875
01a0a57f-e612-73a0-a4c0-523ced5dc57c,d,D,QB11,4,2,UVH5d,7,0.07,-5850000.0,-5.85,293,1024,0.2861328125
01a0a57f-e612-73a0-a4c0-523ced5dc57c,d,D,QB11,4,2,UVH5d,8,0.07,-5400000.0,-5.4,328,1024,0.3203125
01a0a57f-e612-73a0-a4c0-523ced5dc57c,d,D,QB11,4,2,UVH5d,9,0.07,-4950000.0,-4.95,377,1024,0.3681640625
01a0a57f-e612-73a0-a4c0-523ced5dc57c,d,D,QB11,4,2,UVH5d,10,0.07,-4500000.0,-4.5,376,1024,0.3671875
01a0a57f-e612-73a0-a4c0-523ced5dc57c,d,D,QB11,4,2,UVH5d,11,0.07,-4050000.0,-4.05,400,1024,0.390625
01a0a57f-e612-73a0-a4c0-523ced5dc57c,d,D,QB11,4,2,UVH5d,12,0.07,-3600000.0,-3.6,427,1024,0.4169921875
01a0a57f-e612-73a0-a4c0-523ced5dc57c,d,D,QB11,4,2,UVH5d,13,0.07,-3150000.0,-3.15,449,1024,0.4384765625
01a0a57f-e612-73a0-a4c0-523ced5dc57c,d,D,QB11,4,2,UVH5d,14,0.07,-2700000.0,-2.7,450,1024,0.439453125
01a0a57f-e612-73a0-a4c0-523ced5dc57c,d,D,QB11,4,2,UVH5d,15,0.07,-2250000.0,-2.25,476,1024,0.46484375
01a0a57f-e612-73a0-a4c0-523ced5dc57c,d,D,QB11,4,2,UVH5d,16,0.07,-1800000.0,-1.8,475,1024,0.4638671875
01a0a57f-e612-73a0-a4c0-523ced5dc57c,d,D,QB11,4,2,UVH5d,17,0.07,-1350000.0,-1.35,517,1024,0.5048828125
01a0a57f-e612-73a0-a4c0-523ced5dc57c,d,D,QB11,4,2,UVH5d,18,0.07,-900000.0,-0.9,485,1024,0.4736328125
01a0a57f-e612-73a0-a4c0-523ced5dc57c,d,D,QB11,4,2,UVH5d,19,0.07,-450000.0,-0.45,490,1024,0.478515625
01a0a57f-e612-73a0-a4c0-523ced5dc57c,d,D,QB11,4,2,UVH5d,20,0.07,0.0,0.0,458,1024,0.447265625
01a0a57f-e612-73a0-a4c0-523ced5dc57c,d,D,QB11,4,2,UVH5d,21,0.07,450000.0,0.45,491,1024,0.4794921875
01a0a57f-e612-73a0-a4c0-523ced5dc57c,d,D,QB11,4,2,UVH5d,22,0.07,900000.0,0.9,503,1024,0.4912109375
01a0a57f-e612-73a0-a4c0-523ced5dc57c,d,D,QB11,4,2,UVH5d,23,0.07,1350000.0,1.35,467,1024,0.4560546875
01a0a57f-e612-73a0-a4c0-523ced5dc57c,d,D,QB11,4,2,UVH5d,24,0.07,1800000.0,1.8,487,1024,0.4755859375
01a0a57f-e612-73a0-a4c0-523ced5dc57c,d,D,QB11,4,2,UVH5d,25,0.07,2250000.0,2.25,446,1024,0.435546875
01a0a57f-e612-73a0-a4c0-523ced5dc57c,d,D,QB11,4,2,UVH5d,26,0.07,2700000.0,2.7,480,1024,0.46875
01a0a57f-e612-73a0-a4c0-523ced5dc57c,d,D,QB11,4,2,UVH5d,27,0.07,3150000.0,3.15,469,1024,0.4580078125
01a0a57f-e612-73a0-a4c0-523ced5dc57c,d,D,QB11,4,2,UVH5d,28,0.07,3600000.0,3.6,474,1024,0.462890625
01a0a57f-e612-73a0-a4c0-523ced5dc57c,d,D,QB11,4,2,UVH5d,29,0.07,4050000.0,4.05,462,1024,0.451171875
01a0a57f-e612-73a0-a4c0-523ced5dc57c,d,D,QB11,4,2,UVH5d,30,0.07,4500000.0,4.5,496,1024,0.484375
01a0a57f-e612-73a0-a4c0-523ced5dc57c,d,D,QB11,4,2,UVH5d,31,0.07,4950000.0,4.95,464,1024,0.453125
01a0a57f-e612-73a0-a4c0-523ced5dc57c,d,D,QB11,4,2,UVH5d,32,0.07,5400000.0,5.4,471,1024,0.4599609375
01a0a57f-e612-73a0-a4c0-523ced5dc57c,d,D,QB11,4,2,UVH5d,33,0.07,5850000.0,5.85,505,1024,0.4931640625
01a0a57f-e612-73a0-a4c0-523ced5dc57c,d,D,QB11,4,2,UVH5d,34,0.07,6300000.0,6.3,466,1024,0.455078125
01a0a57f-e612-73a0-a4c0-523ced5dc57c,d,D,QB11,4,2,UVH5d,35,0.07,6750000.0,6.75,489,1024,0.4775390625
01a0a57f-e612-73a0-a4c0-523ced5dc57c,d,D,QB11,4,2,UVH5d,36,0.07,7200000.0,7.2,499,1024,0.4873046875
01a0a57f-e612-73a0-a4c0-523ced5dc57c,d,D,QB11,4,2,UVH5d,37,0.07,7650000.0,7.65,495,1024,0.4833984375
01a0a57f-e612-73a0-a4c0-523ced5dc57c,d,D,QB11,4,2,UVH5d,38,0.07,8100000.0,8.1,489,1024,0.4775390625
01a0a57f-e612-73a0-a4c0-523ced5dc57c,d,D,QB11,4,2,UVH5d,39,0.07,8550000.0,8.55,489,1024,0.4775390625
01a0a57f-e612-73a0-a4c0-523ced5dc57c,d,D,QB11,4,2,UVH5d,40,0.07,9000000.0,9.0,450,1024,0.439453125
01a0a57f-e612-73a0-a4c0-523ced5dc57c,d,D,QB11,4,3,UVH6d,0,0.07,-9000000.0,-9.0,580,1024,0.56640625
01a0a57f-e612-73a0-a4c0-523ced5dc57c,d,D,QB11,4,3,UVH6d,1,0.07,-8550000.0,-8.55,600,1024,0.5859375
01a0a57f-e612-73a0-a4c0-523ced5dc57c,d,D,QB11,4,3,UVH6d,2,0.07,-8100000.0,-8.1,587,1024,0.5732421875
01a0a57f-e612-73a0-a4c0-523ced5dc57c,d,D,QB11,4,3,UVH6d,3,0.07,-7650000.0,-7.65,585,1024,0.5712890625
01a0a57f-e612-73a0-a4c0-523ced5dc57c,d,D,QB11,4,3,UVH6d,4,0.07,-7200000.0,-7.2,576,1024,0.5625
01a0a57f-e612-73a0-a4c0-523ced5dc57c,d,D,QB11,4,3,UVH6d,5,0.07,-6750000.0,-6.75,606,1024,0.591796875
01a0a57f-e612-73a0-a4c0-523ced5dc57c,d,D,QB11,4,3,UVH6d,6,0.07,-6300000.0,-6.3,578,1024,0.564453125
01a0a57f-e612-73a0-a4c0-523ced5dc57c,d,D,QB11,4,3,UVH6d,7,0.07,-5850000.0,-5.85,578,1024,0.564453125
01a0a57f-e612-73a0-a4c0-523ced5dc57c,d,D,QB11,4,3,UVH6d,8,0.07,-5400000.0,-5.4,567,1024,0.5537109375
01a0a57f-e612-73a0-a4c0-523ced5dc57c,d,D,QB11,4,3,UVH6d,9,0.07,-4950000.0,-4.95,577,1024,0.5634765625
01a0a57f-e612-73a0-a4c0-523ced5dc57c,d,D,QB11,4,3,UVH6d,10,0.07,-4500000.0,-4.5,566,1024,0.552734375
01a0a57f-e612-73a0-a4c0-523ced5dc57c,d,D,QB11,4,3,UVH6d,11,0.07,-4050000.0,-4.05,532,1024,0.51953125
01a0a57f-e612-73a0-a4c0-523ced5dc57c,d,D,QB11,4,3,UVH6d,12,0.07,-3600000.0,-3.6,542,1024,0.529296875
01a0a57f-e612-73a0-a4c0-523ced5dc57c,d,D,QB11,4,3,UVH6d,13,0.07,-3150000.0,-3.15,540,1024,0.52734375
01a0a57f-e612-73a0-a4c0-523ced5dc57c,d,D,QB11,4,3,UVH6d,14,0.07,-2700000.0,-2.7,572,1024,0.55859375
01a0a57f-e612-73a0-a4c0-523ced5dc57c,d,D,QB11,4,3,UVH6d,15,0.07,-2250000.0,-2.25,565,1024,0.5517578125
01a0a57f-e612-73a0-a4c0-523ced5dc57c,d,D,QB11,4,3,UVH6d,16,0.07,-1800000.0,-1.8,524,1024,0.51171875
01a0a57f-e612-73a0-a4c0-523ced5dc57c,d,D,QB11,4,3,UVH6d,17,0.07,-1350000.0,-1.35,532,1024,0.51953125
01a0a57f-e612-73a0-a4c0-523ced5dc57c,d,D,QB11,4,3,UVH6d,18,0.07,-900000.0,-0.9,551,1024,0.5380859375
01a0a57f-e612-73a0-a4c0-523ced5dc57c,d,D,QB11,4,3,UVH6d,19,0.07,-450000.0,-0.45,542,1024,0.529296875
01a0a57f-e612-73a0-a4c0-523ced5dc57c,d,D,QB11,4,3,UVH6d,20,0.07,0.0,0.0,547,1024,0.5341796875
01a0a57f-e612-73a0-a4c0-523ced5dc57c,d,D,QB11,4,3,UVH6d,21,0.07,450000.0,0.45,537,1024,0.5244140625
01a0a57f-e612-73a0-a4c0-523ced5dc57c,d,D,QB11,4,3,UVH6d,22,0.07,900000.0,0.9,506,1024,0.494140625
01a0a57f-e612-73a0-a4c0-523ced5dc57c,d,D,QB11,4,3,UVH6d,23,0.07,1350000.0,1.35,559,1024,0.5458984375
01a0a57f-e612-73a0-a4c0-523ced5dc57c,d,D,QB11,4,3,UVH6d,24,0.07,1800000.0,1.8,535,1024,0.5224609375
01a0a57f-e612-73a0-a4c0-523ced5dc57c,d,D,QB11,4,3,UVH6d,25,0.07,2250000.0,2.25,535,1024,0.5224609375
01a0a57f-e612-73a0-a4c0-523ced5dc57c,d,D,QB11,4,3,UVH6d,26,0.07,2700000.0,2.7,493,1024,0.4814453125
01a0a57f-e612-73a0-a4c0-523ced5dc57c,d,D,QB11,4,3,UVH6d,27,0.07,3150000.0,3.15,502,1024,0.490234375
01a0a57f-e612-73a0-a4c0-523ced5dc57c,d,D,QB11,4,3,UVH6d,28,0.07,3600000.0,3.6,516,1024,0.50390625
01a0a57f-e612-73a0-a4c0-523ced5dc57c,d,D,QB11,4,3,UVH6d,29,0.07,4050000.0,4.05,515,1024,0.5029296875
01a0a57f-e612-73a0-a4c0-523ced5dc57c,d,D,QB11,4,3,UVH6d,30,0.07,4500000.0,4.5,504,1024,0.4921875
01a0a57f-e612-73a0-a4c0-523ced5dc57c,d,D,QB11,4,3,UVH6d,31,0.07,4950000.0,4.95,498,1024,0.486328125
01a0a57f-e612-73a0-a4c0-523ced5dc57c,d,D,QB11,4,3,UVH6d,32,0.07,5400000.0,5.4,498,1024,0.486328125
01a0a57f-e612-73a0-a4c0-523ced5dc57c,d,D,QB11,4,3,UVH6d,33,0.07,5850000.0,5.85,530,1024,0.517578125
01a0a57f-e612-73a0-a4c0-523ced5dc57c,d,D,QB11,4,3,UVH6d,34,0.07,6300000.0,6.3,519,1024,0.5068359375
01a0a57f-e612-73a0-a4c0-523ced5dc57c,d,D,QB11,4,3,UVH6d,35,0.07,6750000.0,6.75,507,1024,0.4951171875
01a0a57f-e612-73a0-a4c0-523ced5dc57c,d,D,QB11,4,3,UVH6d,36,0.07,7200000.0,7.2,526,1024,0.513671875
01a0a57f-e612-73a0-a4c0-523ced5dc57c,d,D,QB11,4,3,UVH6d,37,0.07,7650000.0,7.65,564,1024,0.55078125
01a0a57f-e612-73a0-a4c0-523ced5dc57c,d,D,QB11,4,3,UVH6d,38,0.07,8100000.0,8.1,554,1024,0.541015625
01a0a57f-e612-73a0-a4c0-523ced5dc57c,d,D,QB11,4,3,UVH6d,39,0.07,8550000.0,8.55,613,1024,0.5986328125
01a0a57f-e612-73a0-a4c0-523ced5dc57c,d,D,QB11,4,3,UVH6d,40,0.07,9000000.0,9.0,590,1024,0.576171875
01a0a57f-e612-73a0-a4c0-523ced5dc57c,d,D,QB11,4,4,UVH7d,0,0.07,-9000000.0,-9.0,542,1024,0.529296875
01a0a57f-e612-73a0-a4c0-523ced5dc57c,d,D,QB11,4,4,UVH7d,1,0.07,-8550000.0,-8.55,566,1024,0.552734375
01a0a57f-e612-73a0-a4c0-523ced5dc57c,d,D,QB11,4,4,UVH7d,2,0.07,-8100000.0,-8.1,510,1024,0.498046875
01a0a57f-e612-73a0-a4c0-523ced5dc57c,d,D,QB11,4,4,UVH7d,3,0.07,-7650000.0,-7.65,501,1024,0.4892578125
01a0a57f-e612-73a0-a4c0-523ced5dc57c,d,D,QB11,4,4,UVH7d,4,0.07,-7200000.0,-7.2,517,1024,0.5048828125
01a0a57f-e612-73a0-a4c0-523ced5dc57c,d,D,QB11,4,4,UVH7d,5,0.07,-6750000.0,-6.75,493,1024,0.4814453125
01a0a57f-e612-73a0-a4c0-523ced5dc57c,d,D,QB11,4,4,UVH7d,6,0.07,-6300000.0,-6.3,539,1024,0.5263671875
01a0a57f-e612-73a0-a4c0-523ced5dc57c,d,D,QB11,4,4,UVH7d,7,0.07,-5850000.0,-5.85,504,1024,0.4921875
01a0a57f-e612-73a0-a4c0-523ced5dc57c,d,D,QB11,4,4,UVH7d,8,0.07,-5400000.0,-5.4,517,1024,0.5048828125
01a0a57f-e612-73a0-a4c0-523ced5dc57c,d,D,QB11,4,4,UVH7d,9,0.07,-4950000.0,-4.95,501,1024,0.4892578125
01a0a57f-e612-73a0-a4c0-523ced5dc57c,d,D,QB11,4,4,UVH7d,10,0.07,-4500000.0,-4.5,474,1024,0.462890625
01a0a57f-e612-73a0-a4c0-523ced5dc57c,d,D,QB11,4,4,UVH7d,11,0.07,-4050000.0,-4.05,514,1024,0.501953125
01a0a57f-e612-73a0-a4c0-523ced5dc57c,d,D,QB11,4,4,UVH7d,12,0.07,-3600000.0,-3.6,490,1024,0.478515625
01a0a57f-e612-73a0-a4c0-523ced5dc57c,d,D,QB11,4,4,UVH7d,13,0.07,-3150000.0,-3.15,510,1024,0.498046875
01a0a57f-e612-73a0-a4c0-523ced5dc57c,d,D,QB11,4,4,UVH7d,14,0.07,-2700000.0,-2.7,518,1024,0.505859375
01a0a57f-e612-73a0-a4c0-523ced5dc57c,d,D,QB11,4,4,UVH7d,15,0.07,-2250000.0,-2.25,530,1024,0.517578125
01a0a57f-e612-73a0-a4c0-523ced5dc57c,d,D,QB11,4,4,UVH7d,16,0.07,-1800000.0,-1.8,523,1024,0.5107421875
01a0a57f-e612-73a0-a4c0-523ced5dc57c,d,D,QB11,4,4,UVH7d,17,0.07,-1350000.0,-1.35,556,1024,0.54296875
01a0a57f-e612-73a0-a4c0-523ced5dc57c,d,D,QB11,4,4,UVH7d,18,0.07,-900000.0,-0.9,534,1024,0.521484375
01a0a57f-e612-73a0-a4c0-523ced5dc57c,d,D,QB11,4,4,UVH7d,19,0.07,-450000.0,-0.45,509,1024,0.4970703125
01a0a57f-e612-73a0-a4c0-523ced5dc57c,d,D,QB11,4,4,UVH7d,20,0.07,0.0,0.0,506,1024,0.494140625
01a0a57f-e612-73a0-a4c0-523ced5dc57c,d,D,QB11,4,4,UVH7d,21,0.07,450000.0,0.45,546,1024,0.533203125
01a0a57f-e612-73a0-a4c0-523ced5dc57c,d,D,QB11,4,4,UVH7d,22,0.07,900000.0,0.9,530,1024,0.517578125
01a0a57f-e612-73a0-a4c0-523ced5dc57c,d,D,QB11,4,4,UVH7d,23,0.07,1350000.0,1.35,537,1024,0.5244140625
01a0a57f-e612-73a0-a4c0-523ced5dc57c,d,D,QB11,4,4,UVH7d,24,0.07,1800000.0,1.8,538,1024,0.525390625
01a0a57f-e612-73a0-a4c0-523ced5dc57c,d,D,QB11,4,4,UVH7d,25,0.07,2250000.0,2.25,542,1024,0.529296875
01a0a57f-e612-73a0-a4c0-523ced5dc57c,d,D,QB11,4,4,UVH7d,26,0.07,2700000.0,2.7,563,1024,0.5498046875
01a0a57f-e612-73a0-a4c0-523ced5dc57c,d,D,QB11,4,4,UVH7d,27,0.07,3150000.0,3.15,551,1024,0.5380859375
01a0a57f-e612-73a0-a4c0-523ced5dc57c,d,D,QB11,4,4,UVH7d,28,0.07,3600000.0,3.6,528,1024,0.515625
01a0a57f-e612-73a0-a4c0-523ced5dc57c,d,D,QB11,4,4,UVH7d,29,0.07,4050000.0,4.05,490,1024,0.478515625
01a0a57f-e612-73a0-a4c0-523ced5dc57c,d,D,QB11,4,4,UVH7d,30,0.07,4500000.0,4.5,466,1024,0.455078125
01a0a57f-e612-73a0-a4c0-523ced5dc57c,d,D,QB11,4,4,UVH7d,31,0.07,4950000.0,4.95,489,1024,0.4775390625
01a0a57f-e612-73a0-a4c0-523ced5dc57c,d,D,QB11,4,4,UVH7d,32,0.07,5400000.0,5.4,477,1024,0.4658203125
01a0a57f-e612-73a0-a4c0-523ced5dc57c,d,D,QB11,4,4,UVH7d,33,0.07,5850000.0,5.85,487,1024,0.4755859375
01a0a57f-e612-73a0-a4c0-523ced5dc57c,d,D,QB11,4,4,UVH7d,34,0.07,6300000.0,6.3,451,1024,0.4404296875
01a0a57f-e612-73a0-a4c0-523ced5dc57c,d,D,QB11,4,4,UVH7d,35,0.07,6750000.0,6.75,491,1024,0.4794921875
01a0a57f-e612-73a0-a4c0-523ced5dc57c,d,D,QB11,4,4,UVH7d,36,0.07,7200000.0,7.2,458,1024,0.447265625
01a0a57f-e612-73a0-a4c0-523ced5dc57c,d,D,QB11,4,4,UVH7d,37,0.07,7650000.0,7.65,470,1024,0.458984375
01a0a57f-e612-73a0-a4c0-523ced5dc57c,d,D,QB11,4,4,UVH7d,38,0.07,8100000.0,8.1,419,1024,0.4091796875
01a0a57f-e612-73a0-a4c0-523ced5dc57c,d,D,QB11,4,4,UVH7d,39,0.07,8550000.0,8.55,423,1024,0.4130859375
01a0a57f-e612-73a0-a4c0-523ced5dc57c,d,D,QB11,4,4,UVH7d,40,0.07,9000000.0,9.0,385,1024,0.3759765625
01a0a57f-e612-73a0-a4c0-523ced5dc57c,d,D,QB11,4,5,UVH8d,0,0.07,-9000000.0,-9.0,523,1024,0.5107421875
01a0a57f-e612-73a0-a4c0-523ced5dc57c,d,D,QB11,4,5,UVH8d,1,0.07,-8550000.0,-8.55,529,1024,0.5166015625
01a0a57f-e612-73a0-a4c0-523ced5dc57c,d,D,QB11,4,5,UVH8d,2,0.07,-8100000.0,-8.1,497,1024,0.4853515625
01a0a57f-e612-73a0-a4c0-523ced5dc57c,d,D,QB11,4,5,UVH8d,3,0.07,-7650000.0,-7.65,507,1024,0.4951171875
01a0a57f-e612-73a0-a4c0-523ced5dc57c,d,D,QB11,4,5,UVH8d,4,0.07,-7200000.0,-7.2,518,1024,0.505859375
01a0a57f-e612-73a0-a4c0-523ced5dc57c,d,D,QB11,4,5,UVH8d,5,0.07,-6750000.0,-6.75,491,1024,0.4794921875
01a0a57f-e612-73a0-a4c0-523ced5dc57c,d,D,QB11,4,5,UVH8d,6,0.07,-6300000.0,-6.3,482,1024,0.470703125
01a0a57f-e612-73a0-a4c0-523ced5dc57c,d,D,QB11,4,5,UVH8d,7,0.07,-5850000.0,-5.85,525,1024,0.5126953125
01a0a57f-e612-73a0-a4c0-523ced5dc57c,d,D,QB11,4,5,UVH8d,8,0.07,-5400000.0,-5.4,524,1024,0.51171875
01a0a57f-e612-73a0-a4c0-523ced5dc57c,d,D,QB11,4,5,UVH8d,9,0.07,-4950000.0,-4.95,530,1024,0.517578125
01a0a57f-e612-73a0-a4c0-523ced5dc57c,d,D,QB11,4,5,UVH8d,10,0.07,-4500000.0,-4.5,548,1024,0.53515625
01a0a57f-e612-73a0-a4c0-523ced5dc57c,d,D,QB11,4,5,UVH8d,11,0.07,-4050000.0,-4.05,519,1024,0.5068359375
01a0a57f-e612-73a0-a4c0-523ced5dc57c,d,D,QB11,4,5,UVH8d,12,0.07,-3600000.0,-3.6,524,1024,0.51171875
01a0a57f-e612-73a0-a4c0-523ced5dc57c,d,D,QB11,4,5,UVH8d,13,0.07,-3150000.0,-3.15,525,1024,0.5126953125
01a0a57f-e612-73a0-a4c0-523ced5dc57c,d,D,QB11,4,5,UVH8d,14,0.07,-2700000.0,-2.7,533,1024,0.5205078125
01a0a57f-e612-73a0-a4c0-523ced5dc57c,d,D,QB11,4,5,UVH8d,15,0.07,-2250000.0,-2.25,530,1024,0.517578125
01a0a57f-e612-73a0-a4c0-523ced5dc57c,d,D,QB11,4,5,UVH8d,16,0.07,-1800000.0,-1.8,547,1024,0.5341796875
01a0a57f-e612-73a0-a4c0-523ced5dc57c,d,D,QB11,4,5,UVH8d,17,0.07,-1350000.0,-1.35,565,1024,0.5517578125
01a0a57f-e612-73a0-a4c0-523ced5dc57c,d,D,QB11,4,5,UVH8d,18,0.07,-900000.0,-0.9,524,1024,0.51171875
01a0a57f-e612-73a0-a4c0-523ced5dc57c,d,D,QB11,4,5,UVH8d,19,0.07,-450000.0,-0.45,556,1024,0.54296875
01a0a57f-e612-73a0-a4c0-523ced5dc57c,d,D,QB11,4,5,UVH8d,20,0.07,0.0,0.0,573,1024,0.5595703125
01a0a57f-e612-73a0-a4c0-523ced5dc57c,d,D,QB11,4,5,UVH8d,21,0.07,450000.0,0.45,548,1024,0.53515625
01a0a57f-e612-73a0-a4c0-523ced5dc57c,d,D,QB11,4,5,UVH8d,22,0.07,900000.0,0.9,546,1024,0.533203125
01a0a57f-e612-73a0-a4c0-523ced5dc57c,d,D,QB11,4,5,UVH8d,23,0.07,1350000.0,1.35,549,1024,0.5361328125
01a0a57f-e612-73a0-a4c0-523ced5dc57c,d,D,QB11,4,5,UVH8d,24,0.07,1800000.0,1.8,569,1024,0.5556640625
01a0a57f-e612-73a0-a4c0-523ced5dc57c,d,D,QB11,4,5,UVH8d,25,0.07,2250000.0,2.25,555,1024,0.5419921875
01a0a57f-e612-73a0-a4c0-523ced5dc57c,d,D,QB11,4,5,UVH8d,26,0.07,2700000.0,2.7,563,1024,0.5498046875
01a0a57f-e612-73a0-a4c0-523ced5dc57c,d,D,QB11,4,5,UVH8d,27,0.07,3150000.0,3.15,506,1024,0.494140625
01a0a57f-e612-73a0-a4c0-523ced5dc57c,d,D,QB11,4,5,UVH8d,28,0.07,3600000.0,3.6,545,1024,0.5322265625
01a0a57f-e612-73a0-a4c0-523ced5dc57c,d,D,QB11,4,5,UVH8d,29,0.07,4050000.0,4.05,556,1024,0.54296875
01a0a57f-e612-73a0-a4c0-523ced5dc57c,d,D,QB11,4,5,UVH8d,30,0.07,4500000.0,4.5,540,1024,0.52734375
01a0a57f-e612-73a0-a4c0-523ced5dc57c,d,D,QB11,4,5,UVH8d,31,0.07,4950000.0,4.95,538,1024,0.525390625
01a0a57f-e612-73a0-a4c0-523ced5dc57c,d,D,QB11,4,5,UVH8d,32,0.07,5400000.0,5.4,516,1024,0.50390625
01a0a57f-e612-73a0-a4c0-523ced5dc57c,d,D,QB11,4,5,UVH8d,33,0.07,5850000.0,5.85,539,1024,0.5263671875
01a0a57f-e612-73a0-a4c0-523ced5dc57c,d,D,QB11,4,5,UVH8d,34,0.07,6300000.0,6.3,517,1024,0.5048828125
01a0a57f-e612-73a0-a4c0-523ced5dc57c,d,D,QB11,4,5,UVH8d,35,0.07,6750000.0,6.75,507,1024,0.4951171875
01a0a57f-e612-73a0-a4c0-523ced5dc57c,d,D,QB11,4,5,UVH8d,36,0.07,7200000.0,7.2,495,1024,0.4833984375
01a0a57f-e612-73a0-a4c0-523ced5dc57c,d,D,QB11,4,5,UVH8d,37,0.07,7650000.0,7.65,483,1024,0.4716796875
01a0a57f-e612-73a0-a4c0-523ced5dc57c,d,D,QB11,4,5,UVH8d,38,0.07,8100000.0,8.1,495,1024,0.4833984375
01a0a57f-e612-73a0-a4c0-523ced5dc57c,d,D,QB11,4,5,UVH8d,39,0.07,8550000.0,8.55,427,1024,0.4169921875
01a0a57f-e612-73a0-a4c0-523ced5dc57c,d,D,QB11,4,5,UVH8d,40,0.07,9000000.0,9.0,429,1024,0.4189453125
01a0a57f-e612-73a0-a4c0-523ced5dc57c,d,D,QB6,5,0,standard_pi_2,0,0.07,-9000000.0,-9.0,624,1024,0.609375
01a0a57f-e612-73a0-a4c0-523ced5dc57c,d,D,QB6,5,0,standard_pi_2,1,0.07,-8550000.0,-8.55,606,1024,0.591796875
01a0a57f-e612-73a0-a4c0-523ced5dc57c,d,D,QB6,5,0,standard_pi_2,2,0.07,-8100000.0,-8.1,622,1024,0.607421875
01a0a57f-e612-73a0-a4c0-523ced5dc57c,d,D,QB6,5,0,standard_pi_2,3,0.07,-7650000.0,-7.65,628,1024,0.61328125
01a0a57f-e612-73a0-a4c0-523ced5dc57c,d,D,QB6,5,0,standard_pi_2,4,0.07,-7200000.0,-7.2,597,1024,0.5830078125
01a0a57f-e612-73a0-a4c0-523ced5dc57c,d,D,QB6,5,0,standard_pi_2,5,0.07,-6750000.0,-6.75,598,1024,0.583984375
01a0a57f-e612-73a0-a4c0-523ced5dc57c,d,D,QB6,5,0,standard_pi_2,6,0.07,-6300000.0,-6.3,616,1024,0.6015625
01a0a57f-e612-73a0-a4c0-523ced5dc57c,d,D,QB6,5,0,standard_pi_2,7,0.07,-5850000.0,-5.85,627,1024,0.6123046875
01a0a57f-e612-73a0-a4c0-523ced5dc57c,d,D,QB6,5,0,standard_pi_2,8,0.07,-5400000.0,-5.4,602,1024,0.587890625
01a0a57f-e612-73a0-a4c0-523ced5dc57c,d,D,QB6,5,0,standard_pi_2,9,0.07,-4950000.0,-4.95,598,1024,0.583984375
01a0a57f-e612-73a0-a4c0-523ced5dc57c,d,D,QB6,5,0,standard_pi_2,10,0.07,-4500000.0,-4.5,585,1024,0.5712890625
01a0a57f-e612-73a0-a4c0-523ced5dc57c,d,D,QB6,5,0,standard_pi_2,11,0.07,-4050000.0,-4.05,566,1024,0.552734375
01a0a57f-e612-73a0-a4c0-523ced5dc57c,d,D,QB6,5,0,standard_pi_2,12,0.07,-3600000.0,-3.6,590,1024,0.576171875
01a0a57f-e612-73a0-a4c0-523ced5dc57c,d,D,QB6,5,0,standard_pi_2,13,0.07,-3150000.0,-3.15,578,1024,0.564453125
01a0a57f-e612-73a0-a4c0-523ced5dc57c,d,D,QB6,5,0,standard_pi_2,14,0.07,-2700000.0,-2.7,593,1024,0.5791015625
01a0a57f-e612-73a0-a4c0-523ced5dc57c,d,D,QB6,5,0,standard_pi_2,15,0.07,-2250000.0,-2.25,564,1024,0.55078125
01a0a57f-e612-73a0-a4c0-523ced5dc57c,d,D,QB6,5,0,standard_pi_2,16,0.07,-1800000.0,-1.8,569,1024,0.5556640625
01a0a57f-e612-73a0-a4c0-523ced5dc57c,d,D,QB6,5,0,standard_pi_2,17,0.07,-1350000.0,-1.35,536,1024,0.5234375
01a0a57f-e612-73a0-a4c0-523ced5dc57c,d,D,QB6,5,0,standard_pi_2,18,0.07,-900000.0,-0.9,549,1024,0.5361328125
01a0a57f-e612-73a0-a4c0-523ced5dc57c,d,D,QB6,5,0,standard_pi_2,19,0.07,-450000.0,-0.45,573,1024,0.5595703125
01a0a57f-e612-73a0-a4c0-523ced5dc57c,d,D,QB6,5,0,standard_pi_2,20,0.07,0.0,0.0,570,1024,0.556640625
01a0a57f-e612-73a0-a4c0-523ced5dc57c,d,D,QB6,5,0,standard_pi_2,21,0.07,450000.0,0.45,547,1024,0.5341796875
01a0a57f-e612-73a0-a4c0-523ced5dc57c,d,D,QB6,5,0,standard_pi_2,22,0.07,900000.0,0.9,554,1024,0.541015625
01a0a57f-e612-73a0-a4c0-523ced5dc57c,d,D,QB6,5,0,standard_pi_2,23,0.07,1350000.0,1.35,555,1024,0.5419921875
01a0a57f-e612-73a0-a4c0-523ced5dc57c,d,D,QB6,5,0,standard_pi_2,24,0.07,1800000.0,1.8,536,1024,0.5234375
01a0a57f-e612-73a0-a4c0-523ced5dc57c,d,D,QB6,5,0,standard_pi_2,25,0.07,2250000.0,2.25,533,1024,0.5205078125
01a0a57f-e612-73a0-a4c0-523ced5dc57c,d,D,QB6,5,0,standard_pi_2,26,0.07,2700000.0,2.7,504,1024,0.4921875
01a0a57f-e612-73a0-a4c0-523ced5dc57c,d,D,QB6,5,0,standard_pi_2,27,0.07,3150000.0,3.15,521,1024,0.5087890625
01a0a57f-e612-73a0-a4c0-523ced5dc57c,d,D,QB6,5,0,standard_pi_2,28,0.07,3600000.0,3.6,542,1024,0.529296875
01a0a57f-e612-73a0-a4c0-523ced5dc57c,d,D,QB6,5,0,standard_pi_2,29,0.07,4050000.0,4.05,512,1024,0.5
01a0a57f-e612-73a0-a4c0-523ced5dc57c,d,D,QB6,5,0,standard_pi_2,30,0.07,4500000.0,4.5,533,1024,0.5205078125
01a0a57f-e612-73a0-a4c0-523ced5dc57c,d,D,QB6,5,0,standard_pi_2,31,0.07,4950000.0,4.95,548,1024,0.53515625
01a0a57f-e612-73a0-a4c0-523ced5dc57c,d,D,QB6,5,0,standard_pi_2,32,0.07,5400000.0,5.4,493,1024,0.4814453125
01a0a57f-e612-73a0-a4c0-523ced5dc57c,d,D,QB6,5,0,standard_pi_2,33,0.07,5850000.0,5.85,512,1024,0.5
01a0a57f-e612-73a0-a4c0-523ced5dc57c,d,D,QB6,5,0,standard_pi_2,34,0.07,6300000.0,6.3,509,1024,0.4970703125
01a0a57f-e612-73a0-a4c0-523ced5dc57c,d,D,QB6,5,0,standard_pi_2,35,0.07,6750000.0,6.75,487,1024,0.4755859375
01a0a57f-e612-73a0-a4c0-523ced5dc57c,d,D,QB6,5,0,standard_pi_2,36,0.07,7200000.0,7.2,505,1024,0.4931640625
01a0a57f-e612-73a0-a4c0-523ced5dc57c,d,D,QB6,5,0,standard_pi_2,37,0.07,7650000.0,7.65,494,1024,0.482421875
01a0a57f-e612-73a0-a4c0-523ced5dc57c,d,D,QB6,5,0,standard_pi_2,38,0.07,8100000.0,8.1,485,1024,0.4736328125
01a0a57f-e612-73a0-a4c0-523ced5dc57c,d,D,QB6,5,0,standard_pi_2,39,0.07,8550000.0,8.55,479,1024,0.4677734375
01a0a57f-e612-73a0-a4c0-523ced5dc57c,d,D,QB6,5,0,standard_pi_2,40,0.07,9000000.0,9.0,507,1024,0.4951171875
01a0a57f-e612-73a0-a4c0-523ced5dc57c,d,D,QB6,5,1,UVH4d,0,0.07,-9000000.0,-9.0,405,1024,0.3955078125
01a0a57f-e612-73a0-a4c0-523ced5dc57c,d,D,QB6,5,1,UVH4d,1,0.07,-8550000.0,-8.55,406,1024,0.396484375
01a0a57f-e612-73a0-a4c0-523ced5dc57c,d,D,QB6,5,1,UVH4d,2,0.07,-8100000.0,-8.1,428,1024,0.41796875
01a0a57f-e612-73a0-a4c0-523ced5dc57c,d,D,QB6,5,1,UVH4d,3,0.07,-7650000.0,-7.65,411,1024,0.4013671875
01a0a57f-e612-73a0-a4c0-523ced5dc57c,d,D,QB6,5,1,UVH4d,4,0.07,-7200000.0,-7.2,449,1024,0.4384765625
01a0a57f-e612-73a0-a4c0-523ced5dc57c,d,D,QB6,5,1,UVH4d,5,0.07,-6750000.0,-6.75,456,1024,0.4453125
01a0a57f-e612-73a0-a4c0-523ced5dc57c,d,D,QB6,5,1,UVH4d,6,0.07,-6300000.0,-6.3,451,1024,0.4404296875
01a0a57f-e612-73a0-a4c0-523ced5dc57c,d,D,QB6,5,1,UVH4d,7,0.07,-5850000.0,-5.85,480,1024,0.46875
01a0a57f-e612-73a0-a4c0-523ced5dc57c,d,D,QB6,5,1,UVH4d,8,0.07,-5400000.0,-5.4,485,1024,0.4736328125
01a0a57f-e612-73a0-a4c0-523ced5dc57c,d,D,QB6,5,1,UVH4d,9,0.07,-4950000.0,-4.95,512,1024,0.5
01a0a57f-e612-73a0-a4c0-523ced5dc57c,d,D,QB6,5,1,UVH4d,10,0.07,-4500000.0,-4.5,522,1024,0.509765625
01a0a57f-e612-73a0-a4c0-523ced5dc57c,d,D,QB6,5,1,UVH4d,11,0.07,-4050000.0,-4.05,511,1024,0.4990234375
01a0a57f-e612-73a0-a4c0-523ced5dc57c,d,D,QB6,5,1,UVH4d,12,0.07,-3600000.0,-3.6,499,1024,0.4873046875
01a0a57f-e612-73a0-a4c0-523ced5dc57c,d,D,QB6,5,1,UVH4d,13,0.07,-3150000.0,-3.15,526,1024,0.513671875
01a0a57f-e612-73a0-a4c0-523ced5dc57c,d,D,QB6,5,1,UVH4d,14,0.07,-2700000.0,-2.7,550,1024,0.537109375
01a0a57f-e612-73a0-a4c0-523ced5dc57c,d,D,QB6,5,1,UVH4d,15,0.07,-2250000.0,-2.25,549,1024,0.5361328125
01a0a57f-e612-73a0-a4c0-523ced5dc57c,d,D,QB6,5,1,UVH4d,16,0.07,-1800000.0,-1.8,507,1024,0.4951171875
01a0a57f-e612-73a0-a4c0-523ced5dc57c,d,D,QB6,5,1,UVH4d,17,0.07,-1350000.0,-1.35,542,1024,0.529296875
01a0a57f-e612-73a0-a4c0-523ced5dc57c,d,D,QB6,5,1,UVH4d,18,0.07,-900000.0,-0.9,527,1024,0.5146484375
01a0a57f-e612-73a0-a4c0-523ced5dc57c,d,D,QB6,5,1,UVH4d,19,0.07,-450000.0,-0.45,513,1024,0.5009765625
01a0a57f-e612-73a0-a4c0-523ced5dc57c,d,D,QB6,5,1,UVH4d,20,0.07,0.0,0.0,516,1024,0.50390625
01a0a57f-e612-73a0-a4c0-523ced5dc57c,d,D,QB6,5,1,UVH4d,21,0.07,450000.0,0.45,500,1024,0.48828125
01a0a57f-e612-73a0-a4c0-523ced5dc57c,d,D,QB6,5,1,UVH4d,22,0.07,900000.0,0.9,538,1024,0.525390625
01a0a57f-e612-73a0-a4c0-523ced5dc57c,d,D,QB6,5,1,UVH4d,23,0.07,1350000.0,1.35,540,1024,0.52734375
01a0a57f-e612-73a0-a4c0-523ced5dc57c,d,D,QB6,5,1,UVH4d,24,0.07,1800000.0,1.8,541,1024,0.5283203125
01a0a57f-e612-73a0-a4c0-523ced5dc57c,d,D,QB6,5,1,UVH4d,25,0.07,2250000.0,2.25,534,1024,0.521484375
01a0a57f-e612-73a0-a4c0-523ced5dc57c,d,D,QB6,5,1,UVH4d,26,0.07,2700000.0,2.7,554,1024,0.541015625
01a0a57f-e612-73a0-a4c0-523ced5dc57c,d,D,QB6,5,1,UVH4d,27,0.07,3150000.0,3.15,549,1024,0.5361328125
01a0a57f-e612-73a0-a4c0-523ced5dc57c,d,D,QB6,5,1,UVH4d,28,0.07,3600000.0,3.6,551,1024,0.5380859375
01a0a57f-e612-73a0-a4c0-523ced5dc57c,d,D,QB6,5,1,UVH4d,29,0.07,4050000.0,4.05,543,1024,0.5302734375
01a0a57f-e612-73a0-a4c0-523ced5dc57c,d,D,QB6,5,1,UVH4d,30,0.07,4500000.0,4.5,534,1024,0.521484375
01a0a57f-e612-73a0-a4c0-523ced5dc57c,d,D,QB6,5,1,UVH4d,31,0.07,4950000.0,4.95,546,1024,0.533203125
01a0a57f-e612-73a0-a4c0-523ced5dc57c,d,D,QB6,5,1,UVH4d,32,0.07,5400000.0,5.4,552,1024,0.5390625
01a0a57f-e612-73a0-a4c0-523ced5dc57c,d,D,QB6,5,1,UVH4d,33,0.07,5850000.0,5.85,582,1024,0.568359375
01a0a57f-e612-73a0-a4c0-523ced5dc57c,d,D,QB6,5,1,UVH4d,34,0.07,6300000.0,6.3,569,1024,0.5556640625
01a0a57f-e612-73a0-a4c0-523ced5dc57c,d,D,QB6,5,1,UVH4d,35,0.07,6750000.0,6.75,594,1024,0.580078125
01a0a57f-e612-73a0-a4c0-523ced5dc57c,d,D,QB6,5,1,UVH4d,36,0.07,7200000.0,7.2,591,1024,0.5771484375
01a0a57f-e612-73a0-a4c0-523ced5dc57c,d,D,QB6,5,1,UVH4d,37,0.07,7650000.0,7.65,635,1024,0.6201171875
01a0a57f-e612-73a0-a4c0-523ced5dc57c,d,D,QB6,5,1,UVH4d,38,0.07,8100000.0,8.1,631,1024,0.6162109375
01a0a57f-e612-73a0-a4c0-523ced5dc57c,d,D,QB6,5,1,UVH4d,39,0.07,8550000.0,8.55,626,1024,0.611328125
01a0a57f-e612-73a0-a4c0-523ced5dc57c,d,D,QB6,5,1,UVH4d,40,0.07,9000000.0,9.0,623,1024,0.6083984375
01a0a57f-e612-73a0-a4c0-523ced5dc57c,d,D,QB6,5,2,UVH5d,0,0.07,-9000000.0,-9.0,163,1024,0.1591796875
01a0a57f-e612-73a0-a4c0-523ced5dc57c,d,D,QB6,5,2,UVH5d,1,0.07,-8550000.0,-8.55,130,1024,0.126953125
01a0a57f-e612-73a0-a4c0-523ced5dc57c,d,D,QB6,5,2,UVH5d,2,0.07,-8100000.0,-8.1,190,1024,0.185546875
01a0a57f-e612-73a0-a4c0-523ced5dc57c,d,D,QB6,5,2,UVH5d,3,0.07,-7650000.0,-7.65,191,1024,0.1865234375
01a0a57f-e612-73a0-a4c0-523ced5dc57c,d,D,QB6,5,2,UVH5d,4,0.07,-7200000.0,-7.2,231,1024,0.2255859375
01a0a57f-e612-73a0-a4c0-523ced5dc57c,d,D,QB6,5,2,UVH5d,5,0.07,-6750000.0,-6.75,241,1024,0.2353515625
01a0a57f-e612-73a0-a4c0-523ced5dc57c,d,D,QB6,5,2,UVH5d,6,0.07,-6300000.0,-6.3,252,1024,0.24609375
01a0a57f-e612-73a0-a4c0-523ced5dc57c,d,D,QB6,5,2,UVH5d,7,0.07,-5850000.0,-5.85,299,1024,0.2919921875
01a0a57f-e612-73a0-a4c0-523ced5dc57c,d,D,QB6,5,2,UVH5d,8,0.07,-5400000.0,-5.4,330,1024,0.322265625
01a0a57f-e612-73a0-a4c0-523ced5dc57c,d,D,QB6,5,2,UVH5d,9,0.07,-4950000.0,-4.95,334,1024,0.326171875
01a0a57f-e612-73a0-a4c0-523ced5dc57c,d,D,QB6,5,2,UVH5d,10,0.07,-4500000.0,-4.5,372,1024,0.36328125
01a0a57f-e612-73a0-a4c0-523ced5dc57c,d,D,QB6,5,2,UVH5d,11,0.07,-4050000.0,-4.05,394,1024,0.384765625
01a0a57f-e612-73a0-a4c0-523ced5dc57c,d,D,QB6,5,2,UVH5d,12,0.07,-3600000.0,-3.6,379,1024,0.3701171875
01a0a57f-e612-73a0-a4c0-523ced5dc57c,d,D,QB6,5,2,UVH5d,13,0.07,-3150000.0,-3.15,396,1024,0.38671875
01a0a57f-e612-73a0-a4c0-523ced5dc57c,d,D,QB6,5,2,UVH5d,14,0.07,-2700000.0,-2.7,435,1024,0.4248046875
01a0a57f-e612-73a0-a4c0-523ced5dc57c,d,D,QB6,5,2,UVH5d,15,0.07,-2250000.0,-2.25,424,1024,0.4140625
01a0a57f-e612-73a0-a4c0-523ced5dc57c,d,D,QB6,5,2,UVH5d,16,0.07,-1800000.0,-1.8,435,1024,0.4248046875
01a0a57f-e612-73a0-a4c0-523ced5dc57c,d,D,QB6,5,2,UVH5d,17,0.07,-1350000.0,-1.35,440,1024,0.4296875
01a0a57f-e612-73a0-a4c0-523ced5dc57c,d,D,QB6,5,2,UVH5d,18,0.07,-900000.0,-0.9,466,1024,0.455078125
01a0a57f-e612-73a0-a4c0-523ced5dc57c,d,D,QB6,5,2,UVH5d,19,0.07,-450000.0,-0.45,444,1024,0.43359375
01a0a57f-e612-73a0-a4c0-523ced5dc57c,d,D,QB6,5,2,UVH5d,20,0.07,0.0,0.0,461,1024,0.4501953125
01a0a57f-e612-73a0-a4c0-523ced5dc57c,d,D,QB6,5,2,UVH5d,21,0.07,450000.0,0.45,449,1024,0.4384765625
01a0a57f-e612-73a0-a4c0-523ced5dc57c,d,D,QB6,5,2,UVH5d,22,0.07,900000.0,0.9,469,1024,0.4580078125
01a0a57f-e612-73a0-a4c0-523ced5dc57c,d,D,QB6,5,2,UVH5d,23,0.07,1350000.0,1.35,451,1024,0.4404296875
01a0a57f-e612-73a0-a4c0-523ced5dc57c,d,D,QB6,5,2,UVH5d,24,0.07,1800000.0,1.8,456,1024,0.4453125
01a0a57f-e612-73a0-a4c0-523ced5dc57c,d,D,QB6,5,2,UVH5d,25,0.07,2250000.0,2.25,441,1024,0.4306640625
01a0a57f-e612-73a0-a4c0-523ced5dc57c,d,D,QB6,5,2,UVH5d,26,0.07,2700000.0,2.7,450,1024,0.439453125
01a0a57f-e612-73a0-a4c0-523ced5dc57c,d,D,QB6,5,2,UVH5d,27,0.07,3150000.0,3.15,418,1024,0.408203125
01a0a57f-e612-73a0-a4c0-523ced5dc57c,d,D,QB6,5,2,UVH5d,28,0.07,3600000.0,3.6,474,1024,0.462890625
01a0a57f-e612-73a0-a4c0-523ced5dc57c,d,D,QB6,5,2,UVH5d,29,0.07,4050000.0,4.05,454,1024,0.443359375
01a0a57f-e612-73a0-a4c0-523ced5dc57c,d,D,QB6,5,2,UVH5d,30,0.07,4500000.0,4.5,443,1024,0.4326171875
01a0a57f-e612-73a0-a4c0-523ced5dc57c,d,D,QB6,5,2,UVH5d,31,0.07,4950000.0,4.95,474,1024,0.462890625
01a0a57f-e612-73a0-a4c0-523ced5dc57c,d,D,QB6,5,2,UVH5d,32,0.07,5400000.0,5.4,480,1024,0.46875
01a0a57f-e612-73a0-a4c0-523ced5dc57c,d,D,QB6,5,2,UVH5d,33,0.07,5850000.0,5.85,475,1024,0.4638671875
01a0a57f-e612-73a0-a4c0-523ced5dc57c,d,D,QB6,5,2,UVH5d,34,0.07,6300000.0,6.3,494,1024,0.482421875
01a0a57f-e612-73a0-a4c0-523ced5dc57c,d,D,QB6,5,2,UVH5d,35,0.07,6750000.0,6.75,492,1024,0.48046875
01a0a57f-e612-73a0-a4c0-523ced5dc57c,d,D,QB6,5,2,UVH5d,36,0.07,7200000.0,7.2,506,1024,0.494140625
01a0a57f-e612-73a0-a4c0-523ced5dc57c,d,D,QB6,5,2,UVH5d,37,0.07,7650000.0,7.65,478,1024,0.466796875
01a0a57f-e612-73a0-a4c0-523ced5dc57c,d,D,QB6,5,2,UVH5d,38,0.07,8100000.0,8.1,534,1024,0.521484375
01a0a57f-e612-73a0-a4c0-523ced5dc57c,d,D,QB6,5,2,UVH5d,39,0.07,8550000.0,8.55,530,1024,0.517578125
01a0a57f-e612-73a0-a4c0-523ced5dc57c,d,D,QB6,5,2,UVH5d,40,0.07,9000000.0,9.0,492,1024,0.48046875
01a0a57f-e612-73a0-a4c0-523ced5dc57c,d,D,QB6,5,3,UVH6d,0,0.07,-9000000.0,-9.0,537,1024,0.5244140625
01a0a57f-e612-73a0-a4c0-523ced5dc57c,d,D,QB6,5,3,UVH6d,1,0.07,-8550000.0,-8.55,529,1024,0.5166015625
01a0a57f-e612-73a0-a4c0-523ced5dc57c,d,D,QB6,5,3,UVH6d,2,0.07,-8100000.0,-8.1,535,1024,0.5224609375
01a0a57f-e612-73a0-a4c0-523ced5dc57c,d,D,QB6,5,3,UVH6d,3,0.07,-7650000.0,-7.65,496,1024,0.484375
01a0a57f-e612-73a0-a4c0-523ced5dc57c,d,D,QB6,5,3,UVH6d,4,0.07,-7200000.0,-7.2,482,1024,0.470703125
01a0a57f-e612-73a0-a4c0-523ced5dc57c,d,D,QB6,5,3,UVH6d,5,0.07,-6750000.0,-6.75,492,1024,0.48046875
01a0a57f-e612-73a0-a4c0-523ced5dc57c,d,D,QB6,5,3,UVH6d,6,0.07,-6300000.0,-6.3,480,1024,0.46875
01a0a57f-e612-73a0-a4c0-523ced5dc57c,d,D,QB6,5,3,UVH6d,7,0.07,-5850000.0,-5.85,457,1024,0.4462890625
01a0a57f-e612-73a0-a4c0-523ced5dc57c,d,D,QB6,5,3,UVH6d,8,0.07,-5400000.0,-5.4,498,1024,0.486328125
01a0a57f-e612-73a0-a4c0-523ced5dc57c,d,D,QB6,5,3,UVH6d,9,0.07,-4950000.0,-4.95,467,1024,0.4560546875
01a0a57f-e612-73a0-a4c0-523ced5dc57c,d,D,QB6,5,3,UVH6d,10,0.07,-4500000.0,-4.5,490,1024,0.478515625
01a0a57f-e612-73a0-a4c0-523ced5dc57c,d,D,QB6,5,3,UVH6d,11,0.07,-4050000.0,-4.05,488,1024,0.4765625
01a0a57f-e612-73a0-a4c0-523ced5dc57c,d,D,QB6,5,3,UVH6d,12,0.07,-3600000.0,-3.6,469,1024,0.4580078125
01a0a57f-e612-73a0-a4c0-523ced5dc57c,d,D,QB6,5,3,UVH6d,13,0.07,-3150000.0,-3.15,506,1024,0.494140625
01a0a57f-e612-73a0-a4c0-523ced5dc57c,d,D,QB6,5,3,UVH6d,14,0.07,-2700000.0,-2.7,519,1024,0.5068359375
01a0a57f-e612-73a0-a4c0-523ced5dc57c,d,D,QB6,5,3,UVH6d,15,0.07,-2250000.0,-2.25,472,1024,0.4609375
01a0a57f-e612-73a0-a4c0-523ced5dc57c,d,D,QB6,5,3,UVH6d,16,0.07,-1800000.0,-1.8,496,1024,0.484375
01a0a57f-e612-73a0-a4c0-523ced5dc57c,d,D,QB6,5,3,UVH6d,17,0.07,-1350000.0,-1.35,498,1024,0.486328125
01a0a57f-e612-73a0-a4c0-523ced5dc57c,d,D,QB6,5,3,UVH6d,18,0.07,-900000.0,-0.9,522,1024,0.509765625
01a0a57f-e612-73a0-a4c0-523ced5dc57c,d,D,QB6,5,3,UVH6d,19,0.07,-450000.0,-0.45,519,1024,0.5068359375
01a0a57f-e612-73a0-a4c0-523ced5dc57c,d,D,QB6,5,3,UVH6d,20,0.07,0.0,0.0,520,1024,0.5078125
01a0a57f-e612-73a0-a4c0-523ced5dc57c,d,D,QB6,5,3,UVH6d,21,0.07,450000.0,0.45,537,1024,0.5244140625
01a0a57f-e612-73a0-a4c0-523ced5dc57c,d,D,QB6,5,3,UVH6d,22,0.07,900000.0,0.9,524,1024,0.51171875
01a0a57f-e612-73a0-a4c0-523ced5dc57c,d,D,QB6,5,3,UVH6d,23,0.07,1350000.0,1.35,555,1024,0.5419921875
01a0a57f-e612-73a0-a4c0-523ced5dc57c,d,D,QB6,5,3,UVH6d,24,0.07,1800000.0,1.8,533,1024,0.5205078125
01a0a57f-e612-73a0-a4c0-523ced5dc57c,d,D,QB6,5,3,UVH6d,25,0.07,2250000.0,2.25,530,1024,0.517578125
01a0a57f-e612-73a0-a4c0-523ced5dc57c,d,D,QB6,5,3,UVH6d,26,0.07,2700000.0,2.7,533,1024,0.5205078125
01a0a57f-e612-73a0-a4c0-523ced5dc57c,d,D,QB6,5,3,UVH6d,27,0.07,3150000.0,3.15,541,1024,0.5283203125
01a0a57f-e612-73a0-a4c0-523ced5dc57c,d,D,QB6,5,3,UVH6d,28,0.07,3600000.0,3.6,515,1024,0.5029296875
01a0a57f-e612-73a0-a4c0-523ced5dc57c,d,D,QB6,5,3,UVH6d,29,0.07,4050000.0,4.05,534,1024,0.521484375
01a0a57f-e612-73a0-a4c0-523ced5dc57c,d,D,QB6,5,3,UVH6d,30,0.07,4500000.0,4.5,519,1024,0.5068359375
01a0a57f-e612-73a0-a4c0-523ced5dc57c,d,D,QB6,5,3,UVH6d,31,0.07,4950000.0,4.95,532,1024,0.51953125
01a0a57f-e612-73a0-a4c0-523ced5dc57c,d,D,QB6,5,3,UVH6d,32,0.07,5400000.0,5.4,564,1024,0.55078125
01a0a57f-e612-73a0-a4c0-523ced5dc57c,d,D,QB6,5,3,UVH6d,33,0.07,5850000.0,5.85,555,1024,0.5419921875
01a0a57f-e612-73a0-a4c0-523ced5dc57c,d,D,QB6,5,3,UVH6d,34,0.07,6300000.0,6.3,553,1024,0.5400390625
01a0a57f-e612-73a0-a4c0-523ced5dc57c,d,D,QB6,5,3,UVH6d,35,0.07,6750000.0,6.75,552,1024,0.5390625
01a0a57f-e612-73a0-a4c0-523ced5dc57c,d,D,QB6,5,3,UVH6d,36,0.07,7200000.0,7.2,582,1024,0.568359375
01a0a57f-e612-73a0-a4c0-523ced5dc57c,d,D,QB6,5,3,UVH6d,37,0.07,7650000.0,7.65,623,1024,0.6083984375
01a0a57f-e612-73a0-a4c0-523ced5dc57c,d,D,QB6,5,3,UVH6d,38,0.07,8100000.0,8.1,622,1024,0.607421875
01a0a57f-e612-73a0-a4c0-523ced5dc57c,d,D,QB6,5,3,UVH6d,39,0.07,8550000.0,8.55,632,1024,0.6171875
01a0a57f-e612-73a0-a4c0-523ced5dc57c,d,D,QB6,5,3,UVH6d,40,0.07,9000000.0,9.0,684,1024,0.66796875
01a0a57f-e612-73a0-a4c0-523ced5dc57c,d,D,QB6,5,4,UVH7d,0,0.07,-9000000.0,-9.0,541,1024,0.5283203125
01a0a57f-e612-73a0-a4c0-523ced5dc57c,d,D,QB6,5,4,UVH7d,1,0.07,-8550000.0,-8.55,504,1024,0.4921875
01a0a57f-e612-73a0-a4c0-523ced5dc57c,d,D,QB6,5,4,UVH7d,2,0.07,-8100000.0,-8.1,495,1024,0.4833984375
01a0a57f-e612-73a0-a4c0-523ced5dc57c,d,D,QB6,5,4,UVH7d,3,0.07,-7650000.0,-7.65,470,1024,0.458984375
01a0a57f-e612-73a0-a4c0-523ced5dc57c,d,D,QB6,5,4,UVH7d,4,0.07,-7200000.0,-7.2,454,1024,0.443359375
01a0a57f-e612-73a0-a4c0-523ced5dc57c,d,D,QB6,5,4,UVH7d,5,0.07,-6750000.0,-6.75,495,1024,0.4833984375
01a0a57f-e612-73a0-a4c0-523ced5dc57c,d,D,QB6,5,4,UVH7d,6,0.07,-6300000.0,-6.3,482,1024,0.470703125
01a0a57f-e612-73a0-a4c0-523ced5dc57c,d,D,QB6,5,4,UVH7d,7,0.07,-5850000.0,-5.85,487,1024,0.4755859375
01a0a57f-e612-73a0-a4c0-523ced5dc57c,d,D,QB6,5,4,UVH7d,8,0.07,-5400000.0,-5.4,460,1024,0.44921875
01a0a57f-e612-73a0-a4c0-523ced5dc57c,d,D,QB6,5,4,UVH7d,9,0.07,-4950000.0,-4.95,449,1024,0.4384765625
01a0a57f-e612-73a0-a4c0-523ced5dc57c,d,D,QB6,5,4,UVH7d,10,0.07,-4500000.0,-4.5,496,1024,0.484375
01a0a57f-e612-73a0-a4c0-523ced5dc57c,d,D,QB6,5,4,UVH7d,11,0.07,-4050000.0,-4.05,500,1024,0.48828125
01a0a57f-e612-73a0-a4c0-523ced5dc57c,d,D,QB6,5,4,UVH7d,12,0.07,-3600000.0,-3.6,508,1024,0.49609375
01a0a57f-e612-73a0-a4c0-523ced5dc57c,d,D,QB6,5,4,UVH7d,13,0.07,-3150000.0,-3.15,491,1024,0.4794921875
01a0a57f-e612-73a0-a4c0-523ced5dc57c,d,D,QB6,5,4,UVH7d,14,0.07,-2700000.0,-2.7,485,1024,0.4736328125
01a0a57f-e612-73a0-a4c0-523ced5dc57c,d,D,QB6,5,4,UVH7d,15,0.07,-2250000.0,-2.25,530,1024,0.517578125
01a0a57f-e612-73a0-a4c0-523ced5dc57c,d,D,QB6,5,4,UVH7d,16,0.07,-1800000.0,-1.8,503,1024,0.4912109375
01a0a57f-e612-73a0-a4c0-523ced5dc57c,d,D,QB6,5,4,UVH7d,17,0.07,-1350000.0,-1.35,515,1024,0.5029296875
01a0a57f-e612-73a0-a4c0-523ced5dc57c,d,D,QB6,5,4,UVH7d,18,0.07,-900000.0,-0.9,513,1024,0.5009765625
01a0a57f-e612-73a0-a4c0-523ced5dc57c,d,D,QB6,5,4,UVH7d,19,0.07,-450000.0,-0.45,529,1024,0.5166015625
01a0a57f-e612-73a0-a4c0-523ced5dc57c,d,D,QB6,5,4,UVH7d,20,0.07,0.0,0.0,531,1024,0.5185546875
01a0a57f-e612-73a0-a4c0-523ced5dc57c,d,D,QB6,5,4,UVH7d,21,0.07,450000.0,0.45,526,1024,0.513671875
01a0a57f-e612-73a0-a4c0-523ced5dc57c,d,D,QB6,5,4,UVH7d,22,0.07,900000.0,0.9,544,1024,0.53125
01a0a57f-e612-73a0-a4c0-523ced5dc57c,d,D,QB6,5,4,UVH7d,23,0.07,1350000.0,1.35,524,1024,0.51171875
01a0a57f-e612-73a0-a4c0-523ced5dc57c,d,D,QB6,5,4,UVH7d,24,0.07,1800000.0,1.8,527,1024,0.5146484375
01a0a57f-e612-73a0-a4c0-523ced5dc57c,d,D,QB6,5,4,UVH7d,25,0.07,2250000.0,2.25,511,1024,0.4990234375
01a0a57f-e612-73a0-a4c0-523ced5dc57c,d,D,QB6,5,4,UVH7d,26,0.07,2700000.0,2.7,552,1024,0.5390625
01a0a57f-e612-73a0-a4c0-523ced5dc57c,d,D,QB6,5,4,UVH7d,27,0.07,3150000.0,3.15,543,1024,0.5302734375
01a0a57f-e612-73a0-a4c0-523ced5dc57c,d,D,QB6,5,4,UVH7d,28,0.07,3600000.0,3.6,498,1024,0.486328125
01a0a57f-e612-73a0-a4c0-523ced5dc57c,d,D,QB6,5,4,UVH7d,29,0.07,4050000.0,4.05,506,1024,0.494140625
01a0a57f-e612-73a0-a4c0-523ced5dc57c,d,D,QB6,5,4,UVH7d,30,0.07,4500000.0,4.5,466,1024,0.455078125
01a0a57f-e612-73a0-a4c0-523ced5dc57c,d,D,QB6,5,4,UVH7d,31,0.07,4950000.0,4.95,477,1024,0.4658203125
01a0a57f-e612-73a0-a4c0-523ced5dc57c,d,D,QB6,5,4,UVH7d,32,0.07,5400000.0,5.4,470,1024,0.458984375
01a0a57f-e612-73a0-a4c0-523ced5dc57c,d,D,QB6,5,4,UVH7d,33,0.07,5850000.0,5.85,457,1024,0.4462890625
01a0a57f-e612-73a0-a4c0-523ced5dc57c,d,D,QB6,5,4,UVH7d,34,0.07,6300000.0,6.3,425,1024,0.4150390625
01a0a57f-e612-73a0-a4c0-523ced5dc57c,d,D,QB6,5,4,UVH7d,35,0.07,6750000.0,6.75,462,1024,0.451171875
01a0a57f-e612-73a0-a4c0-523ced5dc57c,d,D,QB6,5,4,UVH7d,36,0.07,7200000.0,7.2,416,1024,0.40625
01a0a57f-e612-73a0-a4c0-523ced5dc57c,d,D,QB6,5,4,UVH7d,37,0.07,7650000.0,7.65,385,1024,0.3759765625
01a0a57f-e612-73a0-a4c0-523ced5dc57c,d,D,QB6,5,4,UVH7d,38,0.07,8100000.0,8.1,375,1024,0.3662109375
01a0a57f-e612-73a0-a4c0-523ced5dc57c,d,D,QB6,5,4,UVH7d,39,0.07,8550000.0,8.55,367,1024,0.3583984375
01a0a57f-e612-73a0-a4c0-523ced5dc57c,d,D,QB6,5,4,UVH7d,40,0.07,9000000.0,9.0,365,1024,0.3564453125
01a0a57f-e612-73a0-a4c0-523ced5dc57c,d,D,QB6,5,5,UVH8d,0,0.07,-9000000.0,-9.0,486,1024,0.474609375
01a0a57f-e612-73a0-a4c0-523ced5dc57c,d,D,QB6,5,5,UVH8d,1,0.07,-8550000.0,-8.55,518,1024,0.505859375
01a0a57f-e612-73a0-a4c0-523ced5dc57c,d,D,QB6,5,5,UVH8d,2,0.07,-8100000.0,-8.1,500,1024,0.48828125
01a0a57f-e612-73a0-a4c0-523ced5dc57c,d,D,QB6,5,5,UVH8d,3,0.07,-7650000.0,-7.65,512,1024,0.5
01a0a57f-e612-73a0-a4c0-523ced5dc57c,d,D,QB6,5,5,UVH8d,4,0.07,-7200000.0,-7.2,514,1024,0.501953125
01a0a57f-e612-73a0-a4c0-523ced5dc57c,d,D,QB6,5,5,UVH8d,5,0.07,-6750000.0,-6.75,536,1024,0.5234375
01a0a57f-e612-73a0-a4c0-523ced5dc57c,d,D,QB6,5,5,UVH8d,6,0.07,-6300000.0,-6.3,548,1024,0.53515625
01a0a57f-e612-73a0-a4c0-523ced5dc57c,d,D,QB6,5,5,UVH8d,7,0.07,-5850000.0,-5.85,505,1024,0.4931640625
01a0a57f-e612-73a0-a4c0-523ced5dc57c,d,D,QB6,5,5,UVH8d,8,0.07,-5400000.0,-5.4,518,1024,0.505859375
01a0a57f-e612-73a0-a4c0-523ced5dc57c,d,D,QB6,5,5,UVH8d,9,0.07,-4950000.0,-4.95,492,1024,0.48046875
01a0a57f-e612-73a0-a4c0-523ced5dc57c,d,D,QB6,5,5,UVH8d,10,0.07,-4500000.0,-4.5,484,1024,0.47265625
01a0a57f-e612-73a0-a4c0-523ced5dc57c,d,D,QB6,5,5,UVH8d,11,0.07,-4050000.0,-4.05,500,1024,0.48828125
01a0a57f-e612-73a0-a4c0-523ced5dc57c,d,D,QB6,5,5,UVH8d,12,0.07,-3600000.0,-3.6,501,1024,0.4892578125
01a0a57f-e612-73a0-a4c0-523ced5dc57c,d,D,QB6,5,5,UVH8d,13,0.07,-3150000.0,-3.15,492,1024,0.48046875
01a0a57f-e612-73a0-a4c0-523ced5dc57c,d,D,QB6,5,5,UVH8d,14,0.07,-2700000.0,-2.7,478,1024,0.466796875
01a0a57f-e612-73a0-a4c0-523ced5dc57c,d,D,QB6,5,5,UVH8d,15,0.07,-2250000.0,-2.25,503,1024,0.4912109375
01a0a57f-e612-73a0-a4c0-523ced5dc57c,d,D,QB6,5,5,UVH8d,16,0.07,-1800000.0,-1.8,489,1024,0.4775390625
01a0a57f-e612-73a0-a4c0-523ced5dc57c,d,D,QB6,5,5,UVH8d,17,0.07,-1350000.0,-1.35,471,1024,0.4599609375
01a0a57f-e612-73a0-a4c0-523ced5dc57c,d,D,QB6,5,5,UVH8d,18,0.07,-900000.0,-0.9,465,1024,0.4541015625
01a0a57f-e612-73a0-a4c0-523ced5dc57c,d,D,QB6,5,5,UVH8d,19,0.07,-450000.0,-0.45,448,1024,0.4375
01a0a57f-e612-73a0-a4c0-523ced5dc57c,d,D,QB6,5,5,UVH8d,20,0.07,0.0,0.0,459,1024,0.4482421875
01a0a57f-e612-73a0-a4c0-523ced5dc57c,d,D,QB6,5,5,UVH8d,21,0.07,450000.0,0.45,481,1024,0.4697265625
01a0a57f-e612-73a0-a4c0-523ced5dc57c,d,D,QB6,5,5,UVH8d,22,0.07,900000.0,0.9,485,1024,0.4736328125
01a0a57f-e612-73a0-a4c0-523ced5dc57c,d,D,QB6,5,5,UVH8d,23,0.07,1350000.0,1.35,503,1024,0.4912109375
01a0a57f-e612-73a0-a4c0-523ced5dc57c,d,D,QB6,5,5,UVH8d,24,0.07,1800000.0,1.8,509,1024,0.4970703125
01a0a57f-e612-73a0-a4c0-523ced5dc57c,d,D,QB6,5,5,UVH8d,25,0.07,2250000.0,2.25,462,1024,0.451171875
01a0a57f-e612-73a0-a4c0-523ced5dc57c,d,D,QB6,5,5,UVH8d,26,0.07,2700000.0,2.7,494,1024,0.482421875
01a0a57f-e612-73a0-a4c0-523ced5dc57c,d,D,QB6,5,5,UVH8d,27,0.07,3150000.0,3.15,515,1024,0.5029296875
01a0a57f-e612-73a0-a4c0-523ced5dc57c,d,D,QB6,5,5,UVH8d,28,0.07,3600000.0,3.6,504,1024,0.4921875
01a0a57f-e612-73a0-a4c0-523ced5dc57c,d,D,QB6,5,5,UVH8d,29,0.07,4050000.0,4.05,534,1024,0.521484375
01a0a57f-e612-73a0-a4c0-523ced5dc57c,d,D,QB6,5,5,UVH8d,30,0.07,4500000.0,4.5,544,1024,0.53125
01a0a57f-e612-73a0-a4c0-523ced5dc57c,d,D,QB6,5,5,UVH8d,31,0.07,4950000.0,4.95,534,1024,0.521484375
01a0a57f-e612-73a0-a4c0-523ced5dc57c,d,D,QB6,5,5,UVH8d,32,0.07,5400000.0,5.4,528,1024,0.515625
01a0a57f-e612-73a0-a4c0-523ced5dc57c,d,D,QB6,5,5,UVH8d,33,0.07,5850000.0,5.85,532,1024,0.51953125
01a0a57f-e612-73a0-a4c0-523ced5dc57c,d,D,QB6,5,5,UVH8d,34,0.07,6300000.0,6.3,550,1024,0.537109375
01a0a57f-e612-73a0-a4c0-523ced5dc57c,d,D,QB6,5,5,UVH8d,35,0.07,6750000.0,6.75,526,1024,0.513671875
01a0a57f-e612-73a0-a4c0-523ced5dc57c,d,D,QB6,5,5,UVH8d,36,0.07,7200000.0,7.2,500,1024,0.48828125
01a0a57f-e612-73a0-a4c0-523ced5dc57c,d,D,QB6,5,5,UVH8d,37,0.07,7650000.0,7.65,525,1024,0.5126953125
01a0a57f-e612-73a0-a4c0-523ced5dc57c,d,D,QB6,5,5,UVH8d,38,0.07,8100000.0,8.1,535,1024,0.5224609375
01a0a57f-e612-73a0-a4c0-523ced5dc57c,d,D,QB6,5,5,UVH8d,39,0.07,8550000.0,8.55,501,1024,0.4892578125
01a0a57f-e612-73a0-a4c0-523ced5dc57c,d,D,QB6,5,5,UVH8d,40,0.07,9000000.0,9.0,481,1024,0.4697265625
01a0a57f-e612-73a0-a4c0-523ced5dc57c,d,D,QB20,6,0,standard_pi_2,0,0.07,-9000000.0,-9.0,580,1024,0.56640625
01a0a57f-e612-73a0-a4c0-523ced5dc57c,d,D,QB20,6,0,standard_pi_2,1,0.07,-8550000.0,-8.55,610,1024,0.595703125
01a0a57f-e612-73a0-a4c0-523ced5dc57c,d,D,QB20,6,0,standard_pi_2,2,0.07,-8100000.0,-8.1,559,1024,0.5458984375
01a0a57f-e612-73a0-a4c0-523ced5dc57c,d,D,QB20,6,0,standard_pi_2,3,0.07,-7650000.0,-7.65,587,1024,0.5732421875
01a0a57f-e612-73a0-a4c0-523ced5dc57c,d,D,QB20,6,0,standard_pi_2,4,0.07,-7200000.0,-7.2,581,1024,0.5673828125
01a0a57f-e612-73a0-a4c0-523ced5dc57c,d,D,QB20,6,0,standard_pi_2,5,0.07,-6750000.0,-6.75,593,1024,0.5791015625
01a0a57f-e612-73a0-a4c0-523ced5dc57c,d,D,QB20,6,0,standard_pi_2,6,0.07,-6300000.0,-6.3,579,1024,0.5654296875
01a0a57f-e612-73a0-a4c0-523ced5dc57c,d,D,QB20,6,0,standard_pi_2,7,0.07,-5850000.0,-5.85,576,1024,0.5625
01a0a57f-e612-73a0-a4c0-523ced5dc57c,d,D,QB20,6,0,standard_pi_2,8,0.07,-5400000.0,-5.4,553,1024,0.5400390625
01a0a57f-e612-73a0-a4c0-523ced5dc57c,d,D,QB20,6,0,standard_pi_2,9,0.07,-4950000.0,-4.95,589,1024,0.5751953125
01a0a57f-e612-73a0-a4c0-523ced5dc57c,d,D,QB20,6,0,standard_pi_2,10,0.07,-4500000.0,-4.5,566,1024,0.552734375
01a0a57f-e612-73a0-a4c0-523ced5dc57c,d,D,QB20,6,0,standard_pi_2,11,0.07,-4050000.0,-4.05,574,1024,0.560546875
01a0a57f-e612-73a0-a4c0-523ced5dc57c,d,D,QB20,6,0,standard_pi_2,12,0.07,-3600000.0,-3.6,566,1024,0.552734375
01a0a57f-e612-73a0-a4c0-523ced5dc57c,d,D,QB20,6,0,standard_pi_2,13,0.07,-3150000.0,-3.15,597,1024,0.5830078125
01a0a57f-e612-73a0-a4c0-523ced5dc57c,d,D,QB20,6,0,standard_pi_2,14,0.07,-2700000.0,-2.7,536,1024,0.5234375
01a0a57f-e612-73a0-a4c0-523ced5dc57c,d,D,QB20,6,0,standard_pi_2,15,0.07,-2250000.0,-2.25,576,1024,0.5625
01a0a57f-e612-73a0-a4c0-523ced5dc57c,d,D,QB20,6,0,standard_pi_2,16,0.07,-1800000.0,-1.8,556,1024,0.54296875
01a0a57f-e612-73a0-a4c0-523ced5dc57c,d,D,QB20,6,0,standard_pi_2,17,0.07,-1350000.0,-1.35,541,1024,0.5283203125
01a0a57f-e612-73a0-a4c0-523ced5dc57c,d,D,QB20,6,0,standard_pi_2,18,0.07,-900000.0,-0.9,540,1024,0.52734375
01a0a57f-e612-73a0-a4c0-523ced5dc57c,d,D,QB20,6,0,standard_pi_2,19,0.07,-450000.0,-0.45,540,1024,0.52734375
01a0a57f-e612-73a0-a4c0-523ced5dc57c,d,D,QB20,6,0,standard_pi_2,20,0.07,0.0,0.0,543,1024,0.5302734375
01a0a57f-e612-73a0-a4c0-523ced5dc57c,d,D,QB20,6,0,standard_pi_2,21,0.07,450000.0,0.45,575,1024,0.5615234375
01a0a57f-e612-73a0-a4c0-523ced5dc57c,d,D,QB20,6,0,standard_pi_2,22,0.07,900000.0,0.9,534,1024,0.521484375
01a0a57f-e612-73a0-a4c0-523ced5dc57c,d,D,QB20,6,0,standard_pi_2,23,0.07,1350000.0,1.35,552,1024,0.5390625
01a0a57f-e612-73a0-a4c0-523ced5dc57c,d,D,QB20,6,0,standard_pi_2,24,0.07,1800000.0,1.8,536,1024,0.5234375
01a0a57f-e612-73a0-a4c0-523ced5dc57c,d,D,QB20,6,0,standard_pi_2,25,0.07,2250000.0,2.25,543,1024,0.5302734375
01a0a57f-e612-73a0-a4c0-523ced5dc57c,d,D,QB20,6,0,standard_pi_2,26,0.07,2700000.0,2.7,554,1024,0.541015625
01a0a57f-e612-73a0-a4c0-523ced5dc57c,d,D,QB20,6,0,standard_pi_2,27,0.07,3150000.0,3.15,560,1024,0.546875
01a0a57f-e612-73a0-a4c0-523ced5dc57c,d,D,QB20,6,0,standard_pi_2,28,0.07,3600000.0,3.6,547,1024,0.5341796875
01a0a57f-e612-73a0-a4c0-523ced5dc57c,d,D,QB20,6,0,standard_pi_2,29,0.07,4050000.0,4.05,531,1024,0.5185546875
01a0a57f-e612-73a0-a4c0-523ced5dc57c,d,D,QB20,6,0,standard_pi_2,30,0.07,4500000.0,4.5,550,1024,0.537109375
01a0a57f-e612-73a0-a4c0-523ced5dc57c,d,D,QB20,6,0,standard_pi_2,31,0.07,4950000.0,4.95,524,1024,0.51171875
01a0a57f-e612-73a0-a4c0-523ced5dc57c,d,D,QB20,6,0,standard_pi_2,32,0.07,5400000.0,5.4,515,1024,0.5029296875
01a0a57f-e612-73a0-a4c0-523ced5dc57c,d,D,QB20,6,0,standard_pi_2,33,0.07,5850000.0,5.85,519,1024,0.5068359375
01a0a57f-e612-73a0-a4c0-523ced5dc57c,d,D,QB20,6,0,standard_pi_2,34,0.07,6300000.0,6.3,505,1024,0.4931640625
01a0a57f-e612-73a0-a4c0-523ced5dc57c,d,D,QB20,6,0,standard_pi_2,35,0.07,6750000.0,6.75,527,1024,0.5146484375
01a0a57f-e612-73a0-a4c0-523ced5dc57c,d,D,QB20,6,0,standard_pi_2,36,0.07,7200000.0,7.2,514,1024,0.501953125
01a0a57f-e612-73a0-a4c0-523ced5dc57c,d,D,QB20,6,0,standard_pi_2,37,0.07,7650000.0,7.65,491,1024,0.4794921875
01a0a57f-e612-73a0-a4c0-523ced5dc57c,d,D,QB20,6,0,standard_pi_2,38,0.07,8100000.0,8.1,477,1024,0.4658203125
01a0a57f-e612-73a0-a4c0-523ced5dc57c,d,D,QB20,6,0,standard_pi_2,39,0.07,8550000.0,8.55,468,1024,0.45703125
01a0a57f-e612-73a0-a4c0-523ced5dc57c,d,D,QB20,6,0,standard_pi_2,40,0.07,9000000.0,9.0,501,1024,0.4892578125
01a0a57f-e612-73a0-a4c0-523ced5dc57c,d,D,QB20,6,1,UVH4d,0,0.07,-9000000.0,-9.0,393,1024,0.3837890625
01a0a57f-e612-73a0-a4c0-523ced5dc57c,d,D,QB20,6,1,UVH4d,1,0.07,-8550000.0,-8.55,358,1024,0.349609375
01a0a57f-e612-73a0-a4c0-523ced5dc57c,d,D,QB20,6,1,UVH4d,2,0.07,-8100000.0,-8.1,416,1024,0.40625
01a0a57f-e612-73a0-a4c0-523ced5dc57c,d,D,QB20,6,1,UVH4d,3,0.07,-7650000.0,-7.65,454,1024,0.443359375
01a0a57f-e612-73a0-a4c0-523ced5dc57c,d,D,QB20,6,1,UVH4d,4,0.07,-7200000.0,-7.2,445,1024,0.4345703125
01a0a57f-e612-73a0-a4c0-523ced5dc57c,d,D,QB20,6,1,UVH4d,5,0.07,-6750000.0,-6.75,435,1024,0.4248046875
01a0a57f-e612-73a0-a4c0-523ced5dc57c,d,D,QB20,6,1,UVH4d,6,0.07,-6300000.0,-6.3,474,1024,0.462890625
01a0a57f-e612-73a0-a4c0-523ced5dc57c,d,D,QB20,6,1,UVH4d,7,0.07,-5850000.0,-5.85,453,1024,0.4423828125
01a0a57f-e612-73a0-a4c0-523ced5dc57c,d,D,QB20,6,1,UVH4d,8,0.07,-5400000.0,-5.4,461,1024,0.4501953125
01a0a57f-e612-73a0-a4c0-523ced5dc57c,d,D,QB20,6,1,UVH4d,9,0.07,-4950000.0,-4.95,484,1024,0.47265625
01a0a57f-e612-73a0-a4c0-523ced5dc57c,d,D,QB20,6,1,UVH4d,10,0.07,-4500000.0,-4.5,496,1024,0.484375
01a0a57f-e612-73a0-a4c0-523ced5dc57c,d,D,QB20,6,1,UVH4d,11,0.07,-4050000.0,-4.05,488,1024,0.4765625
01a0a57f-e612-73a0-a4c0-523ced5dc57c,d,D,QB20,6,1,UVH4d,12,0.07,-3600000.0,-3.6,494,1024,0.482421875
01a0a57f-e612-73a0-a4c0-523ced5dc57c,d,D,QB20,6,1,UVH4d,13,0.07,-3150000.0,-3.15,488,1024,0.4765625
01a0a57f-e612-73a0-a4c0-523ced5dc57c,d,D,QB20,6,1,UVH4d,14,0.07,-2700000.0,-2.7,481,1024,0.4697265625
01a0a57f-e612-73a0-a4c0-523ced5dc57c,d,D,QB20,6,1,UVH4d,15,0.07,-2250000.0,-2.25,521,1024,0.5087890625
01a0a57f-e612-73a0-a4c0-523ced5dc57c,d,D,QB20,6,1,UVH4d,16,0.07,-1800000.0,-1.8,503,1024,0.4912109375
01a0a57f-e612-73a0-a4c0-523ced5dc57c,d,D,QB20,6,1,UVH4d,17,0.07,-1350000.0,-1.35,540,1024,0.52734375
01a0a57f-e612-73a0-a4c0-523ced5dc57c,d,D,QB20,6,1,UVH4d,18,0.07,-900000.0,-0.9,505,1024,0.4931640625
01a0a57f-e612-73a0-a4c0-523ced5dc57c,d,D,QB20,6,1,UVH4d,19,0.07,-450000.0,-0.45,511,1024,0.4990234375
01a0a57f-e612-73a0-a4c0-523ced5dc57c,d,D,QB20,6,1,UVH4d,20,0.07,0.0,0.0,525,1024,0.5126953125
01a0a57f-e612-73a0-a4c0-523ced5dc57c,d,D,QB20,6,1,UVH4d,21,0.07,450000.0,0.45,501,1024,0.4892578125
01a0a57f-e612-73a0-a4c0-523ced5dc57c,d,D,QB20,6,1,UVH4d,22,0.07,900000.0,0.9,518,1024,0.505859375
01a0a57f-e612-73a0-a4c0-523ced5dc57c,d,D,QB20,6,1,UVH4d,23,0.07,1350000.0,1.35,521,1024,0.5087890625
01a0a57f-e612-73a0-a4c0-523ced5dc57c,d,D,QB20,6,1,UVH4d,24,0.07,1800000.0,1.8,519,1024,0.5068359375
01a0a57f-e612-73a0-a4c0-523ced5dc57c,d,D,QB20,6,1,UVH4d,25,0.07,2250000.0,2.25,520,1024,0.5078125
01a0a57f-e612-73a0-a4c0-523ced5dc57c,d,D,QB20,6,1,UVH4d,26,0.07,2700000.0,2.7,523,1024,0.5107421875
01a0a57f-e612-73a0-a4c0-523ced5dc57c,d,D,QB20,6,1,UVH4d,27,0.07,3150000.0,3.15,537,1024,0.5244140625
01a0a57f-e612-73a0-a4c0-523ced5dc57c,d,D,QB20,6,1,UVH4d,28,0.07,3600000.0,3.6,518,1024,0.505859375
01a0a57f-e612-73a0-a4c0-523ced5dc57c,d,D,QB20,6,1,UVH4d,29,0.07,4050000.0,4.05,539,1024,0.5263671875
01a0a57f-e612-73a0-a4c0-523ced5dc57c,d,D,QB20,6,1,UVH4d,30,0.07,4500000.0,4.5,539,1024,0.5263671875
01a0a57f-e612-73a0-a4c0-523ced5dc57c,d,D,QB20,6,1,UVH4d,31,0.07,4950000.0,4.95,554,1024,0.541015625
01a0a57f-e612-73a0-a4c0-523ced5dc57c,d,D,QB20,6,1,UVH4d,32,0.07,5400000.0,5.4,575,1024,0.5615234375
01a0a57f-e612-73a0-a4c0-523ced5dc57c,d,D,QB20,6,1,UVH4d,33,0.07,5850000.0,5.85,571,1024,0.5576171875
01a0a57f-e612-73a0-a4c0-523ced5dc57c,d,D,QB20,6,1,UVH4d,34,0.07,6300000.0,6.3,574,1024,0.560546875
01a0a57f-e612-73a0-a4c0-523ced5dc57c,d,D,QB20,6,1,UVH4d,35,0.07,6750000.0,6.75,571,1024,0.5576171875
01a0a57f-e612-73a0-a4c0-523ced5dc57c,d,D,QB20,6,1,UVH4d,36,0.07,7200000.0,7.2,585,1024,0.5712890625
01a0a57f-e612-73a0-a4c0-523ced5dc57c,d,D,QB20,6,1,UVH4d,37,0.07,7650000.0,7.65,571,1024,0.5576171875
01a0a57f-e612-73a0-a4c0-523ced5dc57c,d,D,QB20,6,1,UVH4d,38,0.07,8100000.0,8.1,598,1024,0.583984375
01a0a57f-e612-73a0-a4c0-523ced5dc57c,d,D,QB20,6,1,UVH4d,39,0.07,8550000.0,8.55,626,1024,0.611328125
01a0a57f-e612-73a0-a4c0-523ced5dc57c,d,D,QB20,6,1,UVH4d,40,0.07,9000000.0,9.0,608,1024,0.59375
01a0a57f-e612-73a0-a4c0-523ced5dc57c,d,D,QB20,6,2,UVH5d,0,0.07,-9000000.0,-9.0,115,1024,0.1123046875
01a0a57f-e612-73a0-a4c0-523ced5dc57c,d,D,QB20,6,2,UVH5d,1,0.07,-8550000.0,-8.55,140,1024,0.13671875
01a0a57f-e612-73a0-a4c0-523ced5dc57c,d,D,QB20,6,2,UVH5d,2,0.07,-8100000.0,-8.1,163,1024,0.1591796875
01a0a57f-e612-73a0-a4c0-523ced5dc57c,d,D,QB20,6,2,UVH5d,3,0.07,-7650000.0,-7.65,176,1024,0.171875
01a0a57f-e612-73a0-a4c0-523ced5dc57c,d,D,QB20,6,2,UVH5d,4,0.07,-7200000.0,-7.2,209,1024,0.2041015625
01a0a57f-e612-73a0-a4c0-523ced5dc57c,d,D,QB20,6,2,UVH5d,5,0.07,-6750000.0,-6.75,234,1024,0.228515625
01a0a57f-e612-73a0-a4c0-523ced5dc57c,d,D,QB20,6,2,UVH5d,6,0.07,-6300000.0,-6.3,288,1024,0.28125
01a0a57f-e612-73a0-a4c0-523ced5dc57c,d,D,QB20,6,2,UVH5d,7,0.07,-5850000.0,-5.85,303,1024,0.2958984375
01a0a57f-e612-73a0-a4c0-523ced5dc57c,d,D,QB20,6,2,UVH5d,8,0.07,-5400000.0,-5.4,361,1024,0.3525390625
01a0a57f-e612-73a0-a4c0-523ced5dc57c,d,D,QB20,6,2,UVH5d,9,0.07,-4950000.0,-4.95,349,1024,0.3408203125
01a0a57f-e612-73a0-a4c0-523ced5dc57c,d,D,QB20,6,2,UVH5d,10,0.07,-4500000.0,-4.5,391,1024,0.3818359375
01a0a57f-e612-73a0-a4c0-523ced5dc57c,d,D,QB20,6,2,UVH5d,11,0.07,-4050000.0,-4.05,398,1024,0.388671875
01a0a57f-e612-73a0-a4c0-523ced5dc57c,d,D,QB20,6,2,UVH5d,12,0.07,-3600000.0,-3.6,419,1024,0.4091796875
01a0a57f-e612-73a0-a4c0-523ced5dc57c,d,D,QB20,6,2,UVH5d,13,0.07,-3150000.0,-3.15,451,1024,0.4404296875
01a0a57f-e612-73a0-a4c0-523ced5dc57c,d,D,QB20,6,2,UVH5d,14,0.07,-2700000.0,-2.7,452,1024,0.44140625
01a0a57f-e612-73a0-a4c0-523ced5dc57c,d,D,QB20,6,2,UVH5d,15,0.07,-2250000.0,-2.25,455,1024,0.4443359375
01a0a57f-e612-73a0-a4c0-523ced5dc57c,d,D,QB20,6,2,UVH5d,16,0.07,-1800000.0,-1.8,497,1024,0.4853515625
01a0a57f-e612-73a0-a4c0-523ced5dc57c,d,D,QB20,6,2,UVH5d,17,0.07,-1350000.0,-1.35,495,1024,0.4833984375
01a0a57f-e612-73a0-a4c0-523ced5dc57c,d,D,QB20,6,2,UVH5d,18,0.07,-900000.0,-0.9,466,1024,0.455078125
01a0a57f-e612-73a0-a4c0-523ced5dc57c,d,D,QB20,6,2,UVH5d,19,0.07,-450000.0,-0.45,470,1024,0.458984375
01a0a57f-e612-73a0-a4c0-523ced5dc57c,d,D,QB20,6,2,UVH5d,20,0.07,0.0,0.0,496,1024,0.484375
01a0a57f-e612-73a0-a4c0-523ced5dc57c,d,D,QB20,6,2,UVH5d,21,0.07,450000.0,0.45,486,1024,0.474609375
01a0a57f-e612-73a0-a4c0-523ced5dc57c,d,D,QB20,6,2,UVH5d,22,0.07,900000.0,0.9,477,1024,0.4658203125
01a0a57f-e612-73a0-a4c0-523ced5dc57c,d,D,QB20,6,2,UVH5d,23,0.07,1350000.0,1.35,465,1024,0.4541015625
01a0a57f-e612-73a0-a4c0-523ced5dc57c,d,D,QB20,6,2,UVH5d,24,0.07,1800000.0,1.8,455,1024,0.4443359375
01a0a57f-e612-73a0-a4c0-523ced5dc57c,d,D,QB20,6,2,UVH5d,25,0.07,2250000.0,2.25,461,1024,0.4501953125
01a0a57f-e612-73a0-a4c0-523ced5dc57c,d,D,QB20,6,2,UVH5d,26,0.07,2700000.0,2.7,426,1024,0.416015625
01a0a57f-e612-73a0-a4c0-523ced5dc57c,d,D,QB20,6,2,UVH5d,27,0.07,3150000.0,3.15,426,1024,0.416015625
01a0a57f-e612-73a0-a4c0-523ced5dc57c,d,D,QB20,6,2,UVH5d,28,0.07,3600000.0,3.6,460,1024,0.44921875
01a0a57f-e612-73a0-a4c0-523ced5dc57c,d,D,QB20,6,2,UVH5d,29,0.07,4050000.0,4.05,426,1024,0.416015625
01a0a57f-e612-73a0-a4c0-523ced5dc57c,d,D,QB20,6,2,UVH5d,30,0.07,4500000.0,4.5,431,1024,0.4208984375
01a0a57f-e612-73a0-a4c0-523ced5dc57c,d,D,QB20,6,2,UVH5d,31,0.07,4950000.0,4.95,442,1024,0.431640625
01a0a57f-e612-73a0-a4c0-523ced5dc57c,d,D,QB20,6,2,UVH5d,32,0.07,5400000.0,5.4,479,1024,0.4677734375
01a0a57f-e612-73a0-a4c0-523ced5dc57c,d,D,QB20,6,2,UVH5d,33,0.07,5850000.0,5.85,466,1024,0.455078125
01a0a57f-e612-73a0-a4c0-523ced5dc57c,d,D,QB20,6,2,UVH5d,34,0.07,6300000.0,6.3,452,1024,0.44140625
01a0a57f-e612-73a0-a4c0-523ced5dc57c,d,D,QB20,6,2,UVH5d,35,0.07,6750000.0,6.75,457,1024,0.4462890625
01a0a57f-e612-73a0-a4c0-523ced5dc57c,d,D,QB20,6,2,UVH5d,36,0.07,7200000.0,7.2,475,1024,0.4638671875
01a0a57f-e612-73a0-a4c0-523ced5dc57c,d,D,QB20,6,2,UVH5d,37,0.07,7650000.0,7.65,450,1024,0.439453125
01a0a57f-e612-73a0-a4c0-523ced5dc57c,d,D,QB20,6,2,UVH5d,38,0.07,8100000.0,8.1,423,1024,0.4130859375
01a0a57f-e612-73a0-a4c0-523ced5dc57c,d,D,QB20,6,2,UVH5d,39,0.07,8550000.0,8.55,500,1024,0.48828125
01a0a57f-e612-73a0-a4c0-523ced5dc57c,d,D,QB20,6,2,UVH5d,40,0.07,9000000.0,9.0,472,1024,0.4609375
01a0a57f-e612-73a0-a4c0-523ced5dc57c,d,D,QB20,6,3,UVH6d,0,0.07,-9000000.0,-9.0,579,1024,0.5654296875
01a0a57f-e612-73a0-a4c0-523ced5dc57c,d,D,QB20,6,3,UVH6d,1,0.07,-8550000.0,-8.55,600,1024,0.5859375
01a0a57f-e612-73a0-a4c0-523ced5dc57c,d,D,QB20,6,3,UVH6d,2,0.07,-8100000.0,-8.1,605,1024,0.5908203125
01a0a57f-e612-73a0-a4c0-523ced5dc57c,d,D,QB20,6,3,UVH6d,3,0.07,-7650000.0,-7.65,561,1024,0.5478515625
01a0a57f-e612-73a0-a4c0-523ced5dc57c,d,D,QB20,6,3,UVH6d,4,0.07,-7200000.0,-7.2,571,1024,0.5576171875
01a0a57f-e612-73a0-a4c0-523ced5dc57c,d,D,QB20,6,3,UVH6d,5,0.07,-6750000.0,-6.75,554,1024,0.541015625
01a0a57f-e612-73a0-a4c0-523ced5dc57c,d,D,QB20,6,3,UVH6d,6,0.07,-6300000.0,-6.3,549,1024,0.5361328125
01a0a57f-e612-73a0-a4c0-523ced5dc57c,d,D,QB20,6,3,UVH6d,7,0.07,-5850000.0,-5.85,543,1024,0.5302734375
01a0a57f-e612-73a0-a4c0-523ced5dc57c,d,D,QB20,6,3,UVH6d,8,0.07,-5400000.0,-5.4,554,1024,0.541015625
01a0a57f-e612-73a0-a4c0-523ced5dc57c,d,D,QB20,6,3,UVH6d,9,0.07,-4950000.0,-4.95,535,1024,0.5224609375
01a0a57f-e612-73a0-a4c0-523ced5dc57c,d,D,QB20,6,3,UVH6d,10,0.07,-4500000.0,-4.5,536,1024,0.5234375
01a0a57f-e612-73a0-a4c0-523ced5dc57c,d,D,QB20,6,3,UVH6d,11,0.07,-4050000.0,-4.05,527,1024,0.5146484375
01a0a57f-e612-73a0-a4c0-523ced5dc57c,d,D,QB20,6,3,UVH6d,12,0.07,-3600000.0,-3.6,546,1024,0.533203125
01a0a57f-e612-73a0-a4c0-523ced5dc57c,d,D,QB20,6,3,UVH6d,13,0.07,-3150000.0,-3.15,509,1024,0.4970703125
01a0a57f-e612-73a0-a4c0-523ced5dc57c,d,D,QB20,6,3,UVH6d,14,0.07,-2700000.0,-2.7,538,1024,0.525390625
01a0a57f-e612-73a0-a4c0-523ced5dc57c,d,D,QB20,6,3,UVH6d,15,0.07,-2250000.0,-2.25,545,1024,0.5322265625
01a0a57f-e612-73a0-a4c0-523ced5dc57c,d,D,QB20,6,3,UVH6d,16,0.07,-1800000.0,-1.8,521,1024,0.5087890625
01a0a57f-e612-73a0-a4c0-523ced5dc57c,d,D,QB20,6,3,UVH6d,17,0.07,-1350000.0,-1.35,553,1024,0.5400390625
01a0a57f-e612-73a0-a4c0-523ced5dc57c,d,D,QB20,6,3,UVH6d,18,0.07,-900000.0,-0.9,572,1024,0.55859375
01a0a57f-e612-73a0-a4c0-523ced5dc57c,d,D,QB20,6,3,UVH6d,19,0.07,-450000.0,-0.45,555,1024,0.5419921875
01a0a57f-e612-73a0-a4c0-523ced5dc57c,d,D,QB20,6,3,UVH6d,20,0.07,0.0,0.0,552,1024,0.5390625
01a0a57f-e612-73a0-a4c0-523ced5dc57c,d,D,QB20,6,3,UVH6d,21,0.07,450000.0,0.45,542,1024,0.529296875
01a0a57f-e612-73a0-a4c0-523ced5dc57c,d,D,QB20,6,3,UVH6d,22,0.07,900000.0,0.9,533,1024,0.5205078125
01a0a57f-e612-73a0-a4c0-523ced5dc57c,d,D,QB20,6,3,UVH6d,23,0.07,1350000.0,1.35,537,1024,0.5244140625
01a0a57f-e612-73a0-a4c0-523ced5dc57c,d,D,QB20,6,3,UVH6d,24,0.07,1800000.0,1.8,556,1024,0.54296875
01a0a57f-e612-73a0-a4c0-523ced5dc57c,d,D,QB20,6,3,UVH6d,25,0.07,2250000.0,2.25,538,1024,0.525390625
01a0a57f-e612-73a0-a4c0-523ced5dc57c,d,D,QB20,6,3,UVH6d,26,0.07,2700000.0,2.7,565,1024,0.5517578125
01a0a57f-e612-73a0-a4c0-523ced5dc57c,d,D,QB20,6,3,UVH6d,27,0.07,3150000.0,3.15,579,1024,0.5654296875
01a0a57f-e612-73a0-a4c0-523ced5dc57c,d,D,QB20,6,3,UVH6d,28,0.07,3600000.0,3.6,546,1024,0.533203125
01a0a57f-e612-73a0-a4c0-523ced5dc57c,d,D,QB20,6,3,UVH6d,29,0.07,4050000.0,4.05,559,1024,0.5458984375
01a0a57f-e612-73a0-a4c0-523ced5dc57c,d,D,QB20,6,3,UVH6d,30,0.07,4500000.0,4.5,567,1024,0.5537109375
01a0a57f-e612-73a0-a4c0-523ced5dc57c,d,D,QB20,6,3,UVH6d,31,0.07,4950000.0,4.95,578,1024,0.564453125
01a0a57f-e612-73a0-a4c0-523ced5dc57c,d,D,QB20,6,3,UVH6d,32,0.07,5400000.0,5.4,574,1024,0.560546875
01a0a57f-e612-73a0-a4c0-523ced5dc57c,d,D,QB20,6,3,UVH6d,33,0.07,5850000.0,5.85,583,1024,0.5693359375
01a0a57f-e612-73a0-a4c0-523ced5dc57c,d,D,QB20,6,3,UVH6d,34,0.07,6300000.0,6.3,582,1024,0.568359375
01a0a57f-e612-73a0-a4c0-523ced5dc57c,d,D,QB20,6,3,UVH6d,35,0.07,6750000.0,6.75,590,1024,0.576171875
01a0a57f-e612-73a0-a4c0-523ced5dc57c,d,D,QB20,6,3,UVH6d,36,0.07,7200000.0,7.2,616,1024,0.6015625
01a0a57f-e612-73a0-a4c0-523ced5dc57c,d,D,QB20,6,3,UVH6d,37,0.07,7650000.0,7.65,630,1024,0.615234375
01a0a57f-e612-73a0-a4c0-523ced5dc57c,d,D,QB20,6,3,UVH6d,38,0.07,8100000.0,8.1,671,1024,0.6552734375
01a0a57f-e612-73a0-a4c0-523ced5dc57c,d,D,QB20,6,3,UVH6d,39,0.07,8550000.0,8.55,652,1024,0.63671875
01a0a57f-e612-73a0-a4c0-523ced5dc57c,d,D,QB20,6,3,UVH6d,40,0.07,9000000.0,9.0,662,1024,0.646484375
01a0a57f-e612-73a0-a4c0-523ced5dc57c,d,D,QB20,6,4,UVH7d,0,0.07,-9000000.0,-9.0,559,1024,0.5458984375
01a0a57f-e612-73a0-a4c0-523ced5dc57c,d,D,QB20,6,4,UVH7d,1,0.07,-8550000.0,-8.55,559,1024,0.5458984375
01a0a57f-e612-73a0-a4c0-523ced5dc57c,d,D,QB20,6,4,UVH7d,2,0.07,-8100000.0,-8.1,525,1024,0.5126953125
01a0a57f-e612-73a0-a4c0-523ced5dc57c,d,D,QB20,6,4,UVH7d,3,0.07,-7650000.0,-7.65,508,1024,0.49609375
01a0a57f-e612-73a0-a4c0-523ced5dc57c,d,D,QB20,6,4,UVH7d,4,0.07,-7200000.0,-7.2,524,1024,0.51171875
01a0a57f-e612-73a0-a4c0-523ced5dc57c,d,D,QB20,6,4,UVH7d,5,0.07,-6750000.0,-6.75,497,1024,0.4853515625
01a0a57f-e612-73a0-a4c0-523ced5dc57c,d,D,QB20,6,4,UVH7d,6,0.07,-6300000.0,-6.3,510,1024,0.498046875
01a0a57f-e612-73a0-a4c0-523ced5dc57c,d,D,QB20,6,4,UVH7d,7,0.07,-5850000.0,-5.85,461,1024,0.4501953125
01a0a57f-e612-73a0-a4c0-523ced5dc57c,d,D,QB20,6,4,UVH7d,8,0.07,-5400000.0,-5.4,477,1024,0.4658203125
01a0a57f-e612-73a0-a4c0-523ced5dc57c,d,D,QB20,6,4,UVH7d,9,0.07,-4950000.0,-4.95,500,1024,0.48828125
01a0a57f-e612-73a0-a4c0-523ced5dc57c,d,D,QB20,6,4,UVH7d,10,0.07,-4500000.0,-4.5,516,1024,0.50390625
01a0a57f-e612-73a0-a4c0-523ced5dc57c,d,D,QB20,6,4,UVH7d,11,0.07,-4050000.0,-4.05,493,1024,0.4814453125
01a0a57f-e612-73a0-a4c0-523ced5dc57c,d,D,QB20,6,4,UVH7d,12,0.07,-3600000.0,-3.6,483,1024,0.4716796875
01a0a57f-e612-73a0-a4c0-523ced5dc57c,d,D,QB20,6,4,UVH7d,13,0.07,-3150000.0,-3.15,512,1024,0.5
01a0a57f-e612-73a0-a4c0-523ced5dc57c,d,D,QB20,6,4,UVH7d,14,0.07,-2700000.0,-2.7,515,1024,0.5029296875
01a0a57f-e612-73a0-a4c0-523ced5dc57c,d,D,QB20,6,4,UVH7d,15,0.07,-2250000.0,-2.25,487,1024,0.4755859375
01a0a57f-e612-73a0-a4c0-523ced5dc57c,d,D,QB20,6,4,UVH7d,16,0.07,-1800000.0,-1.8,490,1024,0.478515625
01a0a57f-e612-73a0-a4c0-523ced5dc57c,d,D,QB20,6,4,UVH7d,17,0.07,-1350000.0,-1.35,489,1024,0.4775390625
01a0a57f-e612-73a0-a4c0-523ced5dc57c,d,D,QB20,6,4,UVH7d,18,0.07,-900000.0,-0.9,518,1024,0.505859375
01a0a57f-e612-73a0-a4c0-523ced5dc57c,d,D,QB20,6,4,UVH7d,19,0.07,-450000.0,-0.45,503,1024,0.4912109375
01a0a57f-e612-73a0-a4c0-523ced5dc57c,d,D,QB20,6,4,UVH7d,20,0.07,0.0,0.0,522,1024,0.509765625
01a0a57f-e612-73a0-a4c0-523ced5dc57c,d,D,QB20,6,4,UVH7d,21,0.07,450000.0,0.45,498,1024,0.486328125
01a0a57f-e612-73a0-a4c0-523ced5dc57c,d,D,QB20,6,4,UVH7d,22,0.07,900000.0,0.9,532,1024,0.51953125
01a0a57f-e612-73a0-a4c0-523ced5dc57c,d,D,QB20,6,4,UVH7d,23,0.07,1350000.0,1.35,530,1024,0.517578125
01a0a57f-e612-73a0-a4c0-523ced5dc57c,d,D,QB20,6,4,UVH7d,24,0.07,1800000.0,1.8,508,1024,0.49609375
01a0a57f-e612-73a0-a4c0-523ced5dc57c,d,D,QB20,6,4,UVH7d,25,0.07,2250000.0,2.25,506,1024,0.494140625
01a0a57f-e612-73a0-a4c0-523ced5dc57c,d,D,QB20,6,4,UVH7d,26,0.07,2700000.0,2.7,530,1024,0.517578125
01a0a57f-e612-73a0-a4c0-523ced5dc57c,d,D,QB20,6,4,UVH7d,27,0.07,3150000.0,3.15,503,1024,0.4912109375
01a0a57f-e612-73a0-a4c0-523ced5dc57c,d,D,QB20,6,4,UVH7d,28,0.07,3600000.0,3.6,501,1024,0.4892578125
01a0a57f-e612-73a0-a4c0-523ced5dc57c,d,D,QB20,6,4,UVH7d,29,0.07,4050000.0,4.05,487,1024,0.4755859375
01a0a57f-e612-73a0-a4c0-523ced5dc57c,d,D,QB20,6,4,UVH7d,30,0.07,4500000.0,4.5,467,1024,0.4560546875
01a0a57f-e612-73a0-a4c0-523ced5dc57c,d,D,QB20,6,4,UVH7d,31,0.07,4950000.0,4.95,492,1024,0.48046875
01a0a57f-e612-73a0-a4c0-523ced5dc57c,d,D,QB20,6,4,UVH7d,32,0.07,5400000.0,5.4,478,1024,0.466796875
01a0a57f-e612-73a0-a4c0-523ced5dc57c,d,D,QB20,6,4,UVH7d,33,0.07,5850000.0,5.85,464,1024,0.453125
01a0a57f-e612-73a0-a4c0-523ced5dc57c,d,D,QB20,6,4,UVH7d,34,0.07,6300000.0,6.3,428,1024,0.41796875
01a0a57f-e612-73a0-a4c0-523ced5dc57c,d,D,QB20,6,4,UVH7d,35,0.07,6750000.0,6.75,414,1024,0.404296875
01a0a57f-e612-73a0-a4c0-523ced5dc57c,d,D,QB20,6,4,UVH7d,36,0.07,7200000.0,7.2,414,1024,0.404296875
01a0a57f-e612-73a0-a4c0-523ced5dc57c,d,D,QB20,6,4,UVH7d,37,0.07,7650000.0,7.65,390,1024,0.380859375
01a0a57f-e612-73a0-a4c0-523ced5dc57c,d,D,QB20,6,4,UVH7d,38,0.07,8100000.0,8.1,397,1024,0.3876953125
01a0a57f-e612-73a0-a4c0-523ced5dc57c,d,D,QB20,6,4,UVH7d,39,0.07,8550000.0,8.55,386,1024,0.376953125
01a0a57f-e612-73a0-a4c0-523ced5dc57c,d,D,QB20,6,4,UVH7d,40,0.07,9000000.0,9.0,360,1024,0.3515625
01a0a57f-e612-73a0-a4c0-523ced5dc57c,d,D,QB20,6,5,UVH8d,0,0.07,-9000000.0,-9.0,553,1024,0.5400390625
01a0a57f-e612-73a0-a4c0-523ced5dc57c,d,D,QB20,6,5,UVH8d,1,0.07,-8550000.0,-8.55,558,1024,0.544921875
01a0a57f-e612-73a0-a4c0-523ced5dc57c,d,D,QB20,6,5,UVH8d,2,0.07,-8100000.0,-8.1,523,1024,0.5107421875
01a0a57f-e612-73a0-a4c0-523ced5dc57c,d,D,QB20,6,5,UVH8d,3,0.07,-7650000.0,-7.65,532,1024,0.51953125
01a0a57f-e612-73a0-a4c0-523ced5dc57c,d,D,QB20,6,5,UVH8d,4,0.07,-7200000.0,-7.2,550,1024,0.537109375
01a0a57f-e612-73a0-a4c0-523ced5dc57c,d,D,QB20,6,5,UVH8d,5,0.07,-6750000.0,-6.75,552,1024,0.5390625
01a0a57f-e612-73a0-a4c0-523ced5dc57c,d,D,QB20,6,5,UVH8d,6,0.07,-6300000.0,-6.3,525,1024,0.5126953125
01a0a57f-e612-73a0-a4c0-523ced5dc57c,d,D,QB20,6,5,UVH8d,7,0.07,-5850000.0,-5.85,529,1024,0.5166015625
01a0a57f-e612-73a0-a4c0-523ced5dc57c,d,D,QB20,6,5,UVH8d,8,0.07,-5400000.0,-5.4,509,1024,0.4970703125
01a0a57f-e612-73a0-a4c0-523ced5dc57c,d,D,QB20,6,5,UVH8d,9,0.07,-4950000.0,-4.95,543,1024,0.5302734375
01a0a57f-e612-73a0-a4c0-523ced5dc57c,d,D,QB20,6,5,UVH8d,10,0.07,-4500000.0,-4.5,527,1024,0.5146484375
01a0a57f-e612-73a0-a4c0-523ced5dc57c,d,D,QB20,6,5,UVH8d,11,0.07,-4050000.0,-4.05,490,1024,0.478515625
01a0a57f-e612-73a0-a4c0-523ced5dc57c,d,D,QB20,6,5,UVH8d,12,0.07,-3600000.0,-3.6,533,1024,0.5205078125
01a0a57f-e612-73a0-a4c0-523ced5dc57c,d,D,QB20,6,5,UVH8d,13,0.07,-3150000.0,-3.15,532,1024,0.51953125
01a0a57f-e612-73a0-a4c0-523ced5dc57c,d,D,QB20,6,5,UVH8d,14,0.07,-2700000.0,-2.7,549,1024,0.5361328125
01a0a57f-e612-73a0-a4c0-523ced5dc57c,d,D,QB20,6,5,UVH8d,15,0.07,-2250000.0,-2.25,550,1024,0.537109375
01a0a57f-e612-73a0-a4c0-523ced5dc57c,d,D,QB20,6,5,UVH8d,16,0.07,-1800000.0,-1.8,494,1024,0.482421875
01a0a57f-e612-73a0-a4c0-523ced5dc57c,d,D,QB20,6,5,UVH8d,17,0.07,-1350000.0,-1.35,528,1024,0.515625
01a0a57f-e612-73a0-a4c0-523ced5dc57c,d,D,QB20,6,5,UVH8d,18,0.07,-900000.0,-0.9,528,1024,0.515625
01a0a57f-e612-73a0-a4c0-523ced5dc57c,d,D,QB20,6,5,UVH8d,19,0.07,-450000.0,-0.45,552,1024,0.5390625
01a0a57f-e612-73a0-a4c0-523ced5dc57c,d,D,QB20,6,5,UVH8d,20,0.07,0.0,0.0,513,1024,0.5009765625
01a0a57f-e612-73a0-a4c0-523ced5dc57c,d,D,QB20,6,5,UVH8d,21,0.07,450000.0,0.45,529,1024,0.5166015625
01a0a57f-e612-73a0-a4c0-523ced5dc57c,d,D,QB20,6,5,UVH8d,22,0.07,900000.0,0.9,549,1024,0.5361328125
01a0a57f-e612-73a0-a4c0-523ced5dc57c,d,D,QB20,6,5,UVH8d,23,0.07,1350000.0,1.35,514,1024,0.501953125
01a0a57f-e612-73a0-a4c0-523ced5dc57c,d,D,QB20,6,5,UVH8d,24,0.07,1800000.0,1.8,523,1024,0.5107421875
01a0a57f-e612-73a0-a4c0-523ced5dc57c,d,D,QB20,6,5,UVH8d,25,0.07,2250000.0,2.25,559,1024,0.5458984375
01a0a57f-e612-73a0-a4c0-523ced5dc57c,d,D,QB20,6,5,UVH8d,26,0.07,2700000.0,2.7,545,1024,0.5322265625
01a0a57f-e612-73a0-a4c0-523ced5dc57c,d,D,QB20,6,5,UVH8d,27,0.07,3150000.0,3.15,535,1024,0.5224609375
01a0a57f-e612-73a0-a4c0-523ced5dc57c,d,D,QB20,6,5,UVH8d,28,0.07,3600000.0,3.6,533,1024,0.5205078125
01a0a57f-e612-73a0-a4c0-523ced5dc57c,d,D,QB20,6,5,UVH8d,29,0.07,4050000.0,4.05,562,1024,0.548828125
01a0a57f-e612-73a0-a4c0-523ced5dc57c,d,D,QB20,6,5,UVH8d,30,0.07,4500000.0,4.5,534,1024,0.521484375
01a0a57f-e612-73a0-a4c0-523ced5dc57c,d,D,QB20,6,5,UVH8d,31,0.07,4950000.0,4.95,541,1024,0.5283203125
01a0a57f-e612-73a0-a4c0-523ced5dc57c,d,D,QB20,6,5,UVH8d,32,0.07,5400000.0,5.4,556,1024,0.54296875
01a0a57f-e612-73a0-a4c0-523ced5dc57c,d,D,QB20,6,5,UVH8d,33,0.07,5850000.0,5.85,550,1024,0.537109375
01a0a57f-e612-73a0-a4c0-523ced5dc57c,d,D,QB20,6,5,UVH8d,34,0.07,6300000.0,6.3,576,1024,0.5625
01a0a57f-e612-73a0-a4c0-523ced5dc57c,d,D,QB20,6,5,UVH8d,35,0.07,6750000.0,6.75,539,1024,0.5263671875
01a0a57f-e612-73a0-a4c0-523ced5dc57c,d,D,QB20,6,5,UVH8d,36,0.07,7200000.0,7.2,541,1024,0.5283203125
01a0a57f-e612-73a0-a4c0-523ced5dc57c,d,D,QB20,6,5,UVH8d,37,0.07,7650000.0,7.65,517,1024,0.5048828125
01a0a57f-e612-73a0-a4c0-523ced5dc57c,d,D,QB20,6,5,UVH8d,38,0.07,8100000.0,8.1,518,1024,0.505859375
01a0a57f-e612-73a0-a4c0-523ced5dc57c,d,D,QB20,6,5,UVH8d,39,0.07,8550000.0,8.55,494,1024,0.482421875
01a0a57f-e612-73a0-a4c0-523ced5dc57c,d,D,QB20,6,5,UVH8d,40,0.07,9000000.0,9.0,490,1024,0.478515625
01a0a57f-e612-73a0-a4c0-523ced5dc57c,d,D,QB3,7,0,standard_pi_2,0,0.07,-9000000.0,-9.0,613,1024,0.5986328125
01a0a57f-e612-73a0-a4c0-523ced5dc57c,d,D,QB3,7,0,standard_pi_2,1,0.07,-8550000.0,-8.55,616,1024,0.6015625
01a0a57f-e612-73a0-a4c0-523ced5dc57c,d,D,QB3,7,0,standard_pi_2,2,0.07,-8100000.0,-8.1,598,1024,0.583984375
01a0a57f-e612-73a0-a4c0-523ced5dc57c,d,D,QB3,7,0,standard_pi_2,3,0.07,-7650000.0,-7.65,587,1024,0.5732421875
01a0a57f-e612-73a0-a4c0-523ced5dc57c,d,D,QB3,7,0,standard_pi_2,4,0.07,-7200000.0,-7.2,588,1024,0.57421875
01a0a57f-e612-73a0-a4c0-523ced5dc57c,d,D,QB3,7,0,standard_pi_2,5,0.07,-6750000.0,-6.75,603,1024,0.5888671875
01a0a57f-e612-73a0-a4c0-523ced5dc57c,d,D,QB3,7,0,standard_pi_2,6,0.07,-6300000.0,-6.3,580,1024,0.56640625
01a0a57f-e612-73a0-a4c0-523ced5dc57c,d,D,QB3,7,0,standard_pi_2,7,0.07,-5850000.0,-5.85,624,1024,0.609375
01a0a57f-e612-73a0-a4c0-523ced5dc57c,d,D,QB3,7,0,standard_pi_2,8,0.07,-5400000.0,-5.4,583,1024,0.5693359375
01a0a57f-e612-73a0-a4c0-523ced5dc57c,d,D,QB3,7,0,standard_pi_2,9,0.07,-4950000.0,-4.95,598,1024,0.583984375
01a0a57f-e612-73a0-a4c0-523ced5dc57c,d,D,QB3,7,0,standard_pi_2,10,0.07,-4500000.0,-4.5,570,1024,0.556640625
01a0a57f-e612-73a0-a4c0-523ced5dc57c,d,D,QB3,7,0,standard_pi_2,11,0.07,-4050000.0,-4.05,604,1024,0.58984375
01a0a57f-e612-73a0-a4c0-523ced5dc57c,d,D,QB3,7,0,standard_pi_2,12,0.07,-3600000.0,-3.6,587,1024,0.5732421875
01a0a57f-e612-73a0-a4c0-523ced5dc57c,d,D,QB3,7,0,standard_pi_2,13,0.07,-3150000.0,-3.15,579,1024,0.5654296875
01a0a57f-e612-73a0-a4c0-523ced5dc57c,d,D,QB3,7,0,standard_pi_2,14,0.07,-2700000.0,-2.7,596,1024,0.58203125
01a0a57f-e612-73a0-a4c0-523ced5dc57c,d,D,QB3,7,0,standard_pi_2,15,0.07,-2250000.0,-2.25,586,1024,0.572265625
01a0a57f-e612-73a0-a4c0-523ced5dc57c,d,D,QB3,7,0,standard_pi_2,16,0.07,-1800000.0,-1.8,579,1024,0.5654296875
01a0a57f-e612-73a0-a4c0-523ced5dc57c,d,D,QB3,7,0,standard_pi_2,17,0.07,-1350000.0,-1.35,570,1024,0.556640625
01a0a57f-e612-73a0-a4c0-523ced5dc57c,d,D,QB3,7,0,standard_pi_2,18,0.07,-900000.0,-0.9,560,1024,0.546875
01a0a57f-e612-73a0-a4c0-523ced5dc57c,d,D,QB3,7,0,standard_pi_2,19,0.07,-450000.0,-0.45,563,1024,0.5498046875
01a0a57f-e612-73a0-a4c0-523ced5dc57c,d,D,QB3,7,0,standard_pi_2,20,0.07,0.0,0.0,522,1024,0.509765625
01a0a57f-e612-73a0-a4c0-523ced5dc57c,d,D,QB3,7,0,standard_pi_2,21,0.07,450000.0,0.45,585,1024,0.5712890625
01a0a57f-e612-73a0-a4c0-523ced5dc57c,d,D,QB3,7,0,standard_pi_2,22,0.07,900000.0,0.9,518,1024,0.505859375
01a0a57f-e612-73a0-a4c0-523ced5dc57c,d,D,QB3,7,0,standard_pi_2,23,0.07,1350000.0,1.35,515,1024,0.5029296875
01a0a57f-e612-73a0-a4c0-523ced5dc57c,d,D,QB3,7,0,standard_pi_2,24,0.07,1800000.0,1.8,507,1024,0.4951171875
01a0a57f-e612-73a0-a4c0-523ced5dc57c,d,D,QB3,7,0,standard_pi_2,25,0.07,2250000.0,2.25,536,1024,0.5234375
01a0a57f-e612-73a0-a4c0-523ced5dc57c,d,D,QB3,7,0,standard_pi_2,26,0.07,2700000.0,2.7,523,1024,0.5107421875
01a0a57f-e612-73a0-a4c0-523ced5dc57c,d,D,QB3,7,0,standard_pi_2,27,0.07,3150000.0,3.15,517,1024,0.5048828125
01a0a57f-e612-73a0-a4c0-523ced5dc57c,d,D,QB3,7,0,standard_pi_2,28,0.07,3600000.0,3.6,512,1024,0.5
01a0a57f-e612-73a0-a4c0-523ced5dc57c,d,D,QB3,7,0,standard_pi_2,29,0.07,4050000.0,4.05,522,1024,0.509765625
01a0a57f-e612-73a0-a4c0-523ced5dc57c,d,D,QB3,7,0,standard_pi_2,30,0.07,4500000.0,4.5,524,1024,0.51171875
01a0a57f-e612-73a0-a4c0-523ced5dc57c,d,D,QB3,7,0,standard_pi_2,31,0.07,4950000.0,4.95,550,1024,0.537109375
01a0a57f-e612-73a0-a4c0-523ced5dc57c,d,D,QB3,7,0,standard_pi_2,32,0.07,5400000.0,5.4,534,1024,0.521484375
01a0a57f-e612-73a0-a4c0-523ced5dc57c,d,D,QB3,7,0,standard_pi_2,33,0.07,5850000.0,5.85,528,1024,0.515625
01a0a57f-e612-73a0-a4c0-523ced5dc57c,d,D,QB3,7,0,standard_pi_2,34,0.07,6300000.0,6.3,516,1024,0.50390625
01a0a57f-e612-73a0-a4c0-523ced5dc57c,d,D,QB3,7,0,standard_pi_2,35,0.07,6750000.0,6.75,455,1024,0.4443359375
01a0a57f-e612-73a0-a4c0-523ced5dc57c,d,D,QB3,7,0,standard_pi_2,36,0.07,7200000.0,7.2,494,1024,0.482421875
01a0a57f-e612-73a0-a4c0-523ced5dc57c,d,D,QB3,7,0,standard_pi_2,37,0.07,7650000.0,7.65,525,1024,0.5126953125
01a0a57f-e612-73a0-a4c0-523ced5dc57c,d,D,QB3,7,0,standard_pi_2,38,0.07,8100000.0,8.1,516,1024,0.50390625
01a0a57f-e612-73a0-a4c0-523ced5dc57c,d,D,QB3,7,0,standard_pi_2,39,0.07,8550000.0,8.55,482,1024,0.470703125
01a0a57f-e612-73a0-a4c0-523ced5dc57c,d,D,QB3,7,0,standard_pi_2,40,0.07,9000000.0,9.0,487,1024,0.4755859375
01a0a57f-e612-73a0-a4c0-523ced5dc57c,d,D,QB3,7,1,UVH4d,0,0.07,-9000000.0,-9.0,371,1024,0.3623046875
01a0a57f-e612-73a0-a4c0-523ced5dc57c,d,D,QB3,7,1,UVH4d,1,0.07,-8550000.0,-8.55,396,1024,0.38671875
01a0a57f-e612-73a0-a4c0-523ced5dc57c,d,D,QB3,7,1,UVH4d,2,0.07,-8100000.0,-8.1,392,1024,0.3828125
01a0a57f-e612-73a0-a4c0-523ced5dc57c,d,D,QB3,7,1,UVH4d,3,0.07,-7650000.0,-7.65,389,1024,0.3798828125
01a0a57f-e612-73a0-a4c0-523ced5dc57c,d,D,QB3,7,1,UVH4d,4,0.07,-7200000.0,-7.2,359,1024,0.3505859375
01a0a57f-e612-73a0-a4c0-523ced5dc57c,d,D,QB3,7,1,UVH4d,5,0.07,-6750000.0,-6.75,386,1024,0.376953125
01a0a57f-e612-73a0-a4c0-523ced5dc57c,d,D,QB3,7,1,UVH4d,6,0.07,-6300000.0,-6.3,413,1024,0.4033203125
01a0a57f-e612-73a0-a4c0-523ced5dc57c,d,D,QB3,7,1,UVH4d,7,0.07,-5850000.0,-5.85,416,1024,0.40625
01a0a57f-e612-73a0-a4c0-523ced5dc57c,d,D,QB3,7,1,UVH4d,8,0.07,-5400000.0,-5.4,444,1024,0.43359375
01a0a57f-e612-73a0-a4c0-523ced5dc57c,d,D,QB3,7,1,UVH4d,9,0.07,-4950000.0,-4.95,476,1024,0.46484375
01a0a57f-e612-73a0-a4c0-523ced5dc57c,d,D,QB3,7,1,UVH4d,10,0.07,-4500000.0,-4.5,458,1024,0.447265625
01a0a57f-e612-73a0-a4c0-523ced5dc57c,d,D,QB3,7,1,UVH4d,11,0.07,-4050000.0,-4.05,468,1024,0.45703125
01a0a57f-e612-73a0-a4c0-523ced5dc57c,d,D,QB3,7,1,UVH4d,12,0.07,-3600000.0,-3.6,475,1024,0.4638671875
01a0a57f-e612-73a0-a4c0-523ced5dc57c,d,D,QB3,7,1,UVH4d,13,0.07,-3150000.0,-3.15,458,1024,0.447265625
01a0a57f-e612-73a0-a4c0-523ced5dc57c,d,D,QB3,7,1,UVH4d,14,0.07,-2700000.0,-2.7,479,1024,0.4677734375
01a0a57f-e612-73a0-a4c0-523ced5dc57c,d,D,QB3,7,1,UVH4d,15,0.07,-2250000.0,-2.25,491,1024,0.4794921875
01a0a57f-e612-73a0-a4c0-523ced5dc57c,d,D,QB3,7,1,UVH4d,16,0.07,-1800000.0,-1.8,518,1024,0.505859375
01a0a57f-e612-73a0-a4c0-523ced5dc57c,d,D,QB3,7,1,UVH4d,17,0.07,-1350000.0,-1.35,503,1024,0.4912109375
01a0a57f-e612-73a0-a4c0-523ced5dc57c,d,D,QB3,7,1,UVH4d,18,0.07,-900000.0,-0.9,466,1024,0.455078125
01a0a57f-e612-73a0-a4c0-523ced5dc57c,d,D,QB3,7,1,UVH4d,19,0.07,-450000.0,-0.45,512,1024,0.5
01a0a57f-e612-73a0-a4c0-523ced5dc57c,d,D,QB3,7,1,UVH4d,20,0.07,0.0,0.0,486,1024,0.474609375
01a0a57f-e612-73a0-a4c0-523ced5dc57c,d,D,QB3,7,1,UVH4d,21,0.07,450000.0,0.45,497,1024,0.4853515625
01a0a57f-e612-73a0-a4c0-523ced5dc57c,d,D,QB3,7,1,UVH4d,22,0.07,900000.0,0.9,492,1024,0.48046875
01a0a57f-e612-73a0-a4c0-523ced5dc57c,d,D,QB3,7,1,UVH4d,23,0.07,1350000.0,1.35,516,1024,0.50390625
01a0a57f-e612-73a0-a4c0-523ced5dc57c,d,D,QB3,7,1,UVH4d,24,0.07,1800000.0,1.8,513,1024,0.5009765625
01a0a57f-e612-73a0-a4c0-523ced5dc57c,d,D,QB3,7,1,UVH4d,25,0.07,2250000.0,2.25,527,1024,0.5146484375
01a0a57f-e612-73a0-a4c0-523ced5dc57c,d,D,QB3,7,1,UVH4d,26,0.07,2700000.0,2.7,500,1024,0.48828125
01a0a57f-e612-73a0-a4c0-523ced5dc57c,d,D,QB3,7,1,UVH4d,27,0.07,3150000.0,3.15,532,1024,0.51953125
01a0a57f-e612-73a0-a4c0-523ced5dc57c,d,D,QB3,7,1,UVH4d,28,0.07,3600000.0,3.6,522,1024,0.509765625
01a0a57f-e612-73a0-a4c0-523ced5dc57c,d,D,QB3,7,1,UVH4d,29,0.07,4050000.0,4.05,561,1024,0.5478515625
01a0a57f-e612-73a0-a4c0-523ced5dc57c,d,D,QB3,7,1,UVH4d,30,0.07,4500000.0,4.5,570,1024,0.556640625
01a0a57f-e612-73a0-a4c0-523ced5dc57c,d,D,QB3,7,1,UVH4d,31,0.07,4950000.0,4.95,527,1024,0.5146484375
01a0a57f-e612-73a0-a4c0-523ced5dc57c,d,D,QB3,7,1,UVH4d,32,0.07,5400000.0,5.4,564,1024,0.55078125
01a0a57f-e612-73a0-a4c0-523ced5dc57c,d,D,QB3,7,1,UVH4d,33,0.07,5850000.0,5.85,573,1024,0.5595703125
01a0a57f-e612-73a0-a4c0-523ced5dc57c,d,D,QB3,7,1,UVH4d,34,0.07,6300000.0,6.3,572,1024,0.55859375
01a0a57f-e612-73a0-a4c0-523ced5dc57c,d,D,QB3,7,1,UVH4d,35,0.07,6750000.0,6.75,604,1024,0.58984375
01a0a57f-e612-73a0-a4c0-523ced5dc57c,d,D,QB3,7,1,UVH4d,36,0.07,7200000.0,7.2,622,1024,0.607421875
01a0a57f-e612-73a0-a4c0-523ced5dc57c,d,D,QB3,7,1,UVH4d,37,0.07,7650000.0,7.65,634,1024,0.619140625
01a0a57f-e612-73a0-a4c0-523ced5dc57c,d,D,QB3,7,1,UVH4d,38,0.07,8100000.0,8.1,620,1024,0.60546875
01a0a57f-e612-73a0-a4c0-523ced5dc57c,d,D,QB3,7,1,UVH4d,39,0.07,8550000.0,8.55,644,1024,0.62890625
01a0a57f-e612-73a0-a4c0-523ced5dc57c,d,D,QB3,7,1,UVH4d,40,0.07,9000000.0,9.0,604,1024,0.58984375
01a0a57f-e612-73a0-a4c0-523ced5dc57c,d,D,QB3,7,2,UVH5d,0,0.07,-9000000.0,-9.0,202,1024,0.197265625
01a0a57f-e612-73a0-a4c0-523ced5dc57c,d,D,QB3,7,2,UVH5d,1,0.07,-8550000.0,-8.55,200,1024,0.1953125
01a0a57f-e612-73a0-a4c0-523ced5dc57c,d,D,QB3,7,2,UVH5d,2,0.07,-8100000.0,-8.1,238,1024,0.232421875
01a0a57f-e612-73a0-a4c0-523ced5dc57c,d,D,QB3,7,2,UVH5d,3,0.07,-7650000.0,-7.65,236,1024,0.23046875
01a0a57f-e612-73a0-a4c0-523ced5dc57c,d,D,QB3,7,2,UVH5d,4,0.07,-7200000.0,-7.2,290,1024,0.283203125
01a0a57f-e612-73a0-a4c0-523ced5dc57c,d,D,QB3,7,2,UVH5d,5,0.07,-6750000.0,-6.75,290,1024,0.283203125
01a0a57f-e612-73a0-a4c0-523ced5dc57c,d,D,QB3,7,2,UVH5d,6,0.07,-6300000.0,-6.3,325,1024,0.3173828125
01a0a57f-e612-73a0-a4c0-523ced5dc57c,d,D,QB3,7,2,UVH5d,7,0.07,-5850000.0,-5.85,377,1024,0.3681640625
01a0a57f-e612-73a0-a4c0-523ced5dc57c,d,D,QB3,7,2,UVH5d,8,0.07,-5400000.0,-5.4,402,1024,0.392578125
01a0a57f-e612-73a0-a4c0-523ced5dc57c,d,D,QB3,7,2,UVH5d,9,0.07,-4950000.0,-4.95,419,1024,0.4091796875
01a0a57f-e612-73a0-a4c0-523ced5dc57c,d,D,QB3,7,2,UVH5d,10,0.07,-4500000.0,-4.5,445,1024,0.4345703125
01a0a57f-e612-73a0-a4c0-523ced5dc57c,d,D,QB3,7,2,UVH5d,11,0.07,-4050000.0,-4.05,440,1024,0.4296875
01a0a57f-e612-73a0-a4c0-523ced5dc57c,d,D,QB3,7,2,UVH5d,12,0.07,-3600000.0,-3.6,467,1024,0.4560546875
01a0a57f-e612-73a0-a4c0-523ced5dc57c,d,D,QB3,7,2,UVH5d,13,0.07,-3150000.0,-3.15,504,1024,0.4921875
01a0a57f-e612-73a0-a4c0-523ced5dc57c,d,D,QB3,7,2,UVH5d,14,0.07,-2700000.0,-2.7,501,1024,0.4892578125
01a0a57f-e612-73a0-a4c0-523ced5dc57c,d,D,QB3,7,2,UVH5d,15,0.07,-2250000.0,-2.25,538,1024,0.525390625
01a0a57f-e612-73a0-a4c0-523ced5dc57c,d,D,QB3,7,2,UVH5d,16,0.07,-1800000.0,-1.8,532,1024,0.51953125
01a0a57f-e612-73a0-a4c0-523ced5dc57c,d,D,QB3,7,2,UVH5d,17,0.07,-1350000.0,-1.35,568,1024,0.5546875
01a0a57f-e612-73a0-a4c0-523ced5dc57c,d,D,QB3,7,2,UVH5d,18,0.07,-900000.0,-0.9,525,1024,0.5126953125
01a0a57f-e612-73a0-a4c0-523ced5dc57c,d,D,QB3,7,2,UVH5d,19,0.07,-450000.0,-0.45,544,1024,0.53125
01a0a57f-e612-73a0-a4c0-523ced5dc57c,d,D,QB3,7,2,UVH5d,20,0.07,0.0,0.0,515,1024,0.5029296875
01a0a57f-e612-73a0-a4c0-523ced5dc57c,d,D,QB3,7,2,UVH5d,21,0.07,450000.0,0.45,491,1024,0.4794921875
01a0a57f-e612-73a0-a4c0-523ced5dc57c,d,D,QB3,7,2,UVH5d,22,0.07,900000.0,0.9,516,1024,0.50390625
01a0a57f-e612-73a0-a4c0-523ced5dc57c,d,D,QB3,7,2,UVH5d,23,0.07,1350000.0,1.35,498,1024,0.486328125
01a0a57f-e612-73a0-a4c0-523ced5dc57c,d,D,QB3,7,2,UVH5d,24,0.07,1800000.0,1.8,499,1024,0.4873046875
01a0a57f-e612-73a0-a4c0-523ced5dc57c,d,D,QB3,7,2,UVH5d,25,0.07,2250000.0,2.25,481,1024,0.4697265625
01a0a57f-e612-73a0-a4c0-523ced5dc57c,d,D,QB3,7,2,UVH5d,26,0.07,2700000.0,2.7,523,1024,0.5107421875
01a0a57f-e612-73a0-a4c0-523ced5dc57c,d,D,QB3,7,2,UVH5d,27,0.07,3150000.0,3.15,486,1024,0.474609375
01a0a57f-e612-73a0-a4c0-523ced5dc57c,d,D,QB3,7,2,UVH5d,28,0.07,3600000.0,3.6,486,1024,0.474609375
01a0a57f-e612-73a0-a4c0-523ced5dc57c,d,D,QB3,7,2,UVH5d,29,0.07,4050000.0,4.05,491,1024,0.4794921875
01a0a57f-e612-73a0-a4c0-523ced5dc57c,d,D,QB3,7,2,UVH5d,30,0.07,4500000.0,4.5,491,1024,0.4794921875
01a0a57f-e612-73a0-a4c0-523ced5dc57c,d,D,QB3,7,2,UVH5d,31,0.07,4950000.0,4.95,483,1024,0.4716796875
01a0a57f-e612-73a0-a4c0-523ced5dc57c,d,D,QB3,7,2,UVH5d,32,0.07,5400000.0,5.4,486,1024,0.474609375
01a0a57f-e612-73a0-a4c0-523ced5dc57c,d,D,QB3,7,2,UVH5d,33,0.07,5850000.0,5.85,506,1024,0.494140625
01a0a57f-e612-73a0-a4c0-523ced5dc57c,d,D,QB3,7,2,UVH5d,34,0.07,6300000.0,6.3,491,1024,0.4794921875
01a0a57f-e612-73a0-a4c0-523ced5dc57c,d,D,QB3,7,2,UVH5d,35,0.07,6750000.0,6.75,559,1024,0.5458984375
01a0a57f-e612-73a0-a4c0-523ced5dc57c,d,D,QB3,7,2,UVH5d,36,0.07,7200000.0,7.2,542,1024,0.529296875
01a0a57f-e612-73a0-a4c0-523ced5dc57c,d,D,QB3,7,2,UVH5d,37,0.07,7650000.0,7.65,498,1024,0.486328125
01a0a57f-e612-73a0-a4c0-523ced5dc57c,d,D,QB3,7,2,UVH5d,38,0.07,8100000.0,8.1,537,1024,0.5244140625
01a0a57f-e612-73a0-a4c0-523ced5dc57c,d,D,QB3,7,2,UVH5d,39,0.07,8550000.0,8.55,530,1024,0.517578125
01a0a57f-e612-73a0-a4c0-523ced5dc57c,d,D,QB3,7,2,UVH5d,40,0.07,9000000.0,9.0,539,1024,0.5263671875
01a0a57f-e612-73a0-a4c0-523ced5dc57c,d,D,QB3,7,3,UVH6d,0,0.07,-9000000.0,-9.0,551,1024,0.5380859375
01a0a57f-e612-73a0-a4c0-523ced5dc57c,d,D,QB3,7,3,UVH6d,1,0.07,-8550000.0,-8.55,507,1024,0.4951171875
01a0a57f-e612-73a0-a4c0-523ced5dc57c,d,D,QB3,7,3,UVH6d,2,0.07,-8100000.0,-8.1,517,1024,0.5048828125
01a0a57f-e612-73a0-a4c0-523ced5dc57c,d,D,QB3,7,3,UVH6d,3,0.07,-7650000.0,-7.65,550,1024,0.537109375
01a0a57f-e612-73a0-a4c0-523ced5dc57c,d,D,QB3,7,3,UVH6d,4,0.07,-7200000.0,-7.2,506,1024,0.494140625
01a0a57f-e612-73a0-a4c0-523ced5dc57c,d,D,QB3,7,3,UVH6d,5,0.07,-6750000.0,-6.75,524,1024,0.51171875
01a0a57f-e612-73a0-a4c0-523ced5dc57c,d,D,QB3,7,3,UVH6d,6,0.07,-6300000.0,-6.3,540,1024,0.52734375
01a0a57f-e612-73a0-a4c0-523ced5dc57c,d,D,QB3,7,3,UVH6d,7,0.07,-5850000.0,-5.85,502,1024,0.490234375
01a0a57f-e612-73a0-a4c0-523ced5dc57c,d,D,QB3,7,3,UVH6d,8,0.07,-5400000.0,-5.4,520,1024,0.5078125
01a0a57f-e612-73a0-a4c0-523ced5dc57c,d,D,QB3,7,3,UVH6d,9,0.07,-4950000.0,-4.95,517,1024,0.5048828125
01a0a57f-e612-73a0-a4c0-523ced5dc57c,d,D,QB3,7,3,UVH6d,10,0.07,-4500000.0,-4.5,505,1024,0.4931640625
01a0a57f-e612-73a0-a4c0-523ced5dc57c,d,D,QB3,7,3,UVH6d,11,0.07,-4050000.0,-4.05,549,1024,0.5361328125
01a0a57f-e612-73a0-a4c0-523ced5dc57c,d,D,QB3,7,3,UVH6d,12,0.07,-3600000.0,-3.6,497,1024,0.4853515625
01a0a57f-e612-73a0-a4c0-523ced5dc57c,d,D,QB3,7,3,UVH6d,13,0.07,-3150000.0,-3.15,500,1024,0.48828125
01a0a57f-e612-73a0-a4c0-523ced5dc57c,d,D,QB3,7,3,UVH6d,14,0.07,-2700000.0,-2.7,493,1024,0.4814453125
01a0a57f-e612-73a0-a4c0-523ced5dc57c,d,D,QB3,7,3,UVH6d,15,0.07,-2250000.0,-2.25,493,1024,0.4814453125
01a0a57f-e612-73a0-a4c0-523ced5dc57c,d,D,QB3,7,3,UVH6d,16,0.07,-1800000.0,-1.8,484,1024,0.47265625
01a0a57f-e612-73a0-a4c0-523ced5dc57c,d,D,QB3,7,3,UVH6d,17,0.07,-1350000.0,-1.35,493,1024,0.4814453125
01a0a57f-e612-73a0-a4c0-523ced5dc57c,d,D,QB3,7,3,UVH6d,18,0.07,-900000.0,-0.9,520,1024,0.5078125
01a0a57f-e612-73a0-a4c0-523ced5dc57c,d,D,QB3,7,3,UVH6d,19,0.07,-450000.0,-0.45,531,1024,0.5185546875
01a0a57f-e612-73a0-a4c0-523ced5dc57c,d,D,QB3,7,3,UVH6d,20,0.07,0.0,0.0,522,1024,0.509765625
01a0a57f-e612-73a0-a4c0-523ced5dc57c,d,D,QB3,7,3,UVH6d,21,0.07,450000.0,0.45,529,1024,0.5166015625
01a0a57f-e612-73a0-a4c0-523ced5dc57c,d,D,QB3,7,3,UVH6d,22,0.07,900000.0,0.9,498,1024,0.486328125
01a0a57f-e612-73a0-a4c0-523ced5dc57c,d,D,QB3,7,3,UVH6d,23,0.07,1350000.0,1.35,531,1024,0.5185546875
01a0a57f-e612-73a0-a4c0-523ced5dc57c,d,D,QB3,7,3,UVH6d,24,0.07,1800000.0,1.8,531,1024,0.5185546875
01a0a57f-e612-73a0-a4c0-523ced5dc57c,d,D,QB3,7,3,UVH6d,25,0.07,2250000.0,2.25,496,1024,0.484375
01a0a57f-e612-73a0-a4c0-523ced5dc57c,d,D,QB3,7,3,UVH6d,26,0.07,2700000.0,2.7,531,1024,0.5185546875
01a0a57f-e612-73a0-a4c0-523ced5dc57c,d,D,QB3,7,3,UVH6d,27,0.07,3150000.0,3.15,506,1024,0.494140625
01a0a57f-e612-73a0-a4c0-523ced5dc57c,d,D,QB3,7,3,UVH6d,28,0.07,3600000.0,3.6,547,1024,0.5341796875
01a0a57f-e612-73a0-a4c0-523ced5dc57c,d,D,QB3,7,3,UVH6d,29,0.07,4050000.0,4.05,536,1024,0.5234375
01a0a57f-e612-73a0-a4c0-523ced5dc57c,d,D,QB3,7,3,UVH6d,30,0.07,4500000.0,4.5,510,1024,0.498046875
01a0a57f-e612-73a0-a4c0-523ced5dc57c,d,D,QB3,7,3,UVH6d,31,0.07,4950000.0,4.95,513,1024,0.5009765625
01a0a57f-e612-73a0-a4c0-523ced5dc57c,d,D,QB3,7,3,UVH6d,32,0.07,5400000.0,5.4,506,1024,0.494140625
01a0a57f-e612-73a0-a4c0-523ced5dc57c,d,D,QB3,7,3,UVH6d,33,0.07,5850000.0,5.85,542,1024,0.529296875
01a0a57f-e612-73a0-a4c0-523ced5dc57c,d,D,QB3,7,3,UVH6d,34,0.07,6300000.0,6.3,550,1024,0.537109375
01a0a57f-e612-73a0-a4c0-523ced5dc57c,d,D,QB3,7,3,UVH6d,35,0.07,6750000.0,6.75,551,1024,0.5380859375
01a0a57f-e612-73a0-a4c0-523ced5dc57c,d,D,QB3,7,3,UVH6d,36,0.07,7200000.0,7.2,588,1024,0.57421875
01a0a57f-e612-73a0-a4c0-523ced5dc57c,d,D,QB3,7,3,UVH6d,37,0.07,7650000.0,7.65,586,1024,0.572265625
01a0a57f-e612-73a0-a4c0-523ced5dc57c,d,D,QB3,7,3,UVH6d,38,0.07,8100000.0,8.1,596,1024,0.58203125
01a0a57f-e612-73a0-a4c0-523ced5dc57c,d,D,QB3,7,3,UVH6d,39,0.07,8550000.0,8.55,624,1024,0.609375
01a0a57f-e612-73a0-a4c0-523ced5dc57c,d,D,QB3,7,3,UVH6d,40,0.07,9000000.0,9.0,614,1024,0.599609375
01a0a57f-e612-73a0-a4c0-523ced5dc57c,d,D,QB3,7,4,UVH7d,0,0.07,-9000000.0,-9.0,589,1024,0.5751953125
01a0a57f-e612-73a0-a4c0-523ced5dc57c,d,D,QB3,7,4,UVH7d,1,0.07,-8550000.0,-8.55,576,1024,0.5625
01a0a57f-e612-73a0-a4c0-523ced5dc57c,d,D,QB3,7,4,UVH7d,2,0.07,-8100000.0,-8.1,548,1024,0.53515625
01a0a57f-e612-73a0-a4c0-523ced5dc57c,d,D,QB3,7,4,UVH7d,3,0.07,-7650000.0,-7.65,538,1024,0.525390625
01a0a57f-e612-73a0-a4c0-523ced5dc57c,d,D,QB3,7,4,UVH7d,4,0.07,-7200000.0,-7.2,528,1024,0.515625
01a0a57f-e612-73a0-a4c0-523ced5dc57c,d,D,QB3,7,4,UVH7d,5,0.07,-6750000.0,-6.75,532,1024,0.51953125
01a0a57f-e612-73a0-a4c0-523ced5dc57c,d,D,QB3,7,4,UVH7d,6,0.07,-6300000.0,-6.3,504,1024,0.4921875
01a0a57f-e612-73a0-a4c0-523ced5dc57c,d,D,QB3,7,4,UVH7d,7,0.07,-5850000.0,-5.85,479,1024,0.4677734375
01a0a57f-e612-73a0-a4c0-523ced5dc57c,d,D,QB3,7,4,UVH7d,8,0.07,-5400000.0,-5.4,499,1024,0.4873046875
01a0a57f-e612-73a0-a4c0-523ced5dc57c,d,D,QB3,7,4,UVH7d,9,0.07,-4950000.0,-4.95,516,1024,0.50390625
01a0a57f-e612-73a0-a4c0-523ced5dc57c,d,D,QB3,7,4,UVH7d,10,0.07,-4500000.0,-4.5,511,1024,0.4990234375
01a0a57f-e612-73a0-a4c0-523ced5dc57c,d,D,QB3,7,4,UVH7d,11,0.07,-4050000.0,-4.05,505,1024,0.4931640625
01a0a57f-e612-73a0-a4c0-523ced5dc57c,d,D,QB3,7,4,UVH7d,12,0.07,-3600000.0,-3.6,503,1024,0.4912109375
01a0a57f-e612-73a0-a4c0-523ced5dc57c,d,D,QB3,7,4,UVH7d,13,0.07,-3150000.0,-3.15,483,1024,0.4716796875
01a0a57f-e612-73a0-a4c0-523ced5dc57c,d,D,QB3,7,4,UVH7d,14,0.07,-2700000.0,-2.7,517,1024,0.5048828125
01a0a57f-e612-73a0-a4c0-523ced5dc57c,d,D,QB3,7,4,UVH7d,15,0.07,-2250000.0,-2.25,507,1024,0.4951171875
01a0a57f-e612-73a0-a4c0-523ced5dc57c,d,D,QB3,7,4,UVH7d,16,0.07,-1800000.0,-1.8,495,1024,0.4833984375
01a0a57f-e612-73a0-a4c0-523ced5dc57c,d,D,QB3,7,4,UVH7d,17,0.07,-1350000.0,-1.35,491,1024,0.4794921875
01a0a57f-e612-73a0-a4c0-523ced5dc57c,d,D,QB3,7,4,UVH7d,18,0.07,-900000.0,-0.9,477,1024,0.4658203125
01a0a57f-e612-73a0-a4c0-523ced5dc57c,d,D,QB3,7,4,UVH7d,19,0.07,-450000.0,-0.45,508,1024,0.49609375
01a0a57f-e612-73a0-a4c0-523ced5dc57c,d,D,QB3,7,4,UVH7d,20,0.07,0.0,0.0,496,1024,0.484375
01a0a57f-e612-73a0-a4c0-523ced5dc57c,d,D,QB3,7,4,UVH7d,21,0.07,450000.0,0.45,488,1024,0.4765625
01a0a57f-e612-73a0-a4c0-523ced5dc57c,d,D,QB3,7,4,UVH7d,22,0.07,900000.0,0.9,493,1024,0.4814453125
01a0a57f-e612-73a0-a4c0-523ced5dc57c,d,D,QB3,7,4,UVH7d,23,0.07,1350000.0,1.35,522,1024,0.509765625
01a0a57f-e612-73a0-a4c0-523ced5dc57c,d,D,QB3,7,4,UVH7d,24,0.07,1800000.0,1.8,492,1024,0.48046875
01a0a57f-e612-73a0-a4c0-523ced5dc57c,d,D,QB3,7,4,UVH7d,25,0.07,2250000.0,2.25,483,1024,0.4716796875
01a0a57f-e612-73a0-a4c0-523ced5dc57c,d,D,QB3,7,4,UVH7d,26,0.07,2700000.0,2.7,469,1024,0.4580078125
01a0a57f-e612-73a0-a4c0-523ced5dc57c,d,D,QB3,7,4,UVH7d,27,0.07,3150000.0,3.15,489,1024,0.4775390625
01a0a57f-e612-73a0-a4c0-523ced5dc57c,d,D,QB3,7,4,UVH7d,28,0.07,3600000.0,3.6,470,1024,0.458984375
01a0a57f-e612-73a0-a4c0-523ced5dc57c,d,D,QB3,7,4,UVH7d,29,0.07,4050000.0,4.05,459,1024,0.4482421875
01a0a57f-e612-73a0-a4c0-523ced5dc57c,d,D,QB3,7,4,UVH7d,30,0.07,4500000.0,4.5,441,1024,0.4306640625
01a0a57f-e612-73a0-a4c0-523ced5dc57c,d,D,QB3,7,4,UVH7d,31,0.07,4950000.0,4.95,460,1024,0.44921875
01a0a57f-e612-73a0-a4c0-523ced5dc57c,d,D,QB3,7,4,UVH7d,32,0.07,5400000.0,5.4,425,1024,0.4150390625
01a0a57f-e612-73a0-a4c0-523ced5dc57c,d,D,QB3,7,4,UVH7d,33,0.07,5850000.0,5.85,401,1024,0.3916015625
01a0a57f-e612-73a0-a4c0-523ced5dc57c,d,D,QB3,7,4,UVH7d,34,0.07,6300000.0,6.3,431,1024,0.4208984375
01a0a57f-e612-73a0-a4c0-523ced5dc57c,d,D,QB3,7,4,UVH7d,35,0.07,6750000.0,6.75,404,1024,0.39453125
01a0a57f-e612-73a0-a4c0-523ced5dc57c,d,D,QB3,7,4,UVH7d,36,0.07,7200000.0,7.2,359,1024,0.3505859375
01a0a57f-e612-73a0-a4c0-523ced5dc57c,d,D,QB3,7,4,UVH7d,37,0.07,7650000.0,7.65,364,1024,0.35546875
01a0a57f-e612-73a0-a4c0-523ced5dc57c,d,D,QB3,7,4,UVH7d,38,0.07,8100000.0,8.1,354,1024,0.345703125
01a0a57f-e612-73a0-a4c0-523ced5dc57c,d,D,QB3,7,4,UVH7d,39,0.07,8550000.0,8.55,324,1024,0.31640625
01a0a57f-e612-73a0-a4c0-523ced5dc57c,d,D,QB3,7,4,UVH7d,40,0.07,9000000.0,9.0,353,1024,0.3447265625
01a0a57f-e612-73a0-a4c0-523ced5dc57c,d,D,QB3,7,5,UVH8d,0,0.07,-9000000.0,-9.0,479,1024,0.4677734375
01a0a57f-e612-73a0-a4c0-523ced5dc57c,d,D,QB3,7,5,UVH8d,1,0.07,-8550000.0,-8.55,495,1024,0.4833984375
01a0a57f-e612-73a0-a4c0-523ced5dc57c,d,D,QB3,7,5,UVH8d,2,0.07,-8100000.0,-8.1,493,1024,0.4814453125
01a0a57f-e612-73a0-a4c0-523ced5dc57c,d,D,QB3,7,5,UVH8d,3,0.07,-7650000.0,-7.65,465,1024,0.4541015625
01a0a57f-e612-73a0-a4c0-523ced5dc57c,d,D,QB3,7,5,UVH8d,4,0.07,-7200000.0,-7.2,474,1024,0.462890625
01a0a57f-e612-73a0-a4c0-523ced5dc57c,d,D,QB3,7,5,UVH8d,5,0.07,-6750000.0,-6.75,473,1024,0.4619140625
01a0a57f-e612-73a0-a4c0-523ced5dc57c,d,D,QB3,7,5,UVH8d,6,0.07,-6300000.0,-6.3,492,1024,0.48046875
01a0a57f-e612-73a0-a4c0-523ced5dc57c,d,D,QB3,7,5,UVH8d,7,0.07,-5850000.0,-5.85,474,1024,0.462890625
01a0a57f-e612-73a0-a4c0-523ced5dc57c,d,D,QB3,7,5,UVH8d,8,0.07,-5400000.0,-5.4,520,1024,0.5078125
01a0a57f-e612-73a0-a4c0-523ced5dc57c,d,D,QB3,7,5,UVH8d,9,0.07,-4950000.0,-4.95,473,1024,0.4619140625
01a0a57f-e612-73a0-a4c0-523ced5dc57c,d,D,QB3,7,5,UVH8d,10,0.07,-4500000.0,-4.5,480,1024,0.46875
01a0a57f-e612-73a0-a4c0-523ced5dc57c,d,D,QB3,7,5,UVH8d,11,0.07,-4050000.0,-4.05,512,1024,0.5
01a0a57f-e612-73a0-a4c0-523ced5dc57c,d,D,QB3,7,5,UVH8d,12,0.07,-3600000.0,-3.6,496,1024,0.484375
01a0a57f-e612-73a0-a4c0-523ced5dc57c,d,D,QB3,7,5,UVH8d,13,0.07,-3150000.0,-3.15,494,1024,0.482421875
01a0a57f-e612-73a0-a4c0-523ced5dc57c,d,D,QB3,7,5,UVH8d,14,0.07,-2700000.0,-2.7,505,1024,0.4931640625
01a0a57f-e612-73a0-a4c0-523ced5dc57c,d,D,QB3,7,5,UVH8d,15,0.07,-2250000.0,-2.25,508,1024,0.49609375
01a0a57f-e612-73a0-a4c0-523ced5dc57c,d,D,QB3,7,5,UVH8d,16,0.07,-1800000.0,-1.8,503,1024,0.4912109375
01a0a57f-e612-73a0-a4c0-523ced5dc57c,d,D,QB3,7,5,UVH8d,17,0.07,-1350000.0,-1.35,509,1024,0.4970703125
01a0a57f-e612-73a0-a4c0-523ced5dc57c,d,D,QB3,7,5,UVH8d,18,0.07,-900000.0,-0.9,482,1024,0.470703125
01a0a57f-e612-73a0-a4c0-523ced5dc57c,d,D,QB3,7,5,UVH8d,19,0.07,-450000.0,-0.45,531,1024,0.5185546875
01a0a57f-e612-73a0-a4c0-523ced5dc57c,d,D,QB3,7,5,UVH8d,20,0.07,0.0,0.0,493,1024,0.4814453125
01a0a57f-e612-73a0-a4c0-523ced5dc57c,d,D,QB3,7,5,UVH8d,21,0.07,450000.0,0.45,475,1024,0.4638671875
01a0a57f-e612-73a0-a4c0-523ced5dc57c,d,D,QB3,7,5,UVH8d,22,0.07,900000.0,0.9,488,1024,0.4765625
01a0a57f-e612-73a0-a4c0-523ced5dc57c,d,D,QB3,7,5,UVH8d,23,0.07,1350000.0,1.35,495,1024,0.4833984375
01a0a57f-e612-73a0-a4c0-523ced5dc57c,d,D,QB3,7,5,UVH8d,24,0.07,1800000.0,1.8,509,1024,0.4970703125
01a0a57f-e612-73a0-a4c0-523ced5dc57c,d,D,QB3,7,5,UVH8d,25,0.07,2250000.0,2.25,471,1024,0.4599609375
01a0a57f-e612-73a0-a4c0-523ced5dc57c,d,D,QB3,7,5,UVH8d,26,0.07,2700000.0,2.7,508,1024,0.49609375
01a0a57f-e612-73a0-a4c0-523ced5dc57c,d,D,QB3,7,5,UVH8d,27,0.07,3150000.0,3.15,519,1024,0.5068359375
01a0a57f-e612-73a0-a4c0-523ced5dc57c,d,D,QB3,7,5,UVH8d,28,0.07,3600000.0,3.6,494,1024,0.482421875
01a0a57f-e612-73a0-a4c0-523ced5dc57c,d,D,QB3,7,5,UVH8d,29,0.07,4050000.0,4.05,477,1024,0.4658203125
01a0a57f-e612-73a0-a4c0-523ced5dc57c,d,D,QB3,7,5,UVH8d,30,0.07,4500000.0,4.5,482,1024,0.470703125
01a0a57f-e612-73a0-a4c0-523ced5dc57c,d,D,QB3,7,5,UVH8d,31,0.07,4950000.0,4.95,508,1024,0.49609375
01a0a57f-e612-73a0-a4c0-523ced5dc57c,d,D,QB3,7,5,UVH8d,32,0.07,5400000.0,5.4,506,1024,0.494140625
01a0a57f-e612-73a0-a4c0-523ced5dc57c,d,D,QB3,7,5,UVH8d,33,0.07,5850000.0,5.85,483,1024,0.4716796875
01a0a57f-e612-73a0-a4c0-523ced5dc57c,d,D,QB3,7,5,UVH8d,34,0.07,6300000.0,6.3,478,1024,0.466796875
01a0a57f-e612-73a0-a4c0-523ced5dc57c,d,D,QB3,7,5,UVH8d,35,0.07,6750000.0,6.75,480,1024,0.46875
01a0a57f-e612-73a0-a4c0-523ced5dc57c,d,D,QB3,7,5,UVH8d,36,0.07,7200000.0,7.2,470,1024,0.458984375
01a0a57f-e612-73a0-a4c0-523ced5dc57c,d,D,QB3,7,5,UVH8d,37,0.07,7650000.0,7.65,468,1024,0.45703125
01a0a57f-e612-73a0-a4c0-523ced5dc57c,d,D,QB3,7,5,UVH8d,38,0.07,8100000.0,8.1,465,1024,0.4541015625
01a0a57f-e612-73a0-a4c0-523ced5dc57c,d,D,QB3,7,5,UVH8d,39,0.07,8550000.0,8.55,460,1024,0.44921875
01a0a57f-e612-73a0-a4c0-523ced5dc57c,d,D,QB3,7,5,UVH8d,40,0.07,9000000.0,9.0,430,1024,0.419921875
01a0a57f-e612-73a0-a4c0-523ced5dc57c,d,D,QB7,8,0,standard_pi_2,0,0.07,-9000000.0,-9.0,654,1024,0.638671875
01a0a57f-e612-73a0-a4c0-523ced5dc57c,d,D,QB7,8,0,standard_pi_2,1,0.07,-8550000.0,-8.55,635,1024,0.6201171875
01a0a57f-e612-73a0-a4c0-523ced5dc57c,d,D,QB7,8,0,standard_pi_2,2,0.07,-8100000.0,-8.1,641,1024,0.6259765625
01a0a57f-e612-73a0-a4c0-523ced5dc57c,d,D,QB7,8,0,standard_pi_2,3,0.07,-7650000.0,-7.65,641,1024,0.6259765625
01a0a57f-e612-73a0-a4c0-523ced5dc57c,d,D,QB7,8,0,standard_pi_2,4,0.07,-7200000.0,-7.2,652,1024,0.63671875
01a0a57f-e612-73a0-a4c0-523ced5dc57c,d,D,QB7,8,0,standard_pi_2,5,0.07,-6750000.0,-6.75,639,1024,0.6240234375
01a0a57f-e612-73a0-a4c0-523ced5dc57c,d,D,QB7,8,0,standard_pi_2,6,0.07,-6300000.0,-6.3,648,1024,0.6328125
01a0a57f-e612-73a0-a4c0-523ced5dc57c,d,D,QB7,8,0,standard_pi_2,7,0.07,-5850000.0,-5.85,633,1024,0.6181640625
01a0a57f-e612-73a0-a4c0-523ced5dc57c,d,D,QB7,8,0,standard_pi_2,8,0.07,-5400000.0,-5.4,646,1024,0.630859375
01a0a57f-e612-73a0-a4c0-523ced5dc57c,d,D,QB7,8,0,standard_pi_2,9,0.07,-4950000.0,-4.95,637,1024,0.6220703125
01a0a57f-e612-73a0-a4c0-523ced5dc57c,d,D,QB7,8,0,standard_pi_2,10,0.07,-4500000.0,-4.5,628,1024,0.61328125
01a0a57f-e612-73a0-a4c0-523ced5dc57c,d,D,QB7,8,0,standard_pi_2,11,0.07,-4050000.0,-4.05,618,1024,0.603515625
01a0a57f-e612-73a0-a4c0-523ced5dc57c,d,D,QB7,8,0,standard_pi_2,12,0.07,-3600000.0,-3.6,632,1024,0.6171875
01a0a57f-e612-73a0-a4c0-523ced5dc57c,d,D,QB7,8,0,standard_pi_2,13,0.07,-3150000.0,-3.15,614,1024,0.599609375
01a0a57f-e612-73a0-a4c0-523ced5dc57c,d,D,QB7,8,0,standard_pi_2,14,0.07,-2700000.0,-2.7,621,1024,0.6064453125
01a0a57f-e612-73a0-a4c0-523ced5dc57c,d,D,QB7,8,0,standard_pi_2,15,0.07,-2250000.0,-2.25,608,1024,0.59375
01a0a57f-e612-73a0-a4c0-523ced5dc57c,d,D,QB7,8,0,standard_pi_2,16,0.07,-1800000.0,-1.8,628,1024,0.61328125
01a0a57f-e612-73a0-a4c0-523ced5dc57c,d,D,QB7,8,0,standard_pi_2,17,0.07,-1350000.0,-1.35,608,1024,0.59375
01a0a57f-e612-73a0-a4c0-523ced5dc57c,d,D,QB7,8,0,standard_pi_2,18,0.07,-900000.0,-0.9,617,1024,0.6025390625
01a0a57f-e612-73a0-a4c0-523ced5dc57c,d,D,QB7,8,0,standard_pi_2,19,0.07,-450000.0,-0.45,561,1024,0.5478515625
01a0a57f-e612-73a0-a4c0-523ced5dc57c,d,D,QB7,8,0,standard_pi_2,20,0.07,0.0,0.0,596,1024,0.58203125
01a0a57f-e612-73a0-a4c0-523ced5dc57c,d,D,QB7,8,0,standard_pi_2,21,0.07,450000.0,0.45,574,1024,0.560546875
01a0a57f-e612-73a0-a4c0-523ced5dc57c,d,D,QB7,8,0,standard_pi_2,22,0.07,900000.0,0.9,597,1024,0.5830078125
01a0a57f-e612-73a0-a4c0-523ced5dc57c,d,D,QB7,8,0,standard_pi_2,23,0.07,1350000.0,1.35,591,1024,0.5771484375
01a0a57f-e612-73a0-a4c0-523ced5dc57c,d,D,QB7,8,0,standard_pi_2,24,0.07,1800000.0,1.8,545,1024,0.5322265625
01a0a57f-e612-73a0-a4c0-523ced5dc57c,d,D,QB7,8,0,standard_pi_2,25,0.07,2250000.0,2.25,553,1024,0.5400390625
01a0a57f-e612-73a0-a4c0-523ced5dc57c,d,D,QB7,8,0,standard_pi_2,26,0.07,2700000.0,2.7,570,1024,0.556640625
01a0a57f-e612-73a0-a4c0-523ced5dc57c,d,D,QB7,8,0,standard_pi_2,27,0.07,3150000.0,3.15,581,1024,0.5673828125
01a0a57f-e612-73a0-a4c0-523ced5dc57c,d,D,QB7,8,0,standard_pi_2,28,0.07,3600000.0,3.6,576,1024,0.5625
01a0a57f-e612-73a0-a4c0-523ced5dc57c,d,D,QB7,8,0,standard_pi_2,29,0.07,4050000.0,4.05,559,1024,0.5458984375
01a0a57f-e612-73a0-a4c0-523ced5dc57c,d,D,QB7,8,0,standard_pi_2,30,0.07,4500000.0,4.5,564,1024,0.55078125
01a0a57f-e612-73a0-a4c0-523ced5dc57c,d,D,QB7,8,0,standard_pi_2,31,0.07,4950000.0,4.95,567,1024,0.5537109375
01a0a57f-e612-73a0-a4c0-523ced5dc57c,d,D,QB7,8,0,standard_pi_2,32,0.07,5400000.0,5.4,544,1024,0.53125
01a0a57f-e612-73a0-a4c0-523ced5dc57c,d,D,QB7,8,0,standard_pi_2,33,0.07,5850000.0,5.85,511,1024,0.4990234375
01a0a57f-e612-73a0-a4c0-523ced5dc57c,d,D,QB7,8,0,standard_pi_2,34,0.07,6300000.0,6.3,545,1024,0.5322265625
01a0a57f-e612-73a0-a4c0-523ced5dc57c,d,D,QB7,8,0,standard_pi_2,35,0.07,6750000.0,6.75,546,1024,0.533203125
01a0a57f-e612-73a0-a4c0-523ced5dc57c,d,D,QB7,8,0,standard_pi_2,36,0.07,7200000.0,7.2,533,1024,0.5205078125
01a0a57f-e612-73a0-a4c0-523ced5dc57c,d,D,QB7,8,0,standard_pi_2,37,0.07,7650000.0,7.65,527,1024,0.5146484375
01a0a57f-e612-73a0-a4c0-523ced5dc57c,d,D,QB7,8,0,standard_pi_2,38,0.07,8100000.0,8.1,499,1024,0.4873046875
01a0a57f-e612-73a0-a4c0-523ced5dc57c,d,D,QB7,8,0,standard_pi_2,39,0.07,8550000.0,8.55,521,1024,0.5087890625
01a0a57f-e612-73a0-a4c0-523ced5dc57c,d,D,QB7,8,0,standard_pi_2,40,0.07,9000000.0,9.0,503,1024,0.4912109375
01a0a57f-e612-73a0-a4c0-523ced5dc57c,d,D,QB7,8,1,UVH4d,0,0.07,-9000000.0,-9.0,486,1024,0.474609375
01a0a57f-e612-73a0-a4c0-523ced5dc57c,d,D,QB7,8,1,UVH4d,1,0.07,-8550000.0,-8.55,463,1024,0.4521484375
01a0a57f-e612-73a0-a4c0-523ced5dc57c,d,D,QB7,8,1,UVH4d,2,0.07,-8100000.0,-8.1,455,1024,0.4443359375
01a0a57f-e612-73a0-a4c0-523ced5dc57c,d,D,QB7,8,1,UVH4d,3,0.07,-7650000.0,-7.65,501,1024,0.4892578125
01a0a57f-e612-73a0-a4c0-523ced5dc57c,d,D,QB7,8,1,UVH4d,4,0.07,-7200000.0,-7.2,491,1024,0.4794921875
01a0a57f-e612-73a0-a4c0-523ced5dc57c,d,D,QB7,8,1,UVH4d,5,0.07,-6750000.0,-6.75,493,1024,0.4814453125
01a0a57f-e612-73a0-a4c0-523ced5dc57c,d,D,QB7,8,1,UVH4d,6,0.07,-6300000.0,-6.3,493,1024,0.4814453125
01a0a57f-e612-73a0-a4c0-523ced5dc57c,d,D,QB7,8,1,UVH4d,7,0.07,-5850000.0,-5.85,517,1024,0.5048828125
01a0a57f-e612-73a0-a4c0-523ced5dc57c,d,D,QB7,8,1,UVH4d,8,0.07,-5400000.0,-5.4,542,1024,0.529296875
01a0a57f-e612-73a0-a4c0-523ced5dc57c,d,D,QB7,8,1,UVH4d,9,0.07,-4950000.0,-4.95,501,1024,0.4892578125
01a0a57f-e612-73a0-a4c0-523ced5dc57c,d,D,QB7,8,1,UVH4d,10,0.07,-4500000.0,-4.5,541,1024,0.5283203125
01a0a57f-e612-73a0-a4c0-523ced5dc57c,d,D,QB7,8,1,UVH4d,11,0.07,-4050000.0,-4.05,520,1024,0.5078125
01a0a57f-e612-73a0-a4c0-523ced5dc57c,d,D,QB7,8,1,UVH4d,12,0.07,-3600000.0,-3.6,537,1024,0.5244140625
01a0a57f-e612-73a0-a4c0-523ced5dc57c,d,D,QB7,8,1,UVH4d,13,0.07,-3150000.0,-3.15,533,1024,0.5205078125
01a0a57f-e612-73a0-a4c0-523ced5dc57c,d,D,QB7,8,1,UVH4d,14,0.07,-2700000.0,-2.7,505,1024,0.4931640625
01a0a57f-e612-73a0-a4c0-523ced5dc57c,d,D,QB7,8,1,UVH4d,15,0.07,-2250000.0,-2.25,517,1024,0.5048828125
01a0a57f-e612-73a0-a4c0-523ced5dc57c,d,D,QB7,8,1,UVH4d,16,0.07,-1800000.0,-1.8,517,1024,0.5048828125
01a0a57f-e612-73a0-a4c0-523ced5dc57c,d,D,QB7,8,1,UVH4d,17,0.07,-1350000.0,-1.35,534,1024,0.521484375
01a0a57f-e612-73a0-a4c0-523ced5dc57c,d,D,QB7,8,1,UVH4d,18,0.07,-900000.0,-0.9,540,1024,0.52734375
01a0a57f-e612-73a0-a4c0-523ced5dc57c,d,D,QB7,8,1,UVH4d,19,0.07,-450000.0,-0.45,524,1024,0.51171875
01a0a57f-e612-73a0-a4c0-523ced5dc57c,d,D,QB7,8,1,UVH4d,20,0.07,0.0,0.0,525,1024,0.5126953125
01a0a57f-e612-73a0-a4c0-523ced5dc57c,d,D,QB7,8,1,UVH4d,21,0.07,450000.0,0.45,532,1024,0.51953125
01a0a57f-e612-73a0-a4c0-523ced5dc57c,d,D,QB7,8,1,UVH4d,22,0.07,900000.0,0.9,506,1024,0.494140625
01a0a57f-e612-73a0-a4c0-523ced5dc57c,d,D,QB7,8,1,UVH4d,23,0.07,1350000.0,1.35,492,1024,0.48046875
01a0a57f-e612-73a0-a4c0-523ced5dc57c,d,D,QB7,8,1,UVH4d,24,0.07,1800000.0,1.8,493,1024,0.4814453125
01a0a57f-e612-73a0-a4c0-523ced5dc57c,d,D,QB7,8,1,UVH4d,25,0.07,2250000.0,2.25,501,1024,0.4892578125
01a0a57f-e612-73a0-a4c0-523ced5dc57c,d,D,QB7,8,1,UVH4d,26,0.07,2700000.0,2.7,514,1024,0.501953125
01a0a57f-e612-73a0-a4c0-523ced5dc57c,d,D,QB7,8,1,UVH4d,27,0.07,3150000.0,3.15,509,1024,0.4970703125
01a0a57f-e612-73a0-a4c0-523ced5dc57c,d,D,QB7,8,1,UVH4d,28,0.07,3600000.0,3.6,527,1024,0.5146484375
01a0a57f-e612-73a0-a4c0-523ced5dc57c,d,D,QB7,8,1,UVH4d,29,0.07,4050000.0,4.05,512,1024,0.5
01a0a57f-e612-73a0-a4c0-523ced5dc57c,d,D,QB7,8,1,UVH4d,30,0.07,4500000.0,4.5,541,1024,0.5283203125
01a0a57f-e612-73a0-a4c0-523ced5dc57c,d,D,QB7,8,1,UVH4d,31,0.07,4950000.0,4.95,554,1024,0.541015625
01a0a57f-e612-73a0-a4c0-523ced5dc57c,d,D,QB7,8,1,UVH4d,32,0.07,5400000.0,5.4,555,1024,0.5419921875
01a0a57f-e612-73a0-a4c0-523ced5dc57c,d,D,QB7,8,1,UVH4d,33,0.07,5850000.0,5.85,566,1024,0.552734375
01a0a57f-e612-73a0-a4c0-523ced5dc57c,d,D,QB7,8,1,UVH4d,34,0.07,6300000.0,6.3,577,1024,0.5634765625
01a0a57f-e612-73a0-a4c0-523ced5dc57c,d,D,QB7,8,1,UVH4d,35,0.07,6750000.0,6.75,605,1024,0.5908203125
01a0a57f-e612-73a0-a4c0-523ced5dc57c,d,D,QB7,8,1,UVH4d,36,0.07,7200000.0,7.2,614,1024,0.599609375
01a0a57f-e612-73a0-a4c0-523ced5dc57c,d,D,QB7,8,1,UVH4d,37,0.07,7650000.0,7.65,621,1024,0.6064453125
01a0a57f-e612-73a0-a4c0-523ced5dc57c,d,D,QB7,8,1,UVH4d,38,0.07,8100000.0,8.1,660,1024,0.64453125
01a0a57f-e612-73a0-a4c0-523ced5dc57c,d,D,QB7,8,1,UVH4d,39,0.07,8550000.0,8.55,672,1024,0.65625
01a0a57f-e612-73a0-a4c0-523ced5dc57c,d,D,QB7,8,1,UVH4d,40,0.07,9000000.0,9.0,693,1024,0.6767578125
01a0a57f-e612-73a0-a4c0-523ced5dc57c,d,D,QB7,8,2,UVH5d,0,0.07,-9000000.0,-9.0,169,1024,0.1650390625
01a0a57f-e612-73a0-a4c0-523ced5dc57c,d,D,QB7,8,2,UVH5d,1,0.07,-8550000.0,-8.55,208,1024,0.203125
01a0a57f-e612-73a0-a4c0-523ced5dc57c,d,D,QB7,8,2,UVH5d,2,0.07,-8100000.0,-8.1,255,1024,0.2490234375
01a0a57f-e612-73a0-a4c0-523ced5dc57c,d,D,QB7,8,2,UVH5d,3,0.07,-7650000.0,-7.65,271,1024,0.2646484375
01a0a57f-e612-73a0-a4c0-523ced5dc57c,d,D,QB7,8,2,UVH5d,4,0.07,-7200000.0,-7.2,312,1024,0.3046875
01a0a57f-e612-73a0-a4c0-523ced5dc57c,d,D,QB7,8,2,UVH5d,5,0.07,-6750000.0,-6.75,305,1024,0.2978515625
01a0a57f-e612-73a0-a4c0-523ced5dc57c,d,D,QB7,8,2,UVH5d,6,0.07,-6300000.0,-6.3,360,1024,0.3515625
01a0a57f-e612-73a0-a4c0-523ced5dc57c,d,D,QB7,8,2,UVH5d,7,0.07,-5850000.0,-5.85,405,1024,0.3955078125
01a0a57f-e612-73a0-a4c0-523ced5dc57c,d,D,QB7,8,2,UVH5d,8,0.07,-5400000.0,-5.4,451,1024,0.4404296875
01a0a57f-e612-73a0-a4c0-523ced5dc57c,d,D,QB7,8,2,UVH5d,9,0.07,-4950000.0,-4.95,484,1024,0.47265625
01a0a57f-e612-73a0-a4c0-523ced5dc57c,d,D,QB7,8,2,UVH5d,10,0.07,-4500000.0,-4.5,498,1024,0.486328125
01a0a57f-e612-73a0-a4c0-523ced5dc57c,d,D,QB7,8,2,UVH5d,11,0.07,-4050000.0,-4.05,537,1024,0.5244140625
01a0a57f-e612-73a0-a4c0-523ced5dc57c,d,D,QB7,8,2,UVH5d,12,0.07,-3600000.0,-3.6,567,1024,0.5537109375
01a0a57f-e612-73a0-a4c0-523ced5dc57c,d,D,QB7,8,2,UVH5d,13,0.07,-3150000.0,-3.15,565,1024,0.5517578125
01a0a57f-e612-73a0-a4c0-523ced5dc57c,d,D,QB7,8,2,UVH5d,14,0.07,-2700000.0,-2.7,577,1024,0.5634765625
01a0a57f-e612-73a0-a4c0-523ced5dc57c,d,D,QB7,8,2,UVH5d,15,0.07,-2250000.0,-2.25,594,1024,0.580078125
01a0a57f-e612-73a0-a4c0-523ced5dc57c,d,D,QB7,8,2,UVH5d,16,0.07,-1800000.0,-1.8,602,1024,0.587890625
01a0a57f-e612-73a0-a4c0-523ced5dc57c,d,D,QB7,8,2,UVH5d,17,0.07,-1350000.0,-1.35,612,1024,0.59765625
01a0a57f-e612-73a0-a4c0-523ced5dc57c,d,D,QB7,8,2,UVH5d,18,0.07,-900000.0,-0.9,597,1024,0.5830078125
01a0a57f-e612-73a0-a4c0-523ced5dc57c,d,D,QB7,8,2,UVH5d,19,0.07,-450000.0,-0.45,590,1024,0.576171875
01a0a57f-e612-73a0-a4c0-523ced5dc57c,d,D,QB7,8,2,UVH5d,20,0.07,0.0,0.0,600,1024,0.5859375
01a0a57f-e612-73a0-a4c0-523ced5dc57c,d,D,QB7,8,2,UVH5d,21,0.07,450000.0,0.45,604,1024,0.58984375
01a0a57f-e612-73a0-a4c0-523ced5dc57c,d,D,QB7,8,2,UVH5d,22,0.07,900000.0,0.9,580,1024,0.56640625
01a0a57f-e612-73a0-a4c0-523ced5dc57c,d,D,QB7,8,2,UVH5d,23,0.07,1350000.0,1.35,598,1024,0.583984375
01a0a57f-e612-73a0-a4c0-523ced5dc57c,d,D,QB7,8,2,UVH5d,24,0.07,1800000.0,1.8,585,1024,0.5712890625
01a0a57f-e612-73a0-a4c0-523ced5dc57c,d,D,QB7,8,2,UVH5d,25,0.07,2250000.0,2.25,549,1024,0.5361328125
01a0a57f-e612-73a0-a4c0-523ced5dc57c,d,D,QB7,8,2,UVH5d,26,0.07,2700000.0,2.7,544,1024,0.53125
01a0a57f-e612-73a0-a4c0-523ced5dc57c,d,D,QB7,8,2,UVH5d,27,0.07,3150000.0,3.15,558,1024,0.544921875
01a0a57f-e612-73a0-a4c0-523ced5dc57c,d,D,QB7,8,2,UVH5d,28,0.07,3600000.0,3.6,521,1024,0.5087890625
01a0a57f-e612-73a0-a4c0-523ced5dc57c,d,D,QB7,8,2,UVH5d,29,0.07,4050000.0,4.05,513,1024,0.5009765625
01a0a57f-e612-73a0-a4c0-523ced5dc57c,d,D,QB7,8,2,UVH5d,30,0.07,4500000.0,4.5,541,1024,0.5283203125
01a0a57f-e612-73a0-a4c0-523ced5dc57c,d,D,QB7,8,2,UVH5d,31,0.07,4950000.0,4.95,542,1024,0.529296875
01a0a57f-e612-73a0-a4c0-523ced5dc57c,d,D,QB7,8,2,UVH5d,32,0.07,5400000.0,5.4,513,1024,0.5009765625
01a0a57f-e612-73a0-a4c0-523ced5dc57c,d,D,QB7,8,2,UVH5d,33,0.07,5850000.0,5.85,509,1024,0.4970703125
01a0a57f-e612-73a0-a4c0-523ced5dc57c,d,D,QB7,8,2,UVH5d,34,0.07,6300000.0,6.3,556,1024,0.54296875
01a0a57f-e612-73a0-a4c0-523ced5dc57c,d,D,QB7,8,2,UVH5d,35,0.07,6750000.0,6.75,546,1024,0.533203125
01a0a57f-e612-73a0-a4c0-523ced5dc57c,d,D,QB7,8,2,UVH5d,36,0.07,7200000.0,7.2,527,1024,0.5146484375
01a0a57f-e612-73a0-a4c0-523ced5dc57c,d,D,QB7,8,2,UVH5d,37,0.07,7650000.0,7.65,515,1024,0.5029296875
01a0a57f-e612-73a0-a4c0-523ced5dc57c,d,D,QB7,8,2,UVH5d,38,0.07,8100000.0,8.1,531,1024,0.5185546875
01a0a57f-e612-73a0-a4c0-523ced5dc57c,d,D,QB7,8,2,UVH5d,39,0.07,8550000.0,8.55,543,1024,0.5302734375
01a0a57f-e612-73a0-a4c0-523ced5dc57c,d,D,QB7,8,2,UVH5d,40,0.07,9000000.0,9.0,505,1024,0.4931640625
01a0a57f-e612-73a0-a4c0-523ced5dc57c,d,D,QB7,8,3,UVH6d,0,0.07,-9000000.0,-9.0,627,1024,0.6123046875
01a0a57f-e612-73a0-a4c0-523ced5dc57c,d,D,QB7,8,3,UVH6d,1,0.07,-8550000.0,-8.55,599,1024,0.5849609375
01a0a57f-e612-73a0-a4c0-523ced5dc57c,d,D,QB7,8,3,UVH6d,2,0.07,-8100000.0,-8.1,599,1024,0.5849609375
01a0a57f-e612-73a0-a4c0-523ced5dc57c,d,D,QB7,8,3,UVH6d,3,0.07,-7650000.0,-7.65,605,1024,0.5908203125
01a0a57f-e612-73a0-a4c0-523ced5dc57c,d,D,QB7,8,3,UVH6d,4,0.07,-7200000.0,-7.2,586,1024,0.572265625
01a0a57f-e612-73a0-a4c0-523ced5dc57c,d,D,QB7,8,3,UVH6d,5,0.07,-6750000.0,-6.75,567,1024,0.5537109375
01a0a57f-e612-73a0-a4c0-523ced5dc57c,d,D,QB7,8,3,UVH6d,6,0.07,-6300000.0,-6.3,561,1024,0.5478515625
01a0a57f-e612-73a0-a4c0-523ced5dc57c,d,D,QB7,8,3,UVH6d,7,0.07,-5850000.0,-5.85,520,1024,0.5078125
01a0a57f-e612-73a0-a4c0-523ced5dc57c,d,D,QB7,8,3,UVH6d,8,0.07,-5400000.0,-5.4,536,1024,0.5234375
01a0a57f-e612-73a0-a4c0-523ced5dc57c,d,D,QB7,8,3,UVH6d,9,0.07,-4950000.0,-4.95,525,1024,0.5126953125
01a0a57f-e612-73a0-a4c0-523ced5dc57c,d,D,QB7,8,3,UVH6d,10,0.07,-4500000.0,-4.5,520,1024,0.5078125
01a0a57f-e612-73a0-a4c0-523ced5dc57c,d,D,QB7,8,3,UVH6d,11,0.07,-4050000.0,-4.05,525,1024,0.5126953125
01a0a57f-e612-73a0-a4c0-523ced5dc57c,d,D,QB7,8,3,UVH6d,12,0.07,-3600000.0,-3.6,533,1024,0.5205078125
01a0a57f-e612-73a0-a4c0-523ced5dc57c,d,D,QB7,8,3,UVH6d,13,0.07,-3150000.0,-3.15,523,1024,0.5107421875
01a0a57f-e612-73a0-a4c0-523ced5dc57c,d,D,QB7,8,3,UVH6d,14,0.07,-2700000.0,-2.7,514,1024,0.501953125
01a0a57f-e612-73a0-a4c0-523ced5dc57c,d,D,QB7,8,3,UVH6d,15,0.07,-2250000.0,-2.25,529,1024,0.5166015625
01a0a57f-e612-73a0-a4c0-523ced5dc57c,d,D,QB7,8,3,UVH6d,16,0.07,-1800000.0,-1.8,510,1024,0.498046875
01a0a57f-e612-73a0-a4c0-523ced5dc57c,d,D,QB7,8,3,UVH6d,17,0.07,-1350000.0,-1.35,546,1024,0.533203125
01a0a57f-e612-73a0-a4c0-523ced5dc57c,d,D,QB7,8,3,UVH6d,18,0.07,-900000.0,-0.9,502,1024,0.490234375
01a0a57f-e612-73a0-a4c0-523ced5dc57c,d,D,QB7,8,3,UVH6d,19,0.07,-450000.0,-0.45,512,1024,0.5
01a0a57f-e612-73a0-a4c0-523ced5dc57c,d,D,QB7,8,3,UVH6d,20,0.07,0.0,0.0,500,1024,0.48828125
01a0a57f-e612-73a0-a4c0-523ced5dc57c,d,D,QB7,8,3,UVH6d,21,0.07,450000.0,0.45,518,1024,0.505859375
01a0a57f-e612-73a0-a4c0-523ced5dc57c,d,D,QB7,8,3,UVH6d,22,0.07,900000.0,0.9,508,1024,0.49609375
01a0a57f-e612-73a0-a4c0-523ced5dc57c,d,D,QB7,8,3,UVH6d,23,0.07,1350000.0,1.35,490,1024,0.478515625
01a0a57f-e612-73a0-a4c0-523ced5dc57c,d,D,QB7,8,3,UVH6d,24,0.07,1800000.0,1.8,481,1024,0.4697265625
01a0a57f-e612-73a0-a4c0-523ced5dc57c,d,D,QB7,8,3,UVH6d,25,0.07,2250000.0,2.25,505,1024,0.4931640625
01a0a57f-e612-73a0-a4c0-523ced5dc57c,d,D,QB7,8,3,UVH6d,26,0.07,2700000.0,2.7,503,1024,0.4912109375
01a0a57f-e612-73a0-a4c0-523ced5dc57c,d,D,QB7,8,3,UVH6d,27,0.07,3150000.0,3.15,491,1024,0.4794921875
01a0a57f-e612-73a0-a4c0-523ced5dc57c,d,D,QB7,8,3,UVH6d,28,0.07,3600000.0,3.6,471,1024,0.4599609375
01a0a57f-e612-73a0-a4c0-523ced5dc57c,d,D,QB7,8,3,UVH6d,29,0.07,4050000.0,4.05,486,1024,0.474609375
01a0a57f-e612-73a0-a4c0-523ced5dc57c,d,D,QB7,8,3,UVH6d,30,0.07,4500000.0,4.5,498,1024,0.486328125
01a0a57f-e612-73a0-a4c0-523ced5dc57c,d,D,QB7,8,3,UVH6d,31,0.07,4950000.0,4.95,484,1024,0.47265625
01a0a57f-e612-73a0-a4c0-523ced5dc57c,d,D,QB7,8,3,UVH6d,32,0.07,5400000.0,5.4,467,1024,0.4560546875
01a0a57f-e612-73a0-a4c0-523ced5dc57c,d,D,QB7,8,3,UVH6d,33,0.07,5850000.0,5.85,509,1024,0.4970703125
01a0a57f-e612-73a0-a4c0-523ced5dc57c,d,D,QB7,8,3,UVH6d,34,0.07,6300000.0,6.3,503,1024,0.4912109375
01a0a57f-e612-73a0-a4c0-523ced5dc57c,d,D,QB7,8,3,UVH6d,35,0.07,6750000.0,6.75,494,1024,0.482421875
01a0a57f-e612-73a0-a4c0-523ced5dc57c,d,D,QB7,8,3,UVH6d,36,0.07,7200000.0,7.2,521,1024,0.5087890625
01a0a57f-e612-73a0-a4c0-523ced5dc57c,d,D,QB7,8,3,UVH6d,37,0.07,7650000.0,7.65,503,1024,0.4912109375
01a0a57f-e612-73a0-a4c0-523ced5dc57c,d,D,QB7,8,3,UVH6d,38,0.07,8100000.0,8.1,526,1024,0.513671875
01a0a57f-e612-73a0-a4c0-523ced5dc57c,d,D,QB7,8,3,UVH6d,39,0.07,8550000.0,8.55,533,1024,0.5205078125
01a0a57f-e612-73a0-a4c0-523ced5dc57c,d,D,QB7,8,3,UVH6d,40,0.07,9000000.0,9.0,557,1024,0.5439453125
01a0a57f-e612-73a0-a4c0-523ced5dc57c,d,D,QB7,8,4,UVH7d,0,0.07,-9000000.0,-9.0,460,1024,0.44921875
01a0a57f-e612-73a0-a4c0-523ced5dc57c,d,D,QB7,8,4,UVH7d,1,0.07,-8550000.0,-8.55,438,1024,0.427734375
01a0a57f-e612-73a0-a4c0-523ced5dc57c,d,D,QB7,8,4,UVH7d,2,0.07,-8100000.0,-8.1,445,1024,0.4345703125
01a0a57f-e612-73a0-a4c0-523ced5dc57c,d,D,QB7,8,4,UVH7d,3,0.07,-7650000.0,-7.65,446,1024,0.435546875
01a0a57f-e612-73a0-a4c0-523ced5dc57c,d,D,QB7,8,4,UVH7d,4,0.07,-7200000.0,-7.2,461,1024,0.4501953125
01a0a57f-e612-73a0-a4c0-523ced5dc57c,d,D,QB7,8,4,UVH7d,5,0.07,-6750000.0,-6.75,420,1024,0.41015625
01a0a57f-e612-73a0-a4c0-523ced5dc57c,d,D,QB7,8,4,UVH7d,6,0.07,-6300000.0,-6.3,426,1024,0.416015625
01a0a57f-e612-73a0-a4c0-523ced5dc57c,d,D,QB7,8,4,UVH7d,7,0.07,-5850000.0,-5.85,415,1024,0.4052734375
01a0a57f-e612-73a0-a4c0-523ced5dc57c,d,D,QB7,8,4,UVH7d,8,0.07,-5400000.0,-5.4,410,1024,0.400390625
01a0a57f-e612-73a0-a4c0-523ced5dc57c,d,D,QB7,8,4,UVH7d,9,0.07,-4950000.0,-4.95,406,1024,0.396484375
01a0a57f-e612-73a0-a4c0-523ced5dc57c,d,D,QB7,8,4,UVH7d,10,0.07,-4500000.0,-4.5,419,1024,0.4091796875
01a0a57f-e612-73a0-a4c0-523ced5dc57c,d,D,QB7,8,4,UVH7d,11,0.07,-4050000.0,-4.05,415,1024,0.4052734375
01a0a57f-e612-73a0-a4c0-523ced5dc57c,d,D,QB7,8,4,UVH7d,12,0.07,-3600000.0,-3.6,414,1024,0.404296875
01a0a57f-e612-73a0-a4c0-523ced5dc57c,d,D,QB7,8,4,UVH7d,13,0.07,-3150000.0,-3.15,405,1024,0.3955078125
01a0a57f-e612-73a0-a4c0-523ced5dc57c,d,D,QB7,8,4,UVH7d,14,0.07,-2700000.0,-2.7,390,1024,0.380859375
01a0a57f-e612-73a0-a4c0-523ced5dc57c,d,D,QB7,8,4,UVH7d,15,0.07,-2250000.0,-2.25,386,1024,0.376953125
01a0a57f-e612-73a0-a4c0-523ced5dc57c,d,D,QB7,8,4,UVH7d,16,0.07,-1800000.0,-1.8,390,1024,0.380859375
01a0a57f-e612-73a0-a4c0-523ced5dc57c,d,D,QB7,8,4,UVH7d,17,0.07,-1350000.0,-1.35,394,1024,0.384765625
01a0a57f-e612-73a0-a4c0-523ced5dc57c,d,D,QB7,8,4,UVH7d,18,0.07,-900000.0,-0.9,381,1024,0.3720703125
01a0a57f-e612-73a0-a4c0-523ced5dc57c,d,D,QB7,8,4,UVH7d,19,0.07,-450000.0,-0.45,405,1024,0.3955078125
01a0a57f-e612-73a0-a4c0-523ced5dc57c,d,D,QB7,8,4,UVH7d,20,0.07,0.0,0.0,422,1024,0.412109375
01a0a57f-e612-73a0-a4c0-523ced5dc57c,d,D,QB7,8,4,UVH7d,21,0.07,450000.0,0.45,411,1024,0.4013671875
01a0a57f-e612-73a0-a4c0-523ced5dc57c,d,D,QB7,8,4,UVH7d,22,0.07,900000.0,0.9,389,1024,0.3798828125
01a0a57f-e612-73a0-a4c0-523ced5dc57c,d,D,QB7,8,4,UVH7d,23,0.07,1350000.0,1.35,417,1024,0.4072265625
01a0a57f-e612-73a0-a4c0-523ced5dc57c,d,D,QB7,8,4,UVH7d,24,0.07,1800000.0,1.8,408,1024,0.3984375
01a0a57f-e612-73a0-a4c0-523ced5dc57c,d,D,QB7,8,4,UVH7d,25,0.07,2250000.0,2.25,416,1024,0.40625
01a0a57f-e612-73a0-a4c0-523ced5dc57c,d,D,QB7,8,4,UVH7d,26,0.07,2700000.0,2.7,418,1024,0.408203125
01a0a57f-e612-73a0-a4c0-523ced5dc57c,d,D,QB7,8,4,UVH7d,27,0.07,3150000.0,3.15,429,1024,0.4189453125
01a0a57f-e612-73a0-a4c0-523ced5dc57c,d,D,QB7,8,4,UVH7d,28,0.07,3600000.0,3.6,434,1024,0.423828125
01a0a57f-e612-73a0-a4c0-523ced5dc57c,d,D,QB7,8,4,UVH7d,29,0.07,4050000.0,4.05,462,1024,0.451171875
01a0a57f-e612-73a0-a4c0-523ced5dc57c,d,D,QB7,8,4,UVH7d,30,0.07,4500000.0,4.5,426,1024,0.416015625
01a0a57f-e612-73a0-a4c0-523ced5dc57c,d,D,QB7,8,4,UVH7d,31,0.07,4950000.0,4.95,412,1024,0.40234375
01a0a57f-e612-73a0-a4c0-523ced5dc57c,d,D,QB7,8,4,UVH7d,32,0.07,5400000.0,5.4,414,1024,0.404296875
01a0a57f-e612-73a0-a4c0-523ced5dc57c,d,D,QB7,8,4,UVH7d,33,0.07,5850000.0,5.85,418,1024,0.408203125
01a0a57f-e612-73a0-a4c0-523ced5dc57c,d,D,QB7,8,4,UVH7d,34,0.07,6300000.0,6.3,409,1024,0.3994140625
01a0a57f-e612-73a0-a4c0-523ced5dc57c,d,D,QB7,8,4,UVH7d,35,0.07,6750000.0,6.75,366,1024,0.357421875
01a0a57f-e612-73a0-a4c0-523ced5dc57c,d,D,QB7,8,4,UVH7d,36,0.07,7200000.0,7.2,383,1024,0.3740234375
01a0a57f-e612-73a0-a4c0-523ced5dc57c,d,D,QB7,8,4,UVH7d,37,0.07,7650000.0,7.65,378,1024,0.369140625
01a0a57f-e612-73a0-a4c0-523ced5dc57c,d,D,QB7,8,4,UVH7d,38,0.07,8100000.0,8.1,365,1024,0.3564453125
01a0a57f-e612-73a0-a4c0-523ced5dc57c,d,D,QB7,8,4,UVH7d,39,0.07,8550000.0,8.55,301,1024,0.2939453125
01a0a57f-e612-73a0-a4c0-523ced5dc57c,d,D,QB7,8,4,UVH7d,40,0.07,9000000.0,9.0,307,1024,0.2998046875
01a0a57f-e612-73a0-a4c0-523ced5dc57c,d,D,QB7,8,5,UVH8d,0,0.07,-9000000.0,-9.0,719,1024,0.7021484375
01a0a57f-e612-73a0-a4c0-523ced5dc57c,d,D,QB7,8,5,UVH8d,1,0.07,-8550000.0,-8.55,699,1024,0.6826171875
01a0a57f-e612-73a0-a4c0-523ced5dc57c,d,D,QB7,8,5,UVH8d,2,0.07,-8100000.0,-8.1,710,1024,0.693359375
01a0a57f-e612-73a0-a4c0-523ced5dc57c,d,D,QB7,8,5,UVH8d,3,0.07,-7650000.0,-7.65,699,1024,0.6826171875
01a0a57f-e612-73a0-a4c0-523ced5dc57c,d,D,QB7,8,5,UVH8d,4,0.07,-7200000.0,-7.2,701,1024,0.6845703125
01a0a57f-e612-73a0-a4c0-523ced5dc57c,d,D,QB7,8,5,UVH8d,5,0.07,-6750000.0,-6.75,680,1024,0.6640625
01a0a57f-e612-73a0-a4c0-523ced5dc57c,d,D,QB7,8,5,UVH8d,6,0.07,-6300000.0,-6.3,706,1024,0.689453125
01a0a57f-e612-73a0-a4c0-523ced5dc57c,d,D,QB7,8,5,UVH8d,7,0.07,-5850000.0,-5.85,690,1024,0.673828125
01a0a57f-e612-73a0-a4c0-523ced5dc57c,d,D,QB7,8,5,UVH8d,8,0.07,-5400000.0,-5.4,681,1024,0.6650390625
01a0a57f-e612-73a0-a4c0-523ced5dc57c,d,D,QB7,8,5,UVH8d,9,0.07,-4950000.0,-4.95,671,1024,0.6552734375
01a0a57f-e612-73a0-a4c0-523ced5dc57c,d,D,QB7,8,5,UVH8d,10,0.07,-4500000.0,-4.5,656,1024,0.640625
01a0a57f-e612-73a0-a4c0-523ced5dc57c,d,D,QB7,8,5,UVH8d,11,0.07,-4050000.0,-4.05,666,1024,0.650390625
01a0a57f-e612-73a0-a4c0-523ced5dc57c,d,D,QB7,8,5,UVH8d,12,0.07,-3600000.0,-3.6,656,1024,0.640625
01a0a57f-e612-73a0-a4c0-523ced5dc57c,d,D,QB7,8,5,UVH8d,13,0.07,-3150000.0,-3.15,622,1024,0.607421875
01a0a57f-e612-73a0-a4c0-523ced5dc57c,d,D,QB7,8,5,UVH8d,14,0.07,-2700000.0,-2.7,631,1024,0.6162109375
01a0a57f-e612-73a0-a4c0-523ced5dc57c,d,D,QB7,8,5,UVH8d,15,0.07,-2250000.0,-2.25,654,1024,0.638671875
01a0a57f-e612-73a0-a4c0-523ced5dc57c,d,D,QB7,8,5,UVH8d,16,0.07,-1800000.0,-1.8,585,1024,0.5712890625
01a0a57f-e612-73a0-a4c0-523ced5dc57c,d,D,QB7,8,5,UVH8d,17,0.07,-1350000.0,-1.35,634,1024,0.619140625
01a0a57f-e612-73a0-a4c0-523ced5dc57c,d,D,QB7,8,5,UVH8d,18,0.07,-900000.0,-0.9,657,1024,0.6416015625
01a0a57f-e612-73a0-a4c0-523ced5dc57c,d,D,QB7,8,5,UVH8d,19,0.07,-450000.0,-0.45,644,1024,0.62890625
01a0a57f-e612-73a0-a4c0-523ced5dc57c,d,D,QB7,8,5,UVH8d,20,0.07,0.0,0.0,630,1024,0.615234375
01a0a57f-e612-73a0-a4c0-523ced5dc57c,d,D,QB7,8,5,UVH8d,21,0.07,450000.0,0.45,611,1024,0.5966796875
01a0a57f-e612-73a0-a4c0-523ced5dc57c,d,D,QB7,8,5,UVH8d,22,0.07,900000.0,0.9,628,1024,0.61328125
01a0a57f-e612-73a0-a4c0-523ced5dc57c,d,D,QB7,8,5,UVH8d,23,0.07,1350000.0,1.35,639,1024,0.6240234375
01a0a57f-e612-73a0-a4c0-523ced5dc57c,d,D,QB7,8,5,UVH8d,24,0.07,1800000.0,1.8,663,1024,0.6474609375
01a0a57f-e612-73a0-a4c0-523ced5dc57c,d,D,QB7,8,5,UVH8d,25,0.07,2250000.0,2.25,650,1024,0.634765625
01a0a57f-e612-73a0-a4c0-523ced5dc57c,d,D,QB7,8,5,UVH8d,26,0.07,2700000.0,2.7,650,1024,0.634765625
01a0a57f-e612-73a0-a4c0-523ced5dc57c,d,D,QB7,8,5,UVH8d,27,0.07,3150000.0,3.15,618,1024,0.603515625
01a0a57f-e612-73a0-a4c0-523ced5dc57c,d,D,QB7,8,5,UVH8d,28,0.07,3600000.0,3.6,634,1024,0.619140625
01a0a57f-e612-73a0-a4c0-523ced5dc57c,d,D,QB7,8,5,UVH8d,29,0.07,4050000.0,4.05,669,1024,0.6533203125
01a0a57f-e612-73a0-a4c0-523ced5dc57c,d,D,QB7,8,5,UVH8d,30,0.07,4500000.0,4.5,677,1024,0.6611328125
01a0a57f-e612-73a0-a4c0-523ced5dc57c,d,D,QB7,8,5,UVH8d,31,0.07,4950000.0,4.95,654,1024,0.638671875
01a0a57f-e612-73a0-a4c0-523ced5dc57c,d,D,QB7,8,5,UVH8d,32,0.07,5400000.0,5.4,665,1024,0.6494140625
01a0a57f-e612-73a0-a4c0-523ced5dc57c,d,D,QB7,8,5,UVH8d,33,0.07,5850000.0,5.85,645,1024,0.6298828125
01a0a57f-e612-73a0-a4c0-523ced5dc57c,d,D,QB7,8,5,UVH8d,34,0.07,6300000.0,6.3,656,1024,0.640625
01a0a57f-e612-73a0-a4c0-523ced5dc57c,d,D,QB7,8,5,UVH8d,35,0.07,6750000.0,6.75,645,1024,0.6298828125
01a0a57f-e612-73a0-a4c0-523ced5dc57c,d,D,QB7,8,5,UVH8d,36,0.07,7200000.0,7.2,635,1024,0.6201171875
01a0a57f-e612-73a0-a4c0-523ced5dc57c,d,D,QB7,8,5,UVH8d,37,0.07,7650000.0,7.65,623,1024,0.6083984375
01a0a57f-e612-73a0-a4c0-523ced5dc57c,d,D,QB7,8,5,UVH8d,38,0.07,8100000.0,8.1,621,1024,0.6064453125
01a0a57f-e612-73a0-a4c0-523ced5dc57c,d,D,QB7,8,5,UVH8d,39,0.07,8550000.0,8.55,598,1024,0.583984375
01a0a57f-e612-73a0-a4c0-523ced5dc57c,d,D,QB7,8,5,UVH8d,40,0.07,9000000.0,9.0,581,1024,0.5673828125
01a0a57f-e612-73a0-a4c0-523ced5dc57c,d,D,QB13,9,0,standard_pi_2,0,0.07,-9000000.0,-9.0,583,1024,0.5693359375
01a0a57f-e612-73a0-a4c0-523ced5dc57c,d,D,QB13,9,0,standard_pi_2,1,0.07,-8550000.0,-8.55,594,1024,0.580078125
01a0a57f-e612-73a0-a4c0-523ced5dc57c,d,D,QB13,9,0,standard_pi_2,2,0.07,-8100000.0,-8.1,565,1024,0.5517578125
01a0a57f-e612-73a0-a4c0-523ced5dc57c,d,D,QB13,9,0,standard_pi_2,3,0.07,-7650000.0,-7.65,591,1024,0.5771484375
01a0a57f-e612-73a0-a4c0-523ced5dc57c,d,D,QB13,9,0,standard_pi_2,4,0.07,-7200000.0,-7.2,552,1024,0.5390625
01a0a57f-e612-73a0-a4c0-523ced5dc57c,d,D,QB13,9,0,standard_pi_2,5,0.07,-6750000.0,-6.75,597,1024,0.5830078125
01a0a57f-e612-73a0-a4c0-523ced5dc57c,d,D,QB13,9,0,standard_pi_2,6,0.07,-6300000.0,-6.3,573,1024,0.5595703125
01a0a57f-e612-73a0-a4c0-523ced5dc57c,d,D,QB13,9,0,standard_pi_2,7,0.07,-5850000.0,-5.85,593,1024,0.5791015625
01a0a57f-e612-73a0-a4c0-523ced5dc57c,d,D,QB13,9,0,standard_pi_2,8,0.07,-5400000.0,-5.4,551,1024,0.5380859375
01a0a57f-e612-73a0-a4c0-523ced5dc57c,d,D,QB13,9,0,standard_pi_2,9,0.07,-4950000.0,-4.95,558,1024,0.544921875
01a0a57f-e612-73a0-a4c0-523ced5dc57c,d,D,QB13,9,0,standard_pi_2,10,0.07,-4500000.0,-4.5,553,1024,0.5400390625
01a0a57f-e612-73a0-a4c0-523ced5dc57c,d,D,QB13,9,0,standard_pi_2,11,0.07,-4050000.0,-4.05,562,1024,0.548828125
01a0a57f-e612-73a0-a4c0-523ced5dc57c,d,D,QB13,9,0,standard_pi_2,12,0.07,-3600000.0,-3.6,569,1024,0.5556640625
01a0a57f-e612-73a0-a4c0-523ced5dc57c,d,D,QB13,9,0,standard_pi_2,13,0.07,-3150000.0,-3.15,539,1024,0.5263671875
01a0a57f-e612-73a0-a4c0-523ced5dc57c,d,D,QB13,9,0,standard_pi_2,14,0.07,-2700000.0,-2.7,562,1024,0.548828125
01a0a57f-e612-73a0-a4c0-523ced5dc57c,d,D,QB13,9,0,standard_pi_2,15,0.07,-2250000.0,-2.25,560,1024,0.546875
01a0a57f-e612-73a0-a4c0-523ced5dc57c,d,D,QB13,9,0,standard_pi_2,16,0.07,-1800000.0,-1.8,566,1024,0.552734375
01a0a57f-e612-73a0-a4c0-523ced5dc57c,d,D,QB13,9,0,standard_pi_2,17,0.07,-1350000.0,-1.35,564,1024,0.55078125
01a0a57f-e612-73a0-a4c0-523ced5dc57c,d,D,QB13,9,0,standard_pi_2,18,0.07,-900000.0,-0.9,520,1024,0.5078125
01a0a57f-e612-73a0-a4c0-523ced5dc57c,d,D,QB13,9,0,standard_pi_2,19,0.07,-450000.0,-0.45,589,1024,0.5751953125
01a0a57f-e612-73a0-a4c0-523ced5dc57c,d,D,QB13,9,0,standard_pi_2,20,0.07,0.0,0.0,523,1024,0.5107421875
01a0a57f-e612-73a0-a4c0-523ced5dc57c,d,D,QB13,9,0,standard_pi_2,21,0.07,450000.0,0.45,558,1024,0.544921875
01a0a57f-e612-73a0-a4c0-523ced5dc57c,d,D,QB13,9,0,standard_pi_2,22,0.07,900000.0,0.9,553,1024,0.5400390625
01a0a57f-e612-73a0-a4c0-523ced5dc57c,d,D,QB13,9,0,standard_pi_2,23,0.07,1350000.0,1.35,526,1024,0.513671875
01a0a57f-e612-73a0-a4c0-523ced5dc57c,d,D,QB13,9,0,standard_pi_2,24,0.07,1800000.0,1.8,526,1024,0.513671875
01a0a57f-e612-73a0-a4c0-523ced5dc57c,d,D,QB13,9,0,standard_pi_2,25,0.07,2250000.0,2.25,531,1024,0.5185546875
01a0a57f-e612-73a0-a4c0-523ced5dc57c,d,D,QB13,9,0,standard_pi_2,26,0.07,2700000.0,2.7,530,1024,0.517578125
01a0a57f-e612-73a0-a4c0-523ced5dc57c,d,D,QB13,9,0,standard_pi_2,27,0.07,3150000.0,3.15,571,1024,0.5576171875
01a0a57f-e612-73a0-a4c0-523ced5dc57c,d,D,QB13,9,0,standard_pi_2,28,0.07,3600000.0,3.6,518,1024,0.505859375
01a0a57f-e612-73a0-a4c0-523ced5dc57c,d,D,QB13,9,0,standard_pi_2,29,0.07,4050000.0,4.05,493,1024,0.4814453125
01a0a57f-e612-73a0-a4c0-523ced5dc57c,d,D,QB13,9,0,standard_pi_2,30,0.07,4500000.0,4.5,519,1024,0.5068359375
01a0a57f-e612-73a0-a4c0-523ced5dc57c,d,D,QB13,9,0,standard_pi_2,31,0.07,4950000.0,4.95,491,1024,0.4794921875
01a0a57f-e612-73a0-a4c0-523ced5dc57c,d,D,QB13,9,0,standard_pi_2,32,0.07,5400000.0,5.4,496,1024,0.484375
01a0a57f-e612-73a0-a4c0-523ced5dc57c,d,D,QB13,9,0,standard_pi_2,33,0.07,5850000.0,5.85,518,1024,0.505859375
01a0a57f-e612-73a0-a4c0-523ced5dc57c,d,D,QB13,9,0,standard_pi_2,34,0.07,6300000.0,6.3,510,1024,0.498046875
01a0a57f-e612-73a0-a4c0-523ced5dc57c,d,D,QB13,9,0,standard_pi_2,35,0.07,6750000.0,6.75,492,1024,0.48046875
01a0a57f-e612-73a0-a4c0-523ced5dc57c,d,D,QB13,9,0,standard_pi_2,36,0.07,7200000.0,7.2,490,1024,0.478515625
01a0a57f-e612-73a0-a4c0-523ced5dc57c,d,D,QB13,9,0,standard_pi_2,37,0.07,7650000.0,7.65,473,1024,0.4619140625
01a0a57f-e612-73a0-a4c0-523ced5dc57c,d,D,QB13,9,0,standard_pi_2,38,0.07,8100000.0,8.1,503,1024,0.4912109375
01a0a57f-e612-73a0-a4c0-523ced5dc57c,d,D,QB13,9,0,standard_pi_2,39,0.07,8550000.0,8.55,466,1024,0.455078125
01a0a57f-e612-73a0-a4c0-523ced5dc57c,d,D,QB13,9,0,standard_pi_2,40,0.07,9000000.0,9.0,480,1024,0.46875
01a0a57f-e612-73a0-a4c0-523ced5dc57c,d,D,QB13,9,1,UVH4d,0,0.07,-9000000.0,-9.0,357,1024,0.3486328125
01a0a57f-e612-73a0-a4c0-523ced5dc57c,d,D,QB13,9,1,UVH4d,1,0.07,-8550000.0,-8.55,377,1024,0.3681640625
01a0a57f-e612-73a0-a4c0-523ced5dc57c,d,D,QB13,9,1,UVH4d,2,0.07,-8100000.0,-8.1,383,1024,0.3740234375
01a0a57f-e612-73a0-a4c0-523ced5dc57c,d,D,QB13,9,1,UVH4d,3,0.07,-7650000.0,-7.65,374,1024,0.365234375
01a0a57f-e612-73a0-a4c0-523ced5dc57c,d,D,QB13,9,1,UVH4d,4,0.07,-7200000.0,-7.2,394,1024,0.384765625
01a0a57f-e612-73a0-a4c0-523ced5dc57c,d,D,QB13,9,1,UVH4d,5,0.07,-6750000.0,-6.75,400,1024,0.390625
01a0a57f-e612-73a0-a4c0-523ced5dc57c,d,D,QB13,9,1,UVH4d,6,0.07,-6300000.0,-6.3,412,1024,0.40234375
01a0a57f-e612-73a0-a4c0-523ced5dc57c,d,D,QB13,9,1,UVH4d,7,0.07,-5850000.0,-5.85,396,1024,0.38671875
01a0a57f-e612-73a0-a4c0-523ced5dc57c,d,D,QB13,9,1,UVH4d,8,0.07,-5400000.0,-5.4,435,1024,0.4248046875
01a0a57f-e612-73a0-a4c0-523ced5dc57c,d,D,QB13,9,1,UVH4d,9,0.07,-4950000.0,-4.95,469,1024,0.4580078125
01a0a57f-e612-73a0-a4c0-523ced5dc57c,d,D,QB13,9,1,UVH4d,10,0.07,-4500000.0,-4.5,464,1024,0.453125
01a0a57f-e612-73a0-a4c0-523ced5dc57c,d,D,QB13,9,1,UVH4d,11,0.07,-4050000.0,-4.05,447,1024,0.4365234375
01a0a57f-e612-73a0-a4c0-523ced5dc57c,d,D,QB13,9,1,UVH4d,12,0.07,-3600000.0,-3.6,496,1024,0.484375
01a0a57f-e612-73a0-a4c0-523ced5dc57c,d,D,QB13,9,1,UVH4d,13,0.07,-3150000.0,-3.15,459,1024,0.4482421875
01a0a57f-e612-73a0-a4c0-523ced5dc57c,d,D,QB13,9,1,UVH4d,14,0.07,-2700000.0,-2.7,434,1024,0.423828125
01a0a57f-e612-73a0-a4c0-523ced5dc57c,d,D,QB13,9,1,UVH4d,15,0.07,-2250000.0,-2.25,504,1024,0.4921875
01a0a57f-e612-73a0-a4c0-523ced5dc57c,d,D,QB13,9,1,UVH4d,16,0.07,-1800000.0,-1.8,509,1024,0.4970703125
01a0a57f-e612-73a0-a4c0-523ced5dc57c,d,D,QB13,9,1,UVH4d,17,0.07,-1350000.0,-1.35,514,1024,0.501953125
01a0a57f-e612-73a0-a4c0-523ced5dc57c,d,D,QB13,9,1,UVH4d,18,0.07,-900000.0,-0.9,503,1024,0.4912109375
01a0a57f-e612-73a0-a4c0-523ced5dc57c,d,D,QB13,9,1,UVH4d,19,0.07,-450000.0,-0.45,479,1024,0.4677734375
01a0a57f-e612-73a0-a4c0-523ced5dc57c,d,D,QB13,9,1,UVH4d,20,0.07,0.0,0.0,529,1024,0.5166015625
01a0a57f-e612-73a0-a4c0-523ced5dc57c,d,D,QB13,9,1,UVH4d,21,0.07,450000.0,0.45,518,1024,0.505859375
01a0a57f-e612-73a0-a4c0-523ced5dc57c,d,D,QB13,9,1,UVH4d,22,0.07,900000.0,0.9,478,1024,0.466796875
01a0a57f-e612-73a0-a4c0-523ced5dc57c,d,D,QB13,9,1,UVH4d,23,0.07,1350000.0,1.35,493,1024,0.4814453125
01a0a57f-e612-73a0-a4c0-523ced5dc57c,d,D,QB13,9,1,UVH4d,24,0.07,1800000.0,1.8,506,1024,0.494140625
01a0a57f-e612-73a0-a4c0-523ced5dc57c,d,D,QB13,9,1,UVH4d,25,0.07,2250000.0,2.25,518,1024,0.505859375
01a0a57f-e612-73a0-a4c0-523ced5dc57c,d,D,QB13,9,1,UVH4d,26,0.07,2700000.0,2.7,539,1024,0.5263671875
01a0a57f-e612-73a0-a4c0-523ced5dc57c,d,D,QB13,9,1,UVH4d,27,0.07,3150000.0,3.15,469,1024,0.4580078125
01a0a57f-e612-73a0-a4c0-523ced5dc57c,d,D,QB13,9,1,UVH4d,28,0.07,3600000.0,3.6,527,1024,0.5146484375
01a0a57f-e612-73a0-a4c0-523ced5dc57c,d,D,QB13,9,1,UVH4d,29,0.07,4050000.0,4.05,549,1024,0.5361328125
01a0a57f-e612-73a0-a4c0-523ced5dc57c,d,D,QB13,9,1,UVH4d,30,0.07,4500000.0,4.5,558,1024,0.544921875
01a0a57f-e612-73a0-a4c0-523ced5dc57c,d,D,QB13,9,1,UVH4d,31,0.07,4950000.0,4.95,577,1024,0.5634765625
01a0a57f-e612-73a0-a4c0-523ced5dc57c,d,D,QB13,9,1,UVH4d,32,0.07,5400000.0,5.4,549,1024,0.5361328125
01a0a57f-e612-73a0-a4c0-523ced5dc57c,d,D,QB13,9,1,UVH4d,33,0.07,5850000.0,5.85,566,1024,0.552734375
01a0a57f-e612-73a0-a4c0-523ced5dc57c,d,D,QB13,9,1,UVH4d,34,0.07,6300000.0,6.3,604,1024,0.58984375
01a0a57f-e612-73a0-a4c0-523ced5dc57c,d,D,QB13,9,1,UVH4d,35,0.07,6750000.0,6.75,592,1024,0.578125
01a0a57f-e612-73a0-a4c0-523ced5dc57c,d,D,QB13,9,1,UVH4d,36,0.07,7200000.0,7.2,626,1024,0.611328125
01a0a57f-e612-73a0-a4c0-523ced5dc57c,d,D,QB13,9,1,UVH4d,37,0.07,7650000.0,7.65,612,1024,0.59765625
01a0a57f-e612-73a0-a4c0-523ced5dc57c,d,D,QB13,9,1,UVH4d,38,0.07,8100000.0,8.1,602,1024,0.587890625
01a0a57f-e612-73a0-a4c0-523ced5dc57c,d,D,QB13,9,1,UVH4d,39,0.07,8550000.0,8.55,648,1024,0.6328125
01a0a57f-e612-73a0-a4c0-523ced5dc57c,d,D,QB13,9,1,UVH4d,40,0.07,9000000.0,9.0,647,1024,0.6318359375
01a0a57f-e612-73a0-a4c0-523ced5dc57c,d,D,QB13,9,2,UVH5d,0,0.07,-9000000.0,-9.0,183,1024,0.1787109375
01a0a57f-e612-73a0-a4c0-523ced5dc57c,d,D,QB13,9,2,UVH5d,1,0.07,-8550000.0,-8.55,164,1024,0.16015625
01a0a57f-e612-73a0-a4c0-523ced5dc57c,d,D,QB13,9,2,UVH5d,2,0.07,-8100000.0,-8.1,203,1024,0.1982421875
01a0a57f-e612-73a0-a4c0-523ced5dc57c,d,D,QB13,9,2,UVH5d,3,0.07,-7650000.0,-7.65,248,1024,0.2421875
01a0a57f-e612-73a0-a4c0-523ced5dc57c,d,D,QB13,9,2,UVH5d,4,0.07,-7200000.0,-7.2,267,1024,0.2607421875
01a0a57f-e612-73a0-a4c0-523ced5dc57c,d,D,QB13,9,2,UVH5d,5,0.07,-6750000.0,-6.75,274,1024,0.267578125
01a0a57f-e612-73a0-a4c0-523ced5dc57c,d,D,QB13,9,2,UVH5d,6,0.07,-6300000.0,-6.3,326,1024,0.318359375
01a0a57f-e612-73a0-a4c0-523ced5dc57c,d,D,QB13,9,2,UVH5d,7,0.07,-5850000.0,-5.85,330,1024,0.322265625
01a0a57f-e612-73a0-a4c0-523ced5dc57c,d,D,QB13,9,2,UVH5d,8,0.07,-5400000.0,-5.4,384,1024,0.375
01a0a57f-e612-73a0-a4c0-523ced5dc57c,d,D,QB13,9,2,UVH5d,9,0.07,-4950000.0,-4.95,433,1024,0.4228515625
01a0a57f-e612-73a0-a4c0-523ced5dc57c,d,D,QB13,9,2,UVH5d,10,0.07,-4500000.0,-4.5,428,1024,0.41796875
01a0a57f-e612-73a0-a4c0-523ced5dc57c,d,D,QB13,9,2,UVH5d,11,0.07,-4050000.0,-4.05,447,1024,0.4365234375
01a0a57f-e612-73a0-a4c0-523ced5dc57c,d,D,QB13,9,2,UVH5d,12,0.07,-3600000.0,-3.6,486,1024,0.474609375
01a0a57f-e612-73a0-a4c0-523ced5dc57c,d,D,QB13,9,2,UVH5d,13,0.07,-3150000.0,-3.15,497,1024,0.4853515625
01a0a57f-e612-73a0-a4c0-523ced5dc57c,d,D,QB13,9,2,UVH5d,14,0.07,-2700000.0,-2.7,485,1024,0.4736328125
01a0a57f-e612-73a0-a4c0-523ced5dc57c,d,D,QB13,9,2,UVH5d,15,0.07,-2250000.0,-2.25,554,1024,0.541015625
01a0a57f-e612-73a0-a4c0-523ced5dc57c,d,D,QB13,9,2,UVH5d,16,0.07,-1800000.0,-1.8,535,1024,0.5224609375
01a0a57f-e612-73a0-a4c0-523ced5dc57c,d,D,QB13,9,2,UVH5d,17,0.07,-1350000.0,-1.35,554,1024,0.541015625
01a0a57f-e612-73a0-a4c0-523ced5dc57c,d,D,QB13,9,2,UVH5d,18,0.07,-900000.0,-0.9,527,1024,0.5146484375
01a0a57f-e612-73a0-a4c0-523ced5dc57c,d,D,QB13,9,2,UVH5d,19,0.07,-450000.0,-0.45,512,1024,0.5
01a0a57f-e612-73a0-a4c0-523ced5dc57c,d,D,QB13,9,2,UVH5d,20,0.07,0.0,0.0,510,1024,0.498046875
01a0a57f-e612-73a0-a4c0-523ced5dc57c,d,D,QB13,9,2,UVH5d,21,0.07,450000.0,0.45,518,1024,0.505859375
01a0a57f-e612-73a0-a4c0-523ced5dc57c,d,D,QB13,9,2,UVH5d,22,0.07,900000.0,0.9,517,1024,0.5048828125
01a0a57f-e612-73a0-a4c0-523ced5dc57c,d,D,QB13,9,2,UVH5d,23,0.07,1350000.0,1.35,492,1024,0.48046875
01a0a57f-e612-73a0-a4c0-523ced5dc57c,d,D,QB13,9,2,UVH5d,24,0.07,1800000.0,1.8,488,1024,0.4765625
01a0a57f-e612-73a0-a4c0-523ced5dc57c,d,D,QB13,9,2,UVH5d,25,0.07,2250000.0,2.25,477,1024,0.4658203125
01a0a57f-e612-73a0-a4c0-523ced5dc57c,d,D,QB13,9,2,UVH5d,26,0.07,2700000.0,2.7,477,1024,0.4658203125
01a0a57f-e612-73a0-a4c0-523ced5dc57c,d,D,QB13,9,2,UVH5d,27,0.07,3150000.0,3.15,493,1024,0.4814453125
01a0a57f-e612-73a0-a4c0-523ced5dc57c,d,D,QB13,9,2,UVH5d,28,0.07,3600000.0,3.6,457,1024,0.4462890625
01a0a57f-e612-73a0-a4c0-523ced5dc57c,d,D,QB13,9,2,UVH5d,29,0.07,4050000.0,4.05,477,1024,0.4658203125
01a0a57f-e612-73a0-a4c0-523ced5dc57c,d,D,QB13,9,2,UVH5d,30,0.07,4500000.0,4.5,483,1024,0.4716796875
01a0a57f-e612-73a0-a4c0-523ced5dc57c,d,D,QB13,9,2,UVH5d,31,0.07,4950000.0,4.95,457,1024,0.4462890625
01a0a57f-e612-73a0-a4c0-523ced5dc57c,d,D,QB13,9,2,UVH5d,32,0.07,5400000.0,5.4,484,1024,0.47265625
01a0a57f-e612-73a0-a4c0-523ced5dc57c,d,D,QB13,9,2,UVH5d,33,0.07,5850000.0,5.85,473,1024,0.4619140625
01a0a57f-e612-73a0-a4c0-523ced5dc57c,d,D,QB13,9,2,UVH5d,34,0.07,6300000.0,6.3,487,1024,0.4755859375
01a0a57f-e612-73a0-a4c0-523ced5dc57c,d,D,QB13,9,2,UVH5d,35,0.07,6750000.0,6.75,507,1024,0.4951171875
01a0a57f-e612-73a0-a4c0-523ced5dc57c,d,D,QB13,9,2,UVH5d,36,0.07,7200000.0,7.2,501,1024,0.4892578125
01a0a57f-e612-73a0-a4c0-523ced5dc57c,d,D,QB13,9,2,UVH5d,37,0.07,7650000.0,7.65,516,1024,0.50390625
01a0a57f-e612-73a0-a4c0-523ced5dc57c,d,D,QB13,9,2,UVH5d,38,0.07,8100000.0,8.1,515,1024,0.5029296875
01a0a57f-e612-73a0-a4c0-523ced5dc57c,d,D,QB13,9,2,UVH5d,39,0.07,8550000.0,8.55,488,1024,0.4765625
01a0a57f-e612-73a0-a4c0-523ced5dc57c,d,D,QB13,9,2,UVH5d,40,0.07,9000000.0,9.0,524,1024,0.51171875
01a0a57f-e612-73a0-a4c0-523ced5dc57c,d,D,QB13,9,3,UVH6d,0,0.07,-9000000.0,-9.0,621,1024,0.6064453125
01a0a57f-e612-73a0-a4c0-523ced5dc57c,d,D,QB13,9,3,UVH6d,1,0.07,-8550000.0,-8.55,614,1024,0.599609375
01a0a57f-e612-73a0-a4c0-523ced5dc57c,d,D,QB13,9,3,UVH6d,2,0.07,-8100000.0,-8.1,590,1024,0.576171875
01a0a57f-e612-73a0-a4c0-523ced5dc57c,d,D,QB13,9,3,UVH6d,3,0.07,-7650000.0,-7.65,549,1024,0.5361328125
01a0a57f-e612-73a0-a4c0-523ced5dc57c,d,D,QB13,9,3,UVH6d,4,0.07,-7200000.0,-7.2,564,1024,0.55078125
01a0a57f-e612-73a0-a4c0-523ced5dc57c,d,D,QB13,9,3,UVH6d,5,0.07,-6750000.0,-6.75,551,1024,0.5380859375
01a0a57f-e612-73a0-a4c0-523ced5dc57c,d,D,QB13,9,3,UVH6d,6,0.07,-6300000.0,-6.3,514,1024,0.501953125
01a0a57f-e612-73a0-a4c0-523ced5dc57c,d,D,QB13,9,3,UVH6d,7,0.07,-5850000.0,-5.85,578,1024,0.564453125
01a0a57f-e612-73a0-a4c0-523ced5dc57c,d,D,QB13,9,3,UVH6d,8,0.07,-5400000.0,-5.4,544,1024,0.53125
01a0a57f-e612-73a0-a4c0-523ced5dc57c,d,D,QB13,9,3,UVH6d,9,0.07,-4950000.0,-4.95,503,1024,0.4912109375
01a0a57f-e612-73a0-a4c0-523ced5dc57c,d,D,QB13,9,3,UVH6d,10,0.07,-4500000.0,-4.5,567,1024,0.5537109375
01a0a57f-e612-73a0-a4c0-523ced5dc57c,d,D,QB13,9,3,UVH6d,11,0.07,-4050000.0,-4.05,544,1024,0.53125
01a0a57f-e612-73a0-a4c0-523ced5dc57c,d,D,QB13,9,3,UVH6d,12,0.07,-3600000.0,-3.6,530,1024,0.517578125
01a0a57f-e612-73a0-a4c0-523ced5dc57c,d,D,QB13,9,3,UVH6d,13,0.07,-3150000.0,-3.15,519,1024,0.5068359375
01a0a57f-e612-73a0-a4c0-523ced5dc57c,d,D,QB13,9,3,UVH6d,14,0.07,-2700000.0,-2.7,512,1024,0.5
01a0a57f-e612-73a0-a4c0-523ced5dc57c,d,D,QB13,9,3,UVH6d,15,0.07,-2250000.0,-2.25,521,1024,0.5087890625
01a0a57f-e612-73a0-a4c0-523ced5dc57c,d,D,QB13,9,3,UVH6d,16,0.07,-1800000.0,-1.8,511,1024,0.4990234375
01a0a57f-e612-73a0-a4c0-523ced5dc57c,d,D,QB13,9,3,UVH6d,17,0.07,-1350000.0,-1.35,515,1024,0.5029296875
01a0a57f-e612-73a0-a4c0-523ced5dc57c,d,D,QB13,9,3,UVH6d,18,0.07,-900000.0,-0.9,524,1024,0.51171875
01a0a57f-e612-73a0-a4c0-523ced5dc57c,d,D,QB13,9,3,UVH6d,19,0.07,-450000.0,-0.45,535,1024,0.5224609375
01a0a57f-e612-73a0-a4c0-523ced5dc57c,d,D,QB13,9,3,UVH6d,20,0.07,0.0,0.0,527,1024,0.5146484375
01a0a57f-e612-73a0-a4c0-523ced5dc57c,d,D,QB13,9,3,UVH6d,21,0.07,450000.0,0.45,515,1024,0.5029296875
01a0a57f-e612-73a0-a4c0-523ced5dc57c,d,D,QB13,9,3,UVH6d,22,0.07,900000.0,0.9,481,1024,0.4697265625
01a0a57f-e612-73a0-a4c0-523ced5dc57c,d,D,QB13,9,3,UVH6d,23,0.07,1350000.0,1.35,520,1024,0.5078125
01a0a57f-e612-73a0-a4c0-523ced5dc57c,d,D,QB13,9,3,UVH6d,24,0.07,1800000.0,1.8,503,1024,0.4912109375
01a0a57f-e612-73a0-a4c0-523ced5dc57c,d,D,QB13,9,3,UVH6d,25,0.07,2250000.0,2.25,518,1024,0.505859375
01a0a57f-e612-73a0-a4c0-523ced5dc57c,d,D,QB13,9,3,UVH6d,26,0.07,2700000.0,2.7,494,1024,0.482421875
01a0a57f-e612-73a0-a4c0-523ced5dc57c,d,D,QB13,9,3,UVH6d,27,0.07,3150000.0,3.15,487,1024,0.4755859375
01a0a57f-e612-73a0-a4c0-523ced5dc57c,d,D,QB13,9,3,UVH6d,28,0.07,3600000.0,3.6,492,1024,0.48046875
01a0a57f-e612-73a0-a4c0-523ced5dc57c,d,D,QB13,9,3,UVH6d,29,0.07,4050000.0,4.05,540,1024,0.52734375
01a0a57f-e612-73a0-a4c0-523ced5dc57c,d,D,QB13,9,3,UVH6d,30,0.07,4500000.0,4.5,502,1024,0.490234375
01a0a57f-e612-73a0-a4c0-523ced5dc57c,d,D,QB13,9,3,UVH6d,31,0.07,4950000.0,4.95,535,1024,0.5224609375
01a0a57f-e612-73a0-a4c0-523ced5dc57c,d,D,QB13,9,3,UVH6d,32,0.07,5400000.0,5.4,507,1024,0.4951171875
01a0a57f-e612-73a0-a4c0-523ced5dc57c,d,D,QB13,9,3,UVH6d,33,0.07,5850000.0,5.85,490,1024,0.478515625
01a0a57f-e612-73a0-a4c0-523ced5dc57c,d,D,QB13,9,3,UVH6d,34,0.07,6300000.0,6.3,504,1024,0.4921875
01a0a57f-e612-73a0-a4c0-523ced5dc57c,d,D,QB13,9,3,UVH6d,35,0.07,6750000.0,6.75,545,1024,0.5322265625
01a0a57f-e612-73a0-a4c0-523ced5dc57c,d,D,QB13,9,3,UVH6d,36,0.07,7200000.0,7.2,560,1024,0.546875
01a0a57f-e612-73a0-a4c0-523ced5dc57c,d,D,QB13,9,3,UVH6d,37,0.07,7650000.0,7.65,563,1024,0.5498046875
01a0a57f-e612-73a0-a4c0-523ced5dc57c,d,D,QB13,9,3,UVH6d,38,0.07,8100000.0,8.1,589,1024,0.5751953125
01a0a57f-e612-73a0-a4c0-523ced5dc57c,d,D,QB13,9,3,UVH6d,39,0.07,8550000.0,8.55,607,1024,0.5927734375
01a0a57f-e612-73a0-a4c0-523ced5dc57c,d,D,QB13,9,3,UVH6d,40,0.07,9000000.0,9.0,629,1024,0.6142578125
01a0a57f-e612-73a0-a4c0-523ced5dc57c,d,D,QB13,9,4,UVH7d,0,0.07,-9000000.0,-9.0,602,1024,0.587890625
01a0a57f-e612-73a0-a4c0-523ced5dc57c,d,D,QB13,9,4,UVH7d,1,0.07,-8550000.0,-8.55,571,1024,0.5576171875
01a0a57f-e612-73a0-a4c0-523ced5dc57c,d,D,QB13,9,4,UVH7d,2,0.07,-8100000.0,-8.1,554,1024,0.541015625
01a0a57f-e612-73a0-a4c0-523ced5dc57c,d,D,QB13,9,4,UVH7d,3,0.07,-7650000.0,-7.65,529,1024,0.5166015625
01a0a57f-e612-73a0-a4c0-523ced5dc57c,d,D,QB13,9,4,UVH7d,4,0.07,-7200000.0,-7.2,561,1024,0.5478515625
01a0a57f-e612-73a0-a4c0-523ced5dc57c,d,D,QB13,9,4,UVH7d,5,0.07,-6750000.0,-6.75,527,1024,0.5146484375
01a0a57f-e612-73a0-a4c0-523ced5dc57c,d,D,QB13,9,4,UVH7d,6,0.07,-6300000.0,-6.3,537,1024,0.5244140625
01a0a57f-e612-73a0-a4c0-523ced5dc57c,d,D,QB13,9,4,UVH7d,7,0.07,-5850000.0,-5.85,515,1024,0.5029296875
01a0a57f-e612-73a0-a4c0-523ced5dc57c,d,D,QB13,9,4,UVH7d,8,0.07,-5400000.0,-5.4,546,1024,0.533203125
01a0a57f-e612-73a0-a4c0-523ced5dc57c,d,D,QB13,9,4,UVH7d,9,0.07,-4950000.0,-4.95,509,1024,0.4970703125
01a0a57f-e612-73a0-a4c0-523ced5dc57c,d,D,QB13,9,4,UVH7d,10,0.07,-4500000.0,-4.5,523,1024,0.5107421875
01a0a57f-e612-73a0-a4c0-523ced5dc57c,d,D,QB13,9,4,UVH7d,11,0.07,-4050000.0,-4.05,511,1024,0.4990234375
01a0a57f-e612-73a0-a4c0-523ced5dc57c,d,D,QB13,9,4,UVH7d,12,0.07,-3600000.0,-3.6,514,1024,0.501953125
01a0a57f-e612-73a0-a4c0-523ced5dc57c,d,D,QB13,9,4,UVH7d,13,0.07,-3150000.0,-3.15,518,1024,0.505859375
01a0a57f-e612-73a0-a4c0-523ced5dc57c,d,D,QB13,9,4,UVH7d,14,0.07,-2700000.0,-2.7,503,1024,0.4912109375
01a0a57f-e612-73a0-a4c0-523ced5dc57c,d,D,QB13,9,4,UVH7d,15,0.07,-2250000.0,-2.25,507,1024,0.4951171875
01a0a57f-e612-73a0-a4c0-523ced5dc57c,d,D,QB13,9,4,UVH7d,16,0.07,-1800000.0,-1.8,546,1024,0.533203125
01a0a57f-e612-73a0-a4c0-523ced5dc57c,d,D,QB13,9,4,UVH7d,17,0.07,-1350000.0,-1.35,528,1024,0.515625
01a0a57f-e612-73a0-a4c0-523ced5dc57c,d,D,QB13,9,4,UVH7d,18,0.07,-900000.0,-0.9,477,1024,0.4658203125
01a0a57f-e612-73a0-a4c0-523ced5dc57c,d,D,QB13,9,4,UVH7d,19,0.07,-450000.0,-0.45,488,1024,0.4765625
01a0a57f-e612-73a0-a4c0-523ced5dc57c,d,D,QB13,9,4,UVH7d,20,0.07,0.0,0.0,474,1024,0.462890625
01a0a57f-e612-73a0-a4c0-523ced5dc57c,d,D,QB13,9,4,UVH7d,21,0.07,450000.0,0.45,514,1024,0.501953125
01a0a57f-e612-73a0-a4c0-523ced5dc57c,d,D,QB13,9,4,UVH7d,22,0.07,900000.0,0.9,479,1024,0.4677734375
01a0a57f-e612-73a0-a4c0-523ced5dc57c,d,D,QB13,9,4,UVH7d,23,0.07,1350000.0,1.35,490,1024,0.478515625
01a0a57f-e612-73a0-a4c0-523ced5dc57c,d,D,QB13,9,4,UVH7d,24,0.07,1800000.0,1.8,501,1024,0.4892578125
01a0a57f-e612-73a0-a4c0-523ced5dc57c,d,D,QB13,9,4,UVH7d,25,0.07,2250000.0,2.25,506,1024,0.494140625
01a0a57f-e612-73a0-a4c0-523ced5dc57c,d,D,QB13,9,4,UVH7d,26,0.07,2700000.0,2.7,464,1024,0.453125
01a0a57f-e612-73a0-a4c0-523ced5dc57c,d,D,QB13,9,4,UVH7d,27,0.07,3150000.0,3.15,494,1024,0.482421875
01a0a57f-e612-73a0-a4c0-523ced5dc57c,d,D,QB13,9,4,UVH7d,28,0.07,3600000.0,3.6,452,1024,0.44140625
01a0a57f-e612-73a0-a4c0-523ced5dc57c,d,D,QB13,9,4,UVH7d,29,0.07,4050000.0,4.05,463,1024,0.4521484375
01a0a57f-e612-73a0-a4c0-523ced5dc57c,d,D,QB13,9,4,UVH7d,30,0.07,4500000.0,4.5,451,1024,0.4404296875
01a0a57f-e612-73a0-a4c0-523ced5dc57c,d,D,QB13,9,4,UVH7d,31,0.07,4950000.0,4.95,442,1024,0.431640625
01a0a57f-e612-73a0-a4c0-523ced5dc57c,d,D,QB13,9,4,UVH7d,32,0.07,5400000.0,5.4,435,1024,0.4248046875
01a0a57f-e612-73a0-a4c0-523ced5dc57c,d,D,QB13,9,4,UVH7d,33,0.07,5850000.0,5.85,418,1024,0.408203125
01a0a57f-e612-73a0-a4c0-523ced5dc57c,d,D,QB13,9,4,UVH7d,34,0.07,6300000.0,6.3,407,1024,0.3974609375
01a0a57f-e612-73a0-a4c0-523ced5dc57c,d,D,QB13,9,4,UVH7d,35,0.07,6750000.0,6.75,386,1024,0.376953125
01a0a57f-e612-73a0-a4c0-523ced5dc57c,d,D,QB13,9,4,UVH7d,36,0.07,7200000.0,7.2,371,1024,0.3623046875
01a0a57f-e612-73a0-a4c0-523ced5dc57c,d,D,QB13,9,4,UVH7d,37,0.07,7650000.0,7.65,366,1024,0.357421875
01a0a57f-e612-73a0-a4c0-523ced5dc57c,d,D,QB13,9,4,UVH7d,38,0.07,8100000.0,8.1,346,1024,0.337890625
01a0a57f-e612-73a0-a4c0-523ced5dc57c,d,D,QB13,9,4,UVH7d,39,0.07,8550000.0,8.55,357,1024,0.3486328125
01a0a57f-e612-73a0-a4c0-523ced5dc57c,d,D,QB13,9,4,UVH7d,40,0.07,9000000.0,9.0,328,1024,0.3203125
01a0a57f-e612-73a0-a4c0-523ced5dc57c,d,D,QB13,9,5,UVH8d,0,0.07,-9000000.0,-9.0,529,1024,0.5166015625
01a0a57f-e612-73a0-a4c0-523ced5dc57c,d,D,QB13,9,5,UVH8d,1,0.07,-8550000.0,-8.55,541,1024,0.5283203125
01a0a57f-e612-73a0-a4c0-523ced5dc57c,d,D,QB13,9,5,UVH8d,2,0.07,-8100000.0,-8.1,550,1024,0.537109375
01a0a57f-e612-73a0-a4c0-523ced5dc57c,d,D,QB13,9,5,UVH8d,3,0.07,-7650000.0,-7.65,525,1024,0.5126953125
01a0a57f-e612-73a0-a4c0-523ced5dc57c,d,D,QB13,9,5,UVH8d,4,0.07,-7200000.0,-7.2,530,1024,0.517578125
01a0a57f-e612-73a0-a4c0-523ced5dc57c,d,D,QB13,9,5,UVH8d,5,0.07,-6750000.0,-6.75,550,1024,0.537109375
01a0a57f-e612-73a0-a4c0-523ced5dc57c,d,D,QB13,9,5,UVH8d,6,0.07,-6300000.0,-6.3,543,1024,0.5302734375
01a0a57f-e612-73a0-a4c0-523ced5dc57c,d,D,QB13,9,5,UVH8d,7,0.07,-5850000.0,-5.85,551,1024,0.5380859375
01a0a57f-e612-73a0-a4c0-523ced5dc57c,d,D,QB13,9,5,UVH8d,8,0.07,-5400000.0,-5.4,547,1024,0.5341796875
01a0a57f-e612-73a0-a4c0-523ced5dc57c,d,D,QB13,9,5,UVH8d,9,0.07,-4950000.0,-4.95,493,1024,0.4814453125
01a0a57f-e612-73a0-a4c0-523ced5dc57c,d,D,QB13,9,5,UVH8d,10,0.07,-4500000.0,-4.5,552,1024,0.5390625
01a0a57f-e612-73a0-a4c0-523ced5dc57c,d,D,QB13,9,5,UVH8d,11,0.07,-4050000.0,-4.05,535,1024,0.5224609375
01a0a57f-e612-73a0-a4c0-523ced5dc57c,d,D,QB13,9,5,UVH8d,12,0.07,-3600000.0,-3.6,547,1024,0.5341796875
01a0a57f-e612-73a0-a4c0-523ced5dc57c,d,D,QB13,9,5,UVH8d,13,0.07,-3150000.0,-3.15,524,1024,0.51171875
01a0a57f-e612-73a0-a4c0-523ced5dc57c,d,D,QB13,9,5,UVH8d,14,0.07,-2700000.0,-2.7,558,1024,0.544921875
01a0a57f-e612-73a0-a4c0-523ced5dc57c,d,D,QB13,9,5,UVH8d,15,0.07,-2250000.0,-2.25,525,1024,0.5126953125
01a0a57f-e612-73a0-a4c0-523ced5dc57c,d,D,QB13,9,5,UVH8d,16,0.07,-1800000.0,-1.8,555,1024,0.5419921875
01a0a57f-e612-73a0-a4c0-523ced5dc57c,d,D,QB13,9,5,UVH8d,17,0.07,-1350000.0,-1.35,530,1024,0.517578125
01a0a57f-e612-73a0-a4c0-523ced5dc57c,d,D,QB13,9,5,UVH8d,18,0.07,-900000.0,-0.9,506,1024,0.494140625
01a0a57f-e612-73a0-a4c0-523ced5dc57c,d,D,QB13,9,5,UVH8d,19,0.07,-450000.0,-0.45,538,1024,0.525390625
01a0a57f-e612-73a0-a4c0-523ced5dc57c,d,D,QB13,9,5,UVH8d,20,0.07,0.0,0.0,579,1024,0.5654296875
01a0a57f-e612-73a0-a4c0-523ced5dc57c,d,D,QB13,9,5,UVH8d,21,0.07,450000.0,0.45,507,1024,0.4951171875
01a0a57f-e612-73a0-a4c0-523ced5dc57c,d,D,QB13,9,5,UVH8d,22,0.07,900000.0,0.9,541,1024,0.5283203125
01a0a57f-e612-73a0-a4c0-523ced5dc57c,d,D,QB13,9,5,UVH8d,23,0.07,1350000.0,1.35,569,1024,0.5556640625
01a0a57f-e612-73a0-a4c0-523ced5dc57c,d,D,QB13,9,5,UVH8d,24,0.07,1800000.0,1.8,511,1024,0.4990234375
01a0a57f-e612-73a0-a4c0-523ced5dc57c,d,D,QB13,9,5,UVH8d,25,0.07,2250000.0,2.25,544,1024,0.53125
01a0a57f-e612-73a0-a4c0-523ced5dc57c,d,D,QB13,9,5,UVH8d,26,0.07,2700000.0,2.7,539,1024,0.5263671875
01a0a57f-e612-73a0-a4c0-523ced5dc57c,d,D,QB13,9,5,UVH8d,27,0.07,3150000.0,3.15,540,1024,0.52734375
01a0a57f-e612-73a0-a4c0-523ced5dc57c,d,D,QB13,9,5,UVH8d,28,0.07,3600000.0,3.6,541,1024,0.5283203125
01a0a57f-e612-73a0-a4c0-523ced5dc57c,d,D,QB13,9,5,UVH8d,29,0.07,4050000.0,4.05,525,1024,0.5126953125
01a0a57f-e612-73a0-a4c0-523ced5dc57c,d,D,QB13,9,5,UVH8d,30,0.07,4500000.0,4.5,521,1024,0.5087890625
01a0a57f-e612-73a0-a4c0-523ced5dc57c,d,D,QB13,9,5,UVH8d,31,0.07,4950000.0,4.95,515,1024,0.5029296875
01a0a57f-e612-73a0-a4c0-523ced5dc57c,d,D,QB13,9,5,UVH8d,32,0.07,5400000.0,5.4,485,1024,0.4736328125
01a0a57f-e612-73a0-a4c0-523ced5dc57c,d,D,QB13,9,5,UVH8d,33,0.07,5850000.0,5.85,477,1024,0.4658203125
01a0a57f-e612-73a0-a4c0-523ced5dc57c,d,D,QB13,9,5,UVH8d,34,0.07,6300000.0,6.3,517,1024,0.5048828125
01a0a57f-e612-73a0-a4c0-523ced5dc57c,d,D,QB13,9,5,UVH8d,35,0.07,6750000.0,6.75,487,1024,0.4755859375
01a0a57f-e612-73a0-a4c0-523ced5dc57c,d,D,QB13,9,5,UVH8d,36,0.07,7200000.0,7.2,514,1024,0.501953125
01a0a57f-e612-73a0-a4c0-523ced5dc57c,d,D,QB13,9,5,UVH8d,37,0.07,7650000.0,7.65,482,1024,0.470703125
01a0a57f-e612-73a0-a4c0-523ced5dc57c,d,D,QB13,9,5,UVH8d,38,0.07,8100000.0,8.1,469,1024,0.4580078125
01a0a57f-e612-73a0-a4c0-523ced5dc57c,d,D,QB13,9,5,UVH8d,39,0.07,8550000.0,8.55,458,1024,0.447265625
01a0a57f-e612-73a0-a4c0-523ced5dc57c,d,D,QB13,9,5,UVH8d,40,0.07,9000000.0,9.0,465,1024,0.4541015625
01a0a57f-e612-73a0-a4c0-523ced5dc57c,d,D,QB5,10,0,standard_pi_2,0,0.07,-9000000.0,-9.0,581,1024,0.5673828125
01a0a57f-e612-73a0-a4c0-523ced5dc57c,d,D,QB5,10,0,standard_pi_2,1,0.07,-8550000.0,-8.55,636,1024,0.62109375
01a0a57f-e612-73a0-a4c0-523ced5dc57c,d,D,QB5,10,0,standard_pi_2,2,0.07,-8100000.0,-8.1,626,1024,0.611328125
01a0a57f-e612-73a0-a4c0-523ced5dc57c,d,D,QB5,10,0,standard_pi_2,3,0.07,-7650000.0,-7.65,585,1024,0.5712890625
01a0a57f-e612-73a0-a4c0-523ced5dc57c,d,D,QB5,10,0,standard_pi_2,4,0.07,-7200000.0,-7.2,581,1024,0.5673828125
01a0a57f-e612-73a0-a4c0-523ced5dc57c,d,D,QB5,10,0,standard_pi_2,5,0.07,-6750000.0,-6.75,580,1024,0.56640625
01a0a57f-e612-73a0-a4c0-523ced5dc57c,d,D,QB5,10,0,standard_pi_2,6,0.07,-6300000.0,-6.3,596,1024,0.58203125
01a0a57f-e612-73a0-a4c0-523ced5dc57c,d,D,QB5,10,0,standard_pi_2,7,0.07,-5850000.0,-5.85,593,1024,0.5791015625
01a0a57f-e612-73a0-a4c0-523ced5dc57c,d,D,QB5,10,0,standard_pi_2,8,0.07,-5400000.0,-5.4,575,1024,0.5615234375
01a0a57f-e612-73a0-a4c0-523ced5dc57c,d,D,QB5,10,0,standard_pi_2,9,0.07,-4950000.0,-4.95,588,1024,0.57421875
01a0a57f-e612-73a0-a4c0-523ced5dc57c,d,D,QB5,10,0,standard_pi_2,10,0.07,-4500000.0,-4.5,579,1024,0.5654296875
01a0a57f-e612-73a0-a4c0-523ced5dc57c,d,D,QB5,10,0,standard_pi_2,11,0.07,-4050000.0,-4.05,576,1024,0.5625
01a0a57f-e612-73a0-a4c0-523ced5dc57c,d,D,QB5,10,0,standard_pi_2,12,0.07,-3600000.0,-3.6,584,1024,0.5703125
01a0a57f-e612-73a0-a4c0-523ced5dc57c,d,D,QB5,10,0,standard_pi_2,13,0.07,-3150000.0,-3.15,577,1024,0.5634765625
01a0a57f-e612-73a0-a4c0-523ced5dc57c,d,D,QB5,10,0,standard_pi_2,14,0.07,-2700000.0,-2.7,564,1024,0.55078125
01a0a57f-e612-73a0-a4c0-523ced5dc57c,d,D,QB5,10,0,standard_pi_2,15,0.07,-2250000.0,-2.25,585,1024,0.5712890625
01a0a57f-e612-73a0-a4c0-523ced5dc57c,d,D,QB5,10,0,standard_pi_2,16,0.07,-1800000.0,-1.8,561,1024,0.5478515625
01a0a57f-e612-73a0-a4c0-523ced5dc57c,d,D,QB5,10,0,standard_pi_2,17,0.07,-1350000.0,-1.35,577,1024,0.5634765625
01a0a57f-e612-73a0-a4c0-523ced5dc57c,d,D,QB5,10,0,standard_pi_2,18,0.07,-900000.0,-0.9,579,1024,0.5654296875
01a0a57f-e612-73a0-a4c0-523ced5dc57c,d,D,QB5,10,0,standard_pi_2,19,0.07,-450000.0,-0.45,563,1024,0.5498046875
01a0a57f-e612-73a0-a4c0-523ced5dc57c,d,D,QB5,10,0,standard_pi_2,20,0.07,0.0,0.0,568,1024,0.5546875
01a0a57f-e612-73a0-a4c0-523ced5dc57c,d,D,QB5,10,0,standard_pi_2,21,0.07,450000.0,0.45,546,1024,0.533203125
01a0a57f-e612-73a0-a4c0-523ced5dc57c,d,D,QB5,10,0,standard_pi_2,22,0.07,900000.0,0.9,565,1024,0.5517578125
01a0a57f-e612-73a0-a4c0-523ced5dc57c,d,D,QB5,10,0,standard_pi_2,23,0.07,1350000.0,1.35,546,1024,0.533203125
01a0a57f-e612-73a0-a4c0-523ced5dc57c,d,D,QB5,10,0,standard_pi_2,24,0.07,1800000.0,1.8,556,1024,0.54296875
01a0a57f-e612-73a0-a4c0-523ced5dc57c,d,D,QB5,10,0,standard_pi_2,25,0.07,2250000.0,2.25,550,1024,0.537109375
01a0a57f-e612-73a0-a4c0-523ced5dc57c,d,D,QB5,10,0,standard_pi_2,26,0.07,2700000.0,2.7,540,1024,0.52734375
01a0a57f-e612-73a0-a4c0-523ced5dc57c,d,D,QB5,10,0,standard_pi_2,27,0.07,3150000.0,3.15,543,1024,0.5302734375
01a0a57f-e612-73a0-a4c0-523ced5dc57c,d,D,QB5,10,0,standard_pi_2,28,0.07,3600000.0,3.6,525,1024,0.5126953125
01a0a57f-e612-73a0-a4c0-523ced5dc57c,d,D,QB5,10,0,standard_pi_2,29,0.07,4050000.0,4.05,573,1024,0.5595703125
01a0a57f-e612-73a0-a4c0-523ced5dc57c,d,D,QB5,10,0,standard_pi_2,30,0.07,4500000.0,4.5,540,1024,0.52734375
01a0a57f-e612-73a0-a4c0-523ced5dc57c,d,D,QB5,10,0,standard_pi_2,31,0.07,4950000.0,4.95,540,1024,0.52734375
01a0a57f-e612-73a0-a4c0-523ced5dc57c,d,D,QB5,10,0,standard_pi_2,32,0.07,5400000.0,5.4,539,1024,0.5263671875
01a0a57f-e612-73a0-a4c0-523ced5dc57c,d,D,QB5,10,0,standard_pi_2,33,0.07,5850000.0,5.85,540,1024,0.52734375
01a0a57f-e612-73a0-a4c0-523ced5dc57c,d,D,QB5,10,0,standard_pi_2,34,0.07,6300000.0,6.3,520,1024,0.5078125
01a0a57f-e612-73a0-a4c0-523ced5dc57c,d,D,QB5,10,0,standard_pi_2,35,0.07,6750000.0,6.75,496,1024,0.484375
01a0a57f-e612-73a0-a4c0-523ced5dc57c,d,D,QB5,10,0,standard_pi_2,36,0.07,7200000.0,7.2,517,1024,0.5048828125
01a0a57f-e612-73a0-a4c0-523ced5dc57c,d,D,QB5,10,0,standard_pi_2,37,0.07,7650000.0,7.65,533,1024,0.5205078125
01a0a57f-e612-73a0-a4c0-523ced5dc57c,d,D,QB5,10,0,standard_pi_2,38,0.07,8100000.0,8.1,493,1024,0.4814453125
01a0a57f-e612-73a0-a4c0-523ced5dc57c,d,D,QB5,10,0,standard_pi_2,39,0.07,8550000.0,8.55,514,1024,0.501953125
01a0a57f-e612-73a0-a4c0-523ced5dc57c,d,D,QB5,10,0,standard_pi_2,40,0.07,9000000.0,9.0,498,1024,0.486328125
01a0a57f-e612-73a0-a4c0-523ced5dc57c,d,D,QB5,10,1,UVH4d,0,0.07,-9000000.0,-9.0,403,1024,0.3935546875
01a0a57f-e612-73a0-a4c0-523ced5dc57c,d,D,QB5,10,1,UVH4d,1,0.07,-8550000.0,-8.55,413,1024,0.4033203125
01a0a57f-e612-73a0-a4c0-523ced5dc57c,d,D,QB5,10,1,UVH4d,2,0.07,-8100000.0,-8.1,431,1024,0.4208984375
01a0a57f-e612-73a0-a4c0-523ced5dc57c,d,D,QB5,10,1,UVH4d,3,0.07,-7650000.0,-7.65,436,1024,0.42578125
01a0a57f-e612-73a0-a4c0-523ced5dc57c,d,D,QB5,10,1,UVH4d,4,0.07,-7200000.0,-7.2,453,1024,0.4423828125
01a0a57f-e612-73a0-a4c0-523ced5dc57c,d,D,QB5,10,1,UVH4d,5,0.07,-6750000.0,-6.75,458,1024,0.447265625
01a0a57f-e612-73a0-a4c0-523ced5dc57c,d,D,QB5,10,1,UVH4d,6,0.07,-6300000.0,-6.3,461,1024,0.4501953125
01a0a57f-e612-73a0-a4c0-523ced5dc57c,d,D,QB5,10,1,UVH4d,7,0.07,-5850000.0,-5.85,477,1024,0.4658203125
01a0a57f-e612-73a0-a4c0-523ced5dc57c,d,D,QB5,10,1,UVH4d,8,0.07,-5400000.0,-5.4,458,1024,0.447265625
01a0a57f-e612-73a0-a4c0-523ced5dc57c,d,D,QB5,10,1,UVH4d,9,0.07,-4950000.0,-4.95,493,1024,0.4814453125
01a0a57f-e612-73a0-a4c0-523ced5dc57c,d,D,QB5,10,1,UVH4d,10,0.07,-4500000.0,-4.5,501,1024,0.4892578125
01a0a57f-e612-73a0-a4c0-523ced5dc57c,d,D,QB5,10,1,UVH4d,11,0.07,-4050000.0,-4.05,496,1024,0.484375
01a0a57f-e612-73a0-a4c0-523ced5dc57c,d,D,QB5,10,1,UVH4d,12,0.07,-3600000.0,-3.6,519,1024,0.5068359375
01a0a57f-e612-73a0-a4c0-523ced5dc57c,d,D,QB5,10,1,UVH4d,13,0.07,-3150000.0,-3.15,509,1024,0.4970703125
01a0a57f-e612-73a0-a4c0-523ced5dc57c,d,D,QB5,10,1,UVH4d,14,0.07,-2700000.0,-2.7,535,1024,0.5224609375
01a0a57f-e612-73a0-a4c0-523ced5dc57c,d,D,QB5,10,1,UVH4d,15,0.07,-2250000.0,-2.25,556,1024,0.54296875
01a0a57f-e612-73a0-a4c0-523ced5dc57c,d,D,QB5,10,1,UVH4d,16,0.07,-1800000.0,-1.8,535,1024,0.5224609375
01a0a57f-e612-73a0-a4c0-523ced5dc57c,d,D,QB5,10,1,UVH4d,17,0.07,-1350000.0,-1.35,536,1024,0.5234375
01a0a57f-e612-73a0-a4c0-523ced5dc57c,d,D,QB5,10,1,UVH4d,18,0.07,-900000.0,-0.9,527,1024,0.5146484375
01a0a57f-e612-73a0-a4c0-523ced5dc57c,d,D,QB5,10,1,UVH4d,19,0.07,-450000.0,-0.45,490,1024,0.478515625
01a0a57f-e612-73a0-a4c0-523ced5dc57c,d,D,QB5,10,1,UVH4d,20,0.07,0.0,0.0,527,1024,0.5146484375
01a0a57f-e612-73a0-a4c0-523ced5dc57c,d,D,QB5,10,1,UVH4d,21,0.07,450000.0,0.45,519,1024,0.5068359375
01a0a57f-e612-73a0-a4c0-523ced5dc57c,d,D,QB5,10,1,UVH4d,22,0.07,900000.0,0.9,497,1024,0.4853515625
01a0a57f-e612-73a0-a4c0-523ced5dc57c,d,D,QB5,10,1,UVH4d,23,0.07,1350000.0,1.35,518,1024,0.505859375
01a0a57f-e612-73a0-a4c0-523ced5dc57c,d,D,QB5,10,1,UVH4d,24,0.07,1800000.0,1.8,514,1024,0.501953125
01a0a57f-e612-73a0-a4c0-523ced5dc57c,d,D,QB5,10,1,UVH4d,25,0.07,2250000.0,2.25,484,1024,0.47265625
01a0a57f-e612-73a0-a4c0-523ced5dc57c,d,D,QB5,10,1,UVH4d,26,0.07,2700000.0,2.7,509,1024,0.4970703125
01a0a57f-e612-73a0-a4c0-523ced5dc57c,d,D,QB5,10,1,UVH4d,27,0.07,3150000.0,3.15,527,1024,0.5146484375
01a0a57f-e612-73a0-a4c0-523ced5dc57c,d,D,QB5,10,1,UVH4d,28,0.07,3600000.0,3.6,536,1024,0.5234375
01a0a57f-e612-73a0-a4c0-523ced5dc57c,d,D,QB5,10,1,UVH4d,29,0.07,4050000.0,4.05,510,1024,0.498046875
01a0a57f-e612-73a0-a4c0-523ced5dc57c,d,D,QB5,10,1,UVH4d,30,0.07,4500000.0,4.5,512,1024,0.5
01a0a57f-e612-73a0-a4c0-523ced5dc57c,d,D,QB5,10,1,UVH4d,31,0.07,4950000.0,4.95,531,1024,0.5185546875
01a0a57f-e612-73a0-a4c0-523ced5dc57c,d,D,QB5,10,1,UVH4d,32,0.07,5400000.0,5.4,539,1024,0.5263671875
01a0a57f-e612-73a0-a4c0-523ced5dc57c,d,D,QB5,10,1,UVH4d,33,0.07,5850000.0,5.85,530,1024,0.517578125
01a0a57f-e612-73a0-a4c0-523ced5dc57c,d,D,QB5,10,1,UVH4d,34,0.07,6300000.0,6.3,561,1024,0.5478515625
01a0a57f-e612-73a0-a4c0-523ced5dc57c,d,D,QB5,10,1,UVH4d,35,0.07,6750000.0,6.75,572,1024,0.55859375
01a0a57f-e612-73a0-a4c0-523ced5dc57c,d,D,QB5,10,1,UVH4d,36,0.07,7200000.0,7.2,572,1024,0.55859375
01a0a57f-e612-73a0-a4c0-523ced5dc57c,d,D,QB5,10,1,UVH4d,37,0.07,7650000.0,7.65,569,1024,0.5556640625
01a0a57f-e612-73a0-a4c0-523ced5dc57c,d,D,QB5,10,1,UVH4d,38,0.07,8100000.0,8.1,580,1024,0.56640625
01a0a57f-e612-73a0-a4c0-523ced5dc57c,d,D,QB5,10,1,UVH4d,39,0.07,8550000.0,8.55,591,1024,0.5771484375
01a0a57f-e612-73a0-a4c0-523ced5dc57c,d,D,QB5,10,1,UVH4d,40,0.07,9000000.0,9.0,580,1024,0.56640625
01a0a57f-e612-73a0-a4c0-523ced5dc57c,d,D,QB5,10,2,UVH5d,0,0.07,-9000000.0,-9.0,118,1024,0.115234375
01a0a57f-e612-73a0-a4c0-523ced5dc57c,d,D,QB5,10,2,UVH5d,1,0.07,-8550000.0,-8.55,140,1024,0.13671875
01a0a57f-e612-73a0-a4c0-523ced5dc57c,d,D,QB5,10,2,UVH5d,2,0.07,-8100000.0,-8.1,160,1024,0.15625
01a0a57f-e612-73a0-a4c0-523ced5dc57c,d,D,QB5,10,2,UVH5d,3,0.07,-7650000.0,-7.65,202,1024,0.197265625
01a0a57f-e612-73a0-a4c0-523ced5dc57c,d,D,QB5,10,2,UVH5d,4,0.07,-7200000.0,-7.2,178,1024,0.173828125
01a0a57f-e612-73a0-a4c0-523ced5dc57c,d,D,QB5,10,2,UVH5d,5,0.07,-6750000.0,-6.75,228,1024,0.22265625
01a0a57f-e612-73a0-a4c0-523ced5dc57c,d,D,QB5,10,2,UVH5d,6,0.07,-6300000.0,-6.3,257,1024,0.2509765625
01a0a57f-e612-73a0-a4c0-523ced5dc57c,d,D,QB5,10,2,UVH5d,7,0.07,-5850000.0,-5.85,285,1024,0.2783203125
01a0a57f-e612-73a0-a4c0-523ced5dc57c,d,D,QB5,10,2,UVH5d,8,0.07,-5400000.0,-5.4,329,1024,0.3212890625
01a0a57f-e612-73a0-a4c0-523ced5dc57c,d,D,QB5,10,2,UVH5d,9,0.07,-4950000.0,-4.95,325,1024,0.3173828125
01a0a57f-e612-73a0-a4c0-523ced5dc57c,d,D,QB5,10,2,UVH5d,10,0.07,-4500000.0,-4.5,353,1024,0.3447265625
01a0a57f-e612-73a0-a4c0-523ced5dc57c,d,D,QB5,10,2,UVH5d,11,0.07,-4050000.0,-4.05,374,1024,0.365234375
01a0a57f-e612-73a0-a4c0-523ced5dc57c,d,D,QB5,10,2,UVH5d,12,0.07,-3600000.0,-3.6,426,1024,0.416015625
01a0a57f-e612-73a0-a4c0-523ced5dc57c,d,D,QB5,10,2,UVH5d,13,0.07,-3150000.0,-3.15,430,1024,0.419921875
01a0a57f-e612-73a0-a4c0-523ced5dc57c,d,D,QB5,10,2,UVH5d,14,0.07,-2700000.0,-2.7,454,1024,0.443359375
01a0a57f-e612-73a0-a4c0-523ced5dc57c,d,D,QB5,10,2,UVH5d,15,0.07,-2250000.0,-2.25,454,1024,0.443359375
01a0a57f-e612-73a0-a4c0-523ced5dc57c,d,D,QB5,10,2,UVH5d,16,0.07,-1800000.0,-1.8,439,1024,0.4287109375
01a0a57f-e612-73a0-a4c0-523ced5dc57c,d,D,QB5,10,2,UVH5d,17,0.07,-1350000.0,-1.35,456,1024,0.4453125
01a0a57f-e612-73a0-a4c0-523ced5dc57c,d,D,QB5,10,2,UVH5d,18,0.07,-900000.0,-0.9,442,1024,0.431640625
01a0a57f-e612-73a0-a4c0-523ced5dc57c,d,D,QB5,10,2,UVH5d,19,0.07,-450000.0,-0.45,463,1024,0.4521484375
01a0a57f-e612-73a0-a4c0-523ced5dc57c,d,D,QB5,10,2,UVH5d,20,0.07,0.0,0.0,459,1024,0.4482421875
01a0a57f-e612-73a0-a4c0-523ced5dc57c,d,D,QB5,10,2,UVH5d,21,0.07,450000.0,0.45,466,1024,0.455078125
01a0a57f-e612-73a0-a4c0-523ced5dc57c,d,D,QB5,10,2,UVH5d,22,0.07,900000.0,0.9,503,1024,0.4912109375
01a0a57f-e612-73a0-a4c0-523ced5dc57c,d,D,QB5,10,2,UVH5d,23,0.07,1350000.0,1.35,460,1024,0.44921875
01a0a57f-e612-73a0-a4c0-523ced5dc57c,d,D,QB5,10,2,UVH5d,24,0.07,1800000.0,1.8,471,1024,0.4599609375
01a0a57f-e612-73a0-a4c0-523ced5dc57c,d,D,QB5,10,2,UVH5d,25,0.07,2250000.0,2.25,470,1024,0.458984375
01a0a57f-e612-73a0-a4c0-523ced5dc57c,d,D,QB5,10,2,UVH5d,26,0.07,2700000.0,2.7,466,1024,0.455078125
01a0a57f-e612-73a0-a4c0-523ced5dc57c,d,D,QB5,10,2,UVH5d,27,0.07,3150000.0,3.15,467,1024,0.4560546875
01a0a57f-e612-73a0-a4c0-523ced5dc57c,d,D,QB5,10,2,UVH5d,28,0.07,3600000.0,3.6,458,1024,0.447265625
01a0a57f-e612-73a0-a4c0-523ced5dc57c,d,D,QB5,10,2,UVH5d,29,0.07,4050000.0,4.05,427,1024,0.4169921875
01a0a57f-e612-73a0-a4c0-523ced5dc57c,d,D,QB5,10,2,UVH5d,30,0.07,4500000.0,4.5,451,1024,0.4404296875
01a0a57f-e612-73a0-a4c0-523ced5dc57c,d,D,QB5,10,2,UVH5d,31,0.07,4950000.0,4.95,413,1024,0.4033203125
01a0a57f-e612-73a0-a4c0-523ced5dc57c,d,D,QB5,10,2,UVH5d,32,0.07,5400000.0,5.4,441,1024,0.4306640625
01a0a57f-e612-73a0-a4c0-523ced5dc57c,d,D,QB5,10,2,UVH5d,33,0.07,5850000.0,5.85,462,1024,0.451171875
01a0a57f-e612-73a0-a4c0-523ced5dc57c,d,D,QB5,10,2,UVH5d,34,0.07,6300000.0,6.3,447,1024,0.4365234375
01a0a57f-e612-73a0-a4c0-523ced5dc57c,d,D,QB5,10,2,UVH5d,35,0.07,6750000.0,6.75,493,1024,0.4814453125
01a0a57f-e612-73a0-a4c0-523ced5dc57c,d,D,QB5,10,2,UVH5d,36,0.07,7200000.0,7.2,455,1024,0.4443359375
01a0a57f-e612-73a0-a4c0-523ced5dc57c,d,D,QB5,10,2,UVH5d,37,0.07,7650000.0,7.65,447,1024,0.4365234375
01a0a57f-e612-73a0-a4c0-523ced5dc57c,d,D,QB5,10,2,UVH5d,38,0.07,8100000.0,8.1,467,1024,0.4560546875
01a0a57f-e612-73a0-a4c0-523ced5dc57c,d,D,QB5,10,2,UVH5d,39,0.07,8550000.0,8.55,471,1024,0.4599609375
01a0a57f-e612-73a0-a4c0-523ced5dc57c,d,D,QB5,10,2,UVH5d,40,0.07,9000000.0,9.0,463,1024,0.4521484375
01a0a57f-e612-73a0-a4c0-523ced5dc57c,d,D,QB5,10,3,UVH6d,0,0.07,-9000000.0,-9.0,564,1024,0.55078125
01a0a57f-e612-73a0-a4c0-523ced5dc57c,d,D,QB5,10,3,UVH6d,1,0.07,-8550000.0,-8.55,561,1024,0.5478515625
01a0a57f-e612-73a0-a4c0-523ced5dc57c,d,D,QB5,10,3,UVH6d,2,0.07,-8100000.0,-8.1,558,1024,0.544921875
01a0a57f-e612-73a0-a4c0-523ced5dc57c,d,D,QB5,10,3,UVH6d,3,0.07,-7650000.0,-7.65,518,1024,0.505859375
01a0a57f-e612-73a0-a4c0-523ced5dc57c,d,D,QB5,10,3,UVH6d,4,0.07,-7200000.0,-7.2,545,1024,0.5322265625
01a0a57f-e612-73a0-a4c0-523ced5dc57c,d,D,QB5,10,3,UVH6d,5,0.07,-6750000.0,-6.75,520,1024,0.5078125
01a0a57f-e612-73a0-a4c0-523ced5dc57c,d,D,QB5,10,3,UVH6d,6,0.07,-6300000.0,-6.3,520,1024,0.5078125
01a0a57f-e612-73a0-a4c0-523ced5dc57c,d,D,QB5,10,3,UVH6d,7,0.07,-5850000.0,-5.85,472,1024,0.4609375
01a0a57f-e612-73a0-a4c0-523ced5dc57c,d,D,QB5,10,3,UVH6d,8,0.07,-5400000.0,-5.4,491,1024,0.4794921875
01a0a57f-e612-73a0-a4c0-523ced5dc57c,d,D,QB5,10,3,UVH6d,9,0.07,-4950000.0,-4.95,478,1024,0.466796875
01a0a57f-e612-73a0-a4c0-523ced5dc57c,d,D,QB5,10,3,UVH6d,10,0.07,-4500000.0,-4.5,491,1024,0.4794921875
01a0a57f-e612-73a0-a4c0-523ced5dc57c,d,D,QB5,10,3,UVH6d,11,0.07,-4050000.0,-4.05,508,1024,0.49609375
01a0a57f-e612-73a0-a4c0-523ced5dc57c,d,D,QB5,10,3,UVH6d,12,0.07,-3600000.0,-3.6,479,1024,0.4677734375
01a0a57f-e612-73a0-a4c0-523ced5dc57c,d,D,QB5,10,3,UVH6d,13,0.07,-3150000.0,-3.15,497,1024,0.4853515625
01a0a57f-e612-73a0-a4c0-523ced5dc57c,d,D,QB5,10,3,UVH6d,14,0.07,-2700000.0,-2.7,449,1024,0.4384765625
01a0a57f-e612-73a0-a4c0-523ced5dc57c,d,D,QB5,10,3,UVH6d,15,0.07,-2250000.0,-2.25,479,1024,0.4677734375
01a0a57f-e612-73a0-a4c0-523ced5dc57c,d,D,QB5,10,3,UVH6d,16,0.07,-1800000.0,-1.8,486,1024,0.474609375
01a0a57f-e612-73a0-a4c0-523ced5dc57c,d,D,QB5,10,3,UVH6d,17,0.07,-1350000.0,-1.35,490,1024,0.478515625
01a0a57f-e612-73a0-a4c0-523ced5dc57c,d,D,QB5,10,3,UVH6d,18,0.07,-900000.0,-0.9,489,1024,0.4775390625
01a0a57f-e612-73a0-a4c0-523ced5dc57c,d,D,QB5,10,3,UVH6d,19,0.07,-450000.0,-0.45,459,1024,0.4482421875
01a0a57f-e612-73a0-a4c0-523ced5dc57c,d,D,QB5,10,3,UVH6d,20,0.07,0.0,0.0,459,1024,0.4482421875
01a0a57f-e612-73a0-a4c0-523ced5dc57c,d,D,QB5,10,3,UVH6d,21,0.07,450000.0,0.45,507,1024,0.4951171875
01a0a57f-e612-73a0-a4c0-523ced5dc57c,d,D,QB5,10,3,UVH6d,22,0.07,900000.0,0.9,465,1024,0.4541015625
01a0a57f-e612-73a0-a4c0-523ced5dc57c,d,D,QB5,10,3,UVH6d,23,0.07,1350000.0,1.35,508,1024,0.49609375
01a0a57f-e612-73a0-a4c0-523ced5dc57c,d,D,QB5,10,3,UVH6d,24,0.07,1800000.0,1.8,476,1024,0.46484375
01a0a57f-e612-73a0-a4c0-523ced5dc57c,d,D,QB5,10,3,UVH6d,25,0.07,2250000.0,2.25,504,1024,0.4921875
01a0a57f-e612-73a0-a4c0-523ced5dc57c,d,D,QB5,10,3,UVH6d,26,0.07,2700000.0,2.7,514,1024,0.501953125
01a0a57f-e612-73a0-a4c0-523ced5dc57c,d,D,QB5,10,3,UVH6d,27,0.07,3150000.0,3.15,496,1024,0.484375
01a0a57f-e612-73a0-a4c0-523ced5dc57c,d,D,QB5,10,3,UVH6d,28,0.07,3600000.0,3.6,514,1024,0.501953125
01a0a57f-e612-73a0-a4c0-523ced5dc57c,d,D,QB5,10,3,UVH6d,29,0.07,4050000.0,4.05,493,1024,0.4814453125
01a0a57f-e612-73a0-a4c0-523ced5dc57c,d,D,QB5,10,3,UVH6d,30,0.07,4500000.0,4.5,516,1024,0.50390625
01a0a57f-e612-73a0-a4c0-523ced5dc57c,d,D,QB5,10,3,UVH6d,31,0.07,4950000.0,4.95,517,1024,0.5048828125
01a0a57f-e612-73a0-a4c0-523ced5dc57c,d,D,QB5,10,3,UVH6d,32,0.07,5400000.0,5.4,515,1024,0.5029296875
01a0a57f-e612-73a0-a4c0-523ced5dc57c,d,D,QB5,10,3,UVH6d,33,0.07,5850000.0,5.85,525,1024,0.5126953125
01a0a57f-e612-73a0-a4c0-523ced5dc57c,d,D,QB5,10,3,UVH6d,34,0.07,6300000.0,6.3,542,1024,0.529296875
01a0a57f-e612-73a0-a4c0-523ced5dc57c,d,D,QB5,10,3,UVH6d,35,0.07,6750000.0,6.75,536,1024,0.5234375
01a0a57f-e612-73a0-a4c0-523ced5dc57c,d,D,QB5,10,3,UVH6d,36,0.07,7200000.0,7.2,603,1024,0.5888671875
01a0a57f-e612-73a0-a4c0-523ced5dc57c,d,D,QB5,10,3,UVH6d,37,0.07,7650000.0,7.65,590,1024,0.576171875
01a0a57f-e612-73a0-a4c0-523ced5dc57c,d,D,QB5,10,3,UVH6d,38,0.07,8100000.0,8.1,630,1024,0.615234375
01a0a57f-e612-73a0-a4c0-523ced5dc57c,d,D,QB5,10,3,UVH6d,39,0.07,8550000.0,8.55,630,1024,0.615234375
01a0a57f-e612-73a0-a4c0-523ced5dc57c,d,D,QB5,10,3,UVH6d,40,0.07,9000000.0,9.0,656,1024,0.640625
01a0a57f-e612-73a0-a4c0-523ced5dc57c,d,D,QB5,10,4,UVH7d,0,0.07,-9000000.0,-9.0,589,1024,0.5751953125
01a0a57f-e612-73a0-a4c0-523ced5dc57c,d,D,QB5,10,4,UVH7d,1,0.07,-8550000.0,-8.55,589,1024,0.5751953125
01a0a57f-e612-73a0-a4c0-523ced5dc57c,d,D,QB5,10,4,UVH7d,2,0.07,-8100000.0,-8.1,574,1024,0.560546875
01a0a57f-e612-73a0-a4c0-523ced5dc57c,d,D,QB5,10,4,UVH7d,3,0.07,-7650000.0,-7.65,583,1024,0.5693359375
01a0a57f-e612-73a0-a4c0-523ced5dc57c,d,D,QB5,10,4,UVH7d,4,0.07,-7200000.0,-7.2,561,1024,0.5478515625
01a0a57f-e612-73a0-a4c0-523ced5dc57c,d,D,QB5,10,4,UVH7d,5,0.07,-6750000.0,-6.75,553,1024,0.5400390625
01a0a57f-e612-73a0-a4c0-523ced5dc57c,d,D,QB5,10,4,UVH7d,6,0.07,-6300000.0,-6.3,544,1024,0.53125
01a0a57f-e612-73a0-a4c0-523ced5dc57c,d,D,QB5,10,4,UVH7d,7,0.07,-5850000.0,-5.85,526,1024,0.513671875
01a0a57f-e612-73a0-a4c0-523ced5dc57c,d,D,QB5,10,4,UVH7d,8,0.07,-5400000.0,-5.4,524,1024,0.51171875
01a0a57f-e612-73a0-a4c0-523ced5dc57c,d,D,QB5,10,4,UVH7d,9,0.07,-4950000.0,-4.95,537,1024,0.5244140625
01a0a57f-e612-73a0-a4c0-523ced5dc57c,d,D,QB5,10,4,UVH7d,10,0.07,-4500000.0,-4.5,525,1024,0.5126953125
01a0a57f-e612-73a0-a4c0-523ced5dc57c,d,D,QB5,10,4,UVH7d,11,0.07,-4050000.0,-4.05,515,1024,0.5029296875
01a0a57f-e612-73a0-a4c0-523ced5dc57c,d,D,QB5,10,4,UVH7d,12,0.07,-3600000.0,-3.6,538,1024,0.525390625
01a0a57f-e612-73a0-a4c0-523ced5dc57c,d,D,QB5,10,4,UVH7d,13,0.07,-3150000.0,-3.15,515,1024,0.5029296875
01a0a57f-e612-73a0-a4c0-523ced5dc57c,d,D,QB5,10,4,UVH7d,14,0.07,-2700000.0,-2.7,507,1024,0.4951171875
01a0a57f-e612-73a0-a4c0-523ced5dc57c,d,D,QB5,10,4,UVH7d,15,0.07,-2250000.0,-2.25,523,1024,0.5107421875
01a0a57f-e612-73a0-a4c0-523ced5dc57c,d,D,QB5,10,4,UVH7d,16,0.07,-1800000.0,-1.8,490,1024,0.478515625
01a0a57f-e612-73a0-a4c0-523ced5dc57c,d,D,QB5,10,4,UVH7d,17,0.07,-1350000.0,-1.35,545,1024,0.5322265625
01a0a57f-e612-73a0-a4c0-523ced5dc57c,d,D,QB5,10,4,UVH7d,18,0.07,-900000.0,-0.9,518,1024,0.505859375
01a0a57f-e612-73a0-a4c0-523ced5dc57c,d,D,QB5,10,4,UVH7d,19,0.07,-450000.0,-0.45,525,1024,0.5126953125
01a0a57f-e612-73a0-a4c0-523ced5dc57c,d,D,QB5,10,4,UVH7d,20,0.07,0.0,0.0,476,1024,0.46484375
01a0a57f-e612-73a0-a4c0-523ced5dc57c,d,D,QB5,10,4,UVH7d,21,0.07,450000.0,0.45,501,1024,0.4892578125
01a0a57f-e612-73a0-a4c0-523ced5dc57c,d,D,QB5,10,4,UVH7d,22,0.07,900000.0,0.9,505,1024,0.4931640625
01a0a57f-e612-73a0-a4c0-523ced5dc57c,d,D,QB5,10,4,UVH7d,23,0.07,1350000.0,1.35,486,1024,0.474609375
01a0a57f-e612-73a0-a4c0-523ced5dc57c,d,D,QB5,10,4,UVH7d,24,0.07,1800000.0,1.8,505,1024,0.4931640625
01a0a57f-e612-73a0-a4c0-523ced5dc57c,d,D,QB5,10,4,UVH7d,25,0.07,2250000.0,2.25,484,1024,0.47265625
01a0a57f-e612-73a0-a4c0-523ced5dc57c,d,D,QB5,10,4,UVH7d,26,0.07,2700000.0,2.7,500,1024,0.48828125
01a0a57f-e612-73a0-a4c0-523ced5dc57c,d,D,QB5,10,4,UVH7d,27,0.07,3150000.0,3.15,469,1024,0.4580078125
01a0a57f-e612-73a0-a4c0-523ced5dc57c,d,D,QB5,10,4,UVH7d,28,0.07,3600000.0,3.6,457,1024,0.4462890625
01a0a57f-e612-73a0-a4c0-523ced5dc57c,d,D,QB5,10,4,UVH7d,29,0.07,4050000.0,4.05,458,1024,0.447265625
01a0a57f-e612-73a0-a4c0-523ced5dc57c,d,D,QB5,10,4,UVH7d,30,0.07,4500000.0,4.5,482,1024,0.470703125
01a0a57f-e612-73a0-a4c0-523ced5dc57c,d,D,QB5,10,4,UVH7d,31,0.07,4950000.0,4.95,462,1024,0.451171875
01a0a57f-e612-73a0-a4c0-523ced5dc57c,d,D,QB5,10,4,UVH7d,32,0.07,5400000.0,5.4,414,1024,0.404296875
01a0a57f-e612-73a0-a4c0-523ced5dc57c,d,D,QB5,10,4,UVH7d,33,0.07,5850000.0,5.85,444,1024,0.43359375
01a0a57f-e612-73a0-a4c0-523ced5dc57c,d,D,QB5,10,4,UVH7d,34,0.07,6300000.0,6.3,413,1024,0.4033203125
01a0a57f-e612-73a0-a4c0-523ced5dc57c,d,D,QB5,10,4,UVH7d,35,0.07,6750000.0,6.75,419,1024,0.4091796875
01a0a57f-e612-73a0-a4c0-523ced5dc57c,d,D,QB5,10,4,UVH7d,36,0.07,7200000.0,7.2,424,1024,0.4140625
01a0a57f-e612-73a0-a4c0-523ced5dc57c,d,D,QB5,10,4,UVH7d,37,0.07,7650000.0,7.65,360,1024,0.3515625
01a0a57f-e612-73a0-a4c0-523ced5dc57c,d,D,QB5,10,4,UVH7d,38,0.07,8100000.0,8.1,404,1024,0.39453125
01a0a57f-e612-73a0-a4c0-523ced5dc57c,d,D,QB5,10,4,UVH7d,39,0.07,8550000.0,8.55,389,1024,0.3798828125
01a0a57f-e612-73a0-a4c0-523ced5dc57c,d,D,QB5,10,4,UVH7d,40,0.07,9000000.0,9.0,334,1024,0.326171875
01a0a57f-e612-73a0-a4c0-523ced5dc57c,d,D,QB5,10,5,UVH8d,0,0.07,-9000000.0,-9.0,552,1024,0.5390625
01a0a57f-e612-73a0-a4c0-523ced5dc57c,d,D,QB5,10,5,UVH8d,1,0.07,-8550000.0,-8.55,556,1024,0.54296875
01a0a57f-e612-73a0-a4c0-523ced5dc57c,d,D,QB5,10,5,UVH8d,2,0.07,-8100000.0,-8.1,539,1024,0.5263671875
01a0a57f-e612-73a0-a4c0-523ced5dc57c,d,D,QB5,10,5,UVH8d,3,0.07,-7650000.0,-7.65,535,1024,0.5224609375
01a0a57f-e612-73a0-a4c0-523ced5dc57c,d,D,QB5,10,5,UVH8d,4,0.07,-7200000.0,-7.2,539,1024,0.5263671875
01a0a57f-e612-73a0-a4c0-523ced5dc57c,d,D,QB5,10,5,UVH8d,5,0.07,-6750000.0,-6.75,528,1024,0.515625
01a0a57f-e612-73a0-a4c0-523ced5dc57c,d,D,QB5,10,5,UVH8d,6,0.07,-6300000.0,-6.3,530,1024,0.517578125
01a0a57f-e612-73a0-a4c0-523ced5dc57c,d,D,QB5,10,5,UVH8d,7,0.07,-5850000.0,-5.85,520,1024,0.5078125
01a0a57f-e612-73a0-a4c0-523ced5dc57c,d,D,QB5,10,5,UVH8d,8,0.07,-5400000.0,-5.4,499,1024,0.4873046875
01a0a57f-e612-73a0-a4c0-523ced5dc57c,d,D,QB5,10,5,UVH8d,9,0.07,-4950000.0,-4.95,537,1024,0.5244140625
01a0a57f-e612-73a0-a4c0-523ced5dc57c,d,D,QB5,10,5,UVH8d,10,0.07,-4500000.0,-4.5,488,1024,0.4765625
01a0a57f-e612-73a0-a4c0-523ced5dc57c,d,D,QB5,10,5,UVH8d,11,0.07,-4050000.0,-4.05,530,1024,0.517578125
01a0a57f-e612-73a0-a4c0-523ced5dc57c,d,D,QB5,10,5,UVH8d,12,0.07,-3600000.0,-3.6,497,1024,0.4853515625
01a0a57f-e612-73a0-a4c0-523ced5dc57c,d,D,QB5,10,5,UVH8d,13,0.07,-3150000.0,-3.15,526,1024,0.513671875
01a0a57f-e612-73a0-a4c0-523ced5dc57c,d,D,QB5,10,5,UVH8d,14,0.07,-2700000.0,-2.7,510,1024,0.498046875
01a0a57f-e612-73a0-a4c0-523ced5dc57c,d,D,QB5,10,5,UVH8d,15,0.07,-2250000.0,-2.25,475,1024,0.4638671875
01a0a57f-e612-73a0-a4c0-523ced5dc57c,d,D,QB5,10,5,UVH8d,16,0.07,-1800000.0,-1.8,510,1024,0.498046875
01a0a57f-e612-73a0-a4c0-523ced5dc57c,d,D,QB5,10,5,UVH8d,17,0.07,-1350000.0,-1.35,524,1024,0.51171875
01a0a57f-e612-73a0-a4c0-523ced5dc57c,d,D,QB5,10,5,UVH8d,18,0.07,-900000.0,-0.9,496,1024,0.484375
01a0a57f-e612-73a0-a4c0-523ced5dc57c,d,D,QB5,10,5,UVH8d,19,0.07,-450000.0,-0.45,488,1024,0.4765625
01a0a57f-e612-73a0-a4c0-523ced5dc57c,d,D,QB5,10,5,UVH8d,20,0.07,0.0,0.0,496,1024,0.484375
01a0a57f-e612-73a0-a4c0-523ced5dc57c,d,D,QB5,10,5,UVH8d,21,0.07,450000.0,0.45,505,1024,0.4931640625
01a0a57f-e612-73a0-a4c0-523ced5dc57c,d,D,QB5,10,5,UVH8d,22,0.07,900000.0,0.9,539,1024,0.5263671875
01a0a57f-e612-73a0-a4c0-523ced5dc57c,d,D,QB5,10,5,UVH8d,23,0.07,1350000.0,1.35,515,1024,0.5029296875
01a0a57f-e612-73a0-a4c0-523ced5dc57c,d,D,QB5,10,5,UVH8d,24,0.07,1800000.0,1.8,510,1024,0.498046875
01a0a57f-e612-73a0-a4c0-523ced5dc57c,d,D,QB5,10,5,UVH8d,25,0.07,2250000.0,2.25,526,1024,0.513671875
01a0a57f-e612-73a0-a4c0-523ced5dc57c,d,D,QB5,10,5,UVH8d,26,0.07,2700000.0,2.7,491,1024,0.4794921875
01a0a57f-e612-73a0-a4c0-523ced5dc57c,d,D,QB5,10,5,UVH8d,27,0.07,3150000.0,3.15,505,1024,0.4931640625
01a0a57f-e612-73a0-a4c0-523ced5dc57c,d,D,QB5,10,5,UVH8d,28,0.07,3600000.0,3.6,525,1024,0.5126953125
01a0a57f-e612-73a0-a4c0-523ced5dc57c,d,D,QB5,10,5,UVH8d,29,0.07,4050000.0,4.05,501,1024,0.4892578125
01a0a57f-e612-73a0-a4c0-523ced5dc57c,d,D,QB5,10,5,UVH8d,30,0.07,4500000.0,4.5,512,1024,0.5
01a0a57f-e612-73a0-a4c0-523ced5dc57c,d,D,QB5,10,5,UVH8d,31,0.07,4950000.0,4.95,498,1024,0.486328125
01a0a57f-e612-73a0-a4c0-523ced5dc57c,d,D,QB5,10,5,UVH8d,32,0.07,5400000.0,5.4,483,1024,0.4716796875
01a0a57f-e612-73a0-a4c0-523ced5dc57c,d,D,QB5,10,5,UVH8d,33,0.07,5850000.0,5.85,488,1024,0.4765625
01a0a57f-e612-73a0-a4c0-523ced5dc57c,d,D,QB5,10,5,UVH8d,34,0.07,6300000.0,6.3,462,1024,0.451171875
01a0a57f-e612-73a0-a4c0-523ced5dc57c,d,D,QB5,10,5,UVH8d,35,0.07,6750000.0,6.75,502,1024,0.490234375
01a0a57f-e612-73a0-a4c0-523ced5dc57c,d,D,QB5,10,5,UVH8d,36,0.07,7200000.0,7.2,507,1024,0.4951171875
01a0a57f-e612-73a0-a4c0-523ced5dc57c,d,D,QB5,10,5,UVH8d,37,0.07,7650000.0,7.65,495,1024,0.4833984375
01a0a57f-e612-73a0-a4c0-523ced5dc57c,d,D,QB5,10,5,UVH8d,38,0.07,8100000.0,8.1,475,1024,0.4638671875
01a0a57f-e612-73a0-a4c0-523ced5dc57c,d,D,QB5,10,5,UVH8d,39,0.07,8550000.0,8.55,454,1024,0.443359375
01a0a57f-e612-73a0-a4c0-523ced5dc57c,d,D,QB5,10,5,UVH8d,40,0.07,9000000.0,9.0,433,1024,0.4228515625
01a0a57f-e612-73a0-a4c0-523ced5dc57c,d,D,QB1,11,0,standard_pi_2,0,0.07,-9000000.0,-9.0,611,1024,0.5966796875
01a0a57f-e612-73a0-a4c0-523ced5dc57c,d,D,QB1,11,0,standard_pi_2,1,0.07,-8550000.0,-8.55,611,1024,0.5966796875
01a0a57f-e612-73a0-a4c0-523ced5dc57c,d,D,QB1,11,0,standard_pi_2,2,0.07,-8100000.0,-8.1,626,1024,0.611328125
01a0a57f-e612-73a0-a4c0-523ced5dc57c,d,D,QB1,11,0,standard_pi_2,3,0.07,-7650000.0,-7.65,579,1024,0.5654296875
01a0a57f-e612-73a0-a4c0-523ced5dc57c,d,D,QB1,11,0,standard_pi_2,4,0.07,-7200000.0,-7.2,600,1024,0.5859375
01a0a57f-e612-73a0-a4c0-523ced5dc57c,d,D,QB1,11,0,standard_pi_2,5,0.07,-6750000.0,-6.75,611,1024,0.5966796875
01a0a57f-e612-73a0-a4c0-523ced5dc57c,d,D,QB1,11,0,standard_pi_2,6,0.07,-6300000.0,-6.3,614,1024,0.599609375
01a0a57f-e612-73a0-a4c0-523ced5dc57c,d,D,QB1,11,0,standard_pi_2,7,0.07,-5850000.0,-5.85,595,1024,0.5810546875
01a0a57f-e612-73a0-a4c0-523ced5dc57c,d,D,QB1,11,0,standard_pi_2,8,0.07,-5400000.0,-5.4,609,1024,0.5947265625
01a0a57f-e612-73a0-a4c0-523ced5dc57c,d,D,QB1,11,0,standard_pi_2,9,0.07,-4950000.0,-4.95,601,1024,0.5869140625
01a0a57f-e612-73a0-a4c0-523ced5dc57c,d,D,QB1,11,0,standard_pi_2,10,0.07,-4500000.0,-4.5,591,1024,0.5771484375
01a0a57f-e612-73a0-a4c0-523ced5dc57c,d,D,QB1,11,0,standard_pi_2,11,0.07,-4050000.0,-4.05,608,1024,0.59375
01a0a57f-e612-73a0-a4c0-523ced5dc57c,d,D,QB1,11,0,standard_pi_2,12,0.07,-3600000.0,-3.6,580,1024,0.56640625
01a0a57f-e612-73a0-a4c0-523ced5dc57c,d,D,QB1,11,0,standard_pi_2,13,0.07,-3150000.0,-3.15,618,1024,0.603515625
01a0a57f-e612-73a0-a4c0-523ced5dc57c,d,D,QB1,11,0,standard_pi_2,14,0.07,-2700000.0,-2.7,578,1024,0.564453125
01a0a57f-e612-73a0-a4c0-523ced5dc57c,d,D,QB1,11,0,standard_pi_2,15,0.07,-2250000.0,-2.25,585,1024,0.5712890625
01a0a57f-e612-73a0-a4c0-523ced5dc57c,d,D,QB1,11,0,standard_pi_2,16,0.07,-1800000.0,-1.8,598,1024,0.583984375
01a0a57f-e612-73a0-a4c0-523ced5dc57c,d,D,QB1,11,0,standard_pi_2,17,0.07,-1350000.0,-1.35,576,1024,0.5625
01a0a57f-e612-73a0-a4c0-523ced5dc57c,d,D,QB1,11,0,standard_pi_2,18,0.07,-900000.0,-0.9,588,1024,0.57421875
01a0a57f-e612-73a0-a4c0-523ced5dc57c,d,D,QB1,11,0,standard_pi_2,19,0.07,-450000.0,-0.45,578,1024,0.564453125
01a0a57f-e612-73a0-a4c0-523ced5dc57c,d,D,QB1,11,0,standard_pi_2,20,0.07,0.0,0.0,550,1024,0.537109375
01a0a57f-e612-73a0-a4c0-523ced5dc57c,d,D,QB1,11,0,standard_pi_2,21,0.07,450000.0,0.45,562,1024,0.548828125
01a0a57f-e612-73a0-a4c0-523ced5dc57c,d,D,QB1,11,0,standard_pi_2,22,0.07,900000.0,0.9,568,1024,0.5546875
01a0a57f-e612-73a0-a4c0-523ced5dc57c,d,D,QB1,11,0,standard_pi_2,23,0.07,1350000.0,1.35,550,1024,0.537109375
01a0a57f-e612-73a0-a4c0-523ced5dc57c,d,D,QB1,11,0,standard_pi_2,24,0.07,1800000.0,1.8,565,1024,0.5517578125
01a0a57f-e612-73a0-a4c0-523ced5dc57c,d,D,QB1,11,0,standard_pi_2,25,0.07,2250000.0,2.25,583,1024,0.5693359375
01a0a57f-e612-73a0-a4c0-523ced5dc57c,d,D,QB1,11,0,standard_pi_2,26,0.07,2700000.0,2.7,572,1024,0.55859375
01a0a57f-e612-73a0-a4c0-523ced5dc57c,d,D,QB1,11,0,standard_pi_2,27,0.07,3150000.0,3.15,547,1024,0.5341796875
01a0a57f-e612-73a0-a4c0-523ced5dc57c,d,D,QB1,11,0,standard_pi_2,28,0.07,3600000.0,3.6,560,1024,0.546875
01a0a57f-e612-73a0-a4c0-523ced5dc57c,d,D,QB1,11,0,standard_pi_2,29,0.07,4050000.0,4.05,514,1024,0.501953125
01a0a57f-e612-73a0-a4c0-523ced5dc57c,d,D,QB1,11,0,standard_pi_2,30,0.07,4500000.0,4.5,523,1024,0.5107421875
01a0a57f-e612-73a0-a4c0-523ced5dc57c,d,D,QB1,11,0,standard_pi_2,31,0.07,4950000.0,4.95,533,1024,0.5205078125
01a0a57f-e612-73a0-a4c0-523ced5dc57c,d,D,QB1,11,0,standard_pi_2,32,0.07,5400000.0,5.4,551,1024,0.5380859375
01a0a57f-e612-73a0-a4c0-523ced5dc57c,d,D,QB1,11,0,standard_pi_2,33,0.07,5850000.0,5.85,500,1024,0.48828125
01a0a57f-e612-73a0-a4c0-523ced5dc57c,d,D,QB1,11,0,standard_pi_2,34,0.07,6300000.0,6.3,515,1024,0.5029296875
01a0a57f-e612-73a0-a4c0-523ced5dc57c,d,D,QB1,11,0,standard_pi_2,35,0.07,6750000.0,6.75,512,1024,0.5
01a0a57f-e612-73a0-a4c0-523ced5dc57c,d,D,QB1,11,0,standard_pi_2,36,0.07,7200000.0,7.2,509,1024,0.4970703125
01a0a57f-e612-73a0-a4c0-523ced5dc57c,d,D,QB1,11,0,standard_pi_2,37,0.07,7650000.0,7.65,525,1024,0.5126953125
01a0a57f-e612-73a0-a4c0-523ced5dc57c,d,D,QB1,11,0,standard_pi_2,38,0.07,8100000.0,8.1,506,1024,0.494140625
01a0a57f-e612-73a0-a4c0-523ced5dc57c,d,D,QB1,11,0,standard_pi_2,39,0.07,8550000.0,8.55,524,1024,0.51171875
01a0a57f-e612-73a0-a4c0-523ced5dc57c,d,D,QB1,11,0,standard_pi_2,40,0.07,9000000.0,9.0,480,1024,0.46875
01a0a57f-e612-73a0-a4c0-523ced5dc57c,d,D,QB1,11,1,UVH4d,0,0.07,-9000000.0,-9.0,381,1024,0.3720703125
01a0a57f-e612-73a0-a4c0-523ced5dc57c,d,D,QB1,11,1,UVH4d,1,0.07,-8550000.0,-8.55,337,1024,0.3291015625
01a0a57f-e612-73a0-a4c0-523ced5dc57c,d,D,QB1,11,1,UVH4d,2,0.07,-8100000.0,-8.1,395,1024,0.3857421875
01a0a57f-e612-73a0-a4c0-523ced5dc57c,d,D,QB1,11,1,UVH4d,3,0.07,-7650000.0,-7.65,403,1024,0.3935546875
01a0a57f-e612-73a0-a4c0-523ced5dc57c,d,D,QB1,11,1,UVH4d,4,0.07,-7200000.0,-7.2,440,1024,0.4296875
01a0a57f-e612-73a0-a4c0-523ced5dc57c,d,D,QB1,11,1,UVH4d,5,0.07,-6750000.0,-6.75,418,1024,0.408203125
01a0a57f-e612-73a0-a4c0-523ced5dc57c,d,D,QB1,11,1,UVH4d,6,0.07,-6300000.0,-6.3,407,1024,0.3974609375
01a0a57f-e612-73a0-a4c0-523ced5dc57c,d,D,QB1,11,1,UVH4d,7,0.07,-5850000.0,-5.85,437,1024,0.4267578125
01a0a57f-e612-73a0-a4c0-523ced5dc57c,d,D,QB1,11,1,UVH4d,8,0.07,-5400000.0,-5.4,469,1024,0.4580078125
01a0a57f-e612-73a0-a4c0-523ced5dc57c,d,D,QB1,11,1,UVH4d,9,0.07,-4950000.0,-4.95,443,1024,0.4326171875
01a0a57f-e612-73a0-a4c0-523ced5dc57c,d,D,QB1,11,1,UVH4d,10,0.07,-4500000.0,-4.5,460,1024,0.44921875
01a0a57f-e612-73a0-a4c0-523ced5dc57c,d,D,QB1,11,1,UVH4d,11,0.07,-4050000.0,-4.05,488,1024,0.4765625
01a0a57f-e612-73a0-a4c0-523ced5dc57c,d,D,QB1,11,1,UVH4d,12,0.07,-3600000.0,-3.6,473,1024,0.4619140625
01a0a57f-e612-73a0-a4c0-523ced5dc57c,d,D,QB1,11,1,UVH4d,13,0.07,-3150000.0,-3.15,484,1024,0.47265625
01a0a57f-e612-73a0-a4c0-523ced5dc57c,d,D,QB1,11,1,UVH4d,14,0.07,-2700000.0,-2.7,503,1024,0.4912109375
01a0a57f-e612-73a0-a4c0-523ced5dc57c,d,D,QB1,11,1,UVH4d,15,0.07,-2250000.0,-2.25,504,1024,0.4921875
01a0a57f-e612-73a0-a4c0-523ced5dc57c,d,D,QB1,11,1,UVH4d,16,0.07,-1800000.0,-1.8,500,1024,0.48828125
01a0a57f-e612-73a0-a4c0-523ced5dc57c,d,D,QB1,11,1,UVH4d,17,0.07,-1350000.0,-1.35,516,1024,0.50390625
01a0a57f-e612-73a0-a4c0-523ced5dc57c,d,D,QB1,11,1,UVH4d,18,0.07,-900000.0,-0.9,505,1024,0.4931640625
01a0a57f-e612-73a0-a4c0-523ced5dc57c,d,D,QB1,11,1,UVH4d,19,0.07,-450000.0,-0.45,515,1024,0.5029296875
01a0a57f-e612-73a0-a4c0-523ced5dc57c,d,D,QB1,11,1,UVH4d,20,0.07,0.0,0.0,485,1024,0.4736328125
01a0a57f-e612-73a0-a4c0-523ced5dc57c,d,D,QB1,11,1,UVH4d,21,0.07,450000.0,0.45,493,1024,0.4814453125
01a0a57f-e612-73a0-a4c0-523ced5dc57c,d,D,QB1,11,1,UVH4d,22,0.07,900000.0,0.9,492,1024,0.48046875
01a0a57f-e612-73a0-a4c0-523ced5dc57c,d,D,QB1,11,1,UVH4d,23,0.07,1350000.0,1.35,535,1024,0.5224609375
01a0a57f-e612-73a0-a4c0-523ced5dc57c,d,D,QB1,11,1,UVH4d,24,0.07,1800000.0,1.8,548,1024,0.53515625
01a0a57f-e612-73a0-a4c0-523ced5dc57c,d,D,QB1,11,1,UVH4d,25,0.07,2250000.0,2.25,520,1024,0.5078125
01a0a57f-e612-73a0-a4c0-523ced5dc57c,d,D,QB1,11,1,UVH4d,26,0.07,2700000.0,2.7,498,1024,0.486328125
01a0a57f-e612-73a0-a4c0-523ced5dc57c,d,D,QB1,11,1,UVH4d,27,0.07,3150000.0,3.15,536,1024,0.5234375
01a0a57f-e612-73a0-a4c0-523ced5dc57c,d,D,QB1,11,1,UVH4d,28,0.07,3600000.0,3.6,500,1024,0.48828125
01a0a57f-e612-73a0-a4c0-523ced5dc57c,d,D,QB1,11,1,UVH4d,29,0.07,4050000.0,4.05,516,1024,0.50390625
01a0a57f-e612-73a0-a4c0-523ced5dc57c,d,D,QB1,11,1,UVH4d,30,0.07,4500000.0,4.5,567,1024,0.5537109375
01a0a57f-e612-73a0-a4c0-523ced5dc57c,d,D,QB1,11,1,UVH4d,31,0.07,4950000.0,4.95,532,1024,0.51953125
01a0a57f-e612-73a0-a4c0-523ced5dc57c,d,D,QB1,11,1,UVH4d,32,0.07,5400000.0,5.4,551,1024,0.5380859375
01a0a57f-e612-73a0-a4c0-523ced5dc57c,d,D,QB1,11,1,UVH4d,33,0.07,5850000.0,5.85,570,1024,0.556640625
01a0a57f-e612-73a0-a4c0-523ced5dc57c,d,D,QB1,11,1,UVH4d,34,0.07,6300000.0,6.3,605,1024,0.5908203125
01a0a57f-e612-73a0-a4c0-523ced5dc57c,d,D,QB1,11,1,UVH4d,35,0.07,6750000.0,6.75,593,1024,0.5791015625
01a0a57f-e612-73a0-a4c0-523ced5dc57c,d,D,QB1,11,1,UVH4d,36,0.07,7200000.0,7.2,561,1024,0.5478515625
01a0a57f-e612-73a0-a4c0-523ced5dc57c,d,D,QB1,11,1,UVH4d,37,0.07,7650000.0,7.65,616,1024,0.6015625
01a0a57f-e612-73a0-a4c0-523ced5dc57c,d,D,QB1,11,1,UVH4d,38,0.07,8100000.0,8.1,625,1024,0.6103515625
01a0a57f-e612-73a0-a4c0-523ced5dc57c,d,D,QB1,11,1,UVH4d,39,0.07,8550000.0,8.55,640,1024,0.625
01a0a57f-e612-73a0-a4c0-523ced5dc57c,d,D,QB1,11,1,UVH4d,40,0.07,9000000.0,9.0,657,1024,0.6416015625
01a0a57f-e612-73a0-a4c0-523ced5dc57c,d,D,QB1,11,2,UVH5d,0,0.07,-9000000.0,-9.0,167,1024,0.1630859375
01a0a57f-e612-73a0-a4c0-523ced5dc57c,d,D,QB1,11,2,UVH5d,1,0.07,-8550000.0,-8.55,205,1024,0.2001953125
01a0a57f-e612-73a0-a4c0-523ced5dc57c,d,D,QB1,11,2,UVH5d,2,0.07,-8100000.0,-8.1,188,1024,0.18359375
01a0a57f-e612-73a0-a4c0-523ced5dc57c,d,D,QB1,11,2,UVH5d,3,0.07,-7650000.0,-7.65,202,1024,0.197265625
01a0a57f-e612-73a0-a4c0-523ced5dc57c,d,D,QB1,11,2,UVH5d,4,0.07,-7200000.0,-7.2,267,1024,0.2607421875
01a0a57f-e612-73a0-a4c0-523ced5dc57c,d,D,QB1,11,2,UVH5d,5,0.07,-6750000.0,-6.75,261,1024,0.2548828125
01a0a57f-e612-73a0-a4c0-523ced5dc57c,d,D,QB1,11,2,UVH5d,6,0.07,-6300000.0,-6.3,285,1024,0.2783203125
01a0a57f-e612-73a0-a4c0-523ced5dc57c,d,D,QB1,11,2,UVH5d,7,0.07,-5850000.0,-5.85,333,1024,0.3251953125
01a0a57f-e612-73a0-a4c0-523ced5dc57c,d,D,QB1,11,2,UVH5d,8,0.07,-5400000.0,-5.4,342,1024,0.333984375
01a0a57f-e612-73a0-a4c0-523ced5dc57c,d,D,QB1,11,2,UVH5d,9,0.07,-4950000.0,-4.95,341,1024,0.3330078125
01a0a57f-e612-73a0-a4c0-523ced5dc57c,d,D,QB1,11,2,UVH5d,10,0.07,-4500000.0,-4.5,393,1024,0.3837890625
01a0a57f-e612-73a0-a4c0-523ced5dc57c,d,D,QB1,11,2,UVH5d,11,0.07,-4050000.0,-4.05,424,1024,0.4140625
01a0a57f-e612-73a0-a4c0-523ced5dc57c,d,D,QB1,11,2,UVH5d,12,0.07,-3600000.0,-3.6,460,1024,0.44921875
01a0a57f-e612-73a0-a4c0-523ced5dc57c,d,D,QB1,11,2,UVH5d,13,0.07,-3150000.0,-3.15,482,1024,0.470703125
01a0a57f-e612-73a0-a4c0-523ced5dc57c,d,D,QB1,11,2,UVH5d,14,0.07,-2700000.0,-2.7,486,1024,0.474609375
01a0a57f-e612-73a0-a4c0-523ced5dc57c,d,D,QB1,11,2,UVH5d,15,0.07,-2250000.0,-2.25,461,1024,0.4501953125
01a0a57f-e612-73a0-a4c0-523ced5dc57c,d,D,QB1,11,2,UVH5d,16,0.07,-1800000.0,-1.8,498,1024,0.486328125
01a0a57f-e612-73a0-a4c0-523ced5dc57c,d,D,QB1,11,2,UVH5d,17,0.07,-1350000.0,-1.35,491,1024,0.4794921875
01a0a57f-e612-73a0-a4c0-523ced5dc57c,d,D,QB1,11,2,UVH5d,18,0.07,-900000.0,-0.9,494,1024,0.482421875
01a0a57f-e612-73a0-a4c0-523ced5dc57c,d,D,QB1,11,2,UVH5d,19,0.07,-450000.0,-0.45,488,1024,0.4765625
01a0a57f-e612-73a0-a4c0-523ced5dc57c,d,D,QB1,11,2,UVH5d,20,0.07,0.0,0.0,517,1024,0.5048828125
01a0a57f-e612-73a0-a4c0-523ced5dc57c,d,D,QB1,11,2,UVH5d,21,0.07,450000.0,0.45,517,1024,0.5048828125
01a0a57f-e612-73a0-a4c0-523ced5dc57c,d,D,QB1,11,2,UVH5d,22,0.07,900000.0,0.9,493,1024,0.4814453125
01a0a57f-e612-73a0-a4c0-523ced5dc57c,d,D,QB1,11,2,UVH5d,23,0.07,1350000.0,1.35,468,1024,0.45703125
01a0a57f-e612-73a0-a4c0-523ced5dc57c,d,D,QB1,11,2,UVH5d,24,0.07,1800000.0,1.8,496,1024,0.484375
01a0a57f-e612-73a0-a4c0-523ced5dc57c,d,D,QB1,11,2,UVH5d,25,0.07,2250000.0,2.25,512,1024,0.5
01a0a57f-e612-73a0-a4c0-523ced5dc57c,d,D,QB1,11,2,UVH5d,26,0.07,2700000.0,2.7,473,1024,0.4619140625
01a0a57f-e612-73a0-a4c0-523ced5dc57c,d,D,QB1,11,2,UVH5d,27,0.07,3150000.0,3.15,477,1024,0.4658203125
01a0a57f-e612-73a0-a4c0-523ced5dc57c,d,D,QB1,11,2,UVH5d,28,0.07,3600000.0,3.6,489,1024,0.4775390625
01a0a57f-e612-73a0-a4c0-523ced5dc57c,d,D,QB1,11,2,UVH5d,29,0.07,4050000.0,4.05,473,1024,0.4619140625
01a0a57f-e612-73a0-a4c0-523ced5dc57c,d,D,QB1,11,2,UVH5d,30,0.07,4500000.0,4.5,474,1024,0.462890625
01a0a57f-e612-73a0-a4c0-523ced5dc57c,d,D,QB1,11,2,UVH5d,31,0.07,4950000.0,4.95,460,1024,0.44921875
01a0a57f-e612-73a0-a4c0-523ced5dc57c,d,D,QB1,11,2,UVH5d,32,0.07,5400000.0,5.4,488,1024,0.4765625
01a0a57f-e612-73a0-a4c0-523ced5dc57c,d,D,QB1,11,2,UVH5d,33,0.07,5850000.0,5.85,494,1024,0.482421875
01a0a57f-e612-73a0-a4c0-523ced5dc57c,d,D,QB1,11,2,UVH5d,34,0.07,6300000.0,6.3,499,1024,0.4873046875
01a0a57f-e612-73a0-a4c0-523ced5dc57c,d,D,QB1,11,2,UVH5d,35,0.07,6750000.0,6.75,487,1024,0.4755859375
01a0a57f-e612-73a0-a4c0-523ced5dc57c,d,D,QB1,11,2,UVH5d,36,0.07,7200000.0,7.2,506,1024,0.494140625
01a0a57f-e612-73a0-a4c0-523ced5dc57c,d,D,QB1,11,2,UVH5d,37,0.07,7650000.0,7.65,489,1024,0.4775390625
01a0a57f-e612-73a0-a4c0-523ced5dc57c,d,D,QB1,11,2,UVH5d,38,0.07,8100000.0,8.1,503,1024,0.4912109375
01a0a57f-e612-73a0-a4c0-523ced5dc57c,d,D,QB1,11,2,UVH5d,39,0.07,8550000.0,8.55,519,1024,0.5068359375
01a0a57f-e612-73a0-a4c0-523ced5dc57c,d,D,QB1,11,2,UVH5d,40,0.07,9000000.0,9.0,542,1024,0.529296875
01a0a57f-e612-73a0-a4c0-523ced5dc57c,d,D,QB1,11,3,UVH6d,0,0.07,-9000000.0,-9.0,541,1024,0.5283203125
01a0a57f-e612-73a0-a4c0-523ced5dc57c,d,D,QB1,11,3,UVH6d,1,0.07,-8550000.0,-8.55,536,1024,0.5234375
01a0a57f-e612-73a0-a4c0-523ced5dc57c,d,D,QB1,11,3,UVH6d,2,0.07,-8100000.0,-8.1,548,1024,0.53515625
01a0a57f-e612-73a0-a4c0-523ced5dc57c,d,D,QB1,11,3,UVH6d,3,0.07,-7650000.0,-7.65,564,1024,0.55078125
01a0a57f-e612-73a0-a4c0-523ced5dc57c,d,D,QB1,11,3,UVH6d,4,0.07,-7200000.0,-7.2,534,1024,0.521484375
01a0a57f-e612-73a0-a4c0-523ced5dc57c,d,D,QB1,11,3,UVH6d,5,0.07,-6750000.0,-6.75,523,1024,0.5107421875
01a0a57f-e612-73a0-a4c0-523ced5dc57c,d,D,QB1,11,3,UVH6d,6,0.07,-6300000.0,-6.3,540,1024,0.52734375
01a0a57f-e612-73a0-a4c0-523ced5dc57c,d,D,QB1,11,3,UVH6d,7,0.07,-5850000.0,-5.85,534,1024,0.521484375
01a0a57f-e612-73a0-a4c0-523ced5dc57c,d,D,QB1,11,3,UVH6d,8,0.07,-5400000.0,-5.4,497,1024,0.4853515625
01a0a57f-e612-73a0-a4c0-523ced5dc57c,d,D,QB1,11,3,UVH6d,9,0.07,-4950000.0,-4.95,502,1024,0.490234375
01a0a57f-e612-73a0-a4c0-523ced5dc57c,d,D,QB1,11,3,UVH6d,10,0.07,-4500000.0,-4.5,512,1024,0.5
01a0a57f-e612-73a0-a4c0-523ced5dc57c,d,D,QB1,11,3,UVH6d,11,0.07,-4050000.0,-4.05,506,1024,0.494140625
01a0a57f-e612-73a0-a4c0-523ced5dc57c,d,D,QB1,11,3,UVH6d,12,0.07,-3600000.0,-3.6,489,1024,0.4775390625
01a0a57f-e612-73a0-a4c0-523ced5dc57c,d,D,QB1,11,3,UVH6d,13,0.07,-3150000.0,-3.15,509,1024,0.4970703125
01a0a57f-e612-73a0-a4c0-523ced5dc57c,d,D,QB1,11,3,UVH6d,14,0.07,-2700000.0,-2.7,510,1024,0.498046875
01a0a57f-e612-73a0-a4c0-523ced5dc57c,d,D,QB1,11,3,UVH6d,15,0.07,-2250000.0,-2.25,496,1024,0.484375
01a0a57f-e612-73a0-a4c0-523ced5dc57c,d,D,QB1,11,3,UVH6d,16,0.07,-1800000.0,-1.8,489,1024,0.4775390625
01a0a57f-e612-73a0-a4c0-523ced5dc57c,d,D,QB1,11,3,UVH6d,17,0.07,-1350000.0,-1.35,476,1024,0.46484375
01a0a57f-e612-73a0-a4c0-523ced5dc57c,d,D,QB1,11,3,UVH6d,18,0.07,-900000.0,-0.9,492,1024,0.48046875
01a0a57f-e612-73a0-a4c0-523ced5dc57c,d,D,QB1,11,3,UVH6d,19,0.07,-450000.0,-0.45,516,1024,0.50390625
01a0a57f-e612-73a0-a4c0-523ced5dc57c,d,D,QB1,11,3,UVH6d,20,0.07,0.0,0.0,483,1024,0.4716796875
01a0a57f-e612-73a0-a4c0-523ced5dc57c,d,D,QB1,11,3,UVH6d,21,0.07,450000.0,0.45,461,1024,0.4501953125
01a0a57f-e612-73a0-a4c0-523ced5dc57c,d,D,QB1,11,3,UVH6d,22,0.07,900000.0,0.9,487,1024,0.4755859375
01a0a57f-e612-73a0-a4c0-523ced5dc57c,d,D,QB1,11,3,UVH6d,23,0.07,1350000.0,1.35,484,1024,0.47265625
01a0a57f-e612-73a0-a4c0-523ced5dc57c,d,D,QB1,11,3,UVH6d,24,0.07,1800000.0,1.8,483,1024,0.4716796875
01a0a57f-e612-73a0-a4c0-523ced5dc57c,d,D,QB1,11,3,UVH6d,25,0.07,2250000.0,2.25,481,1024,0.4697265625
01a0a57f-e612-73a0-a4c0-523ced5dc57c,d,D,QB1,11,3,UVH6d,26,0.07,2700000.0,2.7,469,1024,0.4580078125
01a0a57f-e612-73a0-a4c0-523ced5dc57c,d,D,QB1,11,3,UVH6d,27,0.07,3150000.0,3.15,475,1024,0.4638671875
01a0a57f-e612-73a0-a4c0-523ced5dc57c,d,D,QB1,11,3,UVH6d,28,0.07,3600000.0,3.6,470,1024,0.458984375
01a0a57f-e612-73a0-a4c0-523ced5dc57c,d,D,QB1,11,3,UVH6d,29,0.07,4050000.0,4.05,472,1024,0.4609375
01a0a57f-e612-73a0-a4c0-523ced5dc57c,d,D,QB1,11,3,UVH6d,30,0.07,4500000.0,4.5,478,1024,0.466796875
01a0a57f-e612-73a0-a4c0-523ced5dc57c,d,D,QB1,11,3,UVH6d,31,0.07,4950000.0,4.95,472,1024,0.4609375
01a0a57f-e612-73a0-a4c0-523ced5dc57c,d,D,QB1,11,3,UVH6d,32,0.07,5400000.0,5.4,492,1024,0.48046875
01a0a57f-e612-73a0-a4c0-523ced5dc57c,d,D,QB1,11,3,UVH6d,33,0.07,5850000.0,5.85,462,1024,0.451171875
01a0a57f-e612-73a0-a4c0-523ced5dc57c,d,D,QB1,11,3,UVH6d,34,0.07,6300000.0,6.3,511,1024,0.4990234375
01a0a57f-e612-73a0-a4c0-523ced5dc57c,d,D,QB1,11,3,UVH6d,35,0.07,6750000.0,6.75,542,1024,0.529296875
01a0a57f-e612-73a0-a4c0-523ced5dc57c,d,D,QB1,11,3,UVH6d,36,0.07,7200000.0,7.2,520,1024,0.5078125
01a0a57f-e612-73a0-a4c0-523ced5dc57c,d,D,QB1,11,3,UVH6d,37,0.07,7650000.0,7.65,540,1024,0.52734375
01a0a57f-e612-73a0-a4c0-523ced5dc57c,d,D,QB1,11,3,UVH6d,38,0.07,8100000.0,8.1,566,1024,0.552734375
01a0a57f-e612-73a0-a4c0-523ced5dc57c,d,D,QB1,11,3,UVH6d,39,0.07,8550000.0,8.55,582,1024,0.568359375
01a0a57f-e612-73a0-a4c0-523ced5dc57c,d,D,QB1,11,3,UVH6d,40,0.07,9000000.0,9.0,606,1024,0.591796875
01a0a57f-e612-73a0-a4c0-523ced5dc57c,d,D,QB1,11,4,UVH7d,0,0.07,-9000000.0,-9.0,618,1024,0.603515625
01a0a57f-e612-73a0-a4c0-523ced5dc57c,d,D,QB1,11,4,UVH7d,1,0.07,-8550000.0,-8.55,620,1024,0.60546875
01a0a57f-e612-73a0-a4c0-523ced5dc57c,d,D,QB1,11,4,UVH7d,2,0.07,-8100000.0,-8.1,570,1024,0.556640625
01a0a57f-e612-73a0-a4c0-523ced5dc57c,d,D,QB1,11,4,UVH7d,3,0.07,-7650000.0,-7.65,570,1024,0.556640625
01a0a57f-e612-73a0-a4c0-523ced5dc57c,d,D,QB1,11,4,UVH7d,4,0.07,-7200000.0,-7.2,583,1024,0.5693359375
01a0a57f-e612-73a0-a4c0-523ced5dc57c,d,D,QB1,11,4,UVH7d,5,0.07,-6750000.0,-6.75,579,1024,0.5654296875
01a0a57f-e612-73a0-a4c0-523ced5dc57c,d,D,QB1,11,4,UVH7d,6,0.07,-6300000.0,-6.3,550,1024,0.537109375
01a0a57f-e612-73a0-a4c0-523ced5dc57c,d,D,QB1,11,4,UVH7d,7,0.07,-5850000.0,-5.85,543,1024,0.5302734375
01a0a57f-e612-73a0-a4c0-523ced5dc57c,d,D,QB1,11,4,UVH7d,8,0.07,-5400000.0,-5.4,548,1024,0.53515625
01a0a57f-e612-73a0-a4c0-523ced5dc57c,d,D,QB1,11,4,UVH7d,9,0.07,-4950000.0,-4.95,537,1024,0.5244140625
01a0a57f-e612-73a0-a4c0-523ced5dc57c,d,D,QB1,11,4,UVH7d,10,0.07,-4500000.0,-4.5,518,1024,0.505859375
01a0a57f-e612-73a0-a4c0-523ced5dc57c,d,D,QB1,11,4,UVH7d,11,0.07,-4050000.0,-4.05,538,1024,0.525390625
01a0a57f-e612-73a0-a4c0-523ced5dc57c,d,D,QB1,11,4,UVH7d,12,0.07,-3600000.0,-3.6,548,1024,0.53515625
01a0a57f-e612-73a0-a4c0-523ced5dc57c,d,D,QB1,11,4,UVH7d,13,0.07,-3150000.0,-3.15,502,1024,0.490234375
01a0a57f-e612-73a0-a4c0-523ced5dc57c,d,D,QB1,11,4,UVH7d,14,0.07,-2700000.0,-2.7,538,1024,0.525390625
01a0a57f-e612-73a0-a4c0-523ced5dc57c,d,D,QB1,11,4,UVH7d,15,0.07,-2250000.0,-2.25,502,1024,0.490234375
01a0a57f-e612-73a0-a4c0-523ced5dc57c,d,D,QB1,11,4,UVH7d,16,0.07,-1800000.0,-1.8,529,1024,0.5166015625
01a0a57f-e612-73a0-a4c0-523ced5dc57c,d,D,QB1,11,4,UVH7d,17,0.07,-1350000.0,-1.35,523,1024,0.5107421875
01a0a57f-e612-73a0-a4c0-523ced5dc57c,d,D,QB1,11,4,UVH7d,18,0.07,-900000.0,-0.9,492,1024,0.48046875
01a0a57f-e612-73a0-a4c0-523ced5dc57c,d,D,QB1,11,4,UVH7d,19,0.07,-450000.0,-0.45,536,1024,0.5234375
01a0a57f-e612-73a0-a4c0-523ced5dc57c,d,D,QB1,11,4,UVH7d,20,0.07,0.0,0.0,514,1024,0.501953125
01a0a57f-e612-73a0-a4c0-523ced5dc57c,d,D,QB1,11,4,UVH7d,21,0.07,450000.0,0.45,528,1024,0.515625
01a0a57f-e612-73a0-a4c0-523ced5dc57c,d,D,QB1,11,4,UVH7d,22,0.07,900000.0,0.9,532,1024,0.51953125
01a0a57f-e612-73a0-a4c0-523ced5dc57c,d,D,QB1,11,4,UVH7d,23,0.07,1350000.0,1.35,536,1024,0.5234375
01a0a57f-e612-73a0-a4c0-523ced5dc57c,d,D,QB1,11,4,UVH7d,24,0.07,1800000.0,1.8,528,1024,0.515625
01a0a57f-e612-73a0-a4c0-523ced5dc57c,d,D,QB1,11,4,UVH7d,25,0.07,2250000.0,2.25,513,1024,0.5009765625
01a0a57f-e612-73a0-a4c0-523ced5dc57c,d,D,QB1,11,4,UVH7d,26,0.07,2700000.0,2.7,551,1024,0.5380859375
01a0a57f-e612-73a0-a4c0-523ced5dc57c,d,D,QB1,11,4,UVH7d,27,0.07,3150000.0,3.15,499,1024,0.4873046875
01a0a57f-e612-73a0-a4c0-523ced5dc57c,d,D,QB1,11,4,UVH7d,28,0.07,3600000.0,3.6,468,1024,0.45703125
01a0a57f-e612-73a0-a4c0-523ced5dc57c,d,D,QB1,11,4,UVH7d,29,0.07,4050000.0,4.05,494,1024,0.482421875
01a0a57f-e612-73a0-a4c0-523ced5dc57c,d,D,QB1,11,4,UVH7d,30,0.07,4500000.0,4.5,478,1024,0.466796875
01a0a57f-e612-73a0-a4c0-523ced5dc57c,d,D,QB1,11,4,UVH7d,31,0.07,4950000.0,4.95,496,1024,0.484375
01a0a57f-e612-73a0-a4c0-523ced5dc57c,d,D,QB1,11,4,UVH7d,32,0.07,5400000.0,5.4,479,1024,0.4677734375
01a0a57f-e612-73a0-a4c0-523ced5dc57c,d,D,QB1,11,4,UVH7d,33,0.07,5850000.0,5.85,496,1024,0.484375
01a0a57f-e612-73a0-a4c0-523ced5dc57c,d,D,QB1,11,4,UVH7d,34,0.07,6300000.0,6.3,434,1024,0.423828125
01a0a57f-e612-73a0-a4c0-523ced5dc57c,d,D,QB1,11,4,UVH7d,35,0.07,6750000.0,6.75,428,1024,0.41796875
01a0a57f-e612-73a0-a4c0-523ced5dc57c,d,D,QB1,11,4,UVH7d,36,0.07,7200000.0,7.2,404,1024,0.39453125
01a0a57f-e612-73a0-a4c0-523ced5dc57c,d,D,QB1,11,4,UVH7d,37,0.07,7650000.0,7.65,386,1024,0.376953125
01a0a57f-e612-73a0-a4c0-523ced5dc57c,d,D,QB1,11,4,UVH7d,38,0.07,8100000.0,8.1,372,1024,0.36328125
01a0a57f-e612-73a0-a4c0-523ced5dc57c,d,D,QB1,11,4,UVH7d,39,0.07,8550000.0,8.55,367,1024,0.3583984375
01a0a57f-e612-73a0-a4c0-523ced5dc57c,d,D,QB1,11,4,UVH7d,40,0.07,9000000.0,9.0,318,1024,0.310546875
01a0a57f-e612-73a0-a4c0-523ced5dc57c,d,D,QB1,11,5,UVH8d,0,0.07,-9000000.0,-9.0,514,1024,0.501953125
01a0a57f-e612-73a0-a4c0-523ced5dc57c,d,D,QB1,11,5,UVH8d,1,0.07,-8550000.0,-8.55,547,1024,0.5341796875
01a0a57f-e612-73a0-a4c0-523ced5dc57c,d,D,QB1,11,5,UVH8d,2,0.07,-8100000.0,-8.1,509,1024,0.4970703125
01a0a57f-e612-73a0-a4c0-523ced5dc57c,d,D,QB1,11,5,UVH8d,3,0.07,-7650000.0,-7.65,511,1024,0.4990234375
01a0a57f-e612-73a0-a4c0-523ced5dc57c,d,D,QB1,11,5,UVH8d,4,0.07,-7200000.0,-7.2,518,1024,0.505859375
01a0a57f-e612-73a0-a4c0-523ced5dc57c,d,D,QB1,11,5,UVH8d,5,0.07,-6750000.0,-6.75,547,1024,0.5341796875
01a0a57f-e612-73a0-a4c0-523ced5dc57c,d,D,QB1,11,5,UVH8d,6,0.07,-6300000.0,-6.3,555,1024,0.5419921875
01a0a57f-e612-73a0-a4c0-523ced5dc57c,d,D,QB1,11,5,UVH8d,7,0.07,-5850000.0,-5.85,561,1024,0.5478515625
01a0a57f-e612-73a0-a4c0-523ced5dc57c,d,D,QB1,11,5,UVH8d,8,0.07,-5400000.0,-5.4,534,1024,0.521484375
01a0a57f-e612-73a0-a4c0-523ced5dc57c,d,D,QB1,11,5,UVH8d,9,0.07,-4950000.0,-4.95,541,1024,0.5283203125
01a0a57f-e612-73a0-a4c0-523ced5dc57c,d,D,QB1,11,5,UVH8d,10,0.07,-4500000.0,-4.5,508,1024,0.49609375
01a0a57f-e612-73a0-a4c0-523ced5dc57c,d,D,QB1,11,5,UVH8d,11,0.07,-4050000.0,-4.05,526,1024,0.513671875
01a0a57f-e612-73a0-a4c0-523ced5dc57c,d,D,QB1,11,5,UVH8d,12,0.07,-3600000.0,-3.6,526,1024,0.513671875
01a0a57f-e612-73a0-a4c0-523ced5dc57c,d,D,QB1,11,5,UVH8d,13,0.07,-3150000.0,-3.15,556,1024,0.54296875
01a0a57f-e612-73a0-a4c0-523ced5dc57c,d,D,QB1,11,5,UVH8d,14,0.07,-2700000.0,-2.7,520,1024,0.5078125
01a0a57f-e612-73a0-a4c0-523ced5dc57c,d,D,QB1,11,5,UVH8d,15,0.07,-2250000.0,-2.25,551,1024,0.5380859375
01a0a57f-e612-73a0-a4c0-523ced5dc57c,d,D,QB1,11,5,UVH8d,16,0.07,-1800000.0,-1.8,546,1024,0.533203125
01a0a57f-e612-73a0-a4c0-523ced5dc57c,d,D,QB1,11,5,UVH8d,17,0.07,-1350000.0,-1.35,526,1024,0.513671875
01a0a57f-e612-73a0-a4c0-523ced5dc57c,d,D,QB1,11,5,UVH8d,18,0.07,-900000.0,-0.9,551,1024,0.5380859375
01a0a57f-e612-73a0-a4c0-523ced5dc57c,d,D,QB1,11,5,UVH8d,19,0.07,-450000.0,-0.45,518,1024,0.505859375
01a0a57f-e612-73a0-a4c0-523ced5dc57c,d,D,QB1,11,5,UVH8d,20,0.07,0.0,0.0,527,1024,0.5146484375
01a0a57f-e612-73a0-a4c0-523ced5dc57c,d,D,QB1,11,5,UVH8d,21,0.07,450000.0,0.45,562,1024,0.548828125
01a0a57f-e612-73a0-a4c0-523ced5dc57c,d,D,QB1,11,5,UVH8d,22,0.07,900000.0,0.9,543,1024,0.5302734375
01a0a57f-e612-73a0-a4c0-523ced5dc57c,d,D,QB1,11,5,UVH8d,23,0.07,1350000.0,1.35,503,1024,0.4912109375
01a0a57f-e612-73a0-a4c0-523ced5dc57c,d,D,QB1,11,5,UVH8d,24,0.07,1800000.0,1.8,531,1024,0.5185546875
01a0a57f-e612-73a0-a4c0-523ced5dc57c,d,D,QB1,11,5,UVH8d,25,0.07,2250000.0,2.25,515,1024,0.5029296875
01a0a57f-e612-73a0-a4c0-523ced5dc57c,d,D,QB1,11,5,UVH8d,26,0.07,2700000.0,2.7,543,1024,0.5302734375
01a0a57f-e612-73a0-a4c0-523ced5dc57c,d,D,QB1,11,5,UVH8d,27,0.07,3150000.0,3.15,521,1024,0.5087890625
01a0a57f-e612-73a0-a4c0-523ced5dc57c,d,D,QB1,11,5,UVH8d,28,0.07,3600000.0,3.6,540,1024,0.52734375
01a0a57f-e612-73a0-a4c0-523ced5dc57c,d,D,QB1,11,5,UVH8d,29,0.07,4050000.0,4.05,532,1024,0.51953125
01a0a57f-e612-73a0-a4c0-523ced5dc57c,d,D,QB1,11,5,UVH8d,30,0.07,4500000.0,4.5,531,1024,0.5185546875
01a0a57f-e612-73a0-a4c0-523ced5dc57c,d,D,QB1,11,5,UVH8d,31,0.07,4950000.0,4.95,541,1024,0.5283203125
01a0a57f-e612-73a0-a4c0-523ced5dc57c,d,D,QB1,11,5,UVH8d,32,0.07,5400000.0,5.4,534,1024,0.521484375
01a0a57f-e612-73a0-a4c0-523ced5dc57c,d,D,QB1,11,5,UVH8d,33,0.07,5850000.0,5.85,575,1024,0.5615234375
01a0a57f-e612-73a0-a4c0-523ced5dc57c,d,D,QB1,11,5,UVH8d,34,0.07,6300000.0,6.3,535,1024,0.5224609375
01a0a57f-e612-73a0-a4c0-523ced5dc57c,d,D,QB1,11,5,UVH8d,35,0.07,6750000.0,6.75,584,1024,0.5703125
01a0a57f-e612-73a0-a4c0-523ced5dc57c,d,D,QB1,11,5,UVH8d,36,0.07,7200000.0,7.2,549,1024,0.5361328125
01a0a57f-e612-73a0-a4c0-523ced5dc57c,d,D,QB1,11,5,UVH8d,37,0.07,7650000.0,7.65,532,1024,0.51953125
01a0a57f-e612-73a0-a4c0-523ced5dc57c,d,D,QB1,11,5,UVH8d,38,0.07,8100000.0,8.1,469,1024,0.4580078125
01a0a57f-e612-73a0-a4c0-523ced5dc57c,d,D,QB1,11,5,UVH8d,39,0.07,8550000.0,8.55,524,1024,0.51171875
01a0a57f-e612-73a0-a4c0-523ced5dc57c,d,D,QB1,11,5,UVH8d,40,0.07,9000000.0,9.0,501,1024,0.4892578125
01a0a57f-e612-73a0-a4c0-523ced5dc57c,d,D,QB14,12,0,standard_pi_2,0,0.07,-9000000.0,-9.0,613,1024,0.5986328125
01a0a57f-e612-73a0-a4c0-523ced5dc57c,d,D,QB14,12,0,standard_pi_2,1,0.07,-8550000.0,-8.55,622,1024,0.607421875
01a0a57f-e612-73a0-a4c0-523ced5dc57c,d,D,QB14,12,0,standard_pi_2,2,0.07,-8100000.0,-8.1,631,1024,0.6162109375
01a0a57f-e612-73a0-a4c0-523ced5dc57c,d,D,QB14,12,0,standard_pi_2,3,0.07,-7650000.0,-7.65,624,1024,0.609375
01a0a57f-e612-73a0-a4c0-523ced5dc57c,d,D,QB14,12,0,standard_pi_2,4,0.07,-7200000.0,-7.2,617,1024,0.6025390625
01a0a57f-e612-73a0-a4c0-523ced5dc57c,d,D,QB14,12,0,standard_pi_2,5,0.07,-6750000.0,-6.75,603,1024,0.5888671875
01a0a57f-e612-73a0-a4c0-523ced5dc57c,d,D,QB14,12,0,standard_pi_2,6,0.07,-6300000.0,-6.3,654,1024,0.638671875
01a0a57f-e612-73a0-a4c0-523ced5dc57c,d,D,QB14,12,0,standard_pi_2,7,0.07,-5850000.0,-5.85,619,1024,0.6044921875
01a0a57f-e612-73a0-a4c0-523ced5dc57c,d,D,QB14,12,0,standard_pi_2,8,0.07,-5400000.0,-5.4,609,1024,0.5947265625
01a0a57f-e612-73a0-a4c0-523ced5dc57c,d,D,QB14,12,0,standard_pi_2,9,0.07,-4950000.0,-4.95,564,1024,0.55078125
01a0a57f-e612-73a0-a4c0-523ced5dc57c,d,D,QB14,12,0,standard_pi_2,10,0.07,-4500000.0,-4.5,598,1024,0.583984375
01a0a57f-e612-73a0-a4c0-523ced5dc57c,d,D,QB14,12,0,standard_pi_2,11,0.07,-4050000.0,-4.05,592,1024,0.578125
01a0a57f-e612-73a0-a4c0-523ced5dc57c,d,D,QB14,12,0,standard_pi_2,12,0.07,-3600000.0,-3.6,568,1024,0.5546875
01a0a57f-e612-73a0-a4c0-523ced5dc57c,d,D,QB14,12,0,standard_pi_2,13,0.07,-3150000.0,-3.15,616,1024,0.6015625
01a0a57f-e612-73a0-a4c0-523ced5dc57c,d,D,QB14,12,0,standard_pi_2,14,0.07,-2700000.0,-2.7,600,1024,0.5859375
01a0a57f-e612-73a0-a4c0-523ced5dc57c,d,D,QB14,12,0,standard_pi_2,15,0.07,-2250000.0,-2.25,622,1024,0.607421875
01a0a57f-e612-73a0-a4c0-523ced5dc57c,d,D,QB14,12,0,standard_pi_2,16,0.07,-1800000.0,-1.8,584,1024,0.5703125
01a0a57f-e612-73a0-a4c0-523ced5dc57c,d,D,QB14,12,0,standard_pi_2,17,0.07,-1350000.0,-1.35,614,1024,0.599609375
01a0a57f-e612-73a0-a4c0-523ced5dc57c,d,D,QB14,12,0,standard_pi_2,18,0.07,-900000.0,-0.9,577,1024,0.5634765625
01a0a57f-e612-73a0-a4c0-523ced5dc57c,d,D,QB14,12,0,standard_pi_2,19,0.07,-450000.0,-0.45,575,1024,0.5615234375
01a0a57f-e612-73a0-a4c0-523ced5dc57c,d,D,QB14,12,0,standard_pi_2,20,0.07,0.0,0.0,567,1024,0.5537109375
01a0a57f-e612-73a0-a4c0-523ced5dc57c,d,D,QB14,12,0,standard_pi_2,21,0.07,450000.0,0.45,561,1024,0.5478515625
01a0a57f-e612-73a0-a4c0-523ced5dc57c,d,D,QB14,12,0,standard_pi_2,22,0.07,900000.0,0.9,588,1024,0.57421875
01a0a57f-e612-73a0-a4c0-523ced5dc57c,d,D,QB14,12,0,standard_pi_2,23,0.07,1350000.0,1.35,553,1024,0.5400390625
01a0a57f-e612-73a0-a4c0-523ced5dc57c,d,D,QB14,12,0,standard_pi_2,24,0.07,1800000.0,1.8,574,1024,0.560546875
01a0a57f-e612-73a0-a4c0-523ced5dc57c,d,D,QB14,12,0,standard_pi_2,25,0.07,2250000.0,2.25,576,1024,0.5625
01a0a57f-e612-73a0-a4c0-523ced5dc57c,d,D,QB14,12,0,standard_pi_2,26,0.07,2700000.0,2.7,577,1024,0.5634765625
01a0a57f-e612-73a0-a4c0-523ced5dc57c,d,D,QB14,12,0,standard_pi_2,27,0.07,3150000.0,3.15,542,1024,0.529296875
01a0a57f-e612-73a0-a4c0-523ced5dc57c,d,D,QB14,12,0,standard_pi_2,28,0.07,3600000.0,3.6,558,1024,0.544921875
01a0a57f-e612-73a0-a4c0-523ced5dc57c,d,D,QB14,12,0,standard_pi_2,29,0.07,4050000.0,4.05,521,1024,0.5087890625
01a0a57f-e612-73a0-a4c0-523ced5dc57c,d,D,QB14,12,0,standard_pi_2,30,0.07,4500000.0,4.5,522,1024,0.509765625
01a0a57f-e612-73a0-a4c0-523ced5dc57c,d,D,QB14,12,0,standard_pi_2,31,0.07,4950000.0,4.95,551,1024,0.5380859375
01a0a57f-e612-73a0-a4c0-523ced5dc57c,d,D,QB14,12,0,standard_pi_2,32,0.07,5400000.0,5.4,513,1024,0.5009765625
01a0a57f-e612-73a0-a4c0-523ced5dc57c,d,D,QB14,12,0,standard_pi_2,33,0.07,5850000.0,5.85,524,1024,0.51171875
01a0a57f-e612-73a0-a4c0-523ced5dc57c,d,D,QB14,12,0,standard_pi_2,34,0.07,6300000.0,6.3,529,1024,0.5166015625
01a0a57f-e612-73a0-a4c0-523ced5dc57c,d,D,QB14,12,0,standard_pi_2,35,0.07,6750000.0,6.75,526,1024,0.513671875
01a0a57f-e612-73a0-a4c0-523ced5dc57c,d,D,QB14,12,0,standard_pi_2,36,0.07,7200000.0,7.2,540,1024,0.52734375
01a0a57f-e612-73a0-a4c0-523ced5dc57c,d,D,QB14,12,0,standard_pi_2,37,0.07,7650000.0,7.65,526,1024,0.513671875
01a0a57f-e612-73a0-a4c0-523ced5dc57c,d,D,QB14,12,0,standard_pi_2,38,0.07,8100000.0,8.1,486,1024,0.474609375
01a0a57f-e612-73a0-a4c0-523ced5dc57c,d,D,QB14,12,0,standard_pi_2,39,0.07,8550000.0,8.55,495,1024,0.4833984375
01a0a57f-e612-73a0-a4c0-523ced5dc57c,d,D,QB14,12,0,standard_pi_2,40,0.07,9000000.0,9.0,486,1024,0.474609375
01a0a57f-e612-73a0-a4c0-523ced5dc57c,d,D,QB14,12,1,UVH4d,0,0.07,-9000000.0,-9.0,380,1024,0.37109375
01a0a57f-e612-73a0-a4c0-523ced5dc57c,d,D,QB14,12,1,UVH4d,1,0.07,-8550000.0,-8.55,395,1024,0.3857421875
01a0a57f-e612-73a0-a4c0-523ced5dc57c,d,D,QB14,12,1,UVH4d,2,0.07,-8100000.0,-8.1,375,1024,0.3662109375
01a0a57f-e612-73a0-a4c0-523ced5dc57c,d,D,QB14,12,1,UVH4d,3,0.07,-7650000.0,-7.65,421,1024,0.4111328125
01a0a57f-e612-73a0-a4c0-523ced5dc57c,d,D,QB14,12,1,UVH4d,4,0.07,-7200000.0,-7.2,422,1024,0.412109375
01a0a57f-e612-73a0-a4c0-523ced5dc57c,d,D,QB14,12,1,UVH4d,5,0.07,-6750000.0,-6.75,433,1024,0.4228515625
01a0a57f-e612-73a0-a4c0-523ced5dc57c,d,D,QB14,12,1,UVH4d,6,0.07,-6300000.0,-6.3,453,1024,0.4423828125
01a0a57f-e612-73a0-a4c0-523ced5dc57c,d,D,QB14,12,1,UVH4d,7,0.07,-5850000.0,-5.85,439,1024,0.4287109375
01a0a57f-e612-73a0-a4c0-523ced5dc57c,d,D,QB14,12,1,UVH4d,8,0.07,-5400000.0,-5.4,445,1024,0.4345703125
01a0a57f-e612-73a0-a4c0-523ced5dc57c,d,D,QB14,12,1,UVH4d,9,0.07,-4950000.0,-4.95,457,1024,0.4462890625
01a0a57f-e612-73a0-a4c0-523ced5dc57c,d,D,QB14,12,1,UVH4d,10,0.07,-4500000.0,-4.5,475,1024,0.4638671875
01a0a57f-e612-73a0-a4c0-523ced5dc57c,d,D,QB14,12,1,UVH4d,11,0.07,-4050000.0,-4.05,491,1024,0.4794921875
01a0a57f-e612-73a0-a4c0-523ced5dc57c,d,D,QB14,12,1,UVH4d,12,0.07,-3600000.0,-3.6,483,1024,0.4716796875
01a0a57f-e612-73a0-a4c0-523ced5dc57c,d,D,QB14,12,1,UVH4d,13,0.07,-3150000.0,-3.15,503,1024,0.4912109375
01a0a57f-e612-73a0-a4c0-523ced5dc57c,d,D,QB14,12,1,UVH4d,14,0.07,-2700000.0,-2.7,504,1024,0.4921875
01a0a57f-e612-73a0-a4c0-523ced5dc57c,d,D,QB14,12,1,UVH4d,15,0.07,-2250000.0,-2.25,499,1024,0.4873046875
01a0a57f-e612-73a0-a4c0-523ced5dc57c,d,D,QB14,12,1,UVH4d,16,0.07,-1800000.0,-1.8,482,1024,0.470703125
01a0a57f-e612-73a0-a4c0-523ced5dc57c,d,D,QB14,12,1,UVH4d,17,0.07,-1350000.0,-1.35,486,1024,0.474609375
01a0a57f-e612-73a0-a4c0-523ced5dc57c,d,D,QB14,12,1,UVH4d,18,0.07,-900000.0,-0.9,510,1024,0.498046875
01a0a57f-e612-73a0-a4c0-523ced5dc57c,d,D,QB14,12,1,UVH4d,19,0.07,-450000.0,-0.45,519,1024,0.5068359375
01a0a57f-e612-73a0-a4c0-523ced5dc57c,d,D,QB14,12,1,UVH4d,20,0.07,0.0,0.0,510,1024,0.498046875
01a0a57f-e612-73a0-a4c0-523ced5dc57c,d,D,QB14,12,1,UVH4d,21,0.07,450000.0,0.45,492,1024,0.48046875
01a0a57f-e612-73a0-a4c0-523ced5dc57c,d,D,QB14,12,1,UVH4d,22,0.07,900000.0,0.9,523,1024,0.5107421875
01a0a57f-e612-73a0-a4c0-523ced5dc57c,d,D,QB14,12,1,UVH4d,23,0.07,1350000.0,1.35,510,1024,0.498046875
01a0a57f-e612-73a0-a4c0-523ced5dc57c,d,D,QB14,12,1,UVH4d,24,0.07,1800000.0,1.8,494,1024,0.482421875
01a0a57f-e612-73a0-a4c0-523ced5dc57c,d,D,QB14,12,1,UVH4d,25,0.07,2250000.0,2.25,521,1024,0.5087890625
01a0a57f-e612-73a0-a4c0-523ced5dc57c,d,D,QB14,12,1,UVH4d,26,0.07,2700000.0,2.7,546,1024,0.533203125
01a0a57f-e612-73a0-a4c0-523ced5dc57c,d,D,QB14,12,1,UVH4d,27,0.07,3150000.0,3.15,526,1024,0.513671875
01a0a57f-e612-73a0-a4c0-523ced5dc57c,d,D,QB14,12,1,UVH4d,28,0.07,3600000.0,3.6,508,1024,0.49609375
01a0a57f-e612-73a0-a4c0-523ced5dc57c,d,D,QB14,12,1,UVH4d,29,0.07,4050000.0,4.05,506,1024,0.494140625
01a0a57f-e612-73a0-a4c0-523ced5dc57c,d,D,QB14,12,1,UVH4d,30,0.07,4500000.0,4.5,534,1024,0.521484375
01a0a57f-e612-73a0-a4c0-523ced5dc57c,d,D,QB14,12,1,UVH4d,31,0.07,4950000.0,4.95,516,1024,0.50390625
01a0a57f-e612-73a0-a4c0-523ced5dc57c,d,D,QB14,12,1,UVH4d,32,0.07,5400000.0,5.4,552,1024,0.5390625
01a0a57f-e612-73a0-a4c0-523ced5dc57c,d,D,QB14,12,1,UVH4d,33,0.07,5850000.0,5.85,570,1024,0.556640625
01a0a57f-e612-73a0-a4c0-523ced5dc57c,d,D,QB14,12,1,UVH4d,34,0.07,6300000.0,6.3,596,1024,0.58203125
01a0a57f-e612-73a0-a4c0-523ced5dc57c,d,D,QB14,12,1,UVH4d,35,0.07,6750000.0,6.75,621,1024,0.6064453125
01a0a57f-e612-73a0-a4c0-523ced5dc57c,d,D,QB14,12,1,UVH4d,36,0.07,7200000.0,7.2,584,1024,0.5703125
01a0a57f-e612-73a0-a4c0-523ced5dc57c,d,D,QB14,12,1,UVH4d,37,0.07,7650000.0,7.65,620,1024,0.60546875
01a0a57f-e612-73a0-a4c0-523ced5dc57c,d,D,QB14,12,1,UVH4d,38,0.07,8100000.0,8.1,625,1024,0.6103515625
01a0a57f-e612-73a0-a4c0-523ced5dc57c,d,D,QB14,12,1,UVH4d,39,0.07,8550000.0,8.55,599,1024,0.5849609375
01a0a57f-e612-73a0-a4c0-523ced5dc57c,d,D,QB14,12,1,UVH4d,40,0.07,9000000.0,9.0,639,1024,0.6240234375
01a0a57f-e612-73a0-a4c0-523ced5dc57c,d,D,QB14,12,2,UVH5d,0,0.07,-9000000.0,-9.0,175,1024,0.1708984375
01a0a57f-e612-73a0-a4c0-523ced5dc57c,d,D,QB14,12,2,UVH5d,1,0.07,-8550000.0,-8.55,170,1024,0.166015625
01a0a57f-e612-73a0-a4c0-523ced5dc57c,d,D,QB14,12,2,UVH5d,2,0.07,-8100000.0,-8.1,189,1024,0.1845703125
01a0a57f-e612-73a0-a4c0-523ced5dc57c,d,D,QB14,12,2,UVH5d,3,0.07,-7650000.0,-7.65,215,1024,0.2099609375
01a0a57f-e612-73a0-a4c0-523ced5dc57c,d,D,QB14,12,2,UVH5d,4,0.07,-7200000.0,-7.2,261,1024,0.2548828125
01a0a57f-e612-73a0-a4c0-523ced5dc57c,d,D,QB14,12,2,UVH5d,5,0.07,-6750000.0,-6.75,275,1024,0.2685546875
01a0a57f-e612-73a0-a4c0-523ced5dc57c,d,D,QB14,12,2,UVH5d,6,0.07,-6300000.0,-6.3,301,1024,0.2939453125
01a0a57f-e612-73a0-a4c0-523ced5dc57c,d,D,QB14,12,2,UVH5d,7,0.07,-5850000.0,-5.85,325,1024,0.3173828125
01a0a57f-e612-73a0-a4c0-523ced5dc57c,d,D,QB14,12,2,UVH5d,8,0.07,-5400000.0,-5.4,332,1024,0.32421875
01a0a57f-e612-73a0-a4c0-523ced5dc57c,d,D,QB14,12,2,UVH5d,9,0.07,-4950000.0,-4.95,391,1024,0.3818359375
01a0a57f-e612-73a0-a4c0-523ced5dc57c,d,D,QB14,12,2,UVH5d,10,0.07,-4500000.0,-4.5,420,1024,0.41015625
01a0a57f-e612-73a0-a4c0-523ced5dc57c,d,D,QB14,12,2,UVH5d,11,0.07,-4050000.0,-4.05,421,1024,0.4111328125
01a0a57f-e612-73a0-a4c0-523ced5dc57c,d,D,QB14,12,2,UVH5d,12,0.07,-3600000.0,-3.6,458,1024,0.447265625
01a0a57f-e612-73a0-a4c0-523ced5dc57c,d,D,QB14,12,2,UVH5d,13,0.07,-3150000.0,-3.15,496,1024,0.484375
01a0a57f-e612-73a0-a4c0-523ced5dc57c,d,D,QB14,12,2,UVH5d,14,0.07,-2700000.0,-2.7,459,1024,0.4482421875
01a0a57f-e612-73a0-a4c0-523ced5dc57c,d,D,QB14,12,2,UVH5d,15,0.07,-2250000.0,-2.25,485,1024,0.4736328125
01a0a57f-e612-73a0-a4c0-523ced5dc57c,d,D,QB14,12,2,UVH5d,16,0.07,-1800000.0,-1.8,485,1024,0.4736328125
01a0a57f-e612-73a0-a4c0-523ced5dc57c,d,D,QB14,12,2,UVH5d,17,0.07,-1350000.0,-1.35,509,1024,0.4970703125
01a0a57f-e612-73a0-a4c0-523ced5dc57c,d,D,QB14,12,2,UVH5d,18,0.07,-900000.0,-0.9,492,1024,0.48046875
01a0a57f-e612-73a0-a4c0-523ced5dc57c,d,D,QB14,12,2,UVH5d,19,0.07,-450000.0,-0.45,505,1024,0.4931640625
01a0a57f-e612-73a0-a4c0-523ced5dc57c,d,D,QB14,12,2,UVH5d,20,0.07,0.0,0.0,492,1024,0.48046875
01a0a57f-e612-73a0-a4c0-523ced5dc57c,d,D,QB14,12,2,UVH5d,21,0.07,450000.0,0.45,514,1024,0.501953125
01a0a57f-e612-73a0-a4c0-523ced5dc57c,d,D,QB14,12,2,UVH5d,22,0.07,900000.0,0.9,474,1024,0.462890625
01a0a57f-e612-73a0-a4c0-523ced5dc57c,d,D,QB14,12,2,UVH5d,23,0.07,1350000.0,1.35,486,1024,0.474609375
01a0a57f-e612-73a0-a4c0-523ced5dc57c,d,D,QB14,12,2,UVH5d,24,0.07,1800000.0,1.8,481,1024,0.4697265625
01a0a57f-e612-73a0-a4c0-523ced5dc57c,d,D,QB14,12,2,UVH5d,25,0.07,2250000.0,2.25,482,1024,0.470703125
01a0a57f-e612-73a0-a4c0-523ced5dc57c,d,D,QB14,12,2,UVH5d,26,0.07,2700000.0,2.7,470,1024,0.458984375
01a0a57f-e612-73a0-a4c0-523ced5dc57c,d,D,QB14,12,2,UVH5d,27,0.07,3150000.0,3.15,434,1024,0.423828125
01a0a57f-e612-73a0-a4c0-523ced5dc57c,d,D,QB14,12,2,UVH5d,28,0.07,3600000.0,3.6,462,1024,0.451171875
01a0a57f-e612-73a0-a4c0-523ced5dc57c,d,D,QB14,12,2,UVH5d,29,0.07,4050000.0,4.05,480,1024,0.46875
01a0a57f-e612-73a0-a4c0-523ced5dc57c,d,D,QB14,12,2,UVH5d,30,0.07,4500000.0,4.5,448,1024,0.4375
01a0a57f-e612-73a0-a4c0-523ced5dc57c,d,D,QB14,12,2,UVH5d,31,0.07,4950000.0,4.95,490,1024,0.478515625
01a0a57f-e612-73a0-a4c0-523ced5dc57c,d,D,QB14,12,2,UVH5d,32,0.07,5400000.0,5.4,464,1024,0.453125
01a0a57f-e612-73a0-a4c0-523ced5dc57c,d,D,QB14,12,2,UVH5d,33,0.07,5850000.0,5.85,486,1024,0.474609375
01a0a57f-e612-73a0-a4c0-523ced5dc57c,d,D,QB14,12,2,UVH5d,34,0.07,6300000.0,6.3,492,1024,0.48046875
01a0a57f-e612-73a0-a4c0-523ced5dc57c,d,D,QB14,12,2,UVH5d,35,0.07,6750000.0,6.75,492,1024,0.48046875
01a0a57f-e612-73a0-a4c0-523ced5dc57c,d,D,QB14,12,2,UVH5d,36,0.07,7200000.0,7.2,512,1024,0.5
01a0a57f-e612-73a0-a4c0-523ced5dc57c,d,D,QB14,12,2,UVH5d,37,0.07,7650000.0,7.65,495,1024,0.4833984375
01a0a57f-e612-73a0-a4c0-523ced5dc57c,d,D,QB14,12,2,UVH5d,38,0.07,8100000.0,8.1,475,1024,0.4638671875
01a0a57f-e612-73a0-a4c0-523ced5dc57c,d,D,QB14,12,2,UVH5d,39,0.07,8550000.0,8.55,508,1024,0.49609375
01a0a57f-e612-73a0-a4c0-523ced5dc57c,d,D,QB14,12,2,UVH5d,40,0.07,9000000.0,9.0,498,1024,0.486328125
01a0a57f-e612-73a0-a4c0-523ced5dc57c,d,D,QB14,12,3,UVH6d,0,0.07,-9000000.0,-9.0,567,1024,0.5537109375
01a0a57f-e612-73a0-a4c0-523ced5dc57c,d,D,QB14,12,3,UVH6d,1,0.07,-8550000.0,-8.55,605,1024,0.5908203125
01a0a57f-e612-73a0-a4c0-523ced5dc57c,d,D,QB14,12,3,UVH6d,2,0.07,-8100000.0,-8.1,633,1024,0.6181640625
01a0a57f-e612-73a0-a4c0-523ced5dc57c,d,D,QB14,12,3,UVH6d,3,0.07,-7650000.0,-7.65,608,1024,0.59375
01a0a57f-e612-73a0-a4c0-523ced5dc57c,d,D,QB14,12,3,UVH6d,4,0.07,-7200000.0,-7.2,596,1024,0.58203125
01a0a57f-e612-73a0-a4c0-523ced5dc57c,d,D,QB14,12,3,UVH6d,5,0.07,-6750000.0,-6.75,585,1024,0.5712890625
01a0a57f-e612-73a0-a4c0-523ced5dc57c,d,D,QB14,12,3,UVH6d,6,0.07,-6300000.0,-6.3,602,1024,0.587890625
01a0a57f-e612-73a0-a4c0-523ced5dc57c,d,D,QB14,12,3,UVH6d,7,0.07,-5850000.0,-5.85,601,1024,0.5869140625
01a0a57f-e612-73a0-a4c0-523ced5dc57c,d,D,QB14,12,3,UVH6d,8,0.07,-5400000.0,-5.4,546,1024,0.533203125
01a0a57f-e612-73a0-a4c0-523ced5dc57c,d,D,QB14,12,3,UVH6d,9,0.07,-4950000.0,-4.95,536,1024,0.5234375
01a0a57f-e612-73a0-a4c0-523ced5dc57c,d,D,QB14,12,3,UVH6d,10,0.07,-4500000.0,-4.5,571,1024,0.5576171875
01a0a57f-e612-73a0-a4c0-523ced5dc57c,d,D,QB14,12,3,UVH6d,11,0.07,-4050000.0,-4.05,586,1024,0.572265625
01a0a57f-e612-73a0-a4c0-523ced5dc57c,d,D,QB14,12,3,UVH6d,12,0.07,-3600000.0,-3.6,547,1024,0.5341796875
01a0a57f-e612-73a0-a4c0-523ced5dc57c,d,D,QB14,12,3,UVH6d,13,0.07,-3150000.0,-3.15,534,1024,0.521484375
01a0a57f-e612-73a0-a4c0-523ced5dc57c,d,D,QB14,12,3,UVH6d,14,0.07,-2700000.0,-2.7,534,1024,0.521484375
01a0a57f-e612-73a0-a4c0-523ced5dc57c,d,D,QB14,12,3,UVH6d,15,0.07,-2250000.0,-2.25,556,1024,0.54296875
01a0a57f-e612-73a0-a4c0-523ced5dc57c,d,D,QB14,12,3,UVH6d,16,0.07,-1800000.0,-1.8,545,1024,0.5322265625
01a0a57f-e612-73a0-a4c0-523ced5dc57c,d,D,QB14,12,3,UVH6d,17,0.07,-1350000.0,-1.35,485,1024,0.4736328125
01a0a57f-e612-73a0-a4c0-523ced5dc57c,d,D,QB14,12,3,UVH6d,18,0.07,-900000.0,-0.9,509,1024,0.4970703125
01a0a57f-e612-73a0-a4c0-523ced5dc57c,d,D,QB14,12,3,UVH6d,19,0.07,-450000.0,-0.45,521,1024,0.5087890625
01a0a57f-e612-73a0-a4c0-523ced5dc57c,d,D,QB14,12,3,UVH6d,20,0.07,0.0,0.0,536,1024,0.5234375
01a0a57f-e612-73a0-a4c0-523ced5dc57c,d,D,QB14,12,3,UVH6d,21,0.07,450000.0,0.45,515,1024,0.5029296875
01a0a57f-e612-73a0-a4c0-523ced5dc57c,d,D,QB14,12,3,UVH6d,22,0.07,900000.0,0.9,484,1024,0.47265625
01a0a57f-e612-73a0-a4c0-523ced5dc57c,d,D,QB14,12,3,UVH6d,23,0.07,1350000.0,1.35,509,1024,0.4970703125
01a0a57f-e612-73a0-a4c0-523ced5dc57c,d,D,QB14,12,3,UVH6d,24,0.07,1800000.0,1.8,518,1024,0.505859375
01a0a57f-e612-73a0-a4c0-523ced5dc57c,d,D,QB14,12,3,UVH6d,25,0.07,2250000.0,2.25,520,1024,0.5078125
01a0a57f-e612-73a0-a4c0-523ced5dc57c,d,D,QB14,12,3,UVH6d,26,0.07,2700000.0,2.7,529,1024,0.5166015625
01a0a57f-e612-73a0-a4c0-523ced5dc57c,d,D,QB14,12,3,UVH6d,27,0.07,3150000.0,3.15,510,1024,0.498046875
01a0a57f-e612-73a0-a4c0-523ced5dc57c,d,D,QB14,12,3,UVH6d,28,0.07,3600000.0,3.6,501,1024,0.4892578125
01a0a57f-e612-73a0-a4c0-523ced5dc57c,d,D,QB14,12,3,UVH6d,29,0.07,4050000.0,4.05,526,1024,0.513671875
01a0a57f-e612-73a0-a4c0-523ced5dc57c,d,D,QB14,12,3,UVH6d,30,0.07,4500000.0,4.5,477,1024,0.4658203125
01a0a57f-e612-73a0-a4c0-523ced5dc57c,d,D,QB14,12,3,UVH6d,31,0.07,4950000.0,4.95,491,1024,0.4794921875
01a0a57f-e612-73a0-a4c0-523ced5dc57c,d,D,QB14,12,3,UVH6d,32,0.07,5400000.0,5.4,524,1024,0.51171875
01a0a57f-e612-73a0-a4c0-523ced5dc57c,d,D,QB14,12,3,UVH6d,33,0.07,5850000.0,5.85,526,1024,0.513671875
01a0a57f-e612-73a0-a4c0-523ced5dc57c,d,D,QB14,12,3,UVH6d,34,0.07,6300000.0,6.3,548,1024,0.53515625
01a0a57f-e612-73a0-a4c0-523ced5dc57c,d,D,QB14,12,3,UVH6d,35,0.07,6750000.0,6.75,543,1024,0.5302734375
01a0a57f-e612-73a0-a4c0-523ced5dc57c,d,D,QB14,12,3,UVH6d,36,0.07,7200000.0,7.2,565,1024,0.5517578125
01a0a57f-e612-73a0-a4c0-523ced5dc57c,d,D,QB14,12,3,UVH6d,37,0.07,7650000.0,7.65,583,1024,0.5693359375
01a0a57f-e612-73a0-a4c0-523ced5dc57c,d,D,QB14,12,3,UVH6d,38,0.07,8100000.0,8.1,577,1024,0.5634765625
01a0a57f-e612-73a0-a4c0-523ced5dc57c,d,D,QB14,12,3,UVH6d,39,0.07,8550000.0,8.55,606,1024,0.591796875
01a0a57f-e612-73a0-a4c0-523ced5dc57c,d,D,QB14,12,3,UVH6d,40,0.07,9000000.0,9.0,632,1024,0.6171875
01a0a57f-e612-73a0-a4c0-523ced5dc57c,d,D,QB14,12,4,UVH7d,0,0.07,-9000000.0,-9.0,635,1024,0.6201171875
01a0a57f-e612-73a0-a4c0-523ced5dc57c,d,D,QB14,12,4,UVH7d,1,0.07,-8550000.0,-8.55,581,1024,0.5673828125
01a0a57f-e612-73a0-a4c0-523ced5dc57c,d,D,QB14,12,4,UVH7d,2,0.07,-8100000.0,-8.1,579,1024,0.5654296875
01a0a57f-e612-73a0-a4c0-523ced5dc57c,d,D,QB14,12,4,UVH7d,3,0.07,-7650000.0,-7.65,550,1024,0.537109375
01a0a57f-e612-73a0-a4c0-523ced5dc57c,d,D,QB14,12,4,UVH7d,4,0.07,-7200000.0,-7.2,555,1024,0.5419921875
01a0a57f-e612-73a0-a4c0-523ced5dc57c,d,D,QB14,12,4,UVH7d,5,0.07,-6750000.0,-6.75,569,1024,0.5556640625
01a0a57f-e612-73a0-a4c0-523ced5dc57c,d,D,QB14,12,4,UVH7d,6,0.07,-6300000.0,-6.3,553,1024,0.5400390625
01a0a57f-e612-73a0-a4c0-523ced5dc57c,d,D,QB14,12,4,UVH7d,7,0.07,-5850000.0,-5.85,561,1024,0.5478515625
01a0a57f-e612-73a0-a4c0-523ced5dc57c,d,D,QB14,12,4,UVH7d,8,0.07,-5400000.0,-5.4,553,1024,0.5400390625
01a0a57f-e612-73a0-a4c0-523ced5dc57c,d,D,QB14,12,4,UVH7d,9,0.07,-4950000.0,-4.95,542,1024,0.529296875
01a0a57f-e612-73a0-a4c0-523ced5dc57c,d,D,QB14,12,4,UVH7d,10,0.07,-4500000.0,-4.5,569,1024,0.5556640625
01a0a57f-e612-73a0-a4c0-523ced5dc57c,d,D,QB14,12,4,UVH7d,11,0.07,-4050000.0,-4.05,562,1024,0.548828125
01a0a57f-e612-73a0-a4c0-523ced5dc57c,d,D,QB14,12,4,UVH7d,12,0.07,-3600000.0,-3.6,534,1024,0.521484375
01a0a57f-e612-73a0-a4c0-523ced5dc57c,d,D,QB14,12,4,UVH7d,13,0.07,-3150000.0,-3.15,555,1024,0.5419921875
01a0a57f-e612-73a0-a4c0-523ced5dc57c,d,D,QB14,12,4,UVH7d,14,0.07,-2700000.0,-2.7,557,1024,0.5439453125
01a0a57f-e612-73a0-a4c0-523ced5dc57c,d,D,QB14,12,4,UVH7d,15,0.07,-2250000.0,-2.25,551,1024,0.5380859375
01a0a57f-e612-73a0-a4c0-523ced5dc57c,d,D,QB14,12,4,UVH7d,16,0.07,-1800000.0,-1.8,542,1024,0.529296875
01a0a57f-e612-73a0-a4c0-523ced5dc57c,d,D,QB14,12,4,UVH7d,17,0.07,-1350000.0,-1.35,530,1024,0.517578125
01a0a57f-e612-73a0-a4c0-523ced5dc57c,d,D,QB14,12,4,UVH7d,18,0.07,-900000.0,-0.9,529,1024,0.5166015625
01a0a57f-e612-73a0-a4c0-523ced5dc57c,d,D,QB14,12,4,UVH7d,19,0.07,-450000.0,-0.45,536,1024,0.5234375
01a0a57f-e612-73a0-a4c0-523ced5dc57c,d,D,QB14,12,4,UVH7d,20,0.07,0.0,0.0,549,1024,0.5361328125
01a0a57f-e612-73a0-a4c0-523ced5dc57c,d,D,QB14,12,4,UVH7d,21,0.07,450000.0,0.45,547,1024,0.5341796875
01a0a57f-e612-73a0-a4c0-523ced5dc57c,d,D,QB14,12,4,UVH7d,22,0.07,900000.0,0.9,536,1024,0.5234375
01a0a57f-e612-73a0-a4c0-523ced5dc57c,d,D,QB14,12,4,UVH7d,23,0.07,1350000.0,1.35,498,1024,0.486328125
01a0a57f-e612-73a0-a4c0-523ced5dc57c,d,D,QB14,12,4,UVH7d,24,0.07,1800000.0,1.8,543,1024,0.5302734375
01a0a57f-e612-73a0-a4c0-523ced5dc57c,d,D,QB14,12,4,UVH7d,25,0.07,2250000.0,2.25,527,1024,0.5146484375
01a0a57f-e612-73a0-a4c0-523ced5dc57c,d,D,QB14,12,4,UVH7d,26,0.07,2700000.0,2.7,520,1024,0.5078125
01a0a57f-e612-73a0-a4c0-523ced5dc57c,d,D,QB14,12,4,UVH7d,27,0.07,3150000.0,3.15,504,1024,0.4921875
01a0a57f-e612-73a0-a4c0-523ced5dc57c,d,D,QB14,12,4,UVH7d,28,0.07,3600000.0,3.6,536,1024,0.5234375
01a0a57f-e612-73a0-a4c0-523ced5dc57c,d,D,QB14,12,4,UVH7d,29,0.07,4050000.0,4.05,497,1024,0.4853515625
01a0a57f-e612-73a0-a4c0-523ced5dc57c,d,D,QB14,12,4,UVH7d,30,0.07,4500000.0,4.5,489,1024,0.4775390625
01a0a57f-e612-73a0-a4c0-523ced5dc57c,d,D,QB14,12,4,UVH7d,31,0.07,4950000.0,4.95,492,1024,0.48046875
01a0a57f-e612-73a0-a4c0-523ced5dc57c,d,D,QB14,12,4,UVH7d,32,0.07,5400000.0,5.4,450,1024,0.439453125
01a0a57f-e612-73a0-a4c0-523ced5dc57c,d,D,QB14,12,4,UVH7d,33,0.07,5850000.0,5.85,458,1024,0.447265625
01a0a57f-e612-73a0-a4c0-523ced5dc57c,d,D,QB14,12,4,UVH7d,34,0.07,6300000.0,6.3,454,1024,0.443359375
01a0a57f-e612-73a0-a4c0-523ced5dc57c,d,D,QB14,12,4,UVH7d,35,0.07,6750000.0,6.75,435,1024,0.4248046875
01a0a57f-e612-73a0-a4c0-523ced5dc57c,d,D,QB14,12,4,UVH7d,36,0.07,7200000.0,7.2,400,1024,0.390625
01a0a57f-e612-73a0-a4c0-523ced5dc57c,d,D,QB14,12,4,UVH7d,37,0.07,7650000.0,7.65,409,1024,0.3994140625
01a0a57f-e612-73a0-a4c0-523ced5dc57c,d,D,QB14,12,4,UVH7d,38,0.07,8100000.0,8.1,399,1024,0.3896484375
01a0a57f-e612-73a0-a4c0-523ced5dc57c,d,D,QB14,12,4,UVH7d,39,0.07,8550000.0,8.55,343,1024,0.3349609375
01a0a57f-e612-73a0-a4c0-523ced5dc57c,d,D,QB14,12,4,UVH7d,40,0.07,9000000.0,9.0,348,1024,0.33984375
01a0a57f-e612-73a0-a4c0-523ced5dc57c,d,D,QB14,12,5,UVH8d,0,0.07,-9000000.0,-9.0,530,1024,0.517578125
01a0a57f-e612-73a0-a4c0-523ced5dc57c,d,D,QB14,12,5,UVH8d,1,0.07,-8550000.0,-8.55,518,1024,0.505859375
01a0a57f-e612-73a0-a4c0-523ced5dc57c,d,D,QB14,12,5,UVH8d,2,0.07,-8100000.0,-8.1,537,1024,0.5244140625
01a0a57f-e612-73a0-a4c0-523ced5dc57c,d,D,QB14,12,5,UVH8d,3,0.07,-7650000.0,-7.65,555,1024,0.5419921875
01a0a57f-e612-73a0-a4c0-523ced5dc57c,d,D,QB14,12,5,UVH8d,4,0.07,-7200000.0,-7.2,531,1024,0.5185546875
01a0a57f-e612-73a0-a4c0-523ced5dc57c,d,D,QB14,12,5,UVH8d,5,0.07,-6750000.0,-6.75,497,1024,0.4853515625
01a0a57f-e612-73a0-a4c0-523ced5dc57c,d,D,QB14,12,5,UVH8d,6,0.07,-6300000.0,-6.3,513,1024,0.5009765625
01a0a57f-e612-73a0-a4c0-523ced5dc57c,d,D,QB14,12,5,UVH8d,7,0.07,-5850000.0,-5.85,540,1024,0.52734375
01a0a57f-e612-73a0-a4c0-523ced5dc57c,d,D,QB14,12,5,UVH8d,8,0.07,-5400000.0,-5.4,555,1024,0.5419921875
01a0a57f-e612-73a0-a4c0-523ced5dc57c,d,D,QB14,12,5,UVH8d,9,0.07,-4950000.0,-4.95,561,1024,0.5478515625
01a0a57f-e612-73a0-a4c0-523ced5dc57c,d,D,QB14,12,5,UVH8d,10,0.07,-4500000.0,-4.5,529,1024,0.5166015625
01a0a57f-e612-73a0-a4c0-523ced5dc57c,d,D,QB14,12,5,UVH8d,11,0.07,-4050000.0,-4.05,535,1024,0.5224609375
01a0a57f-e612-73a0-a4c0-523ced5dc57c,d,D,QB14,12,5,UVH8d,12,0.07,-3600000.0,-3.6,519,1024,0.5068359375
01a0a57f-e612-73a0-a4c0-523ced5dc57c,d,D,QB14,12,5,UVH8d,13,0.07,-3150000.0,-3.15,571,1024,0.5576171875
01a0a57f-e612-73a0-a4c0-523ced5dc57c,d,D,QB14,12,5,UVH8d,14,0.07,-2700000.0,-2.7,558,1024,0.544921875
01a0a57f-e612-73a0-a4c0-523ced5dc57c,d,D,QB14,12,5,UVH8d,15,0.07,-2250000.0,-2.25,568,1024,0.5546875
01a0a57f-e612-73a0-a4c0-523ced5dc57c,d,D,QB14,12,5,UVH8d,16,0.07,-1800000.0,-1.8,536,1024,0.5234375
01a0a57f-e612-73a0-a4c0-523ced5dc57c,d,D,QB14,12,5,UVH8d,17,0.07,-1350000.0,-1.35,560,1024,0.546875
01a0a57f-e612-73a0-a4c0-523ced5dc57c,d,D,QB14,12,5,UVH8d,18,0.07,-900000.0,-0.9,550,1024,0.537109375
01a0a57f-e612-73a0-a4c0-523ced5dc57c,d,D,QB14,12,5,UVH8d,19,0.07,-450000.0,-0.45,583,1024,0.5693359375
01a0a57f-e612-73a0-a4c0-523ced5dc57c,d,D,QB14,12,5,UVH8d,20,0.07,0.0,0.0,546,1024,0.533203125
01a0a57f-e612-73a0-a4c0-523ced5dc57c,d,D,QB14,12,5,UVH8d,21,0.07,450000.0,0.45,566,1024,0.552734375
01a0a57f-e612-73a0-a4c0-523ced5dc57c,d,D,QB14,12,5,UVH8d,22,0.07,900000.0,0.9,524,1024,0.51171875
01a0a57f-e612-73a0-a4c0-523ced5dc57c,d,D,QB14,12,5,UVH8d,23,0.07,1350000.0,1.35,545,1024,0.5322265625
01a0a57f-e612-73a0-a4c0-523ced5dc57c,d,D,QB14,12,5,UVH8d,24,0.07,1800000.0,1.8,534,1024,0.521484375
01a0a57f-e612-73a0-a4c0-523ced5dc57c,d,D,QB14,12,5,UVH8d,25,0.07,2250000.0,2.25,565,1024,0.5517578125
01a0a57f-e612-73a0-a4c0-523ced5dc57c,d,D,QB14,12,5,UVH8d,26,0.07,2700000.0,2.7,551,1024,0.5380859375
01a0a57f-e612-73a0-a4c0-523ced5dc57c,d,D,QB14,12,5,UVH8d,27,0.07,3150000.0,3.15,545,1024,0.5322265625
01a0a57f-e612-73a0-a4c0-523ced5dc57c,d,D,QB14,12,5,UVH8d,28,0.07,3600000.0,3.6,556,1024,0.54296875
01a0a57f-e612-73a0-a4c0-523ced5dc57c,d,D,QB14,12,5,UVH8d,29,0.07,4050000.0,4.05,526,1024,0.513671875
01a0a57f-e612-73a0-a4c0-523ced5dc57c,d,D,QB14,12,5,UVH8d,30,0.07,4500000.0,4.5,517,1024,0.5048828125
01a0a57f-e612-73a0-a4c0-523ced5dc57c,d,D,QB14,12,5,UVH8d,31,0.07,4950000.0,4.95,560,1024,0.546875
01a0a57f-e612-73a0-a4c0-523ced5dc57c,d,D,QB14,12,5,UVH8d,32,0.07,5400000.0,5.4,557,1024,0.5439453125
01a0a57f-e612-73a0-a4c0-523ced5dc57c,d,D,QB14,12,5,UVH8d,33,0.07,5850000.0,5.85,544,1024,0.53125
01a0a57f-e612-73a0-a4c0-523ced5dc57c,d,D,QB14,12,5,UVH8d,34,0.07,6300000.0,6.3,506,1024,0.494140625
01a0a57f-e612-73a0-a4c0-523ced5dc57c,d,D,QB14,12,5,UVH8d,35,0.07,6750000.0,6.75,502,1024,0.490234375
01a0a57f-e612-73a0-a4c0-523ced5dc57c,d,D,QB14,12,5,UVH8d,36,0.07,7200000.0,7.2,523,1024,0.5107421875
01a0a57f-e612-73a0-a4c0-523ced5dc57c,d,D,QB14,12,5,UVH8d,37,0.07,7650000.0,7.65,496,1024,0.484375
01a0a57f-e612-73a0-a4c0-523ced5dc57c,d,D,QB14,12,5,UVH8d,38,0.07,8100000.0,8.1,468,1024,0.45703125
01a0a57f-e612-73a0-a4c0-523ced5dc57c,d,D,QB14,12,5,UVH8d,39,0.07,8550000.0,8.55,437,1024,0.4267578125
01a0a57f-e612-73a0-a4c0-523ced5dc57c,d,D,QB14,12,5,UVH8d,40,0.07,9000000.0,9.0,431,1024,0.4208984375
01a0a57f-e612-73a0-a4c0-523ced5dc57c,d,D,QB16,13,0,standard_pi_2,0,0.07,-9000000.0,-9.0,577,1024,0.5634765625
01a0a57f-e612-73a0-a4c0-523ced5dc57c,d,D,QB16,13,0,standard_pi_2,1,0.07,-8550000.0,-8.55,552,1024,0.5390625
01a0a57f-e612-73a0-a4c0-523ced5dc57c,d,D,QB16,13,0,standard_pi_2,2,0.07,-8100000.0,-8.1,567,1024,0.5537109375
01a0a57f-e612-73a0-a4c0-523ced5dc57c,d,D,QB16,13,0,standard_pi_2,3,0.07,-7650000.0,-7.65,596,1024,0.58203125
01a0a57f-e612-73a0-a4c0-523ced5dc57c,d,D,QB16,13,0,standard_pi_2,4,0.07,-7200000.0,-7.2,584,1024,0.5703125
01a0a57f-e612-73a0-a4c0-523ced5dc57c,d,D,QB16,13,0,standard_pi_2,5,0.07,-6750000.0,-6.75,586,1024,0.572265625
01a0a57f-e612-73a0-a4c0-523ced5dc57c,d,D,QB16,13,0,standard_pi_2,6,0.07,-6300000.0,-6.3,586,1024,0.572265625
01a0a57f-e612-73a0-a4c0-523ced5dc57c,d,D,QB16,13,0,standard_pi_2,7,0.07,-5850000.0,-5.85,612,1024,0.59765625
01a0a57f-e612-73a0-a4c0-523ced5dc57c,d,D,QB16,13,0,standard_pi_2,8,0.07,-5400000.0,-5.4,570,1024,0.556640625
01a0a57f-e612-73a0-a4c0-523ced5dc57c,d,D,QB16,13,0,standard_pi_2,9,0.07,-4950000.0,-4.95,557,1024,0.5439453125
01a0a57f-e612-73a0-a4c0-523ced5dc57c,d,D,QB16,13,0,standard_pi_2,10,0.07,-4500000.0,-4.5,591,1024,0.5771484375
01a0a57f-e612-73a0-a4c0-523ced5dc57c,d,D,QB16,13,0,standard_pi_2,11,0.07,-4050000.0,-4.05,563,1024,0.5498046875
01a0a57f-e612-73a0-a4c0-523ced5dc57c,d,D,QB16,13,0,standard_pi_2,12,0.07,-3600000.0,-3.6,600,1024,0.5859375
01a0a57f-e612-73a0-a4c0-523ced5dc57c,d,D,QB16,13,0,standard_pi_2,13,0.07,-3150000.0,-3.15,551,1024,0.5380859375
01a0a57f-e612-73a0-a4c0-523ced5dc57c,d,D,QB16,13,0,standard_pi_2,14,0.07,-2700000.0,-2.7,584,1024,0.5703125
01a0a57f-e612-73a0-a4c0-523ced5dc57c,d,D,QB16,13,0,standard_pi_2,15,0.07,-2250000.0,-2.25,579,1024,0.5654296875
01a0a57f-e612-73a0-a4c0-523ced5dc57c,d,D,QB16,13,0,standard_pi_2,16,0.07,-1800000.0,-1.8,571,1024,0.5576171875
01a0a57f-e612-73a0-a4c0-523ced5dc57c,d,D,QB16,13,0,standard_pi_2,17,0.07,-1350000.0,-1.35,585,1024,0.5712890625
01a0a57f-e612-73a0-a4c0-523ced5dc57c,d,D,QB16,13,0,standard_pi_2,18,0.07,-900000.0,-0.9,579,1024,0.5654296875
01a0a57f-e612-73a0-a4c0-523ced5dc57c,d,D,QB16,13,0,standard_pi_2,19,0.07,-450000.0,-0.45,554,1024,0.541015625
01a0a57f-e612-73a0-a4c0-523ced5dc57c,d,D,QB16,13,0,standard_pi_2,20,0.07,0.0,0.0,572,1024,0.55859375
01a0a57f-e612-73a0-a4c0-523ced5dc57c,d,D,QB16,13,0,standard_pi_2,21,0.07,450000.0,0.45,564,1024,0.55078125
01a0a57f-e612-73a0-a4c0-523ced5dc57c,d,D,QB16,13,0,standard_pi_2,22,0.07,900000.0,0.9,563,1024,0.5498046875
01a0a57f-e612-73a0-a4c0-523ced5dc57c,d,D,QB16,13,0,standard_pi_2,23,0.07,1350000.0,1.35,553,1024,0.5400390625
01a0a57f-e612-73a0-a4c0-523ced5dc57c,d,D,QB16,13,0,standard_pi_2,24,0.07,1800000.0,1.8,551,1024,0.5380859375
01a0a57f-e612-73a0-a4c0-523ced5dc57c,d,D,QB16,13,0,standard_pi_2,25,0.07,2250000.0,2.25,539,1024,0.5263671875
01a0a57f-e612-73a0-a4c0-523ced5dc57c,d,D,QB16,13,0,standard_pi_2,26,0.07,2700000.0,2.7,530,1024,0.517578125
01a0a57f-e612-73a0-a4c0-523ced5dc57c,d,D,QB16,13,0,standard_pi_2,27,0.07,3150000.0,3.15,568,1024,0.5546875
01a0a57f-e612-73a0-a4c0-523ced5dc57c,d,D,QB16,13,0,standard_pi_2,28,0.07,3600000.0,3.6,537,1024,0.5244140625
01a0a57f-e612-73a0-a4c0-523ced5dc57c,d,D,QB16,13,0,standard_pi_2,29,0.07,4050000.0,4.05,551,1024,0.5380859375
01a0a57f-e612-73a0-a4c0-523ced5dc57c,d,D,QB16,13,0,standard_pi_2,30,0.07,4500000.0,4.5,556,1024,0.54296875
01a0a57f-e612-73a0-a4c0-523ced5dc57c,d,D,QB16,13,0,standard_pi_2,31,0.07,4950000.0,4.95,539,1024,0.5263671875
01a0a57f-e612-73a0-a4c0-523ced5dc57c,d,D,QB16,13,0,standard_pi_2,32,0.07,5400000.0,5.4,490,1024,0.478515625
01a0a57f-e612-73a0-a4c0-523ced5dc57c,d,D,QB16,13,0,standard_pi_2,33,0.07,5850000.0,5.85,561,1024,0.5478515625
01a0a57f-e612-73a0-a4c0-523ced5dc57c,d,D,QB16,13,0,standard_pi_2,34,0.07,6300000.0,6.3,526,1024,0.513671875
01a0a57f-e612-73a0-a4c0-523ced5dc57c,d,D,QB16,13,0,standard_pi_2,35,0.07,6750000.0,6.75,515,1024,0.5029296875
01a0a57f-e612-73a0-a4c0-523ced5dc57c,d,D,QB16,13,0,standard_pi_2,36,0.07,7200000.0,7.2,498,1024,0.486328125
01a0a57f-e612-73a0-a4c0-523ced5dc57c,d,D,QB16,13,0,standard_pi_2,37,0.07,7650000.0,7.65,526,1024,0.513671875
01a0a57f-e612-73a0-a4c0-523ced5dc57c,d,D,QB16,13,0,standard_pi_2,38,0.07,8100000.0,8.1,488,1024,0.4765625
01a0a57f-e612-73a0-a4c0-523ced5dc57c,d,D,QB16,13,0,standard_pi_2,39,0.07,8550000.0,8.55,521,1024,0.5087890625
01a0a57f-e612-73a0-a4c0-523ced5dc57c,d,D,QB16,13,0,standard_pi_2,40,0.07,9000000.0,9.0,487,1024,0.4755859375
01a0a57f-e612-73a0-a4c0-523ced5dc57c,d,D,QB16,13,1,UVH4d,0,0.07,-9000000.0,-9.0,352,1024,0.34375
01a0a57f-e612-73a0-a4c0-523ced5dc57c,d,D,QB16,13,1,UVH4d,1,0.07,-8550000.0,-8.55,373,1024,0.3642578125
01a0a57f-e612-73a0-a4c0-523ced5dc57c,d,D,QB16,13,1,UVH4d,2,0.07,-8100000.0,-8.1,382,1024,0.373046875
01a0a57f-e612-73a0-a4c0-523ced5dc57c,d,D,QB16,13,1,UVH4d,3,0.07,-7650000.0,-7.65,367,1024,0.3583984375
01a0a57f-e612-73a0-a4c0-523ced5dc57c,d,D,QB16,13,1,UVH4d,4,0.07,-7200000.0,-7.2,409,1024,0.3994140625
01a0a57f-e612-73a0-a4c0-523ced5dc57c,d,D,QB16,13,1,UVH4d,5,0.07,-6750000.0,-6.75,431,1024,0.4208984375
01a0a57f-e612-73a0-a4c0-523ced5dc57c,d,D,QB16,13,1,UVH4d,6,0.07,-6300000.0,-6.3,403,1024,0.3935546875
01a0a57f-e612-73a0-a4c0-523ced5dc57c,d,D,QB16,13,1,UVH4d,7,0.07,-5850000.0,-5.85,403,1024,0.3935546875
01a0a57f-e612-73a0-a4c0-523ced5dc57c,d,D,QB16,13,1,UVH4d,8,0.07,-5400000.0,-5.4,387,1024,0.3779296875
01a0a57f-e612-73a0-a4c0-523ced5dc57c,d,D,QB16,13,1,UVH4d,9,0.07,-4950000.0,-4.95,452,1024,0.44140625
01a0a57f-e612-73a0-a4c0-523ced5dc57c,d,D,QB16,13,1,UVH4d,10,0.07,-4500000.0,-4.5,459,1024,0.4482421875
01a0a57f-e612-73a0-a4c0-523ced5dc57c,d,D,QB16,13,1,UVH4d,11,0.07,-4050000.0,-4.05,449,1024,0.4384765625
01a0a57f-e612-73a0-a4c0-523ced5dc57c,d,D,QB16,13,1,UVH4d,12,0.07,-3600000.0,-3.6,473,1024,0.4619140625
01a0a57f-e612-73a0-a4c0-523ced5dc57c,d,D,QB16,13,1,UVH4d,13,0.07,-3150000.0,-3.15,450,1024,0.439453125
01a0a57f-e612-73a0-a4c0-523ced5dc57c,d,D,QB16,13,1,UVH4d,14,0.07,-2700000.0,-2.7,450,1024,0.439453125
01a0a57f-e612-73a0-a4c0-523ced5dc57c,d,D,QB16,13,1,UVH4d,15,0.07,-2250000.0,-2.25,478,1024,0.466796875
01a0a57f-e612-73a0-a4c0-523ced5dc57c,d,D,QB16,13,1,UVH4d,16,0.07,-1800000.0,-1.8,473,1024,0.4619140625
01a0a57f-e612-73a0-a4c0-523ced5dc57c,d,D,QB16,13,1,UVH4d,17,0.07,-1350000.0,-1.35,480,1024,0.46875
01a0a57f-e612-73a0-a4c0-523ced5dc57c,d,D,QB16,13,1,UVH4d,18,0.07,-900000.0,-0.9,484,1024,0.47265625
01a0a57f-e612-73a0-a4c0-523ced5dc57c,d,D,QB16,13,1,UVH4d,19,0.07,-450000.0,-0.45,453,1024,0.4423828125
01a0a57f-e612-73a0-a4c0-523ced5dc57c,d,D,QB16,13,1,UVH4d,20,0.07,0.0,0.0,473,1024,0.4619140625
01a0a57f-e612-73a0-a4c0-523ced5dc57c,d,D,QB16,13,1,UVH4d,21,0.07,450000.0,0.45,461,1024,0.4501953125
01a0a57f-e612-73a0-a4c0-523ced5dc57c,d,D,QB16,13,1,UVH4d,22,0.07,900000.0,0.9,466,1024,0.455078125
01a0a57f-e612-73a0-a4c0-523ced5dc57c,d,D,QB16,13,1,UVH4d,23,0.07,1350000.0,1.35,496,1024,0.484375
01a0a57f-e612-73a0-a4c0-523ced5dc57c,d,D,QB16,13,1,UVH4d,24,0.07,1800000.0,1.8,481,1024,0.4697265625
01a0a57f-e612-73a0-a4c0-523ced5dc57c,d,D,QB16,13,1,UVH4d,25,0.07,2250000.0,2.25,468,1024,0.45703125
01a0a57f-e612-73a0-a4c0-523ced5dc57c,d,D,QB16,13,1,UVH4d,26,0.07,2700000.0,2.7,513,1024,0.5009765625
01a0a57f-e612-73a0-a4c0-523ced5dc57c,d,D,QB16,13,1,UVH4d,27,0.07,3150000.0,3.15,505,1024,0.4931640625
01a0a57f-e612-73a0-a4c0-523ced5dc57c,d,D,QB16,13,1,UVH4d,28,0.07,3600000.0,3.6,501,1024,0.4892578125
01a0a57f-e612-73a0-a4c0-523ced5dc57c,d,D,QB16,13,1,UVH4d,29,0.07,4050000.0,4.05,474,1024,0.462890625
01a0a57f-e612-73a0-a4c0-523ced5dc57c,d,D,QB16,13,1,UVH4d,30,0.07,4500000.0,4.5,504,1024,0.4921875
01a0a57f-e612-73a0-a4c0-523ced5dc57c,d,D,QB16,13,1,UVH4d,31,0.07,4950000.0,4.95,496,1024,0.484375
01a0a57f-e612-73a0-a4c0-523ced5dc57c,d,D,QB16,13,1,UVH4d,32,0.07,5400000.0,5.4,530,1024,0.517578125
01a0a57f-e612-73a0-a4c0-523ced5dc57c,d,D,QB16,13,1,UVH4d,33,0.07,5850000.0,5.85,540,1024,0.52734375
01a0a57f-e612-73a0-a4c0-523ced5dc57c,d,D,QB16,13,1,UVH4d,34,0.07,6300000.0,6.3,546,1024,0.533203125
01a0a57f-e612-73a0-a4c0-523ced5dc57c,d,D,QB16,13,1,UVH4d,35,0.07,6750000.0,6.75,550,1024,0.537109375
01a0a57f-e612-73a0-a4c0-523ced5dc57c,d,D,QB16,13,1,UVH4d,36,0.07,7200000.0,7.2,560,1024,0.546875
01a0a57f-e612-73a0-a4c0-523ced5dc57c,d,D,QB16,13,1,UVH4d,37,0.07,7650000.0,7.65,596,1024,0.58203125
01a0a57f-e612-73a0-a4c0-523ced5dc57c,d,D,QB16,13,1,UVH4d,38,0.07,8100000.0,8.1,559,1024,0.5458984375
01a0a57f-e612-73a0-a4c0-523ced5dc57c,d,D,QB16,13,1,UVH4d,39,0.07,8550000.0,8.55,569,1024,0.5556640625
01a0a57f-e612-73a0-a4c0-523ced5dc57c,d,D,QB16,13,1,UVH4d,40,0.07,9000000.0,9.0,605,1024,0.5908203125
01a0a57f-e612-73a0-a4c0-523ced5dc57c,d,D,QB16,13,2,UVH5d,0,0.07,-9000000.0,-9.0,137,1024,0.1337890625
01a0a57f-e612-73a0-a4c0-523ced5dc57c,d,D,QB16,13,2,UVH5d,1,0.07,-8550000.0,-8.55,157,1024,0.1533203125
01a0a57f-e612-73a0-a4c0-523ced5dc57c,d,D,QB16,13,2,UVH5d,2,0.07,-8100000.0,-8.1,157,1024,0.1533203125
01a0a57f-e612-73a0-a4c0-523ced5dc57c,d,D,QB16,13,2,UVH5d,3,0.07,-7650000.0,-7.65,209,1024,0.2041015625
01a0a57f-e612-73a0-a4c0-523ced5dc57c,d,D,QB16,13,2,UVH5d,4,0.07,-7200000.0,-7.2,228,1024,0.22265625
01a0a57f-e612-73a0-a4c0-523ced5dc57c,d,D,QB16,13,2,UVH5d,5,0.07,-6750000.0,-6.75,288,1024,0.28125
01a0a57f-e612-73a0-a4c0-523ced5dc57c,d,D,QB16,13,2,UVH5d,6,0.07,-6300000.0,-6.3,295,1024,0.2880859375
01a0a57f-e612-73a0-a4c0-523ced5dc57c,d,D,QB16,13,2,UVH5d,7,0.07,-5850000.0,-5.85,326,1024,0.318359375
01a0a57f-e612-73a0-a4c0-523ced5dc57c,d,D,QB16,13,2,UVH5d,8,0.07,-5400000.0,-5.4,358,1024,0.349609375
01a0a57f-e612-73a0-a4c0-523ced5dc57c,d,D,QB16,13,2,UVH5d,9,0.07,-4950000.0,-4.95,408,1024,0.3984375
01a0a57f-e612-73a0-a4c0-523ced5dc57c,d,D,QB16,13,2,UVH5d,10,0.07,-4500000.0,-4.5,409,1024,0.3994140625
01a0a57f-e612-73a0-a4c0-523ced5dc57c,d,D,QB16,13,2,UVH5d,11,0.07,-4050000.0,-4.05,426,1024,0.416015625
01a0a57f-e612-73a0-a4c0-523ced5dc57c,d,D,QB16,13,2,UVH5d,12,0.07,-3600000.0,-3.6,504,1024,0.4921875
01a0a57f-e612-73a0-a4c0-523ced5dc57c,d,D,QB16,13,2,UVH5d,13,0.07,-3150000.0,-3.15,491,1024,0.4794921875
01a0a57f-e612-73a0-a4c0-523ced5dc57c,d,D,QB16,13,2,UVH5d,14,0.07,-2700000.0,-2.7,521,1024,0.5087890625
01a0a57f-e612-73a0-a4c0-523ced5dc57c,d,D,QB16,13,2,UVH5d,15,0.07,-2250000.0,-2.25,492,1024,0.48046875
01a0a57f-e612-73a0-a4c0-523ced5dc57c,d,D,QB16,13,2,UVH5d,16,0.07,-1800000.0,-1.8,526,1024,0.513671875
01a0a57f-e612-73a0-a4c0-523ced5dc57c,d,D,QB16,13,2,UVH5d,17,0.07,-1350000.0,-1.35,546,1024,0.533203125
01a0a57f-e612-73a0-a4c0-523ced5dc57c,d,D,QB16,13,2,UVH5d,18,0.07,-900000.0,-0.9,562,1024,0.548828125
01a0a57f-e612-73a0-a4c0-523ced5dc57c,d,D,QB16,13,2,UVH5d,19,0.07,-450000.0,-0.45,532,1024,0.51953125
01a0a57f-e612-73a0-a4c0-523ced5dc57c,d,D,QB16,13,2,UVH5d,20,0.07,0.0,0.0,567,1024,0.5537109375
01a0a57f-e612-73a0-a4c0-523ced5dc57c,d,D,QB16,13,2,UVH5d,21,0.07,450000.0,0.45,531,1024,0.5185546875
01a0a57f-e612-73a0-a4c0-523ced5dc57c,d,D,QB16,13,2,UVH5d,22,0.07,900000.0,0.9,535,1024,0.5224609375
01a0a57f-e612-73a0-a4c0-523ced5dc57c,d,D,QB16,13,2,UVH5d,23,0.07,1350000.0,1.35,522,1024,0.509765625
01a0a57f-e612-73a0-a4c0-523ced5dc57c,d,D,QB16,13,2,UVH5d,24,0.07,1800000.0,1.8,520,1024,0.5078125
01a0a57f-e612-73a0-a4c0-523ced5dc57c,d,D,QB16,13,2,UVH5d,25,0.07,2250000.0,2.25,494,1024,0.482421875
01a0a57f-e612-73a0-a4c0-523ced5dc57c,d,D,QB16,13,2,UVH5d,26,0.07,2700000.0,2.7,503,1024,0.4912109375
01a0a57f-e612-73a0-a4c0-523ced5dc57c,d,D,QB16,13,2,UVH5d,27,0.07,3150000.0,3.15,508,1024,0.49609375
01a0a57f-e612-73a0-a4c0-523ced5dc57c,d,D,QB16,13,2,UVH5d,28,0.07,3600000.0,3.6,506,1024,0.494140625
01a0a57f-e612-73a0-a4c0-523ced5dc57c,d,D,QB16,13,2,UVH5d,29,0.07,4050000.0,4.05,510,1024,0.498046875
01a0a57f-e612-73a0-a4c0-523ced5dc57c,d,D,QB16,13,2,UVH5d,30,0.07,4500000.0,4.5,502,1024,0.490234375
01a0a57f-e612-73a0-a4c0-523ced5dc57c,d,D,QB16,13,2,UVH5d,31,0.07,4950000.0,4.95,476,1024,0.46484375
01a0a57f-e612-73a0-a4c0-523ced5dc57c,d,D,QB16,13,2,UVH5d,32,0.07,5400000.0,5.4,509,1024,0.4970703125
01a0a57f-e612-73a0-a4c0-523ced5dc57c,d,D,QB16,13,2,UVH5d,33,0.07,5850000.0,5.85,513,1024,0.5009765625
01a0a57f-e612-73a0-a4c0-523ced5dc57c,d,D,QB16,13,2,UVH5d,34,0.07,6300000.0,6.3,483,1024,0.4716796875
01a0a57f-e612-73a0-a4c0-523ced5dc57c,d,D,QB16,13,2,UVH5d,35,0.07,6750000.0,6.75,511,1024,0.4990234375
01a0a57f-e612-73a0-a4c0-523ced5dc57c,d,D,QB16,13,2,UVH5d,36,0.07,7200000.0,7.2,477,1024,0.4658203125
01a0a57f-e612-73a0-a4c0-523ced5dc57c,d,D,QB16,13,2,UVH5d,37,0.07,7650000.0,7.65,487,1024,0.4755859375
01a0a57f-e612-73a0-a4c0-523ced5dc57c,d,D,QB16,13,2,UVH5d,38,0.07,8100000.0,8.1,495,1024,0.4833984375
01a0a57f-e612-73a0-a4c0-523ced5dc57c,d,D,QB16,13,2,UVH5d,39,0.07,8550000.0,8.55,486,1024,0.474609375
01a0a57f-e612-73a0-a4c0-523ced5dc57c,d,D,QB16,13,2,UVH5d,40,0.07,9000000.0,9.0,487,1024,0.4755859375
01a0a57f-e612-73a0-a4c0-523ced5dc57c,d,D,QB16,13,3,UVH6d,0,0.07,-9000000.0,-9.0,579,1024,0.5654296875
01a0a57f-e612-73a0-a4c0-523ced5dc57c,d,D,QB16,13,3,UVH6d,1,0.07,-8550000.0,-8.55,563,1024,0.5498046875
01a0a57f-e612-73a0-a4c0-523ced5dc57c,d,D,QB16,13,3,UVH6d,2,0.07,-8100000.0,-8.1,548,1024,0.53515625
01a0a57f-e612-73a0-a4c0-523ced5dc57c,d,D,QB16,13,3,UVH6d,3,0.07,-7650000.0,-7.65,515,1024,0.5029296875
01a0a57f-e612-73a0-a4c0-523ced5dc57c,d,D,QB16,13,3,UVH6d,4,0.07,-7200000.0,-7.2,525,1024,0.5126953125
01a0a57f-e612-73a0-a4c0-523ced5dc57c,d,D,QB16,13,3,UVH6d,5,0.07,-6750000.0,-6.75,514,1024,0.501953125
01a0a57f-e612-73a0-a4c0-523ced5dc57c,d,D,QB16,13,3,UVH6d,6,0.07,-6300000.0,-6.3,517,1024,0.5048828125
01a0a57f-e612-73a0-a4c0-523ced5dc57c,d,D,QB16,13,3,UVH6d,7,0.07,-5850000.0,-5.85,522,1024,0.509765625
01a0a57f-e612-73a0-a4c0-523ced5dc57c,d,D,QB16,13,3,UVH6d,8,0.07,-5400000.0,-5.4,463,1024,0.4521484375
01a0a57f-e612-73a0-a4c0-523ced5dc57c,d,D,QB16,13,3,UVH6d,9,0.07,-4950000.0,-4.95,492,1024,0.48046875
01a0a57f-e612-73a0-a4c0-523ced5dc57c,d,D,QB16,13,3,UVH6d,10,0.07,-4500000.0,-4.5,485,1024,0.4736328125
01a0a57f-e612-73a0-a4c0-523ced5dc57c,d,D,QB16,13,3,UVH6d,11,0.07,-4050000.0,-4.05,490,1024,0.478515625
01a0a57f-e612-73a0-a4c0-523ced5dc57c,d,D,QB16,13,3,UVH6d,12,0.07,-3600000.0,-3.6,456,1024,0.4453125
01a0a57f-e612-73a0-a4c0-523ced5dc57c,d,D,QB16,13,3,UVH6d,13,0.07,-3150000.0,-3.15,499,1024,0.4873046875
01a0a57f-e612-73a0-a4c0-523ced5dc57c,d,D,QB16,13,3,UVH6d,14,0.07,-2700000.0,-2.7,513,1024,0.5009765625
01a0a57f-e612-73a0-a4c0-523ced5dc57c,d,D,QB16,13,3,UVH6d,15,0.07,-2250000.0,-2.25,509,1024,0.4970703125
01a0a57f-e612-73a0-a4c0-523ced5dc57c,d,D,QB16,13,3,UVH6d,16,0.07,-1800000.0,-1.8,479,1024,0.4677734375
01a0a57f-e612-73a0-a4c0-523ced5dc57c,d,D,QB16,13,3,UVH6d,17,0.07,-1350000.0,-1.35,502,1024,0.490234375
01a0a57f-e612-73a0-a4c0-523ced5dc57c,d,D,QB16,13,3,UVH6d,18,0.07,-900000.0,-0.9,508,1024,0.49609375
01a0a57f-e612-73a0-a4c0-523ced5dc57c,d,D,QB16,13,3,UVH6d,19,0.07,-450000.0,-0.45,513,1024,0.5009765625
01a0a57f-e612-73a0-a4c0-523ced5dc57c,d,D,QB16,13,3,UVH6d,20,0.07,0.0,0.0,538,1024,0.525390625
01a0a57f-e612-73a0-a4c0-523ced5dc57c,d,D,QB16,13,3,UVH6d,21,0.07,450000.0,0.45,505,1024,0.4931640625
01a0a57f-e612-73a0-a4c0-523ced5dc57c,d,D,QB16,13,3,UVH6d,22,0.07,900000.0,0.9,505,1024,0.4931640625
01a0a57f-e612-73a0-a4c0-523ced5dc57c,d,D,QB16,13,3,UVH6d,23,0.07,1350000.0,1.35,490,1024,0.478515625
01a0a57f-e612-73a0-a4c0-523ced5dc57c,d,D,QB16,13,3,UVH6d,24,0.07,1800000.0,1.8,510,1024,0.498046875
01a0a57f-e612-73a0-a4c0-523ced5dc57c,d,D,QB16,13,3,UVH6d,25,0.07,2250000.0,2.25,481,1024,0.4697265625
01a0a57f-e612-73a0-a4c0-523ced5dc57c,d,D,QB16,13,3,UVH6d,26,0.07,2700000.0,2.7,533,1024,0.5205078125
01a0a57f-e612-73a0-a4c0-523ced5dc57c,d,D,QB16,13,3,UVH6d,27,0.07,3150000.0,3.15,527,1024,0.5146484375
01a0a57f-e612-73a0-a4c0-523ced5dc57c,d,D,QB16,13,3,UVH6d,28,0.07,3600000.0,3.6,515,1024,0.5029296875
01a0a57f-e612-73a0-a4c0-523ced5dc57c,d,D,QB16,13,3,UVH6d,29,0.07,4050000.0,4.05,485,1024,0.4736328125
01a0a57f-e612-73a0-a4c0-523ced5dc57c,d,D,QB16,13,3,UVH6d,30,0.07,4500000.0,4.5,559,1024,0.5458984375
01a0a57f-e612-73a0-a4c0-523ced5dc57c,d,D,QB16,13,3,UVH6d,31,0.07,4950000.0,4.95,527,1024,0.5146484375
01a0a57f-e612-73a0-a4c0-523ced5dc57c,d,D,QB16,13,3,UVH6d,32,0.07,5400000.0,5.4,530,1024,0.517578125
01a0a57f-e612-73a0-a4c0-523ced5dc57c,d,D,QB16,13,3,UVH6d,33,0.07,5850000.0,5.85,522,1024,0.509765625
01a0a57f-e612-73a0-a4c0-523ced5dc57c,d,D,QB16,13,3,UVH6d,34,0.07,6300000.0,6.3,556,1024,0.54296875
01a0a57f-e612-73a0-a4c0-523ced5dc57c,d,D,QB16,13,3,UVH6d,35,0.07,6750000.0,6.75,561,1024,0.5478515625
01a0a57f-e612-73a0-a4c0-523ced5dc57c,d,D,QB16,13,3,UVH6d,36,0.07,7200000.0,7.2,583,1024,0.5693359375
01a0a57f-e612-73a0-a4c0-523ced5dc57c,d,D,QB16,13,3,UVH6d,37,0.07,7650000.0,7.65,599,1024,0.5849609375
01a0a57f-e612-73a0-a4c0-523ced5dc57c,d,D,QB16,13,3,UVH6d,38,0.07,8100000.0,8.1,621,1024,0.6064453125
01a0a57f-e612-73a0-a4c0-523ced5dc57c,d,D,QB16,13,3,UVH6d,39,0.07,8550000.0,8.55,640,1024,0.625
01a0a57f-e612-73a0-a4c0-523ced5dc57c,d,D,QB16,13,3,UVH6d,40,0.07,9000000.0,9.0,647,1024,0.6318359375
01a0a57f-e612-73a0-a4c0-523ced5dc57c,d,D,QB16,13,4,UVH7d,0,0.07,-9000000.0,-9.0,562,1024,0.548828125
01a0a57f-e612-73a0-a4c0-523ced5dc57c,d,D,QB16,13,4,UVH7d,1,0.07,-8550000.0,-8.55,557,1024,0.5439453125
01a0a57f-e612-73a0-a4c0-523ced5dc57c,d,D,QB16,13,4,UVH7d,2,0.07,-8100000.0,-8.1,539,1024,0.5263671875
01a0a57f-e612-73a0-a4c0-523ced5dc57c,d,D,QB16,13,4,UVH7d,3,0.07,-7650000.0,-7.65,536,1024,0.5234375
01a0a57f-e612-73a0-a4c0-523ced5dc57c,d,D,QB16,13,4,UVH7d,4,0.07,-7200000.0,-7.2,529,1024,0.5166015625
01a0a57f-e612-73a0-a4c0-523ced5dc57c,d,D,QB16,13,4,UVH7d,5,0.07,-6750000.0,-6.75,515,1024,0.5029296875
01a0a57f-e612-73a0-a4c0-523ced5dc57c,d,D,QB16,13,4,UVH7d,6,0.07,-6300000.0,-6.3,516,1024,0.50390625
01a0a57f-e612-73a0-a4c0-523ced5dc57c,d,D,QB16,13,4,UVH7d,7,0.07,-5850000.0,-5.85,522,1024,0.509765625
01a0a57f-e612-73a0-a4c0-523ced5dc57c,d,D,QB16,13,4,UVH7d,8,0.07,-5400000.0,-5.4,532,1024,0.51953125
01a0a57f-e612-73a0-a4c0-523ced5dc57c,d,D,QB16,13,4,UVH7d,9,0.07,-4950000.0,-4.95,498,1024,0.486328125
01a0a57f-e612-73a0-a4c0-523ced5dc57c,d,D,QB16,13,4,UVH7d,10,0.07,-4500000.0,-4.5,513,1024,0.5009765625
01a0a57f-e612-73a0-a4c0-523ced5dc57c,d,D,QB16,13,4,UVH7d,11,0.07,-4050000.0,-4.05,517,1024,0.5048828125
01a0a57f-e612-73a0-a4c0-523ced5dc57c,d,D,QB16,13,4,UVH7d,12,0.07,-3600000.0,-3.6,495,1024,0.4833984375
01a0a57f-e612-73a0-a4c0-523ced5dc57c,d,D,QB16,13,4,UVH7d,13,0.07,-3150000.0,-3.15,523,1024,0.5107421875
01a0a57f-e612-73a0-a4c0-523ced5dc57c,d,D,QB16,13,4,UVH7d,14,0.07,-2700000.0,-2.7,523,1024,0.5107421875
01a0a57f-e612-73a0-a4c0-523ced5dc57c,d,D,QB16,13,4,UVH7d,15,0.07,-2250000.0,-2.25,503,1024,0.4912109375
01a0a57f-e612-73a0-a4c0-523ced5dc57c,d,D,QB16,13,4,UVH7d,16,0.07,-1800000.0,-1.8,527,1024,0.5146484375
01a0a57f-e612-73a0-a4c0-523ced5dc57c,d,D,QB16,13,4,UVH7d,17,0.07,-1350000.0,-1.35,521,1024,0.5087890625
01a0a57f-e612-73a0-a4c0-523ced5dc57c,d,D,QB16,13,4,UVH7d,18,0.07,-900000.0,-0.9,522,1024,0.509765625
01a0a57f-e612-73a0-a4c0-523ced5dc57c,d,D,QB16,13,4,UVH7d,19,0.07,-450000.0,-0.45,539,1024,0.5263671875
01a0a57f-e612-73a0-a4c0-523ced5dc57c,d,D,QB16,13,4,UVH7d,20,0.07,0.0,0.0,501,1024,0.4892578125
01a0a57f-e612-73a0-a4c0-523ced5dc57c,d,D,QB16,13,4,UVH7d,21,0.07,450000.0,0.45,537,1024,0.5244140625
01a0a57f-e612-73a0-a4c0-523ced5dc57c,d,D,QB16,13,4,UVH7d,22,0.07,900000.0,0.9,550,1024,0.537109375
01a0a57f-e612-73a0-a4c0-523ced5dc57c,d,D,QB16,13,4,UVH7d,23,0.07,1350000.0,1.35,523,1024,0.5107421875
01a0a57f-e612-73a0-a4c0-523ced5dc57c,d,D,QB16,13,4,UVH7d,24,0.07,1800000.0,1.8,497,1024,0.4853515625
01a0a57f-e612-73a0-a4c0-523ced5dc57c,d,D,QB16,13,4,UVH7d,25,0.07,2250000.0,2.25,508,1024,0.49609375
01a0a57f-e612-73a0-a4c0-523ced5dc57c,d,D,QB16,13,4,UVH7d,26,0.07,2700000.0,2.7,518,1024,0.505859375
01a0a57f-e612-73a0-a4c0-523ced5dc57c,d,D,QB16,13,4,UVH7d,27,0.07,3150000.0,3.15,527,1024,0.5146484375
01a0a57f-e612-73a0-a4c0-523ced5dc57c,d,D,QB16,13,4,UVH7d,28,0.07,3600000.0,3.6,499,1024,0.4873046875
01a0a57f-e612-73a0-a4c0-523ced5dc57c,d,D,QB16,13,4,UVH7d,29,0.07,4050000.0,4.05,488,1024,0.4765625
01a0a57f-e612-73a0-a4c0-523ced5dc57c,d,D,QB16,13,4,UVH7d,30,0.07,4500000.0,4.5,492,1024,0.48046875
01a0a57f-e612-73a0-a4c0-523ced5dc57c,d,D,QB16,13,4,UVH7d,31,0.07,4950000.0,4.95,486,1024,0.474609375
01a0a57f-e612-73a0-a4c0-523ced5dc57c,d,D,QB16,13,4,UVH7d,32,0.07,5400000.0,5.4,492,1024,0.48046875
01a0a57f-e612-73a0-a4c0-523ced5dc57c,d,D,QB16,13,4,UVH7d,33,0.07,5850000.0,5.85,478,1024,0.466796875
01a0a57f-e612-73a0-a4c0-523ced5dc57c,d,D,QB16,13,4,UVH7d,34,0.07,6300000.0,6.3,458,1024,0.447265625
01a0a57f-e612-73a0-a4c0-523ced5dc57c,d,D,QB16,13,4,UVH7d,35,0.07,6750000.0,6.75,433,1024,0.4228515625
01a0a57f-e612-73a0-a4c0-523ced5dc57c,d,D,QB16,13,4,UVH7d,36,0.07,7200000.0,7.2,439,1024,0.4287109375
01a0a57f-e612-73a0-a4c0-523ced5dc57c,d,D,QB16,13,4,UVH7d,37,0.07,7650000.0,7.65,401,1024,0.3916015625
01a0a57f-e612-73a0-a4c0-523ced5dc57c,d,D,QB16,13,4,UVH7d,38,0.07,8100000.0,8.1,395,1024,0.3857421875
01a0a57f-e612-73a0-a4c0-523ced5dc57c,d,D,QB16,13,4,UVH7d,39,0.07,8550000.0,8.55,372,1024,0.36328125
01a0a57f-e612-73a0-a4c0-523ced5dc57c,d,D,QB16,13,4,UVH7d,40,0.07,9000000.0,9.0,399,1024,0.3896484375
01a0a57f-e612-73a0-a4c0-523ced5dc57c,d,D,QB16,13,5,UVH8d,0,0.07,-9000000.0,-9.0,515,1024,0.5029296875
01a0a57f-e612-73a0-a4c0-523ced5dc57c,d,D,QB16,13,5,UVH8d,1,0.07,-8550000.0,-8.55,488,1024,0.4765625
01a0a57f-e612-73a0-a4c0-523ced5dc57c,d,D,QB16,13,5,UVH8d,2,0.07,-8100000.0,-8.1,509,1024,0.4970703125
01a0a57f-e612-73a0-a4c0-523ced5dc57c,d,D,QB16,13,5,UVH8d,3,0.07,-7650000.0,-7.65,480,1024,0.46875
01a0a57f-e612-73a0-a4c0-523ced5dc57c,d,D,QB16,13,5,UVH8d,4,0.07,-7200000.0,-7.2,540,1024,0.52734375
01a0a57f-e612-73a0-a4c0-523ced5dc57c,d,D,QB16,13,5,UVH8d,5,0.07,-6750000.0,-6.75,503,1024,0.4912109375
01a0a57f-e612-73a0-a4c0-523ced5dc57c,d,D,QB16,13,5,UVH8d,6,0.07,-6300000.0,-6.3,476,1024,0.46484375
01a0a57f-e612-73a0-a4c0-523ced5dc57c,d,D,QB16,13,5,UVH8d,7,0.07,-5850000.0,-5.85,486,1024,0.474609375
01a0a57f-e612-73a0-a4c0-523ced5dc57c,d,D,QB16,13,5,UVH8d,8,0.07,-5400000.0,-5.4,497,1024,0.4853515625
01a0a57f-e612-73a0-a4c0-523ced5dc57c,d,D,QB16,13,5,UVH8d,9,0.07,-4950000.0,-4.95,497,1024,0.4853515625
01a0a57f-e612-73a0-a4c0-523ced5dc57c,d,D,QB16,13,5,UVH8d,10,0.07,-4500000.0,-4.5,534,1024,0.521484375
01a0a57f-e612-73a0-a4c0-523ced5dc57c,d,D,QB16,13,5,UVH8d,11,0.07,-4050000.0,-4.05,503,1024,0.4912109375
01a0a57f-e612-73a0-a4c0-523ced5dc57c,d,D,QB16,13,5,UVH8d,12,0.07,-3600000.0,-3.6,487,1024,0.4755859375
01a0a57f-e612-73a0-a4c0-523ced5dc57c,d,D,QB16,13,5,UVH8d,13,0.07,-3150000.0,-3.15,486,1024,0.474609375
01a0a57f-e612-73a0-a4c0-523ced5dc57c,d,D,QB16,13,5,UVH8d,14,0.07,-2700000.0,-2.7,505,1024,0.4931640625
01a0a57f-e612-73a0-a4c0-523ced5dc57c,d,D,QB16,13,5,UVH8d,15,0.07,-2250000.0,-2.25,512,1024,0.5
01a0a57f-e612-73a0-a4c0-523ced5dc57c,d,D,QB16,13,5,UVH8d,16,0.07,-1800000.0,-1.8,492,1024,0.48046875
01a0a57f-e612-73a0-a4c0-523ced5dc57c,d,D,QB16,13,5,UVH8d,17,0.07,-1350000.0,-1.35,485,1024,0.4736328125
01a0a57f-e612-73a0-a4c0-523ced5dc57c,d,D,QB16,13,5,UVH8d,18,0.07,-900000.0,-0.9,500,1024,0.48828125
01a0a57f-e612-73a0-a4c0-523ced5dc57c,d,D,QB16,13,5,UVH8d,19,0.07,-450000.0,-0.45,500,1024,0.48828125
01a0a57f-e612-73a0-a4c0-523ced5dc57c,d,D,QB16,13,5,UVH8d,20,0.07,0.0,0.0,498,1024,0.486328125
01a0a57f-e612-73a0-a4c0-523ced5dc57c,d,D,QB16,13,5,UVH8d,21,0.07,450000.0,0.45,490,1024,0.478515625
01a0a57f-e612-73a0-a4c0-523ced5dc57c,d,D,QB16,13,5,UVH8d,22,0.07,900000.0,0.9,494,1024,0.482421875
01a0a57f-e612-73a0-a4c0-523ced5dc57c,d,D,QB16,13,5,UVH8d,23,0.07,1350000.0,1.35,500,1024,0.48828125
01a0a57f-e612-73a0-a4c0-523ced5dc57c,d,D,QB16,13,5,UVH8d,24,0.07,1800000.0,1.8,497,1024,0.4853515625
01a0a57f-e612-73a0-a4c0-523ced5dc57c,d,D,QB16,13,5,UVH8d,25,0.07,2250000.0,2.25,491,1024,0.4794921875
01a0a57f-e612-73a0-a4c0-523ced5dc57c,d,D,QB16,13,5,UVH8d,26,0.07,2700000.0,2.7,479,1024,0.4677734375
01a0a57f-e612-73a0-a4c0-523ced5dc57c,d,D,QB16,13,5,UVH8d,27,0.07,3150000.0,3.15,515,1024,0.5029296875
01a0a57f-e612-73a0-a4c0-523ced5dc57c,d,D,QB16,13,5,UVH8d,28,0.07,3600000.0,3.6,514,1024,0.501953125
01a0a57f-e612-73a0-a4c0-523ced5dc57c,d,D,QB16,13,5,UVH8d,29,0.07,4050000.0,4.05,481,1024,0.4697265625
01a0a57f-e612-73a0-a4c0-523ced5dc57c,d,D,QB16,13,5,UVH8d,30,0.07,4500000.0,4.5,496,1024,0.484375
01a0a57f-e612-73a0-a4c0-523ced5dc57c,d,D,QB16,13,5,UVH8d,31,0.07,4950000.0,4.95,516,1024,0.50390625
01a0a57f-e612-73a0-a4c0-523ced5dc57c,d,D,QB16,13,5,UVH8d,32,0.07,5400000.0,5.4,479,1024,0.4677734375
01a0a57f-e612-73a0-a4c0-523ced5dc57c,d,D,QB16,13,5,UVH8d,33,0.07,5850000.0,5.85,512,1024,0.5
01a0a57f-e612-73a0-a4c0-523ced5dc57c,d,D,QB16,13,5,UVH8d,34,0.07,6300000.0,6.3,469,1024,0.4580078125
01a0a57f-e612-73a0-a4c0-523ced5dc57c,d,D,QB16,13,5,UVH8d,35,0.07,6750000.0,6.75,465,1024,0.4541015625
01a0a57f-e612-73a0-a4c0-523ced5dc57c,d,D,QB16,13,5,UVH8d,36,0.07,7200000.0,7.2,467,1024,0.4560546875
01a0a57f-e612-73a0-a4c0-523ced5dc57c,d,D,QB16,13,5,UVH8d,37,0.07,7650000.0,7.65,479,1024,0.4677734375
01a0a57f-e612-73a0-a4c0-523ced5dc57c,d,D,QB16,13,5,UVH8d,38,0.07,8100000.0,8.1,459,1024,0.4482421875
01a0a57f-e612-73a0-a4c0-523ced5dc57c,d,D,QB16,13,5,UVH8d,39,0.07,8550000.0,8.55,430,1024,0.419921875
01a0a57f-e612-73a0-a4c0-523ced5dc57c,d,D,QB16,13,5,UVH8d,40,0.07,9000000.0,9.0,423,1024,0.4130859375
01a0a57f-e612-73a0-a4c0-523ced5dc57c,d,D,QB19,14,0,standard_pi_2,0,0.07,-9000000.0,-9.0,576,1024,0.5625
01a0a57f-e612-73a0-a4c0-523ced5dc57c,d,D,QB19,14,0,standard_pi_2,1,0.07,-8550000.0,-8.55,601,1024,0.5869140625
01a0a57f-e612-73a0-a4c0-523ced5dc57c,d,D,QB19,14,0,standard_pi_2,2,0.07,-8100000.0,-8.1,621,1024,0.6064453125
01a0a57f-e612-73a0-a4c0-523ced5dc57c,d,D,QB19,14,0,standard_pi_2,3,0.07,-7650000.0,-7.65,573,1024,0.5595703125
01a0a57f-e612-73a0-a4c0-523ced5dc57c,d,D,QB19,14,0,standard_pi_2,4,0.07,-7200000.0,-7.2,602,1024,0.587890625
01a0a57f-e612-73a0-a4c0-523ced5dc57c,d,D,QB19,14,0,standard_pi_2,5,0.07,-6750000.0,-6.75,578,1024,0.564453125
01a0a57f-e612-73a0-a4c0-523ced5dc57c,d,D,QB19,14,0,standard_pi_2,6,0.07,-6300000.0,-6.3,595,1024,0.5810546875
01a0a57f-e612-73a0-a4c0-523ced5dc57c,d,D,QB19,14,0,standard_pi_2,7,0.07,-5850000.0,-5.85,570,1024,0.556640625
01a0a57f-e612-73a0-a4c0-523ced5dc57c,d,D,QB19,14,0,standard_pi_2,8,0.07,-5400000.0,-5.4,541,1024,0.5283203125
01a0a57f-e612-73a0-a4c0-523ced5dc57c,d,D,QB19,14,0,standard_pi_2,9,0.07,-4950000.0,-4.95,560,1024,0.546875
01a0a57f-e612-73a0-a4c0-523ced5dc57c,d,D,QB19,14,0,standard_pi_2,10,0.07,-4500000.0,-4.5,581,1024,0.5673828125
01a0a57f-e612-73a0-a4c0-523ced5dc57c,d,D,QB19,14,0,standard_pi_2,11,0.07,-4050000.0,-4.05,579,1024,0.5654296875
01a0a57f-e612-73a0-a4c0-523ced5dc57c,d,D,QB19,14,0,standard_pi_2,12,0.07,-3600000.0,-3.6,574,1024,0.560546875
01a0a57f-e612-73a0-a4c0-523ced5dc57c,d,D,QB19,14,0,standard_pi_2,13,0.07,-3150000.0,-3.15,567,1024,0.5537109375
01a0a57f-e612-73a0-a4c0-523ced5dc57c,d,D,QB19,14,0,standard_pi_2,14,0.07,-2700000.0,-2.7,591,1024,0.5771484375
01a0a57f-e612-73a0-a4c0-523ced5dc57c,d,D,QB19,14,0,standard_pi_2,15,0.07,-2250000.0,-2.25,570,1024,0.556640625
01a0a57f-e612-73a0-a4c0-523ced5dc57c,d,D,QB19,14,0,standard_pi_2,16,0.07,-1800000.0,-1.8,561,1024,0.5478515625
01a0a57f-e612-73a0-a4c0-523ced5dc57c,d,D,QB19,14,0,standard_pi_2,17,0.07,-1350000.0,-1.35,565,1024,0.5517578125
01a0a57f-e612-73a0-a4c0-523ced5dc57c,d,D,QB19,14,0,standard_pi_2,18,0.07,-900000.0,-0.9,573,1024,0.5595703125
01a0a57f-e612-73a0-a4c0-523ced5dc57c,d,D,QB19,14,0,standard_pi_2,19,0.07,-450000.0,-0.45,546,1024,0.533203125
01a0a57f-e612-73a0-a4c0-523ced5dc57c,d,D,QB19,14,0,standard_pi_2,20,0.07,0.0,0.0,525,1024,0.5126953125
01a0a57f-e612-73a0-a4c0-523ced5dc57c,d,D,QB19,14,0,standard_pi_2,21,0.07,450000.0,0.45,529,1024,0.5166015625
01a0a57f-e612-73a0-a4c0-523ced5dc57c,d,D,QB19,14,0,standard_pi_2,22,0.07,900000.0,0.9,588,1024,0.57421875
01a0a57f-e612-73a0-a4c0-523ced5dc57c,d,D,QB19,14,0,standard_pi_2,23,0.07,1350000.0,1.35,544,1024,0.53125
01a0a57f-e612-73a0-a4c0-523ced5dc57c,d,D,QB19,14,0,standard_pi_2,24,0.07,1800000.0,1.8,530,1024,0.517578125
01a0a57f-e612-73a0-a4c0-523ced5dc57c,d,D,QB19,14,0,standard_pi_2,25,0.07,2250000.0,2.25,538,1024,0.525390625
01a0a57f-e612-73a0-a4c0-523ced5dc57c,d,D,QB19,14,0,standard_pi_2,26,0.07,2700000.0,2.7,519,1024,0.5068359375
01a0a57f-e612-73a0-a4c0-523ced5dc57c,d,D,QB19,14,0,standard_pi_2,27,0.07,3150000.0,3.15,523,1024,0.5107421875
01a0a57f-e612-73a0-a4c0-523ced5dc57c,d,D,QB19,14,0,standard_pi_2,28,0.07,3600000.0,3.6,529,1024,0.5166015625
01a0a57f-e612-73a0-a4c0-523ced5dc57c,d,D,QB19,14,0,standard_pi_2,29,0.07,4050000.0,4.05,503,1024,0.4912109375
01a0a57f-e612-73a0-a4c0-523ced5dc57c,d,D,QB19,14,0,standard_pi_2,30,0.07,4500000.0,4.5,526,1024,0.513671875
01a0a57f-e612-73a0-a4c0-523ced5dc57c,d,D,QB19,14,0,standard_pi_2,31,0.07,4950000.0,4.95,507,1024,0.4951171875
01a0a57f-e612-73a0-a4c0-523ced5dc57c,d,D,QB19,14,0,standard_pi_2,32,0.07,5400000.0,5.4,485,1024,0.4736328125
01a0a57f-e612-73a0-a4c0-523ced5dc57c,d,D,QB19,14,0,standard_pi_2,33,0.07,5850000.0,5.85,512,1024,0.5
01a0a57f-e612-73a0-a4c0-523ced5dc57c,d,D,QB19,14,0,standard_pi_2,34,0.07,6300000.0,6.3,476,1024,0.46484375
01a0a57f-e612-73a0-a4c0-523ced5dc57c,d,D,QB19,14,0,standard_pi_2,35,0.07,6750000.0,6.75,523,1024,0.5107421875
01a0a57f-e612-73a0-a4c0-523ced5dc57c,d,D,QB19,14,0,standard_pi_2,36,0.07,7200000.0,7.2,476,1024,0.46484375
01a0a57f-e612-73a0-a4c0-523ced5dc57c,d,D,QB19,14,0,standard_pi_2,37,0.07,7650000.0,7.65,481,1024,0.4697265625
01a0a57f-e612-73a0-a4c0-523ced5dc57c,d,D,QB19,14,0,standard_pi_2,38,0.07,8100000.0,8.1,454,1024,0.443359375
01a0a57f-e612-73a0-a4c0-523ced5dc57c,d,D,QB19,14,0,standard_pi_2,39,0.07,8550000.0,8.55,495,1024,0.4833984375
01a0a57f-e612-73a0-a4c0-523ced5dc57c,d,D,QB19,14,0,standard_pi_2,40,0.07,9000000.0,9.0,458,1024,0.447265625
01a0a57f-e612-73a0-a4c0-523ced5dc57c,d,D,QB19,14,1,UVH4d,0,0.07,-9000000.0,-9.0,389,1024,0.3798828125
01a0a57f-e612-73a0-a4c0-523ced5dc57c,d,D,QB19,14,1,UVH4d,1,0.07,-8550000.0,-8.55,395,1024,0.3857421875
01a0a57f-e612-73a0-a4c0-523ced5dc57c,d,D,QB19,14,1,UVH4d,2,0.07,-8100000.0,-8.1,390,1024,0.380859375
01a0a57f-e612-73a0-a4c0-523ced5dc57c,d,D,QB19,14,1,UVH4d,3,0.07,-7650000.0,-7.65,415,1024,0.4052734375
01a0a57f-e612-73a0-a4c0-523ced5dc57c,d,D,QB19,14,1,UVH4d,4,0.07,-7200000.0,-7.2,411,1024,0.4013671875
01a0a57f-e612-73a0-a4c0-523ced5dc57c,d,D,QB19,14,1,UVH4d,5,0.07,-6750000.0,-6.75,420,1024,0.41015625
01a0a57f-e612-73a0-a4c0-523ced5dc57c,d,D,QB19,14,1,UVH4d,6,0.07,-6300000.0,-6.3,429,1024,0.4189453125
01a0a57f-e612-73a0-a4c0-523ced5dc57c,d,D,QB19,14,1,UVH4d,7,0.07,-5850000.0,-5.85,487,1024,0.4755859375
01a0a57f-e612-73a0-a4c0-523ced5dc57c,d,D,QB19,14,1,UVH4d,8,0.07,-5400000.0,-5.4,441,1024,0.4306640625
01a0a57f-e612-73a0-a4c0-523ced5dc57c,d,D,QB19,14,1,UVH4d,9,0.07,-4950000.0,-4.95,482,1024,0.470703125
01a0a57f-e612-73a0-a4c0-523ced5dc57c,d,D,QB19,14,1,UVH4d,10,0.07,-4500000.0,-4.5,461,1024,0.4501953125
01a0a57f-e612-73a0-a4c0-523ced5dc57c,d,D,QB19,14,1,UVH4d,11,0.07,-4050000.0,-4.05,504,1024,0.4921875
01a0a57f-e612-73a0-a4c0-523ced5dc57c,d,D,QB19,14,1,UVH4d,12,0.07,-3600000.0,-3.6,491,1024,0.4794921875
01a0a57f-e612-73a0-a4c0-523ced5dc57c,d,D,QB19,14,1,UVH4d,13,0.07,-3150000.0,-3.15,494,1024,0.482421875
01a0a57f-e612-73a0-a4c0-523ced5dc57c,d,D,QB19,14,1,UVH4d,14,0.07,-2700000.0,-2.7,506,1024,0.494140625
01a0a57f-e612-73a0-a4c0-523ced5dc57c,d,D,QB19,14,1,UVH4d,15,0.07,-2250000.0,-2.25,501,1024,0.4892578125
01a0a57f-e612-73a0-a4c0-523ced5dc57c,d,D,QB19,14,1,UVH4d,16,0.07,-1800000.0,-1.8,510,1024,0.498046875
01a0a57f-e612-73a0-a4c0-523ced5dc57c,d,D,QB19,14,1,UVH4d,17,0.07,-1350000.0,-1.35,509,1024,0.4970703125
01a0a57f-e612-73a0-a4c0-523ced5dc57c,d,D,QB19,14,1,UVH4d,18,0.07,-900000.0,-0.9,508,1024,0.49609375
01a0a57f-e612-73a0-a4c0-523ced5dc57c,d,D,QB19,14,1,UVH4d,19,0.07,-450000.0,-0.45,533,1024,0.5205078125
01a0a57f-e612-73a0-a4c0-523ced5dc57c,d,D,QB19,14,1,UVH4d,20,0.07,0.0,0.0,529,1024,0.5166015625
01a0a57f-e612-73a0-a4c0-523ced5dc57c,d,D,QB19,14,1,UVH4d,21,0.07,450000.0,0.45,536,1024,0.5234375
01a0a57f-e612-73a0-a4c0-523ced5dc57c,d,D,QB19,14,1,UVH4d,22,0.07,900000.0,0.9,519,1024,0.5068359375
01a0a57f-e612-73a0-a4c0-523ced5dc57c,d,D,QB19,14,1,UVH4d,23,0.07,1350000.0,1.35,535,1024,0.5224609375
01a0a57f-e612-73a0-a4c0-523ced5dc57c,d,D,QB19,14,1,UVH4d,24,0.07,1800000.0,1.8,546,1024,0.533203125
01a0a57f-e612-73a0-a4c0-523ced5dc57c,d,D,QB19,14,1,UVH4d,25,0.07,2250000.0,2.25,528,1024,0.515625
01a0a57f-e612-73a0-a4c0-523ced5dc57c,d,D,QB19,14,1,UVH4d,26,0.07,2700000.0,2.7,517,1024,0.5048828125
01a0a57f-e612-73a0-a4c0-523ced5dc57c,d,D,QB19,14,1,UVH4d,27,0.07,3150000.0,3.15,521,1024,0.5087890625
01a0a57f-e612-73a0-a4c0-523ced5dc57c,d,D,QB19,14,1,UVH4d,28,0.07,3600000.0,3.6,556,1024,0.54296875
01a0a57f-e612-73a0-a4c0-523ced5dc57c,d,D,QB19,14,1,UVH4d,29,0.07,4050000.0,4.05,550,1024,0.537109375
01a0a57f-e612-73a0-a4c0-523ced5dc57c,d,D,QB19,14,1,UVH4d,30,0.07,4500000.0,4.5,548,1024,0.53515625
01a0a57f-e612-73a0-a4c0-523ced5dc57c,d,D,QB19,14,1,UVH4d,31,0.07,4950000.0,4.95,588,1024,0.57421875
01a0a57f-e612-73a0-a4c0-523ced5dc57c,d,D,QB19,14,1,UVH4d,32,0.07,5400000.0,5.4,598,1024,0.583984375
01a0a57f-e612-73a0-a4c0-523ced5dc57c,d,D,QB19,14,1,UVH4d,33,0.07,5850000.0,5.85,608,1024,0.59375
01a0a57f-e612-73a0-a4c0-523ced5dc57c,d,D,QB19,14,1,UVH4d,34,0.07,6300000.0,6.3,599,1024,0.5849609375
01a0a57f-e612-73a0-a4c0-523ced5dc57c,d,D,QB19,14,1,UVH4d,35,0.07,6750000.0,6.75,591,1024,0.5771484375
01a0a57f-e612-73a0-a4c0-523ced5dc57c,d,D,QB19,14,1,UVH4d,36,0.07,7200000.0,7.2,603,1024,0.5888671875
01a0a57f-e612-73a0-a4c0-523ced5dc57c,d,D,QB19,14,1,UVH4d,37,0.07,7650000.0,7.65,618,1024,0.603515625
01a0a57f-e612-73a0-a4c0-523ced5dc57c,d,D,QB19,14,1,UVH4d,38,0.07,8100000.0,8.1,614,1024,0.599609375
01a0a57f-e612-73a0-a4c0-523ced5dc57c,d,D,QB19,14,1,UVH4d,39,0.07,8550000.0,8.55,604,1024,0.58984375
01a0a57f-e612-73a0-a4c0-523ced5dc57c,d,D,QB19,14,1,UVH4d,40,0.07,9000000.0,9.0,666,1024,0.650390625
01a0a57f-e612-73a0-a4c0-523ced5dc57c,d,D,QB19,14,2,UVH5d,0,0.07,-9000000.0,-9.0,161,1024,0.1572265625
01a0a57f-e612-73a0-a4c0-523ced5dc57c,d,D,QB19,14,2,UVH5d,1,0.07,-8550000.0,-8.55,173,1024,0.1689453125
01a0a57f-e612-73a0-a4c0-523ced5dc57c,d,D,QB19,14,2,UVH5d,2,0.07,-8100000.0,-8.1,173,1024,0.1689453125
01a0a57f-e612-73a0-a4c0-523ced5dc57c,d,D,QB19,14,2,UVH5d,3,0.07,-7650000.0,-7.65,227,1024,0.2216796875
01a0a57f-e612-73a0-a4c0-523ced5dc57c,d,D,QB19,14,2,UVH5d,4,0.07,-7200000.0,-7.2,235,1024,0.2294921875
01a0a57f-e612-73a0-a4c0-523ced5dc57c,d,D,QB19,14,2,UVH5d,5,0.07,-6750000.0,-6.75,294,1024,0.287109375
01a0a57f-e612-73a0-a4c0-523ced5dc57c,d,D,QB19,14,2,UVH5d,6,0.07,-6300000.0,-6.3,314,1024,0.306640625
01a0a57f-e612-73a0-a4c0-523ced5dc57c,d,D,QB19,14,2,UVH5d,7,0.07,-5850000.0,-5.85,336,1024,0.328125
01a0a57f-e612-73a0-a4c0-523ced5dc57c,d,D,QB19,14,2,UVH5d,8,0.07,-5400000.0,-5.4,372,1024,0.36328125
01a0a57f-e612-73a0-a4c0-523ced5dc57c,d,D,QB19,14,2,UVH5d,9,0.07,-4950000.0,-4.95,403,1024,0.3935546875
01a0a57f-e612-73a0-a4c0-523ced5dc57c,d,D,QB19,14,2,UVH5d,10,0.07,-4500000.0,-4.5,442,1024,0.431640625
01a0a57f-e612-73a0-a4c0-523ced5dc57c,d,D,QB19,14,2,UVH5d,11,0.07,-4050000.0,-4.05,430,1024,0.419921875
01a0a57f-e612-73a0-a4c0-523ced5dc57c,d,D,QB19,14,2,UVH5d,12,0.07,-3600000.0,-3.6,452,1024,0.44140625
01a0a57f-e612-73a0-a4c0-523ced5dc57c,d,D,QB19,14,2,UVH5d,13,0.07,-3150000.0,-3.15,447,1024,0.4365234375
01a0a57f-e612-73a0-a4c0-523ced5dc57c,d,D,QB19,14,2,UVH5d,14,0.07,-2700000.0,-2.7,490,1024,0.478515625
01a0a57f-e612-73a0-a4c0-523ced5dc57c,d,D,QB19,14,2,UVH5d,15,0.07,-2250000.0,-2.25,488,1024,0.4765625
01a0a57f-e612-73a0-a4c0-523ced5dc57c,d,D,QB19,14,2,UVH5d,16,0.07,-1800000.0,-1.8,461,1024,0.4501953125
01a0a57f-e612-73a0-a4c0-523ced5dc57c,d,D,QB19,14,2,UVH5d,17,0.07,-1350000.0,-1.35,524,1024,0.51171875
01a0a57f-e612-73a0-a4c0-523ced5dc57c,d,D,QB19,14,2,UVH5d,18,0.07,-900000.0,-0.9,500,1024,0.48828125
01a0a57f-e612-73a0-a4c0-523ced5dc57c,d,D,QB19,14,2,UVH5d,19,0.07,-450000.0,-0.45,474,1024,0.462890625
01a0a57f-e612-73a0-a4c0-523ced5dc57c,d,D,QB19,14,2,UVH5d,20,0.07,0.0,0.0,492,1024,0.48046875
01a0a57f-e612-73a0-a4c0-523ced5dc57c,d,D,QB19,14,2,UVH5d,21,0.07,450000.0,0.45,461,1024,0.4501953125
01a0a57f-e612-73a0-a4c0-523ced5dc57c,d,D,QB19,14,2,UVH5d,22,0.07,900000.0,0.9,485,1024,0.4736328125
01a0a57f-e612-73a0-a4c0-523ced5dc57c,d,D,QB19,14,2,UVH5d,23,0.07,1350000.0,1.35,468,1024,0.45703125
01a0a57f-e612-73a0-a4c0-523ced5dc57c,d,D,QB19,14,2,UVH5d,24,0.07,1800000.0,1.8,449,1024,0.4384765625
01a0a57f-e612-73a0-a4c0-523ced5dc57c,d,D,QB19,14,2,UVH5d,25,0.07,2250000.0,2.25,476,1024,0.46484375
01a0a57f-e612-73a0-a4c0-523ced5dc57c,d,D,QB19,14,2,UVH5d,26,0.07,2700000.0,2.7,498,1024,0.486328125
01a0a57f-e612-73a0-a4c0-523ced5dc57c,d,D,QB19,14,2,UVH5d,27,0.07,3150000.0,3.15,467,1024,0.4560546875
01a0a57f-e612-73a0-a4c0-523ced5dc57c,d,D,QB19,14,2,UVH5d,28,0.07,3600000.0,3.6,480,1024,0.46875
01a0a57f-e612-73a0-a4c0-523ced5dc57c,d,D,QB19,14,2,UVH5d,29,0.07,4050000.0,4.05,476,1024,0.46484375
01a0a57f-e612-73a0-a4c0-523ced5dc57c,d,D,QB19,14,2,UVH5d,30,0.07,4500000.0,4.5,461,1024,0.4501953125
01a0a57f-e612-73a0-a4c0-523ced5dc57c,d,D,QB19,14,2,UVH5d,31,0.07,4950000.0,4.95,485,1024,0.4736328125
01a0a57f-e612-73a0-a4c0-523ced5dc57c,d,D,QB19,14,2,UVH5d,32,0.07,5400000.0,5.4,461,1024,0.4501953125
01a0a57f-e612-73a0-a4c0-523ced5dc57c,d,D,QB19,14,2,UVH5d,33,0.07,5850000.0,5.85,510,1024,0.498046875
01a0a57f-e612-73a0-a4c0-523ced5dc57c,d,D,QB19,14,2,UVH5d,34,0.07,6300000.0,6.3,512,1024,0.5
01a0a57f-e612-73a0-a4c0-523ced5dc57c,d,D,QB19,14,2,UVH5d,35,0.07,6750000.0,6.75,488,1024,0.4765625
01a0a57f-e612-73a0-a4c0-523ced5dc57c,d,D,QB19,14,2,UVH5d,36,0.07,7200000.0,7.2,527,1024,0.5146484375
01a0a57f-e612-73a0-a4c0-523ced5dc57c,d,D,QB19,14,2,UVH5d,37,0.07,7650000.0,7.65,524,1024,0.51171875
01a0a57f-e612-73a0-a4c0-523ced5dc57c,d,D,QB19,14,2,UVH5d,38,0.07,8100000.0,8.1,505,1024,0.4931640625
01a0a57f-e612-73a0-a4c0-523ced5dc57c,d,D,QB19,14,2,UVH5d,39,0.07,8550000.0,8.55,511,1024,0.4990234375
01a0a57f-e612-73a0-a4c0-523ced5dc57c,d,D,QB19,14,2,UVH5d,40,0.07,9000000.0,9.0,510,1024,0.498046875
01a0a57f-e612-73a0-a4c0-523ced5dc57c,d,D,QB19,14,3,UVH6d,0,0.07,-9000000.0,-9.0,545,1024,0.5322265625
01a0a57f-e612-73a0-a4c0-523ced5dc57c,d,D,QB19,14,3,UVH6d,1,0.07,-8550000.0,-8.55,560,1024,0.546875
01a0a57f-e612-73a0-a4c0-523ced5dc57c,d,D,QB19,14,3,UVH6d,2,0.07,-8100000.0,-8.1,587,1024,0.5732421875
01a0a57f-e612-73a0-a4c0-523ced5dc57c,d,D,QB19,14,3,UVH6d,3,0.07,-7650000.0,-7.65,557,1024,0.5439453125
01a0a57f-e612-73a0-a4c0-523ced5dc57c,d,D,QB19,14,3,UVH6d,4,0.07,-7200000.0,-7.2,555,1024,0.5419921875
01a0a57f-e612-73a0-a4c0-523ced5dc57c,d,D,QB19,14,3,UVH6d,5,0.07,-6750000.0,-6.75,524,1024,0.51171875
01a0a57f-e612-73a0-a4c0-523ced5dc57c,d,D,QB19,14,3,UVH6d,6,0.07,-6300000.0,-6.3,564,1024,0.55078125
01a0a57f-e612-73a0-a4c0-523ced5dc57c,d,D,QB19,14,3,UVH6d,7,0.07,-5850000.0,-5.85,534,1024,0.521484375
01a0a57f-e612-73a0-a4c0-523ced5dc57c,d,D,QB19,14,3,UVH6d,8,0.07,-5400000.0,-5.4,503,1024,0.4912109375
01a0a57f-e612-73a0-a4c0-523ced5dc57c,d,D,QB19,14,3,UVH6d,9,0.07,-4950000.0,-4.95,523,1024,0.5107421875
01a0a57f-e612-73a0-a4c0-523ced5dc57c,d,D,QB19,14,3,UVH6d,10,0.07,-4500000.0,-4.5,480,1024,0.46875
01a0a57f-e612-73a0-a4c0-523ced5dc57c,d,D,QB19,14,3,UVH6d,11,0.07,-4050000.0,-4.05,497,1024,0.4853515625
01a0a57f-e612-73a0-a4c0-523ced5dc57c,d,D,QB19,14,3,UVH6d,12,0.07,-3600000.0,-3.6,530,1024,0.517578125
01a0a57f-e612-73a0-a4c0-523ced5dc57c,d,D,QB19,14,3,UVH6d,13,0.07,-3150000.0,-3.15,487,1024,0.4755859375
01a0a57f-e612-73a0-a4c0-523ced5dc57c,d,D,QB19,14,3,UVH6d,14,0.07,-2700000.0,-2.7,483,1024,0.4716796875
01a0a57f-e612-73a0-a4c0-523ced5dc57c,d,D,QB19,14,3,UVH6d,15,0.07,-2250000.0,-2.25,520,1024,0.5078125
01a0a57f-e612-73a0-a4c0-523ced5dc57c,d,D,QB19,14,3,UVH6d,16,0.07,-1800000.0,-1.8,460,1024,0.44921875
01a0a57f-e612-73a0-a4c0-523ced5dc57c,d,D,QB19,14,3,UVH6d,17,0.07,-1350000.0,-1.35,485,1024,0.4736328125
01a0a57f-e612-73a0-a4c0-523ced5dc57c,d,D,QB19,14,3,UVH6d,18,0.07,-900000.0,-0.9,506,1024,0.494140625
01a0a57f-e612-73a0-a4c0-523ced5dc57c,d,D,QB19,14,3,UVH6d,19,0.07,-450000.0,-0.45,504,1024,0.4921875
01a0a57f-e612-73a0-a4c0-523ced5dc57c,d,D,QB19,14,3,UVH6d,20,0.07,0.0,0.0,492,1024,0.48046875
01a0a57f-e612-73a0-a4c0-523ced5dc57c,d,D,QB19,14,3,UVH6d,21,0.07,450000.0,0.45,504,1024,0.4921875
01a0a57f-e612-73a0-a4c0-523ced5dc57c,d,D,QB19,14,3,UVH6d,22,0.07,900000.0,0.9,485,1024,0.4736328125
01a0a57f-e612-73a0-a4c0-523ced5dc57c,d,D,QB19,14,3,UVH6d,23,0.07,1350000.0,1.35,485,1024,0.4736328125
01a0a57f-e612-73a0-a4c0-523ced5dc57c,d,D,QB19,14,3,UVH6d,24,0.07,1800000.0,1.8,517,1024,0.5048828125
01a0a57f-e612-73a0-a4c0-523ced5dc57c,d,D,QB19,14,3,UVH6d,25,0.07,2250000.0,2.25,518,1024,0.505859375
01a0a57f-e612-73a0-a4c0-523ced5dc57c,d,D,QB19,14,3,UVH6d,26,0.07,2700000.0,2.7,500,1024,0.48828125
01a0a57f-e612-73a0-a4c0-523ced5dc57c,d,D,QB19,14,3,UVH6d,27,0.07,3150000.0,3.15,496,1024,0.484375
01a0a57f-e612-73a0-a4c0-523ced5dc57c,d,D,QB19,14,3,UVH6d,28,0.07,3600000.0,3.6,492,1024,0.48046875
01a0a57f-e612-73a0-a4c0-523ced5dc57c,d,D,QB19,14,3,UVH6d,29,0.07,4050000.0,4.05,536,1024,0.5234375
01a0a57f-e612-73a0-a4c0-523ced5dc57c,d,D,QB19,14,3,UVH6d,30,0.07,4500000.0,4.5,490,1024,0.478515625
01a0a57f-e612-73a0-a4c0-523ced5dc57c,d,D,QB19,14,3,UVH6d,31,0.07,4950000.0,4.95,531,1024,0.5185546875
01a0a57f-e612-73a0-a4c0-523ced5dc57c,d,D,QB19,14,3,UVH6d,32,0.07,5400000.0,5.4,540,1024,0.52734375
01a0a57f-e612-73a0-a4c0-523ced5dc57c,d,D,QB19,14,3,UVH6d,33,0.07,5850000.0,5.85,535,1024,0.5224609375
01a0a57f-e612-73a0-a4c0-523ced5dc57c,d,D,QB19,14,3,UVH6d,34,0.07,6300000.0,6.3,581,1024,0.5673828125
01a0a57f-e612-73a0-a4c0-523ced5dc57c,d,D,QB19,14,3,UVH6d,35,0.07,6750000.0,6.75,574,1024,0.560546875
01a0a57f-e612-73a0-a4c0-523ced5dc57c,d,D,QB19,14,3,UVH6d,36,0.07,7200000.0,7.2,573,1024,0.5595703125
01a0a57f-e612-73a0-a4c0-523ced5dc57c,d,D,QB19,14,3,UVH6d,37,0.07,7650000.0,7.65,581,1024,0.5673828125
01a0a57f-e612-73a0-a4c0-523ced5dc57c,d,D,QB19,14,3,UVH6d,38,0.07,8100000.0,8.1,621,1024,0.6064453125
01a0a57f-e612-73a0-a4c0-523ced5dc57c,d,D,QB19,14,3,UVH6d,39,0.07,8550000.0,8.55,622,1024,0.607421875
01a0a57f-e612-73a0-a4c0-523ced5dc57c,d,D,QB19,14,3,UVH6d,40,0.07,9000000.0,9.0,645,1024,0.6298828125
01a0a57f-e612-73a0-a4c0-523ced5dc57c,d,D,QB19,14,4,UVH7d,0,0.07,-9000000.0,-9.0,611,1024,0.5966796875
01a0a57f-e612-73a0-a4c0-523ced5dc57c,d,D,QB19,14,4,UVH7d,1,0.07,-8550000.0,-8.55,617,1024,0.6025390625
01a0a57f-e612-73a0-a4c0-523ced5dc57c,d,D,QB19,14,4,UVH7d,2,0.07,-8100000.0,-8.1,614,1024,0.599609375
01a0a57f-e612-73a0-a4c0-523ced5dc57c,d,D,QB19,14,4,UVH7d,3,0.07,-7650000.0,-7.65,594,1024,0.580078125
01a0a57f-e612-73a0-a4c0-523ced5dc57c,d,D,QB19,14,4,UVH7d,4,0.07,-7200000.0,-7.2,599,1024,0.5849609375
01a0a57f-e612-73a0-a4c0-523ced5dc57c,d,D,QB19,14,4,UVH7d,5,0.07,-6750000.0,-6.75,581,1024,0.5673828125
01a0a57f-e612-73a0-a4c0-523ced5dc57c,d,D,QB19,14,4,UVH7d,6,0.07,-6300000.0,-6.3,544,1024,0.53125
01a0a57f-e612-73a0-a4c0-523ced5dc57c,d,D,QB19,14,4,UVH7d,7,0.07,-5850000.0,-5.85,539,1024,0.5263671875
01a0a57f-e612-73a0-a4c0-523ced5dc57c,d,D,QB19,14,4,UVH7d,8,0.07,-5400000.0,-5.4,527,1024,0.5146484375
01a0a57f-e612-73a0-a4c0-523ced5dc57c,d,D,QB19,14,4,UVH7d,9,0.07,-4950000.0,-4.95,542,1024,0.529296875
01a0a57f-e612-73a0-a4c0-523ced5dc57c,d,D,QB19,14,4,UVH7d,10,0.07,-4500000.0,-4.5,521,1024,0.5087890625
01a0a57f-e612-73a0-a4c0-523ced5dc57c,d,D,QB19,14,4,UVH7d,11,0.07,-4050000.0,-4.05,538,1024,0.525390625
01a0a57f-e612-73a0-a4c0-523ced5dc57c,d,D,QB19,14,4,UVH7d,12,0.07,-3600000.0,-3.6,521,1024,0.5087890625
01a0a57f-e612-73a0-a4c0-523ced5dc57c,d,D,QB19,14,4,UVH7d,13,0.07,-3150000.0,-3.15,525,1024,0.5126953125
01a0a57f-e612-73a0-a4c0-523ced5dc57c,d,D,QB19,14,4,UVH7d,14,0.07,-2700000.0,-2.7,527,1024,0.5146484375
01a0a57f-e612-73a0-a4c0-523ced5dc57c,d,D,QB19,14,4,UVH7d,15,0.07,-2250000.0,-2.25,548,1024,0.53515625
01a0a57f-e612-73a0-a4c0-523ced5dc57c,d,D,QB19,14,4,UVH7d,16,0.07,-1800000.0,-1.8,501,1024,0.4892578125
01a0a57f-e612-73a0-a4c0-523ced5dc57c,d,D,QB19,14,4,UVH7d,17,0.07,-1350000.0,-1.35,542,1024,0.529296875
01a0a57f-e612-73a0-a4c0-523ced5dc57c,d,D,QB19,14,4,UVH7d,18,0.07,-900000.0,-0.9,524,1024,0.51171875
01a0a57f-e612-73a0-a4c0-523ced5dc57c,d,D,QB19,14,4,UVH7d,19,0.07,-450000.0,-0.45,511,1024,0.4990234375
01a0a57f-e612-73a0-a4c0-523ced5dc57c,d,D,QB19,14,4,UVH7d,20,0.07,0.0,0.0,541,1024,0.5283203125
01a0a57f-e612-73a0-a4c0-523ced5dc57c,d,D,QB19,14,4,UVH7d,21,0.07,450000.0,0.45,521,1024,0.5087890625
01a0a57f-e612-73a0-a4c0-523ced5dc57c,d,D,QB19,14,4,UVH7d,22,0.07,900000.0,0.9,512,1024,0.5
01a0a57f-e612-73a0-a4c0-523ced5dc57c,d,D,QB19,14,4,UVH7d,23,0.07,1350000.0,1.35,523,1024,0.5107421875
01a0a57f-e612-73a0-a4c0-523ced5dc57c,d,D,QB19,14,4,UVH7d,24,0.07,1800000.0,1.8,536,1024,0.5234375
01a0a57f-e612-73a0-a4c0-523ced5dc57c,d,D,QB19,14,4,UVH7d,25,0.07,2250000.0,2.25,535,1024,0.5224609375
01a0a57f-e612-73a0-a4c0-523ced5dc57c,d,D,QB19,14,4,UVH7d,26,0.07,2700000.0,2.7,530,1024,0.517578125
01a0a57f-e612-73a0-a4c0-523ced5dc57c,d,D,QB19,14,4,UVH7d,27,0.07,3150000.0,3.15,522,1024,0.509765625
01a0a57f-e612-73a0-a4c0-523ced5dc57c,d,D,QB19,14,4,UVH7d,28,0.07,3600000.0,3.6,507,1024,0.4951171875
01a0a57f-e612-73a0-a4c0-523ced5dc57c,d,D,QB19,14,4,UVH7d,29,0.07,4050000.0,4.05,500,1024,0.48828125
01a0a57f-e612-73a0-a4c0-523ced5dc57c,d,D,QB19,14,4,UVH7d,30,0.07,4500000.0,4.5,477,1024,0.4658203125
01a0a57f-e612-73a0-a4c0-523ced5dc57c,d,D,QB19,14,4,UVH7d,31,0.07,4950000.0,4.95,479,1024,0.4677734375
01a0a57f-e612-73a0-a4c0-523ced5dc57c,d,D,QB19,14,4,UVH7d,32,0.07,5400000.0,5.4,491,1024,0.4794921875
01a0a57f-e612-73a0-a4c0-523ced5dc57c,d,D,QB19,14,4,UVH7d,33,0.07,5850000.0,5.85,455,1024,0.4443359375
01a0a57f-e612-73a0-a4c0-523ced5dc57c,d,D,QB19,14,4,UVH7d,34,0.07,6300000.0,6.3,440,1024,0.4296875
01a0a57f-e612-73a0-a4c0-523ced5dc57c,d,D,QB19,14,4,UVH7d,35,0.07,6750000.0,6.75,400,1024,0.390625
01a0a57f-e612-73a0-a4c0-523ced5dc57c,d,D,QB19,14,4,UVH7d,36,0.07,7200000.0,7.2,395,1024,0.3857421875
01a0a57f-e612-73a0-a4c0-523ced5dc57c,d,D,QB19,14,4,UVH7d,37,0.07,7650000.0,7.65,400,1024,0.390625
01a0a57f-e612-73a0-a4c0-523ced5dc57c,d,D,QB19,14,4,UVH7d,38,0.07,8100000.0,8.1,366,1024,0.357421875
01a0a57f-e612-73a0-a4c0-523ced5dc57c,d,D,QB19,14,4,UVH7d,39,0.07,8550000.0,8.55,350,1024,0.341796875
01a0a57f-e612-73a0-a4c0-523ced5dc57c,d,D,QB19,14,4,UVH7d,40,0.07,9000000.0,9.0,319,1024,0.3115234375
01a0a57f-e612-73a0-a4c0-523ced5dc57c,d,D,QB19,14,5,UVH8d,0,0.07,-9000000.0,-9.0,574,1024,0.560546875
01a0a57f-e612-73a0-a4c0-523ced5dc57c,d,D,QB19,14,5,UVH8d,1,0.07,-8550000.0,-8.55,551,1024,0.5380859375
01a0a57f-e612-73a0-a4c0-523ced5dc57c,d,D,QB19,14,5,UVH8d,2,0.07,-8100000.0,-8.1,569,1024,0.5556640625
01a0a57f-e612-73a0-a4c0-523ced5dc57c,d,D,QB19,14,5,UVH8d,3,0.07,-7650000.0,-7.65,532,1024,0.51953125
01a0a57f-e612-73a0-a4c0-523ced5dc57c,d,D,QB19,14,5,UVH8d,4,0.07,-7200000.0,-7.2,550,1024,0.537109375
01a0a57f-e612-73a0-a4c0-523ced5dc57c,d,D,QB19,14,5,UVH8d,5,0.07,-6750000.0,-6.75,525,1024,0.5126953125
01a0a57f-e612-73a0-a4c0-523ced5dc57c,d,D,QB19,14,5,UVH8d,6,0.07,-6300000.0,-6.3,516,1024,0.50390625
01a0a57f-e612-73a0-a4c0-523ced5dc57c,d,D,QB19,14,5,UVH8d,7,0.07,-5850000.0,-5.85,544,1024,0.53125
01a0a57f-e612-73a0-a4c0-523ced5dc57c,d,D,QB19,14,5,UVH8d,8,0.07,-5400000.0,-5.4,533,1024,0.5205078125
01a0a57f-e612-73a0-a4c0-523ced5dc57c,d,D,QB19,14,5,UVH8d,9,0.07,-4950000.0,-4.95,550,1024,0.537109375
01a0a57f-e612-73a0-a4c0-523ced5dc57c,d,D,QB19,14,5,UVH8d,10,0.07,-4500000.0,-4.5,515,1024,0.5029296875
01a0a57f-e612-73a0-a4c0-523ced5dc57c,d,D,QB19,14,5,UVH8d,11,0.07,-4050000.0,-4.05,504,1024,0.4921875
01a0a57f-e612-73a0-a4c0-523ced5dc57c,d,D,QB19,14,5,UVH8d,12,0.07,-3600000.0,-3.6,522,1024,0.509765625
01a0a57f-e612-73a0-a4c0-523ced5dc57c,d,D,QB19,14,5,UVH8d,13,0.07,-3150000.0,-3.15,526,1024,0.513671875
01a0a57f-e612-73a0-a4c0-523ced5dc57c,d,D,QB19,14,5,UVH8d,14,0.07,-2700000.0,-2.7,522,1024,0.509765625
01a0a57f-e612-73a0-a4c0-523ced5dc57c,d,D,QB19,14,5,UVH8d,15,0.07,-2250000.0,-2.25,516,1024,0.50390625
01a0a57f-e612-73a0-a4c0-523ced5dc57c,d,D,QB19,14,5,UVH8d,16,0.07,-1800000.0,-1.8,517,1024,0.5048828125
01a0a57f-e612-73a0-a4c0-523ced5dc57c,d,D,QB19,14,5,UVH8d,17,0.07,-1350000.0,-1.35,492,1024,0.48046875
01a0a57f-e612-73a0-a4c0-523ced5dc57c,d,D,QB19,14,5,UVH8d,18,0.07,-900000.0,-0.9,509,1024,0.4970703125
01a0a57f-e612-73a0-a4c0-523ced5dc57c,d,D,QB19,14,5,UVH8d,19,0.07,-450000.0,-0.45,504,1024,0.4921875
01a0a57f-e612-73a0-a4c0-523ced5dc57c,d,D,QB19,14,5,UVH8d,20,0.07,0.0,0.0,456,1024,0.4453125
01a0a57f-e612-73a0-a4c0-523ced5dc57c,d,D,QB19,14,5,UVH8d,21,0.07,450000.0,0.45,513,1024,0.5009765625
01a0a57f-e612-73a0-a4c0-523ced5dc57c,d,D,QB19,14,5,UVH8d,22,0.07,900000.0,0.9,474,1024,0.462890625
01a0a57f-e612-73a0-a4c0-523ced5dc57c,d,D,QB19,14,5,UVH8d,23,0.07,1350000.0,1.35,472,1024,0.4609375
01a0a57f-e612-73a0-a4c0-523ced5dc57c,d,D,QB19,14,5,UVH8d,24,0.07,1800000.0,1.8,491,1024,0.4794921875
01a0a57f-e612-73a0-a4c0-523ced5dc57c,d,D,QB19,14,5,UVH8d,25,0.07,2250000.0,2.25,474,1024,0.462890625
01a0a57f-e612-73a0-a4c0-523ced5dc57c,d,D,QB19,14,5,UVH8d,26,0.07,2700000.0,2.7,481,1024,0.4697265625
01a0a57f-e612-73a0-a4c0-523ced5dc57c,d,D,QB19,14,5,UVH8d,27,0.07,3150000.0,3.15,457,1024,0.4462890625
01a0a57f-e612-73a0-a4c0-523ced5dc57c,d,D,QB19,14,5,UVH8d,28,0.07,3600000.0,3.6,470,1024,0.458984375
01a0a57f-e612-73a0-a4c0-523ced5dc57c,d,D,QB19,14,5,UVH8d,29,0.07,4050000.0,4.05,470,1024,0.458984375
01a0a57f-e612-73a0-a4c0-523ced5dc57c,d,D,QB19,14,5,UVH8d,30,0.07,4500000.0,4.5,479,1024,0.4677734375
01a0a57f-e612-73a0-a4c0-523ced5dc57c,d,D,QB19,14,5,UVH8d,31,0.07,4950000.0,4.95,493,1024,0.4814453125
01a0a57f-e612-73a0-a4c0-523ced5dc57c,d,D,QB19,14,5,UVH8d,32,0.07,5400000.0,5.4,463,1024,0.4521484375
01a0a57f-e612-73a0-a4c0-523ced5dc57c,d,D,QB19,14,5,UVH8d,33,0.07,5850000.0,5.85,497,1024,0.4853515625
01a0a57f-e612-73a0-a4c0-523ced5dc57c,d,D,QB19,14,5,UVH8d,34,0.07,6300000.0,6.3,458,1024,0.447265625
01a0a57f-e612-73a0-a4c0-523ced5dc57c,d,D,QB19,14,5,UVH8d,35,0.07,6750000.0,6.75,485,1024,0.4736328125
01a0a57f-e612-73a0-a4c0-523ced5dc57c,d,D,QB19,14,5,UVH8d,36,0.07,7200000.0,7.2,435,1024,0.4248046875
01a0a57f-e612-73a0-a4c0-523ced5dc57c,d,D,QB19,14,5,UVH8d,37,0.07,7650000.0,7.65,480,1024,0.46875
01a0a57f-e612-73a0-a4c0-523ced5dc57c,d,D,QB19,14,5,UVH8d,38,0.07,8100000.0,8.1,443,1024,0.4326171875
01a0a57f-e612-73a0-a4c0-523ced5dc57c,d,D,QB19,14,5,UVH8d,39,0.07,8550000.0,8.55,452,1024,0.44140625
01a0a57f-e612-73a0-a4c0-523ced5dc57c,d,D,QB19,14,5,UVH8d,40,0.07,9000000.0,9.0,447,1024,0.4365234375
01a0a57f-e612-73a0-a4c0-523ced5dc57c,d,D,QB10,15,0,standard_pi_2,0,0.07,-9000000.0,-9.0,615,1024,0.6005859375
01a0a57f-e612-73a0-a4c0-523ced5dc57c,d,D,QB10,15,0,standard_pi_2,1,0.07,-8550000.0,-8.55,590,1024,0.576171875
01a0a57f-e612-73a0-a4c0-523ced5dc57c,d,D,QB10,15,0,standard_pi_2,2,0.07,-8100000.0,-8.1,606,1024,0.591796875
01a0a57f-e612-73a0-a4c0-523ced5dc57c,d,D,QB10,15,0,standard_pi_2,3,0.07,-7650000.0,-7.65,610,1024,0.595703125
01a0a57f-e612-73a0-a4c0-523ced5dc57c,d,D,QB10,15,0,standard_pi_2,4,0.07,-7200000.0,-7.2,601,1024,0.5869140625
01a0a57f-e612-73a0-a4c0-523ced5dc57c,d,D,QB10,15,0,standard_pi_2,5,0.07,-6750000.0,-6.75,598,1024,0.583984375
01a0a57f-e612-73a0-a4c0-523ced5dc57c,d,D,QB10,15,0,standard_pi_2,6,0.07,-6300000.0,-6.3,616,1024,0.6015625
01a0a57f-e612-73a0-a4c0-523ced5dc57c,d,D,QB10,15,0,standard_pi_2,7,0.07,-5850000.0,-5.85,600,1024,0.5859375
01a0a57f-e612-73a0-a4c0-523ced5dc57c,d,D,QB10,15,0,standard_pi_2,8,0.07,-5400000.0,-5.4,567,1024,0.5537109375
01a0a57f-e612-73a0-a4c0-523ced5dc57c,d,D,QB10,15,0,standard_pi_2,9,0.07,-4950000.0,-4.95,584,1024,0.5703125
01a0a57f-e612-73a0-a4c0-523ced5dc57c,d,D,QB10,15,0,standard_pi_2,10,0.07,-4500000.0,-4.5,595,1024,0.5810546875
01a0a57f-e612-73a0-a4c0-523ced5dc57c,d,D,QB10,15,0,standard_pi_2,11,0.07,-4050000.0,-4.05,603,1024,0.5888671875
01a0a57f-e612-73a0-a4c0-523ced5dc57c,d,D,QB10,15,0,standard_pi_2,12,0.07,-3600000.0,-3.6,613,1024,0.5986328125
01a0a57f-e612-73a0-a4c0-523ced5dc57c,d,D,QB10,15,0,standard_pi_2,13,0.07,-3150000.0,-3.15,603,1024,0.5888671875
01a0a57f-e612-73a0-a4c0-523ced5dc57c,d,D,QB10,15,0,standard_pi_2,14,0.07,-2700000.0,-2.7,591,1024,0.5771484375
01a0a57f-e612-73a0-a4c0-523ced5dc57c,d,D,QB10,15,0,standard_pi_2,15,0.07,-2250000.0,-2.25,573,1024,0.5595703125
01a0a57f-e612-73a0-a4c0-523ced5dc57c,d,D,QB10,15,0,standard_pi_2,16,0.07,-1800000.0,-1.8,591,1024,0.5771484375
01a0a57f-e612-73a0-a4c0-523ced5dc57c,d,D,QB10,15,0,standard_pi_2,17,0.07,-1350000.0,-1.35,592,1024,0.578125
01a0a57f-e612-73a0-a4c0-523ced5dc57c,d,D,QB10,15,0,standard_pi_2,18,0.07,-900000.0,-0.9,566,1024,0.552734375
01a0a57f-e612-73a0-a4c0-523ced5dc57c,d,D,QB10,15,0,standard_pi_2,19,0.07,-450000.0,-0.45,588,1024,0.57421875
01a0a57f-e612-73a0-a4c0-523ced5dc57c,d,D,QB10,15,0,standard_pi_2,20,0.07,0.0,0.0,547,1024,0.5341796875
01a0a57f-e612-73a0-a4c0-523ced5dc57c,d,D,QB10,15,0,standard_pi_2,21,0.07,450000.0,0.45,574,1024,0.560546875
01a0a57f-e612-73a0-a4c0-523ced5dc57c,d,D,QB10,15,0,standard_pi_2,22,0.07,900000.0,0.9,553,1024,0.5400390625
01a0a57f-e612-73a0-a4c0-523ced5dc57c,d,D,QB10,15,0,standard_pi_2,23,0.07,1350000.0,1.35,562,1024,0.548828125
01a0a57f-e612-73a0-a4c0-523ced5dc57c,d,D,QB10,15,0,standard_pi_2,24,0.07,1800000.0,1.8,565,1024,0.5517578125
01a0a57f-e612-73a0-a4c0-523ced5dc57c,d,D,QB10,15,0,standard_pi_2,25,0.07,2250000.0,2.25,560,1024,0.546875
01a0a57f-e612-73a0-a4c0-523ced5dc57c,d,D,QB10,15,0,standard_pi_2,26,0.07,2700000.0,2.7,541,1024,0.5283203125
01a0a57f-e612-73a0-a4c0-523ced5dc57c,d,D,QB10,15,0,standard_pi_2,27,0.07,3150000.0,3.15,553,1024,0.5400390625
01a0a57f-e612-73a0-a4c0-523ced5dc57c,d,D,QB10,15,0,standard_pi_2,28,0.07,3600000.0,3.6,507,1024,0.4951171875
01a0a57f-e612-73a0-a4c0-523ced5dc57c,d,D,QB10,15,0,standard_pi_2,29,0.07,4050000.0,4.05,513,1024,0.5009765625
01a0a57f-e612-73a0-a4c0-523ced5dc57c,d,D,QB10,15,0,standard_pi_2,30,0.07,4500000.0,4.5,533,1024,0.5205078125
01a0a57f-e612-73a0-a4c0-523ced5dc57c,d,D,QB10,15,0,standard_pi_2,31,0.07,4950000.0,4.95,545,1024,0.5322265625
01a0a57f-e612-73a0-a4c0-523ced5dc57c,d,D,QB10,15,0,standard_pi_2,32,0.07,5400000.0,5.4,505,1024,0.4931640625
01a0a57f-e612-73a0-a4c0-523ced5dc57c,d,D,QB10,15,0,standard_pi_2,33,0.07,5850000.0,5.85,520,1024,0.5078125
01a0a57f-e612-73a0-a4c0-523ced5dc57c,d,D,QB10,15,0,standard_pi_2,34,0.07,6300000.0,6.3,535,1024,0.5224609375
01a0a57f-e612-73a0-a4c0-523ced5dc57c,d,D,QB10,15,0,standard_pi_2,35,0.07,6750000.0,6.75,511,1024,0.4990234375
01a0a57f-e612-73a0-a4c0-523ced5dc57c,d,D,QB10,15,0,standard_pi_2,36,0.07,7200000.0,7.2,531,1024,0.5185546875
01a0a57f-e612-73a0-a4c0-523ced5dc57c,d,D,QB10,15,0,standard_pi_2,37,0.07,7650000.0,7.65,514,1024,0.501953125
01a0a57f-e612-73a0-a4c0-523ced5dc57c,d,D,QB10,15,0,standard_pi_2,38,0.07,8100000.0,8.1,501,1024,0.4892578125
01a0a57f-e612-73a0-a4c0-523ced5dc57c,d,D,QB10,15,0,standard_pi_2,39,0.07,8550000.0,8.55,499,1024,0.4873046875
01a0a57f-e612-73a0-a4c0-523ced5dc57c,d,D,QB10,15,0,standard_pi_2,40,0.07,9000000.0,9.0,482,1024,0.470703125
01a0a57f-e612-73a0-a4c0-523ced5dc57c,d,D,QB10,15,1,UVH4d,0,0.07,-9000000.0,-9.0,385,1024,0.3759765625
01a0a57f-e612-73a0-a4c0-523ced5dc57c,d,D,QB10,15,1,UVH4d,1,0.07,-8550000.0,-8.55,372,1024,0.36328125
01a0a57f-e612-73a0-a4c0-523ced5dc57c,d,D,QB10,15,1,UVH4d,2,0.07,-8100000.0,-8.1,372,1024,0.36328125
01a0a57f-e612-73a0-a4c0-523ced5dc57c,d,D,QB10,15,1,UVH4d,3,0.07,-7650000.0,-7.65,393,1024,0.3837890625
01a0a57f-e612-73a0-a4c0-523ced5dc57c,d,D,QB10,15,1,UVH4d,4,0.07,-7200000.0,-7.2,404,1024,0.39453125
01a0a57f-e612-73a0-a4c0-523ced5dc57c,d,D,QB10,15,1,UVH4d,5,0.07,-6750000.0,-6.75,393,1024,0.3837890625
01a0a57f-e612-73a0-a4c0-523ced5dc57c,d,D,QB10,15,1,UVH4d,6,0.07,-6300000.0,-6.3,420,1024,0.41015625
01a0a57f-e612-73a0-a4c0-523ced5dc57c,d,D,QB10,15,1,UVH4d,7,0.07,-5850000.0,-5.85,426,1024,0.416015625
01a0a57f-e612-73a0-a4c0-523ced5dc57c,d,D,QB10,15,1,UVH4d,8,0.07,-5400000.0,-5.4,426,1024,0.416015625
01a0a57f-e612-73a0-a4c0-523ced5dc57c,d,D,QB10,15,1,UVH4d,9,0.07,-4950000.0,-4.95,434,1024,0.423828125
01a0a57f-e612-73a0-a4c0-523ced5dc57c,d,D,QB10,15,1,UVH4d,10,0.07,-4500000.0,-4.5,435,1024,0.4248046875
01a0a57f-e612-73a0-a4c0-523ced5dc57c,d,D,QB10,15,1,UVH4d,11,0.07,-4050000.0,-4.05,426,1024,0.416015625
01a0a57f-e612-73a0-a4c0-523ced5dc57c,d,D,QB10,15,1,UVH4d,12,0.07,-3600000.0,-3.6,440,1024,0.4296875
01a0a57f-e612-73a0-a4c0-523ced5dc57c,d,D,QB10,15,1,UVH4d,13,0.07,-3150000.0,-3.15,461,1024,0.4501953125
01a0a57f-e612-73a0-a4c0-523ced5dc57c,d,D,QB10,15,1,UVH4d,14,0.07,-2700000.0,-2.7,488,1024,0.4765625
01a0a57f-e612-73a0-a4c0-523ced5dc57c,d,D,QB10,15,1,UVH4d,15,0.07,-2250000.0,-2.25,468,1024,0.45703125
01a0a57f-e612-73a0-a4c0-523ced5dc57c,d,D,QB10,15,1,UVH4d,16,0.07,-1800000.0,-1.8,481,1024,0.4697265625
01a0a57f-e612-73a0-a4c0-523ced5dc57c,d,D,QB10,15,1,UVH4d,17,0.07,-1350000.0,-1.35,511,1024,0.4990234375
01a0a57f-e612-73a0-a4c0-523ced5dc57c,d,D,QB10,15,1,UVH4d,18,0.07,-900000.0,-0.9,452,1024,0.44140625
01a0a57f-e612-73a0-a4c0-523ced5dc57c,d,D,QB10,15,1,UVH4d,19,0.07,-450000.0,-0.45,495,1024,0.4833984375
01a0a57f-e612-73a0-a4c0-523ced5dc57c,d,D,QB10,15,1,UVH4d,20,0.07,0.0,0.0,491,1024,0.4794921875
01a0a57f-e612-73a0-a4c0-523ced5dc57c,d,D,QB10,15,1,UVH4d,21,0.07,450000.0,0.45,478,1024,0.466796875
01a0a57f-e612-73a0-a4c0-523ced5dc57c,d,D,QB10,15,1,UVH4d,22,0.07,900000.0,0.9,485,1024,0.4736328125
01a0a57f-e612-73a0-a4c0-523ced5dc57c,d,D,QB10,15,1,UVH4d,23,0.07,1350000.0,1.35,510,1024,0.498046875
01a0a57f-e612-73a0-a4c0-523ced5dc57c,d,D,QB10,15,1,UVH4d,24,0.07,1800000.0,1.8,463,1024,0.4521484375
01a0a57f-e612-73a0-a4c0-523ced5dc57c,d,D,QB10,15,1,UVH4d,25,0.07,2250000.0,2.25,480,1024,0.46875
01a0a57f-e612-73a0-a4c0-523ced5dc57c,d,D,QB10,15,1,UVH4d,26,0.07,2700000.0,2.7,474,1024,0.462890625
01a0a57f-e612-73a0-a4c0-523ced5dc57c,d,D,QB10,15,1,UVH4d,27,0.07,3150000.0,3.15,479,1024,0.4677734375
01a0a57f-e612-73a0-a4c0-523ced5dc57c,d,D,QB10,15,1,UVH4d,28,0.07,3600000.0,3.6,464,1024,0.453125
01a0a57f-e612-73a0-a4c0-523ced5dc57c,d,D,QB10,15,1,UVH4d,29,0.07,4050000.0,4.05,486,1024,0.474609375
01a0a57f-e612-73a0-a4c0-523ced5dc57c,d,D,QB10,15,1,UVH4d,30,0.07,4500000.0,4.5,527,1024,0.5146484375
01a0a57f-e612-73a0-a4c0-523ced5dc57c,d,D,QB10,15,1,UVH4d,31,0.07,4950000.0,4.95,556,1024,0.54296875
01a0a57f-e612-73a0-a4c0-523ced5dc57c,d,D,QB10,15,1,UVH4d,32,0.07,5400000.0,5.4,533,1024,0.5205078125
01a0a57f-e612-73a0-a4c0-523ced5dc57c,d,D,QB10,15,1,UVH4d,33,0.07,5850000.0,5.85,566,1024,0.552734375
01a0a57f-e612-73a0-a4c0-523ced5dc57c,d,D,QB10,15,1,UVH4d,34,0.07,6300000.0,6.3,561,1024,0.5478515625
01a0a57f-e612-73a0-a4c0-523ced5dc57c,d,D,QB10,15,1,UVH4d,35,0.07,6750000.0,6.75,574,1024,0.560546875
01a0a57f-e612-73a0-a4c0-523ced5dc57c,d,D,QB10,15,1,UVH4d,36,0.07,7200000.0,7.2,565,1024,0.5517578125
01a0a57f-e612-73a0-a4c0-523ced5dc57c,d,D,QB10,15,1,UVH4d,37,0.07,7650000.0,7.65,566,1024,0.552734375
01a0a57f-e612-73a0-a4c0-523ced5dc57c,d,D,QB10,15,1,UVH4d,38,0.07,8100000.0,8.1,599,1024,0.5849609375
01a0a57f-e612-73a0-a4c0-523ced5dc57c,d,D,QB10,15,1,UVH4d,39,0.07,8550000.0,8.55,610,1024,0.595703125
01a0a57f-e612-73a0-a4c0-523ced5dc57c,d,D,QB10,15,1,UVH4d,40,0.07,9000000.0,9.0,637,1024,0.6220703125
01a0a57f-e612-73a0-a4c0-523ced5dc57c,d,D,QB10,15,2,UVH5d,0,0.07,-9000000.0,-9.0,154,1024,0.150390625
01a0a57f-e612-73a0-a4c0-523ced5dc57c,d,D,QB10,15,2,UVH5d,1,0.07,-8550000.0,-8.55,182,1024,0.177734375
01a0a57f-e612-73a0-a4c0-523ced5dc57c,d,D,QB10,15,2,UVH5d,2,0.07,-8100000.0,-8.1,203,1024,0.1982421875
01a0a57f-e612-73a0-a4c0-523ced5dc57c,d,D,QB10,15,2,UVH5d,3,0.07,-7650000.0,-7.65,253,1024,0.2470703125
01a0a57f-e612-73a0-a4c0-523ced5dc57c,d,D,QB10,15,2,UVH5d,4,0.07,-7200000.0,-7.2,233,1024,0.2275390625
01a0a57f-e612-73a0-a4c0-523ced5dc57c,d,D,QB10,15,2,UVH5d,5,0.07,-6750000.0,-6.75,285,1024,0.2783203125
01a0a57f-e612-73a0-a4c0-523ced5dc57c,d,D,QB10,15,2,UVH5d,6,0.07,-6300000.0,-6.3,321,1024,0.3134765625
01a0a57f-e612-73a0-a4c0-523ced5dc57c,d,D,QB10,15,2,UVH5d,7,0.07,-5850000.0,-5.85,322,1024,0.314453125
01a0a57f-e612-73a0-a4c0-523ced5dc57c,d,D,QB10,15,2,UVH5d,8,0.07,-5400000.0,-5.4,388,1024,0.37890625
01a0a57f-e612-73a0-a4c0-523ced5dc57c,d,D,QB10,15,2,UVH5d,9,0.07,-4950000.0,-4.95,405,1024,0.3955078125
01a0a57f-e612-73a0-a4c0-523ced5dc57c,d,D,QB10,15,2,UVH5d,10,0.07,-4500000.0,-4.5,409,1024,0.3994140625
01a0a57f-e612-73a0-a4c0-523ced5dc57c,d,D,QB10,15,2,UVH5d,11,0.07,-4050000.0,-4.05,424,1024,0.4140625
01a0a57f-e612-73a0-a4c0-523ced5dc57c,d,D,QB10,15,2,UVH5d,12,0.07,-3600000.0,-3.6,464,1024,0.453125
01a0a57f-e612-73a0-a4c0-523ced5dc57c,d,D,QB10,15,2,UVH5d,13,0.07,-3150000.0,-3.15,491,1024,0.4794921875
01a0a57f-e612-73a0-a4c0-523ced5dc57c,d,D,QB10,15,2,UVH5d,14,0.07,-2700000.0,-2.7,485,1024,0.4736328125
01a0a57f-e612-73a0-a4c0-523ced5dc57c,d,D,QB10,15,2,UVH5d,15,0.07,-2250000.0,-2.25,520,1024,0.5078125
01a0a57f-e612-73a0-a4c0-523ced5dc57c,d,D,QB10,15,2,UVH5d,16,0.07,-1800000.0,-1.8,519,1024,0.5068359375
01a0a57f-e612-73a0-a4c0-523ced5dc57c,d,D,QB10,15,2,UVH5d,17,0.07,-1350000.0,-1.35,517,1024,0.5048828125
01a0a57f-e612-73a0-a4c0-523ced5dc57c,d,D,QB10,15,2,UVH5d,18,0.07,-900000.0,-0.9,508,1024,0.49609375
01a0a57f-e612-73a0-a4c0-523ced5dc57c,d,D,QB10,15,2,UVH5d,19,0.07,-450000.0,-0.45,553,1024,0.5400390625
01a0a57f-e612-73a0-a4c0-523ced5dc57c,d,D,QB10,15,2,UVH5d,20,0.07,0.0,0.0,533,1024,0.5205078125
01a0a57f-e612-73a0-a4c0-523ced5dc57c,d,D,QB10,15,2,UVH5d,21,0.07,450000.0,0.45,540,1024,0.52734375
01a0a57f-e612-73a0-a4c0-523ced5dc57c,d,D,QB10,15,2,UVH5d,22,0.07,900000.0,0.9,503,1024,0.4912109375
01a0a57f-e612-73a0-a4c0-523ced5dc57c,d,D,QB10,15,2,UVH5d,23,0.07,1350000.0,1.35,501,1024,0.4892578125
01a0a57f-e612-73a0-a4c0-523ced5dc57c,d,D,QB10,15,2,UVH5d,24,0.07,1800000.0,1.8,469,1024,0.4580078125
01a0a57f-e612-73a0-a4c0-523ced5dc57c,d,D,QB10,15,2,UVH5d,25,0.07,2250000.0,2.25,485,1024,0.4736328125
01a0a57f-e612-73a0-a4c0-523ced5dc57c,d,D,QB10,15,2,UVH5d,26,0.07,2700000.0,2.7,487,1024,0.4755859375
01a0a57f-e612-73a0-a4c0-523ced5dc57c,d,D,QB10,15,2,UVH5d,27,0.07,3150000.0,3.15,493,1024,0.4814453125
01a0a57f-e612-73a0-a4c0-523ced5dc57c,d,D,QB10,15,2,UVH5d,28,0.07,3600000.0,3.6,490,1024,0.478515625
01a0a57f-e612-73a0-a4c0-523ced5dc57c,d,D,QB10,15,2,UVH5d,29,0.07,4050000.0,4.05,492,1024,0.48046875
01a0a57f-e612-73a0-a4c0-523ced5dc57c,d,D,QB10,15,2,UVH5d,30,0.07,4500000.0,4.5,491,1024,0.4794921875
01a0a57f-e612-73a0-a4c0-523ced5dc57c,d,D,QB10,15,2,UVH5d,31,0.07,4950000.0,4.95,517,1024,0.5048828125
01a0a57f-e612-73a0-a4c0-523ced5dc57c,d,D,QB10,15,2,UVH5d,32,0.07,5400000.0,5.4,496,1024,0.484375
01a0a57f-e612-73a0-a4c0-523ced5dc57c,d,D,QB10,15,2,UVH5d,33,0.07,5850000.0,5.85,533,1024,0.5205078125
01a0a57f-e612-73a0-a4c0-523ced5dc57c,d,D,QB10,15,2,UVH5d,34,0.07,6300000.0,6.3,492,1024,0.48046875
01a0a57f-e612-73a0-a4c0-523ced5dc57c,d,D,QB10,15,2,UVH5d,35,0.07,6750000.0,6.75,522,1024,0.509765625
01a0a57f-e612-73a0-a4c0-523ced5dc57c,d,D,QB10,15,2,UVH5d,36,0.07,7200000.0,7.2,511,1024,0.4990234375
01a0a57f-e612-73a0-a4c0-523ced5dc57c,d,D,QB10,15,2,UVH5d,37,0.07,7650000.0,7.65,540,1024,0.52734375
01a0a57f-e612-73a0-a4c0-523ced5dc57c,d,D,QB10,15,2,UVH5d,38,0.07,8100000.0,8.1,529,1024,0.5166015625
01a0a57f-e612-73a0-a4c0-523ced5dc57c,d,D,QB10,15,2,UVH5d,39,0.07,8550000.0,8.55,542,1024,0.529296875
01a0a57f-e612-73a0-a4c0-523ced5dc57c,d,D,QB10,15,2,UVH5d,40,0.07,9000000.0,9.0,505,1024,0.4931640625
01a0a57f-e612-73a0-a4c0-523ced5dc57c,d,D,QB10,15,3,UVH6d,0,0.07,-9000000.0,-9.0,566,1024,0.552734375
01a0a57f-e612-73a0-a4c0-523ced5dc57c,d,D,QB10,15,3,UVH6d,1,0.07,-8550000.0,-8.55,563,1024,0.5498046875
01a0a57f-e612-73a0-a4c0-523ced5dc57c,d,D,QB10,15,3,UVH6d,2,0.07,-8100000.0,-8.1,521,1024,0.5087890625
01a0a57f-e612-73a0-a4c0-523ced5dc57c,d,D,QB10,15,3,UVH6d,3,0.07,-7650000.0,-7.65,554,1024,0.541015625
01a0a57f-e612-73a0-a4c0-523ced5dc57c,d,D,QB10,15,3,UVH6d,4,0.07,-7200000.0,-7.2,585,1024,0.5712890625
01a0a57f-e612-73a0-a4c0-523ced5dc57c,d,D,QB10,15,3,UVH6d,5,0.07,-6750000.0,-6.75,553,1024,0.5400390625
01a0a57f-e612-73a0-a4c0-523ced5dc57c,d,D,QB10,15,3,UVH6d,6,0.07,-6300000.0,-6.3,521,1024,0.5087890625
01a0a57f-e612-73a0-a4c0-523ced5dc57c,d,D,QB10,15,3,UVH6d,7,0.07,-5850000.0,-5.85,524,1024,0.51171875
01a0a57f-e612-73a0-a4c0-523ced5dc57c,d,D,QB10,15,3,UVH6d,8,0.07,-5400000.0,-5.4,493,1024,0.4814453125
01a0a57f-e612-73a0-a4c0-523ced5dc57c,d,D,QB10,15,3,UVH6d,9,0.07,-4950000.0,-4.95,508,1024,0.49609375
01a0a57f-e612-73a0-a4c0-523ced5dc57c,d,D,QB10,15,3,UVH6d,10,0.07,-4500000.0,-4.5,507,1024,0.4951171875
01a0a57f-e612-73a0-a4c0-523ced5dc57c,d,D,QB10,15,3,UVH6d,11,0.07,-4050000.0,-4.05,530,1024,0.517578125
01a0a57f-e612-73a0-a4c0-523ced5dc57c,d,D,QB10,15,3,UVH6d,12,0.07,-3600000.0,-3.6,518,1024,0.505859375
01a0a57f-e612-73a0-a4c0-523ced5dc57c,d,D,QB10,15,3,UVH6d,13,0.07,-3150000.0,-3.15,505,1024,0.4931640625
01a0a57f-e612-73a0-a4c0-523ced5dc57c,d,D,QB10,15,3,UVH6d,14,0.07,-2700000.0,-2.7,521,1024,0.5087890625
01a0a57f-e612-73a0-a4c0-523ced5dc57c,d,D,QB10,15,3,UVH6d,15,0.07,-2250000.0,-2.25,518,1024,0.505859375
01a0a57f-e612-73a0-a4c0-523ced5dc57c,d,D,QB10,15,3,UVH6d,16,0.07,-1800000.0,-1.8,520,1024,0.5078125
01a0a57f-e612-73a0-a4c0-523ced5dc57c,d,D,QB10,15,3,UVH6d,17,0.07,-1350000.0,-1.35,517,1024,0.5048828125
01a0a57f-e612-73a0-a4c0-523ced5dc57c,d,D,QB10,15,3,UVH6d,18,0.07,-900000.0,-0.9,539,1024,0.5263671875
01a0a57f-e612-73a0-a4c0-523ced5dc57c,d,D,QB10,15,3,UVH6d,19,0.07,-450000.0,-0.45,512,1024,0.5
01a0a57f-e612-73a0-a4c0-523ced5dc57c,d,D,QB10,15,3,UVH6d,20,0.07,0.0,0.0,525,1024,0.5126953125
01a0a57f-e612-73a0-a4c0-523ced5dc57c,d,D,QB10,15,3,UVH6d,21,0.07,450000.0,0.45,506,1024,0.494140625
01a0a57f-e612-73a0-a4c0-523ced5dc57c,d,D,QB10,15,3,UVH6d,22,0.07,900000.0,0.9,537,1024,0.5244140625
01a0a57f-e612-73a0-a4c0-523ced5dc57c,d,D,QB10,15,3,UVH6d,23,0.07,1350000.0,1.35,532,1024,0.51953125
01a0a57f-e612-73a0-a4c0-523ced5dc57c,d,D,QB10,15,3,UVH6d,24,0.07,1800000.0,1.8,548,1024,0.53515625
01a0a57f-e612-73a0-a4c0-523ced5dc57c,d,D,QB10,15,3,UVH6d,25,0.07,2250000.0,2.25,515,1024,0.5029296875
01a0a57f-e612-73a0-a4c0-523ced5dc57c,d,D,QB10,15,3,UVH6d,26,0.07,2700000.0,2.7,522,1024,0.509765625
01a0a57f-e612-73a0-a4c0-523ced5dc57c,d,D,QB10,15,3,UVH6d,27,0.07,3150000.0,3.15,508,1024,0.49609375
01a0a57f-e612-73a0-a4c0-523ced5dc57c,d,D,QB10,15,3,UVH6d,28,0.07,3600000.0,3.6,550,1024,0.537109375
01a0a57f-e612-73a0-a4c0-523ced5dc57c,d,D,QB10,15,3,UVH6d,29,0.07,4050000.0,4.05,528,1024,0.515625
01a0a57f-e612-73a0-a4c0-523ced5dc57c,d,D,QB10,15,3,UVH6d,30,0.07,4500000.0,4.5,498,1024,0.486328125
01a0a57f-e612-73a0-a4c0-523ced5dc57c,d,D,QB10,15,3,UVH6d,31,0.07,4950000.0,4.95,509,1024,0.4970703125
01a0a57f-e612-73a0-a4c0-523ced5dc57c,d,D,QB10,15,3,UVH6d,32,0.07,5400000.0,5.4,557,1024,0.5439453125
01a0a57f-e612-73a0-a4c0-523ced5dc57c,d,D,QB10,15,3,UVH6d,33,0.07,5850000.0,5.85,515,1024,0.5029296875
01a0a57f-e612-73a0-a4c0-523ced5dc57c,d,D,QB10,15,3,UVH6d,34,0.07,6300000.0,6.3,535,1024,0.5224609375
01a0a57f-e612-73a0-a4c0-523ced5dc57c,d,D,QB10,15,3,UVH6d,35,0.07,6750000.0,6.75,558,1024,0.544921875
01a0a57f-e612-73a0-a4c0-523ced5dc57c,d,D,QB10,15,3,UVH6d,36,0.07,7200000.0,7.2,570,1024,0.556640625
01a0a57f-e612-73a0-a4c0-523ced5dc57c,d,D,QB10,15,3,UVH6d,37,0.07,7650000.0,7.65,586,1024,0.572265625
01a0a57f-e612-73a0-a4c0-523ced5dc57c,d,D,QB10,15,3,UVH6d,38,0.07,8100000.0,8.1,585,1024,0.5712890625
01a0a57f-e612-73a0-a4c0-523ced5dc57c,d,D,QB10,15,3,UVH6d,39,0.07,8550000.0,8.55,625,1024,0.6103515625
01a0a57f-e612-73a0-a4c0-523ced5dc57c,d,D,QB10,15,3,UVH6d,40,0.07,9000000.0,9.0,661,1024,0.6455078125
01a0a57f-e612-73a0-a4c0-523ced5dc57c,d,D,QB10,15,4,UVH7d,0,0.07,-9000000.0,-9.0,604,1024,0.58984375
01a0a57f-e612-73a0-a4c0-523ced5dc57c,d,D,QB10,15,4,UVH7d,1,0.07,-8550000.0,-8.55,547,1024,0.5341796875
01a0a57f-e612-73a0-a4c0-523ced5dc57c,d,D,QB10,15,4,UVH7d,2,0.07,-8100000.0,-8.1,542,1024,0.529296875
01a0a57f-e612-73a0-a4c0-523ced5dc57c,d,D,QB10,15,4,UVH7d,3,0.07,-7650000.0,-7.65,527,1024,0.5146484375
01a0a57f-e612-73a0-a4c0-523ced5dc57c,d,D,QB10,15,4,UVH7d,4,0.07,-7200000.0,-7.2,553,1024,0.5400390625
01a0a57f-e612-73a0-a4c0-523ced5dc57c,d,D,QB10,15,4,UVH7d,5,0.07,-6750000.0,-6.75,541,1024,0.5283203125
01a0a57f-e612-73a0-a4c0-523ced5dc57c,d,D,QB10,15,4,UVH7d,6,0.07,-6300000.0,-6.3,529,1024,0.5166015625
01a0a57f-e612-73a0-a4c0-523ced5dc57c,d,D,QB10,15,4,UVH7d,7,0.07,-5850000.0,-5.85,539,1024,0.5263671875
01a0a57f-e612-73a0-a4c0-523ced5dc57c,d,D,QB10,15,4,UVH7d,8,0.07,-5400000.0,-5.4,552,1024,0.5390625
01a0a57f-e612-73a0-a4c0-523ced5dc57c,d,D,QB10,15,4,UVH7d,9,0.07,-4950000.0,-4.95,507,1024,0.4951171875
01a0a57f-e612-73a0-a4c0-523ced5dc57c,d,D,QB10,15,4,UVH7d,10,0.07,-4500000.0,-4.5,505,1024,0.4931640625
01a0a57f-e612-73a0-a4c0-523ced5dc57c,d,D,QB10,15,4,UVH7d,11,0.07,-4050000.0,-4.05,519,1024,0.5068359375
01a0a57f-e612-73a0-a4c0-523ced5dc57c,d,D,QB10,15,4,UVH7d,12,0.07,-3600000.0,-3.6,518,1024,0.505859375
01a0a57f-e612-73a0-a4c0-523ced5dc57c,d,D,QB10,15,4,UVH7d,13,0.07,-3150000.0,-3.15,506,1024,0.494140625
01a0a57f-e612-73a0-a4c0-523ced5dc57c,d,D,QB10,15,4,UVH7d,14,0.07,-2700000.0,-2.7,508,1024,0.49609375
01a0a57f-e612-73a0-a4c0-523ced5dc57c,d,D,QB10,15,4,UVH7d,15,0.07,-2250000.0,-2.25,532,1024,0.51953125
01a0a57f-e612-73a0-a4c0-523ced5dc57c,d,D,QB10,15,4,UVH7d,16,0.07,-1800000.0,-1.8,519,1024,0.5068359375
01a0a57f-e612-73a0-a4c0-523ced5dc57c,d,D,QB10,15,4,UVH7d,17,0.07,-1350000.0,-1.35,479,1024,0.4677734375
01a0a57f-e612-73a0-a4c0-523ced5dc57c,d,D,QB10,15,4,UVH7d,18,0.07,-900000.0,-0.9,515,1024,0.5029296875
01a0a57f-e612-73a0-a4c0-523ced5dc57c,d,D,QB10,15,4,UVH7d,19,0.07,-450000.0,-0.45,500,1024,0.48828125
01a0a57f-e612-73a0-a4c0-523ced5dc57c,d,D,QB10,15,4,UVH7d,20,0.07,0.0,0.0,519,1024,0.5068359375
01a0a57f-e612-73a0-a4c0-523ced5dc57c,d,D,QB10,15,4,UVH7d,21,0.07,450000.0,0.45,494,1024,0.482421875
01a0a57f-e612-73a0-a4c0-523ced5dc57c,d,D,QB10,15,4,UVH7d,22,0.07,900000.0,0.9,503,1024,0.4912109375
01a0a57f-e612-73a0-a4c0-523ced5dc57c,d,D,QB10,15,4,UVH7d,23,0.07,1350000.0,1.35,484,1024,0.47265625
01a0a57f-e612-73a0-a4c0-523ced5dc57c,d,D,QB10,15,4,UVH7d,24,0.07,1800000.0,1.8,492,1024,0.48046875
01a0a57f-e612-73a0-a4c0-523ced5dc57c,d,D,QB10,15,4,UVH7d,25,0.07,2250000.0,2.25,498,1024,0.486328125
01a0a57f-e612-73a0-a4c0-523ced5dc57c,d,D,QB10,15,4,UVH7d,26,0.07,2700000.0,2.7,476,1024,0.46484375
01a0a57f-e612-73a0-a4c0-523ced5dc57c,d,D,QB10,15,4,UVH7d,27,0.07,3150000.0,3.15,507,1024,0.4951171875
01a0a57f-e612-73a0-a4c0-523ced5dc57c,d,D,QB10,15,4,UVH7d,28,0.07,3600000.0,3.6,483,1024,0.4716796875
01a0a57f-e612-73a0-a4c0-523ced5dc57c,d,D,QB10,15,4,UVH7d,29,0.07,4050000.0,4.05,488,1024,0.4765625
01a0a57f-e612-73a0-a4c0-523ced5dc57c,d,D,QB10,15,4,UVH7d,30,0.07,4500000.0,4.5,470,1024,0.458984375
01a0a57f-e612-73a0-a4c0-523ced5dc57c,d,D,QB10,15,4,UVH7d,31,0.07,4950000.0,4.95,477,1024,0.4658203125
01a0a57f-e612-73a0-a4c0-523ced5dc57c,d,D,QB10,15,4,UVH7d,32,0.07,5400000.0,5.4,446,1024,0.435546875
01a0a57f-e612-73a0-a4c0-523ced5dc57c,d,D,QB10,15,4,UVH7d,33,0.07,5850000.0,5.85,467,1024,0.4560546875
01a0a57f-e612-73a0-a4c0-523ced5dc57c,d,D,QB10,15,4,UVH7d,34,0.07,6300000.0,6.3,457,1024,0.4462890625
01a0a57f-e612-73a0-a4c0-523ced5dc57c,d,D,QB10,15,4,UVH7d,35,0.07,6750000.0,6.75,435,1024,0.4248046875
01a0a57f-e612-73a0-a4c0-523ced5dc57c,d,D,QB10,15,4,UVH7d,36,0.07,7200000.0,7.2,399,1024,0.3896484375
01a0a57f-e612-73a0-a4c0-523ced5dc57c,d,D,QB10,15,4,UVH7d,37,0.07,7650000.0,7.65,404,1024,0.39453125
01a0a57f-e612-73a0-a4c0-523ced5dc57c,d,D,QB10,15,4,UVH7d,38,0.07,8100000.0,8.1,392,1024,0.3828125
01a0a57f-e612-73a0-a4c0-523ced5dc57c,d,D,QB10,15,4,UVH7d,39,0.07,8550000.0,8.55,397,1024,0.3876953125
01a0a57f-e612-73a0-a4c0-523ced5dc57c,d,D,QB10,15,4,UVH7d,40,0.07,9000000.0,9.0,353,1024,0.3447265625
01a0a57f-e612-73a0-a4c0-523ced5dc57c,d,D,QB10,15,5,UVH8d,0,0.07,-9000000.0,-9.0,519,1024,0.5068359375
01a0a57f-e612-73a0-a4c0-523ced5dc57c,d,D,QB10,15,5,UVH8d,1,0.07,-8550000.0,-8.55,514,1024,0.501953125
01a0a57f-e612-73a0-a4c0-523ced5dc57c,d,D,QB10,15,5,UVH8d,2,0.07,-8100000.0,-8.1,512,1024,0.5
01a0a57f-e612-73a0-a4c0-523ced5dc57c,d,D,QB10,15,5,UVH8d,3,0.07,-7650000.0,-7.65,498,1024,0.486328125
01a0a57f-e612-73a0-a4c0-523ced5dc57c,d,D,QB10,15,5,UVH8d,4,0.07,-7200000.0,-7.2,517,1024,0.5048828125
01a0a57f-e612-73a0-a4c0-523ced5dc57c,d,D,QB10,15,5,UVH8d,5,0.07,-6750000.0,-6.75,495,1024,0.4833984375
01a0a57f-e612-73a0-a4c0-523ced5dc57c,d,D,QB10,15,5,UVH8d,6,0.07,-6300000.0,-6.3,486,1024,0.474609375
01a0a57f-e612-73a0-a4c0-523ced5dc57c,d,D,QB10,15,5,UVH8d,7,0.07,-5850000.0,-5.85,514,1024,0.501953125
01a0a57f-e612-73a0-a4c0-523ced5dc57c,d,D,QB10,15,5,UVH8d,8,0.07,-5400000.0,-5.4,508,1024,0.49609375
01a0a57f-e612-73a0-a4c0-523ced5dc57c,d,D,QB10,15,5,UVH8d,9,0.07,-4950000.0,-4.95,506,1024,0.494140625
01a0a57f-e612-73a0-a4c0-523ced5dc57c,d,D,QB10,15,5,UVH8d,10,0.07,-4500000.0,-4.5,493,1024,0.4814453125
01a0a57f-e612-73a0-a4c0-523ced5dc57c,d,D,QB10,15,5,UVH8d,11,0.07,-4050000.0,-4.05,503,1024,0.4912109375
01a0a57f-e612-73a0-a4c0-523ced5dc57c,d,D,QB10,15,5,UVH8d,12,0.07,-3600000.0,-3.6,451,1024,0.4404296875
01a0a57f-e612-73a0-a4c0-523ced5dc57c,d,D,QB10,15,5,UVH8d,13,0.07,-3150000.0,-3.15,483,1024,0.4716796875
01a0a57f-e612-73a0-a4c0-523ced5dc57c,d,D,QB10,15,5,UVH8d,14,0.07,-2700000.0,-2.7,493,1024,0.4814453125
01a0a57f-e612-73a0-a4c0-523ced5dc57c,d,D,QB10,15,5,UVH8d,15,0.07,-2250000.0,-2.25,510,1024,0.498046875
01a0a57f-e612-73a0-a4c0-523ced5dc57c,d,D,QB10,15,5,UVH8d,16,0.07,-1800000.0,-1.8,497,1024,0.4853515625
01a0a57f-e612-73a0-a4c0-523ced5dc57c,d,D,QB10,15,5,UVH8d,17,0.07,-1350000.0,-1.35,491,1024,0.4794921875
01a0a57f-e612-73a0-a4c0-523ced5dc57c,d,D,QB10,15,5,UVH8d,18,0.07,-900000.0,-0.9,494,1024,0.482421875
01a0a57f-e612-73a0-a4c0-523ced5dc57c,d,D,QB10,15,5,UVH8d,19,0.07,-450000.0,-0.45,502,1024,0.490234375
01a0a57f-e612-73a0-a4c0-523ced5dc57c,d,D,QB10,15,5,UVH8d,20,0.07,0.0,0.0,510,1024,0.498046875
01a0a57f-e612-73a0-a4c0-523ced5dc57c,d,D,QB10,15,5,UVH8d,21,0.07,450000.0,0.45,482,1024,0.470703125
01a0a57f-e612-73a0-a4c0-523ced5dc57c,d,D,QB10,15,5,UVH8d,22,0.07,900000.0,0.9,492,1024,0.48046875
01a0a57f-e612-73a0-a4c0-523ced5dc57c,d,D,QB10,15,5,UVH8d,23,0.07,1350000.0,1.35,504,1024,0.4921875
01a0a57f-e612-73a0-a4c0-523ced5dc57c,d,D,QB10,15,5,UVH8d,24,0.07,1800000.0,1.8,521,1024,0.5087890625
01a0a57f-e612-73a0-a4c0-523ced5dc57c,d,D,QB10,15,5,UVH8d,25,0.07,2250000.0,2.25,505,1024,0.4931640625
01a0a57f-e612-73a0-a4c0-523ced5dc57c,d,D,QB10,15,5,UVH8d,26,0.07,2700000.0,2.7,501,1024,0.4892578125
01a0a57f-e612-73a0-a4c0-523ced5dc57c,d,D,QB10,15,5,UVH8d,27,0.07,3150000.0,3.15,510,1024,0.498046875
01a0a57f-e612-73a0-a4c0-523ced5dc57c,d,D,QB10,15,5,UVH8d,28,0.07,3600000.0,3.6,512,1024,0.5
01a0a57f-e612-73a0-a4c0-523ced5dc57c,d,D,QB10,15,5,UVH8d,29,0.07,4050000.0,4.05,500,1024,0.48828125
01a0a57f-e612-73a0-a4c0-523ced5dc57c,d,D,QB10,15,5,UVH8d,30,0.07,4500000.0,4.5,514,1024,0.501953125
01a0a57f-e612-73a0-a4c0-523ced5dc57c,d,D,QB10,15,5,UVH8d,31,0.07,4950000.0,4.95,511,1024,0.4990234375
01a0a57f-e612-73a0-a4c0-523ced5dc57c,d,D,QB10,15,5,UVH8d,32,0.07,5400000.0,5.4,502,1024,0.490234375
01a0a57f-e612-73a0-a4c0-523ced5dc57c,d,D,QB10,15,5,UVH8d,33,0.07,5850000.0,5.85,524,1024,0.51171875
01a0a57f-e612-73a0-a4c0-523ced5dc57c,d,D,QB10,15,5,UVH8d,34,0.07,6300000.0,6.3,497,1024,0.4853515625
01a0a57f-e612-73a0-a4c0-523ced5dc57c,d,D,QB10,15,5,UVH8d,35,0.07,6750000.0,6.75,498,1024,0.486328125
01a0a57f-e612-73a0-a4c0-523ced5dc57c,d,D,QB10,15,5,UVH8d,36,0.07,7200000.0,7.2,481,1024,0.4697265625
01a0a57f-e612-73a0-a4c0-523ced5dc57c,d,D,QB10,15,5,UVH8d,37,0.07,7650000.0,7.65,494,1024,0.482421875
01a0a57f-e612-73a0-a4c0-523ced5dc57c,d,D,QB10,15,5,UVH8d,38,0.07,8100000.0,8.1,499,1024,0.4873046875
01a0a57f-e612-73a0-a4c0-523ced5dc57c,d,D,QB10,15,5,UVH8d,39,0.07,8550000.0,8.55,485,1024,0.4736328125
01a0a57f-e612-73a0-a4c0-523ced5dc57c,d,D,QB10,15,5,UVH8d,40,0.07,9000000.0,9.0,477,1024,0.4658203125
01a0a57f-e612-73a0-a4c0-523ced5dc57c,d,D,QB12,16,0,standard_pi_2,0,0.07,-9000000.0,-9.0,523,1024,0.5107421875
01a0a57f-e612-73a0-a4c0-523ced5dc57c,d,D,QB12,16,0,standard_pi_2,1,0.07,-8550000.0,-8.55,580,1024,0.56640625
01a0a57f-e612-73a0-a4c0-523ced5dc57c,d,D,QB12,16,0,standard_pi_2,2,0.07,-8100000.0,-8.1,519,1024,0.5068359375
01a0a57f-e612-73a0-a4c0-523ced5dc57c,d,D,QB12,16,0,standard_pi_2,3,0.07,-7650000.0,-7.65,543,1024,0.5302734375
01a0a57f-e612-73a0-a4c0-523ced5dc57c,d,D,QB12,16,0,standard_pi_2,4,0.07,-7200000.0,-7.2,559,1024,0.5458984375
01a0a57f-e612-73a0-a4c0-523ced5dc57c,d,D,QB12,16,0,standard_pi_2,5,0.07,-6750000.0,-6.75,542,1024,0.529296875
01a0a57f-e612-73a0-a4c0-523ced5dc57c,d,D,QB12,16,0,standard_pi_2,6,0.07,-6300000.0,-6.3,568,1024,0.5546875
01a0a57f-e612-73a0-a4c0-523ced5dc57c,d,D,QB12,16,0,standard_pi_2,7,0.07,-5850000.0,-5.85,562,1024,0.548828125
01a0a57f-e612-73a0-a4c0-523ced5dc57c,d,D,QB12,16,0,standard_pi_2,8,0.07,-5400000.0,-5.4,526,1024,0.513671875
01a0a57f-e612-73a0-a4c0-523ced5dc57c,d,D,QB12,16,0,standard_pi_2,9,0.07,-4950000.0,-4.95,516,1024,0.50390625
01a0a57f-e612-73a0-a4c0-523ced5dc57c,d,D,QB12,16,0,standard_pi_2,10,0.07,-4500000.0,-4.5,544,1024,0.53125
01a0a57f-e612-73a0-a4c0-523ced5dc57c,d,D,QB12,16,0,standard_pi_2,11,0.07,-4050000.0,-4.05,507,1024,0.4951171875
01a0a57f-e612-73a0-a4c0-523ced5dc57c,d,D,QB12,16,0,standard_pi_2,12,0.07,-3600000.0,-3.6,521,1024,0.5087890625
01a0a57f-e612-73a0-a4c0-523ced5dc57c,d,D,QB12,16,0,standard_pi_2,13,0.07,-3150000.0,-3.15,560,1024,0.546875
01a0a57f-e612-73a0-a4c0-523ced5dc57c,d,D,QB12,16,0,standard_pi_2,14,0.07,-2700000.0,-2.7,539,1024,0.5263671875
01a0a57f-e612-73a0-a4c0-523ced5dc57c,d,D,QB12,16,0,standard_pi_2,15,0.07,-2250000.0,-2.25,501,1024,0.4892578125
01a0a57f-e612-73a0-a4c0-523ced5dc57c,d,D,QB12,16,0,standard_pi_2,16,0.07,-1800000.0,-1.8,545,1024,0.5322265625
01a0a57f-e612-73a0-a4c0-523ced5dc57c,d,D,QB12,16,0,standard_pi_2,17,0.07,-1350000.0,-1.35,516,1024,0.50390625
01a0a57f-e612-73a0-a4c0-523ced5dc57c,d,D,QB12,16,0,standard_pi_2,18,0.07,-900000.0,-0.9,524,1024,0.51171875
01a0a57f-e612-73a0-a4c0-523ced5dc57c,d,D,QB12,16,0,standard_pi_2,19,0.07,-450000.0,-0.45,478,1024,0.466796875
01a0a57f-e612-73a0-a4c0-523ced5dc57c,d,D,QB12,16,0,standard_pi_2,20,0.07,0.0,0.0,510,1024,0.498046875
01a0a57f-e612-73a0-a4c0-523ced5dc57c,d,D,QB12,16,0,standard_pi_2,21,0.07,450000.0,0.45,521,1024,0.5087890625
01a0a57f-e612-73a0-a4c0-523ced5dc57c,d,D,QB12,16,0,standard_pi_2,22,0.07,900000.0,0.9,530,1024,0.517578125
01a0a57f-e612-73a0-a4c0-523ced5dc57c,d,D,QB12,16,0,standard_pi_2,23,0.07,1350000.0,1.35,535,1024,0.5224609375
01a0a57f-e612-73a0-a4c0-523ced5dc57c,d,D,QB12,16,0,standard_pi_2,24,0.07,1800000.0,1.8,518,1024,0.505859375
01a0a57f-e612-73a0-a4c0-523ced5dc57c,d,D,QB12,16,0,standard_pi_2,25,0.07,2250000.0,2.25,520,1024,0.5078125
01a0a57f-e612-73a0-a4c0-523ced5dc57c,d,D,QB12,16,0,standard_pi_2,26,0.07,2700000.0,2.7,484,1024,0.47265625
01a0a57f-e612-73a0-a4c0-523ced5dc57c,d,D,QB12,16,0,standard_pi_2,27,0.07,3150000.0,3.15,479,1024,0.4677734375
01a0a57f-e612-73a0-a4c0-523ced5dc57c,d,D,QB12,16,0,standard_pi_2,28,0.07,3600000.0,3.6,481,1024,0.4697265625
01a0a57f-e612-73a0-a4c0-523ced5dc57c,d,D,QB12,16,0,standard_pi_2,29,0.07,4050000.0,4.05,476,1024,0.46484375
01a0a57f-e612-73a0-a4c0-523ced5dc57c,d,D,QB12,16,0,standard_pi_2,30,0.07,4500000.0,4.5,487,1024,0.4755859375
01a0a57f-e612-73a0-a4c0-523ced5dc57c,d,D,QB12,16,0,standard_pi_2,31,0.07,4950000.0,4.95,455,1024,0.4443359375
01a0a57f-e612-73a0-a4c0-523ced5dc57c,d,D,QB12,16,0,standard_pi_2,32,0.07,5400000.0,5.4,482,1024,0.470703125
01a0a57f-e612-73a0-a4c0-523ced5dc57c,d,D,QB12,16,0,standard_pi_2,33,0.07,5850000.0,5.85,486,1024,0.474609375
01a0a57f-e612-73a0-a4c0-523ced5dc57c,d,D,QB12,16,0,standard_pi_2,34,0.07,6300000.0,6.3,447,1024,0.4365234375
01a0a57f-e612-73a0-a4c0-523ced5dc57c,d,D,QB12,16,0,standard_pi_2,35,0.07,6750000.0,6.75,482,1024,0.470703125
01a0a57f-e612-73a0-a4c0-523ced5dc57c,d,D,QB12,16,0,standard_pi_2,36,0.07,7200000.0,7.2,464,1024,0.453125
01a0a57f-e612-73a0-a4c0-523ced5dc57c,d,D,QB12,16,0,standard_pi_2,37,0.07,7650000.0,7.65,488,1024,0.4765625
01a0a57f-e612-73a0-a4c0-523ced5dc57c,d,D,QB12,16,0,standard_pi_2,38,0.07,8100000.0,8.1,458,1024,0.447265625
01a0a57f-e612-73a0-a4c0-523ced5dc57c,d,D,QB12,16,0,standard_pi_2,39,0.07,8550000.0,8.55,477,1024,0.4658203125
01a0a57f-e612-73a0-a4c0-523ced5dc57c,d,D,QB12,16,0,standard_pi_2,40,0.07,9000000.0,9.0,444,1024,0.43359375
01a0a57f-e612-73a0-a4c0-523ced5dc57c,d,D,QB12,16,1,UVH4d,0,0.07,-9000000.0,-9.0,333,1024,0.3251953125
01a0a57f-e612-73a0-a4c0-523ced5dc57c,d,D,QB12,16,1,UVH4d,1,0.07,-8550000.0,-8.55,294,1024,0.287109375
01a0a57f-e612-73a0-a4c0-523ced5dc57c,d,D,QB12,16,1,UVH4d,2,0.07,-8100000.0,-8.1,355,1024,0.3466796875
01a0a57f-e612-73a0-a4c0-523ced5dc57c,d,D,QB12,16,1,UVH4d,3,0.07,-7650000.0,-7.65,343,1024,0.3349609375
01a0a57f-e612-73a0-a4c0-523ced5dc57c,d,D,QB12,16,1,UVH4d,4,0.07,-7200000.0,-7.2,324,1024,0.31640625
01a0a57f-e612-73a0-a4c0-523ced5dc57c,d,D,QB12,16,1,UVH4d,5,0.07,-6750000.0,-6.75,332,1024,0.32421875
01a0a57f-e612-73a0-a4c0-523ced5dc57c,d,D,QB12,16,1,UVH4d,6,0.07,-6300000.0,-6.3,362,1024,0.353515625
01a0a57f-e612-73a0-a4c0-523ced5dc57c,d,D,QB12,16,1,UVH4d,7,0.07,-5850000.0,-5.85,367,1024,0.3583984375
01a0a57f-e612-73a0-a4c0-523ced5dc57c,d,D,QB12,16,1,UVH4d,8,0.07,-5400000.0,-5.4,413,1024,0.4033203125
01a0a57f-e612-73a0-a4c0-523ced5dc57c,d,D,QB12,16,1,UVH4d,9,0.07,-4950000.0,-4.95,418,1024,0.408203125
01a0a57f-e612-73a0-a4c0-523ced5dc57c,d,D,QB12,16,1,UVH4d,10,0.07,-4500000.0,-4.5,402,1024,0.392578125
01a0a57f-e612-73a0-a4c0-523ced5dc57c,d,D,QB12,16,1,UVH4d,11,0.07,-4050000.0,-4.05,400,1024,0.390625
01a0a57f-e612-73a0-a4c0-523ced5dc57c,d,D,QB12,16,1,UVH4d,12,0.07,-3600000.0,-3.6,428,1024,0.41796875
01a0a57f-e612-73a0-a4c0-523ced5dc57c,d,D,QB12,16,1,UVH4d,13,0.07,-3150000.0,-3.15,430,1024,0.419921875
01a0a57f-e612-73a0-a4c0-523ced5dc57c,d,D,QB12,16,1,UVH4d,14,0.07,-2700000.0,-2.7,430,1024,0.419921875
01a0a57f-e612-73a0-a4c0-523ced5dc57c,d,D,QB12,16,1,UVH4d,15,0.07,-2250000.0,-2.25,461,1024,0.4501953125
01a0a57f-e612-73a0-a4c0-523ced5dc57c,d,D,QB12,16,1,UVH4d,16,0.07,-1800000.0,-1.8,447,1024,0.4365234375
01a0a57f-e612-73a0-a4c0-523ced5dc57c,d,D,QB12,16,1,UVH4d,17,0.07,-1350000.0,-1.35,434,1024,0.423828125
01a0a57f-e612-73a0-a4c0-523ced5dc57c,d,D,QB12,16,1,UVH4d,18,0.07,-900000.0,-0.9,425,1024,0.4150390625
01a0a57f-e612-73a0-a4c0-523ced5dc57c,d,D,QB12,16,1,UVH4d,19,0.07,-450000.0,-0.45,446,1024,0.435546875
01a0a57f-e612-73a0-a4c0-523ced5dc57c,d,D,QB12,16,1,UVH4d,20,0.07,0.0,0.0,453,1024,0.4423828125
01a0a57f-e612-73a0-a4c0-523ced5dc57c,d,D,QB12,16,1,UVH4d,21,0.07,450000.0,0.45,461,1024,0.4501953125
01a0a57f-e612-73a0-a4c0-523ced5dc57c,d,D,QB12,16,1,UVH4d,22,0.07,900000.0,0.9,431,1024,0.4208984375
01a0a57f-e612-73a0-a4c0-523ced5dc57c,d,D,QB12,16,1,UVH4d,23,0.07,1350000.0,1.35,420,1024,0.41015625
01a0a57f-e612-73a0-a4c0-523ced5dc57c,d,D,QB12,16,1,UVH4d,24,0.07,1800000.0,1.8,423,1024,0.4130859375
01a0a57f-e612-73a0-a4c0-523ced5dc57c,d,D,QB12,16,1,UVH4d,25,0.07,2250000.0,2.25,441,1024,0.4306640625
01a0a57f-e612-73a0-a4c0-523ced5dc57c,d,D,QB12,16,1,UVH4d,26,0.07,2700000.0,2.7,427,1024,0.4169921875
01a0a57f-e612-73a0-a4c0-523ced5dc57c,d,D,QB12,16,1,UVH4d,27,0.07,3150000.0,3.15,435,1024,0.4248046875
01a0a57f-e612-73a0-a4c0-523ced5dc57c,d,D,QB12,16,1,UVH4d,28,0.07,3600000.0,3.6,440,1024,0.4296875
01a0a57f-e612-73a0-a4c0-523ced5dc57c,d,D,QB12,16,1,UVH4d,29,0.07,4050000.0,4.05,476,1024,0.46484375
01a0a57f-e612-73a0-a4c0-523ced5dc57c,d,D,QB12,16,1,UVH4d,30,0.07,4500000.0,4.5,447,1024,0.4365234375
01a0a57f-e612-73a0-a4c0-523ced5dc57c,d,D,QB12,16,1,UVH4d,31,0.07,4950000.0,4.95,439,1024,0.4287109375
01a0a57f-e612-73a0-a4c0-523ced5dc57c,d,D,QB12,16,1,UVH4d,32,0.07,5400000.0,5.4,496,1024,0.484375
01a0a57f-e612-73a0-a4c0-523ced5dc57c,d,D,QB12,16,1,UVH4d,33,0.07,5850000.0,5.85,492,1024,0.48046875
01a0a57f-e612-73a0-a4c0-523ced5dc57c,d,D,QB12,16,1,UVH4d,34,0.07,6300000.0,6.3,468,1024,0.45703125
01a0a57f-e612-73a0-a4c0-523ced5dc57c,d,D,QB12,16,1,UVH4d,35,0.07,6750000.0,6.75,532,1024,0.51953125
01a0a57f-e612-73a0-a4c0-523ced5dc57c,d,D,QB12,16,1,UVH4d,36,0.07,7200000.0,7.2,518,1024,0.505859375
01a0a57f-e612-73a0-a4c0-523ced5dc57c,d,D,QB12,16,1,UVH4d,37,0.07,7650000.0,7.65,557,1024,0.5439453125
01a0a57f-e612-73a0-a4c0-523ced5dc57c,d,D,QB12,16,1,UVH4d,38,0.07,8100000.0,8.1,601,1024,0.5869140625
01a0a57f-e612-73a0-a4c0-523ced5dc57c,d,D,QB12,16,1,UVH4d,39,0.07,8550000.0,8.55,567,1024,0.5537109375
01a0a57f-e612-73a0-a4c0-523ced5dc57c,d,D,QB12,16,1,UVH4d,40,0.07,9000000.0,9.0,565,1024,0.5517578125
01a0a57f-e612-73a0-a4c0-523ced5dc57c,d,D,QB12,16,2,UVH5d,0,0.07,-9000000.0,-9.0,104,1024,0.1015625
01a0a57f-e612-73a0-a4c0-523ced5dc57c,d,D,QB12,16,2,UVH5d,1,0.07,-8550000.0,-8.55,104,1024,0.1015625
01a0a57f-e612-73a0-a4c0-523ced5dc57c,d,D,QB12,16,2,UVH5d,2,0.07,-8100000.0,-8.1,152,1024,0.1484375
01a0a57f-e612-73a0-a4c0-523ced5dc57c,d,D,QB12,16,2,UVH5d,3,0.07,-7650000.0,-7.65,162,1024,0.158203125
01a0a57f-e612-73a0-a4c0-523ced5dc57c,d,D,QB12,16,2,UVH5d,4,0.07,-7200000.0,-7.2,187,1024,0.1826171875
01a0a57f-e612-73a0-a4c0-523ced5dc57c,d,D,QB12,16,2,UVH5d,5,0.07,-6750000.0,-6.75,219,1024,0.2138671875
01a0a57f-e612-73a0-a4c0-523ced5dc57c,d,D,QB12,16,2,UVH5d,6,0.07,-6300000.0,-6.3,238,1024,0.232421875
01a0a57f-e612-73a0-a4c0-523ced5dc57c,d,D,QB12,16,2,UVH5d,7,0.07,-5850000.0,-5.85,262,1024,0.255859375
01a0a57f-e612-73a0-a4c0-523ced5dc57c,d,D,QB12,16,2,UVH5d,8,0.07,-5400000.0,-5.4,315,1024,0.3076171875
01a0a57f-e612-73a0-a4c0-523ced5dc57c,d,D,QB12,16,2,UVH5d,9,0.07,-4950000.0,-4.95,338,1024,0.330078125
01a0a57f-e612-73a0-a4c0-523ced5dc57c,d,D,QB12,16,2,UVH5d,10,0.07,-4500000.0,-4.5,319,1024,0.3115234375
01a0a57f-e612-73a0-a4c0-523ced5dc57c,d,D,QB12,16,2,UVH5d,11,0.07,-4050000.0,-4.05,352,1024,0.34375
01a0a57f-e612-73a0-a4c0-523ced5dc57c,d,D,QB12,16,2,UVH5d,12,0.07,-3600000.0,-3.6,375,1024,0.3662109375
01a0a57f-e612-73a0-a4c0-523ced5dc57c,d,D,QB12,16,2,UVH5d,13,0.07,-3150000.0,-3.15,367,1024,0.3583984375
01a0a57f-e612-73a0-a4c0-523ced5dc57c,d,D,QB12,16,2,UVH5d,14,0.07,-2700000.0,-2.7,385,1024,0.3759765625
01a0a57f-e612-73a0-a4c0-523ced5dc57c,d,D,QB12,16,2,UVH5d,15,0.07,-2250000.0,-2.25,411,1024,0.4013671875
01a0a57f-e612-73a0-a4c0-523ced5dc57c,d,D,QB12,16,2,UVH5d,16,0.07,-1800000.0,-1.8,421,1024,0.4111328125
01a0a57f-e612-73a0-a4c0-523ced5dc57c,d,D,QB12,16,2,UVH5d,17,0.07,-1350000.0,-1.35,412,1024,0.40234375
01a0a57f-e612-73a0-a4c0-523ced5dc57c,d,D,QB12,16,2,UVH5d,18,0.07,-900000.0,-0.9,414,1024,0.404296875
01a0a57f-e612-73a0-a4c0-523ced5dc57c,d,D,QB12,16,2,UVH5d,19,0.07,-450000.0,-0.45,373,1024,0.3642578125
01a0a57f-e612-73a0-a4c0-523ced5dc57c,d,D,QB12,16,2,UVH5d,20,0.07,0.0,0.0,358,1024,0.349609375
01a0a57f-e612-73a0-a4c0-523ced5dc57c,d,D,QB12,16,2,UVH5d,21,0.07,450000.0,0.45,327,1024,0.3193359375
01a0a57f-e612-73a0-a4c0-523ced5dc57c,d,D,QB12,16,2,UVH5d,22,0.07,900000.0,0.9,323,1024,0.3154296875
01a0a57f-e612-73a0-a4c0-523ced5dc57c,d,D,QB12,16,2,UVH5d,23,0.07,1350000.0,1.35,347,1024,0.3388671875
01a0a57f-e612-73a0-a4c0-523ced5dc57c,d,D,QB12,16,2,UVH5d,24,0.07,1800000.0,1.8,345,1024,0.3369140625
01a0a57f-e612-73a0-a4c0-523ced5dc57c,d,D,QB12,16,2,UVH5d,25,0.07,2250000.0,2.25,348,1024,0.33984375
01a0a57f-e612-73a0-a4c0-523ced5dc57c,d,D,QB12,16,2,UVH5d,26,0.07,2700000.0,2.7,339,1024,0.3310546875
01a0a57f-e612-73a0-a4c0-523ced5dc57c,d,D,QB12,16,2,UVH5d,27,0.07,3150000.0,3.15,344,1024,0.3359375
01a0a57f-e612-73a0-a4c0-523ced5dc57c,d,D,QB12,16,2,UVH5d,28,0.07,3600000.0,3.6,342,1024,0.333984375
01a0a57f-e612-73a0-a4c0-523ced5dc57c,d,D,QB12,16,2,UVH5d,29,0.07,4050000.0,4.05,336,1024,0.328125
01a0a57f-e612-73a0-a4c0-523ced5dc57c,d,D,QB12,16,2,UVH5d,30,0.07,4500000.0,4.5,346,1024,0.337890625
01a0a57f-e612-73a0-a4c0-523ced5dc57c,d,D,QB12,16,2,UVH5d,31,0.07,4950000.0,4.95,378,1024,0.369140625
01a0a57f-e612-73a0-a4c0-523ced5dc57c,d,D,QB12,16,2,UVH5d,32,0.07,5400000.0,5.4,401,1024,0.3916015625
01a0a57f-e612-73a0-a4c0-523ced5dc57c,d,D,QB12,16,2,UVH5d,33,0.07,5850000.0,5.85,388,1024,0.37890625
01a0a57f-e612-73a0-a4c0-523ced5dc57c,d,D,QB12,16,2,UVH5d,34,0.07,6300000.0,6.3,401,1024,0.3916015625
01a0a57f-e612-73a0-a4c0-523ced5dc57c,d,D,QB12,16,2,UVH5d,35,0.07,6750000.0,6.75,442,1024,0.431640625
01a0a57f-e612-73a0-a4c0-523ced5dc57c,d,D,QB12,16,2,UVH5d,36,0.07,7200000.0,7.2,453,1024,0.4423828125
01a0a57f-e612-73a0-a4c0-523ced5dc57c,d,D,QB12,16,2,UVH5d,37,0.07,7650000.0,7.65,444,1024,0.43359375
01a0a57f-e612-73a0-a4c0-523ced5dc57c,d,D,QB12,16,2,UVH5d,38,0.07,8100000.0,8.1,437,1024,0.4267578125
01a0a57f-e612-73a0-a4c0-523ced5dc57c,d,D,QB12,16,2,UVH5d,39,0.07,8550000.0,8.55,452,1024,0.44140625
01a0a57f-e612-73a0-a4c0-523ced5dc57c,d,D,QB12,16,2,UVH5d,40,0.07,9000000.0,9.0,450,1024,0.439453125
01a0a57f-e612-73a0-a4c0-523ced5dc57c,d,D,QB12,16,3,UVH6d,0,0.07,-9000000.0,-9.0,510,1024,0.498046875
01a0a57f-e612-73a0-a4c0-523ced5dc57c,d,D,QB12,16,3,UVH6d,1,0.07,-8550000.0,-8.55,504,1024,0.4921875
01a0a57f-e612-73a0-a4c0-523ced5dc57c,d,D,QB12,16,3,UVH6d,2,0.07,-8100000.0,-8.1,464,1024,0.453125
01a0a57f-e612-73a0-a4c0-523ced5dc57c,d,D,QB12,16,3,UVH6d,3,0.07,-7650000.0,-7.65,473,1024,0.4619140625
01a0a57f-e612-73a0-a4c0-523ced5dc57c,d,D,QB12,16,3,UVH6d,4,0.07,-7200000.0,-7.2,469,1024,0.4580078125
01a0a57f-e612-73a0-a4c0-523ced5dc57c,d,D,QB12,16,3,UVH6d,5,0.07,-6750000.0,-6.75,488,1024,0.4765625
01a0a57f-e612-73a0-a4c0-523ced5dc57c,d,D,QB12,16,3,UVH6d,6,0.07,-6300000.0,-6.3,476,1024,0.46484375
01a0a57f-e612-73a0-a4c0-523ced5dc57c,d,D,QB12,16,3,UVH6d,7,0.07,-5850000.0,-5.85,479,1024,0.4677734375
01a0a57f-e612-73a0-a4c0-523ced5dc57c,d,D,QB12,16,3,UVH6d,8,0.07,-5400000.0,-5.4,476,1024,0.46484375
01a0a57f-e612-73a0-a4c0-523ced5dc57c,d,D,QB12,16,3,UVH6d,9,0.07,-4950000.0,-4.95,506,1024,0.494140625
01a0a57f-e612-73a0-a4c0-523ced5dc57c,d,D,QB12,16,3,UVH6d,10,0.07,-4500000.0,-4.5,491,1024,0.4794921875
01a0a57f-e612-73a0-a4c0-523ced5dc57c,d,D,QB12,16,3,UVH6d,11,0.07,-4050000.0,-4.05,516,1024,0.50390625
01a0a57f-e612-73a0-a4c0-523ced5dc57c,d,D,QB12,16,3,UVH6d,12,0.07,-3600000.0,-3.6,552,1024,0.5390625
01a0a57f-e612-73a0-a4c0-523ced5dc57c,d,D,QB12,16,3,UVH6d,13,0.07,-3150000.0,-3.15,531,1024,0.5185546875
01a0a57f-e612-73a0-a4c0-523ced5dc57c,d,D,QB12,16,3,UVH6d,14,0.07,-2700000.0,-2.7,530,1024,0.517578125
01a0a57f-e612-73a0-a4c0-523ced5dc57c,d,D,QB12,16,3,UVH6d,15,0.07,-2250000.0,-2.25,529,1024,0.5166015625
01a0a57f-e612-73a0-a4c0-523ced5dc57c,d,D,QB12,16,3,UVH6d,16,0.07,-1800000.0,-1.8,586,1024,0.572265625
01a0a57f-e612-73a0-a4c0-523ced5dc57c,d,D,QB12,16,3,UVH6d,17,0.07,-1350000.0,-1.35,565,1024,0.5517578125
01a0a57f-e612-73a0-a4c0-523ced5dc57c,d,D,QB12,16,3,UVH6d,18,0.07,-900000.0,-0.9,589,1024,0.5751953125
01a0a57f-e612-73a0-a4c0-523ced5dc57c,d,D,QB12,16,3,UVH6d,19,0.07,-450000.0,-0.45,585,1024,0.5712890625
01a0a57f-e612-73a0-a4c0-523ced5dc57c,d,D,QB12,16,3,UVH6d,20,0.07,0.0,0.0,588,1024,0.57421875
01a0a57f-e612-73a0-a4c0-523ced5dc57c,d,D,QB12,16,3,UVH6d,21,0.07,450000.0,0.45,603,1024,0.5888671875
01a0a57f-e612-73a0-a4c0-523ced5dc57c,d,D,QB12,16,3,UVH6d,22,0.07,900000.0,0.9,597,1024,0.5830078125
01a0a57f-e612-73a0-a4c0-523ced5dc57c,d,D,QB12,16,3,UVH6d,23,0.07,1350000.0,1.35,629,1024,0.6142578125
01a0a57f-e612-73a0-a4c0-523ced5dc57c,d,D,QB12,16,3,UVH6d,24,0.07,1800000.0,1.8,625,1024,0.6103515625
01a0a57f-e612-73a0-a4c0-523ced5dc57c,d,D,QB12,16,3,UVH6d,25,0.07,2250000.0,2.25,642,1024,0.626953125
01a0a57f-e612-73a0-a4c0-523ced5dc57c,d,D,QB12,16,3,UVH6d,26,0.07,2700000.0,2.7,655,1024,0.6396484375
01a0a57f-e612-73a0-a4c0-523ced5dc57c,d,D,QB12,16,3,UVH6d,27,0.07,3150000.0,3.15,631,1024,0.6162109375
01a0a57f-e612-73a0-a4c0-523ced5dc57c,d,D,QB12,16,3,UVH6d,28,0.07,3600000.0,3.6,628,1024,0.61328125
01a0a57f-e612-73a0-a4c0-523ced5dc57c,d,D,QB12,16,3,UVH6d,29,0.07,4050000.0,4.05,634,1024,0.619140625
01a0a57f-e612-73a0-a4c0-523ced5dc57c,d,D,QB12,16,3,UVH6d,30,0.07,4500000.0,4.5,627,1024,0.6123046875
01a0a57f-e612-73a0-a4c0-523ced5dc57c,d,D,QB12,16,3,UVH6d,31,0.07,4950000.0,4.95,597,1024,0.5830078125
01a0a57f-e612-73a0-a4c0-523ced5dc57c,d,D,QB12,16,3,UVH6d,32,0.07,5400000.0,5.4,649,1024,0.6337890625
01a0a57f-e612-73a0-a4c0-523ced5dc57c,d,D,QB12,16,3,UVH6d,33,0.07,5850000.0,5.85,619,1024,0.6044921875
01a0a57f-e612-73a0-a4c0-523ced5dc57c,d,D,QB12,16,3,UVH6d,34,0.07,6300000.0,6.3,652,1024,0.63671875
01a0a57f-e612-73a0-a4c0-523ced5dc57c,d,D,QB12,16,3,UVH6d,35,0.07,6750000.0,6.75,636,1024,0.62109375
01a0a57f-e612-73a0-a4c0-523ced5dc57c,d,D,QB12,16,3,UVH6d,36,0.07,7200000.0,7.2,635,1024,0.6201171875
01a0a57f-e612-73a0-a4c0-523ced5dc57c,d,D,QB12,16,3,UVH6d,37,0.07,7650000.0,7.65,675,1024,0.6591796875
01a0a57f-e612-73a0-a4c0-523ced5dc57c,d,D,QB12,16,3,UVH6d,38,0.07,8100000.0,8.1,641,1024,0.6259765625
01a0a57f-e612-73a0-a4c0-523ced5dc57c,d,D,QB12,16,3,UVH6d,39,0.07,8550000.0,8.55,642,1024,0.626953125
01a0a57f-e612-73a0-a4c0-523ced5dc57c,d,D,QB12,16,3,UVH6d,40,0.07,9000000.0,9.0,680,1024,0.6640625
01a0a57f-e612-73a0-a4c0-523ced5dc57c,d,D,QB12,16,4,UVH7d,0,0.07,-9000000.0,-9.0,552,1024,0.5390625
01a0a57f-e612-73a0-a4c0-523ced5dc57c,d,D,QB12,16,4,UVH7d,1,0.07,-8550000.0,-8.55,530,1024,0.517578125
01a0a57f-e612-73a0-a4c0-523ced5dc57c,d,D,QB12,16,4,UVH7d,2,0.07,-8100000.0,-8.1,518,1024,0.505859375
01a0a57f-e612-73a0-a4c0-523ced5dc57c,d,D,QB12,16,4,UVH7d,3,0.07,-7650000.0,-7.65,522,1024,0.509765625
01a0a57f-e612-73a0-a4c0-523ced5dc57c,d,D,QB12,16,4,UVH7d,4,0.07,-7200000.0,-7.2,507,1024,0.4951171875
01a0a57f-e612-73a0-a4c0-523ced5dc57c,d,D,QB12,16,4,UVH7d,5,0.07,-6750000.0,-6.75,475,1024,0.4638671875
01a0a57f-e612-73a0-a4c0-523ced5dc57c,d,D,QB12,16,4,UVH7d,6,0.07,-6300000.0,-6.3,495,1024,0.4833984375
01a0a57f-e612-73a0-a4c0-523ced5dc57c,d,D,QB12,16,4,UVH7d,7,0.07,-5850000.0,-5.85,518,1024,0.505859375
01a0a57f-e612-73a0-a4c0-523ced5dc57c,d,D,QB12,16,4,UVH7d,8,0.07,-5400000.0,-5.4,511,1024,0.4990234375
01a0a57f-e612-73a0-a4c0-523ced5dc57c,d,D,QB12,16,4,UVH7d,9,0.07,-4950000.0,-4.95,510,1024,0.498046875
01a0a57f-e612-73a0-a4c0-523ced5dc57c,d,D,QB12,16,4,UVH7d,10,0.07,-4500000.0,-4.5,503,1024,0.4912109375
01a0a57f-e612-73a0-a4c0-523ced5dc57c,d,D,QB12,16,4,UVH7d,11,0.07,-4050000.0,-4.05,488,1024,0.4765625
01a0a57f-e612-73a0-a4c0-523ced5dc57c,d,D,QB12,16,4,UVH7d,12,0.07,-3600000.0,-3.6,511,1024,0.4990234375
01a0a57f-e612-73a0-a4c0-523ced5dc57c,d,D,QB12,16,4,UVH7d,13,0.07,-3150000.0,-3.15,511,1024,0.4990234375
01a0a57f-e612-73a0-a4c0-523ced5dc57c,d,D,QB12,16,4,UVH7d,14,0.07,-2700000.0,-2.7,509,1024,0.4970703125
01a0a57f-e612-73a0-a4c0-523ced5dc57c,d,D,QB12,16,4,UVH7d,15,0.07,-2250000.0,-2.25,537,1024,0.5244140625
01a0a57f-e612-73a0-a4c0-523ced5dc57c,d,D,QB12,16,4,UVH7d,16,0.07,-1800000.0,-1.8,557,1024,0.5439453125
01a0a57f-e612-73a0-a4c0-523ced5dc57c,d,D,QB12,16,4,UVH7d,17,0.07,-1350000.0,-1.35,538,1024,0.525390625
01a0a57f-e612-73a0-a4c0-523ced5dc57c,d,D,QB12,16,4,UVH7d,18,0.07,-900000.0,-0.9,565,1024,0.5517578125
01a0a57f-e612-73a0-a4c0-523ced5dc57c,d,D,QB12,16,4,UVH7d,19,0.07,-450000.0,-0.45,564,1024,0.55078125
01a0a57f-e612-73a0-a4c0-523ced5dc57c,d,D,QB12,16,4,UVH7d,20,0.07,0.0,0.0,573,1024,0.5595703125
01a0a57f-e612-73a0-a4c0-523ced5dc57c,d,D,QB12,16,4,UVH7d,21,0.07,450000.0,0.45,586,1024,0.572265625
01a0a57f-e612-73a0-a4c0-523ced5dc57c,d,D,QB12,16,4,UVH7d,22,0.07,900000.0,0.9,580,1024,0.56640625
01a0a57f-e612-73a0-a4c0-523ced5dc57c,d,D,QB12,16,4,UVH7d,23,0.07,1350000.0,1.35,577,1024,0.5634765625
01a0a57f-e612-73a0-a4c0-523ced5dc57c,d,D,QB12,16,4,UVH7d,24,0.07,1800000.0,1.8,613,1024,0.5986328125
01a0a57f-e612-73a0-a4c0-523ced5dc57c,d,D,QB12,16,4,UVH7d,25,0.07,2250000.0,2.25,604,1024,0.58984375
01a0a57f-e612-73a0-a4c0-523ced5dc57c,d,D,QB12,16,4,UVH7d,26,0.07,2700000.0,2.7,613,1024,0.5986328125
01a0a57f-e612-73a0-a4c0-523ced5dc57c,d,D,QB12,16,4,UVH7d,27,0.07,3150000.0,3.15,621,1024,0.6064453125
01a0a57f-e612-73a0-a4c0-523ced5dc57c,d,D,QB12,16,4,UVH7d,28,0.07,3600000.0,3.6,612,1024,0.59765625
01a0a57f-e612-73a0-a4c0-523ced5dc57c,d,D,QB12,16,4,UVH7d,29,0.07,4050000.0,4.05,618,1024,0.603515625
01a0a57f-e612-73a0-a4c0-523ced5dc57c,d,D,QB12,16,4,UVH7d,30,0.07,4500000.0,4.5,577,1024,0.5634765625
01a0a57f-e612-73a0-a4c0-523ced5dc57c,d,D,QB12,16,4,UVH7d,31,0.07,4950000.0,4.95,606,1024,0.591796875
01a0a57f-e612-73a0-a4c0-523ced5dc57c,d,D,QB12,16,4,UVH7d,32,0.07,5400000.0,5.4,599,1024,0.5849609375
01a0a57f-e612-73a0-a4c0-523ced5dc57c,d,D,QB12,16,4,UVH7d,33,0.07,5850000.0,5.85,540,1024,0.52734375
01a0a57f-e612-73a0-a4c0-523ced5dc57c,d,D,QB12,16,4,UVH7d,34,0.07,6300000.0,6.3,521,1024,0.5087890625
01a0a57f-e612-73a0-a4c0-523ced5dc57c,d,D,QB12,16,4,UVH7d,35,0.07,6750000.0,6.75,517,1024,0.5048828125
01a0a57f-e612-73a0-a4c0-523ced5dc57c,d,D,QB12,16,4,UVH7d,36,0.07,7200000.0,7.2,518,1024,0.505859375
01a0a57f-e612-73a0-a4c0-523ced5dc57c,d,D,QB12,16,4,UVH7d,37,0.07,7650000.0,7.65,481,1024,0.4697265625
01a0a57f-e612-73a0-a4c0-523ced5dc57c,d,D,QB12,16,4,UVH7d,38,0.07,8100000.0,8.1,447,1024,0.4365234375
01a0a57f-e612-73a0-a4c0-523ced5dc57c,d,D,QB12,16,4,UVH7d,39,0.07,8550000.0,8.55,403,1024,0.3935546875
01a0a57f-e612-73a0-a4c0-523ced5dc57c,d,D,QB12,16,4,UVH7d,40,0.07,9000000.0,9.0,421,1024,0.4111328125
01a0a57f-e612-73a0-a4c0-523ced5dc57c,d,D,QB12,16,5,UVH8d,0,0.07,-9000000.0,-9.0,591,1024,0.5771484375
01a0a57f-e612-73a0-a4c0-523ced5dc57c,d,D,QB12,16,5,UVH8d,1,0.07,-8550000.0,-8.55,548,1024,0.53515625
01a0a57f-e612-73a0-a4c0-523ced5dc57c,d,D,QB12,16,5,UVH8d,2,0.07,-8100000.0,-8.1,550,1024,0.537109375
01a0a57f-e612-73a0-a4c0-523ced5dc57c,d,D,QB12,16,5,UVH8d,3,0.07,-7650000.0,-7.65,532,1024,0.51953125
01a0a57f-e612-73a0-a4c0-523ced5dc57c,d,D,QB12,16,5,UVH8d,4,0.07,-7200000.0,-7.2,485,1024,0.4736328125
01a0a57f-e612-73a0-a4c0-523ced5dc57c,d,D,QB12,16,5,UVH8d,5,0.07,-6750000.0,-6.75,506,1024,0.494140625
01a0a57f-e612-73a0-a4c0-523ced5dc57c,d,D,QB12,16,5,UVH8d,6,0.07,-6300000.0,-6.3,448,1024,0.4375
01a0a57f-e612-73a0-a4c0-523ced5dc57c,d,D,QB12,16,5,UVH8d,7,0.07,-5850000.0,-5.85,471,1024,0.4599609375
01a0a57f-e612-73a0-a4c0-523ced5dc57c,d,D,QB12,16,5,UVH8d,8,0.07,-5400000.0,-5.4,447,1024,0.4365234375
01a0a57f-e612-73a0-a4c0-523ced5dc57c,d,D,QB12,16,5,UVH8d,9,0.07,-4950000.0,-4.95,400,1024,0.390625
01a0a57f-e612-73a0-a4c0-523ced5dc57c,d,D,QB12,16,5,UVH8d,10,0.07,-4500000.0,-4.5,389,1024,0.3798828125
01a0a57f-e612-73a0-a4c0-523ced5dc57c,d,D,QB12,16,5,UVH8d,11,0.07,-4050000.0,-4.05,391,1024,0.3818359375
01a0a57f-e612-73a0-a4c0-523ced5dc57c,d,D,QB12,16,5,UVH8d,12,0.07,-3600000.0,-3.6,396,1024,0.38671875
01a0a57f-e612-73a0-a4c0-523ced5dc57c,d,D,QB12,16,5,UVH8d,13,0.07,-3150000.0,-3.15,376,1024,0.3671875
01a0a57f-e612-73a0-a4c0-523ced5dc57c,d,D,QB12,16,5,UVH8d,14,0.07,-2700000.0,-2.7,358,1024,0.349609375
01a0a57f-e612-73a0-a4c0-523ced5dc57c,d,D,QB12,16,5,UVH8d,15,0.07,-2250000.0,-2.25,361,1024,0.3525390625
01a0a57f-e612-73a0-a4c0-523ced5dc57c,d,D,QB12,16,5,UVH8d,16,0.07,-1800000.0,-1.8,343,1024,0.3349609375
01a0a57f-e612-73a0-a4c0-523ced5dc57c,d,D,QB12,16,5,UVH8d,17,0.07,-1350000.0,-1.35,353,1024,0.3447265625
01a0a57f-e612-73a0-a4c0-523ced5dc57c,d,D,QB12,16,5,UVH8d,18,0.07,-900000.0,-0.9,328,1024,0.3203125
01a0a57f-e612-73a0-a4c0-523ced5dc57c,d,D,QB12,16,5,UVH8d,19,0.07,-450000.0,-0.45,331,1024,0.3232421875
01a0a57f-e612-73a0-a4c0-523ced5dc57c,d,D,QB12,16,5,UVH8d,20,0.07,0.0,0.0,336,1024,0.328125
01a0a57f-e612-73a0-a4c0-523ced5dc57c,d,D,QB12,16,5,UVH8d,21,0.07,450000.0,0.45,367,1024,0.3583984375
01a0a57f-e612-73a0-a4c0-523ced5dc57c,d,D,QB12,16,5,UVH8d,22,0.07,900000.0,0.9,381,1024,0.3720703125
01a0a57f-e612-73a0-a4c0-523ced5dc57c,d,D,QB12,16,5,UVH8d,23,0.07,1350000.0,1.35,348,1024,0.33984375
01a0a57f-e612-73a0-a4c0-523ced5dc57c,d,D,QB12,16,5,UVH8d,24,0.07,1800000.0,1.8,347,1024,0.3388671875
01a0a57f-e612-73a0-a4c0-523ced5dc57c,d,D,QB12,16,5,UVH8d,25,0.07,2250000.0,2.25,359,1024,0.3505859375
01a0a57f-e612-73a0-a4c0-523ced5dc57c,d,D,QB12,16,5,UVH8d,26,0.07,2700000.0,2.7,419,1024,0.4091796875
01a0a57f-e612-73a0-a4c0-523ced5dc57c,d,D,QB12,16,5,UVH8d,27,0.07,3150000.0,3.15,406,1024,0.396484375
01a0a57f-e612-73a0-a4c0-523ced5dc57c,d,D,QB12,16,5,UVH8d,28,0.07,3600000.0,3.6,409,1024,0.3994140625
01a0a57f-e612-73a0-a4c0-523ced5dc57c,d,D,QB12,16,5,UVH8d,29,0.07,4050000.0,4.05,434,1024,0.423828125
01a0a57f-e612-73a0-a4c0-523ced5dc57c,d,D,QB12,16,5,UVH8d,30,0.07,4500000.0,4.5,452,1024,0.44140625
01a0a57f-e612-73a0-a4c0-523ced5dc57c,d,D,QB12,16,5,UVH8d,31,0.07,4950000.0,4.95,497,1024,0.4853515625
01a0a57f-e612-73a0-a4c0-523ced5dc57c,d,D,QB12,16,5,UVH8d,32,0.07,5400000.0,5.4,500,1024,0.48828125
01a0a57f-e612-73a0-a4c0-523ced5dc57c,d,D,QB12,16,5,UVH8d,33,0.07,5850000.0,5.85,528,1024,0.515625
01a0a57f-e612-73a0-a4c0-523ced5dc57c,d,D,QB12,16,5,UVH8d,34,0.07,6300000.0,6.3,553,1024,0.5400390625
01a0a57f-e612-73a0-a4c0-523ced5dc57c,d,D,QB12,16,5,UVH8d,35,0.07,6750000.0,6.75,552,1024,0.5390625
01a0a57f-e612-73a0-a4c0-523ced5dc57c,d,D,QB12,16,5,UVH8d,36,0.07,7200000.0,7.2,600,1024,0.5859375
01a0a57f-e612-73a0-a4c0-523ced5dc57c,d,D,QB12,16,5,UVH8d,37,0.07,7650000.0,7.65,645,1024,0.6298828125
01a0a57f-e612-73a0-a4c0-523ced5dc57c,d,D,QB12,16,5,UVH8d,38,0.07,8100000.0,8.1,591,1024,0.5771484375
01a0a57f-e612-73a0-a4c0-523ced5dc57c,d,D,QB12,16,5,UVH8d,39,0.07,8550000.0,8.55,608,1024,0.59375
01a0a57f-e612-73a0-a4c0-523ced5dc57c,d,D,QB12,16,5,UVH8d,40,0.07,9000000.0,9.0,605,1024,0.5908203125
01a0a57f-e612-73a0-a4c0-523ced5dc57c,d,D,QB17,17,0,standard_pi_2,0,0.07,-9000000.0,-9.0,602,1024,0.587890625
01a0a57f-e612-73a0-a4c0-523ced5dc57c,d,D,QB17,17,0,standard_pi_2,1,0.07,-8550000.0,-8.55,636,1024,0.62109375
01a0a57f-e612-73a0-a4c0-523ced5dc57c,d,D,QB17,17,0,standard_pi_2,2,0.07,-8100000.0,-8.1,608,1024,0.59375
01a0a57f-e612-73a0-a4c0-523ced5dc57c,d,D,QB17,17,0,standard_pi_2,3,0.07,-7650000.0,-7.65,623,1024,0.6083984375
01a0a57f-e612-73a0-a4c0-523ced5dc57c,d,D,QB17,17,0,standard_pi_2,4,0.07,-7200000.0,-7.2,603,1024,0.5888671875
01a0a57f-e612-73a0-a4c0-523ced5dc57c,d,D,QB17,17,0,standard_pi_2,5,0.07,-6750000.0,-6.75,608,1024,0.59375
01a0a57f-e612-73a0-a4c0-523ced5dc57c,d,D,QB17,17,0,standard_pi_2,6,0.07,-6300000.0,-6.3,600,1024,0.5859375
01a0a57f-e612-73a0-a4c0-523ced5dc57c,d,D,QB17,17,0,standard_pi_2,7,0.07,-5850000.0,-5.85,611,1024,0.5966796875
01a0a57f-e612-73a0-a4c0-523ced5dc57c,d,D,QB17,17,0,standard_pi_2,8,0.07,-5400000.0,-5.4,619,1024,0.6044921875
01a0a57f-e612-73a0-a4c0-523ced5dc57c,d,D,QB17,17,0,standard_pi_2,9,0.07,-4950000.0,-4.95,597,1024,0.5830078125
01a0a57f-e612-73a0-a4c0-523ced5dc57c,d,D,QB17,17,0,standard_pi_2,10,0.07,-4500000.0,-4.5,593,1024,0.5791015625
01a0a57f-e612-73a0-a4c0-523ced5dc57c,d,D,QB17,17,0,standard_pi_2,11,0.07,-4050000.0,-4.05,584,1024,0.5703125
01a0a57f-e612-73a0-a4c0-523ced5dc57c,d,D,QB17,17,0,standard_pi_2,12,0.07,-3600000.0,-3.6,594,1024,0.580078125
01a0a57f-e612-73a0-a4c0-523ced5dc57c,d,D,QB17,17,0,standard_pi_2,13,0.07,-3150000.0,-3.15,604,1024,0.58984375
01a0a57f-e612-73a0-a4c0-523ced5dc57c,d,D,QB17,17,0,standard_pi_2,14,0.07,-2700000.0,-2.7,597,1024,0.5830078125
01a0a57f-e612-73a0-a4c0-523ced5dc57c,d,D,QB17,17,0,standard_pi_2,15,0.07,-2250000.0,-2.25,582,1024,0.568359375
01a0a57f-e612-73a0-a4c0-523ced5dc57c,d,D,QB17,17,0,standard_pi_2,16,0.07,-1800000.0,-1.8,578,1024,0.564453125
01a0a57f-e612-73a0-a4c0-523ced5dc57c,d,D,QB17,17,0,standard_pi_2,17,0.07,-1350000.0,-1.35,569,1024,0.5556640625
01a0a57f-e612-73a0-a4c0-523ced5dc57c,d,D,QB17,17,0,standard_pi_2,18,0.07,-900000.0,-0.9,592,1024,0.578125
01a0a57f-e612-73a0-a4c0-523ced5dc57c,d,D,QB17,17,0,standard_pi_2,19,0.07,-450000.0,-0.45,569,1024,0.5556640625
01a0a57f-e612-73a0-a4c0-523ced5dc57c,d,D,QB17,17,0,standard_pi_2,20,0.07,0.0,0.0,570,1024,0.556640625
01a0a57f-e612-73a0-a4c0-523ced5dc57c,d,D,QB17,17,0,standard_pi_2,21,0.07,450000.0,0.45,594,1024,0.580078125
01a0a57f-e612-73a0-a4c0-523ced5dc57c,d,D,QB17,17,0,standard_pi_2,22,0.07,900000.0,0.9,581,1024,0.5673828125
01a0a57f-e612-73a0-a4c0-523ced5dc57c,d,D,QB17,17,0,standard_pi_2,23,0.07,1350000.0,1.35,556,1024,0.54296875
01a0a57f-e612-73a0-a4c0-523ced5dc57c,d,D,QB17,17,0,standard_pi_2,24,0.07,1800000.0,1.8,541,1024,0.5283203125
01a0a57f-e612-73a0-a4c0-523ced5dc57c,d,D,QB17,17,0,standard_pi_2,25,0.07,2250000.0,2.25,567,1024,0.5537109375
01a0a57f-e612-73a0-a4c0-523ced5dc57c,d,D,QB17,17,0,standard_pi_2,26,0.07,2700000.0,2.7,582,1024,0.568359375
01a0a57f-e612-73a0-a4c0-523ced5dc57c,d,D,QB17,17,0,standard_pi_2,27,0.07,3150000.0,3.15,569,1024,0.5556640625
01a0a57f-e612-73a0-a4c0-523ced5dc57c,d,D,QB17,17,0,standard_pi_2,28,0.07,3600000.0,3.6,552,1024,0.5390625
01a0a57f-e612-73a0-a4c0-523ced5dc57c,d,D,QB17,17,0,standard_pi_2,29,0.07,4050000.0,4.05,565,1024,0.5517578125
01a0a57f-e612-73a0-a4c0-523ced5dc57c,d,D,QB17,17,0,standard_pi_2,30,0.07,4500000.0,4.5,529,1024,0.5166015625
01a0a57f-e612-73a0-a4c0-523ced5dc57c,d,D,QB17,17,0,standard_pi_2,31,0.07,4950000.0,4.95,550,1024,0.537109375
01a0a57f-e612-73a0-a4c0-523ced5dc57c,d,D,QB17,17,0,standard_pi_2,32,0.07,5400000.0,5.4,552,1024,0.5390625
01a0a57f-e612-73a0-a4c0-523ced5dc57c,d,D,QB17,17,0,standard_pi_2,33,0.07,5850000.0,5.85,516,1024,0.50390625
01a0a57f-e612-73a0-a4c0-523ced5dc57c,d,D,QB17,17,0,standard_pi_2,34,0.07,6300000.0,6.3,534,1024,0.521484375
01a0a57f-e612-73a0-a4c0-523ced5dc57c,d,D,QB17,17,0,standard_pi_2,35,0.07,6750000.0,6.75,525,1024,0.5126953125
01a0a57f-e612-73a0-a4c0-523ced5dc57c,d,D,QB17,17,0,standard_pi_2,36,0.07,7200000.0,7.2,531,1024,0.5185546875
01a0a57f-e612-73a0-a4c0-523ced5dc57c,d,D,QB17,17,0,standard_pi_2,37,0.07,7650000.0,7.65,538,1024,0.525390625
01a0a57f-e612-73a0-a4c0-523ced5dc57c,d,D,QB17,17,0,standard_pi_2,38,0.07,8100000.0,8.1,511,1024,0.4990234375
01a0a57f-e612-73a0-a4c0-523ced5dc57c,d,D,QB17,17,0,standard_pi_2,39,0.07,8550000.0,8.55,540,1024,0.52734375
01a0a57f-e612-73a0-a4c0-523ced5dc57c,d,D,QB17,17,0,standard_pi_2,40,0.07,9000000.0,9.0,540,1024,0.52734375
01a0a57f-e612-73a0-a4c0-523ced5dc57c,d,D,QB17,17,1,UVH4d,0,0.07,-9000000.0,-9.0,413,1024,0.4033203125
01a0a57f-e612-73a0-a4c0-523ced5dc57c,d,D,QB17,17,1,UVH4d,1,0.07,-8550000.0,-8.55,406,1024,0.396484375
01a0a57f-e612-73a0-a4c0-523ced5dc57c,d,D,QB17,17,1,UVH4d,2,0.07,-8100000.0,-8.1,411,1024,0.4013671875
01a0a57f-e612-73a0-a4c0-523ced5dc57c,d,D,QB17,17,1,UVH4d,3,0.07,-7650000.0,-7.65,411,1024,0.4013671875
01a0a57f-e612-73a0-a4c0-523ced5dc57c,d,D,QB17,17,1,UVH4d,4,0.07,-7200000.0,-7.2,418,1024,0.408203125
01a0a57f-e612-73a0-a4c0-523ced5dc57c,d,D,QB17,17,1,UVH4d,5,0.07,-6750000.0,-6.75,434,1024,0.423828125
01a0a57f-e612-73a0-a4c0-523ced5dc57c,d,D,QB17,17,1,UVH4d,6,0.07,-6300000.0,-6.3,433,1024,0.4228515625
01a0a57f-e612-73a0-a4c0-523ced5dc57c,d,D,QB17,17,1,UVH4d,7,0.07,-5850000.0,-5.85,438,1024,0.427734375
01a0a57f-e612-73a0-a4c0-523ced5dc57c,d,D,QB17,17,1,UVH4d,8,0.07,-5400000.0,-5.4,451,1024,0.4404296875
01a0a57f-e612-73a0-a4c0-523ced5dc57c,d,D,QB17,17,1,UVH4d,9,0.07,-4950000.0,-4.95,482,1024,0.470703125
01a0a57f-e612-73a0-a4c0-523ced5dc57c,d,D,QB17,17,1,UVH4d,10,0.07,-4500000.0,-4.5,489,1024,0.4775390625
01a0a57f-e612-73a0-a4c0-523ced5dc57c,d,D,QB17,17,1,UVH4d,11,0.07,-4050000.0,-4.05,485,1024,0.4736328125
01a0a57f-e612-73a0-a4c0-523ced5dc57c,d,D,QB17,17,1,UVH4d,12,0.07,-3600000.0,-3.6,492,1024,0.48046875
01a0a57f-e612-73a0-a4c0-523ced5dc57c,d,D,QB17,17,1,UVH4d,13,0.07,-3150000.0,-3.15,485,1024,0.4736328125
01a0a57f-e612-73a0-a4c0-523ced5dc57c,d,D,QB17,17,1,UVH4d,14,0.07,-2700000.0,-2.7,512,1024,0.5
01a0a57f-e612-73a0-a4c0-523ced5dc57c,d,D,QB17,17,1,UVH4d,15,0.07,-2250000.0,-2.25,494,1024,0.482421875
01a0a57f-e612-73a0-a4c0-523ced5dc57c,d,D,QB17,17,1,UVH4d,16,0.07,-1800000.0,-1.8,476,1024,0.46484375
01a0a57f-e612-73a0-a4c0-523ced5dc57c,d,D,QB17,17,1,UVH4d,17,0.07,-1350000.0,-1.35,495,1024,0.4833984375
01a0a57f-e612-73a0-a4c0-523ced5dc57c,d,D,QB17,17,1,UVH4d,18,0.07,-900000.0,-0.9,538,1024,0.525390625
01a0a57f-e612-73a0-a4c0-523ced5dc57c,d,D,QB17,17,1,UVH4d,19,0.07,-450000.0,-0.45,525,1024,0.5126953125
01a0a57f-e612-73a0-a4c0-523ced5dc57c,d,D,QB17,17,1,UVH4d,20,0.07,0.0,0.0,513,1024,0.5009765625
01a0a57f-e612-73a0-a4c0-523ced5dc57c,d,D,QB17,17,1,UVH4d,21,0.07,450000.0,0.45,508,1024,0.49609375
01a0a57f-e612-73a0-a4c0-523ced5dc57c,d,D,QB17,17,1,UVH4d,22,0.07,900000.0,0.9,504,1024,0.4921875
01a0a57f-e612-73a0-a4c0-523ced5dc57c,d,D,QB17,17,1,UVH4d,23,0.07,1350000.0,1.35,507,1024,0.4951171875
01a0a57f-e612-73a0-a4c0-523ced5dc57c,d,D,QB17,17,1,UVH4d,24,0.07,1800000.0,1.8,517,1024,0.5048828125
01a0a57f-e612-73a0-a4c0-523ced5dc57c,d,D,QB17,17,1,UVH4d,25,0.07,2250000.0,2.25,513,1024,0.5009765625
01a0a57f-e612-73a0-a4c0-523ced5dc57c,d,D,QB17,17,1,UVH4d,26,0.07,2700000.0,2.7,510,1024,0.498046875
01a0a57f-e612-73a0-a4c0-523ced5dc57c,d,D,QB17,17,1,UVH4d,27,0.07,3150000.0,3.15,513,1024,0.5009765625
01a0a57f-e612-73a0-a4c0-523ced5dc57c,d,D,QB17,17,1,UVH4d,28,0.07,3600000.0,3.6,520,1024,0.5078125
01a0a57f-e612-73a0-a4c0-523ced5dc57c,d,D,QB17,17,1,UVH4d,29,0.07,4050000.0,4.05,517,1024,0.5048828125
01a0a57f-e612-73a0-a4c0-523ced5dc57c,d,D,QB17,17,1,UVH4d,30,0.07,4500000.0,4.5,537,1024,0.5244140625
01a0a57f-e612-73a0-a4c0-523ced5dc57c,d,D,QB17,17,1,UVH4d,31,0.07,4950000.0,4.95,538,1024,0.525390625
01a0a57f-e612-73a0-a4c0-523ced5dc57c,d,D,QB17,17,1,UVH4d,32,0.07,5400000.0,5.4,532,1024,0.51953125
01a0a57f-e612-73a0-a4c0-523ced5dc57c,d,D,QB17,17,1,UVH4d,33,0.07,5850000.0,5.85,537,1024,0.5244140625
01a0a57f-e612-73a0-a4c0-523ced5dc57c,d,D,QB17,17,1,UVH4d,34,0.07,6300000.0,6.3,577,1024,0.5634765625
01a0a57f-e612-73a0-a4c0-523ced5dc57c,d,D,QB17,17,1,UVH4d,35,0.07,6750000.0,6.75,590,1024,0.576171875
01a0a57f-e612-73a0-a4c0-523ced5dc57c,d,D,QB17,17,1,UVH4d,36,0.07,7200000.0,7.2,592,1024,0.578125
01a0a57f-e612-73a0-a4c0-523ced5dc57c,d,D,QB17,17,1,UVH4d,37,0.07,7650000.0,7.65,613,1024,0.5986328125
01a0a57f-e612-73a0-a4c0-523ced5dc57c,d,D,QB17,17,1,UVH4d,38,0.07,8100000.0,8.1,628,1024,0.61328125
01a0a57f-e612-73a0-a4c0-523ced5dc57c,d,D,QB17,17,1,UVH4d,39,0.07,8550000.0,8.55,606,1024,0.591796875
01a0a57f-e612-73a0-a4c0-523ced5dc57c,d,D,QB17,17,1,UVH4d,40,0.07,9000000.0,9.0,600,1024,0.5859375
01a0a57f-e612-73a0-a4c0-523ced5dc57c,d,D,QB17,17,2,UVH5d,0,0.07,-9000000.0,-9.0,150,1024,0.146484375
01a0a57f-e612-73a0-a4c0-523ced5dc57c,d,D,QB17,17,2,UVH5d,1,0.07,-8550000.0,-8.55,153,1024,0.1494140625
01a0a57f-e612-73a0-a4c0-523ced5dc57c,d,D,QB17,17,2,UVH5d,2,0.07,-8100000.0,-8.1,199,1024,0.1943359375
01a0a57f-e612-73a0-a4c0-523ced5dc57c,d,D,QB17,17,2,UVH5d,3,0.07,-7650000.0,-7.65,219,1024,0.2138671875
01a0a57f-e612-73a0-a4c0-523ced5dc57c,d,D,QB17,17,2,UVH5d,4,0.07,-7200000.0,-7.2,237,1024,0.2314453125
01a0a57f-e612-73a0-a4c0-523ced5dc57c,d,D,QB17,17,2,UVH5d,5,0.07,-6750000.0,-6.75,299,1024,0.2919921875
01a0a57f-e612-73a0-a4c0-523ced5dc57c,d,D,QB17,17,2,UVH5d,6,0.07,-6300000.0,-6.3,321,1024,0.3134765625
01a0a57f-e612-73a0-a4c0-523ced5dc57c,d,D,QB17,17,2,UVH5d,7,0.07,-5850000.0,-5.85,337,1024,0.3291015625
01a0a57f-e612-73a0-a4c0-523ced5dc57c,d,D,QB17,17,2,UVH5d,8,0.07,-5400000.0,-5.4,376,1024,0.3671875
01a0a57f-e612-73a0-a4c0-523ced5dc57c,d,D,QB17,17,2,UVH5d,9,0.07,-4950000.0,-4.95,408,1024,0.3984375
01a0a57f-e612-73a0-a4c0-523ced5dc57c,d,D,QB17,17,2,UVH5d,10,0.07,-4500000.0,-4.5,433,1024,0.4228515625
01a0a57f-e612-73a0-a4c0-523ced5dc57c,d,D,QB17,17,2,UVH5d,11,0.07,-4050000.0,-4.05,503,1024,0.4912109375
01a0a57f-e612-73a0-a4c0-523ced5dc57c,d,D,QB17,17,2,UVH5d,12,0.07,-3600000.0,-3.6,498,1024,0.486328125
01a0a57f-e612-73a0-a4c0-523ced5dc57c,d,D,QB17,17,2,UVH5d,13,0.07,-3150000.0,-3.15,475,1024,0.4638671875
01a0a57f-e612-73a0-a4c0-523ced5dc57c,d,D,QB17,17,2,UVH5d,14,0.07,-2700000.0,-2.7,539,1024,0.5263671875
01a0a57f-e612-73a0-a4c0-523ced5dc57c,d,D,QB17,17,2,UVH5d,15,0.07,-2250000.0,-2.25,540,1024,0.52734375
01a0a57f-e612-73a0-a4c0-523ced5dc57c,d,D,QB17,17,2,UVH5d,16,0.07,-1800000.0,-1.8,553,1024,0.5400390625
01a0a57f-e612-73a0-a4c0-523ced5dc57c,d,D,QB17,17,2,UVH5d,17,0.07,-1350000.0,-1.35,541,1024,0.5283203125
01a0a57f-e612-73a0-a4c0-523ced5dc57c,d,D,QB17,17,2,UVH5d,18,0.07,-900000.0,-0.9,563,1024,0.5498046875
01a0a57f-e612-73a0-a4c0-523ced5dc57c,d,D,QB17,17,2,UVH5d,19,0.07,-450000.0,-0.45,563,1024,0.5498046875
01a0a57f-e612-73a0-a4c0-523ced5dc57c,d,D,QB17,17,2,UVH5d,20,0.07,0.0,0.0,571,1024,0.5576171875
01a0a57f-e612-73a0-a4c0-523ced5dc57c,d,D,QB17,17,2,UVH5d,21,0.07,450000.0,0.45,541,1024,0.5283203125
01a0a57f-e612-73a0-a4c0-523ced5dc57c,d,D,QB17,17,2,UVH5d,22,0.07,900000.0,0.9,578,1024,0.564453125
01a0a57f-e612-73a0-a4c0-523ced5dc57c,d,D,QB17,17,2,UVH5d,23,0.07,1350000.0,1.35,575,1024,0.5615234375
01a0a57f-e612-73a0-a4c0-523ced5dc57c,d,D,QB17,17,2,UVH5d,24,0.07,1800000.0,1.8,537,1024,0.5244140625
01a0a57f-e612-73a0-a4c0-523ced5dc57c,d,D,QB17,17,2,UVH5d,25,0.07,2250000.0,2.25,513,1024,0.5009765625
01a0a57f-e612-73a0-a4c0-523ced5dc57c,d,D,QB17,17,2,UVH5d,26,0.07,2700000.0,2.7,548,1024,0.53515625
01a0a57f-e612-73a0-a4c0-523ced5dc57c,d,D,QB17,17,2,UVH5d,27,0.07,3150000.0,3.15,550,1024,0.537109375
01a0a57f-e612-73a0-a4c0-523ced5dc57c,d,D,QB17,17,2,UVH5d,28,0.07,3600000.0,3.6,543,1024,0.5302734375
01a0a57f-e612-73a0-a4c0-523ced5dc57c,d,D,QB17,17,2,UVH5d,29,0.07,4050000.0,4.05,541,1024,0.5283203125
01a0a57f-e612-73a0-a4c0-523ced5dc57c,d,D,QB17,17,2,UVH5d,30,0.07,4500000.0,4.5,520,1024,0.5078125
01a0a57f-e612-73a0-a4c0-523ced5dc57c,d,D,QB17,17,2,UVH5d,31,0.07,4950000.0,4.95,503,1024,0.4912109375
01a0a57f-e612-73a0-a4c0-523ced5dc57c,d,D,QB17,17,2,UVH5d,32,0.07,5400000.0,5.4,525,1024,0.5126953125
01a0a57f-e612-73a0-a4c0-523ced5dc57c,d,D,QB17,17,2,UVH5d,33,0.07,5850000.0,5.85,541,1024,0.5283203125
01a0a57f-e612-73a0-a4c0-523ced5dc57c,d,D,QB17,17,2,UVH5d,34,0.07,6300000.0,6.3,532,1024,0.51953125
01a0a57f-e612-73a0-a4c0-523ced5dc57c,d,D,QB17,17,2,UVH5d,35,0.07,6750000.0,6.75,517,1024,0.5048828125
01a0a57f-e612-73a0-a4c0-523ced5dc57c,d,D,QB17,17,2,UVH5d,36,0.07,7200000.0,7.2,517,1024,0.5048828125
01a0a57f-e612-73a0-a4c0-523ced5dc57c,d,D,QB17,17,2,UVH5d,37,0.07,7650000.0,7.65,499,1024,0.4873046875
01a0a57f-e612-73a0-a4c0-523ced5dc57c,d,D,QB17,17,2,UVH5d,38,0.07,8100000.0,8.1,520,1024,0.5078125
01a0a57f-e612-73a0-a4c0-523ced5dc57c,d,D,QB17,17,2,UVH5d,39,0.07,8550000.0,8.55,507,1024,0.4951171875
01a0a57f-e612-73a0-a4c0-523ced5dc57c,d,D,QB17,17,2,UVH5d,40,0.07,9000000.0,9.0,503,1024,0.4912109375
01a0a57f-e612-73a0-a4c0-523ced5dc57c,d,D,QB17,17,3,UVH6d,0,0.07,-9000000.0,-9.0,570,1024,0.556640625
01a0a57f-e612-73a0-a4c0-523ced5dc57c,d,D,QB17,17,3,UVH6d,1,0.07,-8550000.0,-8.55,574,1024,0.560546875
01a0a57f-e612-73a0-a4c0-523ced5dc57c,d,D,QB17,17,3,UVH6d,2,0.07,-8100000.0,-8.1,549,1024,0.5361328125
01a0a57f-e612-73a0-a4c0-523ced5dc57c,d,D,QB17,17,3,UVH6d,3,0.07,-7650000.0,-7.65,512,1024,0.5
01a0a57f-e612-73a0-a4c0-523ced5dc57c,d,D,QB17,17,3,UVH6d,4,0.07,-7200000.0,-7.2,516,1024,0.50390625
01a0a57f-e612-73a0-a4c0-523ced5dc57c,d,D,QB17,17,3,UVH6d,5,0.07,-6750000.0,-6.75,545,1024,0.5322265625
01a0a57f-e612-73a0-a4c0-523ced5dc57c,d,D,QB17,17,3,UVH6d,6,0.07,-6300000.0,-6.3,502,1024,0.490234375
01a0a57f-e612-73a0-a4c0-523ced5dc57c,d,D,QB17,17,3,UVH6d,7,0.07,-5850000.0,-5.85,516,1024,0.50390625
01a0a57f-e612-73a0-a4c0-523ced5dc57c,d,D,QB17,17,3,UVH6d,8,0.07,-5400000.0,-5.4,485,1024,0.4736328125
01a0a57f-e612-73a0-a4c0-523ced5dc57c,d,D,QB17,17,3,UVH6d,9,0.07,-4950000.0,-4.95,491,1024,0.4794921875
01a0a57f-e612-73a0-a4c0-523ced5dc57c,d,D,QB17,17,3,UVH6d,10,0.07,-4500000.0,-4.5,508,1024,0.49609375
01a0a57f-e612-73a0-a4c0-523ced5dc57c,d,D,QB17,17,3,UVH6d,11,0.07,-4050000.0,-4.05,513,1024,0.5009765625
01a0a57f-e612-73a0-a4c0-523ced5dc57c,d,D,QB17,17,3,UVH6d,12,0.07,-3600000.0,-3.6,454,1024,0.443359375
01a0a57f-e612-73a0-a4c0-523ced5dc57c,d,D,QB17,17,3,UVH6d,13,0.07,-3150000.0,-3.15,486,1024,0.474609375
01a0a57f-e612-73a0-a4c0-523ced5dc57c,d,D,QB17,17,3,UVH6d,14,0.07,-2700000.0,-2.7,484,1024,0.47265625
01a0a57f-e612-73a0-a4c0-523ced5dc57c,d,D,QB17,17,3,UVH6d,15,0.07,-2250000.0,-2.25,503,1024,0.4912109375
01a0a57f-e612-73a0-a4c0-523ced5dc57c,d,D,QB17,17,3,UVH6d,16,0.07,-1800000.0,-1.8,483,1024,0.4716796875
01a0a57f-e612-73a0-a4c0-523ced5dc57c,d,D,QB17,17,3,UVH6d,17,0.07,-1350000.0,-1.35,499,1024,0.4873046875
01a0a57f-e612-73a0-a4c0-523ced5dc57c,d,D,QB17,17,3,UVH6d,18,0.07,-900000.0,-0.9,489,1024,0.4775390625
01a0a57f-e612-73a0-a4c0-523ced5dc57c,d,D,QB17,17,3,UVH6d,19,0.07,-450000.0,-0.45,494,1024,0.482421875
01a0a57f-e612-73a0-a4c0-523ced5dc57c,d,D,QB17,17,3,UVH6d,20,0.07,0.0,0.0,494,1024,0.482421875
01a0a57f-e612-73a0-a4c0-523ced5dc57c,d,D,QB17,17,3,UVH6d,21,0.07,450000.0,0.45,468,1024,0.45703125
01a0a57f-e612-73a0-a4c0-523ced5dc57c,d,D,QB17,17,3,UVH6d,22,0.07,900000.0,0.9,484,1024,0.47265625
01a0a57f-e612-73a0-a4c0-523ced5dc57c,d,D,QB17,17,3,UVH6d,23,0.07,1350000.0,1.35,473,1024,0.4619140625
01a0a57f-e612-73a0-a4c0-523ced5dc57c,d,D,QB17,17,3,UVH6d,24,0.07,1800000.0,1.8,493,1024,0.4814453125
01a0a57f-e612-73a0-a4c0-523ced5dc57c,d,D,QB17,17,3,UVH6d,25,0.07,2250000.0,2.25,494,1024,0.482421875
01a0a57f-e612-73a0-a4c0-523ced5dc57c,d,D,QB17,17,3,UVH6d,26,0.07,2700000.0,2.7,499,1024,0.4873046875
01a0a57f-e612-73a0-a4c0-523ced5dc57c,d,D,QB17,17,3,UVH6d,27,0.07,3150000.0,3.15,513,1024,0.5009765625
01a0a57f-e612-73a0-a4c0-523ced5dc57c,d,D,QB17,17,3,UVH6d,28,0.07,3600000.0,3.6,500,1024,0.48828125
01a0a57f-e612-73a0-a4c0-523ced5dc57c,d,D,QB17,17,3,UVH6d,29,0.07,4050000.0,4.05,514,1024,0.501953125
01a0a57f-e612-73a0-a4c0-523ced5dc57c,d,D,QB17,17,3,UVH6d,30,0.07,4500000.0,4.5,499,1024,0.4873046875
01a0a57f-e612-73a0-a4c0-523ced5dc57c,d,D,QB17,17,3,UVH6d,31,0.07,4950000.0,4.95,514,1024,0.501953125
01a0a57f-e612-73a0-a4c0-523ced5dc57c,d,D,QB17,17,3,UVH6d,32,0.07,5400000.0,5.4,525,1024,0.5126953125
01a0a57f-e612-73a0-a4c0-523ced5dc57c,d,D,QB17,17,3,UVH6d,33,0.07,5850000.0,5.85,542,1024,0.529296875
01a0a57f-e612-73a0-a4c0-523ced5dc57c,d,D,QB17,17,3,UVH6d,34,0.07,6300000.0,6.3,575,1024,0.5615234375
01a0a57f-e612-73a0-a4c0-523ced5dc57c,d,D,QB17,17,3,UVH6d,35,0.07,6750000.0,6.75,568,1024,0.5546875
01a0a57f-e612-73a0-a4c0-523ced5dc57c,d,D,QB17,17,3,UVH6d,36,0.07,7200000.0,7.2,540,1024,0.52734375
01a0a57f-e612-73a0-a4c0-523ced5dc57c,d,D,QB17,17,3,UVH6d,37,0.07,7650000.0,7.65,585,1024,0.5712890625
01a0a57f-e612-73a0-a4c0-523ced5dc57c,d,D,QB17,17,3,UVH6d,38,0.07,8100000.0,8.1,614,1024,0.599609375
01a0a57f-e612-73a0-a4c0-523ced5dc57c,d,D,QB17,17,3,UVH6d,39,0.07,8550000.0,8.55,642,1024,0.626953125
01a0a57f-e612-73a0-a4c0-523ced5dc57c,d,D,QB17,17,3,UVH6d,40,0.07,9000000.0,9.0,625,1024,0.6103515625
01a0a57f-e612-73a0-a4c0-523ced5dc57c,d,D,QB17,17,4,UVH7d,0,0.07,-9000000.0,-9.0,570,1024,0.556640625
01a0a57f-e612-73a0-a4c0-523ced5dc57c,d,D,QB17,17,4,UVH7d,1,0.07,-8550000.0,-8.55,535,1024,0.5224609375
01a0a57f-e612-73a0-a4c0-523ced5dc57c,d,D,QB17,17,4,UVH7d,2,0.07,-8100000.0,-8.1,506,1024,0.494140625
01a0a57f-e612-73a0-a4c0-523ced5dc57c,d,D,QB17,17,4,UVH7d,3,0.07,-7650000.0,-7.65,522,1024,0.509765625
01a0a57f-e612-73a0-a4c0-523ced5dc57c,d,D,QB17,17,4,UVH7d,4,0.07,-7200000.0,-7.2,506,1024,0.494140625
01a0a57f-e612-73a0-a4c0-523ced5dc57c,d,D,QB17,17,4,UVH7d,5,0.07,-6750000.0,-6.75,453,1024,0.4423828125
01a0a57f-e612-73a0-a4c0-523ced5dc57c,d,D,QB17,17,4,UVH7d,6,0.07,-6300000.0,-6.3,492,1024,0.48046875
01a0a57f-e612-73a0-a4c0-523ced5dc57c,d,D,QB17,17,4,UVH7d,7,0.07,-5850000.0,-5.85,500,1024,0.48828125
01a0a57f-e612-73a0-a4c0-523ced5dc57c,d,D,QB17,17,4,UVH7d,8,0.07,-5400000.0,-5.4,473,1024,0.4619140625
01a0a57f-e612-73a0-a4c0-523ced5dc57c,d,D,QB17,17,4,UVH7d,9,0.07,-4950000.0,-4.95,468,1024,0.45703125
01a0a57f-e612-73a0-a4c0-523ced5dc57c,d,D,QB17,17,4,UVH7d,10,0.07,-4500000.0,-4.5,459,1024,0.4482421875
01a0a57f-e612-73a0-a4c0-523ced5dc57c,d,D,QB17,17,4,UVH7d,11,0.07,-4050000.0,-4.05,472,1024,0.4609375
01a0a57f-e612-73a0-a4c0-523ced5dc57c,d,D,QB17,17,4,UVH7d,12,0.07,-3600000.0,-3.6,446,1024,0.435546875
01a0a57f-e612-73a0-a4c0-523ced5dc57c,d,D,QB17,17,4,UVH7d,13,0.07,-3150000.0,-3.15,466,1024,0.455078125
01a0a57f-e612-73a0-a4c0-523ced5dc57c,d,D,QB17,17,4,UVH7d,14,0.07,-2700000.0,-2.7,450,1024,0.439453125
01a0a57f-e612-73a0-a4c0-523ced5dc57c,d,D,QB17,17,4,UVH7d,15,0.07,-2250000.0,-2.25,445,1024,0.4345703125
01a0a57f-e612-73a0-a4c0-523ced5dc57c,d,D,QB17,17,4,UVH7d,16,0.07,-1800000.0,-1.8,421,1024,0.4111328125
01a0a57f-e612-73a0-a4c0-523ced5dc57c,d,D,QB17,17,4,UVH7d,17,0.07,-1350000.0,-1.35,447,1024,0.4365234375
01a0a57f-e612-73a0-a4c0-523ced5dc57c,d,D,QB17,17,4,UVH7d,18,0.07,-900000.0,-0.9,459,1024,0.4482421875
01a0a57f-e612-73a0-a4c0-523ced5dc57c,d,D,QB17,17,4,UVH7d,19,0.07,-450000.0,-0.45,438,1024,0.427734375
01a0a57f-e612-73a0-a4c0-523ced5dc57c,d,D,QB17,17,4,UVH7d,20,0.07,0.0,0.0,410,1024,0.400390625
01a0a57f-e612-73a0-a4c0-523ced5dc57c,d,D,QB17,17,4,UVH7d,21,0.07,450000.0,0.45,464,1024,0.453125
01a0a57f-e612-73a0-a4c0-523ced5dc57c,d,D,QB17,17,4,UVH7d,22,0.07,900000.0,0.9,439,1024,0.4287109375
01a0a57f-e612-73a0-a4c0-523ced5dc57c,d,D,QB17,17,4,UVH7d,23,0.07,1350000.0,1.35,440,1024,0.4296875
01a0a57f-e612-73a0-a4c0-523ced5dc57c,d,D,QB17,17,4,UVH7d,24,0.07,1800000.0,1.8,459,1024,0.4482421875
01a0a57f-e612-73a0-a4c0-523ced5dc57c,d,D,QB17,17,4,UVH7d,25,0.07,2250000.0,2.25,440,1024,0.4296875
01a0a57f-e612-73a0-a4c0-523ced5dc57c,d,D,QB17,17,4,UVH7d,26,0.07,2700000.0,2.7,440,1024,0.4296875
01a0a57f-e612-73a0-a4c0-523ced5dc57c,d,D,QB17,17,4,UVH7d,27,0.07,3150000.0,3.15,443,1024,0.4326171875
01a0a57f-e612-73a0-a4c0-523ced5dc57c,d,D,QB17,17,4,UVH7d,28,0.07,3600000.0,3.6,446,1024,0.435546875
01a0a57f-e612-73a0-a4c0-523ced5dc57c,d,D,QB17,17,4,UVH7d,29,0.07,4050000.0,4.05,451,1024,0.4404296875
01a0a57f-e612-73a0-a4c0-523ced5dc57c,d,D,QB17,17,4,UVH7d,30,0.07,4500000.0,4.5,424,1024,0.4140625
01a0a57f-e612-73a0-a4c0-523ced5dc57c,d,D,QB17,17,4,UVH7d,31,0.07,4950000.0,4.95,419,1024,0.4091796875
01a0a57f-e612-73a0-a4c0-523ced5dc57c,d,D,QB17,17,4,UVH7d,32,0.07,5400000.0,5.4,411,1024,0.4013671875
01a0a57f-e612-73a0-a4c0-523ced5dc57c,d,D,QB17,17,4,UVH7d,33,0.07,5850000.0,5.85,404,1024,0.39453125
01a0a57f-e612-73a0-a4c0-523ced5dc57c,d,D,QB17,17,4,UVH7d,34,0.07,6300000.0,6.3,415,1024,0.4052734375
01a0a57f-e612-73a0-a4c0-523ced5dc57c,d,D,QB17,17,4,UVH7d,35,0.07,6750000.0,6.75,378,1024,0.369140625
01a0a57f-e612-73a0-a4c0-523ced5dc57c,d,D,QB17,17,4,UVH7d,36,0.07,7200000.0,7.2,382,1024,0.373046875
01a0a57f-e612-73a0-a4c0-523ced5dc57c,d,D,QB17,17,4,UVH7d,37,0.07,7650000.0,7.65,335,1024,0.3271484375
01a0a57f-e612-73a0-a4c0-523ced5dc57c,d,D,QB17,17,4,UVH7d,38,0.07,8100000.0,8.1,338,1024,0.330078125
01a0a57f-e612-73a0-a4c0-523ced5dc57c,d,D,QB17,17,4,UVH7d,39,0.07,8550000.0,8.55,331,1024,0.3232421875
01a0a57f-e612-73a0-a4c0-523ced5dc57c,d,D,QB17,17,4,UVH7d,40,0.07,9000000.0,9.0,330,1024,0.322265625
01a0a57f-e612-73a0-a4c0-523ced5dc57c,d,D,QB17,17,5,UVH8d,0,0.07,-9000000.0,-9.0,452,1024,0.44140625
01a0a57f-e612-73a0-a4c0-523ced5dc57c,d,D,QB17,17,5,UVH8d,1,0.07,-8550000.0,-8.55,493,1024,0.4814453125
01a0a57f-e612-73a0-a4c0-523ced5dc57c,d,D,QB17,17,5,UVH8d,2,0.07,-8100000.0,-8.1,463,1024,0.4521484375
01a0a57f-e612-73a0-a4c0-523ced5dc57c,d,D,QB17,17,5,UVH8d,3,0.07,-7650000.0,-7.65,470,1024,0.458984375
01a0a57f-e612-73a0-a4c0-523ced5dc57c,d,D,QB17,17,5,UVH8d,4,0.07,-7200000.0,-7.2,463,1024,0.4521484375
01a0a57f-e612-73a0-a4c0-523ced5dc57c,d,D,QB17,17,5,UVH8d,5,0.07,-6750000.0,-6.75,477,1024,0.4658203125
01a0a57f-e612-73a0-a4c0-523ced5dc57c,d,D,QB17,17,5,UVH8d,6,0.07,-6300000.0,-6.3,489,1024,0.4775390625
01a0a57f-e612-73a0-a4c0-523ced5dc57c,d,D,QB17,17,5,UVH8d,7,0.07,-5850000.0,-5.85,489,1024,0.4775390625
01a0a57f-e612-73a0-a4c0-523ced5dc57c,d,D,QB17,17,5,UVH8d,8,0.07,-5400000.0,-5.4,455,1024,0.4443359375
01a0a57f-e612-73a0-a4c0-523ced5dc57c,d,D,QB17,17,5,UVH8d,9,0.07,-4950000.0,-4.95,458,1024,0.447265625
01a0a57f-e612-73a0-a4c0-523ced5dc57c,d,D,QB17,17,5,UVH8d,10,0.07,-4500000.0,-4.5,442,1024,0.431640625
01a0a57f-e612-73a0-a4c0-523ced5dc57c,d,D,QB17,17,5,UVH8d,11,0.07,-4050000.0,-4.05,476,1024,0.46484375
01a0a57f-e612-73a0-a4c0-523ced5dc57c,d,D,QB17,17,5,UVH8d,12,0.07,-3600000.0,-3.6,476,1024,0.46484375
01a0a57f-e612-73a0-a4c0-523ced5dc57c,d,D,QB17,17,5,UVH8d,13,0.07,-3150000.0,-3.15,493,1024,0.4814453125
01a0a57f-e612-73a0-a4c0-523ced5dc57c,d,D,QB17,17,5,UVH8d,14,0.07,-2700000.0,-2.7,479,1024,0.4677734375
01a0a57f-e612-73a0-a4c0-523ced5dc57c,d,D,QB17,17,5,UVH8d,15,0.07,-2250000.0,-2.25,488,1024,0.4765625
01a0a57f-e612-73a0-a4c0-523ced5dc57c,d,D,QB17,17,5,UVH8d,16,0.07,-1800000.0,-1.8,485,1024,0.4736328125
01a0a57f-e612-73a0-a4c0-523ced5dc57c,d,D,QB17,17,5,UVH8d,17,0.07,-1350000.0,-1.35,460,1024,0.44921875
01a0a57f-e612-73a0-a4c0-523ced5dc57c,d,D,QB17,17,5,UVH8d,18,0.07,-900000.0,-0.9,497,1024,0.4853515625
01a0a57f-e612-73a0-a4c0-523ced5dc57c,d,D,QB17,17,5,UVH8d,19,0.07,-450000.0,-0.45,481,1024,0.4697265625
01a0a57f-e612-73a0-a4c0-523ced5dc57c,d,D,QB17,17,5,UVH8d,20,0.07,0.0,0.0,495,1024,0.4833984375
01a0a57f-e612-73a0-a4c0-523ced5dc57c,d,D,QB17,17,5,UVH8d,21,0.07,450000.0,0.45,539,1024,0.5263671875
01a0a57f-e612-73a0-a4c0-523ced5dc57c,d,D,QB17,17,5,UVH8d,22,0.07,900000.0,0.9,492,1024,0.48046875
01a0a57f-e612-73a0-a4c0-523ced5dc57c,d,D,QB17,17,5,UVH8d,23,0.07,1350000.0,1.35,469,1024,0.4580078125
01a0a57f-e612-73a0-a4c0-523ced5dc57c,d,D,QB17,17,5,UVH8d,24,0.07,1800000.0,1.8,488,1024,0.4765625
01a0a57f-e612-73a0-a4c0-523ced5dc57c,d,D,QB17,17,5,UVH8d,25,0.07,2250000.0,2.25,503,1024,0.4912109375
01a0a57f-e612-73a0-a4c0-523ced5dc57c,d,D,QB17,17,5,UVH8d,26,0.07,2700000.0,2.7,498,1024,0.486328125
01a0a57f-e612-73a0-a4c0-523ced5dc57c,d,D,QB17,17,5,UVH8d,27,0.07,3150000.0,3.15,477,1024,0.4658203125
01a0a57f-e612-73a0-a4c0-523ced5dc57c,d,D,QB17,17,5,UVH8d,28,0.07,3600000.0,3.6,489,1024,0.4775390625
01a0a57f-e612-73a0-a4c0-523ced5dc57c,d,D,QB17,17,5,UVH8d,29,0.07,4050000.0,4.05,480,1024,0.46875
01a0a57f-e612-73a0-a4c0-523ced5dc57c,d,D,QB17,17,5,UVH8d,30,0.07,4500000.0,4.5,489,1024,0.4775390625
01a0a57f-e612-73a0-a4c0-523ced5dc57c,d,D,QB17,17,5,UVH8d,31,0.07,4950000.0,4.95,509,1024,0.4970703125
01a0a57f-e612-73a0-a4c0-523ced5dc57c,d,D,QB17,17,5,UVH8d,32,0.07,5400000.0,5.4,486,1024,0.474609375
01a0a57f-e612-73a0-a4c0-523ced5dc57c,d,D,QB17,17,5,UVH8d,33,0.07,5850000.0,5.85,501,1024,0.4892578125
01a0a57f-e612-73a0-a4c0-523ced5dc57c,d,D,QB17,17,5,UVH8d,34,0.07,6300000.0,6.3,463,1024,0.4521484375
01a0a57f-e612-73a0-a4c0-523ced5dc57c,d,D,QB17,17,5,UVH8d,35,0.07,6750000.0,6.75,501,1024,0.4892578125
01a0a57f-e612-73a0-a4c0-523ced5dc57c,d,D,QB17,17,5,UVH8d,36,0.07,7200000.0,7.2,513,1024,0.5009765625
01a0a57f-e612-73a0-a4c0-523ced5dc57c,d,D,QB17,17,5,UVH8d,37,0.07,7650000.0,7.65,487,1024,0.4755859375
01a0a57f-e612-73a0-a4c0-523ced5dc57c,d,D,QB17,17,5,UVH8d,38,0.07,8100000.0,8.1,455,1024,0.4443359375
01a0a57f-e612-73a0-a4c0-523ced5dc57c,d,D,QB17,17,5,UVH8d,39,0.07,8550000.0,8.55,446,1024,0.435546875
01a0a57f-e612-73a0-a4c0-523ced5dc57c,d,D,QB17,17,5,UVH8d,40,0.07,9000000.0,9.0,447,1024,0.4365234375
01a0a57f-e612-73a0-a4c0-523ced5dc57c,d,D,QB15,18,0,standard_pi_2,0,0.07,-9000000.0,-9.0,597,1024,0.5830078125
01a0a57f-e612-73a0-a4c0-523ced5dc57c,d,D,QB15,18,0,standard_pi_2,1,0.07,-8550000.0,-8.55,595,1024,0.5810546875
01a0a57f-e612-73a0-a4c0-523ced5dc57c,d,D,QB15,18,0,standard_pi_2,2,0.07,-8100000.0,-8.1,577,1024,0.5634765625
01a0a57f-e612-73a0-a4c0-523ced5dc57c,d,D,QB15,18,0,standard_pi_2,3,0.07,-7650000.0,-7.65,585,1024,0.5712890625
01a0a57f-e612-73a0-a4c0-523ced5dc57c,d,D,QB15,18,0,standard_pi_2,4,0.07,-7200000.0,-7.2,606,1024,0.591796875
01a0a57f-e612-73a0-a4c0-523ced5dc57c,d,D,QB15,18,0,standard_pi_2,5,0.07,-6750000.0,-6.75,567,1024,0.5537109375
01a0a57f-e612-73a0-a4c0-523ced5dc57c,d,D,QB15,18,0,standard_pi_2,6,0.07,-6300000.0,-6.3,590,1024,0.576171875
01a0a57f-e612-73a0-a4c0-523ced5dc57c,d,D,QB15,18,0,standard_pi_2,7,0.07,-5850000.0,-5.85,580,1024,0.56640625
01a0a57f-e612-73a0-a4c0-523ced5dc57c,d,D,QB15,18,0,standard_pi_2,8,0.07,-5400000.0,-5.4,551,1024,0.5380859375
01a0a57f-e612-73a0-a4c0-523ced5dc57c,d,D,QB15,18,0,standard_pi_2,9,0.07,-4950000.0,-4.95,579,1024,0.5654296875
01a0a57f-e612-73a0-a4c0-523ced5dc57c,d,D,QB15,18,0,standard_pi_2,10,0.07,-4500000.0,-4.5,565,1024,0.5517578125
01a0a57f-e612-73a0-a4c0-523ced5dc57c,d,D,QB15,18,0,standard_pi_2,11,0.07,-4050000.0,-4.05,561,1024,0.5478515625
01a0a57f-e612-73a0-a4c0-523ced5dc57c,d,D,QB15,18,0,standard_pi_2,12,0.07,-3600000.0,-3.6,559,1024,0.5458984375
01a0a57f-e612-73a0-a4c0-523ced5dc57c,d,D,QB15,18,0,standard_pi_2,13,0.07,-3150000.0,-3.15,553,1024,0.5400390625
01a0a57f-e612-73a0-a4c0-523ced5dc57c,d,D,QB15,18,0,standard_pi_2,14,0.07,-2700000.0,-2.7,545,1024,0.5322265625
01a0a57f-e612-73a0-a4c0-523ced5dc57c,d,D,QB15,18,0,standard_pi_2,15,0.07,-2250000.0,-2.25,553,1024,0.5400390625
01a0a57f-e612-73a0-a4c0-523ced5dc57c,d,D,QB15,18,0,standard_pi_2,16,0.07,-1800000.0,-1.8,559,1024,0.5458984375
01a0a57f-e612-73a0-a4c0-523ced5dc57c,d,D,QB15,18,0,standard_pi_2,17,0.07,-1350000.0,-1.35,562,1024,0.548828125
01a0a57f-e612-73a0-a4c0-523ced5dc57c,d,D,QB15,18,0,standard_pi_2,18,0.07,-900000.0,-0.9,585,1024,0.5712890625
01a0a57f-e612-73a0-a4c0-523ced5dc57c,d,D,QB15,18,0,standard_pi_2,19,0.07,-450000.0,-0.45,547,1024,0.5341796875
01a0a57f-e612-73a0-a4c0-523ced5dc57c,d,D,QB15,18,0,standard_pi_2,20,0.07,0.0,0.0,526,1024,0.513671875
01a0a57f-e612-73a0-a4c0-523ced5dc57c,d,D,QB15,18,0,standard_pi_2,21,0.07,450000.0,0.45,543,1024,0.5302734375
01a0a57f-e612-73a0-a4c0-523ced5dc57c,d,D,QB15,18,0,standard_pi_2,22,0.07,900000.0,0.9,552,1024,0.5390625
01a0a57f-e612-73a0-a4c0-523ced5dc57c,d,D,QB15,18,0,standard_pi_2,23,0.07,1350000.0,1.35,508,1024,0.49609375
01a0a57f-e612-73a0-a4c0-523ced5dc57c,d,D,QB15,18,0,standard_pi_2,24,0.07,1800000.0,1.8,533,1024,0.5205078125
01a0a57f-e612-73a0-a4c0-523ced5dc57c,d,D,QB15,18,0,standard_pi_2,25,0.07,2250000.0,2.25,521,1024,0.5087890625
01a0a57f-e612-73a0-a4c0-523ced5dc57c,d,D,QB15,18,0,standard_pi_2,26,0.07,2700000.0,2.7,508,1024,0.49609375
01a0a57f-e612-73a0-a4c0-523ced5dc57c,d,D,QB15,18,0,standard_pi_2,27,0.07,3150000.0,3.15,558,1024,0.544921875
01a0a57f-e612-73a0-a4c0-523ced5dc57c,d,D,QB15,18,0,standard_pi_2,28,0.07,3600000.0,3.6,519,1024,0.5068359375
01a0a57f-e612-73a0-a4c0-523ced5dc57c,d,D,QB15,18,0,standard_pi_2,29,0.07,4050000.0,4.05,535,1024,0.5224609375
01a0a57f-e612-73a0-a4c0-523ced5dc57c,d,D,QB15,18,0,standard_pi_2,30,0.07,4500000.0,4.5,515,1024,0.5029296875
01a0a57f-e612-73a0-a4c0-523ced5dc57c,d,D,QB15,18,0,standard_pi_2,31,0.07,4950000.0,4.95,509,1024,0.4970703125
01a0a57f-e612-73a0-a4c0-523ced5dc57c,d,D,QB15,18,0,standard_pi_2,32,0.07,5400000.0,5.4,500,1024,0.48828125
01a0a57f-e612-73a0-a4c0-523ced5dc57c,d,D,QB15,18,0,standard_pi_2,33,0.07,5850000.0,5.85,524,1024,0.51171875
01a0a57f-e612-73a0-a4c0-523ced5dc57c,d,D,QB15,18,0,standard_pi_2,34,0.07,6300000.0,6.3,511,1024,0.4990234375
01a0a57f-e612-73a0-a4c0-523ced5dc57c,d,D,QB15,18,0,standard_pi_2,35,0.07,6750000.0,6.75,502,1024,0.490234375
01a0a57f-e612-73a0-a4c0-523ced5dc57c,d,D,QB15,18,0,standard_pi_2,36,0.07,7200000.0,7.2,500,1024,0.48828125
01a0a57f-e612-73a0-a4c0-523ced5dc57c,d,D,QB15,18,0,standard_pi_2,37,0.07,7650000.0,7.65,481,1024,0.4697265625
01a0a57f-e612-73a0-a4c0-523ced5dc57c,d,D,QB15,18,0,standard_pi_2,38,0.07,8100000.0,8.1,525,1024,0.5126953125
01a0a57f-e612-73a0-a4c0-523ced5dc57c,d,D,QB15,18,0,standard_pi_2,39,0.07,8550000.0,8.55,503,1024,0.4912109375
01a0a57f-e612-73a0-a4c0-523ced5dc57c,d,D,QB15,18,0,standard_pi_2,40,0.07,9000000.0,9.0,463,1024,0.4521484375
01a0a57f-e612-73a0-a4c0-523ced5dc57c,d,D,QB15,18,1,UVH4d,0,0.07,-9000000.0,-9.0,390,1024,0.380859375
01a0a57f-e612-73a0-a4c0-523ced5dc57c,d,D,QB15,18,1,UVH4d,1,0.07,-8550000.0,-8.55,373,1024,0.3642578125
01a0a57f-e612-73a0-a4c0-523ced5dc57c,d,D,QB15,18,1,UVH4d,2,0.07,-8100000.0,-8.1,393,1024,0.3837890625
01a0a57f-e612-73a0-a4c0-523ced5dc57c,d,D,QB15,18,1,UVH4d,3,0.07,-7650000.0,-7.65,427,1024,0.4169921875
01a0a57f-e612-73a0-a4c0-523ced5dc57c,d,D,QB15,18,1,UVH4d,4,0.07,-7200000.0,-7.2,424,1024,0.4140625
01a0a57f-e612-73a0-a4c0-523ced5dc57c,d,D,QB15,18,1,UVH4d,5,0.07,-6750000.0,-6.75,428,1024,0.41796875
01a0a57f-e612-73a0-a4c0-523ced5dc57c,d,D,QB15,18,1,UVH4d,6,0.07,-6300000.0,-6.3,438,1024,0.427734375
01a0a57f-e612-73a0-a4c0-523ced5dc57c,d,D,QB15,18,1,UVH4d,7,0.07,-5850000.0,-5.85,438,1024,0.427734375
01a0a57f-e612-73a0-a4c0-523ced5dc57c,d,D,QB15,18,1,UVH4d,8,0.07,-5400000.0,-5.4,457,1024,0.4462890625
01a0a57f-e612-73a0-a4c0-523ced5dc57c,d,D,QB15,18,1,UVH4d,9,0.07,-4950000.0,-4.95,475,1024,0.4638671875
01a0a57f-e612-73a0-a4c0-523ced5dc57c,d,D,QB15,18,1,UVH4d,10,0.07,-4500000.0,-4.5,500,1024,0.48828125
01a0a57f-e612-73a0-a4c0-523ced5dc57c,d,D,QB15,18,1,UVH4d,11,0.07,-4050000.0,-4.05,481,1024,0.4697265625
01a0a57f-e612-73a0-a4c0-523ced5dc57c,d,D,QB15,18,1,UVH4d,12,0.07,-3600000.0,-3.6,510,1024,0.498046875
01a0a57f-e612-73a0-a4c0-523ced5dc57c,d,D,QB15,18,1,UVH4d,13,0.07,-3150000.0,-3.15,515,1024,0.5029296875
01a0a57f-e612-73a0-a4c0-523ced5dc57c,d,D,QB15,18,1,UVH4d,14,0.07,-2700000.0,-2.7,502,1024,0.490234375
01a0a57f-e612-73a0-a4c0-523ced5dc57c,d,D,QB15,18,1,UVH4d,15,0.07,-2250000.0,-2.25,520,1024,0.5078125
01a0a57f-e612-73a0-a4c0-523ced5dc57c,d,D,QB15,18,1,UVH4d,16,0.07,-1800000.0,-1.8,522,1024,0.509765625
01a0a57f-e612-73a0-a4c0-523ced5dc57c,d,D,QB15,18,1,UVH4d,17,0.07,-1350000.0,-1.35,497,1024,0.4853515625
01a0a57f-e612-73a0-a4c0-523ced5dc57c,d,D,QB15,18,1,UVH4d,18,0.07,-900000.0,-0.9,510,1024,0.498046875
01a0a57f-e612-73a0-a4c0-523ced5dc57c,d,D,QB15,18,1,UVH4d,19,0.07,-450000.0,-0.45,502,1024,0.490234375
01a0a57f-e612-73a0-a4c0-523ced5dc57c,d,D,QB15,18,1,UVH4d,20,0.07,0.0,0.0,479,1024,0.4677734375
01a0a57f-e612-73a0-a4c0-523ced5dc57c,d,D,QB15,18,1,UVH4d,21,0.07,450000.0,0.45,524,1024,0.51171875
01a0a57f-e612-73a0-a4c0-523ced5dc57c,d,D,QB15,18,1,UVH4d,22,0.07,900000.0,0.9,540,1024,0.52734375
01a0a57f-e612-73a0-a4c0-523ced5dc57c,d,D,QB15,18,1,UVH4d,23,0.07,1350000.0,1.35,539,1024,0.5263671875
01a0a57f-e612-73a0-a4c0-523ced5dc57c,d,D,QB15,18,1,UVH4d,24,0.07,1800000.0,1.8,509,1024,0.4970703125
01a0a57f-e612-73a0-a4c0-523ced5dc57c,d,D,QB15,18,1,UVH4d,25,0.07,2250000.0,2.25,494,1024,0.482421875
01a0a57f-e612-73a0-a4c0-523ced5dc57c,d,D,QB15,18,1,UVH4d,26,0.07,2700000.0,2.7,546,1024,0.533203125
01a0a57f-e612-73a0-a4c0-523ced5dc57c,d,D,QB15,18,1,UVH4d,27,0.07,3150000.0,3.15,520,1024,0.5078125
01a0a57f-e612-73a0-a4c0-523ced5dc57c,d,D,QB15,18,1,UVH4d,28,0.07,3600000.0,3.6,550,1024,0.537109375
01a0a57f-e612-73a0-a4c0-523ced5dc57c,d,D,QB15,18,1,UVH4d,29,0.07,4050000.0,4.05,566,1024,0.552734375
01a0a57f-e612-73a0-a4c0-523ced5dc57c,d,D,QB15,18,1,UVH4d,30,0.07,4500000.0,4.5,560,1024,0.546875
01a0a57f-e612-73a0-a4c0-523ced5dc57c,d,D,QB15,18,1,UVH4d,31,0.07,4950000.0,4.95,572,1024,0.55859375
01a0a57f-e612-73a0-a4c0-523ced5dc57c,d,D,QB15,18,1,UVH4d,32,0.07,5400000.0,5.4,591,1024,0.5771484375
01a0a57f-e612-73a0-a4c0-523ced5dc57c,d,D,QB15,18,1,UVH4d,33,0.07,5850000.0,5.85,561,1024,0.5478515625
01a0a57f-e612-73a0-a4c0-523ced5dc57c,d,D,QB15,18,1,UVH4d,34,0.07,6300000.0,6.3,595,1024,0.5810546875
01a0a57f-e612-73a0-a4c0-523ced5dc57c,d,D,QB15,18,1,UVH4d,35,0.07,6750000.0,6.75,631,1024,0.6162109375
01a0a57f-e612-73a0-a4c0-523ced5dc57c,d,D,QB15,18,1,UVH4d,36,0.07,7200000.0,7.2,637,1024,0.6220703125
01a0a57f-e612-73a0-a4c0-523ced5dc57c,d,D,QB15,18,1,UVH4d,37,0.07,7650000.0,7.65,630,1024,0.615234375
01a0a57f-e612-73a0-a4c0-523ced5dc57c,d,D,QB15,18,1,UVH4d,38,0.07,8100000.0,8.1,637,1024,0.6220703125
01a0a57f-e612-73a0-a4c0-523ced5dc57c,d,D,QB15,18,1,UVH4d,39,0.07,8550000.0,8.55,627,1024,0.6123046875
01a0a57f-e612-73a0-a4c0-523ced5dc57c,d,D,QB15,18,1,UVH4d,40,0.07,9000000.0,9.0,667,1024,0.6513671875
01a0a57f-e612-73a0-a4c0-523ced5dc57c,d,D,QB15,18,2,UVH5d,0,0.07,-9000000.0,-9.0,164,1024,0.16015625
01a0a57f-e612-73a0-a4c0-523ced5dc57c,d,D,QB15,18,2,UVH5d,1,0.07,-8550000.0,-8.55,201,1024,0.1962890625
01a0a57f-e612-73a0-a4c0-523ced5dc57c,d,D,QB15,18,2,UVH5d,2,0.07,-8100000.0,-8.1,215,1024,0.2099609375
01a0a57f-e612-73a0-a4c0-523ced5dc57c,d,D,QB15,18,2,UVH5d,3,0.07,-7650000.0,-7.65,225,1024,0.2197265625
01a0a57f-e612-73a0-a4c0-523ced5dc57c,d,D,QB15,18,2,UVH5d,4,0.07,-7200000.0,-7.2,249,1024,0.2431640625
01a0a57f-e612-73a0-a4c0-523ced5dc57c,d,D,QB15,18,2,UVH5d,5,0.07,-6750000.0,-6.75,251,1024,0.2451171875
01a0a57f-e612-73a0-a4c0-523ced5dc57c,d,D,QB15,18,2,UVH5d,6,0.07,-6300000.0,-6.3,279,1024,0.2724609375
01a0a57f-e612-73a0-a4c0-523ced5dc57c,d,D,QB15,18,2,UVH5d,7,0.07,-5850000.0,-5.85,336,1024,0.328125
01a0a57f-e612-73a0-a4c0-523ced5dc57c,d,D,QB15,18,2,UVH5d,8,0.07,-5400000.0,-5.4,373,1024,0.3642578125
01a0a57f-e612-73a0-a4c0-523ced5dc57c,d,D,QB15,18,2,UVH5d,9,0.07,-4950000.0,-4.95,379,1024,0.3701171875
01a0a57f-e612-73a0-a4c0-523ced5dc57c,d,D,QB15,18,2,UVH5d,10,0.07,-4500000.0,-4.5,382,1024,0.373046875
01a0a57f-e612-73a0-a4c0-523ced5dc57c,d,D,QB15,18,2,UVH5d,11,0.07,-4050000.0,-4.05,433,1024,0.4228515625
01a0a57f-e612-73a0-a4c0-523ced5dc57c,d,D,QB15,18,2,UVH5d,12,0.07,-3600000.0,-3.6,425,1024,0.4150390625
01a0a57f-e612-73a0-a4c0-523ced5dc57c,d,D,QB15,18,2,UVH5d,13,0.07,-3150000.0,-3.15,458,1024,0.447265625
01a0a57f-e612-73a0-a4c0-523ced5dc57c,d,D,QB15,18,2,UVH5d,14,0.07,-2700000.0,-2.7,477,1024,0.4658203125
01a0a57f-e612-73a0-a4c0-523ced5dc57c,d,D,QB15,18,2,UVH5d,15,0.07,-2250000.0,-2.25,479,1024,0.4677734375
01a0a57f-e612-73a0-a4c0-523ced5dc57c,d,D,QB15,18,2,UVH5d,16,0.07,-1800000.0,-1.8,482,1024,0.470703125
01a0a57f-e612-73a0-a4c0-523ced5dc57c,d,D,QB15,18,2,UVH5d,17,0.07,-1350000.0,-1.35,479,1024,0.4677734375
01a0a57f-e612-73a0-a4c0-523ced5dc57c,d,D,QB15,18,2,UVH5d,18,0.07,-900000.0,-0.9,459,1024,0.4482421875
01a0a57f-e612-73a0-a4c0-523ced5dc57c,d,D,QB15,18,2,UVH5d,19,0.07,-450000.0,-0.45,477,1024,0.4658203125
01a0a57f-e612-73a0-a4c0-523ced5dc57c,d,D,QB15,18,2,UVH5d,20,0.07,0.0,0.0,494,1024,0.482421875
01a0a57f-e612-73a0-a4c0-523ced5dc57c,d,D,QB15,18,2,UVH5d,21,0.07,450000.0,0.45,453,1024,0.4423828125
01a0a57f-e612-73a0-a4c0-523ced5dc57c,d,D,QB15,18,2,UVH5d,22,0.07,900000.0,0.9,473,1024,0.4619140625
01a0a57f-e612-73a0-a4c0-523ced5dc57c,d,D,QB15,18,2,UVH5d,23,0.07,1350000.0,1.35,475,1024,0.4638671875
01a0a57f-e612-73a0-a4c0-523ced5dc57c,d,D,QB15,18,2,UVH5d,24,0.07,1800000.0,1.8,467,1024,0.4560546875
01a0a57f-e612-73a0-a4c0-523ced5dc57c,d,D,QB15,18,2,UVH5d,25,0.07,2250000.0,2.25,461,1024,0.4501953125
01a0a57f-e612-73a0-a4c0-523ced5dc57c,d,D,QB15,18,2,UVH5d,26,0.07,2700000.0,2.7,466,1024,0.455078125
01a0a57f-e612-73a0-a4c0-523ced5dc57c,d,D,QB15,18,2,UVH5d,27,0.07,3150000.0,3.15,456,1024,0.4453125
01a0a57f-e612-73a0-a4c0-523ced5dc57c,d,D,QB15,18,2,UVH5d,28,0.07,3600000.0,3.6,455,1024,0.4443359375
01a0a57f-e612-73a0-a4c0-523ced5dc57c,d,D,QB15,18,2,UVH5d,29,0.07,4050000.0,4.05,437,1024,0.4267578125
01a0a57f-e612-73a0-a4c0-523ced5dc57c,d,D,QB15,18,2,UVH5d,30,0.07,4500000.0,4.5,447,1024,0.4365234375
01a0a57f-e612-73a0-a4c0-523ced5dc57c,d,D,QB15,18,2,UVH5d,31,0.07,4950000.0,4.95,461,1024,0.4501953125
01a0a57f-e612-73a0-a4c0-523ced5dc57c,d,D,QB15,18,2,UVH5d,32,0.07,5400000.0,5.4,462,1024,0.451171875
01a0a57f-e612-73a0-a4c0-523ced5dc57c,d,D,QB15,18,2,UVH5d,33,0.07,5850000.0,5.85,488,1024,0.4765625
01a0a57f-e612-73a0-a4c0-523ced5dc57c,d,D,QB15,18,2,UVH5d,34,0.07,6300000.0,6.3,503,1024,0.4912109375
01a0a57f-e612-73a0-a4c0-523ced5dc57c,d,D,QB15,18,2,UVH5d,35,0.07,6750000.0,6.75,525,1024,0.5126953125
01a0a57f-e612-73a0-a4c0-523ced5dc57c,d,D,QB15,18,2,UVH5d,36,0.07,7200000.0,7.2,471,1024,0.4599609375
01a0a57f-e612-73a0-a4c0-523ced5dc57c,d,D,QB15,18,2,UVH5d,37,0.07,7650000.0,7.65,498,1024,0.486328125
01a0a57f-e612-73a0-a4c0-523ced5dc57c,d,D,QB15,18,2,UVH5d,38,0.07,8100000.0,8.1,489,1024,0.4775390625
01a0a57f-e612-73a0-a4c0-523ced5dc57c,d,D,QB15,18,2,UVH5d,39,0.07,8550000.0,8.55,495,1024,0.4833984375
01a0a57f-e612-73a0-a4c0-523ced5dc57c,d,D,QB15,18,2,UVH5d,40,0.07,9000000.0,9.0,498,1024,0.486328125
01a0a57f-e612-73a0-a4c0-523ced5dc57c,d,D,QB15,18,3,UVH6d,0,0.07,-9000000.0,-9.0,606,1024,0.591796875
01a0a57f-e612-73a0-a4c0-523ced5dc57c,d,D,QB15,18,3,UVH6d,1,0.07,-8550000.0,-8.55,603,1024,0.5888671875
01a0a57f-e612-73a0-a4c0-523ced5dc57c,d,D,QB15,18,3,UVH6d,2,0.07,-8100000.0,-8.1,588,1024,0.57421875
01a0a57f-e612-73a0-a4c0-523ced5dc57c,d,D,QB15,18,3,UVH6d,3,0.07,-7650000.0,-7.65,586,1024,0.572265625
01a0a57f-e612-73a0-a4c0-523ced5dc57c,d,D,QB15,18,3,UVH6d,4,0.07,-7200000.0,-7.2,580,1024,0.56640625
01a0a57f-e612-73a0-a4c0-523ced5dc57c,d,D,QB15,18,3,UVH6d,5,0.07,-6750000.0,-6.75,569,1024,0.5556640625
01a0a57f-e612-73a0-a4c0-523ced5dc57c,d,D,QB15,18,3,UVH6d,6,0.07,-6300000.0,-6.3,585,1024,0.5712890625
01a0a57f-e612-73a0-a4c0-523ced5dc57c,d,D,QB15,18,3,UVH6d,7,0.07,-5850000.0,-5.85,583,1024,0.5693359375
01a0a57f-e612-73a0-a4c0-523ced5dc57c,d,D,QB15,18,3,UVH6d,8,0.07,-5400000.0,-5.4,550,1024,0.537109375
01a0a57f-e612-73a0-a4c0-523ced5dc57c,d,D,QB15,18,3,UVH6d,9,0.07,-4950000.0,-4.95,547,1024,0.5341796875
01a0a57f-e612-73a0-a4c0-523ced5dc57c,d,D,QB15,18,3,UVH6d,10,0.07,-4500000.0,-4.5,506,1024,0.494140625
01a0a57f-e612-73a0-a4c0-523ced5dc57c,d,D,QB15,18,3,UVH6d,11,0.07,-4050000.0,-4.05,545,1024,0.5322265625
01a0a57f-e612-73a0-a4c0-523ced5dc57c,d,D,QB15,18,3,UVH6d,12,0.07,-3600000.0,-3.6,548,1024,0.53515625
01a0a57f-e612-73a0-a4c0-523ced5dc57c,d,D,QB15,18,3,UVH6d,13,0.07,-3150000.0,-3.15,514,1024,0.501953125
01a0a57f-e612-73a0-a4c0-523ced5dc57c,d,D,QB15,18,3,UVH6d,14,0.07,-2700000.0,-2.7,517,1024,0.5048828125
01a0a57f-e612-73a0-a4c0-523ced5dc57c,d,D,QB15,18,3,UVH6d,15,0.07,-2250000.0,-2.25,509,1024,0.4970703125
01a0a57f-e612-73a0-a4c0-523ced5dc57c,d,D,QB15,18,3,UVH6d,16,0.07,-1800000.0,-1.8,535,1024,0.5224609375
01a0a57f-e612-73a0-a4c0-523ced5dc57c,d,D,QB15,18,3,UVH6d,17,0.07,-1350000.0,-1.35,533,1024,0.5205078125
01a0a57f-e612-73a0-a4c0-523ced5dc57c,d,D,QB15,18,3,UVH6d,18,0.07,-900000.0,-0.9,511,1024,0.4990234375
01a0a57f-e612-73a0-a4c0-523ced5dc57c,d,D,QB15,18,3,UVH6d,19,0.07,-450000.0,-0.45,524,1024,0.51171875
01a0a57f-e612-73a0-a4c0-523ced5dc57c,d,D,QB15,18,3,UVH6d,20,0.07,0.0,0.0,482,1024,0.470703125
01a0a57f-e612-73a0-a4c0-523ced5dc57c,d,D,QB15,18,3,UVH6d,21,0.07,450000.0,0.45,507,1024,0.4951171875
01a0a57f-e612-73a0-a4c0-523ced5dc57c,d,D,QB15,18,3,UVH6d,22,0.07,900000.0,0.9,509,1024,0.4970703125
01a0a57f-e612-73a0-a4c0-523ced5dc57c,d,D,QB15,18,3,UVH6d,23,0.07,1350000.0,1.35,554,1024,0.541015625
01a0a57f-e612-73a0-a4c0-523ced5dc57c,d,D,QB15,18,3,UVH6d,24,0.07,1800000.0,1.8,509,1024,0.4970703125
01a0a57f-e612-73a0-a4c0-523ced5dc57c,d,D,QB15,18,3,UVH6d,25,0.07,2250000.0,2.25,516,1024,0.50390625
01a0a57f-e612-73a0-a4c0-523ced5dc57c,d,D,QB15,18,3,UVH6d,26,0.07,2700000.0,2.7,527,1024,0.5146484375
01a0a57f-e612-73a0-a4c0-523ced5dc57c,d,D,QB15,18,3,UVH6d,27,0.07,3150000.0,3.15,504,1024,0.4921875
01a0a57f-e612-73a0-a4c0-523ced5dc57c,d,D,QB15,18,3,UVH6d,28,0.07,3600000.0,3.6,518,1024,0.505859375
01a0a57f-e612-73a0-a4c0-523ced5dc57c,d,D,QB15,18,3,UVH6d,29,0.07,4050000.0,4.05,526,1024,0.513671875
01a0a57f-e612-73a0-a4c0-523ced5dc57c,d,D,QB15,18,3,UVH6d,30,0.07,4500000.0,4.5,510,1024,0.498046875
01a0a57f-e612-73a0-a4c0-523ced5dc57c,d,D,QB15,18,3,UVH6d,31,0.07,4950000.0,4.95,514,1024,0.501953125
01a0a57f-e612-73a0-a4c0-523ced5dc57c,d,D,QB15,18,3,UVH6d,32,0.07,5400000.0,5.4,538,1024,0.525390625
01a0a57f-e612-73a0-a4c0-523ced5dc57c,d,D,QB15,18,3,UVH6d,33,0.07,5850000.0,5.85,537,1024,0.5244140625
01a0a57f-e612-73a0-a4c0-523ced5dc57c,d,D,QB15,18,3,UVH6d,34,0.07,6300000.0,6.3,554,1024,0.541015625
01a0a57f-e612-73a0-a4c0-523ced5dc57c,d,D,QB15,18,3,UVH6d,35,0.07,6750000.0,6.75,559,1024,0.5458984375
01a0a57f-e612-73a0-a4c0-523ced5dc57c,d,D,QB15,18,3,UVH6d,36,0.07,7200000.0,7.2,576,1024,0.5625
01a0a57f-e612-73a0-a4c0-523ced5dc57c,d,D,QB15,18,3,UVH6d,37,0.07,7650000.0,7.65,607,1024,0.5927734375
01a0a57f-e612-73a0-a4c0-523ced5dc57c,d,D,QB15,18,3,UVH6d,38,0.07,8100000.0,8.1,583,1024,0.5693359375
01a0a57f-e612-73a0-a4c0-523ced5dc57c,d,D,QB15,18,3,UVH6d,39,0.07,8550000.0,8.55,616,1024,0.6015625
01a0a57f-e612-73a0-a4c0-523ced5dc57c,d,D,QB15,18,3,UVH6d,40,0.07,9000000.0,9.0,635,1024,0.6201171875
01a0a57f-e612-73a0-a4c0-523ced5dc57c,d,D,QB15,18,4,UVH7d,0,0.07,-9000000.0,-9.0,615,1024,0.6005859375
01a0a57f-e612-73a0-a4c0-523ced5dc57c,d,D,QB15,18,4,UVH7d,1,0.07,-8550000.0,-8.55,569,1024,0.5556640625
01a0a57f-e612-73a0-a4c0-523ced5dc57c,d,D,QB15,18,4,UVH7d,2,0.07,-8100000.0,-8.1,569,1024,0.5556640625
01a0a57f-e612-73a0-a4c0-523ced5dc57c,d,D,QB15,18,4,UVH7d,3,0.07,-7650000.0,-7.65,576,1024,0.5625
01a0a57f-e612-73a0-a4c0-523ced5dc57c,d,D,QB15,18,4,UVH7d,4,0.07,-7200000.0,-7.2,538,1024,0.525390625
01a0a57f-e612-73a0-a4c0-523ced5dc57c,d,D,QB15,18,4,UVH7d,5,0.07,-6750000.0,-6.75,533,1024,0.5205078125
01a0a57f-e612-73a0-a4c0-523ced5dc57c,d,D,QB15,18,4,UVH7d,6,0.07,-6300000.0,-6.3,573,1024,0.5595703125
01a0a57f-e612-73a0-a4c0-523ced5dc57c,d,D,QB15,18,4,UVH7d,7,0.07,-5850000.0,-5.85,526,1024,0.513671875
01a0a57f-e612-73a0-a4c0-523ced5dc57c,d,D,QB15,18,4,UVH7d,8,0.07,-5400000.0,-5.4,509,1024,0.4970703125
01a0a57f-e612-73a0-a4c0-523ced5dc57c,d,D,QB15,18,4,UVH7d,9,0.07,-4950000.0,-4.95,548,1024,0.53515625
01a0a57f-e612-73a0-a4c0-523ced5dc57c,d,D,QB15,18,4,UVH7d,10,0.07,-4500000.0,-4.5,533,1024,0.5205078125
01a0a57f-e612-73a0-a4c0-523ced5dc57c,d,D,QB15,18,4,UVH7d,11,0.07,-4050000.0,-4.05,531,1024,0.5185546875
01a0a57f-e612-73a0-a4c0-523ced5dc57c,d,D,QB15,18,4,UVH7d,12,0.07,-3600000.0,-3.6,519,1024,0.5068359375
01a0a57f-e612-73a0-a4c0-523ced5dc57c,d,D,QB15,18,4,UVH7d,13,0.07,-3150000.0,-3.15,523,1024,0.5107421875
01a0a57f-e612-73a0-a4c0-523ced5dc57c,d,D,QB15,18,4,UVH7d,14,0.07,-2700000.0,-2.7,505,1024,0.4931640625
01a0a57f-e612-73a0-a4c0-523ced5dc57c,d,D,QB15,18,4,UVH7d,15,0.07,-2250000.0,-2.25,520,1024,0.5078125
01a0a57f-e612-73a0-a4c0-523ced5dc57c,d,D,QB15,18,4,UVH7d,16,0.07,-1800000.0,-1.8,530,1024,0.517578125
01a0a57f-e612-73a0-a4c0-523ced5dc57c,d,D,QB15,18,4,UVH7d,17,0.07,-1350000.0,-1.35,506,1024,0.494140625
01a0a57f-e612-73a0-a4c0-523ced5dc57c,d,D,QB15,18,4,UVH7d,18,0.07,-900000.0,-0.9,491,1024,0.4794921875
01a0a57f-e612-73a0-a4c0-523ced5dc57c,d,D,QB15,18,4,UVH7d,19,0.07,-450000.0,-0.45,515,1024,0.5029296875
01a0a57f-e612-73a0-a4c0-523ced5dc57c,d,D,QB15,18,4,UVH7d,20,0.07,0.0,0.0,518,1024,0.505859375
01a0a57f-e612-73a0-a4c0-523ced5dc57c,d,D,QB15,18,4,UVH7d,21,0.07,450000.0,0.45,536,1024,0.5234375
01a0a57f-e612-73a0-a4c0-523ced5dc57c,d,D,QB15,18,4,UVH7d,22,0.07,900000.0,0.9,486,1024,0.474609375
01a0a57f-e612-73a0-a4c0-523ced5dc57c,d,D,QB15,18,4,UVH7d,23,0.07,1350000.0,1.35,467,1024,0.4560546875
01a0a57f-e612-73a0-a4c0-523ced5dc57c,d,D,QB15,18,4,UVH7d,24,0.07,1800000.0,1.8,528,1024,0.515625
01a0a57f-e612-73a0-a4c0-523ced5dc57c,d,D,QB15,18,4,UVH7d,25,0.07,2250000.0,2.25,487,1024,0.4755859375
01a0a57f-e612-73a0-a4c0-523ced5dc57c,d,D,QB15,18,4,UVH7d,26,0.07,2700000.0,2.7,483,1024,0.4716796875
01a0a57f-e612-73a0-a4c0-523ced5dc57c,d,D,QB15,18,4,UVH7d,27,0.07,3150000.0,3.15,486,1024,0.474609375
01a0a57f-e612-73a0-a4c0-523ced5dc57c,d,D,QB15,18,4,UVH7d,28,0.07,3600000.0,3.6,475,1024,0.4638671875
01a0a57f-e612-73a0-a4c0-523ced5dc57c,d,D,QB15,18,4,UVH7d,29,0.07,4050000.0,4.05,459,1024,0.4482421875
01a0a57f-e612-73a0-a4c0-523ced5dc57c,d,D,QB15,18,4,UVH7d,30,0.07,4500000.0,4.5,459,1024,0.4482421875
01a0a57f-e612-73a0-a4c0-523ced5dc57c,d,D,QB15,18,4,UVH7d,31,0.07,4950000.0,4.95,453,1024,0.4423828125
01a0a57f-e612-73a0-a4c0-523ced5dc57c,d,D,QB15,18,4,UVH7d,32,0.07,5400000.0,5.4,456,1024,0.4453125
01a0a57f-e612-73a0-a4c0-523ced5dc57c,d,D,QB15,18,4,UVH7d,33,0.07,5850000.0,5.85,418,1024,0.408203125
01a0a57f-e612-73a0-a4c0-523ced5dc57c,d,D,QB15,18,4,UVH7d,34,0.07,6300000.0,6.3,402,1024,0.392578125
01a0a57f-e612-73a0-a4c0-523ced5dc57c,d,D,QB15,18,4,UVH7d,35,0.07,6750000.0,6.75,431,1024,0.4208984375
01a0a57f-e612-73a0-a4c0-523ced5dc57c,d,D,QB15,18,4,UVH7d,36,0.07,7200000.0,7.2,386,1024,0.376953125
01a0a57f-e612-73a0-a4c0-523ced5dc57c,d,D,QB15,18,4,UVH7d,37,0.07,7650000.0,7.65,370,1024,0.361328125
01a0a57f-e612-73a0-a4c0-523ced5dc57c,d,D,QB15,18,4,UVH7d,38,0.07,8100000.0,8.1,366,1024,0.357421875
01a0a57f-e612-73a0-a4c0-523ced5dc57c,d,D,QB15,18,4,UVH7d,39,0.07,8550000.0,8.55,344,1024,0.3359375
01a0a57f-e612-73a0-a4c0-523ced5dc57c,d,D,QB15,18,4,UVH7d,40,0.07,9000000.0,9.0,358,1024,0.349609375
01a0a57f-e612-73a0-a4c0-523ced5dc57c,d,D,QB15,18,5,UVH8d,0,0.07,-9000000.0,-9.0,576,1024,0.5625
01a0a57f-e612-73a0-a4c0-523ced5dc57c,d,D,QB15,18,5,UVH8d,1,0.07,-8550000.0,-8.55,553,1024,0.5400390625
01a0a57f-e612-73a0-a4c0-523ced5dc57c,d,D,QB15,18,5,UVH8d,2,0.07,-8100000.0,-8.1,575,1024,0.5615234375
01a0a57f-e612-73a0-a4c0-523ced5dc57c,d,D,QB15,18,5,UVH8d,3,0.07,-7650000.0,-7.65,562,1024,0.548828125
01a0a57f-e612-73a0-a4c0-523ced5dc57c,d,D,QB15,18,5,UVH8d,4,0.07,-7200000.0,-7.2,564,1024,0.55078125
01a0a57f-e612-73a0-a4c0-523ced5dc57c,d,D,QB15,18,5,UVH8d,5,0.07,-6750000.0,-6.75,588,1024,0.57421875
01a0a57f-e612-73a0-a4c0-523ced5dc57c,d,D,QB15,18,5,UVH8d,6,0.07,-6300000.0,-6.3,549,1024,0.5361328125
01a0a57f-e612-73a0-a4c0-523ced5dc57c,d,D,QB15,18,5,UVH8d,7,0.07,-5850000.0,-5.85,574,1024,0.560546875
01a0a57f-e612-73a0-a4c0-523ced5dc57c,d,D,QB15,18,5,UVH8d,8,0.07,-5400000.0,-5.4,541,1024,0.5283203125
01a0a57f-e612-73a0-a4c0-523ced5dc57c,d,D,QB15,18,5,UVH8d,9,0.07,-4950000.0,-4.95,544,1024,0.53125
01a0a57f-e612-73a0-a4c0-523ced5dc57c,d,D,QB15,18,5,UVH8d,10,0.07,-4500000.0,-4.5,547,1024,0.5341796875
01a0a57f-e612-73a0-a4c0-523ced5dc57c,d,D,QB15,18,5,UVH8d,11,0.07,-4050000.0,-4.05,555,1024,0.5419921875
01a0a57f-e612-73a0-a4c0-523ced5dc57c,d,D,QB15,18,5,UVH8d,12,0.07,-3600000.0,-3.6,572,1024,0.55859375
01a0a57f-e612-73a0-a4c0-523ced5dc57c,d,D,QB15,18,5,UVH8d,13,0.07,-3150000.0,-3.15,538,1024,0.525390625
01a0a57f-e612-73a0-a4c0-523ced5dc57c,d,D,QB15,18,5,UVH8d,14,0.07,-2700000.0,-2.7,518,1024,0.505859375
01a0a57f-e612-73a0-a4c0-523ced5dc57c,d,D,QB15,18,5,UVH8d,15,0.07,-2250000.0,-2.25,538,1024,0.525390625
01a0a57f-e612-73a0-a4c0-523ced5dc57c,d,D,QB15,18,5,UVH8d,16,0.07,-1800000.0,-1.8,536,1024,0.5234375
01a0a57f-e612-73a0-a4c0-523ced5dc57c,d,D,QB15,18,5,UVH8d,17,0.07,-1350000.0,-1.35,564,1024,0.55078125
01a0a57f-e612-73a0-a4c0-523ced5dc57c,d,D,QB15,18,5,UVH8d,18,0.07,-900000.0,-0.9,536,1024,0.5234375
01a0a57f-e612-73a0-a4c0-523ced5dc57c,d,D,QB15,18,5,UVH8d,19,0.07,-450000.0,-0.45,550,1024,0.537109375
01a0a57f-e612-73a0-a4c0-523ced5dc57c,d,D,QB15,18,5,UVH8d,20,0.07,0.0,0.0,519,1024,0.5068359375
01a0a57f-e612-73a0-a4c0-523ced5dc57c,d,D,QB15,18,5,UVH8d,21,0.07,450000.0,0.45,531,1024,0.5185546875
01a0a57f-e612-73a0-a4c0-523ced5dc57c,d,D,QB15,18,5,UVH8d,22,0.07,900000.0,0.9,522,1024,0.509765625
01a0a57f-e612-73a0-a4c0-523ced5dc57c,d,D,QB15,18,5,UVH8d,23,0.07,1350000.0,1.35,530,1024,0.517578125
01a0a57f-e612-73a0-a4c0-523ced5dc57c,d,D,QB15,18,5,UVH8d,24,0.07,1800000.0,1.8,519,1024,0.5068359375
01a0a57f-e612-73a0-a4c0-523ced5dc57c,d,D,QB15,18,5,UVH8d,25,0.07,2250000.0,2.25,517,1024,0.5048828125
01a0a57f-e612-73a0-a4c0-523ced5dc57c,d,D,QB15,18,5,UVH8d,26,0.07,2700000.0,2.7,520,1024,0.5078125
01a0a57f-e612-73a0-a4c0-523ced5dc57c,d,D,QB15,18,5,UVH8d,27,0.07,3150000.0,3.15,522,1024,0.509765625
01a0a57f-e612-73a0-a4c0-523ced5dc57c,d,D,QB15,18,5,UVH8d,28,0.07,3600000.0,3.6,515,1024,0.5029296875
01a0a57f-e612-73a0-a4c0-523ced5dc57c,d,D,QB15,18,5,UVH8d,29,0.07,4050000.0,4.05,502,1024,0.490234375
01a0a57f-e612-73a0-a4c0-523ced5dc57c,d,D,QB15,18,5,UVH8d,30,0.07,4500000.0,4.5,472,1024,0.4609375
01a0a57f-e612-73a0-a4c0-523ced5dc57c,d,D,QB15,18,5,UVH8d,31,0.07,4950000.0,4.95,476,1024,0.46484375
01a0a57f-e612-73a0-a4c0-523ced5dc57c,d,D,QB15,18,5,UVH8d,32,0.07,5400000.0,5.4,501,1024,0.4892578125
01a0a57f-e612-73a0-a4c0-523ced5dc57c,d,D,QB15,18,5,UVH8d,33,0.07,5850000.0,5.85,523,1024,0.5107421875
01a0a57f-e612-73a0-a4c0-523ced5dc57c,d,D,QB15,18,5,UVH8d,34,0.07,6300000.0,6.3,477,1024,0.4658203125
01a0a57f-e612-73a0-a4c0-523ced5dc57c,d,D,QB15,18,5,UVH8d,35,0.07,6750000.0,6.75,511,1024,0.4990234375
01a0a57f-e612-73a0-a4c0-523ced5dc57c,d,D,QB15,18,5,UVH8d,36,0.07,7200000.0,7.2,475,1024,0.4638671875
01a0a57f-e612-73a0-a4c0-523ced5dc57c,d,D,QB15,18,5,UVH8d,37,0.07,7650000.0,7.65,449,1024,0.4384765625
01a0a57f-e612-73a0-a4c0-523ced5dc57c,d,D,QB15,18,5,UVH8d,38,0.07,8100000.0,8.1,428,1024,0.41796875
01a0a57f-e612-73a0-a4c0-523ced5dc57c,d,D,QB15,18,5,UVH8d,39,0.07,8550000.0,8.55,444,1024,0.43359375
01a0a57f-e612-73a0-a4c0-523ced5dc57c,d,D,QB15,18,5,UVH8d,40,0.07,9000000.0,9.0,398,1024,0.388671875
01a0a57f-e612-73a0-a4c0-523ced5dc57c,d,D,QB18,19,0,standard_pi_2,0,0.07,-9000000.0,-9.0,569,1024,0.5556640625
01a0a57f-e612-73a0-a4c0-523ced5dc57c,d,D,QB18,19,0,standard_pi_2,1,0.07,-8550000.0,-8.55,581,1024,0.5673828125
01a0a57f-e612-73a0-a4c0-523ced5dc57c,d,D,QB18,19,0,standard_pi_2,2,0.07,-8100000.0,-8.1,573,1024,0.5595703125
01a0a57f-e612-73a0-a4c0-523ced5dc57c,d,D,QB18,19,0,standard_pi_2,3,0.07,-7650000.0,-7.65,586,1024,0.572265625
01a0a57f-e612-73a0-a4c0-523ced5dc57c,d,D,QB18,19,0,standard_pi_2,4,0.07,-7200000.0,-7.2,596,1024,0.58203125
01a0a57f-e612-73a0-a4c0-523ced5dc57c,d,D,QB18,19,0,standard_pi_2,5,0.07,-6750000.0,-6.75,571,1024,0.5576171875
01a0a57f-e612-73a0-a4c0-523ced5dc57c,d,D,QB18,19,0,standard_pi_2,6,0.07,-6300000.0,-6.3,589,1024,0.5751953125
01a0a57f-e612-73a0-a4c0-523ced5dc57c,d,D,QB18,19,0,standard_pi_2,7,0.07,-5850000.0,-5.85,585,1024,0.5712890625
01a0a57f-e612-73a0-a4c0-523ced5dc57c,d,D,QB18,19,0,standard_pi_2,8,0.07,-5400000.0,-5.4,593,1024,0.5791015625
01a0a57f-e612-73a0-a4c0-523ced5dc57c,d,D,QB18,19,0,standard_pi_2,9,0.07,-4950000.0,-4.95,582,1024,0.568359375
01a0a57f-e612-73a0-a4c0-523ced5dc57c,d,D,QB18,19,0,standard_pi_2,10,0.07,-4500000.0,-4.5,596,1024,0.58203125
01a0a57f-e612-73a0-a4c0-523ced5dc57c,d,D,QB18,19,0,standard_pi_2,11,0.07,-4050000.0,-4.05,581,1024,0.5673828125
01a0a57f-e612-73a0-a4c0-523ced5dc57c,d,D,QB18,19,0,standard_pi_2,12,0.07,-3600000.0,-3.6,584,1024,0.5703125
01a0a57f-e612-73a0-a4c0-523ced5dc57c,d,D,QB18,19,0,standard_pi_2,13,0.07,-3150000.0,-3.15,566,1024,0.552734375
01a0a57f-e612-73a0-a4c0-523ced5dc57c,d,D,QB18,19,0,standard_pi_2,14,0.07,-2700000.0,-2.7,575,1024,0.5615234375
01a0a57f-e612-73a0-a4c0-523ced5dc57c,d,D,QB18,19,0,standard_pi_2,15,0.07,-2250000.0,-2.25,590,1024,0.576171875
01a0a57f-e612-73a0-a4c0-523ced5dc57c,d,D,QB18,19,0,standard_pi_2,16,0.07,-1800000.0,-1.8,553,1024,0.5400390625
01a0a57f-e612-73a0-a4c0-523ced5dc57c,d,D,QB18,19,0,standard_pi_2,17,0.07,-1350000.0,-1.35,556,1024,0.54296875
01a0a57f-e612-73a0-a4c0-523ced5dc57c,d,D,QB18,19,0,standard_pi_2,18,0.07,-900000.0,-0.9,586,1024,0.572265625
01a0a57f-e612-73a0-a4c0-523ced5dc57c,d,D,QB18,19,0,standard_pi_2,19,0.07,-450000.0,-0.45,568,1024,0.5546875
01a0a57f-e612-73a0-a4c0-523ced5dc57c,d,D,QB18,19,0,standard_pi_2,20,0.07,0.0,0.0,579,1024,0.5654296875
01a0a57f-e612-73a0-a4c0-523ced5dc57c,d,D,QB18,19,0,standard_pi_2,21,0.07,450000.0,0.45,567,1024,0.5537109375
01a0a57f-e612-73a0-a4c0-523ced5dc57c,d,D,QB18,19,0,standard_pi_2,22,0.07,900000.0,0.9,560,1024,0.546875
01a0a57f-e612-73a0-a4c0-523ced5dc57c,d,D,QB18,19,0,standard_pi_2,23,0.07,1350000.0,1.35,590,1024,0.576171875
01a0a57f-e612-73a0-a4c0-523ced5dc57c,d,D,QB18,19,0,standard_pi_2,24,0.07,1800000.0,1.8,563,1024,0.5498046875
01a0a57f-e612-73a0-a4c0-523ced5dc57c,d,D,QB18,19,0,standard_pi_2,25,0.07,2250000.0,2.25,544,1024,0.53125
01a0a57f-e612-73a0-a4c0-523ced5dc57c,d,D,QB18,19,0,standard_pi_2,26,0.07,2700000.0,2.7,526,1024,0.513671875
01a0a57f-e612-73a0-a4c0-523ced5dc57c,d,D,QB18,19,0,standard_pi_2,27,0.07,3150000.0,3.15,542,1024,0.529296875
01a0a57f-e612-73a0-a4c0-523ced5dc57c,d,D,QB18,19,0,standard_pi_2,28,0.07,3600000.0,3.6,545,1024,0.5322265625
01a0a57f-e612-73a0-a4c0-523ced5dc57c,d,D,QB18,19,0,standard_pi_2,29,0.07,4050000.0,4.05,543,1024,0.5302734375
01a0a57f-e612-73a0-a4c0-523ced5dc57c,d,D,QB18,19,0,standard_pi_2,30,0.07,4500000.0,4.5,535,1024,0.5224609375
01a0a57f-e612-73a0-a4c0-523ced5dc57c,d,D,QB18,19,0,standard_pi_2,31,0.07,4950000.0,4.95,528,1024,0.515625
01a0a57f-e612-73a0-a4c0-523ced5dc57c,d,D,QB18,19,0,standard_pi_2,32,0.07,5400000.0,5.4,542,1024,0.529296875
01a0a57f-e612-73a0-a4c0-523ced5dc57c,d,D,QB18,19,0,standard_pi_2,33,0.07,5850000.0,5.85,515,1024,0.5029296875
01a0a57f-e612-73a0-a4c0-523ced5dc57c,d,D,QB18,19,0,standard_pi_2,34,0.07,6300000.0,6.3,532,1024,0.51953125
01a0a57f-e612-73a0-a4c0-523ced5dc57c,d,D,QB18,19,0,standard_pi_2,35,0.07,6750000.0,6.75,531,1024,0.5185546875
01a0a57f-e612-73a0-a4c0-523ced5dc57c,d,D,QB18,19,0,standard_pi_2,36,0.07,7200000.0,7.2,516,1024,0.50390625
01a0a57f-e612-73a0-a4c0-523ced5dc57c,d,D,QB18,19,0,standard_pi_2,37,0.07,7650000.0,7.65,510,1024,0.498046875
01a0a57f-e612-73a0-a4c0-523ced5dc57c,d,D,QB18,19,0,standard_pi_2,38,0.07,8100000.0,8.1,499,1024,0.4873046875
01a0a57f-e612-73a0-a4c0-523ced5dc57c,d,D,QB18,19,0,standard_pi_2,39,0.07,8550000.0,8.55,508,1024,0.49609375
01a0a57f-e612-73a0-a4c0-523ced5dc57c,d,D,QB18,19,0,standard_pi_2,40,0.07,9000000.0,9.0,511,1024,0.4990234375
01a0a57f-e612-73a0-a4c0-523ced5dc57c,d,D,QB18,19,1,UVH4d,0,0.07,-9000000.0,-9.0,356,1024,0.34765625
01a0a57f-e612-73a0-a4c0-523ced5dc57c,d,D,QB18,19,1,UVH4d,1,0.07,-8550000.0,-8.55,368,1024,0.359375
01a0a57f-e612-73a0-a4c0-523ced5dc57c,d,D,QB18,19,1,UVH4d,2,0.07,-8100000.0,-8.1,387,1024,0.3779296875
01a0a57f-e612-73a0-a4c0-523ced5dc57c,d,D,QB18,19,1,UVH4d,3,0.07,-7650000.0,-7.65,401,1024,0.3916015625
01a0a57f-e612-73a0-a4c0-523ced5dc57c,d,D,QB18,19,1,UVH4d,4,0.07,-7200000.0,-7.2,399,1024,0.3896484375
01a0a57f-e612-73a0-a4c0-523ced5dc57c,d,D,QB18,19,1,UVH4d,5,0.07,-6750000.0,-6.75,414,1024,0.404296875
01a0a57f-e612-73a0-a4c0-523ced5dc57c,d,D,QB18,19,1,UVH4d,6,0.07,-6300000.0,-6.3,438,1024,0.427734375
01a0a57f-e612-73a0-a4c0-523ced5dc57c,d,D,QB18,19,1,UVH4d,7,0.07,-5850000.0,-5.85,433,1024,0.4228515625
01a0a57f-e612-73a0-a4c0-523ced5dc57c,d,D,QB18,19,1,UVH4d,8,0.07,-5400000.0,-5.4,445,1024,0.4345703125
01a0a57f-e612-73a0-a4c0-523ced5dc57c,d,D,QB18,19,1,UVH4d,9,0.07,-4950000.0,-4.95,440,1024,0.4296875
01a0a57f-e612-73a0-a4c0-523ced5dc57c,d,D,QB18,19,1,UVH4d,10,0.07,-4500000.0,-4.5,436,1024,0.42578125
01a0a57f-e612-73a0-a4c0-523ced5dc57c,d,D,QB18,19,1,UVH4d,11,0.07,-4050000.0,-4.05,466,1024,0.455078125
01a0a57f-e612-73a0-a4c0-523ced5dc57c,d,D,QB18,19,1,UVH4d,12,0.07,-3600000.0,-3.6,476,1024,0.46484375
01a0a57f-e612-73a0-a4c0-523ced5dc57c,d,D,QB18,19,1,UVH4d,13,0.07,-3150000.0,-3.15,477,1024,0.4658203125
01a0a57f-e612-73a0-a4c0-523ced5dc57c,d,D,QB18,19,1,UVH4d,14,0.07,-2700000.0,-2.7,525,1024,0.5126953125
01a0a57f-e612-73a0-a4c0-523ced5dc57c,d,D,QB18,19,1,UVH4d,15,0.07,-2250000.0,-2.25,501,1024,0.4892578125
01a0a57f-e612-73a0-a4c0-523ced5dc57c,d,D,QB18,19,1,UVH4d,16,0.07,-1800000.0,-1.8,507,1024,0.4951171875
01a0a57f-e612-73a0-a4c0-523ced5dc57c,d,D,QB18,19,1,UVH4d,17,0.07,-1350000.0,-1.35,517,1024,0.5048828125
01a0a57f-e612-73a0-a4c0-523ced5dc57c,d,D,QB18,19,1,UVH4d,18,0.07,-900000.0,-0.9,462,1024,0.451171875
01a0a57f-e612-73a0-a4c0-523ced5dc57c,d,D,QB18,19,1,UVH4d,19,0.07,-450000.0,-0.45,515,1024,0.5029296875
01a0a57f-e612-73a0-a4c0-523ced5dc57c,d,D,QB18,19,1,UVH4d,20,0.07,0.0,0.0,503,1024,0.4912109375
01a0a57f-e612-73a0-a4c0-523ced5dc57c,d,D,QB18,19,1,UVH4d,21,0.07,450000.0,0.45,494,1024,0.482421875
01a0a57f-e612-73a0-a4c0-523ced5dc57c,d,D,QB18,19,1,UVH4d,22,0.07,900000.0,0.9,509,1024,0.4970703125
01a0a57f-e612-73a0-a4c0-523ced5dc57c,d,D,QB18,19,1,UVH4d,23,0.07,1350000.0,1.35,519,1024,0.5068359375
01a0a57f-e612-73a0-a4c0-523ced5dc57c,d,D,QB18,19,1,UVH4d,24,0.07,1800000.0,1.8,467,1024,0.4560546875
01a0a57f-e612-73a0-a4c0-523ced5dc57c,d,D,QB18,19,1,UVH4d,25,0.07,2250000.0,2.25,494,1024,0.482421875
01a0a57f-e612-73a0-a4c0-523ced5dc57c,d,D,QB18,19,1,UVH4d,26,0.07,2700000.0,2.7,512,1024,0.5
01a0a57f-e612-73a0-a4c0-523ced5dc57c,d,D,QB18,19,1,UVH4d,27,0.07,3150000.0,3.15,539,1024,0.5263671875
01a0a57f-e612-73a0-a4c0-523ced5dc57c,d,D,QB18,19,1,UVH4d,28,0.07,3600000.0,3.6,496,1024,0.484375
01a0a57f-e612-73a0-a4c0-523ced5dc57c,d,D,QB18,19,1,UVH4d,29,0.07,4050000.0,4.05,497,1024,0.4853515625
01a0a57f-e612-73a0-a4c0-523ced5dc57c,d,D,QB18,19,1,UVH4d,30,0.07,4500000.0,4.5,525,1024,0.5126953125
01a0a57f-e612-73a0-a4c0-523ced5dc57c,d,D,QB18,19,1,UVH4d,31,0.07,4950000.0,4.95,536,1024,0.5234375
01a0a57f-e612-73a0-a4c0-523ced5dc57c,d,D,QB18,19,1,UVH4d,32,0.07,5400000.0,5.4,543,1024,0.5302734375
01a0a57f-e612-73a0-a4c0-523ced5dc57c,d,D,QB18,19,1,UVH4d,33,0.07,5850000.0,5.85,532,1024,0.51953125
01a0a57f-e612-73a0-a4c0-523ced5dc57c,d,D,QB18,19,1,UVH4d,34,0.07,6300000.0,6.3,575,1024,0.5615234375
01a0a57f-e612-73a0-a4c0-523ced5dc57c,d,D,QB18,19,1,UVH4d,35,0.07,6750000.0,6.75,555,1024,0.5419921875
01a0a57f-e612-73a0-a4c0-523ced5dc57c,d,D,QB18,19,1,UVH4d,36,0.07,7200000.0,7.2,584,1024,0.5703125
01a0a57f-e612-73a0-a4c0-523ced5dc57c,d,D,QB18,19,1,UVH4d,37,0.07,7650000.0,7.65,577,1024,0.5634765625
01a0a57f-e612-73a0-a4c0-523ced5dc57c,d,D,QB18,19,1,UVH4d,38,0.07,8100000.0,8.1,596,1024,0.58203125
01a0a57f-e612-73a0-a4c0-523ced5dc57c,d,D,QB18,19,1,UVH4d,39,0.07,8550000.0,8.55,616,1024,0.6015625
01a0a57f-e612-73a0-a4c0-523ced5dc57c,d,D,QB18,19,1,UVH4d,40,0.07,9000000.0,9.0,622,1024,0.607421875
01a0a57f-e612-73a0-a4c0-523ced5dc57c,d,D,QB18,19,2,UVH5d,0,0.07,-9000000.0,-9.0,111,1024,0.1083984375
01a0a57f-e612-73a0-a4c0-523ced5dc57c,d,D,QB18,19,2,UVH5d,1,0.07,-8550000.0,-8.55,145,1024,0.1416015625
01a0a57f-e612-73a0-a4c0-523ced5dc57c,d,D,QB18,19,2,UVH5d,2,0.07,-8100000.0,-8.1,177,1024,0.1728515625
01a0a57f-e612-73a0-a4c0-523ced5dc57c,d,D,QB18,19,2,UVH5d,3,0.07,-7650000.0,-7.65,190,1024,0.185546875
01a0a57f-e612-73a0-a4c0-523ced5dc57c,d,D,QB18,19,2,UVH5d,4,0.07,-7200000.0,-7.2,216,1024,0.2109375
01a0a57f-e612-73a0-a4c0-523ced5dc57c,d,D,QB18,19,2,UVH5d,5,0.07,-6750000.0,-6.75,233,1024,0.2275390625
01a0a57f-e612-73a0-a4c0-523ced5dc57c,d,D,QB18,19,2,UVH5d,6,0.07,-6300000.0,-6.3,283,1024,0.2763671875
01a0a57f-e612-73a0-a4c0-523ced5dc57c,d,D,QB18,19,2,UVH5d,7,0.07,-5850000.0,-5.85,334,1024,0.326171875
01a0a57f-e612-73a0-a4c0-523ced5dc57c,d,D,QB18,19,2,UVH5d,8,0.07,-5400000.0,-5.4,356,1024,0.34765625
01a0a57f-e612-73a0-a4c0-523ced5dc57c,d,D,QB18,19,2,UVH5d,9,0.07,-4950000.0,-4.95,376,1024,0.3671875
01a0a57f-e612-73a0-a4c0-523ced5dc57c,d,D,QB18,19,2,UVH5d,10,0.07,-4500000.0,-4.5,391,1024,0.3818359375
01a0a57f-e612-73a0-a4c0-523ced5dc57c,d,D,QB18,19,2,UVH5d,11,0.07,-4050000.0,-4.05,435,1024,0.4248046875
01a0a57f-e612-73a0-a4c0-523ced5dc57c,d,D,QB18,19,2,UVH5d,12,0.07,-3600000.0,-3.6,451,1024,0.4404296875
01a0a57f-e612-73a0-a4c0-523ced5dc57c,d,D,QB18,19,2,UVH5d,13,0.07,-3150000.0,-3.15,484,1024,0.47265625
01a0a57f-e612-73a0-a4c0-523ced5dc57c,d,D,QB18,19,2,UVH5d,14,0.07,-2700000.0,-2.7,481,1024,0.4697265625
01a0a57f-e612-73a0-a4c0-523ced5dc57c,d,D,QB18,19,2,UVH5d,15,0.07,-2250000.0,-2.25,513,1024,0.5009765625
01a0a57f-e612-73a0-a4c0-523ced5dc57c,d,D,QB18,19,2,UVH5d,16,0.07,-1800000.0,-1.8,509,1024,0.4970703125
01a0a57f-e612-73a0-a4c0-523ced5dc57c,d,D,QB18,19,2,UVH5d,17,0.07,-1350000.0,-1.35,487,1024,0.4755859375
01a0a57f-e612-73a0-a4c0-523ced5dc57c,d,D,QB18,19,2,UVH5d,18,0.07,-900000.0,-0.9,513,1024,0.5009765625
01a0a57f-e612-73a0-a4c0-523ced5dc57c,d,D,QB18,19,2,UVH5d,19,0.07,-450000.0,-0.45,540,1024,0.52734375
01a0a57f-e612-73a0-a4c0-523ced5dc57c,d,D,QB18,19,2,UVH5d,20,0.07,0.0,0.0,509,1024,0.4970703125
01a0a57f-e612-73a0-a4c0-523ced5dc57c,d,D,QB18,19,2,UVH5d,21,0.07,450000.0,0.45,531,1024,0.5185546875
01a0a57f-e612-73a0-a4c0-523ced5dc57c,d,D,QB18,19,2,UVH5d,22,0.07,900000.0,0.9,506,1024,0.494140625
01a0a57f-e612-73a0-a4c0-523ced5dc57c,d,D,QB18,19,2,UVH5d,23,0.07,1350000.0,1.35,469,1024,0.4580078125
01a0a57f-e612-73a0-a4c0-523ced5dc57c,d,D,QB18,19,2,UVH5d,24,0.07,1800000.0,1.8,474,1024,0.462890625
01a0a57f-e612-73a0-a4c0-523ced5dc57c,d,D,QB18,19,2,UVH5d,25,0.07,2250000.0,2.25,479,1024,0.4677734375
01a0a57f-e612-73a0-a4c0-523ced5dc57c,d,D,QB18,19,2,UVH5d,26,0.07,2700000.0,2.7,473,1024,0.4619140625
01a0a57f-e612-73a0-a4c0-523ced5dc57c,d,D,QB18,19,2,UVH5d,27,0.07,3150000.0,3.15,464,1024,0.453125
01a0a57f-e612-73a0-a4c0-523ced5dc57c,d,D,QB18,19,2,UVH5d,28,0.07,3600000.0,3.6,489,1024,0.4775390625
01a0a57f-e612-73a0-a4c0-523ced5dc57c,d,D,QB18,19,2,UVH5d,29,0.07,4050000.0,4.05,475,1024,0.4638671875
01a0a57f-e612-73a0-a4c0-523ced5dc57c,d,D,QB18,19,2,UVH5d,30,0.07,4500000.0,4.5,472,1024,0.4609375
01a0a57f-e612-73a0-a4c0-523ced5dc57c,d,D,QB18,19,2,UVH5d,31,0.07,4950000.0,4.95,485,1024,0.4736328125
01a0a57f-e612-73a0-a4c0-523ced5dc57c,d,D,QB18,19,2,UVH5d,32,0.07,5400000.0,5.4,513,1024,0.5009765625
01a0a57f-e612-73a0-a4c0-523ced5dc57c,d,D,QB18,19,2,UVH5d,33,0.07,5850000.0,5.85,500,1024,0.48828125
01a0a57f-e612-73a0-a4c0-523ced5dc57c,d,D,QB18,19,2,UVH5d,34,0.07,6300000.0,6.3,480,1024,0.46875
01a0a57f-e612-73a0-a4c0-523ced5dc57c,d,D,QB18,19,2,UVH5d,35,0.07,6750000.0,6.75,499,1024,0.4873046875
01a0a57f-e612-73a0-a4c0-523ced5dc57c,d,D,QB18,19,2,UVH5d,36,0.07,7200000.0,7.2,476,1024,0.46484375
01a0a57f-e612-73a0-a4c0-523ced5dc57c,d,D,QB18,19,2,UVH5d,37,0.07,7650000.0,7.65,520,1024,0.5078125
01a0a57f-e612-73a0-a4c0-523ced5dc57c,d,D,QB18,19,2,UVH5d,38,0.07,8100000.0,8.1,477,1024,0.4658203125
01a0a57f-e612-73a0-a4c0-523ced5dc57c,d,D,QB18,19,2,UVH5d,39,0.07,8550000.0,8.55,507,1024,0.4951171875
01a0a57f-e612-73a0-a4c0-523ced5dc57c,d,D,QB18,19,2,UVH5d,40,0.07,9000000.0,9.0,496,1024,0.484375
01a0a57f-e612-73a0-a4c0-523ced5dc57c,d,D,QB18,19,3,UVH6d,0,0.07,-9000000.0,-9.0,622,1024,0.607421875
01a0a57f-e612-73a0-a4c0-523ced5dc57c,d,D,QB18,19,3,UVH6d,1,0.07,-8550000.0,-8.55,571,1024,0.5576171875
01a0a57f-e612-73a0-a4c0-523ced5dc57c,d,D,QB18,19,3,UVH6d,2,0.07,-8100000.0,-8.1,549,1024,0.5361328125
01a0a57f-e612-73a0-a4c0-523ced5dc57c,d,D,QB18,19,3,UVH6d,3,0.07,-7650000.0,-7.65,570,1024,0.556640625
01a0a57f-e612-73a0-a4c0-523ced5dc57c,d,D,QB18,19,3,UVH6d,4,0.07,-7200000.0,-7.2,584,1024,0.5703125
01a0a57f-e612-73a0-a4c0-523ced5dc57c,d,D,QB18,19,3,UVH6d,5,0.07,-6750000.0,-6.75,568,1024,0.5546875
01a0a57f-e612-73a0-a4c0-523ced5dc57c,d,D,QB18,19,3,UVH6d,6,0.07,-6300000.0,-6.3,533,1024,0.5205078125
01a0a57f-e612-73a0-a4c0-523ced5dc57c,d,D,QB18,19,3,UVH6d,7,0.07,-5850000.0,-5.85,530,1024,0.517578125
01a0a57f-e612-73a0-a4c0-523ced5dc57c,d,D,QB18,19,3,UVH6d,8,0.07,-5400000.0,-5.4,524,1024,0.51171875
01a0a57f-e612-73a0-a4c0-523ced5dc57c,d,D,QB18,19,3,UVH6d,9,0.07,-4950000.0,-4.95,558,1024,0.544921875
01a0a57f-e612-73a0-a4c0-523ced5dc57c,d,D,QB18,19,3,UVH6d,10,0.07,-4500000.0,-4.5,509,1024,0.4970703125
01a0a57f-e612-73a0-a4c0-523ced5dc57c,d,D,QB18,19,3,UVH6d,11,0.07,-4050000.0,-4.05,513,1024,0.5009765625
01a0a57f-e612-73a0-a4c0-523ced5dc57c,d,D,QB18,19,3,UVH6d,12,0.07,-3600000.0,-3.6,567,1024,0.5537109375
01a0a57f-e612-73a0-a4c0-523ced5dc57c,d,D,QB18,19,3,UVH6d,13,0.07,-3150000.0,-3.15,491,1024,0.4794921875
01a0a57f-e612-73a0-a4c0-523ced5dc57c,d,D,QB18,19,3,UVH6d,14,0.07,-2700000.0,-2.7,518,1024,0.505859375
01a0a57f-e612-73a0-a4c0-523ced5dc57c,d,D,QB18,19,3,UVH6d,15,0.07,-2250000.0,-2.25,493,1024,0.4814453125
01a0a57f-e612-73a0-a4c0-523ced5dc57c,d,D,QB18,19,3,UVH6d,16,0.07,-1800000.0,-1.8,526,1024,0.513671875
01a0a57f-e612-73a0-a4c0-523ced5dc57c,d,D,QB18,19,3,UVH6d,17,0.07,-1350000.0,-1.35,514,1024,0.501953125
01a0a57f-e612-73a0-a4c0-523ced5dc57c,d,D,QB18,19,3,UVH6d,18,0.07,-900000.0,-0.9,530,1024,0.517578125
01a0a57f-e612-73a0-a4c0-523ced5dc57c,d,D,QB18,19,3,UVH6d,19,0.07,-450000.0,-0.45,507,1024,0.4951171875
01a0a57f-e612-73a0-a4c0-523ced5dc57c,d,D,QB18,19,3,UVH6d,20,0.07,0.0,0.0,510,1024,0.498046875
01a0a57f-e612-73a0-a4c0-523ced5dc57c,d,D,QB18,19,3,UVH6d,21,0.07,450000.0,0.45,514,1024,0.501953125
01a0a57f-e612-73a0-a4c0-523ced5dc57c,d,D,QB18,19,3,UVH6d,22,0.07,900000.0,0.9,506,1024,0.494140625
01a0a57f-e612-73a0-a4c0-523ced5dc57c,d,D,QB18,19,3,UVH6d,23,0.07,1350000.0,1.35,508,1024,0.49609375
01a0a57f-e612-73a0-a4c0-523ced5dc57c,d,D,QB18,19,3,UVH6d,24,0.07,1800000.0,1.8,496,1024,0.484375
01a0a57f-e612-73a0-a4c0-523ced5dc57c,d,D,QB18,19,3,UVH6d,25,0.07,2250000.0,2.25,502,1024,0.490234375
01a0a57f-e612-73a0-a4c0-523ced5dc57c,d,D,QB18,19,3,UVH6d,26,0.07,2700000.0,2.7,519,1024,0.5068359375
01a0a57f-e612-73a0-a4c0-523ced5dc57c,d,D,QB18,19,3,UVH6d,27,0.07,3150000.0,3.15,492,1024,0.48046875
01a0a57f-e612-73a0-a4c0-523ced5dc57c,d,D,QB18,19,3,UVH6d,28,0.07,3600000.0,3.6,522,1024,0.509765625
01a0a57f-e612-73a0-a4c0-523ced5dc57c,d,D,QB18,19,3,UVH6d,29,0.07,4050000.0,4.05,550,1024,0.537109375
01a0a57f-e612-73a0-a4c0-523ced5dc57c,d,D,QB18,19,3,UVH6d,30,0.07,4500000.0,4.5,507,1024,0.4951171875
01a0a57f-e612-73a0-a4c0-523ced5dc57c,d,D,QB18,19,3,UVH6d,31,0.07,4950000.0,4.95,519,1024,0.5068359375
01a0a57f-e612-73a0-a4c0-523ced5dc57c,d,D,QB18,19,3,UVH6d,32,0.07,5400000.0,5.4,520,1024,0.5078125
01a0a57f-e612-73a0-a4c0-523ced5dc57c,d,D,QB18,19,3,UVH6d,33,0.07,5850000.0,5.85,524,1024,0.51171875
01a0a57f-e612-73a0-a4c0-523ced5dc57c,d,D,QB18,19,3,UVH6d,34,0.07,6300000.0,6.3,533,1024,0.5205078125
01a0a57f-e612-73a0-a4c0-523ced5dc57c,d,D,QB18,19,3,UVH6d,35,0.07,6750000.0,6.75,554,1024,0.541015625
01a0a57f-e612-73a0-a4c0-523ced5dc57c,d,D,QB18,19,3,UVH6d,36,0.07,7200000.0,7.2,577,1024,0.5634765625
01a0a57f-e612-73a0-a4c0-523ced5dc57c,d,D,QB18,19,3,UVH6d,37,0.07,7650000.0,7.65,577,1024,0.5634765625
01a0a57f-e612-73a0-a4c0-523ced5dc57c,d,D,QB18,19,3,UVH6d,38,0.07,8100000.0,8.1,582,1024,0.568359375
01a0a57f-e612-73a0-a4c0-523ced5dc57c,d,D,QB18,19,3,UVH6d,39,0.07,8550000.0,8.55,646,1024,0.630859375
01a0a57f-e612-73a0-a4c0-523ced5dc57c,d,D,QB18,19,3,UVH6d,40,0.07,9000000.0,9.0,630,1024,0.615234375
01a0a57f-e612-73a0-a4c0-523ced5dc57c,d,D,QB18,19,4,UVH7d,0,0.07,-9000000.0,-9.0,592,1024,0.578125
01a0a57f-e612-73a0-a4c0-523ced5dc57c,d,D,QB18,19,4,UVH7d,1,0.07,-8550000.0,-8.55,582,1024,0.568359375
01a0a57f-e612-73a0-a4c0-523ced5dc57c,d,D,QB18,19,4,UVH7d,2,0.07,-8100000.0,-8.1,567,1024,0.5537109375
01a0a57f-e612-73a0-a4c0-523ced5dc57c,d,D,QB18,19,4,UVH7d,3,0.07,-7650000.0,-7.65,536,1024,0.5234375
01a0a57f-e612-73a0-a4c0-523ced5dc57c,d,D,QB18,19,4,UVH7d,4,0.07,-7200000.0,-7.2,531,1024,0.5185546875
01a0a57f-e612-73a0-a4c0-523ced5dc57c,d,D,QB18,19,4,UVH7d,5,0.07,-6750000.0,-6.75,544,1024,0.53125
01a0a57f-e612-73a0-a4c0-523ced5dc57c,d,D,QB18,19,4,UVH7d,6,0.07,-6300000.0,-6.3,517,1024,0.5048828125
01a0a57f-e612-73a0-a4c0-523ced5dc57c,d,D,QB18,19,4,UVH7d,7,0.07,-5850000.0,-5.85,515,1024,0.5029296875
01a0a57f-e612-73a0-a4c0-523ced5dc57c,d,D,QB18,19,4,UVH7d,8,0.07,-5400000.0,-5.4,515,1024,0.5029296875
01a0a57f-e612-73a0-a4c0-523ced5dc57c,d,D,QB18,19,4,UVH7d,9,0.07,-4950000.0,-4.95,533,1024,0.5205078125
01a0a57f-e612-73a0-a4c0-523ced5dc57c,d,D,QB18,19,4,UVH7d,10,0.07,-4500000.0,-4.5,492,1024,0.48046875
01a0a57f-e612-73a0-a4c0-523ced5dc57c,d,D,QB18,19,4,UVH7d,11,0.07,-4050000.0,-4.05,515,1024,0.5029296875
01a0a57f-e612-73a0-a4c0-523ced5dc57c,d,D,QB18,19,4,UVH7d,12,0.07,-3600000.0,-3.6,504,1024,0.4921875
01a0a57f-e612-73a0-a4c0-523ced5dc57c,d,D,QB18,19,4,UVH7d,13,0.07,-3150000.0,-3.15,501,1024,0.4892578125
01a0a57f-e612-73a0-a4c0-523ced5dc57c,d,D,QB18,19,4,UVH7d,14,0.07,-2700000.0,-2.7,521,1024,0.5087890625
01a0a57f-e612-73a0-a4c0-523ced5dc57c,d,D,QB18,19,4,UVH7d,15,0.07,-2250000.0,-2.25,522,1024,0.509765625
01a0a57f-e612-73a0-a4c0-523ced5dc57c,d,D,QB18,19,4,UVH7d,16,0.07,-1800000.0,-1.8,503,1024,0.4912109375
01a0a57f-e612-73a0-a4c0-523ced5dc57c,d,D,QB18,19,4,UVH7d,17,0.07,-1350000.0,-1.35,530,1024,0.517578125
01a0a57f-e612-73a0-a4c0-523ced5dc57c,d,D,QB18,19,4,UVH7d,18,0.07,-900000.0,-0.9,520,1024,0.5078125
01a0a57f-e612-73a0-a4c0-523ced5dc57c,d,D,QB18,19,4,UVH7d,19,0.07,-450000.0,-0.45,486,1024,0.474609375
01a0a57f-e612-73a0-a4c0-523ced5dc57c,d,D,QB18,19,4,UVH7d,20,0.07,0.0,0.0,483,1024,0.4716796875
01a0a57f-e612-73a0-a4c0-523ced5dc57c,d,D,QB18,19,4,UVH7d,21,0.07,450000.0,0.45,518,1024,0.505859375
01a0a57f-e612-73a0-a4c0-523ced5dc57c,d,D,QB18,19,4,UVH7d,22,0.07,900000.0,0.9,515,1024,0.5029296875
01a0a57f-e612-73a0-a4c0-523ced5dc57c,d,D,QB18,19,4,UVH7d,23,0.07,1350000.0,1.35,513,1024,0.5009765625
01a0a57f-e612-73a0-a4c0-523ced5dc57c,d,D,QB18,19,4,UVH7d,24,0.07,1800000.0,1.8,514,1024,0.501953125
01a0a57f-e612-73a0-a4c0-523ced5dc57c,d,D,QB18,19,4,UVH7d,25,0.07,2250000.0,2.25,552,1024,0.5390625
01a0a57f-e612-73a0-a4c0-523ced5dc57c,d,D,QB18,19,4,UVH7d,26,0.07,2700000.0,2.7,520,1024,0.5078125
01a0a57f-e612-73a0-a4c0-523ced5dc57c,d,D,QB18,19,4,UVH7d,27,0.07,3150000.0,3.15,486,1024,0.474609375
01a0a57f-e612-73a0-a4c0-523ced5dc57c,d,D,QB18,19,4,UVH7d,28,0.07,3600000.0,3.6,484,1024,0.47265625
01a0a57f-e612-73a0-a4c0-523ced5dc57c,d,D,QB18,19,4,UVH7d,29,0.07,4050000.0,4.05,500,1024,0.48828125
01a0a57f-e612-73a0-a4c0-523ced5dc57c,d,D,QB18,19,4,UVH7d,30,0.07,4500000.0,4.5,467,1024,0.4560546875
01a0a57f-e612-73a0-a4c0-523ced5dc57c,d,D,QB18,19,4,UVH7d,31,0.07,4950000.0,4.95,452,1024,0.44140625
01a0a57f-e612-73a0-a4c0-523ced5dc57c,d,D,QB18,19,4,UVH7d,32,0.07,5400000.0,5.4,447,1024,0.4365234375
01a0a57f-e612-73a0-a4c0-523ced5dc57c,d,D,QB18,19,4,UVH7d,33,0.07,5850000.0,5.85,442,1024,0.431640625
01a0a57f-e612-73a0-a4c0-523ced5dc57c,d,D,QB18,19,4,UVH7d,34,0.07,6300000.0,6.3,452,1024,0.44140625
01a0a57f-e612-73a0-a4c0-523ced5dc57c,d,D,QB18,19,4,UVH7d,35,0.07,6750000.0,6.75,434,1024,0.423828125
01a0a57f-e612-73a0-a4c0-523ced5dc57c,d,D,QB18,19,4,UVH7d,36,0.07,7200000.0,7.2,398,1024,0.388671875
01a0a57f-e612-73a0-a4c0-523ced5dc57c,d,D,QB18,19,4,UVH7d,37,0.07,7650000.0,7.65,352,1024,0.34375
01a0a57f-e612-73a0-a4c0-523ced5dc57c,d,D,QB18,19,4,UVH7d,38,0.07,8100000.0,8.1,365,1024,0.3564453125
01a0a57f-e612-73a0-a4c0-523ced5dc57c,d,D,QB18,19,4,UVH7d,39,0.07,8550000.0,8.55,375,1024,0.3662109375
01a0a57f-e612-73a0-a4c0-523ced5dc57c,d,D,QB18,19,4,UVH7d,40,0.07,9000000.0,9.0,339,1024,0.3310546875
01a0a57f-e612-73a0-a4c0-523ced5dc57c,d,D,QB18,19,5,UVH8d,0,0.07,-9000000.0,-9.0,500,1024,0.48828125
01a0a57f-e612-73a0-a4c0-523ced5dc57c,d,D,QB18,19,5,UVH8d,1,0.07,-8550000.0,-8.55,521,1024,0.5087890625
01a0a57f-e612-73a0-a4c0-523ced5dc57c,d,D,QB18,19,5,UVH8d,2,0.07,-8100000.0,-8.1,499,1024,0.4873046875
01a0a57f-e612-73a0-a4c0-523ced5dc57c,d,D,QB18,19,5,UVH8d,3,0.07,-7650000.0,-7.65,518,1024,0.505859375
01a0a57f-e612-73a0-a4c0-523ced5dc57c,d,D,QB18,19,5,UVH8d,4,0.07,-7200000.0,-7.2,501,1024,0.4892578125
01a0a57f-e612-73a0-a4c0-523ced5dc57c,d,D,QB18,19,5,UVH8d,5,0.07,-6750000.0,-6.75,512,1024,0.5
01a0a57f-e612-73a0-a4c0-523ced5dc57c,d,D,QB18,19,5,UVH8d,6,0.07,-6300000.0,-6.3,489,1024,0.4775390625
01a0a57f-e612-73a0-a4c0-523ced5dc57c,d,D,QB18,19,5,UVH8d,7,0.07,-5850000.0,-5.85,517,1024,0.5048828125
01a0a57f-e612-73a0-a4c0-523ced5dc57c,d,D,QB18,19,5,UVH8d,8,0.07,-5400000.0,-5.4,461,1024,0.4501953125
01a0a57f-e612-73a0-a4c0-523ced5dc57c,d,D,QB18,19,5,UVH8d,9,0.07,-4950000.0,-4.95,461,1024,0.4501953125
01a0a57f-e612-73a0-a4c0-523ced5dc57c,d,D,QB18,19,5,UVH8d,10,0.07,-4500000.0,-4.5,508,1024,0.49609375
01a0a57f-e612-73a0-a4c0-523ced5dc57c,d,D,QB18,19,5,UVH8d,11,0.07,-4050000.0,-4.05,499,1024,0.4873046875
01a0a57f-e612-73a0-a4c0-523ced5dc57c,d,D,QB18,19,5,UVH8d,12,0.07,-3600000.0,-3.6,527,1024,0.5146484375
01a0a57f-e612-73a0-a4c0-523ced5dc57c,d,D,QB18,19,5,UVH8d,13,0.07,-3150000.0,-3.15,495,1024,0.4833984375
01a0a57f-e612-73a0-a4c0-523ced5dc57c,d,D,QB18,19,5,UVH8d,14,0.07,-2700000.0,-2.7,483,1024,0.4716796875
01a0a57f-e612-73a0-a4c0-523ced5dc57c,d,D,QB18,19,5,UVH8d,15,0.07,-2250000.0,-2.25,516,1024,0.50390625
01a0a57f-e612-73a0-a4c0-523ced5dc57c,d,D,QB18,19,5,UVH8d,16,0.07,-1800000.0,-1.8,471,1024,0.4599609375
01a0a57f-e612-73a0-a4c0-523ced5dc57c,d,D,QB18,19,5,UVH8d,17,0.07,-1350000.0,-1.35,512,1024,0.5
01a0a57f-e612-73a0-a4c0-523ced5dc57c,d,D,QB18,19,5,UVH8d,18,0.07,-900000.0,-0.9,499,1024,0.4873046875
01a0a57f-e612-73a0-a4c0-523ced5dc57c,d,D,QB18,19,5,UVH8d,19,0.07,-450000.0,-0.45,502,1024,0.490234375
01a0a57f-e612-73a0-a4c0-523ced5dc57c,d,D,QB18,19,5,UVH8d,20,0.07,0.0,0.0,515,1024,0.5029296875
01a0a57f-e612-73a0-a4c0-523ced5dc57c,d,D,QB18,19,5,UVH8d,21,0.07,450000.0,0.45,543,1024,0.5302734375
01a0a57f-e612-73a0-a4c0-523ced5dc57c,d,D,QB18,19,5,UVH8d,22,0.07,900000.0,0.9,511,1024,0.4990234375
01a0a57f-e612-73a0-a4c0-523ced5dc57c,d,D,QB18,19,5,UVH8d,23,0.07,1350000.0,1.35,498,1024,0.486328125
01a0a57f-e612-73a0-a4c0-523ced5dc57c,d,D,QB18,19,5,UVH8d,24,0.07,1800000.0,1.8,500,1024,0.48828125
01a0a57f-e612-73a0-a4c0-523ced5dc57c,d,D,QB18,19,5,UVH8d,25,0.07,2250000.0,2.25,480,1024,0.46875
01a0a57f-e612-73a0-a4c0-523ced5dc57c,d,D,QB18,19,5,UVH8d,26,0.07,2700000.0,2.7,500,1024,0.48828125
01a0a57f-e612-73a0-a4c0-523ced5dc57c,d,D,QB18,19,5,UVH8d,27,0.07,3150000.0,3.15,468,1024,0.45703125
01a0a57f-e612-73a0-a4c0-523ced5dc57c,d,D,QB18,19,5,UVH8d,28,0.07,3600000.0,3.6,469,1024,0.4580078125
01a0a57f-e612-73a0-a4c0-523ced5dc57c,d,D,QB18,19,5,UVH8d,29,0.07,4050000.0,4.05,489,1024,0.4775390625
01a0a57f-e612-73a0-a4c0-523ced5dc57c,d,D,QB18,19,5,UVH8d,30,0.07,4500000.0,4.5,526,1024,0.513671875
01a0a57f-e612-73a0-a4c0-523ced5dc57c,d,D,QB18,19,5,UVH8d,31,0.07,4950000.0,4.95,489,1024,0.4775390625
01a0a57f-e612-73a0-a4c0-523ced5dc57c,d,D,QB18,19,5,UVH8d,32,0.07,5400000.0,5.4,504,1024,0.4921875
01a0a57f-e612-73a0-a4c0-523ced5dc57c,d,D,QB18,19,5,UVH8d,33,0.07,5850000.0,5.85,498,1024,0.486328125
01a0a57f-e612-73a0-a4c0-523ced5dc57c,d,D,QB18,19,5,UVH8d,34,0.07,6300000.0,6.3,492,1024,0.48046875
01a0a57f-e612-73a0-a4c0-523ced5dc57c,d,D,QB18,19,5,UVH8d,35,0.07,6750000.0,6.75,487,1024,0.4755859375
01a0a57f-e612-73a0-a4c0-523ced5dc57c,d,D,QB18,19,5,UVH8d,36,0.07,7200000.0,7.2,464,1024,0.453125
01a0a57f-e612-73a0-a4c0-523ced5dc57c,d,D,QB18,19,5,UVH8d,37,0.07,7650000.0,7.65,460,1024,0.44921875
01a0a57f-e612-73a0-a4c0-523ced5dc57c,d,D,QB18,19,5,UVH8d,38,0.07,8100000.0,8.1,456,1024,0.4453125
01a0a57f-e612-73a0-a4c0-523ced5dc57c,d,D,QB18,19,5,UVH8d,39,0.07,8550000.0,8.55,473,1024,0.4619140625
01a0a57f-e612-73a0-a4c0-523ced5dc57c,d,D,QB18,19,5,UVH8d,40,0.07,9000000.0,9.0,432,1024,0.421875
