job_id,family,panel,qubit,logical_q,circuit_idx,circuit,sweep_idx,epsilon,detuning_Hz,detuning_MHz,n1,shots,p1_raw
01a0a58f-fa8c-7373-bce5-caabe51dbde0,s,D,QB13,0,0,standard_pi_2,0,0.07,-9000000.0,-9.0,598,1024,0.583984375
01a0a58f-fa8c-7373-bce5-caabe51dbde0,s,D,QB13,0,0,standard_pi_2,1,0.07,-8550000.0,-8.55,586,1024,0.572265625
01a0a58f-fa8c-7373-bce5-caabe51dbde0,s,D,QB13,0,0,standard_pi_2,2,0.07,-8100000.0,-8.1,605,1024,0.5908203125
01a0a58f-fa8c-7373-bce5-caabe51dbde0,s,D,QB13,0,0,standard_pi_2,3,0.07,-7650000.0,-7.65,584,1024,0.5703125
01a0a58f-fa8c-7373-bce5-caabe51dbde0,s,D,QB13,0,0,standard_pi_2,4,0.07,-7200000.0,-7.2,566,1024,0.552734375
01a0a58f-fa8c-7373-bce5-caabe51dbde0,s,D,QB13,0,0,standard_pi_2,5,0.07,-6750000.0,-6.75,572,1024,0.55859375
01a0a58f-fa8c-7373-bce5-caabe51dbde0,s,D,QB13,0,0,standard_pi_2,6,0.07,-6300000.0,-6.3,572,1024,0.55859375
01a0a58f-fa8c-7373-bce5-caabe51dbde0,s,D,QB13,0,0,standard_pi_2,7,0.07,-5850000.0,-5.85,600,1024,0.5859375
01a0a58f-fa8c-7373-bce5-caabe51dbde0,s,D,QB13,0,0,standard_pi_2,8,0.07,-5400000.0,-5.4,568,1024,0.5546875
01a0a58f-fa8c-7373-bce5-caabe51dbde0,s,D,QB13,0,0,standard_pi_2,9,0.07,-4950000.0,-4.95,578,1024,0.564453125
01a0a58f-fa8c-7373-bce5-caabe51dbde0,s,D,QB13,0,0,standard_pi_2,10,0.07,-4500000.0,-4.5,556,1024,0.54296875
01a0a58f-fa8c-7373-bce5-caabe51dbde0,s,D,QB13,0,0,standard_pi_2,11,0.07,-4050000.0,-4.05,569,1024,0.5556640625
01a0a58f-fa8c-7373-bce5-caabe51dbde0,s,D,QB13,0,0,standard_pi_2,12,0.07,-3600000.0,-3.6,548,1024,0.53515625
01a0a58f-fa8c-7373-bce5-caabe51dbde0,s,D,QB13,0,0,standard_pi_2,13,0.07,-3150000.0,-3.15,569,1024,0.5556640625
01a0a58f-fa8c-7373-bce5-caabe51dbde0,s,D,QB13,0,0,standard_pi_2,14,0.07,-2700000.0,-2.7,579,1024,0.5654296875
01a0a58f-fa8c-7373-bce5-caabe51dbde0,s,D,QB13,0,0,standard_pi_2,15,0.07,-2250000.0,-2.25,549,1024,0.5361328125
01a0a58f-fa8c-7373-bce5-caabe51dbde0,s,D,QB13,0,0,standard_pi_2,16,0.07,-1800000.0,-1.8,569,1024,0.5556640625
01a0a58f-fa8c-7373-bce5-caabe51dbde0,s,D,QB13,0,0,standard_pi_2,17,0.07,-1350000.0,-1.35,556,1024,0.54296875
01a0a58f-fa8c-7373-bce5-caabe51dbde0,s,D,QB13,0,0,standard_pi_2,18,0.07,-900000.0,-0.9,529,1024,0.5166015625
01a0a58f-fa8c-7373-bce5-caabe51dbde0,s,D,QB13,0,0,standard_pi_2,19,0.07,-450000.0,-0.45,512,1024,0.5
01a0a58f-fa8c-7373-bce5-caabe51dbde0,s,D,QB13,0,0,standard_pi_2,20,0.07,0.0,0.0,562,1024,0.548828125
01a0a58f-fa8c-7373-bce5-caabe51dbde0,s,D,QB13,0,0,standard_pi_2,21,0.07,450000.0,0.45,534,1024,0.521484375
01a0a58f-fa8c-7373-bce5-caabe51dbde0,s,D,QB13,0,0,standard_pi_2,22,0.07,900000.0,0.9,546,1024,0.533203125
01a0a58f-fa8c-7373-bce5-caabe51dbde0,s,D,QB13,0,0,standard_pi_2,23,0.07,1350000.0,1.35,514,1024,0.501953125
01a0a58f-fa8c-7373-bce5-caabe51dbde0,s,D,QB13,0,0,standard_pi_2,24,0.07,1800000.0,1.8,513,1024,0.5009765625
01a0a58f-fa8c-7373-bce5-caabe51dbde0,s,D,QB13,0,0,standard_pi_2,25,0.07,2250000.0,2.25,544,1024,0.53125
01a0a58f-fa8c-7373-bce5-caabe51dbde0,s,D,QB13,0,0,standard_pi_2,26,0.07,2700000.0,2.7,543,1024,0.5302734375
01a0a58f-fa8c-7373-bce5-caabe51dbde0,s,D,QB13,0,0,standard_pi_2,27,0.07,3150000.0,3.15,554,1024,0.541015625
01a0a58f-fa8c-7373-bce5-caabe51dbde0,s,D,QB13,0,0,standard_pi_2,28,0.07,3600000.0,3.6,517,1024,0.5048828125
01a0a58f-fa8c-7373-bce5-caabe51dbde0,s,D,QB13,0,0,standard_pi_2,29,0.07,4050000.0,4.05,496,1024,0.484375
01a0a58f-fa8c-7373-bce5-caabe51dbde0,s,D,QB13,0,0,standard_pi_2,30,0.07,4500000.0,4.5,504,1024,0.4921875
01a0a58f-fa8c-7373-bce5-caabe51dbde0,s,D,QB13,0,0,standard_pi_2,31,0.07,4950000.0,4.95,511,1024,0.4990234375
01a0a58f-fa8c-7373-bce5-caabe51dbde0,s,D,QB13,0,0,standard_pi_2,32,0.07,5400000.0,5.4,485,1024,0.4736328125
01a0a58f-fa8c-7373-bce5-caabe51dbde0,s,D,QB13,0,0,standard_pi_2,33,0.07,5850000.0,5.85,497,1024,0.4853515625
01a0a58f-fa8c-7373-bce5-caabe51dbde0,s,D,QB13,0,0,standard_pi_2,34,0.07,6300000.0,6.3,478,1024,0.466796875
01a0a58f-fa8c-7373-bce5-caabe51dbde0,s,D,QB13,0,0,standard_pi_2,35,0.07,6750000.0,6.75,464,1024,0.453125
01a0a58f-fa8c-7373-bce5-caabe51dbde0,s,D,QB13,0,0,standard_pi_2,36,0.07,7200000.0,7.2,467,1024,0.4560546875
01a0a58f-fa8c-7373-bce5-caabe51dbde0,s,D,QB13,0,0,standard_pi_2,37,0.07,7650000.0,7.65,477,1024,0.4658203125
01a0a58f-fa8c-7373-bce5-caabe51dbde0,s,D,QB13,0,0,standard_pi_2,38,0.07,8100000.0,8.1,517,1024,0.5048828125
01a0a58f-fa8c-7373-bce5-caabe51dbde0,s,D,QB13,0,0,standard_pi_2,39,0.07,8550000.0,8.55,471,1024,0.4599609375
01a0a58f-fa8c-7373-bce5-caabe51dbde0,s,D,QB13,0,0,standard_pi_2,40,0.07,9000000.0,9.0,457,1024,0.4462890625
01a0a58f-fa8c-7373-bce5-caabe51dbde0,s,D,QB13,0,1,UVH5s,0,0.07,-9000000.0,-9.0,672,1024,0.65625
01a0a58f-fa8c-7373-bce5-caabe51dbde0,s,D,QB13,0,1,UVH5s,1,0.07,-8550000.0,-8.55,647,1024,0.6318359375
01a0a58f-fa8c-7373-bce5-caabe51dbde0,s,D,QB13,0,1,UVH5s,2,0.07,-8100000.0,-8.1,629,1024,0.6142578125
01a0a58f-fa8c-7373-bce5-caabe51dbde0,s,D,QB13,0,1,UVH5s,3,0.07,-7650000.0,-7.65,651,1024,0.6357421875
01a0a58f-fa8c-7373-bce5-caabe51dbde0,s,D,QB13,0,1,UVH5s,4,0.07,-7200000.0,-7.2,645,1024,0.6298828125
01a0a58f-fa8c-7373-bce5-caabe51dbde0,s,D,QB13,0,1,UVH5s,5,0.07,-6750000.0,-6.75,643,1024,0.6279296875
01a0a58f-fa8c-7373-bce5-caabe51dbde0,s,D,QB13,0,1,UVH5s,6,0.07,-6300000.0,-6.3,602,1024,0.587890625
01a0a58f-fa8c-7373-bce5-caabe51dbde0,s,D,QB13,0,1,UVH5s,7,0.07,-5850000.0,-5.85,613,1024,0.5986328125
01a0a58f-fa8c-7373-bce5-caabe51dbde0,s,D,QB13,0,1,UVH5s,8,0.07,-5400000.0,-5.4,577,1024,0.5634765625
01a0a58f-fa8c-7373-bce5-caabe51dbde0,s,D,QB13,0,1,UVH5s,9,0.07,-4950000.0,-4.95,601,1024,0.5869140625
01a0a58f-fa8c-7373-bce5-caabe51dbde0,s,D,QB13,0,1,UVH5s,10,0.07,-4500000.0,-4.5,599,1024,0.5849609375
01a0a58f-fa8c-7373-bce5-caabe51dbde0,s,D,QB13,0,1,UVH5s,11,0.07,-4050000.0,-4.05,584,1024,0.5703125
01a0a58f-fa8c-7373-bce5-caabe51dbde0,s,D,QB13,0,1,UVH5s,12,0.07,-3600000.0,-3.6,552,1024,0.5390625
01a0a58f-fa8c-7373-bce5-caabe51dbde0,s,D,QB13,0,1,UVH5s,13,0.07,-3150000.0,-3.15,558,1024,0.544921875
01a0a58f-fa8c-7373-bce5-caabe51dbde0,s,D,QB13,0,1,UVH5s,14,0.07,-2700000.0,-2.7,561,1024,0.5478515625
01a0a58f-fa8c-7373-bce5-caabe51dbde0,s,D,QB13,0,1,UVH5s,15,0.07,-2250000.0,-2.25,524,1024,0.51171875
01a0a58f-fa8c-7373-bce5-caabe51dbde0,s,D,QB13,0,1,UVH5s,16,0.07,-1800000.0,-1.8,559,1024,0.5458984375
01a0a58f-fa8c-7373-bce5-caabe51dbde0,s,D,QB13,0,1,UVH5s,17,0.07,-1350000.0,-1.35,540,1024,0.52734375
01a0a58f-fa8c-7373-bce5-caabe51dbde0,s,D,QB13,0,1,UVH5s,18,0.07,-900000.0,-0.9,551,1024,0.5380859375
01a0a58f-fa8c-7373-bce5-caabe51dbde0,s,D,QB13,0,1,UVH5s,19,0.07,-450000.0,-0.45,531,1024,0.5185546875
01a0a58f-fa8c-7373-bce5-caabe51dbde0,s,D,QB13,0,1,UVH5s,20,0.07,0.0,0.0,567,1024,0.5537109375
01a0a58f-fa8c-7373-bce5-caabe51dbde0,s,D,QB13,0,1,UVH5s,21,0.07,450000.0,0.45,539,1024,0.5263671875
01a0a58f-fa8c-7373-bce5-caabe51dbde0,s,D,QB13,0,1,UVH5s,22,0.07,900000.0,0.9,554,1024,0.541015625
01a0a58f-fa8c-7373-bce5-caabe51dbde0,s,D,QB13,0,1,UVH5s,23,0.07,1350000.0,1.35,554,1024,0.541015625
01a0a58f-fa8c-7373-bce5-caabe51dbde0,s,D,QB13,0,1,UVH5s,24,0.07,1800000.0,1.8,547,1024,0.5341796875
01a0a58f-fa8c-7373-bce5-caabe51dbde0,s,D,QB13,0,1,UVH5s,25,0.07,2250000.0,2.25,526,1024,0.513671875
01a0a58f-fa8c-7373-bce5-caabe51dbde0,s,D,QB13,0,1,UVH5s,26,0.07,2700000.0,2.7,553,1024,0.5400390625
01a0a58f-fa8c-7373-bce5-caabe51dbde0,s,D,QB13,0,1,UVH5s,27,0.07,3150000.0,3.15,573,1024,0.5595703125
01a0a58f-fa8c-7373-bce5-caabe51dbde0,s,D,QB13,0,1,UVH5s,28,0.07,3600000.0,3.6,598,1024,0.583984375
01a0a58f-fa8c-7373-bce5-caabe51dbde0,s,D,QB13,0,1,UVH5s,29,0.07,4050000.0,4.05,597,1024,0.5830078125
01a0a58f-fa8c-7373-bce5-caabe51dbde0,s,D,QB13,0,1,UVH5s,30,0.07,4500000.0,4.5,630,1024,0.615234375
01a0a58f-fa8c-7373-bce5-caabe51dbde0,s,D,QB13,0,1,UVH5s,31,0.07,4950000.0,4.95,633,1024,0.6181640625
01a0a58f-fa8c-7373-bce5-caabe51dbde0,s,D,QB13,0,1,UVH5s,32,0.07,5400000.0,5.4,670,1024,0.654296875
01a0a58f-fa8c-7373-bce5-caabe51dbde0,s,D,QB13,0,1,UVH5s,33,0.07,5850000.0,5.85,655,1024,0.6396484375
01a0a58f-fa8c-7373-bce5-caabe51dbde0,s,D,QB13,0,1,UVH5s,34,0.07,6300000.0,6.3,670,1024,0.654296875
01a0a58f-fa8c-7373-bce5-caabe51dbde0,s,D,QB13,0,1,UVH5s,35,0.07,6750000.0,6.75,714,1024,0.697265625
01a0a58f-fa8c-7373-bce5-caabe51dbde0,s,D,QB13,0,1,UVH5s,36,0.07,7200000.0,7.2,720,1024,0.703125
01a0a58f-fa8c-7373-bce5-caabe51dbde0,s,D,QB13,0,1,UVH5s,37,0.07,7650000.0,7.65,760,1024,0.7421875
01a0a58f-fa8c-7373-bce5-caabe51dbde0,s,D,QB13,0,1,UVH5s,38,0.07,8100000.0,8.1,749,1024,0.7314453125
01a0a58f-fa8c-7373-bce5-caabe51dbde0,s,D,QB13,0,1,UVH5s,39,0.07,8550000.0,8.55,750,1024,0.732421875
01a0a58f-fa8c-7373-bce5-caabe51dbde0,s,D,QB13,0,1,UVH5s,40,0.07,9000000.0,9.0,807,1024,0.7880859375
01a0a58f-fa8c-7373-bce5-caabe51dbde0,s,D,QB13,0,2,UVH7s,0,0.07,-9000000.0,-9.0,531,1024,0.5185546875
01a0a58f-fa8c-7373-bce5-caabe51dbde0,s,D,QB13,0,2,UVH7s,1,0.07,-8550000.0,-8.55,551,1024,0.5380859375
01a0a58f-fa8c-7373-bce5-caabe51dbde0,s,D,QB13,0,2,UVH7s,2,0.07,-8100000.0,-8.1,555,1024,0.5419921875
01a0a58f-fa8c-7373-bce5-caabe51dbde0,s,D,QB13,0,2,UVH7s,3,0.07,-7650000.0,-7.65,538,1024,0.525390625
01a0a58f-fa8c-7373-bce5-caabe51dbde0,s,D,QB13,0,2,UVH7s,4,0.07,-7200000.0,-7.2,535,1024,0.5224609375
01a0a58f-fa8c-7373-bce5-caabe51dbde0,s,D,QB13,0,2,UVH7s,5,0.07,-6750000.0,-6.75,549,1024,0.5361328125
01a0a58f-fa8c-7373-bce5-caabe51dbde0,s,D,QB13,0,2,UVH7s,6,0.07,-6300000.0,-6.3,549,1024,0.5361328125
01a0a58f-fa8c-7373-bce5-caabe51dbde0,s,D,QB13,0,2,UVH7s,7,0.07,-5850000.0,-5.85,524,1024,0.51171875
01a0a58f-fa8c-7373-bce5-caabe51dbde0,s,D,QB13,0,2,UVH7s,8,0.07,-5400000.0,-5.4,531,1024,0.5185546875
01a0a58f-fa8c-7373-bce5-caabe51dbde0,s,D,QB13,0,2,UVH7s,9,0.07,-4950000.0,-4.95,543,1024,0.5302734375
01a0a58f-fa8c-7373-bce5-caabe51dbde0,s,D,QB13,0,2,UVH7s,10,0.07,-4500000.0,-4.5,507,1024,0.4951171875
01a0a58f-fa8c-7373-bce5-caabe51dbde0,s,D,QB13,0,2,UVH7s,11,0.07,-4050000.0,-4.05,520,1024,0.5078125
01a0a58f-fa8c-7373-bce5-caabe51dbde0,s,D,QB13,0,2,UVH7s,12,0.07,-3600000.0,-3.6,519,1024,0.5068359375
01a0a58f-fa8c-7373-bce5-caabe51dbde0,s,D,QB13,0,2,UVH7s,13,0.07,-3150000.0,-3.15,509,1024,0.4970703125
01a0a58f-fa8c-7373-bce5-caabe51dbde0,s,D,QB13,0,2,UVH7s,14,0.07,-2700000.0,-2.7,511,1024,0.4990234375
01a0a58f-fa8c-7373-bce5-caabe51dbde0,s,D,QB13,0,2,UVH7s,15,0.07,-2250000.0,-2.25,517,1024,0.5048828125
01a0a58f-fa8c-7373-bce5-caabe51dbde0,s,D,QB13,0,2,UVH7s,16,0.07,-1800000.0,-1.8,487,1024,0.4755859375
01a0a58f-fa8c-7373-bce5-caabe51dbde0,s,D,QB13,0,2,UVH7s,17,0.07,-1350000.0,-1.35,490,1024,0.478515625
01a0a58f-fa8c-7373-bce5-caabe51dbde0,s,D,QB13,0,2,UVH7s,18,0.07,-900000.0,-0.9,493,1024,0.4814453125
01a0a58f-fa8c-7373-bce5-caabe51dbde0,s,D,QB13,0,2,UVH7s,19,0.07,-450000.0,-0.45,483,1024,0.4716796875
01a0a58f-fa8c-7373-bce5-caabe51dbde0,s,D,QB13,0,2,UVH7s,20,0.07,0.0,0.0,498,1024,0.486328125
01a0a58f-fa8c-7373-bce5-caabe51dbde0,s,D,QB13,0,2,UVH7s,21,0.07,450000.0,0.45,508,1024,0.49609375
01a0a58f-fa8c-7373-bce5-caabe51dbde0,s,D,QB13,0,2,UVH7s,22,0.07,900000.0,0.9,447,1024,0.4365234375
01a0a58f-fa8c-7373-bce5-caabe51dbde0,s,D,QB13,0,2,UVH7s,23,0.07,1350000.0,1.35,498,1024,0.486328125
01a0a58f-fa8c-7373-bce5-caabe51dbde0,s,D,QB13,0,2,UVH7s,24,0.07,1800000.0,1.8,478,1024,0.466796875
01a0a58f-fa8c-7373-bce5-caabe51dbde0,s,D,QB13,0,2,UVH7s,25,0.07,2250000.0,2.25,509,1024,0.4970703125
01a0a58f-fa8c-7373-bce5-caabe51dbde0,s,D,QB13,0,2,UVH7s,26,0.07,2700000.0,2.7,469,1024,0.4580078125
01a0a58f-fa8c-7373-bce5-caabe51dbde0,s,D,QB13,0,2,UVH7s,27,0.07,3150000.0,3.15,453,1024,0.4423828125
01a0a58f-fa8c-7373-bce5-caabe51dbde0,s,D,QB13,0,2,UVH7s,28,0.07,3600000.0,3.6,428,1024,0.41796875
01a0a58f-fa8c-7373-bce5-caabe51dbde0,s,D,QB13,0,2,UVH7s,29,0.07,4050000.0,4.05,500,1024,0.48828125
01a0a58f-fa8c-7373-bce5-caabe51dbde0,s,D,QB13,0,2,UVH7s,30,0.07,4500000.0,4.5,472,1024,0.4609375
01a0a58f-fa8c-7373-bce5-caabe51dbde0,s,D,QB13,0,2,UVH7s,31,0.07,4950000.0,4.95,492,1024,0.48046875
01a0a58f-fa8c-7373-bce5-caabe51dbde0,s,D,QB13,0,2,UVH7s,32,0.07,5400000.0,5.4,503,1024,0.4912109375
01a0a58f-fa8c-7373-bce5-caabe51dbde0,s,D,QB13,0,2,UVH7s,33,0.07,5850000.0,5.85,531,1024,0.5185546875
01a0a58f-fa8c-7373-bce5-caabe51dbde0,s,D,QB13,0,2,UVH7s,34,0.07,6300000.0,6.3,528,1024,0.515625
01a0a58f-fa8c-7373-bce5-caabe51dbde0,s,D,QB13,0,2,UVH7s,35,0.07,6750000.0,6.75,554,1024,0.541015625
01a0a58f-fa8c-7373-bce5-caabe51dbde0,s,D,QB13,0,2,UVH7s,36,0.07,7200000.0,7.2,550,1024,0.537109375
01a0a58f-fa8c-7373-bce5-caabe51dbde0,s,D,QB13,0,2,UVH7s,37,0.07,7650000.0,7.65,592,1024,0.578125
01a0a58f-fa8c-7373-bce5-caabe51dbde0,s,D,QB13,0,2,UVH7s,38,0.07,8100000.0,8.1,595,1024,0.5810546875
01a0a58f-fa8c-7373-bce5-caabe51dbde0,s,D,QB13,0,2,UVH7s,39,0.07,8550000.0,8.55,584,1024,0.5703125
01a0a58f-fa8c-7373-bce5-caabe51dbde0,s,D,QB13,0,2,UVH7s,40,0.07,9000000.0,9.0,607,1024,0.5927734375
01a0a58f-fa8c-7373-bce5-caabe51dbde0,s,D,QB13,0,3,UVH9s,0,0.07,-9000000.0,-9.0,426,1024,0.416015625
01a0a58f-fa8c-7373-bce5-caabe51dbde0,s,D,QB13,0,3,UVH9s,1,0.07,-8550000.0,-8.55,446,1024,0.435546875
01a0a58f-fa8c-7373-bce5-caabe51dbde0,s,D,QB13,0,3,UVH9s,2,0.07,-8100000.0,-8.1,458,1024,0.447265625
01a0a58f-fa8c-7373-bce5-caabe51dbde0,s,D,QB13,0,3,UVH9s,3,0.07,-7650000.0,-7.65,464,1024,0.453125
01a0a58f-fa8c-7373-bce5-caabe51dbde0,s,D,QB13,0,3,UVH9s,4,0.07,-7200000.0,-7.2,454,1024,0.443359375
01a0a58f-fa8c-7373-bce5-caabe51dbde0,s,D,QB13,0,3,UVH9s,5,0.07,-6750000.0,-6.75,481,1024,0.4697265625
01a0a58f-fa8c-7373-bce5-caabe51dbde0,s,D,QB13,0,3,UVH9s,6,0.07,-6300000.0,-6.3,506,1024,0.494140625
01a0a58f-fa8c-7373-bce5-caabe51dbde0,s,D,QB13,0,3,UVH9s,7,0.07,-5850000.0,-5.85,512,1024,0.5
01a0a58f-fa8c-7373-bce5-caabe51dbde0,s,D,QB13,0,3,UVH9s,8,0.07,-5400000.0,-5.4,489,1024,0.4775390625
01a0a58f-fa8c-7373-bce5-caabe51dbde0,s,D,QB13,0,3,UVH9s,9,0.07,-4950000.0,-4.95,476,1024,0.46484375
01a0a58f-fa8c-7373-bce5-caabe51dbde0,s,D,QB13,0,3,UVH9s,10,0.07,-4500000.0,-4.5,523,1024,0.5107421875
01a0a58f-fa8c-7373-bce5-caabe51dbde0,s,D,QB13,0,3,UVH9s,11,0.07,-4050000.0,-4.05,518,1024,0.505859375
01a0a58f-fa8c-7373-bce5-caabe51dbde0,s,D,QB13,0,3,UVH9s,12,0.07,-3600000.0,-3.6,507,1024,0.4951171875
01a0a58f-fa8c-7373-bce5-caabe51dbde0,s,D,QB13,0,3,UVH9s,13,0.07,-3150000.0,-3.15,534,1024,0.521484375
01a0a58f-fa8c-7373-bce5-caabe51dbde0,s,D,QB13,0,3,UVH9s,14,0.07,-2700000.0,-2.7,534,1024,0.521484375
01a0a58f-fa8c-7373-bce5-caabe51dbde0,s,D,QB13,0,3,UVH9s,15,0.07,-2250000.0,-2.25,534,1024,0.521484375
01a0a58f-fa8c-7373-bce5-caabe51dbde0,s,D,QB13,0,3,UVH9s,16,0.07,-1800000.0,-1.8,527,1024,0.5146484375
01a0a58f-fa8c-7373-bce5-caabe51dbde0,s,D,QB13,0,3,UVH9s,17,0.07,-1350000.0,-1.35,515,1024,0.5029296875
01a0a58f-fa8c-7373-bce5-caabe51dbde0,s,D,QB13,0,3,UVH9s,18,0.07,-900000.0,-0.9,530,1024,0.517578125
01a0a58f-fa8c-7373-bce5-caabe51dbde0,s,D,QB13,0,3,UVH9s,19,0.07,-450000.0,-0.45,507,1024,0.4951171875
01a0a58f-fa8c-7373-bce5-caabe51dbde0,s,D,QB13,0,3,UVH9s,20,0.07,0.0,0.0,507,1024,0.4951171875
01a0a58f-fa8c-7373-bce5-caabe51dbde0,s,D,QB13,0,3,UVH9s,21,0.07,450000.0,0.45,515,1024,0.5029296875
01a0a58f-fa8c-7373-bce5-caabe51dbde0,s,D,QB13,0,3,UVH9s,22,0.07,900000.0,0.9,514,1024,0.501953125
01a0a58f-fa8c-7373-bce5-caabe51dbde0,s,D,QB13,0,3,UVH9s,23,0.07,1350000.0,1.35,512,1024,0.5
01a0a58f-fa8c-7373-bce5-caabe51dbde0,s,D,QB13,0,3,UVH9s,24,0.07,1800000.0,1.8,509,1024,0.4970703125
01a0a58f-fa8c-7373-bce5-caabe51dbde0,s,D,QB13,0,3,UVH9s,25,0.07,2250000.0,2.25,519,1024,0.5068359375
01a0a58f-fa8c-7373-bce5-caabe51dbde0,s,D,QB13,0,3,UVH9s,26,0.07,2700000.0,2.7,495,1024,0.4833984375
01a0a58f-fa8c-7373-bce5-caabe51dbde0,s,D,QB13,0,3,UVH9s,27,0.07,3150000.0,3.15,529,1024,0.5166015625
01a0a58f-fa8c-7373-bce5-caabe51dbde0,s,D,QB13,0,3,UVH9s,28,0.07,3600000.0,3.6,512,1024,0.5
01a0a58f-fa8c-7373-bce5-caabe51dbde0,s,D,QB13,0,3,UVH9s,29,0.07,4050000.0,4.05,514,1024,0.501953125
01a0a58f-fa8c-7373-bce5-caabe51dbde0,s,D,QB13,0,3,UVH9s,30,0.07,4500000.0,4.5,482,1024,0.470703125
01a0a58f-fa8c-7373-bce5-caabe51dbde0,s,D,QB13,0,3,UVH9s,31,0.07,4950000.0,4.95,478,1024,0.466796875
01a0a58f-fa8c-7373-bce5-caabe51dbde0,s,D,QB13,0,3,UVH9s,32,0.07,5400000.0,5.4,486,1024,0.474609375
01a0a58f-fa8c-7373-bce5-caabe51dbde0,s,D,QB13,0,3,UVH9s,33,0.07,5850000.0,5.85,424,1024,0.4140625
01a0a58f-fa8c-7373-bce5-caabe51dbde0,s,D,QB13,0,3,UVH9s,34,0.07,6300000.0,6.3,436,1024,0.42578125
01a0a58f-fa8c-7373-bce5-caabe51dbde0,s,D,QB13,0,3,UVH9s,35,0.07,6750000.0,6.75,452,1024,0.44140625
01a0a58f-fa8c-7373-bce5-caabe51dbde0,s,D,QB13,0,3,UVH9s,36,0.07,7200000.0,7.2,399,1024,0.3896484375
01a0a58f-fa8c-7373-bce5-caabe51dbde0,s,D,QB13,0,3,UVH9s,37,0.07,7650000.0,7.65,362,1024,0.353515625
01a0a58f-fa8c-7373-bce5-caabe51dbde0,s,D,QB13,0,3,UVH9s,38,0.07,8100000.0,8.1,339,1024,0.3310546875
01a0a58f-fa8c-7373-bce5-caabe51dbde0,s,D,QB13,0,3,UVH9s,39,0.07,8550000.0,8.55,270,1024,0.263671875
01a0a58f-fa8c-7373-bce5-caabe51dbde0,s,D,QB13,0,3,UVH9s,40,0.07,9000000.0,9.0,274,1024,0.267578125
01a0a58f-fa8c-7373-bce5-caabe51dbde0,s,D,QB13,0,4,UVH11s,0,0.07,-9000000.0,-9.0,486,1024,0.474609375
01a0a58f-fa8c-7373-bce5-caabe51dbde0,s,D,QB13,0,4,UVH11s,1,0.07,-8550000.0,-8.55,470,1024,0.458984375
01a0a58f-fa8c-7373-bce5-caabe51dbde0,s,D,QB13,0,4,UVH11s,2,0.07,-8100000.0,-8.1,430,1024,0.419921875
01a0a58f-fa8c-7373-bce5-caabe51dbde0,s,D,QB13,0,4,UVH11s,3,0.07,-7650000.0,-7.65,428,1024,0.41796875
01a0a58f-fa8c-7373-bce5-caabe51dbde0,s,D,QB13,0,4,UVH11s,4,0.07,-7200000.0,-7.2,441,1024,0.4306640625
01a0a58f-fa8c-7373-bce5-caabe51dbde0,s,D,QB13,0,4,UVH11s,5,0.07,-6750000.0,-6.75,439,1024,0.4287109375
01a0a58f-fa8c-7373-bce5-caabe51dbde0,s,D,QB13,0,4,UVH11s,6,0.07,-6300000.0,-6.3,427,1024,0.4169921875
01a0a58f-fa8c-7373-bce5-caabe51dbde0,s,D,QB13,0,4,UVH11s,7,0.07,-5850000.0,-5.85,423,1024,0.4130859375
01a0a58f-fa8c-7373-bce5-caabe51dbde0,s,D,QB13,0,4,UVH11s,8,0.07,-5400000.0,-5.4,445,1024,0.4345703125
01a0a58f-fa8c-7373-bce5-caabe51dbde0,s,D,QB13,0,4,UVH11s,9,0.07,-4950000.0,-4.95,414,1024,0.404296875
01a0a58f-fa8c-7373-bce5-caabe51dbde0,s,D,QB13,0,4,UVH11s,10,0.07,-4500000.0,-4.5,450,1024,0.439453125
01a0a58f-fa8c-7373-bce5-caabe51dbde0,s,D,QB13,0,4,UVH11s,11,0.07,-4050000.0,-4.05,417,1024,0.4072265625
01a0a58f-fa8c-7373-bce5-caabe51dbde0,s,D,QB13,0,4,UVH11s,12,0.07,-3600000.0,-3.6,441,1024,0.4306640625
01a0a58f-fa8c-7373-bce5-caabe51dbde0,s,D,QB13,0,4,UVH11s,13,0.07,-3150000.0,-3.15,444,1024,0.43359375
01a0a58f-fa8c-7373-bce5-caabe51dbde0,s,D,QB13,0,4,UVH11s,14,0.07,-2700000.0,-2.7,447,1024,0.4365234375
01a0a58f-fa8c-7373-bce5-caabe51dbde0,s,D,QB13,0,4,UVH11s,15,0.07,-2250000.0,-2.25,440,1024,0.4296875
01a0a58f-fa8c-7373-bce5-caabe51dbde0,s,D,QB13,0,4,UVH11s,16,0.07,-1800000.0,-1.8,466,1024,0.455078125
01a0a58f-fa8c-7373-bce5-caabe51dbde0,s,D,QB13,0,4,UVH11s,17,0.07,-1350000.0,-1.35,446,1024,0.435546875
01a0a58f-fa8c-7373-bce5-caabe51dbde0,s,D,QB13,0,4,UVH11s,18,0.07,-900000.0,-0.9,476,1024,0.46484375
01a0a58f-fa8c-7373-bce5-caabe51dbde0,s,D,QB13,0,4,UVH11s,19,0.07,-450000.0,-0.45,471,1024,0.4599609375
01a0a58f-fa8c-7373-bce5-caabe51dbde0,s,D,QB13,0,4,UVH11s,20,0.07,0.0,0.0,450,1024,0.439453125
01a0a58f-fa8c-7373-bce5-caabe51dbde0,s,D,QB13,0,4,UVH11s,21,0.07,450000.0,0.45,476,1024,0.46484375
01a0a58f-fa8c-7373-bce5-caabe51dbde0,s,D,QB13,0,4,UVH11s,22,0.07,900000.0,0.9,473,1024,0.4619140625
01a0a58f-fa8c-7373-bce5-caabe51dbde0,s,D,QB13,0,4,UVH11s,23,0.07,1350000.0,1.35,485,1024,0.4736328125
01a0a58f-fa8c-7373-bce5-caabe51dbde0,s,D,QB13,0,4,UVH11s,24,0.07,1800000.0,1.8,460,1024,0.44921875
01a0a58f-fa8c-7373-bce5-caabe51dbde0,s,D,QB13,0,4,UVH11s,25,0.07,2250000.0,2.25,450,1024,0.439453125
01a0a58f-fa8c-7373-bce5-caabe51dbde0,s,D,QB13,0,4,UVH11s,26,0.07,2700000.0,2.7,466,1024,0.455078125
01a0a58f-fa8c-7373-bce5-caabe51dbde0,s,D,QB13,0,4,UVH11s,27,0.07,3150000.0,3.15,427,1024,0.4169921875
01a0a58f-fa8c-7373-bce5-caabe51dbde0,s,D,QB13,0,4,UVH11s,28,0.07,3600000.0,3.6,425,1024,0.4150390625
01a0a58f-fa8c-7373-bce5-caabe51dbde0,s,D,QB13,0,4,UVH11s,29,0.07,4050000.0,4.05,466,1024,0.455078125
01a0a58f-fa8c-7373-bce5-caabe51dbde0,s,D,QB13,0,4,UVH11s,30,0.07,4500000.0,4.5,441,1024,0.4306640625
01a0a58f-fa8c-7373-bce5-caabe51dbde0,s,D,QB13,0,4,UVH11s,31,0.07,4950000.0,4.95,438,1024,0.427734375
01a0a58f-fa8c-7373-bce5-caabe51dbde0,s,D,QB13,0,4,UVH11s,32,0.07,5400000.0,5.4,418,1024,0.408203125
01a0a58f-fa8c-7373-bce5-caabe51dbde0,s,D,QB13,0,4,UVH11s,33,0.07,5850000.0,5.85,447,1024,0.4365234375
01a0a58f-fa8c-7373-bce5-caabe51dbde0,s,D,QB13,0,4,UVH11s,34,0.07,6300000.0,6.3,435,1024,0.4248046875
01a0a58f-fa8c-7373-bce5-caabe51dbde0,s,D,QB13,0,4,UVH11s,35,0.07,6750000.0,6.75,454,1024,0.443359375
01a0a58f-fa8c-7373-bce5-caabe51dbde0,s,D,QB13,0,4,UVH11s,36,0.07,7200000.0,7.2,417,1024,0.4072265625
01a0a58f-fa8c-7373-bce5-caabe51dbde0,s,D,QB13,0,4,UVH11s,37,0.07,7650000.0,7.65,433,1024,0.4228515625
01a0a58f-fa8c-7373-bce5-caabe51dbde0,s,D,QB13,0,4,UVH11s,38,0.07,8100000.0,8.1,425,1024,0.4150390625
01a0a58f-fa8c-7373-bce5-caabe51dbde0,s,D,QB13,0,4,UVH11s,39,0.07,8550000.0,8.55,448,1024,0.4375
01a0a58f-fa8c-7373-bce5-caabe51dbde0,s,D,QB13,0,4,UVH11s,40,0.07,9000000.0,9.0,441,1024,0.4306640625
01a0a58f-fa8c-7373-bce5-caabe51dbde0,s,D,QB13,0,5,UVH13s,0,0.07,-9000000.0,-9.0,594,1024,0.580078125
01a0a58f-fa8c-7373-bce5-caabe51dbde0,s,D,QB13,0,5,UVH13s,1,0.07,-8550000.0,-8.55,582,1024,0.568359375
01a0a58f-fa8c-7373-bce5-caabe51dbde0,s,D,QB13,0,5,UVH13s,2,0.07,-8100000.0,-8.1,569,1024,0.5556640625
01a0a58f-fa8c-7373-bce5-caabe51dbde0,s,D,QB13,0,5,UVH13s,3,0.07,-7650000.0,-7.65,591,1024,0.5771484375
01a0a58f-fa8c-7373-bce5-caabe51dbde0,s,D,QB13,0,5,UVH13s,4,0.07,-7200000.0,-7.2,555,1024,0.5419921875
01a0a58f-fa8c-7373-bce5-caabe51dbde0,s,D,QB13,0,5,UVH13s,5,0.07,-6750000.0,-6.75,565,1024,0.5517578125
01a0a58f-fa8c-7373-bce5-caabe51dbde0,s,D,QB13,0,5,UVH13s,6,0.07,-6300000.0,-6.3,561,1024,0.5478515625
01a0a58f-fa8c-7373-bce5-caabe51dbde0,s,D,QB13,0,5,UVH13s,7,0.07,-5850000.0,-5.85,535,1024,0.5224609375
01a0a58f-fa8c-7373-bce5-caabe51dbde0,s,D,QB13,0,5,UVH13s,8,0.07,-5400000.0,-5.4,546,1024,0.533203125
01a0a58f-fa8c-7373-bce5-caabe51dbde0,s,D,QB13,0,5,UVH13s,9,0.07,-4950000.0,-4.95,550,1024,0.537109375
01a0a58f-fa8c-7373-bce5-caabe51dbde0,s,D,QB13,0,5,UVH13s,10,0.07,-4500000.0,-4.5,557,1024,0.5439453125
01a0a58f-fa8c-7373-bce5-caabe51dbde0,s,D,QB13,0,5,UVH13s,11,0.07,-4050000.0,-4.05,535,1024,0.5224609375
01a0a58f-fa8c-7373-bce5-caabe51dbde0,s,D,QB13,0,5,UVH13s,12,0.07,-3600000.0,-3.6,551,1024,0.5380859375
01a0a58f-fa8c-7373-bce5-caabe51dbde0,s,D,QB13,0,5,UVH13s,13,0.07,-3150000.0,-3.15,543,1024,0.5302734375
01a0a58f-fa8c-7373-bce5-caabe51dbde0,s,D,QB13,0,5,UVH13s,14,0.07,-2700000.0,-2.7,581,1024,0.5673828125
01a0a58f-fa8c-7373-bce5-caabe51dbde0,s,D,QB13,0,5,UVH13s,15,0.07,-2250000.0,-2.25,557,1024,0.5439453125
01a0a58f-fa8c-7373-bce5-caabe51dbde0,s,D,QB13,0,5,UVH13s,16,0.07,-1800000.0,-1.8,557,1024,0.5439453125
01a0a58f-fa8c-7373-bce5-caabe51dbde0,s,D,QB13,0,5,UVH13s,17,0.07,-1350000.0,-1.35,558,1024,0.544921875
01a0a58f-fa8c-7373-bce5-caabe51dbde0,s,D,QB13,0,5,UVH13s,18,0.07,-900000.0,-0.9,553,1024,0.5400390625
01a0a58f-fa8c-7373-bce5-caabe51dbde0,s,D,QB13,0,5,UVH13s,19,0.07,-450000.0,-0.45,570,1024,0.556640625
01a0a58f-fa8c-7373-bce5-caabe51dbde0,s,D,QB13,0,5,UVH13s,20,0.07,0.0,0.0,553,1024,0.5400390625
01a0a58f-fa8c-7373-bce5-caabe51dbde0,s,D,QB13,0,5,UVH13s,21,0.07,450000.0,0.45,536,1024,0.5234375
01a0a58f-fa8c-7373-bce5-caabe51dbde0,s,D,QB13,0,5,UVH13s,22,0.07,900000.0,0.9,536,1024,0.5234375
01a0a58f-fa8c-7373-bce5-caabe51dbde0,s,D,QB13,0,5,UVH13s,23,0.07,1350000.0,1.35,560,1024,0.546875
01a0a58f-fa8c-7373-bce5-caabe51dbde0,s,D,QB13,0,5,UVH13s,24,0.07,1800000.0,1.8,563,1024,0.5498046875
01a0a58f-fa8c-7373-bce5-caabe51dbde0,s,D,QB13,0,5,UVH13s,25,0.07,2250000.0,2.25,582,1024,0.568359375
01a0a58f-fa8c-7373-bce5-caabe51dbde0,s,D,QB13,0,5,UVH13s,26,0.07,2700000.0,2.7,580,1024,0.56640625
01a0a58f-fa8c-7373-bce5-caabe51dbde0,s,D,QB13,0,5,UVH13s,27,0.07,3150000.0,3.15,573,1024,0.5595703125
01a0a58f-fa8c-7373-bce5-caabe51dbde0,s,D,QB13,0,5,UVH13s,28,0.07,3600000.0,3.6,566,1024,0.552734375
01a0a58f-fa8c-7373-bce5-caabe51dbde0,s,D,QB13,0,5,UVH13s,29,0.07,4050000.0,4.05,572,1024,0.55859375
01a0a58f-fa8c-7373-bce5-caabe51dbde0,s,D,QB13,0,5,UVH13s,30,0.07,4500000.0,4.5,610,1024,0.595703125
01a0a58f-fa8c-7373-bce5-caabe51dbde0,s,D,QB13,0,5,UVH13s,31,0.07,4950000.0,4.95,568,1024,0.5546875
01a0a58f-fa8c-7373-bce5-caabe51dbde0,s,D,QB13,0,5,UVH13s,32,0.07,5400000.0,5.4,580,1024,0.56640625
01a0a58f-fa8c-7373-bce5-caabe51dbde0,s,D,QB13,0,5,UVH13s,33,0.07,5850000.0,5.85,570,1024,0.556640625
01a0a58f-fa8c-7373-bce5-caabe51dbde0,s,D,QB13,0,5,UVH13s,34,0.07,6300000.0,6.3,575,1024,0.5615234375
01a0a58f-fa8c-7373-bce5-caabe51dbde0,s,D,QB13,0,5,UVH13s,35,0.07,6750000.0,6.75,548,1024,0.53515625
01a0a58f-fa8c-7373-bce5-caabe51dbde0,s,D,QB13,0,5,UVH13s,36,0.07,7200000.0,7.2,538,1024,0.525390625
01a0a58f-fa8c-7373-bce5-caabe51dbde0,s,D,QB13,0,5,UVH13s,37,0.07,7650000.0,7.65,604,1024,0.58984375
01a0a58f-fa8c-7373-bce5-caabe51dbde0,s,D,QB13,0,5,UVH13s,38,0.07,8100000.0,8.1,599,1024,0.5849609375
01a0a58f-fa8c-7373-bce5-caabe51dbde0,s,D,QB13,0,5,UVH13s,39,0.07,8550000.0,8.55,595,1024,0.5810546875
01a0a58f-fa8c-7373-bce5-caabe51dbde0,s,D,QB13,0,5,UVH13s,40,0.07,9000000.0,9.0,563,1024,0.5498046875
01a0a58f-fa8c-7373-bce5-caabe51dbde0,s,D,QB17,1,0,standard_pi_2,0,0.07,-9000000.0,-9.0,606,1024,0.591796875
01a0a58f-fa8c-7373-bce5-caabe51dbde0,s,D,QB17,1,0,standard_pi_2,1,0.07,-8550000.0,-8.55,608,1024,0.59375
01a0a58f-fa8c-7373-bce5-caabe51dbde0,s,D,QB17,1,0,standard_pi_2,2,0.07,-8100000.0,-8.1,598,1024,0.583984375
01a0a58f-fa8c-7373-bce5-caabe51dbde0,s,D,QB17,1,0,standard_pi_2,3,0.07,-7650000.0,-7.65,611,1024,0.5966796875
01a0a58f-fa8c-7373-bce5-caabe51dbde0,s,D,QB17,1,0,standard_pi_2,4,0.07,-7200000.0,-7.2,600,1024,0.5859375
01a0a58f-fa8c-7373-bce5-caabe51dbde0,s,D,QB17,1,0,standard_pi_2,5,0.07,-6750000.0,-6.75,609,1024,0.5947265625
01a0a58f-fa8c-7373-bce5-caabe51dbde0,s,D,QB17,1,0,standard_pi_2,6,0.07,-6300000.0,-6.3,593,1024,0.5791015625
01a0a58f-fa8c-7373-bce5-caabe51dbde0,s,D,QB17,1,0,standard_pi_2,7,0.07,-5850000.0,-5.85,622,1024,0.607421875
01a0a58f-fa8c-7373-bce5-caabe51dbde0,s,D,QB17,1,0,standard_pi_2,8,0.07,-5400000.0,-5.4,601,1024,0.5869140625
01a0a58f-fa8c-7373-bce5-caabe51dbde0,s,D,QB17,1,0,standard_pi_2,9,0.07,-4950000.0,-4.95,581,1024,0.5673828125
01a0a58f-fa8c-7373-bce5-caabe51dbde0,s,D,QB17,1,0,standard_pi_2,10,0.07,-4500000.0,-4.5,611,1024,0.5966796875
01a0a58f-fa8c-7373-bce5-caabe51dbde0,s,D,QB17,1,0,standard_pi_2,11,0.07,-4050000.0,-4.05,585,1024,0.5712890625
01a0a58f-fa8c-7373-bce5-caabe51dbde0,s,D,QB17,1,0,standard_pi_2,12,0.07,-3600000.0,-3.6,615,1024,0.6005859375
01a0a58f-fa8c-7373-bce5-caabe51dbde0,s,D,QB17,1,0,standard_pi_2,13,0.07,-3150000.0,-3.15,573,1024,0.5595703125
01a0a58f-fa8c-7373-bce5-caabe51dbde0,s,D,QB17,1,0,standard_pi_2,14,0.07,-2700000.0,-2.7,593,1024,0.5791015625
01a0a58f-fa8c-7373-bce5-caabe51dbde0,s,D,QB17,1,0,standard_pi_2,15,0.07,-2250000.0,-2.25,587,1024,0.5732421875
01a0a58f-fa8c-7373-bce5-caabe51dbde0,s,D,QB17,1,0,standard_pi_2,16,0.07,-1800000.0,-1.8,609,1024,0.5947265625
01a0a58f-fa8c-7373-bce5-caabe51dbde0,s,D,QB17,1,0,standard_pi_2,17,0.07,-1350000.0,-1.35,579,1024,0.5654296875
01a0a58f-fa8c-7373-bce5-caabe51dbde0,s,D,QB17,1,0,standard_pi_2,18,0.07,-900000.0,-0.9,590,1024,0.576171875
01a0a58f-fa8c-7373-bce5-caabe51dbde0,s,D,QB17,1,0,standard_pi_2,19,0.07,-450000.0,-0.45,590,1024,0.576171875
01a0a58f-fa8c-7373-bce5-caabe51dbde0,s,D,QB17,1,0,standard_pi_2,20,0.07,0.0,0.0,596,1024,0.58203125
01a0a58f-fa8c-7373-bce5-caabe51dbde0,s,D,QB17,1,0,standard_pi_2,21,0.07,450000.0,0.45,603,1024,0.5888671875
01a0a58f-fa8c-7373-bce5-caabe51dbde0,s,D,QB17,1,0,standard_pi_2,22,0.07,900000.0,0.9,556,1024,0.54296875
01a0a58f-fa8c-7373-bce5-caabe51dbde0,s,D,QB17,1,0,standard_pi_2,23,0.07,1350000.0,1.35,547,1024,0.5341796875
01a0a58f-fa8c-7373-bce5-caabe51dbde0,s,D,QB17,1,0,standard_pi_2,24,0.07,1800000.0,1.8,551,1024,0.5380859375
01a0a58f-fa8c-7373-bce5-caabe51dbde0,s,D,QB17,1,0,standard_pi_2,25,0.07,2250000.0,2.25,547,1024,0.5341796875
01a0a58f-fa8c-7373-bce5-caabe51dbde0,s,D,QB17,1,0,standard_pi_2,26,0.07,2700000.0,2.7,548,1024,0.53515625
01a0a58f-fa8c-7373-bce5-caabe51dbde0,s,D,QB17,1,0,standard_pi_2,27,0.07,3150000.0,3.15,594,1024,0.580078125
01a0a58f-fa8c-7373-bce5-caabe51dbde0,s,D,QB17,1,0,standard_pi_2,28,0.07,3600000.0,3.6,568,1024,0.5546875
01a0a58f-fa8c-7373-bce5-caabe51dbde0,s,D,QB17,1,0,standard_pi_2,29,0.07,4050000.0,4.05,552,1024,0.5390625
01a0a58f-fa8c-7373-bce5-caabe51dbde0,s,D,QB17,1,0,standard_pi_2,30,0.07,4500000.0,4.5,551,1024,0.5380859375
01a0a58f-fa8c-7373-bce5-caabe51dbde0,s,D,QB17,1,0,standard_pi_2,31,0.07,4950000.0,4.95,579,1024,0.5654296875
01a0a58f-fa8c-7373-bce5-caabe51dbde0,s,D,QB17,1,0,standard_pi_2,32,0.07,5400000.0,5.4,501,1024,0.4892578125
01a0a58f-fa8c-7373-bce5-caabe51dbde0,s,D,QB17,1,0,standard_pi_2,33,0.07,5850000.0,5.85,545,1024,0.5322265625
01a0a58f-fa8c-7373-bce5-caabe51dbde0,s,D,QB17,1,0,standard_pi_2,34,0.07,6300000.0,6.3,524,1024,0.51171875
01a0a58f-fa8c-7373-bce5-caabe51dbde0,s,D,QB17,1,0,standard_pi_2,35,0.07,6750000.0,6.75,533,1024,0.5205078125
01a0a58f-fa8c-7373-bce5-caabe51dbde0,s,D,QB17,1,0,standard_pi_2,36,0.07,7200000.0,7.2,547,1024,0.5341796875
01a0a58f-fa8c-7373-bce5-caabe51dbde0,s,D,QB17,1,0,standard_pi_2,37,0.07,7650000.0,7.65,516,1024,0.50390625
01a0a58f-fa8c-7373-bce5-caabe51dbde0,s,D,QB17,1,0,standard_pi_2,38,0.07,8100000.0,8.1,504,1024,0.4921875
01a0a58f-fa8c-7373-bce5-caabe51dbde0,s,D,QB17,1,0,standard_pi_2,39,0.07,8550000.0,8.55,531,1024,0.5185546875
01a0a58f-fa8c-7373-bce5-caabe51dbde0,s,D,QB17,1,0,standard_pi_2,40,0.07,9000000.0,9.0,525,1024,0.5126953125
01a0a58f-fa8c-7373-bce5-caabe51dbde0,s,D,QB17,1,1,UVH5s,0,0.07,-9000000.0,-9.0,601,1024,0.5869140625
01a0a58f-fa8c-7373-bce5-caabe51dbde0,s,D,QB17,1,1,UVH5s,1,0.07,-8550000.0,-8.55,629,1024,0.6142578125
01a0a58f-fa8c-7373-bce5-caabe51dbde0,s,D,QB17,1,1,UVH5s,2,0.07,-8100000.0,-8.1,600,1024,0.5859375
01a0a58f-fa8c-7373-bce5-caabe51dbde0,s,D,QB17,1,1,UVH5s,3,0.07,-7650000.0,-7.65,564,1024,0.55078125
01a0a58f-fa8c-7373-bce5-caabe51dbde0,s,D,QB17,1,1,UVH5s,4,0.07,-7200000.0,-7.2,575,1024,0.5615234375
01a0a58f-fa8c-7373-bce5-caabe51dbde0,s,D,QB17,1,1,UVH5s,5,0.07,-6750000.0,-6.75,577,1024,0.5634765625
01a0a58f-fa8c-7373-bce5-caabe51dbde0,s,D,QB17,1,1,UVH5s,6,0.07,-6300000.0,-6.3,597,1024,0.5830078125
01a0a58f-fa8c-7373-bce5-caabe51dbde0,s,D,QB17,1,1,UVH5s,7,0.07,-5850000.0,-5.85,556,1024,0.54296875
01a0a58f-fa8c-7373-bce5-caabe51dbde0,s,D,QB17,1,1,UVH5s,8,0.07,-5400000.0,-5.4,542,1024,0.529296875
01a0a58f-fa8c-7373-bce5-caabe51dbde0,s,D,QB17,1,1,UVH5s,9,0.07,-4950000.0,-4.95,560,1024,0.546875
01a0a58f-fa8c-7373-bce5-caabe51dbde0,s,D,QB17,1,1,UVH5s,10,0.07,-4500000.0,-4.5,517,1024,0.5048828125
01a0a58f-fa8c-7373-bce5-caabe51dbde0,s,D,QB17,1,1,UVH5s,11,0.07,-4050000.0,-4.05,464,1024,0.453125
01a0a58f-fa8c-7373-bce5-caabe51dbde0,s,D,QB17,1,1,UVH5s,12,0.07,-3600000.0,-3.6,498,1024,0.486328125
01a0a58f-fa8c-7373-bce5-caabe51dbde0,s,D,QB17,1,1,UVH5s,13,0.07,-3150000.0,-3.15,489,1024,0.4775390625
01a0a58f-fa8c-7373-bce5-caabe51dbde0,s,D,QB17,1,1,UVH5s,14,0.07,-2700000.0,-2.7,493,1024,0.4814453125
01a0a58f-fa8c-7373-bce5-caabe51dbde0,s,D,QB17,1,1,UVH5s,15,0.07,-2250000.0,-2.25,484,1024,0.47265625
01a0a58f-fa8c-7373-bce5-caabe51dbde0,s,D,QB17,1,1,UVH5s,16,0.07,-1800000.0,-1.8,471,1024,0.4599609375
01a0a58f-fa8c-7373-bce5-caabe51dbde0,s,D,QB17,1,1,UVH5s,17,0.07,-1350000.0,-1.35,460,1024,0.44921875
01a0a58f-fa8c-7373-bce5-caabe51dbde0,s,D,QB17,1,1,UVH5s,18,0.07,-900000.0,-0.9,507,1024,0.4951171875
01a0a58f-fa8c-7373-bce5-caabe51dbde0,s,D,QB17,1,1,UVH5s,19,0.07,-450000.0,-0.45,446,1024,0.435546875
01a0a58f-fa8c-7373-bce5-caabe51dbde0,s,D,QB17,1,1,UVH5s,20,0.07,0.0,0.0,501,1024,0.4892578125
01a0a58f-fa8c-7373-bce5-caabe51dbde0,s,D,QB17,1,1,UVH5s,21,0.07,450000.0,0.45,466,1024,0.455078125
01a0a58f-fa8c-7373-bce5-caabe51dbde0,s,D,QB17,1,1,UVH5s,22,0.07,900000.0,0.9,482,1024,0.470703125
01a0a58f-fa8c-7373-bce5-caabe51dbde0,s,D,QB17,1,1,UVH5s,23,0.07,1350000.0,1.35,505,1024,0.4931640625
01a0a58f-fa8c-7373-bce5-caabe51dbde0,s,D,QB17,1,1,UVH5s,24,0.07,1800000.0,1.8,505,1024,0.4931640625
01a0a58f-fa8c-7373-bce5-caabe51dbde0,s,D,QB17,1,1,UVH5s,25,0.07,2250000.0,2.25,490,1024,0.478515625
01a0a58f-fa8c-7373-bce5-caabe51dbde0,s,D,QB17,1,1,UVH5s,26,0.07,2700000.0,2.7,534,1024,0.521484375
01a0a58f-fa8c-7373-bce5-caabe51dbde0,s,D,QB17,1,1,UVH5s,27,0.07,3150000.0,3.15,511,1024,0.4990234375
01a0a58f-fa8c-7373-bce5-caabe51dbde0,s,D,QB17,1,1,UVH5s,28,0.07,3600000.0,3.6,532,1024,0.51953125
01a0a58f-fa8c-7373-bce5-caabe51dbde0,s,D,QB17,1,1,UVH5s,29,0.07,4050000.0,4.05,532,1024,0.51953125
01a0a58f-fa8c-7373-bce5-caabe51dbde0,s,D,QB17,1,1,UVH5s,30,0.07,4500000.0,4.5,570,1024,0.556640625
01a0a58f-fa8c-7373-bce5-caabe51dbde0,s,D,QB17,1,1,UVH5s,31,0.07,4950000.0,4.95,580,1024,0.56640625
01a0a58f-fa8c-7373-bce5-caabe51dbde0,s,D,QB17,1,1,UVH5s,32,0.07,5400000.0,5.4,648,1024,0.6328125
01a0a58f-fa8c-7373-bce5-caabe51dbde0,s,D,QB17,1,1,UVH5s,33,0.07,5850000.0,5.85,611,1024,0.5966796875
01a0a58f-fa8c-7373-bce5-caabe51dbde0,s,D,QB17,1,1,UVH5s,34,0.07,6300000.0,6.3,640,1024,0.625
01a0a58f-fa8c-7373-bce5-caabe51dbde0,s,D,QB17,1,1,UVH5s,35,0.07,6750000.0,6.75,671,1024,0.6552734375
01a0a58f-fa8c-7373-bce5-caabe51dbde0,s,D,QB17,1,1,UVH5s,36,0.07,7200000.0,7.2,704,1024,0.6875
01a0a58f-fa8c-7373-bce5-caabe51dbde0,s,D,QB17,1,1,UVH5s,37,0.07,7650000.0,7.65,714,1024,0.697265625
01a0a58f-fa8c-7373-bce5-caabe51dbde0,s,D,QB17,1,1,UVH5s,38,0.07,8100000.0,8.1,719,1024,0.7021484375
01a0a58f-fa8c-7373-bce5-caabe51dbde0,s,D,QB17,1,1,UVH5s,39,0.07,8550000.0,8.55,706,1024,0.689453125
01a0a58f-fa8c-7373-bce5-caabe51dbde0,s,D,QB17,1,1,UVH5s,40,0.07,9000000.0,9.0,736,1024,0.71875
01a0a58f-fa8c-7373-bce5-caabe51dbde0,s,D,QB17,1,2,UVH7s,0,0.07,-9000000.0,-9.0,485,1024,0.4736328125
01a0a58f-fa8c-7373-bce5-caabe51dbde0,s,D,QB17,1,2,UVH7s,1,0.07,-8550000.0,-8.55,497,1024,0.4853515625
01a0a58f-fa8c-7373-bce5-caabe51dbde0,s,D,QB17,1,2,UVH7s,2,0.07,-8100000.0,-8.1,460,1024,0.44921875
01a0a58f-fa8c-7373-bce5-caabe51dbde0,s,D,QB17,1,2,UVH7s,3,0.07,-7650000.0,-7.65,495,1024,0.4833984375
01a0a58f-fa8c-7373-bce5-caabe51dbde0,s,D,QB17,1,2,UVH7s,4,0.07,-7200000.0,-7.2,477,1024,0.4658203125
01a0a58f-fa8c-7373-bce5-caabe51dbde0,s,D,QB17,1,2,UVH7s,5,0.07,-6750000.0,-6.75,480,1024,0.46875
01a0a58f-fa8c-7373-bce5-caabe51dbde0,s,D,QB17,1,2,UVH7s,6,0.07,-6300000.0,-6.3,487,1024,0.4755859375
01a0a58f-fa8c-7373-bce5-caabe51dbde0,s,D,QB17,1,2,UVH7s,7,0.07,-5850000.0,-5.85,487,1024,0.4755859375
01a0a58f-fa8c-7373-bce5-caabe51dbde0,s,D,QB17,1,2,UVH7s,8,0.07,-5400000.0,-5.4,478,1024,0.466796875
01a0a58f-fa8c-7373-bce5-caabe51dbde0,s,D,QB17,1,2,UVH7s,9,0.07,-4950000.0,-4.95,463,1024,0.4521484375
01a0a58f-fa8c-7373-bce5-caabe51dbde0,s,D,QB17,1,2,UVH7s,10,0.07,-4500000.0,-4.5,488,1024,0.4765625
01a0a58f-fa8c-7373-bce5-caabe51dbde0,s,D,QB17,1,2,UVH7s,11,0.07,-4050000.0,-4.05,450,1024,0.439453125
01a0a58f-fa8c-7373-bce5-caabe51dbde0,s,D,QB17,1,2,UVH7s,12,0.07,-3600000.0,-3.6,457,1024,0.4462890625
01a0a58f-fa8c-7373-bce5-caabe51dbde0,s,D,QB17,1,2,UVH7s,13,0.07,-3150000.0,-3.15,472,1024,0.4609375
01a0a58f-fa8c-7373-bce5-caabe51dbde0,s,D,QB17,1,2,UVH7s,14,0.07,-2700000.0,-2.7,474,1024,0.462890625
01a0a58f-fa8c-7373-bce5-caabe51dbde0,s,D,QB17,1,2,UVH7s,15,0.07,-2250000.0,-2.25,443,1024,0.4326171875
01a0a58f-fa8c-7373-bce5-caabe51dbde0,s,D,QB17,1,2,UVH7s,16,0.07,-1800000.0,-1.8,475,1024,0.4638671875
01a0a58f-fa8c-7373-bce5-caabe51dbde0,s,D,QB17,1,2,UVH7s,17,0.07,-1350000.0,-1.35,469,1024,0.4580078125
01a0a58f-fa8c-7373-bce5-caabe51dbde0,s,D,QB17,1,2,UVH7s,18,0.07,-900000.0,-0.9,474,1024,0.462890625
01a0a58f-fa8c-7373-bce5-caabe51dbde0,s,D,QB17,1,2,UVH7s,19,0.07,-450000.0,-0.45,475,1024,0.4638671875
01a0a58f-fa8c-7373-bce5-caabe51dbde0,s,D,QB17,1,2,UVH7s,20,0.07,0.0,0.0,466,1024,0.455078125
01a0a58f-fa8c-7373-bce5-caabe51dbde0,s,D,QB17,1,2,UVH7s,21,0.07,450000.0,0.45,453,1024,0.4423828125
01a0a58f-fa8c-7373-bce5-caabe51dbde0,s,D,QB17,1,2,UVH7s,22,0.07,900000.0,0.9,490,1024,0.478515625
01a0a58f-fa8c-7373-bce5-caabe51dbde0,s,D,QB17,1,2,UVH7s,23,0.07,1350000.0,1.35,485,1024,0.4736328125
01a0a58f-fa8c-7373-bce5-caabe51dbde0,s,D,QB17,1,2,UVH7s,24,0.07,1800000.0,1.8,480,1024,0.46875
01a0a58f-fa8c-7373-bce5-caabe51dbde0,s,D,QB17,1,2,UVH7s,25,0.07,2250000.0,2.25,494,1024,0.482421875
01a0a58f-fa8c-7373-bce5-caabe51dbde0,s,D,QB17,1,2,UVH7s,26,0.07,2700000.0,2.7,498,1024,0.486328125
01a0a58f-fa8c-7373-bce5-caabe51dbde0,s,D,QB17,1,2,UVH7s,27,0.07,3150000.0,3.15,518,1024,0.505859375
01a0a58f-fa8c-7373-bce5-caabe51dbde0,s,D,QB17,1,2,UVH7s,28,0.07,3600000.0,3.6,539,1024,0.5263671875
01a0a58f-fa8c-7373-bce5-caabe51dbde0,s,D,QB17,1,2,UVH7s,29,0.07,4050000.0,4.05,547,1024,0.5341796875
01a0a58f-fa8c-7373-bce5-caabe51dbde0,s,D,QB17,1,2,UVH7s,30,0.07,4500000.0,4.5,531,1024,0.5185546875
01a0a58f-fa8c-7373-bce5-caabe51dbde0,s,D,QB17,1,2,UVH7s,31,0.07,4950000.0,4.95,548,1024,0.53515625
01a0a58f-fa8c-7373-bce5-caabe51dbde0,s,D,QB17,1,2,UVH7s,32,0.07,5400000.0,5.4,560,1024,0.546875
01a0a58f-fa8c-7373-bce5-caabe51dbde0,s,D,QB17,1,2,UVH7s,33,0.07,5850000.0,5.85,583,1024,0.5693359375
01a0a58f-fa8c-7373-bce5-caabe51dbde0,s,D,QB17,1,2,UVH7s,34,0.07,6300000.0,6.3,605,1024,0.5908203125
01a0a58f-fa8c-7373-bce5-caabe51dbde0,s,D,QB17,1,2,UVH7s,35,0.07,6750000.0,6.75,601,1024,0.5869140625
01a0a58f-fa8c-7373-bce5-caabe51dbde0,s,D,QB17,1,2,UVH7s,36,0.07,7200000.0,7.2,661,1024,0.6455078125
01a0a58f-fa8c-7373-bce5-caabe51dbde0,s,D,QB17,1,2,UVH7s,37,0.07,7650000.0,7.65,623,1024,0.6083984375
01a0a58f-fa8c-7373-bce5-caabe51dbde0,s,D,QB17,1,2,UVH7s,38,0.07,8100000.0,8.1,662,1024,0.646484375
01a0a58f-fa8c-7373-bce5-caabe51dbde0,s,D,QB17,1,2,UVH7s,39,0.07,8550000.0,8.55,684,1024,0.66796875
01a0a58f-fa8c-7373-bce5-caabe51dbde0,s,D,QB17,1,2,UVH7s,40,0.07,9000000.0,9.0,702,1024,0.685546875
01a0a58f-fa8c-7373-bce5-caabe51dbde0,s,D,QB17,1,3,UVH9s,0,0.07,-9000000.0,-9.0,427,1024,0.4169921875
01a0a58f-fa8c-7373-bce5-caabe51dbde0,s,D,QB17,1,3,UVH9s,1,0.07,-8550000.0,-8.55,432,1024,0.421875
01a0a58f-fa8c-7373-bce5-caabe51dbde0,s,D,QB17,1,3,UVH9s,2,0.07,-8100000.0,-8.1,438,1024,0.427734375
01a0a58f-fa8c-7373-bce5-caabe51dbde0,s,D,QB17,1,3,UVH9s,3,0.07,-7650000.0,-7.65,449,1024,0.4384765625
01a0a58f-fa8c-7373-bce5-caabe51dbde0,s,D,QB17,1,3,UVH9s,4,0.07,-7200000.0,-7.2,468,1024,0.45703125
01a0a58f-fa8c-7373-bce5-caabe51dbde0,s,D,QB17,1,3,UVH9s,5,0.07,-6750000.0,-6.75,444,1024,0.43359375
01a0a58f-fa8c-7373-bce5-caabe51dbde0,s,D,QB17,1,3,UVH9s,6,0.07,-6300000.0,-6.3,478,1024,0.466796875
01a0a58f-fa8c-7373-bce5-caabe51dbde0,s,D,QB17,1,3,UVH9s,7,0.07,-5850000.0,-5.85,476,1024,0.46484375
01a0a58f-fa8c-7373-bce5-caabe51dbde0,s,D,QB17,1,3,UVH9s,8,0.07,-5400000.0,-5.4,521,1024,0.5087890625
01a0a58f-fa8c-7373-bce5-caabe51dbde0,s,D,QB17,1,3,UVH9s,9,0.07,-4950000.0,-4.95,461,1024,0.4501953125
01a0a58f-fa8c-7373-bce5-caabe51dbde0,s,D,QB17,1,3,UVH9s,10,0.07,-4500000.0,-4.5,507,1024,0.4951171875
01a0a58f-fa8c-7373-bce5-caabe51dbde0,s,D,QB17,1,3,UVH9s,11,0.07,-4050000.0,-4.05,486,1024,0.474609375
01a0a58f-fa8c-7373-bce5-caabe51dbde0,s,D,QB17,1,3,UVH9s,12,0.07,-3600000.0,-3.6,464,1024,0.453125
01a0a58f-fa8c-7373-bce5-caabe51dbde0,s,D,QB17,1,3,UVH9s,13,0.07,-3150000.0,-3.15,487,1024,0.4755859375
01a0a58f-fa8c-7373-bce5-caabe51dbde0,s,D,QB17,1,3,UVH9s,14,0.07,-2700000.0,-2.7,498,1024,0.486328125
01a0a58f-fa8c-7373-bce5-caabe51dbde0,s,D,QB17,1,3,UVH9s,15,0.07,-2250000.0,-2.25,495,1024,0.4833984375
01a0a58f-fa8c-7373-bce5-caabe51dbde0,s,D,QB17,1,3,UVH9s,16,0.07,-1800000.0,-1.8,508,1024,0.49609375
01a0a58f-fa8c-7373-bce5-caabe51dbde0,s,D,QB17,1,3,UVH9s,17,0.07,-1350000.0,-1.35,523,1024,0.5107421875
01a0a58f-fa8c-7373-bce5-caabe51dbde0,s,D,QB17,1,3,UVH9s,18,0.07,-900000.0,-0.9,493,1024,0.4814453125
01a0a58f-fa8c-7373-bce5-caabe51dbde0,s,D,QB17,1,3,UVH9s,19,0.07,-450000.0,-0.45,516,1024,0.50390625
01a0a58f-fa8c-7373-bce5-caabe51dbde0,s,D,QB17,1,3,UVH9s,20,0.07,0.0,0.0,496,1024,0.484375
01a0a58f-fa8c-7373-bce5-caabe51dbde0,s,D,QB17,1,3,UVH9s,21,0.07,450000.0,0.45,483,1024,0.4716796875
01a0a58f-fa8c-7373-bce5-caabe51dbde0,s,D,QB17,1,3,UVH9s,22,0.07,900000.0,0.9,484,1024,0.47265625
01a0a58f-fa8c-7373-bce5-caabe51dbde0,s,D,QB17,1,3,UVH9s,23,0.07,1350000.0,1.35,496,1024,0.484375
01a0a58f-fa8c-7373-bce5-caabe51dbde0,s,D,QB17,1,3,UVH9s,24,0.07,1800000.0,1.8,492,1024,0.48046875
01a0a58f-fa8c-7373-bce5-caabe51dbde0,s,D,QB17,1,3,UVH9s,25,0.07,2250000.0,2.25,499,1024,0.4873046875
01a0a58f-fa8c-7373-bce5-caabe51dbde0,s,D,QB17,1,3,UVH9s,26,0.07,2700000.0,2.7,497,1024,0.4853515625
01a0a58f-fa8c-7373-bce5-caabe51dbde0,s,D,QB17,1,3,UVH9s,27,0.07,3150000.0,3.15,496,1024,0.484375
01a0a58f-fa8c-7373-bce5-caabe51dbde0,s,D,QB17,1,3,UVH9s,28,0.07,3600000.0,3.6,448,1024,0.4375
01a0a58f-fa8c-7373-bce5-caabe51dbde0,s,D,QB17,1,3,UVH9s,29,0.07,4050000.0,4.05,467,1024,0.4560546875
01a0a58f-fa8c-7373-bce5-caabe51dbde0,s,D,QB17,1,3,UVH9s,30,0.07,4500000.0,4.5,505,1024,0.4931640625
01a0a58f-fa8c-7373-bce5-caabe51dbde0,s,D,QB17,1,3,UVH9s,31,0.07,4950000.0,4.95,462,1024,0.451171875
01a0a58f-fa8c-7373-bce5-caabe51dbde0,s,D,QB17,1,3,UVH9s,32,0.07,5400000.0,5.4,474,1024,0.462890625
01a0a58f-fa8c-7373-bce5-caabe51dbde0,s,D,QB17,1,3,UVH9s,33,0.07,5850000.0,5.85,474,1024,0.462890625
01a0a58f-fa8c-7373-bce5-caabe51dbde0,s,D,QB17,1,3,UVH9s,34,0.07,6300000.0,6.3,470,1024,0.458984375
01a0a58f-fa8c-7373-bce5-caabe51dbde0,s,D,QB17,1,3,UVH9s,35,0.07,6750000.0,6.75,434,1024,0.423828125
01a0a58f-fa8c-7373-bce5-caabe51dbde0,s,D,QB17,1,3,UVH9s,36,0.07,7200000.0,7.2,424,1024,0.4140625
01a0a58f-fa8c-7373-bce5-caabe51dbde0,s,D,QB17,1,3,UVH9s,37,0.07,7650000.0,7.65,400,1024,0.390625
01a0a58f-fa8c-7373-bce5-caabe51dbde0,s,D,QB17,1,3,UVH9s,38,0.07,8100000.0,8.1,418,1024,0.408203125
01a0a58f-fa8c-7373-bce5-caabe51dbde0,s,D,QB17,1,3,UVH9s,39,0.07,8550000.0,8.55,374,1024,0.365234375
01a0a58f-fa8c-7373-bce5-caabe51dbde0,s,D,QB17,1,3,UVH9s,40,0.07,9000000.0,9.0,329,1024,0.3212890625
01a0a58f-fa8c-7373-bce5-caabe51dbde0,s,D,QB17,1,4,UVH11s,0,0.07,-9000000.0,-9.0,496,1024,0.484375
01a0a58f-fa8c-7373-bce5-caabe51dbde0,s,D,QB17,1,4,UVH11s,1,0.07,-8550000.0,-8.55,509,1024,0.4970703125
01a0a58f-fa8c-7373-bce5-caabe51dbde0,s,D,QB17,1,4,UVH11s,2,0.07,-8100000.0,-8.1,480,1024,0.46875
01a0a58f-fa8c-7373-bce5-caabe51dbde0,s,D,QB17,1,4,UVH11s,3,0.07,-7650000.0,-7.65,432,1024,0.421875
01a0a58f-fa8c-7373-bce5-caabe51dbde0,s,D,QB17,1,4,UVH11s,4,0.07,-7200000.0,-7.2,434,1024,0.423828125
01a0a58f-fa8c-7373-bce5-caabe51dbde0,s,D,QB17,1,4,UVH11s,5,0.07,-6750000.0,-6.75,429,1024,0.4189453125
01a0a58f-fa8c-7373-bce5-caabe51dbde0,s,D,QB17,1,4,UVH11s,6,0.07,-6300000.0,-6.3,406,1024,0.396484375
01a0a58f-fa8c-7373-bce5-caabe51dbde0,s,D,QB17,1,4,UVH11s,7,0.07,-5850000.0,-5.85,440,1024,0.4296875
01a0a58f-fa8c-7373-bce5-caabe51dbde0,s,D,QB17,1,4,UVH11s,8,0.07,-5400000.0,-5.4,424,1024,0.4140625
01a0a58f-fa8c-7373-bce5-caabe51dbde0,s,D,QB17,1,4,UVH11s,9,0.07,-4950000.0,-4.95,416,1024,0.40625
01a0a58f-fa8c-7373-bce5-caabe51dbde0,s,D,QB17,1,4,UVH11s,10,0.07,-4500000.0,-4.5,463,1024,0.4521484375
01a0a58f-fa8c-7373-bce5-caabe51dbde0,s,D,QB17,1,4,UVH11s,11,0.07,-4050000.0,-4.05,412,1024,0.40234375
01a0a58f-fa8c-7373-bce5-caabe51dbde0,s,D,QB17,1,4,UVH11s,12,0.07,-3600000.0,-3.6,431,1024,0.4208984375
01a0a58f-fa8c-7373-bce5-caabe51dbde0,s,D,QB17,1,4,UVH11s,13,0.07,-3150000.0,-3.15,447,1024,0.4365234375
01a0a58f-fa8c-7373-bce5-caabe51dbde0,s,D,QB17,1,4,UVH11s,14,0.07,-2700000.0,-2.7,475,1024,0.4638671875
01a0a58f-fa8c-7373-bce5-caabe51dbde0,s,D,QB17,1,4,UVH11s,15,0.07,-2250000.0,-2.25,470,1024,0.458984375
01a0a58f-fa8c-7373-bce5-caabe51dbde0,s,D,QB17,1,4,UVH11s,16,0.07,-1800000.0,-1.8,468,1024,0.45703125
01a0a58f-fa8c-7373-bce5-caabe51dbde0,s,D,QB17,1,4,UVH11s,17,0.07,-1350000.0,-1.35,479,1024,0.4677734375
01a0a58f-fa8c-7373-bce5-caabe51dbde0,s,D,QB17,1,4,UVH11s,18,0.07,-900000.0,-0.9,479,1024,0.4677734375
01a0a58f-fa8c-7373-bce5-caabe51dbde0,s,D,QB17,1,4,UVH11s,19,0.07,-450000.0,-0.45,497,1024,0.4853515625
01a0a58f-fa8c-7373-bce5-caabe51dbde0,s,D,QB17,1,4,UVH11s,20,0.07,0.0,0.0,479,1024,0.4677734375
01a0a58f-fa8c-7373-bce5-caabe51dbde0,s,D,QB17,1,4,UVH11s,21,0.07,450000.0,0.45,514,1024,0.501953125
01a0a58f-fa8c-7373-bce5-caabe51dbde0,s,D,QB17,1,4,UVH11s,22,0.07,900000.0,0.9,518,1024,0.505859375
01a0a58f-fa8c-7373-bce5-caabe51dbde0,s,D,QB17,1,4,UVH11s,23,0.07,1350000.0,1.35,513,1024,0.5009765625
01a0a58f-fa8c-7373-bce5-caabe51dbde0,s,D,QB17,1,4,UVH11s,24,0.07,1800000.0,1.8,499,1024,0.4873046875
01a0a58f-fa8c-7373-bce5-caabe51dbde0,s,D,QB17,1,4,UVH11s,25,0.07,2250000.0,2.25,516,1024,0.50390625
01a0a58f-fa8c-7373-bce5-caabe51dbde0,s,D,QB17,1,4,UVH11s,26,0.07,2700000.0,2.7,485,1024,0.4736328125
01a0a58f-fa8c-7373-bce5-caabe51dbde0,s,D,QB17,1,4,UVH11s,27,0.07,3150000.0,3.15,536,1024,0.5234375
01a0a58f-fa8c-7373-bce5-caabe51dbde0,s,D,QB17,1,4,UVH11s,28,0.07,3600000.0,3.6,554,1024,0.541015625
01a0a58f-fa8c-7373-bce5-caabe51dbde0,s,D,QB17,1,4,UVH11s,29,0.07,4050000.0,4.05,542,1024,0.529296875
01a0a58f-fa8c-7373-bce5-caabe51dbde0,s,D,QB17,1,4,UVH11s,30,0.07,4500000.0,4.5,527,1024,0.5146484375
01a0a58f-fa8c-7373-bce5-caabe51dbde0,s,D,QB17,1,4,UVH11s,31,0.07,4950000.0,4.95,529,1024,0.5166015625
01a0a58f-fa8c-7373-bce5-caabe51dbde0,s,D,QB17,1,4,UVH11s,32,0.07,5400000.0,5.4,524,1024,0.51171875
01a0a58f-fa8c-7373-bce5-caabe51dbde0,s,D,QB17,1,4,UVH11s,33,0.07,5850000.0,5.85,500,1024,0.48828125
01a0a58f-fa8c-7373-bce5-caabe51dbde0,s,D,QB17,1,4,UVH11s,34,0.07,6300000.0,6.3,506,1024,0.494140625
01a0a58f-fa8c-7373-bce5-caabe51dbde0,s,D,QB17,1,4,UVH11s,35,0.07,6750000.0,6.75,518,1024,0.505859375
01a0a58f-fa8c-7373-bce5-caabe51dbde0,s,D,QB17,1,4,UVH11s,36,0.07,7200000.0,7.2,534,1024,0.521484375
01a0a58f-fa8c-7373-bce5-caabe51dbde0,s,D,QB17,1,4,UVH11s,37,0.07,7650000.0,7.65,496,1024,0.484375
01a0a58f-fa8c-7373-bce5-caabe51dbde0,s,D,QB17,1,4,UVH11s,38,0.07,8100000.0,8.1,483,1024,0.4716796875
01a0a58f-fa8c-7373-bce5-caabe51dbde0,s,D,QB17,1,4,UVH11s,39,0.07,8550000.0,8.55,475,1024,0.4638671875
01a0a58f-fa8c-7373-bce5-caabe51dbde0,s,D,QB17,1,4,UVH11s,40,0.07,9000000.0,9.0,507,1024,0.4951171875
01a0a58f-fa8c-7373-bce5-caabe51dbde0,s,D,QB17,1,5,UVH13s,0,0.07,-9000000.0,-9.0,582,1024,0.568359375
01a0a58f-fa8c-7373-bce5-caabe51dbde0,s,D,QB17,1,5,UVH13s,1,0.07,-8550000.0,-8.55,564,1024,0.55078125
01a0a58f-fa8c-7373-bce5-caabe51dbde0,s,D,QB17,1,5,UVH13s,2,0.07,-8100000.0,-8.1,572,1024,0.55859375
01a0a58f-fa8c-7373-bce5-caabe51dbde0,s,D,QB17,1,5,UVH13s,3,0.07,-7650000.0,-7.65,532,1024,0.51953125
01a0a58f-fa8c-7373-bce5-caabe51dbde0,s,D,QB17,1,5,UVH13s,4,0.07,-7200000.0,-7.2,516,1024,0.50390625
01a0a58f-fa8c-7373-bce5-caabe51dbde0,s,D,QB17,1,5,UVH13s,5,0.07,-6750000.0,-6.75,532,1024,0.51953125
01a0a58f-fa8c-7373-bce5-caabe51dbde0,s,D,QB17,1,5,UVH13s,6,0.07,-6300000.0,-6.3,479,1024,0.4677734375
01a0a58f-fa8c-7373-bce5-caabe51dbde0,s,D,QB17,1,5,UVH13s,7,0.07,-5850000.0,-5.85,461,1024,0.4501953125
01a0a58f-fa8c-7373-bce5-caabe51dbde0,s,D,QB17,1,5,UVH13s,8,0.07,-5400000.0,-5.4,469,1024,0.4580078125
01a0a58f-fa8c-7373-bce5-caabe51dbde0,s,D,QB17,1,5,UVH13s,9,0.07,-4950000.0,-4.95,494,1024,0.482421875
01a0a58f-fa8c-7373-bce5-caabe51dbde0,s,D,QB17,1,5,UVH13s,10,0.07,-4500000.0,-4.5,464,1024,0.453125
01a0a58f-fa8c-7373-bce5-caabe51dbde0,s,D,QB17,1,5,UVH13s,11,0.07,-4050000.0,-4.05,484,1024,0.47265625
01a0a58f-fa8c-7373-bce5-caabe51dbde0,s,D,QB17,1,5,UVH13s,12,0.07,-3600000.0,-3.6,434,1024,0.423828125
01a0a58f-fa8c-7373-bce5-caabe51dbde0,s,D,QB17,1,5,UVH13s,13,0.07,-3150000.0,-3.15,426,1024,0.416015625
01a0a58f-fa8c-7373-bce5-caabe51dbde0,s,D,QB17,1,5,UVH13s,14,0.07,-2700000.0,-2.7,431,1024,0.4208984375
01a0a58f-fa8c-7373-bce5-caabe51dbde0,s,D,QB17,1,5,UVH13s,15,0.07,-2250000.0,-2.25,441,1024,0.4306640625
01a0a58f-fa8c-7373-bce5-caabe51dbde0,s,D,QB17,1,5,UVH13s,16,0.07,-1800000.0,-1.8,447,1024,0.4365234375
01a0a58f-fa8c-7373-bce5-caabe51dbde0,s,D,QB17,1,5,UVH13s,17,0.07,-1350000.0,-1.35,451,1024,0.4404296875
01a0a58f-fa8c-7373-bce5-caabe51dbde0,s,D,QB17,1,5,UVH13s,18,0.07,-900000.0,-0.9,463,1024,0.4521484375
01a0a58f-fa8c-7373-bce5-caabe51dbde0,s,D,QB17,1,5,UVH13s,19,0.07,-450000.0,-0.45,467,1024,0.4560546875
01a0a58f-fa8c-7373-bce5-caabe51dbde0,s,D,QB17,1,5,UVH13s,20,0.07,0.0,0.0,450,1024,0.439453125
01a0a58f-fa8c-7373-bce5-caabe51dbde0,s,D,QB17,1,5,UVH13s,21,0.07,450000.0,0.45,460,1024,0.44921875
01a0a58f-fa8c-7373-bce5-caabe51dbde0,s,D,QB17,1,5,UVH13s,22,0.07,900000.0,0.9,467,1024,0.4560546875
01a0a58f-fa8c-7373-bce5-caabe51dbde0,s,D,QB17,1,5,UVH13s,23,0.07,1350000.0,1.35,450,1024,0.439453125
01a0a58f-fa8c-7373-bce5-caabe51dbde0,s,D,QB17,1,5,UVH13s,24,0.07,1800000.0,1.8,472,1024,0.4609375
01a0a58f-fa8c-7373-bce5-caabe51dbde0,s,D,QB17,1,5,UVH13s,25,0.07,2250000.0,2.25,459,1024,0.4482421875
01a0a58f-fa8c-7373-bce5-caabe51dbde0,s,D,QB17,1,5,UVH13s,26,0.07,2700000.0,2.7,478,1024,0.466796875
01a0a58f-fa8c-7373-bce5-caabe51dbde0,s,D,QB17,1,5,UVH13s,27,0.07,3150000.0,3.15,484,1024,0.47265625
01a0a58f-fa8c-7373-bce5-caabe51dbde0,s,D,QB17,1,5,UVH13s,28,0.07,3600000.0,3.6,485,1024,0.4736328125
01a0a58f-fa8c-7373-bce5-caabe51dbde0,s,D,QB17,1,5,UVH13s,29,0.07,4050000.0,4.05,484,1024,0.47265625
01a0a58f-fa8c-7373-bce5-caabe51dbde0,s,D,QB17,1,5,UVH13s,30,0.07,4500000.0,4.5,470,1024,0.458984375
01a0a58f-fa8c-7373-bce5-caabe51dbde0,s,D,QB17,1,5,UVH13s,31,0.07,4950000.0,4.95,471,1024,0.4599609375
01a0a58f-fa8c-7373-bce5-caabe51dbde0,s,D,QB17,1,5,UVH13s,32,0.07,5400000.0,5.4,485,1024,0.4736328125
01a0a58f-fa8c-7373-bce5-caabe51dbde0,s,D,QB17,1,5,UVH13s,33,0.07,5850000.0,5.85,462,1024,0.451171875
01a0a58f-fa8c-7373-bce5-caabe51dbde0,s,D,QB17,1,5,UVH13s,34,0.07,6300000.0,6.3,496,1024,0.484375
01a0a58f-fa8c-7373-bce5-caabe51dbde0,s,D,QB17,1,5,UVH13s,35,0.07,6750000.0,6.75,476,1024,0.46484375
01a0a58f-fa8c-7373-bce5-caabe51dbde0,s,D,QB17,1,5,UVH13s,36,0.07,7200000.0,7.2,485,1024,0.4736328125
01a0a58f-fa8c-7373-bce5-caabe51dbde0,s,D,QB17,1,5,UVH13s,37,0.07,7650000.0,7.65,455,1024,0.4443359375
01a0a58f-fa8c-7373-bce5-caabe51dbde0,s,D,QB17,1,5,UVH13s,38,0.07,8100000.0,8.1,457,1024,0.4462890625
01a0a58f-fa8c-7373-bce5-caabe51dbde0,s,D,QB17,1,5,UVH13s,39,0.07,8550000.0,8.55,486,1024,0.474609375
01a0a58f-fa8c-7373-bce5-caabe51dbde0,s,D,QB17,1,5,UVH13s,40,0.07,9000000.0,9.0,479,1024,0.4677734375
01a0a58f-fa8c-7373-bce5-caabe51dbde0,s,D,QB18,2,0,standard_pi_2,0,0.07,-9000000.0,-9.0,597,1024,0.5830078125
01a0a58f-fa8c-7373-bce5-caabe51dbde0,s,D,QB18,2,0,standard_pi_2,1,0.07,-8550000.0,-8.55,585,1024,0.5712890625
01a0a58f-fa8c-7373-bce5-caabe51dbde0,s,D,QB18,2,0,standard_pi_2,2,0.07,-8100000.0,-8.1,609,1024,0.5947265625
01a0a58f-fa8c-7373-bce5-caabe51dbde0,s,D,QB18,2,0,standard_pi_2,3,0.07,-7650000.0,-7.65,596,1024,0.58203125
01a0a58f-fa8c-7373-bce5-caabe51dbde0,s,D,QB18,2,0,standard_pi_2,4,0.07,-7200000.0,-7.2,580,1024,0.56640625
01a0a58f-fa8c-7373-bce5-caabe51dbde0,s,D,QB18,2,0,standard_pi_2,5,0.07,-6750000.0,-6.75,619,1024,0.6044921875
01a0a58f-fa8c-7373-bce5-caabe51dbde0,s,D,QB18,2,0,standard_pi_2,6,0.07,-6300000.0,-6.3,574,1024,0.560546875
01a0a58f-fa8c-7373-bce5-caabe51dbde0,s,D,QB18,2,0,standard_pi_2,7,0.07,-5850000.0,-5.85,576,1024,0.5625
01a0a58f-fa8c-7373-bce5-caabe51dbde0,s,D,QB18,2,0,standard_pi_2,8,0.07,-5400000.0,-5.4,580,1024,0.56640625
01a0a58f-fa8c-7373-bce5-caabe51dbde0,s,D,QB18,2,0,standard_pi_2,9,0.07,-4950000.0,-4.95,570,1024,0.556640625
01a0a58f-fa8c-7373-bce5-caabe51dbde0,s,D,QB18,2,0,standard_pi_2,10,0.07,-4500000.0,-4.5,612,1024,0.59765625
01a0a58f-fa8c-7373-bce5-caabe51dbde0,s,D,QB18,2,0,standard_pi_2,11,0.07,-4050000.0,-4.05,580,1024,0.56640625
01a0a58f-fa8c-7373-bce5-caabe51dbde0,s,D,QB18,2,0,standard_pi_2,12,0.07,-3600000.0,-3.6,602,1024,0.587890625
01a0a58f-fa8c-7373-bce5-caabe51dbde0,s,D,QB18,2,0,standard_pi_2,13,0.07,-3150000.0,-3.15,566,1024,0.552734375
01a0a58f-fa8c-7373-bce5-caabe51dbde0,s,D,QB18,2,0,standard_pi_2,14,0.07,-2700000.0,-2.7,589,1024,0.5751953125
01a0a58f-fa8c-7373-bce5-caabe51dbde0,s,D,QB18,2,0,standard_pi_2,15,0.07,-2250000.0,-2.25,598,1024,0.583984375
01a0a58f-fa8c-7373-bce5-caabe51dbde0,s,D,QB18,2,0,standard_pi_2,16,0.07,-1800000.0,-1.8,548,1024,0.53515625
01a0a58f-fa8c-7373-bce5-caabe51dbde0,s,D,QB18,2,0,standard_pi_2,17,0.07,-1350000.0,-1.35,562,1024,0.548828125
01a0a58f-fa8c-7373-bce5-caabe51dbde0,s,D,QB18,2,0,standard_pi_2,18,0.07,-900000.0,-0.9,542,1024,0.529296875
01a0a58f-fa8c-7373-bce5-caabe51dbde0,s,D,QB18,2,0,standard_pi_2,19,0.07,-450000.0,-0.45,575,1024,0.5615234375
01a0a58f-fa8c-7373-bce5-caabe51dbde0,s,D,QB18,2,0,standard_pi_2,20,0.07,0.0,0.0,554,1024,0.541015625
01a0a58f-fa8c-7373-bce5-caabe51dbde0,s,D,QB18,2,0,standard_pi_2,21,0.07,450000.0,0.45,541,1024,0.5283203125
01a0a58f-fa8c-7373-bce5-caabe51dbde0,s,D,QB18,2,0,standard_pi_2,22,0.07,900000.0,0.9,556,1024,0.54296875
01a0a58f-fa8c-7373-bce5-caabe51dbde0,s,D,QB18,2,0,standard_pi_2,23,0.07,1350000.0,1.35,567,1024,0.5537109375
01a0a58f-fa8c-7373-bce5-caabe51dbde0,s,D,QB18,2,0,standard_pi_2,24,0.07,1800000.0,1.8,550,1024,0.537109375
01a0a58f-fa8c-7373-bce5-caabe51dbde0,s,D,QB18,2,0,standard_pi_2,25,0.07,2250000.0,2.25,562,1024,0.548828125
01a0a58f-fa8c-7373-bce5-caabe51dbde0,s,D,QB18,2,0,standard_pi_2,26,0.07,2700000.0,2.7,553,1024,0.5400390625
01a0a58f-fa8c-7373-bce5-caabe51dbde0,s,D,QB18,2,0,standard_pi_2,27,0.07,3150000.0,3.15,548,1024,0.53515625
01a0a58f-fa8c-7373-bce5-caabe51dbde0,s,D,QB18,2,0,standard_pi_2,28,0.07,3600000.0,3.6,542,1024,0.529296875
01a0a58f-fa8c-7373-bce5-caabe51dbde0,s,D,QB18,2,0,standard_pi_2,29,0.07,4050000.0,4.05,535,1024,0.5224609375
01a0a58f-fa8c-7373-bce5-caabe51dbde0,s,D,QB18,2,0,standard_pi_2,30,0.07,4500000.0,4.5,558,1024,0.544921875
01a0a58f-fa8c-7373-bce5-caabe51dbde0,s,D,QB18,2,0,standard_pi_2,31,0.07,4950000.0,4.95,535,1024,0.5224609375
01a0a58f-fa8c-7373-bce5-caabe51dbde0,s,D,QB18,2,0,standard_pi_2,32,0.07,5400000.0,5.4,498,1024,0.486328125
01a0a58f-fa8c-7373-bce5-caabe51dbde0,s,D,QB18,2,0,standard_pi_2,33,0.07,5850000.0,5.85,508,1024,0.49609375
01a0a58f-fa8c-7373-bce5-caabe51dbde0,s,D,QB18,2,0,standard_pi_2,34,0.07,6300000.0,6.3,535,1024,0.5224609375
01a0a58f-fa8c-7373-bce5-caabe51dbde0,s,D,QB18,2,0,standard_pi_2,35,0.07,6750000.0,6.75,509,1024,0.4970703125
01a0a58f-fa8c-7373-bce5-caabe51dbde0,s,D,QB18,2,0,standard_pi_2,36,0.07,7200000.0,7.2,523,1024,0.5107421875
01a0a58f-fa8c-7373-bce5-caabe51dbde0,s,D,QB18,2,0,standard_pi_2,37,0.07,7650000.0,7.65,524,1024,0.51171875
01a0a58f-fa8c-7373-bce5-caabe51dbde0,s,D,QB18,2,0,standard_pi_2,38,0.07,8100000.0,8.1,494,1024,0.482421875
01a0a58f-fa8c-7373-bce5-caabe51dbde0,s,D,QB18,2,0,standard_pi_2,39,0.07,8550000.0,8.55,501,1024,0.4892578125
01a0a58f-fa8c-7373-bce5-caabe51dbde0,s,D,QB18,2,0,standard_pi_2,40,0.07,9000000.0,9.0,510,1024,0.498046875
01a0a58f-fa8c-7373-bce5-caabe51dbde0,s,D,QB18,2,1,UVH5s,0,0.07,-9000000.0,-9.0,624,1024,0.609375
01a0a58f-fa8c-7373-bce5-caabe51dbde0,s,D,QB18,2,1,UVH5s,1,0.07,-8550000.0,-8.55,624,1024,0.609375
01a0a58f-fa8c-7373-bce5-caabe51dbde0,s,D,QB18,2,1,UVH5s,2,0.07,-8100000.0,-8.1,655,1024,0.6396484375
01a0a58f-fa8c-7373-bce5-caabe51dbde0,s,D,QB18,2,1,UVH5s,3,0.07,-7650000.0,-7.65,640,1024,0.625
01a0a58f-fa8c-7373-bce5-caabe51dbde0,s,D,QB18,2,1,UVH5s,4,0.07,-7200000.0,-7.2,636,1024,0.62109375
01a0a58f-fa8c-7373-bce5-caabe51dbde0,s,D,QB18,2,1,UVH5s,5,0.07,-6750000.0,-6.75,631,1024,0.6162109375
01a0a58f-fa8c-7373-bce5-caabe51dbde0,s,D,QB18,2,1,UVH5s,6,0.07,-6300000.0,-6.3,593,1024,0.5791015625
01a0a58f-fa8c-7373-bce5-caabe51dbde0,s,D,QB18,2,1,UVH5s,7,0.07,-5850000.0,-5.85,631,1024,0.6162109375
01a0a58f-fa8c-7373-bce5-caabe51dbde0,s,D,QB18,2,1,UVH5s,8,0.07,-5400000.0,-5.4,590,1024,0.576171875
01a0a58f-fa8c-7373-bce5-caabe51dbde0,s,D,QB18,2,1,UVH5s,9,0.07,-4950000.0,-4.95,590,1024,0.576171875
01a0a58f-fa8c-7373-bce5-caabe51dbde0,s,D,QB18,2,1,UVH5s,10,0.07,-4500000.0,-4.5,561,1024,0.5478515625
01a0a58f-fa8c-7373-bce5-caabe51dbde0,s,D,QB18,2,1,UVH5s,11,0.07,-4050000.0,-4.05,582,1024,0.568359375
01a0a58f-fa8c-7373-bce5-caabe51dbde0,s,D,QB18,2,1,UVH5s,12,0.07,-3600000.0,-3.6,586,1024,0.572265625
01a0a58f-fa8c-7373-bce5-caabe51dbde0,s,D,QB18,2,1,UVH5s,13,0.07,-3150000.0,-3.15,544,1024,0.53125
01a0a58f-fa8c-7373-bce5-caabe51dbde0,s,D,QB18,2,1,UVH5s,14,0.07,-2700000.0,-2.7,546,1024,0.533203125
01a0a58f-fa8c-7373-bce5-caabe51dbde0,s,D,QB18,2,1,UVH5s,15,0.07,-2250000.0,-2.25,531,1024,0.5185546875
01a0a58f-fa8c-7373-bce5-caabe51dbde0,s,D,QB18,2,1,UVH5s,16,0.07,-1800000.0,-1.8,550,1024,0.537109375
01a0a58f-fa8c-7373-bce5-caabe51dbde0,s,D,QB18,2,1,UVH5s,17,0.07,-1350000.0,-1.35,510,1024,0.498046875
01a0a58f-fa8c-7373-bce5-caabe51dbde0,s,D,QB18,2,1,UVH5s,18,0.07,-900000.0,-0.9,519,1024,0.5068359375
01a0a58f-fa8c-7373-bce5-caabe51dbde0,s,D,QB18,2,1,UVH5s,19,0.07,-450000.0,-0.45,520,1024,0.5078125
01a0a58f-fa8c-7373-bce5-caabe51dbde0,s,D,QB18,2,1,UVH5s,20,0.07,0.0,0.0,501,1024,0.4892578125
01a0a58f-fa8c-7373-bce5-caabe51dbde0,s,D,QB18,2,1,UVH5s,21,0.07,450000.0,0.45,523,1024,0.5107421875
01a0a58f-fa8c-7373-bce5-caabe51dbde0,s,D,QB18,2,1,UVH5s,22,0.07,900000.0,0.9,476,1024,0.46484375
01a0a58f-fa8c-7373-bce5-caabe51dbde0,s,D,QB18,2,1,UVH5s,23,0.07,1350000.0,1.35,541,1024,0.5283203125
01a0a58f-fa8c-7373-bce5-caabe51dbde0,s,D,QB18,2,1,UVH5s,24,0.07,1800000.0,1.8,541,1024,0.5283203125
01a0a58f-fa8c-7373-bce5-caabe51dbde0,s,D,QB18,2,1,UVH5s,25,0.07,2250000.0,2.25,545,1024,0.5322265625
01a0a58f-fa8c-7373-bce5-caabe51dbde0,s,D,QB18,2,1,UVH5s,26,0.07,2700000.0,2.7,520,1024,0.5078125
01a0a58f-fa8c-7373-bce5-caabe51dbde0,s,D,QB18,2,1,UVH5s,27,0.07,3150000.0,3.15,572,1024,0.55859375
01a0a58f-fa8c-7373-bce5-caabe51dbde0,s,D,QB18,2,1,UVH5s,28,0.07,3600000.0,3.6,567,1024,0.5537109375
01a0a58f-fa8c-7373-bce5-caabe51dbde0,s,D,QB18,2,1,UVH5s,29,0.07,4050000.0,4.05,608,1024,0.59375
01a0a58f-fa8c-7373-bce5-caabe51dbde0,s,D,QB18,2,1,UVH5s,30,0.07,4500000.0,4.5,592,1024,0.578125
01a0a58f-fa8c-7373-bce5-caabe51dbde0,s,D,QB18,2,1,UVH5s,31,0.07,4950000.0,4.95,630,1024,0.615234375
01a0a58f-fa8c-7373-bce5-caabe51dbde0,s,D,QB18,2,1,UVH5s,32,0.07,5400000.0,5.4,632,1024,0.6171875
01a0a58f-fa8c-7373-bce5-caabe51dbde0,s,D,QB18,2,1,UVH5s,33,0.07,5850000.0,5.85,651,1024,0.6357421875
01a0a58f-fa8c-7373-bce5-caabe51dbde0,s,D,QB18,2,1,UVH5s,34,0.07,6300000.0,6.3,682,1024,0.666015625
01a0a58f-fa8c-7373-bce5-caabe51dbde0,s,D,QB18,2,1,UVH5s,35,0.07,6750000.0,6.75,690,1024,0.673828125
01a0a58f-fa8c-7373-bce5-caabe51dbde0,s,D,QB18,2,1,UVH5s,36,0.07,7200000.0,7.2,678,1024,0.662109375
01a0a58f-fa8c-7373-bce5-caabe51dbde0,s,D,QB18,2,1,UVH5s,37,0.07,7650000.0,7.65,713,1024,0.6962890625
01a0a58f-fa8c-7373-bce5-caabe51dbde0,s,D,QB18,2,1,UVH5s,38,0.07,8100000.0,8.1,720,1024,0.703125
01a0a58f-fa8c-7373-bce5-caabe51dbde0,s,D,QB18,2,1,UVH5s,39,0.07,8550000.0,8.55,752,1024,0.734375
01a0a58f-fa8c-7373-bce5-caabe51dbde0,s,D,QB18,2,1,UVH5s,40,0.07,9000000.0,9.0,749,1024,0.7314453125
01a0a58f-fa8c-7373-bce5-caabe51dbde0,s,D,QB18,2,2,UVH7s,0,0.07,-9000000.0,-9.0,501,1024,0.4892578125
01a0a58f-fa8c-7373-bce5-caabe51dbde0,s,D,QB18,2,2,UVH7s,1,0.07,-8550000.0,-8.55,517,1024,0.5048828125
01a0a58f-fa8c-7373-bce5-caabe51dbde0,s,D,QB18,2,2,UVH7s,2,0.07,-8100000.0,-8.1,516,1024,0.50390625
01a0a58f-fa8c-7373-bce5-caabe51dbde0,s,D,QB18,2,2,UVH7s,3,0.07,-7650000.0,-7.65,495,1024,0.4833984375
01a0a58f-fa8c-7373-bce5-caabe51dbde0,s,D,QB18,2,2,UVH7s,4,0.07,-7200000.0,-7.2,490,1024,0.478515625
01a0a58f-fa8c-7373-bce5-caabe51dbde0,s,D,QB18,2,2,UVH7s,5,0.07,-6750000.0,-6.75,497,1024,0.4853515625
01a0a58f-fa8c-7373-bce5-caabe51dbde0,s,D,QB18,2,2,UVH7s,6,0.07,-6300000.0,-6.3,500,1024,0.48828125
01a0a58f-fa8c-7373-bce5-caabe51dbde0,s,D,QB18,2,2,UVH7s,7,0.07,-5850000.0,-5.85,497,1024,0.4853515625
01a0a58f-fa8c-7373-bce5-caabe51dbde0,s,D,QB18,2,2,UVH7s,8,0.07,-5400000.0,-5.4,465,1024,0.4541015625
01a0a58f-fa8c-7373-bce5-caabe51dbde0,s,D,QB18,2,2,UVH7s,9,0.07,-4950000.0,-4.95,491,1024,0.4794921875
01a0a58f-fa8c-7373-bce5-caabe51dbde0,s,D,QB18,2,2,UVH7s,10,0.07,-4500000.0,-4.5,479,1024,0.4677734375
01a0a58f-fa8c-7373-bce5-caabe51dbde0,s,D,QB18,2,2,UVH7s,11,0.07,-4050000.0,-4.05,466,1024,0.455078125
01a0a58f-fa8c-7373-bce5-caabe51dbde0,s,D,QB18,2,2,UVH7s,12,0.07,-3600000.0,-3.6,501,1024,0.4892578125
01a0a58f-fa8c-7373-bce5-caabe51dbde0,s,D,QB18,2,2,UVH7s,13,0.07,-3150000.0,-3.15,495,1024,0.4833984375
01a0a58f-fa8c-7373-bce5-caabe51dbde0,s,D,QB18,2,2,UVH7s,14,0.07,-2700000.0,-2.7,461,1024,0.4501953125
01a0a58f-fa8c-7373-bce5-caabe51dbde0,s,D,QB18,2,2,UVH7s,15,0.07,-2250000.0,-2.25,510,1024,0.498046875
01a0a58f-fa8c-7373-bce5-caabe51dbde0,s,D,QB18,2,2,UVH7s,16,0.07,-1800000.0,-1.8,484,1024,0.47265625
01a0a58f-fa8c-7373-bce5-caabe51dbde0,s,D,QB18,2,2,UVH7s,17,0.07,-1350000.0,-1.35,491,1024,0.4794921875
01a0a58f-fa8c-7373-bce5-caabe51dbde0,s,D,QB18,2,2,UVH7s,18,0.07,-900000.0,-0.9,483,1024,0.4716796875
01a0a58f-fa8c-7373-bce5-caabe51dbde0,s,D,QB18,2,2,UVH7s,19,0.07,-450000.0,-0.45,491,1024,0.4794921875
01a0a58f-fa8c-7373-bce5-caabe51dbde0,s,D,QB18,2,2,UVH7s,20,0.07,0.0,0.0,485,1024,0.4736328125
01a0a58f-fa8c-7373-bce5-caabe51dbde0,s,D,QB18,2,2,UVH7s,21,0.07,450000.0,0.45,492,1024,0.48046875
01a0a58f-fa8c-7373-bce5-caabe51dbde0,s,D,QB18,2,2,UVH7s,22,0.07,900000.0,0.9,521,1024,0.5087890625
01a0a58f-fa8c-7373-bce5-caabe51dbde0,s,D,QB18,2,2,UVH7s,23,0.07,1350000.0,1.35,526,1024,0.513671875
01a0a58f-fa8c-7373-bce5-caabe51dbde0,s,D,QB18,2,2,UVH7s,24,0.07,1800000.0,1.8,481,1024,0.4697265625
01a0a58f-fa8c-7373-bce5-caabe51dbde0,s,D,QB18,2,2,UVH7s,25,0.07,2250000.0,2.25,521,1024,0.5087890625
01a0a58f-fa8c-7373-bce5-caabe51dbde0,s,D,QB18,2,2,UVH7s,26,0.07,2700000.0,2.7,521,1024,0.5087890625
01a0a58f-fa8c-7373-bce5-caabe51dbde0,s,D,QB18,2,2,UVH7s,27,0.07,3150000.0,3.15,501,1024,0.4892578125
01a0a58f-fa8c-7373-bce5-caabe51dbde0,s,D,QB18,2,2,UVH7s,28,0.07,3600000.0,3.6,522,1024,0.509765625
01a0a58f-fa8c-7373-bce5-caabe51dbde0,s,D,QB18,2,2,UVH7s,29,0.07,4050000.0,4.05,512,1024,0.5
01a0a58f-fa8c-7373-bce5-caabe51dbde0,s,D,QB18,2,2,UVH7s,30,0.07,4500000.0,4.5,531,1024,0.5185546875
01a0a58f-fa8c-7373-bce5-caabe51dbde0,s,D,QB18,2,2,UVH7s,31,0.07,4950000.0,4.95,540,1024,0.52734375
01a0a58f-fa8c-7373-bce5-caabe51dbde0,s,D,QB18,2,2,UVH7s,32,0.07,5400000.0,5.4,538,1024,0.525390625
01a0a58f-fa8c-7373-bce5-caabe51dbde0,s,D,QB18,2,2,UVH7s,33,0.07,5850000.0,5.85,558,1024,0.544921875
01a0a58f-fa8c-7373-bce5-caabe51dbde0,s,D,QB18,2,2,UVH7s,34,0.07,6300000.0,6.3,541,1024,0.5283203125
01a0a58f-fa8c-7373-bce5-caabe51dbde0,s,D,QB18,2,2,UVH7s,35,0.07,6750000.0,6.75,565,1024,0.5517578125
01a0a58f-fa8c-7373-bce5-caabe51dbde0,s,D,QB18,2,2,UVH7s,36,0.07,7200000.0,7.2,569,1024,0.5556640625
01a0a58f-fa8c-7373-bce5-caabe51dbde0,s,D,QB18,2,2,UVH7s,37,0.07,7650000.0,7.65,601,1024,0.5869140625
01a0a58f-fa8c-7373-bce5-caabe51dbde0,s,D,QB18,2,2,UVH7s,38,0.07,8100000.0,8.1,589,1024,0.5751953125
01a0a58f-fa8c-7373-bce5-caabe51dbde0,s,D,QB18,2,2,UVH7s,39,0.07,8550000.0,8.55,610,1024,0.595703125
01a0a58f-fa8c-7373-bce5-caabe51dbde0,s,D,QB18,2,2,UVH7s,40,0.07,9000000.0,9.0,631,1024,0.6162109375
01a0a58f-fa8c-7373-bce5-caabe51dbde0,s,D,QB18,2,3,UVH9s,0,0.07,-9000000.0,-9.0,415,1024,0.4052734375
01a0a58f-fa8c-7373-bce5-caabe51dbde0,s,D,QB18,2,3,UVH9s,1,0.07,-8550000.0,-8.55,386,1024,0.376953125
01a0a58f-fa8c-7373-bce5-caabe51dbde0,s,D,QB18,2,3,UVH9s,2,0.07,-8100000.0,-8.1,409,1024,0.3994140625
01a0a58f-fa8c-7373-bce5-caabe51dbde0,s,D,QB18,2,3,UVH9s,3,0.07,-7650000.0,-7.65,413,1024,0.4033203125
01a0a58f-fa8c-7373-bce5-caabe51dbde0,s,D,QB18,2,3,UVH9s,4,0.07,-7200000.0,-7.2,416,1024,0.40625
01a0a58f-fa8c-7373-bce5-caabe51dbde0,s,D,QB18,2,3,UVH9s,5,0.07,-6750000.0,-6.75,448,1024,0.4375
01a0a58f-fa8c-7373-bce5-caabe51dbde0,s,D,QB18,2,3,UVH9s,6,0.07,-6300000.0,-6.3,445,1024,0.4345703125
01a0a58f-fa8c-7373-bce5-caabe51dbde0,s,D,QB18,2,3,UVH9s,7,0.07,-5850000.0,-5.85,458,1024,0.447265625
01a0a58f-fa8c-7373-bce5-caabe51dbde0,s,D,QB18,2,3,UVH9s,8,0.07,-5400000.0,-5.4,447,1024,0.4365234375
01a0a58f-fa8c-7373-bce5-caabe51dbde0,s,D,QB18,2,3,UVH9s,9,0.07,-4950000.0,-4.95,480,1024,0.46875
01a0a58f-fa8c-7373-bce5-caabe51dbde0,s,D,QB18,2,3,UVH9s,10,0.07,-4500000.0,-4.5,467,1024,0.4560546875
01a0a58f-fa8c-7373-bce5-caabe51dbde0,s,D,QB18,2,3,UVH9s,11,0.07,-4050000.0,-4.05,454,1024,0.443359375
01a0a58f-fa8c-7373-bce5-caabe51dbde0,s,D,QB18,2,3,UVH9s,12,0.07,-3600000.0,-3.6,471,1024,0.4599609375
01a0a58f-fa8c-7373-bce5-caabe51dbde0,s,D,QB18,2,3,UVH9s,13,0.07,-3150000.0,-3.15,489,1024,0.4775390625
01a0a58f-fa8c-7373-bce5-caabe51dbde0,s,D,QB18,2,3,UVH9s,14,0.07,-2700000.0,-2.7,488,1024,0.4765625
01a0a58f-fa8c-7373-bce5-caabe51dbde0,s,D,QB18,2,3,UVH9s,15,0.07,-2250000.0,-2.25,507,1024,0.4951171875
01a0a58f-fa8c-7373-bce5-caabe51dbde0,s,D,QB18,2,3,UVH9s,16,0.07,-1800000.0,-1.8,504,1024,0.4921875
01a0a58f-fa8c-7373-bce5-caabe51dbde0,s,D,QB18,2,3,UVH9s,17,0.07,-1350000.0,-1.35,508,1024,0.49609375
01a0a58f-fa8c-7373-bce5-caabe51dbde0,s,D,QB18,2,3,UVH9s,18,0.07,-900000.0,-0.9,475,1024,0.4638671875
01a0a58f-fa8c-7373-bce5-caabe51dbde0,s,D,QB18,2,3,UVH9s,19,0.07,-450000.0,-0.45,479,1024,0.4677734375
01a0a58f-fa8c-7373-bce5-caabe51dbde0,s,D,QB18,2,3,UVH9s,20,0.07,0.0,0.0,492,1024,0.48046875
01a0a58f-fa8c-7373-bce5-caabe51dbde0,s,D,QB18,2,3,UVH9s,21,0.07,450000.0,0.45,497,1024,0.4853515625
01a0a58f-fa8c-7373-bce5-caabe51dbde0,s,D,QB18,2,3,UVH9s,22,0.07,900000.0,0.9,501,1024,0.4892578125
01a0a58f-fa8c-7373-bce5-caabe51dbde0,s,D,QB18,2,3,UVH9s,23,0.07,1350000.0,1.35,525,1024,0.5126953125
01a0a58f-fa8c-7373-bce5-caabe51dbde0,s,D,QB18,2,3,UVH9s,24,0.07,1800000.0,1.8,533,1024,0.5205078125
01a0a58f-fa8c-7373-bce5-caabe51dbde0,s,D,QB18,2,3,UVH9s,25,0.07,2250000.0,2.25,524,1024,0.51171875
01a0a58f-fa8c-7373-bce5-caabe51dbde0,s,D,QB18,2,3,UVH9s,26,0.07,2700000.0,2.7,509,1024,0.4970703125
01a0a58f-fa8c-7373-bce5-caabe51dbde0,s,D,QB18,2,3,UVH9s,27,0.07,3150000.0,3.15,495,1024,0.4833984375
01a0a58f-fa8c-7373-bce5-caabe51dbde0,s,D,QB18,2,3,UVH9s,28,0.07,3600000.0,3.6,483,1024,0.4716796875
01a0a58f-fa8c-7373-bce5-caabe51dbde0,s,D,QB18,2,3,UVH9s,29,0.07,4050000.0,4.05,522,1024,0.509765625
01a0a58f-fa8c-7373-bce5-caabe51dbde0,s,D,QB18,2,3,UVH9s,30,0.07,4500000.0,4.5,498,1024,0.486328125
01a0a58f-fa8c-7373-bce5-caabe51dbde0,s,D,QB18,2,3,UVH9s,31,0.07,4950000.0,4.95,500,1024,0.48828125
01a0a58f-fa8c-7373-bce5-caabe51dbde0,s,D,QB18,2,3,UVH9s,32,0.07,5400000.0,5.4,473,1024,0.4619140625
01a0a58f-fa8c-7373-bce5-caabe51dbde0,s,D,QB18,2,3,UVH9s,33,0.07,5850000.0,5.85,477,1024,0.4658203125
01a0a58f-fa8c-7373-bce5-caabe51dbde0,s,D,QB18,2,3,UVH9s,34,0.07,6300000.0,6.3,443,1024,0.4326171875
01a0a58f-fa8c-7373-bce5-caabe51dbde0,s,D,QB18,2,3,UVH9s,35,0.07,6750000.0,6.75,426,1024,0.416015625
01a0a58f-fa8c-7373-bce5-caabe51dbde0,s,D,QB18,2,3,UVH9s,36,0.07,7200000.0,7.2,412,1024,0.40234375
01a0a58f-fa8c-7373-bce5-caabe51dbde0,s,D,QB18,2,3,UVH9s,37,0.07,7650000.0,7.65,409,1024,0.3994140625
01a0a58f-fa8c-7373-bce5-caabe51dbde0,s,D,QB18,2,3,UVH9s,38,0.07,8100000.0,8.1,375,1024,0.3662109375
01a0a58f-fa8c-7373-bce5-caabe51dbde0,s,D,QB18,2,3,UVH9s,39,0.07,8550000.0,8.55,351,1024,0.3427734375
01a0a58f-fa8c-7373-bce5-caabe51dbde0,s,D,QB18,2,3,UVH9s,40,0.07,9000000.0,9.0,327,1024,0.3193359375
01a0a58f-fa8c-7373-bce5-caabe51dbde0,s,D,QB18,2,4,UVH11s,0,0.07,-9000000.0,-9.0,538,1024,0.525390625
01a0a58f-fa8c-7373-bce5-caabe51dbde0,s,D,QB18,2,4,UVH11s,1,0.07,-8550000.0,-8.55,529,1024,0.5166015625
01a0a58f-fa8c-7373-bce5-caabe51dbde0,s,D,QB18,2,4,UVH11s,2,0.07,-8100000.0,-8.1,531,1024,0.5185546875
01a0a58f-fa8c-7373-bce5-caabe51dbde0,s,D,QB18,2,4,UVH11s,3,0.07,-7650000.0,-7.65,502,1024,0.490234375
01a0a58f-fa8c-7373-bce5-caabe51dbde0,s,D,QB18,2,4,UVH11s,4,0.07,-7200000.0,-7.2,522,1024,0.509765625
01a0a58f-fa8c-7373-bce5-caabe51dbde0,s,D,QB18,2,4,UVH11s,5,0.07,-6750000.0,-6.75,490,1024,0.478515625
01a0a58f-fa8c-7373-bce5-caabe51dbde0,s,D,QB18,2,4,UVH11s,6,0.07,-6300000.0,-6.3,499,1024,0.4873046875
01a0a58f-fa8c-7373-bce5-caabe51dbde0,s,D,QB18,2,4,UVH11s,7,0.07,-5850000.0,-5.85,523,1024,0.5107421875
01a0a58f-fa8c-7373-bce5-caabe51dbde0,s,D,QB18,2,4,UVH11s,8,0.07,-5400000.0,-5.4,496,1024,0.484375
01a0a58f-fa8c-7373-bce5-caabe51dbde0,s,D,QB18,2,4,UVH11s,9,0.07,-4950000.0,-4.95,509,1024,0.4970703125
01a0a58f-fa8c-7373-bce5-caabe51dbde0,s,D,QB18,2,4,UVH11s,10,0.07,-4500000.0,-4.5,493,1024,0.4814453125
01a0a58f-fa8c-7373-bce5-caabe51dbde0,s,D,QB18,2,4,UVH11s,11,0.07,-4050000.0,-4.05,521,1024,0.5087890625
01a0a58f-fa8c-7373-bce5-caabe51dbde0,s,D,QB18,2,4,UVH11s,12,0.07,-3600000.0,-3.6,520,1024,0.5078125
01a0a58f-fa8c-7373-bce5-caabe51dbde0,s,D,QB18,2,4,UVH11s,13,0.07,-3150000.0,-3.15,510,1024,0.498046875
01a0a58f-fa8c-7373-bce5-caabe51dbde0,s,D,QB18,2,4,UVH11s,14,0.07,-2700000.0,-2.7,503,1024,0.4912109375
01a0a58f-fa8c-7373-bce5-caabe51dbde0,s,D,QB18,2,4,UVH11s,15,0.07,-2250000.0,-2.25,480,1024,0.46875
01a0a58f-fa8c-7373-bce5-caabe51dbde0,s,D,QB18,2,4,UVH11s,16,0.07,-1800000.0,-1.8,565,1024,0.5517578125
01a0a58f-fa8c-7373-bce5-caabe51dbde0,s,D,QB18,2,4,UVH11s,17,0.07,-1350000.0,-1.35,508,1024,0.49609375
01a0a58f-fa8c-7373-bce5-caabe51dbde0,s,D,QB18,2,4,UVH11s,18,0.07,-900000.0,-0.9,536,1024,0.5234375
01a0a58f-fa8c-7373-bce5-caabe51dbde0,s,D,QB18,2,4,UVH11s,19,0.07,-450000.0,-0.45,487,1024,0.4755859375
01a0a58f-fa8c-7373-bce5-caabe51dbde0,s,D,QB18,2,4,UVH11s,20,0.07,0.0,0.0,527,1024,0.5146484375
01a0a58f-fa8c-7373-bce5-caabe51dbde0,s,D,QB18,2,4,UVH11s,21,0.07,450000.0,0.45,520,1024,0.5078125
01a0a58f-fa8c-7373-bce5-caabe51dbde0,s,D,QB18,2,4,UVH11s,22,0.07,900000.0,0.9,509,1024,0.4970703125
01a0a58f-fa8c-7373-bce5-caabe51dbde0,s,D,QB18,2,4,UVH11s,23,0.07,1350000.0,1.35,505,1024,0.4931640625
01a0a58f-fa8c-7373-bce5-caabe51dbde0,s,D,QB18,2,4,UVH11s,24,0.07,1800000.0,1.8,516,1024,0.50390625
01a0a58f-fa8c-7373-bce5-caabe51dbde0,s,D,QB18,2,4,UVH11s,25,0.07,2250000.0,2.25,529,1024,0.5166015625
01a0a58f-fa8c-7373-bce5-caabe51dbde0,s,D,QB18,2,4,UVH11s,26,0.07,2700000.0,2.7,532,1024,0.51953125
01a0a58f-fa8c-7373-bce5-caabe51dbde0,s,D,QB18,2,4,UVH11s,27,0.07,3150000.0,3.15,518,1024,0.505859375
01a0a58f-fa8c-7373-bce5-caabe51dbde0,s,D,QB18,2,4,UVH11s,28,0.07,3600000.0,3.6,529,1024,0.5166015625
01a0a58f-fa8c-7373-bce5-caabe51dbde0,s,D,QB18,2,4,UVH11s,29,0.07,4050000.0,4.05,514,1024,0.501953125
01a0a58f-fa8c-7373-bce5-caabe51dbde0,s,D,QB18,2,4,UVH11s,30,0.07,4500000.0,4.5,522,1024,0.509765625
01a0a58f-fa8c-7373-bce5-caabe51dbde0,s,D,QB18,2,4,UVH11s,31,0.07,4950000.0,4.95,488,1024,0.4765625
01a0a58f-fa8c-7373-bce5-caabe51dbde0,s,D,QB18,2,4,UVH11s,32,0.07,5400000.0,5.4,500,1024,0.48828125
01a0a58f-fa8c-7373-bce5-caabe51dbde0,s,D,QB18,2,4,UVH11s,33,0.07,5850000.0,5.85,500,1024,0.48828125
01a0a58f-fa8c-7373-bce5-caabe51dbde0,s,D,QB18,2,4,UVH11s,34,0.07,6300000.0,6.3,488,1024,0.4765625
01a0a58f-fa8c-7373-bce5-caabe51dbde0,s,D,QB18,2,4,UVH11s,35,0.07,6750000.0,6.75,515,1024,0.5029296875
01a0a58f-fa8c-7373-bce5-caabe51dbde0,s,D,QB18,2,4,UVH11s,36,0.07,7200000.0,7.2,471,1024,0.4599609375
01a0a58f-fa8c-7373-bce5-caabe51dbde0,s,D,QB18,2,4,UVH11s,37,0.07,7650000.0,7.65,484,1024,0.47265625
01a0a58f-fa8c-7373-bce5-caabe51dbde0,s,D,QB18,2,4,UVH11s,38,0.07,8100000.0,8.1,479,1024,0.4677734375
01a0a58f-fa8c-7373-bce5-caabe51dbde0,s,D,QB18,2,4,UVH11s,39,0.07,8550000.0,8.55,483,1024,0.4716796875
01a0a58f-fa8c-7373-bce5-caabe51dbde0,s,D,QB18,2,4,UVH11s,40,0.07,9000000.0,9.0,453,1024,0.4423828125
01a0a58f-fa8c-7373-bce5-caabe51dbde0,s,D,QB18,2,5,UVH13s,0,0.07,-9000000.0,-9.0,597,1024,0.5830078125
01a0a58f-fa8c-7373-bce5-caabe51dbde0,s,D,QB18,2,5,UVH13s,1,0.07,-8550000.0,-8.55,592,1024,0.578125
01a0a58f-fa8c-7373-bce5-caabe51dbde0,s,D,QB18,2,5,UVH13s,2,0.07,-8100000.0,-8.1,552,1024,0.5390625
01a0a58f-fa8c-7373-bce5-caabe51dbde0,s,D,QB18,2,5,UVH13s,3,0.07,-7650000.0,-7.65,542,1024,0.529296875
01a0a58f-fa8c-7373-bce5-caabe51dbde0,s,D,QB18,2,5,UVH13s,4,0.07,-7200000.0,-7.2,541,1024,0.5283203125
01a0a58f-fa8c-7373-bce5-caabe51dbde0,s,D,QB18,2,5,UVH13s,5,0.07,-6750000.0,-6.75,514,1024,0.501953125
01a0a58f-fa8c-7373-bce5-caabe51dbde0,s,D,QB18,2,5,UVH13s,6,0.07,-6300000.0,-6.3,551,1024,0.5380859375
01a0a58f-fa8c-7373-bce5-caabe51dbde0,s,D,QB18,2,5,UVH13s,7,0.07,-5850000.0,-5.85,495,1024,0.4833984375
01a0a58f-fa8c-7373-bce5-caabe51dbde0,s,D,QB18,2,5,UVH13s,8,0.07,-5400000.0,-5.4,520,1024,0.5078125
01a0a58f-fa8c-7373-bce5-caabe51dbde0,s,D,QB18,2,5,UVH13s,9,0.07,-4950000.0,-4.95,494,1024,0.482421875
01a0a58f-fa8c-7373-bce5-caabe51dbde0,s,D,QB18,2,5,UVH13s,10,0.07,-4500000.0,-4.5,546,1024,0.533203125
01a0a58f-fa8c-7373-bce5-caabe51dbde0,s,D,QB18,2,5,UVH13s,11,0.07,-4050000.0,-4.05,539,1024,0.5263671875
01a0a58f-fa8c-7373-bce5-caabe51dbde0,s,D,QB18,2,5,UVH13s,12,0.07,-3600000.0,-3.6,501,1024,0.4892578125
01a0a58f-fa8c-7373-bce5-caabe51dbde0,s,D,QB18,2,5,UVH13s,13,0.07,-3150000.0,-3.15,505,1024,0.4931640625
01a0a58f-fa8c-7373-bce5-caabe51dbde0,s,D,QB18,2,5,UVH13s,14,0.07,-2700000.0,-2.7,515,1024,0.5029296875
01a0a58f-fa8c-7373-bce5-caabe51dbde0,s,D,QB18,2,5,UVH13s,15,0.07,-2250000.0,-2.25,513,1024,0.5009765625
01a0a58f-fa8c-7373-bce5-caabe51dbde0,s,D,QB18,2,5,UVH13s,16,0.07,-1800000.0,-1.8,533,1024,0.5205078125
01a0a58f-fa8c-7373-bce5-caabe51dbde0,s,D,QB18,2,5,UVH13s,17,0.07,-1350000.0,-1.35,531,1024,0.5185546875
01a0a58f-fa8c-7373-bce5-caabe51dbde0,s,D,QB18,2,5,UVH13s,18,0.07,-900000.0,-0.9,529,1024,0.5166015625
01a0a58f-fa8c-7373-bce5-caabe51dbde0,s,D,QB18,2,5,UVH13s,19,0.07,-450000.0,-0.45,531,1024,0.5185546875
01a0a58f-fa8c-7373-bce5-caabe51dbde0,s,D,QB18,2,5,UVH13s,20,0.07,0.0,0.0,476,1024,0.46484375
01a0a58f-fa8c-7373-bce5-caabe51dbde0,s,D,QB18,2,5,UVH13s,21,0.07,450000.0,0.45,522,1024,0.509765625
01a0a58f-fa8c-7373-bce5-caabe51dbde0,s,D,QB18,2,5,UVH13s,22,0.07,900000.0,0.9,508,1024,0.49609375
01a0a58f-fa8c-7373-bce5-caabe51dbde0,s,D,QB18,2,5,UVH13s,23,0.07,1350000.0,1.35,502,1024,0.490234375
01a0a58f-fa8c-7373-bce5-caabe51dbde0,s,D,QB18,2,5,UVH13s,24,0.07,1800000.0,1.8,476,1024,0.46484375
01a0a58f-fa8c-7373-bce5-caabe51dbde0,s,D,QB18,2,5,UVH13s,25,0.07,2250000.0,2.25,522,1024,0.509765625
01a0a58f-fa8c-7373-bce5-caabe51dbde0,s,D,QB18,2,5,UVH13s,26,0.07,2700000.0,2.7,517,1024,0.5048828125
01a0a58f-fa8c-7373-bce5-caabe51dbde0,s,D,QB18,2,5,UVH13s,27,0.07,3150000.0,3.15,546,1024,0.533203125
01a0a58f-fa8c-7373-bce5-caabe51dbde0,s,D,QB18,2,5,UVH13s,28,0.07,3600000.0,3.6,517,1024,0.5048828125
01a0a58f-fa8c-7373-bce5-caabe51dbde0,s,D,QB18,2,5,UVH13s,29,0.07,4050000.0,4.05,496,1024,0.484375
01a0a58f-fa8c-7373-bce5-caabe51dbde0,s,D,QB18,2,5,UVH13s,30,0.07,4500000.0,4.5,528,1024,0.515625
01a0a58f-fa8c-7373-bce5-caabe51dbde0,s,D,QB18,2,5,UVH13s,31,0.07,4950000.0,4.95,516,1024,0.50390625
01a0a58f-fa8c-7373-bce5-caabe51dbde0,s,D,QB18,2,5,UVH13s,32,0.07,5400000.0,5.4,499,1024,0.4873046875
01a0a58f-fa8c-7373-bce5-caabe51dbde0,s,D,QB18,2,5,UVH13s,33,0.07,5850000.0,5.85,535,1024,0.5224609375
01a0a58f-fa8c-7373-bce5-caabe51dbde0,s,D,QB18,2,5,UVH13s,34,0.07,6300000.0,6.3,533,1024,0.5205078125
01a0a58f-fa8c-7373-bce5-caabe51dbde0,s,D,QB18,2,5,UVH13s,35,0.07,6750000.0,6.75,547,1024,0.5341796875
01a0a58f-fa8c-7373-bce5-caabe51dbde0,s,D,QB18,2,5,UVH13s,36,0.07,7200000.0,7.2,542,1024,0.529296875
01a0a58f-fa8c-7373-bce5-caabe51dbde0,s,D,QB18,2,5,UVH13s,37,0.07,7650000.0,7.65,552,1024,0.5390625
01a0a58f-fa8c-7373-bce5-caabe51dbde0,s,D,QB18,2,5,UVH13s,38,0.07,8100000.0,8.1,540,1024,0.52734375
01a0a58f-fa8c-7373-bce5-caabe51dbde0,s,D,QB18,2,5,UVH13s,39,0.07,8550000.0,8.55,525,1024,0.5126953125
01a0a58f-fa8c-7373-bce5-caabe51dbde0,s,D,QB18,2,5,UVH13s,40,0.07,9000000.0,9.0,580,1024,0.56640625
01a0a58f-fa8c-7373-bce5-caabe51dbde0,s,D,QB7,3,0,standard_pi_2,0,0.07,-9000000.0,-9.0,644,1024,0.62890625
01a0a58f-fa8c-7373-bce5-caabe51dbde0,s,D,QB7,3,0,standard_pi_2,1,0.07,-8550000.0,-8.55,644,1024,0.62890625
01a0a58f-fa8c-7373-bce5-caabe51dbde0,s,D,QB7,3,0,standard_pi_2,2,0.07,-8100000.0,-8.1,630,1024,0.615234375
01a0a58f-fa8c-7373-bce5-caabe51dbde0,s,D,QB7,3,0,standard_pi_2,3,0.07,-7650000.0,-7.65,640,1024,0.625
01a0a58f-fa8c-7373-bce5-caabe51dbde0,s,D,QB7,3,0,standard_pi_2,4,0.07,-7200000.0,-7.2,646,1024,0.630859375
01a0a58f-fa8c-7373-bce5-caabe51dbde0,s,D,QB7,3,0,standard_pi_2,5,0.07,-6750000.0,-6.75,652,1024,0.63671875
01a0a58f-fa8c-7373-bce5-caabe51dbde0,s,D,QB7,3,0,standard_pi_2,6,0.07,-6300000.0,-6.3,629,1024,0.6142578125
01a0a58f-fa8c-7373-bce5-caabe51dbde0,s,D,QB7,3,0,standard_pi_2,7,0.07,-5850000.0,-5.85,631,1024,0.6162109375
01a0a58f-fa8c-7373-bce5-caabe51dbde0,s,D,QB7,3,0,standard_pi_2,8,0.07,-5400000.0,-5.4,653,1024,0.6376953125
01a0a58f-fa8c-7373-bce5-caabe51dbde0,s,D,QB7,3,0,standard_pi_2,9,0.07,-4950000.0,-4.95,623,1024,0.6083984375
01a0a58f-fa8c-7373-bce5-caabe51dbde0,s,D,QB7,3,0,standard_pi_2,10,0.07,-4500000.0,-4.5,614,1024,0.599609375
01a0a58f-fa8c-7373-bce5-caabe51dbde0,s,D,QB7,3,0,standard_pi_2,11,0.07,-4050000.0,-4.05,629,1024,0.6142578125
01a0a58f-fa8c-7373-bce5-caabe51dbde0,s,D,QB7,3,0,standard_pi_2,12,0.07,-3600000.0,-3.6,597,1024,0.5830078125
01a0a58f-fa8c-7373-bce5-caabe51dbde0,s,D,QB7,3,0,standard_pi_2,13,0.07,-3150000.0,-3.15,617,1024,0.6025390625
01a0a58f-fa8c-7373-bce5-caabe51dbde0,s,D,QB7,3,0,standard_pi_2,14,0.07,-2700000.0,-2.7,623,1024,0.6083984375
01a0a58f-fa8c-7373-bce5-caabe51dbde0,s,D,QB7,3,0,standard_pi_2,15,0.07,-2250000.0,-2.25,624,1024,0.609375
01a0a58f-fa8c-7373-bce5-caabe51dbde0,s,D,QB7,3,0,standard_pi_2,16,0.07,-1800000.0,-1.8,624,1024,0.609375
01a0a58f-fa8c-7373-bce5-caabe51dbde0,s,D,QB7,3,0,standard_pi_2,17,0.07,-1350000.0,-1.35,616,1024,0.6015625
01a0a58f-fa8c-7373-bce5-caabe51dbde0,s,D,QB7,3,0,standard_pi_2,18,0.07,-900000.0,-0.9,582,1024,0.568359375
01a0a58f-fa8c-7373-bce5-caabe51dbde0,s,D,QB7,3,0,standard_pi_2,19,0.07,-450000.0,-0.45,608,1024,0.59375
01a0a58f-fa8c-7373-bce5-caabe51dbde0,s,D,QB7,3,0,standard_pi_2,20,0.07,0.0,0.0,577,1024,0.5634765625
01a0a58f-fa8c-7373-bce5-caabe51dbde0,s,D,QB7,3,0,standard_pi_2,21,0.07,450000.0,0.45,605,1024,0.5908203125
01a0a58f-fa8c-7373-bce5-caabe51dbde0,s,D,QB7,3,0,standard_pi_2,22,0.07,900000.0,0.9,574,1024,0.560546875
01a0a58f-fa8c-7373-bce5-caabe51dbde0,s,D,QB7,3,0,standard_pi_2,23,0.07,1350000.0,1.35,582,1024,0.568359375
01a0a58f-fa8c-7373-bce5-caabe51dbde0,s,D,QB7,3,0,standard_pi_2,24,0.07,1800000.0,1.8,568,1024,0.5546875
01a0a58f-fa8c-7373-bce5-caabe51dbde0,s,D,QB7,3,0,standard_pi_2,25,0.07,2250000.0,2.25,566,1024,0.552734375
01a0a58f-fa8c-7373-bce5-caabe51dbde0,s,D,QB7,3,0,standard_pi_2,26,0.07,2700000.0,2.7,567,1024,0.5537109375
01a0a58f-fa8c-7373-bce5-caabe51dbde0,s,D,QB7,3,0,standard_pi_2,27,0.07,3150000.0,3.15,595,1024,0.5810546875
01a0a58f-fa8c-7373-bce5-caabe51dbde0,s,D,QB7,3,0,standard_pi_2,28,0.07,3600000.0,3.6,585,1024,0.5712890625
01a0a58f-fa8c-7373-bce5-caabe51dbde0,s,D,QB7,3,0,standard_pi_2,29,0.07,4050000.0,4.05,539,1024,0.5263671875
01a0a58f-fa8c-7373-bce5-caabe51dbde0,s,D,QB7,3,0,standard_pi_2,30,0.07,4500000.0,4.5,560,1024,0.546875
01a0a58f-fa8c-7373-bce5-caabe51dbde0,s,D,QB7,3,0,standard_pi_2,31,0.07,4950000.0,4.95,564,1024,0.55078125
01a0a58f-fa8c-7373-bce5-caabe51dbde0,s,D,QB7,3,0,standard_pi_2,32,0.07,5400000.0,5.4,567,1024,0.5537109375
01a0a58f-fa8c-7373-bce5-caabe51dbde0,s,D,QB7,3,0,standard_pi_2,33,0.07,5850000.0,5.85,554,1024,0.541015625
01a0a58f-fa8c-7373-bce5-caabe51dbde0,s,D,QB7,3,0,standard_pi_2,34,0.07,6300000.0,6.3,531,1024,0.5185546875
01a0a58f-fa8c-7373-bce5-caabe51dbde0,s,D,QB7,3,0,standard_pi_2,35,0.07,6750000.0,6.75,528,1024,0.515625
01a0a58f-fa8c-7373-bce5-caabe51dbde0,s,D,QB7,3,0,standard_pi_2,36,0.07,7200000.0,7.2,513,1024,0.5009765625
01a0a58f-fa8c-7373-bce5-caabe51dbde0,s,D,QB7,3,0,standard_pi_2,37,0.07,7650000.0,7.65,539,1024,0.5263671875
01a0a58f-fa8c-7373-bce5-caabe51dbde0,s,D,QB7,3,0,standard_pi_2,38,0.07,8100000.0,8.1,530,1024,0.517578125
01a0a58f-fa8c-7373-bce5-caabe51dbde0,s,D,QB7,3,0,standard_pi_2,39,0.07,8550000.0,8.55,493,1024,0.4814453125
01a0a58f-fa8c-7373-bce5-caabe51dbde0,s,D,QB7,3,0,standard_pi_2,40,0.07,9000000.0,9.0,545,1024,0.5322265625
01a0a58f-fa8c-7373-bce5-caabe51dbde0,s,D,QB7,3,1,UVH5s,0,0.07,-9000000.0,-9.0,529,1024,0.5166015625
01a0a58f-fa8c-7373-bce5-caabe51dbde0,s,D,QB7,3,1,UVH5s,1,0.07,-8550000.0,-8.55,513,1024,0.5009765625
01a0a58f-fa8c-7373-bce5-caabe51dbde0,s,D,QB7,3,1,UVH5s,2,0.07,-8100000.0,-8.1,520,1024,0.5078125
01a0a58f-fa8c-7373-bce5-caabe51dbde0,s,D,QB7,3,1,UVH5s,3,0.07,-7650000.0,-7.65,522,1024,0.509765625
01a0a58f-fa8c-7373-bce5-caabe51dbde0,s,D,QB7,3,1,UVH5s,4,0.07,-7200000.0,-7.2,528,1024,0.515625
01a0a58f-fa8c-7373-bce5-caabe51dbde0,s,D,QB7,3,1,UVH5s,5,0.07,-6750000.0,-6.75,502,1024,0.490234375
01a0a58f-fa8c-7373-bce5-caabe51dbde0,s,D,QB7,3,1,UVH5s,6,0.07,-6300000.0,-6.3,475,1024,0.4638671875
01a0a58f-fa8c-7373-bce5-caabe51dbde0,s,D,QB7,3,1,UVH5s,7,0.07,-5850000.0,-5.85,472,1024,0.4609375
01a0a58f-fa8c-7373-bce5-caabe51dbde0,s,D,QB7,3,1,UVH5s,8,0.07,-5400000.0,-5.4,484,1024,0.47265625
01a0a58f-fa8c-7373-bce5-caabe51dbde0,s,D,QB7,3,1,UVH5s,9,0.07,-4950000.0,-4.95,439,1024,0.4287109375
01a0a58f-fa8c-7373-bce5-caabe51dbde0,s,D,QB7,3,1,UVH5s,10,0.07,-4500000.0,-4.5,470,1024,0.458984375
01a0a58f-fa8c-7373-bce5-caabe51dbde0,s,D,QB7,3,1,UVH5s,11,0.07,-4050000.0,-4.05,436,1024,0.42578125
01a0a58f-fa8c-7373-bce5-caabe51dbde0,s,D,QB7,3,1,UVH5s,12,0.07,-3600000.0,-3.6,424,1024,0.4140625
01a0a58f-fa8c-7373-bce5-caabe51dbde0,s,D,QB7,3,1,UVH5s,13,0.07,-3150000.0,-3.15,427,1024,0.4169921875
01a0a58f-fa8c-7373-bce5-caabe51dbde0,s,D,QB7,3,1,UVH5s,14,0.07,-2700000.0,-2.7,418,1024,0.408203125
01a0a58f-fa8c-7373-bce5-caabe51dbde0,s,D,QB7,3,1,UVH5s,15,0.07,-2250000.0,-2.25,399,1024,0.3896484375
01a0a58f-fa8c-7373-bce5-caabe51dbde0,s,D,QB7,3,1,UVH5s,16,0.07,-1800000.0,-1.8,422,1024,0.412109375
01a0a58f-fa8c-7373-bce5-caabe51dbde0,s,D,QB7,3,1,UVH5s,17,0.07,-1350000.0,-1.35,408,1024,0.3984375
01a0a58f-fa8c-7373-bce5-caabe51dbde0,s,D,QB7,3,1,UVH5s,18,0.07,-900000.0,-0.9,389,1024,0.3798828125
01a0a58f-fa8c-7373-bce5-caabe51dbde0,s,D,QB7,3,1,UVH5s,19,0.07,-450000.0,-0.45,421,1024,0.4111328125
01a0a58f-fa8c-7373-bce5-caabe51dbde0,s,D,QB7,3,1,UVH5s,20,0.07,0.0,0.0,409,1024,0.3994140625
01a0a58f-fa8c-7373-bce5-caabe51dbde0,s,D,QB7,3,1,UVH5s,21,0.07,450000.0,0.45,424,1024,0.4140625
01a0a58f-fa8c-7373-bce5-caabe51dbde0,s,D,QB7,3,1,UVH5s,22,0.07,900000.0,0.9,423,1024,0.4130859375
01a0a58f-fa8c-7373-bce5-caabe51dbde0,s,D,QB7,3,1,UVH5s,23,0.07,1350000.0,1.35,407,1024,0.3974609375
01a0a58f-fa8c-7373-bce5-caabe51dbde0,s,D,QB7,3,1,UVH5s,24,0.07,1800000.0,1.8,428,1024,0.41796875
01a0a58f-fa8c-7373-bce5-caabe51dbde0,s,D,QB7,3,1,UVH5s,25,0.07,2250000.0,2.25,474,1024,0.462890625
01a0a58f-fa8c-7373-bce5-caabe51dbde0,s,D,QB7,3,1,UVH5s,26,0.07,2700000.0,2.7,457,1024,0.4462890625
01a0a58f-fa8c-7373-bce5-caabe51dbde0,s,D,QB7,3,1,UVH5s,27,0.07,3150000.0,3.15,490,1024,0.478515625
01a0a58f-fa8c-7373-bce5-caabe51dbde0,s,D,QB7,3,1,UVH5s,28,0.07,3600000.0,3.6,491,1024,0.4794921875
01a0a58f-fa8c-7373-bce5-caabe51dbde0,s,D,QB7,3,1,UVH5s,29,0.07,4050000.0,4.05,482,1024,0.470703125
01a0a58f-fa8c-7373-bce5-caabe51dbde0,s,D,QB7,3,1,UVH5s,30,0.07,4500000.0,4.5,539,1024,0.5263671875
01a0a58f-fa8c-7373-bce5-caabe51dbde0,s,D,QB7,3,1,UVH5s,31,0.07,4950000.0,4.95,601,1024,0.5869140625
01a0a58f-fa8c-7373-bce5-caabe51dbde0,s,D,QB7,3,1,UVH5s,32,0.07,5400000.0,5.4,578,1024,0.564453125
01a0a58f-fa8c-7373-bce5-caabe51dbde0,s,D,QB7,3,1,UVH5s,33,0.07,5850000.0,5.85,612,1024,0.59765625
01a0a58f-fa8c-7373-bce5-caabe51dbde0,s,D,QB7,3,1,UVH5s,34,0.07,6300000.0,6.3,628,1024,0.61328125
01a0a58f-fa8c-7373-bce5-caabe51dbde0,s,D,QB7,3,1,UVH5s,35,0.07,6750000.0,6.75,668,1024,0.65234375
01a0a58f-fa8c-7373-bce5-caabe51dbde0,s,D,QB7,3,1,UVH5s,36,0.07,7200000.0,7.2,728,1024,0.7109375
01a0a58f-fa8c-7373-bce5-caabe51dbde0,s,D,QB7,3,1,UVH5s,37,0.07,7650000.0,7.65,706,1024,0.689453125
01a0a58f-fa8c-7373-bce5-caabe51dbde0,s,D,QB7,3,1,UVH5s,38,0.07,8100000.0,8.1,724,1024,0.70703125
01a0a58f-fa8c-7373-bce5-caabe51dbde0,s,D,QB7,3,1,UVH5s,39,0.07,8550000.0,8.55,753,1024,0.7353515625
01a0a58f-fa8c-7373-bce5-caabe51dbde0,s,D,QB7,3,1,UVH5s,40,0.07,9000000.0,9.0,782,1024,0.763671875
01a0a58f-fa8c-7373-bce5-caabe51dbde0,s,D,QB7,3,2,UVH7s,0,0.07,-9000000.0,-9.0,617,1024,0.6025390625
01a0a58f-fa8c-7373-bce5-caabe51dbde0,s,D,QB7,3,2,UVH7s,1,0.07,-8550000.0,-8.55,615,1024,0.6005859375
01a0a58f-fa8c-7373-bce5-caabe51dbde0,s,D,QB7,3,2,UVH7s,2,0.07,-8100000.0,-8.1,607,1024,0.5927734375
01a0a58f-fa8c-7373-bce5-caabe51dbde0,s,D,QB7,3,2,UVH7s,3,0.07,-7650000.0,-7.65,624,1024,0.609375
01a0a58f-fa8c-7373-bce5-caabe51dbde0,s,D,QB7,3,2,UVH7s,4,0.07,-7200000.0,-7.2,619,1024,0.6044921875
01a0a58f-fa8c-7373-bce5-caabe51dbde0,s,D,QB7,3,2,UVH7s,5,0.07,-6750000.0,-6.75,612,1024,0.59765625
01a0a58f-fa8c-7373-bce5-caabe51dbde0,s,D,QB7,3,2,UVH7s,6,0.07,-6300000.0,-6.3,586,1024,0.572265625
01a0a58f-fa8c-7373-bce5-caabe51dbde0,s,D,QB7,3,2,UVH7s,7,0.07,-5850000.0,-5.85,575,1024,0.5615234375
01a0a58f-fa8c-7373-bce5-caabe51dbde0,s,D,QB7,3,2,UVH7s,8,0.07,-5400000.0,-5.4,548,1024,0.53515625
01a0a58f-fa8c-7373-bce5-caabe51dbde0,s,D,QB7,3,2,UVH7s,9,0.07,-4950000.0,-4.95,542,1024,0.529296875
01a0a58f-fa8c-7373-bce5-caabe51dbde0,s,D,QB7,3,2,UVH7s,10,0.07,-4500000.0,-4.5,530,1024,0.517578125
01a0a58f-fa8c-7373-bce5-caabe51dbde0,s,D,QB7,3,2,UVH7s,11,0.07,-4050000.0,-4.05,505,1024,0.4931640625
01a0a58f-fa8c-7373-bce5-caabe51dbde0,s,D,QB7,3,2,UVH7s,12,0.07,-3600000.0,-3.6,533,1024,0.5205078125
01a0a58f-fa8c-7373-bce5-caabe51dbde0,s,D,QB7,3,2,UVH7s,13,0.07,-3150000.0,-3.15,494,1024,0.482421875
01a0a58f-fa8c-7373-bce5-caabe51dbde0,s,D,QB7,3,2,UVH7s,14,0.07,-2700000.0,-2.7,479,1024,0.4677734375
01a0a58f-fa8c-7373-bce5-caabe51dbde0,s,D,QB7,3,2,UVH7s,15,0.07,-2250000.0,-2.25,469,1024,0.4580078125
01a0a58f-fa8c-7373-bce5-caabe51dbde0,s,D,QB7,3,2,UVH7s,16,0.07,-1800000.0,-1.8,487,1024,0.4755859375
01a0a58f-fa8c-7373-bce5-caabe51dbde0,s,D,QB7,3,2,UVH7s,17,0.07,-1350000.0,-1.35,442,1024,0.431640625
01a0a58f-fa8c-7373-bce5-caabe51dbde0,s,D,QB7,3,2,UVH7s,18,0.07,-900000.0,-0.9,439,1024,0.4287109375
01a0a58f-fa8c-7373-bce5-caabe51dbde0,s,D,QB7,3,2,UVH7s,19,0.07,-450000.0,-0.45,434,1024,0.423828125
01a0a58f-fa8c-7373-bce5-caabe51dbde0,s,D,QB7,3,2,UVH7s,20,0.07,0.0,0.0,427,1024,0.4169921875
01a0a58f-fa8c-7373-bce5-caabe51dbde0,s,D,QB7,3,2,UVH7s,21,0.07,450000.0,0.45,447,1024,0.4365234375
01a0a58f-fa8c-7373-bce5-caabe51dbde0,s,D,QB7,3,2,UVH7s,22,0.07,900000.0,0.9,426,1024,0.416015625
01a0a58f-fa8c-7373-bce5-caabe51dbde0,s,D,QB7,3,2,UVH7s,23,0.07,1350000.0,1.35,409,1024,0.3994140625
01a0a58f-fa8c-7373-bce5-caabe51dbde0,s,D,QB7,3,2,UVH7s,24,0.07,1800000.0,1.8,416,1024,0.40625
01a0a58f-fa8c-7373-bce5-caabe51dbde0,s,D,QB7,3,2,UVH7s,25,0.07,2250000.0,2.25,411,1024,0.4013671875
01a0a58f-fa8c-7373-bce5-caabe51dbde0,s,D,QB7,3,2,UVH7s,26,0.07,2700000.0,2.7,432,1024,0.421875
01a0a58f-fa8c-7373-bce5-caabe51dbde0,s,D,QB7,3,2,UVH7s,27,0.07,3150000.0,3.15,477,1024,0.4658203125
01a0a58f-fa8c-7373-bce5-caabe51dbde0,s,D,QB7,3,2,UVH7s,28,0.07,3600000.0,3.6,432,1024,0.421875
01a0a58f-fa8c-7373-bce5-caabe51dbde0,s,D,QB7,3,2,UVH7s,29,0.07,4050000.0,4.05,448,1024,0.4375
01a0a58f-fa8c-7373-bce5-caabe51dbde0,s,D,QB7,3,2,UVH7s,30,0.07,4500000.0,4.5,476,1024,0.46484375
01a0a58f-fa8c-7373-bce5-caabe51dbde0,s,D,QB7,3,2,UVH7s,31,0.07,4950000.0,4.95,448,1024,0.4375
01a0a58f-fa8c-7373-bce5-caabe51dbde0,s,D,QB7,3,2,UVH7s,32,0.07,5400000.0,5.4,503,1024,0.4912109375
01a0a58f-fa8c-7373-bce5-caabe51dbde0,s,D,QB7,3,2,UVH7s,33,0.07,5850000.0,5.85,504,1024,0.4921875
01a0a58f-fa8c-7373-bce5-caabe51dbde0,s,D,QB7,3,2,UVH7s,34,0.07,6300000.0,6.3,532,1024,0.51953125
01a0a58f-fa8c-7373-bce5-caabe51dbde0,s,D,QB7,3,2,UVH7s,35,0.07,6750000.0,6.75,566,1024,0.552734375
01a0a58f-fa8c-7373-bce5-caabe51dbde0,s,D,QB7,3,2,UVH7s,36,0.07,7200000.0,7.2,581,1024,0.5673828125
01a0a58f-fa8c-7373-bce5-caabe51dbde0,s,D,QB7,3,2,UVH7s,37,0.07,7650000.0,7.65,565,1024,0.5517578125
01a0a58f-fa8c-7373-bce5-caabe51dbde0,s,D,QB7,3,2,UVH7s,38,0.07,8100000.0,8.1,620,1024,0.60546875
01a0a58f-fa8c-7373-bce5-caabe51dbde0,s,D,QB7,3,2,UVH7s,39,0.07,8550000.0,8.55,648,1024,0.6328125
01a0a58f-fa8c-7373-bce5-caabe51dbde0,s,D,QB7,3,2,UVH7s,40,0.07,9000000.0,9.0,631,1024,0.6162109375
01a0a58f-fa8c-7373-bce5-caabe51dbde0,s,D,QB7,3,3,UVH9s,0,0.07,-9000000.0,-9.0,448,1024,0.4375
01a0a58f-fa8c-7373-bce5-caabe51dbde0,s,D,QB7,3,3,UVH9s,1,0.07,-8550000.0,-8.55,489,1024,0.4775390625
01a0a58f-fa8c-7373-bce5-caabe51dbde0,s,D,QB7,3,3,UVH9s,2,0.07,-8100000.0,-8.1,463,1024,0.4521484375
01a0a58f-fa8c-7373-bce5-caabe51dbde0,s,D,QB7,3,3,UVH9s,3,0.07,-7650000.0,-7.65,470,1024,0.458984375
01a0a58f-fa8c-7373-bce5-caabe51dbde0,s,D,QB7,3,3,UVH9s,4,0.07,-7200000.0,-7.2,462,1024,0.451171875
01a0a58f-fa8c-7373-bce5-caabe51dbde0,s,D,QB7,3,3,UVH9s,5,0.07,-6750000.0,-6.75,490,1024,0.478515625
01a0a58f-fa8c-7373-bce5-caabe51dbde0,s,D,QB7,3,3,UVH9s,6,0.07,-6300000.0,-6.3,482,1024,0.470703125
01a0a58f-fa8c-7373-bce5-caabe51dbde0,s,D,QB7,3,3,UVH9s,7,0.07,-5850000.0,-5.85,478,1024,0.466796875
01a0a58f-fa8c-7373-bce5-caabe51dbde0,s,D,QB7,3,3,UVH9s,8,0.07,-5400000.0,-5.4,445,1024,0.4345703125
01a0a58f-fa8c-7373-bce5-caabe51dbde0,s,D,QB7,3,3,UVH9s,9,0.07,-4950000.0,-4.95,471,1024,0.4599609375
01a0a58f-fa8c-7373-bce5-caabe51dbde0,s,D,QB7,3,3,UVH9s,10,0.07,-4500000.0,-4.5,473,1024,0.4619140625
01a0a58f-fa8c-7373-bce5-caabe51dbde0,s,D,QB7,3,3,UVH9s,11,0.07,-4050000.0,-4.05,440,1024,0.4296875
01a0a58f-fa8c-7373-bce5-caabe51dbde0,s,D,QB7,3,3,UVH9s,12,0.07,-3600000.0,-3.6,461,1024,0.4501953125
01a0a58f-fa8c-7373-bce5-caabe51dbde0,s,D,QB7,3,3,UVH9s,13,0.07,-3150000.0,-3.15,456,1024,0.4453125
01a0a58f-fa8c-7373-bce5-caabe51dbde0,s,D,QB7,3,3,UVH9s,14,0.07,-2700000.0,-2.7,438,1024,0.427734375
01a0a58f-fa8c-7373-bce5-caabe51dbde0,s,D,QB7,3,3,UVH9s,15,0.07,-2250000.0,-2.25,476,1024,0.46484375
01a0a58f-fa8c-7373-bce5-caabe51dbde0,s,D,QB7,3,3,UVH9s,16,0.07,-1800000.0,-1.8,457,1024,0.4462890625
01a0a58f-fa8c-7373-bce5-caabe51dbde0,s,D,QB7,3,3,UVH9s,17,0.07,-1350000.0,-1.35,430,1024,0.419921875
01a0a58f-fa8c-7373-bce5-caabe51dbde0,s,D,QB7,3,3,UVH9s,18,0.07,-900000.0,-0.9,418,1024,0.408203125
01a0a58f-fa8c-7373-bce5-caabe51dbde0,s,D,QB7,3,3,UVH9s,19,0.07,-450000.0,-0.45,421,1024,0.4111328125
01a0a58f-fa8c-7373-bce5-caabe51dbde0,s,D,QB7,3,3,UVH9s,20,0.07,0.0,0.0,424,1024,0.4140625
01a0a58f-fa8c-7373-bce5-caabe51dbde0,s,D,QB7,3,3,UVH9s,21,0.07,450000.0,0.45,415,1024,0.4052734375
01a0a58f-fa8c-7373-bce5-caabe51dbde0,s,D,QB7,3,3,UVH9s,22,0.07,900000.0,0.9,416,1024,0.40625
01a0a58f-fa8c-7373-bce5-caabe51dbde0,s,D,QB7,3,3,UVH9s,23,0.07,1350000.0,1.35,401,1024,0.3916015625
01a0a58f-fa8c-7373-bce5-caabe51dbde0,s,D,QB7,3,3,UVH9s,24,0.07,1800000.0,1.8,416,1024,0.40625
01a0a58f-fa8c-7373-bce5-caabe51dbde0,s,D,QB7,3,3,UVH9s,25,0.07,2250000.0,2.25,379,1024,0.3701171875
01a0a58f-fa8c-7373-bce5-caabe51dbde0,s,D,QB7,3,3,UVH9s,26,0.07,2700000.0,2.7,381,1024,0.3720703125
01a0a58f-fa8c-7373-bce5-caabe51dbde0,s,D,QB7,3,3,UVH9s,27,0.07,3150000.0,3.15,387,1024,0.3779296875
01a0a58f-fa8c-7373-bce5-caabe51dbde0,s,D,QB7,3,3,UVH9s,28,0.07,3600000.0,3.6,376,1024,0.3671875
01a0a58f-fa8c-7373-bce5-caabe51dbde0,s,D,QB7,3,3,UVH9s,29,0.07,4050000.0,4.05,375,1024,0.3662109375
01a0a58f-fa8c-7373-bce5-caabe51dbde0,s,D,QB7,3,3,UVH9s,30,0.07,4500000.0,4.5,368,1024,0.359375
01a0a58f-fa8c-7373-bce5-caabe51dbde0,s,D,QB7,3,3,UVH9s,31,0.07,4950000.0,4.95,361,1024,0.3525390625
01a0a58f-fa8c-7373-bce5-caabe51dbde0,s,D,QB7,3,3,UVH9s,32,0.07,5400000.0,5.4,348,1024,0.33984375
01a0a58f-fa8c-7373-bce5-caabe51dbde0,s,D,QB7,3,3,UVH9s,33,0.07,5850000.0,5.85,336,1024,0.328125
01a0a58f-fa8c-7373-bce5-caabe51dbde0,s,D,QB7,3,3,UVH9s,34,0.07,6300000.0,6.3,325,1024,0.3173828125
01a0a58f-fa8c-7373-bce5-caabe51dbde0,s,D,QB7,3,3,UVH9s,35,0.07,6750000.0,6.75,296,1024,0.2890625
01a0a58f-fa8c-7373-bce5-caabe51dbde0,s,D,QB7,3,3,UVH9s,36,0.07,7200000.0,7.2,277,1024,0.2705078125
01a0a58f-fa8c-7373-bce5-caabe51dbde0,s,D,QB7,3,3,UVH9s,37,0.07,7650000.0,7.65,278,1024,0.271484375
01a0a58f-fa8c-7373-bce5-caabe51dbde0,s,D,QB7,3,3,UVH9s,38,0.07,8100000.0,8.1,244,1024,0.23828125
01a0a58f-fa8c-7373-bce5-caabe51dbde0,s,D,QB7,3,3,UVH9s,39,0.07,8550000.0,8.55,233,1024,0.2275390625
01a0a58f-fa8c-7373-bce5-caabe51dbde0,s,D,QB7,3,3,UVH9s,40,0.07,9000000.0,9.0,203,1024,0.1982421875
01a0a58f-fa8c-7373-bce5-caabe51dbde0,s,D,QB7,3,4,UVH11s,0,0.07,-9000000.0,-9.0,375,1024,0.3662109375
01a0a58f-fa8c-7373-bce5-caabe51dbde0,s,D,QB7,3,4,UVH11s,1,0.07,-8550000.0,-8.55,356,1024,0.34765625
01a0a58f-fa8c-7373-bce5-caabe51dbde0,s,D,QB7,3,4,UVH11s,2,0.07,-8100000.0,-8.1,349,1024,0.3408203125
01a0a58f-fa8c-7373-bce5-caabe51dbde0,s,D,QB7,3,4,UVH11s,3,0.07,-7650000.0,-7.65,329,1024,0.3212890625
01a0a58f-fa8c-7373-bce5-caabe51dbde0,s,D,QB7,3,4,UVH11s,4,0.07,-7200000.0,-7.2,313,1024,0.3056640625
01a0a58f-fa8c-7373-bce5-caabe51dbde0,s,D,QB7,3,4,UVH11s,5,0.07,-6750000.0,-6.75,310,1024,0.302734375
01a0a58f-fa8c-7373-bce5-caabe51dbde0,s,D,QB7,3,4,UVH11s,6,0.07,-6300000.0,-6.3,302,1024,0.294921875
01a0a58f-fa8c-7373-bce5-caabe51dbde0,s,D,QB7,3,4,UVH11s,7,0.07,-5850000.0,-5.85,274,1024,0.267578125
01a0a58f-fa8c-7373-bce5-caabe51dbde0,s,D,QB7,3,4,UVH11s,8,0.07,-5400000.0,-5.4,333,1024,0.3251953125
01a0a58f-fa8c-7373-bce5-caabe51dbde0,s,D,QB7,3,4,UVH11s,9,0.07,-4950000.0,-4.95,321,1024,0.3134765625
01a0a58f-fa8c-7373-bce5-caabe51dbde0,s,D,QB7,3,4,UVH11s,10,0.07,-4500000.0,-4.5,320,1024,0.3125
01a0a58f-fa8c-7373-bce5-caabe51dbde0,s,D,QB7,3,4,UVH11s,11,0.07,-4050000.0,-4.05,303,1024,0.2958984375
01a0a58f-fa8c-7373-bce5-caabe51dbde0,s,D,QB7,3,4,UVH11s,12,0.07,-3600000.0,-3.6,378,1024,0.369140625
01a0a58f-fa8c-7373-bce5-caabe51dbde0,s,D,QB7,3,4,UVH11s,13,0.07,-3150000.0,-3.15,331,1024,0.3232421875
01a0a58f-fa8c-7373-bce5-caabe51dbde0,s,D,QB7,3,4,UVH11s,14,0.07,-2700000.0,-2.7,356,1024,0.34765625
01a0a58f-fa8c-7373-bce5-caabe51dbde0,s,D,QB7,3,4,UVH11s,15,0.07,-2250000.0,-2.25,386,1024,0.376953125
01a0a58f-fa8c-7373-bce5-caabe51dbde0,s,D,QB7,3,4,UVH11s,16,0.07,-1800000.0,-1.8,395,1024,0.3857421875
01a0a58f-fa8c-7373-bce5-caabe51dbde0,s,D,QB7,3,4,UVH11s,17,0.07,-1350000.0,-1.35,412,1024,0.40234375
01a0a58f-fa8c-7373-bce5-caabe51dbde0,s,D,QB7,3,4,UVH11s,18,0.07,-900000.0,-0.9,411,1024,0.4013671875
01a0a58f-fa8c-7373-bce5-caabe51dbde0,s,D,QB7,3,4,UVH11s,19,0.07,-450000.0,-0.45,437,1024,0.4267578125
01a0a58f-fa8c-7373-bce5-caabe51dbde0,s,D,QB7,3,4,UVH11s,20,0.07,0.0,0.0,456,1024,0.4453125
01a0a58f-fa8c-7373-bce5-caabe51dbde0,s,D,QB7,3,4,UVH11s,21,0.07,450000.0,0.45,489,1024,0.4775390625
01a0a58f-fa8c-7373-bce5-caabe51dbde0,s,D,QB7,3,4,UVH11s,22,0.07,900000.0,0.9,510,1024,0.498046875
01a0a58f-fa8c-7373-bce5-caabe51dbde0,s,D,QB7,3,4,UVH11s,23,0.07,1350000.0,1.35,483,1024,0.4716796875
01a0a58f-fa8c-7373-bce5-caabe51dbde0,s,D,QB7,3,4,UVH11s,24,0.07,1800000.0,1.8,478,1024,0.466796875
01a0a58f-fa8c-7373-bce5-caabe51dbde0,s,D,QB7,3,4,UVH11s,25,0.07,2250000.0,2.25,516,1024,0.50390625
01a0a58f-fa8c-7373-bce5-caabe51dbde0,s,D,QB7,3,4,UVH11s,26,0.07,2700000.0,2.7,506,1024,0.494140625
01a0a58f-fa8c-7373-bce5-caabe51dbde0,s,D,QB7,3,4,UVH11s,27,0.07,3150000.0,3.15,541,1024,0.5283203125
01a0a58f-fa8c-7373-bce5-caabe51dbde0,s,D,QB7,3,4,UVH11s,28,0.07,3600000.0,3.6,519,1024,0.5068359375
01a0a58f-fa8c-7373-bce5-caabe51dbde0,s,D,QB7,3,4,UVH11s,29,0.07,4050000.0,4.05,544,1024,0.53125
01a0a58f-fa8c-7373-bce5-caabe51dbde0,s,D,QB7,3,4,UVH11s,30,0.07,4500000.0,4.5,533,1024,0.5205078125
01a0a58f-fa8c-7373-bce5-caabe51dbde0,s,D,QB7,3,4,UVH11s,31,0.07,4950000.0,4.95,592,1024,0.578125
01a0a58f-fa8c-7373-bce5-caabe51dbde0,s,D,QB7,3,4,UVH11s,32,0.07,5400000.0,5.4,550,1024,0.537109375
01a0a58f-fa8c-7373-bce5-caabe51dbde0,s,D,QB7,3,4,UVH11s,33,0.07,5850000.0,5.85,569,1024,0.5556640625
01a0a58f-fa8c-7373-bce5-caabe51dbde0,s,D,QB7,3,4,UVH11s,34,0.07,6300000.0,6.3,557,1024,0.5439453125
01a0a58f-fa8c-7373-bce5-caabe51dbde0,s,D,QB7,3,4,UVH11s,35,0.07,6750000.0,6.75,589,1024,0.5751953125
01a0a58f-fa8c-7373-bce5-caabe51dbde0,s,D,QB7,3,4,UVH11s,36,0.07,7200000.0,7.2,558,1024,0.544921875
01a0a58f-fa8c-7373-bce5-caabe51dbde0,s,D,QB7,3,4,UVH11s,37,0.07,7650000.0,7.65,566,1024,0.552734375
01a0a58f-fa8c-7373-bce5-caabe51dbde0,s,D,QB7,3,4,UVH11s,38,0.07,8100000.0,8.1,552,1024,0.5390625
01a0a58f-fa8c-7373-bce5-caabe51dbde0,s,D,QB7,3,4,UVH11s,39,0.07,8550000.0,8.55,572,1024,0.55859375
01a0a58f-fa8c-7373-bce5-caabe51dbde0,s,D,QB7,3,4,UVH11s,40,0.07,9000000.0,9.0,583,1024,0.5693359375
01a0a58f-fa8c-7373-bce5-caabe51dbde0,s,D,QB7,3,5,UVH13s,0,0.07,-9000000.0,-9.0,658,1024,0.642578125
01a0a58f-fa8c-7373-bce5-caabe51dbde0,s,D,QB7,3,5,UVH13s,1,0.07,-8550000.0,-8.55,666,1024,0.650390625
01a0a58f-fa8c-7373-bce5-caabe51dbde0,s,D,QB7,3,5,UVH13s,2,0.07,-8100000.0,-8.1,654,1024,0.638671875
01a0a58f-fa8c-7373-bce5-caabe51dbde0,s,D,QB7,3,5,UVH13s,3,0.07,-7650000.0,-7.65,662,1024,0.646484375
01a0a58f-fa8c-7373-bce5-caabe51dbde0,s,D,QB7,3,5,UVH13s,4,0.07,-7200000.0,-7.2,672,1024,0.65625
01a0a58f-fa8c-7373-bce5-caabe51dbde0,s,D,QB7,3,5,UVH13s,5,0.07,-6750000.0,-6.75,625,1024,0.6103515625
01a0a58f-fa8c-7373-bce5-caabe51dbde0,s,D,QB7,3,5,UVH13s,6,0.07,-6300000.0,-6.3,638,1024,0.623046875
01a0a58f-fa8c-7373-bce5-caabe51dbde0,s,D,QB7,3,5,UVH13s,7,0.07,-5850000.0,-5.85,651,1024,0.6357421875
01a0a58f-fa8c-7373-bce5-caabe51dbde0,s,D,QB7,3,5,UVH13s,8,0.07,-5400000.0,-5.4,666,1024,0.650390625
01a0a58f-fa8c-7373-bce5-caabe51dbde0,s,D,QB7,3,5,UVH13s,9,0.07,-4950000.0,-4.95,667,1024,0.6513671875
01a0a58f-fa8c-7373-bce5-caabe51dbde0,s,D,QB7,3,5,UVH13s,10,0.07,-4500000.0,-4.5,639,1024,0.6240234375
01a0a58f-fa8c-7373-bce5-caabe51dbde0,s,D,QB7,3,5,UVH13s,11,0.07,-4050000.0,-4.05,605,1024,0.5908203125
01a0a58f-fa8c-7373-bce5-caabe51dbde0,s,D,QB7,3,5,UVH13s,12,0.07,-3600000.0,-3.6,639,1024,0.6240234375
01a0a58f-fa8c-7373-bce5-caabe51dbde0,s,D,QB7,3,5,UVH13s,13,0.07,-3150000.0,-3.15,660,1024,0.64453125
01a0a58f-fa8c-7373-bce5-caabe51dbde0,s,D,QB7,3,5,UVH13s,14,0.07,-2700000.0,-2.7,637,1024,0.6220703125
01a0a58f-fa8c-7373-bce5-caabe51dbde0,s,D,QB7,3,5,UVH13s,15,0.07,-2250000.0,-2.25,647,1024,0.6318359375
01a0a58f-fa8c-7373-bce5-caabe51dbde0,s,D,QB7,3,5,UVH13s,16,0.07,-1800000.0,-1.8,649,1024,0.6337890625
01a0a58f-fa8c-7373-bce5-caabe51dbde0,s,D,QB7,3,5,UVH13s,17,0.07,-1350000.0,-1.35,616,1024,0.6015625
01a0a58f-fa8c-7373-bce5-caabe51dbde0,s,D,QB7,3,5,UVH13s,18,0.07,-900000.0,-0.9,673,1024,0.6572265625
01a0a58f-fa8c-7373-bce5-caabe51dbde0,s,D,QB7,3,5,UVH13s,19,0.07,-450000.0,-0.45,662,1024,0.646484375
01a0a58f-fa8c-7373-bce5-caabe51dbde0,s,D,QB7,3,5,UVH13s,20,0.07,0.0,0.0,639,1024,0.6240234375
01a0a58f-fa8c-7373-bce5-caabe51dbde0,s,D,QB7,3,5,UVH13s,21,0.07,450000.0,0.45,667,1024,0.6513671875
01a0a58f-fa8c-7373-bce5-caabe51dbde0,s,D,QB7,3,5,UVH13s,22,0.07,900000.0,0.9,646,1024,0.630859375
01a0a58f-fa8c-7373-bce5-caabe51dbde0,s,D,QB7,3,5,UVH13s,23,0.07,1350000.0,1.35,653,1024,0.6376953125
01a0a58f-fa8c-7373-bce5-caabe51dbde0,s,D,QB7,3,5,UVH13s,24,0.07,1800000.0,1.8,634,1024,0.619140625
01a0a58f-fa8c-7373-bce5-caabe51dbde0,s,D,QB7,3,5,UVH13s,25,0.07,2250000.0,2.25,649,1024,0.6337890625
01a0a58f-fa8c-7373-bce5-caabe51dbde0,s,D,QB7,3,5,UVH13s,26,0.07,2700000.0,2.7,655,1024,0.6396484375
01a0a58f-fa8c-7373-bce5-caabe51dbde0,s,D,QB7,3,5,UVH13s,27,0.07,3150000.0,3.15,654,1024,0.638671875
01a0a58f-fa8c-7373-bce5-caabe51dbde0,s,D,QB7,3,5,UVH13s,28,0.07,3600000.0,3.6,614,1024,0.599609375
01a0a58f-fa8c-7373-bce5-caabe51dbde0,s,D,QB7,3,5,UVH13s,29,0.07,4050000.0,4.05,634,1024,0.619140625
01a0a58f-fa8c-7373-bce5-caabe51dbde0,s,D,QB7,3,5,UVH13s,30,0.07,4500000.0,4.5,650,1024,0.634765625
01a0a58f-fa8c-7373-bce5-caabe51dbde0,s,D,QB7,3,5,UVH13s,31,0.07,4950000.0,4.95,635,1024,0.6201171875
01a0a58f-fa8c-7373-bce5-caabe51dbde0,s,D,QB7,3,5,UVH13s,32,0.07,5400000.0,5.4,600,1024,0.5859375
01a0a58f-fa8c-7373-bce5-caabe51dbde0,s,D,QB7,3,5,UVH13s,33,0.07,5850000.0,5.85,612,1024,0.59765625
01a0a58f-fa8c-7373-bce5-caabe51dbde0,s,D,QB7,3,5,UVH13s,34,0.07,6300000.0,6.3,601,1024,0.5869140625
01a0a58f-fa8c-7373-bce5-caabe51dbde0,s,D,QB7,3,5,UVH13s,35,0.07,6750000.0,6.75,600,1024,0.5859375
01a0a58f-fa8c-7373-bce5-caabe51dbde0,s,D,QB7,3,5,UVH13s,36,0.07,7200000.0,7.2,624,1024,0.609375
01a0a58f-fa8c-7373-bce5-caabe51dbde0,s,D,QB7,3,5,UVH13s,37,0.07,7650000.0,7.65,628,1024,0.61328125
01a0a58f-fa8c-7373-bce5-caabe51dbde0,s,D,QB7,3,5,UVH13s,38,0.07,8100000.0,8.1,645,1024,0.6298828125
01a0a58f-fa8c-7373-bce5-caabe51dbde0,s,D,QB7,3,5,UVH13s,39,0.07,8550000.0,8.55,625,1024,0.6103515625
01a0a58f-fa8c-7373-bce5-caabe51dbde0,s,D,QB7,3,5,UVH13s,40,0.07,9000000.0,9.0,600,1024,0.5859375
01a0a58f-fa8c-7373-bce5-caabe51dbde0,s,D,QB1,4,0,standard_pi_2,0,0.07,-9000000.0,-9.0,622,1024,0.607421875
01a0a58f-fa8c-7373-bce5-caabe51dbde0,s,D,QB1,4,0,standard_pi_2,1,0.07,-8550000.0,-8.55,616,1024,0.6015625
01a0a58f-fa8c-7373-bce5-caabe51dbde0,s,D,QB1,4,0,standard_pi_2,2,0.07,-8100000.0,-8.1,620,1024,0.60546875
01a0a58f-fa8c-7373-bce5-caabe51dbde0,s,D,QB1,4,0,standard_pi_2,3,0.07,-7650000.0,-7.65,609,1024,0.5947265625
01a0a58f-fa8c-7373-bce5-caabe51dbde0,s,D,QB1,4,0,standard_pi_2,4,0.07,-7200000.0,-7.2,630,1024,0.615234375
01a0a58f-fa8c-7373-bce5-caabe51dbde0,s,D,QB1,4,0,standard_pi_2,5,0.07,-6750000.0,-6.75,596,1024,0.58203125
01a0a58f-fa8c-7373-bce5-caabe51dbde0,s,D,QB1,4,0,standard_pi_2,6,0.07,-6300000.0,-6.3,609,1024,0.5947265625
01a0a58f-fa8c-7373-bce5-caabe51dbde0,s,D,QB1,4,0,standard_pi_2,7,0.07,-5850000.0,-5.85,595,1024,0.5810546875
01a0a58f-fa8c-7373-bce5-caabe51dbde0,s,D,QB1,4,0,standard_pi_2,8,0.07,-5400000.0,-5.4,573,1024,0.5595703125
01a0a58f-fa8c-7373-bce5-caabe51dbde0,s,D,QB1,4,0,standard_pi_2,9,0.07,-4950000.0,-4.95,609,1024,0.5947265625
01a0a58f-fa8c-7373-bce5-caabe51dbde0,s,D,QB1,4,0,standard_pi_2,10,0.07,-4500000.0,-4.5,598,1024,0.583984375
01a0a58f-fa8c-7373-bce5-caabe51dbde0,s,D,QB1,4,0,standard_pi_2,11,0.07,-4050000.0,-4.05,622,1024,0.607421875
01a0a58f-fa8c-7373-bce5-caabe51dbde0,s,D,QB1,4,0,standard_pi_2,12,0.07,-3600000.0,-3.6,583,1024,0.5693359375
01a0a58f-fa8c-7373-bce5-caabe51dbde0,s,D,QB1,4,0,standard_pi_2,13,0.07,-3150000.0,-3.15,589,1024,0.5751953125
01a0a58f-fa8c-7373-bce5-caabe51dbde0,s,D,QB1,4,0,standard_pi_2,14,0.07,-2700000.0,-2.7,578,1024,0.564453125
01a0a58f-fa8c-7373-bce5-caabe51dbde0,s,D,QB1,4,0,standard_pi_2,15,0.07,-2250000.0,-2.25,579,1024,0.5654296875
01a0a58f-fa8c-7373-bce5-caabe51dbde0,s,D,QB1,4,0,standard_pi_2,16,0.07,-1800000.0,-1.8,558,1024,0.544921875
01a0a58f-fa8c-7373-bce5-caabe51dbde0,s,D,QB1,4,0,standard_pi_2,17,0.07,-1350000.0,-1.35,573,1024,0.5595703125
01a0a58f-fa8c-7373-bce5-caabe51dbde0,s,D,QB1,4,0,standard_pi_2,18,0.07,-900000.0,-0.9,605,1024,0.5908203125
01a0a58f-fa8c-7373-bce5-caabe51dbde0,s,D,QB1,4,0,standard_pi_2,19,0.07,-450000.0,-0.45,576,1024,0.5625
01a0a58f-fa8c-7373-bce5-caabe51dbde0,s,D,QB1,4,0,standard_pi_2,20,0.07,0.0,0.0,553,1024,0.5400390625
01a0a58f-fa8c-7373-bce5-caabe51dbde0,s,D,QB1,4,0,standard_pi_2,21,0.07,450000.0,0.45,538,1024,0.525390625
01a0a58f-fa8c-7373-bce5-caabe51dbde0,s,D,QB1,4,0,standard_pi_2,22,0.07,900000.0,0.9,549,1024,0.5361328125
01a0a58f-fa8c-7373-bce5-caabe51dbde0,s,D,QB1,4,0,standard_pi_2,23,0.07,1350000.0,1.35,561,1024,0.5478515625
01a0a58f-fa8c-7373-bce5-caabe51dbde0,s,D,QB1,4,0,standard_pi_2,24,0.07,1800000.0,1.8,534,1024,0.521484375
01a0a58f-fa8c-7373-bce5-caabe51dbde0,s,D,QB1,4,0,standard_pi_2,25,0.07,2250000.0,2.25,560,1024,0.546875
01a0a58f-fa8c-7373-bce5-caabe51dbde0,s,D,QB1,4,0,standard_pi_2,26,0.07,2700000.0,2.7,561,1024,0.5478515625
01a0a58f-fa8c-7373-bce5-caabe51dbde0,s,D,QB1,4,0,standard_pi_2,27,0.07,3150000.0,3.15,536,1024,0.5234375
01a0a58f-fa8c-7373-bce5-caabe51dbde0,s,D,QB1,4,0,standard_pi_2,28,0.07,3600000.0,3.6,554,1024,0.541015625
01a0a58f-fa8c-7373-bce5-caabe51dbde0,s,D,QB1,4,0,standard_pi_2,29,0.07,4050000.0,4.05,556,1024,0.54296875
01a0a58f-fa8c-7373-bce5-caabe51dbde0,s,D,QB1,4,0,standard_pi_2,30,0.07,4500000.0,4.5,553,1024,0.5400390625
01a0a58f-fa8c-7373-bce5-caabe51dbde0,s,D,QB1,4,0,standard_pi_2,31,0.07,4950000.0,4.95,552,1024,0.5390625
01a0a58f-fa8c-7373-bce5-caabe51dbde0,s,D,QB1,4,0,standard_pi_2,32,0.07,5400000.0,5.4,505,1024,0.4931640625
01a0a58f-fa8c-7373-bce5-caabe51dbde0,s,D,QB1,4,0,standard_pi_2,33,0.07,5850000.0,5.85,514,1024,0.501953125
01a0a58f-fa8c-7373-bce5-caabe51dbde0,s,D,QB1,4,0,standard_pi_2,34,0.07,6300000.0,6.3,511,1024,0.4990234375
01a0a58f-fa8c-7373-bce5-caabe51dbde0,s,D,QB1,4,0,standard_pi_2,35,0.07,6750000.0,6.75,516,1024,0.50390625
01a0a58f-fa8c-7373-bce5-caabe51dbde0,s,D,QB1,4,0,standard_pi_2,36,0.07,7200000.0,7.2,496,1024,0.484375
01a0a58f-fa8c-7373-bce5-caabe51dbde0,s,D,QB1,4,0,standard_pi_2,37,0.07,7650000.0,7.65,512,1024,0.5
01a0a58f-fa8c-7373-bce5-caabe51dbde0,s,D,QB1,4,0,standard_pi_2,38,0.07,8100000.0,8.1,497,1024,0.4853515625
01a0a58f-fa8c-7373-bce5-caabe51dbde0,s,D,QB1,4,0,standard_pi_2,39,0.07,8550000.0,8.55,536,1024,0.5234375
01a0a58f-fa8c-7373-bce5-caabe51dbde0,s,D,QB1,4,0,standard_pi_2,40,0.07,9000000.0,9.0,500,1024,0.48828125
01a0a58f-fa8c-7373-bce5-caabe51dbde0,s,D,QB1,4,1,UVH5s,0,0.07,-9000000.0,-9.0,648,1024,0.6328125
01a0a58f-fa8c-7373-bce5-caabe51dbde0,s,D,QB1,4,1,UVH5s,1,0.07,-8550000.0,-8.55,650,1024,0.634765625
01a0a58f-fa8c-7373-bce5-caabe51dbde0,s,D,QB1,4,1,UVH5s,2,0.07,-8100000.0,-8.1,675,1024,0.6591796875
01a0a58f-fa8c-7373-bce5-caabe51dbde0,s,D,QB1,4,1,UVH5s,3,0.07,-7650000.0,-7.65,673,1024,0.6572265625
01a0a58f-fa8c-7373-bce5-caabe51dbde0,s,D,QB1,4,1,UVH5s,4,0.07,-7200000.0,-7.2,599,1024,0.5849609375
01a0a58f-fa8c-7373-bce5-caabe51dbde0,s,D,QB1,4,1,UVH5s,5,0.07,-6750000.0,-6.75,668,1024,0.65234375
01a0a58f-fa8c-7373-bce5-caabe51dbde0,s,D,QB1,4,1,UVH5s,6,0.07,-6300000.0,-6.3,632,1024,0.6171875
01a0a58f-fa8c-7373-bce5-caabe51dbde0,s,D,QB1,4,1,UVH5s,7,0.07,-5850000.0,-5.85,643,1024,0.6279296875
01a0a58f-fa8c-7373-bce5-caabe51dbde0,s,D,QB1,4,1,UVH5s,8,0.07,-5400000.0,-5.4,640,1024,0.625
01a0a58f-fa8c-7373-bce5-caabe51dbde0,s,D,QB1,4,1,UVH5s,9,0.07,-4950000.0,-4.95,610,1024,0.595703125
01a0a58f-fa8c-7373-bce5-caabe51dbde0,s,D,QB1,4,1,UVH5s,10,0.07,-4500000.0,-4.5,597,1024,0.5830078125
01a0a58f-fa8c-7373-bce5-caabe51dbde0,s,D,QB1,4,1,UVH5s,11,0.07,-4050000.0,-4.05,589,1024,0.5751953125
01a0a58f-fa8c-7373-bce5-caabe51dbde0,s,D,QB1,4,1,UVH5s,12,0.07,-3600000.0,-3.6,627,1024,0.6123046875
01a0a58f-fa8c-7373-bce5-caabe51dbde0,s,D,QB1,4,1,UVH5s,13,0.07,-3150000.0,-3.15,584,1024,0.5703125
01a0a58f-fa8c-7373-bce5-caabe51dbde0,s,D,QB1,4,1,UVH5s,14,0.07,-2700000.0,-2.7,566,1024,0.552734375
01a0a58f-fa8c-7373-bce5-caabe51dbde0,s,D,QB1,4,1,UVH5s,15,0.07,-2250000.0,-2.25,536,1024,0.5234375
01a0a58f-fa8c-7373-bce5-caabe51dbde0,s,D,QB1,4,1,UVH5s,16,0.07,-1800000.0,-1.8,543,1024,0.5302734375
01a0a58f-fa8c-7373-bce5-caabe51dbde0,s,D,QB1,4,1,UVH5s,17,0.07,-1350000.0,-1.35,520,1024,0.5078125
01a0a58f-fa8c-7373-bce5-caabe51dbde0,s,D,QB1,4,1,UVH5s,18,0.07,-900000.0,-0.9,513,1024,0.5009765625
01a0a58f-fa8c-7373-bce5-caabe51dbde0,s,D,QB1,4,1,UVH5s,19,0.07,-450000.0,-0.45,539,1024,0.5263671875
01a0a58f-fa8c-7373-bce5-caabe51dbde0,s,D,QB1,4,1,UVH5s,20,0.07,0.0,0.0,577,1024,0.5634765625
01a0a58f-fa8c-7373-bce5-caabe51dbde0,s,D,QB1,4,1,UVH5s,21,0.07,450000.0,0.45,524,1024,0.51171875
01a0a58f-fa8c-7373-bce5-caabe51dbde0,s,D,QB1,4,1,UVH5s,22,0.07,900000.0,0.9,547,1024,0.5341796875
01a0a58f-fa8c-7373-bce5-caabe51dbde0,s,D,QB1,4,1,UVH5s,23,0.07,1350000.0,1.35,549,1024,0.5361328125
01a0a58f-fa8c-7373-bce5-caabe51dbde0,s,D,QB1,4,1,UVH5s,24,0.07,1800000.0,1.8,553,1024,0.5400390625
01a0a58f-fa8c-7373-bce5-caabe51dbde0,s,D,QB1,4,1,UVH5s,25,0.07,2250000.0,2.25,563,1024,0.5498046875
01a0a58f-fa8c-7373-bce5-caabe51dbde0,s,D,QB1,4,1,UVH5s,26,0.07,2700000.0,2.7,563,1024,0.5498046875
01a0a58f-fa8c-7373-bce5-caabe51dbde0,s,D,QB1,4,1,UVH5s,27,0.07,3150000.0,3.15,544,1024,0.53125
01a0a58f-fa8c-7373-bce5-caabe51dbde0,s,D,QB1,4,1,UVH5s,28,0.07,3600000.0,3.6,588,1024,0.57421875
01a0a58f-fa8c-7373-bce5-caabe51dbde0,s,D,QB1,4,1,UVH5s,29,0.07,4050000.0,4.05,574,1024,0.560546875
01a0a58f-fa8c-7373-bce5-caabe51dbde0,s,D,QB1,4,1,UVH5s,30,0.07,4500000.0,4.5,615,1024,0.6005859375
01a0a58f-fa8c-7373-bce5-caabe51dbde0,s,D,QB1,4,1,UVH5s,31,0.07,4950000.0,4.95,633,1024,0.6181640625
01a0a58f-fa8c-7373-bce5-caabe51dbde0,s,D,QB1,4,1,UVH5s,32,0.07,5400000.0,5.4,644,1024,0.62890625
01a0a58f-fa8c-7373-bce5-caabe51dbde0,s,D,QB1,4,1,UVH5s,33,0.07,5850000.0,5.85,670,1024,0.654296875
01a0a58f-fa8c-7373-bce5-caabe51dbde0,s,D,QB1,4,1,UVH5s,34,0.07,6300000.0,6.3,686,1024,0.669921875
01a0a58f-fa8c-7373-bce5-caabe51dbde0,s,D,QB1,4,1,UVH5s,35,0.07,6750000.0,6.75,695,1024,0.6787109375
01a0a58f-fa8c-7373-bce5-caabe51dbde0,s,D,QB1,4,1,UVH5s,36,0.07,7200000.0,7.2,723,1024,0.7060546875
01a0a58f-fa8c-7373-bce5-caabe51dbde0,s,D,QB1,4,1,UVH5s,37,0.07,7650000.0,7.65,740,1024,0.72265625
01a0a58f-fa8c-7373-bce5-caabe51dbde0,s,D,QB1,4,1,UVH5s,38,0.07,8100000.0,8.1,756,1024,0.73828125
01a0a58f-fa8c-7373-bce5-caabe51dbde0,s,D,QB1,4,1,UVH5s,39,0.07,8550000.0,8.55,778,1024,0.759765625
01a0a58f-fa8c-7373-bce5-caabe51dbde0,s,D,QB1,4,1,UVH5s,40,0.07,9000000.0,9.0,771,1024,0.7529296875
01a0a58f-fa8c-7373-bce5-caabe51dbde0,s,D,QB1,4,2,UVH7s,0,0.07,-9000000.0,-9.0,514,1024,0.501953125
01a0a58f-fa8c-7373-bce5-caabe51dbde0,s,D,QB1,4,2,UVH7s,1,0.07,-8550000.0,-8.55,560,1024,0.546875
01a0a58f-fa8c-7373-bce5-caabe51dbde0,s,D,QB1,4,2,UVH7s,2,0.07,-8100000.0,-8.1,547,1024,0.5341796875
01a0a58f-fa8c-7373-bce5-caabe51dbde0,s,D,QB1,4,2,UVH7s,3,0.07,-7650000.0,-7.65,545,1024,0.5322265625
01a0a58f-fa8c-7373-bce5-caabe51dbde0,s,D,QB1,4,2,UVH7s,4,0.07,-7200000.0,-7.2,546,1024,0.533203125
01a0a58f-fa8c-7373-bce5-caabe51dbde0,s,D,QB1,4,2,UVH7s,5,0.07,-6750000.0,-6.75,551,1024,0.5380859375
01a0a58f-fa8c-7373-bce5-caabe51dbde0,s,D,QB1,4,2,UVH7s,6,0.07,-6300000.0,-6.3,504,1024,0.4921875
01a0a58f-fa8c-7373-bce5-caabe51dbde0,s,D,QB1,4,2,UVH7s,7,0.07,-5850000.0,-5.85,566,1024,0.552734375
01a0a58f-fa8c-7373-bce5-caabe51dbde0,s,D,QB1,4,2,UVH7s,8,0.07,-5400000.0,-5.4,510,1024,0.498046875
01a0a58f-fa8c-7373-bce5-caabe51dbde0,s,D,QB1,4,2,UVH7s,9,0.07,-4950000.0,-4.95,534,1024,0.521484375
01a0a58f-fa8c-7373-bce5-caabe51dbde0,s,D,QB1,4,2,UVH7s,10,0.07,-4500000.0,-4.5,495,1024,0.4833984375
01a0a58f-fa8c-7373-bce5-caabe51dbde0,s,D,QB1,4,2,UVH7s,11,0.07,-4050000.0,-4.05,489,1024,0.4775390625
01a0a58f-fa8c-7373-bce5-caabe51dbde0,s,D,QB1,4,2,UVH7s,12,0.07,-3600000.0,-3.6,499,1024,0.4873046875
01a0a58f-fa8c-7373-bce5-caabe51dbde0,s,D,QB1,4,2,UVH7s,13,0.07,-3150000.0,-3.15,484,1024,0.47265625
01a0a58f-fa8c-7373-bce5-caabe51dbde0,s,D,QB1,4,2,UVH7s,14,0.07,-2700000.0,-2.7,479,1024,0.4677734375
01a0a58f-fa8c-7373-bce5-caabe51dbde0,s,D,QB1,4,2,UVH7s,15,0.07,-2250000.0,-2.25,492,1024,0.48046875
01a0a58f-fa8c-7373-bce5-caabe51dbde0,s,D,QB1,4,2,UVH7s,16,0.07,-1800000.0,-1.8,486,1024,0.474609375
01a0a58f-fa8c-7373-bce5-caabe51dbde0,s,D,QB1,4,2,UVH7s,17,0.07,-1350000.0,-1.35,475,1024,0.4638671875
01a0a58f-fa8c-7373-bce5-caabe51dbde0,s,D,QB1,4,2,UVH7s,18,0.07,-900000.0,-0.9,481,1024,0.4697265625
01a0a58f-fa8c-7373-bce5-caabe51dbde0,s,D,QB1,4,2,UVH7s,19,0.07,-450000.0,-0.45,524,1024,0.51171875
01a0a58f-fa8c-7373-bce5-caabe51dbde0,s,D,QB1,4,2,UVH7s,20,0.07,0.0,0.0,515,1024,0.5029296875
01a0a58f-fa8c-7373-bce5-caabe51dbde0,s,D,QB1,4,2,UVH7s,21,0.07,450000.0,0.45,477,1024,0.4658203125
01a0a58f-fa8c-7373-bce5-caabe51dbde0,s,D,QB1,4,2,UVH7s,22,0.07,900000.0,0.9,513,1024,0.5009765625
01a0a58f-fa8c-7373-bce5-caabe51dbde0,s,D,QB1,4,2,UVH7s,23,0.07,1350000.0,1.35,486,1024,0.474609375
01a0a58f-fa8c-7373-bce5-caabe51dbde0,s,D,QB1,4,2,UVH7s,24,0.07,1800000.0,1.8,510,1024,0.498046875
01a0a58f-fa8c-7373-bce5-caabe51dbde0,s,D,QB1,4,2,UVH7s,25,0.07,2250000.0,2.25,479,1024,0.4677734375
01a0a58f-fa8c-7373-bce5-caabe51dbde0,s,D,QB1,4,2,UVH7s,26,0.07,2700000.0,2.7,509,1024,0.4970703125
01a0a58f-fa8c-7373-bce5-caabe51dbde0,s,D,QB1,4,2,UVH7s,27,0.07,3150000.0,3.15,506,1024,0.494140625
01a0a58f-fa8c-7373-bce5-caabe51dbde0,s,D,QB1,4,2,UVH7s,28,0.07,3600000.0,3.6,492,1024,0.48046875
01a0a58f-fa8c-7373-bce5-caabe51dbde0,s,D,QB1,4,2,UVH7s,29,0.07,4050000.0,4.05,498,1024,0.486328125
01a0a58f-fa8c-7373-bce5-caabe51dbde0,s,D,QB1,4,2,UVH7s,30,0.07,4500000.0,4.5,506,1024,0.494140625
01a0a58f-fa8c-7373-bce5-caabe51dbde0,s,D,QB1,4,2,UVH7s,31,0.07,4950000.0,4.95,515,1024,0.5029296875
01a0a58f-fa8c-7373-bce5-caabe51dbde0,s,D,QB1,4,2,UVH7s,32,0.07,5400000.0,5.4,530,1024,0.517578125
01a0a58f-fa8c-7373-bce5-caabe51dbde0,s,D,QB1,4,2,UVH7s,33,0.07,5850000.0,5.85,542,1024,0.529296875
01a0a58f-fa8c-7373-bce5-caabe51dbde0,s,D,QB1,4,2,UVH7s,34,0.07,6300000.0,6.3,532,1024,0.51953125
01a0a58f-fa8c-7373-bce5-caabe51dbde0,s,D,QB1,4,2,UVH7s,35,0.07,6750000.0,6.75,583,1024,0.5693359375
01a0a58f-fa8c-7373-bce5-caabe51dbde0,s,D,QB1,4,2,UVH7s,36,0.07,7200000.0,7.2,575,1024,0.5615234375
01a0a58f-fa8c-7373-bce5-caabe51dbde0,s,D,QB1,4,2,UVH7s,37,0.07,7650000.0,7.65,591,1024,0.5771484375
01a0a58f-fa8c-7373-bce5-caabe51dbde0,s,D,QB1,4,2,UVH7s,38,0.07,8100000.0,8.1,629,1024,0.6142578125
01a0a58f-fa8c-7373-bce5-caabe51dbde0,s,D,QB1,4,2,UVH7s,39,0.07,8550000.0,8.55,636,1024,0.62109375
01a0a58f-fa8c-7373-bce5-caabe51dbde0,s,D,QB1,4,2,UVH7s,40,0.07,9000000.0,9.0,660,1024,0.64453125
01a0a58f-fa8c-7373-bce5-caabe51dbde0,s,D,QB1,4,3,UVH9s,0,0.07,-9000000.0,-9.0,414,1024,0.404296875
01a0a58f-fa8c-7373-bce5-caabe51dbde0,s,D,QB1,4,3,UVH9s,1,0.07,-8550000.0,-8.55,430,1024,0.419921875
01a0a58f-fa8c-7373-bce5-caabe51dbde0,s,D,QB1,4,3,UVH9s,2,0.07,-8100000.0,-8.1,466,1024,0.455078125
01a0a58f-fa8c-7373-bce5-caabe51dbde0,s,D,QB1,4,3,UVH9s,3,0.07,-7650000.0,-7.65,464,1024,0.453125
01a0a58f-fa8c-7373-bce5-caabe51dbde0,s,D,QB1,4,3,UVH9s,4,0.07,-7200000.0,-7.2,495,1024,0.4833984375
01a0a58f-fa8c-7373-bce5-caabe51dbde0,s,D,QB1,4,3,UVH9s,5,0.07,-6750000.0,-6.75,491,1024,0.4794921875
01a0a58f-fa8c-7373-bce5-caabe51dbde0,s,D,QB1,4,3,UVH9s,6,0.07,-6300000.0,-6.3,497,1024,0.4853515625
01a0a58f-fa8c-7373-bce5-caabe51dbde0,s,D,QB1,4,3,UVH9s,7,0.07,-5850000.0,-5.85,507,1024,0.4951171875
01a0a58f-fa8c-7373-bce5-caabe51dbde0,s,D,QB1,4,3,UVH9s,8,0.07,-5400000.0,-5.4,497,1024,0.4853515625
01a0a58f-fa8c-7373-bce5-caabe51dbde0,s,D,QB1,4,3,UVH9s,9,0.07,-4950000.0,-4.95,504,1024,0.4921875
01a0a58f-fa8c-7373-bce5-caabe51dbde0,s,D,QB1,4,3,UVH9s,10,0.07,-4500000.0,-4.5,538,1024,0.525390625
01a0a58f-fa8c-7373-bce5-caabe51dbde0,s,D,QB1,4,3,UVH9s,11,0.07,-4050000.0,-4.05,496,1024,0.484375
01a0a58f-fa8c-7373-bce5-caabe51dbde0,s,D,QB1,4,3,UVH9s,12,0.07,-3600000.0,-3.6,550,1024,0.537109375
01a0a58f-fa8c-7373-bce5-caabe51dbde0,s,D,QB1,4,3,UVH9s,13,0.07,-3150000.0,-3.15,538,1024,0.525390625
01a0a58f-fa8c-7373-bce5-caabe51dbde0,s,D,QB1,4,3,UVH9s,14,0.07,-2700000.0,-2.7,522,1024,0.509765625
01a0a58f-fa8c-7373-bce5-caabe51dbde0,s,D,QB1,4,3,UVH9s,15,0.07,-2250000.0,-2.25,561,1024,0.5478515625
01a0a58f-fa8c-7373-bce5-caabe51dbde0,s,D,QB1,4,3,UVH9s,16,0.07,-1800000.0,-1.8,530,1024,0.517578125
01a0a58f-fa8c-7373-bce5-caabe51dbde0,s,D,QB1,4,3,UVH9s,17,0.07,-1350000.0,-1.35,553,1024,0.5400390625
01a0a58f-fa8c-7373-bce5-caabe51dbde0,s,D,QB1,4,3,UVH9s,18,0.07,-900000.0,-0.9,522,1024,0.509765625
01a0a58f-fa8c-7373-bce5-caabe51dbde0,s,D,QB1,4,3,UVH9s,19,0.07,-450000.0,-0.45,569,1024,0.5556640625
01a0a58f-fa8c-7373-bce5-caabe51dbde0,s,D,QB1,4,3,UVH9s,20,0.07,0.0,0.0,526,1024,0.513671875
01a0a58f-fa8c-7373-bce5-caabe51dbde0,s,D,QB1,4,3,UVH9s,21,0.07,450000.0,0.45,539,1024,0.5263671875
01a0a58f-fa8c-7373-bce5-caabe51dbde0,s,D,QB1,4,3,UVH9s,22,0.07,900000.0,0.9,524,1024,0.51171875
01a0a58f-fa8c-7373-bce5-caabe51dbde0,s,D,QB1,4,3,UVH9s,23,0.07,1350000.0,1.35,540,1024,0.52734375
01a0a58f-fa8c-7373-bce5-caabe51dbde0,s,D,QB1,4,3,UVH9s,24,0.07,1800000.0,1.8,525,1024,0.5126953125
01a0a58f-fa8c-7373-bce5-caabe51dbde0,s,D,QB1,4,3,UVH9s,25,0.07,2250000.0,2.25,546,1024,0.533203125
01a0a58f-fa8c-7373-bce5-caabe51dbde0,s,D,QB1,4,3,UVH9s,26,0.07,2700000.0,2.7,534,1024,0.521484375
01a0a58f-fa8c-7373-bce5-caabe51dbde0,s,D,QB1,4,3,UVH9s,27,0.07,3150000.0,3.15,528,1024,0.515625
01a0a58f-fa8c-7373-bce5-caabe51dbde0,s,D,QB1,4,3,UVH9s,28,0.07,3600000.0,3.6,519,1024,0.5068359375
01a0a58f-fa8c-7373-bce5-caabe51dbde0,s,D,QB1,4,3,UVH9s,29,0.07,4050000.0,4.05,522,1024,0.509765625
01a0a58f-fa8c-7373-bce5-caabe51dbde0,s,D,QB1,4,3,UVH9s,30,0.07,4500000.0,4.5,537,1024,0.5244140625
01a0a58f-fa8c-7373-bce5-caabe51dbde0,s,D,QB1,4,3,UVH9s,31,0.07,4950000.0,4.95,531,1024,0.5185546875
01a0a58f-fa8c-7373-bce5-caabe51dbde0,s,D,QB1,4,3,UVH9s,32,0.07,5400000.0,5.4,500,1024,0.48828125
01a0a58f-fa8c-7373-bce5-caabe51dbde0,s,D,QB1,4,3,UVH9s,33,0.07,5850000.0,5.85,535,1024,0.5224609375
01a0a58f-fa8c-7373-bce5-caabe51dbde0,s,D,QB1,4,3,UVH9s,34,0.07,6300000.0,6.3,508,1024,0.49609375
01a0a58f-fa8c-7373-bce5-caabe51dbde0,s,D,QB1,4,3,UVH9s,35,0.07,6750000.0,6.75,501,1024,0.4892578125
01a0a58f-fa8c-7373-bce5-caabe51dbde0,s,D,QB1,4,3,UVH9s,36,0.07,7200000.0,7.2,468,1024,0.45703125
01a0a58f-fa8c-7373-bce5-caabe51dbde0,s,D,QB1,4,3,UVH9s,37,0.07,7650000.0,7.65,427,1024,0.4169921875
01a0a58f-fa8c-7373-bce5-caabe51dbde0,s,D,QB1,4,3,UVH9s,38,0.07,8100000.0,8.1,434,1024,0.423828125
01a0a58f-fa8c-7373-bce5-caabe51dbde0,s,D,QB1,4,3,UVH9s,39,0.07,8550000.0,8.55,422,1024,0.412109375
01a0a58f-fa8c-7373-bce5-caabe51dbde0,s,D,QB1,4,3,UVH9s,40,0.07,9000000.0,9.0,385,1024,0.3759765625
01a0a58f-fa8c-7373-bce5-caabe51dbde0,s,D,QB1,4,4,UVH11s,0,0.07,-9000000.0,-9.0,572,1024,0.55859375
01a0a58f-fa8c-7373-bce5-caabe51dbde0,s,D,QB1,4,4,UVH11s,1,0.07,-8550000.0,-8.55,564,1024,0.55078125
01a0a58f-fa8c-7373-bce5-caabe51dbde0,s,D,QB1,4,4,UVH11s,2,0.07,-8100000.0,-8.1,545,1024,0.5322265625
01a0a58f-fa8c-7373-bce5-caabe51dbde0,s,D,QB1,4,4,UVH11s,3,0.07,-7650000.0,-7.65,545,1024,0.5322265625
01a0a58f-fa8c-7373-bce5-caabe51dbde0,s,D,QB1,4,4,UVH11s,4,0.07,-7200000.0,-7.2,515,1024,0.5029296875
01a0a58f-fa8c-7373-bce5-caabe51dbde0,s,D,QB1,4,4,UVH11s,5,0.07,-6750000.0,-6.75,530,1024,0.517578125
01a0a58f-fa8c-7373-bce5-caabe51dbde0,s,D,QB1,4,4,UVH11s,6,0.07,-6300000.0,-6.3,515,1024,0.5029296875
01a0a58f-fa8c-7373-bce5-caabe51dbde0,s,D,QB1,4,4,UVH11s,7,0.07,-5850000.0,-5.85,502,1024,0.490234375
01a0a58f-fa8c-7373-bce5-caabe51dbde0,s,D,QB1,4,4,UVH11s,8,0.07,-5400000.0,-5.4,492,1024,0.48046875
01a0a58f-fa8c-7373-bce5-caabe51dbde0,s,D,QB1,4,4,UVH11s,9,0.07,-4950000.0,-4.95,477,1024,0.4658203125
01a0a58f-fa8c-7373-bce5-caabe51dbde0,s,D,QB1,4,4,UVH11s,10,0.07,-4500000.0,-4.5,481,1024,0.4697265625
01a0a58f-fa8c-7373-bce5-caabe51dbde0,s,D,QB1,4,4,UVH11s,11,0.07,-4050000.0,-4.05,483,1024,0.4716796875
01a0a58f-fa8c-7373-bce5-caabe51dbde0,s,D,QB1,4,4,UVH11s,12,0.07,-3600000.0,-3.6,511,1024,0.4990234375
01a0a58f-fa8c-7373-bce5-caabe51dbde0,s,D,QB1,4,4,UVH11s,13,0.07,-3150000.0,-3.15,465,1024,0.4541015625
01a0a58f-fa8c-7373-bce5-caabe51dbde0,s,D,QB1,4,4,UVH11s,14,0.07,-2700000.0,-2.7,478,1024,0.466796875
01a0a58f-fa8c-7373-bce5-caabe51dbde0,s,D,QB1,4,4,UVH11s,15,0.07,-2250000.0,-2.25,477,1024,0.4658203125
01a0a58f-fa8c-7373-bce5-caabe51dbde0,s,D,QB1,4,4,UVH11s,16,0.07,-1800000.0,-1.8,475,1024,0.4638671875
01a0a58f-fa8c-7373-bce5-caabe51dbde0,s,D,QB1,4,4,UVH11s,17,0.07,-1350000.0,-1.35,486,1024,0.474609375
01a0a58f-fa8c-7373-bce5-caabe51dbde0,s,D,QB1,4,4,UVH11s,18,0.07,-900000.0,-0.9,477,1024,0.4658203125
01a0a58f-fa8c-7373-bce5-caabe51dbde0,s,D,QB1,4,4,UVH11s,19,0.07,-450000.0,-0.45,504,1024,0.4921875
01a0a58f-fa8c-7373-bce5-caabe51dbde0,s,D,QB1,4,4,UVH11s,20,0.07,0.0,0.0,504,1024,0.4921875
01a0a58f-fa8c-7373-bce5-caabe51dbde0,s,D,QB1,4,4,UVH11s,21,0.07,450000.0,0.45,515,1024,0.5029296875
01a0a58f-fa8c-7373-bce5-caabe51dbde0,s,D,QB1,4,4,UVH11s,22,0.07,900000.0,0.9,484,1024,0.47265625
01a0a58f-fa8c-7373-bce5-caabe51dbde0,s,D,QB1,4,4,UVH11s,23,0.07,1350000.0,1.35,506,1024,0.494140625
01a0a58f-fa8c-7373-bce5-caabe51dbde0,s,D,QB1,4,4,UVH11s,24,0.07,1800000.0,1.8,495,1024,0.4833984375
01a0a58f-fa8c-7373-bce5-caabe51dbde0,s,D,QB1,4,4,UVH11s,25,0.07,2250000.0,2.25,522,1024,0.509765625
01a0a58f-fa8c-7373-bce5-caabe51dbde0,s,D,QB1,4,4,UVH11s,26,0.07,2700000.0,2.7,490,1024,0.478515625
01a0a58f-fa8c-7373-bce5-caabe51dbde0,s,D,QB1,4,4,UVH11s,27,0.07,3150000.0,3.15,499,1024,0.4873046875
01a0a58f-fa8c-7373-bce5-caabe51dbde0,s,D,QB1,4,4,UVH11s,28,0.07,3600000.0,3.6,496,1024,0.484375
01a0a58f-fa8c-7373-bce5-caabe51dbde0,s,D,QB1,4,4,UVH11s,29,0.07,4050000.0,4.05,514,1024,0.501953125
01a0a58f-fa8c-7373-bce5-caabe51dbde0,s,D,QB1,4,4,UVH11s,30,0.07,4500000.0,4.5,484,1024,0.47265625
01a0a58f-fa8c-7373-bce5-caabe51dbde0,s,D,QB1,4,4,UVH11s,31,0.07,4950000.0,4.95,479,1024,0.4677734375
01a0a58f-fa8c-7373-bce5-caabe51dbde0,s,D,QB1,4,4,UVH11s,32,0.07,5400000.0,5.4,501,1024,0.4892578125
01a0a58f-fa8c-7373-bce5-caabe51dbde0,s,D,QB1,4,4,UVH11s,33,0.07,5850000.0,5.85,490,1024,0.478515625
01a0a58f-fa8c-7373-bce5-caabe51dbde0,s,D,QB1,4,4,UVH11s,34,0.07,6300000.0,6.3,471,1024,0.4599609375
01a0a58f-fa8c-7373-bce5-caabe51dbde0,s,D,QB1,4,4,UVH11s,35,0.07,6750000.0,6.75,450,1024,0.439453125
01a0a58f-fa8c-7373-bce5-caabe51dbde0,s,D,QB1,4,4,UVH11s,36,0.07,7200000.0,7.2,449,1024,0.4384765625
01a0a58f-fa8c-7373-bce5-caabe51dbde0,s,D,QB1,4,4,UVH11s,37,0.07,7650000.0,7.65,455,1024,0.4443359375
01a0a58f-fa8c-7373-bce5-caabe51dbde0,s,D,QB1,4,4,UVH11s,38,0.07,8100000.0,8.1,477,1024,0.4658203125
01a0a58f-fa8c-7373-bce5-caabe51dbde0,s,D,QB1,4,4,UVH11s,39,0.07,8550000.0,8.55,459,1024,0.4482421875
01a0a58f-fa8c-7373-bce5-caabe51dbde0,s,D,QB1,4,4,UVH11s,40,0.07,9000000.0,9.0,448,1024,0.4375
01a0a58f-fa8c-7373-bce5-caabe51dbde0,s,D,QB1,4,5,UVH13s,0,0.07,-9000000.0,-9.0,619,1024,0.6044921875
01a0a58f-fa8c-7373-bce5-caabe51dbde0,s,D,QB1,4,5,UVH13s,1,0.07,-8550000.0,-8.55,566,1024,0.552734375
01a0a58f-fa8c-7373-bce5-caabe51dbde0,s,D,QB1,4,5,UVH13s,2,0.07,-8100000.0,-8.1,587,1024,0.5732421875
01a0a58f-fa8c-7373-bce5-caabe51dbde0,s,D,QB1,4,5,UVH13s,3,0.07,-7650000.0,-7.65,583,1024,0.5693359375
01a0a58f-fa8c-7373-bce5-caabe51dbde0,s,D,QB1,4,5,UVH13s,4,0.07,-7200000.0,-7.2,585,1024,0.5712890625
01a0a58f-fa8c-7373-bce5-caabe51dbde0,s,D,QB1,4,5,UVH13s,5,0.07,-6750000.0,-6.75,548,1024,0.53515625
01a0a58f-fa8c-7373-bce5-caabe51dbde0,s,D,QB1,4,5,UVH13s,6,0.07,-6300000.0,-6.3,571,1024,0.5576171875
01a0a58f-fa8c-7373-bce5-caabe51dbde0,s,D,QB1,4,5,UVH13s,7,0.07,-5850000.0,-5.85,550,1024,0.537109375
01a0a58f-fa8c-7373-bce5-caabe51dbde0,s,D,QB1,4,5,UVH13s,8,0.07,-5400000.0,-5.4,547,1024,0.5341796875
01a0a58f-fa8c-7373-bce5-caabe51dbde0,s,D,QB1,4,5,UVH13s,9,0.07,-4950000.0,-4.95,503,1024,0.4912109375
01a0a58f-fa8c-7373-bce5-caabe51dbde0,s,D,QB1,4,5,UVH13s,10,0.07,-4500000.0,-4.5,517,1024,0.5048828125
01a0a58f-fa8c-7373-bce5-caabe51dbde0,s,D,QB1,4,5,UVH13s,11,0.07,-4050000.0,-4.05,539,1024,0.5263671875
01a0a58f-fa8c-7373-bce5-caabe51dbde0,s,D,QB1,4,5,UVH13s,12,0.07,-3600000.0,-3.6,523,1024,0.5107421875
01a0a58f-fa8c-7373-bce5-caabe51dbde0,s,D,QB1,4,5,UVH13s,13,0.07,-3150000.0,-3.15,490,1024,0.478515625
01a0a58f-fa8c-7373-bce5-caabe51dbde0,s,D,QB1,4,5,UVH13s,14,0.07,-2700000.0,-2.7,497,1024,0.4853515625
01a0a58f-fa8c-7373-bce5-caabe51dbde0,s,D,QB1,4,5,UVH13s,15,0.07,-2250000.0,-2.25,488,1024,0.4765625
01a0a58f-fa8c-7373-bce5-caabe51dbde0,s,D,QB1,4,5,UVH13s,16,0.07,-1800000.0,-1.8,492,1024,0.48046875
01a0a58f-fa8c-7373-bce5-caabe51dbde0,s,D,QB1,4,5,UVH13s,17,0.07,-1350000.0,-1.35,533,1024,0.5205078125
01a0a58f-fa8c-7373-bce5-caabe51dbde0,s,D,QB1,4,5,UVH13s,18,0.07,-900000.0,-0.9,472,1024,0.4609375
01a0a58f-fa8c-7373-bce5-caabe51dbde0,s,D,QB1,4,5,UVH13s,19,0.07,-450000.0,-0.45,519,1024,0.5068359375
01a0a58f-fa8c-7373-bce5-caabe51dbde0,s,D,QB1,4,5,UVH13s,20,0.07,0.0,0.0,480,1024,0.46875
01a0a58f-fa8c-7373-bce5-caabe51dbde0,s,D,QB1,4,5,UVH13s,21,0.07,450000.0,0.45,495,1024,0.4833984375
01a0a58f-fa8c-7373-bce5-caabe51dbde0,s,D,QB1,4,5,UVH13s,22,0.07,900000.0,0.9,490,1024,0.478515625
01a0a58f-fa8c-7373-bce5-caabe51dbde0,s,D,QB1,4,5,UVH13s,23,0.07,1350000.0,1.35,500,1024,0.48828125
01a0a58f-fa8c-7373-bce5-caabe51dbde0,s,D,QB1,4,5,UVH13s,24,0.07,1800000.0,1.8,481,1024,0.4697265625
01a0a58f-fa8c-7373-bce5-caabe51dbde0,s,D,QB1,4,5,UVH13s,25,0.07,2250000.0,2.25,500,1024,0.48828125
01a0a58f-fa8c-7373-bce5-caabe51dbde0,s,D,QB1,4,5,UVH13s,26,0.07,2700000.0,2.7,490,1024,0.478515625
01a0a58f-fa8c-7373-bce5-caabe51dbde0,s,D,QB1,4,5,UVH13s,27,0.07,3150000.0,3.15,489,1024,0.4775390625
01a0a58f-fa8c-7373-bce5-caabe51dbde0,s,D,QB1,4,5,UVH13s,28,0.07,3600000.0,3.6,493,1024,0.4814453125
01a0a58f-fa8c-7373-bce5-caabe51dbde0,s,D,QB1,4,5,UVH13s,29,0.07,4050000.0,4.05,513,1024,0.5009765625
01a0a58f-fa8c-7373-bce5-caabe51dbde0,s,D,QB1,4,5,UVH13s,30,0.07,4500000.0,4.5,481,1024,0.4697265625
01a0a58f-fa8c-7373-bce5-caabe51dbde0,s,D,QB1,4,5,UVH13s,31,0.07,4950000.0,4.95,503,1024,0.4912109375
01a0a58f-fa8c-7373-bce5-caabe51dbde0,s,D,QB1,4,5,UVH13s,32,0.07,5400000.0,5.4,481,1024,0.4697265625
01a0a58f-fa8c-7373-bce5-caabe51dbde0,s,D,QB1,4,5,UVH13s,33,0.07,5850000.0,5.85,504,1024,0.4921875
01a0a58f-fa8c-7373-bce5-caabe51dbde0,s,D,QB1,4,5,UVH13s,34,0.07,6300000.0,6.3,483,1024,0.4716796875
01a0a58f-fa8c-7373-bce5-caabe51dbde0,s,D,QB1,4,5,UVH13s,35,0.07,6750000.0,6.75,502,1024,0.490234375
01a0a58f-fa8c-7373-bce5-caabe51dbde0,s,D,QB1,4,5,UVH13s,36,0.07,7200000.0,7.2,472,1024,0.4609375
01a0a58f-fa8c-7373-bce5-caabe51dbde0,s,D,QB1,4,5,UVH13s,37,0.07,7650000.0,7.65,503,1024,0.4912109375
01a0a58f-fa8c-7373-bce5-caabe51dbde0,s,D,QB1,4,5,UVH13s,38,0.07,8100000.0,8.1,473,1024,0.4619140625
01a0a58f-fa8c-7373-bce5-caabe51dbde0,s,D,QB1,4,5,UVH13s,39,0.07,8550000.0,8.55,484,1024,0.47265625
01a0a58f-fa8c-7373-bce5-caabe51dbde0,s,D,QB1,4,5,UVH13s,40,0.07,9000000.0,9.0,518,1024,0.505859375
01a0a58f-fa8c-7373-bce5-caabe51dbde0,s,D,QB14,5,0,standard_pi_2,0,0.07,-9000000.0,-9.0,624,1024,0.609375
01a0a58f-fa8c-7373-bce5-caabe51dbde0,s,D,QB14,5,0,standard_pi_2,1,0.07,-8550000.0,-8.55,599,1024,0.5849609375
01a0a58f-fa8c-7373-bce5-caabe51dbde0,s,D,QB14,5,0,standard_pi_2,2,0.07,-8100000.0,-8.1,617,1024,0.6025390625
01a0a58f-fa8c-7373-bce5-caabe51dbde0,s,D,QB14,5,0,standard_pi_2,3,0.07,-7650000.0,-7.65,620,1024,0.60546875
01a0a58f-fa8c-7373-bce5-caabe51dbde0,s,D,QB14,5,0,standard_pi_2,4,0.07,-7200000.0,-7.2,596,1024,0.58203125
01a0a58f-fa8c-7373-bce5-caabe51dbde0,s,D,QB14,5,0,standard_pi_2,5,0.07,-6750000.0,-6.75,599,1024,0.5849609375
01a0a58f-fa8c-7373-bce5-caabe51dbde0,s,D,QB14,5,0,standard_pi_2,6,0.07,-6300000.0,-6.3,615,1024,0.6005859375
01a0a58f-fa8c-7373-bce5-caabe51dbde0,s,D,QB14,5,0,standard_pi_2,7,0.07,-5850000.0,-5.85,607,1024,0.5927734375
01a0a58f-fa8c-7373-bce5-caabe51dbde0,s,D,QB14,5,0,standard_pi_2,8,0.07,-5400000.0,-5.4,590,1024,0.576171875
01a0a58f-fa8c-7373-bce5-caabe51dbde0,s,D,QB14,5,0,standard_pi_2,9,0.07,-4950000.0,-4.95,611,1024,0.5966796875
01a0a58f-fa8c-7373-bce5-caabe51dbde0,s,D,QB14,5,0,standard_pi_2,10,0.07,-4500000.0,-4.5,622,1024,0.607421875
01a0a58f-fa8c-7373-bce5-caabe51dbde0,s,D,QB14,5,0,standard_pi_2,11,0.07,-4050000.0,-4.05,614,1024,0.599609375
01a0a58f-fa8c-7373-bce5-caabe51dbde0,s,D,QB14,5,0,standard_pi_2,12,0.07,-3600000.0,-3.6,592,1024,0.578125
01a0a58f-fa8c-7373-bce5-caabe51dbde0,s,D,QB14,5,0,standard_pi_2,13,0.07,-3150000.0,-3.15,570,1024,0.556640625
01a0a58f-fa8c-7373-bce5-caabe51dbde0,s,D,QB14,5,0,standard_pi_2,14,0.07,-2700000.0,-2.7,574,1024,0.560546875
01a0a58f-fa8c-7373-bce5-caabe51dbde0,s,D,QB14,5,0,standard_pi_2,15,0.07,-2250000.0,-2.25,586,1024,0.572265625
01a0a58f-fa8c-7373-bce5-caabe51dbde0,s,D,QB14,5,0,standard_pi_2,16,0.07,-1800000.0,-1.8,577,1024,0.5634765625
01a0a58f-fa8c-7373-bce5-caabe51dbde0,s,D,QB14,5,0,standard_pi_2,17,0.07,-1350000.0,-1.35,572,1024,0.55859375
01a0a58f-fa8c-7373-bce5-caabe51dbde0,s,D,QB14,5,0,standard_pi_2,18,0.07,-900000.0,-0.9,574,1024,0.560546875
01a0a58f-fa8c-7373-bce5-caabe51dbde0,s,D,QB14,5,0,standard_pi_2,19,0.07,-450000.0,-0.45,560,1024,0.546875
01a0a58f-fa8c-7373-bce5-caabe51dbde0,s,D,QB14,5,0,standard_pi_2,20,0.07,0.0,0.0,558,1024,0.544921875
01a0a58f-fa8c-7373-bce5-caabe51dbde0,s,D,QB14,5,0,standard_pi_2,21,0.07,450000.0,0.45,570,1024,0.556640625
01a0a58f-fa8c-7373-bce5-caabe51dbde0,s,D,QB14,5,0,standard_pi_2,22,0.07,900000.0,0.9,583,1024,0.5693359375
01a0a58f-fa8c-7373-bce5-caabe51dbde0,s,D,QB14,5,0,standard_pi_2,23,0.07,1350000.0,1.35,575,1024,0.5615234375
01a0a58f-fa8c-7373-bce5-caabe51dbde0,s,D,QB14,5,0,standard_pi_2,24,0.07,1800000.0,1.8,567,1024,0.5537109375
01a0a58f-fa8c-7373-bce5-caabe51dbde0,s,D,QB14,5,0,standard_pi_2,25,0.07,2250000.0,2.25,551,1024,0.5380859375
01a0a58f-fa8c-7373-bce5-caabe51dbde0,s,D,QB14,5,0,standard_pi_2,26,0.07,2700000.0,2.7,558,1024,0.544921875
01a0a58f-fa8c-7373-bce5-caabe51dbde0,s,D,QB14,5,0,standard_pi_2,27,0.07,3150000.0,3.15,539,1024,0.5263671875
01a0a58f-fa8c-7373-bce5-caabe51dbde0,s,D,QB14,5,0,standard_pi_2,28,0.07,3600000.0,3.6,514,1024,0.501953125
01a0a58f-fa8c-7373-bce5-caabe51dbde0,s,D,QB14,5,0,standard_pi_2,29,0.07,4050000.0,4.05,536,1024,0.5234375
01a0a58f-fa8c-7373-bce5-caabe51dbde0,s,D,QB14,5,0,standard_pi_2,30,0.07,4500000.0,4.5,531,1024,0.5185546875
01a0a58f-fa8c-7373-bce5-caabe51dbde0,s,D,QB14,5,0,standard_pi_2,31,0.07,4950000.0,4.95,511,1024,0.4990234375
01a0a58f-fa8c-7373-bce5-caabe51dbde0,s,D,QB14,5,0,standard_pi_2,32,0.07,5400000.0,5.4,501,1024,0.4892578125
01a0a58f-fa8c-7373-bce5-caabe51dbde0,s,D,QB14,5,0,standard_pi_2,33,0.07,5850000.0,5.85,523,1024,0.5107421875
01a0a58f-fa8c-7373-bce5-caabe51dbde0,s,D,QB14,5,0,standard_pi_2,34,0.07,6300000.0,6.3,533,1024,0.5205078125
01a0a58f-fa8c-7373-bce5-caabe51dbde0,s,D,QB14,5,0,standard_pi_2,35,0.07,6750000.0,6.75,503,1024,0.4912109375
01a0a58f-fa8c-7373-bce5-caabe51dbde0,s,D,QB14,5,0,standard_pi_2,36,0.07,7200000.0,7.2,511,1024,0.4990234375
01a0a58f-fa8c-7373-bce5-caabe51dbde0,s,D,QB14,5,0,standard_pi_2,37,0.07,7650000.0,7.65,516,1024,0.50390625
01a0a58f-fa8c-7373-bce5-caabe51dbde0,s,D,QB14,5,0,standard_pi_2,38,0.07,8100000.0,8.1,497,1024,0.4853515625
01a0a58f-fa8c-7373-bce5-caabe51dbde0,s,D,QB14,5,0,standard_pi_2,39,0.07,8550000.0,8.55,511,1024,0.4990234375
01a0a58f-fa8c-7373-bce5-caabe51dbde0,s,D,QB14,5,0,standard_pi_2,40,0.07,9000000.0,9.0,467,1024,0.4560546875
01a0a58f-fa8c-7373-bce5-caabe51dbde0,s,D,QB14,5,1,UVH5s,0,0.07,-9000000.0,-9.0,581,1024,0.5673828125
01a0a58f-fa8c-7373-bce5-caabe51dbde0,s,D,QB14,5,1,UVH5s,1,0.07,-8550000.0,-8.55,597,1024,0.5830078125
01a0a58f-fa8c-7373-bce5-caabe51dbde0,s,D,QB14,5,1,UVH5s,2,0.07,-8100000.0,-8.1,589,1024,0.5751953125
01a0a58f-fa8c-7373-bce5-caabe51dbde0,s,D,QB14,5,1,UVH5s,3,0.07,-7650000.0,-7.65,608,1024,0.59375
01a0a58f-fa8c-7373-bce5-caabe51dbde0,s,D,QB14,5,1,UVH5s,4,0.07,-7200000.0,-7.2,573,1024,0.5595703125
01a0a58f-fa8c-7373-bce5-caabe51dbde0,s,D,QB14,5,1,UVH5s,5,0.07,-6750000.0,-6.75,618,1024,0.603515625
01a0a58f-fa8c-7373-bce5-caabe51dbde0,s,D,QB14,5,1,UVH5s,6,0.07,-6300000.0,-6.3,592,1024,0.578125
01a0a58f-fa8c-7373-bce5-caabe51dbde0,s,D,QB14,5,1,UVH5s,7,0.07,-5850000.0,-5.85,571,1024,0.5576171875
01a0a58f-fa8c-7373-bce5-caabe51dbde0,s,D,QB14,5,1,UVH5s,8,0.07,-5400000.0,-5.4,576,1024,0.5625
01a0a58f-fa8c-7373-bce5-caabe51dbde0,s,D,QB14,5,1,UVH5s,9,0.07,-4950000.0,-4.95,560,1024,0.546875
01a0a58f-fa8c-7373-bce5-caabe51dbde0,s,D,QB14,5,1,UVH5s,10,0.07,-4500000.0,-4.5,557,1024,0.5439453125
01a0a58f-fa8c-7373-bce5-caabe51dbde0,s,D,QB14,5,1,UVH5s,11,0.07,-4050000.0,-4.05,536,1024,0.5234375
01a0a58f-fa8c-7373-bce5-caabe51dbde0,s,D,QB14,5,1,UVH5s,12,0.07,-3600000.0,-3.6,542,1024,0.529296875
01a0a58f-fa8c-7373-bce5-caabe51dbde0,s,D,QB14,5,1,UVH5s,13,0.07,-3150000.0,-3.15,528,1024,0.515625
01a0a58f-fa8c-7373-bce5-caabe51dbde0,s,D,QB14,5,1,UVH5s,14,0.07,-2700000.0,-2.7,537,1024,0.5244140625
01a0a58f-fa8c-7373-bce5-caabe51dbde0,s,D,QB14,5,1,UVH5s,15,0.07,-2250000.0,-2.25,500,1024,0.48828125
01a0a58f-fa8c-7373-bce5-caabe51dbde0,s,D,QB14,5,1,UVH5s,16,0.07,-1800000.0,-1.8,530,1024,0.517578125
01a0a58f-fa8c-7373-bce5-caabe51dbde0,s,D,QB14,5,1,UVH5s,17,0.07,-1350000.0,-1.35,491,1024,0.4794921875
01a0a58f-fa8c-7373-bce5-caabe51dbde0,s,D,QB14,5,1,UVH5s,18,0.07,-900000.0,-0.9,537,1024,0.5244140625
01a0a58f-fa8c-7373-bce5-caabe51dbde0,s,D,QB14,5,1,UVH5s,19,0.07,-450000.0,-0.45,507,1024,0.4951171875
01a0a58f-fa8c-7373-bce5-caabe51dbde0,s,D,QB14,5,1,UVH5s,20,0.07,0.0,0.0,505,1024,0.4931640625
01a0a58f-fa8c-7373-bce5-caabe51dbde0,s,D,QB14,5,1,UVH5s,21,0.07,450000.0,0.45,504,1024,0.4921875
01a0a58f-fa8c-7373-bce5-caabe51dbde0,s,D,QB14,5,1,UVH5s,22,0.07,900000.0,0.9,549,1024,0.5361328125
01a0a58f-fa8c-7373-bce5-caabe51dbde0,s,D,QB14,5,1,UVH5s,23,0.07,1350000.0,1.35,537,1024,0.5244140625
01a0a58f-fa8c-7373-bce5-caabe51dbde0,s,D,QB14,5,1,UVH5s,24,0.07,1800000.0,1.8,540,1024,0.52734375
01a0a58f-fa8c-7373-bce5-caabe51dbde0,s,D,QB14,5,1,UVH5s,25,0.07,2250000.0,2.25,556,1024,0.54296875
01a0a58f-fa8c-7373-bce5-caabe51dbde0,s,D,QB14,5,1,UVH5s,26,0.07,2700000.0,2.7,549,1024,0.5361328125
01a0a58f-fa8c-7373-bce5-caabe51dbde0,s,D,QB14,5,1,UVH5s,27,0.07,3150000.0,3.15,568,1024,0.5546875
01a0a58f-fa8c-7373-bce5-caabe51dbde0,s,D,QB14,5,1,UVH5s,28,0.07,3600000.0,3.6,571,1024,0.5576171875
01a0a58f-fa8c-7373-bce5-caabe51dbde0,s,D,QB14,5,1,UVH5s,29,0.07,4050000.0,4.05,612,1024,0.59765625
01a0a58f-fa8c-7373-bce5-caabe51dbde0,s,D,QB14,5,1,UVH5s,30,0.07,4500000.0,4.5,615,1024,0.6005859375
01a0a58f-fa8c-7373-bce5-caabe51dbde0,s,D,QB14,5,1,UVH5s,31,0.07,4950000.0,4.95,633,1024,0.6181640625
01a0a58f-fa8c-7373-bce5-caabe51dbde0,s,D,QB14,5,1,UVH5s,32,0.07,5400000.0,5.4,635,1024,0.6201171875
01a0a58f-fa8c-7373-bce5-caabe51dbde0,s,D,QB14,5,1,UVH5s,33,0.07,5850000.0,5.85,679,1024,0.6630859375
01a0a58f-fa8c-7373-bce5-caabe51dbde0,s,D,QB14,5,1,UVH5s,34,0.07,6300000.0,6.3,685,1024,0.6689453125
01a0a58f-fa8c-7373-bce5-caabe51dbde0,s,D,QB14,5,1,UVH5s,35,0.07,6750000.0,6.75,738,1024,0.720703125
01a0a58f-fa8c-7373-bce5-caabe51dbde0,s,D,QB14,5,1,UVH5s,36,0.07,7200000.0,7.2,721,1024,0.7041015625
01a0a58f-fa8c-7373-bce5-caabe51dbde0,s,D,QB14,5,1,UVH5s,37,0.07,7650000.0,7.65,779,1024,0.7607421875
01a0a58f-fa8c-7373-bce5-caabe51dbde0,s,D,QB14,5,1,UVH5s,38,0.07,8100000.0,8.1,771,1024,0.7529296875
01a0a58f-fa8c-7373-bce5-caabe51dbde0,s,D,QB14,5,1,UVH5s,39,0.07,8550000.0,8.55,758,1024,0.740234375
01a0a58f-fa8c-7373-bce5-caabe51dbde0,s,D,QB14,5,1,UVH5s,40,0.07,9000000.0,9.0,791,1024,0.7724609375
01a0a58f-fa8c-7373-bce5-caabe51dbde0,s,D,QB14,5,2,UVH7s,0,0.07,-9000000.0,-9.0,530,1024,0.517578125
01a0a58f-fa8c-7373-bce5-caabe51dbde0,s,D,QB14,5,2,UVH7s,1,0.07,-8550000.0,-8.55,525,1024,0.5126953125
01a0a58f-fa8c-7373-bce5-caabe51dbde0,s,D,QB14,5,2,UVH7s,2,0.07,-8100000.0,-8.1,525,1024,0.5126953125
01a0a58f-fa8c-7373-bce5-caabe51dbde0,s,D,QB14,5,2,UVH7s,3,0.07,-7650000.0,-7.65,501,1024,0.4892578125
01a0a58f-fa8c-7373-bce5-caabe51dbde0,s,D,QB14,5,2,UVH7s,4,0.07,-7200000.0,-7.2,532,1024,0.51953125
01a0a58f-fa8c-7373-bce5-caabe51dbde0,s,D,QB14,5,2,UVH7s,5,0.07,-6750000.0,-6.75,519,1024,0.5068359375
01a0a58f-fa8c-7373-bce5-caabe51dbde0,s,D,QB14,5,2,UVH7s,6,0.07,-6300000.0,-6.3,515,1024,0.5029296875
01a0a58f-fa8c-7373-bce5-caabe51dbde0,s,D,QB14,5,2,UVH7s,7,0.07,-5850000.0,-5.85,533,1024,0.5205078125
01a0a58f-fa8c-7373-bce5-caabe51dbde0,s,D,QB14,5,2,UVH7s,8,0.07,-5400000.0,-5.4,521,1024,0.5087890625
01a0a58f-fa8c-7373-bce5-caabe51dbde0,s,D,QB14,5,2,UVH7s,9,0.07,-4950000.0,-4.95,508,1024,0.49609375
01a0a58f-fa8c-7373-bce5-caabe51dbde0,s,D,QB14,5,2,UVH7s,10,0.07,-4500000.0,-4.5,510,1024,0.498046875
01a0a58f-fa8c-7373-bce5-caabe51dbde0,s,D,QB14,5,2,UVH7s,11,0.07,-4050000.0,-4.05,493,1024,0.4814453125
01a0a58f-fa8c-7373-bce5-caabe51dbde0,s,D,QB14,5,2,UVH7s,12,0.07,-3600000.0,-3.6,521,1024,0.5087890625
01a0a58f-fa8c-7373-bce5-caabe51dbde0,s,D,QB14,5,2,UVH7s,13,0.07,-3150000.0,-3.15,521,1024,0.5087890625
01a0a58f-fa8c-7373-bce5-caabe51dbde0,s,D,QB14,5,2,UVH7s,14,0.07,-2700000.0,-2.7,501,1024,0.4892578125
01a0a58f-fa8c-7373-bce5-caabe51dbde0,s,D,QB14,5,2,UVH7s,15,0.07,-2250000.0,-2.25,483,1024,0.4716796875
01a0a58f-fa8c-7373-bce5-caabe51dbde0,s,D,QB14,5,2,UVH7s,16,0.07,-1800000.0,-1.8,520,1024,0.5078125
01a0a58f-fa8c-7373-bce5-caabe51dbde0,s,D,QB14,5,2,UVH7s,17,0.07,-1350000.0,-1.35,489,1024,0.4775390625
01a0a58f-fa8c-7373-bce5-caabe51dbde0,s,D,QB14,5,2,UVH7s,18,0.07,-900000.0,-0.9,482,1024,0.470703125
01a0a58f-fa8c-7373-bce5-caabe51dbde0,s,D,QB14,5,2,UVH7s,19,0.07,-450000.0,-0.45,484,1024,0.47265625
01a0a58f-fa8c-7373-bce5-caabe51dbde0,s,D,QB14,5,2,UVH7s,20,0.07,0.0,0.0,513,1024,0.5009765625
01a0a58f-fa8c-7373-bce5-caabe51dbde0,s,D,QB14,5,2,UVH7s,21,0.07,450000.0,0.45,510,1024,0.498046875
01a0a58f-fa8c-7373-bce5-caabe51dbde0,s,D,QB14,5,2,UVH7s,22,0.07,900000.0,0.9,470,1024,0.458984375
01a0a58f-fa8c-7373-bce5-caabe51dbde0,s,D,QB14,5,2,UVH7s,23,0.07,1350000.0,1.35,494,1024,0.482421875
01a0a58f-fa8c-7373-bce5-caabe51dbde0,s,D,QB14,5,2,UVH7s,24,0.07,1800000.0,1.8,502,1024,0.490234375
01a0a58f-fa8c-7373-bce5-caabe51dbde0,s,D,QB14,5,2,UVH7s,25,0.07,2250000.0,2.25,499,1024,0.4873046875
01a0a58f-fa8c-7373-bce5-caabe51dbde0,s,D,QB14,5,2,UVH7s,26,0.07,2700000.0,2.7,490,1024,0.478515625
01a0a58f-fa8c-7373-bce5-caabe51dbde0,s,D,QB14,5,2,UVH7s,27,0.07,3150000.0,3.15,515,1024,0.5029296875
01a0a58f-fa8c-7373-bce5-caabe51dbde0,s,D,QB14,5,2,UVH7s,28,0.07,3600000.0,3.6,494,1024,0.482421875
01a0a58f-fa8c-7373-bce5-caabe51dbde0,s,D,QB14,5,2,UVH7s,29,0.07,4050000.0,4.05,529,1024,0.5166015625
01a0a58f-fa8c-7373-bce5-caabe51dbde0,s,D,QB14,5,2,UVH7s,30,0.07,4500000.0,4.5,513,1024,0.5009765625
01a0a58f-fa8c-7373-bce5-caabe51dbde0,s,D,QB14,5,2,UVH7s,31,0.07,4950000.0,4.95,547,1024,0.5341796875
01a0a58f-fa8c-7373-bce5-caabe51dbde0,s,D,QB14,5,2,UVH7s,32,0.07,5400000.0,5.4,547,1024,0.5341796875
01a0a58f-fa8c-7373-bce5-caabe51dbde0,s,D,QB14,5,2,UVH7s,33,0.07,5850000.0,5.85,565,1024,0.5517578125
01a0a58f-fa8c-7373-bce5-caabe51dbde0,s,D,QB14,5,2,UVH7s,34,0.07,6300000.0,6.3,559,1024,0.5458984375
01a0a58f-fa8c-7373-bce5-caabe51dbde0,s,D,QB14,5,2,UVH7s,35,0.07,6750000.0,6.75,584,1024,0.5703125
01a0a58f-fa8c-7373-bce5-caabe51dbde0,s,D,QB14,5,2,UVH7s,36,0.07,7200000.0,7.2,649,1024,0.6337890625
01a0a58f-fa8c-7373-bce5-caabe51dbde0,s,D,QB14,5,2,UVH7s,37,0.07,7650000.0,7.65,640,1024,0.625
01a0a58f-fa8c-7373-bce5-caabe51dbde0,s,D,QB14,5,2,UVH7s,38,0.07,8100000.0,8.1,632,1024,0.6171875
01a0a58f-fa8c-7373-bce5-caabe51dbde0,s,D,QB14,5,2,UVH7s,39,0.07,8550000.0,8.55,682,1024,0.666015625
01a0a58f-fa8c-7373-bce5-caabe51dbde0,s,D,QB14,5,2,UVH7s,40,0.07,9000000.0,9.0,633,1024,0.6181640625
01a0a58f-fa8c-7373-bce5-caabe51dbde0,s,D,QB14,5,3,UVH9s,0,0.07,-9000000.0,-9.0,387,1024,0.3779296875
01a0a58f-fa8c-7373-bce5-caabe51dbde0,s,D,QB14,5,3,UVH9s,1,0.07,-8550000.0,-8.55,414,1024,0.404296875
01a0a58f-fa8c-7373-bce5-caabe51dbde0,s,D,QB14,5,3,UVH9s,2,0.07,-8100000.0,-8.1,424,1024,0.4140625
01a0a58f-fa8c-7373-bce5-caabe51dbde0,s,D,QB14,5,3,UVH9s,3,0.07,-7650000.0,-7.65,444,1024,0.43359375
01a0a58f-fa8c-7373-bce5-caabe51dbde0,s,D,QB14,5,3,UVH9s,4,0.07,-7200000.0,-7.2,451,1024,0.4404296875
01a0a58f-fa8c-7373-bce5-caabe51dbde0,s,D,QB14,5,3,UVH9s,5,0.07,-6750000.0,-6.75,453,1024,0.4423828125
01a0a58f-fa8c-7373-bce5-caabe51dbde0,s,D,QB14,5,3,UVH9s,6,0.07,-6300000.0,-6.3,446,1024,0.435546875
01a0a58f-fa8c-7373-bce5-caabe51dbde0,s,D,QB14,5,3,UVH9s,7,0.07,-5850000.0,-5.85,477,1024,0.4658203125
01a0a58f-fa8c-7373-bce5-caabe51dbde0,s,D,QB14,5,3,UVH9s,8,0.07,-5400000.0,-5.4,492,1024,0.48046875
01a0a58f-fa8c-7373-bce5-caabe51dbde0,s,D,QB14,5,3,UVH9s,9,0.07,-4950000.0,-4.95,488,1024,0.4765625
01a0a58f-fa8c-7373-bce5-caabe51dbde0,s,D,QB14,5,3,UVH9s,10,0.07,-4500000.0,-4.5,482,1024,0.470703125
01a0a58f-fa8c-7373-bce5-caabe51dbde0,s,D,QB14,5,3,UVH9s,11,0.07,-4050000.0,-4.05,495,1024,0.4833984375
01a0a58f-fa8c-7373-bce5-caabe51dbde0,s,D,QB14,5,3,UVH9s,12,0.07,-3600000.0,-3.6,510,1024,0.498046875
01a0a58f-fa8c-7373-bce5-caabe51dbde0,s,D,QB14,5,3,UVH9s,13,0.07,-3150000.0,-3.15,472,1024,0.4609375
01a0a58f-fa8c-7373-bce5-caabe51dbde0,s,D,QB14,5,3,UVH9s,14,0.07,-2700000.0,-2.7,494,1024,0.482421875
01a0a58f-fa8c-7373-bce5-caabe51dbde0,s,D,QB14,5,3,UVH9s,15,0.07,-2250000.0,-2.25,512,1024,0.5
01a0a58f-fa8c-7373-bce5-caabe51dbde0,s,D,QB14,5,3,UVH9s,16,0.07,-1800000.0,-1.8,480,1024,0.46875
01a0a58f-fa8c-7373-bce5-caabe51dbde0,s,D,QB14,5,3,UVH9s,17,0.07,-1350000.0,-1.35,518,1024,0.505859375
01a0a58f-fa8c-7373-bce5-caabe51dbde0,s,D,QB14,5,3,UVH9s,18,0.07,-900000.0,-0.9,503,1024,0.4912109375
01a0a58f-fa8c-7373-bce5-caabe51dbde0,s,D,QB14,5,3,UVH9s,19,0.07,-450000.0,-0.45,509,1024,0.4970703125
01a0a58f-fa8c-7373-bce5-caabe51dbde0,s,D,QB14,5,3,UVH9s,20,0.07,0.0,0.0,511,1024,0.4990234375
01a0a58f-fa8c-7373-bce5-caabe51dbde0,s,D,QB14,5,3,UVH9s,21,0.07,450000.0,0.45,475,1024,0.4638671875
01a0a58f-fa8c-7373-bce5-caabe51dbde0,s,D,QB14,5,3,UVH9s,22,0.07,900000.0,0.9,512,1024,0.5
01a0a58f-fa8c-7373-bce5-caabe51dbde0,s,D,QB14,5,3,UVH9s,23,0.07,1350000.0,1.35,496,1024,0.484375
01a0a58f-fa8c-7373-bce5-caabe51dbde0,s,D,QB14,5,3,UVH9s,24,0.07,1800000.0,1.8,497,1024,0.4853515625
01a0a58f-fa8c-7373-bce5-caabe51dbde0,s,D,QB14,5,3,UVH9s,25,0.07,2250000.0,2.25,498,1024,0.486328125
01a0a58f-fa8c-7373-bce5-caabe51dbde0,s,D,QB14,5,3,UVH9s,26,0.07,2700000.0,2.7,496,1024,0.484375
01a0a58f-fa8c-7373-bce5-caabe51dbde0,s,D,QB14,5,3,UVH9s,27,0.07,3150000.0,3.15,524,1024,0.51171875
01a0a58f-fa8c-7373-bce5-caabe51dbde0,s,D,QB14,5,3,UVH9s,28,0.07,3600000.0,3.6,510,1024,0.498046875
01a0a58f-fa8c-7373-bce5-caabe51dbde0,s,D,QB14,5,3,UVH9s,29,0.07,4050000.0,4.05,506,1024,0.494140625
01a0a58f-fa8c-7373-bce5-caabe51dbde0,s,D,QB14,5,3,UVH9s,30,0.07,4500000.0,4.5,484,1024,0.47265625
01a0a58f-fa8c-7373-bce5-caabe51dbde0,s,D,QB14,5,3,UVH9s,31,0.07,4950000.0,4.95,491,1024,0.4794921875
01a0a58f-fa8c-7373-bce5-caabe51dbde0,s,D,QB14,5,3,UVH9s,32,0.07,5400000.0,5.4,493,1024,0.4814453125
01a0a58f-fa8c-7373-bce5-caabe51dbde0,s,D,QB14,5,3,UVH9s,33,0.07,5850000.0,5.85,499,1024,0.4873046875
01a0a58f-fa8c-7373-bce5-caabe51dbde0,s,D,QB14,5,3,UVH9s,34,0.07,6300000.0,6.3,469,1024,0.4580078125
01a0a58f-fa8c-7373-bce5-caabe51dbde0,s,D,QB14,5,3,UVH9s,35,0.07,6750000.0,6.75,462,1024,0.451171875
01a0a58f-fa8c-7373-bce5-caabe51dbde0,s,D,QB14,5,3,UVH9s,36,0.07,7200000.0,7.2,404,1024,0.39453125
01a0a58f-fa8c-7373-bce5-caabe51dbde0,s,D,QB14,5,3,UVH9s,37,0.07,7650000.0,7.65,376,1024,0.3671875
01a0a58f-fa8c-7373-bce5-caabe51dbde0,s,D,QB14,5,3,UVH9s,38,0.07,8100000.0,8.1,392,1024,0.3828125
01a0a58f-fa8c-7373-bce5-caabe51dbde0,s,D,QB14,5,3,UVH9s,39,0.07,8550000.0,8.55,353,1024,0.3447265625
01a0a58f-fa8c-7373-bce5-caabe51dbde0,s,D,QB14,5,3,UVH9s,40,0.07,9000000.0,9.0,350,1024,0.341796875
01a0a58f-fa8c-7373-bce5-caabe51dbde0,s,D,QB14,5,4,UVH11s,0,0.07,-9000000.0,-9.0,621,1024,0.6064453125
01a0a58f-fa8c-7373-bce5-caabe51dbde0,s,D,QB14,5,4,UVH11s,1,0.07,-8550000.0,-8.55,570,1024,0.556640625
01a0a58f-fa8c-7373-bce5-caabe51dbde0,s,D,QB14,5,4,UVH11s,2,0.07,-8100000.0,-8.1,550,1024,0.537109375
01a0a58f-fa8c-7373-bce5-caabe51dbde0,s,D,QB14,5,4,UVH11s,3,0.07,-7650000.0,-7.65,538,1024,0.525390625
01a0a58f-fa8c-7373-bce5-caabe51dbde0,s,D,QB14,5,4,UVH11s,4,0.07,-7200000.0,-7.2,545,1024,0.5322265625
01a0a58f-fa8c-7373-bce5-caabe51dbde0,s,D,QB14,5,4,UVH11s,5,0.07,-6750000.0,-6.75,521,1024,0.5087890625
01a0a58f-fa8c-7373-bce5-caabe51dbde0,s,D,QB14,5,4,UVH11s,6,0.07,-6300000.0,-6.3,478,1024,0.466796875
01a0a58f-fa8c-7373-bce5-caabe51dbde0,s,D,QB14,5,4,UVH11s,7,0.07,-5850000.0,-5.85,494,1024,0.482421875
01a0a58f-fa8c-7373-bce5-caabe51dbde0,s,D,QB14,5,4,UVH11s,8,0.07,-5400000.0,-5.4,500,1024,0.48828125
01a0a58f-fa8c-7373-bce5-caabe51dbde0,s,D,QB14,5,4,UVH11s,9,0.07,-4950000.0,-4.95,496,1024,0.484375
01a0a58f-fa8c-7373-bce5-caabe51dbde0,s,D,QB14,5,4,UVH11s,10,0.07,-4500000.0,-4.5,502,1024,0.490234375
01a0a58f-fa8c-7373-bce5-caabe51dbde0,s,D,QB14,5,4,UVH11s,11,0.07,-4050000.0,-4.05,505,1024,0.4931640625
01a0a58f-fa8c-7373-bce5-caabe51dbde0,s,D,QB14,5,4,UVH11s,12,0.07,-3600000.0,-3.6,481,1024,0.4697265625
01a0a58f-fa8c-7373-bce5-caabe51dbde0,s,D,QB14,5,4,UVH11s,13,0.07,-3150000.0,-3.15,478,1024,0.466796875
01a0a58f-fa8c-7373-bce5-caabe51dbde0,s,D,QB14,5,4,UVH11s,14,0.07,-2700000.0,-2.7,498,1024,0.486328125
01a0a58f-fa8c-7373-bce5-caabe51dbde0,s,D,QB14,5,4,UVH11s,15,0.07,-2250000.0,-2.25,479,1024,0.4677734375
01a0a58f-fa8c-7373-bce5-caabe51dbde0,s,D,QB14,5,4,UVH11s,16,0.07,-1800000.0,-1.8,513,1024,0.5009765625
01a0a58f-fa8c-7373-bce5-caabe51dbde0,s,D,QB14,5,4,UVH11s,17,0.07,-1350000.0,-1.35,509,1024,0.4970703125
01a0a58f-fa8c-7373-bce5-caabe51dbde0,s,D,QB14,5,4,UVH11s,18,0.07,-900000.0,-0.9,512,1024,0.5
01a0a58f-fa8c-7373-bce5-caabe51dbde0,s,D,QB14,5,4,UVH11s,19,0.07,-450000.0,-0.45,504,1024,0.4921875
01a0a58f-fa8c-7373-bce5-caabe51dbde0,s,D,QB14,5,4,UVH11s,20,0.07,0.0,0.0,534,1024,0.521484375
01a0a58f-fa8c-7373-bce5-caabe51dbde0,s,D,QB14,5,4,UVH11s,21,0.07,450000.0,0.45,541,1024,0.5283203125
01a0a58f-fa8c-7373-bce5-caabe51dbde0,s,D,QB14,5,4,UVH11s,22,0.07,900000.0,0.9,525,1024,0.5126953125
01a0a58f-fa8c-7373-bce5-caabe51dbde0,s,D,QB14,5,4,UVH11s,23,0.07,1350000.0,1.35,522,1024,0.509765625
01a0a58f-fa8c-7373-bce5-caabe51dbde0,s,D,QB14,5,4,UVH11s,24,0.07,1800000.0,1.8,528,1024,0.515625
01a0a58f-fa8c-7373-bce5-caabe51dbde0,s,D,QB14,5,4,UVH11s,25,0.07,2250000.0,2.25,536,1024,0.5234375
01a0a58f-fa8c-7373-bce5-caabe51dbde0,s,D,QB14,5,4,UVH11s,26,0.07,2700000.0,2.7,526,1024,0.513671875
01a0a58f-fa8c-7373-bce5-caabe51dbde0,s,D,QB14,5,4,UVH11s,27,0.07,3150000.0,3.15,541,1024,0.5283203125
01a0a58f-fa8c-7373-bce5-caabe51dbde0,s,D,QB14,5,4,UVH11s,28,0.07,3600000.0,3.6,550,1024,0.537109375
01a0a58f-fa8c-7373-bce5-caabe51dbde0,s,D,QB14,5,4,UVH11s,29,0.07,4050000.0,4.05,527,1024,0.5146484375
01a0a58f-fa8c-7373-bce5-caabe51dbde0,s,D,QB14,5,4,UVH11s,30,0.07,4500000.0,4.5,549,1024,0.5361328125
01a0a58f-fa8c-7373-bce5-caabe51dbde0,s,D,QB14,5,4,UVH11s,31,0.07,4950000.0,4.95,522,1024,0.509765625
01a0a58f-fa8c-7373-bce5-caabe51dbde0,s,D,QB14,5,4,UVH11s,32,0.07,5400000.0,5.4,499,1024,0.4873046875
01a0a58f-fa8c-7373-bce5-caabe51dbde0,s,D,QB14,5,4,UVH11s,33,0.07,5850000.0,5.85,530,1024,0.517578125
01a0a58f-fa8c-7373-bce5-caabe51dbde0,s,D,QB14,5,4,UVH11s,34,0.07,6300000.0,6.3,500,1024,0.48828125
01a0a58f-fa8c-7373-bce5-caabe51dbde0,s,D,QB14,5,4,UVH11s,35,0.07,6750000.0,6.75,521,1024,0.5087890625
01a0a58f-fa8c-7373-bce5-caabe51dbde0,s,D,QB14,5,4,UVH11s,36,0.07,7200000.0,7.2,552,1024,0.5390625
01a0a58f-fa8c-7373-bce5-caabe51dbde0,s,D,QB14,5,4,UVH11s,37,0.07,7650000.0,7.65,521,1024,0.5087890625
01a0a58f-fa8c-7373-bce5-caabe51dbde0,s,D,QB14,5,4,UVH11s,38,0.07,8100000.0,8.1,510,1024,0.498046875
01a0a58f-fa8c-7373-bce5-caabe51dbde0,s,D,QB14,5,4,UVH11s,39,0.07,8550000.0,8.55,484,1024,0.47265625
01a0a58f-fa8c-7373-bce5-caabe51dbde0,s,D,QB14,5,4,UVH11s,40,0.07,9000000.0,9.0,528,1024,0.515625
01a0a58f-fa8c-7373-bce5-caabe51dbde0,s,D,QB14,5,5,UVH13s,0,0.07,-9000000.0,-9.0,592,1024,0.578125
01a0a58f-fa8c-7373-bce5-caabe51dbde0,s,D,QB14,5,5,UVH13s,1,0.07,-8550000.0,-8.55,571,1024,0.5576171875
01a0a58f-fa8c-7373-bce5-caabe51dbde0,s,D,QB14,5,5,UVH13s,2,0.07,-8100000.0,-8.1,604,1024,0.58984375
01a0a58f-fa8c-7373-bce5-caabe51dbde0,s,D,QB14,5,5,UVH13s,3,0.07,-7650000.0,-7.65,571,1024,0.5576171875
01a0a58f-fa8c-7373-bce5-caabe51dbde0,s,D,QB14,5,5,UVH13s,4,0.07,-7200000.0,-7.2,565,1024,0.5517578125
01a0a58f-fa8c-7373-bce5-caabe51dbde0,s,D,QB14,5,5,UVH13s,5,0.07,-6750000.0,-6.75,554,1024,0.541015625
01a0a58f-fa8c-7373-bce5-caabe51dbde0,s,D,QB14,5,5,UVH13s,6,0.07,-6300000.0,-6.3,546,1024,0.533203125
01a0a58f-fa8c-7373-bce5-caabe51dbde0,s,D,QB14,5,5,UVH13s,7,0.07,-5850000.0,-5.85,508,1024,0.49609375
01a0a58f-fa8c-7373-bce5-caabe51dbde0,s,D,QB14,5,5,UVH13s,8,0.07,-5400000.0,-5.4,530,1024,0.517578125
01a0a58f-fa8c-7373-bce5-caabe51dbde0,s,D,QB14,5,5,UVH13s,9,0.07,-4950000.0,-4.95,519,1024,0.5068359375
01a0a58f-fa8c-7373-bce5-caabe51dbde0,s,D,QB14,5,5,UVH13s,10,0.07,-4500000.0,-4.5,542,1024,0.529296875
01a0a58f-fa8c-7373-bce5-caabe51dbde0,s,D,QB14,5,5,UVH13s,11,0.07,-4050000.0,-4.05,493,1024,0.4814453125
01a0a58f-fa8c-7373-bce5-caabe51dbde0,s,D,QB14,5,5,UVH13s,12,0.07,-3600000.0,-3.6,528,1024,0.515625
01a0a58f-fa8c-7373-bce5-caabe51dbde0,s,D,QB14,5,5,UVH13s,13,0.07,-3150000.0,-3.15,493,1024,0.4814453125
01a0a58f-fa8c-7373-bce5-caabe51dbde0,s,D,QB14,5,5,UVH13s,14,0.07,-2700000.0,-2.7,509,1024,0.4970703125
01a0a58f-fa8c-7373-bce5-caabe51dbde0,s,D,QB14,5,5,UVH13s,15,0.07,-2250000.0,-2.25,512,1024,0.5
01a0a58f-fa8c-7373-bce5-caabe51dbde0,s,D,QB14,5,5,UVH13s,16,0.07,-1800000.0,-1.8,504,1024,0.4921875
01a0a58f-fa8c-7373-bce5-caabe51dbde0,s,D,QB14,5,5,UVH13s,17,0.07,-1350000.0,-1.35,492,1024,0.48046875
01a0a58f-fa8c-7373-bce5-caabe51dbde0,s,D,QB14,5,5,UVH13s,18,0.07,-900000.0,-0.9,521,1024,0.5087890625
01a0a58f-fa8c-7373-bce5-caabe51dbde0,s,D,QB14,5,5,UVH13s,19,0.07,-450000.0,-0.45,475,1024,0.4638671875
01a0a58f-fa8c-7373-bce5-caabe51dbde0,s,D,QB14,5,5,UVH13s,20,0.07,0.0,0.0,492,1024,0.48046875
01a0a58f-fa8c-7373-bce5-caabe51dbde0,s,D,QB14,5,5,UVH13s,21,0.07,450000.0,0.45,493,1024,0.4814453125
01a0a58f-fa8c-7373-bce5-caabe51dbde0,s,D,QB14,5,5,UVH13s,22,0.07,900000.0,0.9,496,1024,0.484375
01a0a58f-fa8c-7373-bce5-caabe51dbde0,s,D,QB14,5,5,UVH13s,23,0.07,1350000.0,1.35,501,1024,0.4892578125
01a0a58f-fa8c-7373-bce5-caabe51dbde0,s,D,QB14,5,5,UVH13s,24,0.07,1800000.0,1.8,510,1024,0.498046875
01a0a58f-fa8c-7373-bce5-caabe51dbde0,s,D,QB14,5,5,UVH13s,25,0.07,2250000.0,2.25,499,1024,0.4873046875
01a0a58f-fa8c-7373-bce5-caabe51dbde0,s,D,QB14,5,5,UVH13s,26,0.07,2700000.0,2.7,510,1024,0.498046875
01a0a58f-fa8c-7373-bce5-caabe51dbde0,s,D,QB14,5,5,UVH13s,27,0.07,3150000.0,3.15,496,1024,0.484375
01a0a58f-fa8c-7373-bce5-caabe51dbde0,s,D,QB14,5,5,UVH13s,28,0.07,3600000.0,3.6,498,1024,0.486328125
01a0a58f-fa8c-7373-bce5-caabe51dbde0,s,D,QB14,5,5,UVH13s,29,0.07,4050000.0,4.05,462,1024,0.451171875
01a0a58f-fa8c-7373-bce5-caabe51dbde0,s,D,QB14,5,5,UVH13s,30,0.07,4500000.0,4.5,490,1024,0.478515625
01a0a58f-fa8c-7373-bce5-caabe51dbde0,s,D,QB14,5,5,UVH13s,31,0.07,4950000.0,4.95,483,1024,0.4716796875
01a0a58f-fa8c-7373-bce5-caabe51dbde0,s,D,QB14,5,5,UVH13s,32,0.07,5400000.0,5.4,472,1024,0.4609375
01a0a58f-fa8c-7373-bce5-caabe51dbde0,s,D,QB14,5,5,UVH13s,33,0.07,5850000.0,5.85,478,1024,0.466796875
01a0a58f-fa8c-7373-bce5-caabe51dbde0,s,D,QB14,5,5,UVH13s,34,0.07,6300000.0,6.3,461,1024,0.4501953125
01a0a58f-fa8c-7373-bce5-caabe51dbde0,s,D,QB14,5,5,UVH13s,35,0.07,6750000.0,6.75,472,1024,0.4609375
01a0a58f-fa8c-7373-bce5-caabe51dbde0,s,D,QB14,5,5,UVH13s,36,0.07,7200000.0,7.2,508,1024,0.49609375
01a0a58f-fa8c-7373-bce5-caabe51dbde0,s,D,QB14,5,5,UVH13s,37,0.07,7650000.0,7.65,471,1024,0.4599609375
01a0a58f-fa8c-7373-bce5-caabe51dbde0,s,D,QB14,5,5,UVH13s,38,0.07,8100000.0,8.1,510,1024,0.498046875
01a0a58f-fa8c-7373-bce5-caabe51dbde0,s,D,QB14,5,5,UVH13s,39,0.07,8550000.0,8.55,491,1024,0.4794921875
01a0a58f-fa8c-7373-bce5-caabe51dbde0,s,D,QB14,5,5,UVH13s,40,0.07,9000000.0,9.0,519,1024,0.5068359375
01a0a58f-fa8c-7373-bce5-caabe51dbde0,s,D,QB2,6,0,standard_pi_2,0,0.07,-9000000.0,-9.0,585,1024,0.5712890625
01a0a58f-fa8c-7373-bce5-caabe51dbde0,s,D,QB2,6,0,standard_pi_2,1,0.07,-8550000.0,-8.55,563,1024,0.5498046875
01a0a58f-fa8c-7373-bce5-caabe51dbde0,s,D,QB2,6,0,standard_pi_2,2,0.07,-8100000.0,-8.1,564,1024,0.55078125
01a0a58f-fa8c-7373-bce5-caabe51dbde0,s,D,QB2,6,0,standard_pi_2,3,0.07,-7650000.0,-7.65,585,1024,0.5712890625
01a0a58f-fa8c-7373-bce5-caabe51dbde0,s,D,QB2,6,0,standard_pi_2,4,0.07,-7200000.0,-7.2,565,1024,0.5517578125
01a0a58f-fa8c-7373-bce5-caabe51dbde0,s,D,QB2,6,0,standard_pi_2,5,0.07,-6750000.0,-6.75,579,1024,0.5654296875
01a0a58f-fa8c-7373-bce5-caabe51dbde0,s,D,QB2,6,0,standard_pi_2,6,0.07,-6300000.0,-6.3,561,1024,0.5478515625
01a0a58f-fa8c-7373-bce5-caabe51dbde0,s,D,QB2,6,0,standard_pi_2,7,0.07,-5850000.0,-5.85,564,1024,0.55078125
01a0a58f-fa8c-7373-bce5-caabe51dbde0,s,D,QB2,6,0,standard_pi_2,8,0.07,-5400000.0,-5.4,595,1024,0.5810546875
01a0a58f-fa8c-7373-bce5-caabe51dbde0,s,D,QB2,6,0,standard_pi_2,9,0.07,-4950000.0,-4.95,571,1024,0.5576171875
01a0a58f-fa8c-7373-bce5-caabe51dbde0,s,D,QB2,6,0,standard_pi_2,10,0.07,-4500000.0,-4.5,603,1024,0.5888671875
01a0a58f-fa8c-7373-bce5-caabe51dbde0,s,D,QB2,6,0,standard_pi_2,11,0.07,-4050000.0,-4.05,585,1024,0.5712890625
01a0a58f-fa8c-7373-bce5-caabe51dbde0,s,D,QB2,6,0,standard_pi_2,12,0.07,-3600000.0,-3.6,569,1024,0.5556640625
01a0a58f-fa8c-7373-bce5-caabe51dbde0,s,D,QB2,6,0,standard_pi_2,13,0.07,-3150000.0,-3.15,546,1024,0.533203125
01a0a58f-fa8c-7373-bce5-caabe51dbde0,s,D,QB2,6,0,standard_pi_2,14,0.07,-2700000.0,-2.7,587,1024,0.5732421875
01a0a58f-fa8c-7373-bce5-caabe51dbde0,s,D,QB2,6,0,standard_pi_2,15,0.07,-2250000.0,-2.25,556,1024,0.54296875
01a0a58f-fa8c-7373-bce5-caabe51dbde0,s,D,QB2,6,0,standard_pi_2,16,0.07,-1800000.0,-1.8,579,1024,0.5654296875
01a0a58f-fa8c-7373-bce5-caabe51dbde0,s,D,QB2,6,0,standard_pi_2,17,0.07,-1350000.0,-1.35,564,1024,0.55078125
01a0a58f-fa8c-7373-bce5-caabe51dbde0,s,D,QB2,6,0,standard_pi_2,18,0.07,-900000.0,-0.9,557,1024,0.5439453125
01a0a58f-fa8c-7373-bce5-caabe51dbde0,s,D,QB2,6,0,standard_pi_2,19,0.07,-450000.0,-0.45,591,1024,0.5771484375
01a0a58f-fa8c-7373-bce5-caabe51dbde0,s,D,QB2,6,0,standard_pi_2,20,0.07,0.0,0.0,579,1024,0.5654296875
01a0a58f-fa8c-7373-bce5-caabe51dbde0,s,D,QB2,6,0,standard_pi_2,21,0.07,450000.0,0.45,564,1024,0.55078125
01a0a58f-fa8c-7373-bce5-caabe51dbde0,s,D,QB2,6,0,standard_pi_2,22,0.07,900000.0,0.9,564,1024,0.55078125
01a0a58f-fa8c-7373-bce5-caabe51dbde0,s,D,QB2,6,0,standard_pi_2,23,0.07,1350000.0,1.35,533,1024,0.5205078125
01a0a58f-fa8c-7373-bce5-caabe51dbde0,s,D,QB2,6,0,standard_pi_2,24,0.07,1800000.0,1.8,540,1024,0.52734375
01a0a58f-fa8c-7373-bce5-caabe51dbde0,s,D,QB2,6,0,standard_pi_2,25,0.07,2250000.0,2.25,550,1024,0.537109375
01a0a58f-fa8c-7373-bce5-caabe51dbde0,s,D,QB2,6,0,standard_pi_2,26,0.07,2700000.0,2.7,539,1024,0.5263671875
01a0a58f-fa8c-7373-bce5-caabe51dbde0,s,D,QB2,6,0,standard_pi_2,27,0.07,3150000.0,3.15,554,1024,0.541015625
01a0a58f-fa8c-7373-bce5-caabe51dbde0,s,D,QB2,6,0,standard_pi_2,28,0.07,3600000.0,3.6,521,1024,0.5087890625
01a0a58f-fa8c-7373-bce5-caabe51dbde0,s,D,QB2,6,0,standard_pi_2,29,0.07,4050000.0,4.05,529,1024,0.5166015625
01a0a58f-fa8c-7373-bce5-caabe51dbde0,s,D,QB2,6,0,standard_pi_2,30,0.07,4500000.0,4.5,573,1024,0.5595703125
01a0a58f-fa8c-7373-bce5-caabe51dbde0,s,D,QB2,6,0,standard_pi_2,31,0.07,4950000.0,4.95,519,1024,0.5068359375
01a0a58f-fa8c-7373-bce5-caabe51dbde0,s,D,QB2,6,0,standard_pi_2,32,0.07,5400000.0,5.4,534,1024,0.521484375
01a0a58f-fa8c-7373-bce5-caabe51dbde0,s,D,QB2,6,0,standard_pi_2,33,0.07,5850000.0,5.85,515,1024,0.5029296875
01a0a58f-fa8c-7373-bce5-caabe51dbde0,s,D,QB2,6,0,standard_pi_2,34,0.07,6300000.0,6.3,487,1024,0.4755859375
01a0a58f-fa8c-7373-bce5-caabe51dbde0,s,D,QB2,6,0,standard_pi_2,35,0.07,6750000.0,6.75,500,1024,0.48828125
01a0a58f-fa8c-7373-bce5-caabe51dbde0,s,D,QB2,6,0,standard_pi_2,36,0.07,7200000.0,7.2,541,1024,0.5283203125
01a0a58f-fa8c-7373-bce5-caabe51dbde0,s,D,QB2,6,0,standard_pi_2,37,0.07,7650000.0,7.65,511,1024,0.4990234375
01a0a58f-fa8c-7373-bce5-caabe51dbde0,s,D,QB2,6,0,standard_pi_2,38,0.07,8100000.0,8.1,493,1024,0.4814453125
01a0a58f-fa8c-7373-bce5-caabe51dbde0,s,D,QB2,6,0,standard_pi_2,39,0.07,8550000.0,8.55,499,1024,0.4873046875
01a0a58f-fa8c-7373-bce5-caabe51dbde0,s,D,QB2,6,0,standard_pi_2,40,0.07,9000000.0,9.0,525,1024,0.5126953125
01a0a58f-fa8c-7373-bce5-caabe51dbde0,s,D,QB2,6,1,UVH5s,0,0.07,-9000000.0,-9.0,595,1024,0.5810546875
01a0a58f-fa8c-7373-bce5-caabe51dbde0,s,D,QB2,6,1,UVH5s,1,0.07,-8550000.0,-8.55,615,1024,0.6005859375
01a0a58f-fa8c-7373-bce5-caabe51dbde0,s,D,QB2,6,1,UVH5s,2,0.07,-8100000.0,-8.1,598,1024,0.583984375
01a0a58f-fa8c-7373-bce5-caabe51dbde0,s,D,QB2,6,1,UVH5s,3,0.07,-7650000.0,-7.65,610,1024,0.595703125
01a0a58f-fa8c-7373-bce5-caabe51dbde0,s,D,QB2,6,1,UVH5s,4,0.07,-7200000.0,-7.2,597,1024,0.5830078125
01a0a58f-fa8c-7373-bce5-caabe51dbde0,s,D,QB2,6,1,UVH5s,5,0.07,-6750000.0,-6.75,621,1024,0.6064453125
01a0a58f-fa8c-7373-bce5-caabe51dbde0,s,D,QB2,6,1,UVH5s,6,0.07,-6300000.0,-6.3,583,1024,0.5693359375
01a0a58f-fa8c-7373-bce5-caabe51dbde0,s,D,QB2,6,1,UVH5s,7,0.07,-5850000.0,-5.85,589,1024,0.5751953125
01a0a58f-fa8c-7373-bce5-caabe51dbde0,s,D,QB2,6,1,UVH5s,8,0.07,-5400000.0,-5.4,585,1024,0.5712890625
01a0a58f-fa8c-7373-bce5-caabe51dbde0,s,D,QB2,6,1,UVH5s,9,0.07,-4950000.0,-4.95,558,1024,0.544921875
01a0a58f-fa8c-7373-bce5-caabe51dbde0,s,D,QB2,6,1,UVH5s,10,0.07,-4500000.0,-4.5,543,1024,0.5302734375
01a0a58f-fa8c-7373-bce5-caabe51dbde0,s,D,QB2,6,1,UVH5s,11,0.07,-4050000.0,-4.05,546,1024,0.533203125
01a0a58f-fa8c-7373-bce5-caabe51dbde0,s,D,QB2,6,1,UVH5s,12,0.07,-3600000.0,-3.6,535,1024,0.5224609375
01a0a58f-fa8c-7373-bce5-caabe51dbde0,s,D,QB2,6,1,UVH5s,13,0.07,-3150000.0,-3.15,542,1024,0.529296875
01a0a58f-fa8c-7373-bce5-caabe51dbde0,s,D,QB2,6,1,UVH5s,14,0.07,-2700000.0,-2.7,560,1024,0.546875
01a0a58f-fa8c-7373-bce5-caabe51dbde0,s,D,QB2,6,1,UVH5s,15,0.07,-2250000.0,-2.25,504,1024,0.4921875
01a0a58f-fa8c-7373-bce5-caabe51dbde0,s,D,QB2,6,1,UVH5s,16,0.07,-1800000.0,-1.8,533,1024,0.5205078125
01a0a58f-fa8c-7373-bce5-caabe51dbde0,s,D,QB2,6,1,UVH5s,17,0.07,-1350000.0,-1.35,511,1024,0.4990234375
01a0a58f-fa8c-7373-bce5-caabe51dbde0,s,D,QB2,6,1,UVH5s,18,0.07,-900000.0,-0.9,514,1024,0.501953125
01a0a58f-fa8c-7373-bce5-caabe51dbde0,s,D,QB2,6,1,UVH5s,19,0.07,-450000.0,-0.45,508,1024,0.49609375
01a0a58f-fa8c-7373-bce5-caabe51dbde0,s,D,QB2,6,1,UVH5s,20,0.07,0.0,0.0,490,1024,0.478515625
01a0a58f-fa8c-7373-bce5-caabe51dbde0,s,D,QB2,6,1,UVH5s,21,0.07,450000.0,0.45,530,1024,0.517578125
01a0a58f-fa8c-7373-bce5-caabe51dbde0,s,D,QB2,6,1,UVH5s,22,0.07,900000.0,0.9,491,1024,0.4794921875
01a0a58f-fa8c-7373-bce5-caabe51dbde0,s,D,QB2,6,1,UVH5s,23,0.07,1350000.0,1.35,508,1024,0.49609375
01a0a58f-fa8c-7373-bce5-caabe51dbde0,s,D,QB2,6,1,UVH5s,24,0.07,1800000.0,1.8,527,1024,0.5146484375
01a0a58f-fa8c-7373-bce5-caabe51dbde0,s,D,QB2,6,1,UVH5s,25,0.07,2250000.0,2.25,536,1024,0.5234375
01a0a58f-fa8c-7373-bce5-caabe51dbde0,s,D,QB2,6,1,UVH5s,26,0.07,2700000.0,2.7,534,1024,0.521484375
01a0a58f-fa8c-7373-bce5-caabe51dbde0,s,D,QB2,6,1,UVH5s,27,0.07,3150000.0,3.15,538,1024,0.525390625
01a0a58f-fa8c-7373-bce5-caabe51dbde0,s,D,QB2,6,1,UVH5s,28,0.07,3600000.0,3.6,555,1024,0.5419921875
01a0a58f-fa8c-7373-bce5-caabe51dbde0,s,D,QB2,6,1,UVH5s,29,0.07,4050000.0,4.05,561,1024,0.5478515625
01a0a58f-fa8c-7373-bce5-caabe51dbde0,s,D,QB2,6,1,UVH5s,30,0.07,4500000.0,4.5,591,1024,0.5771484375
01a0a58f-fa8c-7373-bce5-caabe51dbde0,s,D,QB2,6,1,UVH5s,31,0.07,4950000.0,4.95,613,1024,0.5986328125
01a0a58f-fa8c-7373-bce5-caabe51dbde0,s,D,QB2,6,1,UVH5s,32,0.07,5400000.0,5.4,623,1024,0.6083984375
01a0a58f-fa8c-7373-bce5-caabe51dbde0,s,D,QB2,6,1,UVH5s,33,0.07,5850000.0,5.85,598,1024,0.583984375
01a0a58f-fa8c-7373-bce5-caabe51dbde0,s,D,QB2,6,1,UVH5s,34,0.07,6300000.0,6.3,610,1024,0.595703125
01a0a58f-fa8c-7373-bce5-caabe51dbde0,s,D,QB2,6,1,UVH5s,35,0.07,6750000.0,6.75,675,1024,0.6591796875
01a0a58f-fa8c-7373-bce5-caabe51dbde0,s,D,QB2,6,1,UVH5s,36,0.07,7200000.0,7.2,662,1024,0.646484375
01a0a58f-fa8c-7373-bce5-caabe51dbde0,s,D,QB2,6,1,UVH5s,37,0.07,7650000.0,7.65,679,1024,0.6630859375
01a0a58f-fa8c-7373-bce5-caabe51dbde0,s,D,QB2,6,1,UVH5s,38,0.07,8100000.0,8.1,685,1024,0.6689453125
01a0a58f-fa8c-7373-bce5-caabe51dbde0,s,D,QB2,6,1,UVH5s,39,0.07,8550000.0,8.55,702,1024,0.685546875
01a0a58f-fa8c-7373-bce5-caabe51dbde0,s,D,QB2,6,1,UVH5s,40,0.07,9000000.0,9.0,729,1024,0.7119140625
01a0a58f-fa8c-7373-bce5-caabe51dbde0,s,D,QB2,6,2,UVH7s,0,0.07,-9000000.0,-9.0,574,1024,0.560546875
01a0a58f-fa8c-7373-bce5-caabe51dbde0,s,D,QB2,6,2,UVH7s,1,0.07,-8550000.0,-8.55,606,1024,0.591796875
01a0a58f-fa8c-7373-bce5-caabe51dbde0,s,D,QB2,6,2,UVH7s,2,0.07,-8100000.0,-8.1,596,1024,0.58203125
01a0a58f-fa8c-7373-bce5-caabe51dbde0,s,D,QB2,6,2,UVH7s,3,0.07,-7650000.0,-7.65,585,1024,0.5712890625
01a0a58f-fa8c-7373-bce5-caabe51dbde0,s,D,QB2,6,2,UVH7s,4,0.07,-7200000.0,-7.2,606,1024,0.591796875
01a0a58f-fa8c-7373-bce5-caabe51dbde0,s,D,QB2,6,2,UVH7s,5,0.07,-6750000.0,-6.75,605,1024,0.5908203125
01a0a58f-fa8c-7373-bce5-caabe51dbde0,s,D,QB2,6,2,UVH7s,6,0.07,-6300000.0,-6.3,585,1024,0.5712890625
01a0a58f-fa8c-7373-bce5-caabe51dbde0,s,D,QB2,6,2,UVH7s,7,0.07,-5850000.0,-5.85,594,1024,0.580078125
01a0a58f-fa8c-7373-bce5-caabe51dbde0,s,D,QB2,6,2,UVH7s,8,0.07,-5400000.0,-5.4,608,1024,0.59375
01a0a58f-fa8c-7373-bce5-caabe51dbde0,s,D,QB2,6,2,UVH7s,9,0.07,-4950000.0,-4.95,568,1024,0.5546875
01a0a58f-fa8c-7373-bce5-caabe51dbde0,s,D,QB2,6,2,UVH7s,10,0.07,-4500000.0,-4.5,560,1024,0.546875
01a0a58f-fa8c-7373-bce5-caabe51dbde0,s,D,QB2,6,2,UVH7s,11,0.07,-4050000.0,-4.05,523,1024,0.5107421875
01a0a58f-fa8c-7373-bce5-caabe51dbde0,s,D,QB2,6,2,UVH7s,12,0.07,-3600000.0,-3.6,568,1024,0.5546875
01a0a58f-fa8c-7373-bce5-caabe51dbde0,s,D,QB2,6,2,UVH7s,13,0.07,-3150000.0,-3.15,553,1024,0.5400390625
01a0a58f-fa8c-7373-bce5-caabe51dbde0,s,D,QB2,6,2,UVH7s,14,0.07,-2700000.0,-2.7,519,1024,0.5068359375
01a0a58f-fa8c-7373-bce5-caabe51dbde0,s,D,QB2,6,2,UVH7s,15,0.07,-2250000.0,-2.25,516,1024,0.50390625
01a0a58f-fa8c-7373-bce5-caabe51dbde0,s,D,QB2,6,2,UVH7s,16,0.07,-1800000.0,-1.8,532,1024,0.51953125
01a0a58f-fa8c-7373-bce5-caabe51dbde0,s,D,QB2,6,2,UVH7s,17,0.07,-1350000.0,-1.35,526,1024,0.513671875
01a0a58f-fa8c-7373-bce5-caabe51dbde0,s,D,QB2,6,2,UVH7s,18,0.07,-900000.0,-0.9,524,1024,0.51171875
01a0a58f-fa8c-7373-bce5-caabe51dbde0,s,D,QB2,6,2,UVH7s,19,0.07,-450000.0,-0.45,518,1024,0.505859375
01a0a58f-fa8c-7373-bce5-caabe51dbde0,s,D,QB2,6,2,UVH7s,20,0.07,0.0,0.0,556,1024,0.54296875
01a0a58f-fa8c-7373-bce5-caabe51dbde0,s,D,QB2,6,2,UVH7s,21,0.07,450000.0,0.45,545,1024,0.5322265625
01a0a58f-fa8c-7373-bce5-caabe51dbde0,s,D,QB2,6,2,UVH7s,22,0.07,900000.0,0.9,552,1024,0.5390625
01a0a58f-fa8c-7373-bce5-caabe51dbde0,s,D,QB2,6,2,UVH7s,23,0.07,1350000.0,1.35,516,1024,0.50390625
01a0a58f-fa8c-7373-bce5-caabe51dbde0,s,D,QB2,6,2,UVH7s,24,0.07,1800000.0,1.8,553,1024,0.5400390625
01a0a58f-fa8c-7373-bce5-caabe51dbde0,s,D,QB2,6,2,UVH7s,25,0.07,2250000.0,2.25,543,1024,0.5302734375
01a0a58f-fa8c-7373-bce5-caabe51dbde0,s,D,QB2,6,2,UVH7s,26,0.07,2700000.0,2.7,512,1024,0.5
01a0a58f-fa8c-7373-bce5-caabe51dbde0,s,D,QB2,6,2,UVH7s,27,0.07,3150000.0,3.15,539,1024,0.5263671875
01a0a58f-fa8c-7373-bce5-caabe51dbde0,s,D,QB2,6,2,UVH7s,28,0.07,3600000.0,3.6,565,1024,0.5517578125
01a0a58f-fa8c-7373-bce5-caabe51dbde0,s,D,QB2,6,2,UVH7s,29,0.07,4050000.0,4.05,559,1024,0.5458984375
01a0a58f-fa8c-7373-bce5-caabe51dbde0,s,D,QB2,6,2,UVH7s,30,0.07,4500000.0,4.5,536,1024,0.5234375
01a0a58f-fa8c-7373-bce5-caabe51dbde0,s,D,QB2,6,2,UVH7s,31,0.07,4950000.0,4.95,553,1024,0.5400390625
01a0a58f-fa8c-7373-bce5-caabe51dbde0,s,D,QB2,6,2,UVH7s,32,0.07,5400000.0,5.4,540,1024,0.52734375
01a0a58f-fa8c-7373-bce5-caabe51dbde0,s,D,QB2,6,2,UVH7s,33,0.07,5850000.0,5.85,559,1024,0.5458984375
01a0a58f-fa8c-7373-bce5-caabe51dbde0,s,D,QB2,6,2,UVH7s,34,0.07,6300000.0,6.3,567,1024,0.5537109375
01a0a58f-fa8c-7373-bce5-caabe51dbde0,s,D,QB2,6,2,UVH7s,35,0.07,6750000.0,6.75,575,1024,0.5615234375
01a0a58f-fa8c-7373-bce5-caabe51dbde0,s,D,QB2,6,2,UVH7s,36,0.07,7200000.0,7.2,580,1024,0.56640625
01a0a58f-fa8c-7373-bce5-caabe51dbde0,s,D,QB2,6,2,UVH7s,37,0.07,7650000.0,7.65,630,1024,0.615234375
01a0a58f-fa8c-7373-bce5-caabe51dbde0,s,D,QB2,6,2,UVH7s,38,0.07,8100000.0,8.1,612,1024,0.59765625
01a0a58f-fa8c-7373-bce5-caabe51dbde0,s,D,QB2,6,2,UVH7s,39,0.07,8550000.0,8.55,622,1024,0.607421875
01a0a58f-fa8c-7373-bce5-caabe51dbde0,s,D,QB2,6,2,UVH7s,40,0.07,9000000.0,9.0,611,1024,0.5966796875
01a0a58f-fa8c-7373-bce5-caabe51dbde0,s,D,QB2,6,3,UVH9s,0,0.07,-9000000.0,-9.0,489,1024,0.4775390625
01a0a58f-fa8c-7373-bce5-caabe51dbde0,s,D,QB2,6,3,UVH9s,1,0.07,-8550000.0,-8.55,459,1024,0.4482421875
01a0a58f-fa8c-7373-bce5-caabe51dbde0,s,D,QB2,6,3,UVH9s,2,0.07,-8100000.0,-8.1,427,1024,0.4169921875
01a0a58f-fa8c-7373-bce5-caabe51dbde0,s,D,QB2,6,3,UVH9s,3,0.07,-7650000.0,-7.65,474,1024,0.462890625
01a0a58f-fa8c-7373-bce5-caabe51dbde0,s,D,QB2,6,3,UVH9s,4,0.07,-7200000.0,-7.2,498,1024,0.486328125
01a0a58f-fa8c-7373-bce5-caabe51dbde0,s,D,QB2,6,3,UVH9s,5,0.07,-6750000.0,-6.75,507,1024,0.4951171875
01a0a58f-fa8c-7373-bce5-caabe51dbde0,s,D,QB2,6,3,UVH9s,6,0.07,-6300000.0,-6.3,520,1024,0.5078125
01a0a58f-fa8c-7373-bce5-caabe51dbde0,s,D,QB2,6,3,UVH9s,7,0.07,-5850000.0,-5.85,495,1024,0.4833984375
01a0a58f-fa8c-7373-bce5-caabe51dbde0,s,D,QB2,6,3,UVH9s,8,0.07,-5400000.0,-5.4,524,1024,0.51171875
01a0a58f-fa8c-7373-bce5-caabe51dbde0,s,D,QB2,6,3,UVH9s,9,0.07,-4950000.0,-4.95,519,1024,0.5068359375
01a0a58f-fa8c-7373-bce5-caabe51dbde0,s,D,QB2,6,3,UVH9s,10,0.07,-4500000.0,-4.5,524,1024,0.51171875
01a0a58f-fa8c-7373-bce5-caabe51dbde0,s,D,QB2,6,3,UVH9s,11,0.07,-4050000.0,-4.05,524,1024,0.51171875
01a0a58f-fa8c-7373-bce5-caabe51dbde0,s,D,QB2,6,3,UVH9s,12,0.07,-3600000.0,-3.6,514,1024,0.501953125
01a0a58f-fa8c-7373-bce5-caabe51dbde0,s,D,QB2,6,3,UVH9s,13,0.07,-3150000.0,-3.15,510,1024,0.498046875
01a0a58f-fa8c-7373-bce5-caabe51dbde0,s,D,QB2,6,3,UVH9s,14,0.07,-2700000.0,-2.7,535,1024,0.5224609375
01a0a58f-fa8c-7373-bce5-caabe51dbde0,s,D,QB2,6,3,UVH9s,15,0.07,-2250000.0,-2.25,513,1024,0.5009765625
01a0a58f-fa8c-7373-bce5-caabe51dbde0,s,D,QB2,6,3,UVH9s,16,0.07,-1800000.0,-1.8,547,1024,0.5341796875
01a0a58f-fa8c-7373-bce5-caabe51dbde0,s,D,QB2,6,3,UVH9s,17,0.07,-1350000.0,-1.35,543,1024,0.5302734375
01a0a58f-fa8c-7373-bce5-caabe51dbde0,s,D,QB2,6,3,UVH9s,18,0.07,-900000.0,-0.9,523,1024,0.5107421875
01a0a58f-fa8c-7373-bce5-caabe51dbde0,s,D,QB2,6,3,UVH9s,19,0.07,-450000.0,-0.45,517,1024,0.5048828125
01a0a58f-fa8c-7373-bce5-caabe51dbde0,s,D,QB2,6,3,UVH9s,20,0.07,0.0,0.0,514,1024,0.501953125
01a0a58f-fa8c-7373-bce5-caabe51dbde0,s,D,QB2,6,3,UVH9s,21,0.07,450000.0,0.45,519,1024,0.5068359375
01a0a58f-fa8c-7373-bce5-caabe51dbde0,s,D,QB2,6,3,UVH9s,22,0.07,900000.0,0.9,510,1024,0.498046875
01a0a58f-fa8c-7373-bce5-caabe51dbde0,s,D,QB2,6,3,UVH9s,23,0.07,1350000.0,1.35,529,1024,0.5166015625
01a0a58f-fa8c-7373-bce5-caabe51dbde0,s,D,QB2,6,3,UVH9s,24,0.07,1800000.0,1.8,526,1024,0.513671875
01a0a58f-fa8c-7373-bce5-caabe51dbde0,s,D,QB2,6,3,UVH9s,25,0.07,2250000.0,2.25,519,1024,0.5068359375
01a0a58f-fa8c-7373-bce5-caabe51dbde0,s,D,QB2,6,3,UVH9s,26,0.07,2700000.0,2.7,505,1024,0.4931640625
01a0a58f-fa8c-7373-bce5-caabe51dbde0,s,D,QB2,6,3,UVH9s,27,0.07,3150000.0,3.15,501,1024,0.4892578125
01a0a58f-fa8c-7373-bce5-caabe51dbde0,s,D,QB2,6,3,UVH9s,28,0.07,3600000.0,3.6,507,1024,0.4951171875
01a0a58f-fa8c-7373-bce5-caabe51dbde0,s,D,QB2,6,3,UVH9s,29,0.07,4050000.0,4.05,488,1024,0.4765625
01a0a58f-fa8c-7373-bce5-caabe51dbde0,s,D,QB2,6,3,UVH9s,30,0.07,4500000.0,4.5,506,1024,0.494140625
01a0a58f-fa8c-7373-bce5-caabe51dbde0,s,D,QB2,6,3,UVH9s,31,0.07,4950000.0,4.95,480,1024,0.46875
01a0a58f-fa8c-7373-bce5-caabe51dbde0,s,D,QB2,6,3,UVH9s,32,0.07,5400000.0,5.4,483,1024,0.4716796875
01a0a58f-fa8c-7373-bce5-caabe51dbde0,s,D,QB2,6,3,UVH9s,33,0.07,5850000.0,5.85,486,1024,0.474609375
01a0a58f-fa8c-7373-bce5-caabe51dbde0,s,D,QB2,6,3,UVH9s,34,0.07,6300000.0,6.3,452,1024,0.44140625
01a0a58f-fa8c-7373-bce5-caabe51dbde0,s,D,QB2,6,3,UVH9s,35,0.07,6750000.0,6.75,423,1024,0.4130859375
01a0a58f-fa8c-7373-bce5-caabe51dbde0,s,D,QB2,6,3,UVH9s,36,0.07,7200000.0,7.2,418,1024,0.408203125
01a0a58f-fa8c-7373-bce5-caabe51dbde0,s,D,QB2,6,3,UVH9s,37,0.07,7650000.0,7.65,427,1024,0.4169921875
01a0a58f-fa8c-7373-bce5-caabe51dbde0,s,D,QB2,6,3,UVH9s,38,0.07,8100000.0,8.1,383,1024,0.3740234375
01a0a58f-fa8c-7373-bce5-caabe51dbde0,s,D,QB2,6,3,UVH9s,39,0.07,8550000.0,8.55,354,1024,0.345703125
01a0a58f-fa8c-7373-bce5-caabe51dbde0,s,D,QB2,6,3,UVH9s,40,0.07,9000000.0,9.0,322,1024,0.314453125
01a0a58f-fa8c-7373-bce5-caabe51dbde0,s,D,QB2,6,4,UVH11s,0,0.07,-9000000.0,-9.0,582,1024,0.568359375
01a0a58f-fa8c-7373-bce5-caabe51dbde0,s,D,QB2,6,4,UVH11s,1,0.07,-8550000.0,-8.55,563,1024,0.5498046875
01a0a58f-fa8c-7373-bce5-caabe51dbde0,s,D,QB2,6,4,UVH11s,2,0.07,-8100000.0,-8.1,560,1024,0.546875
01a0a58f-fa8c-7373-bce5-caabe51dbde0,s,D,QB2,6,4,UVH11s,3,0.07,-7650000.0,-7.65,559,1024,0.5458984375
01a0a58f-fa8c-7373-bce5-caabe51dbde0,s,D,QB2,6,4,UVH11s,4,0.07,-7200000.0,-7.2,541,1024,0.5283203125
01a0a58f-fa8c-7373-bce5-caabe51dbde0,s,D,QB2,6,4,UVH11s,5,0.07,-6750000.0,-6.75,553,1024,0.5400390625
01a0a58f-fa8c-7373-bce5-caabe51dbde0,s,D,QB2,6,4,UVH11s,6,0.07,-6300000.0,-6.3,537,1024,0.5244140625
01a0a58f-fa8c-7373-bce5-caabe51dbde0,s,D,QB2,6,4,UVH11s,7,0.07,-5850000.0,-5.85,539,1024,0.5263671875
01a0a58f-fa8c-7373-bce5-caabe51dbde0,s,D,QB2,6,4,UVH11s,8,0.07,-5400000.0,-5.4,532,1024,0.51953125
01a0a58f-fa8c-7373-bce5-caabe51dbde0,s,D,QB2,6,4,UVH11s,9,0.07,-4950000.0,-4.95,544,1024,0.53125
01a0a58f-fa8c-7373-bce5-caabe51dbde0,s,D,QB2,6,4,UVH11s,10,0.07,-4500000.0,-4.5,566,1024,0.552734375
01a0a58f-fa8c-7373-bce5-caabe51dbde0,s,D,QB2,6,4,UVH11s,11,0.07,-4050000.0,-4.05,542,1024,0.529296875
01a0a58f-fa8c-7373-bce5-caabe51dbde0,s,D,QB2,6,4,UVH11s,12,0.07,-3600000.0,-3.6,559,1024,0.5458984375
01a0a58f-fa8c-7373-bce5-caabe51dbde0,s,D,QB2,6,4,UVH11s,13,0.07,-3150000.0,-3.15,531,1024,0.5185546875
01a0a58f-fa8c-7373-bce5-caabe51dbde0,s,D,QB2,6,4,UVH11s,14,0.07,-2700000.0,-2.7,549,1024,0.5361328125
01a0a58f-fa8c-7373-bce5-caabe51dbde0,s,D,QB2,6,4,UVH11s,15,0.07,-2250000.0,-2.25,514,1024,0.501953125
01a0a58f-fa8c-7373-bce5-caabe51dbde0,s,D,QB2,6,4,UVH11s,16,0.07,-1800000.0,-1.8,520,1024,0.5078125
01a0a58f-fa8c-7373-bce5-caabe51dbde0,s,D,QB2,6,4,UVH11s,17,0.07,-1350000.0,-1.35,522,1024,0.509765625
01a0a58f-fa8c-7373-bce5-caabe51dbde0,s,D,QB2,6,4,UVH11s,18,0.07,-900000.0,-0.9,561,1024,0.5478515625
01a0a58f-fa8c-7373-bce5-caabe51dbde0,s,D,QB2,6,4,UVH11s,19,0.07,-450000.0,-0.45,523,1024,0.5107421875
01a0a58f-fa8c-7373-bce5-caabe51dbde0,s,D,QB2,6,4,UVH11s,20,0.07,0.0,0.0,545,1024,0.5322265625
01a0a58f-fa8c-7373-bce5-caabe51dbde0,s,D,QB2,6,4,UVH11s,21,0.07,450000.0,0.45,530,1024,0.517578125
01a0a58f-fa8c-7373-bce5-caabe51dbde0,s,D,QB2,6,4,UVH11s,22,0.07,900000.0,0.9,527,1024,0.5146484375
01a0a58f-fa8c-7373-bce5-caabe51dbde0,s,D,QB2,6,4,UVH11s,23,0.07,1350000.0,1.35,494,1024,0.482421875
01a0a58f-fa8c-7373-bce5-caabe51dbde0,s,D,QB2,6,4,UVH11s,24,0.07,1800000.0,1.8,529,1024,0.5166015625
01a0a58f-fa8c-7373-bce5-caabe51dbde0,s,D,QB2,6,4,UVH11s,25,0.07,2250000.0,2.25,521,1024,0.5087890625
01a0a58f-fa8c-7373-bce5-caabe51dbde0,s,D,QB2,6,4,UVH11s,26,0.07,2700000.0,2.7,526,1024,0.513671875
01a0a58f-fa8c-7373-bce5-caabe51dbde0,s,D,QB2,6,4,UVH11s,27,0.07,3150000.0,3.15,520,1024,0.5078125
01a0a58f-fa8c-7373-bce5-caabe51dbde0,s,D,QB2,6,4,UVH11s,28,0.07,3600000.0,3.6,513,1024,0.5009765625
01a0a58f-fa8c-7373-bce5-caabe51dbde0,s,D,QB2,6,4,UVH11s,29,0.07,4050000.0,4.05,513,1024,0.5009765625
01a0a58f-fa8c-7373-bce5-caabe51dbde0,s,D,QB2,6,4,UVH11s,30,0.07,4500000.0,4.5,519,1024,0.5068359375
01a0a58f-fa8c-7373-bce5-caabe51dbde0,s,D,QB2,6,4,UVH11s,31,0.07,4950000.0,4.95,519,1024,0.5068359375
01a0a58f-fa8c-7373-bce5-caabe51dbde0,s,D,QB2,6,4,UVH11s,32,0.07,5400000.0,5.4,526,1024,0.513671875
01a0a58f-fa8c-7373-bce5-caabe51dbde0,s,D,QB2,6,4,UVH11s,33,0.07,5850000.0,5.85,517,1024,0.5048828125
01a0a58f-fa8c-7373-bce5-caabe51dbde0,s,D,QB2,6,4,UVH11s,34,0.07,6300000.0,6.3,475,1024,0.4638671875
01a0a58f-fa8c-7373-bce5-caabe51dbde0,s,D,QB2,6,4,UVH11s,35,0.07,6750000.0,6.75,510,1024,0.498046875
01a0a58f-fa8c-7373-bce5-caabe51dbde0,s,D,QB2,6,4,UVH11s,36,0.07,7200000.0,7.2,472,1024,0.4609375
01a0a58f-fa8c-7373-bce5-caabe51dbde0,s,D,QB2,6,4,UVH11s,37,0.07,7650000.0,7.65,488,1024,0.4765625
01a0a58f-fa8c-7373-bce5-caabe51dbde0,s,D,QB2,6,4,UVH11s,38,0.07,8100000.0,8.1,490,1024,0.478515625
01a0a58f-fa8c-7373-bce5-caabe51dbde0,s,D,QB2,6,4,UVH11s,39,0.07,8550000.0,8.55,477,1024,0.4658203125
01a0a58f-fa8c-7373-bce5-caabe51dbde0,s,D,QB2,6,4,UVH11s,40,0.07,9000000.0,9.0,484,1024,0.47265625
01a0a58f-fa8c-7373-bce5-caabe51dbde0,s,D,QB2,6,5,UVH13s,0,0.07,-9000000.0,-9.0,573,1024,0.5595703125
01a0a58f-fa8c-7373-bce5-caabe51dbde0,s,D,QB2,6,5,UVH13s,1,0.07,-8550000.0,-8.55,569,1024,0.5556640625
01a0a58f-fa8c-7373-bce5-caabe51dbde0,s,D,QB2,6,5,UVH13s,2,0.07,-8100000.0,-8.1,545,1024,0.5322265625
01a0a58f-fa8c-7373-bce5-caabe51dbde0,s,D,QB2,6,5,UVH13s,3,0.07,-7650000.0,-7.65,529,1024,0.5166015625
01a0a58f-fa8c-7373-bce5-caabe51dbde0,s,D,QB2,6,5,UVH13s,4,0.07,-7200000.0,-7.2,528,1024,0.515625
01a0a58f-fa8c-7373-bce5-caabe51dbde0,s,D,QB2,6,5,UVH13s,5,0.07,-6750000.0,-6.75,504,1024,0.4921875
01a0a58f-fa8c-7373-bce5-caabe51dbde0,s,D,QB2,6,5,UVH13s,6,0.07,-6300000.0,-6.3,501,1024,0.4892578125
01a0a58f-fa8c-7373-bce5-caabe51dbde0,s,D,QB2,6,5,UVH13s,7,0.07,-5850000.0,-5.85,503,1024,0.4912109375
01a0a58f-fa8c-7373-bce5-caabe51dbde0,s,D,QB2,6,5,UVH13s,8,0.07,-5400000.0,-5.4,482,1024,0.470703125
01a0a58f-fa8c-7373-bce5-caabe51dbde0,s,D,QB2,6,5,UVH13s,9,0.07,-4950000.0,-4.95,514,1024,0.501953125
01a0a58f-fa8c-7373-bce5-caabe51dbde0,s,D,QB2,6,5,UVH13s,10,0.07,-4500000.0,-4.5,501,1024,0.4892578125
01a0a58f-fa8c-7373-bce5-caabe51dbde0,s,D,QB2,6,5,UVH13s,11,0.07,-4050000.0,-4.05,484,1024,0.47265625
01a0a58f-fa8c-7373-bce5-caabe51dbde0,s,D,QB2,6,5,UVH13s,12,0.07,-3600000.0,-3.6,486,1024,0.474609375
01a0a58f-fa8c-7373-bce5-caabe51dbde0,s,D,QB2,6,5,UVH13s,13,0.07,-3150000.0,-3.15,504,1024,0.4921875
01a0a58f-fa8c-7373-bce5-caabe51dbde0,s,D,QB2,6,5,UVH13s,14,0.07,-2700000.0,-2.7,509,1024,0.4970703125
01a0a58f-fa8c-7373-bce5-caabe51dbde0,s,D,QB2,6,5,UVH13s,15,0.07,-2250000.0,-2.25,490,1024,0.478515625
01a0a58f-fa8c-7373-bce5-caabe51dbde0,s,D,QB2,6,5,UVH13s,16,0.07,-1800000.0,-1.8,504,1024,0.4921875
01a0a58f-fa8c-7373-bce5-caabe51dbde0,s,D,QB2,6,5,UVH13s,17,0.07,-1350000.0,-1.35,494,1024,0.482421875
01a0a58f-fa8c-7373-bce5-caabe51dbde0,s,D,QB2,6,5,UVH13s,18,0.07,-900000.0,-0.9,500,1024,0.48828125
01a0a58f-fa8c-7373-bce5-caabe51dbde0,s,D,QB2,6,5,UVH13s,19,0.07,-450000.0,-0.45,510,1024,0.498046875
01a0a58f-fa8c-7373-bce5-caabe51dbde0,s,D,QB2,6,5,UVH13s,20,0.07,0.0,0.0,489,1024,0.4775390625
01a0a58f-fa8c-7373-bce5-caabe51dbde0,s,D,QB2,6,5,UVH13s,21,0.07,450000.0,0.45,521,1024,0.5087890625
01a0a58f-fa8c-7373-bce5-caabe51dbde0,s,D,QB2,6,5,UVH13s,22,0.07,900000.0,0.9,512,1024,0.5
01a0a58f-fa8c-7373-bce5-caabe51dbde0,s,D,QB2,6,5,UVH13s,23,0.07,1350000.0,1.35,496,1024,0.484375
01a0a58f-fa8c-7373-bce5-caabe51dbde0,s,D,QB2,6,5,UVH13s,24,0.07,1800000.0,1.8,484,1024,0.47265625
01a0a58f-fa8c-7373-bce5-caabe51dbde0,s,D,QB2,6,5,UVH13s,25,0.07,2250000.0,2.25,538,1024,0.525390625
01a0a58f-fa8c-7373-bce5-caabe51dbde0,s,D,QB2,6,5,UVH13s,26,0.07,2700000.0,2.7,529,1024,0.5166015625
01a0a58f-fa8c-7373-bce5-caabe51dbde0,s,D,QB2,6,5,UVH13s,27,0.07,3150000.0,3.15,493,1024,0.4814453125
01a0a58f-fa8c-7373-bce5-caabe51dbde0,s,D,QB2,6,5,UVH13s,28,0.07,3600000.0,3.6,493,1024,0.4814453125
01a0a58f-fa8c-7373-bce5-caabe51dbde0,s,D,QB2,6,5,UVH13s,29,0.07,4050000.0,4.05,505,1024,0.4931640625
01a0a58f-fa8c-7373-bce5-caabe51dbde0,s,D,QB2,6,5,UVH13s,30,0.07,4500000.0,4.5,517,1024,0.5048828125
01a0a58f-fa8c-7373-bce5-caabe51dbde0,s,D,QB2,6,5,UVH13s,31,0.07,4950000.0,4.95,492,1024,0.48046875
01a0a58f-fa8c-7373-bce5-caabe51dbde0,s,D,QB2,6,5,UVH13s,32,0.07,5400000.0,5.4,529,1024,0.5166015625
01a0a58f-fa8c-7373-bce5-caabe51dbde0,s,D,QB2,6,5,UVH13s,33,0.07,5850000.0,5.85,506,1024,0.494140625
01a0a58f-fa8c-7373-bce5-caabe51dbde0,s,D,QB2,6,5,UVH13s,34,0.07,6300000.0,6.3,533,1024,0.5205078125
01a0a58f-fa8c-7373-bce5-caabe51dbde0,s,D,QB2,6,5,UVH13s,35,0.07,6750000.0,6.75,561,1024,0.5478515625
01a0a58f-fa8c-7373-bce5-caabe51dbde0,s,D,QB2,6,5,UVH13s,36,0.07,7200000.0,7.2,514,1024,0.501953125
01a0a58f-fa8c-7373-bce5-caabe51dbde0,s,D,QB2,6,5,UVH13s,37,0.07,7650000.0,7.65,501,1024,0.4892578125
01a0a58f-fa8c-7373-bce5-caabe51dbde0,s,D,QB2,6,5,UVH13s,38,0.07,8100000.0,8.1,495,1024,0.4833984375
01a0a58f-fa8c-7373-bce5-caabe51dbde0,s,D,QB2,6,5,UVH13s,39,0.07,8550000.0,8.55,521,1024,0.5087890625
01a0a58f-fa8c-7373-bce5-caabe51dbde0,s,D,QB2,6,5,UVH13s,40,0.07,9000000.0,9.0,528,1024,0.515625
01a0a58f-fa8c-7373-bce5-caabe51dbde0,s,D,QB6,7,0,standard_pi_2,0,0.07,-9000000.0,-9.0,614,1024,0.599609375
01a0a58f-fa8c-7373-bce5-caabe51dbde0,s,D,QB6,7,0,standard_pi_2,1,0.07,-8550000.0,-8.55,607,1024,0.5927734375
01a0a58f-fa8c-7373-bce5-caabe51dbde0,s,D,QB6,7,0,standard_pi_2,2,0.07,-8100000.0,-8.1,629,1024,0.6142578125
01a0a58f-fa8c-7373-bce5-caabe51dbde0,s,D,QB6,7,0,standard_pi_2,3,0.07,-7650000.0,-7.65,607,1024,0.5927734375
01a0a58f-fa8c-7373-bce5-caabe51dbde0,s,D,QB6,7,0,standard_pi_2,4,0.07,-7200000.0,-7.2,619,1024,0.6044921875
01a0a58f-fa8c-7373-bce5-caabe51dbde0,s,D,QB6,7,0,standard_pi_2,5,0.07,-6750000.0,-6.75,590,1024,0.576171875
01a0a58f-fa8c-7373-bce5-caabe51dbde0,s,D,QB6,7,0,standard_pi_2,6,0.07,-6300000.0,-6.3,574,1024,0.560546875
01a0a58f-fa8c-7373-bce5-caabe51dbde0,s,D,QB6,7,0,standard_pi_2,7,0.07,-5850000.0,-5.85,628,1024,0.61328125
01a0a58f-fa8c-7373-bce5-caabe51dbde0,s,D,QB6,7,0,standard_pi_2,8,0.07,-5400000.0,-5.4,589,1024,0.5751953125
01a0a58f-fa8c-7373-bce5-caabe51dbde0,s,D,QB6,7,0,standard_pi_2,9,0.07,-4950000.0,-4.95,610,1024,0.595703125
01a0a58f-fa8c-7373-bce5-caabe51dbde0,s,D,QB6,7,0,standard_pi_2,10,0.07,-4500000.0,-4.5,566,1024,0.552734375
01a0a58f-fa8c-7373-bce5-caabe51dbde0,s,D,QB6,7,0,standard_pi_2,11,0.07,-4050000.0,-4.05,558,1024,0.544921875
01a0a58f-fa8c-7373-bce5-caabe51dbde0,s,D,QB6,7,0,standard_pi_2,12,0.07,-3600000.0,-3.6,575,1024,0.5615234375
01a0a58f-fa8c-7373-bce5-caabe51dbde0,s,D,QB6,7,0,standard_pi_2,13,0.07,-3150000.0,-3.15,563,1024,0.5498046875
01a0a58f-fa8c-7373-bce5-caabe51dbde0,s,D,QB6,7,0,standard_pi_2,14,0.07,-2700000.0,-2.7,547,1024,0.5341796875
01a0a58f-fa8c-7373-bce5-caabe51dbde0,s,D,QB6,7,0,standard_pi_2,15,0.07,-2250000.0,-2.25,586,1024,0.572265625
01a0a58f-fa8c-7373-bce5-caabe51dbde0,s,D,QB6,7,0,standard_pi_2,16,0.07,-1800000.0,-1.8,578,1024,0.564453125
01a0a58f-fa8c-7373-bce5-caabe51dbde0,s,D,QB6,7,0,standard_pi_2,17,0.07,-1350000.0,-1.35,554,1024,0.541015625
01a0a58f-fa8c-7373-bce5-caabe51dbde0,s,D,QB6,7,0,standard_pi_2,18,0.07,-900000.0,-0.9,560,1024,0.546875
01a0a58f-fa8c-7373-bce5-caabe51dbde0,s,D,QB6,7,0,standard_pi_2,19,0.07,-450000.0,-0.45,549,1024,0.5361328125
01a0a58f-fa8c-7373-bce5-caabe51dbde0,s,D,QB6,7,0,standard_pi_2,20,0.07,0.0,0.0,540,1024,0.52734375
01a0a58f-fa8c-7373-bce5-caabe51dbde0,s,D,QB6,7,0,standard_pi_2,21,0.07,450000.0,0.45,558,1024,0.544921875
01a0a58f-fa8c-7373-bce5-caabe51dbde0,s,D,QB6,7,0,standard_pi_2,22,0.07,900000.0,0.9,517,1024,0.5048828125
01a0a58f-fa8c-7373-bce5-caabe51dbde0,s,D,QB6,7,0,standard_pi_2,23,0.07,1350000.0,1.35,547,1024,0.5341796875
01a0a58f-fa8c-7373-bce5-caabe51dbde0,s,D,QB6,7,0,standard_pi_2,24,0.07,1800000.0,1.8,527,1024,0.5146484375
01a0a58f-fa8c-7373-bce5-caabe51dbde0,s,D,QB6,7,0,standard_pi_2,25,0.07,2250000.0,2.25,520,1024,0.5078125
01a0a58f-fa8c-7373-bce5-caabe51dbde0,s,D,QB6,7,0,standard_pi_2,26,0.07,2700000.0,2.7,548,1024,0.53515625
01a0a58f-fa8c-7373-bce5-caabe51dbde0,s,D,QB6,7,0,standard_pi_2,27,0.07,3150000.0,3.15,534,1024,0.521484375
01a0a58f-fa8c-7373-bce5-caabe51dbde0,s,D,QB6,7,0,standard_pi_2,28,0.07,3600000.0,3.6,560,1024,0.546875
01a0a58f-fa8c-7373-bce5-caabe51dbde0,s,D,QB6,7,0,standard_pi_2,29,0.07,4050000.0,4.05,514,1024,0.501953125
01a0a58f-fa8c-7373-bce5-caabe51dbde0,s,D,QB6,7,0,standard_pi_2,30,0.07,4500000.0,4.5,521,1024,0.5087890625
01a0a58f-fa8c-7373-bce5-caabe51dbde0,s,D,QB6,7,0,standard_pi_2,31,0.07,4950000.0,4.95,508,1024,0.49609375
01a0a58f-fa8c-7373-bce5-caabe51dbde0,s,D,QB6,7,0,standard_pi_2,32,0.07,5400000.0,5.4,520,1024,0.5078125
01a0a58f-fa8c-7373-bce5-caabe51dbde0,s,D,QB6,7,0,standard_pi_2,33,0.07,5850000.0,5.85,520,1024,0.5078125
01a0a58f-fa8c-7373-bce5-caabe51dbde0,s,D,QB6,7,0,standard_pi_2,34,0.07,6300000.0,6.3,518,1024,0.505859375
01a0a58f-fa8c-7373-bce5-caabe51dbde0,s,D,QB6,7,0,standard_pi_2,35,0.07,6750000.0,6.75,511,1024,0.4990234375
01a0a58f-fa8c-7373-bce5-caabe51dbde0,s,D,QB6,7,0,standard_pi_2,36,0.07,7200000.0,7.2,520,1024,0.5078125
01a0a58f-fa8c-7373-bce5-caabe51dbde0,s,D,QB6,7,0,standard_pi_2,37,0.07,7650000.0,7.65,513,1024,0.5009765625
01a0a58f-fa8c-7373-bce5-caabe51dbde0,s,D,QB6,7,0,standard_pi_2,38,0.07,8100000.0,8.1,478,1024,0.466796875
01a0a58f-fa8c-7373-bce5-caabe51dbde0,s,D,QB6,7,0,standard_pi_2,39,0.07,8550000.0,8.55,485,1024,0.4736328125
01a0a58f-fa8c-7373-bce5-caabe51dbde0,s,D,QB6,7,0,standard_pi_2,40,0.07,9000000.0,9.0,482,1024,0.470703125
01a0a58f-fa8c-7373-bce5-caabe51dbde0,s,D,QB6,7,1,UVH5s,0,0.07,-9000000.0,-9.0,647,1024,0.6318359375
01a0a58f-fa8c-7373-bce5-caabe51dbde0,s,D,QB6,7,1,UVH5s,1,0.07,-8550000.0,-8.55,653,1024,0.6376953125
01a0a58f-fa8c-7373-bce5-caabe51dbde0,s,D,QB6,7,1,UVH5s,2,0.07,-8100000.0,-8.1,658,1024,0.642578125
01a0a58f-fa8c-7373-bce5-caabe51dbde0,s,D,QB6,7,1,UVH5s,3,0.07,-7650000.0,-7.65,652,1024,0.63671875
01a0a58f-fa8c-7373-bce5-caabe51dbde0,s,D,QB6,7,1,UVH5s,4,0.07,-7200000.0,-7.2,648,1024,0.6328125
01a0a58f-fa8c-7373-bce5-caabe51dbde0,s,D,QB6,7,1,UVH5s,5,0.07,-6750000.0,-6.75,662,1024,0.646484375
01a0a58f-fa8c-7373-bce5-caabe51dbde0,s,D,QB6,7,1,UVH5s,6,0.07,-6300000.0,-6.3,628,1024,0.61328125
01a0a58f-fa8c-7373-bce5-caabe51dbde0,s,D,QB6,7,1,UVH5s,7,0.07,-5850000.0,-5.85,619,1024,0.6044921875
01a0a58f-fa8c-7373-bce5-caabe51dbde0,s,D,QB6,7,1,UVH5s,8,0.07,-5400000.0,-5.4,626,1024,0.611328125
01a0a58f-fa8c-7373-bce5-caabe51dbde0,s,D,QB6,7,1,UVH5s,9,0.07,-4950000.0,-4.95,612,1024,0.59765625
01a0a58f-fa8c-7373-bce5-caabe51dbde0,s,D,QB6,7,1,UVH5s,10,0.07,-4500000.0,-4.5,604,1024,0.58984375
01a0a58f-fa8c-7373-bce5-caabe51dbde0,s,D,QB6,7,1,UVH5s,11,0.07,-4050000.0,-4.05,592,1024,0.578125
01a0a58f-fa8c-7373-bce5-caabe51dbde0,s,D,QB6,7,1,UVH5s,12,0.07,-3600000.0,-3.6,598,1024,0.583984375
01a0a58f-fa8c-7373-bce5-caabe51dbde0,s,D,QB6,7,1,UVH5s,13,0.07,-3150000.0,-3.15,575,1024,0.5615234375
01a0a58f-fa8c-7373-bce5-caabe51dbde0,s,D,QB6,7,1,UVH5s,14,0.07,-2700000.0,-2.7,565,1024,0.5517578125
01a0a58f-fa8c-7373-bce5-caabe51dbde0,s,D,QB6,7,1,UVH5s,15,0.07,-2250000.0,-2.25,556,1024,0.54296875
01a0a58f-fa8c-7373-bce5-caabe51dbde0,s,D,QB6,7,1,UVH5s,16,0.07,-1800000.0,-1.8,551,1024,0.5380859375
01a0a58f-fa8c-7373-bce5-caabe51dbde0,s,D,QB6,7,1,UVH5s,17,0.07,-1350000.0,-1.35,544,1024,0.53125
01a0a58f-fa8c-7373-bce5-caabe51dbde0,s,D,QB6,7,1,UVH5s,18,0.07,-900000.0,-0.9,512,1024,0.5
01a0a58f-fa8c-7373-bce5-caabe51dbde0,s,D,QB6,7,1,UVH5s,19,0.07,-450000.0,-0.45,530,1024,0.517578125
01a0a58f-fa8c-7373-bce5-caabe51dbde0,s,D,QB6,7,1,UVH5s,20,0.07,0.0,0.0,562,1024,0.548828125
01a0a58f-fa8c-7373-bce5-caabe51dbde0,s,D,QB6,7,1,UVH5s,21,0.07,450000.0,0.45,528,1024,0.515625
01a0a58f-fa8c-7373-bce5-caabe51dbde0,s,D,QB6,7,1,UVH5s,22,0.07,900000.0,0.9,518,1024,0.505859375
01a0a58f-fa8c-7373-bce5-caabe51dbde0,s,D,QB6,7,1,UVH5s,23,0.07,1350000.0,1.35,529,1024,0.5166015625
01a0a58f-fa8c-7373-bce5-caabe51dbde0,s,D,QB6,7,1,UVH5s,24,0.07,1800000.0,1.8,529,1024,0.5166015625
01a0a58f-fa8c-7373-bce5-caabe51dbde0,s,D,QB6,7,1,UVH5s,25,0.07,2250000.0,2.25,552,1024,0.5390625
01a0a58f-fa8c-7373-bce5-caabe51dbde0,s,D,QB6,7,1,UVH5s,26,0.07,2700000.0,2.7,542,1024,0.529296875
01a0a58f-fa8c-7373-bce5-caabe51dbde0,s,D,QB6,7,1,UVH5s,27,0.07,3150000.0,3.15,601,1024,0.5869140625
01a0a58f-fa8c-7373-bce5-caabe51dbde0,s,D,QB6,7,1,UVH5s,28,0.07,3600000.0,3.6,569,1024,0.5556640625
01a0a58f-fa8c-7373-bce5-caabe51dbde0,s,D,QB6,7,1,UVH5s,29,0.07,4050000.0,4.05,581,1024,0.5673828125
01a0a58f-fa8c-7373-bce5-caabe51dbde0,s,D,QB6,7,1,UVH5s,30,0.07,4500000.0,4.5,586,1024,0.572265625
01a0a58f-fa8c-7373-bce5-caabe51dbde0,s,D,QB6,7,1,UVH5s,31,0.07,4950000.0,4.95,652,1024,0.63671875
01a0a58f-fa8c-7373-bce5-caabe51dbde0,s,D,QB6,7,1,UVH5s,32,0.07,5400000.0,5.4,627,1024,0.6123046875
01a0a58f-fa8c-7373-bce5-caabe51dbde0,s,D,QB6,7,1,UVH5s,33,0.07,5850000.0,5.85,634,1024,0.619140625
01a0a58f-fa8c-7373-bce5-caabe51dbde0,s,D,QB6,7,1,UVH5s,34,0.07,6300000.0,6.3,663,1024,0.6474609375
01a0a58f-fa8c-7373-bce5-caabe51dbde0,s,D,QB6,7,1,UVH5s,35,0.07,6750000.0,6.75,666,1024,0.650390625
01a0a58f-fa8c-7373-bce5-caabe51dbde0,s,D,QB6,7,1,UVH5s,36,0.07,7200000.0,7.2,694,1024,0.677734375
01a0a58f-fa8c-7373-bce5-caabe51dbde0,s,D,QB6,7,1,UVH5s,37,0.07,7650000.0,7.65,722,1024,0.705078125
01a0a58f-fa8c-7373-bce5-caabe51dbde0,s,D,QB6,7,1,UVH5s,38,0.07,8100000.0,8.1,722,1024,0.705078125
01a0a58f-fa8c-7373-bce5-caabe51dbde0,s,D,QB6,7,1,UVH5s,39,0.07,8550000.0,8.55,746,1024,0.728515625
01a0a58f-fa8c-7373-bce5-caabe51dbde0,s,D,QB6,7,1,UVH5s,40,0.07,9000000.0,9.0,771,1024,0.7529296875
01a0a58f-fa8c-7373-bce5-caabe51dbde0,s,D,QB6,7,2,UVH7s,0,0.07,-9000000.0,-9.0,576,1024,0.5625
01a0a58f-fa8c-7373-bce5-caabe51dbde0,s,D,QB6,7,2,UVH7s,1,0.07,-8550000.0,-8.55,580,1024,0.56640625
01a0a58f-fa8c-7373-bce5-caabe51dbde0,s,D,QB6,7,2,UVH7s,2,0.07,-8100000.0,-8.1,597,1024,0.5830078125
01a0a58f-fa8c-7373-bce5-caabe51dbde0,s,D,QB6,7,2,UVH7s,3,0.07,-7650000.0,-7.65,579,1024,0.5654296875
01a0a58f-fa8c-7373-bce5-caabe51dbde0,s,D,QB6,7,2,UVH7s,4,0.07,-7200000.0,-7.2,601,1024,0.5869140625
01a0a58f-fa8c-7373-bce5-caabe51dbde0,s,D,QB6,7,2,UVH7s,5,0.07,-6750000.0,-6.75,621,1024,0.6064453125
01a0a58f-fa8c-7373-bce5-caabe51dbde0,s,D,QB6,7,2,UVH7s,6,0.07,-6300000.0,-6.3,595,1024,0.5810546875
01a0a58f-fa8c-7373-bce5-caabe51dbde0,s,D,QB6,7,2,UVH7s,7,0.07,-5850000.0,-5.85,576,1024,0.5625
01a0a58f-fa8c-7373-bce5-caabe51dbde0,s,D,QB6,7,2,UVH7s,8,0.07,-5400000.0,-5.4,573,1024,0.5595703125
01a0a58f-fa8c-7373-bce5-caabe51dbde0,s,D,QB6,7,2,UVH7s,9,0.07,-4950000.0,-4.95,568,1024,0.5546875
01a0a58f-fa8c-7373-bce5-caabe51dbde0,s,D,QB6,7,2,UVH7s,10,0.07,-4500000.0,-4.5,560,1024,0.546875
01a0a58f-fa8c-7373-bce5-caabe51dbde0,s,D,QB6,7,2,UVH7s,11,0.07,-4050000.0,-4.05,595,1024,0.5810546875
01a0a58f-fa8c-7373-bce5-caabe51dbde0,s,D,QB6,7,2,UVH7s,12,0.07,-3600000.0,-3.6,575,1024,0.5615234375
01a0a58f-fa8c-7373-bce5-caabe51dbde0,s,D,QB6,7,2,UVH7s,13,0.07,-3150000.0,-3.15,548,1024,0.53515625
01a0a58f-fa8c-7373-bce5-caabe51dbde0,s,D,QB6,7,2,UVH7s,14,0.07,-2700000.0,-2.7,573,1024,0.5595703125
01a0a58f-fa8c-7373-bce5-caabe51dbde0,s,D,QB6,7,2,UVH7s,15,0.07,-2250000.0,-2.25,585,1024,0.5712890625
01a0a58f-fa8c-7373-bce5-caabe51dbde0,s,D,QB6,7,2,UVH7s,16,0.07,-1800000.0,-1.8,573,1024,0.5595703125
01a0a58f-fa8c-7373-bce5-caabe51dbde0,s,D,QB6,7,2,UVH7s,17,0.07,-1350000.0,-1.35,550,1024,0.537109375
01a0a58f-fa8c-7373-bce5-caabe51dbde0,s,D,QB6,7,2,UVH7s,18,0.07,-900000.0,-0.9,566,1024,0.552734375
01a0a58f-fa8c-7373-bce5-caabe51dbde0,s,D,QB6,7,2,UVH7s,19,0.07,-450000.0,-0.45,572,1024,0.55859375
01a0a58f-fa8c-7373-bce5-caabe51dbde0,s,D,QB6,7,2,UVH7s,20,0.07,0.0,0.0,587,1024,0.5732421875
01a0a58f-fa8c-7373-bce5-caabe51dbde0,s,D,QB6,7,2,UVH7s,21,0.07,450000.0,0.45,600,1024,0.5859375
01a0a58f-fa8c-7373-bce5-caabe51dbde0,s,D,QB6,7,2,UVH7s,22,0.07,900000.0,0.9,586,1024,0.572265625
01a0a58f-fa8c-7373-bce5-caabe51dbde0,s,D,QB6,7,2,UVH7s,23,0.07,1350000.0,1.35,604,1024,0.58984375
01a0a58f-fa8c-7373-bce5-caabe51dbde0,s,D,QB6,7,2,UVH7s,24,0.07,1800000.0,1.8,593,1024,0.5791015625
01a0a58f-fa8c-7373-bce5-caabe51dbde0,s,D,QB6,7,2,UVH7s,25,0.07,2250000.0,2.25,578,1024,0.564453125
01a0a58f-fa8c-7373-bce5-caabe51dbde0,s,D,QB6,7,2,UVH7s,26,0.07,2700000.0,2.7,597,1024,0.5830078125
01a0a58f-fa8c-7373-bce5-caabe51dbde0,s,D,QB6,7,2,UVH7s,27,0.07,3150000.0,3.15,564,1024,0.55078125
01a0a58f-fa8c-7373-bce5-caabe51dbde0,s,D,QB6,7,2,UVH7s,28,0.07,3600000.0,3.6,571,1024,0.5576171875
01a0a58f-fa8c-7373-bce5-caabe51dbde0,s,D,QB6,7,2,UVH7s,29,0.07,4050000.0,4.05,548,1024,0.53515625
01a0a58f-fa8c-7373-bce5-caabe51dbde0,s,D,QB6,7,2,UVH7s,30,0.07,4500000.0,4.5,553,1024,0.5400390625
01a0a58f-fa8c-7373-bce5-caabe51dbde0,s,D,QB6,7,2,UVH7s,31,0.07,4950000.0,4.95,570,1024,0.556640625
01a0a58f-fa8c-7373-bce5-caabe51dbde0,s,D,QB6,7,2,UVH7s,32,0.07,5400000.0,5.4,539,1024,0.5263671875
01a0a58f-fa8c-7373-bce5-caabe51dbde0,s,D,QB6,7,2,UVH7s,33,0.07,5850000.0,5.85,561,1024,0.5478515625
01a0a58f-fa8c-7373-bce5-caabe51dbde0,s,D,QB6,7,2,UVH7s,34,0.07,6300000.0,6.3,553,1024,0.5400390625
01a0a58f-fa8c-7373-bce5-caabe51dbde0,s,D,QB6,7,2,UVH7s,35,0.07,6750000.0,6.75,564,1024,0.55078125
01a0a58f-fa8c-7373-bce5-caabe51dbde0,s,D,QB6,7,2,UVH7s,36,0.07,7200000.0,7.2,585,1024,0.5712890625
01a0a58f-fa8c-7373-bce5-caabe51dbde0,s,D,QB6,7,2,UVH7s,37,0.07,7650000.0,7.65,600,1024,0.5859375
01a0a58f-fa8c-7373-bce5-caabe51dbde0,s,D,QB6,7,2,UVH7s,38,0.07,8100000.0,8.1,613,1024,0.5986328125
01a0a58f-fa8c-7373-bce5-caabe51dbde0,s,D,QB6,7,2,UVH7s,39,0.07,8550000.0,8.55,611,1024,0.5966796875
01a0a58f-fa8c-7373-bce5-caabe51dbde0,s,D,QB6,7,2,UVH7s,40,0.07,9000000.0,9.0,660,1024,0.64453125
01a0a58f-fa8c-7373-bce5-caabe51dbde0,s,D,QB6,7,3,UVH9s,0,0.07,-9000000.0,-9.0,453,1024,0.4423828125
01a0a58f-fa8c-7373-bce5-caabe51dbde0,s,D,QB6,7,3,UVH9s,1,0.07,-8550000.0,-8.55,428,1024,0.41796875
01a0a58f-fa8c-7373-bce5-caabe51dbde0,s,D,QB6,7,3,UVH9s,2,0.07,-8100000.0,-8.1,437,1024,0.4267578125
01a0a58f-fa8c-7373-bce5-caabe51dbde0,s,D,QB6,7,3,UVH9s,3,0.07,-7650000.0,-7.65,489,1024,0.4775390625
01a0a58f-fa8c-7373-bce5-caabe51dbde0,s,D,QB6,7,3,UVH9s,4,0.07,-7200000.0,-7.2,448,1024,0.4375
01a0a58f-fa8c-7373-bce5-caabe51dbde0,s,D,QB6,7,3,UVH9s,5,0.07,-6750000.0,-6.75,450,1024,0.439453125
01a0a58f-fa8c-7373-bce5-caabe51dbde0,s,D,QB6,7,3,UVH9s,6,0.07,-6300000.0,-6.3,479,1024,0.4677734375
01a0a58f-fa8c-7373-bce5-caabe51dbde0,s,D,QB6,7,3,UVH9s,7,0.07,-5850000.0,-5.85,481,1024,0.4697265625
01a0a58f-fa8c-7373-bce5-caabe51dbde0,s,D,QB6,7,3,UVH9s,8,0.07,-5400000.0,-5.4,458,1024,0.447265625
01a0a58f-fa8c-7373-bce5-caabe51dbde0,s,D,QB6,7,3,UVH9s,9,0.07,-4950000.0,-4.95,489,1024,0.4775390625
01a0a58f-fa8c-7373-bce5-caabe51dbde0,s,D,QB6,7,3,UVH9s,10,0.07,-4500000.0,-4.5,520,1024,0.5078125
01a0a58f-fa8c-7373-bce5-caabe51dbde0,s,D,QB6,7,3,UVH9s,11,0.07,-4050000.0,-4.05,509,1024,0.4970703125
01a0a58f-fa8c-7373-bce5-caabe51dbde0,s,D,QB6,7,3,UVH9s,12,0.07,-3600000.0,-3.6,520,1024,0.5078125
01a0a58f-fa8c-7373-bce5-caabe51dbde0,s,D,QB6,7,3,UVH9s,13,0.07,-3150000.0,-3.15,481,1024,0.4697265625
01a0a58f-fa8c-7373-bce5-caabe51dbde0,s,D,QB6,7,3,UVH9s,14,0.07,-2700000.0,-2.7,513,1024,0.5009765625
01a0a58f-fa8c-7373-bce5-caabe51dbde0,s,D,QB6,7,3,UVH9s,15,0.07,-2250000.0,-2.25,467,1024,0.4560546875
01a0a58f-fa8c-7373-bce5-caabe51dbde0,s,D,QB6,7,3,UVH9s,16,0.07,-1800000.0,-1.8,493,1024,0.4814453125
01a0a58f-fa8c-7373-bce5-caabe51dbde0,s,D,QB6,7,3,UVH9s,17,0.07,-1350000.0,-1.35,491,1024,0.4794921875
01a0a58f-fa8c-7373-bce5-caabe51dbde0,s,D,QB6,7,3,UVH9s,18,0.07,-900000.0,-0.9,491,1024,0.4794921875
01a0a58f-fa8c-7373-bce5-caabe51dbde0,s,D,QB6,7,3,UVH9s,19,0.07,-450000.0,-0.45,483,1024,0.4716796875
01a0a58f-fa8c-7373-bce5-caabe51dbde0,s,D,QB6,7,3,UVH9s,20,0.07,0.0,0.0,501,1024,0.4892578125
01a0a58f-fa8c-7373-bce5-caabe51dbde0,s,D,QB6,7,3,UVH9s,21,0.07,450000.0,0.45,479,1024,0.4677734375
01a0a58f-fa8c-7373-bce5-caabe51dbde0,s,D,QB6,7,3,UVH9s,22,0.07,900000.0,0.9,480,1024,0.46875
01a0a58f-fa8c-7373-bce5-caabe51dbde0,s,D,QB6,7,3,UVH9s,23,0.07,1350000.0,1.35,502,1024,0.490234375
01a0a58f-fa8c-7373-bce5-caabe51dbde0,s,D,QB6,7,3,UVH9s,24,0.07,1800000.0,1.8,473,1024,0.4619140625
01a0a58f-fa8c-7373-bce5-caabe51dbde0,s,D,QB6,7,3,UVH9s,25,0.07,2250000.0,2.25,546,1024,0.533203125
01a0a58f-fa8c-7373-bce5-caabe51dbde0,s,D,QB6,7,3,UVH9s,26,0.07,2700000.0,2.7,539,1024,0.5263671875
01a0a58f-fa8c-7373-bce5-caabe51dbde0,s,D,QB6,7,3,UVH9s,27,0.07,3150000.0,3.15,528,1024,0.515625
01a0a58f-fa8c-7373-bce5-caabe51dbde0,s,D,QB6,7,3,UVH9s,28,0.07,3600000.0,3.6,552,1024,0.5390625
01a0a58f-fa8c-7373-bce5-caabe51dbde0,s,D,QB6,7,3,UVH9s,29,0.07,4050000.0,4.05,495,1024,0.4833984375
01a0a58f-fa8c-7373-bce5-caabe51dbde0,s,D,QB6,7,3,UVH9s,30,0.07,4500000.0,4.5,536,1024,0.5234375
01a0a58f-fa8c-7373-bce5-caabe51dbde0,s,D,QB6,7,3,UVH9s,31,0.07,4950000.0,4.95,540,1024,0.52734375
01a0a58f-fa8c-7373-bce5-caabe51dbde0,s,D,QB6,7,3,UVH9s,32,0.07,5400000.0,5.4,550,1024,0.537109375
01a0a58f-fa8c-7373-bce5-caabe51dbde0,s,D,QB6,7,3,UVH9s,33,0.07,5850000.0,5.85,531,1024,0.5185546875
01a0a58f-fa8c-7373-bce5-caabe51dbde0,s,D,QB6,7,3,UVH9s,34,0.07,6300000.0,6.3,528,1024,0.515625
01a0a58f-fa8c-7373-bce5-caabe51dbde0,s,D,QB6,7,3,UVH9s,35,0.07,6750000.0,6.75,500,1024,0.48828125
01a0a58f-fa8c-7373-bce5-caabe51dbde0,s,D,QB6,7,3,UVH9s,36,0.07,7200000.0,7.2,438,1024,0.427734375
01a0a58f-fa8c-7373-bce5-caabe51dbde0,s,D,QB6,7,3,UVH9s,37,0.07,7650000.0,7.65,463,1024,0.4521484375
01a0a58f-fa8c-7373-bce5-caabe51dbde0,s,D,QB6,7,3,UVH9s,38,0.07,8100000.0,8.1,422,1024,0.412109375
01a0a58f-fa8c-7373-bce5-caabe51dbde0,s,D,QB6,7,3,UVH9s,39,0.07,8550000.0,8.55,389,1024,0.3798828125
01a0a58f-fa8c-7373-bce5-caabe51dbde0,s,D,QB6,7,3,UVH9s,40,0.07,9000000.0,9.0,383,1024,0.3740234375
01a0a58f-fa8c-7373-bce5-caabe51dbde0,s,D,QB6,7,4,UVH11s,0,0.07,-9000000.0,-9.0,697,1024,0.6806640625
01a0a58f-fa8c-7373-bce5-caabe51dbde0,s,D,QB6,7,4,UVH11s,1,0.07,-8550000.0,-8.55,687,1024,0.6708984375
01a0a58f-fa8c-7373-bce5-caabe51dbde0,s,D,QB6,7,4,UVH11s,2,0.07,-8100000.0,-8.1,678,1024,0.662109375
01a0a58f-fa8c-7373-bce5-caabe51dbde0,s,D,QB6,7,4,UVH11s,3,0.07,-7650000.0,-7.65,658,1024,0.642578125
01a0a58f-fa8c-7373-bce5-caabe51dbde0,s,D,QB6,7,4,UVH11s,4,0.07,-7200000.0,-7.2,662,1024,0.646484375
01a0a58f-fa8c-7373-bce5-caabe51dbde0,s,D,QB6,7,4,UVH11s,5,0.07,-6750000.0,-6.75,625,1024,0.6103515625
01a0a58f-fa8c-7373-bce5-caabe51dbde0,s,D,QB6,7,4,UVH11s,6,0.07,-6300000.0,-6.3,649,1024,0.6337890625
01a0a58f-fa8c-7373-bce5-caabe51dbde0,s,D,QB6,7,4,UVH11s,7,0.07,-5850000.0,-5.85,591,1024,0.5771484375
01a0a58f-fa8c-7373-bce5-caabe51dbde0,s,D,QB6,7,4,UVH11s,8,0.07,-5400000.0,-5.4,617,1024,0.6025390625
01a0a58f-fa8c-7373-bce5-caabe51dbde0,s,D,QB6,7,4,UVH11s,9,0.07,-4950000.0,-4.95,595,1024,0.5810546875
01a0a58f-fa8c-7373-bce5-caabe51dbde0,s,D,QB6,7,4,UVH11s,10,0.07,-4500000.0,-4.5,588,1024,0.57421875
01a0a58f-fa8c-7373-bce5-caabe51dbde0,s,D,QB6,7,4,UVH11s,11,0.07,-4050000.0,-4.05,570,1024,0.556640625
01a0a58f-fa8c-7373-bce5-caabe51dbde0,s,D,QB6,7,4,UVH11s,12,0.07,-3600000.0,-3.6,555,1024,0.5419921875
01a0a58f-fa8c-7373-bce5-caabe51dbde0,s,D,QB6,7,4,UVH11s,13,0.07,-3150000.0,-3.15,538,1024,0.525390625
01a0a58f-fa8c-7373-bce5-caabe51dbde0,s,D,QB6,7,4,UVH11s,14,0.07,-2700000.0,-2.7,553,1024,0.5400390625
01a0a58f-fa8c-7373-bce5-caabe51dbde0,s,D,QB6,7,4,UVH11s,15,0.07,-2250000.0,-2.25,551,1024,0.5380859375
01a0a58f-fa8c-7373-bce5-caabe51dbde0,s,D,QB6,7,4,UVH11s,16,0.07,-1800000.0,-1.8,528,1024,0.515625
01a0a58f-fa8c-7373-bce5-caabe51dbde0,s,D,QB6,7,4,UVH11s,17,0.07,-1350000.0,-1.35,520,1024,0.5078125
01a0a58f-fa8c-7373-bce5-caabe51dbde0,s,D,QB6,7,4,UVH11s,18,0.07,-900000.0,-0.9,500,1024,0.48828125
01a0a58f-fa8c-7373-bce5-caabe51dbde0,s,D,QB6,7,4,UVH11s,19,0.07,-450000.0,-0.45,508,1024,0.49609375
01a0a58f-fa8c-7373-bce5-caabe51dbde0,s,D,QB6,7,4,UVH11s,20,0.07,0.0,0.0,513,1024,0.5009765625
01a0a58f-fa8c-7373-bce5-caabe51dbde0,s,D,QB6,7,4,UVH11s,21,0.07,450000.0,0.45,531,1024,0.5185546875
01a0a58f-fa8c-7373-bce5-caabe51dbde0,s,D,QB6,7,4,UVH11s,22,0.07,900000.0,0.9,510,1024,0.498046875
01a0a58f-fa8c-7373-bce5-caabe51dbde0,s,D,QB6,7,4,UVH11s,23,0.07,1350000.0,1.35,465,1024,0.4541015625
01a0a58f-fa8c-7373-bce5-caabe51dbde0,s,D,QB6,7,4,UVH11s,24,0.07,1800000.0,1.8,480,1024,0.46875
01a0a58f-fa8c-7373-bce5-caabe51dbde0,s,D,QB6,7,4,UVH11s,25,0.07,2250000.0,2.25,489,1024,0.4775390625
01a0a58f-fa8c-7373-bce5-caabe51dbde0,s,D,QB6,7,4,UVH11s,26,0.07,2700000.0,2.7,506,1024,0.494140625
01a0a58f-fa8c-7373-bce5-caabe51dbde0,s,D,QB6,7,4,UVH11s,27,0.07,3150000.0,3.15,509,1024,0.4970703125
01a0a58f-fa8c-7373-bce5-caabe51dbde0,s,D,QB6,7,4,UVH11s,28,0.07,3600000.0,3.6,479,1024,0.4677734375
01a0a58f-fa8c-7373-bce5-caabe51dbde0,s,D,QB6,7,4,UVH11s,29,0.07,4050000.0,4.05,493,1024,0.4814453125
01a0a58f-fa8c-7373-bce5-caabe51dbde0,s,D,QB6,7,4,UVH11s,30,0.07,4500000.0,4.5,484,1024,0.47265625
01a0a58f-fa8c-7373-bce5-caabe51dbde0,s,D,QB6,7,4,UVH11s,31,0.07,4950000.0,4.95,519,1024,0.5068359375
01a0a58f-fa8c-7373-bce5-caabe51dbde0,s,D,QB6,7,4,UVH11s,32,0.07,5400000.0,5.4,530,1024,0.517578125
01a0a58f-fa8c-7373-bce5-caabe51dbde0,s,D,QB6,7,4,UVH11s,33,0.07,5850000.0,5.85,519,1024,0.5068359375
01a0a58f-fa8c-7373-bce5-caabe51dbde0,s,D,QB6,7,4,UVH11s,34,0.07,6300000.0,6.3,527,1024,0.5146484375
01a0a58f-fa8c-7373-bce5-caabe51dbde0,s,D,QB6,7,4,UVH11s,35,0.07,6750000.0,6.75,518,1024,0.505859375
01a0a58f-fa8c-7373-bce5-caabe51dbde0,s,D,QB6,7,4,UVH11s,36,0.07,7200000.0,7.2,494,1024,0.482421875
01a0a58f-fa8c-7373-bce5-caabe51dbde0,s,D,QB6,7,4,UVH11s,37,0.07,7650000.0,7.65,539,1024,0.5263671875
01a0a58f-fa8c-7373-bce5-caabe51dbde0,s,D,QB6,7,4,UVH11s,38,0.07,8100000.0,8.1,558,1024,0.544921875
01a0a58f-fa8c-7373-bce5-caabe51dbde0,s,D,QB6,7,4,UVH11s,39,0.07,8550000.0,8.55,556,1024,0.54296875
01a0a58f-fa8c-7373-bce5-caabe51dbde0,s,D,QB6,7,4,UVH11s,40,0.07,9000000.0,9.0,521,1024,0.5087890625
01a0a58f-fa8c-7373-bce5-caabe51dbde0,s,D,QB6,7,5,UVH13s,0,0.07,-9000000.0,-9.0,643,1024,0.6279296875
01a0a58f-fa8c-7373-bce5-caabe51dbde0,s,D,QB6,7,5,UVH13s,1,0.07,-8550000.0,-8.55,617,1024,0.6025390625
01a0a58f-fa8c-7373-bce5-caabe51dbde0,s,D,QB6,7,5,UVH13s,2,0.07,-8100000.0,-8.1,591,1024,0.5771484375
01a0a58f-fa8c-7373-bce5-caabe51dbde0,s,D,QB6,7,5,UVH13s,3,0.07,-7650000.0,-7.65,601,1024,0.5869140625
01a0a58f-fa8c-7373-bce5-caabe51dbde0,s,D,QB6,7,5,UVH13s,4,0.07,-7200000.0,-7.2,573,1024,0.5595703125
01a0a58f-fa8c-7373-bce5-caabe51dbde0,s,D,QB6,7,5,UVH13s,5,0.07,-6750000.0,-6.75,544,1024,0.53125
01a0a58f-fa8c-7373-bce5-caabe51dbde0,s,D,QB6,7,5,UVH13s,6,0.07,-6300000.0,-6.3,545,1024,0.5322265625
01a0a58f-fa8c-7373-bce5-caabe51dbde0,s,D,QB6,7,5,UVH13s,7,0.07,-5850000.0,-5.85,557,1024,0.5439453125
01a0a58f-fa8c-7373-bce5-caabe51dbde0,s,D,QB6,7,5,UVH13s,8,0.07,-5400000.0,-5.4,519,1024,0.5068359375
01a0a58f-fa8c-7373-bce5-caabe51dbde0,s,D,QB6,7,5,UVH13s,9,0.07,-4950000.0,-4.95,525,1024,0.5126953125
01a0a58f-fa8c-7373-bce5-caabe51dbde0,s,D,QB6,7,5,UVH13s,10,0.07,-4500000.0,-4.5,528,1024,0.515625
01a0a58f-fa8c-7373-bce5-caabe51dbde0,s,D,QB6,7,5,UVH13s,11,0.07,-4050000.0,-4.05,510,1024,0.498046875
01a0a58f-fa8c-7373-bce5-caabe51dbde0,s,D,QB6,7,5,UVH13s,12,0.07,-3600000.0,-3.6,503,1024,0.4912109375
01a0a58f-fa8c-7373-bce5-caabe51dbde0,s,D,QB6,7,5,UVH13s,13,0.07,-3150000.0,-3.15,509,1024,0.4970703125
01a0a58f-fa8c-7373-bce5-caabe51dbde0,s,D,QB6,7,5,UVH13s,14,0.07,-2700000.0,-2.7,489,1024,0.4775390625
01a0a58f-fa8c-7373-bce5-caabe51dbde0,s,D,QB6,7,5,UVH13s,15,0.07,-2250000.0,-2.25,508,1024,0.49609375
01a0a58f-fa8c-7373-bce5-caabe51dbde0,s,D,QB6,7,5,UVH13s,16,0.07,-1800000.0,-1.8,536,1024,0.5234375
01a0a58f-fa8c-7373-bce5-caabe51dbde0,s,D,QB6,7,5,UVH13s,17,0.07,-1350000.0,-1.35,530,1024,0.517578125
01a0a58f-fa8c-7373-bce5-caabe51dbde0,s,D,QB6,7,5,UVH13s,18,0.07,-900000.0,-0.9,531,1024,0.5185546875
01a0a58f-fa8c-7373-bce5-caabe51dbde0,s,D,QB6,7,5,UVH13s,19,0.07,-450000.0,-0.45,543,1024,0.5302734375
01a0a58f-fa8c-7373-bce5-caabe51dbde0,s,D,QB6,7,5,UVH13s,20,0.07,0.0,0.0,550,1024,0.537109375
01a0a58f-fa8c-7373-bce5-caabe51dbde0,s,D,QB6,7,5,UVH13s,21,0.07,450000.0,0.45,538,1024,0.525390625
01a0a58f-fa8c-7373-bce5-caabe51dbde0,s,D,QB6,7,5,UVH13s,22,0.07,900000.0,0.9,584,1024,0.5703125
01a0a58f-fa8c-7373-bce5-caabe51dbde0,s,D,QB6,7,5,UVH13s,23,0.07,1350000.0,1.35,537,1024,0.5244140625
01a0a58f-fa8c-7373-bce5-caabe51dbde0,s,D,QB6,7,5,UVH13s,24,0.07,1800000.0,1.8,542,1024,0.529296875
01a0a58f-fa8c-7373-bce5-caabe51dbde0,s,D,QB6,7,5,UVH13s,25,0.07,2250000.0,2.25,554,1024,0.541015625
01a0a58f-fa8c-7373-bce5-caabe51dbde0,s,D,QB6,7,5,UVH13s,26,0.07,2700000.0,2.7,528,1024,0.515625
01a0a58f-fa8c-7373-bce5-caabe51dbde0,s,D,QB6,7,5,UVH13s,27,0.07,3150000.0,3.15,530,1024,0.517578125
01a0a58f-fa8c-7373-bce5-caabe51dbde0,s,D,QB6,7,5,UVH13s,28,0.07,3600000.0,3.6,558,1024,0.544921875
01a0a58f-fa8c-7373-bce5-caabe51dbde0,s,D,QB6,7,5,UVH13s,29,0.07,4050000.0,4.05,527,1024,0.5146484375
01a0a58f-fa8c-7373-bce5-caabe51dbde0,s,D,QB6,7,5,UVH13s,30,0.07,4500000.0,4.5,537,1024,0.5244140625
01a0a58f-fa8c-7373-bce5-caabe51dbde0,s,D,QB6,7,5,UVH13s,31,0.07,4950000.0,4.95,527,1024,0.5146484375
01a0a58f-fa8c-7373-bce5-caabe51dbde0,s,D,QB6,7,5,UVH13s,32,0.07,5400000.0,5.4,509,1024,0.4970703125
01a0a58f-fa8c-7373-bce5-caabe51dbde0,s,D,QB6,7,5,UVH13s,33,0.07,5850000.0,5.85,511,1024,0.4990234375
01a0a58f-fa8c-7373-bce5-caabe51dbde0,s,D,QB6,7,5,UVH13s,34,0.07,6300000.0,6.3,520,1024,0.5078125
01a0a58f-fa8c-7373-bce5-caabe51dbde0,s,D,QB6,7,5,UVH13s,35,0.07,6750000.0,6.75,495,1024,0.4833984375
01a0a58f-fa8c-7373-bce5-caabe51dbde0,s,D,QB6,7,5,UVH13s,36,0.07,7200000.0,7.2,518,1024,0.505859375
01a0a58f-fa8c-7373-bce5-caabe51dbde0,s,D,QB6,7,5,UVH13s,37,0.07,7650000.0,7.65,492,1024,0.48046875
01a0a58f-fa8c-7373-bce5-caabe51dbde0,s,D,QB6,7,5,UVH13s,38,0.07,8100000.0,8.1,521,1024,0.5087890625
01a0a58f-fa8c-7373-bce5-caabe51dbde0,s,D,QB6,7,5,UVH13s,39,0.07,8550000.0,8.55,514,1024,0.501953125
01a0a58f-fa8c-7373-bce5-caabe51dbde0,s,D,QB6,7,5,UVH13s,40,0.07,9000000.0,9.0,518,1024,0.505859375
01a0a58f-fa8c-7373-bce5-caabe51dbde0,s,D,QB8,8,0,standard_pi_2,0,0.07,-9000000.0,-9.0,635,1024,0.6201171875
01a0a58f-fa8c-7373-bce5-caabe51dbde0,s,D,QB8,8,0,standard_pi_2,1,0.07,-8550000.0,-8.55,576,1024,0.5625
01a0a58f-fa8c-7373-bce5-caabe51dbde0,s,D,QB8,8,0,standard_pi_2,2,0.07,-8100000.0,-8.1,571,1024,0.5576171875
01a0a58f-fa8c-7373-bce5-caabe51dbde0,s,D,QB8,8,0,standard_pi_2,3,0.07,-7650000.0,-7.65,581,1024,0.5673828125
01a0a58f-fa8c-7373-bce5-caabe51dbde0,s,D,QB8,8,0,standard_pi_2,4,0.07,-7200000.0,-7.2,585,1024,0.5712890625
01a0a58f-fa8c-7373-bce5-caabe51dbde0,s,D,QB8,8,0,standard_pi_2,5,0.07,-6750000.0,-6.75,584,1024,0.5703125
01a0a58f-fa8c-7373-bce5-caabe51dbde0,s,D,QB8,8,0,standard_pi_2,6,0.07,-6300000.0,-6.3,558,1024,0.544921875
01a0a58f-fa8c-7373-bce5-caabe51dbde0,s,D,QB8,8,0,standard_pi_2,7,0.07,-5850000.0,-5.85,575,1024,0.5615234375
01a0a58f-fa8c-7373-bce5-caabe51dbde0,s,D,QB8,8,0,standard_pi_2,8,0.07,-5400000.0,-5.4,572,1024,0.55859375
01a0a58f-fa8c-7373-bce5-caabe51dbde0,s,D,QB8,8,0,standard_pi_2,9,0.07,-4950000.0,-4.95,576,1024,0.5625
01a0a58f-fa8c-7373-bce5-caabe51dbde0,s,D,QB8,8,0,standard_pi_2,10,0.07,-4500000.0,-4.5,587,1024,0.5732421875
01a0a58f-fa8c-7373-bce5-caabe51dbde0,s,D,QB8,8,0,standard_pi_2,11,0.07,-4050000.0,-4.05,572,1024,0.55859375
01a0a58f-fa8c-7373-bce5-caabe51dbde0,s,D,QB8,8,0,standard_pi_2,12,0.07,-3600000.0,-3.6,565,1024,0.5517578125
01a0a58f-fa8c-7373-bce5-caabe51dbde0,s,D,QB8,8,0,standard_pi_2,13,0.07,-3150000.0,-3.15,572,1024,0.55859375
01a0a58f-fa8c-7373-bce5-caabe51dbde0,s,D,QB8,8,0,standard_pi_2,14,0.07,-2700000.0,-2.7,563,1024,0.5498046875
01a0a58f-fa8c-7373-bce5-caabe51dbde0,s,D,QB8,8,0,standard_pi_2,15,0.07,-2250000.0,-2.25,539,1024,0.5263671875
01a0a58f-fa8c-7373-bce5-caabe51dbde0,s,D,QB8,8,0,standard_pi_2,16,0.07,-1800000.0,-1.8,533,1024,0.5205078125
01a0a58f-fa8c-7373-bce5-caabe51dbde0,s,D,QB8,8,0,standard_pi_2,17,0.07,-1350000.0,-1.35,553,1024,0.5400390625
01a0a58f-fa8c-7373-bce5-caabe51dbde0,s,D,QB8,8,0,standard_pi_2,18,0.07,-900000.0,-0.9,557,1024,0.5439453125
01a0a58f-fa8c-7373-bce5-caabe51dbde0,s,D,QB8,8,0,standard_pi_2,19,0.07,-450000.0,-0.45,536,1024,0.5234375
01a0a58f-fa8c-7373-bce5-caabe51dbde0,s,D,QB8,8,0,standard_pi_2,20,0.07,0.0,0.0,570,1024,0.556640625
01a0a58f-fa8c-7373-bce5-caabe51dbde0,s,D,QB8,8,0,standard_pi_2,21,0.07,450000.0,0.45,553,1024,0.5400390625
01a0a58f-fa8c-7373-bce5-caabe51dbde0,s,D,QB8,8,0,standard_pi_2,22,0.07,900000.0,0.9,570,1024,0.556640625
01a0a58f-fa8c-7373-bce5-caabe51dbde0,s,D,QB8,8,0,standard_pi_2,23,0.07,1350000.0,1.35,546,1024,0.533203125
01a0a58f-fa8c-7373-bce5-caabe51dbde0,s,D,QB8,8,0,standard_pi_2,24,0.07,1800000.0,1.8,567,1024,0.5537109375
01a0a58f-fa8c-7373-bce5-caabe51dbde0,s,D,QB8,8,0,standard_pi_2,25,0.07,2250000.0,2.25,564,1024,0.55078125
01a0a58f-fa8c-7373-bce5-caabe51dbde0,s,D,QB8,8,0,standard_pi_2,26,0.07,2700000.0,2.7,537,1024,0.5244140625
01a0a58f-fa8c-7373-bce5-caabe51dbde0,s,D,QB8,8,0,standard_pi_2,27,0.07,3150000.0,3.15,507,1024,0.4951171875
01a0a58f-fa8c-7373-bce5-caabe51dbde0,s,D,QB8,8,0,standard_pi_2,28,0.07,3600000.0,3.6,520,1024,0.5078125
01a0a58f-fa8c-7373-bce5-caabe51dbde0,s,D,QB8,8,0,standard_pi_2,29,0.07,4050000.0,4.05,519,1024,0.5068359375
01a0a58f-fa8c-7373-bce5-caabe51dbde0,s,D,QB8,8,0,standard_pi_2,30,0.07,4500000.0,4.5,522,1024,0.509765625
01a0a58f-fa8c-7373-bce5-caabe51dbde0,s,D,QB8,8,0,standard_pi_2,31,0.07,4950000.0,4.95,516,1024,0.50390625
01a0a58f-fa8c-7373-bce5-caabe51dbde0,s,D,QB8,8,0,standard_pi_2,32,0.07,5400000.0,5.4,508,1024,0.49609375
01a0a58f-fa8c-7373-bce5-caabe51dbde0,s,D,QB8,8,0,standard_pi_2,33,0.07,5850000.0,5.85,517,1024,0.5048828125
01a0a58f-fa8c-7373-bce5-caabe51dbde0,s,D,QB8,8,0,standard_pi_2,34,0.07,6300000.0,6.3,494,1024,0.482421875
01a0a58f-fa8c-7373-bce5-caabe51dbde0,s,D,QB8,8,0,standard_pi_2,35,0.07,6750000.0,6.75,534,1024,0.521484375
01a0a58f-fa8c-7373-bce5-caabe51dbde0,s,D,QB8,8,0,standard_pi_2,36,0.07,7200000.0,7.2,471,1024,0.4599609375
01a0a58f-fa8c-7373-bce5-caabe51dbde0,s,D,QB8,8,0,standard_pi_2,37,0.07,7650000.0,7.65,528,1024,0.515625
01a0a58f-fa8c-7373-bce5-caabe51dbde0,s,D,QB8,8,0,standard_pi_2,38,0.07,8100000.0,8.1,501,1024,0.4892578125
01a0a58f-fa8c-7373-bce5-caabe51dbde0,s,D,QB8,8,0,standard_pi_2,39,0.07,8550000.0,8.55,508,1024,0.49609375
01a0a58f-fa8c-7373-bce5-caabe51dbde0,s,D,QB8,8,0,standard_pi_2,40,0.07,9000000.0,9.0,467,1024,0.4560546875
01a0a58f-fa8c-7373-bce5-caabe51dbde0,s,D,QB8,8,1,UVH5s,0,0.07,-9000000.0,-9.0,631,1024,0.6162109375
01a0a58f-fa8c-7373-bce5-caabe51dbde0,s,D,QB8,8,1,UVH5s,1,0.07,-8550000.0,-8.55,647,1024,0.6318359375
01a0a58f-fa8c-7373-bce5-caabe51dbde0,s,D,QB8,8,1,UVH5s,2,0.07,-8100000.0,-8.1,616,1024,0.6015625
01a0a58f-fa8c-7373-bce5-caabe51dbde0,s,D,QB8,8,1,UVH5s,3,0.07,-7650000.0,-7.65,645,1024,0.6298828125
01a0a58f-fa8c-7373-bce5-caabe51dbde0,s,D,QB8,8,1,UVH5s,4,0.07,-7200000.0,-7.2,664,1024,0.6484375
01a0a58f-fa8c-7373-bce5-caabe51dbde0,s,D,QB8,8,1,UVH5s,5,0.07,-6750000.0,-6.75,634,1024,0.619140625
01a0a58f-fa8c-7373-bce5-caabe51dbde0,s,D,QB8,8,1,UVH5s,6,0.07,-6300000.0,-6.3,632,1024,0.6171875
01a0a58f-fa8c-7373-bce5-caabe51dbde0,s,D,QB8,8,1,UVH5s,7,0.07,-5850000.0,-5.85,619,1024,0.6044921875
01a0a58f-fa8c-7373-bce5-caabe51dbde0,s,D,QB8,8,1,UVH5s,8,0.07,-5400000.0,-5.4,634,1024,0.619140625
01a0a58f-fa8c-7373-bce5-caabe51dbde0,s,D,QB8,8,1,UVH5s,9,0.07,-4950000.0,-4.95,593,1024,0.5791015625
01a0a58f-fa8c-7373-bce5-caabe51dbde0,s,D,QB8,8,1,UVH5s,10,0.07,-4500000.0,-4.5,580,1024,0.56640625
01a0a58f-fa8c-7373-bce5-caabe51dbde0,s,D,QB8,8,1,UVH5s,11,0.07,-4050000.0,-4.05,577,1024,0.5634765625
01a0a58f-fa8c-7373-bce5-caabe51dbde0,s,D,QB8,8,1,UVH5s,12,0.07,-3600000.0,-3.6,567,1024,0.5537109375
01a0a58f-fa8c-7373-bce5-caabe51dbde0,s,D,QB8,8,1,UVH5s,13,0.07,-3150000.0,-3.15,553,1024,0.5400390625
01a0a58f-fa8c-7373-bce5-caabe51dbde0,s,D,QB8,8,1,UVH5s,14,0.07,-2700000.0,-2.7,532,1024,0.51953125
01a0a58f-fa8c-7373-bce5-caabe51dbde0,s,D,QB8,8,1,UVH5s,15,0.07,-2250000.0,-2.25,543,1024,0.5302734375
01a0a58f-fa8c-7373-bce5-caabe51dbde0,s,D,QB8,8,1,UVH5s,16,0.07,-1800000.0,-1.8,546,1024,0.533203125
01a0a58f-fa8c-7373-bce5-caabe51dbde0,s,D,QB8,8,1,UVH5s,17,0.07,-1350000.0,-1.35,564,1024,0.55078125
01a0a58f-fa8c-7373-bce5-caabe51dbde0,s,D,QB8,8,1,UVH5s,18,0.07,-900000.0,-0.9,550,1024,0.537109375
01a0a58f-fa8c-7373-bce5-caabe51dbde0,s,D,QB8,8,1,UVH5s,19,0.07,-450000.0,-0.45,520,1024,0.5078125
01a0a58f-fa8c-7373-bce5-caabe51dbde0,s,D,QB8,8,1,UVH5s,20,0.07,0.0,0.0,511,1024,0.4990234375
01a0a58f-fa8c-7373-bce5-caabe51dbde0,s,D,QB8,8,1,UVH5s,21,0.07,450000.0,0.45,511,1024,0.4990234375
01a0a58f-fa8c-7373-bce5-caabe51dbde0,s,D,QB8,8,1,UVH5s,22,0.07,900000.0,0.9,531,1024,0.5185546875
01a0a58f-fa8c-7373-bce5-caabe51dbde0,s,D,QB8,8,1,UVH5s,23,0.07,1350000.0,1.35,533,1024,0.5205078125
01a0a58f-fa8c-7373-bce5-caabe51dbde0,s,D,QB8,8,1,UVH5s,24,0.07,1800000.0,1.8,560,1024,0.546875
01a0a58f-fa8c-7373-bce5-caabe51dbde0,s,D,QB8,8,1,UVH5s,25,0.07,2250000.0,2.25,557,1024,0.5439453125
01a0a58f-fa8c-7373-bce5-caabe51dbde0,s,D,QB8,8,1,UVH5s,26,0.07,2700000.0,2.7,564,1024,0.55078125
01a0a58f-fa8c-7373-bce5-caabe51dbde0,s,D,QB8,8,1,UVH5s,27,0.07,3150000.0,3.15,556,1024,0.54296875
01a0a58f-fa8c-7373-bce5-caabe51dbde0,s,D,QB8,8,1,UVH5s,28,0.07,3600000.0,3.6,576,1024,0.5625
01a0a58f-fa8c-7373-bce5-caabe51dbde0,s,D,QB8,8,1,UVH5s,29,0.07,4050000.0,4.05,633,1024,0.6181640625
01a0a58f-fa8c-7373-bce5-caabe51dbde0,s,D,QB8,8,1,UVH5s,30,0.07,4500000.0,4.5,637,1024,0.6220703125
01a0a58f-fa8c-7373-bce5-caabe51dbde0,s,D,QB8,8,1,UVH5s,31,0.07,4950000.0,4.95,651,1024,0.6357421875
01a0a58f-fa8c-7373-bce5-caabe51dbde0,s,D,QB8,8,1,UVH5s,32,0.07,5400000.0,5.4,634,1024,0.619140625
01a0a58f-fa8c-7373-bce5-caabe51dbde0,s,D,QB8,8,1,UVH5s,33,0.07,5850000.0,5.85,644,1024,0.62890625
01a0a58f-fa8c-7373-bce5-caabe51dbde0,s,D,QB8,8,1,UVH5s,34,0.07,6300000.0,6.3,676,1024,0.66015625
01a0a58f-fa8c-7373-bce5-caabe51dbde0,s,D,QB8,8,1,UVH5s,35,0.07,6750000.0,6.75,715,1024,0.6982421875
01a0a58f-fa8c-7373-bce5-caabe51dbde0,s,D,QB8,8,1,UVH5s,36,0.07,7200000.0,7.2,719,1024,0.7021484375
01a0a58f-fa8c-7373-bce5-caabe51dbde0,s,D,QB8,8,1,UVH5s,37,0.07,7650000.0,7.65,741,1024,0.7236328125
01a0a58f-fa8c-7373-bce5-caabe51dbde0,s,D,QB8,8,1,UVH5s,38,0.07,8100000.0,8.1,754,1024,0.736328125
01a0a58f-fa8c-7373-bce5-caabe51dbde0,s,D,QB8,8,1,UVH5s,39,0.07,8550000.0,8.55,759,1024,0.7412109375
01a0a58f-fa8c-7373-bce5-caabe51dbde0,s,D,QB8,8,1,UVH5s,40,0.07,9000000.0,9.0,748,1024,0.73046875
01a0a58f-fa8c-7373-bce5-caabe51dbde0,s,D,QB8,8,2,UVH7s,0,0.07,-9000000.0,-9.0,553,1024,0.5400390625
01a0a58f-fa8c-7373-bce5-caabe51dbde0,s,D,QB8,8,2,UVH7s,1,0.07,-8550000.0,-8.55,540,1024,0.52734375
01a0a58f-fa8c-7373-bce5-caabe51dbde0,s,D,QB8,8,2,UVH7s,2,0.07,-8100000.0,-8.1,598,1024,0.583984375
01a0a58f-fa8c-7373-bce5-caabe51dbde0,s,D,QB8,8,2,UVH7s,3,0.07,-7650000.0,-7.65,543,1024,0.5302734375
01a0a58f-fa8c-7373-bce5-caabe51dbde0,s,D,QB8,8,2,UVH7s,4,0.07,-7200000.0,-7.2,572,1024,0.55859375
01a0a58f-fa8c-7373-bce5-caabe51dbde0,s,D,QB8,8,2,UVH7s,5,0.07,-6750000.0,-6.75,582,1024,0.568359375
01a0a58f-fa8c-7373-bce5-caabe51dbde0,s,D,QB8,8,2,UVH7s,6,0.07,-6300000.0,-6.3,562,1024,0.548828125
01a0a58f-fa8c-7373-bce5-caabe51dbde0,s,D,QB8,8,2,UVH7s,7,0.07,-5850000.0,-5.85,588,1024,0.57421875
01a0a58f-fa8c-7373-bce5-caabe51dbde0,s,D,QB8,8,2,UVH7s,8,0.07,-5400000.0,-5.4,555,1024,0.5419921875
01a0a58f-fa8c-7373-bce5-caabe51dbde0,s,D,QB8,8,2,UVH7s,9,0.07,-4950000.0,-4.95,528,1024,0.515625
01a0a58f-fa8c-7373-bce5-caabe51dbde0,s,D,QB8,8,2,UVH7s,10,0.07,-4500000.0,-4.5,561,1024,0.5478515625
01a0a58f-fa8c-7373-bce5-caabe51dbde0,s,D,QB8,8,2,UVH7s,11,0.07,-4050000.0,-4.05,534,1024,0.521484375
01a0a58f-fa8c-7373-bce5-caabe51dbde0,s,D,QB8,8,2,UVH7s,12,0.07,-3600000.0,-3.6,578,1024,0.564453125
01a0a58f-fa8c-7373-bce5-caabe51dbde0,s,D,QB8,8,2,UVH7s,13,0.07,-3150000.0,-3.15,524,1024,0.51171875
01a0a58f-fa8c-7373-bce5-caabe51dbde0,s,D,QB8,8,2,UVH7s,14,0.07,-2700000.0,-2.7,548,1024,0.53515625
01a0a58f-fa8c-7373-bce5-caabe51dbde0,s,D,QB8,8,2,UVH7s,15,0.07,-2250000.0,-2.25,541,1024,0.5283203125
01a0a58f-fa8c-7373-bce5-caabe51dbde0,s,D,QB8,8,2,UVH7s,16,0.07,-1800000.0,-1.8,504,1024,0.4921875
01a0a58f-fa8c-7373-bce5-caabe51dbde0,s,D,QB8,8,2,UVH7s,17,0.07,-1350000.0,-1.35,512,1024,0.5
01a0a58f-fa8c-7373-bce5-caabe51dbde0,s,D,QB8,8,2,UVH7s,18,0.07,-900000.0,-0.9,523,1024,0.5107421875
01a0a58f-fa8c-7373-bce5-caabe51dbde0,s,D,QB8,8,2,UVH7s,19,0.07,-450000.0,-0.45,546,1024,0.533203125
01a0a58f-fa8c-7373-bce5-caabe51dbde0,s,D,QB8,8,2,UVH7s,20,0.07,0.0,0.0,523,1024,0.5107421875
01a0a58f-fa8c-7373-bce5-caabe51dbde0,s,D,QB8,8,2,UVH7s,21,0.07,450000.0,0.45,508,1024,0.49609375
01a0a58f-fa8c-7373-bce5-caabe51dbde0,s,D,QB8,8,2,UVH7s,22,0.07,900000.0,0.9,542,1024,0.529296875
01a0a58f-fa8c-7373-bce5-caabe51dbde0,s,D,QB8,8,2,UVH7s,23,0.07,1350000.0,1.35,546,1024,0.533203125
01a0a58f-fa8c-7373-bce5-caabe51dbde0,s,D,QB8,8,2,UVH7s,24,0.07,1800000.0,1.8,521,1024,0.5087890625
01a0a58f-fa8c-7373-bce5-caabe51dbde0,s,D,QB8,8,2,UVH7s,25,0.07,2250000.0,2.25,526,1024,0.513671875
01a0a58f-fa8c-7373-bce5-caabe51dbde0,s,D,QB8,8,2,UVH7s,26,0.07,2700000.0,2.7,515,1024,0.5029296875
01a0a58f-fa8c-7373-bce5-caabe51dbde0,s,D,QB8,8,2,UVH7s,27,0.07,3150000.0,3.15,513,1024,0.5009765625
01a0a58f-fa8c-7373-bce5-caabe51dbde0,s,D,QB8,8,2,UVH7s,28,0.07,3600000.0,3.6,535,1024,0.5224609375
01a0a58f-fa8c-7373-bce5-caabe51dbde0,s,D,QB8,8,2,UVH7s,29,0.07,4050000.0,4.05,523,1024,0.5107421875
01a0a58f-fa8c-7373-bce5-caabe51dbde0,s,D,QB8,8,2,UVH7s,30,0.07,4500000.0,4.5,525,1024,0.5126953125
01a0a58f-fa8c-7373-bce5-caabe51dbde0,s,D,QB8,8,2,UVH7s,31,0.07,4950000.0,4.95,519,1024,0.5068359375
01a0a58f-fa8c-7373-bce5-caabe51dbde0,s,D,QB8,8,2,UVH7s,32,0.07,5400000.0,5.4,517,1024,0.5048828125
01a0a58f-fa8c-7373-bce5-caabe51dbde0,s,D,QB8,8,2,UVH7s,33,0.07,5850000.0,5.85,560,1024,0.546875
01a0a58f-fa8c-7373-bce5-caabe51dbde0,s,D,QB8,8,2,UVH7s,34,0.07,6300000.0,6.3,568,1024,0.5546875
01a0a58f-fa8c-7373-bce5-caabe51dbde0,s,D,QB8,8,2,UVH7s,35,0.07,6750000.0,6.75,568,1024,0.5546875
01a0a58f-fa8c-7373-bce5-caabe51dbde0,s,D,QB8,8,2,UVH7s,36,0.07,7200000.0,7.2,592,1024,0.578125
01a0a58f-fa8c-7373-bce5-caabe51dbde0,s,D,QB8,8,2,UVH7s,37,0.07,7650000.0,7.65,601,1024,0.5869140625
01a0a58f-fa8c-7373-bce5-caabe51dbde0,s,D,QB8,8,2,UVH7s,38,0.07,8100000.0,8.1,615,1024,0.6005859375
01a0a58f-fa8c-7373-bce5-caabe51dbde0,s,D,QB8,8,2,UVH7s,39,0.07,8550000.0,8.55,648,1024,0.6328125
01a0a58f-fa8c-7373-bce5-caabe51dbde0,s,D,QB8,8,2,UVH7s,40,0.07,9000000.0,9.0,639,1024,0.6240234375
01a0a58f-fa8c-7373-bce5-caabe51dbde0,s,D,QB8,8,3,UVH9s,0,0.07,-9000000.0,-9.0,421,1024,0.4111328125
01a0a58f-fa8c-7373-bce5-caabe51dbde0,s,D,QB8,8,3,UVH9s,1,0.07,-8550000.0,-8.55,412,1024,0.40234375
01a0a58f-fa8c-7373-bce5-caabe51dbde0,s,D,QB8,8,3,UVH9s,2,0.07,-8100000.0,-8.1,424,1024,0.4140625
01a0a58f-fa8c-7373-bce5-caabe51dbde0,s,D,QB8,8,3,UVH9s,3,0.07,-7650000.0,-7.65,445,1024,0.4345703125
01a0a58f-fa8c-7373-bce5-caabe51dbde0,s,D,QB8,8,3,UVH9s,4,0.07,-7200000.0,-7.2,482,1024,0.470703125
01a0a58f-fa8c-7373-bce5-caabe51dbde0,s,D,QB8,8,3,UVH9s,5,0.07,-6750000.0,-6.75,445,1024,0.4345703125
01a0a58f-fa8c-7373-bce5-caabe51dbde0,s,D,QB8,8,3,UVH9s,6,0.07,-6300000.0,-6.3,487,1024,0.4755859375
01a0a58f-fa8c-7373-bce5-caabe51dbde0,s,D,QB8,8,3,UVH9s,7,0.07,-5850000.0,-5.85,462,1024,0.451171875
01a0a58f-fa8c-7373-bce5-caabe51dbde0,s,D,QB8,8,3,UVH9s,8,0.07,-5400000.0,-5.4,527,1024,0.5146484375
01a0a58f-fa8c-7373-bce5-caabe51dbde0,s,D,QB8,8,3,UVH9s,9,0.07,-4950000.0,-4.95,482,1024,0.470703125
01a0a58f-fa8c-7373-bce5-caabe51dbde0,s,D,QB8,8,3,UVH9s,10,0.07,-4500000.0,-4.5,461,1024,0.4501953125
01a0a58f-fa8c-7373-bce5-caabe51dbde0,s,D,QB8,8,3,UVH9s,11,0.07,-4050000.0,-4.05,521,1024,0.5087890625
01a0a58f-fa8c-7373-bce5-caabe51dbde0,s,D,QB8,8,3,UVH9s,12,0.07,-3600000.0,-3.6,475,1024,0.4638671875
01a0a58f-fa8c-7373-bce5-caabe51dbde0,s,D,QB8,8,3,UVH9s,13,0.07,-3150000.0,-3.15,524,1024,0.51171875
01a0a58f-fa8c-7373-bce5-caabe51dbde0,s,D,QB8,8,3,UVH9s,14,0.07,-2700000.0,-2.7,520,1024,0.5078125
01a0a58f-fa8c-7373-bce5-caabe51dbde0,s,D,QB8,8,3,UVH9s,15,0.07,-2250000.0,-2.25,503,1024,0.4912109375
01a0a58f-fa8c-7373-bce5-caabe51dbde0,s,D,QB8,8,3,UVH9s,16,0.07,-1800000.0,-1.8,513,1024,0.5009765625
01a0a58f-fa8c-7373-bce5-caabe51dbde0,s,D,QB8,8,3,UVH9s,17,0.07,-1350000.0,-1.35,492,1024,0.48046875
01a0a58f-fa8c-7373-bce5-caabe51dbde0,s,D,QB8,8,3,UVH9s,18,0.07,-900000.0,-0.9,507,1024,0.4951171875
01a0a58f-fa8c-7373-bce5-caabe51dbde0,s,D,QB8,8,3,UVH9s,19,0.07,-450000.0,-0.45,511,1024,0.4990234375
01a0a58f-fa8c-7373-bce5-caabe51dbde0,s,D,QB8,8,3,UVH9s,20,0.07,0.0,0.0,486,1024,0.474609375
01a0a58f-fa8c-7373-bce5-caabe51dbde0,s,D,QB8,8,3,UVH9s,21,0.07,450000.0,0.45,493,1024,0.4814453125
01a0a58f-fa8c-7373-bce5-caabe51dbde0,s,D,QB8,8,3,UVH9s,22,0.07,900000.0,0.9,516,1024,0.50390625
01a0a58f-fa8c-7373-bce5-caabe51dbde0,s,D,QB8,8,3,UVH9s,23,0.07,1350000.0,1.35,519,1024,0.5068359375
01a0a58f-fa8c-7373-bce5-caabe51dbde0,s,D,QB8,8,3,UVH9s,24,0.07,1800000.0,1.8,496,1024,0.484375
01a0a58f-fa8c-7373-bce5-caabe51dbde0,s,D,QB8,8,3,UVH9s,25,0.07,2250000.0,2.25,500,1024,0.48828125
01a0a58f-fa8c-7373-bce5-caabe51dbde0,s,D,QB8,8,3,UVH9s,26,0.07,2700000.0,2.7,535,1024,0.5224609375
01a0a58f-fa8c-7373-bce5-caabe51dbde0,s,D,QB8,8,3,UVH9s,27,0.07,3150000.0,3.15,503,1024,0.4912109375
01a0a58f-fa8c-7373-bce5-caabe51dbde0,s,D,QB8,8,3,UVH9s,28,0.07,3600000.0,3.6,495,1024,0.4833984375
01a0a58f-fa8c-7373-bce5-caabe51dbde0,s,D,QB8,8,3,UVH9s,29,0.07,4050000.0,4.05,525,1024,0.5126953125
01a0a58f-fa8c-7373-bce5-caabe51dbde0,s,D,QB8,8,3,UVH9s,30,0.07,4500000.0,4.5,469,1024,0.4580078125
01a0a58f-fa8c-7373-bce5-caabe51dbde0,s,D,QB8,8,3,UVH9s,31,0.07,4950000.0,4.95,487,1024,0.4755859375
01a0a58f-fa8c-7373-bce5-caabe51dbde0,s,D,QB8,8,3,UVH9s,32,0.07,5400000.0,5.4,501,1024,0.4892578125
01a0a58f-fa8c-7373-bce5-caabe51dbde0,s,D,QB8,8,3,UVH9s,33,0.07,5850000.0,5.85,442,1024,0.431640625
01a0a58f-fa8c-7373-bce5-caabe51dbde0,s,D,QB8,8,3,UVH9s,34,0.07,6300000.0,6.3,432,1024,0.421875
01a0a58f-fa8c-7373-bce5-caabe51dbde0,s,D,QB8,8,3,UVH9s,35,0.07,6750000.0,6.75,426,1024,0.416015625
01a0a58f-fa8c-7373-bce5-caabe51dbde0,s,D,QB8,8,3,UVH9s,36,0.07,7200000.0,7.2,424,1024,0.4140625
01a0a58f-fa8c-7373-bce5-caabe51dbde0,s,D,QB8,8,3,UVH9s,37,0.07,7650000.0,7.65,406,1024,0.396484375
01a0a58f-fa8c-7373-bce5-caabe51dbde0,s,D,QB8,8,3,UVH9s,38,0.07,8100000.0,8.1,377,1024,0.3681640625
01a0a58f-fa8c-7373-bce5-caabe51dbde0,s,D,QB8,8,3,UVH9s,39,0.07,8550000.0,8.55,372,1024,0.36328125
01a0a58f-fa8c-7373-bce5-caabe51dbde0,s,D,QB8,8,3,UVH9s,40,0.07,9000000.0,9.0,335,1024,0.3271484375
01a0a58f-fa8c-7373-bce5-caabe51dbde0,s,D,QB8,8,4,UVH11s,0,0.07,-9000000.0,-9.0,598,1024,0.583984375
01a0a58f-fa8c-7373-bce5-caabe51dbde0,s,D,QB8,8,4,UVH11s,1,0.07,-8550000.0,-8.55,569,1024,0.5556640625
01a0a58f-fa8c-7373-bce5-caabe51dbde0,s,D,QB8,8,4,UVH11s,2,0.07,-8100000.0,-8.1,577,1024,0.5634765625
01a0a58f-fa8c-7373-bce5-caabe51dbde0,s,D,QB8,8,4,UVH11s,3,0.07,-7650000.0,-7.65,548,1024,0.53515625
01a0a58f-fa8c-7373-bce5-caabe51dbde0,s,D,QB8,8,4,UVH11s,4,0.07,-7200000.0,-7.2,555,1024,0.5419921875
01a0a58f-fa8c-7373-bce5-caabe51dbde0,s,D,QB8,8,4,UVH11s,5,0.07,-6750000.0,-6.75,541,1024,0.5283203125
01a0a58f-fa8c-7373-bce5-caabe51dbde0,s,D,QB8,8,4,UVH11s,6,0.07,-6300000.0,-6.3,531,1024,0.5185546875
01a0a58f-fa8c-7373-bce5-caabe51dbde0,s,D,QB8,8,4,UVH11s,7,0.07,-5850000.0,-5.85,525,1024,0.5126953125
01a0a58f-fa8c-7373-bce5-caabe51dbde0,s,D,QB8,8,4,UVH11s,8,0.07,-5400000.0,-5.4,520,1024,0.5078125
01a0a58f-fa8c-7373-bce5-caabe51dbde0,s,D,QB8,8,4,UVH11s,9,0.07,-4950000.0,-4.95,495,1024,0.4833984375
01a0a58f-fa8c-7373-bce5-caabe51dbde0,s,D,QB8,8,4,UVH11s,10,0.07,-4500000.0,-4.5,512,1024,0.5
01a0a58f-fa8c-7373-bce5-caabe51dbde0,s,D,QB8,8,4,UVH11s,11,0.07,-4050000.0,-4.05,492,1024,0.48046875
01a0a58f-fa8c-7373-bce5-caabe51dbde0,s,D,QB8,8,4,UVH11s,12,0.07,-3600000.0,-3.6,504,1024,0.4921875
01a0a58f-fa8c-7373-bce5-caabe51dbde0,s,D,QB8,8,4,UVH11s,13,0.07,-3150000.0,-3.15,478,1024,0.466796875
01a0a58f-fa8c-7373-bce5-caabe51dbde0,s,D,QB8,8,4,UVH11s,14,0.07,-2700000.0,-2.7,528,1024,0.515625
01a0a58f-fa8c-7373-bce5-caabe51dbde0,s,D,QB8,8,4,UVH11s,15,0.07,-2250000.0,-2.25,478,1024,0.466796875
01a0a58f-fa8c-7373-bce5-caabe51dbde0,s,D,QB8,8,4,UVH11s,16,0.07,-1800000.0,-1.8,512,1024,0.5
01a0a58f-fa8c-7373-bce5-caabe51dbde0,s,D,QB8,8,4,UVH11s,17,0.07,-1350000.0,-1.35,486,1024,0.474609375
01a0a58f-fa8c-7373-bce5-caabe51dbde0,s,D,QB8,8,4,UVH11s,18,0.07,-900000.0,-0.9,477,1024,0.4658203125
01a0a58f-fa8c-7373-bce5-caabe51dbde0,s,D,QB8,8,4,UVH11s,19,0.07,-450000.0,-0.45,524,1024,0.51171875
01a0a58f-fa8c-7373-bce5-caabe51dbde0,s,D,QB8,8,4,UVH11s,20,0.07,0.0,0.0,466,1024,0.455078125
01a0a58f-fa8c-7373-bce5-caabe51dbde0,s,D,QB8,8,4,UVH11s,21,0.07,450000.0,0.45,499,1024,0.4873046875
01a0a58f-fa8c-7373-bce5-caabe51dbde0,s,D,QB8,8,4,UVH11s,22,0.07,900000.0,0.9,465,1024,0.4541015625
01a0a58f-fa8c-7373-bce5-caabe51dbde0,s,D,QB8,8,4,UVH11s,23,0.07,1350000.0,1.35,485,1024,0.4736328125
01a0a58f-fa8c-7373-bce5-caabe51dbde0,s,D,QB8,8,4,UVH11s,24,0.07,1800000.0,1.8,478,1024,0.466796875
01a0a58f-fa8c-7373-bce5-caabe51dbde0,s,D,QB8,8,4,UVH11s,25,0.07,2250000.0,2.25,491,1024,0.4794921875
01a0a58f-fa8c-7373-bce5-caabe51dbde0,s,D,QB8,8,4,UVH11s,26,0.07,2700000.0,2.7,505,1024,0.4931640625
01a0a58f-fa8c-7373-bce5-caabe51dbde0,s,D,QB8,8,4,UVH11s,27,0.07,3150000.0,3.15,474,1024,0.462890625
01a0a58f-fa8c-7373-bce5-caabe51dbde0,s,D,QB8,8,4,UVH11s,28,0.07,3600000.0,3.6,472,1024,0.4609375
01a0a58f-fa8c-7373-bce5-caabe51dbde0,s,D,QB8,8,4,UVH11s,29,0.07,4050000.0,4.05,460,1024,0.44921875
01a0a58f-fa8c-7373-bce5-caabe51dbde0,s,D,QB8,8,4,UVH11s,30,0.07,4500000.0,4.5,488,1024,0.4765625
01a0a58f-fa8c-7373-bce5-caabe51dbde0,s,D,QB8,8,4,UVH11s,31,0.07,4950000.0,4.95,456,1024,0.4453125
01a0a58f-fa8c-7373-bce5-caabe51dbde0,s,D,QB8,8,4,UVH11s,32,0.07,5400000.0,5.4,473,1024,0.4619140625
01a0a58f-fa8c-7373-bce5-caabe51dbde0,s,D,QB8,8,4,UVH11s,33,0.07,5850000.0,5.85,477,1024,0.4658203125
01a0a58f-fa8c-7373-bce5-caabe51dbde0,s,D,QB8,8,4,UVH11s,34,0.07,6300000.0,6.3,467,1024,0.4560546875
01a0a58f-fa8c-7373-bce5-caabe51dbde0,s,D,QB8,8,4,UVH11s,35,0.07,6750000.0,6.75,464,1024,0.453125
01a0a58f-fa8c-7373-bce5-caabe51dbde0,s,D,QB8,8,4,UVH11s,36,0.07,7200000.0,7.2,446,1024,0.435546875
01a0a58f-fa8c-7373-bce5-caabe51dbde0,s,D,QB8,8,4,UVH11s,37,0.07,7650000.0,7.65,458,1024,0.447265625
01a0a58f-fa8c-7373-bce5-caabe51dbde0,s,D,QB8,8,4,UVH11s,38,0.07,8100000.0,8.1,470,1024,0.458984375
01a0a58f-fa8c-7373-bce5-caabe51dbde0,s,D,QB8,8,4,UVH11s,39,0.07,8550000.0,8.55,442,1024,0.431640625
01a0a58f-fa8c-7373-bce5-caabe51dbde0,s,D,QB8,8,4,UVH11s,40,0.07,9000000.0,9.0,456,1024,0.4453125
01a0a58f-fa8c-7373-bce5-caabe51dbde0,s,D,QB8,8,5,UVH13s,0,0.07,-9000000.0,-9.0,580,1024,0.56640625
01a0a58f-fa8c-7373-bce5-caabe51dbde0,s,D,QB8,8,5,UVH13s,1,0.07,-8550000.0,-8.55,609,1024,0.5947265625
01a0a58f-fa8c-7373-bce5-caabe51dbde0,s,D,QB8,8,5,UVH13s,2,0.07,-8100000.0,-8.1,579,1024,0.5654296875
01a0a58f-fa8c-7373-bce5-caabe51dbde0,s,D,QB8,8,5,UVH13s,3,0.07,-7650000.0,-7.65,544,1024,0.53125
01a0a58f-fa8c-7373-bce5-caabe51dbde0,s,D,QB8,8,5,UVH13s,4,0.07,-7200000.0,-7.2,525,1024,0.5126953125
01a0a58f-fa8c-7373-bce5-caabe51dbde0,s,D,QB8,8,5,UVH13s,5,0.07,-6750000.0,-6.75,552,1024,0.5390625
01a0a58f-fa8c-7373-bce5-caabe51dbde0,s,D,QB8,8,5,UVH13s,6,0.07,-6300000.0,-6.3,527,1024,0.5146484375
01a0a58f-fa8c-7373-bce5-caabe51dbde0,s,D,QB8,8,5,UVH13s,7,0.07,-5850000.0,-5.85,551,1024,0.5380859375
01a0a58f-fa8c-7373-bce5-caabe51dbde0,s,D,QB8,8,5,UVH13s,8,0.07,-5400000.0,-5.4,544,1024,0.53125
01a0a58f-fa8c-7373-bce5-caabe51dbde0,s,D,QB8,8,5,UVH13s,9,0.07,-4950000.0,-4.95,554,1024,0.541015625
01a0a58f-fa8c-7373-bce5-caabe51dbde0,s,D,QB8,8,5,UVH13s,10,0.07,-4500000.0,-4.5,523,1024,0.5107421875
01a0a58f-fa8c-7373-bce5-caabe51dbde0,s,D,QB8,8,5,UVH13s,11,0.07,-4050000.0,-4.05,506,1024,0.494140625
01a0a58f-fa8c-7373-bce5-caabe51dbde0,s,D,QB8,8,5,UVH13s,12,0.07,-3600000.0,-3.6,527,1024,0.5146484375
01a0a58f-fa8c-7373-bce5-caabe51dbde0,s,D,QB8,8,5,UVH13s,13,0.07,-3150000.0,-3.15,528,1024,0.515625
01a0a58f-fa8c-7373-bce5-caabe51dbde0,s,D,QB8,8,5,UVH13s,14,0.07,-2700000.0,-2.7,521,1024,0.5087890625
01a0a58f-fa8c-7373-bce5-caabe51dbde0,s,D,QB8,8,5,UVH13s,15,0.07,-2250000.0,-2.25,515,1024,0.5029296875
01a0a58f-fa8c-7373-bce5-caabe51dbde0,s,D,QB8,8,5,UVH13s,16,0.07,-1800000.0,-1.8,518,1024,0.505859375
01a0a58f-fa8c-7373-bce5-caabe51dbde0,s,D,QB8,8,5,UVH13s,17,0.07,-1350000.0,-1.35,543,1024,0.5302734375
01a0a58f-fa8c-7373-bce5-caabe51dbde0,s,D,QB8,8,5,UVH13s,18,0.07,-900000.0,-0.9,566,1024,0.552734375
01a0a58f-fa8c-7373-bce5-caabe51dbde0,s,D,QB8,8,5,UVH13s,19,0.07,-450000.0,-0.45,533,1024,0.5205078125
01a0a58f-fa8c-7373-bce5-caabe51dbde0,s,D,QB8,8,5,UVH13s,20,0.07,0.0,0.0,555,1024,0.5419921875
01a0a58f-fa8c-7373-bce5-caabe51dbde0,s,D,QB8,8,5,UVH13s,21,0.07,450000.0,0.45,550,1024,0.537109375
01a0a58f-fa8c-7373-bce5-caabe51dbde0,s,D,QB8,8,5,UVH13s,22,0.07,900000.0,0.9,528,1024,0.515625
01a0a58f-fa8c-7373-bce5-caabe51dbde0,s,D,QB8,8,5,UVH13s,23,0.07,1350000.0,1.35,536,1024,0.5234375
01a0a58f-fa8c-7373-bce5-caabe51dbde0,s,D,QB8,8,5,UVH13s,24,0.07,1800000.0,1.8,535,1024,0.5224609375
01a0a58f-fa8c-7373-bce5-caabe51dbde0,s,D,QB8,8,5,UVH13s,25,0.07,2250000.0,2.25,511,1024,0.4990234375
01a0a58f-fa8c-7373-bce5-caabe51dbde0,s,D,QB8,8,5,UVH13s,26,0.07,2700000.0,2.7,545,1024,0.5322265625
01a0a58f-fa8c-7373-bce5-caabe51dbde0,s,D,QB8,8,5,UVH13s,27,0.07,3150000.0,3.15,546,1024,0.533203125
01a0a58f-fa8c-7373-bce5-caabe51dbde0,s,D,QB8,8,5,UVH13s,28,0.07,3600000.0,3.6,553,1024,0.5400390625
01a0a58f-fa8c-7373-bce5-caabe51dbde0,s,D,QB8,8,5,UVH13s,29,0.07,4050000.0,4.05,550,1024,0.537109375
01a0a58f-fa8c-7373-bce5-caabe51dbde0,s,D,QB8,8,5,UVH13s,30,0.07,4500000.0,4.5,542,1024,0.529296875
01a0a58f-fa8c-7373-bce5-caabe51dbde0,s,D,QB8,8,5,UVH13s,31,0.07,4950000.0,4.95,522,1024,0.509765625
01a0a58f-fa8c-7373-bce5-caabe51dbde0,s,D,QB8,8,5,UVH13s,32,0.07,5400000.0,5.4,556,1024,0.54296875
01a0a58f-fa8c-7373-bce5-caabe51dbde0,s,D,QB8,8,5,UVH13s,33,0.07,5850000.0,5.85,538,1024,0.525390625
01a0a58f-fa8c-7373-bce5-caabe51dbde0,s,D,QB8,8,5,UVH13s,34,0.07,6300000.0,6.3,557,1024,0.5439453125
01a0a58f-fa8c-7373-bce5-caabe51dbde0,s,D,QB8,8,5,UVH13s,35,0.07,6750000.0,6.75,571,1024,0.5576171875
01a0a58f-fa8c-7373-bce5-caabe51dbde0,s,D,QB8,8,5,UVH13s,36,0.07,7200000.0,7.2,539,1024,0.5263671875
01a0a58f-fa8c-7373-bce5-caabe51dbde0,s,D,QB8,8,5,UVH13s,37,0.07,7650000.0,7.65,556,1024,0.54296875
01a0a58f-fa8c-7373-bce5-caabe51dbde0,s,D,QB8,8,5,UVH13s,38,0.07,8100000.0,8.1,538,1024,0.525390625
01a0a58f-fa8c-7373-bce5-caabe51dbde0,s,D,QB8,8,5,UVH13s,39,0.07,8550000.0,8.55,529,1024,0.5166015625
01a0a58f-fa8c-7373-bce5-caabe51dbde0,s,D,QB8,8,5,UVH13s,40,0.07,9000000.0,9.0,551,1024,0.5380859375
01a0a58f-fa8c-7373-bce5-caabe51dbde0,s,D,QB15,9,0,standard_pi_2,0,0.07,-9000000.0,-9.0,572,1024,0.55859375
01a0a58f-fa8c-7373-bce5-caabe51dbde0,s,D,QB15,9,0,standard_pi_2,1,0.07,-8550000.0,-8.55,588,1024,0.57421875
01a0a58f-fa8c-7373-bce5-caabe51dbde0,s,D,QB15,9,0,standard_pi_2,2,0.07,-8100000.0,-8.1,595,1024,0.5810546875
01a0a58f-fa8c-7373-bce5-caabe51dbde0,s,D,QB15,9,0,standard_pi_2,3,0.07,-7650000.0,-7.65,582,1024,0.568359375
01a0a58f-fa8c-7373-bce5-caabe51dbde0,s,D,QB15,9,0,standard_pi_2,4,0.07,-7200000.0,-7.2,608,1024,0.59375
01a0a58f-fa8c-7373-bce5-caabe51dbde0,s,D,QB15,9,0,standard_pi_2,5,0.07,-6750000.0,-6.75,592,1024,0.578125
01a0a58f-fa8c-7373-bce5-caabe51dbde0,s,D,QB15,9,0,standard_pi_2,6,0.07,-6300000.0,-6.3,565,1024,0.5517578125
01a0a58f-fa8c-7373-bce5-caabe51dbde0,s,D,QB15,9,0,standard_pi_2,7,0.07,-5850000.0,-5.85,565,1024,0.5517578125
01a0a58f-fa8c-7373-bce5-caabe51dbde0,s,D,QB15,9,0,standard_pi_2,8,0.07,-5400000.0,-5.4,552,1024,0.5390625
01a0a58f-fa8c-7373-bce5-caabe51dbde0,s,D,QB15,9,0,standard_pi_2,9,0.07,-4950000.0,-4.95,561,1024,0.5478515625
01a0a58f-fa8c-7373-bce5-caabe51dbde0,s,D,QB15,9,0,standard_pi_2,10,0.07,-4500000.0,-4.5,577,1024,0.5634765625
01a0a58f-fa8c-7373-bce5-caabe51dbde0,s,D,QB15,9,0,standard_pi_2,11,0.07,-4050000.0,-4.05,576,1024,0.5625
01a0a58f-fa8c-7373-bce5-caabe51dbde0,s,D,QB15,9,0,standard_pi_2,12,0.07,-3600000.0,-3.6,569,1024,0.5556640625
01a0a58f-fa8c-7373-bce5-caabe51dbde0,s,D,QB15,9,0,standard_pi_2,13,0.07,-3150000.0,-3.15,530,1024,0.517578125
01a0a58f-fa8c-7373-bce5-caabe51dbde0,s,D,QB15,9,0,standard_pi_2,14,0.07,-2700000.0,-2.7,557,1024,0.5439453125
01a0a58f-fa8c-7373-bce5-caabe51dbde0,s,D,QB15,9,0,standard_pi_2,15,0.07,-2250000.0,-2.25,597,1024,0.5830078125
01a0a58f-fa8c-7373-bce5-caabe51dbde0,s,D,QB15,9,0,standard_pi_2,16,0.07,-1800000.0,-1.8,556,1024,0.54296875
01a0a58f-fa8c-7373-bce5-caabe51dbde0,s,D,QB15,9,0,standard_pi_2,17,0.07,-1350000.0,-1.35,551,1024,0.5380859375
01a0a58f-fa8c-7373-bce5-caabe51dbde0,s,D,QB15,9,0,standard_pi_2,18,0.07,-900000.0,-0.9,542,1024,0.529296875
01a0a58f-fa8c-7373-bce5-caabe51dbde0,s,D,QB15,9,0,standard_pi_2,19,0.07,-450000.0,-0.45,554,1024,0.541015625
01a0a58f-fa8c-7373-bce5-caabe51dbde0,s,D,QB15,9,0,standard_pi_2,20,0.07,0.0,0.0,543,1024,0.5302734375
01a0a58f-fa8c-7373-bce5-caabe51dbde0,s,D,QB15,9,0,standard_pi_2,21,0.07,450000.0,0.45,530,1024,0.517578125
01a0a58f-fa8c-7373-bce5-caabe51dbde0,s,D,QB15,9,0,standard_pi_2,22,0.07,900000.0,0.9,494,1024,0.482421875
01a0a58f-fa8c-7373-bce5-caabe51dbde0,s,D,QB15,9,0,standard_pi_2,23,0.07,1350000.0,1.35,552,1024,0.5390625
01a0a58f-fa8c-7373-bce5-caabe51dbde0,s,D,QB15,9,0,standard_pi_2,24,0.07,1800000.0,1.8,547,1024,0.5341796875
01a0a58f-fa8c-7373-bce5-caabe51dbde0,s,D,QB15,9,0,standard_pi_2,25,0.07,2250000.0,2.25,526,1024,0.513671875
01a0a58f-fa8c-7373-bce5-caabe51dbde0,s,D,QB15,9,0,standard_pi_2,26,0.07,2700000.0,2.7,504,1024,0.4921875
01a0a58f-fa8c-7373-bce5-caabe51dbde0,s,D,QB15,9,0,standard_pi_2,27,0.07,3150000.0,3.15,493,1024,0.4814453125
01a0a58f-fa8c-7373-bce5-caabe51dbde0,s,D,QB15,9,0,standard_pi_2,28,0.07,3600000.0,3.6,517,1024,0.5048828125
01a0a58f-fa8c-7373-bce5-caabe51dbde0,s,D,QB15,9,0,standard_pi_2,29,0.07,4050000.0,4.05,503,1024,0.4912109375
01a0a58f-fa8c-7373-bce5-caabe51dbde0,s,D,QB15,9,0,standard_pi_2,30,0.07,4500000.0,4.5,513,1024,0.5009765625
01a0a58f-fa8c-7373-bce5-caabe51dbde0,s,D,QB15,9,0,standard_pi_2,31,0.07,4950000.0,4.95,489,1024,0.4775390625
01a0a58f-fa8c-7373-bce5-caabe51dbde0,s,D,QB15,9,0,standard_pi_2,32,0.07,5400000.0,5.4,506,1024,0.494140625
01a0a58f-fa8c-7373-bce5-caabe51dbde0,s,D,QB15,9,0,standard_pi_2,33,0.07,5850000.0,5.85,508,1024,0.49609375
01a0a58f-fa8c-7373-bce5-caabe51dbde0,s,D,QB15,9,0,standard_pi_2,34,0.07,6300000.0,6.3,490,1024,0.478515625
01a0a58f-fa8c-7373-bce5-caabe51dbde0,s,D,QB15,9,0,standard_pi_2,35,0.07,6750000.0,6.75,503,1024,0.4912109375
01a0a58f-fa8c-7373-bce5-caabe51dbde0,s,D,QB15,9,0,standard_pi_2,36,0.07,7200000.0,7.2,511,1024,0.4990234375
01a0a58f-fa8c-7373-bce5-caabe51dbde0,s,D,QB15,9,0,standard_pi_2,37,0.07,7650000.0,7.65,513,1024,0.5009765625
01a0a58f-fa8c-7373-bce5-caabe51dbde0,s,D,QB15,9,0,standard_pi_2,38,0.07,8100000.0,8.1,489,1024,0.4775390625
01a0a58f-fa8c-7373-bce5-caabe51dbde0,s,D,QB15,9,0,standard_pi_2,39,0.07,8550000.0,8.55,489,1024,0.4775390625
01a0a58f-fa8c-7373-bce5-caabe51dbde0,s,D,QB15,9,0,standard_pi_2,40,0.07,9000000.0,9.0,486,1024,0.474609375
01a0a58f-fa8c-7373-bce5-caabe51dbde0,s,D,QB15,9,1,UVH5s,0,0.07,-9000000.0,-9.0,606,1024,0.591796875
01a0a58f-fa8c-7373-bce5-caabe51dbde0,s,D,QB15,9,1,UVH5s,1,0.07,-8550000.0,-8.55,624,1024,0.609375
01a0a58f-fa8c-7373-bce5-caabe51dbde0,s,D,QB15,9,1,UVH5s,2,0.07,-8100000.0,-8.1,601,1024,0.5869140625
01a0a58f-fa8c-7373-bce5-caabe51dbde0,s,D,QB15,9,1,UVH5s,3,0.07,-7650000.0,-7.65,609,1024,0.5947265625
01a0a58f-fa8c-7373-bce5-caabe51dbde0,s,D,QB15,9,1,UVH5s,4,0.07,-7200000.0,-7.2,626,1024,0.611328125
01a0a58f-fa8c-7373-bce5-caabe51dbde0,s,D,QB15,9,1,UVH5s,5,0.07,-6750000.0,-6.75,629,1024,0.6142578125
01a0a58f-fa8c-7373-bce5-caabe51dbde0,s,D,QB15,9,1,UVH5s,6,0.07,-6300000.0,-6.3,590,1024,0.576171875
01a0a58f-fa8c-7373-bce5-caabe51dbde0,s,D,QB15,9,1,UVH5s,7,0.07,-5850000.0,-5.85,566,1024,0.552734375
01a0a58f-fa8c-7373-bce5-caabe51dbde0,s,D,QB15,9,1,UVH5s,8,0.07,-5400000.0,-5.4,590,1024,0.576171875
01a0a58f-fa8c-7373-bce5-caabe51dbde0,s,D,QB15,9,1,UVH5s,9,0.07,-4950000.0,-4.95,597,1024,0.5830078125
01a0a58f-fa8c-7373-bce5-caabe51dbde0,s,D,QB15,9,1,UVH5s,10,0.07,-4500000.0,-4.5,567,1024,0.5537109375
01a0a58f-fa8c-7373-bce5-caabe51dbde0,s,D,QB15,9,1,UVH5s,11,0.07,-4050000.0,-4.05,568,1024,0.5546875
01a0a58f-fa8c-7373-bce5-caabe51dbde0,s,D,QB15,9,1,UVH5s,12,0.07,-3600000.0,-3.6,569,1024,0.5556640625
01a0a58f-fa8c-7373-bce5-caabe51dbde0,s,D,QB15,9,1,UVH5s,13,0.07,-3150000.0,-3.15,555,1024,0.5419921875
01a0a58f-fa8c-7373-bce5-caabe51dbde0,s,D,QB15,9,1,UVH5s,14,0.07,-2700000.0,-2.7,521,1024,0.5087890625
01a0a58f-fa8c-7373-bce5-caabe51dbde0,s,D,QB15,9,1,UVH5s,15,0.07,-2250000.0,-2.25,533,1024,0.5205078125
01a0a58f-fa8c-7373-bce5-caabe51dbde0,s,D,QB15,9,1,UVH5s,16,0.07,-1800000.0,-1.8,535,1024,0.5224609375
01a0a58f-fa8c-7373-bce5-caabe51dbde0,s,D,QB15,9,1,UVH5s,17,0.07,-1350000.0,-1.35,574,1024,0.560546875
01a0a58f-fa8c-7373-bce5-caabe51dbde0,s,D,QB15,9,1,UVH5s,18,0.07,-900000.0,-0.9,535,1024,0.5224609375
01a0a58f-fa8c-7373-bce5-caabe51dbde0,s,D,QB15,9,1,UVH5s,19,0.07,-450000.0,-0.45,508,1024,0.49609375
01a0a58f-fa8c-7373-bce5-caabe51dbde0,s,D,QB15,9,1,UVH5s,20,0.07,0.0,0.0,526,1024,0.513671875
01a0a58f-fa8c-7373-bce5-caabe51dbde0,s,D,QB15,9,1,UVH5s,21,0.07,450000.0,0.45,514,1024,0.501953125
01a0a58f-fa8c-7373-bce5-caabe51dbde0,s,D,QB15,9,1,UVH5s,22,0.07,900000.0,0.9,531,1024,0.5185546875
01a0a58f-fa8c-7373-bce5-caabe51dbde0,s,D,QB15,9,1,UVH5s,23,0.07,1350000.0,1.35,523,1024,0.5107421875
01a0a58f-fa8c-7373-bce5-caabe51dbde0,s,D,QB15,9,1,UVH5s,24,0.07,1800000.0,1.8,566,1024,0.552734375
01a0a58f-fa8c-7373-bce5-caabe51dbde0,s,D,QB15,9,1,UVH5s,25,0.07,2250000.0,2.25,570,1024,0.556640625
01a0a58f-fa8c-7373-bce5-caabe51dbde0,s,D,QB15,9,1,UVH5s,26,0.07,2700000.0,2.7,602,1024,0.587890625
01a0a58f-fa8c-7373-bce5-caabe51dbde0,s,D,QB15,9,1,UVH5s,27,0.07,3150000.0,3.15,636,1024,0.62109375
01a0a58f-fa8c-7373-bce5-caabe51dbde0,s,D,QB15,9,1,UVH5s,28,0.07,3600000.0,3.6,625,1024,0.6103515625
01a0a58f-fa8c-7373-bce5-caabe51dbde0,s,D,QB15,9,1,UVH5s,29,0.07,4050000.0,4.05,626,1024,0.611328125
01a0a58f-fa8c-7373-bce5-caabe51dbde0,s,D,QB15,9,1,UVH5s,30,0.07,4500000.0,4.5,672,1024,0.65625
01a0a58f-fa8c-7373-bce5-caabe51dbde0,s,D,QB15,9,1,UVH5s,31,0.07,4950000.0,4.95,634,1024,0.619140625
01a0a58f-fa8c-7373-bce5-caabe51dbde0,s,D,QB15,9,1,UVH5s,32,0.07,5400000.0,5.4,652,1024,0.63671875
01a0a58f-fa8c-7373-bce5-caabe51dbde0,s,D,QB15,9,1,UVH5s,33,0.07,5850000.0,5.85,704,1024,0.6875
01a0a58f-fa8c-7373-bce5-caabe51dbde0,s,D,QB15,9,1,UVH5s,34,0.07,6300000.0,6.3,702,1024,0.685546875
01a0a58f-fa8c-7373-bce5-caabe51dbde0,s,D,QB15,9,1,UVH5s,35,0.07,6750000.0,6.75,732,1024,0.71484375
01a0a58f-fa8c-7373-bce5-caabe51dbde0,s,D,QB15,9,1,UVH5s,36,0.07,7200000.0,7.2,744,1024,0.7265625
01a0a58f-fa8c-7373-bce5-caabe51dbde0,s,D,QB15,9,1,UVH5s,37,0.07,7650000.0,7.65,744,1024,0.7265625
01a0a58f-fa8c-7373-bce5-caabe51dbde0,s,D,QB15,9,1,UVH5s,38,0.07,8100000.0,8.1,763,1024,0.7451171875
01a0a58f-fa8c-7373-bce5-caabe51dbde0,s,D,QB15,9,1,UVH5s,39,0.07,8550000.0,8.55,774,1024,0.755859375
01a0a58f-fa8c-7373-bce5-caabe51dbde0,s,D,QB15,9,1,UVH5s,40,0.07,9000000.0,9.0,766,1024,0.748046875
01a0a58f-fa8c-7373-bce5-caabe51dbde0,s,D,QB15,9,2,UVH7s,0,0.07,-9000000.0,-9.0,530,1024,0.517578125
01a0a58f-fa8c-7373-bce5-caabe51dbde0,s,D,QB15,9,2,UVH7s,1,0.07,-8550000.0,-8.55,562,1024,0.548828125
01a0a58f-fa8c-7373-bce5-caabe51dbde0,s,D,QB15,9,2,UVH7s,2,0.07,-8100000.0,-8.1,526,1024,0.513671875
01a0a58f-fa8c-7373-bce5-caabe51dbde0,s,D,QB15,9,2,UVH7s,3,0.07,-7650000.0,-7.65,515,1024,0.5029296875
01a0a58f-fa8c-7373-bce5-caabe51dbde0,s,D,QB15,9,2,UVH7s,4,0.07,-7200000.0,-7.2,543,1024,0.5302734375
01a0a58f-fa8c-7373-bce5-caabe51dbde0,s,D,QB15,9,2,UVH7s,5,0.07,-6750000.0,-6.75,530,1024,0.517578125
01a0a58f-fa8c-7373-bce5-caabe51dbde0,s,D,QB15,9,2,UVH7s,6,0.07,-6300000.0,-6.3,502,1024,0.490234375
01a0a58f-fa8c-7373-bce5-caabe51dbde0,s,D,QB15,9,2,UVH7s,7,0.07,-5850000.0,-5.85,522,1024,0.509765625
01a0a58f-fa8c-7373-bce5-caabe51dbde0,s,D,QB15,9,2,UVH7s,8,0.07,-5400000.0,-5.4,512,1024,0.5
01a0a58f-fa8c-7373-bce5-caabe51dbde0,s,D,QB15,9,2,UVH7s,9,0.07,-4950000.0,-4.95,495,1024,0.4833984375
01a0a58f-fa8c-7373-bce5-caabe51dbde0,s,D,QB15,9,2,UVH7s,10,0.07,-4500000.0,-4.5,500,1024,0.48828125
01a0a58f-fa8c-7373-bce5-caabe51dbde0,s,D,QB15,9,2,UVH7s,11,0.07,-4050000.0,-4.05,508,1024,0.49609375
01a0a58f-fa8c-7373-bce5-caabe51dbde0,s,D,QB15,9,2,UVH7s,12,0.07,-3600000.0,-3.6,486,1024,0.474609375
01a0a58f-fa8c-7373-bce5-caabe51dbde0,s,D,QB15,9,2,UVH7s,13,0.07,-3150000.0,-3.15,492,1024,0.48046875
01a0a58f-fa8c-7373-bce5-caabe51dbde0,s,D,QB15,9,2,UVH7s,14,0.07,-2700000.0,-2.7,499,1024,0.4873046875
01a0a58f-fa8c-7373-bce5-caabe51dbde0,s,D,QB15,9,2,UVH7s,15,0.07,-2250000.0,-2.25,483,1024,0.4716796875
01a0a58f-fa8c-7373-bce5-caabe51dbde0,s,D,QB15,9,2,UVH7s,16,0.07,-1800000.0,-1.8,481,1024,0.4697265625
01a0a58f-fa8c-7373-bce5-caabe51dbde0,s,D,QB15,9,2,UVH7s,17,0.07,-1350000.0,-1.35,496,1024,0.484375
01a0a58f-fa8c-7373-bce5-caabe51dbde0,s,D,QB15,9,2,UVH7s,18,0.07,-900000.0,-0.9,493,1024,0.4814453125
01a0a58f-fa8c-7373-bce5-caabe51dbde0,s,D,QB15,9,2,UVH7s,19,0.07,-450000.0,-0.45,484,1024,0.47265625
01a0a58f-fa8c-7373-bce5-caabe51dbde0,s,D,QB15,9,2,UVH7s,20,0.07,0.0,0.0,492,1024,0.48046875
01a0a58f-fa8c-7373-bce5-caabe51dbde0,s,D,QB15,9,2,UVH7s,21,0.07,450000.0,0.45,460,1024,0.44921875
01a0a58f-fa8c-7373-bce5-caabe51dbde0,s,D,QB15,9,2,UVH7s,22,0.07,900000.0,0.9,507,1024,0.4951171875
01a0a58f-fa8c-7373-bce5-caabe51dbde0,s,D,QB15,9,2,UVH7s,23,0.07,1350000.0,1.35,452,1024,0.44140625
01a0a58f-fa8c-7373-bce5-caabe51dbde0,s,D,QB15,9,2,UVH7s,24,0.07,1800000.0,1.8,491,1024,0.4794921875
01a0a58f-fa8c-7373-bce5-caabe51dbde0,s,D,QB15,9,2,UVH7s,25,0.07,2250000.0,2.25,471,1024,0.4599609375
01a0a58f-fa8c-7373-bce5-caabe51dbde0,s,D,QB15,9,2,UVH7s,26,0.07,2700000.0,2.7,468,1024,0.45703125
01a0a58f-fa8c-7373-bce5-caabe51dbde0,s,D,QB15,9,2,UVH7s,27,0.07,3150000.0,3.15,464,1024,0.453125
01a0a58f-fa8c-7373-bce5-caabe51dbde0,s,D,QB15,9,2,UVH7s,28,0.07,3600000.0,3.6,482,1024,0.470703125
01a0a58f-fa8c-7373-bce5-caabe51dbde0,s,D,QB15,9,2,UVH7s,29,0.07,4050000.0,4.05,482,1024,0.470703125
01a0a58f-fa8c-7373-bce5-caabe51dbde0,s,D,QB15,9,2,UVH7s,30,0.07,4500000.0,4.5,499,1024,0.4873046875
01a0a58f-fa8c-7373-bce5-caabe51dbde0,s,D,QB15,9,2,UVH7s,31,0.07,4950000.0,4.95,470,1024,0.458984375
01a0a58f-fa8c-7373-bce5-caabe51dbde0,s,D,QB15,9,2,UVH7s,32,0.07,5400000.0,5.4,497,1024,0.4853515625
01a0a58f-fa8c-7373-bce5-caabe51dbde0,s,D,QB15,9,2,UVH7s,33,0.07,5850000.0,5.85,526,1024,0.513671875
01a0a58f-fa8c-7373-bce5-caabe51dbde0,s,D,QB15,9,2,UVH7s,34,0.07,6300000.0,6.3,549,1024,0.5361328125
01a0a58f-fa8c-7373-bce5-caabe51dbde0,s,D,QB15,9,2,UVH7s,35,0.07,6750000.0,6.75,539,1024,0.5263671875
01a0a58f-fa8c-7373-bce5-caabe51dbde0,s,D,QB15,9,2,UVH7s,36,0.07,7200000.0,7.2,548,1024,0.53515625
01a0a58f-fa8c-7373-bce5-caabe51dbde0,s,D,QB15,9,2,UVH7s,37,0.07,7650000.0,7.65,563,1024,0.5498046875
01a0a58f-fa8c-7373-bce5-caabe51dbde0,s,D,QB15,9,2,UVH7s,38,0.07,8100000.0,8.1,583,1024,0.5693359375
01a0a58f-fa8c-7373-bce5-caabe51dbde0,s,D,QB15,9,2,UVH7s,39,0.07,8550000.0,8.55,585,1024,0.5712890625
01a0a58f-fa8c-7373-bce5-caabe51dbde0,s,D,QB15,9,2,UVH7s,40,0.07,9000000.0,9.0,600,1024,0.5859375
01a0a58f-fa8c-7373-bce5-caabe51dbde0,s,D,QB15,9,3,UVH9s,0,0.07,-9000000.0,-9.0,441,1024,0.4306640625
01a0a58f-fa8c-7373-bce5-caabe51dbde0,s,D,QB15,9,3,UVH9s,1,0.07,-8550000.0,-8.55,412,1024,0.40234375
01a0a58f-fa8c-7373-bce5-caabe51dbde0,s,D,QB15,9,3,UVH9s,2,0.07,-8100000.0,-8.1,436,1024,0.42578125
01a0a58f-fa8c-7373-bce5-caabe51dbde0,s,D,QB15,9,3,UVH9s,3,0.07,-7650000.0,-7.65,443,1024,0.4326171875
01a0a58f-fa8c-7373-bce5-caabe51dbde0,s,D,QB15,9,3,UVH9s,4,0.07,-7200000.0,-7.2,451,1024,0.4404296875
01a0a58f-fa8c-7373-bce5-caabe51dbde0,s,D,QB15,9,3,UVH9s,5,0.07,-6750000.0,-6.75,471,1024,0.4599609375
01a0a58f-fa8c-7373-bce5-caabe51dbde0,s,D,QB15,9,3,UVH9s,6,0.07,-6300000.0,-6.3,467,1024,0.4560546875
01a0a58f-fa8c-7373-bce5-caabe51dbde0,s,D,QB15,9,3,UVH9s,7,0.07,-5850000.0,-5.85,496,1024,0.484375
01a0a58f-fa8c-7373-bce5-caabe51dbde0,s,D,QB15,9,3,UVH9s,8,0.07,-5400000.0,-5.4,490,1024,0.478515625
01a0a58f-fa8c-7373-bce5-caabe51dbde0,s,D,QB15,9,3,UVH9s,9,0.07,-4950000.0,-4.95,472,1024,0.4609375
01a0a58f-fa8c-7373-bce5-caabe51dbde0,s,D,QB15,9,3,UVH9s,10,0.07,-4500000.0,-4.5,483,1024,0.4716796875
01a0a58f-fa8c-7373-bce5-caabe51dbde0,s,D,QB15,9,3,UVH9s,11,0.07,-4050000.0,-4.05,491,1024,0.4794921875
01a0a58f-fa8c-7373-bce5-caabe51dbde0,s,D,QB15,9,3,UVH9s,12,0.07,-3600000.0,-3.6,489,1024,0.4775390625
01a0a58f-fa8c-7373-bce5-caabe51dbde0,s,D,QB15,9,3,UVH9s,13,0.07,-3150000.0,-3.15,501,1024,0.4892578125
01a0a58f-fa8c-7373-bce5-caabe51dbde0,s,D,QB15,9,3,UVH9s,14,0.07,-2700000.0,-2.7,479,1024,0.4677734375
01a0a58f-fa8c-7373-bce5-caabe51dbde0,s,D,QB15,9,3,UVH9s,15,0.07,-2250000.0,-2.25,463,1024,0.4521484375
01a0a58f-fa8c-7373-bce5-caabe51dbde0,s,D,QB15,9,3,UVH9s,16,0.07,-1800000.0,-1.8,480,1024,0.46875
01a0a58f-fa8c-7373-bce5-caabe51dbde0,s,D,QB15,9,3,UVH9s,17,0.07,-1350000.0,-1.35,489,1024,0.4775390625
01a0a58f-fa8c-7373-bce5-caabe51dbde0,s,D,QB15,9,3,UVH9s,18,0.07,-900000.0,-0.9,485,1024,0.4736328125
01a0a58f-fa8c-7373-bce5-caabe51dbde0,s,D,QB15,9,3,UVH9s,19,0.07,-450000.0,-0.45,506,1024,0.494140625
01a0a58f-fa8c-7373-bce5-caabe51dbde0,s,D,QB15,9,3,UVH9s,20,0.07,0.0,0.0,514,1024,0.501953125
01a0a58f-fa8c-7373-bce5-caabe51dbde0,s,D,QB15,9,3,UVH9s,21,0.07,450000.0,0.45,488,1024,0.4765625
01a0a58f-fa8c-7373-bce5-caabe51dbde0,s,D,QB15,9,3,UVH9s,22,0.07,900000.0,0.9,484,1024,0.47265625
01a0a58f-fa8c-7373-bce5-caabe51dbde0,s,D,QB15,9,3,UVH9s,23,0.07,1350000.0,1.35,493,1024,0.4814453125
01a0a58f-fa8c-7373-bce5-caabe51dbde0,s,D,QB15,9,3,UVH9s,24,0.07,1800000.0,1.8,492,1024,0.48046875
01a0a58f-fa8c-7373-bce5-caabe51dbde0,s,D,QB15,9,3,UVH9s,25,0.07,2250000.0,2.25,469,1024,0.4580078125
01a0a58f-fa8c-7373-bce5-caabe51dbde0,s,D,QB15,9,3,UVH9s,26,0.07,2700000.0,2.7,479,1024,0.4677734375
01a0a58f-fa8c-7373-bce5-caabe51dbde0,s,D,QB15,9,3,UVH9s,27,0.07,3150000.0,3.15,423,1024,0.4130859375
01a0a58f-fa8c-7373-bce5-caabe51dbde0,s,D,QB15,9,3,UVH9s,28,0.07,3600000.0,3.6,478,1024,0.466796875
01a0a58f-fa8c-7373-bce5-caabe51dbde0,s,D,QB15,9,3,UVH9s,29,0.07,4050000.0,4.05,470,1024,0.458984375
01a0a58f-fa8c-7373-bce5-caabe51dbde0,s,D,QB15,9,3,UVH9s,30,0.07,4500000.0,4.5,441,1024,0.4306640625
01a0a58f-fa8c-7373-bce5-caabe51dbde0,s,D,QB15,9,3,UVH9s,31,0.07,4950000.0,4.95,440,1024,0.4296875
01a0a58f-fa8c-7373-bce5-caabe51dbde0,s,D,QB15,9,3,UVH9s,32,0.07,5400000.0,5.4,449,1024,0.4384765625
01a0a58f-fa8c-7373-bce5-caabe51dbde0,s,D,QB15,9,3,UVH9s,33,0.07,5850000.0,5.85,430,1024,0.419921875
01a0a58f-fa8c-7373-bce5-caabe51dbde0,s,D,QB15,9,3,UVH9s,34,0.07,6300000.0,6.3,412,1024,0.40234375
01a0a58f-fa8c-7373-bce5-caabe51dbde0,s,D,QB15,9,3,UVH9s,35,0.07,6750000.0,6.75,388,1024,0.37890625
01a0a58f-fa8c-7373-bce5-caabe51dbde0,s,D,QB15,9,3,UVH9s,36,0.07,7200000.0,7.2,405,1024,0.3955078125
01a0a58f-fa8c-7373-bce5-caabe51dbde0,s,D,QB15,9,3,UVH9s,37,0.07,7650000.0,7.65,389,1024,0.3798828125
01a0a58f-fa8c-7373-bce5-caabe51dbde0,s,D,QB15,9,3,UVH9s,38,0.07,8100000.0,8.1,333,1024,0.3251953125
01a0a58f-fa8c-7373-bce5-caabe51dbde0,s,D,QB15,9,3,UVH9s,39,0.07,8550000.0,8.55,311,1024,0.3037109375
01a0a58f-fa8c-7373-bce5-caabe51dbde0,s,D,QB15,9,3,UVH9s,40,0.07,9000000.0,9.0,294,1024,0.287109375
01a0a58f-fa8c-7373-bce5-caabe51dbde0,s,D,QB15,9,4,UVH11s,0,0.07,-9000000.0,-9.0,575,1024,0.5615234375
01a0a58f-fa8c-7373-bce5-caabe51dbde0,s,D,QB15,9,4,UVH11s,1,0.07,-8550000.0,-8.55,547,1024,0.5341796875
01a0a58f-fa8c-7373-bce5-caabe51dbde0,s,D,QB15,9,4,UVH11s,2,0.07,-8100000.0,-8.1,517,1024,0.5048828125
01a0a58f-fa8c-7373-bce5-caabe51dbde0,s,D,QB15,9,4,UVH11s,3,0.07,-7650000.0,-7.65,528,1024,0.515625
01a0a58f-fa8c-7373-bce5-caabe51dbde0,s,D,QB15,9,4,UVH11s,4,0.07,-7200000.0,-7.2,530,1024,0.517578125
01a0a58f-fa8c-7373-bce5-caabe51dbde0,s,D,QB15,9,4,UVH11s,5,0.07,-6750000.0,-6.75,540,1024,0.52734375
01a0a58f-fa8c-7373-bce5-caabe51dbde0,s,D,QB15,9,4,UVH11s,6,0.07,-6300000.0,-6.3,510,1024,0.498046875
01a0a58f-fa8c-7373-bce5-caabe51dbde0,s,D,QB15,9,4,UVH11s,7,0.07,-5850000.0,-5.85,486,1024,0.474609375
01a0a58f-fa8c-7373-bce5-caabe51dbde0,s,D,QB15,9,4,UVH11s,8,0.07,-5400000.0,-5.4,517,1024,0.5048828125
01a0a58f-fa8c-7373-bce5-caabe51dbde0,s,D,QB15,9,4,UVH11s,9,0.07,-4950000.0,-4.95,517,1024,0.5048828125
01a0a58f-fa8c-7373-bce5-caabe51dbde0,s,D,QB15,9,4,UVH11s,10,0.07,-4500000.0,-4.5,501,1024,0.4892578125
01a0a58f-fa8c-7373-bce5-caabe51dbde0,s,D,QB15,9,4,UVH11s,11,0.07,-4050000.0,-4.05,507,1024,0.4951171875
01a0a58f-fa8c-7373-bce5-caabe51dbde0,s,D,QB15,9,4,UVH11s,12,0.07,-3600000.0,-3.6,547,1024,0.5341796875
01a0a58f-fa8c-7373-bce5-caabe51dbde0,s,D,QB15,9,4,UVH11s,13,0.07,-3150000.0,-3.15,534,1024,0.521484375
01a0a58f-fa8c-7373-bce5-caabe51dbde0,s,D,QB15,9,4,UVH11s,14,0.07,-2700000.0,-2.7,523,1024,0.5107421875
01a0a58f-fa8c-7373-bce5-caabe51dbde0,s,D,QB15,9,4,UVH11s,15,0.07,-2250000.0,-2.25,517,1024,0.5048828125
01a0a58f-fa8c-7373-bce5-caabe51dbde0,s,D,QB15,9,4,UVH11s,16,0.07,-1800000.0,-1.8,518,1024,0.505859375
01a0a58f-fa8c-7373-bce5-caabe51dbde0,s,D,QB15,9,4,UVH11s,17,0.07,-1350000.0,-1.35,538,1024,0.525390625
01a0a58f-fa8c-7373-bce5-caabe51dbde0,s,D,QB15,9,4,UVH11s,18,0.07,-900000.0,-0.9,530,1024,0.517578125
01a0a58f-fa8c-7373-bce5-caabe51dbde0,s,D,QB15,9,4,UVH11s,19,0.07,-450000.0,-0.45,523,1024,0.5107421875
01a0a58f-fa8c-7373-bce5-caabe51dbde0,s,D,QB15,9,4,UVH11s,20,0.07,0.0,0.0,529,1024,0.5166015625
01a0a58f-fa8c-7373-bce5-caabe51dbde0,s,D,QB15,9,4,UVH11s,21,0.07,450000.0,0.45,550,1024,0.537109375
01a0a58f-fa8c-7373-bce5-caabe51dbde0,s,D,QB15,9,4,UVH11s,22,0.07,900000.0,0.9,554,1024,0.541015625
01a0a58f-fa8c-7373-bce5-caabe51dbde0,s,D,QB15,9,4,UVH11s,23,0.07,1350000.0,1.35,549,1024,0.5361328125
01a0a58f-fa8c-7373-bce5-caabe51dbde0,s,D,QB15,9,4,UVH11s,24,0.07,1800000.0,1.8,527,1024,0.5146484375
01a0a58f-fa8c-7373-bce5-caabe51dbde0,s,D,QB15,9,4,UVH11s,25,0.07,2250000.0,2.25,538,1024,0.525390625
01a0a58f-fa8c-7373-bce5-caabe51dbde0,s,D,QB15,9,4,UVH11s,26,0.07,2700000.0,2.7,532,1024,0.51953125
01a0a58f-fa8c-7373-bce5-caabe51dbde0,s,D,QB15,9,4,UVH11s,27,0.07,3150000.0,3.15,540,1024,0.52734375
01a0a58f-fa8c-7373-bce5-caabe51dbde0,s,D,QB15,9,4,UVH11s,28,0.07,3600000.0,3.6,511,1024,0.4990234375
01a0a58f-fa8c-7373-bce5-caabe51dbde0,s,D,QB15,9,4,UVH11s,29,0.07,4050000.0,4.05,535,1024,0.5224609375
01a0a58f-fa8c-7373-bce5-caabe51dbde0,s,D,QB15,9,4,UVH11s,30,0.07,4500000.0,4.5,542,1024,0.529296875
01a0a58f-fa8c-7373-bce5-caabe51dbde0,s,D,QB15,9,4,UVH11s,31,0.07,4950000.0,4.95,534,1024,0.521484375
01a0a58f-fa8c-7373-bce5-caabe51dbde0,s,D,QB15,9,4,UVH11s,32,0.07,5400000.0,5.4,509,1024,0.4970703125
01a0a58f-fa8c-7373-bce5-caabe51dbde0,s,D,QB15,9,4,UVH11s,33,0.07,5850000.0,5.85,501,1024,0.4892578125
01a0a58f-fa8c-7373-bce5-caabe51dbde0,s,D,QB15,9,4,UVH11s,34,0.07,6300000.0,6.3,519,1024,0.5068359375
01a0a58f-fa8c-7373-bce5-caabe51dbde0,s,D,QB15,9,4,UVH11s,35,0.07,6750000.0,6.75,517,1024,0.5048828125
01a0a58f-fa8c-7373-bce5-caabe51dbde0,s,D,QB15,9,4,UVH11s,36,0.07,7200000.0,7.2,519,1024,0.5068359375
01a0a58f-fa8c-7373-bce5-caabe51dbde0,s,D,QB15,9,4,UVH11s,37,0.07,7650000.0,7.65,504,1024,0.4921875
01a0a58f-fa8c-7373-bce5-caabe51dbde0,s,D,QB15,9,4,UVH11s,38,0.07,8100000.0,8.1,508,1024,0.49609375
01a0a58f-fa8c-7373-bce5-caabe51dbde0,s,D,QB15,9,4,UVH11s,39,0.07,8550000.0,8.55,480,1024,0.46875
01a0a58f-fa8c-7373-bce5-caabe51dbde0,s,D,QB15,9,4,UVH11s,40,0.07,9000000.0,9.0,498,1024,0.486328125
01a0a58f-fa8c-7373-bce5-caabe51dbde0,s,D,QB15,9,5,UVH13s,0,0.07,-9000000.0,-9.0,635,1024,0.6201171875
01a0a58f-fa8c-7373-bce5-caabe51dbde0,s,D,QB15,9,5,UVH13s,1,0.07,-8550000.0,-8.55,632,1024,0.6171875
01a0a58f-fa8c-7373-bce5-caabe51dbde0,s,D,QB15,9,5,UVH13s,2,0.07,-8100000.0,-8.1,622,1024,0.607421875
01a0a58f-fa8c-7373-bce5-caabe51dbde0,s,D,QB15,9,5,UVH13s,3,0.07,-7650000.0,-7.65,603,1024,0.5888671875
01a0a58f-fa8c-7373-bce5-caabe51dbde0,s,D,QB15,9,5,UVH13s,4,0.07,-7200000.0,-7.2,579,1024,0.5654296875
01a0a58f-fa8c-7373-bce5-caabe51dbde0,s,D,QB15,9,5,UVH13s,5,0.07,-6750000.0,-6.75,567,1024,0.5537109375
01a0a58f-fa8c-7373-bce5-caabe51dbde0,s,D,QB15,9,5,UVH13s,6,0.07,-6300000.0,-6.3,551,1024,0.5380859375
01a0a58f-fa8c-7373-bce5-caabe51dbde0,s,D,QB15,9,5,UVH13s,7,0.07,-5850000.0,-5.85,597,1024,0.5830078125
01a0a58f-fa8c-7373-bce5-caabe51dbde0,s,D,QB15,9,5,UVH13s,8,0.07,-5400000.0,-5.4,535,1024,0.5224609375
01a0a58f-fa8c-7373-bce5-caabe51dbde0,s,D,QB15,9,5,UVH13s,9,0.07,-4950000.0,-4.95,590,1024,0.576171875
01a0a58f-fa8c-7373-bce5-caabe51dbde0,s,D,QB15,9,5,UVH13s,10,0.07,-4500000.0,-4.5,568,1024,0.5546875
01a0a58f-fa8c-7373-bce5-caabe51dbde0,s,D,QB15,9,5,UVH13s,11,0.07,-4050000.0,-4.05,590,1024,0.576171875
01a0a58f-fa8c-7373-bce5-caabe51dbde0,s,D,QB15,9,5,UVH13s,12,0.07,-3600000.0,-3.6,575,1024,0.5615234375
01a0a58f-fa8c-7373-bce5-caabe51dbde0,s,D,QB15,9,5,UVH13s,13,0.07,-3150000.0,-3.15,589,1024,0.5751953125
01a0a58f-fa8c-7373-bce5-caabe51dbde0,s,D,QB15,9,5,UVH13s,14,0.07,-2700000.0,-2.7,534,1024,0.521484375
01a0a58f-fa8c-7373-bce5-caabe51dbde0,s,D,QB15,9,5,UVH13s,15,0.07,-2250000.0,-2.25,578,1024,0.564453125
01a0a58f-fa8c-7373-bce5-caabe51dbde0,s,D,QB15,9,5,UVH13s,16,0.07,-1800000.0,-1.8,556,1024,0.54296875
01a0a58f-fa8c-7373-bce5-caabe51dbde0,s,D,QB15,9,5,UVH13s,17,0.07,-1350000.0,-1.35,554,1024,0.541015625
01a0a58f-fa8c-7373-bce5-caabe51dbde0,s,D,QB15,9,5,UVH13s,18,0.07,-900000.0,-0.9,561,1024,0.5478515625
01a0a58f-fa8c-7373-bce5-caabe51dbde0,s,D,QB15,9,5,UVH13s,19,0.07,-450000.0,-0.45,566,1024,0.552734375
01a0a58f-fa8c-7373-bce5-caabe51dbde0,s,D,QB15,9,5,UVH13s,20,0.07,0.0,0.0,575,1024,0.5615234375
01a0a58f-fa8c-7373-bce5-caabe51dbde0,s,D,QB15,9,5,UVH13s,21,0.07,450000.0,0.45,597,1024,0.5830078125
01a0a58f-fa8c-7373-bce5-caabe51dbde0,s,D,QB15,9,5,UVH13s,22,0.07,900000.0,0.9,586,1024,0.572265625
01a0a58f-fa8c-7373-bce5-caabe51dbde0,s,D,QB15,9,5,UVH13s,23,0.07,1350000.0,1.35,547,1024,0.5341796875
01a0a58f-fa8c-7373-bce5-caabe51dbde0,s,D,QB15,9,5,UVH13s,24,0.07,1800000.0,1.8,597,1024,0.5830078125
01a0a58f-fa8c-7373-bce5-caabe51dbde0,s,D,QB15,9,5,UVH13s,25,0.07,2250000.0,2.25,586,1024,0.572265625
01a0a58f-fa8c-7373-bce5-caabe51dbde0,s,D,QB15,9,5,UVH13s,26,0.07,2700000.0,2.7,559,1024,0.5458984375
01a0a58f-fa8c-7373-bce5-caabe51dbde0,s,D,QB15,9,5,UVH13s,27,0.07,3150000.0,3.15,569,1024,0.5556640625
01a0a58f-fa8c-7373-bce5-caabe51dbde0,s,D,QB15,9,5,UVH13s,28,0.07,3600000.0,3.6,595,1024,0.5810546875
01a0a58f-fa8c-7373-bce5-caabe51dbde0,s,D,QB15,9,5,UVH13s,29,0.07,4050000.0,4.05,574,1024,0.560546875
01a0a58f-fa8c-7373-bce5-caabe51dbde0,s,D,QB15,9,5,UVH13s,30,0.07,4500000.0,4.5,550,1024,0.537109375
01a0a58f-fa8c-7373-bce5-caabe51dbde0,s,D,QB15,9,5,UVH13s,31,0.07,4950000.0,4.95,586,1024,0.572265625
01a0a58f-fa8c-7373-bce5-caabe51dbde0,s,D,QB15,9,5,UVH13s,32,0.07,5400000.0,5.4,540,1024,0.52734375
01a0a58f-fa8c-7373-bce5-caabe51dbde0,s,D,QB15,9,5,UVH13s,33,0.07,5850000.0,5.85,573,1024,0.5595703125
01a0a58f-fa8c-7373-bce5-caabe51dbde0,s,D,QB15,9,5,UVH13s,34,0.07,6300000.0,6.3,563,1024,0.5498046875
01a0a58f-fa8c-7373-bce5-caabe51dbde0,s,D,QB15,9,5,UVH13s,35,0.07,6750000.0,6.75,592,1024,0.578125
01a0a58f-fa8c-7373-bce5-caabe51dbde0,s,D,QB15,9,5,UVH13s,36,0.07,7200000.0,7.2,561,1024,0.5478515625
01a0a58f-fa8c-7373-bce5-caabe51dbde0,s,D,QB15,9,5,UVH13s,37,0.07,7650000.0,7.65,591,1024,0.5771484375
01a0a58f-fa8c-7373-bce5-caabe51dbde0,s,D,QB15,9,5,UVH13s,38,0.07,8100000.0,8.1,583,1024,0.5693359375
01a0a58f-fa8c-7373-bce5-caabe51dbde0,s,D,QB15,9,5,UVH13s,39,0.07,8550000.0,8.55,606,1024,0.591796875
01a0a58f-fa8c-7373-bce5-caabe51dbde0,s,D,QB15,9,5,UVH13s,40,0.07,9000000.0,9.0,565,1024,0.5517578125
01a0a58f-fa8c-7373-bce5-caabe51dbde0,s,D,QB10,10,0,standard_pi_2,0,0.07,-9000000.0,-9.0,613,1024,0.5986328125
01a0a58f-fa8c-7373-bce5-caabe51dbde0,s,D,QB10,10,0,standard_pi_2,1,0.07,-8550000.0,-8.55,620,1024,0.60546875
01a0a58f-fa8c-7373-bce5-caabe51dbde0,s,D,QB10,10,0,standard_pi_2,2,0.07,-8100000.0,-8.1,636,1024,0.62109375
01a0a58f-fa8c-7373-bce5-caabe51dbde0,s,D,QB10,10,0,standard_pi_2,3,0.07,-7650000.0,-7.65,612,1024,0.59765625
01a0a58f-fa8c-7373-bce5-caabe51dbde0,s,D,QB10,10,0,standard_pi_2,4,0.07,-7200000.0,-7.2,609,1024,0.5947265625
01a0a58f-fa8c-7373-bce5-caabe51dbde0,s,D,QB10,10,0,standard_pi_2,5,0.07,-6750000.0,-6.75,588,1024,0.57421875
01a0a58f-fa8c-7373-bce5-caabe51dbde0,s,D,QB10,10,0,standard_pi_2,6,0.07,-6300000.0,-6.3,609,1024,0.5947265625
01a0a58f-fa8c-7373-bce5-caabe51dbde0,s,D,QB10,10,0,standard_pi_2,7,0.07,-5850000.0,-5.85,626,1024,0.611328125
01a0a58f-fa8c-7373-bce5-caabe51dbde0,s,D,QB10,10,0,standard_pi_2,8,0.07,-5400000.0,-5.4,589,1024,0.5751953125
01a0a58f-fa8c-7373-bce5-caabe51dbde0,s,D,QB10,10,0,standard_pi_2,9,0.07,-4950000.0,-4.95,592,1024,0.578125
01a0a58f-fa8c-7373-bce5-caabe51dbde0,s,D,QB10,10,0,standard_pi_2,10,0.07,-4500000.0,-4.5,565,1024,0.5517578125
01a0a58f-fa8c-7373-bce5-caabe51dbde0,s,D,QB10,10,0,standard_pi_2,11,0.07,-4050000.0,-4.05,571,1024,0.5576171875
01a0a58f-fa8c-7373-bce5-caabe51dbde0,s,D,QB10,10,0,standard_pi_2,12,0.07,-3600000.0,-3.6,571,1024,0.5576171875
01a0a58f-fa8c-7373-bce5-caabe51dbde0,s,D,QB10,10,0,standard_pi_2,13,0.07,-3150000.0,-3.15,594,1024,0.580078125
01a0a58f-fa8c-7373-bce5-caabe51dbde0,s,D,QB10,10,0,standard_pi_2,14,0.07,-2700000.0,-2.7,556,1024,0.54296875
01a0a58f-fa8c-7373-bce5-caabe51dbde0,s,D,QB10,10,0,standard_pi_2,15,0.07,-2250000.0,-2.25,581,1024,0.5673828125
01a0a58f-fa8c-7373-bce5-caabe51dbde0,s,D,QB10,10,0,standard_pi_2,16,0.07,-1800000.0,-1.8,600,1024,0.5859375
01a0a58f-fa8c-7373-bce5-caabe51dbde0,s,D,QB10,10,0,standard_pi_2,17,0.07,-1350000.0,-1.35,581,1024,0.5673828125
01a0a58f-fa8c-7373-bce5-caabe51dbde0,s,D,QB10,10,0,standard_pi_2,18,0.07,-900000.0,-0.9,566,1024,0.552734375
01a0a58f-fa8c-7373-bce5-caabe51dbde0,s,D,QB10,10,0,standard_pi_2,19,0.07,-450000.0,-0.45,567,1024,0.5537109375
01a0a58f-fa8c-7373-bce5-caabe51dbde0,s,D,QB10,10,0,standard_pi_2,20,0.07,0.0,0.0,569,1024,0.5556640625
01a0a58f-fa8c-7373-bce5-caabe51dbde0,s,D,QB10,10,0,standard_pi_2,21,0.07,450000.0,0.45,558,1024,0.544921875
01a0a58f-fa8c-7373-bce5-caabe51dbde0,s,D,QB10,10,0,standard_pi_2,22,0.07,900000.0,0.9,563,1024,0.5498046875
01a0a58f-fa8c-7373-bce5-caabe51dbde0,s,D,QB10,10,0,standard_pi_2,23,0.07,1350000.0,1.35,567,1024,0.5537109375
01a0a58f-fa8c-7373-bce5-caabe51dbde0,s,D,QB10,10,0,standard_pi_2,24,0.07,1800000.0,1.8,555,1024,0.5419921875
01a0a58f-fa8c-7373-bce5-caabe51dbde0,s,D,QB10,10,0,standard_pi_2,25,0.07,2250000.0,2.25,534,1024,0.521484375
01a0a58f-fa8c-7373-bce5-caabe51dbde0,s,D,QB10,10,0,standard_pi_2,26,0.07,2700000.0,2.7,516,1024,0.50390625
01a0a58f-fa8c-7373-bce5-caabe51dbde0,s,D,QB10,10,0,standard_pi_2,27,0.07,3150000.0,3.15,536,1024,0.5234375
01a0a58f-fa8c-7373-bce5-caabe51dbde0,s,D,QB10,10,0,standard_pi_2,28,0.07,3600000.0,3.6,541,1024,0.5283203125
01a0a58f-fa8c-7373-bce5-caabe51dbde0,s,D,QB10,10,0,standard_pi_2,29,0.07,4050000.0,4.05,549,1024,0.5361328125
01a0a58f-fa8c-7373-bce5-caabe51dbde0,s,D,QB10,10,0,standard_pi_2,30,0.07,4500000.0,4.5,525,1024,0.5126953125
01a0a58f-fa8c-7373-bce5-caabe51dbde0,s,D,QB10,10,0,standard_pi_2,31,0.07,4950000.0,4.95,506,1024,0.494140625
01a0a58f-fa8c-7373-bce5-caabe51dbde0,s,D,QB10,10,0,standard_pi_2,32,0.07,5400000.0,5.4,524,1024,0.51171875
01a0a58f-fa8c-7373-bce5-caabe51dbde0,s,D,QB10,10,0,standard_pi_2,33,0.07,5850000.0,5.85,547,1024,0.5341796875
01a0a58f-fa8c-7373-bce5-caabe51dbde0,s,D,QB10,10,0,standard_pi_2,34,0.07,6300000.0,6.3,505,1024,0.4931640625
01a0a58f-fa8c-7373-bce5-caabe51dbde0,s,D,QB10,10,0,standard_pi_2,35,0.07,6750000.0,6.75,531,1024,0.5185546875
01a0a58f-fa8c-7373-bce5-caabe51dbde0,s,D,QB10,10,0,standard_pi_2,36,0.07,7200000.0,7.2,537,1024,0.5244140625
01a0a58f-fa8c-7373-bce5-caabe51dbde0,s,D,QB10,10,0,standard_pi_2,37,0.07,7650000.0,7.65,511,1024,0.4990234375
01a0a58f-fa8c-7373-bce5-caabe51dbde0,s,D,QB10,10,0,standard_pi_2,38,0.07,8100000.0,8.1,486,1024,0.474609375
01a0a58f-fa8c-7373-bce5-caabe51dbde0,s,D,QB10,10,0,standard_pi_2,39,0.07,8550000.0,8.55,536,1024,0.5234375
01a0a58f-fa8c-7373-bce5-caabe51dbde0,s,D,QB10,10,0,standard_pi_2,40,0.07,9000000.0,9.0,470,1024,0.458984375
01a0a58f-fa8c-7373-bce5-caabe51dbde0,s,D,QB10,10,1,UVH5s,0,0.07,-9000000.0,-9.0,615,1024,0.6005859375
01a0a58f-fa8c-7373-bce5-caabe51dbde0,s,D,QB10,10,1,UVH5s,1,0.07,-8550000.0,-8.55,637,1024,0.6220703125
01a0a58f-fa8c-7373-bce5-caabe51dbde0,s,D,QB10,10,1,UVH5s,2,0.07,-8100000.0,-8.1,655,1024,0.6396484375
01a0a58f-fa8c-7373-bce5-caabe51dbde0,s,D,QB10,10,1,UVH5s,3,0.07,-7650000.0,-7.65,654,1024,0.638671875
01a0a58f-fa8c-7373-bce5-caabe51dbde0,s,D,QB10,10,1,UVH5s,4,0.07,-7200000.0,-7.2,596,1024,0.58203125
01a0a58f-fa8c-7373-bce5-caabe51dbde0,s,D,QB10,10,1,UVH5s,5,0.07,-6750000.0,-6.75,659,1024,0.6435546875
01a0a58f-fa8c-7373-bce5-caabe51dbde0,s,D,QB10,10,1,UVH5s,6,0.07,-6300000.0,-6.3,578,1024,0.564453125
01a0a58f-fa8c-7373-bce5-caabe51dbde0,s,D,QB10,10,1,UVH5s,7,0.07,-5850000.0,-5.85,601,1024,0.5869140625
01a0a58f-fa8c-7373-bce5-caabe51dbde0,s,D,QB10,10,1,UVH5s,8,0.07,-5400000.0,-5.4,591,1024,0.5771484375
01a0a58f-fa8c-7373-bce5-caabe51dbde0,s,D,QB10,10,1,UVH5s,9,0.07,-4950000.0,-4.95,565,1024,0.5517578125
01a0a58f-fa8c-7373-bce5-caabe51dbde0,s,D,QB10,10,1,UVH5s,10,0.07,-4500000.0,-4.5,522,1024,0.509765625
01a0a58f-fa8c-7373-bce5-caabe51dbde0,s,D,QB10,10,1,UVH5s,11,0.07,-4050000.0,-4.05,544,1024,0.53125
01a0a58f-fa8c-7373-bce5-caabe51dbde0,s,D,QB10,10,1,UVH5s,12,0.07,-3600000.0,-3.6,519,1024,0.5068359375
01a0a58f-fa8c-7373-bce5-caabe51dbde0,s,D,QB10,10,1,UVH5s,13,0.07,-3150000.0,-3.15,515,1024,0.5029296875
01a0a58f-fa8c-7373-bce5-caabe51dbde0,s,D,QB10,10,1,UVH5s,14,0.07,-2700000.0,-2.7,500,1024,0.48828125
01a0a58f-fa8c-7373-bce5-caabe51dbde0,s,D,QB10,10,1,UVH5s,15,0.07,-2250000.0,-2.25,507,1024,0.4951171875
01a0a58f-fa8c-7373-bce5-caabe51dbde0,s,D,QB10,10,1,UVH5s,16,0.07,-1800000.0,-1.8,518,1024,0.505859375
01a0a58f-fa8c-7373-bce5-caabe51dbde0,s,D,QB10,10,1,UVH5s,17,0.07,-1350000.0,-1.35,462,1024,0.451171875
01a0a58f-fa8c-7373-bce5-caabe51dbde0,s,D,QB10,10,1,UVH5s,18,0.07,-900000.0,-0.9,468,1024,0.45703125
01a0a58f-fa8c-7373-bce5-caabe51dbde0,s,D,QB10,10,1,UVH5s,19,0.07,-450000.0,-0.45,467,1024,0.4560546875
01a0a58f-fa8c-7373-bce5-caabe51dbde0,s,D,QB10,10,1,UVH5s,20,0.07,0.0,0.0,485,1024,0.4736328125
01a0a58f-fa8c-7373-bce5-caabe51dbde0,s,D,QB10,10,1,UVH5s,21,0.07,450000.0,0.45,505,1024,0.4931640625
01a0a58f-fa8c-7373-bce5-caabe51dbde0,s,D,QB10,10,1,UVH5s,22,0.07,900000.0,0.9,490,1024,0.478515625
01a0a58f-fa8c-7373-bce5-caabe51dbde0,s,D,QB10,10,1,UVH5s,23,0.07,1350000.0,1.35,495,1024,0.4833984375
01a0a58f-fa8c-7373-bce5-caabe51dbde0,s,D,QB10,10,1,UVH5s,24,0.07,1800000.0,1.8,483,1024,0.4716796875
01a0a58f-fa8c-7373-bce5-caabe51dbde0,s,D,QB10,10,1,UVH5s,25,0.07,2250000.0,2.25,466,1024,0.455078125
01a0a58f-fa8c-7373-bce5-caabe51dbde0,s,D,QB10,10,1,UVH5s,26,0.07,2700000.0,2.7,548,1024,0.53515625
01a0a58f-fa8c-7373-bce5-caabe51dbde0,s,D,QB10,10,1,UVH5s,27,0.07,3150000.0,3.15,527,1024,0.5146484375
01a0a58f-fa8c-7373-bce5-caabe51dbde0,s,D,QB10,10,1,UVH5s,28,0.07,3600000.0,3.6,570,1024,0.556640625
01a0a58f-fa8c-7373-bce5-caabe51dbde0,s,D,QB10,10,1,UVH5s,29,0.07,4050000.0,4.05,572,1024,0.55859375
01a0a58f-fa8c-7373-bce5-caabe51dbde0,s,D,QB10,10,1,UVH5s,30,0.07,4500000.0,4.5,547,1024,0.5341796875
01a0a58f-fa8c-7373-bce5-caabe51dbde0,s,D,QB10,10,1,UVH5s,31,0.07,4950000.0,4.95,588,1024,0.57421875
01a0a58f-fa8c-7373-bce5-caabe51dbde0,s,D,QB10,10,1,UVH5s,32,0.07,5400000.0,5.4,620,1024,0.60546875
01a0a58f-fa8c-7373-bce5-caabe51dbde0,s,D,QB10,10,1,UVH5s,33,0.07,5850000.0,5.85,650,1024,0.634765625
01a0a58f-fa8c-7373-bce5-caabe51dbde0,s,D,QB10,10,1,UVH5s,34,0.07,6300000.0,6.3,650,1024,0.634765625
01a0a58f-fa8c-7373-bce5-caabe51dbde0,s,D,QB10,10,1,UVH5s,35,0.07,6750000.0,6.75,713,1024,0.6962890625
01a0a58f-fa8c-7373-bce5-caabe51dbde0,s,D,QB10,10,1,UVH5s,36,0.07,7200000.0,7.2,702,1024,0.685546875
01a0a58f-fa8c-7373-bce5-caabe51dbde0,s,D,QB10,10,1,UVH5s,37,0.07,7650000.0,7.65,728,1024,0.7109375
01a0a58f-fa8c-7373-bce5-caabe51dbde0,s,D,QB10,10,1,UVH5s,38,0.07,8100000.0,8.1,704,1024,0.6875
01a0a58f-fa8c-7373-bce5-caabe51dbde0,s,D,QB10,10,1,UVH5s,39,0.07,8550000.0,8.55,750,1024,0.732421875
01a0a58f-fa8c-7373-bce5-caabe51dbde0,s,D,QB10,10,1,UVH5s,40,0.07,9000000.0,9.0,769,1024,0.7509765625
01a0a58f-fa8c-7373-bce5-caabe51dbde0,s,D,QB10,10,2,UVH7s,0,0.07,-9000000.0,-9.0,522,1024,0.509765625
01a0a58f-fa8c-7373-bce5-caabe51dbde0,s,D,QB10,10,2,UVH7s,1,0.07,-8550000.0,-8.55,529,1024,0.5166015625
01a0a58f-fa8c-7373-bce5-caabe51dbde0,s,D,QB10,10,2,UVH7s,2,0.07,-8100000.0,-8.1,481,1024,0.4697265625
01a0a58f-fa8c-7373-bce5-caabe51dbde0,s,D,QB10,10,2,UVH7s,3,0.07,-7650000.0,-7.65,499,1024,0.4873046875
01a0a58f-fa8c-7373-bce5-caabe51dbde0,s,D,QB10,10,2,UVH7s,4,0.07,-7200000.0,-7.2,517,1024,0.5048828125
01a0a58f-fa8c-7373-bce5-caabe51dbde0,s,D,QB10,10,2,UVH7s,5,0.07,-6750000.0,-6.75,526,1024,0.513671875
01a0a58f-fa8c-7373-bce5-caabe51dbde0,s,D,QB10,10,2,UVH7s,6,0.07,-6300000.0,-6.3,504,1024,0.4921875
01a0a58f-fa8c-7373-bce5-caabe51dbde0,s,D,QB10,10,2,UVH7s,7,0.07,-5850000.0,-5.85,490,1024,0.478515625
01a0a58f-fa8c-7373-bce5-caabe51dbde0,s,D,QB10,10,2,UVH7s,8,0.07,-5400000.0,-5.4,489,1024,0.4775390625
01a0a58f-fa8c-7373-bce5-caabe51dbde0,s,D,QB10,10,2,UVH7s,9,0.07,-4950000.0,-4.95,488,1024,0.4765625
01a0a58f-fa8c-7373-bce5-caabe51dbde0,s,D,QB10,10,2,UVH7s,10,0.07,-4500000.0,-4.5,478,1024,0.466796875
01a0a58f-fa8c-7373-bce5-caabe51dbde0,s,D,QB10,10,2,UVH7s,11,0.07,-4050000.0,-4.05,475,1024,0.4638671875
01a0a58f-fa8c-7373-bce5-caabe51dbde0,s,D,QB10,10,2,UVH7s,12,0.07,-3600000.0,-3.6,440,1024,0.4296875
01a0a58f-fa8c-7373-bce5-caabe51dbde0,s,D,QB10,10,2,UVH7s,13,0.07,-3150000.0,-3.15,468,1024,0.45703125
01a0a58f-fa8c-7373-bce5-caabe51dbde0,s,D,QB10,10,2,UVH7s,14,0.07,-2700000.0,-2.7,462,1024,0.451171875
01a0a58f-fa8c-7373-bce5-caabe51dbde0,s,D,QB10,10,2,UVH7s,15,0.07,-2250000.0,-2.25,449,1024,0.4384765625
01a0a58f-fa8c-7373-bce5-caabe51dbde0,s,D,QB10,10,2,UVH7s,16,0.07,-1800000.0,-1.8,475,1024,0.4638671875
01a0a58f-fa8c-7373-bce5-caabe51dbde0,s,D,QB10,10,2,UVH7s,17,0.07,-1350000.0,-1.35,463,1024,0.4521484375
01a0a58f-fa8c-7373-bce5-caabe51dbde0,s,D,QB10,10,2,UVH7s,18,0.07,-900000.0,-0.9,486,1024,0.474609375
01a0a58f-fa8c-7373-bce5-caabe51dbde0,s,D,QB10,10,2,UVH7s,19,0.07,-450000.0,-0.45,479,1024,0.4677734375
01a0a58f-fa8c-7373-bce5-caabe51dbde0,s,D,QB10,10,2,UVH7s,20,0.07,0.0,0.0,458,1024,0.447265625
01a0a58f-fa8c-7373-bce5-caabe51dbde0,s,D,QB10,10,2,UVH7s,21,0.07,450000.0,0.45,468,1024,0.45703125
01a0a58f-fa8c-7373-bce5-caabe51dbde0,s,D,QB10,10,2,UVH7s,22,0.07,900000.0,0.9,496,1024,0.484375
01a0a58f-fa8c-7373-bce5-caabe51dbde0,s,D,QB10,10,2,UVH7s,23,0.07,1350000.0,1.35,440,1024,0.4296875
01a0a58f-fa8c-7373-bce5-caabe51dbde0,s,D,QB10,10,2,UVH7s,24,0.07,1800000.0,1.8,452,1024,0.44140625
01a0a58f-fa8c-7373-bce5-caabe51dbde0,s,D,QB10,10,2,UVH7s,25,0.07,2250000.0,2.25,457,1024,0.4462890625
01a0a58f-fa8c-7373-bce5-caabe51dbde0,s,D,QB10,10,2,UVH7s,26,0.07,2700000.0,2.7,464,1024,0.453125
01a0a58f-fa8c-7373-bce5-caabe51dbde0,s,D,QB10,10,2,UVH7s,27,0.07,3150000.0,3.15,494,1024,0.482421875
01a0a58f-fa8c-7373-bce5-caabe51dbde0,s,D,QB10,10,2,UVH7s,28,0.07,3600000.0,3.6,504,1024,0.4921875
01a0a58f-fa8c-7373-bce5-caabe51dbde0,s,D,QB10,10,2,UVH7s,29,0.07,4050000.0,4.05,519,1024,0.5068359375
01a0a58f-fa8c-7373-bce5-caabe51dbde0,s,D,QB10,10,2,UVH7s,30,0.07,4500000.0,4.5,501,1024,0.4892578125
01a0a58f-fa8c-7373-bce5-caabe51dbde0,s,D,QB10,10,2,UVH7s,31,0.07,4950000.0,4.95,506,1024,0.494140625
01a0a58f-fa8c-7373-bce5-caabe51dbde0,s,D,QB10,10,2,UVH7s,32,0.07,5400000.0,5.4,504,1024,0.4921875
01a0a58f-fa8c-7373-bce5-caabe51dbde0,s,D,QB10,10,2,UVH7s,33,0.07,5850000.0,5.85,505,1024,0.4931640625
01a0a58f-fa8c-7373-bce5-caabe51dbde0,s,D,QB10,10,2,UVH7s,34,0.07,6300000.0,6.3,535,1024,0.5224609375
01a0a58f-fa8c-7373-bce5-caabe51dbde0,s,D,QB10,10,2,UVH7s,35,0.07,6750000.0,6.75,563,1024,0.5498046875
01a0a58f-fa8c-7373-bce5-caabe51dbde0,s,D,QB10,10,2,UVH7s,36,0.07,7200000.0,7.2,555,1024,0.5419921875
01a0a58f-fa8c-7373-bce5-caabe51dbde0,s,D,QB10,10,2,UVH7s,37,0.07,7650000.0,7.65,619,1024,0.6044921875
01a0a58f-fa8c-7373-bce5-caabe51dbde0,s,D,QB10,10,2,UVH7s,38,0.07,8100000.0,8.1,643,1024,0.6279296875
01a0a58f-fa8c-7373-bce5-caabe51dbde0,s,D,QB10,10,2,UVH7s,39,0.07,8550000.0,8.55,627,1024,0.6123046875
01a0a58f-fa8c-7373-bce5-caabe51dbde0,s,D,QB10,10,2,UVH7s,40,0.07,9000000.0,9.0,675,1024,0.6591796875
01a0a58f-fa8c-7373-bce5-caabe51dbde0,s,D,QB10,10,3,UVH9s,0,0.07,-9000000.0,-9.0,412,1024,0.40234375
01a0a58f-fa8c-7373-bce5-caabe51dbde0,s,D,QB10,10,3,UVH9s,1,0.07,-8550000.0,-8.55,414,1024,0.404296875
01a0a58f-fa8c-7373-bce5-caabe51dbde0,s,D,QB10,10,3,UVH9s,2,0.07,-8100000.0,-8.1,407,1024,0.3974609375
01a0a58f-fa8c-7373-bce5-caabe51dbde0,s,D,QB10,10,3,UVH9s,3,0.07,-7650000.0,-7.65,429,1024,0.4189453125
01a0a58f-fa8c-7373-bce5-caabe51dbde0,s,D,QB10,10,3,UVH9s,4,0.07,-7200000.0,-7.2,436,1024,0.42578125
01a0a58f-fa8c-7373-bce5-caabe51dbde0,s,D,QB10,10,3,UVH9s,5,0.07,-6750000.0,-6.75,454,1024,0.443359375
01a0a58f-fa8c-7373-bce5-caabe51dbde0,s,D,QB10,10,3,UVH9s,6,0.07,-6300000.0,-6.3,458,1024,0.447265625
01a0a58f-fa8c-7373-bce5-caabe51dbde0,s,D,QB10,10,3,UVH9s,7,0.07,-5850000.0,-5.85,452,1024,0.44140625
01a0a58f-fa8c-7373-bce5-caabe51dbde0,s,D,QB10,10,3,UVH9s,8,0.07,-5400000.0,-5.4,461,1024,0.4501953125
01a0a58f-fa8c-7373-bce5-caabe51dbde0,s,D,QB10,10,3,UVH9s,9,0.07,-4950000.0,-4.95,479,1024,0.4677734375
01a0a58f-fa8c-7373-bce5-caabe51dbde0,s,D,QB10,10,3,UVH9s,10,0.07,-4500000.0,-4.5,492,1024,0.48046875
01a0a58f-fa8c-7373-bce5-caabe51dbde0,s,D,QB10,10,3,UVH9s,11,0.07,-4050000.0,-4.05,496,1024,0.484375
01a0a58f-fa8c-7373-bce5-caabe51dbde0,s,D,QB10,10,3,UVH9s,12,0.07,-3600000.0,-3.6,485,1024,0.4736328125
01a0a58f-fa8c-7373-bce5-caabe51dbde0,s,D,QB10,10,3,UVH9s,13,0.07,-3150000.0,-3.15,472,1024,0.4609375
01a0a58f-fa8c-7373-bce5-caabe51dbde0,s,D,QB10,10,3,UVH9s,14,0.07,-2700000.0,-2.7,505,1024,0.4931640625
01a0a58f-fa8c-7373-bce5-caabe51dbde0,s,D,QB10,10,3,UVH9s,15,0.07,-2250000.0,-2.25,522,1024,0.509765625
01a0a58f-fa8c-7373-bce5-caabe51dbde0,s,D,QB10,10,3,UVH9s,16,0.07,-1800000.0,-1.8,496,1024,0.484375
01a0a58f-fa8c-7373-bce5-caabe51dbde0,s,D,QB10,10,3,UVH9s,17,0.07,-1350000.0,-1.35,480,1024,0.46875
01a0a58f-fa8c-7373-bce5-caabe51dbde0,s,D,QB10,10,3,UVH9s,18,0.07,-900000.0,-0.9,495,1024,0.4833984375
01a0a58f-fa8c-7373-bce5-caabe51dbde0,s,D,QB10,10,3,UVH9s,19,0.07,-450000.0,-0.45,500,1024,0.48828125
01a0a58f-fa8c-7373-bce5-caabe51dbde0,s,D,QB10,10,3,UVH9s,20,0.07,0.0,0.0,527,1024,0.5146484375
01a0a58f-fa8c-7373-bce5-caabe51dbde0,s,D,QB10,10,3,UVH9s,21,0.07,450000.0,0.45,488,1024,0.4765625
01a0a58f-fa8c-7373-bce5-caabe51dbde0,s,D,QB10,10,3,UVH9s,22,0.07,900000.0,0.9,488,1024,0.4765625
01a0a58f-fa8c-7373-bce5-caabe51dbde0,s,D,QB10,10,3,UVH9s,23,0.07,1350000.0,1.35,507,1024,0.4951171875
01a0a58f-fa8c-7373-bce5-caabe51dbde0,s,D,QB10,10,3,UVH9s,24,0.07,1800000.0,1.8,519,1024,0.5068359375
01a0a58f-fa8c-7373-bce5-caabe51dbde0,s,D,QB10,10,3,UVH9s,25,0.07,2250000.0,2.25,497,1024,0.4853515625
01a0a58f-fa8c-7373-bce5-caabe51dbde0,s,D,QB10,10,3,UVH9s,26,0.07,2700000.0,2.7,528,1024,0.515625
01a0a58f-fa8c-7373-bce5-caabe51dbde0,s,D,QB10,10,3,UVH9s,27,0.07,3150000.0,3.15,493,1024,0.4814453125
01a0a58f-fa8c-7373-bce5-caabe51dbde0,s,D,QB10,10,3,UVH9s,28,0.07,3600000.0,3.6,501,1024,0.4892578125
01a0a58f-fa8c-7373-bce5-caabe51dbde0,s,D,QB10,10,3,UVH9s,29,0.07,4050000.0,4.05,504,1024,0.4921875
01a0a58f-fa8c-7373-bce5-caabe51dbde0,s,D,QB10,10,3,UVH9s,30,0.07,4500000.0,4.5,525,1024,0.5126953125
01a0a58f-fa8c-7373-bce5-caabe51dbde0,s,D,QB10,10,3,UVH9s,31,0.07,4950000.0,4.95,504,1024,0.4921875
01a0a58f-fa8c-7373-bce5-caabe51dbde0,s,D,QB10,10,3,UVH9s,32,0.07,5400000.0,5.4,484,1024,0.47265625
01a0a58f-fa8c-7373-bce5-caabe51dbde0,s,D,QB10,10,3,UVH9s,33,0.07,5850000.0,5.85,477,1024,0.4658203125
01a0a58f-fa8c-7373-bce5-caabe51dbde0,s,D,QB10,10,3,UVH9s,34,0.07,6300000.0,6.3,489,1024,0.4775390625
01a0a58f-fa8c-7373-bce5-caabe51dbde0,s,D,QB10,10,3,UVH9s,35,0.07,6750000.0,6.75,435,1024,0.4248046875
01a0a58f-fa8c-7373-bce5-caabe51dbde0,s,D,QB10,10,3,UVH9s,36,0.07,7200000.0,7.2,434,1024,0.423828125
01a0a58f-fa8c-7373-bce5-caabe51dbde0,s,D,QB10,10,3,UVH9s,37,0.07,7650000.0,7.65,415,1024,0.4052734375
01a0a58f-fa8c-7373-bce5-caabe51dbde0,s,D,QB10,10,3,UVH9s,38,0.07,8100000.0,8.1,380,1024,0.37109375
01a0a58f-fa8c-7373-bce5-caabe51dbde0,s,D,QB10,10,3,UVH9s,39,0.07,8550000.0,8.55,392,1024,0.3828125
01a0a58f-fa8c-7373-bce5-caabe51dbde0,s,D,QB10,10,3,UVH9s,40,0.07,9000000.0,9.0,342,1024,0.333984375
01a0a58f-fa8c-7373-bce5-caabe51dbde0,s,D,QB10,10,4,UVH11s,0,0.07,-9000000.0,-9.0,521,1024,0.5087890625
01a0a58f-fa8c-7373-bce5-caabe51dbde0,s,D,QB10,10,4,UVH11s,1,0.07,-8550000.0,-8.55,509,1024,0.4970703125
01a0a58f-fa8c-7373-bce5-caabe51dbde0,s,D,QB10,10,4,UVH11s,2,0.07,-8100000.0,-8.1,482,1024,0.470703125
01a0a58f-fa8c-7373-bce5-caabe51dbde0,s,D,QB10,10,4,UVH11s,3,0.07,-7650000.0,-7.65,496,1024,0.484375
01a0a58f-fa8c-7373-bce5-caabe51dbde0,s,D,QB10,10,4,UVH11s,4,0.07,-7200000.0,-7.2,463,1024,0.4521484375
01a0a58f-fa8c-7373-bce5-caabe51dbde0,s,D,QB10,10,4,UVH11s,5,0.07,-6750000.0,-6.75,507,1024,0.4951171875
01a0a58f-fa8c-7373-bce5-caabe51dbde0,s,D,QB10,10,4,UVH11s,6,0.07,-6300000.0,-6.3,472,1024,0.4609375
01a0a58f-fa8c-7373-bce5-caabe51dbde0,s,D,QB10,10,4,UVH11s,7,0.07,-5850000.0,-5.85,482,1024,0.470703125
01a0a58f-fa8c-7373-bce5-caabe51dbde0,s,D,QB10,10,4,UVH11s,8,0.07,-5400000.0,-5.4,435,1024,0.4248046875
01a0a58f-fa8c-7373-bce5-caabe51dbde0,s,D,QB10,10,4,UVH11s,9,0.07,-4950000.0,-4.95,430,1024,0.419921875
01a0a58f-fa8c-7373-bce5-caabe51dbde0,s,D,QB10,10,4,UVH11s,10,0.07,-4500000.0,-4.5,466,1024,0.455078125
01a0a58f-fa8c-7373-bce5-caabe51dbde0,s,D,QB10,10,4,UVH11s,11,0.07,-4050000.0,-4.05,445,1024,0.4345703125
01a0a58f-fa8c-7373-bce5-caabe51dbde0,s,D,QB10,10,4,UVH11s,12,0.07,-3600000.0,-3.6,445,1024,0.4345703125
01a0a58f-fa8c-7373-bce5-caabe51dbde0,s,D,QB10,10,4,UVH11s,13,0.07,-3150000.0,-3.15,479,1024,0.4677734375
01a0a58f-fa8c-7373-bce5-caabe51dbde0,s,D,QB10,10,4,UVH11s,14,0.07,-2700000.0,-2.7,493,1024,0.4814453125
01a0a58f-fa8c-7373-bce5-caabe51dbde0,s,D,QB10,10,4,UVH11s,15,0.07,-2250000.0,-2.25,464,1024,0.453125
01a0a58f-fa8c-7373-bce5-caabe51dbde0,s,D,QB10,10,4,UVH11s,16,0.07,-1800000.0,-1.8,464,1024,0.453125
01a0a58f-fa8c-7373-bce5-caabe51dbde0,s,D,QB10,10,4,UVH11s,17,0.07,-1350000.0,-1.35,485,1024,0.4736328125
01a0a58f-fa8c-7373-bce5-caabe51dbde0,s,D,QB10,10,4,UVH11s,18,0.07,-900000.0,-0.9,516,1024,0.50390625
01a0a58f-fa8c-7373-bce5-caabe51dbde0,s,D,QB10,10,4,UVH11s,19,0.07,-450000.0,-0.45,530,1024,0.517578125
01a0a58f-fa8c-7373-bce5-caabe51dbde0,s,D,QB10,10,4,UVH11s,20,0.07,0.0,0.0,465,1024,0.4541015625
01a0a58f-fa8c-7373-bce5-caabe51dbde0,s,D,QB10,10,4,UVH11s,21,0.07,450000.0,0.45,482,1024,0.470703125
01a0a58f-fa8c-7373-bce5-caabe51dbde0,s,D,QB10,10,4,UVH11s,22,0.07,900000.0,0.9,526,1024,0.513671875
01a0a58f-fa8c-7373-bce5-caabe51dbde0,s,D,QB10,10,4,UVH11s,23,0.07,1350000.0,1.35,541,1024,0.5283203125
01a0a58f-fa8c-7373-bce5-caabe51dbde0,s,D,QB10,10,4,UVH11s,24,0.07,1800000.0,1.8,507,1024,0.4951171875
01a0a58f-fa8c-7373-bce5-caabe51dbde0,s,D,QB10,10,4,UVH11s,25,0.07,2250000.0,2.25,513,1024,0.5009765625
01a0a58f-fa8c-7373-bce5-caabe51dbde0,s,D,QB10,10,4,UVH11s,26,0.07,2700000.0,2.7,496,1024,0.484375
01a0a58f-fa8c-7373-bce5-caabe51dbde0,s,D,QB10,10,4,UVH11s,27,0.07,3150000.0,3.15,528,1024,0.515625
01a0a58f-fa8c-7373-bce5-caabe51dbde0,s,D,QB10,10,4,UVH11s,28,0.07,3600000.0,3.6,544,1024,0.53125
01a0a58f-fa8c-7373-bce5-caabe51dbde0,s,D,QB10,10,4,UVH11s,29,0.07,4050000.0,4.05,495,1024,0.4833984375
01a0a58f-fa8c-7373-bce5-caabe51dbde0,s,D,QB10,10,4,UVH11s,30,0.07,4500000.0,4.5,498,1024,0.486328125
01a0a58f-fa8c-7373-bce5-caabe51dbde0,s,D,QB10,10,4,UVH11s,31,0.07,4950000.0,4.95,527,1024,0.5146484375
01a0a58f-fa8c-7373-bce5-caabe51dbde0,s,D,QB10,10,4,UVH11s,32,0.07,5400000.0,5.4,490,1024,0.478515625
01a0a58f-fa8c-7373-bce5-caabe51dbde0,s,D,QB10,10,4,UVH11s,33,0.07,5850000.0,5.85,505,1024,0.4931640625
01a0a58f-fa8c-7373-bce5-caabe51dbde0,s,D,QB10,10,4,UVH11s,34,0.07,6300000.0,6.3,505,1024,0.4931640625
01a0a58f-fa8c-7373-bce5-caabe51dbde0,s,D,QB10,10,4,UVH11s,35,0.07,6750000.0,6.75,492,1024,0.48046875
01a0a58f-fa8c-7373-bce5-caabe51dbde0,s,D,QB10,10,4,UVH11s,36,0.07,7200000.0,7.2,483,1024,0.4716796875
01a0a58f-fa8c-7373-bce5-caabe51dbde0,s,D,QB10,10,4,UVH11s,37,0.07,7650000.0,7.65,465,1024,0.4541015625
01a0a58f-fa8c-7373-bce5-caabe51dbde0,s,D,QB10,10,4,UVH11s,38,0.07,8100000.0,8.1,469,1024,0.4580078125
01a0a58f-fa8c-7373-bce5-caabe51dbde0,s,D,QB10,10,4,UVH11s,39,0.07,8550000.0,8.55,467,1024,0.4560546875
01a0a58f-fa8c-7373-bce5-caabe51dbde0,s,D,QB10,10,4,UVH11s,40,0.07,9000000.0,9.0,477,1024,0.4658203125
01a0a58f-fa8c-7373-bce5-caabe51dbde0,s,D,QB10,10,5,UVH13s,0,0.07,-9000000.0,-9.0,605,1024,0.5908203125
01a0a58f-fa8c-7373-bce5-caabe51dbde0,s,D,QB10,10,5,UVH13s,1,0.07,-8550000.0,-8.55,597,1024,0.5830078125
01a0a58f-fa8c-7373-bce5-caabe51dbde0,s,D,QB10,10,5,UVH13s,2,0.07,-8100000.0,-8.1,574,1024,0.560546875
01a0a58f-fa8c-7373-bce5-caabe51dbde0,s,D,QB10,10,5,UVH13s,3,0.07,-7650000.0,-7.65,548,1024,0.53515625
01a0a58f-fa8c-7373-bce5-caabe51dbde0,s,D,QB10,10,5,UVH13s,4,0.07,-7200000.0,-7.2,563,1024,0.5498046875
01a0a58f-fa8c-7373-bce5-caabe51dbde0,s,D,QB10,10,5,UVH13s,5,0.07,-6750000.0,-6.75,543,1024,0.5302734375
01a0a58f-fa8c-7373-bce5-caabe51dbde0,s,D,QB10,10,5,UVH13s,6,0.07,-6300000.0,-6.3,526,1024,0.513671875
01a0a58f-fa8c-7373-bce5-caabe51dbde0,s,D,QB10,10,5,UVH13s,7,0.07,-5850000.0,-5.85,521,1024,0.5087890625
01a0a58f-fa8c-7373-bce5-caabe51dbde0,s,D,QB10,10,5,UVH13s,8,0.07,-5400000.0,-5.4,519,1024,0.5068359375
01a0a58f-fa8c-7373-bce5-caabe51dbde0,s,D,QB10,10,5,UVH13s,9,0.07,-4950000.0,-4.95,472,1024,0.4609375
01a0a58f-fa8c-7373-bce5-caabe51dbde0,s,D,QB10,10,5,UVH13s,10,0.07,-4500000.0,-4.5,519,1024,0.5068359375
01a0a58f-fa8c-7373-bce5-caabe51dbde0,s,D,QB10,10,5,UVH13s,11,0.07,-4050000.0,-4.05,546,1024,0.533203125
01a0a58f-fa8c-7373-bce5-caabe51dbde0,s,D,QB10,10,5,UVH13s,12,0.07,-3600000.0,-3.6,523,1024,0.5107421875
01a0a58f-fa8c-7373-bce5-caabe51dbde0,s,D,QB10,10,5,UVH13s,13,0.07,-3150000.0,-3.15,488,1024,0.4765625
01a0a58f-fa8c-7373-bce5-caabe51dbde0,s,D,QB10,10,5,UVH13s,14,0.07,-2700000.0,-2.7,504,1024,0.4921875
01a0a58f-fa8c-7373-bce5-caabe51dbde0,s,D,QB10,10,5,UVH13s,15,0.07,-2250000.0,-2.25,503,1024,0.4912109375
01a0a58f-fa8c-7373-bce5-caabe51dbde0,s,D,QB10,10,5,UVH13s,16,0.07,-1800000.0,-1.8,515,1024,0.5029296875
01a0a58f-fa8c-7373-bce5-caabe51dbde0,s,D,QB10,10,5,UVH13s,17,0.07,-1350000.0,-1.35,495,1024,0.4833984375
01a0a58f-fa8c-7373-bce5-caabe51dbde0,s,D,QB10,10,5,UVH13s,18,0.07,-900000.0,-0.9,518,1024,0.505859375
01a0a58f-fa8c-7373-bce5-caabe51dbde0,s,D,QB10,10,5,UVH13s,19,0.07,-450000.0,-0.45,496,1024,0.484375
01a0a58f-fa8c-7373-bce5-caabe51dbde0,s,D,QB10,10,5,UVH13s,20,0.07,0.0,0.0,477,1024,0.4658203125
01a0a58f-fa8c-7373-bce5-caabe51dbde0,s,D,QB10,10,5,UVH13s,21,0.07,450000.0,0.45,518,1024,0.505859375
01a0a58f-fa8c-7373-bce5-caabe51dbde0,s,D,QB10,10,5,UVH13s,22,0.07,900000.0,0.9,483,1024,0.4716796875
01a0a58f-fa8c-7373-bce5-caabe51dbde0,s,D,QB10,10,5,UVH13s,23,0.07,1350000.0,1.35,489,1024,0.4775390625
01a0a58f-fa8c-7373-bce5-caabe51dbde0,s,D,QB10,10,5,UVH13s,24,0.07,1800000.0,1.8,512,1024,0.5
01a0a58f-fa8c-7373-bce5-caabe51dbde0,s,D,QB10,10,5,UVH13s,25,0.07,2250000.0,2.25,479,1024,0.4677734375
01a0a58f-fa8c-7373-bce5-caabe51dbde0,s,D,QB10,10,5,UVH13s,26,0.07,2700000.0,2.7,488,1024,0.4765625
01a0a58f-fa8c-7373-bce5-caabe51dbde0,s,D,QB10,10,5,UVH13s,27,0.07,3150000.0,3.15,480,1024,0.46875
01a0a58f-fa8c-7373-bce5-caabe51dbde0,s,D,QB10,10,5,UVH13s,28,0.07,3600000.0,3.6,505,1024,0.4931640625
01a0a58f-fa8c-7373-bce5-caabe51dbde0,s,D,QB10,10,5,UVH13s,29,0.07,4050000.0,4.05,505,1024,0.4931640625
01a0a58f-fa8c-7373-bce5-caabe51dbde0,s,D,QB10,10,5,UVH13s,30,0.07,4500000.0,4.5,509,1024,0.4970703125
01a0a58f-fa8c-7373-bce5-caabe51dbde0,s,D,QB10,10,5,UVH13s,31,0.07,4950000.0,4.95,493,1024,0.4814453125
01a0a58f-fa8c-7373-bce5-caabe51dbde0,s,D,QB10,10,5,UVH13s,32,0.07,5400000.0,5.4,498,1024,0.486328125
01a0a58f-fa8c-7373-bce5-caabe51dbde0,s,D,QB10,10,5,UVH13s,33,0.07,5850000.0,5.85,536,1024,0.5234375
01a0a58f-fa8c-7373-bce5-caabe51dbde0,s,D,QB10,10,5,UVH13s,34,0.07,6300000.0,6.3,485,1024,0.4736328125
01a0a58f-fa8c-7373-bce5-caabe51dbde0,s,D,QB10,10,5,UVH13s,35,0.07,6750000.0,6.75,506,1024,0.494140625
01a0a58f-fa8c-7373-bce5-caabe51dbde0,s,D,QB10,10,5,UVH13s,36,0.07,7200000.0,7.2,494,1024,0.482421875
01a0a58f-fa8c-7373-bce5-caabe51dbde0,s,D,QB10,10,5,UVH13s,37,0.07,7650000.0,7.65,508,1024,0.49609375
01a0a58f-fa8c-7373-bce5-caabe51dbde0,s,D,QB10,10,5,UVH13s,38,0.07,8100000.0,8.1,528,1024,0.515625
01a0a58f-fa8c-7373-bce5-caabe51dbde0,s,D,QB10,10,5,UVH13s,39,0.07,8550000.0,8.55,532,1024,0.51953125
01a0a58f-fa8c-7373-bce5-caabe51dbde0,s,D,QB10,10,5,UVH13s,40,0.07,9000000.0,9.0,525,1024,0.5126953125
01a0a58f-fa8c-7373-bce5-caabe51dbde0,s,D,QB3,11,0,standard_pi_2,0,0.07,-9000000.0,-9.0,589,1024,0.5751953125
01a0a58f-fa8c-7373-bce5-caabe51dbde0,s,D,QB3,11,0,standard_pi_2,1,0.07,-8550000.0,-8.55,613,1024,0.5986328125
01a0a58f-fa8c-7373-bce5-caabe51dbde0,s,D,QB3,11,0,standard_pi_2,2,0.07,-8100000.0,-8.1,612,1024,0.59765625
01a0a58f-fa8c-7373-bce5-caabe51dbde0,s,D,QB3,11,0,standard_pi_2,3,0.07,-7650000.0,-7.65,611,1024,0.5966796875
01a0a58f-fa8c-7373-bce5-caabe51dbde0,s,D,QB3,11,0,standard_pi_2,4,0.07,-7200000.0,-7.2,586,1024,0.572265625
01a0a58f-fa8c-7373-bce5-caabe51dbde0,s,D,QB3,11,0,standard_pi_2,5,0.07,-6750000.0,-6.75,603,1024,0.5888671875
01a0a58f-fa8c-7373-bce5-caabe51dbde0,s,D,QB3,11,0,standard_pi_2,6,0.07,-6300000.0,-6.3,560,1024,0.546875
01a0a58f-fa8c-7373-bce5-caabe51dbde0,s,D,QB3,11,0,standard_pi_2,7,0.07,-5850000.0,-5.85,584,1024,0.5703125
01a0a58f-fa8c-7373-bce5-caabe51dbde0,s,D,QB3,11,0,standard_pi_2,8,0.07,-5400000.0,-5.4,602,1024,0.587890625
01a0a58f-fa8c-7373-bce5-caabe51dbde0,s,D,QB3,11,0,standard_pi_2,9,0.07,-4950000.0,-4.95,601,1024,0.5869140625
01a0a58f-fa8c-7373-bce5-caabe51dbde0,s,D,QB3,11,0,standard_pi_2,10,0.07,-4500000.0,-4.5,584,1024,0.5703125
01a0a58f-fa8c-7373-bce5-caabe51dbde0,s,D,QB3,11,0,standard_pi_2,11,0.07,-4050000.0,-4.05,558,1024,0.544921875
01a0a58f-fa8c-7373-bce5-caabe51dbde0,s,D,QB3,11,0,standard_pi_2,12,0.07,-3600000.0,-3.6,603,1024,0.5888671875
01a0a58f-fa8c-7373-bce5-caabe51dbde0,s,D,QB3,11,0,standard_pi_2,13,0.07,-3150000.0,-3.15,595,1024,0.5810546875
01a0a58f-fa8c-7373-bce5-caabe51dbde0,s,D,QB3,11,0,standard_pi_2,14,0.07,-2700000.0,-2.7,538,1024,0.525390625
01a0a58f-fa8c-7373-bce5-caabe51dbde0,s,D,QB3,11,0,standard_pi_2,15,0.07,-2250000.0,-2.25,575,1024,0.5615234375
01a0a58f-fa8c-7373-bce5-caabe51dbde0,s,D,QB3,11,0,standard_pi_2,16,0.07,-1800000.0,-1.8,553,1024,0.5400390625
01a0a58f-fa8c-7373-bce5-caabe51dbde0,s,D,QB3,11,0,standard_pi_2,17,0.07,-1350000.0,-1.35,603,1024,0.5888671875
01a0a58f-fa8c-7373-bce5-caabe51dbde0,s,D,QB3,11,0,standard_pi_2,18,0.07,-900000.0,-0.9,550,1024,0.537109375
01a0a58f-fa8c-7373-bce5-caabe51dbde0,s,D,QB3,11,0,standard_pi_2,19,0.07,-450000.0,-0.45,529,1024,0.5166015625
01a0a58f-fa8c-7373-bce5-caabe51dbde0,s,D,QB3,11,0,standard_pi_2,20,0.07,0.0,0.0,535,1024,0.5224609375
01a0a58f-fa8c-7373-bce5-caabe51dbde0,s,D,QB3,11,0,standard_pi_2,21,0.07,450000.0,0.45,554,1024,0.541015625
01a0a58f-fa8c-7373-bce5-caabe51dbde0,s,D,QB3,11,0,standard_pi_2,22,0.07,900000.0,0.9,570,1024,0.556640625
01a0a58f-fa8c-7373-bce5-caabe51dbde0,s,D,QB3,11,0,standard_pi_2,23,0.07,1350000.0,1.35,544,1024,0.53125
01a0a58f-fa8c-7373-bce5-caabe51dbde0,s,D,QB3,11,0,standard_pi_2,24,0.07,1800000.0,1.8,534,1024,0.521484375
01a0a58f-fa8c-7373-bce5-caabe51dbde0,s,D,QB3,11,0,standard_pi_2,25,0.07,2250000.0,2.25,519,1024,0.5068359375
01a0a58f-fa8c-7373-bce5-caabe51dbde0,s,D,QB3,11,0,standard_pi_2,26,0.07,2700000.0,2.7,545,1024,0.5322265625
01a0a58f-fa8c-7373-bce5-caabe51dbde0,s,D,QB3,11,0,standard_pi_2,27,0.07,3150000.0,3.15,514,1024,0.501953125
01a0a58f-fa8c-7373-bce5-caabe51dbde0,s,D,QB3,11,0,standard_pi_2,28,0.07,3600000.0,3.6,522,1024,0.509765625
01a0a58f-fa8c-7373-bce5-caabe51dbde0,s,D,QB3,11,0,standard_pi_2,29,0.07,4050000.0,4.05,540,1024,0.52734375
01a0a58f-fa8c-7373-bce5-caabe51dbde0,s,D,QB3,11,0,standard_pi_2,30,0.07,4500000.0,4.5,524,1024,0.51171875
01a0a58f-fa8c-7373-bce5-caabe51dbde0,s,D,QB3,11,0,standard_pi_2,31,0.07,4950000.0,4.95,504,1024,0.4921875
01a0a58f-fa8c-7373-bce5-caabe51dbde0,s,D,QB3,11,0,standard_pi_2,32,0.07,5400000.0,5.4,516,1024,0.50390625
01a0a58f-fa8c-7373-bce5-caabe51dbde0,s,D,QB3,11,0,standard_pi_2,33,0.07,5850000.0,5.85,493,1024,0.4814453125
01a0a58f-fa8c-7373-bce5-caabe51dbde0,s,D,QB3,11,0,standard_pi_2,34,0.07,6300000.0,6.3,543,1024,0.5302734375
01a0a58f-fa8c-7373-bce5-caabe51dbde0,s,D,QB3,11,0,standard_pi_2,35,0.07,6750000.0,6.75,500,1024,0.48828125
01a0a58f-fa8c-7373-bce5-caabe51dbde0,s,D,QB3,11,0,standard_pi_2,36,0.07,7200000.0,7.2,521,1024,0.5087890625
01a0a58f-fa8c-7373-bce5-caabe51dbde0,s,D,QB3,11,0,standard_pi_2,37,0.07,7650000.0,7.65,502,1024,0.490234375
01a0a58f-fa8c-7373-bce5-caabe51dbde0,s,D,QB3,11,0,standard_pi_2,38,0.07,8100000.0,8.1,507,1024,0.4951171875
01a0a58f-fa8c-7373-bce5-caabe51dbde0,s,D,QB3,11,0,standard_pi_2,39,0.07,8550000.0,8.55,491,1024,0.4794921875
01a0a58f-fa8c-7373-bce5-caabe51dbde0,s,D,QB3,11,0,standard_pi_2,40,0.07,9000000.0,9.0,463,1024,0.4521484375
01a0a58f-fa8c-7373-bce5-caabe51dbde0,s,D,QB3,11,1,UVH5s,0,0.07,-9000000.0,-9.0,575,1024,0.5615234375
01a0a58f-fa8c-7373-bce5-caabe51dbde0,s,D,QB3,11,1,UVH5s,1,0.07,-8550000.0,-8.55,571,1024,0.5576171875
01a0a58f-fa8c-7373-bce5-caabe51dbde0,s,D,QB3,11,1,UVH5s,2,0.07,-8100000.0,-8.1,584,1024,0.5703125
01a0a58f-fa8c-7373-bce5-caabe51dbde0,s,D,QB3,11,1,UVH5s,3,0.07,-7650000.0,-7.65,606,1024,0.591796875
01a0a58f-fa8c-7373-bce5-caabe51dbde0,s,D,QB3,11,1,UVH5s,4,0.07,-7200000.0,-7.2,622,1024,0.607421875
01a0a58f-fa8c-7373-bce5-caabe51dbde0,s,D,QB3,11,1,UVH5s,5,0.07,-6750000.0,-6.75,600,1024,0.5859375
01a0a58f-fa8c-7373-bce5-caabe51dbde0,s,D,QB3,11,1,UVH5s,6,0.07,-6300000.0,-6.3,623,1024,0.6083984375
01a0a58f-fa8c-7373-bce5-caabe51dbde0,s,D,QB3,11,1,UVH5s,7,0.07,-5850000.0,-5.85,591,1024,0.5771484375
01a0a58f-fa8c-7373-bce5-caabe51dbde0,s,D,QB3,11,1,UVH5s,8,0.07,-5400000.0,-5.4,566,1024,0.552734375
01a0a58f-fa8c-7373-bce5-caabe51dbde0,s,D,QB3,11,1,UVH5s,9,0.07,-4950000.0,-4.95,581,1024,0.5673828125
01a0a58f-fa8c-7373-bce5-caabe51dbde0,s,D,QB3,11,1,UVH5s,10,0.07,-4500000.0,-4.5,556,1024,0.54296875
01a0a58f-fa8c-7373-bce5-caabe51dbde0,s,D,QB3,11,1,UVH5s,11,0.07,-4050000.0,-4.05,569,1024,0.5556640625
01a0a58f-fa8c-7373-bce5-caabe51dbde0,s,D,QB3,11,1,UVH5s,12,0.07,-3600000.0,-3.6,533,1024,0.5205078125
01a0a58f-fa8c-7373-bce5-caabe51dbde0,s,D,QB3,11,1,UVH5s,13,0.07,-3150000.0,-3.15,522,1024,0.509765625
01a0a58f-fa8c-7373-bce5-caabe51dbde0,s,D,QB3,11,1,UVH5s,14,0.07,-2700000.0,-2.7,531,1024,0.5185546875
01a0a58f-fa8c-7373-bce5-caabe51dbde0,s,D,QB3,11,1,UVH5s,15,0.07,-2250000.0,-2.25,478,1024,0.466796875
01a0a58f-fa8c-7373-bce5-caabe51dbde0,s,D,QB3,11,1,UVH5s,16,0.07,-1800000.0,-1.8,538,1024,0.525390625
01a0a58f-fa8c-7373-bce5-caabe51dbde0,s,D,QB3,11,1,UVH5s,17,0.07,-1350000.0,-1.35,526,1024,0.513671875
01a0a58f-fa8c-7373-bce5-caabe51dbde0,s,D,QB3,11,1,UVH5s,18,0.07,-900000.0,-0.9,506,1024,0.494140625
01a0a58f-fa8c-7373-bce5-caabe51dbde0,s,D,QB3,11,1,UVH5s,19,0.07,-450000.0,-0.45,500,1024,0.48828125
01a0a58f-fa8c-7373-bce5-caabe51dbde0,s,D,QB3,11,1,UVH5s,20,0.07,0.0,0.0,522,1024,0.509765625
01a0a58f-fa8c-7373-bce5-caabe51dbde0,s,D,QB3,11,1,UVH5s,21,0.07,450000.0,0.45,502,1024,0.490234375
01a0a58f-fa8c-7373-bce5-caabe51dbde0,s,D,QB3,11,1,UVH5s,22,0.07,900000.0,0.9,520,1024,0.5078125
01a0a58f-fa8c-7373-bce5-caabe51dbde0,s,D,QB3,11,1,UVH5s,23,0.07,1350000.0,1.35,504,1024,0.4921875
01a0a58f-fa8c-7373-bce5-caabe51dbde0,s,D,QB3,11,1,UVH5s,24,0.07,1800000.0,1.8,543,1024,0.5302734375
01a0a58f-fa8c-7373-bce5-caabe51dbde0,s,D,QB3,11,1,UVH5s,25,0.07,2250000.0,2.25,574,1024,0.560546875
01a0a58f-fa8c-7373-bce5-caabe51dbde0,s,D,QB3,11,1,UVH5s,26,0.07,2700000.0,2.7,543,1024,0.5302734375
01a0a58f-fa8c-7373-bce5-caabe51dbde0,s,D,QB3,11,1,UVH5s,27,0.07,3150000.0,3.15,565,1024,0.5517578125
01a0a58f-fa8c-7373-bce5-caabe51dbde0,s,D,QB3,11,1,UVH5s,28,0.07,3600000.0,3.6,575,1024,0.5615234375
01a0a58f-fa8c-7373-bce5-caabe51dbde0,s,D,QB3,11,1,UVH5s,29,0.07,4050000.0,4.05,580,1024,0.56640625
01a0a58f-fa8c-7373-bce5-caabe51dbde0,s,D,QB3,11,1,UVH5s,30,0.07,4500000.0,4.5,589,1024,0.5751953125
01a0a58f-fa8c-7373-bce5-caabe51dbde0,s,D,QB3,11,1,UVH5s,31,0.07,4950000.0,4.95,612,1024,0.59765625
01a0a58f-fa8c-7373-bce5-caabe51dbde0,s,D,QB3,11,1,UVH5s,32,0.07,5400000.0,5.4,661,1024,0.6455078125
01a0a58f-fa8c-7373-bce5-caabe51dbde0,s,D,QB3,11,1,UVH5s,33,0.07,5850000.0,5.85,678,1024,0.662109375
01a0a58f-fa8c-7373-bce5-caabe51dbde0,s,D,QB3,11,1,UVH5s,34,0.07,6300000.0,6.3,709,1024,0.6923828125
01a0a58f-fa8c-7373-bce5-caabe51dbde0,s,D,QB3,11,1,UVH5s,35,0.07,6750000.0,6.75,733,1024,0.7158203125
01a0a58f-fa8c-7373-bce5-caabe51dbde0,s,D,QB3,11,1,UVH5s,36,0.07,7200000.0,7.2,733,1024,0.7158203125
01a0a58f-fa8c-7373-bce5-caabe51dbde0,s,D,QB3,11,1,UVH5s,37,0.07,7650000.0,7.65,746,1024,0.728515625
01a0a58f-fa8c-7373-bce5-caabe51dbde0,s,D,QB3,11,1,UVH5s,38,0.07,8100000.0,8.1,752,1024,0.734375
01a0a58f-fa8c-7373-bce5-caabe51dbde0,s,D,QB3,11,1,UVH5s,39,0.07,8550000.0,8.55,773,1024,0.7548828125
01a0a58f-fa8c-7373-bce5-caabe51dbde0,s,D,QB3,11,1,UVH5s,40,0.07,9000000.0,9.0,760,1024,0.7421875
01a0a58f-fa8c-7373-bce5-caabe51dbde0,s,D,QB3,11,2,UVH7s,0,0.07,-9000000.0,-9.0,518,1024,0.505859375
01a0a58f-fa8c-7373-bce5-caabe51dbde0,s,D,QB3,11,2,UVH7s,1,0.07,-8550000.0,-8.55,477,1024,0.4658203125
01a0a58f-fa8c-7373-bce5-caabe51dbde0,s,D,QB3,11,2,UVH7s,2,0.07,-8100000.0,-8.1,496,1024,0.484375
01a0a58f-fa8c-7373-bce5-caabe51dbde0,s,D,QB3,11,2,UVH7s,3,0.07,-7650000.0,-7.65,524,1024,0.51171875
01a0a58f-fa8c-7373-bce5-caabe51dbde0,s,D,QB3,11,2,UVH7s,4,0.07,-7200000.0,-7.2,525,1024,0.5126953125
01a0a58f-fa8c-7373-bce5-caabe51dbde0,s,D,QB3,11,2,UVH7s,5,0.07,-6750000.0,-6.75,518,1024,0.505859375
01a0a58f-fa8c-7373-bce5-caabe51dbde0,s,D,QB3,11,2,UVH7s,6,0.07,-6300000.0,-6.3,505,1024,0.4931640625
01a0a58f-fa8c-7373-bce5-caabe51dbde0,s,D,QB3,11,2,UVH7s,7,0.07,-5850000.0,-5.85,508,1024,0.49609375
01a0a58f-fa8c-7373-bce5-caabe51dbde0,s,D,QB3,11,2,UVH7s,8,0.07,-5400000.0,-5.4,542,1024,0.529296875
01a0a58f-fa8c-7373-bce5-caabe51dbde0,s,D,QB3,11,2,UVH7s,9,0.07,-4950000.0,-4.95,485,1024,0.4736328125
01a0a58f-fa8c-7373-bce5-caabe51dbde0,s,D,QB3,11,2,UVH7s,10,0.07,-4500000.0,-4.5,515,1024,0.5029296875
01a0a58f-fa8c-7373-bce5-caabe51dbde0,s,D,QB3,11,2,UVH7s,11,0.07,-4050000.0,-4.05,533,1024,0.5205078125
01a0a58f-fa8c-7373-bce5-caabe51dbde0,s,D,QB3,11,2,UVH7s,12,0.07,-3600000.0,-3.6,530,1024,0.517578125
01a0a58f-fa8c-7373-bce5-caabe51dbde0,s,D,QB3,11,2,UVH7s,13,0.07,-3150000.0,-3.15,531,1024,0.5185546875
01a0a58f-fa8c-7373-bce5-caabe51dbde0,s,D,QB3,11,2,UVH7s,14,0.07,-2700000.0,-2.7,498,1024,0.486328125
01a0a58f-fa8c-7373-bce5-caabe51dbde0,s,D,QB3,11,2,UVH7s,15,0.07,-2250000.0,-2.25,530,1024,0.517578125
01a0a58f-fa8c-7373-bce5-caabe51dbde0,s,D,QB3,11,2,UVH7s,16,0.07,-1800000.0,-1.8,509,1024,0.4970703125
01a0a58f-fa8c-7373-bce5-caabe51dbde0,s,D,QB3,11,2,UVH7s,17,0.07,-1350000.0,-1.35,537,1024,0.5244140625
01a0a58f-fa8c-7373-bce5-caabe51dbde0,s,D,QB3,11,2,UVH7s,18,0.07,-900000.0,-0.9,519,1024,0.5068359375
01a0a58f-fa8c-7373-bce5-caabe51dbde0,s,D,QB3,11,2,UVH7s,19,0.07,-450000.0,-0.45,540,1024,0.52734375
01a0a58f-fa8c-7373-bce5-caabe51dbde0,s,D,QB3,11,2,UVH7s,20,0.07,0.0,0.0,510,1024,0.498046875
01a0a58f-fa8c-7373-bce5-caabe51dbde0,s,D,QB3,11,2,UVH7s,21,0.07,450000.0,0.45,542,1024,0.529296875
01a0a58f-fa8c-7373-bce5-caabe51dbde0,s,D,QB3,11,2,UVH7s,22,0.07,900000.0,0.9,536,1024,0.5234375
01a0a58f-fa8c-7373-bce5-caabe51dbde0,s,D,QB3,11,2,UVH7s,23,0.07,1350000.0,1.35,533,1024,0.5205078125
01a0a58f-fa8c-7373-bce5-caabe51dbde0,s,D,QB3,11,2,UVH7s,24,0.07,1800000.0,1.8,543,1024,0.5302734375
01a0a58f-fa8c-7373-bce5-caabe51dbde0,s,D,QB3,11,2,UVH7s,25,0.07,2250000.0,2.25,513,1024,0.5009765625
01a0a58f-fa8c-7373-bce5-caabe51dbde0,s,D,QB3,11,2,UVH7s,26,0.07,2700000.0,2.7,502,1024,0.490234375
01a0a58f-fa8c-7373-bce5-caabe51dbde0,s,D,QB3,11,2,UVH7s,27,0.07,3150000.0,3.15,528,1024,0.515625
01a0a58f-fa8c-7373-bce5-caabe51dbde0,s,D,QB3,11,2,UVH7s,28,0.07,3600000.0,3.6,537,1024,0.5244140625
01a0a58f-fa8c-7373-bce5-caabe51dbde0,s,D,QB3,11,2,UVH7s,29,0.07,4050000.0,4.05,560,1024,0.546875
01a0a58f-fa8c-7373-bce5-caabe51dbde0,s,D,QB3,11,2,UVH7s,30,0.07,4500000.0,4.5,555,1024,0.5419921875
01a0a58f-fa8c-7373-bce5-caabe51dbde0,s,D,QB3,11,2,UVH7s,31,0.07,4950000.0,4.95,539,1024,0.5263671875
01a0a58f-fa8c-7373-bce5-caabe51dbde0,s,D,QB3,11,2,UVH7s,32,0.07,5400000.0,5.4,559,1024,0.5458984375
01a0a58f-fa8c-7373-bce5-caabe51dbde0,s,D,QB3,11,2,UVH7s,33,0.07,5850000.0,5.85,565,1024,0.5517578125
01a0a58f-fa8c-7373-bce5-caabe51dbde0,s,D,QB3,11,2,UVH7s,34,0.07,6300000.0,6.3,595,1024,0.5810546875
01a0a58f-fa8c-7373-bce5-caabe51dbde0,s,D,QB3,11,2,UVH7s,35,0.07,6750000.0,6.75,606,1024,0.591796875
01a0a58f-fa8c-7373-bce5-caabe51dbde0,s,D,QB3,11,2,UVH7s,36,0.07,7200000.0,7.2,602,1024,0.587890625
01a0a58f-fa8c-7373-bce5-caabe51dbde0,s,D,QB3,11,2,UVH7s,37,0.07,7650000.0,7.65,640,1024,0.625
01a0a58f-fa8c-7373-bce5-caabe51dbde0,s,D,QB3,11,2,UVH7s,38,0.07,8100000.0,8.1,675,1024,0.6591796875
01a0a58f-fa8c-7373-bce5-caabe51dbde0,s,D,QB3,11,2,UVH7s,39,0.07,8550000.0,8.55,687,1024,0.6708984375
01a0a58f-fa8c-7373-bce5-caabe51dbde0,s,D,QB3,11,2,UVH7s,40,0.07,9000000.0,9.0,686,1024,0.669921875
01a0a58f-fa8c-7373-bce5-caabe51dbde0,s,D,QB3,11,3,UVH9s,0,0.07,-9000000.0,-9.0,458,1024,0.447265625
01a0a58f-fa8c-7373-bce5-caabe51dbde0,s,D,QB3,11,3,UVH9s,1,0.07,-8550000.0,-8.55,394,1024,0.384765625
01a0a58f-fa8c-7373-bce5-caabe51dbde0,s,D,QB3,11,3,UVH9s,2,0.07,-8100000.0,-8.1,431,1024,0.4208984375
01a0a58f-fa8c-7373-bce5-caabe51dbde0,s,D,QB3,11,3,UVH9s,3,0.07,-7650000.0,-7.65,485,1024,0.4736328125
01a0a58f-fa8c-7373-bce5-caabe51dbde0,s,D,QB3,11,3,UVH9s,4,0.07,-7200000.0,-7.2,481,1024,0.4697265625
01a0a58f-fa8c-7373-bce5-caabe51dbde0,s,D,QB3,11,3,UVH9s,5,0.07,-6750000.0,-6.75,453,1024,0.4423828125
01a0a58f-fa8c-7373-bce5-caabe51dbde0,s,D,QB3,11,3,UVH9s,6,0.07,-6300000.0,-6.3,465,1024,0.4541015625
01a0a58f-fa8c-7373-bce5-caabe51dbde0,s,D,QB3,11,3,UVH9s,7,0.07,-5850000.0,-5.85,469,1024,0.4580078125
01a0a58f-fa8c-7373-bce5-caabe51dbde0,s,D,QB3,11,3,UVH9s,8,0.07,-5400000.0,-5.4,516,1024,0.50390625
01a0a58f-fa8c-7373-bce5-caabe51dbde0,s,D,QB3,11,3,UVH9s,9,0.07,-4950000.0,-4.95,508,1024,0.49609375
01a0a58f-fa8c-7373-bce5-caabe51dbde0,s,D,QB3,11,3,UVH9s,10,0.07,-4500000.0,-4.5,533,1024,0.5205078125
01a0a58f-fa8c-7373-bce5-caabe51dbde0,s,D,QB3,11,3,UVH9s,11,0.07,-4050000.0,-4.05,532,1024,0.51953125
01a0a58f-fa8c-7373-bce5-caabe51dbde0,s,D,QB3,11,3,UVH9s,12,0.07,-3600000.0,-3.6,521,1024,0.5087890625
01a0a58f-fa8c-7373-bce5-caabe51dbde0,s,D,QB3,11,3,UVH9s,13,0.07,-3150000.0,-3.15,514,1024,0.501953125
01a0a58f-fa8c-7373-bce5-caabe51dbde0,s,D,QB3,11,3,UVH9s,14,0.07,-2700000.0,-2.7,516,1024,0.50390625
01a0a58f-fa8c-7373-bce5-caabe51dbde0,s,D,QB3,11,3,UVH9s,15,0.07,-2250000.0,-2.25,517,1024,0.5048828125
01a0a58f-fa8c-7373-bce5-caabe51dbde0,s,D,QB3,11,3,UVH9s,16,0.07,-1800000.0,-1.8,538,1024,0.525390625
01a0a58f-fa8c-7373-bce5-caabe51dbde0,s,D,QB3,11,3,UVH9s,17,0.07,-1350000.0,-1.35,556,1024,0.54296875
01a0a58f-fa8c-7373-bce5-caabe51dbde0,s,D,QB3,11,3,UVH9s,18,0.07,-900000.0,-0.9,518,1024,0.505859375
01a0a58f-fa8c-7373-bce5-caabe51dbde0,s,D,QB3,11,3,UVH9s,19,0.07,-450000.0,-0.45,540,1024,0.52734375
01a0a58f-fa8c-7373-bce5-caabe51dbde0,s,D,QB3,11,3,UVH9s,20,0.07,0.0,0.0,535,1024,0.5224609375
01a0a58f-fa8c-7373-bce5-caabe51dbde0,s,D,QB3,11,3,UVH9s,21,0.07,450000.0,0.45,508,1024,0.49609375
01a0a58f-fa8c-7373-bce5-caabe51dbde0,s,D,QB3,11,3,UVH9s,22,0.07,900000.0,0.9,534,1024,0.521484375
01a0a58f-fa8c-7373-bce5-caabe51dbde0,s,D,QB3,11,3,UVH9s,23,0.07,1350000.0,1.35,504,1024,0.4921875
01a0a58f-fa8c-7373-bce5-caabe51dbde0,s,D,QB3,11,3,UVH9s,24,0.07,1800000.0,1.8,566,1024,0.552734375
01a0a58f-fa8c-7373-bce5-caabe51dbde0,s,D,QB3,11,3,UVH9s,25,0.07,2250000.0,2.25,505,1024,0.4931640625
01a0a58f-fa8c-7373-bce5-caabe51dbde0,s,D,QB3,11,3,UVH9s,26,0.07,2700000.0,2.7,518,1024,0.505859375
01a0a58f-fa8c-7373-bce5-caabe51dbde0,s,D,QB3,11,3,UVH9s,27,0.07,3150000.0,3.15,512,1024,0.5
01a0a58f-fa8c-7373-bce5-caabe51dbde0,s,D,QB3,11,3,UVH9s,28,0.07,3600000.0,3.6,536,1024,0.5234375
01a0a58f-fa8c-7373-bce5-caabe51dbde0,s,D,QB3,11,3,UVH9s,29,0.07,4050000.0,4.05,515,1024,0.5029296875
01a0a58f-fa8c-7373-bce5-caabe51dbde0,s,D,QB3,11,3,UVH9s,30,0.07,4500000.0,4.5,524,1024,0.51171875
01a0a58f-fa8c-7373-bce5-caabe51dbde0,s,D,QB3,11,3,UVH9s,31,0.07,4950000.0,4.95,529,1024,0.5166015625
01a0a58f-fa8c-7373-bce5-caabe51dbde0,s,D,QB3,11,3,UVH9s,32,0.07,5400000.0,5.4,512,1024,0.5
01a0a58f-fa8c-7373-bce5-caabe51dbde0,s,D,QB3,11,3,UVH9s,33,0.07,5850000.0,5.85,502,1024,0.490234375
01a0a58f-fa8c-7373-bce5-caabe51dbde0,s,D,QB3,11,3,UVH9s,34,0.07,6300000.0,6.3,471,1024,0.4599609375
01a0a58f-fa8c-7373-bce5-caabe51dbde0,s,D,QB3,11,3,UVH9s,35,0.07,6750000.0,6.75,462,1024,0.451171875
01a0a58f-fa8c-7373-bce5-caabe51dbde0,s,D,QB3,11,3,UVH9s,36,0.07,7200000.0,7.2,439,1024,0.4287109375
01a0a58f-fa8c-7373-bce5-caabe51dbde0,s,D,QB3,11,3,UVH9s,37,0.07,7650000.0,7.65,448,1024,0.4375
01a0a58f-fa8c-7373-bce5-caabe51dbde0,s,D,QB3,11,3,UVH9s,38,0.07,8100000.0,8.1,396,1024,0.38671875
01a0a58f-fa8c-7373-bce5-caabe51dbde0,s,D,QB3,11,3,UVH9s,39,0.07,8550000.0,8.55,344,1024,0.3359375
01a0a58f-fa8c-7373-bce5-caabe51dbde0,s,D,QB3,11,3,UVH9s,40,0.07,9000000.0,9.0,324,1024,0.31640625
01a0a58f-fa8c-7373-bce5-caabe51dbde0,s,D,QB3,11,4,UVH11s,0,0.07,-9000000.0,-9.0,534,1024,0.521484375
01a0a58f-fa8c-7373-bce5-caabe51dbde0,s,D,QB3,11,4,UVH11s,1,0.07,-8550000.0,-8.55,539,1024,0.5263671875
01a0a58f-fa8c-7373-bce5-caabe51dbde0,s,D,QB3,11,4,UVH11s,2,0.07,-8100000.0,-8.1,514,1024,0.501953125
01a0a58f-fa8c-7373-bce5-caabe51dbde0,s,D,QB3,11,4,UVH11s,3,0.07,-7650000.0,-7.65,513,1024,0.5009765625
01a0a58f-fa8c-7373-bce5-caabe51dbde0,s,D,QB3,11,4,UVH11s,4,0.07,-7200000.0,-7.2,516,1024,0.50390625
01a0a58f-fa8c-7373-bce5-caabe51dbde0,s,D,QB3,11,4,UVH11s,5,0.07,-6750000.0,-6.75,509,1024,0.4970703125
01a0a58f-fa8c-7373-bce5-caabe51dbde0,s,D,QB3,11,4,UVH11s,6,0.07,-6300000.0,-6.3,492,1024,0.48046875
01a0a58f-fa8c-7373-bce5-caabe51dbde0,s,D,QB3,11,4,UVH11s,7,0.07,-5850000.0,-5.85,507,1024,0.4951171875
01a0a58f-fa8c-7373-bce5-caabe51dbde0,s,D,QB3,11,4,UVH11s,8,0.07,-5400000.0,-5.4,491,1024,0.4794921875
01a0a58f-fa8c-7373-bce5-caabe51dbde0,s,D,QB3,11,4,UVH11s,9,0.07,-4950000.0,-4.95,530,1024,0.517578125
01a0a58f-fa8c-7373-bce5-caabe51dbde0,s,D,QB3,11,4,UVH11s,10,0.07,-4500000.0,-4.5,510,1024,0.498046875
01a0a58f-fa8c-7373-bce5-caabe51dbde0,s,D,QB3,11,4,UVH11s,11,0.07,-4050000.0,-4.05,534,1024,0.521484375
01a0a58f-fa8c-7373-bce5-caabe51dbde0,s,D,QB3,11,4,UVH11s,12,0.07,-3600000.0,-3.6,513,1024,0.5009765625
01a0a58f-fa8c-7373-bce5-caabe51dbde0,s,D,QB3,11,4,UVH11s,13,0.07,-3150000.0,-3.15,462,1024,0.451171875
01a0a58f-fa8c-7373-bce5-caabe51dbde0,s,D,QB3,11,4,UVH11s,14,0.07,-2700000.0,-2.7,492,1024,0.48046875
01a0a58f-fa8c-7373-bce5-caabe51dbde0,s,D,QB3,11,4,UVH11s,15,0.07,-2250000.0,-2.25,535,1024,0.5224609375
01a0a58f-fa8c-7373-bce5-caabe51dbde0,s,D,QB3,11,4,UVH11s,16,0.07,-1800000.0,-1.8,520,1024,0.5078125
01a0a58f-fa8c-7373-bce5-caabe51dbde0,s,D,QB3,11,4,UVH11s,17,0.07,-1350000.0,-1.35,512,1024,0.5
01a0a58f-fa8c-7373-bce5-caabe51dbde0,s,D,QB3,11,4,UVH11s,18,0.07,-900000.0,-0.9,535,1024,0.5224609375
01a0a58f-fa8c-7373-bce5-caabe51dbde0,s,D,QB3,11,4,UVH11s,19,0.07,-450000.0,-0.45,524,1024,0.51171875
01a0a58f-fa8c-7373-bce5-caabe51dbde0,s,D,QB3,11,4,UVH11s,20,0.07,0.0,0.0,512,1024,0.5
01a0a58f-fa8c-7373-bce5-caabe51dbde0,s,D,QB3,11,4,UVH11s,21,0.07,450000.0,0.45,526,1024,0.513671875
01a0a58f-fa8c-7373-bce5-caabe51dbde0,s,D,QB3,11,4,UVH11s,22,0.07,900000.0,0.9,520,1024,0.5078125
01a0a58f-fa8c-7373-bce5-caabe51dbde0,s,D,QB3,11,4,UVH11s,23,0.07,1350000.0,1.35,490,1024,0.478515625
01a0a58f-fa8c-7373-bce5-caabe51dbde0,s,D,QB3,11,4,UVH11s,24,0.07,1800000.0,1.8,491,1024,0.4794921875
01a0a58f-fa8c-7373-bce5-caabe51dbde0,s,D,QB3,11,4,UVH11s,25,0.07,2250000.0,2.25,507,1024,0.4951171875
01a0a58f-fa8c-7373-bce5-caabe51dbde0,s,D,QB3,11,4,UVH11s,26,0.07,2700000.0,2.7,509,1024,0.4970703125
01a0a58f-fa8c-7373-bce5-caabe51dbde0,s,D,QB3,11,4,UVH11s,27,0.07,3150000.0,3.15,487,1024,0.4755859375
01a0a58f-fa8c-7373-bce5-caabe51dbde0,s,D,QB3,11,4,UVH11s,28,0.07,3600000.0,3.6,465,1024,0.4541015625
01a0a58f-fa8c-7373-bce5-caabe51dbde0,s,D,QB3,11,4,UVH11s,29,0.07,4050000.0,4.05,473,1024,0.4619140625
01a0a58f-fa8c-7373-bce5-caabe51dbde0,s,D,QB3,11,4,UVH11s,30,0.07,4500000.0,4.5,468,1024,0.45703125
01a0a58f-fa8c-7373-bce5-caabe51dbde0,s,D,QB3,11,4,UVH11s,31,0.07,4950000.0,4.95,446,1024,0.435546875
01a0a58f-fa8c-7373-bce5-caabe51dbde0,s,D,QB3,11,4,UVH11s,32,0.07,5400000.0,5.4,444,1024,0.43359375
01a0a58f-fa8c-7373-bce5-caabe51dbde0,s,D,QB3,11,4,UVH11s,33,0.07,5850000.0,5.85,461,1024,0.4501953125
01a0a58f-fa8c-7373-bce5-caabe51dbde0,s,D,QB3,11,4,UVH11s,34,0.07,6300000.0,6.3,439,1024,0.4287109375
01a0a58f-fa8c-7373-bce5-caabe51dbde0,s,D,QB3,11,4,UVH11s,35,0.07,6750000.0,6.75,438,1024,0.427734375
01a0a58f-fa8c-7373-bce5-caabe51dbde0,s,D,QB3,11,4,UVH11s,36,0.07,7200000.0,7.2,419,1024,0.4091796875
01a0a58f-fa8c-7373-bce5-caabe51dbde0,s,D,QB3,11,4,UVH11s,37,0.07,7650000.0,7.65,424,1024,0.4140625
01a0a58f-fa8c-7373-bce5-caabe51dbde0,s,D,QB3,11,4,UVH11s,38,0.07,8100000.0,8.1,430,1024,0.419921875
01a0a58f-fa8c-7373-bce5-caabe51dbde0,s,D,QB3,11,4,UVH11s,39,0.07,8550000.0,8.55,454,1024,0.443359375
01a0a58f-fa8c-7373-bce5-caabe51dbde0,s,D,QB3,11,4,UVH11s,40,0.07,9000000.0,9.0,438,1024,0.427734375
01a0a58f-fa8c-7373-bce5-caabe51dbde0,s,D,QB3,11,5,UVH13s,0,0.07,-9000000.0,-9.0,605,1024,0.5908203125
01a0a58f-fa8c-7373-bce5-caabe51dbde0,s,D,QB3,11,5,UVH13s,1,0.07,-8550000.0,-8.55,596,1024,0.58203125
01a0a58f-fa8c-7373-bce5-caabe51dbde0,s,D,QB3,11,5,UVH13s,2,0.07,-8100000.0,-8.1,631,1024,0.6162109375
01a0a58f-fa8c-7373-bce5-caabe51dbde0,s,D,QB3,11,5,UVH13s,3,0.07,-7650000.0,-7.65,572,1024,0.55859375
01a0a58f-fa8c-7373-bce5-caabe51dbde0,s,D,QB3,11,5,UVH13s,4,0.07,-7200000.0,-7.2,563,1024,0.5498046875
01a0a58f-fa8c-7373-bce5-caabe51dbde0,s,D,QB3,11,5,UVH13s,5,0.07,-6750000.0,-6.75,525,1024,0.5126953125
01a0a58f-fa8c-7373-bce5-caabe51dbde0,s,D,QB3,11,5,UVH13s,6,0.07,-6300000.0,-6.3,535,1024,0.5224609375
01a0a58f-fa8c-7373-bce5-caabe51dbde0,s,D,QB3,11,5,UVH13s,7,0.07,-5850000.0,-5.85,545,1024,0.5322265625
01a0a58f-fa8c-7373-bce5-caabe51dbde0,s,D,QB3,11,5,UVH13s,8,0.07,-5400000.0,-5.4,546,1024,0.533203125
01a0a58f-fa8c-7373-bce5-caabe51dbde0,s,D,QB3,11,5,UVH13s,9,0.07,-4950000.0,-4.95,523,1024,0.5107421875
01a0a58f-fa8c-7373-bce5-caabe51dbde0,s,D,QB3,11,5,UVH13s,10,0.07,-4500000.0,-4.5,536,1024,0.5234375
01a0a58f-fa8c-7373-bce5-caabe51dbde0,s,D,QB3,11,5,UVH13s,11,0.07,-4050000.0,-4.05,552,1024,0.5390625
01a0a58f-fa8c-7373-bce5-caabe51dbde0,s,D,QB3,11,5,UVH13s,12,0.07,-3600000.0,-3.6,510,1024,0.498046875
01a0a58f-fa8c-7373-bce5-caabe51dbde0,s,D,QB3,11,5,UVH13s,13,0.07,-3150000.0,-3.15,504,1024,0.4921875
01a0a58f-fa8c-7373-bce5-caabe51dbde0,s,D,QB3,11,5,UVH13s,14,0.07,-2700000.0,-2.7,503,1024,0.4912109375
01a0a58f-fa8c-7373-bce5-caabe51dbde0,s,D,QB3,11,5,UVH13s,15,0.07,-2250000.0,-2.25,528,1024,0.515625
01a0a58f-fa8c-7373-bce5-caabe51dbde0,s,D,QB3,11,5,UVH13s,16,0.07,-1800000.0,-1.8,546,1024,0.533203125
01a0a58f-fa8c-7373-bce5-caabe51dbde0,s,D,QB3,11,5,UVH13s,17,0.07,-1350000.0,-1.35,533,1024,0.5205078125
01a0a58f-fa8c-7373-bce5-caabe51dbde0,s,D,QB3,11,5,UVH13s,18,0.07,-900000.0,-0.9,484,1024,0.47265625
01a0a58f-fa8c-7373-bce5-caabe51dbde0,s,D,QB3,11,5,UVH13s,19,0.07,-450000.0,-0.45,516,1024,0.50390625
01a0a58f-fa8c-7373-bce5-caabe51dbde0,s,D,QB3,11,5,UVH13s,20,0.07,0.0,0.0,529,1024,0.5166015625
01a0a58f-fa8c-7373-bce5-caabe51dbde0,s,D,QB3,11,5,UVH13s,21,0.07,450000.0,0.45,545,1024,0.5322265625
01a0a58f-fa8c-7373-bce5-caabe51dbde0,s,D,QB3,11,5,UVH13s,22,0.07,900000.0,0.9,500,1024,0.48828125
01a0a58f-fa8c-7373-bce5-caabe51dbde0,s,D,QB3,11,5,UVH13s,23,0.07,1350000.0,1.35,514,1024,0.501953125
01a0a58f-fa8c-7373-bce5-caabe51dbde0,s,D,QB3,11,5,UVH13s,24,0.07,1800000.0,1.8,540,1024,0.52734375
01a0a58f-fa8c-7373-bce5-caabe51dbde0,s,D,QB3,11,5,UVH13s,25,0.07,2250000.0,2.25,515,1024,0.5029296875
01a0a58f-fa8c-7373-bce5-caabe51dbde0,s,D,QB3,11,5,UVH13s,26,0.07,2700000.0,2.7,504,1024,0.4921875
01a0a58f-fa8c-7373-bce5-caabe51dbde0,s,D,QB3,11,5,UVH13s,27,0.07,3150000.0,3.15,527,1024,0.5146484375
01a0a58f-fa8c-7373-bce5-caabe51dbde0,s,D,QB3,11,5,UVH13s,28,0.07,3600000.0,3.6,553,1024,0.5400390625
01a0a58f-fa8c-7373-bce5-caabe51dbde0,s,D,QB3,11,5,UVH13s,29,0.07,4050000.0,4.05,545,1024,0.5322265625
01a0a58f-fa8c-7373-bce5-caabe51dbde0,s,D,QB3,11,5,UVH13s,30,0.07,4500000.0,4.5,517,1024,0.5048828125
01a0a58f-fa8c-7373-bce5-caabe51dbde0,s,D,QB3,11,5,UVH13s,31,0.07,4950000.0,4.95,538,1024,0.525390625
01a0a58f-fa8c-7373-bce5-caabe51dbde0,s,D,QB3,11,5,UVH13s,32,0.07,5400000.0,5.4,526,1024,0.513671875
01a0a58f-fa8c-7373-bce5-caabe51dbde0,s,D,QB3,11,5,UVH13s,33,0.07,5850000.0,5.85,582,1024,0.568359375
01a0a58f-fa8c-7373-bce5-caabe51dbde0,s,D,QB3,11,5,UVH13s,34,0.07,6300000.0,6.3,556,1024,0.54296875
01a0a58f-fa8c-7373-bce5-caabe51dbde0,s,D,QB3,11,5,UVH13s,35,0.07,6750000.0,6.75,527,1024,0.5146484375
01a0a58f-fa8c-7373-bce5-caabe51dbde0,s,D,QB3,11,5,UVH13s,36,0.07,7200000.0,7.2,533,1024,0.5205078125
01a0a58f-fa8c-7373-bce5-caabe51dbde0,s,D,QB3,11,5,UVH13s,37,0.07,7650000.0,7.65,541,1024,0.5283203125
01a0a58f-fa8c-7373-bce5-caabe51dbde0,s,D,QB3,11,5,UVH13s,38,0.07,8100000.0,8.1,521,1024,0.5087890625
01a0a58f-fa8c-7373-bce5-caabe51dbde0,s,D,QB3,11,5,UVH13s,39,0.07,8550000.0,8.55,534,1024,0.521484375
01a0a58f-fa8c-7373-bce5-caabe51dbde0,s,D,QB3,11,5,UVH13s,40,0.07,9000000.0,9.0,545,1024,0.5322265625
01a0a58f-fa8c-7373-bce5-caabe51dbde0,s,D,QB9,12,0,standard_pi_2,0,0.07,-9000000.0,-9.0,618,1024,0.603515625
01a0a58f-fa8c-7373-bce5-caabe51dbde0,s,D,QB9,12,0,standard_pi_2,1,0.07,-8550000.0,-8.55,628,1024,0.61328125
01a0a58f-fa8c-7373-bce5-caabe51dbde0,s,D,QB9,12,0,standard_pi_2,2,0.07,-8100000.0,-8.1,637,1024,0.6220703125
01a0a58f-fa8c-7373-bce5-caabe51dbde0,s,D,QB9,12,0,standard_pi_2,3,0.07,-7650000.0,-7.65,618,1024,0.603515625
01a0a58f-fa8c-7373-bce5-caabe51dbde0,s,D,QB9,12,0,standard_pi_2,4,0.07,-7200000.0,-7.2,586,1024,0.572265625
01a0a58f-fa8c-7373-bce5-caabe51dbde0,s,D,QB9,12,0,standard_pi_2,5,0.07,-6750000.0,-6.75,598,1024,0.583984375
01a0a58f-fa8c-7373-bce5-caabe51dbde0,s,D,QB9,12,0,standard_pi_2,6,0.07,-6300000.0,-6.3,602,1024,0.587890625
01a0a58f-fa8c-7373-bce5-caabe51dbde0,s,D,QB9,12,0,standard_pi_2,7,0.07,-5850000.0,-5.85,607,1024,0.5927734375
01a0a58f-fa8c-7373-bce5-caabe51dbde0,s,D,QB9,12,0,standard_pi_2,8,0.07,-5400000.0,-5.4,625,1024,0.6103515625
01a0a58f-fa8c-7373-bce5-caabe51dbde0,s,D,QB9,12,0,standard_pi_2,9,0.07,-4950000.0,-4.95,598,1024,0.583984375
01a0a58f-fa8c-7373-bce5-caabe51dbde0,s,D,QB9,12,0,standard_pi_2,10,0.07,-4500000.0,-4.5,599,1024,0.5849609375
01a0a58f-fa8c-7373-bce5-caabe51dbde0,s,D,QB9,12,0,standard_pi_2,11,0.07,-4050000.0,-4.05,623,1024,0.6083984375
01a0a58f-fa8c-7373-bce5-caabe51dbde0,s,D,QB9,12,0,standard_pi_2,12,0.07,-3600000.0,-3.6,564,1024,0.55078125
01a0a58f-fa8c-7373-bce5-caabe51dbde0,s,D,QB9,12,0,standard_pi_2,13,0.07,-3150000.0,-3.15,583,1024,0.5693359375
01a0a58f-fa8c-7373-bce5-caabe51dbde0,s,D,QB9,12,0,standard_pi_2,14,0.07,-2700000.0,-2.7,572,1024,0.55859375
01a0a58f-fa8c-7373-bce5-caabe51dbde0,s,D,QB9,12,0,standard_pi_2,15,0.07,-2250000.0,-2.25,600,1024,0.5859375
01a0a58f-fa8c-7373-bce5-caabe51dbde0,s,D,QB9,12,0,standard_pi_2,16,0.07,-1800000.0,-1.8,590,1024,0.576171875
01a0a58f-fa8c-7373-bce5-caabe51dbde0,s,D,QB9,12,0,standard_pi_2,17,0.07,-1350000.0,-1.35,585,1024,0.5712890625
01a0a58f-fa8c-7373-bce5-caabe51dbde0,s,D,QB9,12,0,standard_pi_2,18,0.07,-900000.0,-0.9,579,1024,0.5654296875
01a0a58f-fa8c-7373-bce5-caabe51dbde0,s,D,QB9,12,0,standard_pi_2,19,0.07,-450000.0,-0.45,554,1024,0.541015625
01a0a58f-fa8c-7373-bce5-caabe51dbde0,s,D,QB9,12,0,standard_pi_2,20,0.07,0.0,0.0,561,1024,0.5478515625
01a0a58f-fa8c-7373-bce5-caabe51dbde0,s,D,QB9,12,0,standard_pi_2,21,0.07,450000.0,0.45,545,1024,0.5322265625
01a0a58f-fa8c-7373-bce5-caabe51dbde0,s,D,QB9,12,0,standard_pi_2,22,0.07,900000.0,0.9,542,1024,0.529296875
01a0a58f-fa8c-7373-bce5-caabe51dbde0,s,D,QB9,12,0,standard_pi_2,23,0.07,1350000.0,1.35,530,1024,0.517578125
01a0a58f-fa8c-7373-bce5-caabe51dbde0,s,D,QB9,12,0,standard_pi_2,24,0.07,1800000.0,1.8,530,1024,0.517578125
01a0a58f-fa8c-7373-bce5-caabe51dbde0,s,D,QB9,12,0,standard_pi_2,25,0.07,2250000.0,2.25,538,1024,0.525390625
01a0a58f-fa8c-7373-bce5-caabe51dbde0,s,D,QB9,12,0,standard_pi_2,26,0.07,2700000.0,2.7,517,1024,0.5048828125
01a0a58f-fa8c-7373-bce5-caabe51dbde0,s,D,QB9,12,0,standard_pi_2,27,0.07,3150000.0,3.15,532,1024,0.51953125
01a0a58f-fa8c-7373-bce5-caabe51dbde0,s,D,QB9,12,0,standard_pi_2,28,0.07,3600000.0,3.6,543,1024,0.5302734375
01a0a58f-fa8c-7373-bce5-caabe51dbde0,s,D,QB9,12,0,standard_pi_2,29,0.07,4050000.0,4.05,536,1024,0.5234375
01a0a58f-fa8c-7373-bce5-caabe51dbde0,s,D,QB9,12,0,standard_pi_2,30,0.07,4500000.0,4.5,513,1024,0.5009765625
01a0a58f-fa8c-7373-bce5-caabe51dbde0,s,D,QB9,12,0,standard_pi_2,31,0.07,4950000.0,4.95,541,1024,0.5283203125
01a0a58f-fa8c-7373-bce5-caabe51dbde0,s,D,QB9,12,0,standard_pi_2,32,0.07,5400000.0,5.4,530,1024,0.517578125
01a0a58f-fa8c-7373-bce5-caabe51dbde0,s,D,QB9,12,0,standard_pi_2,33,0.07,5850000.0,5.85,517,1024,0.5048828125
01a0a58f-fa8c-7373-bce5-caabe51dbde0,s,D,QB9,12,0,standard_pi_2,34,0.07,6300000.0,6.3,499,1024,0.4873046875
01a0a58f-fa8c-7373-bce5-caabe51dbde0,s,D,QB9,12,0,standard_pi_2,35,0.07,6750000.0,6.75,488,1024,0.4765625
01a0a58f-fa8c-7373-bce5-caabe51dbde0,s,D,QB9,12,0,standard_pi_2,36,0.07,7200000.0,7.2,507,1024,0.4951171875
01a0a58f-fa8c-7373-bce5-caabe51dbde0,s,D,QB9,12,0,standard_pi_2,37,0.07,7650000.0,7.65,487,1024,0.4755859375
01a0a58f-fa8c-7373-bce5-caabe51dbde0,s,D,QB9,12,0,standard_pi_2,38,0.07,8100000.0,8.1,487,1024,0.4755859375
01a0a58f-fa8c-7373-bce5-caabe51dbde0,s,D,QB9,12,0,standard_pi_2,39,0.07,8550000.0,8.55,464,1024,0.453125
01a0a58f-fa8c-7373-bce5-caabe51dbde0,s,D,QB9,12,0,standard_pi_2,40,0.07,9000000.0,9.0,496,1024,0.484375
01a0a58f-fa8c-7373-bce5-caabe51dbde0,s,D,QB9,12,1,UVH5s,0,0.07,-9000000.0,-9.0,650,1024,0.634765625
01a0a58f-fa8c-7373-bce5-caabe51dbde0,s,D,QB9,12,1,UVH5s,1,0.07,-8550000.0,-8.55,646,1024,0.630859375
01a0a58f-fa8c-7373-bce5-caabe51dbde0,s,D,QB9,12,1,UVH5s,2,0.07,-8100000.0,-8.1,642,1024,0.626953125
01a0a58f-fa8c-7373-bce5-caabe51dbde0,s,D,QB9,12,1,UVH5s,3,0.07,-7650000.0,-7.65,647,1024,0.6318359375
01a0a58f-fa8c-7373-bce5-caabe51dbde0,s,D,QB9,12,1,UVH5s,4,0.07,-7200000.0,-7.2,662,1024,0.646484375
01a0a58f-fa8c-7373-bce5-caabe51dbde0,s,D,QB9,12,1,UVH5s,5,0.07,-6750000.0,-6.75,611,1024,0.5966796875
01a0a58f-fa8c-7373-bce5-caabe51dbde0,s,D,QB9,12,1,UVH5s,6,0.07,-6300000.0,-6.3,624,1024,0.609375
01a0a58f-fa8c-7373-bce5-caabe51dbde0,s,D,QB9,12,1,UVH5s,7,0.07,-5850000.0,-5.85,604,1024,0.58984375
01a0a58f-fa8c-7373-bce5-caabe51dbde0,s,D,QB9,12,1,UVH5s,8,0.07,-5400000.0,-5.4,604,1024,0.58984375
01a0a58f-fa8c-7373-bce5-caabe51dbde0,s,D,QB9,12,1,UVH5s,9,0.07,-4950000.0,-4.95,601,1024,0.5869140625
01a0a58f-fa8c-7373-bce5-caabe51dbde0,s,D,QB9,12,1,UVH5s,10,0.07,-4500000.0,-4.5,580,1024,0.56640625
01a0a58f-fa8c-7373-bce5-caabe51dbde0,s,D,QB9,12,1,UVH5s,11,0.07,-4050000.0,-4.05,575,1024,0.5615234375
01a0a58f-fa8c-7373-bce5-caabe51dbde0,s,D,QB9,12,1,UVH5s,12,0.07,-3600000.0,-3.6,553,1024,0.5400390625
01a0a58f-fa8c-7373-bce5-caabe51dbde0,s,D,QB9,12,1,UVH5s,13,0.07,-3150000.0,-3.15,545,1024,0.5322265625
01a0a58f-fa8c-7373-bce5-caabe51dbde0,s,D,QB9,12,1,UVH5s,14,0.07,-2700000.0,-2.7,549,1024,0.5361328125
01a0a58f-fa8c-7373-bce5-caabe51dbde0,s,D,QB9,12,1,UVH5s,15,0.07,-2250000.0,-2.25,535,1024,0.5224609375
01a0a58f-fa8c-7373-bce5-caabe51dbde0,s,D,QB9,12,1,UVH5s,16,0.07,-1800000.0,-1.8,524,1024,0.51171875
01a0a58f-fa8c-7373-bce5-caabe51dbde0,s,D,QB9,12,1,UVH5s,17,0.07,-1350000.0,-1.35,504,1024,0.4921875
01a0a58f-fa8c-7373-bce5-caabe51dbde0,s,D,QB9,12,1,UVH5s,18,0.07,-900000.0,-0.9,504,1024,0.4921875
01a0a58f-fa8c-7373-bce5-caabe51dbde0,s,D,QB9,12,1,UVH5s,19,0.07,-450000.0,-0.45,519,1024,0.5068359375
01a0a58f-fa8c-7373-bce5-caabe51dbde0,s,D,QB9,12,1,UVH5s,20,0.07,0.0,0.0,508,1024,0.49609375
01a0a58f-fa8c-7373-bce5-caabe51dbde0,s,D,QB9,12,1,UVH5s,21,0.07,450000.0,0.45,519,1024,0.5068359375
01a0a58f-fa8c-7373-bce5-caabe51dbde0,s,D,QB9,12,1,UVH5s,22,0.07,900000.0,0.9,509,1024,0.4970703125
01a0a58f-fa8c-7373-bce5-caabe51dbde0,s,D,QB9,12,1,UVH5s,23,0.07,1350000.0,1.35,522,1024,0.509765625
01a0a58f-fa8c-7373-bce5-caabe51dbde0,s,D,QB9,12,1,UVH5s,24,0.07,1800000.0,1.8,527,1024,0.5146484375
01a0a58f-fa8c-7373-bce5-caabe51dbde0,s,D,QB9,12,1,UVH5s,25,0.07,2250000.0,2.25,541,1024,0.5283203125
01a0a58f-fa8c-7373-bce5-caabe51dbde0,s,D,QB9,12,1,UVH5s,26,0.07,2700000.0,2.7,558,1024,0.544921875
01a0a58f-fa8c-7373-bce5-caabe51dbde0,s,D,QB9,12,1,UVH5s,27,0.07,3150000.0,3.15,567,1024,0.5537109375
01a0a58f-fa8c-7373-bce5-caabe51dbde0,s,D,QB9,12,1,UVH5s,28,0.07,3600000.0,3.6,568,1024,0.5546875
01a0a58f-fa8c-7373-bce5-caabe51dbde0,s,D,QB9,12,1,UVH5s,29,0.07,4050000.0,4.05,596,1024,0.58203125
01a0a58f-fa8c-7373-bce5-caabe51dbde0,s,D,QB9,12,1,UVH5s,30,0.07,4500000.0,4.5,598,1024,0.583984375
01a0a58f-fa8c-7373-bce5-caabe51dbde0,s,D,QB9,12,1,UVH5s,31,0.07,4950000.0,4.95,604,1024,0.58984375
01a0a58f-fa8c-7373-bce5-caabe51dbde0,s,D,QB9,12,1,UVH5s,32,0.07,5400000.0,5.4,627,1024,0.6123046875
01a0a58f-fa8c-7373-bce5-caabe51dbde0,s,D,QB9,12,1,UVH5s,33,0.07,5850000.0,5.85,659,1024,0.6435546875
01a0a58f-fa8c-7373-bce5-caabe51dbde0,s,D,QB9,12,1,UVH5s,34,0.07,6300000.0,6.3,655,1024,0.6396484375
01a0a58f-fa8c-7373-bce5-caabe51dbde0,s,D,QB9,12,1,UVH5s,35,0.07,6750000.0,6.75,696,1024,0.6796875
01a0a58f-fa8c-7373-bce5-caabe51dbde0,s,D,QB9,12,1,UVH5s,36,0.07,7200000.0,7.2,685,1024,0.6689453125
01a0a58f-fa8c-7373-bce5-caabe51dbde0,s,D,QB9,12,1,UVH5s,37,0.07,7650000.0,7.65,718,1024,0.701171875
01a0a58f-fa8c-7373-bce5-caabe51dbde0,s,D,QB9,12,1,UVH5s,38,0.07,8100000.0,8.1,729,1024,0.7119140625
01a0a58f-fa8c-7373-bce5-caabe51dbde0,s,D,QB9,12,1,UVH5s,39,0.07,8550000.0,8.55,753,1024,0.7353515625
01a0a58f-fa8c-7373-bce5-caabe51dbde0,s,D,QB9,12,1,UVH5s,40,0.07,9000000.0,9.0,769,1024,0.7509765625
01a0a58f-fa8c-7373-bce5-caabe51dbde0,s,D,QB9,12,2,UVH7s,0,0.07,-9000000.0,-9.0,505,1024,0.4931640625
01a0a58f-fa8c-7373-bce5-caabe51dbde0,s,D,QB9,12,2,UVH7s,1,0.07,-8550000.0,-8.55,525,1024,0.5126953125
01a0a58f-fa8c-7373-bce5-caabe51dbde0,s,D,QB9,12,2,UVH7s,2,0.07,-8100000.0,-8.1,531,1024,0.5185546875
01a0a58f-fa8c-7373-bce5-caabe51dbde0,s,D,QB9,12,2,UVH7s,3,0.07,-7650000.0,-7.65,522,1024,0.509765625
01a0a58f-fa8c-7373-bce5-caabe51dbde0,s,D,QB9,12,2,UVH7s,4,0.07,-7200000.0,-7.2,496,1024,0.484375
01a0a58f-fa8c-7373-bce5-caabe51dbde0,s,D,QB9,12,2,UVH7s,5,0.07,-6750000.0,-6.75,501,1024,0.4892578125
01a0a58f-fa8c-7373-bce5-caabe51dbde0,s,D,QB9,12,2,UVH7s,6,0.07,-6300000.0,-6.3,489,1024,0.4775390625
01a0a58f-fa8c-7373-bce5-caabe51dbde0,s,D,QB9,12,2,UVH7s,7,0.07,-5850000.0,-5.85,505,1024,0.4931640625
01a0a58f-fa8c-7373-bce5-caabe51dbde0,s,D,QB9,12,2,UVH7s,8,0.07,-5400000.0,-5.4,450,1024,0.439453125
01a0a58f-fa8c-7373-bce5-caabe51dbde0,s,D,QB9,12,2,UVH7s,9,0.07,-4950000.0,-4.95,454,1024,0.443359375
01a0a58f-fa8c-7373-bce5-caabe51dbde0,s,D,QB9,12,2,UVH7s,10,0.07,-4500000.0,-4.5,481,1024,0.4697265625
01a0a58f-fa8c-7373-bce5-caabe51dbde0,s,D,QB9,12,2,UVH7s,11,0.07,-4050000.0,-4.05,437,1024,0.4267578125
01a0a58f-fa8c-7373-bce5-caabe51dbde0,s,D,QB9,12,2,UVH7s,12,0.07,-3600000.0,-3.6,465,1024,0.4541015625
01a0a58f-fa8c-7373-bce5-caabe51dbde0,s,D,QB9,12,2,UVH7s,13,0.07,-3150000.0,-3.15,444,1024,0.43359375
01a0a58f-fa8c-7373-bce5-caabe51dbde0,s,D,QB9,12,2,UVH7s,14,0.07,-2700000.0,-2.7,488,1024,0.4765625
01a0a58f-fa8c-7373-bce5-caabe51dbde0,s,D,QB9,12,2,UVH7s,15,0.07,-2250000.0,-2.25,478,1024,0.466796875
01a0a58f-fa8c-7373-bce5-caabe51dbde0,s,D,QB9,12,2,UVH7s,16,0.07,-1800000.0,-1.8,467,1024,0.4560546875
01a0a58f-fa8c-7373-bce5-caabe51dbde0,s,D,QB9,12,2,UVH7s,17,0.07,-1350000.0,-1.35,439,1024,0.4287109375
01a0a58f-fa8c-7373-bce5-caabe51dbde0,s,D,QB9,12,2,UVH7s,18,0.07,-900000.0,-0.9,483,1024,0.4716796875
01a0a58f-fa8c-7373-bce5-caabe51dbde0,s,D,QB9,12,2,UVH7s,19,0.07,-450000.0,-0.45,467,1024,0.4560546875
01a0a58f-fa8c-7373-bce5-caabe51dbde0,s,D,QB9,12,2,UVH7s,20,0.07,0.0,0.0,463,1024,0.4521484375
01a0a58f-fa8c-7373-bce5-caabe51dbde0,s,D,QB9,12,2,UVH7s,21,0.07,450000.0,0.45,479,1024,0.4677734375
01a0a58f-fa8c-7373-bce5-caabe51dbde0,s,D,QB9,12,2,UVH7s,22,0.07,900000.0,0.9,469,1024,0.4580078125
01a0a58f-fa8c-7373-bce5-caabe51dbde0,s,D,QB9,12,2,UVH7s,23,0.07,1350000.0,1.35,500,1024,0.48828125
01a0a58f-fa8c-7373-bce5-caabe51dbde0,s,D,QB9,12,2,UVH7s,24,0.07,1800000.0,1.8,452,1024,0.44140625
01a0a58f-fa8c-7373-bce5-caabe51dbde0,s,D,QB9,12,2,UVH7s,25,0.07,2250000.0,2.25,445,1024,0.4345703125
01a0a58f-fa8c-7373-bce5-caabe51dbde0,s,D,QB9,12,2,UVH7s,26,0.07,2700000.0,2.7,474,1024,0.462890625
01a0a58f-fa8c-7373-bce5-caabe51dbde0,s,D,QB9,12,2,UVH7s,27,0.07,3150000.0,3.15,512,1024,0.5
01a0a58f-fa8c-7373-bce5-caabe51dbde0,s,D,QB9,12,2,UVH7s,28,0.07,3600000.0,3.6,461,1024,0.4501953125
01a0a58f-fa8c-7373-bce5-caabe51dbde0,s,D,QB9,12,2,UVH7s,29,0.07,4050000.0,4.05,463,1024,0.4521484375
01a0a58f-fa8c-7373-bce5-caabe51dbde0,s,D,QB9,12,2,UVH7s,30,0.07,4500000.0,4.5,455,1024,0.4443359375
01a0a58f-fa8c-7373-bce5-caabe51dbde0,s,D,QB9,12,2,UVH7s,31,0.07,4950000.0,4.95,462,1024,0.451171875
01a0a58f-fa8c-7373-bce5-caabe51dbde0,s,D,QB9,12,2,UVH7s,32,0.07,5400000.0,5.4,479,1024,0.4677734375
01a0a58f-fa8c-7373-bce5-caabe51dbde0,s,D,QB9,12,2,UVH7s,33,0.07,5850000.0,5.85,493,1024,0.4814453125
01a0a58f-fa8c-7373-bce5-caabe51dbde0,s,D,QB9,12,2,UVH7s,34,0.07,6300000.0,6.3,528,1024,0.515625
01a0a58f-fa8c-7373-bce5-caabe51dbde0,s,D,QB9,12,2,UVH7s,35,0.07,6750000.0,6.75,546,1024,0.533203125
01a0a58f-fa8c-7373-bce5-caabe51dbde0,s,D,QB9,12,2,UVH7s,36,0.07,7200000.0,7.2,536,1024,0.5234375
01a0a58f-fa8c-7373-bce5-caabe51dbde0,s,D,QB9,12,2,UVH7s,37,0.07,7650000.0,7.65,582,1024,0.568359375
01a0a58f-fa8c-7373-bce5-caabe51dbde0,s,D,QB9,12,2,UVH7s,38,0.07,8100000.0,8.1,592,1024,0.578125
01a0a58f-fa8c-7373-bce5-caabe51dbde0,s,D,QB9,12,2,UVH7s,39,0.07,8550000.0,8.55,624,1024,0.609375
01a0a58f-fa8c-7373-bce5-caabe51dbde0,s,D,QB9,12,2,UVH7s,40,0.07,9000000.0,9.0,649,1024,0.6337890625
01a0a58f-fa8c-7373-bce5-caabe51dbde0,s,D,QB9,12,3,UVH9s,0,0.07,-9000000.0,-9.0,398,1024,0.388671875
01a0a58f-fa8c-7373-bce5-caabe51dbde0,s,D,QB9,12,3,UVH9s,1,0.07,-8550000.0,-8.55,416,1024,0.40625
01a0a58f-fa8c-7373-bce5-caabe51dbde0,s,D,QB9,12,3,UVH9s,2,0.07,-8100000.0,-8.1,414,1024,0.404296875
01a0a58f-fa8c-7373-bce5-caabe51dbde0,s,D,QB9,12,3,UVH9s,3,0.07,-7650000.0,-7.65,445,1024,0.4345703125
01a0a58f-fa8c-7373-bce5-caabe51dbde0,s,D,QB9,12,3,UVH9s,4,0.07,-7200000.0,-7.2,416,1024,0.40625
01a0a58f-fa8c-7373-bce5-caabe51dbde0,s,D,QB9,12,3,UVH9s,5,0.07,-6750000.0,-6.75,451,1024,0.4404296875
01a0a58f-fa8c-7373-bce5-caabe51dbde0,s,D,QB9,12,3,UVH9s,6,0.07,-6300000.0,-6.3,469,1024,0.4580078125
01a0a58f-fa8c-7373-bce5-caabe51dbde0,s,D,QB9,12,3,UVH9s,7,0.07,-5850000.0,-5.85,449,1024,0.4384765625
01a0a58f-fa8c-7373-bce5-caabe51dbde0,s,D,QB9,12,3,UVH9s,8,0.07,-5400000.0,-5.4,442,1024,0.431640625
01a0a58f-fa8c-7373-bce5-caabe51dbde0,s,D,QB9,12,3,UVH9s,9,0.07,-4950000.0,-4.95,473,1024,0.4619140625
01a0a58f-fa8c-7373-bce5-caabe51dbde0,s,D,QB9,12,3,UVH9s,10,0.07,-4500000.0,-4.5,461,1024,0.4501953125
01a0a58f-fa8c-7373-bce5-caabe51dbde0,s,D,QB9,12,3,UVH9s,11,0.07,-4050000.0,-4.05,483,1024,0.4716796875
01a0a58f-fa8c-7373-bce5-caabe51dbde0,s,D,QB9,12,3,UVH9s,12,0.07,-3600000.0,-3.6,466,1024,0.455078125
01a0a58f-fa8c-7373-bce5-caabe51dbde0,s,D,QB9,12,3,UVH9s,13,0.07,-3150000.0,-3.15,467,1024,0.4560546875
01a0a58f-fa8c-7373-bce5-caabe51dbde0,s,D,QB9,12,3,UVH9s,14,0.07,-2700000.0,-2.7,478,1024,0.466796875
01a0a58f-fa8c-7373-bce5-caabe51dbde0,s,D,QB9,12,3,UVH9s,15,0.07,-2250000.0,-2.25,488,1024,0.4765625
01a0a58f-fa8c-7373-bce5-caabe51dbde0,s,D,QB9,12,3,UVH9s,16,0.07,-1800000.0,-1.8,487,1024,0.4755859375
01a0a58f-fa8c-7373-bce5-caabe51dbde0,s,D,QB9,12,3,UVH9s,17,0.07,-1350000.0,-1.35,475,1024,0.4638671875
01a0a58f-fa8c-7373-bce5-caabe51dbde0,s,D,QB9,12,3,UVH9s,18,0.07,-900000.0,-0.9,476,1024,0.46484375
01a0a58f-fa8c-7373-bce5-caabe51dbde0,s,D,QB9,12,3,UVH9s,19,0.07,-450000.0,-0.45,477,1024,0.4658203125
01a0a58f-fa8c-7373-bce5-caabe51dbde0,s,D,QB9,12,3,UVH9s,20,0.07,0.0,0.0,480,1024,0.46875
01a0a58f-fa8c-7373-bce5-caabe51dbde0,s,D,QB9,12,3,UVH9s,21,0.07,450000.0,0.45,480,1024,0.46875
01a0a58f-fa8c-7373-bce5-caabe51dbde0,s,D,QB9,12,3,UVH9s,22,0.07,900000.0,0.9,501,1024,0.4892578125
01a0a58f-fa8c-7373-bce5-caabe51dbde0,s,D,QB9,12,3,UVH9s,23,0.07,1350000.0,1.35,493,1024,0.4814453125
01a0a58f-fa8c-7373-bce5-caabe51dbde0,s,D,QB9,12,3,UVH9s,24,0.07,1800000.0,1.8,504,1024,0.4921875
01a0a58f-fa8c-7373-bce5-caabe51dbde0,s,D,QB9,12,3,UVH9s,25,0.07,2250000.0,2.25,499,1024,0.4873046875
01a0a58f-fa8c-7373-bce5-caabe51dbde0,s,D,QB9,12,3,UVH9s,26,0.07,2700000.0,2.7,466,1024,0.455078125
01a0a58f-fa8c-7373-bce5-caabe51dbde0,s,D,QB9,12,3,UVH9s,27,0.07,3150000.0,3.15,470,1024,0.458984375
01a0a58f-fa8c-7373-bce5-caabe51dbde0,s,D,QB9,12,3,UVH9s,28,0.07,3600000.0,3.6,458,1024,0.447265625
01a0a58f-fa8c-7373-bce5-caabe51dbde0,s,D,QB9,12,3,UVH9s,29,0.07,4050000.0,4.05,489,1024,0.4775390625
01a0a58f-fa8c-7373-bce5-caabe51dbde0,s,D,QB9,12,3,UVH9s,30,0.07,4500000.0,4.5,465,1024,0.4541015625
01a0a58f-fa8c-7373-bce5-caabe51dbde0,s,D,QB9,12,3,UVH9s,31,0.07,4950000.0,4.95,443,1024,0.4326171875
01a0a58f-fa8c-7373-bce5-caabe51dbde0,s,D,QB9,12,3,UVH9s,32,0.07,5400000.0,5.4,445,1024,0.4345703125
01a0a58f-fa8c-7373-bce5-caabe51dbde0,s,D,QB9,12,3,UVH9s,33,0.07,5850000.0,5.85,435,1024,0.4248046875
01a0a58f-fa8c-7373-bce5-caabe51dbde0,s,D,QB9,12,3,UVH9s,34,0.07,6300000.0,6.3,431,1024,0.4208984375
01a0a58f-fa8c-7373-bce5-caabe51dbde0,s,D,QB9,12,3,UVH9s,35,0.07,6750000.0,6.75,444,1024,0.43359375
01a0a58f-fa8c-7373-bce5-caabe51dbde0,s,D,QB9,12,3,UVH9s,36,0.07,7200000.0,7.2,422,1024,0.412109375
01a0a58f-fa8c-7373-bce5-caabe51dbde0,s,D,QB9,12,3,UVH9s,37,0.07,7650000.0,7.65,390,1024,0.380859375
01a0a58f-fa8c-7373-bce5-caabe51dbde0,s,D,QB9,12,3,UVH9s,38,0.07,8100000.0,8.1,390,1024,0.380859375
01a0a58f-fa8c-7373-bce5-caabe51dbde0,s,D,QB9,12,3,UVH9s,39,0.07,8550000.0,8.55,392,1024,0.3828125
01a0a58f-fa8c-7373-bce5-caabe51dbde0,s,D,QB9,12,3,UVH9s,40,0.07,9000000.0,9.0,323,1024,0.3154296875
01a0a58f-fa8c-7373-bce5-caabe51dbde0,s,D,QB9,12,4,UVH11s,0,0.07,-9000000.0,-9.0,576,1024,0.5625
01a0a58f-fa8c-7373-bce5-caabe51dbde0,s,D,QB9,12,4,UVH11s,1,0.07,-8550000.0,-8.55,600,1024,0.5859375
01a0a58f-fa8c-7373-bce5-caabe51dbde0,s,D,QB9,12,4,UVH11s,2,0.07,-8100000.0,-8.1,570,1024,0.556640625
01a0a58f-fa8c-7373-bce5-caabe51dbde0,s,D,QB9,12,4,UVH11s,3,0.07,-7650000.0,-7.65,505,1024,0.4931640625
01a0a58f-fa8c-7373-bce5-caabe51dbde0,s,D,QB9,12,4,UVH11s,4,0.07,-7200000.0,-7.2,551,1024,0.5380859375
01a0a58f-fa8c-7373-bce5-caabe51dbde0,s,D,QB9,12,4,UVH11s,5,0.07,-6750000.0,-6.75,538,1024,0.525390625
01a0a58f-fa8c-7373-bce5-caabe51dbde0,s,D,QB9,12,4,UVH11s,6,0.07,-6300000.0,-6.3,553,1024,0.5400390625
01a0a58f-fa8c-7373-bce5-caabe51dbde0,s,D,QB9,12,4,UVH11s,7,0.07,-5850000.0,-5.85,521,1024,0.5087890625
01a0a58f-fa8c-7373-bce5-caabe51dbde0,s,D,QB9,12,4,UVH11s,8,0.07,-5400000.0,-5.4,539,1024,0.5263671875
01a0a58f-fa8c-7373-bce5-caabe51dbde0,s,D,QB9,12,4,UVH11s,9,0.07,-4950000.0,-4.95,521,1024,0.5087890625
01a0a58f-fa8c-7373-bce5-caabe51dbde0,s,D,QB9,12,4,UVH11s,10,0.07,-4500000.0,-4.5,503,1024,0.4912109375
01a0a58f-fa8c-7373-bce5-caabe51dbde0,s,D,QB9,12,4,UVH11s,11,0.07,-4050000.0,-4.05,504,1024,0.4921875
01a0a58f-fa8c-7373-bce5-caabe51dbde0,s,D,QB9,12,4,UVH11s,12,0.07,-3600000.0,-3.6,511,1024,0.4990234375
01a0a58f-fa8c-7373-bce5-caabe51dbde0,s,D,QB9,12,4,UVH11s,13,0.07,-3150000.0,-3.15,525,1024,0.5126953125
01a0a58f-fa8c-7373-bce5-caabe51dbde0,s,D,QB9,12,4,UVH11s,14,0.07,-2700000.0,-2.7,492,1024,0.48046875
01a0a58f-fa8c-7373-bce5-caabe51dbde0,s,D,QB9,12,4,UVH11s,15,0.07,-2250000.0,-2.25,504,1024,0.4921875
01a0a58f-fa8c-7373-bce5-caabe51dbde0,s,D,QB9,12,4,UVH11s,16,0.07,-1800000.0,-1.8,545,1024,0.5322265625
01a0a58f-fa8c-7373-bce5-caabe51dbde0,s,D,QB9,12,4,UVH11s,17,0.07,-1350000.0,-1.35,536,1024,0.5234375
01a0a58f-fa8c-7373-bce5-caabe51dbde0,s,D,QB9,12,4,UVH11s,18,0.07,-900000.0,-0.9,516,1024,0.50390625
01a0a58f-fa8c-7373-bce5-caabe51dbde0,s,D,QB9,12,4,UVH11s,19,0.07,-450000.0,-0.45,488,1024,0.4765625
01a0a58f-fa8c-7373-bce5-caabe51dbde0,s,D,QB9,12,4,UVH11s,20,0.07,0.0,0.0,513,1024,0.5009765625
01a0a58f-fa8c-7373-bce5-caabe51dbde0,s,D,QB9,12,4,UVH11s,21,0.07,450000.0,0.45,485,1024,0.4736328125
01a0a58f-fa8c-7373-bce5-caabe51dbde0,s,D,QB9,12,4,UVH11s,22,0.07,900000.0,0.9,526,1024,0.513671875
01a0a58f-fa8c-7373-bce5-caabe51dbde0,s,D,QB9,12,4,UVH11s,23,0.07,1350000.0,1.35,509,1024,0.4970703125
01a0a58f-fa8c-7373-bce5-caabe51dbde0,s,D,QB9,12,4,UVH11s,24,0.07,1800000.0,1.8,515,1024,0.5029296875
01a0a58f-fa8c-7373-bce5-caabe51dbde0,s,D,QB9,12,4,UVH11s,25,0.07,2250000.0,2.25,479,1024,0.4677734375
01a0a58f-fa8c-7373-bce5-caabe51dbde0,s,D,QB9,12,4,UVH11s,26,0.07,2700000.0,2.7,517,1024,0.5048828125
01a0a58f-fa8c-7373-bce5-caabe51dbde0,s,D,QB9,12,4,UVH11s,27,0.07,3150000.0,3.15,498,1024,0.486328125
01a0a58f-fa8c-7373-bce5-caabe51dbde0,s,D,QB9,12,4,UVH11s,28,0.07,3600000.0,3.6,527,1024,0.5146484375
01a0a58f-fa8c-7373-bce5-caabe51dbde0,s,D,QB9,12,4,UVH11s,29,0.07,4050000.0,4.05,539,1024,0.5263671875
01a0a58f-fa8c-7373-bce5-caabe51dbde0,s,D,QB9,12,4,UVH11s,30,0.07,4500000.0,4.5,523,1024,0.5107421875
01a0a58f-fa8c-7373-bce5-caabe51dbde0,s,D,QB9,12,4,UVH11s,31,0.07,4950000.0,4.95,513,1024,0.5009765625
01a0a58f-fa8c-7373-bce5-caabe51dbde0,s,D,QB9,12,4,UVH11s,32,0.07,5400000.0,5.4,485,1024,0.4736328125
01a0a58f-fa8c-7373-bce5-caabe51dbde0,s,D,QB9,12,4,UVH11s,33,0.07,5850000.0,5.85,494,1024,0.482421875
01a0a58f-fa8c-7373-bce5-caabe51dbde0,s,D,QB9,12,4,UVH11s,34,0.07,6300000.0,6.3,494,1024,0.482421875
01a0a58f-fa8c-7373-bce5-caabe51dbde0,s,D,QB9,12,4,UVH11s,35,0.07,6750000.0,6.75,474,1024,0.462890625
01a0a58f-fa8c-7373-bce5-caabe51dbde0,s,D,QB9,12,4,UVH11s,36,0.07,7200000.0,7.2,504,1024,0.4921875
01a0a58f-fa8c-7373-bce5-caabe51dbde0,s,D,QB9,12,4,UVH11s,37,0.07,7650000.0,7.65,488,1024,0.4765625
01a0a58f-fa8c-7373-bce5-caabe51dbde0,s,D,QB9,12,4,UVH11s,38,0.07,8100000.0,8.1,472,1024,0.4609375
01a0a58f-fa8c-7373-bce5-caabe51dbde0,s,D,QB9,12,4,UVH11s,39,0.07,8550000.0,8.55,491,1024,0.4794921875
01a0a58f-fa8c-7373-bce5-caabe51dbde0,s,D,QB9,12,4,UVH11s,40,0.07,9000000.0,9.0,460,1024,0.44921875
01a0a58f-fa8c-7373-bce5-caabe51dbde0,s,D,QB9,12,5,UVH13s,0,0.07,-9000000.0,-9.0,546,1024,0.533203125
01a0a58f-fa8c-7373-bce5-caabe51dbde0,s,D,QB9,12,5,UVH13s,1,0.07,-8550000.0,-8.55,551,1024,0.5380859375
01a0a58f-fa8c-7373-bce5-caabe51dbde0,s,D,QB9,12,5,UVH13s,2,0.07,-8100000.0,-8.1,571,1024,0.5576171875
01a0a58f-fa8c-7373-bce5-caabe51dbde0,s,D,QB9,12,5,UVH13s,3,0.07,-7650000.0,-7.65,560,1024,0.546875
01a0a58f-fa8c-7373-bce5-caabe51dbde0,s,D,QB9,12,5,UVH13s,4,0.07,-7200000.0,-7.2,513,1024,0.5009765625
01a0a58f-fa8c-7373-bce5-caabe51dbde0,s,D,QB9,12,5,UVH13s,5,0.07,-6750000.0,-6.75,542,1024,0.529296875
01a0a58f-fa8c-7373-bce5-caabe51dbde0,s,D,QB9,12,5,UVH13s,6,0.07,-6300000.0,-6.3,523,1024,0.5107421875
01a0a58f-fa8c-7373-bce5-caabe51dbde0,s,D,QB9,12,5,UVH13s,7,0.07,-5850000.0,-5.85,513,1024,0.5009765625
01a0a58f-fa8c-7373-bce5-caabe51dbde0,s,D,QB9,12,5,UVH13s,8,0.07,-5400000.0,-5.4,500,1024,0.48828125
01a0a58f-fa8c-7373-bce5-caabe51dbde0,s,D,QB9,12,5,UVH13s,9,0.07,-4950000.0,-4.95,483,1024,0.4716796875
01a0a58f-fa8c-7373-bce5-caabe51dbde0,s,D,QB9,12,5,UVH13s,10,0.07,-4500000.0,-4.5,478,1024,0.466796875
01a0a58f-fa8c-7373-bce5-caabe51dbde0,s,D,QB9,12,5,UVH13s,11,0.07,-4050000.0,-4.05,506,1024,0.494140625
01a0a58f-fa8c-7373-bce5-caabe51dbde0,s,D,QB9,12,5,UVH13s,12,0.07,-3600000.0,-3.6,472,1024,0.4609375
01a0a58f-fa8c-7373-bce5-caabe51dbde0,s,D,QB9,12,5,UVH13s,13,0.07,-3150000.0,-3.15,498,1024,0.486328125
01a0a58f-fa8c-7373-bce5-caabe51dbde0,s,D,QB9,12,5,UVH13s,14,0.07,-2700000.0,-2.7,466,1024,0.455078125
01a0a58f-fa8c-7373-bce5-caabe51dbde0,s,D,QB9,12,5,UVH13s,15,0.07,-2250000.0,-2.25,506,1024,0.494140625
01a0a58f-fa8c-7373-bce5-caabe51dbde0,s,D,QB9,12,5,UVH13s,16,0.07,-1800000.0,-1.8,488,1024,0.4765625
01a0a58f-fa8c-7373-bce5-caabe51dbde0,s,D,QB9,12,5,UVH13s,17,0.07,-1350000.0,-1.35,473,1024,0.4619140625
01a0a58f-fa8c-7373-bce5-caabe51dbde0,s,D,QB9,12,5,UVH13s,18,0.07,-900000.0,-0.9,476,1024,0.46484375
01a0a58f-fa8c-7373-bce5-caabe51dbde0,s,D,QB9,12,5,UVH13s,19,0.07,-450000.0,-0.45,494,1024,0.482421875
01a0a58f-fa8c-7373-bce5-caabe51dbde0,s,D,QB9,12,5,UVH13s,20,0.07,0.0,0.0,492,1024,0.48046875
01a0a58f-fa8c-7373-bce5-caabe51dbde0,s,D,QB9,12,5,UVH13s,21,0.07,450000.0,0.45,497,1024,0.4853515625
01a0a58f-fa8c-7373-bce5-caabe51dbde0,s,D,QB9,12,5,UVH13s,22,0.07,900000.0,0.9,491,1024,0.4794921875
01a0a58f-fa8c-7373-bce5-caabe51dbde0,s,D,QB9,12,5,UVH13s,23,0.07,1350000.0,1.35,481,1024,0.4697265625
01a0a58f-fa8c-7373-bce5-caabe51dbde0,s,D,QB9,12,5,UVH13s,24,0.07,1800000.0,1.8,488,1024,0.4765625
01a0a58f-fa8c-7373-bce5-caabe51dbde0,s,D,QB9,12,5,UVH13s,25,0.07,2250000.0,2.25,471,1024,0.4599609375
01a0a58f-fa8c-7373-bce5-caabe51dbde0,s,D,QB9,12,5,UVH13s,26,0.07,2700000.0,2.7,497,1024,0.4853515625
01a0a58f-fa8c-7373-bce5-caabe51dbde0,s,D,QB9,12,5,UVH13s,27,0.07,3150000.0,3.15,479,1024,0.4677734375
01a0a58f-fa8c-7373-bce5-caabe51dbde0,s,D,QB9,12,5,UVH13s,28,0.07,3600000.0,3.6,504,1024,0.4921875
01a0a58f-fa8c-7373-bce5-caabe51dbde0,s,D,QB9,12,5,UVH13s,29,0.07,4050000.0,4.05,467,1024,0.4560546875
01a0a58f-fa8c-7373-bce5-caabe51dbde0,s,D,QB9,12,5,UVH13s,30,0.07,4500000.0,4.5,501,1024,0.4892578125
01a0a58f-fa8c-7373-bce5-caabe51dbde0,s,D,QB9,12,5,UVH13s,31,0.07,4950000.0,4.95,492,1024,0.48046875
01a0a58f-fa8c-7373-bce5-caabe51dbde0,s,D,QB9,12,5,UVH13s,32,0.07,5400000.0,5.4,513,1024,0.5009765625
01a0a58f-fa8c-7373-bce5-caabe51dbde0,s,D,QB9,12,5,UVH13s,33,0.07,5850000.0,5.85,506,1024,0.494140625
01a0a58f-fa8c-7373-bce5-caabe51dbde0,s,D,QB9,12,5,UVH13s,34,0.07,6300000.0,6.3,501,1024,0.4892578125
01a0a58f-fa8c-7373-bce5-caabe51dbde0,s,D,QB9,12,5,UVH13s,35,0.07,6750000.0,6.75,491,1024,0.4794921875
01a0a58f-fa8c-7373-bce5-caabe51dbde0,s,D,QB9,12,5,UVH13s,36,0.07,7200000.0,7.2,495,1024,0.4833984375
01a0a58f-fa8c-7373-bce5-caabe51dbde0,s,D,QB9,12,5,UVH13s,37,0.07,7650000.0,7.65,476,1024,0.46484375
01a0a58f-fa8c-7373-bce5-caabe51dbde0,s,D,QB9,12,5,UVH13s,38,0.07,8100000.0,8.1,497,1024,0.4853515625
01a0a58f-fa8c-7373-bce5-caabe51dbde0,s,D,QB9,12,5,UVH13s,39,0.07,8550000.0,8.55,496,1024,0.484375
01a0a58f-fa8c-7373-bce5-caabe51dbde0,s,D,QB9,12,5,UVH13s,40,0.07,9000000.0,9.0,471,1024,0.4599609375
01a0a58f-fa8c-7373-bce5-caabe51dbde0,s,D,QB5,13,0,standard_pi_2,0,0.07,-9000000.0,-9.0,596,1024,0.58203125
01a0a58f-fa8c-7373-bce5-caabe51dbde0,s,D,QB5,13,0,standard_pi_2,1,0.07,-8550000.0,-8.55,588,1024,0.57421875
01a0a58f-fa8c-7373-bce5-caabe51dbde0,s,D,QB5,13,0,standard_pi_2,2,0.07,-8100000.0,-8.1,571,1024,0.5576171875
01a0a58f-fa8c-7373-bce5-caabe51dbde0,s,D,QB5,13,0,standard_pi_2,3,0.07,-7650000.0,-7.65,565,1024,0.5517578125
01a0a58f-fa8c-7373-bce5-caabe51dbde0,s,D,QB5,13,0,standard_pi_2,4,0.07,-7200000.0,-7.2,601,1024,0.5869140625
01a0a58f-fa8c-7373-bce5-caabe51dbde0,s,D,QB5,13,0,standard_pi_2,5,0.07,-6750000.0,-6.75,593,1024,0.5791015625
01a0a58f-fa8c-7373-bce5-caabe51dbde0,s,D,QB5,13,0,standard_pi_2,6,0.07,-6300000.0,-6.3,581,1024,0.5673828125
01a0a58f-fa8c-7373-bce5-caabe51dbde0,s,D,QB5,13,0,standard_pi_2,7,0.07,-5850000.0,-5.85,606,1024,0.591796875
01a0a58f-fa8c-7373-bce5-caabe51dbde0,s,D,QB5,13,0,standard_pi_2,8,0.07,-5400000.0,-5.4,614,1024,0.599609375
01a0a58f-fa8c-7373-bce5-caabe51dbde0,s,D,QB5,13,0,standard_pi_2,9,0.07,-4950000.0,-4.95,570,1024,0.556640625
01a0a58f-fa8c-7373-bce5-caabe51dbde0,s,D,QB5,13,0,standard_pi_2,10,0.07,-4500000.0,-4.5,614,1024,0.599609375
01a0a58f-fa8c-7373-bce5-caabe51dbde0,s,D,QB5,13,0,standard_pi_2,11,0.07,-4050000.0,-4.05,584,1024,0.5703125
01a0a58f-fa8c-7373-bce5-caabe51dbde0,s,D,QB5,13,0,standard_pi_2,12,0.07,-3600000.0,-3.6,577,1024,0.5634765625
01a0a58f-fa8c-7373-bce5-caabe51dbde0,s,D,QB5,13,0,standard_pi_2,13,0.07,-3150000.0,-3.15,596,1024,0.58203125
01a0a58f-fa8c-7373-bce5-caabe51dbde0,s,D,QB5,13,0,standard_pi_2,14,0.07,-2700000.0,-2.7,554,1024,0.541015625
01a0a58f-fa8c-7373-bce5-caabe51dbde0,s,D,QB5,13,0,standard_pi_2,15,0.07,-2250000.0,-2.25,563,1024,0.5498046875
01a0a58f-fa8c-7373-bce5-caabe51dbde0,s,D,QB5,13,0,standard_pi_2,16,0.07,-1800000.0,-1.8,539,1024,0.5263671875
01a0a58f-fa8c-7373-bce5-caabe51dbde0,s,D,QB5,13,0,standard_pi_2,17,0.07,-1350000.0,-1.35,592,1024,0.578125
01a0a58f-fa8c-7373-bce5-caabe51dbde0,s,D,QB5,13,0,standard_pi_2,18,0.07,-900000.0,-0.9,546,1024,0.533203125
01a0a58f-fa8c-7373-bce5-caabe51dbde0,s,D,QB5,13,0,standard_pi_2,19,0.07,-450000.0,-0.45,563,1024,0.5498046875
01a0a58f-fa8c-7373-bce5-caabe51dbde0,s,D,QB5,13,0,standard_pi_2,20,0.07,0.0,0.0,556,1024,0.54296875
01a0a58f-fa8c-7373-bce5-caabe51dbde0,s,D,QB5,13,0,standard_pi_2,21,0.07,450000.0,0.45,575,1024,0.5615234375
01a0a58f-fa8c-7373-bce5-caabe51dbde0,s,D,QB5,13,0,standard_pi_2,22,0.07,900000.0,0.9,552,1024,0.5390625
01a0a58f-fa8c-7373-bce5-caabe51dbde0,s,D,QB5,13,0,standard_pi_2,23,0.07,1350000.0,1.35,533,1024,0.5205078125
01a0a58f-fa8c-7373-bce5-caabe51dbde0,s,D,QB5,13,0,standard_pi_2,24,0.07,1800000.0,1.8,545,1024,0.5322265625
01a0a58f-fa8c-7373-bce5-caabe51dbde0,s,D,QB5,13,0,standard_pi_2,25,0.07,2250000.0,2.25,546,1024,0.533203125
01a0a58f-fa8c-7373-bce5-caabe51dbde0,s,D,QB5,13,0,standard_pi_2,26,0.07,2700000.0,2.7,538,1024,0.525390625
01a0a58f-fa8c-7373-bce5-caabe51dbde0,s,D,QB5,13,0,standard_pi_2,27,0.07,3150000.0,3.15,567,1024,0.5537109375
01a0a58f-fa8c-7373-bce5-caabe51dbde0,s,D,QB5,13,0,standard_pi_2,28,0.07,3600000.0,3.6,552,1024,0.5390625
01a0a58f-fa8c-7373-bce5-caabe51dbde0,s,D,QB5,13,0,standard_pi_2,29,0.07,4050000.0,4.05,497,1024,0.4853515625
01a0a58f-fa8c-7373-bce5-caabe51dbde0,s,D,QB5,13,0,standard_pi_2,30,0.07,4500000.0,4.5,541,1024,0.5283203125
01a0a58f-fa8c-7373-bce5-caabe51dbde0,s,D,QB5,13,0,standard_pi_2,31,0.07,4950000.0,4.95,515,1024,0.5029296875
01a0a58f-fa8c-7373-bce5-caabe51dbde0,s,D,QB5,13,0,standard_pi_2,32,0.07,5400000.0,5.4,544,1024,0.53125
01a0a58f-fa8c-7373-bce5-caabe51dbde0,s,D,QB5,13,0,standard_pi_2,33,0.07,5850000.0,5.85,530,1024,0.517578125
01a0a58f-fa8c-7373-bce5-caabe51dbde0,s,D,QB5,13,0,standard_pi_2,34,0.07,6300000.0,6.3,500,1024,0.48828125
01a0a58f-fa8c-7373-bce5-caabe51dbde0,s,D,QB5,13,0,standard_pi_2,35,0.07,6750000.0,6.75,544,1024,0.53125
01a0a58f-fa8c-7373-bce5-caabe51dbde0,s,D,QB5,13,0,standard_pi_2,36,0.07,7200000.0,7.2,515,1024,0.5029296875
01a0a58f-fa8c-7373-bce5-caabe51dbde0,s,D,QB5,13,0,standard_pi_2,37,0.07,7650000.0,7.65,521,1024,0.5087890625
01a0a58f-fa8c-7373-bce5-caabe51dbde0,s,D,QB5,13,0,standard_pi_2,38,0.07,8100000.0,8.1,544,1024,0.53125
01a0a58f-fa8c-7373-bce5-caabe51dbde0,s,D,QB5,13,0,standard_pi_2,39,0.07,8550000.0,8.55,532,1024,0.51953125
01a0a58f-fa8c-7373-bce5-caabe51dbde0,s,D,QB5,13,0,standard_pi_2,40,0.07,9000000.0,9.0,491,1024,0.4794921875
01a0a58f-fa8c-7373-bce5-caabe51dbde0,s,D,QB5,13,1,UVH5s,0,0.07,-9000000.0,-9.0,639,1024,0.6240234375
01a0a58f-fa8c-7373-bce5-caabe51dbde0,s,D,QB5,13,1,UVH5s,1,0.07,-8550000.0,-8.55,668,1024,0.65234375
01a0a58f-fa8c-7373-bce5-caabe51dbde0,s,D,QB5,13,1,UVH5s,2,0.07,-8100000.0,-8.1,703,1024,0.6865234375
01a0a58f-fa8c-7373-bce5-caabe51dbde0,s,D,QB5,13,1,UVH5s,3,0.07,-7650000.0,-7.65,645,1024,0.6298828125
01a0a58f-fa8c-7373-bce5-caabe51dbde0,s,D,QB5,13,1,UVH5s,4,0.07,-7200000.0,-7.2,649,1024,0.6337890625
01a0a58f-fa8c-7373-bce5-caabe51dbde0,s,D,QB5,13,1,UVH5s,5,0.07,-6750000.0,-6.75,641,1024,0.6259765625
01a0a58f-fa8c-7373-bce5-caabe51dbde0,s,D,QB5,13,1,UVH5s,6,0.07,-6300000.0,-6.3,601,1024,0.5869140625
01a0a58f-fa8c-7373-bce5-caabe51dbde0,s,D,QB5,13,1,UVH5s,7,0.07,-5850000.0,-5.85,643,1024,0.6279296875
01a0a58f-fa8c-7373-bce5-caabe51dbde0,s,D,QB5,13,1,UVH5s,8,0.07,-5400000.0,-5.4,627,1024,0.6123046875
01a0a58f-fa8c-7373-bce5-caabe51dbde0,s,D,QB5,13,1,UVH5s,9,0.07,-4950000.0,-4.95,618,1024,0.603515625
01a0a58f-fa8c-7373-bce5-caabe51dbde0,s,D,QB5,13,1,UVH5s,10,0.07,-4500000.0,-4.5,598,1024,0.583984375
01a0a58f-fa8c-7373-bce5-caabe51dbde0,s,D,QB5,13,1,UVH5s,11,0.07,-4050000.0,-4.05,599,1024,0.5849609375
01a0a58f-fa8c-7373-bce5-caabe51dbde0,s,D,QB5,13,1,UVH5s,12,0.07,-3600000.0,-3.6,589,1024,0.5751953125
01a0a58f-fa8c-7373-bce5-caabe51dbde0,s,D,QB5,13,1,UVH5s,13,0.07,-3150000.0,-3.15,569,1024,0.5556640625
01a0a58f-fa8c-7373-bce5-caabe51dbde0,s,D,QB5,13,1,UVH5s,14,0.07,-2700000.0,-2.7,583,1024,0.5693359375
01a0a58f-fa8c-7373-bce5-caabe51dbde0,s,D,QB5,13,1,UVH5s,15,0.07,-2250000.0,-2.25,554,1024,0.541015625
01a0a58f-fa8c-7373-bce5-caabe51dbde0,s,D,QB5,13,1,UVH5s,16,0.07,-1800000.0,-1.8,561,1024,0.5478515625
01a0a58f-fa8c-7373-bce5-caabe51dbde0,s,D,QB5,13,1,UVH5s,17,0.07,-1350000.0,-1.35,567,1024,0.5537109375
01a0a58f-fa8c-7373-bce5-caabe51dbde0,s,D,QB5,13,1,UVH5s,18,0.07,-900000.0,-0.9,567,1024,0.5537109375
01a0a58f-fa8c-7373-bce5-caabe51dbde0,s,D,QB5,13,1,UVH5s,19,0.07,-450000.0,-0.45,525,1024,0.5126953125
01a0a58f-fa8c-7373-bce5-caabe51dbde0,s,D,QB5,13,1,UVH5s,20,0.07,0.0,0.0,525,1024,0.5126953125
01a0a58f-fa8c-7373-bce5-caabe51dbde0,s,D,QB5,13,1,UVH5s,21,0.07,450000.0,0.45,544,1024,0.53125
01a0a58f-fa8c-7373-bce5-caabe51dbde0,s,D,QB5,13,1,UVH5s,22,0.07,900000.0,0.9,519,1024,0.5068359375
01a0a58f-fa8c-7373-bce5-caabe51dbde0,s,D,QB5,13,1,UVH5s,23,0.07,1350000.0,1.35,563,1024,0.5498046875
01a0a58f-fa8c-7373-bce5-caabe51dbde0,s,D,QB5,13,1,UVH5s,24,0.07,1800000.0,1.8,509,1024,0.4970703125
01a0a58f-fa8c-7373-bce5-caabe51dbde0,s,D,QB5,13,1,UVH5s,25,0.07,2250000.0,2.25,547,1024,0.5341796875
01a0a58f-fa8c-7373-bce5-caabe51dbde0,s,D,QB5,13,1,UVH5s,26,0.07,2700000.0,2.7,540,1024,0.52734375
01a0a58f-fa8c-7373-bce5-caabe51dbde0,s,D,QB5,13,1,UVH5s,27,0.07,3150000.0,3.15,538,1024,0.525390625
01a0a58f-fa8c-7373-bce5-caabe51dbde0,s,D,QB5,13,1,UVH5s,28,0.07,3600000.0,3.6,570,1024,0.556640625
01a0a58f-fa8c-7373-bce5-caabe51dbde0,s,D,QB5,13,1,UVH5s,29,0.07,4050000.0,4.05,573,1024,0.5595703125
01a0a58f-fa8c-7373-bce5-caabe51dbde0,s,D,QB5,13,1,UVH5s,30,0.07,4500000.0,4.5,597,1024,0.5830078125
01a0a58f-fa8c-7373-bce5-caabe51dbde0,s,D,QB5,13,1,UVH5s,31,0.07,4950000.0,4.95,627,1024,0.6123046875
01a0a58f-fa8c-7373-bce5-caabe51dbde0,s,D,QB5,13,1,UVH5s,32,0.07,5400000.0,5.4,613,1024,0.5986328125
01a0a58f-fa8c-7373-bce5-caabe51dbde0,s,D,QB5,13,1,UVH5s,33,0.07,5850000.0,5.85,632,1024,0.6171875
01a0a58f-fa8c-7373-bce5-caabe51dbde0,s,D,QB5,13,1,UVH5s,34,0.07,6300000.0,6.3,668,1024,0.65234375
01a0a58f-fa8c-7373-bce5-caabe51dbde0,s,D,QB5,13,1,UVH5s,35,0.07,6750000.0,6.75,693,1024,0.6767578125
01a0a58f-fa8c-7373-bce5-caabe51dbde0,s,D,QB5,13,1,UVH5s,36,0.07,7200000.0,7.2,698,1024,0.681640625
01a0a58f-fa8c-7373-bce5-caabe51dbde0,s,D,QB5,13,1,UVH5s,37,0.07,7650000.0,7.65,693,1024,0.6767578125
01a0a58f-fa8c-7373-bce5-caabe51dbde0,s,D,QB5,13,1,UVH5s,38,0.07,8100000.0,8.1,749,1024,0.7314453125
01a0a58f-fa8c-7373-bce5-caabe51dbde0,s,D,QB5,13,1,UVH5s,39,0.07,8550000.0,8.55,729,1024,0.7119140625
01a0a58f-fa8c-7373-bce5-caabe51dbde0,s,D,QB5,13,1,UVH5s,40,0.07,9000000.0,9.0,720,1024,0.703125
01a0a58f-fa8c-7373-bce5-caabe51dbde0,s,D,QB5,13,2,UVH7s,0,0.07,-9000000.0,-9.0,579,1024,0.5654296875
01a0a58f-fa8c-7373-bce5-caabe51dbde0,s,D,QB5,13,2,UVH7s,1,0.07,-8550000.0,-8.55,601,1024,0.5869140625
01a0a58f-fa8c-7373-bce5-caabe51dbde0,s,D,QB5,13,2,UVH7s,2,0.07,-8100000.0,-8.1,580,1024,0.56640625
01a0a58f-fa8c-7373-bce5-caabe51dbde0,s,D,QB5,13,2,UVH7s,3,0.07,-7650000.0,-7.65,584,1024,0.5703125
01a0a58f-fa8c-7373-bce5-caabe51dbde0,s,D,QB5,13,2,UVH7s,4,0.07,-7200000.0,-7.2,553,1024,0.5400390625
01a0a58f-fa8c-7373-bce5-caabe51dbde0,s,D,QB5,13,2,UVH7s,5,0.07,-6750000.0,-6.75,555,1024,0.5419921875
01a0a58f-fa8c-7373-bce5-caabe51dbde0,s,D,QB5,13,2,UVH7s,6,0.07,-6300000.0,-6.3,541,1024,0.5283203125
01a0a58f-fa8c-7373-bce5-caabe51dbde0,s,D,QB5,13,2,UVH7s,7,0.07,-5850000.0,-5.85,547,1024,0.5341796875
01a0a58f-fa8c-7373-bce5-caabe51dbde0,s,D,QB5,13,2,UVH7s,8,0.07,-5400000.0,-5.4,527,1024,0.5146484375
01a0a58f-fa8c-7373-bce5-caabe51dbde0,s,D,QB5,13,2,UVH7s,9,0.07,-4950000.0,-4.95,515,1024,0.5029296875
01a0a58f-fa8c-7373-bce5-caabe51dbde0,s,D,QB5,13,2,UVH7s,10,0.07,-4500000.0,-4.5,541,1024,0.5283203125
01a0a58f-fa8c-7373-bce5-caabe51dbde0,s,D,QB5,13,2,UVH7s,11,0.07,-4050000.0,-4.05,513,1024,0.5009765625
01a0a58f-fa8c-7373-bce5-caabe51dbde0,s,D,QB5,13,2,UVH7s,12,0.07,-3600000.0,-3.6,524,1024,0.51171875
01a0a58f-fa8c-7373-bce5-caabe51dbde0,s,D,QB5,13,2,UVH7s,13,0.07,-3150000.0,-3.15,498,1024,0.486328125
01a0a58f-fa8c-7373-bce5-caabe51dbde0,s,D,QB5,13,2,UVH7s,14,0.07,-2700000.0,-2.7,531,1024,0.5185546875
01a0a58f-fa8c-7373-bce5-caabe51dbde0,s,D,QB5,13,2,UVH7s,15,0.07,-2250000.0,-2.25,506,1024,0.494140625
01a0a58f-fa8c-7373-bce5-caabe51dbde0,s,D,QB5,13,2,UVH7s,16,0.07,-1800000.0,-1.8,510,1024,0.498046875
01a0a58f-fa8c-7373-bce5-caabe51dbde0,s,D,QB5,13,2,UVH7s,17,0.07,-1350000.0,-1.35,510,1024,0.498046875
01a0a58f-fa8c-7373-bce5-caabe51dbde0,s,D,QB5,13,2,UVH7s,18,0.07,-900000.0,-0.9,494,1024,0.482421875
01a0a58f-fa8c-7373-bce5-caabe51dbde0,s,D,QB5,13,2,UVH7s,19,0.07,-450000.0,-0.45,558,1024,0.544921875
01a0a58f-fa8c-7373-bce5-caabe51dbde0,s,D,QB5,13,2,UVH7s,20,0.07,0.0,0.0,528,1024,0.515625
01a0a58f-fa8c-7373-bce5-caabe51dbde0,s,D,QB5,13,2,UVH7s,21,0.07,450000.0,0.45,521,1024,0.5087890625
01a0a58f-fa8c-7373-bce5-caabe51dbde0,s,D,QB5,13,2,UVH7s,22,0.07,900000.0,0.9,518,1024,0.505859375
01a0a58f-fa8c-7373-bce5-caabe51dbde0,s,D,QB5,13,2,UVH7s,23,0.07,1350000.0,1.35,512,1024,0.5
01a0a58f-fa8c-7373-bce5-caabe51dbde0,s,D,QB5,13,2,UVH7s,24,0.07,1800000.0,1.8,504,1024,0.4921875
01a0a58f-fa8c-7373-bce5-caabe51dbde0,s,D,QB5,13,2,UVH7s,25,0.07,2250000.0,2.25,502,1024,0.490234375
01a0a58f-fa8c-7373-bce5-caabe51dbde0,s,D,QB5,13,2,UVH7s,26,0.07,2700000.0,2.7,470,1024,0.458984375
01a0a58f-fa8c-7373-bce5-caabe51dbde0,s,D,QB5,13,2,UVH7s,27,0.07,3150000.0,3.15,506,1024,0.494140625
01a0a58f-fa8c-7373-bce5-caabe51dbde0,s,D,QB5,13,2,UVH7s,28,0.07,3600000.0,3.6,463,1024,0.4521484375
01a0a58f-fa8c-7373-bce5-caabe51dbde0,s,D,QB5,13,2,UVH7s,29,0.07,4050000.0,4.05,475,1024,0.4638671875
01a0a58f-fa8c-7373-bce5-caabe51dbde0,s,D,QB5,13,2,UVH7s,30,0.07,4500000.0,4.5,466,1024,0.455078125
01a0a58f-fa8c-7373-bce5-caabe51dbde0,s,D,QB5,13,2,UVH7s,31,0.07,4950000.0,4.95,504,1024,0.4921875
01a0a58f-fa8c-7373-bce5-caabe51dbde0,s,D,QB5,13,2,UVH7s,32,0.07,5400000.0,5.4,502,1024,0.490234375
01a0a58f-fa8c-7373-bce5-caabe51dbde0,s,D,QB5,13,2,UVH7s,33,0.07,5850000.0,5.85,541,1024,0.5283203125
01a0a58f-fa8c-7373-bce5-caabe51dbde0,s,D,QB5,13,2,UVH7s,34,0.07,6300000.0,6.3,557,1024,0.5439453125
01a0a58f-fa8c-7373-bce5-caabe51dbde0,s,D,QB5,13,2,UVH7s,35,0.07,6750000.0,6.75,539,1024,0.5263671875
01a0a58f-fa8c-7373-bce5-caabe51dbde0,s,D,QB5,13,2,UVH7s,36,0.07,7200000.0,7.2,536,1024,0.5234375
01a0a58f-fa8c-7373-bce5-caabe51dbde0,s,D,QB5,13,2,UVH7s,37,0.07,7650000.0,7.65,553,1024,0.5400390625
01a0a58f-fa8c-7373-bce5-caabe51dbde0,s,D,QB5,13,2,UVH7s,38,0.07,8100000.0,8.1,582,1024,0.568359375
01a0a58f-fa8c-7373-bce5-caabe51dbde0,s,D,QB5,13,2,UVH7s,39,0.07,8550000.0,8.55,567,1024,0.5537109375
01a0a58f-fa8c-7373-bce5-caabe51dbde0,s,D,QB5,13,2,UVH7s,40,0.07,9000000.0,9.0,566,1024,0.552734375
01a0a58f-fa8c-7373-bce5-caabe51dbde0,s,D,QB5,13,3,UVH9s,0,0.07,-9000000.0,-9.0,422,1024,0.412109375
01a0a58f-fa8c-7373-bce5-caabe51dbde0,s,D,QB5,13,3,UVH9s,1,0.07,-8550000.0,-8.55,407,1024,0.3974609375
01a0a58f-fa8c-7373-bce5-caabe51dbde0,s,D,QB5,13,3,UVH9s,2,0.07,-8100000.0,-8.1,424,1024,0.4140625
01a0a58f-fa8c-7373-bce5-caabe51dbde0,s,D,QB5,13,3,UVH9s,3,0.07,-7650000.0,-7.65,413,1024,0.4033203125
01a0a58f-fa8c-7373-bce5-caabe51dbde0,s,D,QB5,13,3,UVH9s,4,0.07,-7200000.0,-7.2,451,1024,0.4404296875
01a0a58f-fa8c-7373-bce5-caabe51dbde0,s,D,QB5,13,3,UVH9s,5,0.07,-6750000.0,-6.75,438,1024,0.427734375
01a0a58f-fa8c-7373-bce5-caabe51dbde0,s,D,QB5,13,3,UVH9s,6,0.07,-6300000.0,-6.3,431,1024,0.4208984375
01a0a58f-fa8c-7373-bce5-caabe51dbde0,s,D,QB5,13,3,UVH9s,7,0.07,-5850000.0,-5.85,464,1024,0.453125
01a0a58f-fa8c-7373-bce5-caabe51dbde0,s,D,QB5,13,3,UVH9s,8,0.07,-5400000.0,-5.4,502,1024,0.490234375
01a0a58f-fa8c-7373-bce5-caabe51dbde0,s,D,QB5,13,3,UVH9s,9,0.07,-4950000.0,-4.95,470,1024,0.458984375
01a0a58f-fa8c-7373-bce5-caabe51dbde0,s,D,QB5,13,3,UVH9s,10,0.07,-4500000.0,-4.5,454,1024,0.443359375
01a0a58f-fa8c-7373-bce5-caabe51dbde0,s,D,QB5,13,3,UVH9s,11,0.07,-4050000.0,-4.05,480,1024,0.46875
01a0a58f-fa8c-7373-bce5-caabe51dbde0,s,D,QB5,13,3,UVH9s,12,0.07,-3600000.0,-3.6,507,1024,0.4951171875
01a0a58f-fa8c-7373-bce5-caabe51dbde0,s,D,QB5,13,3,UVH9s,13,0.07,-3150000.0,-3.15,472,1024,0.4609375
01a0a58f-fa8c-7373-bce5-caabe51dbde0,s,D,QB5,13,3,UVH9s,14,0.07,-2700000.0,-2.7,482,1024,0.470703125
01a0a58f-fa8c-7373-bce5-caabe51dbde0,s,D,QB5,13,3,UVH9s,15,0.07,-2250000.0,-2.25,511,1024,0.4990234375
01a0a58f-fa8c-7373-bce5-caabe51dbde0,s,D,QB5,13,3,UVH9s,16,0.07,-1800000.0,-1.8,522,1024,0.509765625
01a0a58f-fa8c-7373-bce5-caabe51dbde0,s,D,QB5,13,3,UVH9s,17,0.07,-1350000.0,-1.35,545,1024,0.5322265625
01a0a58f-fa8c-7373-bce5-caabe51dbde0,s,D,QB5,13,3,UVH9s,18,0.07,-900000.0,-0.9,509,1024,0.4970703125
01a0a58f-fa8c-7373-bce5-caabe51dbde0,s,D,QB5,13,3,UVH9s,19,0.07,-450000.0,-0.45,529,1024,0.5166015625
01a0a58f-fa8c-7373-bce5-caabe51dbde0,s,D,QB5,13,3,UVH9s,20,0.07,0.0,0.0,570,1024,0.556640625
01a0a58f-fa8c-7373-bce5-caabe51dbde0,s,D,QB5,13,3,UVH9s,21,0.07,450000.0,0.45,525,1024,0.5126953125
01a0a58f-fa8c-7373-bce5-caabe51dbde0,s,D,QB5,13,3,UVH9s,22,0.07,900000.0,0.9,538,1024,0.525390625
01a0a58f-fa8c-7373-bce5-caabe51dbde0,s,D,QB5,13,3,UVH9s,23,0.07,1350000.0,1.35,499,1024,0.4873046875
01a0a58f-fa8c-7373-bce5-caabe51dbde0,s,D,QB5,13,3,UVH9s,24,0.07,1800000.0,1.8,533,1024,0.5205078125
01a0a58f-fa8c-7373-bce5-caabe51dbde0,s,D,QB5,13,3,UVH9s,25,0.07,2250000.0,2.25,510,1024,0.498046875
01a0a58f-fa8c-7373-bce5-caabe51dbde0,s,D,QB5,13,3,UVH9s,26,0.07,2700000.0,2.7,514,1024,0.501953125
01a0a58f-fa8c-7373-bce5-caabe51dbde0,s,D,QB5,13,3,UVH9s,27,0.07,3150000.0,3.15,531,1024,0.5185546875
01a0a58f-fa8c-7373-bce5-caabe51dbde0,s,D,QB5,13,3,UVH9s,28,0.07,3600000.0,3.6,529,1024,0.5166015625
01a0a58f-fa8c-7373-bce5-caabe51dbde0,s,D,QB5,13,3,UVH9s,29,0.07,4050000.0,4.05,531,1024,0.5185546875
01a0a58f-fa8c-7373-bce5-caabe51dbde0,s,D,QB5,13,3,UVH9s,30,0.07,4500000.0,4.5,508,1024,0.49609375
01a0a58f-fa8c-7373-bce5-caabe51dbde0,s,D,QB5,13,3,UVH9s,31,0.07,4950000.0,4.95,511,1024,0.4990234375
01a0a58f-fa8c-7373-bce5-caabe51dbde0,s,D,QB5,13,3,UVH9s,32,0.07,5400000.0,5.4,459,1024,0.4482421875
01a0a58f-fa8c-7373-bce5-caabe51dbde0,s,D,QB5,13,3,UVH9s,33,0.07,5850000.0,5.85,498,1024,0.486328125
01a0a58f-fa8c-7373-bce5-caabe51dbde0,s,D,QB5,13,3,UVH9s,34,0.07,6300000.0,6.3,427,1024,0.4169921875
01a0a58f-fa8c-7373-bce5-caabe51dbde0,s,D,QB5,13,3,UVH9s,35,0.07,6750000.0,6.75,422,1024,0.412109375
01a0a58f-fa8c-7373-bce5-caabe51dbde0,s,D,QB5,13,3,UVH9s,36,0.07,7200000.0,7.2,422,1024,0.412109375
01a0a58f-fa8c-7373-bce5-caabe51dbde0,s,D,QB5,13,3,UVH9s,37,0.07,7650000.0,7.65,418,1024,0.408203125
01a0a58f-fa8c-7373-bce5-caabe51dbde0,s,D,QB5,13,3,UVH9s,38,0.07,8100000.0,8.1,398,1024,0.388671875
01a0a58f-fa8c-7373-bce5-caabe51dbde0,s,D,QB5,13,3,UVH9s,39,0.07,8550000.0,8.55,352,1024,0.34375
01a0a58f-fa8c-7373-bce5-caabe51dbde0,s,D,QB5,13,3,UVH9s,40,0.07,9000000.0,9.0,357,1024,0.3486328125
01a0a58f-fa8c-7373-bce5-caabe51dbde0,s,D,QB5,13,4,UVH11s,0,0.07,-9000000.0,-9.0,582,1024,0.568359375
01a0a58f-fa8c-7373-bce5-caabe51dbde0,s,D,QB5,13,4,UVH11s,1,0.07,-8550000.0,-8.55,577,1024,0.5634765625
01a0a58f-fa8c-7373-bce5-caabe51dbde0,s,D,QB5,13,4,UVH11s,2,0.07,-8100000.0,-8.1,503,1024,0.4912109375
01a0a58f-fa8c-7373-bce5-caabe51dbde0,s,D,QB5,13,4,UVH11s,3,0.07,-7650000.0,-7.65,544,1024,0.53125
01a0a58f-fa8c-7373-bce5-caabe51dbde0,s,D,QB5,13,4,UVH11s,4,0.07,-7200000.0,-7.2,522,1024,0.509765625
01a0a58f-fa8c-7373-bce5-caabe51dbde0,s,D,QB5,13,4,UVH11s,5,0.07,-6750000.0,-6.75,512,1024,0.5
01a0a58f-fa8c-7373-bce5-caabe51dbde0,s,D,QB5,13,4,UVH11s,6,0.07,-6300000.0,-6.3,478,1024,0.466796875
01a0a58f-fa8c-7373-bce5-caabe51dbde0,s,D,QB5,13,4,UVH11s,7,0.07,-5850000.0,-5.85,497,1024,0.4853515625
01a0a58f-fa8c-7373-bce5-caabe51dbde0,s,D,QB5,13,4,UVH11s,8,0.07,-5400000.0,-5.4,464,1024,0.453125
01a0a58f-fa8c-7373-bce5-caabe51dbde0,s,D,QB5,13,4,UVH11s,9,0.07,-4950000.0,-4.95,472,1024,0.4609375
01a0a58f-fa8c-7373-bce5-caabe51dbde0,s,D,QB5,13,4,UVH11s,10,0.07,-4500000.0,-4.5,492,1024,0.48046875
01a0a58f-fa8c-7373-bce5-caabe51dbde0,s,D,QB5,13,4,UVH11s,11,0.07,-4050000.0,-4.05,501,1024,0.4892578125
01a0a58f-fa8c-7373-bce5-caabe51dbde0,s,D,QB5,13,4,UVH11s,12,0.07,-3600000.0,-3.6,515,1024,0.5029296875
01a0a58f-fa8c-7373-bce5-caabe51dbde0,s,D,QB5,13,4,UVH11s,13,0.07,-3150000.0,-3.15,529,1024,0.5166015625
01a0a58f-fa8c-7373-bce5-caabe51dbde0,s,D,QB5,13,4,UVH11s,14,0.07,-2700000.0,-2.7,523,1024,0.5107421875
01a0a58f-fa8c-7373-bce5-caabe51dbde0,s,D,QB5,13,4,UVH11s,15,0.07,-2250000.0,-2.25,552,1024,0.5390625
01a0a58f-fa8c-7373-bce5-caabe51dbde0,s,D,QB5,13,4,UVH11s,16,0.07,-1800000.0,-1.8,533,1024,0.5205078125
01a0a58f-fa8c-7373-bce5-caabe51dbde0,s,D,QB5,13,4,UVH11s,17,0.07,-1350000.0,-1.35,534,1024,0.521484375
01a0a58f-fa8c-7373-bce5-caabe51dbde0,s,D,QB5,13,4,UVH11s,18,0.07,-900000.0,-0.9,530,1024,0.517578125
01a0a58f-fa8c-7373-bce5-caabe51dbde0,s,D,QB5,13,4,UVH11s,19,0.07,-450000.0,-0.45,543,1024,0.5302734375
01a0a58f-fa8c-7373-bce5-caabe51dbde0,s,D,QB5,13,4,UVH11s,20,0.07,0.0,0.0,507,1024,0.4951171875
01a0a58f-fa8c-7373-bce5-caabe51dbde0,s,D,QB5,13,4,UVH11s,21,0.07,450000.0,0.45,528,1024,0.515625
01a0a58f-fa8c-7373-bce5-caabe51dbde0,s,D,QB5,13,4,UVH11s,22,0.07,900000.0,0.9,531,1024,0.5185546875
01a0a58f-fa8c-7373-bce5-caabe51dbde0,s,D,QB5,13,4,UVH11s,23,0.07,1350000.0,1.35,552,1024,0.5390625
01a0a58f-fa8c-7373-bce5-caabe51dbde0,s,D,QB5,13,4,UVH11s,24,0.07,1800000.0,1.8,523,1024,0.5107421875
01a0a58f-fa8c-7373-bce5-caabe51dbde0,s,D,QB5,13,4,UVH11s,25,0.07,2250000.0,2.25,531,1024,0.5185546875
01a0a58f-fa8c-7373-bce5-caabe51dbde0,s,D,QB5,13,4,UVH11s,26,0.07,2700000.0,2.7,543,1024,0.5302734375
01a0a58f-fa8c-7373-bce5-caabe51dbde0,s,D,QB5,13,4,UVH11s,27,0.07,3150000.0,3.15,539,1024,0.5263671875
01a0a58f-fa8c-7373-bce5-caabe51dbde0,s,D,QB5,13,4,UVH11s,28,0.07,3600000.0,3.6,548,1024,0.53515625
01a0a58f-fa8c-7373-bce5-caabe51dbde0,s,D,QB5,13,4,UVH11s,29,0.07,4050000.0,4.05,543,1024,0.5302734375
01a0a58f-fa8c-7373-bce5-caabe51dbde0,s,D,QB5,13,4,UVH11s,30,0.07,4500000.0,4.5,554,1024,0.541015625
01a0a58f-fa8c-7373-bce5-caabe51dbde0,s,D,QB5,13,4,UVH11s,31,0.07,4950000.0,4.95,550,1024,0.537109375
01a0a58f-fa8c-7373-bce5-caabe51dbde0,s,D,QB5,13,4,UVH11s,32,0.07,5400000.0,5.4,526,1024,0.513671875
01a0a58f-fa8c-7373-bce5-caabe51dbde0,s,D,QB5,13,4,UVH11s,33,0.07,5850000.0,5.85,539,1024,0.5263671875
01a0a58f-fa8c-7373-bce5-caabe51dbde0,s,D,QB5,13,4,UVH11s,34,0.07,6300000.0,6.3,557,1024,0.5439453125
01a0a58f-fa8c-7373-bce5-caabe51dbde0,s,D,QB5,13,4,UVH11s,35,0.07,6750000.0,6.75,533,1024,0.5205078125
01a0a58f-fa8c-7373-bce5-caabe51dbde0,s,D,QB5,13,4,UVH11s,36,0.07,7200000.0,7.2,543,1024,0.5302734375
01a0a58f-fa8c-7373-bce5-caabe51dbde0,s,D,QB5,13,4,UVH11s,37,0.07,7650000.0,7.65,523,1024,0.5107421875
01a0a58f-fa8c-7373-bce5-caabe51dbde0,s,D,QB5,13,4,UVH11s,38,0.07,8100000.0,8.1,513,1024,0.5009765625
01a0a58f-fa8c-7373-bce5-caabe51dbde0,s,D,QB5,13,4,UVH11s,39,0.07,8550000.0,8.55,537,1024,0.5244140625
01a0a58f-fa8c-7373-bce5-caabe51dbde0,s,D,QB5,13,4,UVH11s,40,0.07,9000000.0,9.0,525,1024,0.5126953125
01a0a58f-fa8c-7373-bce5-caabe51dbde0,s,D,QB5,13,5,UVH13s,0,0.07,-9000000.0,-9.0,590,1024,0.576171875
01a0a58f-fa8c-7373-bce5-caabe51dbde0,s,D,QB5,13,5,UVH13s,1,0.07,-8550000.0,-8.55,616,1024,0.6015625
01a0a58f-fa8c-7373-bce5-caabe51dbde0,s,D,QB5,13,5,UVH13s,2,0.07,-8100000.0,-8.1,576,1024,0.5625
01a0a58f-fa8c-7373-bce5-caabe51dbde0,s,D,QB5,13,5,UVH13s,3,0.07,-7650000.0,-7.65,559,1024,0.5458984375
01a0a58f-fa8c-7373-bce5-caabe51dbde0,s,D,QB5,13,5,UVH13s,4,0.07,-7200000.0,-7.2,545,1024,0.5322265625
01a0a58f-fa8c-7373-bce5-caabe51dbde0,s,D,QB5,13,5,UVH13s,5,0.07,-6750000.0,-6.75,526,1024,0.513671875
01a0a58f-fa8c-7373-bce5-caabe51dbde0,s,D,QB5,13,5,UVH13s,6,0.07,-6300000.0,-6.3,535,1024,0.5224609375
01a0a58f-fa8c-7373-bce5-caabe51dbde0,s,D,QB5,13,5,UVH13s,7,0.07,-5850000.0,-5.85,530,1024,0.517578125
01a0a58f-fa8c-7373-bce5-caabe51dbde0,s,D,QB5,13,5,UVH13s,8,0.07,-5400000.0,-5.4,534,1024,0.521484375
01a0a58f-fa8c-7373-bce5-caabe51dbde0,s,D,QB5,13,5,UVH13s,9,0.07,-4950000.0,-4.95,523,1024,0.5107421875
01a0a58f-fa8c-7373-bce5-caabe51dbde0,s,D,QB5,13,5,UVH13s,10,0.07,-4500000.0,-4.5,495,1024,0.4833984375
01a0a58f-fa8c-7373-bce5-caabe51dbde0,s,D,QB5,13,5,UVH13s,11,0.07,-4050000.0,-4.05,566,1024,0.552734375
01a0a58f-fa8c-7373-bce5-caabe51dbde0,s,D,QB5,13,5,UVH13s,12,0.07,-3600000.0,-3.6,548,1024,0.53515625
01a0a58f-fa8c-7373-bce5-caabe51dbde0,s,D,QB5,13,5,UVH13s,13,0.07,-3150000.0,-3.15,560,1024,0.546875
01a0a58f-fa8c-7373-bce5-caabe51dbde0,s,D,QB5,13,5,UVH13s,14,0.07,-2700000.0,-2.7,561,1024,0.5478515625
01a0a58f-fa8c-7373-bce5-caabe51dbde0,s,D,QB5,13,5,UVH13s,15,0.07,-2250000.0,-2.25,555,1024,0.5419921875
01a0a58f-fa8c-7373-bce5-caabe51dbde0,s,D,QB5,13,5,UVH13s,16,0.07,-1800000.0,-1.8,541,1024,0.5283203125
01a0a58f-fa8c-7373-bce5-caabe51dbde0,s,D,QB5,13,5,UVH13s,17,0.07,-1350000.0,-1.35,551,1024,0.5380859375
01a0a58f-fa8c-7373-bce5-caabe51dbde0,s,D,QB5,13,5,UVH13s,18,0.07,-900000.0,-0.9,558,1024,0.544921875
01a0a58f-fa8c-7373-bce5-caabe51dbde0,s,D,QB5,13,5,UVH13s,19,0.07,-450000.0,-0.45,563,1024,0.5498046875
01a0a58f-fa8c-7373-bce5-caabe51dbde0,s,D,QB5,13,5,UVH13s,20,0.07,0.0,0.0,570,1024,0.556640625
01a0a58f-fa8c-7373-bce5-caabe51dbde0,s,D,QB5,13,5,UVH13s,21,0.07,450000.0,0.45,525,1024,0.5126953125
01a0a58f-fa8c-7373-bce5-caabe51dbde0,s,D,QB5,13,5,UVH13s,22,0.07,900000.0,0.9,562,1024,0.548828125
01a0a58f-fa8c-7373-bce5-caabe51dbde0,s,D,QB5,13,5,UVH13s,23,0.07,1350000.0,1.35,576,1024,0.5625
01a0a58f-fa8c-7373-bce5-caabe51dbde0,s,D,QB5,13,5,UVH13s,24,0.07,1800000.0,1.8,532,1024,0.51953125
01a0a58f-fa8c-7373-bce5-caabe51dbde0,s,D,QB5,13,5,UVH13s,25,0.07,2250000.0,2.25,551,1024,0.5380859375
01a0a58f-fa8c-7373-bce5-caabe51dbde0,s,D,QB5,13,5,UVH13s,26,0.07,2700000.0,2.7,548,1024,0.53515625
01a0a58f-fa8c-7373-bce5-caabe51dbde0,s,D,QB5,13,5,UVH13s,27,0.07,3150000.0,3.15,532,1024,0.51953125
01a0a58f-fa8c-7373-bce5-caabe51dbde0,s,D,QB5,13,5,UVH13s,28,0.07,3600000.0,3.6,547,1024,0.5341796875
01a0a58f-fa8c-7373-bce5-caabe51dbde0,s,D,QB5,13,5,UVH13s,29,0.07,4050000.0,4.05,536,1024,0.5234375
01a0a58f-fa8c-7373-bce5-caabe51dbde0,s,D,QB5,13,5,UVH13s,30,0.07,4500000.0,4.5,547,1024,0.5341796875
01a0a58f-fa8c-7373-bce5-caabe51dbde0,s,D,QB5,13,5,UVH13s,31,0.07,4950000.0,4.95,526,1024,0.513671875
01a0a58f-fa8c-7373-bce5-caabe51dbde0,s,D,QB5,13,5,UVH13s,32,0.07,5400000.0,5.4,516,1024,0.50390625
01a0a58f-fa8c-7373-bce5-caabe51dbde0,s,D,QB5,13,5,UVH13s,33,0.07,5850000.0,5.85,521,1024,0.5087890625
01a0a58f-fa8c-7373-bce5-caabe51dbde0,s,D,QB5,13,5,UVH13s,34,0.07,6300000.0,6.3,568,1024,0.5546875
01a0a58f-fa8c-7373-bce5-caabe51dbde0,s,D,QB5,13,5,UVH13s,35,0.07,6750000.0,6.75,566,1024,0.552734375
01a0a58f-fa8c-7373-bce5-caabe51dbde0,s,D,QB5,13,5,UVH13s,36,0.07,7200000.0,7.2,523,1024,0.5107421875
01a0a58f-fa8c-7373-bce5-caabe51dbde0,s,D,QB5,13,5,UVH13s,37,0.07,7650000.0,7.65,548,1024,0.53515625
01a0a58f-fa8c-7373-bce5-caabe51dbde0,s,D,QB5,13,5,UVH13s,38,0.07,8100000.0,8.1,573,1024,0.5595703125
01a0a58f-fa8c-7373-bce5-caabe51dbde0,s,D,QB5,13,5,UVH13s,39,0.07,8550000.0,8.55,545,1024,0.5322265625
01a0a58f-fa8c-7373-bce5-caabe51dbde0,s,D,QB5,13,5,UVH13s,40,0.07,9000000.0,9.0,585,1024,0.5712890625
01a0a58f-fa8c-7373-bce5-caabe51dbde0,s,D,QB4,14,0,standard_pi_2,0,0.07,-9000000.0,-9.0,592,1024,0.578125
01a0a58f-fa8c-7373-bce5-caabe51dbde0,s,D,QB4,14,0,standard_pi_2,1,0.07,-8550000.0,-8.55,597,1024,0.5830078125
01a0a58f-fa8c-7373-bce5-caabe51dbde0,s,D,QB4,14,0,standard_pi_2,2,0.07,-8100000.0,-8.1,613,1024,0.5986328125
01a0a58f-fa8c-7373-bce5-caabe51dbde0,s,D,QB4,14,0,standard_pi_2,3,0.07,-7650000.0,-7.65,579,1024,0.5654296875
01a0a58f-fa8c-7373-bce5-caabe51dbde0,s,D,QB4,14,0,standard_pi_2,4,0.07,-7200000.0,-7.2,617,1024,0.6025390625
01a0a58f-fa8c-7373-bce5-caabe51dbde0,s,D,QB4,14,0,standard_pi_2,5,0.07,-6750000.0,-6.75,571,1024,0.5576171875
01a0a58f-fa8c-7373-bce5-caabe51dbde0,s,D,QB4,14,0,standard_pi_2,6,0.07,-6300000.0,-6.3,569,1024,0.5556640625
01a0a58f-fa8c-7373-bce5-caabe51dbde0,s,D,QB4,14,0,standard_pi_2,7,0.07,-5850000.0,-5.85,572,1024,0.55859375
01a0a58f-fa8c-7373-bce5-caabe51dbde0,s,D,QB4,14,0,standard_pi_2,8,0.07,-5400000.0,-5.4,565,1024,0.5517578125
01a0a58f-fa8c-7373-bce5-caabe51dbde0,s,D,QB4,14,0,standard_pi_2,9,0.07,-4950000.0,-4.95,575,1024,0.5615234375
01a0a58f-fa8c-7373-bce5-caabe51dbde0,s,D,QB4,14,0,standard_pi_2,10,0.07,-4500000.0,-4.5,561,1024,0.5478515625
01a0a58f-fa8c-7373-bce5-caabe51dbde0,s,D,QB4,14,0,standard_pi_2,11,0.07,-4050000.0,-4.05,571,1024,0.5576171875
01a0a58f-fa8c-7373-bce5-caabe51dbde0,s,D,QB4,14,0,standard_pi_2,12,0.07,-3600000.0,-3.6,591,1024,0.5771484375
01a0a58f-fa8c-7373-bce5-caabe51dbde0,s,D,QB4,14,0,standard_pi_2,13,0.07,-3150000.0,-3.15,559,1024,0.5458984375
01a0a58f-fa8c-7373-bce5-caabe51dbde0,s,D,QB4,14,0,standard_pi_2,14,0.07,-2700000.0,-2.7,566,1024,0.552734375
01a0a58f-fa8c-7373-bce5-caabe51dbde0,s,D,QB4,14,0,standard_pi_2,15,0.07,-2250000.0,-2.25,550,1024,0.537109375
01a0a58f-fa8c-7373-bce5-caabe51dbde0,s,D,QB4,14,0,standard_pi_2,16,0.07,-1800000.0,-1.8,582,1024,0.568359375
01a0a58f-fa8c-7373-bce5-caabe51dbde0,s,D,QB4,14,0,standard_pi_2,17,0.07,-1350000.0,-1.35,553,1024,0.5400390625
01a0a58f-fa8c-7373-bce5-caabe51dbde0,s,D,QB4,14,0,standard_pi_2,18,0.07,-900000.0,-0.9,573,1024,0.5595703125
01a0a58f-fa8c-7373-bce5-caabe51dbde0,s,D,QB4,14,0,standard_pi_2,19,0.07,-450000.0,-0.45,567,1024,0.5537109375
01a0a58f-fa8c-7373-bce5-caabe51dbde0,s,D,QB4,14,0,standard_pi_2,20,0.07,0.0,0.0,555,1024,0.5419921875
01a0a58f-fa8c-7373-bce5-caabe51dbde0,s,D,QB4,14,0,standard_pi_2,21,0.07,450000.0,0.45,555,1024,0.5419921875
01a0a58f-fa8c-7373-bce5-caabe51dbde0,s,D,QB4,14,0,standard_pi_2,22,0.07,900000.0,0.9,535,1024,0.5224609375
01a0a58f-fa8c-7373-bce5-caabe51dbde0,s,D,QB4,14,0,standard_pi_2,23,0.07,1350000.0,1.35,541,1024,0.5283203125
01a0a58f-fa8c-7373-bce5-caabe51dbde0,s,D,QB4,14,0,standard_pi_2,24,0.07,1800000.0,1.8,526,1024,0.513671875
01a0a58f-fa8c-7373-bce5-caabe51dbde0,s,D,QB4,14,0,standard_pi_2,25,0.07,2250000.0,2.25,546,1024,0.533203125
01a0a58f-fa8c-7373-bce5-caabe51dbde0,s,D,QB4,14,0,standard_pi_2,26,0.07,2700000.0,2.7,500,1024,0.48828125
01a0a58f-fa8c-7373-bce5-caabe51dbde0,s,D,QB4,14,0,standard_pi_2,27,0.07,3150000.0,3.15,515,1024,0.5029296875
01a0a58f-fa8c-7373-bce5-caabe51dbde0,s,D,QB4,14,0,standard_pi_2,28,0.07,3600000.0,3.6,522,1024,0.509765625
01a0a58f-fa8c-7373-bce5-caabe51dbde0,s,D,QB4,14,0,standard_pi_2,29,0.07,4050000.0,4.05,529,1024,0.5166015625
01a0a58f-fa8c-7373-bce5-caabe51dbde0,s,D,QB4,14,0,standard_pi_2,30,0.07,4500000.0,4.5,538,1024,0.525390625
01a0a58f-fa8c-7373-bce5-caabe51dbde0,s,D,QB4,14,0,standard_pi_2,31,0.07,4950000.0,4.95,514,1024,0.501953125
01a0a58f-fa8c-7373-bce5-caabe51dbde0,s,D,QB4,14,0,standard_pi_2,32,0.07,5400000.0,5.4,547,1024,0.5341796875
01a0a58f-fa8c-7373-bce5-caabe51dbde0,s,D,QB4,14,0,standard_pi_2,33,0.07,5850000.0,5.85,512,1024,0.5
01a0a58f-fa8c-7373-bce5-caabe51dbde0,s,D,QB4,14,0,standard_pi_2,34,0.07,6300000.0,6.3,490,1024,0.478515625
01a0a58f-fa8c-7373-bce5-caabe51dbde0,s,D,QB4,14,0,standard_pi_2,35,0.07,6750000.0,6.75,501,1024,0.4892578125
01a0a58f-fa8c-7373-bce5-caabe51dbde0,s,D,QB4,14,0,standard_pi_2,36,0.07,7200000.0,7.2,488,1024,0.4765625
01a0a58f-fa8c-7373-bce5-caabe51dbde0,s,D,QB4,14,0,standard_pi_2,37,0.07,7650000.0,7.65,510,1024,0.498046875
01a0a58f-fa8c-7373-bce5-caabe51dbde0,s,D,QB4,14,0,standard_pi_2,38,0.07,8100000.0,8.1,497,1024,0.4853515625
01a0a58f-fa8c-7373-bce5-caabe51dbde0,s,D,QB4,14,0,standard_pi_2,39,0.07,8550000.0,8.55,498,1024,0.486328125
01a0a58f-fa8c-7373-bce5-caabe51dbde0,s,D,QB4,14,0,standard_pi_2,40,0.07,9000000.0,9.0,449,1024,0.4384765625
01a0a58f-fa8c-7373-bce5-caabe51dbde0,s,D,QB4,14,1,UVH5s,0,0.07,-9000000.0,-9.0,614,1024,0.599609375
01a0a58f-fa8c-7373-bce5-caabe51dbde0,s,D,QB4,14,1,UVH5s,1,0.07,-8550000.0,-8.55,639,1024,0.6240234375
01a0a58f-fa8c-7373-bce5-caabe51dbde0,s,D,QB4,14,1,UVH5s,2,0.07,-8100000.0,-8.1,621,1024,0.6064453125
01a0a58f-fa8c-7373-bce5-caabe51dbde0,s,D,QB4,14,1,UVH5s,3,0.07,-7650000.0,-7.65,633,1024,0.6181640625
01a0a58f-fa8c-7373-bce5-caabe51dbde0,s,D,QB4,14,1,UVH5s,4,0.07,-7200000.0,-7.2,607,1024,0.5927734375
01a0a58f-fa8c-7373-bce5-caabe51dbde0,s,D,QB4,14,1,UVH5s,5,0.07,-6750000.0,-6.75,620,1024,0.60546875
01a0a58f-fa8c-7373-bce5-caabe51dbde0,s,D,QB4,14,1,UVH5s,6,0.07,-6300000.0,-6.3,609,1024,0.5947265625
01a0a58f-fa8c-7373-bce5-caabe51dbde0,s,D,QB4,14,1,UVH5s,7,0.07,-5850000.0,-5.85,600,1024,0.5859375
01a0a58f-fa8c-7373-bce5-caabe51dbde0,s,D,QB4,14,1,UVH5s,8,0.07,-5400000.0,-5.4,591,1024,0.5771484375
01a0a58f-fa8c-7373-bce5-caabe51dbde0,s,D,QB4,14,1,UVH5s,9,0.07,-4950000.0,-4.95,612,1024,0.59765625
01a0a58f-fa8c-7373-bce5-caabe51dbde0,s,D,QB4,14,1,UVH5s,10,0.07,-4500000.0,-4.5,561,1024,0.5478515625
01a0a58f-fa8c-7373-bce5-caabe51dbde0,s,D,QB4,14,1,UVH5s,11,0.07,-4050000.0,-4.05,529,1024,0.5166015625
01a0a58f-fa8c-7373-bce5-caabe51dbde0,s,D,QB4,14,1,UVH5s,12,0.07,-3600000.0,-3.6,556,1024,0.54296875
01a0a58f-fa8c-7373-bce5-caabe51dbde0,s,D,QB4,14,1,UVH5s,13,0.07,-3150000.0,-3.15,532,1024,0.51953125
01a0a58f-fa8c-7373-bce5-caabe51dbde0,s,D,QB4,14,1,UVH5s,14,0.07,-2700000.0,-2.7,506,1024,0.494140625
01a0a58f-fa8c-7373-bce5-caabe51dbde0,s,D,QB4,14,1,UVH5s,15,0.07,-2250000.0,-2.25,537,1024,0.5244140625
01a0a58f-fa8c-7373-bce5-caabe51dbde0,s,D,QB4,14,1,UVH5s,16,0.07,-1800000.0,-1.8,529,1024,0.5166015625
01a0a58f-fa8c-7373-bce5-caabe51dbde0,s,D,QB4,14,1,UVH5s,17,0.07,-1350000.0,-1.35,562,1024,0.548828125
01a0a58f-fa8c-7373-bce5-caabe51dbde0,s,D,QB4,14,1,UVH5s,18,0.07,-900000.0,-0.9,544,1024,0.53125
01a0a58f-fa8c-7373-bce5-caabe51dbde0,s,D,QB4,14,1,UVH5s,19,0.07,-450000.0,-0.45,500,1024,0.48828125
01a0a58f-fa8c-7373-bce5-caabe51dbde0,s,D,QB4,14,1,UVH5s,20,0.07,0.0,0.0,531,1024,0.5185546875
01a0a58f-fa8c-7373-bce5-caabe51dbde0,s,D,QB4,14,1,UVH5s,21,0.07,450000.0,0.45,514,1024,0.501953125
01a0a58f-fa8c-7373-bce5-caabe51dbde0,s,D,QB4,14,1,UVH5s,22,0.07,900000.0,0.9,537,1024,0.5244140625
01a0a58f-fa8c-7373-bce5-caabe51dbde0,s,D,QB4,14,1,UVH5s,23,0.07,1350000.0,1.35,545,1024,0.5322265625
01a0a58f-fa8c-7373-bce5-caabe51dbde0,s,D,QB4,14,1,UVH5s,24,0.07,1800000.0,1.8,560,1024,0.546875
01a0a58f-fa8c-7373-bce5-caabe51dbde0,s,D,QB4,14,1,UVH5s,25,0.07,2250000.0,2.25,568,1024,0.5546875
01a0a58f-fa8c-7373-bce5-caabe51dbde0,s,D,QB4,14,1,UVH5s,26,0.07,2700000.0,2.7,581,1024,0.5673828125
01a0a58f-fa8c-7373-bce5-caabe51dbde0,s,D,QB4,14,1,UVH5s,27,0.07,3150000.0,3.15,579,1024,0.5654296875
01a0a58f-fa8c-7373-bce5-caabe51dbde0,s,D,QB4,14,1,UVH5s,28,0.07,3600000.0,3.6,629,1024,0.6142578125
01a0a58f-fa8c-7373-bce5-caabe51dbde0,s,D,QB4,14,1,UVH5s,29,0.07,4050000.0,4.05,602,1024,0.587890625
01a0a58f-fa8c-7373-bce5-caabe51dbde0,s,D,QB4,14,1,UVH5s,30,0.07,4500000.0,4.5,654,1024,0.638671875
01a0a58f-fa8c-7373-bce5-caabe51dbde0,s,D,QB4,14,1,UVH5s,31,0.07,4950000.0,4.95,642,1024,0.626953125
01a0a58f-fa8c-7373-bce5-caabe51dbde0,s,D,QB4,14,1,UVH5s,32,0.07,5400000.0,5.4,654,1024,0.638671875
01a0a58f-fa8c-7373-bce5-caabe51dbde0,s,D,QB4,14,1,UVH5s,33,0.07,5850000.0,5.85,673,1024,0.6572265625
01a0a58f-fa8c-7373-bce5-caabe51dbde0,s,D,QB4,14,1,UVH5s,34,0.07,6300000.0,6.3,715,1024,0.6982421875
01a0a58f-fa8c-7373-bce5-caabe51dbde0,s,D,QB4,14,1,UVH5s,35,0.07,6750000.0,6.75,732,1024,0.71484375
01a0a58f-fa8c-7373-bce5-caabe51dbde0,s,D,QB4,14,1,UVH5s,36,0.07,7200000.0,7.2,731,1024,0.7138671875
01a0a58f-fa8c-7373-bce5-caabe51dbde0,s,D,QB4,14,1,UVH5s,37,0.07,7650000.0,7.65,760,1024,0.7421875
01a0a58f-fa8c-7373-bce5-caabe51dbde0,s,D,QB4,14,1,UVH5s,38,0.07,8100000.0,8.1,755,1024,0.7373046875
01a0a58f-fa8c-7373-bce5-caabe51dbde0,s,D,QB4,14,1,UVH5s,39,0.07,8550000.0,8.55,757,1024,0.7392578125
01a0a58f-fa8c-7373-bce5-caabe51dbde0,s,D,QB4,14,1,UVH5s,40,0.07,9000000.0,9.0,766,1024,0.748046875
01a0a58f-fa8c-7373-bce5-caabe51dbde0,s,D,QB4,14,2,UVH7s,0,0.07,-9000000.0,-9.0,542,1024,0.529296875
01a0a58f-fa8c-7373-bce5-caabe51dbde0,s,D,QB4,14,2,UVH7s,1,0.07,-8550000.0,-8.55,536,1024,0.5234375
01a0a58f-fa8c-7373-bce5-caabe51dbde0,s,D,QB4,14,2,UVH7s,2,0.07,-8100000.0,-8.1,540,1024,0.52734375
01a0a58f-fa8c-7373-bce5-caabe51dbde0,s,D,QB4,14,2,UVH7s,3,0.07,-7650000.0,-7.65,527,1024,0.5146484375
01a0a58f-fa8c-7373-bce5-caabe51dbde0,s,D,QB4,14,2,UVH7s,4,0.07,-7200000.0,-7.2,537,1024,0.5244140625
01a0a58f-fa8c-7373-bce5-caabe51dbde0,s,D,QB4,14,2,UVH7s,5,0.07,-6750000.0,-6.75,543,1024,0.5302734375
01a0a58f-fa8c-7373-bce5-caabe51dbde0,s,D,QB4,14,2,UVH7s,6,0.07,-6300000.0,-6.3,533,1024,0.5205078125
01a0a58f-fa8c-7373-bce5-caabe51dbde0,s,D,QB4,14,2,UVH7s,7,0.07,-5850000.0,-5.85,555,1024,0.5419921875
01a0a58f-fa8c-7373-bce5-caabe51dbde0,s,D,QB4,14,2,UVH7s,8,0.07,-5400000.0,-5.4,553,1024,0.5400390625
01a0a58f-fa8c-7373-bce5-caabe51dbde0,s,D,QB4,14,2,UVH7s,9,0.07,-4950000.0,-4.95,550,1024,0.537109375
01a0a58f-fa8c-7373-bce5-caabe51dbde0,s,D,QB4,14,2,UVH7s,10,0.07,-4500000.0,-4.5,503,1024,0.4912109375
01a0a58f-fa8c-7373-bce5-caabe51dbde0,s,D,QB4,14,2,UVH7s,11,0.07,-4050000.0,-4.05,526,1024,0.513671875
01a0a58f-fa8c-7373-bce5-caabe51dbde0,s,D,QB4,14,2,UVH7s,12,0.07,-3600000.0,-3.6,543,1024,0.5302734375
01a0a58f-fa8c-7373-bce5-caabe51dbde0,s,D,QB4,14,2,UVH7s,13,0.07,-3150000.0,-3.15,524,1024,0.51171875
01a0a58f-fa8c-7373-bce5-caabe51dbde0,s,D,QB4,14,2,UVH7s,14,0.07,-2700000.0,-2.7,514,1024,0.501953125
01a0a58f-fa8c-7373-bce5-caabe51dbde0,s,D,QB4,14,2,UVH7s,15,0.07,-2250000.0,-2.25,485,1024,0.4736328125
01a0a58f-fa8c-7373-bce5-caabe51dbde0,s,D,QB4,14,2,UVH7s,16,0.07,-1800000.0,-1.8,525,1024,0.5126953125
01a0a58f-fa8c-7373-bce5-caabe51dbde0,s,D,QB4,14,2,UVH7s,17,0.07,-1350000.0,-1.35,521,1024,0.5087890625
01a0a58f-fa8c-7373-bce5-caabe51dbde0,s,D,QB4,14,2,UVH7s,18,0.07,-900000.0,-0.9,526,1024,0.513671875
01a0a58f-fa8c-7373-bce5-caabe51dbde0,s,D,QB4,14,2,UVH7s,19,0.07,-450000.0,-0.45,515,1024,0.5029296875
01a0a58f-fa8c-7373-bce5-caabe51dbde0,s,D,QB4,14,2,UVH7s,20,0.07,0.0,0.0,504,1024,0.4921875
01a0a58f-fa8c-7373-bce5-caabe51dbde0,s,D,QB4,14,2,UVH7s,21,0.07,450000.0,0.45,524,1024,0.51171875
01a0a58f-fa8c-7373-bce5-caabe51dbde0,s,D,QB4,14,2,UVH7s,22,0.07,900000.0,0.9,507,1024,0.4951171875
01a0a58f-fa8c-7373-bce5-caabe51dbde0,s,D,QB4,14,2,UVH7s,23,0.07,1350000.0,1.35,525,1024,0.5126953125
01a0a58f-fa8c-7373-bce5-caabe51dbde0,s,D,QB4,14,2,UVH7s,24,0.07,1800000.0,1.8,511,1024,0.4990234375
01a0a58f-fa8c-7373-bce5-caabe51dbde0,s,D,QB4,14,2,UVH7s,25,0.07,2250000.0,2.25,538,1024,0.525390625
01a0a58f-fa8c-7373-bce5-caabe51dbde0,s,D,QB4,14,2,UVH7s,26,0.07,2700000.0,2.7,494,1024,0.482421875
01a0a58f-fa8c-7373-bce5-caabe51dbde0,s,D,QB4,14,2,UVH7s,27,0.07,3150000.0,3.15,546,1024,0.533203125
01a0a58f-fa8c-7373-bce5-caabe51dbde0,s,D,QB4,14,2,UVH7s,28,0.07,3600000.0,3.6,496,1024,0.484375
01a0a58f-fa8c-7373-bce5-caabe51dbde0,s,D,QB4,14,2,UVH7s,29,0.07,4050000.0,4.05,561,1024,0.5478515625
01a0a58f-fa8c-7373-bce5-caabe51dbde0,s,D,QB4,14,2,UVH7s,30,0.07,4500000.0,4.5,549,1024,0.5361328125
01a0a58f-fa8c-7373-bce5-caabe51dbde0,s,D,QB4,14,2,UVH7s,31,0.07,4950000.0,4.95,544,1024,0.53125
01a0a58f-fa8c-7373-bce5-caabe51dbde0,s,D,QB4,14,2,UVH7s,32,0.07,5400000.0,5.4,561,1024,0.5478515625
01a0a58f-fa8c-7373-bce5-caabe51dbde0,s,D,QB4,14,2,UVH7s,33,0.07,5850000.0,5.85,567,1024,0.5537109375
01a0a58f-fa8c-7373-bce5-caabe51dbde0,s,D,QB4,14,2,UVH7s,34,0.07,6300000.0,6.3,587,1024,0.5732421875
01a0a58f-fa8c-7373-bce5-caabe51dbde0,s,D,QB4,14,2,UVH7s,35,0.07,6750000.0,6.75,585,1024,0.5712890625
01a0a58f-fa8c-7373-bce5-caabe51dbde0,s,D,QB4,14,2,UVH7s,36,0.07,7200000.0,7.2,625,1024,0.6103515625
01a0a58f-fa8c-7373-bce5-caabe51dbde0,s,D,QB4,14,2,UVH7s,37,0.07,7650000.0,7.65,654,1024,0.638671875
01a0a58f-fa8c-7373-bce5-caabe51dbde0,s,D,QB4,14,2,UVH7s,38,0.07,8100000.0,8.1,627,1024,0.6123046875
01a0a58f-fa8c-7373-bce5-caabe51dbde0,s,D,QB4,14,2,UVH7s,39,0.07,8550000.0,8.55,664,1024,0.6484375
01a0a58f-fa8c-7373-bce5-caabe51dbde0,s,D,QB4,14,2,UVH7s,40,0.07,9000000.0,9.0,674,1024,0.658203125
01a0a58f-fa8c-7373-bce5-caabe51dbde0,s,D,QB4,14,3,UVH9s,0,0.07,-9000000.0,-9.0,424,1024,0.4140625
01a0a58f-fa8c-7373-bce5-caabe51dbde0,s,D,QB4,14,3,UVH9s,1,0.07,-8550000.0,-8.55,424,1024,0.4140625
01a0a58f-fa8c-7373-bce5-caabe51dbde0,s,D,QB4,14,3,UVH9s,2,0.07,-8100000.0,-8.1,448,1024,0.4375
01a0a58f-fa8c-7373-bce5-caabe51dbde0,s,D,QB4,14,3,UVH9s,3,0.07,-7650000.0,-7.65,417,1024,0.4072265625
01a0a58f-fa8c-7373-bce5-caabe51dbde0,s,D,QB4,14,3,UVH9s,4,0.07,-7200000.0,-7.2,439,1024,0.4287109375
01a0a58f-fa8c-7373-bce5-caabe51dbde0,s,D,QB4,14,3,UVH9s,5,0.07,-6750000.0,-6.75,452,1024,0.44140625
01a0a58f-fa8c-7373-bce5-caabe51dbde0,s,D,QB4,14,3,UVH9s,6,0.07,-6300000.0,-6.3,501,1024,0.4892578125
01a0a58f-fa8c-7373-bce5-caabe51dbde0,s,D,QB4,14,3,UVH9s,7,0.07,-5850000.0,-5.85,466,1024,0.455078125
01a0a58f-fa8c-7373-bce5-caabe51dbde0,s,D,QB4,14,3,UVH9s,8,0.07,-5400000.0,-5.4,509,1024,0.4970703125
01a0a58f-fa8c-7373-bce5-caabe51dbde0,s,D,QB4,14,3,UVH9s,9,0.07,-4950000.0,-4.95,503,1024,0.4912109375
01a0a58f-fa8c-7373-bce5-caabe51dbde0,s,D,QB4,14,3,UVH9s,10,0.07,-4500000.0,-4.5,487,1024,0.4755859375
01a0a58f-fa8c-7373-bce5-caabe51dbde0,s,D,QB4,14,3,UVH9s,11,0.07,-4050000.0,-4.05,507,1024,0.4951171875
01a0a58f-fa8c-7373-bce5-caabe51dbde0,s,D,QB4,14,3,UVH9s,12,0.07,-3600000.0,-3.6,513,1024,0.5009765625
01a0a58f-fa8c-7373-bce5-caabe51dbde0,s,D,QB4,14,3,UVH9s,13,0.07,-3150000.0,-3.15,499,1024,0.4873046875
01a0a58f-fa8c-7373-bce5-caabe51dbde0,s,D,QB4,14,3,UVH9s,14,0.07,-2700000.0,-2.7,487,1024,0.4755859375
01a0a58f-fa8c-7373-bce5-caabe51dbde0,s,D,QB4,14,3,UVH9s,15,0.07,-2250000.0,-2.25,526,1024,0.513671875
01a0a58f-fa8c-7373-bce5-caabe51dbde0,s,D,QB4,14,3,UVH9s,16,0.07,-1800000.0,-1.8,514,1024,0.501953125
01a0a58f-fa8c-7373-bce5-caabe51dbde0,s,D,QB4,14,3,UVH9s,17,0.07,-1350000.0,-1.35,510,1024,0.498046875
01a0a58f-fa8c-7373-bce5-caabe51dbde0,s,D,QB4,14,3,UVH9s,18,0.07,-900000.0,-0.9,521,1024,0.5087890625
01a0a58f-fa8c-7373-bce5-caabe51dbde0,s,D,QB4,14,3,UVH9s,19,0.07,-450000.0,-0.45,504,1024,0.4921875
01a0a58f-fa8c-7373-bce5-caabe51dbde0,s,D,QB4,14,3,UVH9s,20,0.07,0.0,0.0,521,1024,0.5087890625
01a0a58f-fa8c-7373-bce5-caabe51dbde0,s,D,QB4,14,3,UVH9s,21,0.07,450000.0,0.45,495,1024,0.4833984375
01a0a58f-fa8c-7373-bce5-caabe51dbde0,s,D,QB4,14,3,UVH9s,22,0.07,900000.0,0.9,511,1024,0.4990234375
01a0a58f-fa8c-7373-bce5-caabe51dbde0,s,D,QB4,14,3,UVH9s,23,0.07,1350000.0,1.35,527,1024,0.5146484375
01a0a58f-fa8c-7373-bce5-caabe51dbde0,s,D,QB4,14,3,UVH9s,24,0.07,1800000.0,1.8,503,1024,0.4912109375
01a0a58f-fa8c-7373-bce5-caabe51dbde0,s,D,QB4,14,3,UVH9s,25,0.07,2250000.0,2.25,513,1024,0.5009765625
01a0a58f-fa8c-7373-bce5-caabe51dbde0,s,D,QB4,14,3,UVH9s,26,0.07,2700000.0,2.7,527,1024,0.5146484375
01a0a58f-fa8c-7373-bce5-caabe51dbde0,s,D,QB4,14,3,UVH9s,27,0.07,3150000.0,3.15,530,1024,0.517578125
01a0a58f-fa8c-7373-bce5-caabe51dbde0,s,D,QB4,14,3,UVH9s,28,0.07,3600000.0,3.6,535,1024,0.5224609375
01a0a58f-fa8c-7373-bce5-caabe51dbde0,s,D,QB4,14,3,UVH9s,29,0.07,4050000.0,4.05,499,1024,0.4873046875
01a0a58f-fa8c-7373-bce5-caabe51dbde0,s,D,QB4,14,3,UVH9s,30,0.07,4500000.0,4.5,528,1024,0.515625
01a0a58f-fa8c-7373-bce5-caabe51dbde0,s,D,QB4,14,3,UVH9s,31,0.07,4950000.0,4.95,517,1024,0.5048828125
01a0a58f-fa8c-7373-bce5-caabe51dbde0,s,D,QB4,14,3,UVH9s,32,0.07,5400000.0,5.4,473,1024,0.4619140625
01a0a58f-fa8c-7373-bce5-caabe51dbde0,s,D,QB4,14,3,UVH9s,33,0.07,5850000.0,5.85,460,1024,0.44921875
01a0a58f-fa8c-7373-bce5-caabe51dbde0,s,D,QB4,14,3,UVH9s,34,0.07,6300000.0,6.3,445,1024,0.4345703125
01a0a58f-fa8c-7373-bce5-caabe51dbde0,s,D,QB4,14,3,UVH9s,35,0.07,6750000.0,6.75,422,1024,0.412109375
01a0a58f-fa8c-7373-bce5-caabe51dbde0,s,D,QB4,14,3,UVH9s,36,0.07,7200000.0,7.2,383,1024,0.3740234375
01a0a58f-fa8c-7373-bce5-caabe51dbde0,s,D,QB4,14,3,UVH9s,37,0.07,7650000.0,7.65,385,1024,0.3759765625
01a0a58f-fa8c-7373-bce5-caabe51dbde0,s,D,QB4,14,3,UVH9s,38,0.07,8100000.0,8.1,351,1024,0.3427734375
01a0a58f-fa8c-7373-bce5-caabe51dbde0,s,D,QB4,14,3,UVH9s,39,0.07,8550000.0,8.55,384,1024,0.375
01a0a58f-fa8c-7373-bce5-caabe51dbde0,s,D,QB4,14,3,UVH9s,40,0.07,9000000.0,9.0,313,1024,0.3056640625
01a0a58f-fa8c-7373-bce5-caabe51dbde0,s,D,QB4,14,4,UVH11s,0,0.07,-9000000.0,-9.0,586,1024,0.572265625
01a0a58f-fa8c-7373-bce5-caabe51dbde0,s,D,QB4,14,4,UVH11s,1,0.07,-8550000.0,-8.55,510,1024,0.498046875
01a0a58f-fa8c-7373-bce5-caabe51dbde0,s,D,QB4,14,4,UVH11s,2,0.07,-8100000.0,-8.1,504,1024,0.4921875
01a0a58f-fa8c-7373-bce5-caabe51dbde0,s,D,QB4,14,4,UVH11s,3,0.07,-7650000.0,-7.65,541,1024,0.5283203125
01a0a58f-fa8c-7373-bce5-caabe51dbde0,s,D,QB4,14,4,UVH11s,4,0.07,-7200000.0,-7.2,488,1024,0.4765625
01a0a58f-fa8c-7373-bce5-caabe51dbde0,s,D,QB4,14,4,UVH11s,5,0.07,-6750000.0,-6.75,499,1024,0.4873046875
01a0a58f-fa8c-7373-bce5-caabe51dbde0,s,D,QB4,14,4,UVH11s,6,0.07,-6300000.0,-6.3,470,1024,0.458984375
01a0a58f-fa8c-7373-bce5-caabe51dbde0,s,D,QB4,14,4,UVH11s,7,0.07,-5850000.0,-5.85,466,1024,0.455078125
01a0a58f-fa8c-7373-bce5-caabe51dbde0,s,D,QB4,14,4,UVH11s,8,0.07,-5400000.0,-5.4,492,1024,0.48046875
01a0a58f-fa8c-7373-bce5-caabe51dbde0,s,D,QB4,14,4,UVH11s,9,0.07,-4950000.0,-4.95,468,1024,0.45703125
01a0a58f-fa8c-7373-bce5-caabe51dbde0,s,D,QB4,14,4,UVH11s,10,0.07,-4500000.0,-4.5,470,1024,0.458984375
01a0a58f-fa8c-7373-bce5-caabe51dbde0,s,D,QB4,14,4,UVH11s,11,0.07,-4050000.0,-4.05,520,1024,0.5078125
01a0a58f-fa8c-7373-bce5-caabe51dbde0,s,D,QB4,14,4,UVH11s,12,0.07,-3600000.0,-3.6,506,1024,0.494140625
01a0a58f-fa8c-7373-bce5-caabe51dbde0,s,D,QB4,14,4,UVH11s,13,0.07,-3150000.0,-3.15,507,1024,0.4951171875
01a0a58f-fa8c-7373-bce5-caabe51dbde0,s,D,QB4,14,4,UVH11s,14,0.07,-2700000.0,-2.7,490,1024,0.478515625
01a0a58f-fa8c-7373-bce5-caabe51dbde0,s,D,QB4,14,4,UVH11s,15,0.07,-2250000.0,-2.25,484,1024,0.47265625
01a0a58f-fa8c-7373-bce5-caabe51dbde0,s,D,QB4,14,4,UVH11s,16,0.07,-1800000.0,-1.8,540,1024,0.52734375
01a0a58f-fa8c-7373-bce5-caabe51dbde0,s,D,QB4,14,4,UVH11s,17,0.07,-1350000.0,-1.35,508,1024,0.49609375
01a0a58f-fa8c-7373-bce5-caabe51dbde0,s,D,QB4,14,4,UVH11s,18,0.07,-900000.0,-0.9,544,1024,0.53125
01a0a58f-fa8c-7373-bce5-caabe51dbde0,s,D,QB4,14,4,UVH11s,19,0.07,-450000.0,-0.45,534,1024,0.521484375
01a0a58f-fa8c-7373-bce5-caabe51dbde0,s,D,QB4,14,4,UVH11s,20,0.07,0.0,0.0,524,1024,0.51171875
01a0a58f-fa8c-7373-bce5-caabe51dbde0,s,D,QB4,14,4,UVH11s,21,0.07,450000.0,0.45,534,1024,0.521484375
01a0a58f-fa8c-7373-bce5-caabe51dbde0,s,D,QB4,14,4,UVH11s,22,0.07,900000.0,0.9,556,1024,0.54296875
01a0a58f-fa8c-7373-bce5-caabe51dbde0,s,D,QB4,14,4,UVH11s,23,0.07,1350000.0,1.35,523,1024,0.5107421875
01a0a58f-fa8c-7373-bce5-caabe51dbde0,s,D,QB4,14,4,UVH11s,24,0.07,1800000.0,1.8,519,1024,0.5068359375
01a0a58f-fa8c-7373-bce5-caabe51dbde0,s,D,QB4,14,4,UVH11s,25,0.07,2250000.0,2.25,519,1024,0.5068359375
01a0a58f-fa8c-7373-bce5-caabe51dbde0,s,D,QB4,14,4,UVH11s,26,0.07,2700000.0,2.7,506,1024,0.494140625
01a0a58f-fa8c-7373-bce5-caabe51dbde0,s,D,QB4,14,4,UVH11s,27,0.07,3150000.0,3.15,529,1024,0.5166015625
01a0a58f-fa8c-7373-bce5-caabe51dbde0,s,D,QB4,14,4,UVH11s,28,0.07,3600000.0,3.6,501,1024,0.4892578125
01a0a58f-fa8c-7373-bce5-caabe51dbde0,s,D,QB4,14,4,UVH11s,29,0.07,4050000.0,4.05,531,1024,0.5185546875
01a0a58f-fa8c-7373-bce5-caabe51dbde0,s,D,QB4,14,4,UVH11s,30,0.07,4500000.0,4.5,513,1024,0.5009765625
01a0a58f-fa8c-7373-bce5-caabe51dbde0,s,D,QB4,14,4,UVH11s,31,0.07,4950000.0,4.95,496,1024,0.484375
01a0a58f-fa8c-7373-bce5-caabe51dbde0,s,D,QB4,14,4,UVH11s,32,0.07,5400000.0,5.4,493,1024,0.4814453125
01a0a58f-fa8c-7373-bce5-caabe51dbde0,s,D,QB4,14,4,UVH11s,33,0.07,5850000.0,5.85,474,1024,0.462890625
01a0a58f-fa8c-7373-bce5-caabe51dbde0,s,D,QB4,14,4,UVH11s,34,0.07,6300000.0,6.3,499,1024,0.4873046875
01a0a58f-fa8c-7373-bce5-caabe51dbde0,s,D,QB4,14,4,UVH11s,35,0.07,6750000.0,6.75,513,1024,0.5009765625
01a0a58f-fa8c-7373-bce5-caabe51dbde0,s,D,QB4,14,4,UVH11s,36,0.07,7200000.0,7.2,485,1024,0.4736328125
01a0a58f-fa8c-7373-bce5-caabe51dbde0,s,D,QB4,14,4,UVH11s,37,0.07,7650000.0,7.65,474,1024,0.462890625
01a0a58f-fa8c-7373-bce5-caabe51dbde0,s,D,QB4,14,4,UVH11s,38,0.07,8100000.0,8.1,459,1024,0.4482421875
01a0a58f-fa8c-7373-bce5-caabe51dbde0,s,D,QB4,14,4,UVH11s,39,0.07,8550000.0,8.55,452,1024,0.44140625
01a0a58f-fa8c-7373-bce5-caabe51dbde0,s,D,QB4,14,4,UVH11s,40,0.07,9000000.0,9.0,439,1024,0.4287109375
01a0a58f-fa8c-7373-bce5-caabe51dbde0,s,D,QB4,14,5,UVH13s,0,0.07,-9000000.0,-9.0,591,1024,0.5771484375
01a0a58f-fa8c-7373-bce5-caabe51dbde0,s,D,QB4,14,5,UVH13s,1,0.07,-8550000.0,-8.55,571,1024,0.5576171875
01a0a58f-fa8c-7373-bce5-caabe51dbde0,s,D,QB4,14,5,UVH13s,2,0.07,-8100000.0,-8.1,584,1024,0.5703125
01a0a58f-fa8c-7373-bce5-caabe51dbde0,s,D,QB4,14,5,UVH13s,3,0.07,-7650000.0,-7.65,579,1024,0.5654296875
01a0a58f-fa8c-7373-bce5-caabe51dbde0,s,D,QB4,14,5,UVH13s,4,0.07,-7200000.0,-7.2,543,1024,0.5302734375
01a0a58f-fa8c-7373-bce5-caabe51dbde0,s,D,QB4,14,5,UVH13s,5,0.07,-6750000.0,-6.75,537,1024,0.5244140625
01a0a58f-fa8c-7373-bce5-caabe51dbde0,s,D,QB4,14,5,UVH13s,6,0.07,-6300000.0,-6.3,528,1024,0.515625
01a0a58f-fa8c-7373-bce5-caabe51dbde0,s,D,QB4,14,5,UVH13s,7,0.07,-5850000.0,-5.85,512,1024,0.5
01a0a58f-fa8c-7373-bce5-caabe51dbde0,s,D,QB4,14,5,UVH13s,8,0.07,-5400000.0,-5.4,555,1024,0.5419921875
01a0a58f-fa8c-7373-bce5-caabe51dbde0,s,D,QB4,14,5,UVH13s,9,0.07,-4950000.0,-4.95,494,1024,0.482421875
01a0a58f-fa8c-7373-bce5-caabe51dbde0,s,D,QB4,14,5,UVH13s,10,0.07,-4500000.0,-4.5,505,1024,0.4931640625
01a0a58f-fa8c-7373-bce5-caabe51dbde0,s,D,QB4,14,5,UVH13s,11,0.07,-4050000.0,-4.05,533,1024,0.5205078125
01a0a58f-fa8c-7373-bce5-caabe51dbde0,s,D,QB4,14,5,UVH13s,12,0.07,-3600000.0,-3.6,518,1024,0.505859375
01a0a58f-fa8c-7373-bce5-caabe51dbde0,s,D,QB4,14,5,UVH13s,13,0.07,-3150000.0,-3.15,503,1024,0.4912109375
01a0a58f-fa8c-7373-bce5-caabe51dbde0,s,D,QB4,14,5,UVH13s,14,0.07,-2700000.0,-2.7,535,1024,0.5224609375
01a0a58f-fa8c-7373-bce5-caabe51dbde0,s,D,QB4,14,5,UVH13s,15,0.07,-2250000.0,-2.25,492,1024,0.48046875
01a0a58f-fa8c-7373-bce5-caabe51dbde0,s,D,QB4,14,5,UVH13s,16,0.07,-1800000.0,-1.8,515,1024,0.5029296875
01a0a58f-fa8c-7373-bce5-caabe51dbde0,s,D,QB4,14,5,UVH13s,17,0.07,-1350000.0,-1.35,495,1024,0.4833984375
01a0a58f-fa8c-7373-bce5-caabe51dbde0,s,D,QB4,14,5,UVH13s,18,0.07,-900000.0,-0.9,506,1024,0.494140625
01a0a58f-fa8c-7373-bce5-caabe51dbde0,s,D,QB4,14,5,UVH13s,19,0.07,-450000.0,-0.45,517,1024,0.5048828125
01a0a58f-fa8c-7373-bce5-caabe51dbde0,s,D,QB4,14,5,UVH13s,20,0.07,0.0,0.0,501,1024,0.4892578125
01a0a58f-fa8c-7373-bce5-caabe51dbde0,s,D,QB4,14,5,UVH13s,21,0.07,450000.0,0.45,480,1024,0.46875
01a0a58f-fa8c-7373-bce5-caabe51dbde0,s,D,QB4,14,5,UVH13s,22,0.07,900000.0,0.9,475,1024,0.4638671875
01a0a58f-fa8c-7373-bce5-caabe51dbde0,s,D,QB4,14,5,UVH13s,23,0.07,1350000.0,1.35,491,1024,0.4794921875
01a0a58f-fa8c-7373-bce5-caabe51dbde0,s,D,QB4,14,5,UVH13s,24,0.07,1800000.0,1.8,498,1024,0.486328125
01a0a58f-fa8c-7373-bce5-caabe51dbde0,s,D,QB4,14,5,UVH13s,25,0.07,2250000.0,2.25,506,1024,0.494140625
01a0a58f-fa8c-7373-bce5-caabe51dbde0,s,D,QB4,14,5,UVH13s,26,0.07,2700000.0,2.7,511,1024,0.4990234375
01a0a58f-fa8c-7373-bce5-caabe51dbde0,s,D,QB4,14,5,UVH13s,27,0.07,3150000.0,3.15,521,1024,0.5087890625
01a0a58f-fa8c-7373-bce5-caabe51dbde0,s,D,QB4,14,5,UVH13s,28,0.07,3600000.0,3.6,501,1024,0.4892578125
01a0a58f-fa8c-7373-bce5-caabe51dbde0,s,D,QB4,14,5,UVH13s,29,0.07,4050000.0,4.05,520,1024,0.5078125
01a0a58f-fa8c-7373-bce5-caabe51dbde0,s,D,QB4,14,5,UVH13s,30,0.07,4500000.0,4.5,496,1024,0.484375
01a0a58f-fa8c-7373-bce5-caabe51dbde0,s,D,QB4,14,5,UVH13s,31,0.07,4950000.0,4.95,529,1024,0.5166015625
01a0a58f-fa8c-7373-bce5-caabe51dbde0,s,D,QB4,14,5,UVH13s,32,0.07,5400000.0,5.4,507,1024,0.4951171875
01a0a58f-fa8c-7373-bce5-caabe51dbde0,s,D,QB4,14,5,UVH13s,33,0.07,5850000.0,5.85,503,1024,0.4912109375
01a0a58f-fa8c-7373-bce5-caabe51dbde0,s,D,QB4,14,5,UVH13s,34,0.07,6300000.0,6.3,513,1024,0.5009765625
01a0a58f-fa8c-7373-bce5-caabe51dbde0,s,D,QB4,14,5,UVH13s,35,0.07,6750000.0,6.75,553,1024,0.5400390625
01a0a58f-fa8c-7373-bce5-caabe51dbde0,s,D,QB4,14,5,UVH13s,36,0.07,7200000.0,7.2,488,1024,0.4765625
01a0a58f-fa8c-7373-bce5-caabe51dbde0,s,D,QB4,14,5,UVH13s,37,0.07,7650000.0,7.65,525,1024,0.5126953125
01a0a58f-fa8c-7373-bce5-caabe51dbde0,s,D,QB4,14,5,UVH13s,38,0.07,8100000.0,8.1,513,1024,0.5009765625
01a0a58f-fa8c-7373-bce5-caabe51dbde0,s,D,QB4,14,5,UVH13s,39,0.07,8550000.0,8.55,496,1024,0.484375
01a0a58f-fa8c-7373-bce5-caabe51dbde0,s,D,QB4,14,5,UVH13s,40,0.07,9000000.0,9.0,499,1024,0.4873046875
01a0a58f-fa8c-7373-bce5-caabe51dbde0,s,D,QB11,15,0,standard_pi_2,0,0.07,-9000000.0,-9.0,599,1024,0.5849609375
01a0a58f-fa8c-7373-bce5-caabe51dbde0,s,D,QB11,15,0,standard_pi_2,1,0.07,-8550000.0,-8.55,610,1024,0.595703125
01a0a58f-fa8c-7373-bce5-caabe51dbde0,s,D,QB11,15,0,standard_pi_2,2,0.07,-8100000.0,-8.1,593,1024,0.5791015625
01a0a58f-fa8c-7373-bce5-caabe51dbde0,s,D,QB11,15,0,standard_pi_2,3,0.07,-7650000.0,-7.65,611,1024,0.5966796875
01a0a58f-fa8c-7373-bce5-caabe51dbde0,s,D,QB11,15,0,standard_pi_2,4,0.07,-7200000.0,-7.2,570,1024,0.556640625
01a0a58f-fa8c-7373-bce5-caabe51dbde0,s,D,QB11,15,0,standard_pi_2,5,0.07,-6750000.0,-6.75,598,1024,0.583984375
01a0a58f-fa8c-7373-bce5-caabe51dbde0,s,D,QB11,15,0,standard_pi_2,6,0.07,-6300000.0,-6.3,574,1024,0.560546875
01a0a58f-fa8c-7373-bce5-caabe51dbde0,s,D,QB11,15,0,standard_pi_2,7,0.07,-5850000.0,-5.85,578,1024,0.564453125
01a0a58f-fa8c-7373-bce5-caabe51dbde0,s,D,QB11,15,0,standard_pi_2,8,0.07,-5400000.0,-5.4,575,1024,0.5615234375
01a0a58f-fa8c-7373-bce5-caabe51dbde0,s,D,QB11,15,0,standard_pi_2,9,0.07,-4950000.0,-4.95,561,1024,0.5478515625
01a0a58f-fa8c-7373-bce5-caabe51dbde0,s,D,QB11,15,0,standard_pi_2,10,0.07,-4500000.0,-4.5,574,1024,0.560546875
01a0a58f-fa8c-7373-bce5-caabe51dbde0,s,D,QB11,15,0,standard_pi_2,11,0.07,-4050000.0,-4.05,607,1024,0.5927734375
01a0a58f-fa8c-7373-bce5-caabe51dbde0,s,D,QB11,15,0,standard_pi_2,12,0.07,-3600000.0,-3.6,580,1024,0.56640625
01a0a58f-fa8c-7373-bce5-caabe51dbde0,s,D,QB11,15,0,standard_pi_2,13,0.07,-3150000.0,-3.15,588,1024,0.57421875
01a0a58f-fa8c-7373-bce5-caabe51dbde0,s,D,QB11,15,0,standard_pi_2,14,0.07,-2700000.0,-2.7,541,1024,0.5283203125
01a0a58f-fa8c-7373-bce5-caabe51dbde0,s,D,QB11,15,0,standard_pi_2,15,0.07,-2250000.0,-2.25,607,1024,0.5927734375
01a0a58f-fa8c-7373-bce5-caabe51dbde0,s,D,QB11,15,0,standard_pi_2,16,0.07,-1800000.0,-1.8,572,1024,0.55859375
01a0a58f-fa8c-7373-bce5-caabe51dbde0,s,D,QB11,15,0,standard_pi_2,17,0.07,-1350000.0,-1.35,541,1024,0.5283203125
01a0a58f-fa8c-7373-bce5-caabe51dbde0,s,D,QB11,15,0,standard_pi_2,18,0.07,-900000.0,-0.9,547,1024,0.5341796875
01a0a58f-fa8c-7373-bce5-caabe51dbde0,s,D,QB11,15,0,standard_pi_2,19,0.07,-450000.0,-0.45,533,1024,0.5205078125
01a0a58f-fa8c-7373-bce5-caabe51dbde0,s,D,QB11,15,0,standard_pi_2,20,0.07,0.0,0.0,566,1024,0.552734375
01a0a58f-fa8c-7373-bce5-caabe51dbde0,s,D,QB11,15,0,standard_pi_2,21,0.07,450000.0,0.45,575,1024,0.5615234375
01a0a58f-fa8c-7373-bce5-caabe51dbde0,s,D,QB11,15,0,standard_pi_2,22,0.07,900000.0,0.9,592,1024,0.578125
01a0a58f-fa8c-7373-bce5-caabe51dbde0,s,D,QB11,15,0,standard_pi_2,23,0.07,1350000.0,1.35,546,1024,0.533203125
01a0a58f-fa8c-7373-bce5-caabe51dbde0,s,D,QB11,15,0,standard_pi_2,24,0.07,1800000.0,1.8,545,1024,0.5322265625
01a0a58f-fa8c-7373-bce5-caabe51dbde0,s,D,QB11,15,0,standard_pi_2,25,0.07,2250000.0,2.25,545,1024,0.5322265625
01a0a58f-fa8c-7373-bce5-caabe51dbde0,s,D,QB11,15,0,standard_pi_2,26,0.07,2700000.0,2.7,560,1024,0.546875
01a0a58f-fa8c-7373-bce5-caabe51dbde0,s,D,QB11,15,0,standard_pi_2,27,0.07,3150000.0,3.15,566,1024,0.552734375
01a0a58f-fa8c-7373-bce5-caabe51dbde0,s,D,QB11,15,0,standard_pi_2,28,0.07,3600000.0,3.6,542,1024,0.529296875
01a0a58f-fa8c-7373-bce5-caabe51dbde0,s,D,QB11,15,0,standard_pi_2,29,0.07,4050000.0,4.05,521,1024,0.5087890625
01a0a58f-fa8c-7373-bce5-caabe51dbde0,s,D,QB11,15,0,standard_pi_2,30,0.07,4500000.0,4.5,537,1024,0.5244140625
01a0a58f-fa8c-7373-bce5-caabe51dbde0,s,D,QB11,15,0,standard_pi_2,31,0.07,4950000.0,4.95,547,1024,0.5341796875
01a0a58f-fa8c-7373-bce5-caabe51dbde0,s,D,QB11,15,0,standard_pi_2,32,0.07,5400000.0,5.4,497,1024,0.4853515625
01a0a58f-fa8c-7373-bce5-caabe51dbde0,s,D,QB11,15,0,standard_pi_2,33,0.07,5850000.0,5.85,532,1024,0.51953125
01a0a58f-fa8c-7373-bce5-caabe51dbde0,s,D,QB11,15,0,standard_pi_2,34,0.07,6300000.0,6.3,517,1024,0.5048828125
01a0a58f-fa8c-7373-bce5-caabe51dbde0,s,D,QB11,15,0,standard_pi_2,35,0.07,6750000.0,6.75,512,1024,0.5
01a0a58f-fa8c-7373-bce5-caabe51dbde0,s,D,QB11,15,0,standard_pi_2,36,0.07,7200000.0,7.2,521,1024,0.5087890625
01a0a58f-fa8c-7373-bce5-caabe51dbde0,s,D,QB11,15,0,standard_pi_2,37,0.07,7650000.0,7.65,521,1024,0.5087890625
01a0a58f-fa8c-7373-bce5-caabe51dbde0,s,D,QB11,15,0,standard_pi_2,38,0.07,8100000.0,8.1,486,1024,0.474609375
01a0a58f-fa8c-7373-bce5-caabe51dbde0,s,D,QB11,15,0,standard_pi_2,39,0.07,8550000.0,8.55,492,1024,0.48046875
01a0a58f-fa8c-7373-bce5-caabe51dbde0,s,D,QB11,15,0,standard_pi_2,40,0.07,9000000.0,9.0,498,1024,0.486328125
01a0a58f-fa8c-7373-bce5-caabe51dbde0,s,D,QB11,15,1,UVH5s,0,0.07,-9000000.0,-9.0,586,1024,0.572265625
01a0a58f-fa8c-7373-bce5-caabe51dbde0,s,D,QB11,15,1,UVH5s,1,0.07,-8550000.0,-8.55,604,1024,0.58984375
01a0a58f-fa8c-7373-bce5-caabe51dbde0,s,D,QB11,15,1,UVH5s,2,0.07,-8100000.0,-8.1,613,1024,0.5986328125
01a0a58f-fa8c-7373-bce5-caabe51dbde0,s,D,QB11,15,1,UVH5s,3,0.07,-7650000.0,-7.65,633,1024,0.6181640625
01a0a58f-fa8c-7373-bce5-caabe51dbde0,s,D,QB11,15,1,UVH5s,4,0.07,-7200000.0,-7.2,632,1024,0.6171875
01a0a58f-fa8c-7373-bce5-caabe51dbde0,s,D,QB11,15,1,UVH5s,5,0.07,-6750000.0,-6.75,607,1024,0.5927734375
01a0a58f-fa8c-7373-bce5-caabe51dbde0,s,D,QB11,15,1,UVH5s,6,0.07,-6300000.0,-6.3,586,1024,0.572265625
01a0a58f-fa8c-7373-bce5-caabe51dbde0,s,D,QB11,15,1,UVH5s,7,0.07,-5850000.0,-5.85,574,1024,0.560546875
01a0a58f-fa8c-7373-bce5-caabe51dbde0,s,D,QB11,15,1,UVH5s,8,0.07,-5400000.0,-5.4,578,1024,0.564453125
01a0a58f-fa8c-7373-bce5-caabe51dbde0,s,D,QB11,15,1,UVH5s,9,0.07,-4950000.0,-4.95,565,1024,0.5517578125
01a0a58f-fa8c-7373-bce5-caabe51dbde0,s,D,QB11,15,1,UVH5s,10,0.07,-4500000.0,-4.5,583,1024,0.5693359375
01a0a58f-fa8c-7373-bce5-caabe51dbde0,s,D,QB11,15,1,UVH5s,11,0.07,-4050000.0,-4.05,595,1024,0.5810546875
01a0a58f-fa8c-7373-bce5-caabe51dbde0,s,D,QB11,15,1,UVH5s,12,0.07,-3600000.0,-3.6,565,1024,0.5517578125
01a0a58f-fa8c-7373-bce5-caabe51dbde0,s,D,QB11,15,1,UVH5s,13,0.07,-3150000.0,-3.15,564,1024,0.55078125
01a0a58f-fa8c-7373-bce5-caabe51dbde0,s,D,QB11,15,1,UVH5s,14,0.07,-2700000.0,-2.7,555,1024,0.5419921875
01a0a58f-fa8c-7373-bce5-caabe51dbde0,s,D,QB11,15,1,UVH5s,15,0.07,-2250000.0,-2.25,517,1024,0.5048828125
01a0a58f-fa8c-7373-bce5-caabe51dbde0,s,D,QB11,15,1,UVH5s,16,0.07,-1800000.0,-1.8,533,1024,0.5205078125
01a0a58f-fa8c-7373-bce5-caabe51dbde0,s,D,QB11,15,1,UVH5s,17,0.07,-1350000.0,-1.35,536,1024,0.5234375
01a0a58f-fa8c-7373-bce5-caabe51dbde0,s,D,QB11,15,1,UVH5s,18,0.07,-900000.0,-0.9,546,1024,0.533203125
01a0a58f-fa8c-7373-bce5-caabe51dbde0,s,D,QB11,15,1,UVH5s,19,0.07,-450000.0,-0.45,541,1024,0.5283203125
01a0a58f-fa8c-7373-bce5-caabe51dbde0,s,D,QB11,15,1,UVH5s,20,0.07,0.0,0.0,534,1024,0.521484375
01a0a58f-fa8c-7373-bce5-caabe51dbde0,s,D,QB11,15,1,UVH5s,21,0.07,450000.0,0.45,525,1024,0.5126953125
01a0a58f-fa8c-7373-bce5-caabe51dbde0,s,D,QB11,15,1,UVH5s,22,0.07,900000.0,0.9,519,1024,0.5068359375
01a0a58f-fa8c-7373-bce5-caabe51dbde0,s,D,QB11,15,1,UVH5s,23,0.07,1350000.0,1.35,537,1024,0.5244140625
01a0a58f-fa8c-7373-bce5-caabe51dbde0,s,D,QB11,15,1,UVH5s,24,0.07,1800000.0,1.8,553,1024,0.5400390625
01a0a58f-fa8c-7373-bce5-caabe51dbde0,s,D,QB11,15,1,UVH5s,25,0.07,2250000.0,2.25,590,1024,0.576171875
01a0a58f-fa8c-7373-bce5-caabe51dbde0,s,D,QB11,15,1,UVH5s,26,0.07,2700000.0,2.7,584,1024,0.5703125
01a0a58f-fa8c-7373-bce5-caabe51dbde0,s,D,QB11,15,1,UVH5s,27,0.07,3150000.0,3.15,578,1024,0.564453125
01a0a58f-fa8c-7373-bce5-caabe51dbde0,s,D,QB11,15,1,UVH5s,28,0.07,3600000.0,3.6,590,1024,0.576171875
01a0a58f-fa8c-7373-bce5-caabe51dbde0,s,D,QB11,15,1,UVH5s,29,0.07,4050000.0,4.05,630,1024,0.615234375
01a0a58f-fa8c-7373-bce5-caabe51dbde0,s,D,QB11,15,1,UVH5s,30,0.07,4500000.0,4.5,653,1024,0.6376953125
01a0a58f-fa8c-7373-bce5-caabe51dbde0,s,D,QB11,15,1,UVH5s,31,0.07,4950000.0,4.95,653,1024,0.6376953125
01a0a58f-fa8c-7373-bce5-caabe51dbde0,s,D,QB11,15,1,UVH5s,32,0.07,5400000.0,5.4,661,1024,0.6455078125
01a0a58f-fa8c-7373-bce5-caabe51dbde0,s,D,QB11,15,1,UVH5s,33,0.07,5850000.0,5.85,683,1024,0.6669921875
01a0a58f-fa8c-7373-bce5-caabe51dbde0,s,D,QB11,15,1,UVH5s,34,0.07,6300000.0,6.3,721,1024,0.7041015625
01a0a58f-fa8c-7373-bce5-caabe51dbde0,s,D,QB11,15,1,UVH5s,35,0.07,6750000.0,6.75,742,1024,0.724609375
01a0a58f-fa8c-7373-bce5-caabe51dbde0,s,D,QB11,15,1,UVH5s,36,0.07,7200000.0,7.2,751,1024,0.7333984375
01a0a58f-fa8c-7373-bce5-caabe51dbde0,s,D,QB11,15,1,UVH5s,37,0.07,7650000.0,7.65,783,1024,0.7646484375
01a0a58f-fa8c-7373-bce5-caabe51dbde0,s,D,QB11,15,1,UVH5s,38,0.07,8100000.0,8.1,814,1024,0.794921875
01a0a58f-fa8c-7373-bce5-caabe51dbde0,s,D,QB11,15,1,UVH5s,39,0.07,8550000.0,8.55,750,1024,0.732421875
01a0a58f-fa8c-7373-bce5-caabe51dbde0,s,D,QB11,15,1,UVH5s,40,0.07,9000000.0,9.0,801,1024,0.7822265625
01a0a58f-fa8c-7373-bce5-caabe51dbde0,s,D,QB11,15,2,UVH7s,0,0.07,-9000000.0,-9.0,575,1024,0.5615234375
01a0a58f-fa8c-7373-bce5-caabe51dbde0,s,D,QB11,15,2,UVH7s,1,0.07,-8550000.0,-8.55,573,1024,0.5595703125
01a0a58f-fa8c-7373-bce5-caabe51dbde0,s,D,QB11,15,2,UVH7s,2,0.07,-8100000.0,-8.1,587,1024,0.5732421875
01a0a58f-fa8c-7373-bce5-caabe51dbde0,s,D,QB11,15,2,UVH7s,3,0.07,-7650000.0,-7.65,530,1024,0.517578125
01a0a58f-fa8c-7373-bce5-caabe51dbde0,s,D,QB11,15,2,UVH7s,4,0.07,-7200000.0,-7.2,527,1024,0.5146484375
01a0a58f-fa8c-7373-bce5-caabe51dbde0,s,D,QB11,15,2,UVH7s,5,0.07,-6750000.0,-6.75,561,1024,0.5478515625
01a0a58f-fa8c-7373-bce5-caabe51dbde0,s,D,QB11,15,2,UVH7s,6,0.07,-6300000.0,-6.3,543,1024,0.5302734375
01a0a58f-fa8c-7373-bce5-caabe51dbde0,s,D,QB11,15,2,UVH7s,7,0.07,-5850000.0,-5.85,519,1024,0.5068359375
01a0a58f-fa8c-7373-bce5-caabe51dbde0,s,D,QB11,15,2,UVH7s,8,0.07,-5400000.0,-5.4,559,1024,0.5458984375
01a0a58f-fa8c-7373-bce5-caabe51dbde0,s,D,QB11,15,2,UVH7s,9,0.07,-4950000.0,-4.95,506,1024,0.494140625
01a0a58f-fa8c-7373-bce5-caabe51dbde0,s,D,QB11,15,2,UVH7s,10,0.07,-4500000.0,-4.5,541,1024,0.5283203125
01a0a58f-fa8c-7373-bce5-caabe51dbde0,s,D,QB11,15,2,UVH7s,11,0.07,-4050000.0,-4.05,506,1024,0.494140625
01a0a58f-fa8c-7373-bce5-caabe51dbde0,s,D,QB11,15,2,UVH7s,12,0.07,-3600000.0,-3.6,511,1024,0.4990234375
01a0a58f-fa8c-7373-bce5-caabe51dbde0,s,D,QB11,15,2,UVH7s,13,0.07,-3150000.0,-3.15,521,1024,0.5087890625
01a0a58f-fa8c-7373-bce5-caabe51dbde0,s,D,QB11,15,2,UVH7s,14,0.07,-2700000.0,-2.7,498,1024,0.486328125
01a0a58f-fa8c-7373-bce5-caabe51dbde0,s,D,QB11,15,2,UVH7s,15,0.07,-2250000.0,-2.25,527,1024,0.5146484375
01a0a58f-fa8c-7373-bce5-caabe51dbde0,s,D,QB11,15,2,UVH7s,16,0.07,-1800000.0,-1.8,503,1024,0.4912109375
01a0a58f-fa8c-7373-bce5-caabe51dbde0,s,D,QB11,15,2,UVH7s,17,0.07,-1350000.0,-1.35,521,1024,0.5087890625
01a0a58f-fa8c-7373-bce5-caabe51dbde0,s,D,QB11,15,2,UVH7s,18,0.07,-900000.0,-0.9,511,1024,0.4990234375
01a0a58f-fa8c-7373-bce5-caabe51dbde0,s,D,QB11,15,2,UVH7s,19,0.07,-450000.0,-0.45,522,1024,0.509765625
01a0a58f-fa8c-7373-bce5-caabe51dbde0,s,D,QB11,15,2,UVH7s,20,0.07,0.0,0.0,501,1024,0.4892578125
01a0a58f-fa8c-7373-bce5-caabe51dbde0,s,D,QB11,15,2,UVH7s,21,0.07,450000.0,0.45,527,1024,0.5146484375
01a0a58f-fa8c-7373-bce5-caabe51dbde0,s,D,QB11,15,2,UVH7s,22,0.07,900000.0,0.9,553,1024,0.5400390625
01a0a58f-fa8c-7373-bce5-caabe51dbde0,s,D,QB11,15,2,UVH7s,23,0.07,1350000.0,1.35,526,1024,0.513671875
01a0a58f-fa8c-7373-bce5-caabe51dbde0,s,D,QB11,15,2,UVH7s,24,0.07,1800000.0,1.8,529,1024,0.5166015625
01a0a58f-fa8c-7373-bce5-caabe51dbde0,s,D,QB11,15,2,UVH7s,25,0.07,2250000.0,2.25,548,1024,0.53515625
01a0a58f-fa8c-7373-bce5-caabe51dbde0,s,D,QB11,15,2,UVH7s,26,0.07,2700000.0,2.7,512,1024,0.5
01a0a58f-fa8c-7373-bce5-caabe51dbde0,s,D,QB11,15,2,UVH7s,27,0.07,3150000.0,3.15,536,1024,0.5234375
01a0a58f-fa8c-7373-bce5-caabe51dbde0,s,D,QB11,15,2,UVH7s,28,0.07,3600000.0,3.6,552,1024,0.5390625
01a0a58f-fa8c-7373-bce5-caabe51dbde0,s,D,QB11,15,2,UVH7s,29,0.07,4050000.0,4.05,557,1024,0.5439453125
01a0a58f-fa8c-7373-bce5-caabe51dbde0,s,D,QB11,15,2,UVH7s,30,0.07,4500000.0,4.5,570,1024,0.556640625
01a0a58f-fa8c-7373-bce5-caabe51dbde0,s,D,QB11,15,2,UVH7s,31,0.07,4950000.0,4.95,577,1024,0.5634765625
01a0a58f-fa8c-7373-bce5-caabe51dbde0,s,D,QB11,15,2,UVH7s,32,0.07,5400000.0,5.4,562,1024,0.548828125
01a0a58f-fa8c-7373-bce5-caabe51dbde0,s,D,QB11,15,2,UVH7s,33,0.07,5850000.0,5.85,605,1024,0.5908203125
01a0a58f-fa8c-7373-bce5-caabe51dbde0,s,D,QB11,15,2,UVH7s,34,0.07,6300000.0,6.3,597,1024,0.5830078125
01a0a58f-fa8c-7373-bce5-caabe51dbde0,s,D,QB11,15,2,UVH7s,35,0.07,6750000.0,6.75,621,1024,0.6064453125
01a0a58f-fa8c-7373-bce5-caabe51dbde0,s,D,QB11,15,2,UVH7s,36,0.07,7200000.0,7.2,665,1024,0.6494140625
01a0a58f-fa8c-7373-bce5-caabe51dbde0,s,D,QB11,15,2,UVH7s,37,0.07,7650000.0,7.65,656,1024,0.640625
01a0a58f-fa8c-7373-bce5-caabe51dbde0,s,D,QB11,15,2,UVH7s,38,0.07,8100000.0,8.1,664,1024,0.6484375
01a0a58f-fa8c-7373-bce5-caabe51dbde0,s,D,QB11,15,2,UVH7s,39,0.07,8550000.0,8.55,691,1024,0.6748046875
01a0a58f-fa8c-7373-bce5-caabe51dbde0,s,D,QB11,15,2,UVH7s,40,0.07,9000000.0,9.0,695,1024,0.6787109375
01a0a58f-fa8c-7373-bce5-caabe51dbde0,s,D,QB11,15,3,UVH9s,0,0.07,-9000000.0,-9.0,368,1024,0.359375
01a0a58f-fa8c-7373-bce5-caabe51dbde0,s,D,QB11,15,3,UVH9s,1,0.07,-8550000.0,-8.55,366,1024,0.357421875
01a0a58f-fa8c-7373-bce5-caabe51dbde0,s,D,QB11,15,3,UVH9s,2,0.07,-8100000.0,-8.1,385,1024,0.3759765625
01a0a58f-fa8c-7373-bce5-caabe51dbde0,s,D,QB11,15,3,UVH9s,3,0.07,-7650000.0,-7.65,424,1024,0.4140625
01a0a58f-fa8c-7373-bce5-caabe51dbde0,s,D,QB11,15,3,UVH9s,4,0.07,-7200000.0,-7.2,420,1024,0.41015625
01a0a58f-fa8c-7373-bce5-caabe51dbde0,s,D,QB11,15,3,UVH9s,5,0.07,-6750000.0,-6.75,401,1024,0.3916015625
01a0a58f-fa8c-7373-bce5-caabe51dbde0,s,D,QB11,15,3,UVH9s,6,0.07,-6300000.0,-6.3,438,1024,0.427734375
01a0a58f-fa8c-7373-bce5-caabe51dbde0,s,D,QB11,15,3,UVH9s,7,0.07,-5850000.0,-5.85,414,1024,0.404296875
01a0a58f-fa8c-7373-bce5-caabe51dbde0,s,D,QB11,15,3,UVH9s,8,0.07,-5400000.0,-5.4,441,1024,0.4306640625
01a0a58f-fa8c-7373-bce5-caabe51dbde0,s,D,QB11,15,3,UVH9s,9,0.07,-4950000.0,-4.95,417,1024,0.4072265625
01a0a58f-fa8c-7373-bce5-caabe51dbde0,s,D,QB11,15,3,UVH9s,10,0.07,-4500000.0,-4.5,478,1024,0.466796875
01a0a58f-fa8c-7373-bce5-caabe51dbde0,s,D,QB11,15,3,UVH9s,11,0.07,-4050000.0,-4.05,425,1024,0.4150390625
01a0a58f-fa8c-7373-bce5-caabe51dbde0,s,D,QB11,15,3,UVH9s,12,0.07,-3600000.0,-3.6,444,1024,0.43359375
01a0a58f-fa8c-7373-bce5-caabe51dbde0,s,D,QB11,15,3,UVH9s,13,0.07,-3150000.0,-3.15,456,1024,0.4453125
01a0a58f-fa8c-7373-bce5-caabe51dbde0,s,D,QB11,15,3,UVH9s,14,0.07,-2700000.0,-2.7,459,1024,0.4482421875
01a0a58f-fa8c-7373-bce5-caabe51dbde0,s,D,QB11,15,3,UVH9s,15,0.07,-2250000.0,-2.25,405,1024,0.3955078125
01a0a58f-fa8c-7373-bce5-caabe51dbde0,s,D,QB11,15,3,UVH9s,16,0.07,-1800000.0,-1.8,417,1024,0.4072265625
01a0a58f-fa8c-7373-bce5-caabe51dbde0,s,D,QB11,15,3,UVH9s,17,0.07,-1350000.0,-1.35,439,1024,0.4287109375
01a0a58f-fa8c-7373-bce5-caabe51dbde0,s,D,QB11,15,3,UVH9s,18,0.07,-900000.0,-0.9,447,1024,0.4365234375
01a0a58f-fa8c-7373-bce5-caabe51dbde0,s,D,QB11,15,3,UVH9s,19,0.07,-450000.0,-0.45,413,1024,0.4033203125
01a0a58f-fa8c-7373-bce5-caabe51dbde0,s,D,QB11,15,3,UVH9s,20,0.07,0.0,0.0,440,1024,0.4296875
01a0a58f-fa8c-7373-bce5-caabe51dbde0,s,D,QB11,15,3,UVH9s,21,0.07,450000.0,0.45,437,1024,0.4267578125
01a0a58f-fa8c-7373-bce5-caabe51dbde0,s,D,QB11,15,3,UVH9s,22,0.07,900000.0,0.9,434,1024,0.423828125
01a0a58f-fa8c-7373-bce5-caabe51dbde0,s,D,QB11,15,3,UVH9s,23,0.07,1350000.0,1.35,421,1024,0.4111328125
01a0a58f-fa8c-7373-bce5-caabe51dbde0,s,D,QB11,15,3,UVH9s,24,0.07,1800000.0,1.8,448,1024,0.4375
01a0a58f-fa8c-7373-bce5-caabe51dbde0,s,D,QB11,15,3,UVH9s,25,0.07,2250000.0,2.25,484,1024,0.47265625
01a0a58f-fa8c-7373-bce5-caabe51dbde0,s,D,QB11,15,3,UVH9s,26,0.07,2700000.0,2.7,450,1024,0.439453125
01a0a58f-fa8c-7373-bce5-caabe51dbde0,s,D,QB11,15,3,UVH9s,27,0.07,3150000.0,3.15,434,1024,0.423828125
01a0a58f-fa8c-7373-bce5-caabe51dbde0,s,D,QB11,15,3,UVH9s,28,0.07,3600000.0,3.6,435,1024,0.4248046875
01a0a58f-fa8c-7373-bce5-caabe51dbde0,s,D,QB11,15,3,UVH9s,29,0.07,4050000.0,4.05,443,1024,0.4326171875
01a0a58f-fa8c-7373-bce5-caabe51dbde0,s,D,QB11,15,3,UVH9s,30,0.07,4500000.0,4.5,452,1024,0.44140625
01a0a58f-fa8c-7373-bce5-caabe51dbde0,s,D,QB11,15,3,UVH9s,31,0.07,4950000.0,4.95,412,1024,0.40234375
01a0a58f-fa8c-7373-bce5-caabe51dbde0,s,D,QB11,15,3,UVH9s,32,0.07,5400000.0,5.4,400,1024,0.390625
01a0a58f-fa8c-7373-bce5-caabe51dbde0,s,D,QB11,15,3,UVH9s,33,0.07,5850000.0,5.85,401,1024,0.3916015625
01a0a58f-fa8c-7373-bce5-caabe51dbde0,s,D,QB11,15,3,UVH9s,34,0.07,6300000.0,6.3,394,1024,0.384765625
01a0a58f-fa8c-7373-bce5-caabe51dbde0,s,D,QB11,15,3,UVH9s,35,0.07,6750000.0,6.75,389,1024,0.3798828125
01a0a58f-fa8c-7373-bce5-caabe51dbde0,s,D,QB11,15,3,UVH9s,36,0.07,7200000.0,7.2,381,1024,0.3720703125
01a0a58f-fa8c-7373-bce5-caabe51dbde0,s,D,QB11,15,3,UVH9s,37,0.07,7650000.0,7.65,332,1024,0.32421875
01a0a58f-fa8c-7373-bce5-caabe51dbde0,s,D,QB11,15,3,UVH9s,38,0.07,8100000.0,8.1,303,1024,0.2958984375
01a0a58f-fa8c-7373-bce5-caabe51dbde0,s,D,QB11,15,3,UVH9s,39,0.07,8550000.0,8.55,305,1024,0.2978515625
01a0a58f-fa8c-7373-bce5-caabe51dbde0,s,D,QB11,15,3,UVH9s,40,0.07,9000000.0,9.0,323,1024,0.3154296875
01a0a58f-fa8c-7373-bce5-caabe51dbde0,s,D,QB11,15,4,UVH11s,0,0.07,-9000000.0,-9.0,564,1024,0.55078125
01a0a58f-fa8c-7373-bce5-caabe51dbde0,s,D,QB11,15,4,UVH11s,1,0.07,-8550000.0,-8.55,597,1024,0.5830078125
01a0a58f-fa8c-7373-bce5-caabe51dbde0,s,D,QB11,15,4,UVH11s,2,0.07,-8100000.0,-8.1,546,1024,0.533203125
01a0a58f-fa8c-7373-bce5-caabe51dbde0,s,D,QB11,15,4,UVH11s,3,0.07,-7650000.0,-7.65,554,1024,0.541015625
01a0a58f-fa8c-7373-bce5-caabe51dbde0,s,D,QB11,15,4,UVH11s,4,0.07,-7200000.0,-7.2,559,1024,0.5458984375
01a0a58f-fa8c-7373-bce5-caabe51dbde0,s,D,QB11,15,4,UVH11s,5,0.07,-6750000.0,-6.75,559,1024,0.5458984375
01a0a58f-fa8c-7373-bce5-caabe51dbde0,s,D,QB11,15,4,UVH11s,6,0.07,-6300000.0,-6.3,608,1024,0.59375
01a0a58f-fa8c-7373-bce5-caabe51dbde0,s,D,QB11,15,4,UVH11s,7,0.07,-5850000.0,-5.85,545,1024,0.5322265625
01a0a58f-fa8c-7373-bce5-caabe51dbde0,s,D,QB11,15,4,UVH11s,8,0.07,-5400000.0,-5.4,542,1024,0.529296875
01a0a58f-fa8c-7373-bce5-caabe51dbde0,s,D,QB11,15,4,UVH11s,9,0.07,-4950000.0,-4.95,541,1024,0.5283203125
01a0a58f-fa8c-7373-bce5-caabe51dbde0,s,D,QB11,15,4,UVH11s,10,0.07,-4500000.0,-4.5,568,1024,0.5546875
01a0a58f-fa8c-7373-bce5-caabe51dbde0,s,D,QB11,15,4,UVH11s,11,0.07,-4050000.0,-4.05,544,1024,0.53125
01a0a58f-fa8c-7373-bce5-caabe51dbde0,s,D,QB11,15,4,UVH11s,12,0.07,-3600000.0,-3.6,568,1024,0.5546875
01a0a58f-fa8c-7373-bce5-caabe51dbde0,s,D,QB11,15,4,UVH11s,13,0.07,-3150000.0,-3.15,553,1024,0.5400390625
01a0a58f-fa8c-7373-bce5-caabe51dbde0,s,D,QB11,15,4,UVH11s,14,0.07,-2700000.0,-2.7,557,1024,0.5439453125
01a0a58f-fa8c-7373-bce5-caabe51dbde0,s,D,QB11,15,4,UVH11s,15,0.07,-2250000.0,-2.25,559,1024,0.5458984375
01a0a58f-fa8c-7373-bce5-caabe51dbde0,s,D,QB11,15,4,UVH11s,16,0.07,-1800000.0,-1.8,577,1024,0.5634765625
01a0a58f-fa8c-7373-bce5-caabe51dbde0,s,D,QB11,15,4,UVH11s,17,0.07,-1350000.0,-1.35,588,1024,0.57421875
01a0a58f-fa8c-7373-bce5-caabe51dbde0,s,D,QB11,15,4,UVH11s,18,0.07,-900000.0,-0.9,552,1024,0.5390625
01a0a58f-fa8c-7373-bce5-caabe51dbde0,s,D,QB11,15,4,UVH11s,19,0.07,-450000.0,-0.45,567,1024,0.5537109375
01a0a58f-fa8c-7373-bce5-caabe51dbde0,s,D,QB11,15,4,UVH11s,20,0.07,0.0,0.0,536,1024,0.5234375
01a0a58f-fa8c-7373-bce5-caabe51dbde0,s,D,QB11,15,4,UVH11s,21,0.07,450000.0,0.45,576,1024,0.5625
01a0a58f-fa8c-7373-bce5-caabe51dbde0,s,D,QB11,15,4,UVH11s,22,0.07,900000.0,0.9,570,1024,0.556640625
01a0a58f-fa8c-7373-bce5-caabe51dbde0,s,D,QB11,15,4,UVH11s,23,0.07,1350000.0,1.35,530,1024,0.517578125
01a0a58f-fa8c-7373-bce5-caabe51dbde0,s,D,QB11,15,4,UVH11s,24,0.07,1800000.0,1.8,550,1024,0.537109375
01a0a58f-fa8c-7373-bce5-caabe51dbde0,s,D,QB11,15,4,UVH11s,25,0.07,2250000.0,2.25,579,1024,0.5654296875
01a0a58f-fa8c-7373-bce5-caabe51dbde0,s,D,QB11,15,4,UVH11s,26,0.07,2700000.0,2.7,536,1024,0.5234375
01a0a58f-fa8c-7373-bce5-caabe51dbde0,s,D,QB11,15,4,UVH11s,27,0.07,3150000.0,3.15,555,1024,0.5419921875
01a0a58f-fa8c-7373-bce5-caabe51dbde0,s,D,QB11,15,4,UVH11s,28,0.07,3600000.0,3.6,549,1024,0.5361328125
01a0a58f-fa8c-7373-bce5-caabe51dbde0,s,D,QB11,15,4,UVH11s,29,0.07,4050000.0,4.05,550,1024,0.537109375
01a0a58f-fa8c-7373-bce5-caabe51dbde0,s,D,QB11,15,4,UVH11s,30,0.07,4500000.0,4.5,541,1024,0.5283203125
01a0a58f-fa8c-7373-bce5-caabe51dbde0,s,D,QB11,15,4,UVH11s,31,0.07,4950000.0,4.95,566,1024,0.552734375
01a0a58f-fa8c-7373-bce5-caabe51dbde0,s,D,QB11,15,4,UVH11s,32,0.07,5400000.0,5.4,579,1024,0.5654296875
01a0a58f-fa8c-7373-bce5-caabe51dbde0,s,D,QB11,15,4,UVH11s,33,0.07,5850000.0,5.85,573,1024,0.5595703125
01a0a58f-fa8c-7373-bce5-caabe51dbde0,s,D,QB11,15,4,UVH11s,34,0.07,6300000.0,6.3,553,1024,0.5400390625
01a0a58f-fa8c-7373-bce5-caabe51dbde0,s,D,QB11,15,4,UVH11s,35,0.07,6750000.0,6.75,531,1024,0.5185546875
01a0a58f-fa8c-7373-bce5-caabe51dbde0,s,D,QB11,15,4,UVH11s,36,0.07,7200000.0,7.2,528,1024,0.515625
01a0a58f-fa8c-7373-bce5-caabe51dbde0,s,D,QB11,15,4,UVH11s,37,0.07,7650000.0,7.65,546,1024,0.533203125
01a0a58f-fa8c-7373-bce5-caabe51dbde0,s,D,QB11,15,4,UVH11s,38,0.07,8100000.0,8.1,564,1024,0.55078125
01a0a58f-fa8c-7373-bce5-caabe51dbde0,s,D,QB11,15,4,UVH11s,39,0.07,8550000.0,8.55,560,1024,0.546875
01a0a58f-fa8c-7373-bce5-caabe51dbde0,s,D,QB11,15,4,UVH11s,40,0.07,9000000.0,9.0,520,1024,0.5078125
01a0a58f-fa8c-7373-bce5-caabe51dbde0,s,D,QB11,15,5,UVH13s,0,0.07,-9000000.0,-9.0,639,1024,0.6240234375
01a0a58f-fa8c-7373-bce5-caabe51dbde0,s,D,QB11,15,5,UVH13s,1,0.07,-8550000.0,-8.55,608,1024,0.59375
01a0a58f-fa8c-7373-bce5-caabe51dbde0,s,D,QB11,15,5,UVH13s,2,0.07,-8100000.0,-8.1,580,1024,0.56640625
01a0a58f-fa8c-7373-bce5-caabe51dbde0,s,D,QB11,15,5,UVH13s,3,0.07,-7650000.0,-7.65,577,1024,0.5634765625
01a0a58f-fa8c-7373-bce5-caabe51dbde0,s,D,QB11,15,5,UVH13s,4,0.07,-7200000.0,-7.2,558,1024,0.544921875
01a0a58f-fa8c-7373-bce5-caabe51dbde0,s,D,QB11,15,5,UVH13s,5,0.07,-6750000.0,-6.75,555,1024,0.5419921875
01a0a58f-fa8c-7373-bce5-caabe51dbde0,s,D,QB11,15,5,UVH13s,6,0.07,-6300000.0,-6.3,538,1024,0.525390625
01a0a58f-fa8c-7373-bce5-caabe51dbde0,s,D,QB11,15,5,UVH13s,7,0.07,-5850000.0,-5.85,538,1024,0.525390625
01a0a58f-fa8c-7373-bce5-caabe51dbde0,s,D,QB11,15,5,UVH13s,8,0.07,-5400000.0,-5.4,540,1024,0.52734375
01a0a58f-fa8c-7373-bce5-caabe51dbde0,s,D,QB11,15,5,UVH13s,9,0.07,-4950000.0,-4.95,536,1024,0.5234375
01a0a58f-fa8c-7373-bce5-caabe51dbde0,s,D,QB11,15,5,UVH13s,10,0.07,-4500000.0,-4.5,525,1024,0.5126953125
01a0a58f-fa8c-7373-bce5-caabe51dbde0,s,D,QB11,15,5,UVH13s,11,0.07,-4050000.0,-4.05,501,1024,0.4892578125
01a0a58f-fa8c-7373-bce5-caabe51dbde0,s,D,QB11,15,5,UVH13s,12,0.07,-3600000.0,-3.6,525,1024,0.5126953125
01a0a58f-fa8c-7373-bce5-caabe51dbde0,s,D,QB11,15,5,UVH13s,13,0.07,-3150000.0,-3.15,523,1024,0.5107421875
01a0a58f-fa8c-7373-bce5-caabe51dbde0,s,D,QB11,15,5,UVH13s,14,0.07,-2700000.0,-2.7,530,1024,0.517578125
01a0a58f-fa8c-7373-bce5-caabe51dbde0,s,D,QB11,15,5,UVH13s,15,0.07,-2250000.0,-2.25,520,1024,0.5078125
01a0a58f-fa8c-7373-bce5-caabe51dbde0,s,D,QB11,15,5,UVH13s,16,0.07,-1800000.0,-1.8,489,1024,0.4775390625
01a0a58f-fa8c-7373-bce5-caabe51dbde0,s,D,QB11,15,5,UVH13s,17,0.07,-1350000.0,-1.35,514,1024,0.501953125
01a0a58f-fa8c-7373-bce5-caabe51dbde0,s,D,QB11,15,5,UVH13s,18,0.07,-900000.0,-0.9,526,1024,0.513671875
01a0a58f-fa8c-7373-bce5-caabe51dbde0,s,D,QB11,15,5,UVH13s,19,0.07,-450000.0,-0.45,502,1024,0.490234375
01a0a58f-fa8c-7373-bce5-caabe51dbde0,s,D,QB11,15,5,UVH13s,20,0.07,0.0,0.0,523,1024,0.5107421875
01a0a58f-fa8c-7373-bce5-caabe51dbde0,s,D,QB11,15,5,UVH13s,21,0.07,450000.0,0.45,509,1024,0.4970703125
01a0a58f-fa8c-7373-bce5-caabe51dbde0,s,D,QB11,15,5,UVH13s,22,0.07,900000.0,0.9,517,1024,0.5048828125
01a0a58f-fa8c-7373-bce5-caabe51dbde0,s,D,QB11,15,5,UVH13s,23,0.07,1350000.0,1.35,505,1024,0.4931640625
01a0a58f-fa8c-7373-bce5-caabe51dbde0,s,D,QB11,15,5,UVH13s,24,0.07,1800000.0,1.8,506,1024,0.494140625
01a0a58f-fa8c-7373-bce5-caabe51dbde0,s,D,QB11,15,5,UVH13s,25,0.07,2250000.0,2.25,495,1024,0.4833984375
01a0a58f-fa8c-7373-bce5-caabe51dbde0,s,D,QB11,15,5,UVH13s,26,0.07,2700000.0,2.7,513,1024,0.5009765625
01a0a58f-fa8c-7373-bce5-caabe51dbde0,s,D,QB11,15,5,UVH13s,27,0.07,3150000.0,3.15,504,1024,0.4921875
01a0a58f-fa8c-7373-bce5-caabe51dbde0,s,D,QB11,15,5,UVH13s,28,0.07,3600000.0,3.6,513,1024,0.5009765625
01a0a58f-fa8c-7373-bce5-caabe51dbde0,s,D,QB11,15,5,UVH13s,29,0.07,4050000.0,4.05,499,1024,0.4873046875
01a0a58f-fa8c-7373-bce5-caabe51dbde0,s,D,QB11,15,5,UVH13s,30,0.07,4500000.0,4.5,487,1024,0.4755859375
01a0a58f-fa8c-7373-bce5-caabe51dbde0,s,D,QB11,15,5,UVH13s,31,0.07,4950000.0,4.95,512,1024,0.5
01a0a58f-fa8c-7373-bce5-caabe51dbde0,s,D,QB11,15,5,UVH13s,32,0.07,5400000.0,5.4,503,1024,0.4912109375
01a0a58f-fa8c-7373-bce5-caabe51dbde0,s,D,QB11,15,5,UVH13s,33,0.07,5850000.0,5.85,473,1024,0.4619140625
01a0a58f-fa8c-7373-bce5-caabe51dbde0,s,D,QB11,15,5,UVH13s,34,0.07,6300000.0,6.3,507,1024,0.4951171875
01a0a58f-fa8c-7373-bce5-caabe51dbde0,s,D,QB11,15,5,UVH13s,35,0.07,6750000.0,6.75,506,1024,0.494140625
01a0a58f-fa8c-7373-bce5-caabe51dbde0,s,D,QB11,15,5,UVH13s,36,0.07,7200000.0,7.2,485,1024,0.4736328125
01a0a58f-fa8c-7373-bce5-caabe51dbde0,s,D,QB11,15,5,UVH13s,37,0.07,7650000.0,7.65,482,1024,0.470703125
01a0a58f-fa8c-7373-bce5-caabe51dbde0,s,D,QB11,15,5,UVH13s,38,0.07,8100000.0,8.1,505,1024,0.4931640625
01a0a58f-fa8c-7373-bce5-caabe51dbde0,s,D,QB11,15,5,UVH13s,39,0.07,8550000.0,8.55,539,1024,0.5263671875
01a0a58f-fa8c-7373-bce5-caabe51dbde0,s,D,QB11,15,5,UVH13s,40,0.07,9000000.0,9.0,511,1024,0.4990234375
01a0a58f-fa8c-7373-bce5-caabe51dbde0,s,D,QB16,16,0,standard_pi_2,0,0.07,-9000000.0,-9.0,608,1024,0.59375
01a0a58f-fa8c-7373-bce5-caabe51dbde0,s,D,QB16,16,0,standard_pi_2,1,0.07,-8550000.0,-8.55,584,1024,0.5703125
01a0a58f-fa8c-7373-bce5-caabe51dbde0,s,D,QB16,16,0,standard_pi_2,2,0.07,-8100000.0,-8.1,597,1024,0.5830078125
01a0a58f-fa8c-7373-bce5-caabe51dbde0,s,D,QB16,16,0,standard_pi_2,3,0.07,-7650000.0,-7.65,588,1024,0.57421875
01a0a58f-fa8c-7373-bce5-caabe51dbde0,s,D,QB16,16,0,standard_pi_2,4,0.07,-7200000.0,-7.2,568,1024,0.5546875
01a0a58f-fa8c-7373-bce5-caabe51dbde0,s,D,QB16,16,0,standard_pi_2,5,0.07,-6750000.0,-6.75,602,1024,0.587890625
01a0a58f-fa8c-7373-bce5-caabe51dbde0,s,D,QB16,16,0,standard_pi_2,6,0.07,-6300000.0,-6.3,599,1024,0.5849609375
01a0a58f-fa8c-7373-bce5-caabe51dbde0,s,D,QB16,16,0,standard_pi_2,7,0.07,-5850000.0,-5.85,561,1024,0.5478515625
01a0a58f-fa8c-7373-bce5-caabe51dbde0,s,D,QB16,16,0,standard_pi_2,8,0.07,-5400000.0,-5.4,583,1024,0.5693359375
01a0a58f-fa8c-7373-bce5-caabe51dbde0,s,D,QB16,16,0,standard_pi_2,9,0.07,-4950000.0,-4.95,589,1024,0.5751953125
01a0a58f-fa8c-7373-bce5-caabe51dbde0,s,D,QB16,16,0,standard_pi_2,10,0.07,-4500000.0,-4.5,572,1024,0.55859375
01a0a58f-fa8c-7373-bce5-caabe51dbde0,s,D,QB16,16,0,standard_pi_2,11,0.07,-4050000.0,-4.05,573,1024,0.5595703125
01a0a58f-fa8c-7373-bce5-caabe51dbde0,s,D,QB16,16,0,standard_pi_2,12,0.07,-3600000.0,-3.6,573,1024,0.5595703125
01a0a58f-fa8c-7373-bce5-caabe51dbde0,s,D,QB16,16,0,standard_pi_2,13,0.07,-3150000.0,-3.15,580,1024,0.56640625
01a0a58f-fa8c-7373-bce5-caabe51dbde0,s,D,QB16,16,0,standard_pi_2,14,0.07,-2700000.0,-2.7,571,1024,0.5576171875
01a0a58f-fa8c-7373-bce5-caabe51dbde0,s,D,QB16,16,0,standard_pi_2,15,0.07,-2250000.0,-2.25,566,1024,0.552734375
01a0a58f-fa8c-7373-bce5-caabe51dbde0,s,D,QB16,16,0,standard_pi_2,16,0.07,-1800000.0,-1.8,557,1024,0.5439453125
01a0a58f-fa8c-7373-bce5-caabe51dbde0,s,D,QB16,16,0,standard_pi_2,17,0.07,-1350000.0,-1.35,544,1024,0.53125
01a0a58f-fa8c-7373-bce5-caabe51dbde0,s,D,QB16,16,0,standard_pi_2,18,0.07,-900000.0,-0.9,554,1024,0.541015625
01a0a58f-fa8c-7373-bce5-caabe51dbde0,s,D,QB16,16,0,standard_pi_2,19,0.07,-450000.0,-0.45,524,1024,0.51171875
01a0a58f-fa8c-7373-bce5-caabe51dbde0,s,D,QB16,16,0,standard_pi_2,20,0.07,0.0,0.0,567,1024,0.5537109375
01a0a58f-fa8c-7373-bce5-caabe51dbde0,s,D,QB16,16,0,standard_pi_2,21,0.07,450000.0,0.45,521,1024,0.5087890625
01a0a58f-fa8c-7373-bce5-caabe51dbde0,s,D,QB16,16,0,standard_pi_2,22,0.07,900000.0,0.9,563,1024,0.5498046875
01a0a58f-fa8c-7373-bce5-caabe51dbde0,s,D,QB16,16,0,standard_pi_2,23,0.07,1350000.0,1.35,544,1024,0.53125
01a0a58f-fa8c-7373-bce5-caabe51dbde0,s,D,QB16,16,0,standard_pi_2,24,0.07,1800000.0,1.8,570,1024,0.556640625
01a0a58f-fa8c-7373-bce5-caabe51dbde0,s,D,QB16,16,0,standard_pi_2,25,0.07,2250000.0,2.25,556,1024,0.54296875
01a0a58f-fa8c-7373-bce5-caabe51dbde0,s,D,QB16,16,0,standard_pi_2,26,0.07,2700000.0,2.7,515,1024,0.5029296875
01a0a58f-fa8c-7373-bce5-caabe51dbde0,s,D,QB16,16,0,standard_pi_2,27,0.07,3150000.0,3.15,538,1024,0.525390625
01a0a58f-fa8c-7373-bce5-caabe51dbde0,s,D,QB16,16,0,standard_pi_2,28,0.07,3600000.0,3.6,544,1024,0.53125
01a0a58f-fa8c-7373-bce5-caabe51dbde0,s,D,QB16,16,0,standard_pi_2,29,0.07,4050000.0,4.05,524,1024,0.51171875
01a0a58f-fa8c-7373-bce5-caabe51dbde0,s,D,QB16,16,0,standard_pi_2,30,0.07,4500000.0,4.5,530,1024,0.517578125
01a0a58f-fa8c-7373-bce5-caabe51dbde0,s,D,QB16,16,0,standard_pi_2,31,0.07,4950000.0,4.95,525,1024,0.5126953125
01a0a58f-fa8c-7373-bce5-caabe51dbde0,s,D,QB16,16,0,standard_pi_2,32,0.07,5400000.0,5.4,551,1024,0.5380859375
01a0a58f-fa8c-7373-bce5-caabe51dbde0,s,D,QB16,16,0,standard_pi_2,33,0.07,5850000.0,5.85,544,1024,0.53125
01a0a58f-fa8c-7373-bce5-caabe51dbde0,s,D,QB16,16,0,standard_pi_2,34,0.07,6300000.0,6.3,535,1024,0.5224609375
01a0a58f-fa8c-7373-bce5-caabe51dbde0,s,D,QB16,16,0,standard_pi_2,35,0.07,6750000.0,6.75,530,1024,0.517578125
01a0a58f-fa8c-7373-bce5-caabe51dbde0,s,D,QB16,16,0,standard_pi_2,36,0.07,7200000.0,7.2,507,1024,0.4951171875
01a0a58f-fa8c-7373-bce5-caabe51dbde0,s,D,QB16,16,0,standard_pi_2,37,0.07,7650000.0,7.65,494,1024,0.482421875
01a0a58f-fa8c-7373-bce5-caabe51dbde0,s,D,QB16,16,0,standard_pi_2,38,0.07,8100000.0,8.1,514,1024,0.501953125
01a0a58f-fa8c-7373-bce5-caabe51dbde0,s,D,QB16,16,0,standard_pi_2,39,0.07,8550000.0,8.55,540,1024,0.52734375
01a0a58f-fa8c-7373-bce5-caabe51dbde0,s,D,QB16,16,0,standard_pi_2,40,0.07,9000000.0,9.0,508,1024,0.49609375
01a0a58f-fa8c-7373-bce5-caabe51dbde0,s,D,QB16,16,1,UVH5s,0,0.07,-9000000.0,-9.0,611,1024,0.5966796875
01a0a58f-fa8c-7373-bce5-caabe51dbde0,s,D,QB16,16,1,UVH5s,1,0.07,-8550000.0,-8.55,645,1024,0.6298828125
01a0a58f-fa8c-7373-bce5-caabe51dbde0,s,D,QB16,16,1,UVH5s,2,0.07,-8100000.0,-8.1,616,1024,0.6015625
01a0a58f-fa8c-7373-bce5-caabe51dbde0,s,D,QB16,16,1,UVH5s,3,0.07,-7650000.0,-7.65,596,1024,0.58203125
01a0a58f-fa8c-7373-bce5-caabe51dbde0,s,D,QB16,16,1,UVH5s,4,0.07,-7200000.0,-7.2,618,1024,0.603515625
01a0a58f-fa8c-7373-bce5-caabe51dbde0,s,D,QB16,16,1,UVH5s,5,0.07,-6750000.0,-6.75,578,1024,0.564453125
01a0a58f-fa8c-7373-bce5-caabe51dbde0,s,D,QB16,16,1,UVH5s,6,0.07,-6300000.0,-6.3,599,1024,0.5849609375
01a0a58f-fa8c-7373-bce5-caabe51dbde0,s,D,QB16,16,1,UVH5s,7,0.07,-5850000.0,-5.85,580,1024,0.56640625
01a0a58f-fa8c-7373-bce5-caabe51dbde0,s,D,QB16,16,1,UVH5s,8,0.07,-5400000.0,-5.4,556,1024,0.54296875
01a0a58f-fa8c-7373-bce5-caabe51dbde0,s,D,QB16,16,1,UVH5s,9,0.07,-4950000.0,-4.95,562,1024,0.548828125
01a0a58f-fa8c-7373-bce5-caabe51dbde0,s,D,QB16,16,1,UVH5s,10,0.07,-4500000.0,-4.5,539,1024,0.5263671875
01a0a58f-fa8c-7373-bce5-caabe51dbde0,s,D,QB16,16,1,UVH5s,11,0.07,-4050000.0,-4.05,549,1024,0.5361328125
01a0a58f-fa8c-7373-bce5-caabe51dbde0,s,D,QB16,16,1,UVH5s,12,0.07,-3600000.0,-3.6,522,1024,0.509765625
01a0a58f-fa8c-7373-bce5-caabe51dbde0,s,D,QB16,16,1,UVH5s,13,0.07,-3150000.0,-3.15,511,1024,0.4990234375
01a0a58f-fa8c-7373-bce5-caabe51dbde0,s,D,QB16,16,1,UVH5s,14,0.07,-2700000.0,-2.7,496,1024,0.484375
01a0a58f-fa8c-7373-bce5-caabe51dbde0,s,D,QB16,16,1,UVH5s,15,0.07,-2250000.0,-2.25,474,1024,0.462890625
01a0a58f-fa8c-7373-bce5-caabe51dbde0,s,D,QB16,16,1,UVH5s,16,0.07,-1800000.0,-1.8,506,1024,0.494140625
01a0a58f-fa8c-7373-bce5-caabe51dbde0,s,D,QB16,16,1,UVH5s,17,0.07,-1350000.0,-1.35,452,1024,0.44140625
01a0a58f-fa8c-7373-bce5-caabe51dbde0,s,D,QB16,16,1,UVH5s,18,0.07,-900000.0,-0.9,473,1024,0.4619140625
01a0a58f-fa8c-7373-bce5-caabe51dbde0,s,D,QB16,16,1,UVH5s,19,0.07,-450000.0,-0.45,453,1024,0.4423828125
01a0a58f-fa8c-7373-bce5-caabe51dbde0,s,D,QB16,16,1,UVH5s,20,0.07,0.0,0.0,485,1024,0.4736328125
01a0a58f-fa8c-7373-bce5-caabe51dbde0,s,D,QB16,16,1,UVH5s,21,0.07,450000.0,0.45,501,1024,0.4892578125
01a0a58f-fa8c-7373-bce5-caabe51dbde0,s,D,QB16,16,1,UVH5s,22,0.07,900000.0,0.9,491,1024,0.4794921875
01a0a58f-fa8c-7373-bce5-caabe51dbde0,s,D,QB16,16,1,UVH5s,23,0.07,1350000.0,1.35,472,1024,0.4609375
01a0a58f-fa8c-7373-bce5-caabe51dbde0,s,D,QB16,16,1,UVH5s,24,0.07,1800000.0,1.8,493,1024,0.4814453125
01a0a58f-fa8c-7373-bce5-caabe51dbde0,s,D,QB16,16,1,UVH5s,25,0.07,2250000.0,2.25,528,1024,0.515625
01a0a58f-fa8c-7373-bce5-caabe51dbde0,s,D,QB16,16,1,UVH5s,26,0.07,2700000.0,2.7,508,1024,0.49609375
01a0a58f-fa8c-7373-bce5-caabe51dbde0,s,D,QB16,16,1,UVH5s,27,0.07,3150000.0,3.15,555,1024,0.5419921875
01a0a58f-fa8c-7373-bce5-caabe51dbde0,s,D,QB16,16,1,UVH5s,28,0.07,3600000.0,3.6,548,1024,0.53515625
01a0a58f-fa8c-7373-bce5-caabe51dbde0,s,D,QB16,16,1,UVH5s,29,0.07,4050000.0,4.05,541,1024,0.5283203125
01a0a58f-fa8c-7373-bce5-caabe51dbde0,s,D,QB16,16,1,UVH5s,30,0.07,4500000.0,4.5,578,1024,0.564453125
01a0a58f-fa8c-7373-bce5-caabe51dbde0,s,D,QB16,16,1,UVH5s,31,0.07,4950000.0,4.95,611,1024,0.5966796875
01a0a58f-fa8c-7373-bce5-caabe51dbde0,s,D,QB16,16,1,UVH5s,32,0.07,5400000.0,5.4,590,1024,0.576171875
01a0a58f-fa8c-7373-bce5-caabe51dbde0,s,D,QB16,16,1,UVH5s,33,0.07,5850000.0,5.85,645,1024,0.6298828125
01a0a58f-fa8c-7373-bce5-caabe51dbde0,s,D,QB16,16,1,UVH5s,34,0.07,6300000.0,6.3,631,1024,0.6162109375
01a0a58f-fa8c-7373-bce5-caabe51dbde0,s,D,QB16,16,1,UVH5s,35,0.07,6750000.0,6.75,663,1024,0.6474609375
01a0a58f-fa8c-7373-bce5-caabe51dbde0,s,D,QB16,16,1,UVH5s,36,0.07,7200000.0,7.2,703,1024,0.6865234375
01a0a58f-fa8c-7373-bce5-caabe51dbde0,s,D,QB16,16,1,UVH5s,37,0.07,7650000.0,7.65,693,1024,0.6767578125
01a0a58f-fa8c-7373-bce5-caabe51dbde0,s,D,QB16,16,1,UVH5s,38,0.07,8100000.0,8.1,710,1024,0.693359375
01a0a58f-fa8c-7373-bce5-caabe51dbde0,s,D,QB16,16,1,UVH5s,39,0.07,8550000.0,8.55,733,1024,0.7158203125
01a0a58f-fa8c-7373-bce5-caabe51dbde0,s,D,QB16,16,1,UVH5s,40,0.07,9000000.0,9.0,722,1024,0.705078125
01a0a58f-fa8c-7373-bce5-caabe51dbde0,s,D,QB16,16,2,UVH7s,0,0.07,-9000000.0,-9.0,533,1024,0.5205078125
01a0a58f-fa8c-7373-bce5-caabe51dbde0,s,D,QB16,16,2,UVH7s,1,0.07,-8550000.0,-8.55,533,1024,0.5205078125
01a0a58f-fa8c-7373-bce5-caabe51dbde0,s,D,QB16,16,2,UVH7s,2,0.07,-8100000.0,-8.1,509,1024,0.4970703125
01a0a58f-fa8c-7373-bce5-caabe51dbde0,s,D,QB16,16,2,UVH7s,3,0.07,-7650000.0,-7.65,495,1024,0.4833984375
01a0a58f-fa8c-7373-bce5-caabe51dbde0,s,D,QB16,16,2,UVH7s,4,0.07,-7200000.0,-7.2,520,1024,0.5078125
01a0a58f-fa8c-7373-bce5-caabe51dbde0,s,D,QB16,16,2,UVH7s,5,0.07,-6750000.0,-6.75,550,1024,0.537109375
01a0a58f-fa8c-7373-bce5-caabe51dbde0,s,D,QB16,16,2,UVH7s,6,0.07,-6300000.0,-6.3,504,1024,0.4921875
01a0a58f-fa8c-7373-bce5-caabe51dbde0,s,D,QB16,16,2,UVH7s,7,0.07,-5850000.0,-5.85,558,1024,0.544921875
01a0a58f-fa8c-7373-bce5-caabe51dbde0,s,D,QB16,16,2,UVH7s,8,0.07,-5400000.0,-5.4,506,1024,0.494140625
01a0a58f-fa8c-7373-bce5-caabe51dbde0,s,D,QB16,16,2,UVH7s,9,0.07,-4950000.0,-4.95,491,1024,0.4794921875
01a0a58f-fa8c-7373-bce5-caabe51dbde0,s,D,QB16,16,2,UVH7s,10,0.07,-4500000.0,-4.5,500,1024,0.48828125
01a0a58f-fa8c-7373-bce5-caabe51dbde0,s,D,QB16,16,2,UVH7s,11,0.07,-4050000.0,-4.05,483,1024,0.4716796875
01a0a58f-fa8c-7373-bce5-caabe51dbde0,s,D,QB16,16,2,UVH7s,12,0.07,-3600000.0,-3.6,506,1024,0.494140625
01a0a58f-fa8c-7373-bce5-caabe51dbde0,s,D,QB16,16,2,UVH7s,13,0.07,-3150000.0,-3.15,488,1024,0.4765625
01a0a58f-fa8c-7373-bce5-caabe51dbde0,s,D,QB16,16,2,UVH7s,14,0.07,-2700000.0,-2.7,469,1024,0.4580078125
01a0a58f-fa8c-7373-bce5-caabe51dbde0,s,D,QB16,16,2,UVH7s,15,0.07,-2250000.0,-2.25,503,1024,0.4912109375
01a0a58f-fa8c-7373-bce5-caabe51dbde0,s,D,QB16,16,2,UVH7s,16,0.07,-1800000.0,-1.8,463,1024,0.4521484375
01a0a58f-fa8c-7373-bce5-caabe51dbde0,s,D,QB16,16,2,UVH7s,17,0.07,-1350000.0,-1.35,456,1024,0.4453125
01a0a58f-fa8c-7373-bce5-caabe51dbde0,s,D,QB16,16,2,UVH7s,18,0.07,-900000.0,-0.9,470,1024,0.458984375
01a0a58f-fa8c-7373-bce5-caabe51dbde0,s,D,QB16,16,2,UVH7s,19,0.07,-450000.0,-0.45,497,1024,0.4853515625
01a0a58f-fa8c-7373-bce5-caabe51dbde0,s,D,QB16,16,2,UVH7s,20,0.07,0.0,0.0,493,1024,0.4814453125
01a0a58f-fa8c-7373-bce5-caabe51dbde0,s,D,QB16,16,2,UVH7s,21,0.07,450000.0,0.45,501,1024,0.4892578125
01a0a58f-fa8c-7373-bce5-caabe51dbde0,s,D,QB16,16,2,UVH7s,22,0.07,900000.0,0.9,492,1024,0.48046875
01a0a58f-fa8c-7373-bce5-caabe51dbde0,s,D,QB16,16,2,UVH7s,23,0.07,1350000.0,1.35,491,1024,0.4794921875
01a0a58f-fa8c-7373-bce5-caabe51dbde0,s,D,QB16,16,2,UVH7s,24,0.07,1800000.0,1.8,493,1024,0.4814453125
01a0a58f-fa8c-7373-bce5-caabe51dbde0,s,D,QB16,16,2,UVH7s,25,0.07,2250000.0,2.25,494,1024,0.482421875
01a0a58f-fa8c-7373-bce5-caabe51dbde0,s,D,QB16,16,2,UVH7s,26,0.07,2700000.0,2.7,492,1024,0.48046875
01a0a58f-fa8c-7373-bce5-caabe51dbde0,s,D,QB16,16,2,UVH7s,27,0.07,3150000.0,3.15,516,1024,0.50390625
01a0a58f-fa8c-7373-bce5-caabe51dbde0,s,D,QB16,16,2,UVH7s,28,0.07,3600000.0,3.6,524,1024,0.51171875
01a0a58f-fa8c-7373-bce5-caabe51dbde0,s,D,QB16,16,2,UVH7s,29,0.07,4050000.0,4.05,507,1024,0.4951171875
01a0a58f-fa8c-7373-bce5-caabe51dbde0,s,D,QB16,16,2,UVH7s,30,0.07,4500000.0,4.5,548,1024,0.53515625
01a0a58f-fa8c-7373-bce5-caabe51dbde0,s,D,QB16,16,2,UVH7s,31,0.07,4950000.0,4.95,525,1024,0.5126953125
01a0a58f-fa8c-7373-bce5-caabe51dbde0,s,D,QB16,16,2,UVH7s,32,0.07,5400000.0,5.4,549,1024,0.5361328125
01a0a58f-fa8c-7373-bce5-caabe51dbde0,s,D,QB16,16,2,UVH7s,33,0.07,5850000.0,5.85,524,1024,0.51171875
01a0a58f-fa8c-7373-bce5-caabe51dbde0,s,D,QB16,16,2,UVH7s,34,0.07,6300000.0,6.3,580,1024,0.56640625
01a0a58f-fa8c-7373-bce5-caabe51dbde0,s,D,QB16,16,2,UVH7s,35,0.07,6750000.0,6.75,593,1024,0.5791015625
01a0a58f-fa8c-7373-bce5-caabe51dbde0,s,D,QB16,16,2,UVH7s,36,0.07,7200000.0,7.2,613,1024,0.5986328125
01a0a58f-fa8c-7373-bce5-caabe51dbde0,s,D,QB16,16,2,UVH7s,37,0.07,7650000.0,7.65,596,1024,0.58203125
01a0a58f-fa8c-7373-bce5-caabe51dbde0,s,D,QB16,16,2,UVH7s,38,0.07,8100000.0,8.1,647,1024,0.6318359375
01a0a58f-fa8c-7373-bce5-caabe51dbde0,s,D,QB16,16,2,UVH7s,39,0.07,8550000.0,8.55,636,1024,0.62109375
01a0a58f-fa8c-7373-bce5-caabe51dbde0,s,D,QB16,16,2,UVH7s,40,0.07,9000000.0,9.0,644,1024,0.62890625
01a0a58f-fa8c-7373-bce5-caabe51dbde0,s,D,QB16,16,3,UVH9s,0,0.07,-9000000.0,-9.0,417,1024,0.4072265625
01a0a58f-fa8c-7373-bce5-caabe51dbde0,s,D,QB16,16,3,UVH9s,1,0.07,-8550000.0,-8.55,422,1024,0.412109375
01a0a58f-fa8c-7373-bce5-caabe51dbde0,s,D,QB16,16,3,UVH9s,2,0.07,-8100000.0,-8.1,453,1024,0.4423828125
01a0a58f-fa8c-7373-bce5-caabe51dbde0,s,D,QB16,16,3,UVH9s,3,0.07,-7650000.0,-7.65,460,1024,0.44921875
01a0a58f-fa8c-7373-bce5-caabe51dbde0,s,D,QB16,16,3,UVH9s,4,0.07,-7200000.0,-7.2,458,1024,0.447265625
01a0a58f-fa8c-7373-bce5-caabe51dbde0,s,D,QB16,16,3,UVH9s,5,0.07,-6750000.0,-6.75,467,1024,0.4560546875
01a0a58f-fa8c-7373-bce5-caabe51dbde0,s,D,QB16,16,3,UVH9s,6,0.07,-6300000.0,-6.3,490,1024,0.478515625
01a0a58f-fa8c-7373-bce5-caabe51dbde0,s,D,QB16,16,3,UVH9s,7,0.07,-5850000.0,-5.85,478,1024,0.466796875
01a0a58f-fa8c-7373-bce5-caabe51dbde0,s,D,QB16,16,3,UVH9s,8,0.07,-5400000.0,-5.4,484,1024,0.47265625
01a0a58f-fa8c-7373-bce5-caabe51dbde0,s,D,QB16,16,3,UVH9s,9,0.07,-4950000.0,-4.95,528,1024,0.515625
01a0a58f-fa8c-7373-bce5-caabe51dbde0,s,D,QB16,16,3,UVH9s,10,0.07,-4500000.0,-4.5,523,1024,0.5107421875
01a0a58f-fa8c-7373-bce5-caabe51dbde0,s,D,QB16,16,3,UVH9s,11,0.07,-4050000.0,-4.05,532,1024,0.51953125
01a0a58f-fa8c-7373-bce5-caabe51dbde0,s,D,QB16,16,3,UVH9s,12,0.07,-3600000.0,-3.6,486,1024,0.474609375
01a0a58f-fa8c-7373-bce5-caabe51dbde0,s,D,QB16,16,3,UVH9s,13,0.07,-3150000.0,-3.15,521,1024,0.5087890625
01a0a58f-fa8c-7373-bce5-caabe51dbde0,s,D,QB16,16,3,UVH9s,14,0.07,-2700000.0,-2.7,532,1024,0.51953125
01a0a58f-fa8c-7373-bce5-caabe51dbde0,s,D,QB16,16,3,UVH9s,15,0.07,-2250000.0,-2.25,486,1024,0.474609375
01a0a58f-fa8c-7373-bce5-caabe51dbde0,s,D,QB16,16,3,UVH9s,16,0.07,-1800000.0,-1.8,500,1024,0.48828125
01a0a58f-fa8c-7373-bce5-caabe51dbde0,s,D,QB16,16,3,UVH9s,17,0.07,-1350000.0,-1.35,528,1024,0.515625
01a0a58f-fa8c-7373-bce5-caabe51dbde0,s,D,QB16,16,3,UVH9s,18,0.07,-900000.0,-0.9,506,1024,0.494140625
01a0a58f-fa8c-7373-bce5-caabe51dbde0,s,D,QB16,16,3,UVH9s,19,0.07,-450000.0,-0.45,515,1024,0.5029296875
01a0a58f-fa8c-7373-bce5-caabe51dbde0,s,D,QB16,16,3,UVH9s,20,0.07,0.0,0.0,526,1024,0.513671875
01a0a58f-fa8c-7373-bce5-caabe51dbde0,s,D,QB16,16,3,UVH9s,21,0.07,450000.0,0.45,522,1024,0.509765625
01a0a58f-fa8c-7373-bce5-caabe51dbde0,s,D,QB16,16,3,UVH9s,22,0.07,900000.0,0.9,517,1024,0.5048828125
01a0a58f-fa8c-7373-bce5-caabe51dbde0,s,D,QB16,16,3,UVH9s,23,0.07,1350000.0,1.35,531,1024,0.5185546875
01a0a58f-fa8c-7373-bce5-caabe51dbde0,s,D,QB16,16,3,UVH9s,24,0.07,1800000.0,1.8,529,1024,0.5166015625
01a0a58f-fa8c-7373-bce5-caabe51dbde0,s,D,QB16,16,3,UVH9s,25,0.07,2250000.0,2.25,506,1024,0.494140625
01a0a58f-fa8c-7373-bce5-caabe51dbde0,s,D,QB16,16,3,UVH9s,26,0.07,2700000.0,2.7,521,1024,0.5087890625
01a0a58f-fa8c-7373-bce5-caabe51dbde0,s,D,QB16,16,3,UVH9s,27,0.07,3150000.0,3.15,517,1024,0.5048828125
01a0a58f-fa8c-7373-bce5-caabe51dbde0,s,D,QB16,16,3,UVH9s,28,0.07,3600000.0,3.6,488,1024,0.4765625
01a0a58f-fa8c-7373-bce5-caabe51dbde0,s,D,QB16,16,3,UVH9s,29,0.07,4050000.0,4.05,482,1024,0.470703125
01a0a58f-fa8c-7373-bce5-caabe51dbde0,s,D,QB16,16,3,UVH9s,30,0.07,4500000.0,4.5,483,1024,0.4716796875
01a0a58f-fa8c-7373-bce5-caabe51dbde0,s,D,QB16,16,3,UVH9s,31,0.07,4950000.0,4.95,483,1024,0.4716796875
01a0a58f-fa8c-7373-bce5-caabe51dbde0,s,D,QB16,16,3,UVH9s,32,0.07,5400000.0,5.4,459,1024,0.4482421875
01a0a58f-fa8c-7373-bce5-caabe51dbde0,s,D,QB16,16,3,UVH9s,33,0.07,5850000.0,5.85,456,1024,0.4453125
01a0a58f-fa8c-7373-bce5-caabe51dbde0,s,D,QB16,16,3,UVH9s,34,0.07,6300000.0,6.3,399,1024,0.3896484375
01a0a58f-fa8c-7373-bce5-caabe51dbde0,s,D,QB16,16,3,UVH9s,35,0.07,6750000.0,6.75,430,1024,0.419921875
01a0a58f-fa8c-7373-bce5-caabe51dbde0,s,D,QB16,16,3,UVH9s,36,0.07,7200000.0,7.2,384,1024,0.375
01a0a58f-fa8c-7373-bce5-caabe51dbde0,s,D,QB16,16,3,UVH9s,37,0.07,7650000.0,7.65,404,1024,0.39453125
01a0a58f-fa8c-7373-bce5-caabe51dbde0,s,D,QB16,16,3,UVH9s,38,0.07,8100000.0,8.1,384,1024,0.375
01a0a58f-fa8c-7373-bce5-caabe51dbde0,s,D,QB16,16,3,UVH9s,39,0.07,8550000.0,8.55,355,1024,0.3466796875
01a0a58f-fa8c-7373-bce5-caabe51dbde0,s,D,QB16,16,3,UVH9s,40,0.07,9000000.0,9.0,339,1024,0.3310546875
01a0a58f-fa8c-7373-bce5-caabe51dbde0,s,D,QB16,16,4,UVH11s,0,0.07,-9000000.0,-9.0,535,1024,0.5224609375
01a0a58f-fa8c-7373-bce5-caabe51dbde0,s,D,QB16,16,4,UVH11s,1,0.07,-8550000.0,-8.55,516,1024,0.50390625
01a0a58f-fa8c-7373-bce5-caabe51dbde0,s,D,QB16,16,4,UVH11s,2,0.07,-8100000.0,-8.1,527,1024,0.5146484375
01a0a58f-fa8c-7373-bce5-caabe51dbde0,s,D,QB16,16,4,UVH11s,3,0.07,-7650000.0,-7.65,480,1024,0.46875
01a0a58f-fa8c-7373-bce5-caabe51dbde0,s,D,QB16,16,4,UVH11s,4,0.07,-7200000.0,-7.2,508,1024,0.49609375
01a0a58f-fa8c-7373-bce5-caabe51dbde0,s,D,QB16,16,4,UVH11s,5,0.07,-6750000.0,-6.75,482,1024,0.470703125
01a0a58f-fa8c-7373-bce5-caabe51dbde0,s,D,QB16,16,4,UVH11s,6,0.07,-6300000.0,-6.3,503,1024,0.4912109375
01a0a58f-fa8c-7373-bce5-caabe51dbde0,s,D,QB16,16,4,UVH11s,7,0.07,-5850000.0,-5.85,480,1024,0.46875
01a0a58f-fa8c-7373-bce5-caabe51dbde0,s,D,QB16,16,4,UVH11s,8,0.07,-5400000.0,-5.4,461,1024,0.4501953125
01a0a58f-fa8c-7373-bce5-caabe51dbde0,s,D,QB16,16,4,UVH11s,9,0.07,-4950000.0,-4.95,493,1024,0.4814453125
01a0a58f-fa8c-7373-bce5-caabe51dbde0,s,D,QB16,16,4,UVH11s,10,0.07,-4500000.0,-4.5,490,1024,0.478515625
01a0a58f-fa8c-7373-bce5-caabe51dbde0,s,D,QB16,16,4,UVH11s,11,0.07,-4050000.0,-4.05,468,1024,0.45703125
01a0a58f-fa8c-7373-bce5-caabe51dbde0,s,D,QB16,16,4,UVH11s,12,0.07,-3600000.0,-3.6,440,1024,0.4296875
01a0a58f-fa8c-7373-bce5-caabe51dbde0,s,D,QB16,16,4,UVH11s,13,0.07,-3150000.0,-3.15,486,1024,0.474609375
01a0a58f-fa8c-7373-bce5-caabe51dbde0,s,D,QB16,16,4,UVH11s,14,0.07,-2700000.0,-2.7,452,1024,0.44140625
01a0a58f-fa8c-7373-bce5-caabe51dbde0,s,D,QB16,16,4,UVH11s,15,0.07,-2250000.0,-2.25,456,1024,0.4453125
01a0a58f-fa8c-7373-bce5-caabe51dbde0,s,D,QB16,16,4,UVH11s,16,0.07,-1800000.0,-1.8,476,1024,0.46484375
01a0a58f-fa8c-7373-bce5-caabe51dbde0,s,D,QB16,16,4,UVH11s,17,0.07,-1350000.0,-1.35,483,1024,0.4716796875
01a0a58f-fa8c-7373-bce5-caabe51dbde0,s,D,QB16,16,4,UVH11s,18,0.07,-900000.0,-0.9,504,1024,0.4921875
01a0a58f-fa8c-7373-bce5-caabe51dbde0,s,D,QB16,16,4,UVH11s,19,0.07,-450000.0,-0.45,465,1024,0.4541015625
01a0a58f-fa8c-7373-bce5-caabe51dbde0,s,D,QB16,16,4,UVH11s,20,0.07,0.0,0.0,513,1024,0.5009765625
01a0a58f-fa8c-7373-bce5-caabe51dbde0,s,D,QB16,16,4,UVH11s,21,0.07,450000.0,0.45,475,1024,0.4638671875
01a0a58f-fa8c-7373-bce5-caabe51dbde0,s,D,QB16,16,4,UVH11s,22,0.07,900000.0,0.9,489,1024,0.4775390625
01a0a58f-fa8c-7373-bce5-caabe51dbde0,s,D,QB16,16,4,UVH11s,23,0.07,1350000.0,1.35,463,1024,0.4521484375
01a0a58f-fa8c-7373-bce5-caabe51dbde0,s,D,QB16,16,4,UVH11s,24,0.07,1800000.0,1.8,472,1024,0.4609375
01a0a58f-fa8c-7373-bce5-caabe51dbde0,s,D,QB16,16,4,UVH11s,25,0.07,2250000.0,2.25,466,1024,0.455078125
01a0a58f-fa8c-7373-bce5-caabe51dbde0,s,D,QB16,16,4,UVH11s,26,0.07,2700000.0,2.7,467,1024,0.4560546875
01a0a58f-fa8c-7373-bce5-caabe51dbde0,s,D,QB16,16,4,UVH11s,27,0.07,3150000.0,3.15,474,1024,0.462890625
01a0a58f-fa8c-7373-bce5-caabe51dbde0,s,D,QB16,16,4,UVH11s,28,0.07,3600000.0,3.6,461,1024,0.4501953125
01a0a58f-fa8c-7373-bce5-caabe51dbde0,s,D,QB16,16,4,UVH11s,29,0.07,4050000.0,4.05,455,1024,0.4443359375
01a0a58f-fa8c-7373-bce5-caabe51dbde0,s,D,QB16,16,4,UVH11s,30,0.07,4500000.0,4.5,469,1024,0.4580078125
01a0a58f-fa8c-7373-bce5-caabe51dbde0,s,D,QB16,16,4,UVH11s,31,0.07,4950000.0,4.95,461,1024,0.4501953125
01a0a58f-fa8c-7373-bce5-caabe51dbde0,s,D,QB16,16,4,UVH11s,32,0.07,5400000.0,5.4,494,1024,0.482421875
01a0a58f-fa8c-7373-bce5-caabe51dbde0,s,D,QB16,16,4,UVH11s,33,0.07,5850000.0,5.85,489,1024,0.4775390625
01a0a58f-fa8c-7373-bce5-caabe51dbde0,s,D,QB16,16,4,UVH11s,34,0.07,6300000.0,6.3,468,1024,0.45703125
01a0a58f-fa8c-7373-bce5-caabe51dbde0,s,D,QB16,16,4,UVH11s,35,0.07,6750000.0,6.75,461,1024,0.4501953125
01a0a58f-fa8c-7373-bce5-caabe51dbde0,s,D,QB16,16,4,UVH11s,36,0.07,7200000.0,7.2,440,1024,0.4296875
01a0a58f-fa8c-7373-bce5-caabe51dbde0,s,D,QB16,16,4,UVH11s,37,0.07,7650000.0,7.65,420,1024,0.41015625
01a0a58f-fa8c-7373-bce5-caabe51dbde0,s,D,QB16,16,4,UVH11s,38,0.07,8100000.0,8.1,466,1024,0.455078125
01a0a58f-fa8c-7373-bce5-caabe51dbde0,s,D,QB16,16,4,UVH11s,39,0.07,8550000.0,8.55,476,1024,0.46484375
01a0a58f-fa8c-7373-bce5-caabe51dbde0,s,D,QB16,16,4,UVH11s,40,0.07,9000000.0,9.0,475,1024,0.4638671875
01a0a58f-fa8c-7373-bce5-caabe51dbde0,s,D,QB16,16,5,UVH13s,0,0.07,-9000000.0,-9.0,628,1024,0.61328125
01a0a58f-fa8c-7373-bce5-caabe51dbde0,s,D,QB16,16,5,UVH13s,1,0.07,-8550000.0,-8.55,632,1024,0.6171875
01a0a58f-fa8c-7373-bce5-caabe51dbde0,s,D,QB16,16,5,UVH13s,2,0.07,-8100000.0,-8.1,605,1024,0.5908203125
01a0a58f-fa8c-7373-bce5-caabe51dbde0,s,D,QB16,16,5,UVH13s,3,0.07,-7650000.0,-7.65,583,1024,0.5693359375
01a0a58f-fa8c-7373-bce5-caabe51dbde0,s,D,QB16,16,5,UVH13s,4,0.07,-7200000.0,-7.2,588,1024,0.57421875
01a0a58f-fa8c-7373-bce5-caabe51dbde0,s,D,QB16,16,5,UVH13s,5,0.07,-6750000.0,-6.75,583,1024,0.5693359375
01a0a58f-fa8c-7373-bce5-caabe51dbde0,s,D,QB16,16,5,UVH13s,6,0.07,-6300000.0,-6.3,587,1024,0.5732421875
01a0a58f-fa8c-7373-bce5-caabe51dbde0,s,D,QB16,16,5,UVH13s,7,0.07,-5850000.0,-5.85,553,1024,0.5400390625
01a0a58f-fa8c-7373-bce5-caabe51dbde0,s,D,QB16,16,5,UVH13s,8,0.07,-5400000.0,-5.4,526,1024,0.513671875
01a0a58f-fa8c-7373-bce5-caabe51dbde0,s,D,QB16,16,5,UVH13s,9,0.07,-4950000.0,-4.95,530,1024,0.517578125
01a0a58f-fa8c-7373-bce5-caabe51dbde0,s,D,QB16,16,5,UVH13s,10,0.07,-4500000.0,-4.5,556,1024,0.54296875
01a0a58f-fa8c-7373-bce5-caabe51dbde0,s,D,QB16,16,5,UVH13s,11,0.07,-4050000.0,-4.05,552,1024,0.5390625
01a0a58f-fa8c-7373-bce5-caabe51dbde0,s,D,QB16,16,5,UVH13s,12,0.07,-3600000.0,-3.6,552,1024,0.5390625
01a0a58f-fa8c-7373-bce5-caabe51dbde0,s,D,QB16,16,5,UVH13s,13,0.07,-3150000.0,-3.15,507,1024,0.4951171875
01a0a58f-fa8c-7373-bce5-caabe51dbde0,s,D,QB16,16,5,UVH13s,14,0.07,-2700000.0,-2.7,547,1024,0.5341796875
01a0a58f-fa8c-7373-bce5-caabe51dbde0,s,D,QB16,16,5,UVH13s,15,0.07,-2250000.0,-2.25,539,1024,0.5263671875
01a0a58f-fa8c-7373-bce5-caabe51dbde0,s,D,QB16,16,5,UVH13s,16,0.07,-1800000.0,-1.8,532,1024,0.51953125
01a0a58f-fa8c-7373-bce5-caabe51dbde0,s,D,QB16,16,5,UVH13s,17,0.07,-1350000.0,-1.35,528,1024,0.515625
01a0a58f-fa8c-7373-bce5-caabe51dbde0,s,D,QB16,16,5,UVH13s,18,0.07,-900000.0,-0.9,553,1024,0.5400390625
01a0a58f-fa8c-7373-bce5-caabe51dbde0,s,D,QB16,16,5,UVH13s,19,0.07,-450000.0,-0.45,539,1024,0.5263671875
01a0a58f-fa8c-7373-bce5-caabe51dbde0,s,D,QB16,16,5,UVH13s,20,0.07,0.0,0.0,568,1024,0.5546875
01a0a58f-fa8c-7373-bce5-caabe51dbde0,s,D,QB16,16,5,UVH13s,21,0.07,450000.0,0.45,523,1024,0.5107421875
01a0a58f-fa8c-7373-bce5-caabe51dbde0,s,D,QB16,16,5,UVH13s,22,0.07,900000.0,0.9,537,1024,0.5244140625
01a0a58f-fa8c-7373-bce5-caabe51dbde0,s,D,QB16,16,5,UVH13s,23,0.07,1350000.0,1.35,552,1024,0.5390625
01a0a58f-fa8c-7373-bce5-caabe51dbde0,s,D,QB16,16,5,UVH13s,24,0.07,1800000.0,1.8,538,1024,0.525390625
01a0a58f-fa8c-7373-bce5-caabe51dbde0,s,D,QB16,16,5,UVH13s,25,0.07,2250000.0,2.25,537,1024,0.5244140625
01a0a58f-fa8c-7373-bce5-caabe51dbde0,s,D,QB16,16,5,UVH13s,26,0.07,2700000.0,2.7,539,1024,0.5263671875
01a0a58f-fa8c-7373-bce5-caabe51dbde0,s,D,QB16,16,5,UVH13s,27,0.07,3150000.0,3.15,558,1024,0.544921875
01a0a58f-fa8c-7373-bce5-caabe51dbde0,s,D,QB16,16,5,UVH13s,28,0.07,3600000.0,3.6,515,1024,0.5029296875
01a0a58f-fa8c-7373-bce5-caabe51dbde0,s,D,QB16,16,5,UVH13s,29,0.07,4050000.0,4.05,554,1024,0.541015625
01a0a58f-fa8c-7373-bce5-caabe51dbde0,s,D,QB16,16,5,UVH13s,30,0.07,4500000.0,4.5,565,1024,0.5517578125
01a0a58f-fa8c-7373-bce5-caabe51dbde0,s,D,QB16,16,5,UVH13s,31,0.07,4950000.0,4.95,538,1024,0.525390625
01a0a58f-fa8c-7373-bce5-caabe51dbde0,s,D,QB16,16,5,UVH13s,32,0.07,5400000.0,5.4,532,1024,0.51953125
01a0a58f-fa8c-7373-bce5-caabe51dbde0,s,D,QB16,16,5,UVH13s,33,0.07,5850000.0,5.85,524,1024,0.51171875
01a0a58f-fa8c-7373-bce5-caabe51dbde0,s,D,QB16,16,5,UVH13s,34,0.07,6300000.0,6.3,542,1024,0.529296875
01a0a58f-fa8c-7373-bce5-caabe51dbde0,s,D,QB16,16,5,UVH13s,35,0.07,6750000.0,6.75,548,1024,0.53515625
01a0a58f-fa8c-7373-bce5-caabe51dbde0,s,D,QB16,16,5,UVH13s,36,0.07,7200000.0,7.2,542,1024,0.529296875
01a0a58f-fa8c-7373-bce5-caabe51dbde0,s,D,QB16,16,5,UVH13s,37,0.07,7650000.0,7.65,564,1024,0.55078125
01a0a58f-fa8c-7373-bce5-caabe51dbde0,s,D,QB16,16,5,UVH13s,38,0.07,8100000.0,8.1,584,1024,0.5703125
01a0a58f-fa8c-7373-bce5-caabe51dbde0,s,D,QB16,16,5,UVH13s,39,0.07,8550000.0,8.55,603,1024,0.5888671875
01a0a58f-fa8c-7373-bce5-caabe51dbde0,s,D,QB16,16,5,UVH13s,40,0.07,9000000.0,9.0,577,1024,0.5634765625
01a0a58f-fa8c-7373-bce5-caabe51dbde0,s,D,QB20,17,0,standard_pi_2,0,0.07,-9000000.0,-9.0,596,1024,0.58203125
01a0a58f-fa8c-7373-bce5-caabe51dbde0,s,D,QB20,17,0,standard_pi_2,1,0.07,-8550000.0,-8.55,574,1024,0.560546875
01a0a58f-fa8c-7373-bce5-caabe51dbde0,s,D,QB20,17,0,standard_pi_2,2,0.07,-8100000.0,-8.1,578,1024,0.564453125
01a0a58f-fa8c-7373-bce5-caabe51dbde0,s,D,QB20,17,0,standard_pi_2,3,0.07,-7650000.0,-7.65,570,1024,0.556640625
01a0a58f-fa8c-7373-bce5-caabe51dbde0,s,D,QB20,17,0,standard_pi_2,4,0.07,-7200000.0,-7.2,575,1024,0.5615234375
01a0a58f-fa8c-7373-bce5-caabe51dbde0,s,D,QB20,17,0,standard_pi_2,5,0.07,-6750000.0,-6.75,543,1024,0.5302734375
01a0a58f-fa8c-7373-bce5-caabe51dbde0,s,D,QB20,17,0,standard_pi_2,6,0.07,-6300000.0,-6.3,578,1024,0.564453125
01a0a58f-fa8c-7373-bce5-caabe51dbde0,s,D,QB20,17,0,standard_pi_2,7,0.07,-5850000.0,-5.85,599,1024,0.5849609375
01a0a58f-fa8c-7373-bce5-caabe51dbde0,s,D,QB20,17,0,standard_pi_2,8,0.07,-5400000.0,-5.4,599,1024,0.5849609375
01a0a58f-fa8c-7373-bce5-caabe51dbde0,s,D,QB20,17,0,standard_pi_2,9,0.07,-4950000.0,-4.95,596,1024,0.58203125
01a0a58f-fa8c-7373-bce5-caabe51dbde0,s,D,QB20,17,0,standard_pi_2,10,0.07,-4500000.0,-4.5,586,1024,0.572265625
01a0a58f-fa8c-7373-bce5-caabe51dbde0,s,D,QB20,17,0,standard_pi_2,11,0.07,-4050000.0,-4.05,573,1024,0.5595703125
01a0a58f-fa8c-7373-bce5-caabe51dbde0,s,D,QB20,17,0,standard_pi_2,12,0.07,-3600000.0,-3.6,563,1024,0.5498046875
01a0a58f-fa8c-7373-bce5-caabe51dbde0,s,D,QB20,17,0,standard_pi_2,13,0.07,-3150000.0,-3.15,564,1024,0.55078125
01a0a58f-fa8c-7373-bce5-caabe51dbde0,s,D,QB20,17,0,standard_pi_2,14,0.07,-2700000.0,-2.7,551,1024,0.5380859375
01a0a58f-fa8c-7373-bce5-caabe51dbde0,s,D,QB20,17,0,standard_pi_2,15,0.07,-2250000.0,-2.25,574,1024,0.560546875
01a0a58f-fa8c-7373-bce5-caabe51dbde0,s,D,QB20,17,0,standard_pi_2,16,0.07,-1800000.0,-1.8,564,1024,0.55078125
01a0a58f-fa8c-7373-bce5-caabe51dbde0,s,D,QB20,17,0,standard_pi_2,17,0.07,-1350000.0,-1.35,557,1024,0.5439453125
01a0a58f-fa8c-7373-bce5-caabe51dbde0,s,D,QB20,17,0,standard_pi_2,18,0.07,-900000.0,-0.9,562,1024,0.548828125
01a0a58f-fa8c-7373-bce5-caabe51dbde0,s,D,QB20,17,0,standard_pi_2,19,0.07,-450000.0,-0.45,557,1024,0.5439453125
01a0a58f-fa8c-7373-bce5-caabe51dbde0,s,D,QB20,17,0,standard_pi_2,20,0.07,0.0,0.0,544,1024,0.53125
01a0a58f-fa8c-7373-bce5-caabe51dbde0,s,D,QB20,17,0,standard_pi_2,21,0.07,450000.0,0.45,557,1024,0.5439453125
01a0a58f-fa8c-7373-bce5-caabe51dbde0,s,D,QB20,17,0,standard_pi_2,22,0.07,900000.0,0.9,560,1024,0.546875
01a0a58f-fa8c-7373-bce5-caabe51dbde0,s,D,QB20,17,0,standard_pi_2,23,0.07,1350000.0,1.35,549,1024,0.5361328125
01a0a58f-fa8c-7373-bce5-caabe51dbde0,s,D,QB20,17,0,standard_pi_2,24,0.07,1800000.0,1.8,547,1024,0.5341796875
01a0a58f-fa8c-7373-bce5-caabe51dbde0,s,D,QB20,17,0,standard_pi_2,25,0.07,2250000.0,2.25,501,1024,0.4892578125
01a0a58f-fa8c-7373-bce5-caabe51dbde0,s,D,QB20,17,0,standard_pi_2,26,0.07,2700000.0,2.7,558,1024,0.544921875
01a0a58f-fa8c-7373-bce5-caabe51dbde0,s,D,QB20,17,0,standard_pi_2,27,0.07,3150000.0,3.15,567,1024,0.5537109375
01a0a58f-fa8c-7373-bce5-caabe51dbde0,s,D,QB20,17,0,standard_pi_2,28,0.07,3600000.0,3.6,549,1024,0.5361328125
01a0a58f-fa8c-7373-bce5-caabe51dbde0,s,D,QB20,17,0,standard_pi_2,29,0.07,4050000.0,4.05,553,1024,0.5400390625
01a0a58f-fa8c-7373-bce5-caabe51dbde0,s,D,QB20,17,0,standard_pi_2,30,0.07,4500000.0,4.5,533,1024,0.5205078125
01a0a58f-fa8c-7373-bce5-caabe51dbde0,s,D,QB20,17,0,standard_pi_2,31,0.07,4950000.0,4.95,521,1024,0.5087890625
01a0a58f-fa8c-7373-bce5-caabe51dbde0,s,D,QB20,17,0,standard_pi_2,32,0.07,5400000.0,5.4,521,1024,0.5087890625
01a0a58f-fa8c-7373-bce5-caabe51dbde0,s,D,QB20,17,0,standard_pi_2,33,0.07,5850000.0,5.85,527,1024,0.5146484375
01a0a58f-fa8c-7373-bce5-caabe51dbde0,s,D,QB20,17,0,standard_pi_2,34,0.07,6300000.0,6.3,506,1024,0.494140625
01a0a58f-fa8c-7373-bce5-caabe51dbde0,s,D,QB20,17,0,standard_pi_2,35,0.07,6750000.0,6.75,508,1024,0.49609375
01a0a58f-fa8c-7373-bce5-caabe51dbde0,s,D,QB20,17,0,standard_pi_2,36,0.07,7200000.0,7.2,513,1024,0.5009765625
01a0a58f-fa8c-7373-bce5-caabe51dbde0,s,D,QB20,17,0,standard_pi_2,37,0.07,7650000.0,7.65,496,1024,0.484375
01a0a58f-fa8c-7373-bce5-caabe51dbde0,s,D,QB20,17,0,standard_pi_2,38,0.07,8100000.0,8.1,516,1024,0.50390625
01a0a58f-fa8c-7373-bce5-caabe51dbde0,s,D,QB20,17,0,standard_pi_2,39,0.07,8550000.0,8.55,500,1024,0.48828125
01a0a58f-fa8c-7373-bce5-caabe51dbde0,s,D,QB20,17,0,standard_pi_2,40,0.07,9000000.0,9.0,506,1024,0.494140625
01a0a58f-fa8c-7373-bce5-caabe51dbde0,s,D,QB20,17,1,UVH5s,0,0.07,-9000000.0,-9.0,649,1024,0.6337890625
01a0a58f-fa8c-7373-bce5-caabe51dbde0,s,D,QB20,17,1,UVH5s,1,0.07,-8550000.0,-8.55,644,1024,0.62890625
01a0a58f-fa8c-7373-bce5-caabe51dbde0,s,D,QB20,17,1,UVH5s,2,0.07,-8100000.0,-8.1,672,1024,0.65625
01a0a58f-fa8c-7373-bce5-caabe51dbde0,s,D,QB20,17,1,UVH5s,3,0.07,-7650000.0,-7.65,634,1024,0.619140625
01a0a58f-fa8c-7373-bce5-caabe51dbde0,s,D,QB20,17,1,UVH5s,4,0.07,-7200000.0,-7.2,657,1024,0.6416015625
01a0a58f-fa8c-7373-bce5-caabe51dbde0,s,D,QB20,17,1,UVH5s,5,0.07,-6750000.0,-6.75,640,1024,0.625
01a0a58f-fa8c-7373-bce5-caabe51dbde0,s,D,QB20,17,1,UVH5s,6,0.07,-6300000.0,-6.3,636,1024,0.62109375
01a0a58f-fa8c-7373-bce5-caabe51dbde0,s,D,QB20,17,1,UVH5s,7,0.07,-5850000.0,-5.85,604,1024,0.58984375
01a0a58f-fa8c-7373-bce5-caabe51dbde0,s,D,QB20,17,1,UVH5s,8,0.07,-5400000.0,-5.4,600,1024,0.5859375
01a0a58f-fa8c-7373-bce5-caabe51dbde0,s,D,QB20,17,1,UVH5s,9,0.07,-4950000.0,-4.95,626,1024,0.611328125
01a0a58f-fa8c-7373-bce5-caabe51dbde0,s,D,QB20,17,1,UVH5s,10,0.07,-4500000.0,-4.5,592,1024,0.578125
01a0a58f-fa8c-7373-bce5-caabe51dbde0,s,D,QB20,17,1,UVH5s,11,0.07,-4050000.0,-4.05,603,1024,0.5888671875
01a0a58f-fa8c-7373-bce5-caabe51dbde0,s,D,QB20,17,1,UVH5s,12,0.07,-3600000.0,-3.6,549,1024,0.5361328125
01a0a58f-fa8c-7373-bce5-caabe51dbde0,s,D,QB20,17,1,UVH5s,13,0.07,-3150000.0,-3.15,542,1024,0.529296875
01a0a58f-fa8c-7373-bce5-caabe51dbde0,s,D,QB20,17,1,UVH5s,14,0.07,-2700000.0,-2.7,551,1024,0.5380859375
01a0a58f-fa8c-7373-bce5-caabe51dbde0,s,D,QB20,17,1,UVH5s,15,0.07,-2250000.0,-2.25,533,1024,0.5205078125
01a0a58f-fa8c-7373-bce5-caabe51dbde0,s,D,QB20,17,1,UVH5s,16,0.07,-1800000.0,-1.8,548,1024,0.53515625
01a0a58f-fa8c-7373-bce5-caabe51dbde0,s,D,QB20,17,1,UVH5s,17,0.07,-1350000.0,-1.35,484,1024,0.47265625
01a0a58f-fa8c-7373-bce5-caabe51dbde0,s,D,QB20,17,1,UVH5s,18,0.07,-900000.0,-0.9,499,1024,0.4873046875
01a0a58f-fa8c-7373-bce5-caabe51dbde0,s,D,QB20,17,1,UVH5s,19,0.07,-450000.0,-0.45,504,1024,0.4921875
01a0a58f-fa8c-7373-bce5-caabe51dbde0,s,D,QB20,17,1,UVH5s,20,0.07,0.0,0.0,535,1024,0.5224609375
01a0a58f-fa8c-7373-bce5-caabe51dbde0,s,D,QB20,17,1,UVH5s,21,0.07,450000.0,0.45,512,1024,0.5
01a0a58f-fa8c-7373-bce5-caabe51dbde0,s,D,QB20,17,1,UVH5s,22,0.07,900000.0,0.9,527,1024,0.5146484375
01a0a58f-fa8c-7373-bce5-caabe51dbde0,s,D,QB20,17,1,UVH5s,23,0.07,1350000.0,1.35,505,1024,0.4931640625
01a0a58f-fa8c-7373-bce5-caabe51dbde0,s,D,QB20,17,1,UVH5s,24,0.07,1800000.0,1.8,532,1024,0.51953125
01a0a58f-fa8c-7373-bce5-caabe51dbde0,s,D,QB20,17,1,UVH5s,25,0.07,2250000.0,2.25,555,1024,0.5419921875
01a0a58f-fa8c-7373-bce5-caabe51dbde0,s,D,QB20,17,1,UVH5s,26,0.07,2700000.0,2.7,557,1024,0.5439453125
01a0a58f-fa8c-7373-bce5-caabe51dbde0,s,D,QB20,17,1,UVH5s,27,0.07,3150000.0,3.15,538,1024,0.525390625
01a0a58f-fa8c-7373-bce5-caabe51dbde0,s,D,QB20,17,1,UVH5s,28,0.07,3600000.0,3.6,562,1024,0.548828125
01a0a58f-fa8c-7373-bce5-caabe51dbde0,s,D,QB20,17,1,UVH5s,29,0.07,4050000.0,4.05,590,1024,0.576171875
01a0a58f-fa8c-7373-bce5-caabe51dbde0,s,D,QB20,17,1,UVH5s,30,0.07,4500000.0,4.5,583,1024,0.5693359375
01a0a58f-fa8c-7373-bce5-caabe51dbde0,s,D,QB20,17,1,UVH5s,31,0.07,4950000.0,4.95,599,1024,0.5849609375
01a0a58f-fa8c-7373-bce5-caabe51dbde0,s,D,QB20,17,1,UVH5s,32,0.07,5400000.0,5.4,624,1024,0.609375
01a0a58f-fa8c-7373-bce5-caabe51dbde0,s,D,QB20,17,1,UVH5s,33,0.07,5850000.0,5.85,645,1024,0.6298828125
01a0a58f-fa8c-7373-bce5-caabe51dbde0,s,D,QB20,17,1,UVH5s,34,0.07,6300000.0,6.3,682,1024,0.666015625
01a0a58f-fa8c-7373-bce5-caabe51dbde0,s,D,QB20,17,1,UVH5s,35,0.07,6750000.0,6.75,689,1024,0.6728515625
01a0a58f-fa8c-7373-bce5-caabe51dbde0,s,D,QB20,17,1,UVH5s,36,0.07,7200000.0,7.2,691,1024,0.6748046875
01a0a58f-fa8c-7373-bce5-caabe51dbde0,s,D,QB20,17,1,UVH5s,37,0.07,7650000.0,7.65,728,1024,0.7109375
01a0a58f-fa8c-7373-bce5-caabe51dbde0,s,D,QB20,17,1,UVH5s,38,0.07,8100000.0,8.1,722,1024,0.705078125
01a0a58f-fa8c-7373-bce5-caabe51dbde0,s,D,QB20,17,1,UVH5s,39,0.07,8550000.0,8.55,773,1024,0.7548828125
01a0a58f-fa8c-7373-bce5-caabe51dbde0,s,D,QB20,17,1,UVH5s,40,0.07,9000000.0,9.0,751,1024,0.7333984375
01a0a58f-fa8c-7373-bce5-caabe51dbde0,s,D,QB20,17,2,UVH7s,0,0.07,-9000000.0,-9.0,569,1024,0.5556640625
01a0a58f-fa8c-7373-bce5-caabe51dbde0,s,D,QB20,17,2,UVH7s,1,0.07,-8550000.0,-8.55,573,1024,0.5595703125
01a0a58f-fa8c-7373-bce5-caabe51dbde0,s,D,QB20,17,2,UVH7s,2,0.07,-8100000.0,-8.1,581,1024,0.5673828125
01a0a58f-fa8c-7373-bce5-caabe51dbde0,s,D,QB20,17,2,UVH7s,3,0.07,-7650000.0,-7.65,591,1024,0.5771484375
01a0a58f-fa8c-7373-bce5-caabe51dbde0,s,D,QB20,17,2,UVH7s,4,0.07,-7200000.0,-7.2,585,1024,0.5712890625
01a0a58f-fa8c-7373-bce5-caabe51dbde0,s,D,QB20,17,2,UVH7s,5,0.07,-6750000.0,-6.75,602,1024,0.587890625
01a0a58f-fa8c-7373-bce5-caabe51dbde0,s,D,QB20,17,2,UVH7s,6,0.07,-6300000.0,-6.3,586,1024,0.572265625
01a0a58f-fa8c-7373-bce5-caabe51dbde0,s,D,QB20,17,2,UVH7s,7,0.07,-5850000.0,-5.85,569,1024,0.5556640625
01a0a58f-fa8c-7373-bce5-caabe51dbde0,s,D,QB20,17,2,UVH7s,8,0.07,-5400000.0,-5.4,567,1024,0.5537109375
01a0a58f-fa8c-7373-bce5-caabe51dbde0,s,D,QB20,17,2,UVH7s,9,0.07,-4950000.0,-4.95,545,1024,0.5322265625
01a0a58f-fa8c-7373-bce5-caabe51dbde0,s,D,QB20,17,2,UVH7s,10,0.07,-4500000.0,-4.5,565,1024,0.5517578125
01a0a58f-fa8c-7373-bce5-caabe51dbde0,s,D,QB20,17,2,UVH7s,11,0.07,-4050000.0,-4.05,575,1024,0.5615234375
01a0a58f-fa8c-7373-bce5-caabe51dbde0,s,D,QB20,17,2,UVH7s,12,0.07,-3600000.0,-3.6,525,1024,0.5126953125
01a0a58f-fa8c-7373-bce5-caabe51dbde0,s,D,QB20,17,2,UVH7s,13,0.07,-3150000.0,-3.15,517,1024,0.5048828125
01a0a58f-fa8c-7373-bce5-caabe51dbde0,s,D,QB20,17,2,UVH7s,14,0.07,-2700000.0,-2.7,526,1024,0.513671875
01a0a58f-fa8c-7373-bce5-caabe51dbde0,s,D,QB20,17,2,UVH7s,15,0.07,-2250000.0,-2.25,529,1024,0.5166015625
01a0a58f-fa8c-7373-bce5-caabe51dbde0,s,D,QB20,17,2,UVH7s,16,0.07,-1800000.0,-1.8,537,1024,0.5244140625
01a0a58f-fa8c-7373-bce5-caabe51dbde0,s,D,QB20,17,2,UVH7s,17,0.07,-1350000.0,-1.35,520,1024,0.5078125
01a0a58f-fa8c-7373-bce5-caabe51dbde0,s,D,QB20,17,2,UVH7s,18,0.07,-900000.0,-0.9,525,1024,0.5126953125
01a0a58f-fa8c-7373-bce5-caabe51dbde0,s,D,QB20,17,2,UVH7s,19,0.07,-450000.0,-0.45,545,1024,0.5322265625
01a0a58f-fa8c-7373-bce5-caabe51dbde0,s,D,QB20,17,2,UVH7s,20,0.07,0.0,0.0,505,1024,0.4931640625
01a0a58f-fa8c-7373-bce5-caabe51dbde0,s,D,QB20,17,2,UVH7s,21,0.07,450000.0,0.45,518,1024,0.505859375
01a0a58f-fa8c-7373-bce5-caabe51dbde0,s,D,QB20,17,2,UVH7s,22,0.07,900000.0,0.9,496,1024,0.484375
01a0a58f-fa8c-7373-bce5-caabe51dbde0,s,D,QB20,17,2,UVH7s,23,0.07,1350000.0,1.35,516,1024,0.50390625
01a0a58f-fa8c-7373-bce5-caabe51dbde0,s,D,QB20,17,2,UVH7s,24,0.07,1800000.0,1.8,511,1024,0.4990234375
01a0a58f-fa8c-7373-bce5-caabe51dbde0,s,D,QB20,17,2,UVH7s,25,0.07,2250000.0,2.25,495,1024,0.4833984375
01a0a58f-fa8c-7373-bce5-caabe51dbde0,s,D,QB20,17,2,UVH7s,26,0.07,2700000.0,2.7,515,1024,0.5029296875
01a0a58f-fa8c-7373-bce5-caabe51dbde0,s,D,QB20,17,2,UVH7s,27,0.07,3150000.0,3.15,497,1024,0.4853515625
01a0a58f-fa8c-7373-bce5-caabe51dbde0,s,D,QB20,17,2,UVH7s,28,0.07,3600000.0,3.6,557,1024,0.5439453125
01a0a58f-fa8c-7373-bce5-caabe51dbde0,s,D,QB20,17,2,UVH7s,29,0.07,4050000.0,4.05,526,1024,0.513671875
01a0a58f-fa8c-7373-bce5-caabe51dbde0,s,D,QB20,17,2,UVH7s,30,0.07,4500000.0,4.5,547,1024,0.5341796875
01a0a58f-fa8c-7373-bce5-caabe51dbde0,s,D,QB20,17,2,UVH7s,31,0.07,4950000.0,4.95,513,1024,0.5009765625
01a0a58f-fa8c-7373-bce5-caabe51dbde0,s,D,QB20,17,2,UVH7s,32,0.07,5400000.0,5.4,553,1024,0.5400390625
01a0a58f-fa8c-7373-bce5-caabe51dbde0,s,D,QB20,17,2,UVH7s,33,0.07,5850000.0,5.85,557,1024,0.5439453125
01a0a58f-fa8c-7373-bce5-caabe51dbde0,s,D,QB20,17,2,UVH7s,34,0.07,6300000.0,6.3,565,1024,0.5517578125
01a0a58f-fa8c-7373-bce5-caabe51dbde0,s,D,QB20,17,2,UVH7s,35,0.07,6750000.0,6.75,570,1024,0.556640625
01a0a58f-fa8c-7373-bce5-caabe51dbde0,s,D,QB20,17,2,UVH7s,36,0.07,7200000.0,7.2,595,1024,0.5810546875
01a0a58f-fa8c-7373-bce5-caabe51dbde0,s,D,QB20,17,2,UVH7s,37,0.07,7650000.0,7.65,595,1024,0.5810546875
01a0a58f-fa8c-7373-bce5-caabe51dbde0,s,D,QB20,17,2,UVH7s,38,0.07,8100000.0,8.1,613,1024,0.5986328125
01a0a58f-fa8c-7373-bce5-caabe51dbde0,s,D,QB20,17,2,UVH7s,39,0.07,8550000.0,8.55,634,1024,0.619140625
01a0a58f-fa8c-7373-bce5-caabe51dbde0,s,D,QB20,17,2,UVH7s,40,0.07,9000000.0,9.0,645,1024,0.6298828125
01a0a58f-fa8c-7373-bce5-caabe51dbde0,s,D,QB20,17,3,UVH9s,0,0.07,-9000000.0,-9.0,422,1024,0.412109375
01a0a58f-fa8c-7373-bce5-caabe51dbde0,s,D,QB20,17,3,UVH9s,1,0.07,-8550000.0,-8.55,444,1024,0.43359375
01a0a58f-fa8c-7373-bce5-caabe51dbde0,s,D,QB20,17,3,UVH9s,2,0.07,-8100000.0,-8.1,427,1024,0.4169921875
01a0a58f-fa8c-7373-bce5-caabe51dbde0,s,D,QB20,17,3,UVH9s,3,0.07,-7650000.0,-7.65,439,1024,0.4287109375
01a0a58f-fa8c-7373-bce5-caabe51dbde0,s,D,QB20,17,3,UVH9s,4,0.07,-7200000.0,-7.2,457,1024,0.4462890625
01a0a58f-fa8c-7373-bce5-caabe51dbde0,s,D,QB20,17,3,UVH9s,5,0.07,-6750000.0,-6.75,460,1024,0.44921875
01a0a58f-fa8c-7373-bce5-caabe51dbde0,s,D,QB20,17,3,UVH9s,6,0.07,-6300000.0,-6.3,486,1024,0.474609375
01a0a58f-fa8c-7373-bce5-caabe51dbde0,s,D,QB20,17,3,UVH9s,7,0.07,-5850000.0,-5.85,514,1024,0.501953125
01a0a58f-fa8c-7373-bce5-caabe51dbde0,s,D,QB20,17,3,UVH9s,8,0.07,-5400000.0,-5.4,537,1024,0.5244140625
01a0a58f-fa8c-7373-bce5-caabe51dbde0,s,D,QB20,17,3,UVH9s,9,0.07,-4950000.0,-4.95,492,1024,0.48046875
01a0a58f-fa8c-7373-bce5-caabe51dbde0,s,D,QB20,17,3,UVH9s,10,0.07,-4500000.0,-4.5,529,1024,0.5166015625
01a0a58f-fa8c-7373-bce5-caabe51dbde0,s,D,QB20,17,3,UVH9s,11,0.07,-4050000.0,-4.05,509,1024,0.4970703125
01a0a58f-fa8c-7373-bce5-caabe51dbde0,s,D,QB20,17,3,UVH9s,12,0.07,-3600000.0,-3.6,537,1024,0.5244140625
01a0a58f-fa8c-7373-bce5-caabe51dbde0,s,D,QB20,17,3,UVH9s,13,0.07,-3150000.0,-3.15,558,1024,0.544921875
01a0a58f-fa8c-7373-bce5-caabe51dbde0,s,D,QB20,17,3,UVH9s,14,0.07,-2700000.0,-2.7,550,1024,0.537109375
01a0a58f-fa8c-7373-bce5-caabe51dbde0,s,D,QB20,17,3,UVH9s,15,0.07,-2250000.0,-2.25,551,1024,0.5380859375
01a0a58f-fa8c-7373-bce5-caabe51dbde0,s,D,QB20,17,3,UVH9s,16,0.07,-1800000.0,-1.8,574,1024,0.560546875
01a0a58f-fa8c-7373-bce5-caabe51dbde0,s,D,QB20,17,3,UVH9s,17,0.07,-1350000.0,-1.35,556,1024,0.54296875
01a0a58f-fa8c-7373-bce5-caabe51dbde0,s,D,QB20,17,3,UVH9s,18,0.07,-900000.0,-0.9,548,1024,0.53515625
01a0a58f-fa8c-7373-bce5-caabe51dbde0,s,D,QB20,17,3,UVH9s,19,0.07,-450000.0,-0.45,536,1024,0.5234375
01a0a58f-fa8c-7373-bce5-caabe51dbde0,s,D,QB20,17,3,UVH9s,20,0.07,0.0,0.0,559,1024,0.5458984375
01a0a58f-fa8c-7373-bce5-caabe51dbde0,s,D,QB20,17,3,UVH9s,21,0.07,450000.0,0.45,551,1024,0.5380859375
01a0a58f-fa8c-7373-bce5-caabe51dbde0,s,D,QB20,17,3,UVH9s,22,0.07,900000.0,0.9,521,1024,0.5087890625
01a0a58f-fa8c-7373-bce5-caabe51dbde0,s,D,QB20,17,3,UVH9s,23,0.07,1350000.0,1.35,517,1024,0.5048828125
01a0a58f-fa8c-7373-bce5-caabe51dbde0,s,D,QB20,17,3,UVH9s,24,0.07,1800000.0,1.8,542,1024,0.529296875
01a0a58f-fa8c-7373-bce5-caabe51dbde0,s,D,QB20,17,3,UVH9s,25,0.07,2250000.0,2.25,521,1024,0.5087890625
01a0a58f-fa8c-7373-bce5-caabe51dbde0,s,D,QB20,17,3,UVH9s,26,0.07,2700000.0,2.7,548,1024,0.53515625
01a0a58f-fa8c-7373-bce5-caabe51dbde0,s,D,QB20,17,3,UVH9s,27,0.07,3150000.0,3.15,519,1024,0.5068359375
01a0a58f-fa8c-7373-bce5-caabe51dbde0,s,D,QB20,17,3,UVH9s,28,0.07,3600000.0,3.6,536,1024,0.5234375
01a0a58f-fa8c-7373-bce5-caabe51dbde0,s,D,QB20,17,3,UVH9s,29,0.07,4050000.0,4.05,522,1024,0.509765625
01a0a58f-fa8c-7373-bce5-caabe51dbde0,s,D,QB20,17,3,UVH9s,30,0.07,4500000.0,4.5,510,1024,0.498046875
01a0a58f-fa8c-7373-bce5-caabe51dbde0,s,D,QB20,17,3,UVH9s,31,0.07,4950000.0,4.95,514,1024,0.501953125
01a0a58f-fa8c-7373-bce5-caabe51dbde0,s,D,QB20,17,3,UVH9s,32,0.07,5400000.0,5.4,487,1024,0.4755859375
01a0a58f-fa8c-7373-bce5-caabe51dbde0,s,D,QB20,17,3,UVH9s,33,0.07,5850000.0,5.85,477,1024,0.4658203125
01a0a58f-fa8c-7373-bce5-caabe51dbde0,s,D,QB20,17,3,UVH9s,34,0.07,6300000.0,6.3,456,1024,0.4453125
01a0a58f-fa8c-7373-bce5-caabe51dbde0,s,D,QB20,17,3,UVH9s,35,0.07,6750000.0,6.75,439,1024,0.4287109375
01a0a58f-fa8c-7373-bce5-caabe51dbde0,s,D,QB20,17,3,UVH9s,36,0.07,7200000.0,7.2,455,1024,0.4443359375
01a0a58f-fa8c-7373-bce5-caabe51dbde0,s,D,QB20,17,3,UVH9s,37,0.07,7650000.0,7.65,395,1024,0.3857421875
01a0a58f-fa8c-7373-bce5-caabe51dbde0,s,D,QB20,17,3,UVH9s,38,0.07,8100000.0,8.1,406,1024,0.396484375
01a0a58f-fa8c-7373-bce5-caabe51dbde0,s,D,QB20,17,3,UVH9s,39,0.07,8550000.0,8.55,368,1024,0.359375
01a0a58f-fa8c-7373-bce5-caabe51dbde0,s,D,QB20,17,3,UVH9s,40,0.07,9000000.0,9.0,362,1024,0.353515625
01a0a58f-fa8c-7373-bce5-caabe51dbde0,s,D,QB20,17,4,UVH11s,0,0.07,-9000000.0,-9.0,548,1024,0.53515625
01a0a58f-fa8c-7373-bce5-caabe51dbde0,s,D,QB20,17,4,UVH11s,1,0.07,-8550000.0,-8.55,527,1024,0.5146484375
01a0a58f-fa8c-7373-bce5-caabe51dbde0,s,D,QB20,17,4,UVH11s,2,0.07,-8100000.0,-8.1,561,1024,0.5478515625
01a0a58f-fa8c-7373-bce5-caabe51dbde0,s,D,QB20,17,4,UVH11s,3,0.07,-7650000.0,-7.65,500,1024,0.48828125
01a0a58f-fa8c-7373-bce5-caabe51dbde0,s,D,QB20,17,4,UVH11s,4,0.07,-7200000.0,-7.2,490,1024,0.478515625
01a0a58f-fa8c-7373-bce5-caabe51dbde0,s,D,QB20,17,4,UVH11s,5,0.07,-6750000.0,-6.75,512,1024,0.5
01a0a58f-fa8c-7373-bce5-caabe51dbde0,s,D,QB20,17,4,UVH11s,6,0.07,-6300000.0,-6.3,508,1024,0.49609375
01a0a58f-fa8c-7373-bce5-caabe51dbde0,s,D,QB20,17,4,UVH11s,7,0.07,-5850000.0,-5.85,453,1024,0.4423828125
01a0a58f-fa8c-7373-bce5-caabe51dbde0,s,D,QB20,17,4,UVH11s,8,0.07,-5400000.0,-5.4,487,1024,0.4755859375
01a0a58f-fa8c-7373-bce5-caabe51dbde0,s,D,QB20,17,4,UVH11s,9,0.07,-4950000.0,-4.95,500,1024,0.48828125
01a0a58f-fa8c-7373-bce5-caabe51dbde0,s,D,QB20,17,4,UVH11s,10,0.07,-4500000.0,-4.5,477,1024,0.4658203125
01a0a58f-fa8c-7373-bce5-caabe51dbde0,s,D,QB20,17,4,UVH11s,11,0.07,-4050000.0,-4.05,478,1024,0.466796875
01a0a58f-fa8c-7373-bce5-caabe51dbde0,s,D,QB20,17,4,UVH11s,12,0.07,-3600000.0,-3.6,509,1024,0.4970703125
01a0a58f-fa8c-7373-bce5-caabe51dbde0,s,D,QB20,17,4,UVH11s,13,0.07,-3150000.0,-3.15,460,1024,0.44921875
01a0a58f-fa8c-7373-bce5-caabe51dbde0,s,D,QB20,17,4,UVH11s,14,0.07,-2700000.0,-2.7,496,1024,0.484375
01a0a58f-fa8c-7373-bce5-caabe51dbde0,s,D,QB20,17,4,UVH11s,15,0.07,-2250000.0,-2.25,482,1024,0.470703125
01a0a58f-fa8c-7373-bce5-caabe51dbde0,s,D,QB20,17,4,UVH11s,16,0.07,-1800000.0,-1.8,480,1024,0.46875
01a0a58f-fa8c-7373-bce5-caabe51dbde0,s,D,QB20,17,4,UVH11s,17,0.07,-1350000.0,-1.35,495,1024,0.4833984375
01a0a58f-fa8c-7373-bce5-caabe51dbde0,s,D,QB20,17,4,UVH11s,18,0.07,-900000.0,-0.9,475,1024,0.4638671875
01a0a58f-fa8c-7373-bce5-caabe51dbde0,s,D,QB20,17,4,UVH11s,19,0.07,-450000.0,-0.45,490,1024,0.478515625
01a0a58f-fa8c-7373-bce5-caabe51dbde0,s,D,QB20,17,4,UVH11s,20,0.07,0.0,0.0,470,1024,0.458984375
01a0a58f-fa8c-7373-bce5-caabe51dbde0,s,D,QB20,17,4,UVH11s,21,0.07,450000.0,0.45,481,1024,0.4697265625
01a0a58f-fa8c-7373-bce5-caabe51dbde0,s,D,QB20,17,4,UVH11s,22,0.07,900000.0,0.9,518,1024,0.505859375
01a0a58f-fa8c-7373-bce5-caabe51dbde0,s,D,QB20,17,4,UVH11s,23,0.07,1350000.0,1.35,488,1024,0.4765625
01a0a58f-fa8c-7373-bce5-caabe51dbde0,s,D,QB20,17,4,UVH11s,24,0.07,1800000.0,1.8,505,1024,0.4931640625
01a0a58f-fa8c-7373-bce5-caabe51dbde0,s,D,QB20,17,4,UVH11s,25,0.07,2250000.0,2.25,513,1024,0.5009765625
01a0a58f-fa8c-7373-bce5-caabe51dbde0,s,D,QB20,17,4,UVH11s,26,0.07,2700000.0,2.7,488,1024,0.4765625
01a0a58f-fa8c-7373-bce5-caabe51dbde0,s,D,QB20,17,4,UVH11s,27,0.07,3150000.0,3.15,506,1024,0.494140625
01a0a58f-fa8c-7373-bce5-caabe51dbde0,s,D,QB20,17,4,UVH11s,28,0.07,3600000.0,3.6,481,1024,0.4697265625
01a0a58f-fa8c-7373-bce5-caabe51dbde0,s,D,QB20,17,4,UVH11s,29,0.07,4050000.0,4.05,467,1024,0.4560546875
01a0a58f-fa8c-7373-bce5-caabe51dbde0,s,D,QB20,17,4,UVH11s,30,0.07,4500000.0,4.5,502,1024,0.490234375
01a0a58f-fa8c-7373-bce5-caabe51dbde0,s,D,QB20,17,4,UVH11s,31,0.07,4950000.0,4.95,507,1024,0.4951171875
01a0a58f-fa8c-7373-bce5-caabe51dbde0,s,D,QB20,17,4,UVH11s,32,0.07,5400000.0,5.4,478,1024,0.466796875
01a0a58f-fa8c-7373-bce5-caabe51dbde0,s,D,QB20,17,4,UVH11s,33,0.07,5850000.0,5.85,464,1024,0.453125
01a0a58f-fa8c-7373-bce5-caabe51dbde0,s,D,QB20,17,4,UVH11s,34,0.07,6300000.0,6.3,474,1024,0.462890625
01a0a58f-fa8c-7373-bce5-caabe51dbde0,s,D,QB20,17,4,UVH11s,35,0.07,6750000.0,6.75,498,1024,0.486328125
01a0a58f-fa8c-7373-bce5-caabe51dbde0,s,D,QB20,17,4,UVH11s,36,0.07,7200000.0,7.2,499,1024,0.4873046875
01a0a58f-fa8c-7373-bce5-caabe51dbde0,s,D,QB20,17,4,UVH11s,37,0.07,7650000.0,7.65,511,1024,0.4990234375
01a0a58f-fa8c-7373-bce5-caabe51dbde0,s,D,QB20,17,4,UVH11s,38,0.07,8100000.0,8.1,461,1024,0.4501953125
01a0a58f-fa8c-7373-bce5-caabe51dbde0,s,D,QB20,17,4,UVH11s,39,0.07,8550000.0,8.55,493,1024,0.4814453125
01a0a58f-fa8c-7373-bce5-caabe51dbde0,s,D,QB20,17,4,UVH11s,40,0.07,9000000.0,9.0,506,1024,0.494140625
01a0a58f-fa8c-7373-bce5-caabe51dbde0,s,D,QB20,17,5,UVH13s,0,0.07,-9000000.0,-9.0,582,1024,0.568359375
01a0a58f-fa8c-7373-bce5-caabe51dbde0,s,D,QB20,17,5,UVH13s,1,0.07,-8550000.0,-8.55,586,1024,0.572265625
01a0a58f-fa8c-7373-bce5-caabe51dbde0,s,D,QB20,17,5,UVH13s,2,0.07,-8100000.0,-8.1,581,1024,0.5673828125
01a0a58f-fa8c-7373-bce5-caabe51dbde0,s,D,QB20,17,5,UVH13s,3,0.07,-7650000.0,-7.65,567,1024,0.5537109375
01a0a58f-fa8c-7373-bce5-caabe51dbde0,s,D,QB20,17,5,UVH13s,4,0.07,-7200000.0,-7.2,561,1024,0.5478515625
01a0a58f-fa8c-7373-bce5-caabe51dbde0,s,D,QB20,17,5,UVH13s,5,0.07,-6750000.0,-6.75,543,1024,0.5302734375
01a0a58f-fa8c-7373-bce5-caabe51dbde0,s,D,QB20,17,5,UVH13s,6,0.07,-6300000.0,-6.3,534,1024,0.521484375
01a0a58f-fa8c-7373-bce5-caabe51dbde0,s,D,QB20,17,5,UVH13s,7,0.07,-5850000.0,-5.85,543,1024,0.5302734375
01a0a58f-fa8c-7373-bce5-caabe51dbde0,s,D,QB20,17,5,UVH13s,8,0.07,-5400000.0,-5.4,543,1024,0.5302734375
01a0a58f-fa8c-7373-bce5-caabe51dbde0,s,D,QB20,17,5,UVH13s,9,0.07,-4950000.0,-4.95,543,1024,0.5302734375
01a0a58f-fa8c-7373-bce5-caabe51dbde0,s,D,QB20,17,5,UVH13s,10,0.07,-4500000.0,-4.5,541,1024,0.5283203125
01a0a58f-fa8c-7373-bce5-caabe51dbde0,s,D,QB20,17,5,UVH13s,11,0.07,-4050000.0,-4.05,525,1024,0.5126953125
01a0a58f-fa8c-7373-bce5-caabe51dbde0,s,D,QB20,17,5,UVH13s,12,0.07,-3600000.0,-3.6,537,1024,0.5244140625
01a0a58f-fa8c-7373-bce5-caabe51dbde0,s,D,QB20,17,5,UVH13s,13,0.07,-3150000.0,-3.15,542,1024,0.529296875
01a0a58f-fa8c-7373-bce5-caabe51dbde0,s,D,QB20,17,5,UVH13s,14,0.07,-2700000.0,-2.7,543,1024,0.5302734375
01a0a58f-fa8c-7373-bce5-caabe51dbde0,s,D,QB20,17,5,UVH13s,15,0.07,-2250000.0,-2.25,464,1024,0.453125
01a0a58f-fa8c-7373-bce5-caabe51dbde0,s,D,QB20,17,5,UVH13s,16,0.07,-1800000.0,-1.8,535,1024,0.5224609375
01a0a58f-fa8c-7373-bce5-caabe51dbde0,s,D,QB20,17,5,UVH13s,17,0.07,-1350000.0,-1.35,567,1024,0.5537109375
01a0a58f-fa8c-7373-bce5-caabe51dbde0,s,D,QB20,17,5,UVH13s,18,0.07,-900000.0,-0.9,561,1024,0.5478515625
01a0a58f-fa8c-7373-bce5-caabe51dbde0,s,D,QB20,17,5,UVH13s,19,0.07,-450000.0,-0.45,533,1024,0.5205078125
01a0a58f-fa8c-7373-bce5-caabe51dbde0,s,D,QB20,17,5,UVH13s,20,0.07,0.0,0.0,530,1024,0.517578125
01a0a58f-fa8c-7373-bce5-caabe51dbde0,s,D,QB20,17,5,UVH13s,21,0.07,450000.0,0.45,525,1024,0.5126953125
01a0a58f-fa8c-7373-bce5-caabe51dbde0,s,D,QB20,17,5,UVH13s,22,0.07,900000.0,0.9,510,1024,0.498046875
01a0a58f-fa8c-7373-bce5-caabe51dbde0,s,D,QB20,17,5,UVH13s,23,0.07,1350000.0,1.35,535,1024,0.5224609375
01a0a58f-fa8c-7373-bce5-caabe51dbde0,s,D,QB20,17,5,UVH13s,24,0.07,1800000.0,1.8,551,1024,0.5380859375
01a0a58f-fa8c-7373-bce5-caabe51dbde0,s,D,QB20,17,5,UVH13s,25,0.07,2250000.0,2.25,527,1024,0.5146484375
01a0a58f-fa8c-7373-bce5-caabe51dbde0,s,D,QB20,17,5,UVH13s,26,0.07,2700000.0,2.7,545,1024,0.5322265625
01a0a58f-fa8c-7373-bce5-caabe51dbde0,s,D,QB20,17,5,UVH13s,27,0.07,3150000.0,3.15,526,1024,0.513671875
01a0a58f-fa8c-7373-bce5-caabe51dbde0,s,D,QB20,17,5,UVH13s,28,0.07,3600000.0,3.6,544,1024,0.53125
01a0a58f-fa8c-7373-bce5-caabe51dbde0,s,D,QB20,17,5,UVH13s,29,0.07,4050000.0,4.05,562,1024,0.548828125
01a0a58f-fa8c-7373-bce5-caabe51dbde0,s,D,QB20,17,5,UVH13s,30,0.07,4500000.0,4.5,543,1024,0.5302734375
01a0a58f-fa8c-7373-bce5-caabe51dbde0,s,D,QB20,17,5,UVH13s,31,0.07,4950000.0,4.95,552,1024,0.5390625
01a0a58f-fa8c-7373-bce5-caabe51dbde0,s,D,QB20,17,5,UVH13s,32,0.07,5400000.0,5.4,553,1024,0.5400390625
01a0a58f-fa8c-7373-bce5-caabe51dbde0,s,D,QB20,17,5,UVH13s,33,0.07,5850000.0,5.85,534,1024,0.521484375
01a0a58f-fa8c-7373-bce5-caabe51dbde0,s,D,QB20,17,5,UVH13s,34,0.07,6300000.0,6.3,542,1024,0.529296875
01a0a58f-fa8c-7373-bce5-caabe51dbde0,s,D,QB20,17,5,UVH13s,35,0.07,6750000.0,6.75,540,1024,0.52734375
01a0a58f-fa8c-7373-bce5-caabe51dbde0,s,D,QB20,17,5,UVH13s,36,0.07,7200000.0,7.2,530,1024,0.517578125
01a0a58f-fa8c-7373-bce5-caabe51dbde0,s,D,QB20,17,5,UVH13s,37,0.07,7650000.0,7.65,580,1024,0.56640625
01a0a58f-fa8c-7373-bce5-caabe51dbde0,s,D,QB20,17,5,UVH13s,38,0.07,8100000.0,8.1,554,1024,0.541015625
01a0a58f-fa8c-7373-bce5-caabe51dbde0,s,D,QB20,17,5,UVH13s,39,0.07,8550000.0,8.55,591,1024,0.5771484375
01a0a58f-fa8c-7373-bce5-caabe51dbde0,s,D,QB20,17,5,UVH13s,40,0.07,9000000.0,9.0,551,1024,0.5380859375
01a0a58f-fa8c-7373-bce5-caabe51dbde0,s,D,QB19,18,0,standard_pi_2,0,0.07,-9000000.0,-9.0,581,1024,0.5673828125
01a0a58f-fa8c-7373-bce5-caabe51dbde0,s,D,QB19,18,0,standard_pi_2,1,0.07,-8550000.0,-8.55,620,1024,0.60546875
01a0a58f-fa8c-7373-bce5-caabe51dbde0,s,D,QB19,18,0,standard_pi_2,2,0.07,-8100000.0,-8.1,588,1024,0.57421875
01a0a58f-fa8c-7373-bce5-caabe51dbde0,s,D,QB19,18,0,standard_pi_2,3,0.07,-7650000.0,-7.65,570,1024,0.556640625
01a0a58f-fa8c-7373-bce5-caabe51dbde0,s,D,QB19,18,0,standard_pi_2,4,0.07,-7200000.0,-7.2,549,1024,0.5361328125
01a0a58f-fa8c-7373-bce5-caabe51dbde0,s,D,QB19,18,0,standard_pi_2,5,0.07,-6750000.0,-6.75,578,1024,0.564453125
01a0a58f-fa8c-7373-bce5-caabe51dbde0,s,D,QB19,18,0,standard_pi_2,6,0.07,-6300000.0,-6.3,575,1024,0.5615234375
01a0a58f-fa8c-7373-bce5-caabe51dbde0,s,D,QB19,18,0,standard_pi_2,7,0.07,-5850000.0,-5.85,586,1024,0.572265625
01a0a58f-fa8c-7373-bce5-caabe51dbde0,s,D,QB19,18,0,standard_pi_2,8,0.07,-5400000.0,-5.4,583,1024,0.5693359375
01a0a58f-fa8c-7373-bce5-caabe51dbde0,s,D,QB19,18,0,standard_pi_2,9,0.07,-4950000.0,-4.95,584,1024,0.5703125
01a0a58f-fa8c-7373-bce5-caabe51dbde0,s,D,QB19,18,0,standard_pi_2,10,0.07,-4500000.0,-4.5,574,1024,0.560546875
01a0a58f-fa8c-7373-bce5-caabe51dbde0,s,D,QB19,18,0,standard_pi_2,11,0.07,-4050000.0,-4.05,583,1024,0.5693359375
01a0a58f-fa8c-7373-bce5-caabe51dbde0,s,D,QB19,18,0,standard_pi_2,12,0.07,-3600000.0,-3.6,575,1024,0.5615234375
01a0a58f-fa8c-7373-bce5-caabe51dbde0,s,D,QB19,18,0,standard_pi_2,13,0.07,-3150000.0,-3.15,553,1024,0.5400390625
01a0a58f-fa8c-7373-bce5-caabe51dbde0,s,D,QB19,18,0,standard_pi_2,14,0.07,-2700000.0,-2.7,573,1024,0.5595703125
01a0a58f-fa8c-7373-bce5-caabe51dbde0,s,D,QB19,18,0,standard_pi_2,15,0.07,-2250000.0,-2.25,566,1024,0.552734375
01a0a58f-fa8c-7373-bce5-caabe51dbde0,s,D,QB19,18,0,standard_pi_2,16,0.07,-1800000.0,-1.8,565,1024,0.5517578125
01a0a58f-fa8c-7373-bce5-caabe51dbde0,s,D,QB19,18,0,standard_pi_2,17,0.07,-1350000.0,-1.35,552,1024,0.5390625
01a0a58f-fa8c-7373-bce5-caabe51dbde0,s,D,QB19,18,0,standard_pi_2,18,0.07,-900000.0,-0.9,550,1024,0.537109375
01a0a58f-fa8c-7373-bce5-caabe51dbde0,s,D,QB19,18,0,standard_pi_2,19,0.07,-450000.0,-0.45,574,1024,0.560546875
01a0a58f-fa8c-7373-bce5-caabe51dbde0,s,D,QB19,18,0,standard_pi_2,20,0.07,0.0,0.0,551,1024,0.5380859375
01a0a58f-fa8c-7373-bce5-caabe51dbde0,s,D,QB19,18,0,standard_pi_2,21,0.07,450000.0,0.45,573,1024,0.5595703125
01a0a58f-fa8c-7373-bce5-caabe51dbde0,s,D,QB19,18,0,standard_pi_2,22,0.07,900000.0,0.9,533,1024,0.5205078125
01a0a58f-fa8c-7373-bce5-caabe51dbde0,s,D,QB19,18,0,standard_pi_2,23,0.07,1350000.0,1.35,550,1024,0.537109375
01a0a58f-fa8c-7373-bce5-caabe51dbde0,s,D,QB19,18,0,standard_pi_2,24,0.07,1800000.0,1.8,518,1024,0.505859375
01a0a58f-fa8c-7373-bce5-caabe51dbde0,s,D,QB19,18,0,standard_pi_2,25,0.07,2250000.0,2.25,510,1024,0.498046875
01a0a58f-fa8c-7373-bce5-caabe51dbde0,s,D,QB19,18,0,standard_pi_2,26,0.07,2700000.0,2.7,530,1024,0.517578125
01a0a58f-fa8c-7373-bce5-caabe51dbde0,s,D,QB19,18,0,standard_pi_2,27,0.07,3150000.0,3.15,538,1024,0.525390625
01a0a58f-fa8c-7373-bce5-caabe51dbde0,s,D,QB19,18,0,standard_pi_2,28,0.07,3600000.0,3.6,514,1024,0.501953125
01a0a58f-fa8c-7373-bce5-caabe51dbde0,s,D,QB19,18,0,standard_pi_2,29,0.07,4050000.0,4.05,500,1024,0.48828125
01a0a58f-fa8c-7373-bce5-caabe51dbde0,s,D,QB19,18,0,standard_pi_2,30,0.07,4500000.0,4.5,501,1024,0.4892578125
01a0a58f-fa8c-7373-bce5-caabe51dbde0,s,D,QB19,18,0,standard_pi_2,31,0.07,4950000.0,4.95,504,1024,0.4921875
01a0a58f-fa8c-7373-bce5-caabe51dbde0,s,D,QB19,18,0,standard_pi_2,32,0.07,5400000.0,5.4,506,1024,0.494140625
01a0a58f-fa8c-7373-bce5-caabe51dbde0,s,D,QB19,18,0,standard_pi_2,33,0.07,5850000.0,5.85,507,1024,0.4951171875
01a0a58f-fa8c-7373-bce5-caabe51dbde0,s,D,QB19,18,0,standard_pi_2,34,0.07,6300000.0,6.3,507,1024,0.4951171875
01a0a58f-fa8c-7373-bce5-caabe51dbde0,s,D,QB19,18,0,standard_pi_2,35,0.07,6750000.0,6.75,481,1024,0.4697265625
01a0a58f-fa8c-7373-bce5-caabe51dbde0,s,D,QB19,18,0,standard_pi_2,36,0.07,7200000.0,7.2,503,1024,0.4912109375
01a0a58f-fa8c-7373-bce5-caabe51dbde0,s,D,QB19,18,0,standard_pi_2,37,0.07,7650000.0,7.65,476,1024,0.46484375
01a0a58f-fa8c-7373-bce5-caabe51dbde0,s,D,QB19,18,0,standard_pi_2,38,0.07,8100000.0,8.1,463,1024,0.4521484375
01a0a58f-fa8c-7373-bce5-caabe51dbde0,s,D,QB19,18,0,standard_pi_2,39,0.07,8550000.0,8.55,479,1024,0.4677734375
01a0a58f-fa8c-7373-bce5-caabe51dbde0,s,D,QB19,18,0,standard_pi_2,40,0.07,9000000.0,9.0,474,1024,0.462890625
01a0a58f-fa8c-7373-bce5-caabe51dbde0,s,D,QB19,18,1,UVH5s,0,0.07,-9000000.0,-9.0,621,1024,0.6064453125
01a0a58f-fa8c-7373-bce5-caabe51dbde0,s,D,QB19,18,1,UVH5s,1,0.07,-8550000.0,-8.55,667,1024,0.6513671875
01a0a58f-fa8c-7373-bce5-caabe51dbde0,s,D,QB19,18,1,UVH5s,2,0.07,-8100000.0,-8.1,673,1024,0.6572265625
01a0a58f-fa8c-7373-bce5-caabe51dbde0,s,D,QB19,18,1,UVH5s,3,0.07,-7650000.0,-7.65,672,1024,0.65625
01a0a58f-fa8c-7373-bce5-caabe51dbde0,s,D,QB19,18,1,UVH5s,4,0.07,-7200000.0,-7.2,648,1024,0.6328125
01a0a58f-fa8c-7373-bce5-caabe51dbde0,s,D,QB19,18,1,UVH5s,5,0.07,-6750000.0,-6.75,671,1024,0.6552734375
01a0a58f-fa8c-7373-bce5-caabe51dbde0,s,D,QB19,18,1,UVH5s,6,0.07,-6300000.0,-6.3,657,1024,0.6416015625
01a0a58f-fa8c-7373-bce5-caabe51dbde0,s,D,QB19,18,1,UVH5s,7,0.07,-5850000.0,-5.85,629,1024,0.6142578125
01a0a58f-fa8c-7373-bce5-caabe51dbde0,s,D,QB19,18,1,UVH5s,8,0.07,-5400000.0,-5.4,607,1024,0.5927734375
01a0a58f-fa8c-7373-bce5-caabe51dbde0,s,D,QB19,18,1,UVH5s,9,0.07,-4950000.0,-4.95,623,1024,0.6083984375
01a0a58f-fa8c-7373-bce5-caabe51dbde0,s,D,QB19,18,1,UVH5s,10,0.07,-4500000.0,-4.5,603,1024,0.5888671875
01a0a58f-fa8c-7373-bce5-caabe51dbde0,s,D,QB19,18,1,UVH5s,11,0.07,-4050000.0,-4.05,615,1024,0.6005859375
01a0a58f-fa8c-7373-bce5-caabe51dbde0,s,D,QB19,18,1,UVH5s,12,0.07,-3600000.0,-3.6,621,1024,0.6064453125
01a0a58f-fa8c-7373-bce5-caabe51dbde0,s,D,QB19,18,1,UVH5s,13,0.07,-3150000.0,-3.15,601,1024,0.5869140625
01a0a58f-fa8c-7373-bce5-caabe51dbde0,s,D,QB19,18,1,UVH5s,14,0.07,-2700000.0,-2.7,561,1024,0.5478515625
01a0a58f-fa8c-7373-bce5-caabe51dbde0,s,D,QB19,18,1,UVH5s,15,0.07,-2250000.0,-2.25,541,1024,0.5283203125
01a0a58f-fa8c-7373-bce5-caabe51dbde0,s,D,QB19,18,1,UVH5s,16,0.07,-1800000.0,-1.8,572,1024,0.55859375
01a0a58f-fa8c-7373-bce5-caabe51dbde0,s,D,QB19,18,1,UVH5s,17,0.07,-1350000.0,-1.35,584,1024,0.5703125
01a0a58f-fa8c-7373-bce5-caabe51dbde0,s,D,QB19,18,1,UVH5s,18,0.07,-900000.0,-0.9,571,1024,0.5576171875
01a0a58f-fa8c-7373-bce5-caabe51dbde0,s,D,QB19,18,1,UVH5s,19,0.07,-450000.0,-0.45,535,1024,0.5224609375
01a0a58f-fa8c-7373-bce5-caabe51dbde0,s,D,QB19,18,1,UVH5s,20,0.07,0.0,0.0,538,1024,0.525390625
01a0a58f-fa8c-7373-bce5-caabe51dbde0,s,D,QB19,18,1,UVH5s,21,0.07,450000.0,0.45,548,1024,0.53515625
01a0a58f-fa8c-7373-bce5-caabe51dbde0,s,D,QB19,18,1,UVH5s,22,0.07,900000.0,0.9,549,1024,0.5361328125
01a0a58f-fa8c-7373-bce5-caabe51dbde0,s,D,QB19,18,1,UVH5s,23,0.07,1350000.0,1.35,576,1024,0.5625
01a0a58f-fa8c-7373-bce5-caabe51dbde0,s,D,QB19,18,1,UVH5s,24,0.07,1800000.0,1.8,594,1024,0.580078125
01a0a58f-fa8c-7373-bce5-caabe51dbde0,s,D,QB19,18,1,UVH5s,25,0.07,2250000.0,2.25,617,1024,0.6025390625
01a0a58f-fa8c-7373-bce5-caabe51dbde0,s,D,QB19,18,1,UVH5s,26,0.07,2700000.0,2.7,577,1024,0.5634765625
01a0a58f-fa8c-7373-bce5-caabe51dbde0,s,D,QB19,18,1,UVH5s,27,0.07,3150000.0,3.15,622,1024,0.607421875
01a0a58f-fa8c-7373-bce5-caabe51dbde0,s,D,QB19,18,1,UVH5s,28,0.07,3600000.0,3.6,639,1024,0.6240234375
01a0a58f-fa8c-7373-bce5-caabe51dbde0,s,D,QB19,18,1,UVH5s,29,0.07,4050000.0,4.05,633,1024,0.6181640625
01a0a58f-fa8c-7373-bce5-caabe51dbde0,s,D,QB19,18,1,UVH5s,30,0.07,4500000.0,4.5,639,1024,0.6240234375
01a0a58f-fa8c-7373-bce5-caabe51dbde0,s,D,QB19,18,1,UVH5s,31,0.07,4950000.0,4.95,659,1024,0.6435546875
01a0a58f-fa8c-7373-bce5-caabe51dbde0,s,D,QB19,18,1,UVH5s,32,0.07,5400000.0,5.4,691,1024,0.6748046875
01a0a58f-fa8c-7373-bce5-caabe51dbde0,s,D,QB19,18,1,UVH5s,33,0.07,5850000.0,5.85,685,1024,0.6689453125
01a0a58f-fa8c-7373-bce5-caabe51dbde0,s,D,QB19,18,1,UVH5s,34,0.07,6300000.0,6.3,714,1024,0.697265625
01a0a58f-fa8c-7373-bce5-caabe51dbde0,s,D,QB19,18,1,UVH5s,35,0.07,6750000.0,6.75,717,1024,0.7001953125
01a0a58f-fa8c-7373-bce5-caabe51dbde0,s,D,QB19,18,1,UVH5s,36,0.07,7200000.0,7.2,748,1024,0.73046875
01a0a58f-fa8c-7373-bce5-caabe51dbde0,s,D,QB19,18,1,UVH5s,37,0.07,7650000.0,7.65,778,1024,0.759765625
01a0a58f-fa8c-7373-bce5-caabe51dbde0,s,D,QB19,18,1,UVH5s,38,0.07,8100000.0,8.1,778,1024,0.759765625
01a0a58f-fa8c-7373-bce5-caabe51dbde0,s,D,QB19,18,1,UVH5s,39,0.07,8550000.0,8.55,769,1024,0.7509765625
01a0a58f-fa8c-7373-bce5-caabe51dbde0,s,D,QB19,18,1,UVH5s,40,0.07,9000000.0,9.0,784,1024,0.765625
01a0a58f-fa8c-7373-bce5-caabe51dbde0,s,D,QB19,18,2,UVH7s,0,0.07,-9000000.0,-9.0,544,1024,0.53125
01a0a58f-fa8c-7373-bce5-caabe51dbde0,s,D,QB19,18,2,UVH7s,1,0.07,-8550000.0,-8.55,539,1024,0.5263671875
01a0a58f-fa8c-7373-bce5-caabe51dbde0,s,D,QB19,18,2,UVH7s,2,0.07,-8100000.0,-8.1,548,1024,0.53515625
01a0a58f-fa8c-7373-bce5-caabe51dbde0,s,D,QB19,18,2,UVH7s,3,0.07,-7650000.0,-7.65,570,1024,0.556640625
01a0a58f-fa8c-7373-bce5-caabe51dbde0,s,D,QB19,18,2,UVH7s,4,0.07,-7200000.0,-7.2,585,1024,0.5712890625
01a0a58f-fa8c-7373-bce5-caabe51dbde0,s,D,QB19,18,2,UVH7s,5,0.07,-6750000.0,-6.75,565,1024,0.5517578125
01a0a58f-fa8c-7373-bce5-caabe51dbde0,s,D,QB19,18,2,UVH7s,6,0.07,-6300000.0,-6.3,577,1024,0.5634765625
01a0a58f-fa8c-7373-bce5-caabe51dbde0,s,D,QB19,18,2,UVH7s,7,0.07,-5850000.0,-5.85,553,1024,0.5400390625
01a0a58f-fa8c-7373-bce5-caabe51dbde0,s,D,QB19,18,2,UVH7s,8,0.07,-5400000.0,-5.4,589,1024,0.5751953125
01a0a58f-fa8c-7373-bce5-caabe51dbde0,s,D,QB19,18,2,UVH7s,9,0.07,-4950000.0,-4.95,553,1024,0.5400390625
01a0a58f-fa8c-7373-bce5-caabe51dbde0,s,D,QB19,18,2,UVH7s,10,0.07,-4500000.0,-4.5,530,1024,0.517578125
01a0a58f-fa8c-7373-bce5-caabe51dbde0,s,D,QB19,18,2,UVH7s,11,0.07,-4050000.0,-4.05,547,1024,0.5341796875
01a0a58f-fa8c-7373-bce5-caabe51dbde0,s,D,QB19,18,2,UVH7s,12,0.07,-3600000.0,-3.6,504,1024,0.4921875
01a0a58f-fa8c-7373-bce5-caabe51dbde0,s,D,QB19,18,2,UVH7s,13,0.07,-3150000.0,-3.15,555,1024,0.5419921875
01a0a58f-fa8c-7373-bce5-caabe51dbde0,s,D,QB19,18,2,UVH7s,14,0.07,-2700000.0,-2.7,529,1024,0.5166015625
01a0a58f-fa8c-7373-bce5-caabe51dbde0,s,D,QB19,18,2,UVH7s,15,0.07,-2250000.0,-2.25,528,1024,0.515625
01a0a58f-fa8c-7373-bce5-caabe51dbde0,s,D,QB19,18,2,UVH7s,16,0.07,-1800000.0,-1.8,506,1024,0.494140625
01a0a58f-fa8c-7373-bce5-caabe51dbde0,s,D,QB19,18,2,UVH7s,17,0.07,-1350000.0,-1.35,519,1024,0.5068359375
01a0a58f-fa8c-7373-bce5-caabe51dbde0,s,D,QB19,18,2,UVH7s,18,0.07,-900000.0,-0.9,480,1024,0.46875
01a0a58f-fa8c-7373-bce5-caabe51dbde0,s,D,QB19,18,2,UVH7s,19,0.07,-450000.0,-0.45,506,1024,0.494140625
01a0a58f-fa8c-7373-bce5-caabe51dbde0,s,D,QB19,18,2,UVH7s,20,0.07,0.0,0.0,534,1024,0.521484375
01a0a58f-fa8c-7373-bce5-caabe51dbde0,s,D,QB19,18,2,UVH7s,21,0.07,450000.0,0.45,546,1024,0.533203125
01a0a58f-fa8c-7373-bce5-caabe51dbde0,s,D,QB19,18,2,UVH7s,22,0.07,900000.0,0.9,511,1024,0.4990234375
01a0a58f-fa8c-7373-bce5-caabe51dbde0,s,D,QB19,18,2,UVH7s,23,0.07,1350000.0,1.35,510,1024,0.498046875
01a0a58f-fa8c-7373-bce5-caabe51dbde0,s,D,QB19,18,2,UVH7s,24,0.07,1800000.0,1.8,494,1024,0.482421875
01a0a58f-fa8c-7373-bce5-caabe51dbde0,s,D,QB19,18,2,UVH7s,25,0.07,2250000.0,2.25,491,1024,0.4794921875
01a0a58f-fa8c-7373-bce5-caabe51dbde0,s,D,QB19,18,2,UVH7s,26,0.07,2700000.0,2.7,513,1024,0.5009765625
01a0a58f-fa8c-7373-bce5-caabe51dbde0,s,D,QB19,18,2,UVH7s,27,0.07,3150000.0,3.15,506,1024,0.494140625
01a0a58f-fa8c-7373-bce5-caabe51dbde0,s,D,QB19,18,2,UVH7s,28,0.07,3600000.0,3.6,534,1024,0.521484375
01a0a58f-fa8c-7373-bce5-caabe51dbde0,s,D,QB19,18,2,UVH7s,29,0.07,4050000.0,4.05,512,1024,0.5
01a0a58f-fa8c-7373-bce5-caabe51dbde0,s,D,QB19,18,2,UVH7s,30,0.07,4500000.0,4.5,561,1024,0.5478515625
01a0a58f-fa8c-7373-bce5-caabe51dbde0,s,D,QB19,18,2,UVH7s,31,0.07,4950000.0,4.95,558,1024,0.544921875
01a0a58f-fa8c-7373-bce5-caabe51dbde0,s,D,QB19,18,2,UVH7s,32,0.07,5400000.0,5.4,559,1024,0.5458984375
01a0a58f-fa8c-7373-bce5-caabe51dbde0,s,D,QB19,18,2,UVH7s,33,0.07,5850000.0,5.85,547,1024,0.5341796875
01a0a58f-fa8c-7373-bce5-caabe51dbde0,s,D,QB19,18,2,UVH7s,34,0.07,6300000.0,6.3,554,1024,0.541015625
01a0a58f-fa8c-7373-bce5-caabe51dbde0,s,D,QB19,18,2,UVH7s,35,0.07,6750000.0,6.75,578,1024,0.564453125
01a0a58f-fa8c-7373-bce5-caabe51dbde0,s,D,QB19,18,2,UVH7s,36,0.07,7200000.0,7.2,591,1024,0.5771484375
01a0a58f-fa8c-7373-bce5-caabe51dbde0,s,D,QB19,18,2,UVH7s,37,0.07,7650000.0,7.65,571,1024,0.5576171875
01a0a58f-fa8c-7373-bce5-caabe51dbde0,s,D,QB19,18,2,UVH7s,38,0.07,8100000.0,8.1,579,1024,0.5654296875
01a0a58f-fa8c-7373-bce5-caabe51dbde0,s,D,QB19,18,2,UVH7s,39,0.07,8550000.0,8.55,630,1024,0.615234375
01a0a58f-fa8c-7373-bce5-caabe51dbde0,s,D,QB19,18,2,UVH7s,40,0.07,9000000.0,9.0,631,1024,0.6162109375
01a0a58f-fa8c-7373-bce5-caabe51dbde0,s,D,QB19,18,3,UVH9s,0,0.07,-9000000.0,-9.0,366,1024,0.357421875
01a0a58f-fa8c-7373-bce5-caabe51dbde0,s,D,QB19,18,3,UVH9s,1,0.07,-8550000.0,-8.55,415,1024,0.4052734375
01a0a58f-fa8c-7373-bce5-caabe51dbde0,s,D,QB19,18,3,UVH9s,2,0.07,-8100000.0,-8.1,402,1024,0.392578125
01a0a58f-fa8c-7373-bce5-caabe51dbde0,s,D,QB19,18,3,UVH9s,3,0.07,-7650000.0,-7.65,434,1024,0.423828125
01a0a58f-fa8c-7373-bce5-caabe51dbde0,s,D,QB19,18,3,UVH9s,4,0.07,-7200000.0,-7.2,409,1024,0.3994140625
01a0a58f-fa8c-7373-bce5-caabe51dbde0,s,D,QB19,18,3,UVH9s,5,0.07,-6750000.0,-6.75,456,1024,0.4453125
01a0a58f-fa8c-7373-bce5-caabe51dbde0,s,D,QB19,18,3,UVH9s,6,0.07,-6300000.0,-6.3,462,1024,0.451171875
01a0a58f-fa8c-7373-bce5-caabe51dbde0,s,D,QB19,18,3,UVH9s,7,0.07,-5850000.0,-5.85,494,1024,0.482421875
01a0a58f-fa8c-7373-bce5-caabe51dbde0,s,D,QB19,18,3,UVH9s,8,0.07,-5400000.0,-5.4,500,1024,0.48828125
01a0a58f-fa8c-7373-bce5-caabe51dbde0,s,D,QB19,18,3,UVH9s,9,0.07,-4950000.0,-4.95,502,1024,0.490234375
01a0a58f-fa8c-7373-bce5-caabe51dbde0,s,D,QB19,18,3,UVH9s,10,0.07,-4500000.0,-4.5,493,1024,0.4814453125
01a0a58f-fa8c-7373-bce5-caabe51dbde0,s,D,QB19,18,3,UVH9s,11,0.07,-4050000.0,-4.05,482,1024,0.470703125
01a0a58f-fa8c-7373-bce5-caabe51dbde0,s,D,QB19,18,3,UVH9s,12,0.07,-3600000.0,-3.6,472,1024,0.4609375
01a0a58f-fa8c-7373-bce5-caabe51dbde0,s,D,QB19,18,3,UVH9s,13,0.07,-3150000.0,-3.15,524,1024,0.51171875
01a0a58f-fa8c-7373-bce5-caabe51dbde0,s,D,QB19,18,3,UVH9s,14,0.07,-2700000.0,-2.7,509,1024,0.4970703125
01a0a58f-fa8c-7373-bce5-caabe51dbde0,s,D,QB19,18,3,UVH9s,15,0.07,-2250000.0,-2.25,506,1024,0.494140625
01a0a58f-fa8c-7373-bce5-caabe51dbde0,s,D,QB19,18,3,UVH9s,16,0.07,-1800000.0,-1.8,497,1024,0.4853515625
01a0a58f-fa8c-7373-bce5-caabe51dbde0,s,D,QB19,18,3,UVH9s,17,0.07,-1350000.0,-1.35,488,1024,0.4765625
01a0a58f-fa8c-7373-bce5-caabe51dbde0,s,D,QB19,18,3,UVH9s,18,0.07,-900000.0,-0.9,490,1024,0.478515625
01a0a58f-fa8c-7373-bce5-caabe51dbde0,s,D,QB19,18,3,UVH9s,19,0.07,-450000.0,-0.45,504,1024,0.4921875
01a0a58f-fa8c-7373-bce5-caabe51dbde0,s,D,QB19,18,3,UVH9s,20,0.07,0.0,0.0,521,1024,0.5087890625
01a0a58f-fa8c-7373-bce5-caabe51dbde0,s,D,QB19,18,3,UVH9s,21,0.07,450000.0,0.45,510,1024,0.498046875
01a0a58f-fa8c-7373-bce5-caabe51dbde0,s,D,QB19,18,3,UVH9s,22,0.07,900000.0,0.9,519,1024,0.5068359375
01a0a58f-fa8c-7373-bce5-caabe51dbde0,s,D,QB19,18,3,UVH9s,23,0.07,1350000.0,1.35,496,1024,0.484375
01a0a58f-fa8c-7373-bce5-caabe51dbde0,s,D,QB19,18,3,UVH9s,24,0.07,1800000.0,1.8,499,1024,0.4873046875
01a0a58f-fa8c-7373-bce5-caabe51dbde0,s,D,QB19,18,3,UVH9s,25,0.07,2250000.0,2.25,481,1024,0.4697265625
01a0a58f-fa8c-7373-bce5-caabe51dbde0,s,D,QB19,18,3,UVH9s,26,0.07,2700000.0,2.7,496,1024,0.484375
01a0a58f-fa8c-7373-bce5-caabe51dbde0,s,D,QB19,18,3,UVH9s,27,0.07,3150000.0,3.15,488,1024,0.4765625
01a0a58f-fa8c-7373-bce5-caabe51dbde0,s,D,QB19,18,3,UVH9s,28,0.07,3600000.0,3.6,500,1024,0.48828125
01a0a58f-fa8c-7373-bce5-caabe51dbde0,s,D,QB19,18,3,UVH9s,29,0.07,4050000.0,4.05,485,1024,0.4736328125
01a0a58f-fa8c-7373-bce5-caabe51dbde0,s,D,QB19,18,3,UVH9s,30,0.07,4500000.0,4.5,467,1024,0.4560546875
01a0a58f-fa8c-7373-bce5-caabe51dbde0,s,D,QB19,18,3,UVH9s,31,0.07,4950000.0,4.95,472,1024,0.4609375
01a0a58f-fa8c-7373-bce5-caabe51dbde0,s,D,QB19,18,3,UVH9s,32,0.07,5400000.0,5.4,463,1024,0.4521484375
01a0a58f-fa8c-7373-bce5-caabe51dbde0,s,D,QB19,18,3,UVH9s,33,0.07,5850000.0,5.85,424,1024,0.4140625
01a0a58f-fa8c-7373-bce5-caabe51dbde0,s,D,QB19,18,3,UVH9s,34,0.07,6300000.0,6.3,401,1024,0.3916015625
01a0a58f-fa8c-7373-bce5-caabe51dbde0,s,D,QB19,18,3,UVH9s,35,0.07,6750000.0,6.75,392,1024,0.3828125
01a0a58f-fa8c-7373-bce5-caabe51dbde0,s,D,QB19,18,3,UVH9s,36,0.07,7200000.0,7.2,374,1024,0.365234375
01a0a58f-fa8c-7373-bce5-caabe51dbde0,s,D,QB19,18,3,UVH9s,37,0.07,7650000.0,7.65,354,1024,0.345703125
01a0a58f-fa8c-7373-bce5-caabe51dbde0,s,D,QB19,18,3,UVH9s,38,0.07,8100000.0,8.1,364,1024,0.35546875
01a0a58f-fa8c-7373-bce5-caabe51dbde0,s,D,QB19,18,3,UVH9s,39,0.07,8550000.0,8.55,320,1024,0.3125
01a0a58f-fa8c-7373-bce5-caabe51dbde0,s,D,QB19,18,3,UVH9s,40,0.07,9000000.0,9.0,288,1024,0.28125
01a0a58f-fa8c-7373-bce5-caabe51dbde0,s,D,QB19,18,4,UVH11s,0,0.07,-9000000.0,-9.0,604,1024,0.58984375
01a0a58f-fa8c-7373-bce5-caabe51dbde0,s,D,QB19,18,4,UVH11s,1,0.07,-8550000.0,-8.55,608,1024,0.59375
01a0a58f-fa8c-7373-bce5-caabe51dbde0,s,D,QB19,18,4,UVH11s,2,0.07,-8100000.0,-8.1,587,1024,0.5732421875
01a0a58f-fa8c-7373-bce5-caabe51dbde0,s,D,QB19,18,4,UVH11s,3,0.07,-7650000.0,-7.65,589,1024,0.5751953125
01a0a58f-fa8c-7373-bce5-caabe51dbde0,s,D,QB19,18,4,UVH11s,4,0.07,-7200000.0,-7.2,557,1024,0.5439453125
01a0a58f-fa8c-7373-bce5-caabe51dbde0,s,D,QB19,18,4,UVH11s,5,0.07,-6750000.0,-6.75,556,1024,0.54296875
01a0a58f-fa8c-7373-bce5-caabe51dbde0,s,D,QB19,18,4,UVH11s,6,0.07,-6300000.0,-6.3,580,1024,0.56640625
01a0a58f-fa8c-7373-bce5-caabe51dbde0,s,D,QB19,18,4,UVH11s,7,0.07,-5850000.0,-5.85,595,1024,0.5810546875
01a0a58f-fa8c-7373-bce5-caabe51dbde0,s,D,QB19,18,4,UVH11s,8,0.07,-5400000.0,-5.4,568,1024,0.5546875
01a0a58f-fa8c-7373-bce5-caabe51dbde0,s,D,QB19,18,4,UVH11s,9,0.07,-4950000.0,-4.95,552,1024,0.5390625
01a0a58f-fa8c-7373-bce5-caabe51dbde0,s,D,QB19,18,4,UVH11s,10,0.07,-4500000.0,-4.5,562,1024,0.548828125
01a0a58f-fa8c-7373-bce5-caabe51dbde0,s,D,QB19,18,4,UVH11s,11,0.07,-4050000.0,-4.05,602,1024,0.587890625
01a0a58f-fa8c-7373-bce5-caabe51dbde0,s,D,QB19,18,4,UVH11s,12,0.07,-3600000.0,-3.6,557,1024,0.5439453125
01a0a58f-fa8c-7373-bce5-caabe51dbde0,s,D,QB19,18,4,UVH11s,13,0.07,-3150000.0,-3.15,544,1024,0.53125
01a0a58f-fa8c-7373-bce5-caabe51dbde0,s,D,QB19,18,4,UVH11s,14,0.07,-2700000.0,-2.7,587,1024,0.5732421875
01a0a58f-fa8c-7373-bce5-caabe51dbde0,s,D,QB19,18,4,UVH11s,15,0.07,-2250000.0,-2.25,565,1024,0.5517578125
01a0a58f-fa8c-7373-bce5-caabe51dbde0,s,D,QB19,18,4,UVH11s,16,0.07,-1800000.0,-1.8,546,1024,0.533203125
01a0a58f-fa8c-7373-bce5-caabe51dbde0,s,D,QB19,18,4,UVH11s,17,0.07,-1350000.0,-1.35,538,1024,0.525390625
01a0a58f-fa8c-7373-bce5-caabe51dbde0,s,D,QB19,18,4,UVH11s,18,0.07,-900000.0,-0.9,547,1024,0.5341796875
01a0a58f-fa8c-7373-bce5-caabe51dbde0,s,D,QB19,18,4,UVH11s,19,0.07,-450000.0,-0.45,553,1024,0.5400390625
01a0a58f-fa8c-7373-bce5-caabe51dbde0,s,D,QB19,18,4,UVH11s,20,0.07,0.0,0.0,571,1024,0.5576171875
01a0a58f-fa8c-7373-bce5-caabe51dbde0,s,D,QB19,18,4,UVH11s,21,0.07,450000.0,0.45,561,1024,0.5478515625
01a0a58f-fa8c-7373-bce5-caabe51dbde0,s,D,QB19,18,4,UVH11s,22,0.07,900000.0,0.9,546,1024,0.533203125
01a0a58f-fa8c-7373-bce5-caabe51dbde0,s,D,QB19,18,4,UVH11s,23,0.07,1350000.0,1.35,566,1024,0.552734375
01a0a58f-fa8c-7373-bce5-caabe51dbde0,s,D,QB19,18,4,UVH11s,24,0.07,1800000.0,1.8,550,1024,0.537109375
01a0a58f-fa8c-7373-bce5-caabe51dbde0,s,D,QB19,18,4,UVH11s,25,0.07,2250000.0,2.25,546,1024,0.533203125
01a0a58f-fa8c-7373-bce5-caabe51dbde0,s,D,QB19,18,4,UVH11s,26,0.07,2700000.0,2.7,549,1024,0.5361328125
01a0a58f-fa8c-7373-bce5-caabe51dbde0,s,D,QB19,18,4,UVH11s,27,0.07,3150000.0,3.15,529,1024,0.5166015625
01a0a58f-fa8c-7373-bce5-caabe51dbde0,s,D,QB19,18,4,UVH11s,28,0.07,3600000.0,3.6,495,1024,0.4833984375
01a0a58f-fa8c-7373-bce5-caabe51dbde0,s,D,QB19,18,4,UVH11s,29,0.07,4050000.0,4.05,524,1024,0.51171875
01a0a58f-fa8c-7373-bce5-caabe51dbde0,s,D,QB19,18,4,UVH11s,30,0.07,4500000.0,4.5,502,1024,0.490234375
01a0a58f-fa8c-7373-bce5-caabe51dbde0,s,D,QB19,18,4,UVH11s,31,0.07,4950000.0,4.95,462,1024,0.451171875
01a0a58f-fa8c-7373-bce5-caabe51dbde0,s,D,QB19,18,4,UVH11s,32,0.07,5400000.0,5.4,511,1024,0.4990234375
01a0a58f-fa8c-7373-bce5-caabe51dbde0,s,D,QB19,18,4,UVH11s,33,0.07,5850000.0,5.85,491,1024,0.4794921875
01a0a58f-fa8c-7373-bce5-caabe51dbde0,s,D,QB19,18,4,UVH11s,34,0.07,6300000.0,6.3,492,1024,0.48046875
01a0a58f-fa8c-7373-bce5-caabe51dbde0,s,D,QB19,18,4,UVH11s,35,0.07,6750000.0,6.75,451,1024,0.4404296875
01a0a58f-fa8c-7373-bce5-caabe51dbde0,s,D,QB19,18,4,UVH11s,36,0.07,7200000.0,7.2,465,1024,0.4541015625
01a0a58f-fa8c-7373-bce5-caabe51dbde0,s,D,QB19,18,4,UVH11s,37,0.07,7650000.0,7.65,466,1024,0.455078125
01a0a58f-fa8c-7373-bce5-caabe51dbde0,s,D,QB19,18,4,UVH11s,38,0.07,8100000.0,8.1,448,1024,0.4375
01a0a58f-fa8c-7373-bce5-caabe51dbde0,s,D,QB19,18,4,UVH11s,39,0.07,8550000.0,8.55,431,1024,0.4208984375
01a0a58f-fa8c-7373-bce5-caabe51dbde0,s,D,QB19,18,4,UVH11s,40,0.07,9000000.0,9.0,442,1024,0.431640625
01a0a58f-fa8c-7373-bce5-caabe51dbde0,s,D,QB19,18,5,UVH13s,0,0.07,-9000000.0,-9.0,607,1024,0.5927734375
01a0a58f-fa8c-7373-bce5-caabe51dbde0,s,D,QB19,18,5,UVH13s,1,0.07,-8550000.0,-8.55,544,1024,0.53125
01a0a58f-fa8c-7373-bce5-caabe51dbde0,s,D,QB19,18,5,UVH13s,2,0.07,-8100000.0,-8.1,541,1024,0.5283203125
01a0a58f-fa8c-7373-bce5-caabe51dbde0,s,D,QB19,18,5,UVH13s,3,0.07,-7650000.0,-7.65,526,1024,0.513671875
01a0a58f-fa8c-7373-bce5-caabe51dbde0,s,D,QB19,18,5,UVH13s,4,0.07,-7200000.0,-7.2,521,1024,0.5087890625
01a0a58f-fa8c-7373-bce5-caabe51dbde0,s,D,QB19,18,5,UVH13s,5,0.07,-6750000.0,-6.75,512,1024,0.5
01a0a58f-fa8c-7373-bce5-caabe51dbde0,s,D,QB19,18,5,UVH13s,6,0.07,-6300000.0,-6.3,520,1024,0.5078125
01a0a58f-fa8c-7373-bce5-caabe51dbde0,s,D,QB19,18,5,UVH13s,7,0.07,-5850000.0,-5.85,486,1024,0.474609375
01a0a58f-fa8c-7373-bce5-caabe51dbde0,s,D,QB19,18,5,UVH13s,8,0.07,-5400000.0,-5.4,469,1024,0.4580078125
01a0a58f-fa8c-7373-bce5-caabe51dbde0,s,D,QB19,18,5,UVH13s,9,0.07,-4950000.0,-4.95,469,1024,0.4580078125
01a0a58f-fa8c-7373-bce5-caabe51dbde0,s,D,QB19,18,5,UVH13s,10,0.07,-4500000.0,-4.5,480,1024,0.46875
01a0a58f-fa8c-7373-bce5-caabe51dbde0,s,D,QB19,18,5,UVH13s,11,0.07,-4050000.0,-4.05,477,1024,0.4658203125
01a0a58f-fa8c-7373-bce5-caabe51dbde0,s,D,QB19,18,5,UVH13s,12,0.07,-3600000.0,-3.6,467,1024,0.4560546875
01a0a58f-fa8c-7373-bce5-caabe51dbde0,s,D,QB19,18,5,UVH13s,13,0.07,-3150000.0,-3.15,473,1024,0.4619140625
01a0a58f-fa8c-7373-bce5-caabe51dbde0,s,D,QB19,18,5,UVH13s,14,0.07,-2700000.0,-2.7,460,1024,0.44921875
01a0a58f-fa8c-7373-bce5-caabe51dbde0,s,D,QB19,18,5,UVH13s,15,0.07,-2250000.0,-2.25,462,1024,0.451171875
01a0a58f-fa8c-7373-bce5-caabe51dbde0,s,D,QB19,18,5,UVH13s,16,0.07,-1800000.0,-1.8,479,1024,0.4677734375
01a0a58f-fa8c-7373-bce5-caabe51dbde0,s,D,QB19,18,5,UVH13s,17,0.07,-1350000.0,-1.35,478,1024,0.466796875
01a0a58f-fa8c-7373-bce5-caabe51dbde0,s,D,QB19,18,5,UVH13s,18,0.07,-900000.0,-0.9,497,1024,0.4853515625
01a0a58f-fa8c-7373-bce5-caabe51dbde0,s,D,QB19,18,5,UVH13s,19,0.07,-450000.0,-0.45,481,1024,0.4697265625
01a0a58f-fa8c-7373-bce5-caabe51dbde0,s,D,QB19,18,5,UVH13s,20,0.07,0.0,0.0,474,1024,0.462890625
01a0a58f-fa8c-7373-bce5-caabe51dbde0,s,D,QB19,18,5,UVH13s,21,0.07,450000.0,0.45,475,1024,0.4638671875
01a0a58f-fa8c-7373-bce5-caabe51dbde0,s,D,QB19,18,5,UVH13s,22,0.07,900000.0,0.9,457,1024,0.4462890625
01a0a58f-fa8c-7373-bce5-caabe51dbde0,s,D,QB19,18,5,UVH13s,23,0.07,1350000.0,1.35,495,1024,0.4833984375
01a0a58f-fa8c-7373-bce5-caabe51dbde0,s,D,QB19,18,5,UVH13s,24,0.07,1800000.0,1.8,486,1024,0.474609375
01a0a58f-fa8c-7373-bce5-caabe51dbde0,s,D,QB19,18,5,UVH13s,25,0.07,2250000.0,2.25,500,1024,0.48828125
01a0a58f-fa8c-7373-bce5-caabe51dbde0,s,D,QB19,18,5,UVH13s,26,0.07,2700000.0,2.7,457,1024,0.4462890625
01a0a58f-fa8c-7373-bce5-caabe51dbde0,s,D,QB19,18,5,UVH13s,27,0.07,3150000.0,3.15,481,1024,0.4697265625
01a0a58f-fa8c-7373-bce5-caabe51dbde0,s,D,QB19,18,5,UVH13s,28,0.07,3600000.0,3.6,476,1024,0.46484375
01a0a58f-fa8c-7373-bce5-caabe51dbde0,s,D,QB19,18,5,UVH13s,29,0.07,4050000.0,4.05,472,1024,0.4609375
01a0a58f-fa8c-7373-bce5-caabe51dbde0,s,D,QB19,18,5,UVH13s,30,0.07,4500000.0,4.5,473,1024,0.4619140625
01a0a58f-fa8c-7373-bce5-caabe51dbde0,s,D,QB19,18,5,UVH13s,31,0.07,4950000.0,4.95,485,1024,0.4736328125
01a0a58f-fa8c-7373-bce5-caabe51dbde0,s,D,QB19,18,5,UVH13s,32,0.07,5400000.0,5.4,511,1024,0.4990234375
01a0a58f-fa8c-7373-bce5-caabe51dbde0,s,D,QB19,18,5,UVH13s,33,0.07,5850000.0,5.85,461,1024,0.4501953125
01a0a58f-fa8c-7373-bce5-caabe51dbde0,s,D,QB19,18,5,UVH13s,34,0.07,6300000.0,6.3,488,1024,0.4765625
01a0a58f-fa8c-7373-bce5-caabe51dbde0,s,D,QB19,18,5,UVH13s,35,0.07,6750000.0,6.75,510,1024,0.498046875
01a0a58f-fa8c-7373-bce5-caabe51dbde0,s,D,QB19,18,5,UVH13s,36,0.07,7200000.0,7.2,506,1024,0.494140625
01a0a58f-fa8c-7373-bce5-caabe51dbde0,s,D,QB19,18,5,UVH13s,37,0.07,7650000.0,7.65,492,1024,0.48046875
01a0a58f-fa8c-7373-bce5-caabe51dbde0,s,D,QB19,18,5,UVH13s,38,0.07,8100000.0,8.1,504,1024,0.4921875
01a0a58f-fa8c-7373-bce5-caabe51dbde0,s,D,QB19,18,5,UVH13s,39,0.07,8550000.0,8.55,498,1024,0.486328125
01a0a58f-fa8c-7373-bce5-caabe51dbde0,s,D,QB19,18,5,UVH13s,40,0.07,9000000.0,9.0,522,1024,0.509765625
01a0a58f-fa8c-7373-bce5-caabe51dbde0,s,D,QB12,19,0,standard_pi_2,0,0.07,-9000000.0,-9.0,541,1024,0.5283203125
01a0a58f-fa8c-7373-bce5-caabe51dbde0,s,D,QB12,19,0,standard_pi_2,1,0.07,-8550000.0,-8.55,547,1024,0.5341796875
01a0a58f-fa8c-7373-bce5-caabe51dbde0,s,D,QB12,19,0,standard_pi_2,2,0.07,-8100000.0,-8.1,566,1024,0.552734375
01a0a58f-fa8c-7373-bce5-caabe51dbde0,s,D,QB12,19,0,standard_pi_2,3,0.07,-7650000.0,-7.65,552,1024,0.5390625
01a0a58f-fa8c-7373-bce5-caabe51dbde0,s,D,QB12,19,0,standard_pi_2,4,0.07,-7200000.0,-7.2,570,1024,0.556640625
01a0a58f-fa8c-7373-bce5-caabe51dbde0,s,D,QB12,19,0,standard_pi_2,5,0.07,-6750000.0,-6.75,542,1024,0.529296875
01a0a58f-fa8c-7373-bce5-caabe51dbde0,s,D,QB12,19,0,standard_pi_2,6,0.07,-6300000.0,-6.3,545,1024,0.5322265625
01a0a58f-fa8c-7373-bce5-caabe51dbde0,s,D,QB12,19,0,standard_pi_2,7,0.07,-5850000.0,-5.85,536,1024,0.5234375
01a0a58f-fa8c-7373-bce5-caabe51dbde0,s,D,QB12,19,0,standard_pi_2,8,0.07,-5400000.0,-5.4,519,1024,0.5068359375
01a0a58f-fa8c-7373-bce5-caabe51dbde0,s,D,QB12,19,0,standard_pi_2,9,0.07,-4950000.0,-4.95,534,1024,0.521484375
01a0a58f-fa8c-7373-bce5-caabe51dbde0,s,D,QB12,19,0,standard_pi_2,10,0.07,-4500000.0,-4.5,539,1024,0.5263671875
01a0a58f-fa8c-7373-bce5-caabe51dbde0,s,D,QB12,19,0,standard_pi_2,11,0.07,-4050000.0,-4.05,512,1024,0.5
01a0a58f-fa8c-7373-bce5-caabe51dbde0,s,D,QB12,19,0,standard_pi_2,12,0.07,-3600000.0,-3.6,518,1024,0.505859375
01a0a58f-fa8c-7373-bce5-caabe51dbde0,s,D,QB12,19,0,standard_pi_2,13,0.07,-3150000.0,-3.15,521,1024,0.5087890625
01a0a58f-fa8c-7373-bce5-caabe51dbde0,s,D,QB12,19,0,standard_pi_2,14,0.07,-2700000.0,-2.7,523,1024,0.5107421875
01a0a58f-fa8c-7373-bce5-caabe51dbde0,s,D,QB12,19,0,standard_pi_2,15,0.07,-2250000.0,-2.25,501,1024,0.4892578125
01a0a58f-fa8c-7373-bce5-caabe51dbde0,s,D,QB12,19,0,standard_pi_2,16,0.07,-1800000.0,-1.8,516,1024,0.50390625
01a0a58f-fa8c-7373-bce5-caabe51dbde0,s,D,QB12,19,0,standard_pi_2,17,0.07,-1350000.0,-1.35,518,1024,0.505859375
01a0a58f-fa8c-7373-bce5-caabe51dbde0,s,D,QB12,19,0,standard_pi_2,18,0.07,-900000.0,-0.9,513,1024,0.5009765625
01a0a58f-fa8c-7373-bce5-caabe51dbde0,s,D,QB12,19,0,standard_pi_2,19,0.07,-450000.0,-0.45,512,1024,0.5
01a0a58f-fa8c-7373-bce5-caabe51dbde0,s,D,QB12,19,0,standard_pi_2,20,0.07,0.0,0.0,517,1024,0.5048828125
01a0a58f-fa8c-7373-bce5-caabe51dbde0,s,D,QB12,19,0,standard_pi_2,21,0.07,450000.0,0.45,512,1024,0.5
01a0a58f-fa8c-7373-bce5-caabe51dbde0,s,D,QB12,19,0,standard_pi_2,22,0.07,900000.0,0.9,537,1024,0.5244140625
01a0a58f-fa8c-7373-bce5-caabe51dbde0,s,D,QB12,19,0,standard_pi_2,23,0.07,1350000.0,1.35,498,1024,0.486328125
01a0a58f-fa8c-7373-bce5-caabe51dbde0,s,D,QB12,19,0,standard_pi_2,24,0.07,1800000.0,1.8,471,1024,0.4599609375
01a0a58f-fa8c-7373-bce5-caabe51dbde0,s,D,QB12,19,0,standard_pi_2,25,0.07,2250000.0,2.25,525,1024,0.5126953125
01a0a58f-fa8c-7373-bce5-caabe51dbde0,s,D,QB12,19,0,standard_pi_2,26,0.07,2700000.0,2.7,495,1024,0.4833984375
01a0a58f-fa8c-7373-bce5-caabe51dbde0,s,D,QB12,19,0,standard_pi_2,27,0.07,3150000.0,3.15,509,1024,0.4970703125
01a0a58f-fa8c-7373-bce5-caabe51dbde0,s,D,QB12,19,0,standard_pi_2,28,0.07,3600000.0,3.6,482,1024,0.470703125
01a0a58f-fa8c-7373-bce5-caabe51dbde0,s,D,QB12,19,0,standard_pi_2,29,0.07,4050000.0,4.05,494,1024,0.482421875
01a0a58f-fa8c-7373-bce5-caabe51dbde0,s,D,QB12,19,0,standard_pi_2,30,0.07,4500000.0,4.5,498,1024,0.486328125
01a0a58f-fa8c-7373-bce5-caabe51dbde0,s,D,QB12,19,0,standard_pi_2,31,0.07,4950000.0,4.95,513,1024,0.5009765625
01a0a58f-fa8c-7373-bce5-caabe51dbde0,s,D,QB12,19,0,standard_pi_2,32,0.07,5400000.0,5.4,486,1024,0.474609375
01a0a58f-fa8c-7373-bce5-caabe51dbde0,s,D,QB12,19,0,standard_pi_2,33,0.07,5850000.0,5.85,472,1024,0.4609375
01a0a58f-fa8c-7373-bce5-caabe51dbde0,s,D,QB12,19,0,standard_pi_2,34,0.07,6300000.0,6.3,479,1024,0.4677734375
01a0a58f-fa8c-7373-bce5-caabe51dbde0,s,D,QB12,19,0,standard_pi_2,35,0.07,6750000.0,6.75,462,1024,0.451171875
01a0a58f-fa8c-7373-bce5-caabe51dbde0,s,D,QB12,19,0,standard_pi_2,36,0.07,7200000.0,7.2,487,1024,0.4755859375
01a0a58f-fa8c-7373-bce5-caabe51dbde0,s,D,QB12,19,0,standard_pi_2,37,0.07,7650000.0,7.65,485,1024,0.4736328125
01a0a58f-fa8c-7373-bce5-caabe51dbde0,s,D,QB12,19,0,standard_pi_2,38,0.07,8100000.0,8.1,431,1024,0.4208984375
01a0a58f-fa8c-7373-bce5-caabe51dbde0,s,D,QB12,19,0,standard_pi_2,39,0.07,8550000.0,8.55,456,1024,0.4453125
01a0a58f-fa8c-7373-bce5-caabe51dbde0,s,D,QB12,19,0,standard_pi_2,40,0.07,9000000.0,9.0,442,1024,0.431640625
01a0a58f-fa8c-7373-bce5-caabe51dbde0,s,D,QB12,19,1,UVH5s,0,0.07,-9000000.0,-9.0,712,1024,0.6953125
01a0a58f-fa8c-7373-bce5-caabe51dbde0,s,D,QB12,19,1,UVH5s,1,0.07,-8550000.0,-8.55,764,1024,0.74609375
01a0a58f-fa8c-7373-bce5-caabe51dbde0,s,D,QB12,19,1,UVH5s,2,0.07,-8100000.0,-8.1,733,1024,0.7158203125
01a0a58f-fa8c-7373-bce5-caabe51dbde0,s,D,QB12,19,1,UVH5s,3,0.07,-7650000.0,-7.65,734,1024,0.716796875
01a0a58f-fa8c-7373-bce5-caabe51dbde0,s,D,QB12,19,1,UVH5s,4,0.07,-7200000.0,-7.2,726,1024,0.708984375
01a0a58f-fa8c-7373-bce5-caabe51dbde0,s,D,QB12,19,1,UVH5s,5,0.07,-6750000.0,-6.75,680,1024,0.6640625
01a0a58f-fa8c-7373-bce5-caabe51dbde0,s,D,QB12,19,1,UVH5s,6,0.07,-6300000.0,-6.3,668,1024,0.65234375
01a0a58f-fa8c-7373-bce5-caabe51dbde0,s,D,QB12,19,1,UVH5s,7,0.07,-5850000.0,-5.85,653,1024,0.6376953125
01a0a58f-fa8c-7373-bce5-caabe51dbde0,s,D,QB12,19,1,UVH5s,8,0.07,-5400000.0,-5.4,627,1024,0.6123046875
01a0a58f-fa8c-7373-bce5-caabe51dbde0,s,D,QB12,19,1,UVH5s,9,0.07,-4950000.0,-4.95,633,1024,0.6181640625
01a0a58f-fa8c-7373-bce5-caabe51dbde0,s,D,QB12,19,1,UVH5s,10,0.07,-4500000.0,-4.5,621,1024,0.6064453125
01a0a58f-fa8c-7373-bce5-caabe51dbde0,s,D,QB12,19,1,UVH5s,11,0.07,-4050000.0,-4.05,573,1024,0.5595703125
01a0a58f-fa8c-7373-bce5-caabe51dbde0,s,D,QB12,19,1,UVH5s,12,0.07,-3600000.0,-3.6,568,1024,0.5546875
01a0a58f-fa8c-7373-bce5-caabe51dbde0,s,D,QB12,19,1,UVH5s,13,0.07,-3150000.0,-3.15,541,1024,0.5283203125
01a0a58f-fa8c-7373-bce5-caabe51dbde0,s,D,QB12,19,1,UVH5s,14,0.07,-2700000.0,-2.7,509,1024,0.4970703125
01a0a58f-fa8c-7373-bce5-caabe51dbde0,s,D,QB12,19,1,UVH5s,15,0.07,-2250000.0,-2.25,503,1024,0.4912109375
01a0a58f-fa8c-7373-bce5-caabe51dbde0,s,D,QB12,19,1,UVH5s,16,0.07,-1800000.0,-1.8,463,1024,0.4521484375
01a0a58f-fa8c-7373-bce5-caabe51dbde0,s,D,QB12,19,1,UVH5s,17,0.07,-1350000.0,-1.35,469,1024,0.4580078125
01a0a58f-fa8c-7373-bce5-caabe51dbde0,s,D,QB12,19,1,UVH5s,18,0.07,-900000.0,-0.9,463,1024,0.4521484375
01a0a58f-fa8c-7373-bce5-caabe51dbde0,s,D,QB12,19,1,UVH5s,19,0.07,-450000.0,-0.45,451,1024,0.4404296875
01a0a58f-fa8c-7373-bce5-caabe51dbde0,s,D,QB12,19,1,UVH5s,20,0.07,0.0,0.0,453,1024,0.4423828125
01a0a58f-fa8c-7373-bce5-caabe51dbde0,s,D,QB12,19,1,UVH5s,21,0.07,450000.0,0.45,464,1024,0.453125
01a0a58f-fa8c-7373-bce5-caabe51dbde0,s,D,QB12,19,1,UVH5s,22,0.07,900000.0,0.9,416,1024,0.40625
01a0a58f-fa8c-7373-bce5-caabe51dbde0,s,D,QB12,19,1,UVH5s,23,0.07,1350000.0,1.35,467,1024,0.4560546875
01a0a58f-fa8c-7373-bce5-caabe51dbde0,s,D,QB12,19,1,UVH5s,24,0.07,1800000.0,1.8,409,1024,0.3994140625
01a0a58f-fa8c-7373-bce5-caabe51dbde0,s,D,QB12,19,1,UVH5s,25,0.07,2250000.0,2.25,435,1024,0.4248046875
01a0a58f-fa8c-7373-bce5-caabe51dbde0,s,D,QB12,19,1,UVH5s,26,0.07,2700000.0,2.7,474,1024,0.462890625
01a0a58f-fa8c-7373-bce5-caabe51dbde0,s,D,QB12,19,1,UVH5s,27,0.07,3150000.0,3.15,473,1024,0.4619140625
01a0a58f-fa8c-7373-bce5-caabe51dbde0,s,D,QB12,19,1,UVH5s,28,0.07,3600000.0,3.6,489,1024,0.4775390625
01a0a58f-fa8c-7373-bce5-caabe51dbde0,s,D,QB12,19,1,UVH5s,29,0.07,4050000.0,4.05,492,1024,0.48046875
01a0a58f-fa8c-7373-bce5-caabe51dbde0,s,D,QB12,19,1,UVH5s,30,0.07,4500000.0,4.5,514,1024,0.501953125
01a0a58f-fa8c-7373-bce5-caabe51dbde0,s,D,QB12,19,1,UVH5s,31,0.07,4950000.0,4.95,518,1024,0.505859375
01a0a58f-fa8c-7373-bce5-caabe51dbde0,s,D,QB12,19,1,UVH5s,32,0.07,5400000.0,5.4,541,1024,0.5283203125
01a0a58f-fa8c-7373-bce5-caabe51dbde0,s,D,QB12,19,1,UVH5s,33,0.07,5850000.0,5.85,592,1024,0.578125
01a0a58f-fa8c-7373-bce5-caabe51dbde0,s,D,QB12,19,1,UVH5s,34,0.07,6300000.0,6.3,572,1024,0.55859375
01a0a58f-fa8c-7373-bce5-caabe51dbde0,s,D,QB12,19,1,UVH5s,35,0.07,6750000.0,6.75,614,1024,0.599609375
01a0a58f-fa8c-7373-bce5-caabe51dbde0,s,D,QB12,19,1,UVH5s,36,0.07,7200000.0,7.2,663,1024,0.6474609375
01a0a58f-fa8c-7373-bce5-caabe51dbde0,s,D,QB12,19,1,UVH5s,37,0.07,7650000.0,7.65,667,1024,0.6513671875
01a0a58f-fa8c-7373-bce5-caabe51dbde0,s,D,QB12,19,1,UVH5s,38,0.07,8100000.0,8.1,680,1024,0.6640625
01a0a58f-fa8c-7373-bce5-caabe51dbde0,s,D,QB12,19,1,UVH5s,39,0.07,8550000.0,8.55,709,1024,0.6923828125
01a0a58f-fa8c-7373-bce5-caabe51dbde0,s,D,QB12,19,1,UVH5s,40,0.07,9000000.0,9.0,723,1024,0.7060546875
01a0a58f-fa8c-7373-bce5-caabe51dbde0,s,D,QB12,19,2,UVH7s,0,0.07,-9000000.0,-9.0,643,1024,0.6279296875
01a0a58f-fa8c-7373-bce5-caabe51dbde0,s,D,QB12,19,2,UVH7s,1,0.07,-8550000.0,-8.55,668,1024,0.65234375
01a0a58f-fa8c-7373-bce5-caabe51dbde0,s,D,QB12,19,2,UVH7s,2,0.07,-8100000.0,-8.1,628,1024,0.61328125
01a0a58f-fa8c-7373-bce5-caabe51dbde0,s,D,QB12,19,2,UVH7s,3,0.07,-7650000.0,-7.65,627,1024,0.6123046875
01a0a58f-fa8c-7373-bce5-caabe51dbde0,s,D,QB12,19,2,UVH7s,4,0.07,-7200000.0,-7.2,627,1024,0.6123046875
01a0a58f-fa8c-7373-bce5-caabe51dbde0,s,D,QB12,19,2,UVH7s,5,0.07,-6750000.0,-6.75,605,1024,0.5908203125
01a0a58f-fa8c-7373-bce5-caabe51dbde0,s,D,QB12,19,2,UVH7s,6,0.07,-6300000.0,-6.3,577,1024,0.5634765625
01a0a58f-fa8c-7373-bce5-caabe51dbde0,s,D,QB12,19,2,UVH7s,7,0.07,-5850000.0,-5.85,565,1024,0.5517578125
01a0a58f-fa8c-7373-bce5-caabe51dbde0,s,D,QB12,19,2,UVH7s,8,0.07,-5400000.0,-5.4,549,1024,0.5361328125
01a0a58f-fa8c-7373-bce5-caabe51dbde0,s,D,QB12,19,2,UVH7s,9,0.07,-4950000.0,-4.95,530,1024,0.517578125
01a0a58f-fa8c-7373-bce5-caabe51dbde0,s,D,QB12,19,2,UVH7s,10,0.07,-4500000.0,-4.5,551,1024,0.5380859375
01a0a58f-fa8c-7373-bce5-caabe51dbde0,s,D,QB12,19,2,UVH7s,11,0.07,-4050000.0,-4.05,513,1024,0.5009765625
01a0a58f-fa8c-7373-bce5-caabe51dbde0,s,D,QB12,19,2,UVH7s,12,0.07,-3600000.0,-3.6,486,1024,0.474609375
01a0a58f-fa8c-7373-bce5-caabe51dbde0,s,D,QB12,19,2,UVH7s,13,0.07,-3150000.0,-3.15,483,1024,0.4716796875
01a0a58f-fa8c-7373-bce5-caabe51dbde0,s,D,QB12,19,2,UVH7s,14,0.07,-2700000.0,-2.7,490,1024,0.478515625
01a0a58f-fa8c-7373-bce5-caabe51dbde0,s,D,QB12,19,2,UVH7s,15,0.07,-2250000.0,-2.25,492,1024,0.48046875
01a0a58f-fa8c-7373-bce5-caabe51dbde0,s,D,QB12,19,2,UVH7s,16,0.07,-1800000.0,-1.8,494,1024,0.482421875
01a0a58f-fa8c-7373-bce5-caabe51dbde0,s,D,QB12,19,2,UVH7s,17,0.07,-1350000.0,-1.35,454,1024,0.443359375
01a0a58f-fa8c-7373-bce5-caabe51dbde0,s,D,QB12,19,2,UVH7s,18,0.07,-900000.0,-0.9,434,1024,0.423828125
01a0a58f-fa8c-7373-bce5-caabe51dbde0,s,D,QB12,19,2,UVH7s,19,0.07,-450000.0,-0.45,424,1024,0.4140625
01a0a58f-fa8c-7373-bce5-caabe51dbde0,s,D,QB12,19,2,UVH7s,20,0.07,0.0,0.0,461,1024,0.4501953125
01a0a58f-fa8c-7373-bce5-caabe51dbde0,s,D,QB12,19,2,UVH7s,21,0.07,450000.0,0.45,474,1024,0.462890625
01a0a58f-fa8c-7373-bce5-caabe51dbde0,s,D,QB12,19,2,UVH7s,22,0.07,900000.0,0.9,422,1024,0.412109375
01a0a58f-fa8c-7373-bce5-caabe51dbde0,s,D,QB12,19,2,UVH7s,23,0.07,1350000.0,1.35,416,1024,0.40625
01a0a58f-fa8c-7373-bce5-caabe51dbde0,s,D,QB12,19,2,UVH7s,24,0.07,1800000.0,1.8,436,1024,0.42578125
01a0a58f-fa8c-7373-bce5-caabe51dbde0,s,D,QB12,19,2,UVH7s,25,0.07,2250000.0,2.25,427,1024,0.4169921875
01a0a58f-fa8c-7373-bce5-caabe51dbde0,s,D,QB12,19,2,UVH7s,26,0.07,2700000.0,2.7,423,1024,0.4130859375
01a0a58f-fa8c-7373-bce5-caabe51dbde0,s,D,QB12,19,2,UVH7s,27,0.07,3150000.0,3.15,409,1024,0.3994140625
01a0a58f-fa8c-7373-bce5-caabe51dbde0,s,D,QB12,19,2,UVH7s,28,0.07,3600000.0,3.6,401,1024,0.3916015625
01a0a58f-fa8c-7373-bce5-caabe51dbde0,s,D,QB12,19,2,UVH7s,29,0.07,4050000.0,4.05,391,1024,0.3818359375
01a0a58f-fa8c-7373-bce5-caabe51dbde0,s,D,QB12,19,2,UVH7s,30,0.07,4500000.0,4.5,375,1024,0.3662109375
01a0a58f-fa8c-7373-bce5-caabe51dbde0,s,D,QB12,19,2,UVH7s,31,0.07,4950000.0,4.95,402,1024,0.392578125
01a0a58f-fa8c-7373-bce5-caabe51dbde0,s,D,QB12,19,2,UVH7s,32,0.07,5400000.0,5.4,404,1024,0.39453125
01a0a58f-fa8c-7373-bce5-caabe51dbde0,s,D,QB12,19,2,UVH7s,33,0.07,5850000.0,5.85,433,1024,0.4228515625
01a0a58f-fa8c-7373-bce5-caabe51dbde0,s,D,QB12,19,2,UVH7s,34,0.07,6300000.0,6.3,424,1024,0.4140625
01a0a58f-fa8c-7373-bce5-caabe51dbde0,s,D,QB12,19,2,UVH7s,35,0.07,6750000.0,6.75,418,1024,0.408203125
01a0a58f-fa8c-7373-bce5-caabe51dbde0,s,D,QB12,19,2,UVH7s,36,0.07,7200000.0,7.2,445,1024,0.4345703125
01a0a58f-fa8c-7373-bce5-caabe51dbde0,s,D,QB12,19,2,UVH7s,37,0.07,7650000.0,7.65,467,1024,0.4560546875
01a0a58f-fa8c-7373-bce5-caabe51dbde0,s,D,QB12,19,2,UVH7s,38,0.07,8100000.0,8.1,437,1024,0.4267578125
01a0a58f-fa8c-7373-bce5-caabe51dbde0,s,D,QB12,19,2,UVH7s,39,0.07,8550000.0,8.55,481,1024,0.4697265625
01a0a58f-fa8c-7373-bce5-caabe51dbde0,s,D,QB12,19,2,UVH7s,40,0.07,9000000.0,9.0,516,1024,0.50390625
01a0a58f-fa8c-7373-bce5-caabe51dbde0,s,D,QB12,19,3,UVH9s,0,0.07,-9000000.0,-9.0,362,1024,0.353515625
01a0a58f-fa8c-7373-bce5-caabe51dbde0,s,D,QB12,19,3,UVH9s,1,0.07,-8550000.0,-8.55,378,1024,0.369140625
01a0a58f-fa8c-7373-bce5-caabe51dbde0,s,D,QB12,19,3,UVH9s,2,0.07,-8100000.0,-8.1,394,1024,0.384765625
01a0a58f-fa8c-7373-bce5-caabe51dbde0,s,D,QB12,19,3,UVH9s,3,0.07,-7650000.0,-7.65,406,1024,0.396484375
01a0a58f-fa8c-7373-bce5-caabe51dbde0,s,D,QB12,19,3,UVH9s,4,0.07,-7200000.0,-7.2,389,1024,0.3798828125
01a0a58f-fa8c-7373-bce5-caabe51dbde0,s,D,QB12,19,3,UVH9s,5,0.07,-6750000.0,-6.75,384,1024,0.375
01a0a58f-fa8c-7373-bce5-caabe51dbde0,s,D,QB12,19,3,UVH9s,6,0.07,-6300000.0,-6.3,415,1024,0.4052734375
01a0a58f-fa8c-7373-bce5-caabe51dbde0,s,D,QB12,19,3,UVH9s,7,0.07,-5850000.0,-5.85,421,1024,0.4111328125
01a0a58f-fa8c-7373-bce5-caabe51dbde0,s,D,QB12,19,3,UVH9s,8,0.07,-5400000.0,-5.4,435,1024,0.4248046875
01a0a58f-fa8c-7373-bce5-caabe51dbde0,s,D,QB12,19,3,UVH9s,9,0.07,-4950000.0,-4.95,408,1024,0.3984375
01a0a58f-fa8c-7373-bce5-caabe51dbde0,s,D,QB12,19,3,UVH9s,10,0.07,-4500000.0,-4.5,450,1024,0.439453125
01a0a58f-fa8c-7373-bce5-caabe51dbde0,s,D,QB12,19,3,UVH9s,11,0.07,-4050000.0,-4.05,451,1024,0.4404296875
01a0a58f-fa8c-7373-bce5-caabe51dbde0,s,D,QB12,19,3,UVH9s,12,0.07,-3600000.0,-3.6,450,1024,0.439453125
01a0a58f-fa8c-7373-bce5-caabe51dbde0,s,D,QB12,19,3,UVH9s,13,0.07,-3150000.0,-3.15,457,1024,0.4462890625
01a0a58f-fa8c-7373-bce5-caabe51dbde0,s,D,QB12,19,3,UVH9s,14,0.07,-2700000.0,-2.7,471,1024,0.4599609375
01a0a58f-fa8c-7373-bce5-caabe51dbde0,s,D,QB12,19,3,UVH9s,15,0.07,-2250000.0,-2.25,474,1024,0.462890625
01a0a58f-fa8c-7373-bce5-caabe51dbde0,s,D,QB12,19,3,UVH9s,16,0.07,-1800000.0,-1.8,500,1024,0.48828125
01a0a58f-fa8c-7373-bce5-caabe51dbde0,s,D,QB12,19,3,UVH9s,17,0.07,-1350000.0,-1.35,489,1024,0.4775390625
01a0a58f-fa8c-7373-bce5-caabe51dbde0,s,D,QB12,19,3,UVH9s,18,0.07,-900000.0,-0.9,506,1024,0.494140625
01a0a58f-fa8c-7373-bce5-caabe51dbde0,s,D,QB12,19,3,UVH9s,19,0.07,-450000.0,-0.45,516,1024,0.50390625
01a0a58f-fa8c-7373-bce5-caabe51dbde0,s,D,QB12,19,3,UVH9s,20,0.07,0.0,0.0,520,1024,0.5078125
01a0a58f-fa8c-7373-bce5-caabe51dbde0,s,D,QB12,19,3,UVH9s,21,0.07,450000.0,0.45,517,1024,0.5048828125
01a0a58f-fa8c-7373-bce5-caabe51dbde0,s,D,QB12,19,3,UVH9s,22,0.07,900000.0,0.9,555,1024,0.5419921875
01a0a58f-fa8c-7373-bce5-caabe51dbde0,s,D,QB12,19,3,UVH9s,23,0.07,1350000.0,1.35,564,1024,0.55078125
01a0a58f-fa8c-7373-bce5-caabe51dbde0,s,D,QB12,19,3,UVH9s,24,0.07,1800000.0,1.8,547,1024,0.5341796875
01a0a58f-fa8c-7373-bce5-caabe51dbde0,s,D,QB12,19,3,UVH9s,25,0.07,2250000.0,2.25,558,1024,0.544921875
01a0a58f-fa8c-7373-bce5-caabe51dbde0,s,D,QB12,19,3,UVH9s,26,0.07,2700000.0,2.7,521,1024,0.5087890625
01a0a58f-fa8c-7373-bce5-caabe51dbde0,s,D,QB12,19,3,UVH9s,27,0.07,3150000.0,3.15,525,1024,0.5126953125
01a0a58f-fa8c-7373-bce5-caabe51dbde0,s,D,QB12,19,3,UVH9s,28,0.07,3600000.0,3.6,502,1024,0.490234375
01a0a58f-fa8c-7373-bce5-caabe51dbde0,s,D,QB12,19,3,UVH9s,29,0.07,4050000.0,4.05,490,1024,0.478515625
01a0a58f-fa8c-7373-bce5-caabe51dbde0,s,D,QB12,19,3,UVH9s,30,0.07,4500000.0,4.5,454,1024,0.443359375
01a0a58f-fa8c-7373-bce5-caabe51dbde0,s,D,QB12,19,3,UVH9s,31,0.07,4950000.0,4.95,446,1024,0.435546875
01a0a58f-fa8c-7373-bce5-caabe51dbde0,s,D,QB12,19,3,UVH9s,32,0.07,5400000.0,5.4,445,1024,0.4345703125
01a0a58f-fa8c-7373-bce5-caabe51dbde0,s,D,QB12,19,3,UVH9s,33,0.07,5850000.0,5.85,409,1024,0.3994140625
01a0a58f-fa8c-7373-bce5-caabe51dbde0,s,D,QB12,19,3,UVH9s,34,0.07,6300000.0,6.3,411,1024,0.4013671875
01a0a58f-fa8c-7373-bce5-caabe51dbde0,s,D,QB12,19,3,UVH9s,35,0.07,6750000.0,6.75,360,1024,0.3515625
01a0a58f-fa8c-7373-bce5-caabe51dbde0,s,D,QB12,19,3,UVH9s,36,0.07,7200000.0,7.2,363,1024,0.3544921875
01a0a58f-fa8c-7373-bce5-caabe51dbde0,s,D,QB12,19,3,UVH9s,37,0.07,7650000.0,7.65,338,1024,0.330078125
01a0a58f-fa8c-7373-bce5-caabe51dbde0,s,D,QB12,19,3,UVH9s,38,0.07,8100000.0,8.1,324,1024,0.31640625
01a0a58f-fa8c-7373-bce5-caabe51dbde0,s,D,QB12,19,3,UVH9s,39,0.07,8550000.0,8.55,295,1024,0.2880859375
01a0a58f-fa8c-7373-bce5-caabe51dbde0,s,D,QB12,19,3,UVH9s,40,0.07,9000000.0,9.0,324,1024,0.31640625
01a0a58f-fa8c-7373-bce5-caabe51dbde0,s,D,QB12,19,4,UVH11s,0,0.07,-9000000.0,-9.0,516,1024,0.50390625
01a0a58f-fa8c-7373-bce5-caabe51dbde0,s,D,QB12,19,4,UVH11s,1,0.07,-8550000.0,-8.55,545,1024,0.5322265625
01a0a58f-fa8c-7373-bce5-caabe51dbde0,s,D,QB12,19,4,UVH11s,2,0.07,-8100000.0,-8.1,524,1024,0.51171875
01a0a58f-fa8c-7373-bce5-caabe51dbde0,s,D,QB12,19,4,UVH11s,3,0.07,-7650000.0,-7.65,494,1024,0.482421875
01a0a58f-fa8c-7373-bce5-caabe51dbde0,s,D,QB12,19,4,UVH11s,4,0.07,-7200000.0,-7.2,515,1024,0.5029296875
01a0a58f-fa8c-7373-bce5-caabe51dbde0,s,D,QB12,19,4,UVH11s,5,0.07,-6750000.0,-6.75,500,1024,0.48828125
01a0a58f-fa8c-7373-bce5-caabe51dbde0,s,D,QB12,19,4,UVH11s,6,0.07,-6300000.0,-6.3,483,1024,0.4716796875
01a0a58f-fa8c-7373-bce5-caabe51dbde0,s,D,QB12,19,4,UVH11s,7,0.07,-5850000.0,-5.85,523,1024,0.5107421875
01a0a58f-fa8c-7373-bce5-caabe51dbde0,s,D,QB12,19,4,UVH11s,8,0.07,-5400000.0,-5.4,542,1024,0.529296875
01a0a58f-fa8c-7373-bce5-caabe51dbde0,s,D,QB12,19,4,UVH11s,9,0.07,-4950000.0,-4.95,548,1024,0.53515625
01a0a58f-fa8c-7373-bce5-caabe51dbde0,s,D,QB12,19,4,UVH11s,10,0.07,-4500000.0,-4.5,549,1024,0.5361328125
01a0a58f-fa8c-7373-bce5-caabe51dbde0,s,D,QB12,19,4,UVH11s,11,0.07,-4050000.0,-4.05,561,1024,0.5478515625
01a0a58f-fa8c-7373-bce5-caabe51dbde0,s,D,QB12,19,4,UVH11s,12,0.07,-3600000.0,-3.6,567,1024,0.5537109375
01a0a58f-fa8c-7373-bce5-caabe51dbde0,s,D,QB12,19,4,UVH11s,13,0.07,-3150000.0,-3.15,563,1024,0.5498046875
01a0a58f-fa8c-7373-bce5-caabe51dbde0,s,D,QB12,19,4,UVH11s,14,0.07,-2700000.0,-2.7,605,1024,0.5908203125
01a0a58f-fa8c-7373-bce5-caabe51dbde0,s,D,QB12,19,4,UVH11s,15,0.07,-2250000.0,-2.25,601,1024,0.5869140625
01a0a58f-fa8c-7373-bce5-caabe51dbde0,s,D,QB12,19,4,UVH11s,16,0.07,-1800000.0,-1.8,616,1024,0.6015625
01a0a58f-fa8c-7373-bce5-caabe51dbde0,s,D,QB12,19,4,UVH11s,17,0.07,-1350000.0,-1.35,632,1024,0.6171875
01a0a58f-fa8c-7373-bce5-caabe51dbde0,s,D,QB12,19,4,UVH11s,18,0.07,-900000.0,-0.9,586,1024,0.572265625
01a0a58f-fa8c-7373-bce5-caabe51dbde0,s,D,QB12,19,4,UVH11s,19,0.07,-450000.0,-0.45,647,1024,0.6318359375
01a0a58f-fa8c-7373-bce5-caabe51dbde0,s,D,QB12,19,4,UVH11s,20,0.07,0.0,0.0,649,1024,0.6337890625
01a0a58f-fa8c-7373-bce5-caabe51dbde0,s,D,QB12,19,4,UVH11s,21,0.07,450000.0,0.45,586,1024,0.572265625
01a0a58f-fa8c-7373-bce5-caabe51dbde0,s,D,QB12,19,4,UVH11s,22,0.07,900000.0,0.9,633,1024,0.6181640625
01a0a58f-fa8c-7373-bce5-caabe51dbde0,s,D,QB12,19,4,UVH11s,23,0.07,1350000.0,1.35,618,1024,0.603515625
01a0a58f-fa8c-7373-bce5-caabe51dbde0,s,D,QB12,19,4,UVH11s,24,0.07,1800000.0,1.8,598,1024,0.583984375
01a0a58f-fa8c-7373-bce5-caabe51dbde0,s,D,QB12,19,4,UVH11s,25,0.07,2250000.0,2.25,590,1024,0.576171875
01a0a58f-fa8c-7373-bce5-caabe51dbde0,s,D,QB12,19,4,UVH11s,26,0.07,2700000.0,2.7,600,1024,0.5859375
01a0a58f-fa8c-7373-bce5-caabe51dbde0,s,D,QB12,19,4,UVH11s,27,0.07,3150000.0,3.15,538,1024,0.525390625
01a0a58f-fa8c-7373-bce5-caabe51dbde0,s,D,QB12,19,4,UVH11s,28,0.07,3600000.0,3.6,539,1024,0.5263671875
01a0a58f-fa8c-7373-bce5-caabe51dbde0,s,D,QB12,19,4,UVH11s,29,0.07,4050000.0,4.05,544,1024,0.53125
01a0a58f-fa8c-7373-bce5-caabe51dbde0,s,D,QB12,19,4,UVH11s,30,0.07,4500000.0,4.5,506,1024,0.494140625
01a0a58f-fa8c-7373-bce5-caabe51dbde0,s,D,QB12,19,4,UVH11s,31,0.07,4950000.0,4.95,487,1024,0.4755859375
01a0a58f-fa8c-7373-bce5-caabe51dbde0,s,D,QB12,19,4,UVH11s,32,0.07,5400000.0,5.4,461,1024,0.4501953125
01a0a58f-fa8c-7373-bce5-caabe51dbde0,s,D,QB12,19,4,UVH11s,33,0.07,5850000.0,5.85,440,1024,0.4296875
01a0a58f-fa8c-7373-bce5-caabe51dbde0,s,D,QB12,19,4,UVH11s,34,0.07,6300000.0,6.3,430,1024,0.419921875
01a0a58f-fa8c-7373-bce5-caabe51dbde0,s,D,QB12,19,4,UVH11s,35,0.07,6750000.0,6.75,416,1024,0.40625
01a0a58f-fa8c-7373-bce5-caabe51dbde0,s,D,QB12,19,4,UVH11s,36,0.07,7200000.0,7.2,369,1024,0.3603515625
01a0a58f-fa8c-7373-bce5-caabe51dbde0,s,D,QB12,19,4,UVH11s,37,0.07,7650000.0,7.65,381,1024,0.3720703125
01a0a58f-fa8c-7373-bce5-caabe51dbde0,s,D,QB12,19,4,UVH11s,38,0.07,8100000.0,8.1,364,1024,0.35546875
01a0a58f-fa8c-7373-bce5-caabe51dbde0,s,D,QB12,19,4,UVH11s,39,0.07,8550000.0,8.55,369,1024,0.3603515625
01a0a58f-fa8c-7373-bce5-caabe51dbde0,s,D,QB12,19,4,UVH11s,40,0.07,9000000.0,9.0,355,1024,0.3466796875
01a0a58f-fa8c-7373-bce5-caabe51dbde0,s,D,QB12,19,5,UVH13s,0,0.07,-9000000.0,-9.0,617,1024,0.6025390625
01a0a58f-fa8c-7373-bce5-caabe51dbde0,s,D,QB12,19,5,UVH13s,1,0.07,-8550000.0,-8.55,575,1024,0.5615234375
01a0a58f-fa8c-7373-bce5-caabe51dbde0,s,D,QB12,19,5,UVH13s,2,0.07,-8100000.0,-8.1,599,1024,0.5849609375
01a0a58f-fa8c-7373-bce5-caabe51dbde0,s,D,QB12,19,5,UVH13s,3,0.07,-7650000.0,-7.65,561,1024,0.5478515625
01a0a58f-fa8c-7373-bce5-caabe51dbde0,s,D,QB12,19,5,UVH13s,4,0.07,-7200000.0,-7.2,554,1024,0.541015625
01a0a58f-fa8c-7373-bce5-caabe51dbde0,s,D,QB12,19,5,UVH13s,5,0.07,-6750000.0,-6.75,546,1024,0.533203125
01a0a58f-fa8c-7373-bce5-caabe51dbde0,s,D,QB12,19,5,UVH13s,6,0.07,-6300000.0,-6.3,552,1024,0.5390625
01a0a58f-fa8c-7373-bce5-caabe51dbde0,s,D,QB12,19,5,UVH13s,7,0.07,-5850000.0,-5.85,541,1024,0.5283203125
01a0a58f-fa8c-7373-bce5-caabe51dbde0,s,D,QB12,19,5,UVH13s,8,0.07,-5400000.0,-5.4,544,1024,0.53125
01a0a58f-fa8c-7373-bce5-caabe51dbde0,s,D,QB12,19,5,UVH13s,9,0.07,-4950000.0,-4.95,564,1024,0.55078125
01a0a58f-fa8c-7373-bce5-caabe51dbde0,s,D,QB12,19,5,UVH13s,10,0.07,-4500000.0,-4.5,559,1024,0.5458984375
01a0a58f-fa8c-7373-bce5-caabe51dbde0,s,D,QB12,19,5,UVH13s,11,0.07,-4050000.0,-4.05,526,1024,0.513671875
01a0a58f-fa8c-7373-bce5-caabe51dbde0,s,D,QB12,19,5,UVH13s,12,0.07,-3600000.0,-3.6,542,1024,0.529296875
01a0a58f-fa8c-7373-bce5-caabe51dbde0,s,D,QB12,19,5,UVH13s,13,0.07,-3150000.0,-3.15,563,1024,0.5498046875
01a0a58f-fa8c-7373-bce5-caabe51dbde0,s,D,QB12,19,5,UVH13s,14,0.07,-2700000.0,-2.7,550,1024,0.537109375
01a0a58f-fa8c-7373-bce5-caabe51dbde0,s,D,QB12,19,5,UVH13s,15,0.07,-2250000.0,-2.25,571,1024,0.5576171875
01a0a58f-fa8c-7373-bce5-caabe51dbde0,s,D,QB12,19,5,UVH13s,16,0.07,-1800000.0,-1.8,555,1024,0.5419921875
01a0a58f-fa8c-7373-bce5-caabe51dbde0,s,D,QB12,19,5,UVH13s,17,0.07,-1350000.0,-1.35,538,1024,0.525390625
01a0a58f-fa8c-7373-bce5-caabe51dbde0,s,D,QB12,19,5,UVH13s,18,0.07,-900000.0,-0.9,525,1024,0.5126953125
01a0a58f-fa8c-7373-bce5-caabe51dbde0,s,D,QB12,19,5,UVH13s,19,0.07,-450000.0,-0.45,521,1024,0.5087890625
01a0a58f-fa8c-7373-bce5-caabe51dbde0,s,D,QB12,19,5,UVH13s,20,0.07,0.0,0.0,550,1024,0.537109375
01a0a58f-fa8c-7373-bce5-caabe51dbde0,s,D,QB12,19,5,UVH13s,21,0.07,450000.0,0.45,504,1024,0.4921875
01a0a58f-fa8c-7373-bce5-caabe51dbde0,s,D,QB12,19,5,UVH13s,22,0.07,900000.0,0.9,482,1024,0.470703125
01a0a58f-fa8c-7373-bce5-caabe51dbde0,s,D,QB12,19,5,UVH13s,23,0.07,1350000.0,1.35,463,1024,0.4521484375
01a0a58f-fa8c-7373-bce5-caabe51dbde0,s,D,QB12,19,5,UVH13s,24,0.07,1800000.0,1.8,463,1024,0.4521484375
01a0a58f-fa8c-7373-bce5-caabe51dbde0,s,D,QB12,19,5,UVH13s,25,0.07,2250000.0,2.25,459,1024,0.4482421875
01a0a58f-fa8c-7373-bce5-caabe51dbde0,s,D,QB12,19,5,UVH13s,26,0.07,2700000.0,2.7,454,1024,0.443359375
01a0a58f-fa8c-7373-bce5-caabe51dbde0,s,D,QB12,19,5,UVH13s,27,0.07,3150000.0,3.15,449,1024,0.4384765625
01a0a58f-fa8c-7373-bce5-caabe51dbde0,s,D,QB12,19,5,UVH13s,28,0.07,3600000.0,3.6,429,1024,0.4189453125
01a0a58f-fa8c-7373-bce5-caabe51dbde0,s,D,QB12,19,5,UVH13s,29,0.07,4050000.0,4.05,485,1024,0.4736328125
01a0a58f-fa8c-7373-bce5-caabe51dbde0,s,D,QB12,19,5,UVH13s,30,0.07,4500000.0,4.5,457,1024,0.4462890625
01a0a58f-fa8c-7373-bce5-caabe51dbde0,s,D,QB12,19,5,UVH13s,31,0.07,4950000.0,4.95,514,1024,0.501953125
01a0a58f-fa8c-7373-bce5-caabe51dbde0,s,D,QB12,19,5,UVH13s,32,0.07,5400000.0,5.4,522,1024,0.509765625
01a0a58f-fa8c-7373-bce5-caabe51dbde0,s,D,QB12,19,5,UVH13s,33,0.07,5850000.0,5.85,507,1024,0.4951171875
01a0a58f-fa8c-7373-bce5-caabe51dbde0,s,D,QB12,19,5,UVH13s,34,0.07,6300000.0,6.3,529,1024,0.5166015625
01a0a58f-fa8c-7373-bce5-caabe51dbde0,s,D,QB12,19,5,UVH13s,35,0.07,6750000.0,6.75,582,1024,0.568359375
01a0a58f-fa8c-7373-bce5-caabe51dbde0,s,D,QB12,19,5,UVH13s,36,0.07,7200000.0,7.2,556,1024,0.54296875
01a0a58f-fa8c-7373-bce5-caabe51dbde0,s,D,QB12,19,5,UVH13s,37,0.07,7650000.0,7.65,529,1024,0.5166015625
01a0a58f-fa8c-7373-bce5-caabe51dbde0,s,D,QB12,19,5,UVH13s,38,0.07,8100000.0,8.1,554,1024,0.541015625
01a0a58f-fa8c-7373-bce5-caabe51dbde0,s,D,QB12,19,5,UVH13s,39,0.07,8550000.0,8.55,548,1024,0.53515625
01a0a58f-fa8c-7373-bce5-caabe51dbde0,s,D,QB12,19,5,UVH13s,40,0.07,9000000.0,9.0,515,1024,0.5029296875
